Timestamp,V_Meas(Avg),V_Pred(EKF),SoC_CC(%),SoC_EKF(%),dt
19:20:48,3.216,3.274448,67.19448566,50.55971,1
19:20:49,3.216,3.218093,67.18860865,50.54472089,1
19:20:50,3.216,3.217813,67.18273,50.53087473,1
19:20:51,3.216,3.217832,67.17685461,50.51554441,1
19:20:52,3.216,3.217872,67.17097759,50.49976707,1
19:20:53,3.216,3.217899,67.16510057,50.48370957,1
19:20:54,3.216,3.217914,67.15922356,50.46807528,1
19:20:55,3.216,3.217921,67.15334654,50.45149922,1
19:20:56,3.216,3.217925,67.14746952,50.43560863,1
19:20:57,3.216,3.217927,67.1415925,50.4189074,1
19:20:58,3.216,3.217927,67.13571548,50.40237904,1
19:20:59,3.216,3.217927,67.12983847,50.38651824,1
19:21:00,3.216,3.217927,67.12396145,50.37041903,1
19:21:01,3.216,3.217926,67.11808443,50.35362,1
19:21:02,3.216,3.217926,67.11220741,50.33705235,1
19:21:03,3.216,3.217926,67.10633039,50.3205955,1
19:21:04,3.216,3.217925,67.10045338,50.30477643,1
19:21:05,3.216,3.217924,67.09457636,50.28870702,1
19:21:06,3.216,3.217924,67.0887,50.27193427,1
19:21:07,3.216,3.217924,67.08282232,50.25538206,1
19:21:08,3.216,3.217923,67.0769453,50.23952127,1
19:21:09,3.216,3.217923,67.07106829,50.22286177,1
19:21:10,3.216,3.217922,67.06519127,50.20695329,1
19:21:11,3.216,3.217921,67.05931425,50.19026995,1
19:21:12,3.216,3.217921,67.05343723,50.17377138,1
19:21:13,3.216,3.21792,67.04756021,50.15736818,1
19:21:14,3.216,3.21792,67.0416832,50.14159083,1
19:21:15,3.216,3.217919,67.03580618,50.12556314,1
19:21:16,3.216,3.217919,67.02992916,50.10883212,1
19:21:17,3.216,3.217918,67.02405214,50.09232163,1
19:21:18,3.216,3.217918,67.01817513,50.0764966,1
19:21:19,3.216,3.217917,67.01229811,50.06045103,1
19:21:20,3.216,3.217917,67.00642109,50.04372001,1
19:21:21,3.216,3.217916,67.00054407,50.02721548,1
19:21:22,3.216,3.217916,66.99467,50.01140237,1
19:21:23,3.216,3.217915,66.98879004,49.99536574,1
19:21:24,3.216,3.217915,66.98291302,49.97864962,1
19:21:25,3.216,3.217914,66.977036,49.96215701,1
19:21:26,3.216,3.217914,66.97115898,49.94635582,1
19:21:27,3.216,3.217913,66.96528196,49.93033409,1
19:21:28,3.216,3.217913,66.95940495,49.91362691,1
19:21:29,3.216,3.217912,66.95352793,49.89714622,1
19:21:30,3.216,3.217912,66.94765091,49.88135695,1
19:21:31,3.216,3.217911,66.94177389,49.86535013,1
19:21:32,3.216,3.217911,66.93589687,49.84865785,1
19:21:33,3.216,3.21791,66.93001986,49.83276725,1
19:21:34,3.216,3.21791,66.92414284,49.81614053,1
19:21:35,3.216,3.217909,66.91826582,49.8002857,1
19:21:36,3.216,3.217909,66.9123888,49.78367686,1
19:21:37,3.216,3.217908,66.90651178,49.76783395,1
19:21:38,3.216,3.217908,66.90063,49.75181222,1
19:21:39,3.216,3.217907,66.89475775,49.73512888,1
19:21:40,3.216,3.217907,66.88888073,49.71868098,1
19:21:41,3.216,3.217906,66.88300371,49.70292449,1
19:21:42,3.216,3.217906,66.87712669,49.68637824,1
19:21:43,3.216,3.217905,66.87124968,49.67000186,1
19:21:44,3.216,3.217904,66.86537266,49.6537149,1
19:21:45,3.216,3.217904,66.85949564,49.63747263,1
19:21:46,3.216,3.217904,66.85361862,49.62125421,1
19:21:47,3.216,3.217903,66.8477416,49.6050477,1
19:21:48,3.216,3.217903,66.84186459,49.58885014,1
19:21:49,3.216,3.217902,66.83598757,49.57323,1
19:21:50,3.216,3.217901,66.83011055,49.55676794,1
19:21:51,3.216,3.217901,66.82423353,49.54102039,1
19:21:52,3.216,3.217901,66.81835651,49.52507,1
19:21:53,3.216,3.2179,66.8124795,49.50844646,1
19:21:54,3.216,3.2179,66.8066,49.4926244,1
19:21:55,3.216,3.217899,66.80072546,49.47664142,1
19:21:56,3.216,3.217899,66.79484844,49.46000874,1
19:21:57,3.216,3.217898,66.78897142,49.44361448,1
19:21:58,3.216,3.217897,66.78309441,49.42734241,1
19:21:59,3.216,3.217897,66.77721739,49.41112995,1
19:22:00,3.216,3.217897,66.77134037,49.39495027,1
19:22:01,3.216,3.217896,66.76546335,49.37936068,1
19:22:02,3.216,3.217896,66.75958633,49.36293364,1
19:22:03,3.216,3.217895,66.75370932,49.34722185,1
19:22:04,3.216,3.217895,66.7478323,49.33131039,1
19:22:05,3.216,3.217894,66.74195528,49.31530058,1
19:22:06,3.216,3.217894,66.73607826,49.29867089,1
19:22:07,3.216,3.217893,66.73020124,49.28229749,1
19:22:08,3.216,3.217893,66.72432423,49.26604927,1
19:22:09,3.216,3.217892,66.71844721,49.2498666,1
19:22:10,3.216,3.217891,66.71257,49.23371971,1
19:22:11,3.216,3.217891,66.70669317,49.21815991,1
19:22:12,3.216,3.217891,66.70081615,49.20176566,1
19:22:13,3.216,3.21789,66.69493914,49.18552041,1
19:22:14,3.216,3.217889,66.68906212,49.16935,1
19:22:15,3.216,3.217889,66.6831851,49.15321469,1
19:22:16,3.216,3.217889,66.67730808,49.1376698,1
19:22:17,3.216,3.217888,66.67143106,49.12129343,1
19:22:18,3.216,3.217888,66.66555405,49.10506308,1
19:22:19,3.216,3.217887,66.65967703,49.08890724,1
19:22:20,3.216,3.217887,66.65380001,49.07279015,1
19:22:21,3.216,3.217886,66.64792299,49.05726016,1
19:22:22,3.216,3.217886,66.64204597,49.04090166,1
19:22:23,3.216,3.217885,66.63616896,49.0246892,1
19:22:24,3.216,3.217885,66.63029194,49.00855124,1
19:22:25,3.216,3.217884,66.62441492,48.99244905,1
19:22:26,3.216,3.217884,66.61854,48.97693694,1
19:22:27,3.216,3.217883,66.61266088,48.96059334,1
19:22:28,3.216,3.217883,66.60678387,48.94439578,1
19:22:29,3.216,3.217882,66.60090685,48.9282757,1
19:22:30,3.216,3.217881,66.59502983,48.91275764,1
19:22:31,3.216,3.217881,66.58915281,48.89642,1
19:22:32,3.216,3.217881,66.58327579,48.88023138,1
19:22:33,3.216,3.21788,66.57739878,48.86412024,1
19:22:34,3.216,3.21788,66.57152176,48.8486141,1
19:22:35,3.216,3.217879,66.56564474,48.83285463,1
19:22:36,3.216,3.217879,66.55976772,48.81697297,1
19:22:37,3.216,3.217878,66.55389071,48.80047,1
19:22:38,3.216,3.217877,66.54801369,48.7842083,1
19:22:39,3.216,3.217877,66.54213667,48.76807332,1
19:22:40,3.216,3.217877,66.53625965,48.75199795,1
19:22:41,3.216,3.217876,66.53038263,48.7365216,1
19:22:42,3.216,3.217876,66.52451,48.72022271,1
19:22:43,3.216,3.217875,66.5186286,48.70407283,1
19:22:44,3.216,3.217875,66.51275158,48.6885637,1
19:22:45,3.215,3.217874,66.50687456,48.66669476,1
19:22:46,3.216,3.21739,66.50099754,48.65320027,1
19:22:47,3.216,3.217633,66.49512053,48.63844,1
19:22:48,3.216,3.217754,66.48924351,48.6230582,1
19:22:49,3.216,3.217813,66.48336649,48.60737324,1
19:22:50,3.216,3.217842,66.47748947,48.59209359,1
19:22:51,3.216,3.217857,66.47161245,48.57647717,1
19:22:52,3.216,3.217864,66.46573544,48.5601306,1
19:22:53,3.216,3.217866,66.45985842,48.54397476,1
19:22:54,3.216,3.217868,66.4539814,48.52791429,1
19:22:55,3.216,3.217868,66.44810438,48.51246774,1
19:22:56,3.216,3.217869,66.44222736,48.49677086,1
19:22:57,3.216,3.217868,66.43635035,48.48095775,1
19:22:58,3.216,3.217868,66.43047,48.46452475,1
19:22:59,3.216,3.217867,66.42459631,48.44889641,1
19:23:00,3.216,3.217867,66.41871929,48.43255877,1
19:23:01,3.216,3.217866,66.41284227,48.4169811,1
19:23:02,3.216,3.217866,66.40696526,48.40067029,1
19:23:03,3.216,3.217865,66.40108824,48.38455021,1
19:23:04,3.216,3.217865,66.39521122,48.36908579,1
19:23:05,3.216,3.217865,66.3893342,48.35283756,1
19:23:06,3.216,3.217864,66.38345718,48.33675027,1
19:23:07,3.216,3.217863,66.37758017,48.32130671,1
19:23:08,3.216,3.217863,66.37170315,48.30563366,1
19:23:09,3.216,3.217862,66.36582613,48.28929007,1
19:23:10,3.216,3.217862,66.35994911,48.27372432,1
19:23:11,3.216,3.217861,66.35407209,48.25743735,1
19:23:12,3.215,3.217861,66.34819508,48.23585153,1
19:23:13,3.216,3.217376,66.34231806,48.22289944,1
19:23:14,3.216,3.21762,66.33644,48.20850194,1
19:23:15,3.215,3.21774,66.33056402,48.18722606,1
19:23:16,3.216,3.217316,66.324687,48.17450345,1
19:23:17,3.216,3.217589,66.31880999,48.16021919,1
19:23:18,3.216,3.217724,66.31293297,48.14463,1
19:23:19,3.216,3.217791,66.30705595,48.12941551,1
19:23:20,3.215,3.217824,66.30117893,48.10774028,1
19:23:21,3.215,3.217356,66.29530191,48.08892906,1
19:23:22,3.215,3.217124,66.2894249,48.07150066,1
19:23:23,3.216,3.217008,66.28354788,48.06047082,1
19:23:24,3.215,3.217435,66.27767086,48.04109335,1
19:23:25,3.215,3.217162,66.27179384,48.02405238,1
19:23:26,3.216,3.217027,66.26591682,48.01276326,1
19:23:27,3.215,3.217443,66.26003981,47.99388647,1
19:23:28,3.215,3.217165,66.25416279,47.97577858,1
19:23:29,3.215,3.217027,66.24828577,47.95871973,1
19:23:30,3.215,3.216959,66.24241,47.94216752,1
19:23:31,3.215,3.216925,66.23653173,47.92644382,1
19:23:32,3.215,3.216907,66.23065472,47.91056514,1
19:23:33,3.215,3.216899,66.2247777,47.89460897,1
19:23:34,3.215,3.216894,66.21890068,47.87804782,1
19:23:35,3.215,3.216891,66.21302366,47.86231816,1
19:23:36,3.215,3.21689,66.20714664,47.84587622,1
19:23:37,3.215,3.216889,66.20126963,47.83020616,1
19:23:38,3.215,3.216888,66.19539261,47.81436324,1
19:23:39,3.215,3.216887,66.18951559,47.79843688,1
19:23:40,3.215,3.216887,66.18363857,47.78247178,1
19:23:41,3.215,3.216887,66.17776155,47.76592,1
19:23:42,3.215,3.216886,66.17188454,47.75020778,1
19:23:43,3.215,3.216886,66.16600752,47.73434997,1
19:23:44,3.215,3.216885,66.1601305,47.7184236,1
19:23:45,3.215,3.216884,66.15425348,47.7019012,1
19:23:46,3.215,3.216884,66.14838,47.68563807,1
19:23:47,3.215,3.216883,66.14249945,47.66951,1
19:23:48,3.215,3.216883,66.13662243,47.65343964,1
19:23:49,3.215,3.216882,66.13074541,47.63797224,1
19:23:50,3.215,3.216882,66.12486839,47.62168527,1
19:23:51,3.215,3.216882,66.11899137,47.60554731,1
19:23:52,3.215,3.216881,66.11311436,47.5900501,1
19:23:53,3.215,3.216881,66.10723734,47.57375419,1
19:23:54,3.215,3.21688,66.10136032,47.55761623,1
19:23:55,3.215,3.216879,66.0954833,47.54212499,1
19:23:56,3.215,3.216879,66.08960629,47.52583802,1
19:23:57,3.215,3.216878,66.08372927,47.509709,1
19:23:58,3.215,3.216878,66.07785225,47.49422371,1
19:23:59,3.215,3.216878,66.07197523,47.47794569,1
19:24:00,3.215,3.216877,66.06609821,47.46182859,1
19:24:01,3.215,3.216877,66.0602212,47.44635522,1
19:24:02,3.215,3.216876,66.05434,47.43008614,1
19:24:03,3.215,3.216876,66.04846716,47.41397798,1
19:24:04,3.215,3.216875,66.04259014,47.39851356,1
19:24:05,3.215,3.216875,66.03671312,47.38281965,1
19:24:06,3.215,3.216874,66.03083611,47.3670125,1
19:24:07,3.215,3.216874,66.02495909,47.3511517,1
19:24:08,3.215,3.216873,66.01908207,47.33526409,1
19:24:09,3.215,3.216873,66.01320505,47.31936455,1
19:24:10,3.215,3.216872,66.00732803,47.30289876,1
19:24:11,3.215,3.216872,66.00145102,47.28670716,1
19:24:12,3.215,3.216871,65.995574,47.27065265,1
19:24:13,3.215,3.216871,65.98969698,47.25522697,1
19:24:14,3.215,3.21687,65.98381996,47.23900557,1
19:24:15,3.215,3.21687,65.97794294,47.22349942,1
19:24:16,3.215,3.216869,65.97206593,47.20724225,1
19:24:17,3.215,3.216869,65.96618891,47.1911639,1
19:24:18,3.215,3.216868,65.96031,47.17573524,1
19:24:19,3.215,3.216868,65.95443487,47.16008008,1
19:24:20,3.215,3.216867,65.94855785,47.14375436,1
19:24:21,3.215,3.216867,65.94268084,47.12820649,1
19:24:22,3.215,3.216866,65.93680382,47.1119374,1
19:24:23,3.215,3.216866,65.9309268,47.09586203,1
19:24:24,3.215,3.216865,65.92504978,47.08044231,1
19:24:25,3.215,3.216865,65.91917276,47.06480205,1
19:24:26,3.215,3.216864,65.91329575,47.04849422,1
19:24:27,3.215,3.216864,65.90741873,47.03240693,1
19:24:28,3.215,3.216863,65.90154171,47.01643,1
19:24:29,3.215,3.216863,65.89566469,47.0005095,1
19:24:30,3.215,3.216862,65.88978767,46.98517621,1
19:24:31,3.215,3.216862,65.88391066,46.96958959,1
19:24:32,3.215,3.216862,65.87803364,46.95331752,1
19:24:33,3.215,3.216861,65.87215662,46.93725705,1
19:24:34,3.215,3.21686,65.86628,46.92186117,1
19:24:35,3.215,3.21686,65.86040258,46.90625072,1
19:24:36,3.215,3.21686,65.85452557,46.88997,1
19:24:37,3.215,3.216859,65.84864855,46.87391818,1
19:24:38,3.215,3.216858,65.84277153,46.85853124,1
19:24:39,3.215,3.216858,65.83689451,46.84292972,1
19:24:40,3.215,3.216857,65.83101749,46.82666659,1
19:24:41,3.214,3.216857,65.82514048,46.80514932,1
19:24:42,3.214,3.216373,65.81926346,46.78642154,1
19:24:43,3.214,3.216132,65.81338644,46.76906168,1
19:24:44,3.214,3.216013,65.80750942,46.75297737,1
19:24:45,3.214,3.215953,65.8016324,46.73633873,1
19:24:46,3.213,3.215924,65.79575539,46.71457708,1
19:24:47,3.213,3.215424,65.78987837,46.6956228,1
19:24:48,3.213,3.215176,65.78400135,46.67804539,1
19:24:49,3.213,3.215053,65.77812433,46.66115046,1
19:24:50,3.213,3.214992,65.77225,46.64519429,1
19:24:51,3.213,3.214962,65.7663703,46.62910998,1
19:24:52,3.213,3.214946,65.76049328,46.6123879,1
19:24:53,3.213,3.214938,65.75461626,46.59592211,1
19:24:54,3.213,3.214934,65.74873924,46.57958448,1
19:24:55,3.212,3.214931,65.74286222,46.55793309,1
19:24:56,3.212,3.214446,65.73698521,46.53892815,1
19:24:57,3.212,3.214205,65.73110819,46.52123153,1
19:24:58,3.212,3.214085,65.72523117,46.50418758,1
19:24:59,3.212,3.214026,65.71935415,46.4874655,1
19:25:00,3.212,3.213996,65.71347713,46.47090435,1
19:25:01,3.212,3.213981,65.70760012,46.45501971,1
19:25:02,3.211,3.213973,65.7017231,46.43369317,1
19:25:03,3.212,3.213485,65.69584608,46.41954601,1
19:25:04,3.212,3.213727,65.68996906,46.4042455,1
19:25:05,3.211,3.213846,65.68409204,46.3829875,1
19:25:06,3.211,3.213421,65.67822,46.36409283,1
19:25:07,3.211,3.21321,65.67233801,46.34636343,1
19:25:08,3.211,3.213105,65.66646099,46.32921,1
19:25:09,3.211,3.213053,65.66058397,46.31234705,1
19:25:10,3.211,3.213027,65.65470695,46.29562795,1
19:25:11,3.211,3.213013,65.64882994,46.27898037,1
19:25:12,3.21,3.213007,65.64295292,46.25702,1
19:25:13,3.21,3.212519,65.6370759,46.23842537,1
19:25:14,3.21,3.212277,65.63119888,46.22004032,1
19:25:15,3.21,3.212156,65.62532187,46.20312452,1
19:25:16,3.21,3.212096,65.61944485,46.18566036,1
19:25:17,3.21,3.212066,65.61356783,46.16916776,1
19:25:18,3.21,3.212051,65.60769081,46.15193605,1
19:25:19,3.21,3.212043,65.60181379,46.13494277,1
19:25:20,3.21,3.212039,65.59593678,46.11807,1
19:25:21,3.21,3.212037,65.59005976,46.10125721,1
19:25:22,3.21,3.212035,65.58418,46.08508646,1
19:25:23,3.21,3.212034,65.57830572,46.06802762,1
19:25:24,3.21,3.212034,65.5724287,46.05112672,1
19:25:25,3.209,3.212033,65.56655169,46.02983892,1
19:25:26,3.209,3.211549,65.56067467,46.01069093,1
19:25:27,3.209,3.211308,65.55479765,45.99196017,1
19:25:28,3.209,3.211188,65.54892063,45.97414732,1
19:25:29,3.209,3.211129,65.54304361,45.95741928,1
19:25:30,3.209,3.211099,65.5371666,45.94059587,1
19:25:31,3.209,3.211084,65.53128958,45.92310488,1
19:25:32,3.209,3.211076,65.52541256,45.90652287,1
19:25:33,3.209,3.211072,65.51953554,45.88978291,1
19:25:34,3.209,3.21107,65.51365852,45.87296546,1
19:25:35,3.209,3.211069,65.50778151,45.85610926,1
19:25:36,3.209,3.211068,65.50190449,45.83861828,1
19:25:37,3.209,3.211067,65.49602747,45.82204223,1
19:25:38,3.209,3.211066,65.49015,45.80469429,1
19:25:39,3.209,3.211065,65.48427343,45.78819,1
19:25:40,3.209,3.211065,65.47839642,45.77088356,1
19:25:41,3.209,3.211065,65.4725194,45.75440288,1
19:25:42,3.209,3.211064,65.46664238,45.73710859,1
19:25:43,3.209,3.211063,65.46076536,45.72001994,1
19:25:44,3.209,3.211063,65.45488834,45.70303559,1
19:25:45,3.209,3.211062,65.44901133,45.68672,1
19:25:46,3.209,3.211062,65.44313431,45.66951692,1
19:25:47,3.209,3.211061,65.43725729,45.65247893,1
19:25:48,3.209,3.211061,65.43138027,45.63614726,1
19:25:49,3.209,3.21106,65.42550325,45.61955631,1
19:25:50,3.209,3.21106,65.41962624,45.60284317,1
19:25:51,3.209,3.211059,65.41374922,45.58606744,1
19:25:52,3.209,3.211059,65.4078722,45.56926489,1
19:25:53,3.209,3.211058,65.40199518,45.55245042,1
19:25:54,3.209,3.211058,65.39612,45.53501308,1
19:25:55,3.209,3.211057,65.39024115,45.51849,1
19:25:56,3.209,3.211057,65.38436413,45.50120533,1
19:25:57,3.209,3.211056,65.37848711,45.48414648,1
19:25:58,3.209,3.211055,65.37261009,45.46720088,1
19:25:59,3.209,3.211055,65.36673307,45.45092881,1
19:26:00,3.209,3.211055,65.36085606,45.43438852,1
19:26:02,3.209,3.211054,65.35497904,45.41710317,1
19:26:02,3.209,3.211054,65.34910202,45.40066719,1
19:26:03,3.209,3.211053,65.343225,45.38343549,1
19:26:04,3.209,3.211052,65.33734798,45.36641538,1
19:26:05,3.209,3.211052,65.33147097,45.35011649,1
19:26:06,3.209,3.211051,65.32559395,45.33357322,1
19:26:07,3.209,3.211051,65.31971693,45.31629682,1
19:26:08,3.209,3.211051,65.31383991,45.29987574,1
19:26:09,3.209,3.21105,65.30796289,45.2826649,1
19:26:10,3.209,3.211049,65.30209,45.26566267,1
19:26:11,3.209,3.211049,65.29620886,45.24938464,1
19:26:12,3.209,3.211048,65.29033184,45.23286223,1
19:26:13,3.209,3.211048,65.28445482,45.21561,1
19:26:14,3.209,3.211047,65.2785778,45.19858956,1
19:26:15,3.209,3.211047,65.27270079,45.18169463,1
19:26:16,3.209,3.211046,65.26682377,45.1654762,1
19:26:17,3.209,3.211046,65.26094675,45.14838159,1
19:26:18,3.209,3.211045,65.25506973,45.13145387,1
19:26:19,3.209,3.211045,65.24919271,45.11522055,1
19:26:20,3.209,3.211044,65.2433157,45.0987339,1
19:26:21,3.209,3.211044,65.23743868,45.08151114,1
19:26:22,3.209,3.211043,65.23156166,45.0645268,1
19:26:23,3.209,3.211042,65.22568464,45.04827559,1
19:26:24,3.209,3.211042,65.21980762,45.03178895,1
19:26:25,3.209,3.211041,65.21393061,45.01457512,1
19:26:26,3.209,3.211041,65.20805,44.99759972,1
19:26:27,3.209,3.211041,65.20217657,44.98135746,1
19:26:28,3.209,3.21104,65.19629955,44.96488273,1
19:26:29,3.209,3.211039,65.19042253,44.94768083,1
19:26:30,3.209,3.211039,65.18454552,44.93072033,1
19:26:31,3.209,3.211038,65.1786685,44.91449296,1
19:26:32,3.209,3.211038,65.17279148,44.89803016,1
19:26:33,3.209,3.211037,65.16691446,44.88084316,1
19:26:34,3.209,3.211037,65.16103745,44.86389756,1
19:26:35,3.209,3.211036,65.15516043,44.84768212,1
19:26:36,3.209,3.211036,65.14928341,44.83123124,1
19:26:37,3.209,3.211035,65.14340639,44.81405616,1
19:26:38,3.209,3.211035,65.13752937,44.79712248,1
19:26:39,3.209,3.211034,65.13165236,44.78092,1
19:26:40,3.209,3.211034,65.12577534,44.76387799,1
19:26:41,3.209,3.211033,65.11989832,44.74701285,1
19:26:42,3.209,3.211033,65.11402,44.73024011,1
19:26:43,3.209,3.211032,65.10814428,44.71412599,1
19:26:44,3.209,3.211032,65.10226727,44.69712973,1
19:26:45,3.209,3.211031,65.09639025,44.68090832,1
19:26:46,3.209,3.211031,65.09051323,44.66447234,1
19:26:47,3.209,3.21103,65.08463621,44.64732409,1
19:26:48,3.209,3.21103,65.07875919,44.63042319,1
19:26:49,3.209,3.211029,65.07288218,44.61364448,1
19:26:50,3.209,3.211029,65.06700516,44.59753633,1
19:26:51,3.209,3.211028,65.06112814,44.58055794,1
19:26:52,3.209,3.211028,65.05525112,44.56435442,1
19:26:53,3.209,3.211027,65.0493741,44.54794,1
19:26:54,3.209,3.211027,65.04349709,44.53081489,1
19:26:55,3.209,3.211026,65.03762007,44.5145458,1
19:26:56,3.209,3.211025,65.03174305,44.49810386,1
19:26:57,3.209,3.211025,65.02586603,44.48097348,1
19:26:58,3.209,3.211025,65.01999,44.46409345,1
19:26:59,3.209,3.211024,65.014112,44.44794953,1
19:27:00,3.209,3.211023,65.00823498,44.43097115,1
19:27:01,3.209,3.211023,65.00235796,44.41477954,1
19:27:02,3.209,3.211022,64.99648094,44.39838827,1
19:27:03,3.209,3.211022,64.99060392,44.38189566,1
19:27:04,3.209,3.211021,64.98472691,44.36475337,1
19:27:05,3.209,3.211021,64.97884989,44.34788227,1
19:27:06,3.209,3.21102,64.97297287,44.33175325,1
19:27:07,3.209,3.21102,64.96709585,44.31479573,1
19:27:08,3.209,3.21102,64.96121883,44.29862499,1
19:27:09,3.209,3.211019,64.95534182,44.28225458,1
19:27:10,3.209,3.211019,64.9494648,44.26578581,1
19:27:11,3.209,3.211018,64.94358778,44.24866736,1
19:27:12,3.209,3.211017,64.93771076,44.23182011,1
19:27:13,3.209,3.211017,64.93183374,44.21571195,1
19:27:14,3.209,3.211016,64.92596,44.19877827,1
19:27:15,3.209,3.211016,64.92007971,44.18263137,1
19:27:16,3.209,3.211015,64.91420269,44.16568279,1
19:27:17,3.209,3.211015,64.90832567,44.14952993,1
19:27:18,3.209,3.211014,64.90244865,44.13318336,1
19:27:19,3.209,3.211014,64.89657164,44.1167444,1
19:27:20,3.209,3.211014,64.89069462,44.09965575,1
19:27:21,3.209,3.211013,64.8848176,44.0828383,1
19:27:22,3.208,3.211012,64.87894058,44.06079054,1
19:27:23,3.209,3.210527,64.87306356,44.04676259,1
19:27:24,3.209,3.210771,64.86718655,43.98603,1
19:27:25,3.209,3.210888,64.86130953,43.68860424,1
19:27:26,3.209,3.210474,64.85543251,43.34340394,1
19:27:27,3.208,3.210377,64.84955549,43.07695031,1
19:27:28,3.209,3.210015,64.84367847,43.01113188,1
19:27:29,3.208,3.210438,64.83780146,42.91945696,1
19:27:31,3.208,3.210163,64.83192,42.86263287,1
19:27:31,3.208,3.210035,64.82604742,42.82048643,1
19:27:32,3.208,3.209974,64.8201704,42.78500676,1
19:27:33,3.208,3.209944,64.81429338,42.75270998,1
19:27:34,3.208,3.209929,64.80841637,42.72195101,1
19:27:35,3.208,3.209922,64.80253935,42.69195497,1
19:27:36,3.208,3.209917,64.79666233,42.66234636,1
19:27:37,3.208,3.209915,64.79078531,42.63266623,1
19:27:38,3.208,3.209913,64.78490829,42.60322452,1
19:27:39,3.208,3.209911,64.77903128,42.57417917,1
19:27:40,3.208,3.209909,64.77315426,42.5450772,1
19:27:41,3.208,3.209908,64.76727724,42.51595736,1
19:27:42,3.208,3.209907,64.76140022,42.48683751,1
19:27:43,3.208,3.209905,64.7555232,42.4577266,1
19:27:44,3.208,3.209904,64.74964619,42.42863059,1
19:27:45,3.208,3.209903,64.74376917,42.39955246,1
19:27:46,3.208,3.209902,64.73789,42.37022698,1
19:27:47,3.208,3.2099,64.73201513,42.34131873,1
19:27:48,3.208,3.209899,64.72613811,42.31210053,1
19:27:50,3.208,3.209898,64.7202611,42.28325486,1
19:27:51,3.208,3.209896,64.71438408,42.25435,1
19:27:51,3.208,3.209895,64.70850706,42.22517,1
19:27:52,3.208,3.209893,64.70263004,42.19637811,1
19:27:53,3.208,3.209892,64.69675303,42.16752946,1
19:27:54,3.208,3.209891,64.69087601,42.13866293,1
19:27:55,3.208,3.209889,64.68499899,42.10980535,1
19:27:56,3.208,3.209888,64.67912197,42.08095372,1
19:27:57,3.208,3.209887,64.67324495,42.05211401,1
19:27:58,3.208,3.209886,64.66736794,42.02329516,1
19:27:59,3.208,3.209884,64.66149092,41.9942379,1
19:28:00,3.208,3.209883,64.6556139,41.96558297,1
19:28:01,3.208,3.209882,64.64973688,41.93688333,1
19:28:02,3.208,3.20988,64.64386,41.90817773,1
19:28:03,3.208,3.209879,64.63798285,41.87947512,1
19:28:04,3.208,3.209878,64.63210583,41.85078144,1
19:28:05,3.208,3.209876,64.62622881,41.82211161,1
19:28:06,3.208,3.209875,64.62035179,41.79345369,1
19:28:07,3.208,3.209873,64.61447477,41.76481664,1
19:28:08,3.207,3.209872,64.60859776,41.72405303,1
19:28:09,3.207,3.209386,64.60272074,41.68919623,1
19:28:10,3.207,3.209145,64.59684372,41.65726602,1
19:28:11,3.207,3.209025,64.5909667,41.62679613,1
19:28:12,3.207,3.208965,64.58508968,41.59705937,1
19:28:13,3.207,3.208934,64.57921267,41.56769514,1
19:28:14,3.207,3.208918,64.57333565,41.53826833,1
19:28:15,3.207,3.20891,64.56745863,41.50933027,1
19:28:16,3.206,3.208905,64.56158161,41.46827459,1
19:28:17,3.206,3.208417,64.55570459,41.43308997,1
19:28:18,3.206,3.208175,64.54983,41.40082598,1
19:28:19,3.206,3.208054,64.54395056,41.37001336,1
19:28:20,3.206,3.207994,64.53807354,41.33993089,1
19:28:21,3.206,3.207963,64.53219652,41.31022394,1
19:28:22,3.205,3.207948,64.5263195,41.26817584,1
19:28:23,3.205,3.207454,64.52044249,41.23266637,1
19:28:24,3.205,3.20721,64.51456547,41.20002985,1
19:28:25,3.205,3.207088,64.50868845,41.16883874,1
19:28:26,3.205,3.207027,64.50281143,41.13836884,1
19:28:27,3.204,3.206996,64.49693441,41.09614193,1
19:28:28,3.204,3.206496,64.4910574,41.05997,1
19:28:29,3.204,3.206248,64.48518038,41.02681279,1
19:28:30,3.204,3.206124,64.47930336,40.99487066,1
19:28:31,3.204,3.206063,64.47342634,40.96409082,1
19:28:32,3.204,3.206031,64.46754932,40.93362391,1
19:28:33,3.204,3.206015,64.46167231,40.90332389,1
19:28:34,3.204,3.206007,64.4558,40.87311625,1
19:28:35,3.204,3.206001,64.44991827,40.84270298,1
19:28:36,3.204,3.205998,64.44404125,40.81271589,1
19:28:37,3.204,3.205996,64.43816423,40.78269303,1
19:28:38,3.204,3.205994,64.43228722,40.75240493,1
19:28:39,3.203,3.205992,64.4264102,40.7104522,1
19:28:40,3.203,3.205507,64.42053318,40.67426026,1
19:28:41,3.203,3.205266,64.41465616,40.64094126,1
19:28:42,3.203,3.205146,64.40877914,40.6087786,1
19:28:43,3.203,3.205086,64.40290213,40.57774842,1
19:28:44,3.203,3.205055,64.39702511,40.54701626,1
19:28:45,3.203,3.20504,64.39114809,40.51643908,1
19:28:46,3.203,3.205031,64.38527107,40.48595,1
19:28:47,3.203,3.205026,64.37939405,40.45552313,1
19:28:48,3.203,3.205023,64.37351704,40.42512476,1
19:28:49,3.203,3.205021,64.36764002,40.39475918,1
19:28:50,3.202,3.205019,64.36176,40.35191238,1
19:28:51,3.202,3.204534,64.35588598,40.31549394,1
19:28:52,3.202,3.204293,64.35000896,40.28190672,1
19:28:53,3.202,3.204173,64.34413195,40.24973512,1
19:28:54,3.202,3.204113,64.33825493,40.2180016,1
19:28:55,3.202,3.204082,64.33237791,40.18702805,1
19:28:56,3.202,3.204067,64.32650089,40.15591145,1
19:28:57,3.202,3.204058,64.32062387,40.12525976,1
19:28:58,3.202,3.204053,64.31474686,40.09459317,1
19:28:59,3.202,3.20405,64.30886984,40.06392658,1
19:29:00,3.202,3.204048,64.30299282,40.03326893,1
19:29:01,3.202,3.204046,64.2971158,40.00262618,1
19:29:02,3.202,3.204045,64.29123878,39.97173905,1
19:29:03,3.202,3.204043,64.28536177,39.94100094,1
19:29:04,3.202,3.204041,64.27948475,39.91060555,1
19:29:05,3.202,3.20404,64.27360773,39.88013268,1
19:29:06,3.202,3.204039,64.26773,39.84963,1
19:29:07,3.202,3.204037,64.26185369,39.81912732,1
19:29:08,3.202,3.204036,64.25597668,39.78863358,1
19:29:09,3.202,3.204034,64.25009966,39.75815773,1
19:29:10,3.202,3.204033,64.24422264,39.72769976,1
19:29:11,3.202,3.204032,64.23834562,39.69725668,1
19:29:12,3.202,3.20403,64.23246861,39.66683447,1
19:29:13,3.202,3.204029,64.22659159,39.63643312,1
19:29:14,3.202,3.204027,64.22071457,39.60579634,1
19:29:15,3.202,3.204026,64.21483755,39.5755589,1
19:29:16,3.202,3.204025,64.20896053,39.54527974,1
19:29:17,3.202,3.204023,64.20308352,39.51499462,1
19:29:18,3.202,3.204022,64.1972065,39.4847095,1
19:29:19,3.202,3.20402,64.19132948,39.45444226,1
19:29:20,3.202,3.204019,64.18545246,39.42418993,1
19:29:21,3.202,3.204017,64.17957544,39.39395547,1
19:29:22,3.202,3.204016,64.1737,39.36374485,1
19:29:23,3.202,3.204015,64.16782141,39.33355212,1
19:29:24,3.202,3.204013,64.16194439,39.30338323,1
19:29:25,3.202,3.204011,64.15606737,39.27298486,1
19:29:26,3.202,3.20401,64.15019035,39.2429769,1
19:29:27,3.202,3.204009,64.14431334,39.21292722,1
19:29:28,3.202,3.204007,64.13843632,39.1828686,1
19:29:29,3.202,3.204006,64.1325593,39.15281892,1
19:29:30,3.202,3.204004,64.12668228,39.12278116,1
19:29:31,3.202,3.204003,64.12080526,39.09276128,1
19:29:32,3.202,3.204001,64.11492825,39.06251788,1
19:29:33,3.202,3.204,64.10905123,39.03241456,1
19:29:34,3.202,3.203998,64.10317421,39.00263608,1
19:29:35,3.202,3.203997,64.09729719,38.97278905,1
19:29:36,3.202,3.203995,64.09142017,38.94292116,1
19:29:37,3.202,3.203994,64.08554316,38.91305029,1
19:29:38,3.202,3.203993,64.07967,38.88318837,1
19:29:39,3.202,3.203991,64.07378912,38.85334432,1
19:29:40,3.202,3.20399,64.0679121,38.82351816,1
19:29:41,3.202,3.203988,64.06203508,38.79371285,1
19:29:42,3.202,3.203987,64.05615807,38.76392841,1
19:29:43,3.202,3.203985,64.05028105,38.73416781,1
19:29:44,3.202,3.203983,64.04440403,38.70443106,1
19:29:45,3.202,3.203982,64.03852701,38.67471218,1
19:29:46,3.202,3.20398,64.03264999,38.64502013,1
19:29:47,3.202,3.203979,64.02677298,38.61534894,1
19:29:48,3.202,3.203978,64.02089596,38.5856986,1
19:29:49,3.202,3.203976,64.01501894,38.55607212,1
19:29:50,3.202,3.203975,64.00914192,38.52622509,1
19:29:51,3.202,3.203973,64.0032649,38.49675953,1
19:29:52,3.202,3.203972,63.99738789,38.46725523,1
19:29:53,3.202,3.20397,63.99151087,38.43774498,1
19:29:54,3.202,3.203968,63.98563,38.40800822,1
19:29:55,3.202,3.203967,63.97975683,38.37863803,1
19:29:56,3.202,3.203965,63.97387981,38.34922612,1
19:29:57,3.202,3.203964,63.9680028,38.31980526,1
19:29:58,3.202,3.203962,63.96212578,38.29039335,1
19:29:59,3.202,3.203961,63.95624876,38.2607609,1
19:30:00,3.202,3.203959,63.95037174,38.231498,1
19:30:01,3.202,3.203958,63.94449472,38.2019639,1
19:30:02,3.202,3.203956,63.93862,38.17277253,1
19:30:03,3.202,3.203955,63.93274069,38.14352751,1
19:30:04,3.202,3.203953,63.92686367,38.11427653,1
19:30:05,3.202,3.203952,63.92098665,38.08502853,1
19:30:06,3.202,3.20395,63.91510963,38.05579543,1
19:30:07,3.202,3.203948,63.90923262,38.02658021,1
19:30:08,3.202,3.203947,63.9033556,37.99738288,1
19:30:09,3.202,3.203945,63.89747858,37.96820939,1
19:30:10,3.202,3.203944,63.8916,37.93905675,1
19:30:11,3.202,3.203942,63.88572454,37.90993094,1
19:30:12,3.202,3.203941,63.87984753,37.880826,1
19:30:13,3.202,3.203939,63.87397051,37.85174787,1
19:30:14,3.202,3.203938,63.86809349,37.82268763,1
19:30:15,3.202,3.203936,63.86221647,37.7936542,1
19:30:16,3.201,3.203934,63.85633945,37.75268495,1
19:30:17,3.202,3.20345,63.85046244,37.72946298,1
19:30:18,3.202,3.203693,63.84459,37.70334423,1
19:30:19,3.202,3.203812,63.8387084,37.67580986,1
19:30:20,3.202,3.20387,63.83283138,37.64759004,1
19:30:21,3.202,3.203898,63.82695436,37.61903942,1
19:30:22,3.202,3.203911,63.82107735,37.59011328,1
19:30:23,3.202,3.203916,63.81520033,37.56123483,1
19:30:24,3.202,3.203918,63.80932331,37.53262,1
19:30:25,3.202,3.203918,63.80344629,37.50391603,1
19:30:26,3.202,3.203918,63.79757,37.47519255,1
19:30:27,3.202,3.203917,63.79169226,37.44646609,1
19:30:28,3.202,3.203915,63.78581524,37.41775155,1
19:30:29,3.202,3.203914,63.77993822,37.38883138,1
19:30:30,3.202,3.203912,63.7740612,37.36026585,1
19:30:31,3.201,3.20391,63.76818419,37.31943965,1
19:30:32,3.202,3.203427,63.76230717,37.29664981,1
19:30:33,3.201,3.203669,63.75643015,37.25905418,1
19:30:34,3.201,3.203306,63.75055,37.22573519,1
19:30:35,3.202,3.203125,63.74467611,37.20645607,1
19:30:36,3.202,3.203517,63.7387991,37.18250394,1
19:30:37,3.202,3.20371,63.73292208,37.15626001,1
19:30:38,3.201,3.203805,63.72704506,37.11698651,1
19:30:39,3.201,3.203369,63.72116804,37.08263636,1
19:30:40,3.201,3.203153,63.71529102,37.05100417,1
19:30:41,3.202,3.203044,63.70941401,37.03266084,1
19:30:42,3.202,3.203472,63.70354,37.00940311,1
19:30:43,3.201,3.203683,63.69765997,36.97173297,1
19:30:44,3.201,3.203305,63.69178295,36.93849444,1
19:30:45,3.201,3.203116,63.68590593,36.90747023,1
19:30:46,3.201,3.203023,63.68002892,36.87754869,1
19:30:47,3.201,3.202976,63.6741519,36.84818745,1
19:30:48,3.201,3.202952,63.66827488,36.81910932,1
19:30:49,3.201,3.202939,63.66239786,36.79019213,1
19:30:50,3.201,3.202932,63.65652,36.76136136,1
19:30:51,3.201,3.202927,63.65064383,36.73258722,1
19:30:52,3.201,3.202924,63.64476681,36.70385182,1
19:30:53,3.201,3.202922,63.63888979,36.67493165,1
19:30:54,3.201,3.20292,63.63301277,36.64636314,1
19:30:55,3.201,3.202918,63.62713575,36.61755025,1
19:30:56,3.201,3.202916,63.62125874,36.58905923,1
19:30:57,3.201,3.202915,63.61538172,36.56052351,1
19:30:58,3.201,3.202913,63.6095,36.53198481,1
19:30:59,3.201,3.202911,63.60362768,36.50345504,1
19:31:00,3.201,3.20291,63.59775066,36.47494018,1
19:31:01,3.201,3.202908,63.59187365,36.44623458,1
19:31:02,3.201,3.202906,63.58599663,36.41787,1
19:31:03,3.201,3.202905,63.58011961,36.3894701,1
19:31:04,3.201,3.202903,63.57424259,36.36107147,1
19:31:05,3.201,3.202901,63.56836557,36.33268774,1
19:31:06,3.201,3.2029,63.56249,36.30432189,1
19:31:07,3.201,3.202898,63.55661154,36.2759769,1
19:31:08,3.201,3.202896,63.55073452,36.24744713,1
19:31:09,3.201,3.202895,63.5448575,36.21925116,1
19:31:10,3.201,3.202893,63.53898048,36.19102836,1
19:31:11,3.201,3.202891,63.53310347,36.16280854,1
19:31:12,3.201,3.202889,63.52722645,36.13460064,1
19:31:13,3.201,3.202888,63.52134943,36.10620201,1
19:31:14,3.201,3.202886,63.51547,36.0781312,1
19:31:15,3.201,3.202884,63.50959539,36.05003655,1
19:31:16,3.201,3.202883,63.50371838,36.0219419,1
19:31:17,3.201,3.202881,63.49784136,35.99385917,1
19:31:18,3.201,3.202879,63.49196434,35.96579432,1
19:31:19,3.201,3.202878,63.48608732,35.9377563,1
19:31:20,3.201,3.202876,63.4802103,35.90973914,1
19:31:21,3.201,3.202874,63.47433329,35.88175178,1
19:31:22,3.201,3.202873,63.46846,35.85378528,1
19:31:23,3.201,3.202871,63.46257925,35.8258456,1
19:31:24,3.201,3.202869,63.45670223,35.79793274,1
19:31:25,3.2,3.202867,63.45082521,35.75825989,1
19:31:26,3.2,3.202385,63.4449482,35.7242763,1
19:31:27,3.2,3.202145,63.43907118,35.693115,1
19:31:28,3.2,3.202026,63.43319416,35.66336334,1
19:31:29,3.2,3.201966,63.42731714,35.63432097,1
19:31:30,3.2,3.201936,63.42144,35.60563624,1
19:31:31,3.2,3.20192,63.41556311,35.57714522,1
19:31:32,3.199,3.201911,63.40968609,35.53697765,1
19:31:33,3.199,3.201425,63.40380907,35.50228179,1
19:31:34,3.199,3.201184,63.39793205,35.47079563,1
19:31:35,3.199,3.201064,63.39205503,35.44066548,1
19:31:36,3.199,3.201003,63.38617802,35.41100621,1
19:31:37,3.199,3.200972,63.380301,35.38201749,1
19:31:38,3.198,3.200957,63.37442,35.34142375,1
19:31:39,3.198,3.200467,63.36854696,35.30654013,1
19:31:40,3.198,3.200225,63.36266994,35.27449071,1
19:31:41,3.198,3.200104,63.35679293,35.24385989,1
19:31:42,3.197,3.200043,63.35091591,35.20185351,1
19:31:43,3.197,3.199532,63.34503889,35.16630828,1
19:31:44,3.197,3.199278,63.33916187,35.13343334,1
19:31:45,3.197,3.199152,63.33328485,35.10235846,1
19:31:46,3.197,3.199089,63.32741,35.07196307,1
19:31:47,3.197,3.199057,63.32153082,35.04169881,1
19:31:48,3.196,3.19904,63.3156538,35.00022292,1
19:31:49,3.196,3.19855,63.30977678,34.96440947,1
19:31:50,3.196,3.198308,63.30389977,34.93141234,1
19:31:51,3.196,3.198187,63.29802275,34.8998189,1
19:31:52,3.196,3.198126,63.29214573,34.86893475,1
19:31:53,3.195,3.198096,63.28626871,34.82664227,1
19:31:54,3.195,3.197599,63.28039,34.79019105,1
19:31:55,3.195,3.197353,63.27451468,34.7566247,1
19:31:56,3.195,3.19723,63.26863766,34.72450376,1
19:31:57,3.195,3.197169,63.26276064,34.69310701,1
19:31:58,3.195,3.197138,63.25688362,34.66207683,1
19:31:59,3.195,3.197122,63.2510066,34.63124037,1
19:32:00,3.195,3.197113,63.24512959,34.60051417,1
19:32:01,3.195,3.197107,63.23925257,34.56963599,1
19:32:02,3.195,3.197104,63.23338,34.53913,1
19:32:03,3.194,3.197101,63.22749853,34.49686468,1
19:32:04,3.194,3.196619,63.22162151,34.46023166,1
19:32:05,3.194,3.19638,63.2157445,34.42638814,1
19:32:06,3.194,3.196261,63.20986748,34.3939364,1
19:32:07,3.194,3.196201,63.20399046,34.36218202,1
19:32:08,3.194,3.196171,63.19811344,34.33078825,1
19:32:09,3.194,3.196155,63.19223642,34.29957926,1
19:32:10,3.194,3.196146,63.18636,34.26847756,1
19:32:11,3.194,3.196141,63.18048239,34.23722088,1
19:32:12,3.194,3.196138,63.17460537,34.20633078,1
19:32:13,3.194,3.196135,63.16872835,34.17541981,1
19:32:14,3.194,3.196133,63.16285133,34.1445148,1
19:32:15,3.194,3.196131,63.15697432,34.11362171,1
19:32:16,3.194,3.196129,63.1510973,34.08275247,1
19:32:17,3.194,3.196127,63.14522028,34.05190408,1
19:32:18,3.194,3.196125,63.13934,34.02108252,1
19:32:20,3.194,3.196124,63.13346624,33.99006724,1
19:32:20,3.194,3.196122,63.12758923,33.95939469,1
19:32:21,3.194,3.19612,63.12171221,33.92848372,1
19:32:22,3.194,3.196118,63.11583519,33.89788568,1
19:32:23,3.194,3.196117,63.10995817,33.86724591,1
19:32:24,3.194,3.196115,63.10408115,33.83660018,1
19:32:25,3.194,3.196113,63.09820414,33.8059634,1
19:32:26,3.194,3.196111,63.09233,33.77534449,1
19:32:27,3.194,3.196109,63.0864501,33.74474943,1
19:32:28,3.194,3.196108,63.08057308,33.71417522,1
19:32:29,3.194,3.196105,63.07469606,33.68363082,1
19:32:30,3.194,3.196104,63.06881905,33.65311027,1
19:32:31,3.194,3.196102,63.06294203,33.62261355,1
19:32:32,3.194,3.1961,63.05706501,33.59214365,1
19:32:33,3.194,3.196099,63.05118799,33.5616976,1
19:32:34,3.194,3.196097,63.04531,33.53127837,1
19:32:35,3.194,3.196095,63.03943396,33.50088596,1
19:32:36,3.194,3.196093,63.03355694,33.47052038,1
19:32:37,3.194,3.196091,63.02767992,33.44018161,1
19:32:38,3.194,3.196089,63.0218029,33.40986967,1
19:32:39,3.194,3.196088,63.01592588,33.37957859,1
19:32:40,3.194,3.196086,63.01004887,33.34931433,1
19:32:41,3.194,3.196084,63.00417185,33.31907988,1
19:32:42,3.194,3.196082,62.99829,33.28887224,1
19:32:43,3.194,3.19608,62.99241781,33.25868547,1
19:32:44,3.194,3.196078,62.98654079,33.2285285,1
19:32:45,3.194,3.196076,62.98066378,33.19839835,1
19:32:46,3.194,3.196074,62.97478676,33.16829503,1
19:32:47,3.194,3.196073,62.96890974,33.13821554,1
19:32:48,3.194,3.19607,62.96303272,33.10816884,1
19:32:49,3.194,3.196069,62.9571557,33.07814896,1
19:32:50,3.194,3.196067,62.95128,33.04815,1
19:32:51,3.194,3.196065,62.94540167,33.01818371,1
19:32:52,3.194,3.196063,62.93952465,32.98824131,1
19:32:53,3.194,3.196061,62.93364763,32.95832574,1
19:32:54,3.194,3.196059,62.92777061,32.92843401,1
19:32:55,3.194,3.196057,62.9218936,32.89857507,1
19:32:56,3.194,3.196055,62.91601658,32.86874294,1
19:32:58,3.194,3.196054,62.91013956,32.83893466,1
19:32:58,3.194,3.196052,62.90426,32.80915618,1
19:32:59,3.194,3.19605,62.89838552,32.77940154,1
19:33:00,3.194,3.196048,62.89250851,32.74967968,1
19:33:01,3.194,3.196046,62.88663149,32.71998167,1
19:33:02,3.194,3.196044,62.88075447,32.6903075,1
19:33:03,3.194,3.196042,62.87487745,32.65950382,1
19:33:04,3.194,3.19604,62.86900043,32.62716532,1
19:33:05,3.194,3.196038,62.86312342,32.59384334,1
19:33:06,3.194,3.196035,62.85725,32.56001174,1
19:33:07,3.194,3.19603,62.85136938,32.52591789,1
19:33:08,3.194,3.196028,62.84549236,32.49146342,1
19:33:09,3.194,3.196025,62.83961535,32.45793283,1
19:33:10,3.194,3.196023,62.83373833,32.42615461,1
19:33:11,3.194,3.196021,62.82786131,32.39525557,1
19:33:12,3.194,3.19602,62.82198429,32.36480355,1
19:33:13,3.194,3.196018,62.81610727,32.33458996,1
19:33:14,3.194,3.196016,62.81023,32.30451047,1
19:33:15,3.194,3.196013,62.80435324,32.27451444,1
19:33:16,3.194,3.196012,62.79847622,32.24457204,1
19:33:17,3.194,3.196009,62.7925992,32.21467733,1
19:33:18,3.194,3.196007,62.78672218,32.18482137,1
19:33:19,3.194,3.196005,62.78084517,32.15500116,1
19:33:20,3.194,3.196003,62.77496815,32.12540448,1
19:33:21,3.194,3.196001,62.76909113,32.09574819,1
19:33:22,3.194,3.195998,62.76321,32.06590414,1
19:33:23,3.194,3.195996,62.75733709,32.03616142,1
19:33:24,3.194,3.195994,62.75146008,32.00647831,1
19:33:25,3.194,3.195992,62.74558306,31.97685182,1
19:33:26,3.194,3.19599,62.73970604,31.94726408,1
19:33:27,3.194,3.195987,62.73382902,31.91772,1
19:33:28,3.194,3.195985,62.727952,31.88838661,1
19:33:29,3.194,3.195983,62.72207499,31.85899854,1
19:33:30,3.194,3.195981,62.7162,31.82942867,1
19:33:31,3.194,3.195979,62.71032095,31.79995716,1
19:33:32,3.194,3.195976,62.70444393,31.77055717,1
19:33:33,3.194,3.195974,62.69856691,31.7412436,1
19:33:34,3.194,3.195969,62.6926899,31.71205819,1
19:33:35,3.194,3.195963,62.68681288,31.68302,1
19:33:36,3.194,3.195956,62.68093586,31.65412247,1
19:33:37,3.194,3.195949,62.67505884,31.62538707,1
19:33:38,3.194,3.195942,62.66918,31.5968,1
19:33:39,3.194,3.195934,62.66330481,31.56837523,1
19:33:40,3.194,3.195927,62.65742779,31.54010177,1
19:33:41,3.194,3.19592,62.65155077,31.5119803,1
19:33:42,3.194,3.195912,62.64567375,31.48401082,1
19:33:43,3.194,3.195905,62.63979673,31.45618,1
19:33:44,3.194,3.195898,62.63391972,31.42850697,1
19:33:45,3.194,3.195891,62.6280427,31.4009726,1
19:33:46,3.194,3.195884,62.62217,31.37358427,1
19:33:47,3.194,3.195877,62.61628866,31.34633005,1
19:33:48,3.194,3.19587,62.61041164,31.31922185,1
19:33:49,3.194,3.195863,62.60453463,31.29241467,1
19:33:50,3.194,3.195856,62.59865761,31.26566708,1
19:33:51,3.194,3.19585,62.59278059,31.23884797,1
19:33:52,3.194,3.195843,62.58690357,31.21222258,1
19:33:53,3.194,3.195837,62.58102655,31.18575811,1
19:33:54,3.194,3.19583,62.57515,31.15943968,1
19:33:55,3.194,3.195823,62.56927252,31.13325834,1
19:33:57,3.194,3.195817,62.5633955,31.10720813,1
19:33:57,3.194,3.195811,62.55751848,31.08144,1
19:33:58,3.194,3.195804,62.55164146,31.05556369,1
19:34:00,3.194,3.195798,62.54576445,31.02985024,1
19:34:00,3.194,3.195791,62.53988743,31.00443482,1
19:34:01,3.194,3.195785,62.53401041,30.97892,1
19:34:02,3.194,3.195779,62.52813,30.95356226,1
19:34:03,3.194,3.195773,62.52225637,30.92834651,1
19:34:04,3.194,3.195767,62.51637936,30.90325594,1
19:34:05,3.194,3.195761,62.51050234,30.87828755,1
19:34:06,3.194,3.195755,62.50462532,30.8534354,1
19:34:07,3.194,3.195749,62.4987483,30.82869351,1
19:34:08,3.194,3.195743,62.49287128,30.80406487,1
19:34:10,3.194,3.195737,62.48699427,30.77954948,1
19:34:10,3.194,3.195731,62.48112,30.75514436,1
19:34:11,3.194,3.195725,62.47524023,30.73084652,1
19:34:12,3.194,3.19572,62.46936321,30.70665598,1
19:34:13,3.194,3.195714,62.46348619,30.68256974,1
19:34:14,3.194,3.195709,62.45760918,30.65858781,1
19:34:15,3.194,3.195703,62.45173216,30.63471317,1
19:34:16,3.194,3.195697,62.44585514,30.61108291,1
19:34:17,3.194,3.195691,62.43997812,30.58734536,1
19:34:18,3.194,3.195686,62.4341,30.56373894,1
19:34:19,3.193,3.19568,62.42822409,30.5297792,1
19:34:20,3.193,3.195196,62.42234707,30.50096333,1
19:34:21,3.193,3.194953,62.41647005,30.47474325,1
19:34:23,3.193,3.19483,62.41059303,30.44986129,1
19:34:23,3.193,3.194766,62.40471601,30.42583764,1
19:34:24,3.193,3.194732,62.398839,30.40199,1
19:34:25,3.193,3.194712,62.39296198,30.37843108,1
19:34:27,3.192,3.1947,62.38708,30.34475446,1
19:34:27,3.192,3.194211,62.38120794,30.31617999,1
19:34:28,3.192,3.193966,62.37533092,30.29017,1
19:34:29,3.192,3.193842,62.36945391,30.2654922,1
19:34:30,3.192,3.193778,62.36357689,30.24150729,1
19:34:32,3.192,3.193743,62.35769987,30.21791875,1
19:34:32,3.191,3.193724,62.35182285,30.18443882,1
19:34:33,3.191,3.193232,62.34594584,30.15600145,1
19:34:34,3.191,3.192985,62.34007,30.13010621,1
19:34:36,3.191,3.19286,62.3341918,30.10551631,1
19:34:36,3.191,3.192796,62.32831478,30.08162379,1
19:34:37,3.191,3.192761,62.32243776,30.0581187,1
19:34:38,3.19,3.192741,62.31656075,30.02486527,1
19:34:40,3.19,3.192249,62.31068373,29.99657989,1
19:34:41,3.19,3.192002,62.30480671,29.97080684,1
19:34:41,3.19,3.191877,62.29892969,29.94631827,1
19:34:42,3.19,3.191813,62.29305,29.92266119,1
19:34:43,3.189,3.191777,62.28717566,29.88925874,1
19:34:45,3.189,3.191278,62.28129864,29.86090481,1
19:34:45,3.189,3.191028,62.27542162,29.83509302,1
19:34:46,3.189,3.190901,62.2695446,29.81058061,1
19:34:47,3.189,3.190835,62.26366758,29.78675663,1
19:34:49,3.188,3.1908,62.25779057,29.75356877,1
19:34:50,3.189,3.1903,62.25191355,29.7350347,1
19:34:50,3.188,3.19053,62.24604,29.70460057,1
19:34:51,3.188,3.190161,62.24015951,29.67797518,1
19:34:53,3.188,3.189975,62.23428249,29.6530962,1
19:34:54,3.188,3.189881,62.22840548,29.6289742,1
19:34:54,3.188,3.189831,62.22252846,29.6055764,1
19:34:55,3.188,3.189804,62.21665144,29.58228886,1
19:34:57,3.188,3.189788,62.21077442,29.55924273,1
19:34:58,3.188,3.189777,62.2048974,29.53635454,1
19:34:58,3.187,3.189769,62.19902,29.50404584,1
19:34:59,3.187,3.189283,62.19314337,29.47643697,1
19:35:00,3.187,3.189039,62.18726635,29.4513613,1
19:35:02,3.187,3.188916,62.18138933,29.42726016,1
19:35:03,3.187,3.188852,62.17551231,29.4038415,1
19:35:03,3.187,3.188818,62.1696353,29.3808043,1
19:35:04,3.187,3.188798,62.16375828,29.3579936,1
19:35:06,3.187,3.188786,62.15788126,29.33534086,1
19:35:07,3.187,3.188777,62.152,29.3128,1
19:35:07,3.187,3.188771,62.14612722,29.29050028,1
19:35:08,3.187,3.188764,62.14025021,29.26822305,1
19:35:10,3.187,3.188759,62.13437319,29.24585044,1
19:35:11,3.187,3.188754,62.12849617,29.22361195,1
19:35:12,3.187,3.188749,62.12261915,29.20147777,1
19:35:12,3.187,3.188744,62.11674213,29.17943,1
19:35:13,3.187,3.188739,62.11086512,29.1574657,1
19:35:15,3.187,3.188734,62.10499,29.13572192,1
19:35:16,3.187,3.18873,62.09911108,29.11384702,1
19:35:16,3.187,3.188725,62.09323406,29.09208238,1
19:35:18,3.187,3.18872,62.08735704,29.07041013,1
19:35:19,3.187,3.188716,62.08148003,29.04881537,1
19:35:20,3.187,3.188711,62.07560301,29.02730107,1
19:35:21,3.187,3.188706,62.06972599,29.0058583,1
19:35:21,3.187,3.188702,62.06384897,28.98448706,1
19:35:23,3.187,3.188697,62.05797,28.96319032,1
19:35:24,3.187,3.188692,62.05209494,28.94196212,1
19:35:25,3.187,3.188688,62.04621792,28.92080545,1
19:35:25,3.187,3.188683,62.0403409,28.89985144,1
19:35:27,3.187,3.188679,62.03446388,28.8787663,1
19:35:28,3.187,3.188674,62.02858686,28.85778248,1
19:35:29,3.187,3.18867,62.02270985,28.83688509,1
19:35:29,3.187,3.188665,62.01683283,28.81605923,1
19:35:31,3.187,3.188661,62.01096,28.79530489,1
19:35:32,3.187,3.188657,62.00507879,28.7746191,1
19:35:33,3.187,3.188652,61.99920177,28.75399888,1
19:35:34,3.187,3.188648,61.99332476,28.73344,1
19:35:34,3.187,3.188644,61.98744774,28.71295214,1
19:35:36,3.187,3.188639,61.98157072,28.69265676,1
19:35:37,3.187,3.188635,61.9756937,28.67223322,1
19:35:38,3.187,3.188631,61.96981668,28.65190208,1
19:35:38,3.187,3.188627,61.96394,28.6316514,1
19:35:40,3.187,3.188622,61.95806265,28.61147,1
19:35:41,3.187,3.188618,61.95218563,28.5913527,1
19:35:42,3.187,3.188614,61.94630861,28.57129872,1
19:35:43,3.187,3.18861,61.94043159,28.55130732,1
19:35:44,3.187,3.188606,61.93455458,28.53137851,1
19:35:45,3.187,3.188601,61.92867756,28.5115093,1
19:35:46,3.187,3.188598,61.92280054,28.49169672,1
19:35:47,3.187,3.188593,61.91692,28.47194374,1
19:35:48,3.187,3.188589,61.9110465,28.45225,1
19:35:49,3.187,3.188585,61.90516949,28.43261659,1
19:35:50,3.187,3.188581,61.89929247,28.41303945,1
19:35:51,3.187,3.188577,61.89341545,28.39351892,1
19:35:51,3.187,3.188573,61.88753843,28.37405503,1
19:35:53,3.187,3.18857,61.88166142,28.35464,1
19:35:54,3.187,3.188565,61.8757844,28.33529413,1
19:35:55,3.187,3.188561,61.86991,28.3160001,1
19:35:56,3.187,3.188558,61.86403036,28.29688191,1
19:35:57,3.187,3.188554,61.85815334,28.27763855,1
19:35:58,3.187,3.18855,61.85227633,28.25860083,1
19:35:59,3.187,3.188546,61.84639931,28.23945284,1
19:36:00,3.187,3.188542,61.84052229,28.22051346,1
19:36:01,3.187,3.188539,61.83464527,28.2014668,1
19:36:02,3.187,3.188535,61.82876825,28.18251252,1
19:36:03,3.187,3.188531,61.82289,28.16362977,1
19:36:04,3.187,3.188527,61.81701422,28.14481258,1
19:36:05,3.187,3.188523,61.8111372,28.12605,1
19:36:06,3.187,3.188519,61.80526018,28.10733914,1
19:36:07,3.187,3.188516,61.79938316,28.08868289,1
19:36:08,3.187,3.188512,61.79350615,28.0700773,1
19:36:09,3.187,3.188509,61.78762913,28.05152237,1
19:36:10,3.187,3.188505,61.78175211,28.03302,1
19:36:11,3.187,3.188501,61.77588,28.01456,1
19:36:12,3.187,3.188498,61.76999807,27.99616,1
19:36:13,3.187,3.188494,61.76412106,27.97780335,1
19:36:14,3.187,3.188491,61.75824404,27.95960903,1
19:36:15,3.187,3.188487,61.75236702,27.9412955,1
19:36:16,3.187,3.188483,61.74649,27.92306,1
19:36:17,3.187,3.188479,61.74061298,27.90488601,1
19:36:18,3.187,3.188476,61.73473597,27.8867662,1
19:36:19,3.187,3.188473,61.72886,27.86869407,1
19:36:20,3.187,3.188469,61.72298193,27.8506726,1
19:36:21,3.187,3.188466,61.71710491,27.8327,1
19:36:22,3.187,3.188462,61.71122789,27.81477,1
19:36:23,3.187,3.188459,61.70535088,27.79689,1
19:36:24,3.187,3.188455,61.69947386,27.77905166,1
19:36:25,3.187,3.188452,61.69359684,27.76137292,1
19:36:26,3.186,3.188448,61.68771982,27.73534954,1
19:36:27,3.187,3.187964,61.68184,27.72156894,1
19:36:28,3.187,3.188203,61.67596579,27.70585418,1
19:36:29,3.187,3.188319,61.67008877,27.68931091,1
19:36:30,3.187,3.188376,61.66421175,27.67217159,1
19:36:31,3.187,3.188402,61.65833473,27.65485942,1
19:36:32,3.187,3.188414,61.65245771,27.63759196,1
19:36:33,3.187,3.188417,61.6465807,27.62016058,1
19:36:34,3.187,3.188418,61.64070368,27.60277,1
19:36:35,3.187,3.188416,61.63483,27.58542001,1
19:36:36,3.187,3.188414,61.62894964,27.5681138,1
19:36:37,3.187,3.188411,61.62307262,27.55084932,1
19:36:38,3.186,3.188408,61.61719561,27.52557397,1
19:36:39,3.186,3.187924,61.61131859,27.50422657,1
19:36:40,3.186,3.187682,61.60544157,27.48497427,1
19:36:41,3.186,3.18756,61.59956455,27.46654,1
19:36:42,3.186,3.187498,61.59368753,27.44864225,1
19:36:43,3.186,3.187466,61.58781,27.43103802,1
19:36:44,3.186,3.187448,61.5819335,27.41360068,1
19:36:45,3.186,3.187437,61.57605648,27.39637494,1
19:36:46,3.186,3.187431,61.57017946,27.37905979,1
19:36:47,3.186,3.187426,61.56430244,27.36182511,1
19:36:48,3.186,3.187421,61.55842543,27.34465301,1
19:36:49,3.186,3.187418,61.55254841,27.3275286,1
19:36:50,3.186,3.187414,61.54667139,27.31045485,1
19:36:51,3.186,3.187411,61.54079,27.29342282,1
19:36:52,3.186,3.187408,61.53491735,27.27643251,1
19:36:53,3.186,3.187405,61.52904034,27.25947797,1
19:36:54,3.186,3.187401,61.52316332,27.24256814,1
19:36:55,3.186,3.187398,61.5172863,27.22579837,1
19:36:56,3.186,3.187395,61.51140928,27.20891237,1
19:36:57,3.186,3.187392,61.50553226,27.19209492,1
19:36:58,3.186,3.187389,61.49965525,27.17532814,1
19:36:59,3.186,3.187386,61.49378,27.15870738,1
19:37:00,3.186,3.187383,61.48790121,27.14197338,1
19:37:01,3.186,3.18738,61.48202419,27.12530494,1
19:37:02,3.186,3.187377,61.47614717,27.10868716,1
19:37:03,3.186,3.187374,61.47027016,27.09211409,1
19:37:04,3.186,3.187371,61.46439314,27.07557976,1
19:37:05,3.186,3.187367,61.45851612,27.05908716,1
19:37:06,3.186,3.187365,61.4526391,27.04263031,1
19:37:07,3.186,3.187361,61.44676,27.02621222,1
19:37:08,3.186,3.187359,61.44088507,27.00993121,1
19:37:09,3.186,3.187356,61.43500805,26.99353397,1
19:37:10,3.186,3.187353,61.42913103,26.97719932,1
19:37:11,3.186,3.18735,61.42325401,26.96091235,1
19:37:12,3.186,3.187347,61.417377,26.9446671,1
19:37:13,3.186,3.187344,61.41149998,26.9284606,1
19:37:14,3.186,3.187341,61.40562296,26.91228986,1
19:37:15,3.186,3.187338,61.39975,26.89615488,1
19:37:16,3.186,3.187335,61.39386892,26.88015401,1
19:37:17,3.186,3.187332,61.38799191,26.86404288,1
19:37:18,3.186,3.18733,61.38211489,26.84798837,1
19:37:19,3.186,3.187327,61.37623787,26.83198154,1
19:37:20,3.186,3.187324,61.37036085,26.8161118,1
19:37:21,3.186,3.187321,61.36448383,26.80013478,1
19:37:22,3.185,3.187318,61.35860682,26.77659094,1
19:37:23,3.185,3.186833,61.35273,26.75678134,1
19:37:24,3.185,3.186591,61.34685278,26.73883736,1
19:37:25,3.185,3.186469,61.34097576,26.72194242,1
19:37:26,3.185,3.186407,61.33509874,26.70536935,1
19:37:27,3.185,3.186375,61.32922173,26.6890794,1
19:37:28,3.184,3.186357,61.32334471,26.66539848,1
19:37:29,3.184,3.185866,61.31746769,26.64545774,1
19:37:30,3.184,3.18562,61.31159067,26.62739158,1
19:37:31,3.184,3.185497,61.30571,26.61027014,1
19:37:32,3.184,3.185434,61.29983664,26.59363449,1
19:37:33,3.184,3.185401,61.29395962,26.57725513,1
19:37:34,3.184,3.185383,61.2880826,26.56102479,1
19:37:35,3.184,3.185373,61.28220558,26.54488087,1
19:37:36,3.184,3.185367,61.27632856,26.52889788,1
19:37:37,3.183,3.185362,61.27045155,26.5054971,1
19:37:38,3.183,3.184877,61.26457453,26.48554742,1
19:37:39,3.183,3.184634,61.2587,26.46747828,1
19:37:40,3.183,3.184512,61.25282049,26.45035088,1
19:37:41,3.183,3.18445,61.24694347,26.43370926,1
19:37:42,3.182,3.184418,61.24106646,26.40990913,1
19:37:43,3.182,3.183918,61.23518944,26.38983428,1
19:37:44,3.182,3.183669,61.22931242,26.37162507,1
19:37:45,3.182,3.183543,61.2234354,26.3543576,1
19:37:46,3.182,3.18348,61.21755838,26.33757293,1
19:37:47,3.181,3.183447,61.21168,26.31368041,1
19:37:48,3.181,3.182946,61.20580435,26.29349232,1
19:37:49,3.181,3.182696,61.19992733,26.27516091,1
19:37:50,3.181,3.182571,61.19405031,26.25776231,1
19:37:51,3.181,3.182507,61.18817329,26.2409538,1
19:37:52,3.181,3.182474,61.18229628,26.22424364,1
19:37:53,3.181,3.182456,61.17641926,26.20770037,1
19:37:54,3.18,3.182446,61.17054224,26.1839509,1
19:37:55,3.18,3.181957,61.16467,26.16380155,1
19:37:56,3.18,3.181712,61.1587882,26.14545524,1
19:37:57,3.18,3.18159,61.15291119,26.1280179,1
19:37:58,3.18,3.181527,61.14703417,26.11104846,1
19:37:59,3.18,3.181495,61.14115715,26.09432936,1
19:38:00,3.18,3.181477,61.13528013,26.07775033,1
19:38:01,3.18,3.181467,61.12940311,26.06125772,1
19:38:02,3.18,3.18146,61.1235261,26.04482472,1
19:38:03,3.18,3.181456,61.11765,26.02843642,1
19:38:04,3.18,3.181452,61.11177206,26.01209,1
19:38:05,3.18,3.181449,61.10589504,25.99587739,1
19:38:06,3.18,3.181445,61.10001802,25.97955167,1
19:38:07,3.18,3.181442,61.09414101,25.96328259,1
19:38:08,3.18,3.18144,61.08826399,25.9470582,1
19:38:09,3.18,3.181437,61.08238697,25.93087256,1
19:38:10,3.18,3.181434,61.07650995,25.9147197,1
19:38:11,3.18,3.181431,61.07063,25.8986026,1
19:38:12,3.18,3.181428,61.06475592,25.88251531,1
19:38:13,3.18,3.181425,61.0588789,25.86646,1
19:38:14,3.18,3.181422,61.05300188,25.85044,1
19:38:15,3.18,3.18142,61.04712486,25.83454847,1
19:38:16,3.18,3.181417,61.04124784,25.81863999,1
19:38:17,3.18,3.181414,61.03537083,25.80263913,1
19:38:18,3.18,3.181412,61.02949381,25.78670084,1
19:38:19,3.18,3.181409,61.02362,25.77081323,1
19:38:20,3.18,3.181406,61.01773977,25.75496435,1
19:38:21,3.18,3.181403,61.01186275,25.73915124,1
19:38:22,3.18,3.1814,61.00598574,25.72346926,1
19:38:23,3.18,3.181398,61.00010872,25.70767105,1
19:38:24,3.18,3.181395,60.9942317,25.69192648,1
19:38:25,3.18,3.181392,60.98835468,25.67622364,1
19:38:26,3.18,3.181389,60.98247766,25.66055655,1
19:38:27,3.18,3.181387,60.9766,25.64491928,1
19:38:28,3.18,3.181384,60.97072363,25.62941611,1
19:38:29,3.18,3.181381,60.96484661,25.61379373,1
19:38:30,3.18,3.181379,60.95896959,25.598225,1
19:38:31,3.18,3.181376,60.95309258,25.58269799,1
19:38:32,3.18,3.181373,60.94721556,25.56720674,1
19:38:33,3.18,3.181371,60.94133854,25.55184066,1
19:38:34,3.18,3.181368,60.93546152,25.53636134,1
19:38:35,3.18,3.181366,60.92958,25.52093267,1
19:38:36,3.18,3.181363,60.92370749,25.50554574,1
19:38:37,3.18,3.18136,60.91783047,25.49019456,1
19:38:38,3.18,3.181357,60.91195345,25.47487319,1
19:38:39,3.18,3.181355,60.90607643,25.459674,1
19:38:40,3.18,3.181352,60.90019941,25.44436157,1
19:38:41,3.18,3.18135,60.8943224,25.42919517,1
19:38:42,3.18,3.181347,60.88844538,25.41392744,1
19:38:43,3.18,3.181345,60.88257,25.39871335,1
19:38:44,3.18,3.181342,60.87669134,25.38354099,1
19:38:45,3.18,3.18134,60.87081432,25.3684,1
19:38:46,3.18,3.181337,60.86493731,25.35329759,1
19:38:47,3.18,3.181334,60.85906029,25.33831298,1
19:38:48,3.18,3.181332,60.85318327,25.32331049,1
19:38:49,3.18,3.181329,60.84730625,25.3082186,1
19:38:50,3.18,3.181327,60.84142923,25.29318631,1
19:38:51,3.18,3.181324,60.83555,25.27829111,1
19:38:52,3.18,3.181322,60.8296752,25.26338696,1
19:38:53,3.18,3.181319,60.82379818,25.2483964,1
19:38:54,3.18,3.181317,60.81792116,25.23346841,1
19:38:55,3.18,3.181315,60.81204414,25.21857917,1
19:38:56,3.18,3.181312,60.80616713,25.20372868,1
19:38:57,3.18,3.181309,60.80029011,25.18890798,1
19:38:58,3.18,3.181307,60.79441309,25.17411411,1
19:38:59,3.18,3.181304,60.78854,25.15934706,1
19:39:00,3.18,3.181302,60.78265905,25.14460385,1
19:39:01,3.18,3.181299,60.77678204,25.12988746,1
19:39:02,3.18,3.181297,60.77090502,25.11519492,1
19:39:03,3.18,3.181295,60.765028,25.1006186,1
19:39:04,3.18,3.181293,60.75915098,25.08593202,1
19:39:05,3.18,3.18129,60.75327396,25.0712961,1
19:39:06,3.18,3.181288,60.74739695,25.05668998,1
19:39:07,3.18,3.181285,60.74152,25.04211664,1
19:39:08,3.18,3.181283,60.73564291,25.02757013,1
19:39:09,3.179,3.181281,60.72976589,25.00629127,1
19:39:10,3.18,3.180795,60.72388887,24.9950543,1
19:39:11,3.179,3.181036,60.71801186,24.97546226,1
19:39:12,3.179,3.180671,60.71213484,24.95833933,1
19:39:13,3.18,3.180489,60.70625782,24.94917512,1
19:39:14,3.179,3.18088,60.7003808,24.93066639,1
19:39:15,3.179,3.18059,60.6945,24.91411865,1
19:39:16,3.179,3.180445,60.68862677,24.8985514,1
19:39:17,3.179,3.180372,60.68274975,24.88348633,1
19:39:18,3.179,3.180334,60.67687273,24.86868352,1
19:39:19,3.179,3.180314,60.67099571,24.85402077,1
19:39:20,3.179,3.180303,60.66511869,24.83943701,1
19:39:21,3.179,3.180296,60.65924168,24.82490838,1
19:39:22,3.179,3.180291,60.65336466,24.81041849,1
19:39:23,3.179,3.180289,60.64749,24.79595542,1
19:39:24,3.179,3.180285,60.64161062,24.78161156,1
19:39:25,3.179,3.180283,60.6357336,24.76715893,1
19:39:26,3.179,3.18028,60.62985659,24.75275248,1
19:39:27,3.179,3.180278,60.62397957,24.73837882,1
19:39:28,3.179,3.180276,60.61810255,24.72403347,1
19:39:29,3.179,3.180273,60.61222553,24.70971495,1
19:39:30,3.179,3.180271,60.60634851,24.69542027,1
19:39:31,3.179,3.180269,60.60047,24.68114942,1
19:39:32,3.179,3.180266,60.59459448,24.66698885,1
19:39:33,3.179,3.180264,60.58871746,24.65272099,1
19:39:34,3.179,3.180262,60.58284044,24.63858426,1
19:39:35,3.179,3.180259,60.57696342,24.62435216,1
19:39:36,3.179,3.180257,60.57108641,24.61016625,1
19:39:37,3.178,3.180255,60.56520939,24.58942533,1
19:39:38,3.178,3.179769,60.55933237,24.57190752,1
19:39:39,3.178,3.179527,60.55346,24.55599606,1
19:39:40,3.178,3.179406,60.54757833,24.54089224,1
19:39:41,3.178,3.179344,60.54170132,24.52629656,1
19:39:42,3.177,3.179312,60.5358243,24.50519353,1
19:39:43,3.177,3.178812,60.52994728,24.48742986,1
19:39:44,3.177,3.178562,60.52407026,24.47132766,1
19:39:45,3.177,3.178437,60.51819324,24.45605844,1
19:39:46,3.176,3.178374,60.51231623,24.4346872,1
19:39:47,3.176,3.177858,60.50644,24.41670001,1
19:39:48,3.176,3.1776,60.50056219,24.40051287,1
19:39:49,3.176,3.177471,60.49468517,24.38501567,1
19:39:50,3.175,3.177406,60.48880816,24.36362654,1
19:39:51,3.175,3.176889,60.48293114,24.34553653,1
19:39:52,3.175,3.17663,60.47705412,24.32899,1
19:39:53,3.174,3.176501,60.4711771,24.30684417,1
19:39:54,3.174,3.175952,60.46530008,24.28830415,1
19:39:55,3.174,3.175678,60.45942,24.27156419,1
19:39:56,3.174,3.175541,60.45354605,24.25583303,1
19:39:57,3.174,3.175471,60.44766903,24.24040884,1
19:39:58,3.174,3.175436,60.44179201,24.2252484,1
19:39:59,3.174,3.175416,60.43591499,24.21023101,1
19:40:00,3.174,3.175406,60.43003798,24.19529557,1
19:40:01,3.174,3.1754,60.42416096,24.18051,1
19:40:02,3.174,3.175395,60.41828394,24.16561693,1
19:40:03,3.174,3.175392,60.41241,24.15077686,1
19:40:04,3.173,3.175389,60.4065299,24.12955612,1
19:40:05,3.173,3.174902,60.40065289,24.11147803,1
19:40:06,3.173,3.17466,60.39477587,24.09497052,1
19:40:07,3.173,3.174538,60.38889885,24.07925278,1
19:40:08,3.173,3.174477,60.38302183,24.06393737,1
19:40:09,3.173,3.174444,60.37714481,24.04883653,1
19:40:10,3.173,3.174427,60.3712678,24.03385341,1
19:40:11,3.173,3.174418,60.36539,24.01893735,1
19:40:12,3.173,3.174412,60.35951376,24.00406897,1
19:40:13,3.173,3.174407,60.35363674,23.98923486,1
19:40:14,3.173,3.174404,60.34775972,23.97452593,1
19:40:15,3.173,3.174402,60.34188271,23.95979464,1
19:40:16,3.173,3.174399,60.33600569,23.94496948,1
19:40:17,3.173,3.174396,60.33012867,23.93020093,1
19:40:18,3.173,3.174394,60.32425165,23.91547263,1
19:40:19,3.173,3.174392,60.31837,23.90077561,1
19:40:20,3.173,3.174389,60.31249762,23.88610691,1
19:40:21,3.173,3.174387,60.3066206,23.87145907,1
19:40:22,3.173,3.174385,60.30074358,23.85683507,1
19:40:23,3.173,3.174382,60.29486656,23.84223491,1
19:40:24,3.173,3.17438,60.28898954,23.82765561,1
19:40:25,3.173,3.174377,60.28311253,23.81310016,1
19:40:26,3.173,3.174375,60.27723551,23.79856408,1
19:40:27,3.173,3.174373,60.27136,23.78404886,1
19:40:28,3.173,3.17437,60.26548147,23.76955748,1
19:40:29,3.173,3.174368,60.25960445,23.75508547,1
19:40:30,3.173,3.174366,60.25372744,23.74063581,1
19:40:31,3.173,3.174364,60.24785042,23.72620702,1
19:40:32,3.173,3.174361,60.2419734,23.71180058,1
19:40:33,3.173,3.174359,60.23609638,23.69741201,1
19:40:34,3.173,3.174356,60.23021936,23.68304729,1
19:40:35,3.173,3.174354,60.22434,23.66870344,1
19:40:36,3.173,3.174352,60.21846533,23.65437895,1
19:40:37,3.173,3.17435,60.21258831,23.64016771,1
19:40:38,3.173,3.174348,60.20671129,23.62584025,1
19:40:39,3.173,3.174345,60.20083427,23.6115545,1
19:40:40,3.173,3.174343,60.19495726,23.59730154,1
19:40:41,3.173,3.174341,60.18908024,23.58307391,1
19:40:42,3.173,3.174339,60.18320322,23.56896102,1
19:40:43,3.173,3.174337,60.17733,23.55473191,1
19:40:44,3.173,3.174334,60.17144918,23.54054898,1
19:40:45,3.173,3.174332,60.16557217,23.52639735,1
19:40:46,3.173,3.17433,60.15969515,23.51236045,1
19:40:47,3.173,3.174328,60.15381813,23.4982118,1
19:40:48,3.173,3.174325,60.14794111,23.48410785,1
19:40:49,3.173,3.174323,60.14206409,23.4700352,1
19:40:50,3.173,3.174321,60.13618708,23.45598638,1
19:40:51,3.173,3.174319,60.13031,23.44196141,1
19:40:52,3.173,3.174317,60.12443304,23.4279573,1
19:40:53,3.173,3.174314,60.11855602,23.41397256,1
19:40:54,3.173,3.174312,60.112679,23.40000719,1
19:40:55,3.173,3.17431,60.10680199,23.38606119,1
19:40:56,3.173,3.174308,60.10092497,23.37213457,1
19:40:57,3.173,3.174306,60.09504795,23.3582288,1
19:40:58,3.173,3.174304,60.08917093,23.34434092,1
19:40:59,3.173,3.174301,60.08329,23.3304739,1
19:41:00,3.173,3.174299,60.0774169,23.31662327,1
19:41:01,3.173,3.174297,60.07153988,23.30279,1
19:41:02,3.173,3.174295,60.06566286,23.28898013,1
19:41:03,3.173,3.174293,60.05978584,23.27518761,1
19:41:04,3.173,3.174291,60.05390882,23.26141298,1
19:41:05,3.173,3.174289,60.04803181,23.24765623,1
19:41:06,3.173,3.174287,60.04215479,23.23391885,1
19:41:07,3.173,3.174285,60.03628,23.22019935,1
19:41:08,3.173,3.174283,60.03040075,23.20649922,1
19:41:09,3.173,3.17428,60.02452374,23.19281697,1
19:41:10,3.172,3.174278,60.01864672,23.1730625,1
19:41:11,3.173,3.173792,60.0127697,23.16236,1
19:41:12,3.172,3.174034,60.00689268,23.14411998,1
19:41:13,3.173,3.173669,60.00101566,23.13417941,1
19:41:14,3.173,3.17397,59.99513865,23.12241048,1
19:41:15,3.173,3.174119,59.98926,23.10974002,1
19:41:16,3.172,3.174192,59.98338461,23.09057117,1
19:41:17,3.172,3.173743,59.97750759,23.0741322,1
19:41:18,3.173,3.173519,59.97163057,23.06511402,1
19:41:19,3.172,3.173891,59.96575356,23.04779738,1
19:41:20,3.172,3.17359,59.95987654,23.03230613,1
19:41:21,3.172,3.17344,59.95399952,23.01773131,1
19:41:22,3.172,3.173364,59.9481225,23.00361842,1
19:41:23,3.172,3.173325,59.94225,22.98974693,1
19:41:24,3.172,3.173305,59.93636847,22.9760021,1
19:41:25,3.172,3.173294,59.93049145,22.96233,1
19:41:26,3.172,3.173288,59.92461443,22.94870466,1
19:41:27,3.172,3.173283,59.91873741,22.93510735,1
19:41:28,3.172,3.17328,59.91286039,22.92153537,1
19:41:29,3.172,3.173278,59.90698338,22.90798426,1
19:41:30,3.172,3.173275,59.90110636,22.89445251,1
19:41:31,3.172,3.173273,59.89523,22.88094014,1
19:41:32,3.172,3.173271,59.88935232,22.86744267,1
19:41:33,3.172,3.173269,59.8834753,22.85396308,1
19:41:34,3.172,3.173267,59.87759829,22.84050286,1
19:41:35,3.172,3.173265,59.87172127,22.82705903,1
19:41:36,3.172,3.173263,59.86584425,22.81363159,1
19:41:37,3.172,3.173261,59.85996723,22.80030698,1
19:41:38,3.172,3.173259,59.85409021,22.78687209,1
19:41:39,3.172,3.173257,59.84821,22.77347594,1
19:41:40,3.172,3.173255,59.84233618,22.76010662,1
19:41:41,3.172,3.173253,59.83645916,22.74684608,1
19:41:42,3.172,3.173251,59.83058214,22.73356169,1
19:41:43,3.172,3.173249,59.82470512,22.72019088,1
19:41:44,3.172,3.173247,59.81882811,22.70686775,1
19:41:45,3.172,3.173245,59.81295109,22.69357592,1
19:41:46,3.172,3.173243,59.80707407,22.6803109,1
19:41:47,3.172,3.173241,59.8012,22.66706526,1
19:41:48,3.172,3.173239,59.79532003,22.65383601,1
19:41:49,3.171,3.173237,59.78944302,22.63469249,1
19:41:50,3.171,3.17275,59.783566,22.61844426,1
19:41:51,3.171,3.172508,59.77768898,22.60364145,1
19:41:52,3.171,3.172386,59.77181196,22.58956581,1
19:41:53,3.171,3.172324,59.76593494,22.57585973,1
19:41:54,3.17,3.172293,59.76005793,22.55643606,1
19:41:55,3.17,3.171792,59.75418,22.53998071,1
19:41:56,3.17,3.171542,59.74830389,22.52500951,1
19:41:57,3.17,3.171417,59.74242687,22.51078188,1
19:41:58,3.169,3.171353,59.73654985,22.49104679,1
19:41:59,3.169,3.170836,59.73067284,22.47436345,1
19:42:00,3.169,3.170578,59.72479582,22.45920449,1
19:42:01,3.169,3.170449,59.7189188,22.44481146,1
19:42:02,3.168,3.170384,59.71304178,22.4249348,1
19:42:03,3.168,3.169866,59.70716,22.4081099,1
19:42:04,3.168,3.169608,59.70128775,22.39291519,1
19:42:05,3.168,3.169478,59.69541073,22.37833291,1
19:42:06,3.167,3.169413,59.68953371,22.35829085,1
19:42:07,3.167,3.168895,59.68365669,22.34131545,1
19:42:08,3.167,3.168636,59.67777967,22.32598066,1
19:42:09,3.167,3.168507,59.67190266,22.31125236,1
19:42:10,3.167,3.168441,59.66602564,22.29694128,1
19:42:11,3.167,3.168408,59.66015,22.2828418,1
19:42:12,3.167,3.16839,59.6542716,22.26885706,1
19:42:13,3.166,3.16838,59.64839458,22.24911302,1
19:42:14,3.166,3.167889,59.64251757,22.23223895,1
19:42:15,3.166,3.167645,59.63664055,22.2168,1
19:42:16,3.166,3.167522,59.63076353,22.20207602,1
19:42:17,3.166,3.167459,59.62488651,22.18772322,1
19:42:18,3.166,3.167428,59.61900949,22.17356116,1
19:42:19,3.165,3.167411,59.61313,22.15370238,1
19:42:20,3.165,3.166917,59.60725546,22.13671654,1
19:42:21,3.165,3.16667,59.60137844,22.12117016,1
19:42:22,3.165,3.166546,59.59550142,22.106345,1
19:42:23,3.165,3.166483,59.5896244,22.09188938,1
19:42:24,3.165,3.166451,59.58374739,22.07762301,1
19:42:25,3.165,3.166435,59.57787037,22.06346095,1
19:42:26,3.165,3.166425,59.57199335,22.04935998,1
19:42:27,3.165,3.166419,59.56612,22.03529775,1
19:42:28,3.165,3.166415,59.56023932,22.02126384,1
19:42:29,3.165,3.166412,59.5543623,22.00734764,1
19:42:30,3.165,3.166409,59.54848528,21.99331075,1
19:42:31,3.165,3.166407,59.54260826,21.97931409,1
19:42:32,3.165,3.166405,59.53673124,21.96534723,1
19:42:33,3.165,3.166403,59.53085423,21.95140421,1
19:42:34,3.165,3.1664,59.52497721,21.93757594,1
19:42:35,3.165,3.166399,59.5191,21.92362547,1
19:42:36,3.165,3.166397,59.51322317,21.90971524,1
19:42:37,3.165,3.166394,59.50734615,21.89583331,1
19:42:38,3.165,3.166392,59.50146914,21.88197523,1
19:42:39,3.165,3.16639,59.49559212,21.86813653,1
19:42:40,3.165,3.166388,59.4897151,21.8543157,1
19:42:41,3.165,3.166386,59.48383808,21.84051275,1
19:42:42,3.165,3.166384,59.47796106,21.82672769,1
19:42:43,3.165,3.166382,59.47208,21.81295902,1
19:42:44,3.165,3.16638,59.46620703,21.79920375,1
19:42:45,3.165,3.166378,59.46033001,21.78546786,1
19:42:46,3.165,3.166376,59.45445299,21.77174836,1
19:42:47,3.165,3.166374,59.44857597,21.75804377,1
19:42:48,3.165,3.166372,59.44269896,21.74435705,1
19:42:49,3.165,3.16637,59.43682194,21.73077613,1
19:42:50,3.165,3.166368,59.43094492,21.71707749,1
19:42:51,3.165,3.166366,59.42507,21.7034176,1
19:42:52,3.165,3.166364,59.41919088,21.68978453,1
19:42:53,3.165,3.166362,59.41331387,21.67617232,1
19:42:54,3.165,3.16636,59.40743685,21.66257799,1
19:42:55,3.165,3.166358,59.40155983,21.64909244,1
19:42:56,3.165,3.166356,59.39568281,21.63548917,1
19:42:57,3.165,3.166354,59.38980579,21.62192464,1
19:42:58,3.165,3.166352,59.38392878,21.60838693,1
19:42:59,3.165,3.16635,59.37805,21.5948686,1
19:43:00,3.165,3.166348,59.37217474,21.58137113,1
19:43:01,3.165,3.166346,59.36629772,21.56788856,1
19:43:02,3.165,3.166344,59.3604207,21.55442387,1
19:43:03,3.165,3.166342,59.35454369,21.54097408,1
19:43:04,3.165,3.16634,59.34866667,21.52754068,1
19:43:05,3.165,3.166338,59.34278965,21.5141207,1
19:43:06,3.165,3.166336,59.33691263,21.5007171,1
19:43:07,3.165,3.166334,59.33104,21.4873299,1
19:43:08,3.165,3.166332,59.3251586,21.4739576,1
19:43:09,3.165,3.16633,59.31928158,21.4606002,1
19:43:10,3.165,3.166328,59.31340456,21.4472577,1
19:43:11,3.165,3.166326,59.30752754,21.43393159,1
19:43:12,3.165,3.166325,59.30165052,21.42061889,1
19:43:13,3.165,3.166323,59.29577351,21.4073211,1
19:43:14,3.165,3.166321,59.28989649,21.39403969,1
19:43:15,3.165,3.166319,59.28402,21.38077319,1
19:43:16,3.165,3.166317,59.27814245,21.36752158,1
19:43:17,3.165,3.166315,59.27226543,21.35428488,1
19:43:18,3.165,3.166313,59.26638842,21.34106159,1
19:43:19,3.165,3.166311,59.2605114,21.32812,1
19:43:20,3.165,3.166309,59.25463438,21.3154912,1
19:43:21,3.165,3.166307,59.24875736,21.30295485,1
19:43:22,3.165,3.166306,59.24288034,21.29056156,1
19:43:23,3.165,3.166304,59.237,21.27816677,1
19:43:24,3.165,3.166302,59.23112631,21.26595825,1
19:43:25,3.165,3.1663,59.22524929,21.25368267,1
19:43:26,3.165,3.166298,59.21937227,21.24138772,1
19:43:27,3.165,3.166297,59.21349525,21.22917771,1
19:43:28,3.165,3.166296,59.20761824,21.21693641,1
19:43:29,3.165,3.166295,59.20174122,21.20477855,1
19:43:30,3.165,3.166293,59.1958642,21.19267434,1
19:43:31,3.165,3.166291,59.18999,21.18052691,1
19:43:32,3.165,3.16629,59.18411016,21.16836905,1
19:43:33,3.165,3.166288,59.17823315,21.15630358,1
19:43:34,3.165,3.166286,59.17235613,21.14429772,1
19:43:35,3.165,3.166285,59.16647911,21.13207728,1
19:43:36,3.165,3.166283,59.16060209,21.1195901,1
19:43:37,3.165,3.166281,59.15472507,21.10697776,1
19:43:38,3.165,3.166279,59.14884806,21.09430879,1
19:43:39,3.165,3.166278,59.14297,21.08161747,1
19:43:40,3.165,3.166276,59.13709402,21.06892318,1
19:43:41,3.165,3.166274,59.131217,21.05623186,1
19:43:42,3.165,3.166272,59.12533998,21.04355097,1
19:43:43,3.165,3.16627,59.11946297,21.03088051,1
19:43:44,3.165,3.166269,59.11358595,21.01830542,1
19:43:45,3.165,3.166267,59.10770893,21.00561559,1
19:43:46,3.165,3.166265,59.10183191,20.99295855,1
19:43:47,3.165,3.166264,59.09595,20.98032534,1
19:43:48,3.165,3.166262,59.09007788,20.96771002,1
19:43:49,3.165,3.16626,59.08420086,20.9551096,1
19:43:50,3.165,3.166258,59.07832384,20.94252408,1
19:43:51,3.165,3.166257,59.07244682,20.92995048,1
19:43:52,3.165,3.166255,59.06656981,20.91747224,1
19:43:53,3.165,3.166253,59.06069279,20.90488374,1
19:43:54,3.165,3.166251,59.05481577,20.89232802,1
19:43:55,3.165,3.16625,59.04894,20.87979,1
19:43:56,3.165,3.166248,59.04306173,20.86735964,1
19:43:57,3.165,3.166246,59.03718472,20.85481733,1
19:43:58,3.165,3.166245,59.0313077,20.8423093,1
19:43:59,3.164,3.166243,59.02543068,20.82450688,1
19:44:00,3.164,3.165756,59.01955366,20.8093062,1
19:44:01,3.165,3.165513,59.01367664,20.80074251,1
19:44:02,3.165,3.165877,59.00779963,20.7901895,1
19:44:03,3.165,3.166057,59.00192,20.77869773,1
19:44:04,3.165,3.166146,58.99604559,20.76674551,1
19:44:05,3.165,3.166189,58.99016857,20.75457275,1
19:44:06,3.165,3.166209,58.98429155,20.74237764,1
19:44:07,3.165,3.166219,58.97841454,20.73001564,1
19:44:08,3.165,3.166222,58.97253752,20.71773857,1
19:44:09,3.165,3.166224,58.9666605,20.70534676,1
19:44:10,3.164,3.166223,58.96078348,20.68768442,1
19:44:11,3.165,3.165737,58.95491,20.67791075,1
19:44:12,3.164,3.165979,58.94902945,20.66171318,1
19:44:13,3.165,3.165614,58.94315243,20.65257728,1
19:44:14,3.164,3.165917,58.93727541,20.63656449,1
19:44:15,3.165,3.165581,58.93139839,20.62762082,1
19:44:16,3.165,3.165899,58.92552137,20.61700672,1
19:44:17,3.164,3.166056,58.91964436,20.60030401,1
19:44:18,3.164,3.165648,58.91376734,20.58575749,1
19:44:19,3.164,3.165444,58.90789,20.57238221,1
19:44:20,3.164,3.165342,58.9020133,20.55940926,1
19:44:21,3.165,3.16529,58.89613628,20.55202127,1
19:44:22,3.164,3.16575,58.89025927,20.53688765,1
19:44:23,3.165,3.165491,58.88438225,20.5284223,1
19:44:24,3.164,3.165848,58.87850523,20.51295638,1
19:44:25,3.164,3.165539,58.87262821,20.49895376,1
19:44:26,3.164,3.165384,58.86675119,20.48579901,1
19:44:27,3.165,3.165306,58.86087,20.47831565,1
19:44:28,3.165,3.165753,58.85499716,20.4684943,1
19:44:29,3.164,3.165973,58.84912014,20.45228332,1
19:44:30,3.164,3.165597,58.84324312,20.43804824,1
19:44:31,3.164,3.165409,58.8373661,20.42479962,1
19:44:32,3.165,3.165315,58.83148909,20.41727602,1
19:44:33,3.164,3.165753,58.82561207,20.40222734,1
19:44:34,3.164,3.165485,58.81973505,20.38858235,1
19:44:35,3.164,3.165351,58.81386,20.37563771,1
19:44:36,3.164,3.165284,58.80798101,20.36312968,1
19:44:37,3.164,3.16525,58.802104,20.35075724,1
19:44:38,3.164,3.165232,58.79622698,20.33837289,1
19:44:39,3.164,3.165223,58.79034996,20.32606751,1
19:44:40,3.164,3.165218,58.78447294,20.31388,1
19:44:41,3.164,3.165215,58.77859592,20.30160278,1
19:44:42,3.164,3.165213,58.77271891,20.28943747,1
19:44:43,3.164,3.165211,58.76684,20.27717382,1
19:44:44,3.164,3.16521,58.76096487,20.26494294,1
19:44:45,3.164,3.165209,58.75508785,20.25272995,1
19:44:46,3.164,3.165207,58.74921083,20.24053037,1
19:44:47,3.164,3.165206,58.74333382,20.22841871,1
19:44:48,3.164,3.165205,58.7374568,20.21619529,1
19:44:49,3.164,3.165204,58.73157978,20.20399868,1
19:44:50,3.164,3.165203,58.72570276,20.19181848,1
19:44:51,3.164,3.165202,58.71983,20.1796487,1
19:44:52,3.164,3.165201,58.71394873,20.16756684,1
19:44:53,3.164,3.1652,58.70807171,20.15537471,1
19:44:54,3.164,3.165199,58.70219469,20.14320791,1
19:44:55,3.164,3.165197,58.69631767,20.1310575,1
19:44:56,3.164,3.165196,58.69044065,20.11891752,1
19:44:57,3.164,3.165195,58.68456364,20.10678649,1
19:44:58,3.164,3.165194,58.67868662,20.09466141,1
19:44:59,3.164,3.165193,58.67281,20.08262277,1
19:45:00,3.164,3.165192,58.66693258,20.07054985,1
19:45:01,3.164,3.165191,58.66105556,20.05838603,1
19:45:02,3.164,3.16519,58.65517855,20.04625648,1
19:45:03,3.164,3.165188,58.64930153,20.0341478,1
19:45:04,3.164,3.165187,58.64342451,20.02205253,1
19:45:05,3.164,3.165186,58.63754749,20.00996619,1
19:45:06,3.164,3.165185,58.63167048,19.99796629,1
19:45:07,3.164,3.165184,58.62579,19.98585612,1
19:45:08,3.164,3.165183,58.61991644,19.97377127,1
19:45:09,3.164,3.165182,58.61403942,19.96170133,1
19:45:10,3.164,3.165181,58.6081624,19.9497208,1
19:45:11,3.164,3.165179,58.60228539,19.93763298,1
19:45:12,3.164,3.165178,58.59640837,19.92557049,1
19:45:13,3.164,3.165177,58.59053135,19.9135229,1
19:45:14,3.164,3.165176,58.58465433,19.90148723,1
19:45:15,3.164,3.165175,58.57878,19.88945901,1
19:45:16,3.164,3.165174,58.5729003,19.87743825,1
19:45:17,3.164,3.165173,58.56702328,19.86542493,1
19:45:18,3.164,3.165172,58.56114626,19.85349357,1
19:45:19,3.164,3.165171,58.55526924,19.84145343,1
19:45:20,3.164,3.165169,58.54939222,19.82943863,1
19:45:21,3.164,3.165168,58.54351521,19.81744021,1
19:45:22,3.164,3.165167,58.53763819,19.80545074,1
19:45:23,3.164,3.165166,58.53176,19.7934702,1
19:45:24,3.164,3.165165,58.52588415,19.78149563,1
19:45:25,3.164,3.165164,58.52000713,19.76952851,1
19:45:26,3.164,3.165163,58.51413012,19.75764334,1
19:45:27,3.164,3.165162,58.5082531,19.74565089,1
19:45:28,3.164,3.165161,58.50237608,19.73368078,1
19:45:29,3.164,3.16516,58.49649906,19.72172707,1
19:45:30,3.164,3.165159,58.49062204,19.70978379,1
19:45:31,3.164,3.165157,58.48475,19.69784945,1
19:45:32,3.164,3.165156,58.47886801,19.68592107,1
19:45:33,3.164,3.165155,58.47299099,19.67399865,1
19:45:34,3.164,3.165154,58.46711397,19.66215819,1
19:45:35,3.164,3.165153,58.46123695,19.65021044,1
19:45:36,3.164,3.165152,58.45535994,19.63828802,1
19:45:37,3.164,3.165151,58.44948292,19.6263805,1
19:45:38,3.164,3.16515,58.4436059,19.61448193,1
19:45:39,3.164,3.165148,58.43773,19.60259378,1
19:45:40,3.164,3.165148,58.43185186,19.59071,1
19:45:41,3.164,3.165147,58.42597485,19.57883388,1
19:45:42,3.164,3.165145,58.42009783,19.56703961,1
19:45:43,3.164,3.165144,58.41422081,19.55513805,1
19:45:44,3.164,3.165143,58.40834379,19.54326034,1
19:45:45,3.164,3.165142,58.40246677,19.53147352,1
19:45:46,3.164,3.165141,58.39658976,19.51958537,1
19:45:47,3.164,3.16514,58.39071,19.50772256,1
19:45:48,3.164,3.165139,58.38483572,19.49587613,1
19:45:49,3.163,3.165138,58.3789587,19.47880536,1
19:45:50,3.163,3.164651,58.37308168,19.46428865,1
19:45:51,3.163,3.164409,58.36720467,19.45104003,1
19:45:52,3.163,3.164288,58.36132765,19.43842471,1
19:45:53,3.163,3.164227,58.35545063,19.42612529,1
19:45:54,3.163,3.164197,58.34957361,19.4139868,1
19:45:55,3.163,3.164181,58.3437,19.40193,1
19:45:56,3.163,3.164173,58.33781958,19.38991994,1
19:45:57,3.163,3.164168,58.33194256,19.37793493,1
19:45:58,3.163,3.164165,58.32606554,19.36596334,1
19:45:59,3.163,3.164163,58.32018852,19.35400069,1
19:46:00,3.163,3.164161,58.3143115,19.34204698,1
19:46:01,3.163,3.16416,58.30843449,19.33010072,1
19:46:02,3.163,3.164159,58.30255747,19.31816041,1
19:46:03,3.163,3.164158,58.29668,19.30622756,1
19:46:04,3.163,3.164157,58.29080343,19.29429919,1
19:46:05,3.163,3.164155,58.28492641,19.28237677,1
19:46:06,3.163,3.164155,58.2790494,19.27045882,1
19:46:07,3.163,3.164153,58.27317238,19.25854832,1
19:46:08,3.163,3.164152,58.26729536,19.24671978,1
19:46:09,3.163,3.164151,58.26141834,19.23478246,1
19:46:10,3.163,3.16415,58.25554132,19.22287047,1
19:46:11,3.163,3.164149,58.24966,19.21104938,1
19:46:12,3.163,3.164148,58.24378729,19.19912547,1
19:46:13,3.163,3.164147,58.23791027,19.18722838,1
19:46:14,3.163,3.164146,58.23203325,19.1753462,1
19:46:15,3.163,3.164144,58.22615623,19.16355342,1
19:46:16,3.162,3.164144,58.22027922,19.14638728,1
19:46:17,3.162,3.163657,58.2144022,19.13181394,1
19:46:18,3.162,3.163414,58.20852518,19.11852509,1
19:46:19,3.162,3.163294,58.20265,19.105874,1
19:46:20,3.162,3.163233,58.19677114,19.09362525,1
19:46:21,3.162,3.163202,58.19089413,19.08141822,1
19:46:22,3.162,3.163187,58.18501711,19.069314,1
19:46:23,3.162,3.163178,58.17914009,19.05726343,1
19:46:24,3.162,3.163173,58.17326307,19.04524267,1
19:46:25,3.162,3.16317,58.16738605,19.03323978,1
19:46:26,3.162,3.163169,58.16150904,19.02124733,1
19:46:27,3.162,3.163167,58.15563,19.0092653,1
19:46:28,3.162,3.163166,58.149755,18.99728924,1
19:46:29,3.161,3.163165,58.14387798,18.98008287,1
19:46:30,3.161,3.162677,58.13800097,18.96553785,1
19:46:31,3.161,3.162435,58.13212395,18.95210296,1
19:46:32,3.161,3.162314,58.12624693,18.93932819,1
19:46:33,3.161,3.162253,58.12036991,18.92688125,1
19:46:34,3.161,3.162223,58.11449289,18.91459823,1
19:46:35,3.161,3.162207,58.10862,18.90240312,1
19:46:36,3.161,3.162199,58.10273886,18.8903302,1
19:46:37,3.161,3.162194,58.09686184,18.87816638,1
19:46:38,3.161,3.162191,58.09098482,18.86603683,1
19:46:39,3.161,3.162189,58.0851078,18.85392815,1
19:46:40,3.161,3.162187,58.07923079,18.84191036,1
19:46:41,3.16,3.162186,58.07335377,18.82451624,1
19:46:42,3.16,3.161699,58.06747675,18.80982965,1
19:46:43,3.16,3.161457,58.0616,18.79626811,1
19:46:44,3.16,3.161336,58.05572271,18.78337115,1
19:46:45,3.16,3.161275,58.0498457,18.77080649,1
19:46:46,3.16,3.161244,58.04396868,18.75840873,1
19:46:47,3.16,3.161229,58.03809166,18.74617636,1
19:46:48,3.16,3.16122,58.03221464,18.73395294,1
19:46:49,3.16,3.161216,58.02633762,18.72173399,1
19:46:50,3.16,3.161213,58.02046061,18.70944053,1
19:46:51,3.16,3.161211,58.01458,18.69719326,1
19:46:52,3.16,3.161209,58.00870657,18.68496984,1
19:46:53,3.16,3.161208,58.00282955,18.67276281,1
19:46:54,3.159,3.161206,57.99695253,18.65533143,1
19:46:55,3.16,3.16072,57.99107552,18.64568293,1
19:46:56,3.16,3.160963,57.9851985,18.63476485,1
19:46:57,3.16,3.161083,57.97932148,18.62321645,1
19:46:58,3.16,3.161143,57.97344446,18.61135811,1
19:46:59,3.159,3.161171,57.96757,18.59411597,1
19:47:00,3.159,3.160699,57.96169043,18.57934445,1
19:47:01,3.159,3.160465,57.95581341,18.56580079,1
19:47:02,3.159,3.160347,57.94993639,18.55287105,1
19:47:03,3.159,3.160289,57.94405937,18.54024976,1
19:47:04,3.159,3.160259,57.93818235,18.52778345,1
19:47:05,3.159,3.160244,57.93230534,18.5154,1
19:47:06,3.159,3.160235,57.92642832,18.50305349,1
19:47:07,3.159,3.160231,57.92055,18.4907347,1
19:47:08,3.159,3.160228,57.91467428,18.47843081,1
19:47:09,3.159,3.160226,57.90879726,18.46613735,1
19:47:10,3.159,3.160224,57.90292025,18.45393,1
19:47:11,3.159,3.160223,57.89704323,18.44161302,1
19:47:12,3.159,3.160222,57.89116621,18.42932254,1
19:47:13,3.159,3.16022,57.88528919,18.41704696,1
19:47:14,3.159,3.160219,57.87941217,18.40478182,1
19:47:15,3.159,3.160218,57.87354,18.39260608,1
19:47:16,3.158,3.160217,57.86765814,18.37505102,1
19:47:17,3.159,3.15973,57.86178112,18.36533844,1
19:47:18,3.159,3.159974,57.8559041,18.3543548,1
19:47:19,3.158,3.160094,57.85002708,18.33764762,1
19:47:20,3.158,3.159668,57.84415007,18.32309365,1
19:47:21,3.158,3.159455,57.83827305,18.30952764,1
19:47:22,3.158,3.159349,57.83239603,18.29664558,1
19:47:23,3.158,3.159296,57.82652,18.28401387,1
19:47:24,3.158,3.159269,57.82064199,18.27142537,1
19:47:25,3.158,3.159255,57.81476498,18.25894564,1
19:47:26,3.158,3.159248,57.80888796,18.24652106,1
19:47:27,3.158,3.159243,57.80301094,18.23412776,1
19:47:28,3.158,3.15924,57.79713392,18.22175384,1
19:47:29,3.158,3.159239,57.7912569,18.20947379,1
19:47:30,3.158,3.159237,57.78537989,18.19708049,1
19:47:31,3.158,3.159236,57.7795,18.18471402,1
19:47:32,3.158,3.159235,57.77362585,18.17236394,1
19:47:33,3.158,3.159234,57.76774883,18.16010624,1
19:47:34,3.158,3.159232,57.76187181,18.14773828,1
19:47:35,3.158,3.159231,57.7559948,18.13539565,1
19:47:36,3.158,3.15923,57.75011778,18.12306941,1
19:47:37,3.158,3.159229,57.74424076,18.11075509,1
19:47:38,3.158,3.159228,57.73836374,18.09845,1
19:47:39,3.158,3.159227,57.73249,18.08615029,1
19:47:40,3.158,3.159225,57.72660971,18.07385683,1
19:47:41,3.158,3.159224,57.72073269,18.06157082,1
19:47:42,3.158,3.159223,57.71485567,18.04929078,1
19:47:43,3.158,3.159222,57.70897865,18.03709567,1
19:47:44,3.158,3.159221,57.70310163,18.02478731,1
19:47:45,3.158,3.15922,57.69722462,18.01250577,1
19:47:46,3.158,3.159219,57.6913476,18.00023913,1
19:47:47,3.158,3.159218,57.68547,17.98798293,1
19:47:48,3.158,3.159216,57.67959356,17.97573566,1
19:47:49,3.158,3.159215,57.67371655,17.96349436,1
19:47:50,3.158,3.159214,57.66783953,17.95125902,1
19:47:51,3.158,3.159213,57.66196251,17.93903112,1
19:47:52,3.158,3.159212,57.65608549,17.92680919,1
19:47:53,3.158,3.159211,57.65020847,17.91459173,1
19:47:54,3.158,3.15921,57.64433146,17.90238023,1
19:47:55,3.158,3.159209,57.63845,17.89017618,1
19:47:56,3.158,3.159208,57.63257742,17.87806,1
19:47:57,3.158,3.159206,57.6267004,17.86582321,1
19:47:58,3.158,3.159205,57.62082338,17.85361618,1
19:47:59,3.158,3.159204,57.61494637,17.84142554,1
19:48:00,3.158,3.159203,57.60906935,17.82932,1
19:48:01,3.158,3.159202,57.60319233,17.81711131,1
19:48:02,3.158,3.159201,57.59731531,17.80492663,1
19:48:03,3.158,3.1592,57.59144,17.79275835,1
19:48:04,3.158,3.159199,57.58556128,17.78060049,1
19:48:05,3.158,3.159197,57.57968426,17.76845157,1
19:48:06,3.158,3.159196,57.57380724,17.75630862,1
19:48:07,3.158,3.159195,57.56793022,17.74417311,1
19:48:08,3.158,3.159194,57.5620532,17.73204356,1
19:48:09,3.158,3.159193,57.55617619,17.71991849,1
19:48:10,3.158,3.159192,57.55029917,17.70780087,1
19:48:11,3.158,3.159191,57.54442,17.6957652,1
19:48:12,3.158,3.15919,57.53854513,17.68362075,1
19:48:13,3.158,3.159189,57.53266811,17.67157912,1
19:48:14,3.158,3.159188,57.5267911,17.65943617,1
19:48:15,3.158,3.159186,57.52091408,17.6474005,1
19:48:16,3.158,3.159185,57.51503706,17.63526797,1
19:48:17,3.158,3.159184,57.50916004,17.62316525,1
19:48:18,3.158,3.159183,57.50328302,17.6110819,1
19:48:19,3.158,3.159182,57.49741,17.59900898,1
19:48:20,3.158,3.159181,57.49152899,17.58702397,1
19:48:21,3.158,3.15918,57.48565197,17.57493,1
19:48:22,3.158,3.159179,57.47977495,17.56286025,1
19:48:23,3.158,3.159177,57.47389793,17.55080819,1
19:48:24,3.158,3.159176,57.46802092,17.53876507,1
19:48:25,3.158,3.159175,57.4621439,17.5267309,1
19:48:26,3.158,3.159174,57.45626688,17.51478165,1
19:48:27,3.158,3.159173,57.45039,17.50279963,1
19:48:28,3.158,3.159172,57.44451284,17.4907282,1
19:48:29,3.158,3.159171,57.43863583,17.47869104,1
19:48:30,3.158,3.15917,57.43275881,17.46667325,1
19:48:31,3.158,3.159168,57.42688179,17.45466888,1
19:48:32,3.158,3.159168,57.42100477,17.44267344,1
19:48:33,3.158,3.159166,57.41512775,17.43068546,1
19:48:34,3.158,3.159165,57.40925074,17.41870344,1
19:48:35,3.158,3.159164,57.40337,17.40680337,1
19:48:36,3.158,3.159163,57.3974967,17.3947975,1
19:48:37,3.158,3.159162,57.39161968,17.38289148,1
19:48:38,3.158,3.159161,57.38574266,17.3708871,1
19:48:39,3.158,3.15916,57.37986565,17.35898703,1
19:48:40,3.158,3.159159,57.37398863,17.3469916,1
19:48:41,3.158,3.159158,57.36811161,17.33502746,1
19:48:42,3.158,3.159157,57.36223459,17.3231557,1
19:48:43,3.158,3.159155,57.35636,17.31118411,1
19:48:44,3.158,3.159154,57.35048056,17.29923934,1
19:48:45,3.158,3.159153,57.34460354,17.28731096,1
19:48:46,3.158,3.159152,57.33872652,17.27546751,1
19:48:47,3.158,3.159151,57.3328495,17.26352125,1
19:48:48,3.158,3.15915,57.32697248,17.25160033,1
19:48:49,3.158,3.159149,57.32109547,17.23969579,1
19:48:50,3.158,3.159148,57.31521845,17.22780168,1
19:48:51,3.158,3.159147,57.30934,17.21591502,1
19:48:52,3.158,3.159146,57.30346441,17.20403582,1
19:48:54,3.158,3.159145,57.29758739,17.19216108,1
19:48:54,3.158,3.159143,57.29171038,17.1803683,1
19:48:55,3.158,3.159142,57.28583336,17.16846973,1
19:48:56,3.158,3.159141,57.27995634,17.15659648,1
19:48:57,3.158,3.15914,57.27407932,17.14473665,1
19:48:58,3.158,3.159139,57.2682023,17.13288724,1
19:48:59,3.158,3.159138,57.26233,17.12104529,1
19:49:00,3.158,3.159137,57.25644827,17.10921079,1
19:49:01,3.158,3.159136,57.25057125,17.09738374,1
19:49:02,3.158,3.159135,57.24469423,17.08563417,1
19:49:03,3.158,3.159133,57.23881721,17.07378179,1
19:49:04,3.158,3.159132,57.2329402,17.06195325,1
19:49:05,3.158,3.159131,57.22706318,17.05013961,1
19:49:06,3.158,3.15913,57.22118616,17.03833491,1
19:49:07,3.158,3.159129,57.21531,17.02653915,1
19:49:08,3.158,3.159128,57.20943213,17.01474935,1
19:49:09,3.158,3.159127,57.20355511,17.00296551,1
19:49:10,3.158,3.159126,57.19767809,16.99126214,1
19:49:11,3.158,3.159125,57.19180107,16.97945446,1
19:49:12,3.158,3.159124,57.18592405,16.96767062,1
19:49:13,3.158,3.159122,57.18004704,16.95597619,1
19:49:14,3.158,3.159122,57.17417002,16.94418192,1
19:49:15,3.158,3.159121,57.16829,16.93241298,1
19:49:16,3.158,3.15912,57.16241598,16.92065895,1
19:49:17,3.158,3.159118,57.15653896,16.90891683,1
19:49:18,3.158,3.159117,57.15066195,16.89718217,1
19:49:19,3.158,3.159116,57.14478493,16.88545346,1
19:49:20,3.158,3.159115,57.13890791,16.87373221,1
19:49:21,3.158,3.159114,57.13303089,16.86208993,1
19:49:22,3.158,3.159113,57.12715387,16.85034335,1
19:49:23,3.158,3.159112,57.12128,16.8386206,1
19:49:24,3.158,3.159111,57.11539984,16.82698578,1
19:49:25,3.158,3.15911,57.10952282,16.8152526,1
19:49:26,3.158,3.159109,57.1036458,16.80354625,1
19:49:27,3.158,3.159108,57.09776878,16.7918548,1
19:49:28,3.158,3.159106,57.09189177,16.78017378,1
19:49:29,3.158,3.159106,57.08601475,16.76857322,1
19:49:30,3.158,3.159104,57.08013773,16.75687283,1
19:49:31,3.158,3.159103,57.07426,16.74519479,1
19:49:32,3.158,3.159102,57.06838369,16.73353165,1
19:49:33,3.158,3.159101,57.06250668,16.72187895,1
19:49:34,3.158,3.1591,57.05662966,16.71023,1
19:49:35,3.158,3.159099,57.05075264,16.69866741,1
19:49:36,3.158,3.159098,57.04487562,16.6869998,1
19:49:37,3.158,3.159097,57.0389986,16.67535603,1
19:49:38,3.158,3.159096,57.03312159,16.66372716,1
19:49:39,3.158,3.159095,57.02724,16.65217876,1
19:49:40,3.158,3.159094,57.02136755,16.64053202,1
19:49:41,3.158,3.159092,57.01549053,16.6289106,1
19:49:42,3.158,3.159091,57.00961351,16.6173026,1
19:49:43,3.158,3.15909,57.0037365,16.60570651,1
19:49:44,3.158,3.159089,56.99785948,16.59411639,1
19:49:45,3.158,3.159088,56.99198246,16.58253223,1
19:49:46,3.158,3.159087,56.98610544,16.57095551,1
19:49:47,3.158,3.159086,56.98023,16.55938327,1
19:49:48,3.158,3.159085,56.97435141,16.54781848,1
19:49:49,3.158,3.159084,56.96847439,16.53625816,1
19:49:50,3.158,3.159083,56.96259737,16.52477533,1
19:49:51,3.158,3.159082,56.95672035,16.51326269,1
19:49:52,3.158,3.159081,56.95084333,16.5016681,1
19:49:53,3.158,3.15908,56.94496632,16.49010479,1
19:49:54,3.158,3.159079,56.9390893,16.47856086,1
19:49:55,3.158,3.159078,56.93321,16.46702588,1
19:49:56,3.158,3.159076,56.92733526,16.45550281,1
19:49:57,3.158,3.159075,56.92145824,16.4439857,1
19:49:58,3.158,3.159074,56.91558123,16.43248,1
19:49:59,3.158,3.159073,56.90970421,16.42097086,1
19:50:00,3.158,3.159072,56.90382719,16.40947163,1
19:50:01,3.158,3.159071,56.89795017,16.39797688,1
19:50:02,3.158,3.15907,56.89207315,16.38648808,1
19:50:03,3.158,3.159069,56.8862,16.37507528,1
19:50:04,3.158,3.159068,56.88031912,16.36356562,1
19:50:05,3.158,3.159067,56.8744421,16.35207683,1
19:50:06,3.158,3.159066,56.86856508,16.34060144,1
19:50:07,3.158,3.159065,56.86268806,16.32913649,1
19:50:08,3.158,3.159064,56.85681105,16.31775,1
19:50:09,3.158,3.159063,56.85093403,16.30633473,1
19:50:10,3.158,3.159062,56.84505701,16.29483849,1
19:50:11,3.158,3.159061,56.83918,16.28337353,1
19:50:12,3.158,3.15906,56.83330297,16.27192795,1
19:50:13,3.158,3.159059,56.82742596,16.26049429,1
19:50:14,3.158,3.159057,56.82154894,16.24906957,1
19:50:15,3.158,3.159056,56.81567192,16.23765081,1
19:50:16,3.158,3.159055,56.8097949,16.22623801,1
19:50:17,3.158,3.159054,56.80391788,16.21490121,1
19:50:18,3.158,3.159053,56.79804087,16.20346606,1
19:50:19,3.158,3.159052,56.79216,16.19205326,1
19:50:20,3.158,3.159051,56.78628683,16.18065685,1
19:50:21,3.157,3.15905,56.78040981,16.16401374,1
19:50:22,3.158,3.158563,56.77453279,16.15518183,1
19:50:23,3.158,3.158807,56.76865578,16.14512652,1
19:50:24,3.158,3.158927,56.76277876,16.13436,1
19:50:25,3.158,3.158986,56.75690174,16.12335593,1
19:50:26,3.157,3.159015,56.75102472,16.10682309,1
19:50:27,3.158,3.158543,56.74515,16.09808654,1
19:50:28,3.158,3.158794,56.73927069,16.08803719,1
19:50:29,3.158,3.158918,56.73339367,16.07740074,1
19:50:30,3.158,3.158979,56.72751665,16.0664171,1
19:50:31,3.158,3.159009,56.72163963,16.0551995,1
19:50:32,3.158,3.159024,56.71576262,16.04392976,1
19:50:33,3.157,3.15903,56.7098856,16.02737457,1
19:50:34,3.158,3.158547,56.70400858,16.01862609,1
19:50:35,3.158,3.158792,56.69813,16.00859165,1
19:50:36,3.158,3.158914,56.69225454,15.99792093,1
19:50:37,3.157,3.158973,56.68637753,15.98181576,1
19:50:38,3.158,3.158517,56.68050051,15.97321332,1
19:50:39,3.158,3.158775,56.67462349,15.96325785,1
19:50:40,3.158,3.158903,56.66874647,15.95263779,1
19:50:41,3.157,3.158966,56.66286945,15.93656391,1
19:50:42,3.158,3.158511,56.65699244,15.92799127,1
19:50:43,3.157,3.15877,56.65112,15.91290832,1
19:50:44,3.157,3.158413,56.6452384,15.89955986,1
19:50:45,3.157,3.158235,56.63936138,15.88717699,1
19:50:46,3.157,3.158145,56.63348436,15.87534994,1
19:50:47,3.157,3.158101,56.62760735,15.86365253,1
19:50:48,3.157,3.158078,56.62173033,15.85216671,1
19:50:49,3.157,3.158066,56.61585331,15.84071815,1
19:50:50,3.157,3.15806,56.60997629,15.8292219,1
19:50:51,3.157,3.158056,56.6041,15.81777185,1
19:50:52,3.157,3.158054,56.59822226,15.80635011,1
19:50:53,3.157,3.158052,56.59234524,15.79494178,1
19:50:54,3.157,3.158051,56.58646822,15.78354537,1
19:50:55,3.157,3.15805,56.5805912,15.77215642,1
19:50:56,3.157,3.158048,56.57471418,15.76077491,1
19:50:57,3.157,3.158047,56.56883717,15.74939936,1
19:50:58,3.157,3.158046,56.56296015,15.73802829,1
19:50:59,3.157,3.158045,56.55708,15.72666466,1
19:51:00,3.157,3.158044,56.55120611,15.71537405,1
19:51:01,3.157,3.158043,56.54532909,15.70398659,1
19:51:02,3.157,3.158042,56.53945208,15.69262147,1
19:51:03,3.157,3.158041,56.53357506,15.68127126,1
19:51:04,3.157,3.15804,56.52769804,15.66999853,1
19:51:05,3.157,3.158039,56.52182102,15.65863192,1
19:51:06,3.157,3.158038,56.515944,15.64728767,1
19:51:07,3.157,3.158037,56.51007,15.63602537,1
19:51:08,3.157,3.158036,56.50418997,15.62467217,1
19:51:09,3.157,3.158035,56.49831295,15.61334431,1
19:51:10,3.157,3.158034,56.49243593,15.60202986,1
19:51:11,3.157,3.158033,56.48655891,15.59072584,1
19:51:12,3.157,3.158031,56.4806819,15.57942927,1
19:51:13,3.157,3.158031,56.47480488,15.56813866,1
19:51:14,3.157,3.158029,56.46892786,15.5568555,1
19:51:15,3.157,3.158028,56.46305,15.54557681,1
19:51:16,3.157,3.158027,56.45717382,15.53431,1
19:51:17,3.157,3.158026,56.45129681,15.52310437,1
19:51:18,3.157,3.158025,56.44541979,15.51181078,1
19:51:19,3.157,3.158024,56.43954277,15.50053805,1
19:51:20,3.157,3.158023,56.43366575,15.48928022,1
19:51:21,3.157,3.158022,56.42778873,15.47803134,1
19:51:22,3.157,3.158021,56.42191172,15.46678841,1
19:51:23,3.157,3.15802,56.41603,15.4556185,1
19:51:24,3.157,3.158019,56.41015768,15.44435769,1
19:51:25,3.157,3.158018,56.40428066,15.43311775,1
19:51:26,3.157,3.158017,56.39840364,15.42189,1
19:51:27,3.157,3.158016,56.39252663,15.41067362,1
19:51:28,3.157,3.158015,56.38664961,15.39952904,1
19:51:29,3.157,3.158014,56.38077259,15.38829505,1
19:51:30,3.157,3.158013,56.37489557,15.37708193,1
19:51:31,3.157,3.158012,56.36902,15.36588222,1
19:51:32,3.157,3.158011,56.36314154,15.35469145,1
19:51:33,3.157,3.15801,56.35726452,15.34350961,1
19:51:34,3.157,3.158009,56.3513875,15.33233374,1
19:51:35,3.157,3.158008,56.34551048,15.32116234,1
19:51:36,3.157,3.158007,56.33963346,15.3099969,1
19:51:37,3.157,3.158005,56.33375645,15.29890299,1
19:51:38,3.157,3.158005,56.32787943,15.28771669,1
19:51:39,3.157,3.158004,56.322,15.27655,1
19:51:40,3.157,3.158002,56.31612539,15.26540071,1
19:51:41,3.156,3.158001,56.31024837,15.24900198,1
19:51:42,3.156,3.157515,56.30437136,15.23516476,1
19:51:43,3.156,3.157273,56.29849434,15.22259861,1
19:51:44,3.156,3.157152,56.29261732,15.21074474,1
19:51:45,3.156,3.157092,56.2867403,15.19916803,1
19:51:46,3.156,3.157061,56.28086329,15.18773437,1
19:51:47,3.156,3.157045,56.27499,15.17630666,1
19:51:48,3.156,3.157037,56.26910925,15.16495198,1
19:51:49,3.156,3.157032,56.26323223,15.15363604,1
19:51:50,3.156,3.15703,56.25735521,15.14234245,1
19:51:51,3.155,3.157027,56.2514782,15.12580812,1
19:51:52,3.155,3.156541,56.24560118,15.11183381,1
19:51:53,3.155,3.156299,56.23972416,15.09913355,1
19:51:54,3.155,3.156178,56.23384714,15.08706957,1
19:51:55,3.155,3.156117,56.22797,15.0753215,1
19:51:56,3.155,3.156087,56.22209311,15.06373584,1
19:51:57,3.155,3.156071,56.21621609,15.05223215,1
19:51:58,3.154,3.156063,56.21033907,15.03551453,1
19:51:59,3.154,3.155572,56.20446205,15.02137333,1
19:52:00,3.154,3.155328,56.19858503,15.00860006,1
19:52:01,3.154,3.155206,56.19270802,14.99634236,1
19:52:02,3.154,3.155145,56.186831,14.98450041,1
19:52:03,3.154,3.155115,56.18095,14.97271955,1
19:52:04,3.153,3.155099,56.17507696,14.95590806,1
19:52:05,3.153,3.154605,56.16919994,14.94163424,1
19:52:06,3.153,3.15436,56.16332293,14.92854059,1
19:52:07,3.153,3.154237,56.15744591,14.91621286,1
19:52:08,3.153,3.154176,56.15156889,14.90418017,1
19:52:09,3.153,3.154145,56.14569187,14.89229947,1
19:52:10,3.153,3.154129,56.13981485,14.88042474,1
19:52:11,3.153,3.15412,56.13394,14.86862749,1
19:52:12,3.153,3.154115,56.12806082,14.85687196,1
19:52:13,3.153,3.154113,56.1221838,14.84513879,1
19:52:14,3.153,3.15411,56.11630678,14.83342201,1
19:52:15,3.153,3.154109,56.11042976,14.82171416,1
19:52:16,3.152,3.154108,56.10455275,14.80489373,1
19:52:17,3.152,3.153621,56.09867573,14.79044259,1
19:52:18,3.152,3.153379,56.09279871,14.77738172,1
19:52:19,3.152,3.153258,56.08692,14.7648409,1
19:52:20,3.152,3.153198,56.08104467,14.75264579,1
19:52:21,3.152,3.153167,56.07516766,14.74062204,1
19:52:22,3.152,3.153151,56.06929064,14.7286877,1
19:52:23,3.151,3.153143,56.06341362,14.71153796,1
19:52:24,3.151,3.152653,56.0575366,14.69707,1
19:52:25,3.151,3.152409,56.05165958,14.68374431,1
19:52:26,3.151,3.152287,56.04578257,14.67107981,1
19:52:27,3.151,3.152226,56.03991,14.65874612,1
19:52:28,3.151,3.152195,56.03402853,14.64657933,1
19:52:29,3.151,3.152179,56.02815151,14.63449746,1
19:52:30,3.151,3.152171,56.02227449,14.6225363,1
19:52:31,3.151,3.152166,56.01639748,14.61056471,1
19:52:32,3.151,3.152163,56.01052046,14.59851414,1
19:52:33,3.151,3.152161,56.00464344,14.58650231,1
19:52:34,3.151,3.15216,55.99876642,14.57458735,1
19:52:35,3.151,3.152158,55.99289,14.56257552,1
19:52:36,3.151,3.152157,55.98701239,14.55059201,1
19:52:37,3.151,3.152156,55.98113537,14.53862339,1
19:52:38,3.151,3.152155,55.97525835,14.5266667,1
19:52:39,3.151,3.152154,55.96938133,14.51471746,1
19:52:40,3.151,3.152153,55.96350431,14.50277567,1
19:52:41,3.151,3.152152,55.9576273,14.49084133,1
19:52:42,3.151,3.15215,55.95175028,14.47891295,1
19:52:43,3.151,3.152149,55.94587,14.46698904,1
19:52:44,3.151,3.152148,55.93999624,14.45507109,1
19:52:45,3.151,3.152147,55.93411922,14.44316059,1
19:52:46,3.151,3.152146,55.92824221,14.43132907,1
19:52:47,3.151,3.152145,55.92236519,14.41939175,1
19:52:48,3.151,3.152144,55.91648817,14.40747827,1
19:52:49,3.151,3.152143,55.91061115,14.39558119,1
19:52:50,3.151,3.152142,55.90473413,14.38369304,1
19:52:51,3.151,3.152141,55.89886,14.37181383,1
19:52:52,3.151,3.152139,55.8929801,14.36001509,1
19:52:53,3.151,3.152138,55.88710308,14.34811205,1
19:52:54,3.151,3.152138,55.88122606,14.33623284,1
19:52:55,3.151,3.152136,55.87534904,14.32444304,1
19:52:56,3.151,3.152135,55.86947203,14.31255,1
19:52:57,3.151,3.152134,55.86359501,14.3006891,1
19:52:58,3.151,3.152133,55.85771799,14.28884119,1
19:52:59,3.151,3.152132,55.85184,14.27700222,1
19:53:00,3.151,3.152131,55.84596395,14.26517218,1
19:53:01,3.151,3.15213,55.84008694,14.25342262,1
19:53:02,3.151,3.152129,55.83420992,14.24164325,1
19:53:03,3.151,3.152128,55.8283329,14.22985345,1
19:53:04,3.151,3.152127,55.82245588,14.21798617,1
19:53:05,3.151,3.152125,55.81657887,14.20615613,1
19:53:06,3.151,3.152124,55.81070185,14.19442147,1
19:53:07,3.151,3.152123,55.80482,14.18258846,1
19:53:08,3.151,3.152122,55.79894781,14.17078525,1
19:53:09,3.151,3.152121,55.79307079,14.15899694,1
19:53:10,3.151,3.15212,55.78719378,14.14722055,1
19:53:11,3.151,3.152119,55.78131676,14.13545161,1
19:53:12,3.151,3.152118,55.77543974,14.12369013,1
19:53:13,3.151,3.152117,55.76956272,14.11193609,1
19:53:14,3.151,3.152116,55.7636857,14.10025954,1
19:53:15,3.151,3.152115,55.75781,14.08848017,1
19:53:16,3.151,3.152113,55.75193167,14.07672465,1
19:53:17,3.151,3.152112,55.74605465,14.06498402,1
19:53:18,3.151,3.152112,55.74017763,14.05332386,1
19:53:19,3.151,3.15211,55.73430061,14.04156536,1
19:53:20,3.151,3.152109,55.7284236,14.02983069,1
19:53:21,3.151,3.152108,55.72254658,14.01811242,1
19:53:22,3.151,3.152107,55.71666956,14.00640309,1
19:53:23,3.151,3.152106,55.71079,13.9947027,1
19:53:24,3.151,3.152105,55.70491552,13.98300827,1
19:53:25,3.151,3.152104,55.69903851,13.97131979,1
19:53:26,3.151,3.152103,55.69316149,13.95970881,1
19:53:27,3.15,3.152102,55.68728447,13.94270062,1
19:53:28,3.15,3.151615,55.68140745,13.92829,1
19:53:29,3.151,3.151373,55.67553043,13.92045,1
19:53:30,3.151,3.151737,55.66965342,13.91068697,1
19:53:31,3.151,3.151918,55.66378,13.89997452,1
19:53:32,3.15,3.152007,55.65789938,13.88365626,1
19:53:33,3.15,3.151566,55.65202236,13.86948526,1
19:53:34,3.15,3.151346,55.64614534,13.85650039,1
19:53:35,3.15,3.151236,55.64026833,13.8441056,1
19:53:36,3.15,3.151181,55.63439131,13.83200586,1
19:53:37,3.15,3.151153,55.62851429,13.82005364,1
19:53:38,3.15,3.151139,55.62263727,13.80817741,1
19:53:39,3.15,3.151131,55.61676,13.79641742,1
19:53:40,3.15,3.151127,55.61088324,13.78464401,1
19:53:41,3.15,3.151124,55.60500622,13.77286762,1
19:53:42,3.15,3.151122,55.5991292,13.76102,1
19:53:43,3.15,3.15112,55.59325218,13.74928355,1
19:53:44,3.15,3.151119,55.58737516,13.73746097,1
19:53:45,3.15,3.151118,55.58149815,13.72567117,1
19:53:47,3.15,3.151117,55.57562113,13.71389776,1
19:53:47,3.15,3.151116,55.56974,13.70213777,1
19:53:48,3.15,3.151115,55.56386709,13.69038522,1
19:53:49,3.15,3.151114,55.55799007,13.67864013,1
19:53:50,3.15,3.151112,55.55211306,13.66690248,1
19:53:51,3.149,3.151111,55.54623604,13.65003884,1
19:53:52,3.149,3.150625,55.54035902,13.63554895,1
19:53:53,3.149,3.150383,55.534482,13.62236291,1
19:53:54,3.148,3.150262,55.52860498,13.60469759,1
19:53:56,3.148,3.149716,55.52273,13.58971894,1
19:53:56,3.148,3.149445,55.51685095,13.57620358,1
19:53:57,3.148,3.14931,55.51097393,13.56341541,1
19:53:58,3.147,3.149242,55.50509691,13.54571432,1
19:54:00,3.147,3.148722,55.49921989,13.53075653,1
19:54:00,3.146,3.148464,55.49334288,13.5120526,1
19:54:01,3.146,3.147849,55.48746586,13.49637061,1
19:54:02,3.146,3.147544,55.48158884,13.48233,1
19:54:03,3.145,3.147392,55.47571,13.46383244,1
19:54:05,3.145,3.14683,55.4698348,13.44830394,1
19:54:05,3.145,3.146551,55.46395779,13.43435049,1
19:54:06,3.144,3.146411,55.45808077,13.41568232,1
19:54:07,3.144,3.145856,55.45220375,13.39998692,1
19:54:09,3.144,3.14558,55.44632673,13.38576674,1
19:54:09,3.144,3.145442,55.44044971,13.37228,1
19:54:10,3.143,3.145373,55.4345727,13.35404,1
19:54:11,3.143,3.144853,55.4287,13.33833188,1
19:54:13,3.143,3.144594,55.42281866,13.32402,1
19:54:14,3.143,3.144465,55.41694164,13.31040561,1
19:54:14,3.143,3.1444,55.41106462,13.29713911,1
19:54:15,3.143,3.144368,55.40518761,13.28404546,1
19:54:17,3.143,3.144351,55.39931059,13.27112913,1
19:54:18,3.143,3.144342,55.39343357,13.25813383,1
19:54:18,3.143,3.144337,55.38755655,13.24518472,1
19:54:19,3.143,3.144334,55.38168,13.23226243,1
19:54:21,3.143,3.144332,55.37580252,13.21936,1
19:54:22,3.143,3.14433,55.3699255,13.20646107,1
19:54:22,3.143,3.144329,55.36404848,13.19357306,1
19:54:24,3.143,3.144327,55.35817146,13.18069398,1
19:54:24,3.143,3.144326,55.35229445,13.16782236,1
19:54:26,3.143,3.144325,55.34641743,13.1549567,1
19:54:27,3.143,3.144324,55.34054041,13.14209551,1
19:54:27,3.143,3.144322,55.33466,13.12924176,1
19:54:28,3.143,3.144321,55.32878637,13.11639398,1
19:54:30,3.143,3.14432,55.32290936,13.10355216,1
19:54:31,3.143,3.144319,55.31703234,13.0907163,1
19:54:31,3.143,3.144318,55.31115532,13.0778864,1
19:54:32,3.143,3.144317,55.3052783,13.06506246,1
19:54:34,3.143,3.144315,55.29940128,13.05232942,1
19:54:35,3.143,3.144314,55.29352427,13.03947568,1
19:54:36,3.143,3.144313,55.28765,13.0267337,1
19:54:36,3.143,3.144312,55.28177023,13.01388144,1
19:54:37,3.143,3.144311,55.27589321,13.00106198,1
19:54:39,3.143,3.14431,55.27001619,12.98826039,1
19:54:40,3.143,3.144309,55.26413918,12.97547072,1
19:54:40,3.143,3.144307,55.25826216,12.96269149,1
19:54:41,3.143,3.144306,55.25238514,12.94992,1
19:54:43,3.143,3.144305,55.24650812,12.93715388,1
19:54:44,3.143,3.144304,55.24063,12.92439401,1
19:54:45,3.143,3.144303,55.23475409,12.9116416,1
19:54:45,3.143,3.144301,55.22887707,12.89898008,1
19:54:47,3.143,3.1443,55.22300005,12.88619787,1
19:54:48,3.143,3.144299,55.21712303,12.87344247,1
19:54:49,3.143,3.144298,55.21124601,12.8607,1
19:54:49,3.143,3.144297,55.205369,12.8479749,1
19:54:51,3.143,3.144296,55.19949198,12.83525378,1
19:54:52,3.143,3.144294,55.19361,12.82262653,1
19:54:53,3.143,3.144293,55.18773794,12.80988008,1
19:54:54,3.143,3.144292,55.18186092,12.79716045,1
19:54:55,3.143,3.144291,55.17598391,12.78454065,1
19:54:56,3.143,3.14429,55.17010689,12.77180761,1
19:54:57,3.143,3.144289,55.16422987,12.75910288,1
19:54:58,3.143,3.144288,55.15835285,12.74641454,1
19:54:58,3.143,3.144286,55.15247583,12.73373961,1
19:55:00,3.143,3.144285,55.1466,12.72107363,1
19:55:01,3.143,3.144284,55.1407218,12.7084136,1
19:55:02,3.143,3.144283,55.13484478,12.69576102,1
19:55:02,3.143,3.144282,55.12896776,12.68319786,1
19:55:04,3.143,3.144281,55.12309074,12.67052,1
19:55:05,3.143,3.144279,55.11721373,12.6578629,1
19:55:06,3.143,3.144278,55.11133671,12.64522523,1
19:55:07,3.143,3.144277,55.10545969,12.63259798,1
19:55:08,3.143,3.144276,55.09958,12.61997819,1
19:55:09,3.142,3.144275,55.09370565,12.60208488,1
19:55:10,3.142,3.143789,55.08782864,12.58687675,1
19:55:11,3.142,3.143547,55.08195162,12.57288009,1
19:55:11,3.141,3.143426,55.0760746,12.5540778,1
19:55:13,3.14,3.14288,55.07019758,12.53291816,1
19:55:14,3.14,3.142123,55.06432056,12.51579821,1
19:55:15,3.139,3.141747,55.05844355,12.49539554,1
19:55:16,3.139,3.141074,55.05257,12.4785535,1
19:55:17,3.138,3.14074,55.04668951,12.45837733,1
19:55:18,3.138,3.140088,55.04081249,12.44153827,1
19:55:19,3.137,3.139764,55.03493547,12.42092699,1
19:55:20,3.137,3.139117,55.02905846,12.40381449,1
19:55:21,3.136,3.138795,55.02318144,12.38313541,1
19:55:22,3.136,3.138149,55.01730442,12.36588731,1
19:55:23,3.136,3.137828,55.0114274,12.35034391,1
19:55:24,3.136,3.137668,55.00555,12.33575642,1
19:55:25,3.136,3.137588,54.99967337,12.32143641,1
19:55:26,3.136,3.137547,54.99379635,12.30735555,1
19:55:27,3.136,3.137527,54.98791933,12.29339689,1
19:55:28,3.136,3.137516,54.98204231,12.27950156,1
19:55:29,3.136,3.13751,54.97616529,12.2656405,1
19:55:30,3.136,3.137506,54.97028828,12.2518979,1
19:55:31,3.136,3.137503,54.96441126,12.23802418,1
19:55:32,3.136,3.137502,54.95853,12.22418323,1
19:55:33,3.136,3.1375,54.95265722,12.21045926,1
19:55:34,3.136,3.137499,54.9467802,12.19670177,1
19:55:35,3.136,3.137497,54.94090319,12.18283325,1
19:55:36,3.136,3.137496,54.93502617,12.16900647,1
19:55:37,3.136,3.137495,54.92914915,12.15530187,1
19:55:38,3.136,3.137494,54.92327213,12.14146987,1
19:55:39,3.136,3.137492,54.91739511,12.12767214,1
19:55:40,3.136,3.137491,54.91152,12.11389527,1
19:55:41,3.136,3.13749,54.90564108,12.10013181,1
19:55:42,3.136,3.137489,54.89976406,12.08637729,1
19:55:43,3.135,3.137487,54.89388704,12.06734031,1
19:55:44,3.135,3.137001,54.88801003,12.05087602,1
19:55:45,3.136,3.136759,54.88213301,12.04103231,1
19:55:46,3.135,3.137123,54.87625599,12.02385649,1
19:55:47,3.135,3.136818,54.87037897,12.00833097,1
19:55:48,3.135,3.136666,54.8645,11.99362502,1
19:55:49,3.135,3.13659,54.85862494,11.97943091,1
19:55:50,3.135,3.136552,54.85274792,11.96539178,1
19:55:51,3.135,3.136532,54.8468709,11.95133477,1
19:55:52,3.135,3.136522,54.84099388,11.93746701,1
19:55:53,3.135,3.136516,54.83511686,11.92350313,1
19:55:54,3.134,3.136512,54.82923985,11.90443859,1
19:55:55,3.134,3.136025,54.82336283,11.88775897,1
19:55:56,3.133,3.135782,54.81749,11.86709851,1
19:55:57,3.133,3.135176,54.81160879,11.84982285,1
19:55:58,3.132,3.134874,54.80573177,11.82881147,1
19:55:59,3.131,3.134239,54.79985476,11.80583984,1
19:56:00,3.131,3.133438,54.79397774,11.78708002,1
19:56:01,3.13,3.133039,54.78810072,11.76512465,1
19:56:02,3.129,3.132355,54.7822237,11.74149439,1
19:56:03,3.129,3.13153,54.77634668,11.72206,1
19:56:04,3.129,3.13112,54.77047,11.70489639,1
19:56:05,3.129,3.130915,54.76459265,11.68897077,1
19:56:06,3.129,3.130813,54.75871563,11.67341992,1
19:56:07,3.129,3.130761,54.75283861,11.65817901,1
19:56:08,3.129,3.130735,54.74696159,11.64309233,1
19:56:09,3.129,3.130722,54.74108458,11.62819713,1
19:56:10,3.129,3.130714,54.73520756,11.61318123,1
19:56:11,3.129,3.13071,54.72933054,11.59821674,1
19:56:12,3.129,3.130707,54.72345,11.58328131,1
19:56:13,3.129,3.130705,54.7175765,11.56836376,1
19:56:14,3.129,3.130703,54.71169949,11.55345812,1
19:56:15,3.129,3.130702,54.70582247,11.53856143,1
19:56:16,3.129,3.1307,54.69994545,11.52367294,1
19:56:17,3.129,3.130699,54.69406843,11.50879115,1
19:56:18,3.129,3.130697,54.68819141,11.49391755,1
19:56:19,3.129,3.130696,54.6823144,11.47904992,1
19:56:20,3.129,3.130695,54.67644,11.46418825,1
19:56:21,3.129,3.130694,54.67056036,11.44933403,1
19:56:22,3.128,3.130692,54.66468334,11.42918617,1
19:56:23,3.128,3.130206,54.65880632,11.41161472,1
19:56:24,3.129,3.129964,54.65292931,11.40063,1
19:56:25,3.128,3.130328,54.64705229,11.38240993,1
19:56:26,3.128,3.130023,54.64117527,11.3658078,1
19:56:27,3.128,3.129871,54.63529825,11.35001,1
19:56:28,3.128,3.129795,54.62942,11.33461818,1
19:56:29,3.128,3.129756,54.62354422,11.31942794,1
19:56:30,3.128,3.129736,54.6176672,11.30445525,1
19:56:31,3.127,3.129726,54.61179018,11.28403768,1
19:56:32,3.126,3.129235,54.60591316,11.26115844,1
19:56:33,3.125,3.128506,54.60003614,11.23677641,1
19:56:34,3.124,3.127658,54.59415913,11.21131256,1
19:56:35,3.123,3.126751,54.58828211,11.18544191,1
19:56:36,3.122,3.125815,54.58241,11.15951985,1
19:56:37,3.122,3.124865,54.57652807,11.13833413,1
19:56:38,3.122,3.124392,54.57065105,11.11971885,1
19:56:39,3.122,3.124157,54.56477404,11.10237613,1
19:56:40,3.122,3.124039,54.55889702,11.08566821,1
19:56:41,3.122,3.12398,54.55302,11.06927842,1
19:56:42,3.122,3.12395,54.54714298,11.05317399,1
19:56:43,3.122,3.123934,54.54126596,11.03696749,1
19:56:44,3.122,3.123926,54.53539,11.02095991,1
19:56:45,3.122,3.123921,54.52951193,11.00481078,1
19:56:46,3.122,3.123918,54.52363491,10.98871529,1
19:56:47,3.122,3.123916,54.51775789,10.97264811,1
19:56:48,3.122,3.123914,54.51188087,10.95659956,1
19:56:49,3.122,3.123912,54.50600386,10.94056591,1
19:56:50,3.122,3.12391,54.50012684,10.92454121,1
19:56:51,3.122,3.123909,54.49424982,10.90864614,1
19:56:52,3.122,3.123908,54.48837,10.89257747,1
19:56:53,3.121,3.123906,54.48249578,10.87122,1
19:56:54,3.121,3.12342,54.47661877,10.85262522,1
19:56:55,3.121,3.123178,54.47074175,10.83524451,1
19:56:56,3.121,3.123057,54.46486473,10.81834212,1
19:56:57,3.121,3.122996,54.45898771,10.80181375,1
19:56:58,3.121,3.122965,54.45311069,10.78547239,1
19:56:59,3.12,3.122949,54.44723368,10.76390669,1
19:57:00,3.119,3.122455,54.44136,10.73965579,1
19:57:01,3.118,3.121725,54.43547964,10.71397886,1
19:57:02,3.117,3.120876,54.42960262,10.68750024,1
19:57:03,3.116,3.119969,54.42372561,10.66052094,1
19:57:04,3.115,3.119033,54.41784859,10.63320264,1
19:57:05,3.114,3.118083,54.41197157,10.60561836,1
19:57:06,3.114,3.117125,54.40609455,10.58312505,1
19:57:07,3.114,3.116649,54.40021753,10.56316197,1
19:57:08,3.114,3.116412,54.39434,10.544613,1
19:57:09,3.114,3.116293,54.3884635,10.5264686,1
19:57:10,3.114,3.116233,54.38258648,10.50867662,1
19:57:11,3.114,3.116203,54.37670946,10.49106419,1
19:57:12,3.114,3.116187,54.37083244,10.47368348,1
19:57:13,3.114,3.116179,54.36495543,10.45614332,1
19:57:14,3.114,3.116174,54.35907841,10.43880433,1
19:57:15,3.114,3.11617,54.35320139,10.42129248,1
19:57:16,3.114,3.116168,54.34732,10.40383726,1
19:57:17,3.114,3.116166,54.34144735,10.38641259,1
19:57:18,3.114,3.116164,54.33557034,10.3690058,1
19:57:19,3.114,3.116163,54.32969332,10.35161316,1
19:57:20,3.113,3.116161,54.3238163,10.32890603,1
19:57:21,3.113,3.115675,54.31793928,10.30878872,1
19:57:22,3.113,3.115433,54.31206226,10.29011831,1
19:57:23,3.113,3.115312,54.30618525,10.27200967,1
19:57:24,3.113,3.115251,54.30031,10.25404334,1
19:57:25,3.113,3.11522,54.29443121,10.23629606,1
19:57:26,3.113,3.115204,54.28855419,10.21866053,1
19:57:27,3.112,3.115195,54.28267717,10.19574702,1
19:57:28,3.112,3.114705,54.27680016,10.17545387,1
19:57:29,3.11,3.11446,54.27092314,10.14581025,1
19:57:30,3.109,3.113369,54.26504612,10.1166524,1
19:57:31,3.108,3.112341,54.2591691,10.08764282,1
19:57:32,3.107,3.111345,54.25329,10.05861014,1
19:57:33,3.107,3.110365,54.24741507,10.03479734,1
19:57:34,3.107,3.109878,54.24153805,10.01358181,1
19:57:35,3.107,3.109635,54.23566103,9.99365896,1
19:57:36,3.107,3.109514,54.22978401,9.974380583,1
19:57:37,3.107,3.109452,54.22390699,9.683854133,1
19:57:38,3.107,3.09923,54.21802998,9.831052274,1
19:57:39,3.107,3.107783,54.21215296,9.820253402,1
19:57:40,3.107,3.108119,54.20628,9.808680415,1
19:57:41,3.107,3.108273,54.20039892,9.796816111,1
19:57:42,3.106,3.108345,54.1945219,9.780111909,1
19:57:43,3.107,3.107829,54.18864489,9.770794958,1
19:57:44,3.107,3.108147,54.18276787,9.76093933,1
19:57:45,3.107,3.108283,54.17689085,9.750980139,1
19:57:46,3.106,3.108335,54.17101383,9.737934917,1
19:57:47,3.106,3.107815,54.16513681,9.72655192,1
19:57:48,3.106,3.107569,54.15926,9.715916216,1
19:57:49,3.106,3.107448,54.15338278,9.70563069,1
19:57:50,3.106,3.107382,54.14750576,9.695518017,1
19:57:51,3.104,3.107342,54.14162874,9.679317,1
19:57:52,3.103,3.106247,54.13575172,9.663332999,1
19:57:53,3.102,3.105207,54.12987471,9.647391737,1
19:57:54,3.101,3.104191,54.12399769,9.631422162,1
19:57:55,3.101,3.103186,54.11812067,9.618578106,1
19:57:56,3.1,3.10272,54.11224,9.603965282,1
19:57:57,3.1,3.101965,54.10636663,9.591731429,1
19:57:58,3.1,3.101611,54.10048962,9.580602497,1
19:57:59,3.1,3.101441,54.0946126,9.569996595,1
19:58:00,3.1,3.101353,54.08873558,9.559646994,1
19:58:01,3.1,3.101302,54.08285856,9.549434483,1
19:58:02,3.1,3.101269,54.07698154,9.539306164,1
19:58:03,3.1,3.101243,54.07110453,9.529234469,1
19:58:04,3.1,3.101221,54.06523,9.519210458,1
19:58:05,3.1,3.101201,54.05935049,9.50922817,1
19:58:06,3.099,3.101182,54.05347347,9.495849162,1
19:58:07,3.1,3.100628,54.04759645,9.487798065,1
19:58:08,3.099,3.100901,54.04171944,9.475303441,1
19:58:09,3.099,3.100481,54.03584242,9.464241564,1
19:58:10,3.099,3.10028,54.0299654,9.45385769,1
19:58:11,3.099,3.100178,54.02408838,9.443806857,1
19:58:12,3.099,3.100122,54.01821,9.433931112,1
19:58:13,3.099,3.100087,54.01233435,9.424162,1
19:58:14,3.097,3.10006,54.00645733,9.407263249,1
19:58:15,3.096,3.09897,54.00058031,9.390630573,1
19:58:16,3.094,3.097931,53.99470329,9.370443225,1
19:58:17,3.093,3.096381,53.98882627,9.352197498,1
19:58:18,3.092,3.095134,53.98294926,9.334801883,1
19:58:19,3.092,3.094023,53.97707224,9.321450442,1
19:58:20,3.092,3.093509,53.9712,9.309971333,1
19:58:21,3.092,3.093266,53.9653182,9.299372882,1
19:58:22,3.092,3.093145,53.95944118,9.289203584,1
19:58:23,3.092,3.093081,53.95356417,9.279260784,1
19:58:24,3.092,3.093041,53.94768715,9.269449115,1
19:58:25,3.092,3.093013,53.94181013,9.259726852,1
19:58:26,3.092,3.09299,53.93593311,9.250073135,1
19:58:27,3.092,3.09297,53.9300561,9.240482002,1
19:58:28,3.092,3.092951,53.92418,9.23094973,1
19:58:29,3.091,3.092932,53.91830206,9.217612445,1
19:58:30,3.091,3.092379,53.91242504,9.206388891,1
19:58:31,3.091,3.092118,53.90654802,9.196158499,1
19:58:32,3.091,3.09199,53.90067101,9.186413139,1
19:58:33,3.091,3.091923,53.89479399,9.176918864,1
19:58:34,3.091,3.091882,53.88891697,9.167568386,1
19:58:35,3.089,3.091855,53.88303995,9.150417894,1
19:58:36,3.088,3.090762,53.87716,9.133590013,1
19:58:37,3.086,3.089723,53.87128592,9.112904966,1
19:58:38,3.085,3.088171,53.8654089,9.094367921,1
19:58:39,3.085,3.086923,53.85953188,9.080788493,1
19:58:40,3.085,3.08633,53.85365486,9.069570154,1
19:58:41,3.085,3.086046,53.84777784,9.059485048,1
19:58:42,3.085,3.085906,53.84190083,9.049954265,1
19:58:43,3.085,3.085831,53.83602381,9.040718526,1
19:58:44,3.085,3.085786,53.83015,9.031659365,1
19:58:45,3.085,3.085754,53.82426977,9.022723883,1
19:58:46,3.085,3.085728,53.81839275,9.01388675,1
19:58:47,3.085,3.085705,53.81251574,9.005138278,1
19:58:48,3.085,3.085683,53.80663872,8.996471763,1
19:58:49,3.085,3.085663,53.8007617,8.987884969,1
19:58:50,3.084,3.085642,53.79488468,8.975274116,1
19:58:51,3.085,3.08508,53.78900766,8.969070762,1
19:58:52,3.084,3.08536,53.78313,8.957599849,1
19:58:53,3.084,3.084932,53.77725363,8.947885036,1
19:58:54,3.084,3.08473,53.77137661,8.938997984,1
19:58:55,3.084,3.084629,53.76549959,8.930522203,1
19:58:56,3.083,3.084574,53.75962257,8.918132633,1
19:58:57,3.081,3.083996,53.75374556,8.899836987,1
19:58:58,3.081,3.082641,53.74786854,8.887150139,1
19:58:59,3.079,3.082023,53.74199152,8.868717402,1
19:59:00,3.078,3.080652,53.73611,8.85182023,1
19:59:01,3.078,3.079483,53.73023748,8.839774,1
19:59:02,3.078,3.078951,53.72436047,8.82994011,1
19:59:03,3.078,3.078702,53.71848345,8.821137995,1
19:59:04,3.078,3.078581,53.71260643,8.812835813,1
19:59:05,3.078,3.078517,53.70672941,8.804797381,1
19:59:06,3.078,3.07848,53.70085239,8.796913922,1
19:59:07,3.078,3.078453,53.69497538,8.789137751,1
19:59:08,3.078,3.078432,53.6891,8.781447262,1
19:59:09,3.078,3.078414,53.68322134,8.773831278,1
19:59:10,3.078,3.078397,53.67734432,8.766284585,1
19:59:11,3.078,3.07838,53.6714673,8.758806437,1
19:59:12,3.077,3.078364,53.66559029,8.747172,1
19:59:13,3.077,3.077805,53.65971327,8.737894148,1
19:59:14,3.077,3.077546,53.65383625,8.72970894,1
19:59:15,3.076,3.077421,53.64795923,8.717813343,1
19:59:16,3.075,3.076813,53.64208,8.704250306,1
19:59:17,3.074,3.075989,53.6362052,8.68993029,1
19:59:18,3.072,3.075068,53.63032818,8.671022952,1
19:59:19,3.071,3.07356,53.62445116,8.654273301,1
19:59:20,3.071,3.072333,53.61857414,8.642732352,1
19:59:21,3.071,3.071776,53.61269712,8.633559197,1
19:59:22,3.071,3.071517,53.60682011,8.625482768,1
19:59:23,3.071,3.071394,53.60094309,8.617930114,1
19:59:24,3.071,3.07133,53.59507,8.610645682,1
19:59:25,3.071,3.071294,53.58918905,8.603515476,1
19:59:26,3.071,3.07127,53.58331203,8.596485853,1
19:59:27,3.071,3.071251,53.57743502,8.589534461,1
19:59:28,3.071,3.071235,53.571558,8.58265087,1
19:59:29,3.071,3.07122,53.56568098,8.575829864,1
19:59:30,3.07,3.071207,53.55980396,8.564774692,1
19:59:31,3.071,3.070648,53.55392694,8.560409397,1
19:59:32,3.07,3.070936,53.54805,8.550506085,1
19:59:33,3.07,3.070513,53.54217291,8.542422205,1
19:59:34,3.07,3.070316,53.53629589,8.535183221,1
19:59:35,3.069,3.070221,53.53041887,8.524040878,1
19:59:36,3.067,3.069628,53.52454185,8.506824821,1
19:59:37,3.065,3.068267,53.51866484,8.486846089,1
19:59:38,3.064,3.066562,53.51278782,8.469906449,1
19:59:39,3.063,3.065248,53.5069108,8.454327285,1
19:59:40,3.063,3.064108,53.50103,8.44366625,1
19:59:41,3.063,3.063591,53.49515676,8.435238153,1
19:59:42,3.063,3.063352,53.48927975,8.427838981,1
19:59:43,3.063,3.063238,53.48340273,8.420931548,1
19:59:44,3.063,3.06318,53.47752571,8.414273709,1
19:59:45,3.063,3.063148,53.47164869,8.407758176,1
19:59:46,3.063,3.063126,53.46577168,8.401334286,1
19:59:47,3.063,3.06311,53.45989466,8.394979686,1
19:59:48,3.062,3.063096,53.45402,8.384343237,1
19:59:49,3.062,3.062539,53.44814062,8.376123756,1
19:59:50,3.062,3.062283,53.4422636,8.369015157,1
19:59:51,3.062,3.062162,53.43638659,8.362432569,1
19:59:52,3.062,3.062102,53.43050957,8.356113732,1
19:59:53,3.061,3.062068,53.42463255,8.345581591,1
19:59:54,3.059,3.061503,53.41875553,8.328783512,1
19:59:55,3.058,3.060154,53.41287851,8.313506842,1
19:59:56,3.056,3.059,53.407,8.294530958,1
19:59:57,3.056,3.057388,53.40112448,8.282596618,1
19:59:58,3.056,3.05666,53.39524746,8.273837715,1
19:59:59,3.056,3.056328,53.38937044,8.266527951,1
20:00:00,3.056,3.056174,53.38349342,8.259893209,1
20:00:01,3.056,3.056098,53.37761641,8.253588527,1
20:00:02,3.056,3.056058,53.37173939,8.24745968,1
20:00:03,3.056,3.056034,53.36586237,8.241434395,1
20:00:04,3.056,3.056017,53.35999,8.235482126,1
20:00:05,3.056,3.056004,53.35410833,8.229589,1
20:00:06,3.056,3.055992,53.34823132,8.223748952,1
20:00:07,3.055,3.055981,53.3423543,8.213565499,1
20:00:08,3.055,3.055425,53.33647728,8.205819875,1
20:00:09,3.055,3.055171,53.33060026,8.199191839,1
20:00:10,3.055,3.055052,53.32472324,8.193088,1
20:00:11,3.054,3.054992,53.31884623,8.182841539,1
20:00:12,3.052,3.054416,53.31297,8.166324347,1
20:00:13,3.05,3.053063,53.30709219,8.146954,1
20:00:14,3.05,3.051362,53.30121517,8.135078102,1
20:00:15,3.049,3.050595,53.29533815,8.122175932,1
20:00:16,3.049,3.049702,53.28946114,8.113206923,1
20:00:17,3.049,3.049296,53.28358412,8.106026053,1
20:00:18,3.049,3.049109,53.2777071,8.099669218,1
20:00:19,3.049,3.049019,53.27183008,8.093706518,1
20:00:20,3.049,3.048974,53.26595,8.087943494,1
20:00:21,3.049,3.048948,53.26007605,8.082294,1
20:00:22,3.049,3.048932,53.25419903,8.076719195,1
20:00:23,3.049,3.048918,53.24832201,8.07120353,1
20:00:24,3.048,3.048907,53.24244499,8.061311394,1
20:00:25,3.048,3.048352,53.23656797,8.05387646,1
20:00:26,3.048,3.048099,53.23069096,8.047562838,1
20:00:27,3.048,3.04798,53.22481394,8.041774482,1
20:00:28,3.047,3.047922,53.21894,8.0318138,1
20:00:29,3.044,3.047346,53.2130599,8.011095971,1
20:00:30,3.042,3.045449,53.20718288,7.989920676,1
20:00:31,3.041,3.043504,53.20130587,7.972947508,1
20:00:32,3.041,3.042084,53.19542885,7.962270081,1
20:00:33,3.041,3.041443,53.18955183,7.95443207,1
20:00:34,3.041,3.041151,53.18367481,7.947888225,1
20:00:35,3.041,3.041015,53.17779779,7.941946387,1
20:00:36,3.041,3.040949,53.17192,7.936297357,1
20:00:37,3.041,3.040914,53.16604376,7.930803,1
20:00:38,3.041,3.040894,53.16016674,7.925400138,1
20:00:39,3.041,3.040879,53.15428972,7.920060307,1
20:00:40,3.041,3.040868,53.1484127,7.91477114,1
20:00:41,3.04,3.040858,53.14253569,7.905074954,1
20:00:42,3.04,3.040303,53.13665867,7.897847891,1
20:00:43,3.04,3.040051,53.13078165,7.89174661,1
20:00:44,3.04,3.039933,53.1249,7.886169851,1
20:00:45,3.039,3.039875,53.11902761,7.876392454,1
20:00:46,3.037,3.039299,53.1131506,7.860265672,1
20:00:47,3.035,3.037947,53.10727358,7.8412503,1
20:00:48,3.034,3.036246,53.10139656,7.825363,1
20:00:49,3.034,3.034936,53.09551954,7.815317065,1
20:00:50,3.034,3.034344,53.08964252,7.807908207,1
20:00:51,3.034,3.034075,53.08376551,7.8017,1
20:00:52,3.034,3.033949,53.07789,7.796049863,1
20:00:53,3.034,3.033888,53.07201147,7.790672034,1
20:00:54,3.034,3.033857,53.06613445,7.785436511,1
20:00:55,3.034,3.033837,53.06025743,7.780287415,1
20:00:56,3.034,3.033824,53.05438042,7.775196433,1
20:00:57,3.033,3.033814,53.0485034,7.765684277,1
20:00:58,3.033,3.03326,53.04262638,7.758648694,1
20:00:59,3.032,3.033007,53.03674936,7.748267055,1
20:01:00,3.03,3.032344,53.03087,7.731907815,1
20:01:01,3.028,3.030952,53.02499533,7.712827623,1
20:01:02,3.028,3.029234,53.01911831,7.70143345,1
20:01:03,3.027,3.028461,53.01324129,7.689025253,1
20:01:04,3.027,3.027565,53.00736427,7.680623978,1
20:01:05,3.027,3.027159,53.00148726,7.67403543,1
20:01:06,3.027,3.026973,52.99561024,7.668279856,1
20:01:07,3.027,3.026886,52.98973322,7.662916929,1
20:01:08,3.027,3.026842,52.98386,7.657749206,1
20:01:09,3.027,3.026818,52.97797918,7.652689517,1
20:01:10,3.027,3.026802,52.97210217,7.647699863,1
20:01:11,3.027,3.026791,52.96622515,7.642760873,1
20:01:12,3.026,3.026782,52.96034813,7.633376867,1
20:01:13,3.026,3.026228,52.95447111,7.626477629,1
20:01:14,3.026,3.025976,52.94859409,7.620710135,1
20:01:15,3.026,3.025859,52.94271708,7.615468651,1
20:01:16,3.025,3.025802,52.93684,7.605990022,1
20:01:17,3.022,3.025227,52.93096304,7.585615665,1
20:01:18,3.02,3.023329,52.92508602,7.564787567,1
20:01:19,3.02,3.021385,52.919209,7.552694529,1
20:01:20,3.02,3.02051,52.91333199,7.544528693,1
20:01:21,3.02,3.020115,52.90745497,7.538137585,1
20:01:22,3.02,3.019933,52.90157795,7.532562315,1
20:01:23,3.02,3.019848,52.89570093,7.527369261,1
20:01:24,3.02,3.019805,52.88982,7.522369176,1
20:01:25,3.02,3.019782,52.8839469,7.5174734,1
20:01:26,3.02,3.019768,52.87806988,7.512643188,1
20:01:27,3.02,3.019757,52.87219286,7.507862151,1
20:01:28,3.019,3.019748,52.86631584,7.498616725,1
20:01:29,3.019,3.019194,52.86043882,7.491864264,1
20:01:30,3.018,3.018942,52.85456181,7.481744885,1
20:01:31,3.016,3.01828,52.84868479,7.465600222,1
20:01:32,3.014,3.016889,52.84281,7.446713746,1
20:01:33,3.012,3.015171,52.83693075,7.42656365,1
20:01:34,3.012,3.013307,52.83105373,7.414808869,1
20:01:35,3.012,3.012468,52.82517672,7.406826317,1
20:01:36,3.012,3.012089,52.8192997,7.400551438,1
20:01:37,3.012,3.011915,52.81342268,7.395058125,1
20:01:38,3.012,3.011833,52.80754566,7.389935106,1
20:01:39,3.012,3.011792,52.80166864,7.384994626,1
20:01:40,3.012,3.01177,52.79579,7.380155474,1
20:01:41,3.012,3.011755,52.78991461,7.375381142,1
20:01:42,3.011,3.011746,52.78403759,7.366143167,1
20:01:43,3.011,3.011191,52.77816057,7.359404862,1
20:01:44,3.011,3.010939,52.77228355,7.35380277,1
20:01:45,3.01,3.010822,52.76640654,7.344217598,1
20:01:46,3.009,3.010221,52.76052952,7.332831621,1
20:01:47,3.006,3.009402,52.7546525,7.311604917,1
20:01:48,3.005,3.007395,52.74878,7.294924557,1
20:01:49,3.005,3.005946,52.74289846,7.284779847,1
20:01:50,3.005,3.005294,52.73702145,7.27757737,1
20:01:51,3.005,3.004997,52.73114443,7.271710783,1
20:01:52,3.005,3.004862,52.72526741,7.266457379,1
20:01:53,3.005,3.004796,52.71939039,7.261499017,1
20:01:54,3.005,3.004763,52.71351337,7.256689668,1
20:01:55,3.004,3.004745,52.70763636,7.247451693,1
20:01:56,3.005,3.004187,52.70176,7.245245576,1
20:01:57,3.004,3.004479,52.69588232,7.237203419,1
20:01:58,3.004,3.00406,52.6900053,7.231054455,1
20:01:59,3.002,3.003869,52.68412828,7.216732204,1
20:02:00,3,3.002689,52.67825127,7.198701799,1
20:02:01,2.999,3.001064,52.67237425,7.183492,1
20:02:02,2.998,2.999788,52.66649723,7.169539481,1
20:02:03,2.998,2.998667,52.66062021,7.160652429,1
20:02:04,2.998,2.998162,52.65474,7.154046744,1
20:02:05,2.998,2.997931,52.64886618,7.148481905,1
20:02:06,2.998,2.997824,52.64298916,7.143399864,1
20:02:07,2.998,2.997773,52.63711214,7.138551772,1
20:02:08,2.998,2.997746,52.63123512,7.133825868,1
20:02:09,2.998,2.99773,52.6253581,7.129170746,1
20:02:10,2.997,2.997719,52.61948109,7.120039314,1
20:02:11,2.997,2.997165,52.61360407,7.113417238,1
20:02:12,2.997,2.996913,52.60773,7.107935846,1
20:02:13,2.995,2.996796,52.60185003,7.093926519,1
20:02:14,2.993,2.995649,52.59597301,7.076057047,1
20:02:15,2.991,2.99404,52.590096,7.056416571,1
20:02:16,2.99,2.992224,52.58421898,7.040476054,1
20:02:17,2.99,2.990862,52.57834196,7.030700147,1
20:02:18,2.99,2.990248,52.57246494,7.023702562,1
20:02:19,2.99,2.98997,52.56658792,7.01796338,1
20:02:20,2.99,2.989841,52.56071,7.012805343,1
20:02:21,2.99,2.98978,52.55483389,7.007923722,1
20:02:22,2.99,2.989749,52.54895687,7.003184408,1
20:02:23,2.989,2.989731,52.54307985,6.993997,1
20:02:24,2.989,2.989174,52.53720284,6.987334043,1
20:02:25,2.989,2.98892,52.53132582,6.981818378,1
20:02:26,2.989,2.988804,52.5254488,6.976831,1
20:02:27,2.986,2.988748,52.51957178,6.95849508,1
20:02:28,2.984,2.987081,52.51369,6.93865642,1
20:02:29,2.983,2.985239,52.50781775,6.922635436,1
20:02:30,2.983,2.983865,52.50194073,6.912840158,1
20:02:31,2.983,2.983247,52.49606371,6.905844808,1
20:02:32,2.983,2.982966,52.49018669,6.900122762,1
20:02:33,2.983,2.982837,52.48430967,6.894984841,1
20:02:34,2.983,2.982775,52.47843266,6.890127063,1
20:02:35,2.983,2.982744,52.47255564,6.88541159,1
20:02:36,2.982,2.982727,52.46668,6.876241416,1
20:02:37,2.982,2.982169,52.4608016,6.869598478,1
20:02:38,2.982,2.981916,52.45492458,6.864105165,1
20:02:39,2.981,2.981799,52.44904757,6.854601949,1
20:02:40,2.979,2.981197,52.44317055,6.8387568,1
20:02:41,2.977,2.979832,52.43729353,6.82003051,1
20:02:42,2.976,2.978125,52.43141651,6.804516166,1
20:02:43,2.976,2.976812,52.42553949,6.794959307,1
20:02:44,2.976,2.97622,52.41966,6.788086146,1
20:02:45,2.976,2.975951,52.41378546,6.782431901,1
20:02:46,2.976,2.975828,52.40790844,6.777337193,1
20:02:47,2.976,2.975769,52.40203142,6.772509962,1
20:02:48,2.975,2.975739,52.3961544,6.763281673,1
20:02:49,2.975,2.975175,52.39027739,6.756609678,1
20:02:50,2.975,2.97492,52.38440037,6.751096994,1
20:02:51,2.973,2.974802,52.37852335,6.737037748,1
20:02:52,2.97,2.973654,52.37265,6.714561582,1
20:02:53,2.968,2.971497,52.36676931,6.692815572,1
20:02:54,2.968,2.969436,52.3608923,6.680425256,1
20:02:55,2.968,2.96851,52.35501528,6.672236323,1
20:02:56,2.968,2.968092,52.34913826,6.665942818,1
20:02:57,2.968,2.967901,52.34326124,6.66051507,1
20:02:58,2.968,2.967812,52.33738422,6.655491889,1
20:02:59,2.968,2.967769,52.33150721,6.650666893,1
20:03:00,2.968,2.967746,52.32563,6.64594546,1
20:03:01,2.968,2.967732,52.31975317,6.641288102,1
20:03:02,2.968,2.967722,52.31387615,6.636675447,1
20:03:03,2.968,2.967714,52.30799913,6.632099301,1
20:03:04,2.965,2.967707,52.30212212,6.613910943,1
20:03:05,2.962,2.966062,52.2962451,6.589577347,1
20:03:06,2.961,2.963683,52.29036808,6.571506709,1
20:03:07,2.961,2.962069,52.28449106,6.560780108,1
20:03:08,2.961,2.961343,52.27861,6.553347409,1
20:03:09,2.961,2.961014,52.27273703,6.547408551,1
20:03:10,2.961,2.960863,52.26686001,6.542154402,1
20:03:11,2.961,2.960792,52.26098299,6.537223607,1
20:03:12,2.961,2.960757,52.25510597,6.532453001,1
20:03:13,2.96,2.960738,52.24922895,6.523223966,1
20:03:14,2.96,2.960179,52.24335194,6.51653409,1
20:03:15,2.959,2.959926,52.23747492,6.506448984,1
20:03:16,2.957,2.959262,52.2316,6.49028793,1
20:03:17,2.955,2.95787,52.22572088,6.471357495,1
20:03:18,2.954,2.95615,52.21984386,6.455711275,1
20:03:19,2.954,2.95483,52.21396685,6.446064264,1
20:03:20,2.954,2.954236,52.20808983,6.439114362,1
20:03:21,2.954,2.953966,52.20221281,6.433390826,1
20:03:22,2.954,2.953842,52.19633579,6.428232044,1
20:03:23,2.954,2.953783,52.19045877,6.423340738,1
20:03:24,2.953,2.953753,52.18458,6.414039433,1
20:03:25,2.953,2.95319,52.17870474,6.407300383,1
20:03:26,2.953,2.952935,52.17282772,6.401722133,1
20:03:27,2.951,2.952816,52.1669507,6.387580931,1
20:03:28,2.948,2.951668,52.16107368,6.365017593,1
20:03:29,2.947,2.949511,52.15519667,6.347716,1
20:03:30,2.947,2.947996,52.14931965,6.337313354,1
20:03:31,2.947,2.947314,52.14344263,6.330011785,1
20:03:32,2.947,2.947005,52.13757,6.324113905,1
20:03:33,2.947,2.946863,52.13168859,6.318859756,1
20:03:34,2.946,2.946796,52.12581158,6.309362501,1
20:03:35,2.946,2.946217,52.11993456,6.302501261,1
20:03:36,2.946,2.945954,52.11405754,6.296836585,1
20:03:37,2.945,2.945832,52.10818052,6.287171692,1
20:03:38,2.943,2.945228,52.1023035,6.271157414,1
20:03:39,2.94,2.943862,52.09642649,6.247705966,1
20:03:40,2.939,2.941607,52.09055,6.229969114,1
20:03:41,2.939,2.940048,52.08467245,6.219326332,1
20:03:42,2.939,2.939346,52.07879543,6.211877,1
20:03:43,2.939,2.939029,52.07291842,6.205869094,1
20:03:44,2.939,2.938882,52.0670414,6.20052591,1
20:03:45,2.939,2.938814,52.06116438,6.19549416,1
20:03:46,2.938,2.938779,52.05528736,6.186071411,1
20:03:47,2.938,2.938214,52.04941034,6.179219484,1
20:03:48,2.938,2.937958,52.04353,6.173533946,1
20:03:49,2.936,2.93784,52.03765631,6.159282103,1
20:03:50,2.933,2.936691,52.03177929,6.136605889,1
20:03:51,2.932,2.934533,52.02590227,6.119199842,1
20:03:52,2.932,2.933017,52.02002525,6.108694524,1
20:03:53,2.932,2.932335,52.01414824,6.101292744,1
20:03:54,2.932,2.932027,52.00827122,6.095295772,1
20:03:55,2.932,2.931885,52.0023942,6.089945138,1
20:03:56,2.932,2.931818,51.99652,6.084898487,1
20:03:57,2.931,2.931784,51.99064016,6.075450778,1
20:03:58,2.931,2.931219,51.98476315,6.0685765,1
20:03:59,2.929,2.930963,51.97888613,6.05375953,1
20:04:00,2.927,2.929752,51.97300911,6.035351381,1
20:04:01,2.925,2.928113,51.96713209,6.015298888,1
20:04:02,2.925,2.926282,51.96125507,6.003583968,1
20:04:03,2.925,2.92546,51.95537806,5.995614454,1
20:04:04,2.925,2.925088,51.9495,5.98933734,1
20:04:05,2.925,2.924918,51.94362402,5.983833969,1
20:04:06,2.925,2.924838,51.937747,5.978692323,1
20:04:07,2.924,2.924799,51.93186998,5.969176441,1
20:04:08,2.924,2.924232,51.92599297,5.962243304,1
20:04:09,2.923,2.923974,51.92011595,5.95193021,1
20:04:10,2.92,2.923309,51.91423893,5.930977315,1
20:04:11,2.917,2.921368,51.90836191,5.905204639,1
20:04:12,2.917,2.918856,51.90248,5.890878662,1
20:04:13,2.917,2.917728,51.89660788,5.881690234,1
20:04:14,2.917,2.917219,51.89073086,5.874817446,1
20:04:15,2.917,2.916988,51.88485384,5.868997052,1
20:04:16,2.917,2.916881,51.87897682,5.863664299,1
20:04:17,2.917,2.91683,51.8730998,5.858564004,1
20:04:18,2.916,2.916803,51.86722279,5.849030986,1
20:04:19,2.913,2.916241,51.86134577,5.828398466,1
20:04:20,2.91,2.914346,51.85547,5.802719295,1
20:04:21,2.91,2.911854,51.84959173,5.788398534,1
20:04:22,2.91,2.910735,51.84371471,5.779177696,1
20:04:23,2.91,2.910231,51.8378377,5.772250146,1
20:04:24,2.91,2.910001,51.83196068,5.766368,1
20:04:25,2.91,2.909894,51.82608366,5.760971084,1
20:04:26,2.91,2.909843,51.82020664,5.755806714,1
20:04:27,2.909,2.909817,51.81432962,5.746208131,1
20:04:28,2.908,2.909256,51.80845,5.734613538,1
20:04:29,2.906,2.908454,51.80257559,5.717555434,1
20:04:30,2.903,2.906998,51.79669857,5.693464354,1
20:04:31,2.903,2.904703,51.79082155,5.679832771,1
20:04:32,2.903,2.903672,51.78494453,5.670899153,1
20:04:33,2.903,2.903206,51.77906752,5.664083362,1
20:04:34,2.903,2.902994,51.7731905,5.658232793,1
20:04:35,2.903,2.902896,51.76731348,5.652828515,1
20:04:36,2.902,2.902849,51.76144,5.643086135,1
20:04:37,2.902,2.902277,51.75555944,5.635945871,1
20:04:38,2.899,2.902018,51.74968243,5.616315454,1
20:04:39,2.896,2.900258,51.74380541,5.591033399,1
20:04:40,2.896,2.897826,51.73792839,5.576836318,1
20:04:41,2.896,2.896734,51.73205137,5.567615107,1
20:04:42,2.896,2.896242,51.72617435,5.560637638,1
20:04:43,2.896,2.896018,51.72029734,5.554680526,1
20:04:44,2.896,2.895913,51.71442,5.549198017,1
20:04:45,2.895,2.895864,51.7085433,5.539385229,1
20:04:46,2.895,2.895291,51.70266628,5.532183126,1
20:04:47,2.892,2.895031,51.69678926,5.512488261,1
20:04:48,2.889,2.893271,51.69091225,5.487142876,1
20:04:49,2.888,2.890839,51.68503523,5.468330532,1
20:04:50,2.888,2.8892,51.67915821,5.456987023,1
20:04:51,2.888,2.888463,51.67328119,5.449004844,1
20:04:52,2.888,2.888129,51.6674,5.442541838,1
20:04:53,2.888,2.887976,51.66152716,5.436775833,1
20:04:54,2.887,2.887904,51.65565014,5.426783115,1
20:04:55,2.886,2.887321,51.64977312,5.414882302,1
20:04:56,2.883,2.88651,51.6438961,5.39300628,1
20:04:57,2.881,2.884503,51.63801908,5.371169001,1
20:04:58,2.881,2.882507,51.63214207,5.358429253,1
20:04:59,2.881,2.88161,51.62626505,5.349775776,1
20:05:00,2.881,2.881205,51.62039,5.342968553,1
20:05:01,2.881,2.88102,51.61451101,5.337003991,1
20:05:02,2.88,2.880933,51.608634,5.326873437,1
20:05:03,2.88,2.880344,51.60275698,5.319428816,1
20:05:04,2.878,2.880076,51.59687996,5.304089561,1
20:05:05,2.875,2.87886,51.59100294,5.28062135,1
20:05:06,2.874,2.876671,51.58512592,5.262575299,1
20:05:07,2.874,2.87514,51.57924891,5.251505598,1
20:05:08,2.874,2.874451,51.57337,5.243574083,1
20:05:09,2.874,2.874139,51.56749487,5.237064138,1
20:05:10,2.874,2.873996,51.56161785,5.231206864,1
20:05:11,2.873,2.873928,51.55574083,5.221102014,1
20:05:12,2.871,2.873347,51.54986382,5.204526335,1
20:05:13,2.867,2.87199,51.5439868,5.175904185,1
20:05:14,2.866,2.869191,51.53810978,5.155484006,1
20:05:15,2.866,2.867387,51.53223276,5.143287033,1
20:05:16,2.866,2.866576,51.52636,5.134786665,1
20:05:17,2.866,2.866209,51.52047873,5.127958581,1
20:05:18,2.866,2.866041,51.51460171,5.121894926,1
20:05:19,2.866,2.865962,51.50872469,5.116191134,1
20:05:20,2.864,2.865923,51.50284767,5.101551116,1
20:05:21,2.86,2.864808,51.49697065,5.07375747,1
20:05:22,2.859,2.862118,51.49109364,5.053668842,1
20:05:23,2.859,2.860363,51.48521662,5.041582882,1
20:05:24,2.859,2.859573,51.47934,5.033096299,1
20:05:25,2.859,2.859215,51.47346258,5.026236549,1
20:05:26,2.858,2.859052,51.46758556,5.01556769,1
20:05:27,2.858,2.858428,51.46170855,5.007740483,1
20:05:28,2.854,2.858145,51.45583153,4.982969537,1
20:05:29,2.852,2.855827,51.44995451,4.959659651,1
20:05:30,2.852,2.853691,51.44407749,4.946073517,1
20:05:31,2.852,2.852731,51.43820047,4.936862737,1
20:05:32,2.852,2.852298,51.43232,4.929629341,1
20:05:33,2.852,2.8521,51.42644644,4.923296347,1
20:05:34,2.851,2.852007,51.42056942,4.912828654,1
20:05:35,2.85,2.851416,51.4146924,4.900499806,1
20:05:36,2.845,2.8506,51.40881538,4.869091883,1
20:05:37,2.845,2.847497,51.40293837,4.851836711,1
20:05:38,2.845,2.846102,51.39706135,4.840935767,1
20:05:39,2.845,2.845475,51.39118433,4.8328951,1
20:05:40,2.845,2.84519,51.38531,4.826152697,1
20:05:41,2.844,2.845058,51.37943029,4.815451428,1
20:05:42,2.844,2.844449,51.37355328,4.807526246,1
20:05:43,2.839,2.844172,51.36767626,4.77806814,1
20:05:44,2.837,2.84131,51.36179924,4.752555862,1
20:05:45,2.837,2.838931,51.35592222,4.737879708,1
20:05:46,2.837,2.837861,51.3500452,4.728079,1
20:05:47,2.837,2.837379,51.34416819,4.720478132,1
20:05:48,2.836,2.837159,51.33829,4.709322378,1
20:05:49,2.836,2.836509,51.33241415,4.701125994,1
20:05:50,2.833,2.836215,51.32653713,4.680595174,1
20:05:51,2.83,2.834438,51.32066011,4.654487595,1
20:05:52,2.83,2.831998,51.3147831,4.639507085,1
20:05:53,2.83,2.830901,51.30890608,4.629524797,1
20:05:54,2.83,2.830406,51.30302906,4.6217978,1
20:05:55,2.829,2.830181,51.29715204,4.610540345,1
20:05:56,2.828,2.829529,51.29128,4.597696662,1
20:05:57,2.824,2.828686,51.28539801,4.570456222,1
20:05:58,2.823,2.826116,51.27952099,4.55037728,1
20:05:59,2.823,2.824415,51.27364397,4.538052529,1
20:06:00,2.823,2.823649,51.26776695,4.529218748,1
20:06:01,2.822,2.823303,51.26188993,4.517406225,1
20:06:02,2.822,2.822597,51.25601292,4.50881198,1
20:06:03,2.82,2.822277,51.2501359,4.492557421,1
20:06:04,2.816,2.821035,51.24426,4.463728145,1
20:06:05,2.815,2.818287,51.23838186,4.442870989,1
20:06:06,2.815,2.816505,51.23250484,4.430135712,1
20:06:07,2.815,2.815703,51.22662783,4.421054199,1
20:06:08,2.814,2.815341,51.22075081,4.40906696,1
20:06:09,2.814,2.814627,51.21487379,4.400332645,1
20:06:10,2.81,2.814304,51.20899677,4.37483713,1
20:06:11,2.808,2.811966,51.20311975,4.350885376,1
20:06:12,2.808,2.809822,51.19724,4.336708784,1
20:06:13,2.808,2.808857,51.19136572,4.326926172,1
20:06:14,2.808,2.808421,51.1854887,4.319130629,1
20:06:15,2.807,2.808223,51.17961168,4.30768244,1
20:06:16,2.804,2.807582,51.17373466,4.285474494,1
20:06:17,2.801,2.80565,51.16785765,4.258400202,1
20:06:18,2.801,2.80314,51.16198063,4.242771864,1
20:06:19,2.8,2.802011,51.15610361,4.227728024,1
20:06:20,2.8,2.800955,51.15023,4.217498749,1
20:06:21,2.796,2.800478,51.14434958,4.191213846,1
20:06:22,2.794,2.798071,51.13847256,4.166784883,1
20:06:23,2.794,2.795896,51.13259554,4.152271897,1
20:06:24,2.794,2.794917,51.12671852,4.142217338,1
20:06:25,2.794,2.794475,51.1208415,4.134177789,1
20:06:26,2.793,2.794273,51.11496449,4.122500867,1
20:06:27,2.793,2.793631,51.10908747,4.11374867,1
20:06:28,2.787,2.79334,51.10321,4.078968614,1
20:06:29,2.786,2.789922,51.09733343,4.055213556,1
20:06:30,2.786,2.78784,51.09145641,4.040949792,1
20:06:31,2.786,2.786904,51.0855794,4.030954093,1
20:06:32,2.785,2.78648,51.07970238,4.018331,1
20:06:33,2.784,2.785739,51.07382536,4.004526,1
20:06:34,2.779,2.784857,51.06794834,3.971949592,1
20:06:35,2.779,2.781721,51.06207132,3.95367071,1
20:06:36,2.779,2.780313,51.05619,3.94181,1
20:06:37,2.778,2.779677,51.05031729,3.928289935,1
20:06:38,2.778,2.778842,51.04444027,3.918576986,1
20:06:39,2.773,2.778464,51.03856325,3.887794539,1
20:06:40,2.772,2.775554,51.03268623,3.865715489,1
20:06:41,2.772,2.7737,51.02680922,3.852096573,1
20:06:42,2.771,2.772865,51.0209322,3.837718442,1
20:06:43,2.771,2.77194,51.01505518,3.827558458,1
20:06:44,2.766,2.771521,51.00918,3.796513379,1
20:06:45,2.764,2.768594,51.00330114,3.769697249,1
20:06:46,2.764,2.766183,50.99742413,3.753869236,1
20:06:47,2.764,2.7651,50.99154711,3.742980212,1
20:06:48,2.763,2.76461,50.98567009,3.729765117,1
20:06:49,2.762,2.763839,50.97979307,3.715503961,1
20:06:50,2.757,2.762943,50.97391605,3.682532534,1
20:06:51,2.757,2.759801,50.96803904,3.663888201,1
20:06:52,2.756,2.758389,50.96216,3.647121415,1
20:06:53,2.756,2.757206,50.956285,3.635750338,1
20:06:54,2.755,2.756671,50.95040798,3.622252494,1
20:06:55,2.75,2.75588,50.94453096,3.589566052,1
20:06:56,2.75,2.752785,50.93865395,3.5709925,1
20:06:57,2.75,2.751395,50.93277693,3.558755666,1
20:06:58,2.749,2.750768,50.92689991,3.544818237,1
20:06:59,2.747,2.749936,50.92102289,3.525556624,1
20:07:00,2.742,2.748464,50.91515,3.490207717,1
20:07:01,2.742,2.745064,50.90926886,3.470363468,1
20:07:02,2.742,2.743537,50.90339184,3.457481,1
20:07:03,2.742,2.742849,50.89751482,3.447735,1
20:07:04,2.736,2.742536,50.8916378,3.412055597,1
20:07:05,2.735,2.739108,50.88576078,3.387450427,1
20:07:06,2.735,2.73702,50.87988377,3.372363001,1
20:07:07,2.734,2.736081,50.87400675,3.356995806,1
20:07:08,2.734,2.735109,50.86813,3.346063197,1
20:07:09,2.728,2.734668,50.86225271,3.309778497,1
20:07:10,2.728,2.731184,50.85637569,3.289387375,1
20:07:11,2.728,2.729618,50.85049868,3.276134,1
20:07:12,2.727,2.728912,50.84462166,3.261535242,1
20:07:13,2.723,2.728045,50.83874464,3.232650459,1
20:07:14,2.721,2.725462,50.83286762,3.20642665,1
20:07:15,2.721,2.723206,50.8269906,3.190490976,1
20:07:16,2.72,2.722191,50.82111,3.174621,1
20:07:17,2.718,2.721184,50.81523657,3.154220432,1
20:07:18,2.713,2.719635,50.80935955,3.118079714,1
20:07:19,2.713,2.716199,50.80348253,3.097611479,1
20:07:20,2.713,2.714656,50.79760551,3.084183112,1
20:07:21,2.712,2.71396,50.7917285,3.069367819,1
20:07:24,2.706,2.713096,50.78585148,3.031117655,1
20:07:25,2.706,2.709421,50.77997446,3.009627387,1
20:07:25,2.706,2.70777,50.7741,2.995675057,1
20:07:26,2.705,2.707026,50.76822042,2.980561554,1
20:07:26,2.699,2.706141,50.76234341,2.942112274,1
20:07:30,2.699,2.702455,50.75646639,2.92046573,1
20:07:30,2.699,2.700799,50.75058937,2.90638227,1
20:07:30,2.697,2.700053,50.74471235,2.886578627,1
20:07:30,2.691,2.69862,50.73883533,2.845933475,1
20:07:31,2.691,2.694689,50.73295832,2.823226713,1
20:07:32,2.691,2.692923,50.72708,2.80857496,1
20:07:33,2.688,2.692127,50.72120428,2.783864178,1
20:07:34,2.684,2.690125,50.71532726,2.750037983,1
20:07:35,2.684,2.687033,50.70945024,2.730321512,1
20:07:36,2.683,2.685643,50.70357323,2.712386474,1
20:07:37,2.677,2.684468,50.69769621,2.672425285,1
20:07:38,2.677,2.680653,50.69181919,2.649876103,1
20:07:39,2.676,2.678939,50.68594217,2.630578168,1
20:07:40,2.673,2.677619,50.68007,2.603624947,1
20:07:41,2.67,2.675381,50.67418814,2.573190071,1
20:07:42,2.67,2.672731,50.66831112,2.554847114,1
20:07:43,2.668,2.671539,50.6624341,2.532815188,1
20:07:44,2.662,2.669906,50.65655708,2.490845881,1
20:07:45,2.662,2.665885,50.65068007,2.467236482,1
20:07:46,2.661,2.664078,50.64480305,2.447305433,1
20:07:47,2.655,2.662717,50.63892603,2.406172454,1
20:07:48,2.655,2.658818,50.63305,2.382871695,1
20:07:49,2.654,2.657066,50.62717199,2.362997644,1
20:07:50,2.648,2.655728,50.62129498,2.321835048,1
20:07:51,2.648,2.65184,50.61541796,2.298425883,1
20:07:52,2.647,2.650093,50.60954094,2.278423123,1
20:07:53,2.64,2.648758,50.60366392,2.23254282,1
20:07:54,2.64,2.644322,50.5977869,2.206922695,1
20:07:55,2.639,2.64233,50.59190989,2.185834944,1
20:07:56,2.633,2.640886,50.58603,2.143936418,1
20:07:57,2.633,2.636949,50.58015585,2.120021172,1
20:07:58,2.629,2.63518,50.57427883,2.085910924,1
20:07:59,2.626,2.632192,50.56840181,2.051739953,1
20:08:00,2.625,2.629206,50.5625248,2.026632056,1
20:08:01,2.619,2.627316,50.55664778,1.982763968,1
20:08:02,2.619,2.623179,50.55077076,1.957790554,1
20:08:03,2.615,2.62132,50.54489374,1.923028938,1
20:08:04,2.611,2.618293,50.53902,1.88381765,1
20:08:05,2.61,2.614742,50.53313971,1.856266707,1
20:08:06,2.604,2.612598,50.52726269,1.811083034,1
20:08:07,2.604,2.608347,50.52138567,1.785333268,1
20:08:08,2.598,2.606438,50.51550865,1.740874909,1
20:08:09,2.597,2.602292,50.50963163,1.710800268,1
20:08:10,2.593,2.599882,50.50375462,1.673451997,1
20:08:11,2.589,2.596607,50.4978776,1.632782631,1
20:08:12,2.589,2.592944,50.492,1.608864963,1
20:08:13,2.582,2.591298,50.48612356,1.56044988,1
20:08:14,2.581,2.586722,50.48024654,1.528390497,1
20:08:15,2.575,2.584119,50.47436953,1.480780449,1
20:08:16,2.574,2.579663,50.46849251,1.448983513,1
20:08:17,2.568,2.577113,50.46261549,1.401391253,1
20:08:18,2.567,2.57268,50.45673847,1.369509287,1
20:08:19,2.56,2.570141,50.45086145,1.317192335,1
20:08:20,2.56,2.565166,50.44498,1.287641842,1
20:08:21,2.553,2.562931,50.43910742,1.236289181,1
20:08:22,2.552,2.558091,50.4332304,1.20249223,1
20:08:23,2.546,2.55537,50.42735338,1.153696142,1
20:08:24,2.545,2.55086,50.42147636,1.120965369,1
20:08:25,2.538,2.548286,50.41559935,1.067935117,1
20:08:26,2.536,2.543295,50.40972233,1.028610207,1
20:08:27,2.531,2.539958,50.40384531,0.981646962,1
20:08:28,2.525,2.535719,50.39797,0.926561747,1
20:08:29,2.524,2.530529,50.39209127,0.890733581,1
20:08:30,2.517,2.527651,50.38621426,0.835975166,1
20:08:31,2.515,2.522523,50.38033724,0.79555884,1
20:08:32,2.509,2.519125,50.37446022,0.743184937,1
20:08:33,2.502,2.514311,50.3685832,0.680751586,1
20:08:34,2.501,2.508316,50.36270618,0.64125252,1
20:08:35,2.499,2.505077,50.35682917,0.607442437,1
20:08:36,2.499,2.502524,50.35095,0.585359801,1
