Timestamp,V_Meas(Avg),V_Pred(EKF),SoC_CC(%),SoC_EKF(%),dt
10:59:10,3.553,3.524321,99.99412298,100,1
10:59:11,3.536,3.526799,99.98824596,100,1
10:59:12,3.522,3.526454,99.98236895,99.92573261,1
10:59:13,3.507,3.524343,99.97649193,99.65731502,1
10:59:14,3.493,3.518198,99.97061491,99.2611289,1
10:59:15,3.486,3.510036,99.96473789,98.87270927,1
10:59:16,3.479,3.502447,99.95886087,98.48567247,1
10:59:17,3.471,3.495095,99.95298386,98.08303714,1
10:59:18,3.464,3.487548,99.94710684,97.68742323,1
10:59:19,3.461,3.480115,99.94122982,97.36557,1
10:59:20,3.457,3.473894,99.9353528,97.08201289,1
10:59:21,3.45,3.46826,99.92947578,96.77901268,1
10:59:22,3.45,3.462196,99.92359877,96.57705426,1
10:59:23,3.442,3.457818,99.91772175,96.32033706,1
10:59:24,3.441,3.452386,99.91184473,96.13655806,1
10:59:25,3.436,3.448183,99.90597,95.94324827,1
10:59:26,3.435,3.443737,99.90009069,95.80504894,1
10:59:27,3.434,3.44025,99.89421368,95.70599794,1
10:59:28,3.428,3.43746,99.88833666,95.56130171,1
10:59:29,3.428,3.433762,99.88245964,95.47218084,1
10:59:30,3.427,3.4311,99.87658262,95.4079628,1
10:59:31,3.42,3.428909,99.8707056,95.27719617,1
10:59:32,3.42,3.425368,99.86482859,95.19715905,1
10:59:33,3.42,3.422819,99.85895157,95.15287876,1
10:59:34,3.414,3.420991,99.85307455,95.05307674,1
10:59:35,3.413,3.417999,99.84719753,95.06824017,1
10:59:36,3.412,3.415894,99.84132051,95.0412631,1
10:59:37,3.41,3.413894,99.8354435,95.04339695,1
10:59:38,3.406,3.412089,99.82956648,95.02270818,1
10:59:39,3.406,3.409692,99.82368946,95.02664804,1
10:59:40,3.405,3.408054,99.81781244,95.01302242,1
10:59:41,3.403,3.406453,99.81194,95.00809908,1
10:59:42,3.399,3.404879,99.80605841,94.99752522,1
10:59:43,3.399,3.402965,99.80018139,94.99479532,1
10:59:44,3.398,3.401453,99.79430437,94.98513937,1
10:59:45,3.397,3.400139,99.78842735,94.98076439,1
10:59:46,3.391,3.398875,99.78255033,94.97138858,1
10:59:47,3.391,3.396817,99.77667332,94.97243762,1
10:59:48,3.391,3.39512,99.7707963,94.9575603,1
10:59:49,3.39,3.393866,99.76491928,94.96193,1
10:59:50,3.388,3.39258,99.75904226,94.94470954,1
10:59:51,3.383999,3.39132,99.75316525,94.96768713,1
10:59:52,3.383999,3.389471,99.74728823,94.90404129,1
10:59:53,3.383,3.388332,99.74141121,94.99661922,1
10:59:54,3.381,3.386704,99.73553419,94.84589696,1
10:59:55,3.377,3.385885,99.72965717,94.95626092,1
10:59:56,3.377,3.383789,99.72378016,94.87644434,1
10:59:57,3.377,3.382552,99.7179,94.9195385,1
10:59:58,3.377,3.381254,99.71202612,94.91478205,1
10:59:59,3.376,3.380264,99.7061491,94.9105978,1
11:00:00,3.374,3.379299,99.70027208,94.90659237,1
11:00:01,3.369,3.378221,99.69439507,94.90376115,1
11:00:02,3.369,3.376656,99.68851805,94.8895812,1
11:00:03,3.369,3.375338,99.68264103,94.86704469,1
11:00:04,3.369,3.374217,99.67676401,94.84050274,1
11:00:05,3.369,3.373256,99.67088699,94.81285214,1
11:00:06,3.365,3.372429,99.66500998,94.76159215,1
11:00:07,3.362,3.3712,99.65913296,94.69159245,1
11:00:08,3.362,3.369748,99.65325594,94.62597966,1
11:00:09,3.362,3.36849,99.64737892,94.56595778,1
11:00:10,3.362,3.367399,99.6415019,94.51212287,1
11:00:11,3.361,3.366455,99.63562489,94.45527792,1
11:00:12,3.359,3.365505,99.62974787,94.38612461,1
11:00:13,3.355,3.364419,99.62387,94.2856133,1
11:00:14,3.355,3.362947,99.61799383,94.19777393,1
11:00:15,3.355,3.361673,99.61211681,94.12164688,1
11:00:16,3.355,3.360572,99.6062398,94.05607581,1
11:00:17,3.354,3.35962,99.60036278,93.98921132,1
11:00:18,3.354,3.358664,99.59448576,93.93215775,1
11:00:19,3.349,3.357838,99.58860874,93.828547,1
11:00:20,3.348,3.356452,99.58273172,93.72857213,1
11:00:21,3.348,3.355121,99.57685471,93.64306331,1
11:00:22,3.348,3.353972,99.57097769,93.57019067,1
11:00:23,3.348,3.352981,99.56510067,93.50832105,1
11:00:24,3.347,3.352127,99.55922365,93.44475865,1
11:00:25,3.347,3.351256,99.55334663,93.3909893,1
11:00:26,3.345,3.350505,99.54746962,93.32318306,1
11:00:27,3.341,3.349587,99.5415926,93.22080016,1
11:00:28,3.34,3.348255,99.53571558,93.12229,1
11:00:29,3.34,3.346971,99.52984,93.03837,1
11:00:30,3.34,3.345864,99.52396154,92.96694398,1
11:00:31,3.339,3.344911,99.51808453,92.89518595,1
11:00:32,3.339,3.343953,99.51220751,92.8342104,1
11:00:33,3.339,3.343129,99.50633049,92.78253317,1
11:00:34,3.336,3.342419,99.50045347,92.70566106,1
11:00:35,3.333,3.341401,99.49457645,92.60714054,1
11:00:36,3.333,3.340118,99.48869944,92.523,1
11:00:37,3.333,3.339012,99.48282242,92.45122671,1
11:00:38,3.333,3.338059,99.4769454,92.39009023,1
11:00:39,3.333,3.337238,99.47106838,92.33804345,1
11:00:40,3.332,3.33653,99.46519136,92.28298664,1
11:00:41,3.332,3.335786,99.45931435,92.23613143,1
11:00:42,3.331,3.335145,99.45343733,92.18551517,1
11:00:43,3.328,3.334457,99.44756031,92.11014509,1
11:00:44,3.326,3.333459,99.44168329,92.02424288,1
11:00:45,3.326,3.332329,99.43581,91.9506669,1
11:00:46,3.326,3.331354,99.42992926,91.88768268,1
11:00:47,3.326,3.330515,99.42405224,91.83379412,1
11:00:48,3.326,3.329791,99.41817522,91.78772,1
11:00:49,3.326,3.329167,99.4122982,91.74836278,1
11:00:50,3.325,3.32863,99.40642118,91.70421362,1
11:00:51,3.325,3.328032,99.40054417,91.66645408,1
11:00:52,3.321,3.327517,99.39466715,91.59224629,1
11:00:53,3.319,3.326533,99.38879013,91.50756001,1
11:00:54,3.318,3.325415,99.38291311,91.42431021,1
11:00:55,3.318,3.324317,99.37703609,91.35268331,1
11:00:56,3.318,3.32337,99.37115908,91.2910521,1
11:00:57,3.318,3.322553,99.36528206,91.23803377,1
11:00:58,3.318,3.321849,99.35940504,91.19238257,1
11:00:59,3.318,3.321242,99.35352802,91.15308523,1
11:01:00,3.317,3.320718,99.347651,91.10895991,1
11:01:01,3.317,3.320132,99.34177,91.07093215,1
11:01:02,3.317,3.319626,99.33589697,91.03816748,1
11:01:03,3.317,3.319191,99.33001995,91.0099,1
11:01:04,3.315,3.318815,99.32414293,90.96512198,1
11:01:05,3.313,3.318221,99.31826591,90.90612531,1
11:01:06,3.311,3.317441,99.3123889,90.83482027,1
11:01:07,3.311,3.316498,99.30651188,90.7732,1
11:01:08,3.311,3.315686,99.30063486,90.71993232,1
11:01:09,3.311,3.314985,99.29475784,90.67383,1
11:01:10,3.311,3.314379,99.28888083,90.63388109,1
11:01:11,3.311,3.313858,99.28300381,90.59925675,1
11:01:12,3.311,3.313407,99.27712679,90.56919813,1
11:01:13,3.311,3.313019,99.27124977,90.54308534,1
11:01:14,3.31,3.312683,99.26537275,90.51033854,1
11:01:15,3.31,3.312259,99.25949574,90.48188329,1
11:01:16,3.31,3.311893,99.25361872,90.4571116,1
11:01:17,3.309,3.311578,99.24774,90.42555094,1
11:01:18,3.307,3.311171,99.24186468,90.37817717,1
11:01:19,3.306,3.310551,99.23598766,90.32709002,1
11:01:20,3.304,3.309882,99.23011065,90.26286602,1
11:01:21,3.304,3.309036,99.22423363,90.2071,1
11:01:22,3.304,3.308307,99.21835661,90.15860558,1
11:01:23,3.304,3.307677,99.21247959,90.11641145,1
11:01:24,3.304,3.307133,99.20660257,90.0796175,1
11:01:25,3.304,3.306664,99.20072556,90.05453587,1
11:01:26,3.304,3.306277,99.19484854,90.03742337,1
11:01:27,3.304,3.305955,99.18897152,90.02433419,1
11:01:28,3.304,3.305681,99.1830945,90.0135,1
11:01:29,3.304,3.305446,99.17721748,90.00404477,1
11:01:30,3.303,3.305254,99.17134047,89.99329,1
11:01:31,3.303,3.305033,99.16546345,89.98401761,1
11:01:32,3.303,3.304835,99.15958643,89.975667,1
11:01:33,3.303,3.304659,99.15371,89.96793628,1
11:01:34,3.303,3.304502,99.14783239,89.96064067,1
11:01:35,3.303,3.304363,99.14195538,89.95367885,1
11:01:36,3.302,3.304241,99.13607836,89.94632363,1
11:01:37,3.301,3.304035,99.13020134,89.93910551,1
11:01:38,3.299,3.303756,99.12432432,89.93221521,1
11:01:39,3.298,3.303316,99.1184473,89.92630243,1
11:01:40,3.297,3.302832,99.11257029,89.92089629,1
11:01:41,3.297,3.30231,99.10669327,89.91563916,1
11:01:42,3.297,3.301849,99.10081625,89.91059065,1
11:01:43,3.297,3.301442,99.09493923,89.90567327,1
11:01:44,3.297,3.301082,99.08906221,89.90079761,1
11:01:45,3.297,3.300763,99.0831852,89.89309669,1
11:01:46,3.297,3.300481,99.07730818,89.88328576,1
11:01:47,3.297,3.300229,99.07143116,89.87185359,1
11:01:48,3.297,3.300004,99.06555414,89.8591876,1
11:01:49,3.297,3.299803,99.05968,89.84562755,1
11:01:50,3.297,3.299622,99.05380011,89.8314178,1
11:01:51,3.297,3.29946,99.04792309,89.81677294,1
11:01:52,3.297,3.299314,99.04204607,89.80181813,1
11:01:53,3.297,3.299181,99.03616905,89.78667855,1
11:01:54,3.297,3.299062,99.03029203,89.77143764,1
11:01:55,3.297,3.298955,99.02441502,89.75616097,1
11:01:56,3.297,3.298857,99.018538,89.74089026,1
11:01:57,3.297,3.298769,99.01266098,89.72567916,1
11:01:58,3.297,3.298689,99.00678396,89.71055746,1
11:01:59,3.297,3.298616,99.00090694,89.69555,1
11:02:00,3.296,3.29855,98.99502993,89.67484236,1
11:02:01,3.297,3.298398,98.98915291,89.66063261,1
11:02:02,3.297,3.298352,98.98327589,89.64650631,1
11:02:03,3.296,3.298311,98.97739887,89.62623477,1
11:02:04,3.296,3.29818,98.97152185,89.60652947,1
11:02:05,3.296,3.298063,98.96564,89.58733678,1
11:02:06,3.296,3.297956,98.95976782,89.56865072,1
11:02:07,3.296,3.297859,98.9538908,89.55044746,1
11:02:08,3.296,3.297771,98.94801378,89.5326674,1
11:02:09,3.296,3.297692,98.94213676,89.5153,1
11:02:10,3.296,3.29762,98.93625975,89.49830532,1
11:02:11,3.296,3.297555,98.93038273,89.48166966,1
11:02:12,3.296,3.297495,98.92450571,89.46535587,1
11:02:13,3.296,3.297441,98.91862869,89.44934011,1
11:02:14,3.295,3.297391,98.91275167,89.42649364,1
11:02:15,3.295,3.297253,98.90687466,89.40454125,1
11:02:16,3.295,3.297128,98.90099764,89.38338161,1
11:02:17,3.294,3.297015,98.89512062,89.35569525,1
11:02:18,3.294,3.29682,98.8892436,89.32934,1
11:02:19,3.294,3.296644,98.88336658,89.30413127,1
11:02:20,3.293,3.296485,98.87748957,89.2726481,1
11:02:21,3.293,3.296249,98.87161,89.24281597,1
11:02:22,3.293,3.296036,98.86573553,89.21445608,1
11:02:23,3.293,3.295844,98.85985851,89.18742537,1
11:02:24,3.292,3.295671,98.85398149,89.15410042,1
11:02:25,3.291,3.295422,98.84810448,89.11503553,1
11:02:26,3.292,3.295104,98.84222746,89.08580542,1
11:02:27,3.291,3.294912,98.83635044,89.05038834,1
11:02:28,3.291,3.294645,98.83047342,89.01686072,1
11:02:29,3.291,3.294405,98.82459641,88.98510337,1
11:02:30,3.29,3.294188,98.81871939,88.94729018,1
11:02:31,3.29,3.2939,98.81284237,88.91158104,1
11:02:32,3.29,3.293641,98.80696535,88.87776732,1
11:02:33,3.29,3.293407,98.80108833,88.84564042,1
11:02:34,3.29,3.293197,98.79521132,88.8150692,1
11:02:35,3.29,3.293007,98.7893343,88.78592253,1
11:02:36,3.29,3.292836,98.78345728,88.75801563,1
11:02:37,3.29,3.292682,98.77758,88.73127699,1
11:02:38,3.289,3.292543,98.77170324,88.6977613,1
11:02:39,3.289,3.292323,98.76582623,88.66586685,1
11:02:40,3.289,3.292125,98.75994921,88.63548636,1
11:02:41,3.289,3.291949,98.75407219,88.60640526,1
11:02:42,3.289,3.291795,98.74819517,88.57851028,1
11:02:43,3.289,3.291656,98.74231815,88.55165839,1
11:02:44,3.289,3.29153,98.73644114,88.52574825,1
11:02:45,3.289,3.291417,98.73056412,88.50069046,1
11:02:46,3.289,3.291314,98.7246871,88.47640753,1
11:02:47,3.289,3.291221,98.71881008,88.45281601,1
11:02:48,3.289,3.291136,98.71293306,88.42983842,1
11:02:49,3.289,3.291059,98.70705605,88.40745687,1
11:02:50,3.289,3.29099,98.70117903,88.38557601,1
11:02:51,3.289,3.290926,98.69530201,88.36418986,1
11:02:52,3.289,3.290869,98.68942499,88.34323287,1
11:02:53,3.289,3.290816,98.68355,88.32266331,1
11:02:54,3.289,3.290768,98.67767096,88.30245137,1
11:02:55,3.289,3.290724,98.67179394,88.2825613,1
11:02:56,3.289,3.290683,98.66591692,88.26296926,1
11:02:57,3.289,3.290646,98.6600399,88.24365139,1
11:02:58,3.289,3.290612,98.65416288,88.22458386,1
11:02:59,3.289,3.29058,98.64828587,88.2057488,1
11:03:00,3.289,3.290551,98.64240885,88.18712234,1
11:03:01,3.289,3.290524,98.63653183,88.16869855,1
11:03:02,3.289,3.290498,98.63065481,88.15044165,1
11:03:03,3.289,3.290475,98.62477779,88.13236952,1
11:03:04,3.289,3.290453,98.61890078,88.11443448,1
11:03:05,3.289,3.290432,98.61302376,88.09664845,1
11:03:06,3.289,3.290413,98.60714674,88.0790174,1
11:03:07,3.289,3.290395,98.60126972,88.0614996,1
11:03:08,3.289,3.290377,98.5953927,88.04411888,1
11:03:09,3.289,3.290361,98.58952,88.02685142,1
11:03:10,3.289,3.290345,98.58363867,88.00967932,1
11:03:11,3.289,3.29033,98.57776165,87.99262643,1
11:03:12,3.289,3.290316,98.57188463,87.97566891,1
11:03:13,3.289,3.290303,98.56600761,87.95880675,1
11:03:14,3.289,3.29029,98.5601306,87.94203401,1
11:03:15,3.289,3.290277,98.55425358,87.92533278,1
11:03:16,3.289,3.290265,98.54837656,87.90872693,1
11:03:17,3.289,3.290253,98.54249954,87.89220452,1
11:03:18,3.289,3.290241,98.53662252,87.87576556,1
11:03:19,3.289,3.290231,98.53074551,87.85939813,1
11:03:20,3.289,3.29022,98.52486849,87.84310818,1
11:03:21,3.289,3.290209,98.51899147,87.82688975,1
11:03:22,3.289,3.290199,98.51311445,87.81074286,1
11:03:23,3.289,3.290189,98.50723743,87.79465556,1
11:03:24,3.289,3.290179,98.50136042,87.77864575,1
11:03:25,3.289,3.290169,98.49548,87.76270747,1
11:03:26,3.289,3.290159,98.48960638,87.74683475,1
11:03:27,3.289,3.29015,98.48372936,87.7310276,1
11:03:28,3.289,3.29014,98.47785234,87.71528602,1
11:03:29,3.289,3.290131,98.47197533,87.69960999,1
11:03:30,3.289,3.290122,98.46609831,87.68399954,1
11:03:31,3.289,3.290113,98.46022129,87.66845465,1
11:03:32,3.289,3.290104,98.45434427,87.65297,1
11:03:33,3.289,3.290095,98.44846725,87.63754964,1
11:03:34,3.289,3.290087,98.44259024,87.62218356,1
11:03:35,3.289,3.290078,98.43671322,87.60688901,1
11:03:36,3.289,3.290069,98.4308362,87.5916481,1
11:03:37,3.289,3.290061,98.42495918,87.57647872,1
11:03:38,3.289,3.290052,98.41908216,87.5613749,1
11:03:39,3.289,3.290044,98.41320515,87.54633069,1
11:03:40,3.289,3.290036,98.40732813,87.53134608,1
11:03:41,3.289,3.290027,98.40145,87.51642108,1
11:03:42,3.289,3.290019,98.39557409,87.50155568,1
11:03:43,3.289,3.29001,98.38969707,87.48675585,1
11:03:44,3.289,3.290003,98.38382006,87.47201562,1
11:03:45,3.289,3.289994,98.37794304,87.45732903,1
11:03:46,3.289,3.289986,98.37206602,87.44271398,1
11:03:47,3.289,3.289978,98.366189,87.42815852,1
11:03:48,3.289,3.28997,98.36031199,87.41366267,1
11:03:49,3.289,3.289962,98.35443497,87.39922047,1
11:03:50,3.289,3.289954,98.34855795,87.38484979,1
11:03:51,3.289,3.289946,98.34268093,87.37053871,1
11:03:52,3.289,3.289938,98.33680391,87.3562932,1
11:03:53,3.289,3.28993,98.3309269,87.3421073,1
11:03:54,3.289,3.289922,98.32504988,87.327981,1
11:03:55,3.289,3.289915,98.31917286,87.3139143,1
11:03:56,3.289,3.289907,98.31329584,87.29990721,1
11:03:57,3.289,3.289899,98.30742,87.28595376,1
11:03:58,3.289,3.289891,98.30154181,87.27207,1
11:03:59,3.289,3.289884,98.29566479,87.25824952,1
11:04:00,3.289,3.289876,98.28978777,87.24448681,1
11:04:01,3.289,3.289868,98.28391075,87.2307837,1
11:04:02,3.289,3.28986,98.27803373,87.21714616,1
11:04:03,3.289,3.289853,98.27215672,87.20356822,1
11:04:04,3.289,3.289845,98.2662797,87.19004393,1
11:04:05,3.289,3.289838,98.26040268,87.17659116,1
11:04:06,3.289,3.28983,98.25452566,87.16319799,1
11:04:07,3.289,3.289823,98.24864864,87.14986444,1
11:04:08,3.289,3.289815,98.24277163,87.13658452,1
11:04:09,3.289,3.289808,98.23689461,87.12336421,1
11:04:10,3.289,3.2898,98.23101759,87.11020947,1
11:04:11,3.289,3.289793,98.22514057,87.09712029,1
11:04:12,3.289,3.289786,98.21926355,87.08409071,1
11:04:13,3.289,3.289778,98.21339,87.07112074,1
11:04:14,3.289,3.289771,98.20750952,87.05821037,1
11:04:15,3.289,3.289764,98.2016325,87.04535961,1
11:04:16,3.289,3.289757,98.19575548,87.03256249,1
11:04:17,3.289,3.289749,98.18987846,87.0198369,1
11:04:18,3.289,3.289742,98.18400145,87.00717092,1
11:04:19,3.289,3.289735,98.17812443,86.99456453,1
11:04:20,3.289,3.289728,98.17224741,86.98201776,1
11:04:21,3.289,3.289721,98.16637039,86.96952462,1
11:04:22,3.289,3.289714,98.16049337,86.95709109,1
11:04:23,3.289,3.289707,98.15461636,86.94471717,1
11:04:24,3.289,3.2897,98.14873934,86.93240285,1
11:04:25,3.289,3.289693,98.14286232,86.92014813,1
11:04:26,3.289,3.289686,98.1369853,86.90796494,1
11:04:27,3.289,3.289679,98.13110828,86.8958354,1
11:04:28,3.289,3.289672,98.12523127,86.88377142,1
11:04:29,3.289,3.289665,98.11935,86.87176704,1
11:04:30,3.289,3.289658,98.11347723,86.85981631,1
11:04:31,3.289,3.289651,98.10760021,86.84792519,1
11:04:32,3.289,3.289644,98.10172319,86.83609366,1
11:04:33,3.289,3.289638,98.09584618,86.82432175,1
11:04:34,3.289,3.289631,98.08996916,86.81260347,1
11:04:35,3.289,3.289624,98.08409214,86.80094481,1
11:04:36,3.289,3.289617,98.07821512,86.7893517,1
11:04:37,3.289,3.289611,98.0723381,86.77780628,1
11:04:38,3.289,3.289604,98.06646109,86.76632643,1
11:04:39,3.289,3.289597,98.06058407,86.75490618,1
11:04:40,3.289,3.289591,98.05470705,86.74355,1
11:04:41,3.289,3.289584,98.04883003,86.73223853,1
11:04:42,3.289,3.289577,98.04295301,86.72098517,1
11:04:43,3.289,3.289571,98.037076,86.70979738,1
11:04:44,3.289,3.289565,98.03119898,86.69866323,1
11:04:45,3.289,3.289558,98.02532,86.68758869,1
11:04:46,3.289,3.289552,98.01944494,86.67656779,1
11:04:47,3.289,3.289545,98.01356792,86.6656065,1
11:04:48,3.289,3.289539,98.00769091,86.65470481,1
11:04:49,3.289,3.289533,98.00181389,86.6438508,1
11:04:50,3.289,3.289526,97.99593687,86.63306236,1
11:04:51,3.289,3.28952,97.99005985,86.62232757,1
11:04:52,3.289,3.289514,97.98418283,86.61164641,1
11:04:53,3.289,3.289508,97.97830582,86.60101891,1
11:04:54,3.289,3.289501,97.9724288,86.59045696,1
11:04:55,3.289,3.289495,97.96655178,86.57994866,1
11:04:56,3.289,3.289489,97.96067476,86.56949401,1
11:04:57,3.289,3.289483,97.95479774,86.55908704,1
11:04:58,3.289,3.289477,97.94892073,86.54873967,1
11:04:59,3.289,3.28947,97.94304371,86.53845191,1
11:05:00,3.289,3.289464,97.93716669,86.52821779,1
11:05:01,3.289,3.289458,97.93129,86.51803732,1
11:05:02,3.289,3.289453,97.92541265,86.50791049,1
11:05:03,3.289,3.289446,97.91953564,86.49783731,1
11:05:04,3.289,3.289441,97.91365862,86.48781776,1
11:05:05,3.289,3.289435,97.9077816,86.47785,1
11:05:06,3.289,3.289429,97.90190458,86.46793962,1
11:05:07,3.289,3.289423,97.89602757,86.45808101,1
11:05:08,3.289,3.289417,97.89015055,86.448282,1
11:05:09,3.289,3.289411,97.88427353,86.43853068,1
11:05:10,3.289,3.289405,97.87839651,86.42883,1
11:05:11,3.289,3.289399,97.87251949,86.41918898,1
11:05:12,3.289,3.289394,97.86664248,86.40959859,1
11:05:13,3.289,3.289388,97.86076546,86.40006185,1
11:05:14,3.289,3.289382,97.85488844,86.39057875,1
11:05:15,3.289,3.289377,97.84901142,86.38114333,1
11:05:16,3.289,3.289371,97.8431344,86.3717556,1
11:05:17,3.289,3.289366,97.83726,86.36242151,1
11:05:18,3.289,3.28936,97.83138037,86.35314703,1
11:05:19,3.289,3.289354,97.82550335,86.34392023,1
11:05:20,3.289,3.289349,97.81962633,86.33474708,1
11:05:21,3.289,3.289344,97.81374931,86.3256216,1
11:05:22,3.289,3.289338,97.8078723,86.31654978,1
11:05:23,3.289,3.289333,97.80199528,86.30751967,1
11:05:24,3.289,3.289327,97.79611826,86.29854321,1
11:05:25,3.289,3.289322,97.79024124,86.2896204,1
11:05:26,3.289,3.289316,97.78436422,86.28074527,1
11:05:27,3.289,3.289311,97.77848721,86.27192378,1
11:05:28,3.289,3.289306,97.77261019,86.26314402,1
11:05:29,3.289,3.2893,97.76673317,86.25442386,1
11:05:30,3.289,3.289295,97.76085615,86.24574542,1
11:05:31,3.289,3.28929,97.75497913,86.23712063,1
11:05:32,3.289,3.289285,97.74910212,86.22854352,1
11:05:33,3.289,3.28928,97.74323,86.2200141,1
11:05:34,3.289,3.289274,97.73734808,86.21153235,1
11:05:35,3.289,3.289269,97.73147106,86.2030983,1
11:05:36,3.289,3.289264,97.72559404,86.19471788,1
11:05:37,3.289,3.289259,97.71971703,86.18637919,1
11:05:38,3.289,3.289254,97.71384001,86.17808819,1
11:05:39,3.289,3.289249,97.70796299,86.16984487,1
11:05:40,3.289,3.289244,97.70208597,86.16164923,1
11:05:41,3.289,3.289239,97.69620895,86.15350127,1
11:05:42,3.289,3.289234,97.69033194,86.14539504,1
11:05:43,3.289,3.289229,97.68445492,86.13733649,1
11:05:44,3.289,3.289224,97.6785779,86.12932563,1
11:05:45,3.289,3.289219,97.67270088,86.12136245,1
11:05:46,3.289,3.289214,97.66682386,86.11344695,1
11:05:47,3.289,3.28921,97.66094685,86.10557318,1
11:05:48,3.289,3.289205,97.65506983,86.09774709,1
11:05:49,3.289,3.2892,97.64919,86.08996272,1
11:05:50,3.289,3.289195,97.64331579,86.08222604,1
11:05:51,3.289,3.28919,97.63743877,86.07453704,1
11:05:52,3.289,3.289186,97.63156176,86.06688976,1
11:05:53,3.289,3.289181,97.62568474,86.05928421,1
11:05:54,3.289,3.289176,97.61980772,86.05172038,1
11:05:55,3.289,3.289172,97.6139307,86.04420424,1
11:05:56,3.289,3.289167,97.60805368,86.03672981,1
11:05:57,3.289,3.289163,97.60217667,86.02930307,1
11:05:58,3.289,3.289158,97.59629965,86.02191806,1
11:05:59,3.289,3.289153,97.59042263,86.01457477,1
11:06:00,3.289,3.289149,97.58454561,86.00727916,1
11:06:01,3.289,3.289145,97.57866859,86.00001931,1
11:06:02,3.289,3.28914,97.57279158,85.99280119,1
11:06:03,3.289,3.289136,97.56691456,85.98562479,1
11:06:04,3.289,3.289131,97.56103754,85.97849607,1
11:06:05,3.289,3.289127,97.55516,85.97140908,1
11:06:06,3.289,3.289122,97.5492835,85.96436381,1
11:06:07,3.289,3.289118,97.54340649,85.95736027,1
11:06:08,3.289,3.289113,97.53752947,85.95039845,1
11:06:09,3.289,3.289109,97.53165245,85.94347835,1
11:06:10,3.289,3.289105,97.52577543,85.93659401,1
11:06:11,3.289,3.289101,97.51989841,85.9297514,1
11:06:12,3.289,3.289096,97.5140214,85.92295051,1
11:06:13,3.289,3.289092,97.50814438,85.91619134,1
11:06:14,3.289,3.289088,97.50226736,85.90946794,1
11:06:16,3.289,3.289084,97.49639034,85.90279,1
11:06:16,3.289,3.28908,97.49051332,85.8961463,1
11:06:17,3.289,3.289076,97.48463631,85.8895421,1
11:06:18,3.289,3.289072,97.47875929,85.88297963,1
11:06:19,3.289,3.289067,97.47288227,85.87645888,1
11:06:20,3.289,3.289063,97.46700525,85.8699739,1
11:06:21,3.289,3.289059,97.46113,85.86352468,1
11:06:22,3.289,3.289055,97.45525122,85.85711718,1
11:06:23,3.289,3.289051,97.4493742,85.85074544,1
11:06:25,3.289,3.289047,97.44349718,85.84441543,1
11:06:26,3.289,3.289043,97.43762016,85.83812118,1
11:06:26,3.289,3.28904,97.43174314,85.83186269,1
11:06:27,3.289,3.289036,97.42586613,85.82564592,1
11:06:29,3.289,3.289032,97.41998911,85.81946492,1
11:06:29,3.289,3.289028,97.41411209,85.81331968,1
11:06:30,3.289,3.289024,97.40823507,85.80721021,1
11:06:31,3.289,3.28902,97.40235806,85.80113649,1
11:06:32,3.289,3.289016,97.39648104,85.7951045,1
11:06:33,3.289,3.289012,97.39060402,85.78911,1
11:06:34,3.289,3.289009,97.384727,85.78314185,1
11:06:35,3.289,3.289005,97.37884998,85.77721715,1
11:06:36,3.289,3.289001,97.37297297,85.77132821,1
11:06:38,3.289,3.288998,97.3671,85.76546907,1
11:06:38,3.289,3.288994,97.36121893,85.7596457,1
11:06:39,3.289,3.28899,97.35534191,85.75385809,1
11:06:40,3.289,3.288987,97.34946489,85.74810624,1
11:06:42,3.289,3.288983,97.34358788,85.74239016,1
11:06:42,3.289,3.288979,97.33771086,85.73670983,1
11:06:43,3.289,3.288976,97.33183384,85.73106527,1
11:06:44,3.289,3.288972,97.32595682,85.72545052,1
11:06:46,3.289,3.288969,97.3200798,85.71987,1
11:06:47,3.289,3.288965,97.31420279,85.71432829,1
11:06:47,3.289,3.288962,97.30832577,85.70881486,1
11:06:48,3.289,3.288958,97.30244875,85.70333719,1
11:06:49,3.289,3.288955,97.29657173,85.69788933,1
11:06:51,3.289,3.288951,97.29069471,85.69247723,1
11:06:52,3.289,3.288948,97.2848177,85.68710089,1
11:06:52,3.289,3.288944,97.27894068,85.68175435,1
11:06:54,3.289,3.288941,97.27306,85.67644358,1
11:06:55,3.289,3.288938,97.26718664,85.67116261,1
11:06:56,3.289,3.288934,97.26130962,85.66591144,1
11:06:56,3.289,3.288931,97.25543261,85.66069603,1
11:06:57,3.289,3.288928,97.24955559,85.65551043,1
11:06:59,3.289,3.288924,97.24367857,85.65035462,1
11:07:00,3.289,3.288921,97.23780155,85.64523458,1
11:07:00,3.289,3.288918,97.23192453,85.64014,1
11:07:01,3.289,3.288915,97.22604752,85.63508391,1
11:07:03,3.289,3.288911,97.2201705,85.63005328,1
11:07:04,3.289,3.288908,97.21429348,85.62505245,1
11:07:04,3.289,3.288905,97.20841646,85.62008739,1
11:07:05,3.289,3.288902,97.20253944,85.61514616,1
11:07:06,3.289,3.288899,97.19666243,85.6102407,1
11:07:08,3.289,3.288896,97.19078541,85.60536504,1
11:07:09,3.289,3.288893,97.18490839,85.60051918,1
11:07:09,3.289,3.288889,97.17903,85.5957,1
11:07:10,3.289,3.288886,97.17315435,85.59091687,1
11:07:12,3.289,3.288883,97.16727734,85.58616042,1
11:07:13,3.289,3.28888,97.16140032,85.58142781,1
11:07:13,3.289,3.288877,97.1555233,85.57672501,1
11:07:14,3.289,3.288874,97.14964628,85.57205,1
11:07:16,3.289,3.288871,97.14376926,85.5674088,1
11:07:17,3.289,3.288868,97.13789225,85.5627954,1
11:07:18,3.289,3.288865,97.13201523,85.55820584,1
11:07:18,3.289,3.288862,97.12613821,85.55364609,1
11:07:19,3.289,3.288859,97.12026119,85.54911613,1
11:07:21,3.289,3.288857,97.11438417,85.54461002,1
11:07:22,3.289,3.288853,97.10850716,85.54013968,1
11:07:22,3.289,3.288851,97.10263014,85.53568721,1
11:07:23,3.289,3.288848,97.09675312,85.53126454,1
11:07:25,3.289,3.288845,97.0908761,85.52687168,1
11:07:26,3.289,3.288842,97.085,85.52250862,1
11:07:27,3.289,3.28884,97.07912207,85.5181694,1
11:07:27,3.289,3.288837,97.07324505,85.51385403,1
11:07:29,3.289,3.288834,97.06736803,85.50956845,1
11:07:30,3.289,3.288831,97.06149101,85.50531268,1
11:07:31,3.289,3.288829,97.05561399,85.50107479,1
11:07:31,3.289,3.288826,97.04973698,85.4968667,1
11:07:33,3.289,3.288823,97.04385996,85.49268842,1
11:07:34,3.289,3.288821,97.03798294,85.48852801,1
11:07:35,3.289,3.288817,97.03210592,85.48439741,1
11:07:35,3.289,3.288815,97.0262289,85.48029065,1
11:07:36,3.289,3.288812,97.02035189,85.47621369,1
11:07:38,3.289,3.28881,97.01447487,85.47216058,1
11:07:39,3.289,3.288807,97.00859785,85.4681313,1
11:07:40,3.289,3.288805,97.00272083,85.46412587,1
11:07:40,3.289,3.288802,96.99684381,85.46014428,1
11:07:42,3.289,3.288799,96.99097,85.45619249,1
11:07:43,3.289,3.288797,96.98508978,85.45226455,1
11:07:44,3.289,3.288794,96.97921276,85.44836044,1
11:07:44,3.289,3.288792,96.97333574,85.44448018,1
11:07:46,3.289,3.288789,96.96745872,85.44062376,1
11:07:47,3.289,3.288787,96.96158171,85.43679118,1
11:07:48,3.289,3.288784,96.95570469,85.43298841,1
11:07:49,3.289,3.288782,96.94982767,85.42920351,1
11:07:49,3.289,3.288779,96.94395065,85.42544246,1
11:07:51,3.289,3.288777,96.93807364,85.42170525,1
11:07:52,3.289,3.288774,96.93219662,85.41798592,1
11:07:53,3.289,3.288772,96.9263196,85.41429043,1
11:07:53,3.289,3.28877,96.92044258,85.41061878,1
11:07:55,3.289,3.288767,96.91456556,85.40697098,1
11:07:56,3.289,3.288765,96.90868855,85.40334702,1
11:07:57,3.289,3.288763,96.90281153,85.39974689,1
11:07:58,3.289,3.28876,96.89693,85.39616466,1
11:07:59,3.289,3.288758,96.89105749,85.39260626,1
11:08:00,3.289,3.288756,96.88518047,85.38906574,1
11:08:01,3.289,3.288753,96.87930346,85.38555503,1
11:08:02,3.289,3.288751,96.87342644,85.3820622,1
11:08:03,3.289,3.288749,96.86754942,85.37859321,1
11:08:04,3.289,3.288747,96.8616724,85.3751421,1
11:08:05,3.289,3.288744,96.85579538,85.37172079,1
11:08:06,3.289,3.288742,96.84991837,85.36831737,1
11:08:07,3.289,3.28874,96.84404135,85.36493182,1
11:08:08,3.289,3.288738,96.83816433,85.36156416,1
11:08:09,3.289,3.288735,96.83228731,85.35822034,1
11:08:10,3.289,3.288733,96.82641029,85.35490036,1
11:08:11,3.289,3.288731,96.82053328,85.35160422,1
11:08:12,3.289,3.288729,96.81465626,85.34832597,1
11:08:13,3.289,3.288727,96.80877924,85.34506559,1
11:08:14,3.289,3.288725,96.8029,85.34182906,1
11:08:15,3.289,3.288723,96.7970252,85.33861041,1
11:08:16,3.289,3.28872,96.79114819,85.33540964,1
11:08:17,3.289,3.288718,96.78527117,85.33223271,1
11:08:18,3.289,3.288716,96.77939415,85.32907367,1
11:08:19,3.289,3.288714,96.77351713,85.3259325,1
11:08:20,3.289,3.288712,96.76764011,85.32280922,1
11:08:21,3.289,3.28871,96.7617631,85.31971,1
11:08:22,3.289,3.288708,96.75588608,85.31662822,1
11:08:23,3.289,3.288706,96.75000906,85.31356454,1
11:08:24,3.289,3.288704,96.74413204,85.31051874,1
11:08:25,3.289,3.288702,96.73825502,85.30749679,1
11:08:26,3.289,3.2887,96.73237801,85.30449271,1
11:08:27,3.289,3.288698,96.72650099,85.30150652,1
11:08:28,3.289,3.288696,96.72062397,85.29854,1
11:08:29,3.289,3.288694,96.71474695,85.29558778,1
11:08:30,3.289,3.288692,96.70887,85.29265523,1
11:08:31,3.289,3.28869,96.70299292,85.28974652,1
11:08:32,3.289,3.288689,96.6971159,85.28684974,1
11:08:33,3.289,3.288687,96.69123888,85.28397083,1
11:08:34,3.289,3.288685,96.68536186,85.28111577,1
11:08:35,3.289,3.288683,96.67948484,85.27827859,1
11:08:36,3.289,3.288681,96.67360783,85.27545333,1
11:08:37,3.289,3.288679,96.66773081,85.27265191,1
11:08:38,3.289,3.288677,96.66185379,85.26986241,1
11:08:39,3.289,3.288675,96.65597677,85.26709676,1
11:08:40,3.289,3.288674,96.65009975,85.26434302,1
11:08:41,3.289,3.288672,96.64422274,85.26160717,1
11:08:42,3.289,3.28867,96.63834572,85.25889516,1
11:08:43,3.288,3.288668,96.6324687,85.2466166,1
11:08:44,3.289,3.288575,96.62659168,85.24481058,1
11:08:45,3.289,3.288583,96.62071466,85.24293303,1
11:08:46,3.289,3.288589,96.61484,85.24099588,1
11:08:47,3.289,3.288595,96.60896063,85.23899913,1
11:08:48,3.289,3.2886,96.60308361,85.23695469,1
11:08:49,3.289,3.288604,96.59720659,85.23486853,1
11:08:50,3.289,3.288608,96.59132957,85.23275256,1
11:08:51,3.289,3.288611,96.58545256,85.23059487,1
11:08:52,3.289,3.288614,96.57957554,85.22841334,1
11:08:53,3.289,3.288616,96.57369852,85.22620797,1
11:08:54,3.289,3.288618,96.5678215,85.22399068,1
11:08:55,3.288,3.288619,96.56194448,85.212183,1
11:08:56,3.289,3.288529,96.55606747,85.21081209,1
11:08:57,3.289,3.288539,96.55019045,85.20934582,1
11:08:58,3.289,3.288548,96.54431343,85.2077961,1
11:08:59,3.289,3.288556,96.53843641,85.20616889,1
11:09:00,3.289,3.288563,96.53255939,85.20447016,1
11:09:01,3.289,3.288569,96.52668238,85.20271778,1
11:09:02,3.288,3.288575,96.52081,85.19133329,1
11:09:03,3.289,3.288488,96.51492834,85.1903677,1
11:09:04,3.288,3.288501,96.50905132,85.17968655,1
11:09:05,3.288,3.288421,96.5031743,85.16977429,1
11:09:06,3.289,3.28835,96.49729729,85.17012,1
11:09:07,3.288,3.288377,96.49142027,85.16064,1
11:09:08,3.289,3.288309,96.48554325,85.16137004,1
11:09:09,3.289,3.28834,96.47966623,85.16181707,1
11:09:10,3.288,3.288368,96.47378922,85.15241742,1
11:09:11,3.289,3.2883,96.4679122,85.15323997,1
11:09:12,3.288,3.288332,96.46203518,85.14418602,1
11:09:13,3.288,3.288268,96.45615816,85.135746,1
11:09:14,3.288,3.28821,96.45028114,85.12785435,1
11:09:15,3.289,3.288159,96.44440413,85.13002992,1
11:09:16,3.289,3.288204,96.43852711,85.13178825,1
11:09:17,3.288,3.288244,96.43265009,85.12357473,1
11:09:18,3.288,3.288188,96.42677,85.11589766,1
11:09:19,3.288,3.288138,96.42089605,85.10869741,1
11:09:20,3.289,3.288093,96.41501904,85.11150479,1
11:09:21,3.288,3.288144,96.40914202,85.10425091,1
11:09:22,3.288,3.288098,96.403265,85.09745002,1
11:09:23,3.289,3.288056,96.39738798,85.0998342,1
11:09:24,3.288,3.28811,96.39151096,85.09296179,1
11:09:25,3.288,3.288067,96.38563395,85.08652449,1
11:09:26,3.288,3.288028,96.37975693,85.08042693,1
11:09:27,3.288,3.287993,96.37387991,85.07460356,1
11:09:28,3.288,3.287961,96.36800289,85.06900072,1
11:09:29,3.288,3.287932,96.36212587,85.0635767,1
11:09:30,3.288,3.287906,96.35624886,85.05830169,1
11:09:31,3.288,3.287883,96.35037184,85.05314589,1
11:09:32,3.289,3.287862,96.34449482,85.05398035,1
11:09:33,3.288,3.287931,96.3386178,85.04853845,1
11:09:34,3.288,3.287905,96.33274,85.04323959,1
11:09:35,3.288,3.28788,96.32686377,85.03805399,1
11:09:36,3.288,3.287858,96.32098675,85.03295779,1
11:09:37,3.288,3.287838,96.31510973,85.02793908,1
11:09:38,3.288,3.28782,96.30923271,85.02298594,1
11:09:39,3.288,3.287803,96.30335569,85.01808047,1
11:09:40,3.288,3.287788,96.29747868,85.01321673,1
11:09:41,3.288,3.287774,96.29160166,85.0083828,1
11:09:42,3.288,3.287761,96.28572464,85.0035727,1
11:09:43,3.288,3.287754,96.27984762,84.99875069,1
11:09:44,3.288,3.287753,96.2739706,84.99389887,1
11:09:45,3.288,3.287752,96.26809359,84.98901129,1
11:09:46,3.288,3.287751,96.26221657,84.98408794,1
11:09:47,3.288,3.28775,96.25633955,84.9791348,1
11:09:48,3.288,3.28775,96.25046253,84.97413993,1
11:09:49,3.288,3.287749,96.24458551,84.9691093,1
11:09:50,3.288,3.287748,96.23871,84.96403694,1
11:09:51,3.288,3.287747,96.23283148,84.95892882,1
11:09:52,3.288,3.287746,96.22695446,84.95377898,1
11:09:53,3.288,3.287745,96.22107744,84.94858742,1
11:09:54,3.288,3.287744,96.21520042,84.94334817,1
11:09:55,3.288,3.287743,96.20932341,84.9380672,1
11:09:56,3.288,3.287742,96.20344639,84.93273854,1
11:09:57,3.288,3.287741,96.19756937,84.9273622,1
11:09:58,3.288,3.28774,96.19169235,84.92193222,1
11:09:59,3.288,3.287739,96.18581533,84.91645455,1
11:10:00,3.288,3.287737,96.17993832,84.91092324,1
11:10:01,3.288,3.287736,96.1740613,84.90533829,1
11:10:02,3.288,3.287735,96.16818428,84.89971,1
11:10:03,3.288,3.287734,96.16230726,84.89422202,1
11:10:04,3.288,3.287732,96.15643024,84.8888576,1
11:10:05,3.288,3.287731,96.15055323,84.88361239,1
11:10:06,3.288,3.287729,96.14468,84.87847447,1
11:10:07,3.288,3.287728,96.13879919,84.87343788,1
11:10:08,3.288,3.287727,96.13292217,84.8684907,1
11:10:09,3.288,3.287725,96.12704515,84.86362696,1
11:10:10,3.288,3.287724,96.12116814,84.8588407,1
11:10:11,3.288,3.287722,96.11529112,84.85413,1
11:10:12,3.288,3.287721,96.1094141,84.84948277,1
11:10:13,3.288,3.287719,96.10353708,84.84489918,1
11:10:14,3.288,3.287718,96.09766006,84.84036922,1
11:10:15,3.288,3.287717,96.09178305,84.83589292,1
11:10:16,3.288,3.287715,96.08590603,84.83147025,1
11:10:17,3.288,3.287714,96.08002901,84.82708931,1
11:10:18,3.288,3.287712,96.07415199,84.82275605,1
11:10:19,3.288,3.287711,96.06827497,84.81846,1
11:10:20,3.288,3.28771,96.06239796,84.81419683,1
11:10:21,3.288,3.287709,96.05652094,84.80997086,1
11:10:22,3.288,3.287707,96.05064,84.80577469,1
11:10:23,3.288,3.287706,96.0447669,84.80161428,1
11:10:24,3.288,3.287705,96.03888988,84.79748,1
11:10:25,3.288,3.287703,96.03301287,84.79337692,1
11:10:26,3.288,3.287702,96.02713585,84.78929996,1
11:10:27,3.288,3.287701,96.02125883,84.78525281,1
11:10:28,3.288,3.287699,96.01538181,84.7812295,1
11:10:29,3.288,3.287699,96.0095048,84.77722406,1
11:10:30,3.288,3.287697,96.00362778,84.77324247,1
11:10:31,3.288,3.287696,95.99775076,84.76927876,1
11:10:32,3.288,3.287695,95.99187374,84.7653389,1
11:10:33,3.288,3.287694,95.98599672,84.76142287,1
11:10:34,3.288,3.287692,95.98011971,84.75751877,1
11:10:35,3.288,3.287691,95.97424269,84.75363255,1
11:10:36,3.288,3.28769,95.96836567,84.74977016,1
11:10:37,3.288,3.287689,95.96248865,84.7459197,1
11:10:38,3.288,3.287688,95.95661,84.74209309,1
11:10:39,3.288,3.287686,95.95073462,84.73828435,1
11:10:40,3.288,3.287685,95.9448576,84.73449349,1
11:10:41,3.288,3.287684,95.93898058,84.7307086,1
11:10:42,3.288,3.287683,95.93310356,84.72694755,1
11:10:43,3.288,3.287682,95.92722654,84.72320437,1
11:10:44,3.288,3.287681,95.92134953,84.71947312,1
11:10:45,3.288,3.287679,95.91547251,84.71575379,1
11:10:46,3.288,3.287678,95.90959549,84.71205235,1
11:10:47,3.288,3.287677,95.90371847,84.70836878,1
11:10:48,3.288,3.287676,95.89784145,84.70469713,1
11:10:49,3.288,3.287675,95.89196444,84.70103145,1
11:10:50,3.288,3.287674,95.88608742,84.6973896,1
11:10:51,3.288,3.287673,95.8802104,84.69375968,1
11:10:52,3.288,3.287672,95.87433338,84.69014764,1
11:10:53,3.288,3.28767,95.86845636,84.68654156,1
11:10:54,3.288,3.287669,95.86258,84.68295336,1
11:10:55,3.288,3.287668,95.85670233,84.67938304,1
11:10:56,3.288,3.287667,95.85082531,84.67582464,1
11:10:57,3.288,3.287666,95.84494829,84.67227817,1
11:10:58,3.288,3.287665,95.83907127,84.66873765,1
11:10:59,3.288,3.287664,95.83319426,84.66522098,1
11:11:00,3.288,3.287662,95.82731724,84.66171026,1
11:11:01,3.288,3.287662,95.82144022,84.65821743,1
11:11:02,3.288,3.28766,95.8155632,84.65473652,1
11:11:03,3.288,3.287659,95.80968618,84.65126753,1
11:11:04,3.287,3.287658,95.80380917,84.64071751,1
11:11:05,3.288,3.287575,95.79793215,84.63786244,1
11:11:06,3.288,3.287582,95.79205513,84.63496566,1
11:11:07,3.287,3.287588,95.78617811,84.62489843,1
11:11:08,3.287,3.287512,95.78030109,84.61535573,1
11:11:09,3.287,3.287442,95.77442408,84.60630774,1
11:11:10,3.287,3.28738,95.76855,84.59770083,1
11:11:11,3.287,3.287323,95.76267004,84.58949327,1
11:11:12,3.287,3.287272,95.75679302,84.58165526,1
11:11:13,3.287,3.287225,95.750916,84.57415104,1
11:11:14,3.287,3.287184,95.74503899,84.56694484,1
11:11:15,3.287,3.287146,95.73916197,84.56000686,1
11:11:16,3.287,3.287111,95.73328495,84.55331922,1
11:11:17,3.287,3.28708,95.72740793,84.54685807,1
11:11:18,3.287,3.287052,95.72153091,84.54060555,1
11:11:19,3.286,3.287026,95.7156539,84.5271945,1
11:11:20,3.287,3.286921,95.70977688,84.52189565,1
11:11:21,3.287,3.286908,95.70389986,84.51669812,1
11:11:22,3.287,3.286896,95.69802284,84.51159,1
11:11:23,3.286,3.286885,95.69214582,84.49918032,1
11:11:24,3.286,3.286793,95.68626881,84.4874382,1
11:11:25,3.286,3.28671,95.68039179,84.47628,1
11:11:26,3.286,3.286635,95.67451,84.46568847,1
11:11:27,3.286,3.286567,95.66863775,84.45559144,1
11:11:28,3.286,3.286505,95.66276073,84.44593549,1
11:11:29,3.286,3.286449,95.65688372,84.43669081,1
11:11:30,3.286,3.286399,95.6510067,84.42781568,1
11:11:31,3.286,3.286354,95.64512968,84.41928029,1
11:11:32,3.286,3.286312,95.63925266,84.41105,1
11:11:33,3.286,3.286275,95.63337564,84.40309763,1
11:11:34,3.286,3.286241,95.62749863,84.39540267,1
11:11:35,3.286,3.28621,95.62162161,84.38792825,1
11:11:36,3.286,3.286182,95.61574459,84.38066244,1
11:11:37,3.286,3.286157,95.60986757,84.37359333,1
11:11:38,3.286,3.286134,95.60399055,84.36669111,1
11:11:39,3.286,3.286113,95.59811354,84.35994983,1
11:11:40,3.286,3.286094,95.59223652,84.35335159,1
11:11:41,3.286,3.286077,95.5863595,84.34688449,1
11:11:42,3.286,3.286061,95.58048,84.34053659,1
11:11:43,3.286,3.286047,95.57460546,84.33430195,1
11:11:44,3.285,3.286033,95.56872845,84.32048559,1
11:11:45,3.285,3.28594,95.56285143,84.30737257,1
11:11:46,3.285,3.285855,95.55697441,84.29490328,1
11:11:47,3.285,3.285778,95.55109739,84.28300023,1
11:11:48,3.285,3.285708,95.54522038,84.27162766,1
11:11:49,3.285,3.285645,95.53934336,84.26073194,1
11:11:50,3.285,3.285588,95.53346634,84.25027132,1
11:11:51,3.285,3.285537,95.52758932,84.24021602,1
11:11:52,3.285,3.28549,95.5217123,84.23050642,1
11:11:53,3.285,3.285448,95.51583529,84.22111869,1
11:11:54,3.285,3.285409,95.50995827,84.21202898,1
11:11:55,3.284,3.285375,95.50408125,84.19535756,1
11:11:56,3.284,3.285261,95.49820423,84.17956233,1
11:11:57,3.284,3.285158,95.49232721,84.16458368,1
11:11:58,3.284,3.285066,95.48645,84.15029049,1
11:11:59,3.284,3.284982,95.48057318,84.13664699,1
11:12:00,3.284,3.284906,95.47469616,84.12361741,1
11:12:01,3.284,3.284837,95.46881914,84.11109447,1
11:12:02,3.284,3.284775,95.46294212,84.09905434,1
11:12:03,3.284,3.284719,95.45706511,84.08745527,1
11:12:04,3.284,3.284668,95.45118809,84.07625556,1
11:12:05,3.284,3.284622,95.44531107,84.06541348,1
11:12:06,3.284,3.28458,95.43943405,84.05489922,1
11:12:07,3.283,3.284542,95.43355703,84.03670192,1
11:12:08,3.283,3.284425,95.42768002,84.01938677,1
11:12:09,3.283,3.28432,95.421803,84.00290012,1
11:12:10,3.283,3.284225,95.41592598,83.98718834,1
11:12:11,3.283,3.284139,95.41004896,83.97215009,1
11:12:12,3.283,3.284061,95.40417194,83.95772576,1
11:12:13,3.283,3.283991,95.39829493,83.9438498,1
11:12:14,3.283,3.283927,95.39242,83.9304626,1
11:12:15,3.283,3.283869,95.38654089,83.91752839,1
11:12:16,3.283,3.283816,95.38066387,83.90501142,1
11:12:17,3.283,3.283769,95.37478685,83.89287591,1
11:12:18,3.283,3.283726,95.36890984,83.88109803,1
11:12:19,3.283,3.283687,95.36303282,83.86961222,1
11:12:20,3.283,3.283651,95.3571558,83.85840654,1
11:12:21,3.283,3.283619,95.35127878,83.84746313,1
11:12:22,3.282,3.28359,95.34540176,83.82856846,1
11:12:23,3.283,3.283481,95.33952475,83.81873965,1
11:12:24,3.282,3.283465,95.33364773,83.80082846,1
11:12:25,3.282,3.283367,95.32777071,83.78366828,1
11:12:26,3.282,3.28328,95.32189369,83.76724124,1
11:12:27,3.282,3.283201,95.31601667,83.75145197,1
11:12:28,3.282,3.283128,95.31013966,83.73622298,1
11:12:29,3.282,3.283063,95.30426264,83.72154,1
11:12:30,3.282,3.283005,95.29839,83.70731473,1
11:12:31,3.282,3.282951,95.2925086,83.69351625,1
11:12:32,3.282,3.282903,95.28663158,83.68011117,1
11:12:33,3.282,3.282859,95.28075457,83.66706371,1
11:12:34,3.282,3.282819,95.27487755,83.65434408,1
11:12:35,3.282,3.282783,95.26900053,83.64193439,1
11:12:36,3.282,3.282749,95.26312351,83.62979293,1
11:12:37,3.282,3.282719,95.25724649,83.61788988,1
11:12:38,3.282,3.282692,95.25136948,83.60619545,1
11:12:39,3.282,3.282667,95.24549246,83.5947156,1
11:12:40,3.282,3.282644,95.23961544,83.58340859,1
11:12:41,3.282,3.282623,95.23373842,83.57228637,1
11:12:42,3.282,3.282604,95.2278614,83.56130123,1
11:12:43,3.282,3.282587,95.22198439,83.55045915,1
11:12:44,3.282,3.28257,95.21610737,83.53974819,1
11:12:45,3.282,3.282556,95.21023035,83.52915645,1
11:12:46,3.282,3.282542,95.20435,83.51868391,1
11:12:47,3.282,3.28253,95.19847631,83.5083127,1
11:12:48,3.282,3.282518,95.1925993,83.4980309,1
11:12:49,3.282,3.282507,95.18672228,83.48782659,1
11:12:50,3.282,3.282498,95.18084526,83.47769976,1
11:12:51,3.282,3.282488,95.17496824,83.46764445,1
11:12:52,3.282,3.28248,95.16909122,83.4576726,1
11:12:53,3.282,3.282472,95.16321421,83.44775438,1
11:12:54,3.282,3.282465,95.15733719,83.43790174,1
11:12:55,3.282,3.282457,95.15146017,83.42809677,1
11:12:56,3.282,3.282451,95.14558315,83.41835141,1
11:12:57,3.282,3.282444,95.13970613,83.40864778,1
11:12:58,3.282,3.282438,95.13382912,83.39900374,1
11:12:59,3.282,3.282433,95.1279521,83.38939548,1
11:13:00,3.282,3.282428,95.12207508,83.37982297,1
11:13:01,3.282,3.282423,95.11619806,83.37029219,1
11:13:02,3.282,3.282418,95.11032,83.36079717,1
11:13:03,3.282,3.282413,95.10444403,83.35133791,1
11:13:04,3.282,3.282409,95.09856701,83.34191442,1
11:13:05,3.282,3.282404,95.09268999,83.33252668,1
11:13:06,3.282,3.2824,95.08681297,83.32316875,1
11:13:07,3.282,3.282396,95.08093596,83.31385255,1
11:13:08,3.282,3.282393,95.07505894,83.30455422,1
11:13:09,3.282,3.282389,95.06918192,83.2952857,1
11:13:10,3.282,3.282385,95.0633049,83.28605294,1
11:13:11,3.282,3.282382,95.05742788,83.27684402,1
11:13:12,3.282,3.282378,95.05155087,83.26765895,1
11:13:13,3.282,3.282375,95.04567385,83.25849771,1
11:13:14,3.282,3.282372,95.03979683,83.24936628,1
11:13:15,3.282,3.282368,95.03391981,83.24025869,1
11:13:16,3.282,3.282365,95.02804279,83.23117495,1
11:13:17,3.282,3.282362,95.02216578,83.22211504,1
11:13:18,3.282,3.282359,95.01629,83.21307898,1
11:13:19,3.282,3.282356,95.01041174,83.20406675,1
11:13:20,3.282,3.282353,95.00453472,83.19507837,1
11:13:21,3.282,3.28235,94.9986577,83.18611383,1
11:13:22,3.282,3.282347,94.99278069,83.17717314,1
11:13:23,3.282,3.282344,94.98690367,83.16825628,1
11:13:24,3.282,3.282341,94.98102665,83.15936327,1
11:13:25,3.282,3.282338,94.97514963,83.1504941,1
11:13:26,3.282,3.282336,94.96927261,83.14164281,1
11:13:27,3.282,3.282333,94.9633956,83.13281536,1
11:13:28,3.282,3.28233,94.95751858,83.12401772,1
11:13:29,3.282,3.282327,94.95164156,83.11523199,1
11:13:30,3.282,3.282324,94.94576454,83.10647011,1
11:13:31,3.282,3.282322,94.93988752,83.09773803,1
11:13:32,3.282,3.282319,94.93401051,83.08902979,1
11:13:33,3.282,3.282316,94.92813349,83.08033347,1
11:13:34,3.282,3.282314,94.92226,83.07166696,1
11:13:35,3.282,3.282311,94.91637945,83.06301236,1
11:13:36,3.282,3.282308,94.91050243,83.05438161,1
11:13:37,3.282,3.282306,94.90462542,83.04577,1
11:13:38,3.282,3.282303,94.8987484,83.03719,1
11:13:39,3.282,3.2823,94.89287138,83.02862644,1
11:13:40,3.282,3.282298,94.88699436,83.0200851,1
11:13:41,3.282,3.282295,94.88111734,83.01156163,1
11:13:42,3.282,3.282292,94.87524033,83.00306201,1
11:13:43,3.282,3.28229,94.86936331,82.99458027,1
11:13:44,3.282,3.282287,94.86348629,82.98611641,1
11:13:45,3.282,3.282284,94.85760927,82.97768,1
11:13:46,3.282,3.282282,94.85173225,82.96926022,1
11:13:47,3.282,3.28228,94.84585524,82.96086788,1
11:13:48,3.282,3.282277,94.83997822,82.95249343,1
11:13:49,3.282,3.282274,94.8341012,82.94414282,1
11:13:50,3.282,3.282272,94.82822,82.93581009,1
11:13:51,3.282,3.282269,94.82234716,82.9275012,1
11:13:52,3.282,3.282267,94.81647015,82.9192102,1
11:13:53,3.282,3.282264,94.81059313,82.91094303,1
11:13:54,3.282,3.282262,94.80471611,82.90269971,1
11:13:55,3.282,3.282259,94.79883909,82.89447427,1
11:13:56,3.282,3.282257,94.79296207,82.88626671,1
11:13:57,3.282,3.282254,94.78708506,82.87808895,1
11:13:58,3.282,3.282252,94.78120804,82.86992311,1
11:13:59,3.282,3.282249,94.77533102,82.86178112,1
11:14:00,3.282,3.282247,94.769454,82.85366297,1
11:14:01,3.282,3.282244,94.76357698,82.8455627,1
11:14:02,3.282,3.282241,94.75769997,82.83749,1
11:14:03,3.282,3.282239,94.75182295,82.82943368,1
11:14:04,3.282,3.282237,94.74594593,82.82139897,1
11:14:05,3.282,3.282234,94.74006891,82.81338811,1
11:14:06,3.282,3.282232,94.73419,82.80539513,1
11:14:07,3.282,3.282229,94.72831488,82.79742599,1
11:14:08,3.282,3.282227,94.72243786,82.78947473,1
11:14:09,3.282,3.282224,94.71656084,82.78155327,1
11:14:10,3.282,3.282222,94.71068382,82.77364373,1
11:14:11,3.282,3.282219,94.7048068,82.76575804,1
11:14:12,3.282,3.282217,94.69892979,82.75789618,1
11:14:13,3.282,3.282214,94.69305277,82.75005817,1
11:14:14,3.282,3.282212,94.68717575,82.74223208,1
11:14:15,3.282,3.282209,94.68129873,82.73442984,1
11:14:16,3.282,3.282207,94.67542171,82.72665143,1
11:14:17,3.282,3.282204,94.6695447,82.71889687,1
11:14:18,3.282,3.282202,94.66366768,82.71116614,1
11:14:19,3.282,3.2822,94.65779066,82.7034533,1
11:14:20,3.282,3.282197,94.65191364,82.69575834,1
11:14:21,3.282,3.282195,94.64603662,82.68808126,1
11:14:22,3.282,3.282192,94.64016,82.68042803,1
11:14:23,3.282,3.28219,94.63428259,82.67279267,1
11:14:24,3.282,3.282188,94.62840557,82.66518116,1
11:14:25,3.282,3.282185,94.62252855,82.65759349,1
11:14:26,3.282,3.282183,94.61665154,82.6500237,1
11:14:27,3.282,3.282181,94.61077452,82.64247179,1
11:14:28,3.281,3.282178,94.6048975,82.62569904,1
11:14:29,3.282,3.282095,94.59902048,82.61894584,1
11:14:30,3.282,3.2821,94.59314346,82.61213899,1
11:14:31,3.282,3.282105,94.58726645,82.60529041,1
11:14:32,3.282,3.282109,94.58138943,82.59840608,1
11:14:33,3.282,3.282113,94.57551241,82.59148002,1
11:14:34,3.282,3.282115,94.56963539,82.58453608,1
11:14:35,3.282,3.282118,94.56375837,82.57756233,1
11:14:36,3.282,3.28212,94.55788136,82.57057071,1
11:14:37,3.282,3.282121,94.55200434,82.56356716,1
11:14:38,3.282,3.282122,94.54613,82.55655169,1
11:14:39,3.282,3.282123,94.5402503,82.54953027,1
11:14:40,3.281,3.282124,94.53437328,82.53319263,1
11:14:41,3.281,3.282043,94.52849627,82.51762986,1
11:14:42,3.282,3.281969,94.52261925,82.51203895,1
11:14:43,3.281,3.281984,94.51674223,82.49698877,1
11:14:44,3.282,3.281916,94.51086521,82.49189258,1
11:14:45,3.281,3.281936,94.50498819,82.47728348,1
11:14:46,3.281,3.281872,94.49911118,82.46328831,1
11:14:47,3.282,3.281814,94.49323416,82.45914578,1
11:14:48,3.281,3.281843,94.48735714,82.44541287,1
11:14:49,3.281,3.281788,94.48148012,82.43217,1
11:14:50,3.281,3.281737,94.4756031,82.41940141,1
11:14:51,3.282,3.281692,94.46972609,82.41640925,1
11:14:52,3.281,3.281731,94.46384907,82.40368366,1
11:14:53,3.281,3.281686,94.45797205,82.39138126,1
11:14:54,3.281,3.281645,94.4521,82.37946033,1
11:14:55,3.281,3.281607,94.44621801,82.36789107,1
11:14:56,3.282,3.281573,94.440341,82.36601353,1
11:14:57,3.281,3.281623,94.43446398,82.35428929,1
11:14:58,3.282,3.281587,94.42858696,82.35228658,1
11:14:59,3.281,3.281636,94.42270994,82.34044313,1
11:15:00,3.281,3.281598,94.41683292,82.32895136,1
11:15:01,3.281,3.281563,94.41095591,82.31778145,1
11:15:02,3.281,3.281532,94.40507889,82.30690956,1
11:15:03,3.281,3.281504,94.39920187,82.29630589,1
11:15:04,3.281,3.281478,94.39332485,82.28594065,1
11:15:05,3.281,3.281454,94.38744783,82.27578998,1
11:15:06,3.281,3.281432,94.38157082,82.26584792,1
11:15:07,3.281,3.281413,94.3756938,82.25607276,1
11:15:08,3.281,3.281395,94.36981678,82.24647045,1
11:15:09,3.281,3.281378,94.36393976,82.23702908,1
11:15:10,3.281,3.281363,94.35806,82.22771883,1
11:15:11,3.281,3.281349,94.35218573,82.21853971,1
11:15:12,3.281,3.281337,94.34630871,82.20947981,1
11:15:13,3.281,3.281325,94.34043169,82.20052719,1
11:15:14,3.281,3.281314,94.33455467,82.1916759,1
11:15:15,3.281,3.281304,94.32867765,82.18291998,1
11:15:16,3.281,3.281295,94.32280064,82.17425346,1
11:15:17,3.281,3.281286,94.31692362,82.16567039,1
11:15:18,3.281,3.281278,94.3110466,82.15716481,1
11:15:19,3.281,3.28127,94.30516958,82.14872479,1
11:15:20,3.281,3.281264,94.29929256,82.1403563,1
11:15:21,3.281,3.281257,94.29341555,82.13204145,1
11:15:22,3.281,3.281251,94.28753853,82.12378621,1
11:15:23,3.281,3.281245,94.28166151,82.11558461,1
11:15:24,3.281,3.28124,94.27578449,82.10743666,1
11:15:25,3.281,3.281234,94.26990747,82.09933043,1
11:15:26,3.281,3.281229,94.26403,82.09127188,1
11:15:27,3.281,3.281225,94.25815344,82.08326101,1
11:15:28,3.281,3.28122,94.25227642,82.07529187,1
11:15:29,3.281,3.281216,94.2463994,82.06736445,1
11:15:30,3.281,3.281212,94.24052238,82.05946684,1
11:15:31,3.281,3.281208,94.23464537,82.05160499,1
11:15:32,3.281,3.281204,94.22876835,82.0437789,1
11:15:33,3.281,3.2812,94.22289133,82.03598857,1
11:15:34,3.281,3.281197,94.21701431,82.028234,1
11:15:35,3.281,3.281194,94.21113729,82.02050924,1
11:15:36,3.281,3.28119,94.20526028,82.01281428,1
11:15:37,3.281,3.281187,94.19938326,82.00516105,1
11:15:38,3.281,3.281184,94.19350624,81.99752569,1
11:15:39,3.281,3.281181,94.18762922,81.98992014,1
11:15:40,3.281,3.281178,94.1817522,81.98235035,1
11:15:41,3.281,3.281175,94.17587519,81.9748044,1
11:15:42,3.281,3.281172,94.17,81.96728826,1
11:15:43,3.281,3.281169,94.16412115,81.95979595,1
11:15:44,3.281,3.281167,94.15824413,81.95232749,1
11:15:45,3.281,3.281164,94.15236712,81.94488287,1
11:15:46,3.281,3.281161,94.1464901,81.93746805,1
11:15:47,3.281,3.281158,94.14061308,81.93007708,1
11:15:48,3.28,3.281156,94.13473606,81.9131434,1
11:15:49,3.28,3.281072,94.12885904,81.89700842,1
11:15:50,3.28,3.280996,94.12298203,81.88159466,1
11:15:51,3.28,3.280928,94.11710501,81.86685443,1
11:15:52,3.28,3.280866,94.11122799,81.85268044,1
11:15:53,3.28,3.28081,94.10535097,81.8390429,1
11:15:54,3.28,3.280759,94.09947395,81.82588816,1
11:15:55,3.28,3.280712,94.09359694,81.81318045,1
11:15:56,3.279,3.28067,94.08771992,81.79126978,1
11:15:57,3.279,3.280551,94.0818429,81.77049756,1
11:15:58,3.279,3.280444,94.07597,81.75075054,1
11:15:59,3.279,3.280346,94.07008886,81.73193932,1
11:16:00,3.279,3.280258,94.06421185,81.71396852,1
11:16:01,3.279,3.280178,94.05833483,81.6967845,1
11:16:02,3.279,3.280106,94.05245781,81.68026209,1
11:16:03,3.278,3.28004,94.04658079,81.65474534,1
11:16:04,3.278,3.2799,94.04070377,81.6305697,1
11:16:05,3.278,3.279773,94.03482676,81.60760999,1
11:16:06,3.278,3.279658,94.02894974,81.585747,1
11:16:07,3.278,3.279555,94.02307272,81.56487346,1
11:16:08,3.278,3.279461,94.0171957,81.54489994,1
11:16:09,3.277,3.279376,94.01131868,81.51608109,1
11:16:10,3.277,3.279218,94.00544167,81.48882985,1
11:16:11,3.277,3.279075,93.99956465,81.46288395,1
11:16:12,3.277,3.278946,93.99368763,81.43817782,1
11:16:13,3.277,3.278829,93.98781061,81.41459227,1
11:16:14,3.277,3.278723,93.98193,81.39201999,1
11:16:15,3.277,3.278628,93.97605658,81.37035966,1
11:16:16,3.276,3.278541,93.97017956,81.33984,1
11:16:17,3.277,3.278382,93.96430254,81.3205421,1
11:16:18,3.276,3.278319,93.95842552,81.29214644,1
11:16:19,3.276,3.278181,93.9525485,81.26507401,1
11:16:20,3.276,3.278056,93.94667149,81.2392056,1
11:16:21,3.276,3.277942,93.94079447,81.21442795,1
11:16:22,3.276,3.27784,93.93491745,81.19063377,1
11:16:23,3.276,3.277747,93.92904043,81.16776943,1
11:16:24,3.276,3.277663,93.92316341,81.14570379,1
11:16:25,3.276,3.277587,93.9172864,81.12437129,1
11:16:26,3.276,3.277518,93.91140938,81.1037004,1
11:16:27,3.276,3.277455,93.90553236,81.08359575,1
11:16:28,3.276,3.277398,93.89965534,81.06406927,1
11:16:29,3.276,3.277347,93.89377832,81.04500771,1
11:16:30,3.276,3.277299,93.8879,81.02639914,1
11:16:31,3.276,3.277256,93.88202429,81.0082078,1
11:16:32,3.276,3.277217,93.87614727,80.99039197,1
11:16:33,3.276,3.277182,93.87027025,80.97292185,1
11:16:34,3.276,3.277149,93.86439323,80.95576763,1
11:16:35,3.275,3.277119,93.85851622,80.92907071,1
11:16:36,3.275,3.277011,93.8526392,80.90342283,1
11:16:37,3.275,3.276913,93.84676218,80.87872863,1
11:16:38,3.275,3.276825,93.84088516,80.85489273,1
11:16:39,3.275,3.276745,93.83500814,80.83183765,1
11:16:40,3.275,3.276672,93.82913113,80.80952764,1
11:16:41,3.275,3.276606,93.82325411,80.78785539,1
11:16:42,3.275,3.276546,93.81737709,80.76672554,1
11:16:43,3.275,3.276491,93.81150007,80.7461679,1
11:16:44,3.275,3.276441,93.80562305,80.72605,1
11:16:45,3.275,3.276396,93.79974604,80.70637584,1
11:16:46,3.275,3.276355,93.79387,80.68710566,1
11:16:47,3.275,3.276317,93.787992,80.66822886,1
11:16:48,3.275,3.276283,93.78211498,80.64965606,1
11:16:49,3.275,3.276251,93.77623796,80.63141704,1
11:16:50,3.275,3.276222,93.77036095,80.61345816,1
11:16:51,3.275,3.276196,93.76448393,80.59572577,1
11:16:52,3.275,3.276171,93.75860691,80.57823,1
11:16:53,3.275,3.276149,93.75272989,80.56095243,1
11:16:54,3.275,3.276128,93.74685287,80.54387569,1
11:16:55,3.275,3.276109,93.74097586,80.52698374,1
11:16:56,3.275,3.276092,93.73509884,80.51026464,1
11:16:57,3.275,3.276075,93.72922182,80.4937005,1
11:16:58,3.275,3.27606,93.7233448,80.47728539,1
11:16:59,3.275,3.276046,93.71746778,80.46103716,1
11:17:00,3.275,3.276032,93.71159077,80.44489026,1
11:17:01,3.275,3.27602,93.70571375,80.42886257,1
11:17:02,3.275,3.276008,93.69984,80.41294813,1
11:17:03,3.275,3.275998,93.69395971,80.39713502,1
11:17:04,3.275,3.275987,93.6880827,80.3814292,1
11:17:05,3.275,3.275977,93.68220568,80.36581874,1
11:17:06,3.275,3.275968,93.67632866,80.35031557,1
11:17:07,3.275,3.275959,93.67045164,80.33487201,1
11:17:08,3.275,3.275951,93.66457462,80.31951189,1
11:17:09,3.275,3.275943,93.65869761,80.30422926,1
11:17:10,3.275,3.275935,93.65282059,80.28902411,1
11:17:11,3.275,3.275928,93.64694357,80.2738905,1
11:17:12,3.275,3.27592,93.64106655,80.2588284,1
11:17:13,3.275,3.275914,93.63518953,80.24382591,1
11:17:14,3.275,3.275907,93.62931252,80.22888899,1
11:17:15,3.275,3.275901,93.6234355,80.21401763,1
11:17:16,3.275,3.275894,93.61755848,80.19920588,1
11:17:17,3.275,3.275888,93.61168146,80.18445373,1
11:17:18,3.275,3.275882,93.6058,80.16975522,1
11:17:19,3.275,3.275877,93.59992743,80.15511036,1
11:17:20,3.275,3.275871,93.59405041,80.1405251,1
11:17:21,3.275,3.275865,93.58817339,80.12601733,1
11:17:22,3.275,3.27586,93.58229637,80.1115334,1
11:17:23,3.275,3.275854,93.57641935,80.09710908,1
11:17:24,3.275,3.275849,93.57054234,80.08332253,1
11:17:25,3.275,3.275844,93.56466532,80.07043004,1
11:17:26,3.275,3.275839,93.5587883,80.05831838,1
11:17:27,3.275,3.275835,93.55291128,80.04683256,1
11:17:28,3.275,3.275831,93.54703426,80.03591299,1
11:17:29,3.275,3.275826,93.54115725,80.02545834,1
11:17:30,3.275,3.275822,93.53528023,80.01542091,1
11:17:31,3.275,3.275818,93.52940321,80.00574708,1
11:17:32,3.275,3.275814,93.52352619,79.99638319,1
11:17:33,3.275,3.275818,93.51764917,79.9872756,1
11:17:34,3.275,3.275821,93.51177,79.97838259,1
11:17:35,3.275,3.275824,93.50589514,79.96970415,1
11:17:36,3.275,3.275826,93.50001812,79.96123433,1
11:17:37,3.275,3.275827,93.4941411,79.95292544,1
11:17:38,3.275,3.275829,93.48826408,79.94475961,1
11:17:39,3.275,3.27583,93.48238707,79.93676066,1
11:17:40,3.275,3.27583,93.47651005,79.92890477,1
11:17:41,3.275,3.275831,93.47063303,79.92117405,1
11:17:42,3.275,3.275831,93.46475601,79.9135685,1
11:17:43,3.275,3.275831,93.45887899,79.90609407,1
11:17:44,3.275,3.275831,93.45300198,79.8987031,1
11:17:45,3.275,3.27583,93.44712496,79.89092469,1
11:17:46,3.275,3.27583,93.44124794,79.88277674,1
11:17:47,3.275,3.275829,93.43537092,79.874295,1
11:17:48,3.275,3.275829,93.4294939,79.86550927,1
11:17:49,3.275,3.275828,93.42361689,79.85644937,1
11:17:50,3.275,3.275828,93.41774,79.84716296,1
11:17:51,3.275,3.275827,93.41186285,79.83765602,1
11:17:52,3.275,3.275826,93.40598583,79.82792258,1
11:17:53,3.275,3.275826,93.40010881,79.81801033,1
11:17:54,3.275,3.275825,93.3942318,79.80793118,1
11:17:55,3.275,3.275824,93.38835478,79.79770303,1
11:17:56,3.275,3.275822,93.38247776,79.78734374,1
11:17:57,3.275,3.275821,93.37660074,79.77688909,1
11:17:58,3.275,3.27582,93.37072372,79.7663033,1
11:17:59,3.275,3.275819,93.36484671,79.75564003,1
11:18:00,3.275,3.275818,93.35896969,79.74486947,1
11:18:01,3.275,3.275816,93.35309267,79.73402143,1
11:18:02,3.275,3.275815,93.34721565,79.72310185,1
11:18:03,3.275,3.275813,93.34133863,79.71211672,1
11:18:04,3.275,3.275812,93.33546162,79.70107794,1
11:18:05,3.275,3.27581,93.3295846,79.69000936,1
11:18:06,3.275,3.275809,93.32371,79.67889309,1
11:18:07,3.275,3.275807,93.31783056,79.66771722,1
11:18:08,3.275,3.275806,93.31195354,79.65652347,1
11:18:09,3.275,3.275804,93.30607653,79.64527607,1
11:18:10,3.275,3.275802,93.30019951,79.63402271,1
11:18:11,3.275,3.275801,93.29432249,79.62272167,1
11:18:12,3.275,3.275799,93.28844547,79.6114,1
11:18:13,3.275,3.275797,93.28256845,79.60005403,1
11:18:14,3.275,3.275796,93.27669144,79.58869338,1
11:18:15,3.275,3.275794,93.27081442,79.57731485,1
11:18:16,3.275,3.275792,93.2649374,79.56594229,1
11:18:17,3.275,3.275791,93.25906038,79.55453396,1
11:18:18,3.275,3.275789,93.25318336,79.54311967,1
11:18:19,3.275,3.275788,93.24730635,79.53171134,1
11:18:20,3.275,3.275786,93.24142933,79.52027321,1
11:18:21,3.275,3.275784,93.23555231,79.508847,1
11:18:22,3.275,3.275782,93.22968,79.49739695,1
11:18:23,3.275,3.27578,93.22379827,79.48594093,1
11:18:24,3.275,3.275779,93.21792126,79.4745028,1
11:18:25,3.275,3.275777,93.21204424,79.46303487,1
11:18:26,3.275,3.275775,93.20616722,79.45156693,1
11:18:27,3.275,3.275774,93.2002902,79.44012,1
11:18:28,3.275,3.275772,93.19441319,79.42864299,1
11:18:29,3.275,3.27577,93.18853617,79.41716909,1
11:18:30,3.275,3.275768,93.18265915,79.40571308,1
11:18:31,3.275,3.275766,93.17678213,79.39423323,1
11:18:32,3.275,3.275764,93.17090511,79.38275337,1
11:18:33,3.275,3.275763,93.1650281,79.37127352,1
11:18:34,3.275,3.275761,93.15915108,79.35982,1
11:18:35,3.275,3.275759,93.15327406,79.34834361,1
11:18:36,3.274,3.275758,93.14739704,79.32947874,1
11:18:37,3.275,3.275679,93.14152002,79.31857109,1
11:18:38,3.274,3.275685,93.13564,79.30018902,1
11:18:39,3.275,3.275613,93.12976599,79.28977013,1
11:18:40,3.275,3.275625,93.12388897,79.27923203,1
11:18:41,3.275,3.275636,93.11801195,79.26861048,1
11:18:42,3.274,3.275645,93.11213493,79.25047874,1
11:18:43,3.275,3.275577,93.10625792,79.24029231,1
11:18:44,3.274,3.275591,93.1003809,79.22246456,1
11:18:45,3.275,3.275528,93.09450388,79.2126298,1
11:18:46,3.274,3.275547,93.08862686,79.19508815,1
11:18:47,3.275,3.275487,93.08274984,79.18553948,1
11:18:48,3.274,3.27551,93.07687283,79.16827202,1
11:18:49,3.275,3.275454,93.07099581,79.15896177,1
11:18:50,3.274,3.275479,93.06511879,79.14183736,1
11:18:51,3.274,3.275426,93.05924177,79.1251421,1
11:18:52,3.275,3.275378,93.05336475,79.11639214,1
11:18:53,3.274,3.27541,93.04748774,79.09977436,1
11:18:54,3.274,3.275363,93.04161,79.08346057,1
11:18:55,3.275,3.27532,93.0357337,79.07512784,1
11:18:56,3.274,3.275357,93.02985668,79.05882001,1
11:18:57,3.274,3.275315,93.02397966,79.04282212,1
11:18:58,3.274,3.275276,93.01810265,79.02710438,1
11:18:59,3.274,3.275241,93.01222563,79.01164293,1
11:19:00,3.274,3.275209,93.00634861,78.99644971,1
11:19:01,3.274,3.275181,93.00047159,78.98142338,1
11:19:02,3.274,3.275155,92.99459457,78.96658182,1
11:19:03,3.274,3.275131,92.98871756,78.95194888,1
11:19:04,3.274,3.275109,92.98284054,78.93743515,1
11:19:05,3.274,3.275089,92.97696352,78.92305851,1
11:19:06,3.274,3.275071,92.9710865,78.9088428,1
11:19:07,3.274,3.275055,92.96520948,78.89471054,1
11:19:08,3.274,3.275039,92.95933247,78.88067961,1
11:19:09,3.274,3.275026,92.95345545,78.86674404,1
11:19:10,3.274,3.275014,92.94758,78.85289192,1
11:19:11,3.274,3.275002,92.94170141,78.83912325,1
11:19:12,3.274,3.274991,92.93582439,78.82542014,1
11:19:13,3.274,3.274982,92.92994738,78.8117826,1
11:19:14,3.274,3.274972,92.92407036,78.79823446,1
11:19:15,3.274,3.274964,92.91819334,78.78471017,1
11:19:16,3.274,3.274957,92.91231632,78.77123356,1
11:19:17,3.274,3.27495,92.9064393,78.75780463,1
11:19:18,3.274,3.274943,92.90056229,78.74441743,1
11:19:19,3.274,3.274937,92.89468527,78.73109579,1
11:19:20,3.274,3.274931,92.88880825,78.71777415,1
11:19:21,3.274,3.274925,92.88293123,78.70448828,1
11:19:22,3.274,3.27492,92.87705421,78.69125605,1
11:19:23,3.274,3.274915,92.8711772,78.67802382,1
11:19:24,3.274,3.274911,92.86530018,78.66481543,1
11:19:25,3.274,3.274907,92.85942316,78.65166068,1
11:19:26,3.274,3.274903,92.85355,78.63852382,1
11:19:27,3.274,3.274899,92.84766912,78.62540483,1
11:19:28,3.274,3.274895,92.84179211,78.61227989,1
11:19:29,3.274,3.274892,92.83591509,78.59917283,1
11:19:30,3.274,3.274889,92.83003807,78.58608365,1
11:19:31,3.274,3.274885,92.82416105,78.57304,1
11:19:32,3.274,3.274882,92.81828403,78.55997682,1
11:19:33,3.274,3.274879,92.81240702,78.54692936,1
11:19:34,3.274,3.274876,92.80653,78.53392363,1
11:19:35,3.274,3.274873,92.80065298,78.52090001,1
11:19:36,3.274,3.274871,92.79477596,78.50789428,1
11:19:37,3.274,3.274868,92.78889894,78.49490047,1
11:19:38,3.274,3.274866,92.78302193,78.48194242,1
11:19:39,3.274,3.274863,92.77714491,78.46896648,1
11:19:40,3.274,3.27486,92.77126789,78.45600247,1
11:19:41,3.274,3.274858,92.76539087,78.44307423,1
11:19:42,3.274,3.274855,92.75951,78.4301579,1
11:19:43,3.274,3.274853,92.75363684,78.41725349,1
11:19:44,3.274,3.274851,92.74775982,78.40435505,1
11:19:45,3.274,3.274848,92.7418828,78.39143872,1
11:19:46,3.274,3.274846,92.73600578,78.37853432,1
11:19:47,3.274,3.274844,92.73012877,78.36564183,1
11:19:48,3.274,3.274842,92.72425175,78.35275531,1
11:19:49,3.274,3.274839,92.71837473,78.3398807,1
11:19:50,3.274,3.274837,92.71249771,78.32701206,1
11:19:51,3.274,3.274835,92.70662069,78.31418514,1
11:19:52,3.274,3.274832,92.70074368,78.30134034,1
11:19:53,3.274,3.274831,92.69486666,78.2885015,1
11:19:54,3.274,3.274828,92.68898964,78.27569842,1
11:19:55,3.274,3.274826,92.68311262,78.26287746,1
11:19:56,3.274,3.274824,92.6772356,78.25009227,1
11:19:57,3.273,3.274822,92.67135859,78.22886705,1
11:19:58,3.273,3.274744,92.66548,78.20833325,1
11:19:59,3.273,3.274674,92.65960455,78.18831801,1
11:20:00,3.273,3.27461,92.65372753,78.16887498,1
11:20:01,3.273,3.274552,92.64785051,78.14990282,1
11:20:02,3.273,3.2745,92.6419735,78.13130021,1
11:20:03,3.273,3.274453,92.63609648,78.11313272,1
11:20:04,3.273,3.27441,92.63021946,78.09526324,1
11:20:05,3.273,3.274371,92.62434244,78.07770967,1
11:20:06,3.273,3.274336,92.61846542,78.06048393,1
11:20:07,3.273,3.274304,92.61258841,78.04347277,1
11:20:08,3.273,3.274275,92.60671139,78.02673578,1
11:20:09,3.272,3.274249,92.60083437,78.0016005,1
11:20:10,3.273,3.274149,92.59495735,77.98591256,1
11:20:11,3.272,3.274134,92.58908033,77.96177268,1
11:20:12,3.272,3.274045,92.58320332,77.93830037,1
11:20:13,3.272,3.273965,92.5773263,77.91550159,1
11:20:14,3.272,3.273893,92.57145,77.89330482,1
11:20:15,3.272,3.273827,92.56557226,77.87171006,1
11:20:16,3.272,3.273767,92.55969524,77.85055041,1
11:20:17,3.271,3.273713,92.55381823,77.82117724,1
11:20:18,3.271,3.273589,92.54794121,77.79293,1
11:20:19,3.271,3.273477,92.54206419,77.76553631,1
11:20:20,3.271,3.273376,92.53618717,77.73907185,1
11:20:21,3.271,3.273284,92.53031015,77.7132988,1
11:20:22,3.271,3.273201,92.52443314,77.68828869,1
11:20:23,3.271,3.273127,92.51855612,77.66389847,1
11:20:24,3.271,3.273059,92.5126791,77.64000297,1
11:20:25,3.271,3.272998,92.50680208,77.61667967,1
11:20:26,3.27,3.272942,92.50092506,77.58497596,1
11:20:27,3.271,3.272817,92.49504805,77.5631845,1
11:20:28,3.27,3.272779,92.48917103,77.53284574,1
11:20:29,3.27,3.272669,92.48329401,77.5034368,1
11:20:30,3.27,3.27257,92.47742,77.47487426,1
11:20:31,3.27,3.27248,92.47153997,77.44715214,1
11:20:32,3.27,3.272399,92.46566296,77.42002606,1
11:20:33,3.27,3.272326,92.45978594,77.3935914,1
11:20:34,3.27,3.272259,92.45390892,77.36771107,1
11:20:35,3.269,3.2722,92.4480319,77.33334899,1
11:20:36,3.269,3.27207,92.44215488,77.30010152,1
11:20:37,3.269,3.271953,92.43627787,77.26785541,1
11:20:38,3.269,3.271842,92.43040085,77.23665833,1
11:20:39,3.269,3.271731,92.42452383,77.20640898,1
11:20:40,3.269,3.271631,92.41864681,77.17693448,1
11:20:41,3.269,3.271539,92.41276979,77.14825273,1
11:20:42,3.269,3.271457,92.40689278,77.12036371,1
11:20:43,3.269,3.271382,92.40101576,77.09304094,1
11:20:44,3.269,3.271314,92.39513874,77.06638575,1
11:20:45,3.269,3.271252,92.38926172,77.04026699,1
11:20:46,3.268,3.271195,92.38338,77.00553536,1
11:20:47,3.268,3.271064,92.37750769,76.97196007,1
11:20:48,3.268,3.270946,92.37163067,76.93943977,1
11:20:49,3.268,3.270838,92.36575365,76.90796256,1
11:20:50,3.268,3.270741,92.35987663,76.87724829,1
11:20:51,3.268,3.270653,92.35399961,76.84739828,1
11:20:52,3.268,3.270573,92.3481226,76.81816816,1
11:20:53,3.268,3.2705,92.34224558,76.78958774,1
11:20:54,3.268,3.270434,92.33636856,76.76159739,1
11:20:55,3.268,3.270374,92.33049154,76.73421502,1
11:20:56,3.268,3.270319,92.32461452,76.70731544,1
11:20:57,3.268,3.270268,92.31873751,76.68078542,1
11:20:58,3.268,3.270222,92.31286049,76.65473223,1
11:20:59,3.267,3.27018,92.30698347,76.61996484,1
11:21:00,3.268,3.270062,92.30110645,76.59534216,1
11:21:01,3.268,3.270035,92.29522943,76.5709579,1
11:21:02,3.268,3.270009,92.28935,76.54672265,1
11:21:03,3.268,3.269985,92.2834754,76.52270198,1
11:21:04,3.267,3.269963,92.27759838,76.48973465,1
11:21:05,3.268,3.269863,92.27172136,76.46682262,1
11:21:06,3.267,3.269851,92.26584435,76.43485665,1
11:21:07,3.267,3.269761,92.25996733,76.40371323,1
11:21:08,3.267,3.269679,92.25409031,76.3733089,1
11:21:09,3.267,3.269604,92.24821329,76.34358406,1
11:21:10,3.267,3.269536,92.24233627,76.3145566,1
11:21:11,3.267,3.269474,92.23645926,76.2860775,1
11:21:12,3.267,3.269418,92.23058224,76.25802159,1
11:21:13,3.267,3.269366,92.22470522,76.23043,1
11:21:14,3.267,3.269319,92.2188282,76.20326877,1
11:21:15,3.267,3.269275,92.21295118,76.17649436,1
11:21:16,3.267,3.269235,92.20707417,76.15015507,1
11:21:17,3.267,3.269199,92.20119715,76.12406611,1
11:21:18,3.267,3.269165,92.19532,76.09834671,1
11:21:19,3.267,3.269134,92.18944311,76.07282996,1
11:21:20,3.267,3.269105,92.18356609,76.04764104,1
11:21:21,3.267,3.269078,92.17768908,76.02261901,1
11:21:22,3.267,3.269054,92.17181206,75.99781752,1
11:21:23,3.267,3.269031,92.16593504,75.97322464,1
11:21:24,3.267,3.269009,92.16005802,75.94888806,1
11:21:25,3.267,3.268989,92.154181,75.92466474,1
11:21:26,3.267,3.26897,92.14830399,75.90061426,1
11:21:27,3.267,3.268952,92.14242697,75.87672472,1
11:21:28,3.267,3.268935,92.13654995,75.85304976,1
11:21:29,3.267,3.268919,92.13067293,75.82951188,1
11:21:30,3.267,3.268904,92.12479591,75.80603957,1
11:21:31,3.267,3.268889,92.1189189,75.78269839,1
11:21:32,3.267,3.268875,92.11304188,75.75954199,1
11:21:33,3.267,3.268862,92.10716486,75.73643327,1
11:21:34,3.267,3.26885,92.10129,75.7134974,1
11:21:35,3.267,3.268837,92.09541082,75.69060922,1
11:21:36,3.267,3.268825,92.08953381,75.66782832,1
11:21:37,3.267,3.268814,92.08365679,75.64514279,1
11:21:38,3.267,3.268803,92.07777977,75.62256,1
11:21:39,3.267,3.268792,92.07190275,75.60012937,1
11:21:40,3.267,3.268782,92.06602573,75.57778358,1
11:21:41,3.267,3.268772,92.06014872,75.55546761,1
11:21:42,3.267,3.268762,92.0542717,75.53324103,1
11:21:43,3.267,3.268752,92.04839468,75.51109791,1
11:21:44,3.267,3.268743,92.04251766,75.48909783,1
11:21:45,3.267,3.268733,92.03664064,75.46717525,1
11:21:46,3.267,3.268724,92.03076363,75.4452765,1
11:21:47,3.267,3.268715,92.02488661,75.42345524,1
11:21:48,3.267,3.268706,92.01900959,75.40171742,1
11:21:49,3.267,3.268697,92.01313257,75.3800571,1
11:21:50,3.267,3.268689,92.00726,75.35847425,1
11:21:51,3.267,3.26868,92.00137854,75.3369689,1
11:21:52,3.267,3.268672,91.99550152,75.31553507,1
11:21:53,3.267,3.268663,91.9896245,75.29417276,1
11:21:54,3.267,3.268655,91.98374748,75.27294,1
11:21:55,3.267,3.268647,91.97787046,75.25172234,1
11:21:56,3.267,3.268639,91.97199345,75.23057461,1
11:21:57,3.267,3.268631,91.96611643,75.20955205,1
11:21:58,3.267,3.268623,91.96023941,75.18859506,1
11:21:59,3.267,3.268615,91.95436239,75.16766,1
11:22:00,3.267,3.268607,91.94848537,75.14678836,1
11:22:01,3.267,3.268599,91.94260836,75.12598634,1
11:22:02,3.267,3.268591,91.93673134,75.10525584,1
11:22:03,3.267,3.268584,91.93085432,75.08464456,1
11:22:04,3.267,3.268576,91.9249773,75.06682873,1
11:22:05,3.267,3.26857,91.91910028,75.05115271,1
11:22:06,3.267,3.268565,91.91322,75.03714561,1
11:22:07,3.267,3.268561,91.90734625,75.02447963,1
11:22:08,3.267,3.268558,91.90146923,75.01291037,1
11:22:09,3.267,3.268555,91.89559221,75.00221729,1
11:22:10,3.267,3.268554,91.88971519,74.99224544,1
11:22:11,3.267,3.268558,91.88383818,74.98284578,1
11:22:12,3.267,3.268561,91.87796116,74.97395873,1
11:22:13,3.267,3.268564,91.87208414,74.96546507,1
11:22:14,3.267,3.268565,91.86620712,74.95735884,1
11:22:15,3.267,3.268567,91.8603301,74.94952679,1
11:22:16,3.267,3.268569,91.85445309,74.94198084,1
11:22:17,3.267,3.26857,91.84857607,74.93466735,1
11:22:18,3.267,3.268571,91.84269905,74.92753863,1
11:22:19,3.267,3.268572,91.83682203,74.92061257,1
11:22:20,3.267,3.268572,91.83094501,74.91388917,1
11:22:21,3.267,3.268572,91.825068,74.9073267,1
11:22:22,3.267,3.268573,91.81919,74.90088344,1
11:22:23,3.267,3.268573,91.81331396,74.89391565,1
11:22:24,3.267,3.268572,91.80743694,74.88625646,1
11:22:25,3.267,3.268572,91.80155993,74.87792373,1
11:22:26,3.266,3.268571,91.79568291,74.8671174,1
11:22:27,3.267,3.268495,91.78980589,74.85794425,1
11:22:28,3.267,3.268502,91.78392887,74.8483181,1
11:22:29,3.267,3.268506,91.77805185,74.83828068,1
11:22:30,3.267,3.26851,91.77217484,74.82787371,1
11:22:31,3.267,3.268513,91.76629782,74.81707335,1
11:22:32,3.267,3.268516,91.7604208,74.805969,1
11:22:33,3.267,3.268518,91.75454378,74.79459047,1
11:22:34,3.267,3.26852,91.74866676,74.78302121,1
11:22:35,3.267,3.26852,91.74278975,74.77122545,1
11:22:36,3.267,3.268521,91.73691273,74.75922704,1
11:22:37,3.267,3.268521,91.73103571,74.74704385,1
11:22:38,3.267,3.268521,91.72516,74.73469377,1
11:22:39,3.267,3.26852,91.71928167,74.72218871,1
11:22:40,3.267,3.268519,91.71340466,74.70949888,1
11:22:41,3.267,3.268518,91.70752764,74.69668984,1
11:22:42,3.267,3.268517,91.70165062,74.68377352,1
11:22:43,3.267,3.268515,91.6957736,74.67082143,1
11:22:44,3.267,3.268513,91.68989658,74.65777993,1
11:22:45,3.267,3.268511,91.68401957,74.64460135,1
11:22:46,3.267,3.268509,91.67814255,74.63141084,1
11:22:47,3.267,3.268507,91.67226553,74.61815476,1
11:22:48,3.267,3.268505,91.66638851,74.60483909,1
11:22:49,3.267,3.268502,91.66051149,74.59147573,1
11:22:50,3.267,3.2685,91.65463448,74.57800508,1
11:22:51,3.267,3.268497,91.64875746,74.56455827,1
11:22:52,3.267,3.268495,91.64288044,74.55106974,1
11:22:53,3.267,3.268492,91.63700342,74.5375514,1
11:22:54,3.267,3.26849,91.63113,74.52400327,1
11:22:55,3.267,3.268487,91.62524939,74.51042533,1
11:22:56,3.267,3.268484,91.61937237,74.49676991,1
11:22:57,3.267,3.268481,91.61349535,74.48315024,1
11:22:58,3.266,3.268479,91.60761833,74.46426153,1
11:22:59,3.267,3.2684,91.60174131,74.45095181,1
11:23:00,3.266,3.268404,91.5958643,74.43236113,1
11:23:01,3.267,3.268333,91.58998728,74.41940904,1
11:23:02,3.266,3.268343,91.58411026,74.4009614,1
11:23:03,3.267,3.268277,91.57823324,74.38825965,1
11:23:04,3.267,3.268293,91.57235622,74.37545061,1
11:23:05,3.267,3.268306,91.56647921,74.36254621,1
11:23:06,3.266,3.268319,91.56060219,74.34407473,1
11:23:07,3.266,3.268254,91.55472517,74.32601452,1
11:23:08,3.267,3.268194,91.54884815,74.31361675,1
11:23:09,3.267,3.268217,91.54297113,74.3010819,1
11:23:10,3.267,3.268237,91.53709,74.28846955,1
11:23:11,3.267,3.268255,91.5312171,74.27574396,1
11:23:12,3.267,3.26827,91.52534008,74.26291704,1
11:23:13,3.266,3.268284,91.51946306,74.24451113,1
11:23:14,3.267,3.26822,91.51358604,74.2318809,1
11:23:15,3.266,3.268238,91.50770903,74.21367764,1
11:23:16,3.267,3.268178,91.50183201,74.20129776,1
11:23:17,3.267,3.268199,91.49595499,74.18878078,1
11:23:18,3.267,3.268219,91.49007797,74.1761446,1
11:23:19,3.267,3.268236,91.48420095,74.16334748,1
11:23:20,3.266,3.26825,91.47832394,74.14494157,1
11:23:21,3.266,3.268188,91.47244692,74.12685752,1
11:23:22,3.267,3.268131,91.4665699,74.11461473,1
11:23:23,3.267,3.268155,91.46069288,74.10222292,1
11:23:24,3.267,3.268177,91.45481586,74.08969402,1
11:23:25,3.267,3.268196,91.44893885,74.07709956,1
11:23:26,3.267,3.268214,91.44306,74.06439185,1
11:23:27,3.266,3.268228,91.43718481,74.04594,1
11:23:28,3.267,3.268165,91.43130779,74.03348088,1
11:23:29,3.267,3.268185,91.42543077,74.0208447,1
11:23:30,3.267,3.268202,91.41955376,74.00810122,1
11:23:31,3.267,3.268216,91.41367674,73.99526834,1
11:23:32,3.267,3.26823,91.40779972,73.98239374,1
11:23:33,3.267,3.268241,91.4019227,73.96944165,1
11:23:34,3.266,3.268251,91.39604568,73.95070791,1
11:23:35,3.266,3.268184,91.39016867,73.9323318,1
11:23:36,3.267,3.268123,91.38429165,73.92001748,1
11:23:37,3.266,3.268144,91.37841463,73.90182614,1
11:23:38,3.266,3.268086,91.37253761,73.88394475,1
11:23:39,3.267,3.268034,91.36666059,73.87210131,1
11:23:40,3.267,3.268064,91.36078358,73.86007905,1
11:23:41,3.266,3.268089,91.35490656,73.84211421,1
11:23:42,3.266,3.268036,91.34903,73.82443547,1
11:23:43,3.267,3.267987,91.34315252,73.81282449,1
11:23:44,3.267,3.26802,91.33727551,73.80101085,1
11:23:45,3.266,3.268049,91.33139849,73.78319502,1
11:23:46,3.266,3.267998,91.32552147,73.76556993,1
11:23:47,3.266,3.267953,91.31964445,73.74828458,1
11:23:48,3.267,3.267911,91.31376743,73.73703718,1
11:23:49,3.267,3.26795,91.30789042,73.72559309,1
11:23:50,3.266,3.267984,91.3020134,73.70798588,1
11:23:51,3.266,3.267938,91.29613638,73.69071245,1
11:23:52,3.266,3.267897,91.29025936,73.67366552,1
11:23:53,3.266,3.267859,91.28438234,73.65682125,1
11:23:54,3.266,3.267826,91.27850533,73.64007831,1
11:23:55,3.266,3.267795,91.27262831,73.6235857,1
11:23:56,3.266,3.267766,91.26675129,73.60723615,1
11:23:57,3.266,3.267741,91.26087427,73.59102368,1
11:23:58,3.266,3.267717,91.255,73.57493043,1
11:23:59,3.266,3.267696,91.24912024,73.55887294,1
11:24:00,3.266,3.267677,91.24324322,73.54299426,1
11:24:01,3.266,3.267659,91.2373662,73.52720499,1
11:24:02,3.266,3.267642,91.23148918,73.51149917,1
11:24:03,3.266,3.267627,91.22561216,73.49586,1
11:24:04,3.266,3.267613,91.21973515,73.48023057,1
11:24:05,3.266,3.267601,91.21385813,73.46473336,1
11:24:06,3.266,3.267589,91.20798111,73.4492898,1
11:24:07,3.266,3.267577,91.20210409,73.43389988,1
11:24:08,3.266,3.267567,91.19622707,73.41848612,1
11:24:09,3.266,3.267558,91.19035006,73.40318561,1
11:24:10,3.266,3.267549,91.18447304,73.38792682,1
11:24:11,3.266,3.26754,91.17859602,73.37270379,1
11:24:12,3.266,3.267533,91.172719,73.357445,1
11:24:13,3.266,3.267525,91.16684198,73.34228754,1
11:24:14,3.266,3.267518,91.16096,73.32715392,1
11:24:15,3.266,3.267512,91.15508795,73.3120501,1
11:24:16,3.266,3.267505,91.14921093,73.29697013,1
11:24:17,3.266,3.267499,91.14333391,73.28190804,1
11:24:18,3.266,3.267494,91.13745689,73.26686978,1
11:24:19,3.266,3.267488,91.13157988,73.25184941,1
11:24:20,3.266,3.267483,91.12570286,73.23685,1
11:24:21,3.266,3.267478,91.11982584,73.22179675,1
11:24:22,3.266,3.267473,91.11394882,73.20683002,1
11:24:23,3.266,3.267469,91.1080718,73.19188118,1
11:24:24,3.266,3.267464,91.10219479,73.17687869,1
11:24:25,3.266,3.26746,91.09631777,73.16189408,1
11:24:26,3.266,3.267455,91.09044075,73.14699292,1
11:24:27,3.266,3.267451,91.08456373,73.13203812,1
11:24:28,3.266,3.267447,91.07868671,73.11716676,1
11:24:29,3.266,3.267443,91.0728097,73.10224175,1
11:24:30,3.266,3.267439,91.06693,73.08739424,1
11:24:31,3.266,3.267435,91.06105566,73.07249308,1
11:24:32,3.266,3.267431,91.05517864,73.0576694,1
11:24:33,3.266,3.267427,91.04930162,73.04279208,1
11:24:34,3.266,3.267424,91.04342461,73.02799,1
11:24:35,3.266,3.26742,91.03754759,73.01319838,1
11:24:36,3.266,3.267416,91.03167057,72.99841642,1
11:24:37,3.266,3.267413,91.02579355,72.98357487,1
11:24:38,3.266,3.267409,91.01991653,72.9688108,1
11:24:39,3.266,3.267406,91.01403952,72.95405865,1
11:24:40,3.266,3.267402,91.0081625,72.93931246,1
11:24:41,3.266,3.267399,91.00228548,72.92457223,1
11:24:42,3.266,3.267395,90.99640846,72.90984392,1
11:24:43,3.266,3.267392,90.99053144,72.89506197,1
11:24:45,3.266,3.267389,90.98465443,72.88029194,1
11:24:45,3.266,3.267385,90.97877741,72.86559343,1
11:24:46,3.266,3.267382,90.9729,72.85090685,1
11:24:47,3.266,3.267379,90.96702337,72.83622622,1
11:24:49,3.266,3.267375,90.96114635,72.82149196,1
11:24:49,3.266,3.267372,90.95526934,72.80683517,1
11:24:50,3.266,3.267368,90.94939232,72.79212475,1
11:24:52,3.266,3.267365,90.9435153,72.77742624,1
11:24:52,3.266,3.267362,90.93763828,72.76273966,1
11:24:53,3.266,3.267358,90.93176126,72.74806499,1
11:24:54,3.266,3.267355,90.92588425,72.73340225,1
11:24:56,3.266,3.267352,90.92000723,72.71875143,1
11:24:56,3.266,3.267348,90.91413021,72.70417809,1
11:24:57,3.266,3.267345,90.90825319,72.68960476,1
11:24:58,3.266,3.267342,90.90237617,72.67497778,1
11:24:59,3.266,3.267339,90.89649916,72.66036272,1
11:25:00,3.266,3.267335,90.89062214,72.64582515,1
11:25:01,3.266,3.267333,90.88474512,72.63129354,1
11:25:03,3.266,3.267329,90.87887,72.61670828,1
11:25:04,3.266,3.267326,90.87299109,72.60219455,1
11:25:04,3.266,3.267323,90.86711407,72.58762717,1
11:25:05,3.266,3.267319,90.86123705,72.57313728,1
11:25:07,3.266,3.267316,90.85536003,72.55865335,1
11:25:07,3.266,3.267313,90.84948301,72.54417539,1
11:25:09,3.266,3.26731,90.843606,72.52964377,1
11:25:09,3.266,3.267306,90.83772898,72.51518965,1
11:25:10,3.266,3.267303,90.83185196,72.50068188,1
11:25:11,3.266,3.2673,90.82597494,72.48625159,1
11:25:12,3.266,3.267297,90.82009792,72.47176766,1
11:25:14,3.266,3.267294,90.81422091,72.45735526,1
11:25:14,3.266,3.26729,90.80834389,72.44295478,1
11:25:15,3.266,3.267287,90.80246687,72.42850065,1
11:25:16,3.266,3.267284,90.79658985,72.41411805,1
11:25:17,3.266,3.267281,90.79071283,72.39974737,1
11:25:18,3.266,3.267277,90.78484,72.38538265,1
11:25:19,3.266,3.267274,90.7789588,72.37102985,1
11:25:20,3.266,3.267271,90.77308178,72.35662341,1
11:25:21,3.266,3.267268,90.76720476,72.34223485,1
11:25:22,3.266,3.267265,90.76132774,72.32791781,1
11:25:23,3.266,3.267262,90.75545073,72.3136127,1
11:25:25,3.266,3.267258,90.74957371,72.29931355,1
11:25:25,3.266,3.267255,90.74369669,72.28502631,1
11:25:26,3.266,3.267252,90.73781967,72.270751,1
11:25:27,3.266,3.267249,90.73194265,72.25648761,1
11:25:29,3.266,3.267246,90.72606564,72.24217057,1
11:25:29,3.266,3.267242,90.72018862,72.22787142,1
11:25:30,3.266,3.267239,90.7143116,72.21358418,1
11:25:32,3.266,3.267236,90.70843458,72.19930887,1
11:25:32,3.266,3.267233,90.70255756,72.18505144,1
11:25:33,3.266,3.26723,90.69668055,72.17081189,1
11:25:34,3.265,3.267226,90.6908,72.14987278,1
11:25:35,3.266,3.267147,90.68492651,72.13622928,1
11:25:36,3.266,3.267152,90.67904949,72.12254405,1
11:25:37,3.265,3.267155,90.67317247,72.10202217,1
11:25:39,3.265,3.267082,90.66729546,72.08198309,1
11:25:39,3.265,3.267016,90.66141844,72.06237316,1
11:25:41,3.265,3.266956,90.65554142,72.04315662,1
11:25:41,3.265,3.266902,90.6496644,72.02419639,1
11:25:42,3.265,3.266853,90.64378738,72.00565,1
11:25:43,3.265,3.266808,90.63791037,71.98739648,1
11:25:45,3.265,3.266768,90.63203335,71.96940184,1
11:25:45,3.265,3.266731,90.62615633,71.95164561,1
11:25:46,3.265,3.266698,90.62027931,71.93409801,1
11:25:47,3.265,3.266668,90.61440229,71.91674709,1
11:25:49,3.265,3.26664,90.60852528,71.89949155,1
11:25:50,3.265,3.266615,90.60264826,71.88248038,1
11:25:50,3.264,3.266592,90.59677,71.85871601,1
11:25:51,3.265,3.266495,90.59089422,71.84243202,1
11:25:52,3.265,3.266484,90.5850172,71.82622552,1
11:25:54,3.264,3.266473,90.57914019,71.8031168,1
11:25:54,3.264,3.266387,90.57326317,71.78059816,1
11:25:55,3.264,3.266309,90.56738615,71.75872326,1
11:25:56,3.264,3.266238,90.56150913,71.73731327,1
11:25:58,3.264,3.266174,90.55563211,71.71632648,1
11:25:58,3.264,3.266117,90.5497551,71.69572115,1
11:25:59,3.264,3.266065,90.54387808,71.67545557,1
11:26:00,3.264,3.266017,90.53800106,71.6555059,1
11:26:02,3.264,3.265975,90.53212404,71.63583636,1
11:26:03,3.264,3.265935,90.52624702,71.61632776,1
11:26:03,3.264,3.2659,90.52037001,71.59705758,1
11:26:04,3.264,3.265868,90.51449299,71.5781033,1
11:26:06,3.264,3.265839,90.50861597,71.55933,1
11:26:07,3.264,3.265812,90.50274,71.54073715,1
11:26:08,3.264,3.265787,90.49686193,71.52229548,1
11:26:08,3.264,3.265765,90.49098492,71.50399685,1
11:26:09,3.264,3.265744,90.4851079,71.48582935,1
11:26:11,3.264,3.265726,90.47923088,71.46777511,1
11:26:12,3.263,3.265708,90.47335386,71.44263387,1
11:26:12,3.263,3.265616,90.46747684,71.41826749,1
11:26:13,3.263,3.265533,90.46159983,71.39446735,1
11:26:14,3.263,3.265458,90.45572281,71.37117982,1
11:26:16,3.263,3.26539,90.44984579,71.34823203,1
11:26:16,3.263,3.265328,90.44396877,71.32583857,1
11:26:17,3.263,3.265272,90.43809175,71.30381465,1
11:26:18,3.263,3.265222,90.43221474,71.28213644,1
11:26:20,3.263,3.265176,90.42633772,71.26076221,1
11:26:21,3.263,3.265134,90.4204607,71.23956084,1
11:26:22,3.263,3.265096,90.41458368,71.21872902,1
11:26:23,3.263,3.265062,90.40871,71.19812369,1
11:26:24,3.263,3.26503,90.40282965,71.17772698,1
11:26:25,3.263,3.265002,90.39695263,71.15741968,1
11:26:26,3.263,3.264976,90.39107561,71.13729119,1
11:26:27,3.263,3.264952,90.38519859,71.11742496,1
11:26:28,3.263,3.26493,90.37932158,71.09770179,1
11:26:29,3.263,3.26491,90.37344456,71.07810378,1
11:26:29,3.262001,3.264891,90.36756754,71.0514307,1
11:26:30,3.262001,3.264798,90.36169052,71.02540731,1
11:26:32,3.262001,3.264714,90.3558135,70.99996805,1
11:26:33,3.262001,3.264638,90.34993649,70.97505331,1
11:26:34,3.262001,3.264569,90.34405947,70.95048428,1
11:26:34,3.262001,3.264506,90.33818245,70.92649341,1
11:26:36,3.262001,3.26445,90.33230543,70.90288997,1
11:26:37,3.262001,3.264398,90.32642841,70.8796382,1
11:26:38,3.262001,3.264352,90.3205514,70.85658312,1
11:26:38,3.262001,3.264309,90.31467,70.83382607,1
11:26:40,3.262001,3.264271,90.30879736,70.81146,1
11:26:41,3.262001,3.264236,90.30292034,70.7893312,1
11:26:42,3.262001,3.264204,90.29704332,70.76741457,1
11:26:43,3.262001,3.264175,90.29116631,70.74569464,1
11:26:43,3.262001,3.264148,90.28528929,70.72414756,1
11:26:45,3.262001,3.264124,90.27941227,70.70276141,1
11:26:46,3.262001,3.264102,90.27353525,70.68152428,1
11:26:47,3.262001,3.264081,90.26765823,70.66041827,1
11:26:47,3.262001,3.264062,90.26178122,70.63943744,1
11:26:49,3.262001,3.264044,90.2559042,70.61856985,1
11:26:50,3.261,3.264029,90.25002718,70.59029937,1
11:26:51,3.262001,3.263937,90.24415016,70.57019472,1
11:26:51,3.262001,3.263931,90.23827314,70.55011988,1
11:26:53,3.262001,3.263925,90.23239613,70.53007483,1
11:26:54,3.261,3.263919,90.22651911,70.5026865,1
11:26:55,3.261,3.263837,90.22064,70.47587633,1
11:26:56,3.262001,3.263763,90.21476507,70.45698762,1
11:26:56,3.261,3.263772,90.20888805,70.43061852,1
11:26:58,3.261,3.263704,90.20301104,70.40459514,1
11:26:59,3.261,3.263641,90.19713402,70.3791678,1
11:27:00,3.261,3.263585,90.191257,70.35413384,1
11:27:00,3.261,3.263534,90.18537998,70.32945752,1
11:27:02,3.261,3.263488,90.17950296,70.30510902,1
11:27:03,3.261,3.263445,90.17362595,70.28092742,1
11:27:04,3.261,3.263407,90.16774893,70.25715113,1
11:27:05,3.261,3.263372,90.16187191,70.23361325,1
11:27:06,3.261,3.26334,90.15599489,70.21017075,1
11:27:07,3.261,3.263311,90.15011787,70.18694282,1
11:27:08,3.261,3.263284,90.14424086,70.16402483,1
11:27:09,3.261,3.26326,90.13836384,70.14115453,1
11:27:10,3.261,3.263237,90.13248682,70.11855841,1
11:27:11,3.261,3.263217,90.12661,70.09609938,1
11:27:12,3.261,3.263198,90.12073278,70.07468939,1
11:27:13,3.261,3.263181,90.11485577,70.05539,1
11:27:14,3.261,3.263166,90.10897875,70.03778815,1
11:27:14,3.261,3.263152,90.10310173,70.02163529,1
11:27:16,3.261,3.263141,90.09722471,70.00669837,1
11:27:17,3.261,3.26313,90.09134769,69.99266744,1
11:27:18,3.261,3.263124,90.08547068,69.97946501,1
11:27:19,3.261,3.263118,90.07959366,69.96693611,1
11:27:20,3.261,3.263112,90.07371664,69.95493174,1
11:27:21,3.261,3.263107,90.06783962,69.94354725,1
11:27:22,3.261,3.263103,90.0619626,69.93252039,1
11:27:23,3.261,3.263098,90.05608559,69.9218452,1
11:27:24,3.26,3.263094,90.05020857,69.90939379,1
11:27:25,3.261,3.263017,90.04433155,69.89966035,1
11:27:26,3.26,3.263021,90.03845453,69.88748312,1
11:27:27,3.261,3.262951,90.03258,69.87702847,1
11:27:28,3.26,3.262961,90.0267005,69.86319423,1
11:27:29,3.26,3.262896,90.02082348,69.84894872,1
11:27:30,3.26,3.262836,90.01494646,69.83420849,1
11:27:31,3.26,3.262783,90.00906944,69.81889009,1
11:27:32,3.26,3.262734,90.00319242,69.80337501,1
11:27:33,3.26,3.262689,89.99731541,69.78754997,1
11:27:34,3.26,3.262649,89.99143839,69.77145076,1
11:27:35,3.26,3.262612,89.98556137,69.75512505,1
11:27:36,3.26,3.262579,89.97968435,69.73859668,1
11:27:37,3.26,3.262549,89.97380733,69.72189546,1
11:27:38,3.26,3.262521,89.96793032,69.70504522,1
11:27:39,3.26,3.262495,89.9620533,69.68806386,1
11:27:40,3.26,3.262472,89.95617628,69.67083216,1
11:27:41,3.26,3.262451,89.95029926,69.65351701,1
11:27:42,3.26,3.262431,89.94442225,69.63612437,1
11:27:43,3.26,3.262414,89.93855,69.6188,1
11:27:44,3.26,3.262397,89.93266821,69.60140467,1
11:27:45,3.26,3.262382,89.92679119,69.58395243,1
11:27:46,3.26,3.262368,89.92091417,69.56631541,1
11:27:47,3.26,3.262355,89.91503716,69.54877377,1
11:27:48,3.26,3.262343,89.90916014,69.53106,1
11:27:49,3.26,3.262332,89.90328312,69.51344609,1
11:27:50,3.26,3.262322,89.8974061,69.49567199,1
11:27:51,3.26,3.262313,89.89152908,69.47787404,1
11:27:52,3.26,3.262304,89.88565207,69.46006417,1
11:27:53,3.26,3.262295,89.87977505,69.44237,1
11:27:54,3.26,3.262288,89.87389803,69.42464709,1
11:27:55,3.26,3.26228,89.86802101,69.40677762,1
11:27:56,3.26,3.262273,89.86214399,69.38889623,1
11:27:57,3.26,3.262267,89.85626698,69.37100887,1
11:27:58,3.26,3.26226,89.85038996,69.35311556,1
11:27:59,3.26,3.262255,89.84451,69.33521628,1
11:28:00,3.26,3.262249,89.83863592,69.31731105,1
11:28:01,3.26,3.262244,89.8327589,69.29940581,1
11:28:02,3.26,3.262239,89.82688189,69.28149462,1
11:28:03,3.26,3.262234,89.82100487,69.26357746,1
11:28:04,3.26,3.262229,89.81512785,69.24578547,1
11:28:05,3.26,3.262224,89.80925083,69.2278564,1
11:28:06,3.26,3.26222,89.80337381,69.20992732,1
11:28:07,3.26,3.262216,89.7974968,69.19212,1
11:28:08,3.26,3.262212,89.79161978,69.17418242,1
11:28:09,3.26,3.262208,89.78574276,69.15624142,1
11:28:10,3.26,3.262203,89.77986574,69.13843155,1
11:28:11,3.26,3.2622,89.77398872,69.12048459,1
11:28:12,3.26,3.262196,89.76811171,69.1026628,1
11:28:13,3.26,3.262192,89.76223469,69.08470988,1
11:28:14,3.26,3.262189,89.75635767,69.06688809,1
11:28:15,3.26,3.262185,89.75048,69.04892921,1
11:28:16,3.26,3.262182,89.74460363,69.03110147,1
11:28:17,3.26,3.262178,89.73872662,69.01326776,1
11:28:18,3.26,3.262175,89.7328496,68.99530292,1
11:28:19,3.26,3.262172,89.72697258,68.97746921,1
11:28:20,3.26,3.262168,89.72109556,68.95950437,1
11:28:21,3.26,3.262165,89.71521854,68.94167066,1
11:28:22,3.26,3.262161,89.70934153,68.92383099,1
11:28:23,3.26,3.262158,89.70346451,68.90586019,1
11:28:24,3.26,3.262155,89.69758749,68.88802648,1
11:28:25,3.26,3.262152,89.69171047,68.87018681,1
11:28:26,3.26,3.262148,89.68583345,68.85221601,1
11:28:27,3.26,3.262145,89.67995644,68.8343823,1
11:28:28,3.26,3.262142,89.67407942,68.81654263,1
11:28:29,3.26,3.262139,89.6682024,68.79857183,1
11:28:30,3.26,3.262136,89.66232538,68.78073812,1
11:28:31,3.26,3.262133,89.65645,68.76289845,1
11:28:32,3.26,3.262129,89.65057135,68.74493361,1
11:28:33,3.26,3.262126,89.64469433,68.7270999,1
11:28:34,3.26,3.262123,89.63881731,68.70926619,1
11:28:35,3.26,3.26212,89.63294029,68.69130731,1
11:28:36,3.26,3.262117,89.62706327,68.67347956,1
11:28:37,3.26,3.262114,89.62118626,68.65552664,1
11:28:38,3.26,3.262111,89.61530924,68.63770485,1
11:28:39,3.26,3.262108,89.60943222,68.61975789,1
11:28:40,3.26,3.262105,89.6035552,68.60194206,1
11:28:41,3.26,3.262102,89.59767818,68.58400106,1
11:28:42,3.26,3.262099,89.59180117,68.5661912,1
11:28:43,3.26,3.262095,89.58592415,68.54825616,1
11:28:44,3.26,3.262093,89.58004713,68.53045225,1
11:28:45,3.26,3.262089,89.57417011,68.51252317,1
11:28:46,3.26,3.262086,89.56829309,68.49460006,1
11:28:47,3.26,3.262083,89.56242,68.47681403,1
11:28:48,3.26,3.26208,89.55653906,68.45889688,1
11:28:49,3.26,3.262077,89.55066204,68.44099164,1
11:28:50,3.26,3.262074,89.54478502,68.42309237,1
11:28:51,3.26,3.262071,89.538908,68.40532422,1
11:28:52,3.26,3.262068,89.53303099,68.38743091,1
11:28:53,3.26,3.262065,89.52715397,68.36954355,1
11:28:54,3.26,3.262062,89.52127695,68.35166216,1
11:28:55,3.26,3.262059,89.51539993,68.33378673,1
11:28:56,3.26,3.262056,89.50952291,68.31591725,1
11:28:57,3.26,3.262053,89.5036459,68.29805374,1
11:28:58,3.26,3.262049,89.49776888,68.28019619,1
11:28:59,3.26,3.262047,89.49189186,68.2623446,1
11:29:00,3.26,3.262043,89.48601484,68.24449897,1
11:29:01,3.26,3.262041,89.48013783,68.2266593,1
11:29:02,3.26,3.262037,89.47426081,68.20882559,1
11:29:03,3.26,3.262034,89.46838,68.19112301,1
11:29:04,3.26,3.262032,89.46250677,68.17341447,1
11:29:05,3.26,3.262028,89.45662975,68.1555748,1
11:29:06,3.26,3.262025,89.45075274,68.13774,1
11:29:07,3.26,3.262022,89.44487572,68.1199193,1
11:29:08,3.26,3.262019,89.4389987,68.10210347,1
11:29:09,3.26,3.262016,89.43312168,68.0842936,1
11:29:10,3.26,3.262013,89.42724466,68.06661487,1
11:29:11,3.26,3.26201,89.42136765,68.04893017,1
11:29:12,3.26,3.262007,89.41549063,68.03112,1
11:29:13,3.26,3.262004,89.40961361,68.01331639,1
11:29:14,3.26,3.262001,89.40373659,67.99564,1
11:29:15,3.26,3.261998,89.39785957,67.97796488,1
11:29:16,3.26,3.261995,89.39198256,67.96016097,1
11:29:17,3.26,3.261992,89.38610554,67.94236898,1
11:29:18,3.26,3.261989,89.38022852,67.92470813,1
11:29:19,3.26,3.261986,89.37435,67.90704727,1
11:29:20,3.26,3.261983,89.36847448,67.88926125,1
11:29:21,3.26,3.26198,89.36259747,67.87148118,1
11:29:22,3.26,3.261977,89.35672045,67.85383821,1
11:29:23,3.26,3.261974,89.35084343,67.8360641,1
11:29:24,3.26,3.261971,89.34496641,67.81830192,1
11:29:25,3.26,3.261968,89.33908939,67.80055165,1
11:29:26,3.26,3.261965,89.33321238,67.78293252,1
11:29:27,3.26,3.261962,89.32733536,67.76518822,1
11:29:28,3.26,3.261959,89.32145834,67.74744987,1
11:29:29,3.26,3.261955,89.31558132,67.72984266,1
11:29:30,3.26,3.261953,89.3097043,67.71223545,1
11:29:31,3.26,3.26195,89.30382729,67.69450307,1
11:29:32,3.26,3.261946,89.29795027,67.67690778,1
11:29:33,3.26,3.261944,89.29207325,67.65919,1
11:29:34,3.26,3.26194,89.28619623,67.64147282,1
11:29:35,3.26,3.261937,89.28032,67.62389541,1
11:29:36,3.26,3.261935,89.2744422,67.60619283,1
11:29:37,3.26,3.261931,89.26856518,67.58862138,1
11:29:38,3.26,3.261928,89.26268816,67.57093072,1
11:29:39,3.26,3.261925,89.25681114,67.55324602,1
11:29:40,3.26,3.261922,89.25093412,67.53569841,1
11:29:41,3.26,3.261919,89.24505711,67.51802564,1
11:29:42,3.26,3.261916,89.23918009,67.50048399,1
11:29:43,3.26,3.261913,89.23330307,67.48282313,1
11:29:44,3.26,3.26191,89.22742605,67.46529341,1
11:29:45,3.26,3.261907,89.22154903,67.44763851,1
11:29:46,3.26,3.261904,89.21567202,67.43012071,1
11:29:47,3.26,3.261901,89.209795,67.41247773,1
11:29:48,3.26,3.261898,89.20391798,67.39497185,1
11:29:49,3.26,3.261895,89.19804096,67.37734079,1
11:29:50,3.26,3.261892,89.19216394,67.35984683,1
11:29:51,3.26,3.261889,89.18629,67.3422277,1
11:29:52,3.26,3.261886,89.18040991,67.32473969,1
11:29:53,3.26,3.261883,89.17453289,67.30713248,1
11:29:54,3.26,3.26188,89.16865587,67.2896564,1
11:29:55,3.26,3.261877,89.16277885,67.27219,1
11:29:56,3.26,3.261874,89.15690184,67.25459695,1
11:29:57,3.26,3.261871,89.15102482,67.23713875,1
11:29:58,3.26,3.261868,89.1451478,67.21956134,1
11:29:59,3.26,3.261865,89.13927078,67.20211506,1
11:30:00,3.26,3.261862,89.13339376,67.18467474,1
11:30:01,3.26,3.261859,89.12751675,67.16711521,1
11:30:02,3.26,3.261856,89.12163973,67.14968681,1
11:30:03,3.26,3.261853,89.11576271,67.13226438,1
11:30:04,3.26,3.26185,89.10988569,67.11472273,1
11:30:05,3.26,3.261847,89.10400867,67.097193,1
11:30:06,3.26,3.261844,89.09813166,67.07979441,1
11:30:07,3.26,3.261841,89.09225,67.06228256,1
11:30:08,3.26,3.261838,89.08637762,67.04477668,1
11:30:09,3.26,3.261835,89.0805006,67.02740788,1
11:30:10,3.26,3.261832,89.07462358,67.01003909,1
11:30:11,3.26,3.261829,89.06874657,66.99255109,1
11:30:12,3.26,3.261826,89.06286955,66.97507501,1
11:30:13,3.26,3.261823,89.05699253,66.95773602,1
11:30:14,3.26,3.26182,89.05111551,66.94039702,1
11:30:15,3.26,3.261817,89.04523849,66.92305803,1
11:30:16,3.26,3.261814,89.03936148,66.905725,1
11:30:17,3.26,3.261811,89.03348446,66.88827276,1
11:30:18,3.26,3.261808,89.02760744,66.8708384,1
11:30:19,3.26,3.261805,89.02173042,66.85353518,1
11:30:20,3.26,3.261802,89.0158534,66.83623791,1
11:30:21,3.26,3.261799,89.00997639,66.81894064,1
11:30:22,3.26,3.261796,89.00409937,66.80164933,1
11:30:23,3.26,3.261793,88.99822,66.78436399,1
11:30:24,3.26,3.26179,88.99234533,66.76707864,1
11:30:25,3.26,3.261787,88.98646832,66.74979925,1
11:30:26,3.26,3.261784,88.9805913,66.73252583,1
11:30:27,3.26,3.261781,88.97471428,66.71525836,1
11:30:28,3.26,3.261778,88.96883726,66.69799685,1
11:30:29,3.26,3.261775,88.96296024,66.68074131,1
11:30:30,3.26,3.261772,88.95708323,66.66337252,1
11:30:31,3.26,3.261769,88.95120621,66.64614081,1
11:30:32,3.26,3.261766,88.94532919,66.62891507,1
11:30:33,3.26,3.261763,88.93945217,66.61157608,1
11:30:34,3.26,3.26176,88.93357515,66.59437418,1
11:30:35,3.26,3.261757,88.92769814,66.57705903,1
11:30:36,3.26,3.261754,88.92182112,66.55976176,1
11:30:37,3.26,3.261751,88.9159441,66.54247642,1
11:30:38,3.26,3.261748,88.91006708,66.52520299,1
11:30:39,3.26,3.261745,88.90419,66.50794744,1
11:30:40,3.26,3.261742,88.89831305,66.49070382,1
11:30:41,3.26,3.261739,88.89243603,66.47347212,1
11:30:42,3.26,3.261736,88.88655901,66.45625234,1
11:30:43,3.26,3.261733,88.88068199,66.43904448,1
11:30:44,3.26,3.26173,88.87480497,66.42196774,1
11:30:45,3.26,3.261727,88.86892796,66.40489101,1
11:30:46,3.26,3.261724,88.86305094,66.38770103,1
11:30:47,3.26,3.261721,88.85717392,66.37052298,1
11:30:48,3.26,3.261718,88.8512969,66.35347605,1
11:30:49,3.26,3.261715,88.84541988,66.33642912,1
11:30:50,3.26,3.261712,88.83954287,66.31926894,1
11:30:51,3.26,3.261709,88.83366585,66.30224586,1
11:30:52,3.26,3.261706,88.82778883,66.28510356,1
11:30:53,3.26,3.261703,88.82191181,66.26797318,1
11:30:54,3.26,3.2617,88.81603479,66.25097394,1
11:30:55,3.26,3.261697,88.81016,66.23386145,1
11:30:56,3.26,3.261694,88.80428076,66.21676683,1
11:30:57,3.26,3.261691,88.79840374,66.19979739,1
11:30:58,3.26,3.261688,88.79252672,66.1827147,1
11:30:59,3.26,3.261685,88.7866497,66.16576314,1
11:31:00,3.26,3.261682,88.78077269,66.14869833,1
11:31:01,3.26,3.261679,88.77489567,66.13164544,1
11:31:02,3.26,3.261676,88.76901865,66.11472368,1
11:31:03,3.26,3.261673,88.76314163,66.09768867,1
11:31:04,3.26,3.261671,88.75726461,66.0807848,1
11:31:05,3.26,3.261667,88.7513876,66.06388688,1
11:31:06,3.26,3.261664,88.74551058,66.04687572,1
11:31:07,3.26,3.261662,88.73963356,66.02999568,1
11:31:08,3.26,3.261659,88.73375654,66.0130024,1
11:31:09,3.26,3.261656,88.72787952,65.99614024,1
11:31:10,3.26,3.261653,88.72200251,65.97928405,1
11:31:11,3.26,3.26165,88.71613,65.96232057,1
11:31:12,3.26,3.261647,88.71024847,65.94548225,1
11:31:13,3.26,3.261644,88.70437145,65.92865,1
11:31:14,3.26,3.261641,88.69849443,65.91171026,1
11:31:15,3.26,3.261638,88.69261742,65.89490175,1
11:31:16,3.26,3.261641,88.6867404,65.87806344,1
11:31:17,3.26,3.261645,88.68086338,65.8610642,1
11:31:18,3.26,3.261649,88.67498636,65.84415,1
11:31:19,3.26,3.261652,88.66910934,65.82721472,1
11:31:20,3.26,3.261655,88.66323233,65.81012607,1
11:31:21,3.26,3.261657,88.65735531,65.79301953,1
11:31:22,3.26,3.261659,88.65147829,65.77602029,1
11:31:23,3.26,3.26166,88.64560127,65.75888395,1
11:31:24,3.26,3.261661,88.63972425,65.7417357,1
11:31:25,3.26,3.261662,88.63384724,65.72469473,1
11:31:26,3.26,3.261663,88.62797022,65.70752263,1
11:31:27,3.26,3.261663,88.62209,65.69034457,1
11:31:28,3.26,3.261664,88.61621618,65.67327976,1
11:31:29,3.26,3.261664,88.61033916,65.65620899,1
11:31:30,3.26,3.261663,88.60446215,65.63901305,1
11:31:31,3.26,3.261663,88.59858513,65.62181711,1
11:31:32,3.26,3.261662,88.59270811,65.60474038,1
11:31:33,3.26,3.261662,88.58683109,65.58765769,1
11:31:34,3.26,3.261661,88.58095407,65.57045579,1
11:31:35,3.26,3.26166,88.57507706,65.55325985,1
11:31:36,3.26,3.261659,88.56920004,65.53618312,1
11:31:37,3.26,3.261658,88.56332302,65.51910639,1
11:31:38,3.26,3.261657,88.557446,65.50191045,1
11:31:39,3.26,3.261656,88.55156898,65.48472643,1
11:31:40,3.26,3.261655,88.54569197,65.46766758,1
11:31:41,3.26,3.261654,88.53981495,65.45060277,1
11:31:42,3.26,3.261652,88.53393793,65.43342471,1
11:31:43,3.26,3.261651,88.52806,65.41637182,1
11:31:44,3.26,3.26165,88.5221839,65.39931893,1
11:31:45,3.26,3.261648,88.51630688,65.3821528,1
11:31:46,3.26,3.261646,88.51042986,65.36499858,1
11:31:47,3.26,3.261645,88.50455284,65.34797549,1
11:31:48,3.26,3.261643,88.49867582,65.3308332,1
11:31:49,3.26,3.261642,88.49279881,65.31370282,1
11:31:50,3.26,3.26164,88.48692179,65.29670358,1
11:31:51,3.26,3.261639,88.48104477,65.27959108,1
11:31:52,3.26,3.261637,88.47516775,65.26248455,1
11:31:53,3.26,3.261635,88.46929073,65.24551511,1
11:31:54,3.26,3.261634,88.46341372,65.22842646,1
11:31:55,3.26,3.261632,88.4575367,65.21146894,1
11:31:56,3.26,3.261631,88.45165968,65.1943922,1
11:31:57,3.26,3.261629,88.44578266,65.17732739,1
11:31:58,3.26,3.261627,88.43990564,65.16039371,1
11:31:59,3.26,3.261625,88.43403,65.14334679,1
11:32:00,3.26,3.261624,88.42815161,65.12642503,1
11:32:01,3.26,3.261622,88.42227459,65.10939002,1
11:32:02,3.26,3.26162,88.41639757,65.09248614,1
11:32:03,3.26,3.261618,88.41052055,65.07687569,1
11:32:04,3.26,3.261617,88.40464354,65.0627017,1
11:32:05,3.26,3.261615,88.39876652,65.04974,1
11:32:06,3.26,3.261613,88.3928895,65.03780484,1
11:32:07,3.26,3.261611,88.38701248,65.02669454,1
11:32:08,3.26,3.261609,88.38113546,65.0162518,1
11:32:09,3.26,3.261607,88.37525845,65.00643492,1
11:32:10,3.26,3.261605,88.36938143,64.99709487,1
11:32:11,3.26,3.261605,88.36350441,64.98820782,1
11:32:12,3.26,3.261605,88.35762739,64.97963667,1
11:32:13,3.26,3.261604,88.35175037,64.9713695,1
11:32:14,3.26,3.261604,88.34587336,64.96340632,1
11:32:15,3.26,3.261603,88.34,64.955616,1
11:32:16,3.26,3.261603,88.33411932,64.9482429,1
11:32:17,3.26,3.261602,88.3282423,64.9410367,1
11:32:18,3.26,3.261602,88.32236528,64.93399739,1
11:32:19,3.26,3.261601,88.31648827,64.92713094,1
11:32:20,3.26,3.2616,88.31061125,64.92031813,1
11:32:21,3.26,3.2616,88.30473423,64.91369009,1
11:32:22,3.26,3.261599,88.29885721,64.90725279,1
11:32:23,3.26,3.261598,88.29298019,64.90088105,1
11:32:24,3.26,3.261598,88.28710318,64.89411592,1
11:32:25,3.26,3.261597,88.28122616,64.88687396,1
11:32:26,3.26,3.261597,88.27534914,64.87920284,1
11:32:27,3.26,3.261596,88.26947212,64.87114429,1
11:32:28,3.26,3.261596,88.2635951,64.86274004,1
11:32:29,3.26,3.261596,88.25771809,64.85401988,1
11:32:30,3.26,3.261595,88.25184107,64.84501362,1
11:32:31,3.26,3.261595,88.24596,64.83575106,1
11:32:32,3.26,3.261595,88.24008703,64.826262,1
11:32:33,3.26,3.261595,88.23421001,64.81656432,1
11:32:34,3.26,3.261595,88.228333,64.80667591,1
11:32:35,3.26,3.261595,88.22245598,64.79662061,1
11:32:36,3.26,3.261594,88.21657896,64.78653,1
11:32:37,3.26,3.261594,88.21070194,64.77617025,1
11:32:38,3.26,3.261594,88.20482492,64.7656858,1
11:32:39,3.26,3.261594,88.19894791,64.75521326,1
11:32:40,3.26,3.261593,88.19307089,64.74450827,1
11:32:41,3.26,3.261593,88.18719387,64.73371387,1
11:32:42,3.26,3.261593,88.18131685,64.72283602,1
11:32:43,3.26,3.261593,88.17543983,64.71200585,1
11:32:44,3.26,3.261592,88.16956282,64.7010982,1
11:32:45,3.26,3.261592,88.1636858,64.68999982,1
11:32:46,3.26,3.261591,88.15780878,64.67884779,1
11:32:47,3.26,3.261591,88.15193,64.66764808,1
11:32:48,3.26,3.261591,88.14605474,64.65640664,1
11:32:49,3.26,3.26159,88.14017773,64.64512348,1
11:32:50,3.26,3.26159,88.13430071,64.63392377,1
11:32:51,3.26,3.26159,88.12842369,64.62256312,1
11:32:52,3.26,3.261589,88.12254667,64.61129785,1
11:32:53,3.26,3.261589,88.11666965,64.59987164,1
11:32:54,3.26,3.261588,88.11079264,64.58855,1
11:32:55,3.26,3.261588,88.10491562,64.5770669,1
11:32:56,3.26,3.261588,88.0990386,64.56556916,1
11:32:57,3.26,3.261587,88.09316158,64.55405354,1
11:32:58,3.26,3.261587,88.08728456,64.54252005,1
11:32:59,3.26,3.261586,88.08140755,64.53097463,1
11:33:00,3.26,3.261586,88.07553053,64.51941133,1
11:33:01,3.26,3.261585,88.06965351,64.5078361,1
11:33:02,3.26,3.261585,88.06377649,64.49624896,1
11:33:03,3.26,3.261585,88.0579,64.48478103,1
11:33:04,3.26,3.261584,88.05202246,64.47316408,1
11:33:05,3.26,3.261583,88.04614544,64.46154118,1
11:33:06,3.26,3.261583,88.04026842,64.45003748,1
11:33:07,3.26,3.261583,88.0343914,64.43839073,1
11:33:08,3.26,3.261582,88.02851439,64.42673802,1
11:33:09,3.26,3.261581,88.02263737,64.41507936,1
11:33:10,3.26,3.261581,88.01676035,64.4035399,1
11:33:11,3.26,3.26158,88.01088333,64.39186335,1
11:33:12,3.26,3.26158,88.00500631,64.38018084,1
11:33:13,3.26,3.261579,87.9991293,64.36849833,1
11:33:14,3.26,3.261579,87.99325228,64.35680985,1
11:33:15,3.26,3.261578,87.98737526,64.34524059,1
11:33:16,3.26,3.261578,87.98149824,64.33353,1
11:33:17,3.26,3.261577,87.97562122,64.32182789,1
11:33:18,3.26,3.261577,87.96974421,64.31011558,1
11:33:19,3.26,3.261576,87.96387,64.29852843,1
11:33:20,3.26,3.261576,87.95799017,64.2868,1
11:33:21,3.26,3.261575,87.95211315,64.27507401,1
11:33:22,3.26,3.261575,87.94623613,64.26334,1
11:33:23,3.26,3.261574,87.94035912,64.25161362,1
11:33:24,3.26,3.261573,87.9344821,64.23988,1
11:33:25,3.26,3.261573,87.92860508,64.22827244,1
11:33:26,3.26,3.261573,87.92272806,64.21652436,1
11:33:27,3.26,3.261572,87.91685104,64.20477629,1
11:33:28,3.26,3.261571,87.91097403,64.19302821,1
11:33:29,3.26,3.261571,87.90509701,64.18127418,1
11:33:30,3.26,3.26157,87.89921999,64.16952014,1
11:33:31,3.26,3.26157,87.89334297,64.15789127,1
11:33:32,3.26,3.261569,87.88746595,64.14612532,1
11:33:33,3.26,3.261569,87.88158894,64.13435936,1
11:33:34,3.26,3.261569,87.87571192,64.12258744,1
11:33:35,3.26,3.261568,87.86983,64.11081553,1
11:33:36,3.26,3.261567,87.86395788,64.09904361,1
11:33:37,3.26,3.261567,87.85808086,64.08727169,1
11:33:38,3.26,3.261566,87.85220385,64.07562494,1
11:33:39,3.26,3.261566,87.84632683,64.0638411,1
11:33:40,3.26,3.261565,87.84044981,64.05205131,1
11:33:41,3.26,3.261564,87.83457279,64.04026151,1
11:33:42,3.26,3.261564,87.82869577,64.02847171,1
11:33:43,3.26,3.261563,87.82281876,64.01668191,1
11:33:44,3.26,3.261563,87.81694174,64.00489211,1
11:33:45,3.26,3.261562,87.81106472,63.99309635,1
11:33:46,3.26,3.261562,87.8051877,63.98143172,1
11:33:47,3.26,3.261561,87.79931068,63.96962404,1
11:33:48,3.26,3.261561,87.79343367,63.95781636,1
11:33:49,3.26,3.26156,87.78755665,63.94600272,1
11:33:50,3.26,3.26156,87.78167963,63.93418908,1
11:33:51,3.26,3.261559,87.7758,63.92237544,1
11:33:52,3.26,3.261559,87.76992559,63.9105618,1
11:33:53,3.26,3.261558,87.76404858,63.89874816,1
11:33:54,3.26,3.261557,87.75817156,63.88693,1
11:33:55,3.26,3.261557,87.75229454,63.87524009,1
11:33:56,3.26,3.261556,87.74641752,63.86340857,1
11:33:57,3.26,3.261556,87.7405405,63.85157704,1
11:33:58,3.26,3.261555,87.73466349,63.83974552,1
11:33:59,3.26,3.261555,87.72878647,63.82790804,1
11:34:00,3.26,3.261554,87.72290945,63.81607,1
11:34:01,3.26,3.261554,87.71703243,63.80423307,1
11:34:02,3.26,3.261553,87.71115541,63.79239559,1
11:34:03,3.26,3.261553,87.7052784,63.78055215,1
11:34:04,3.26,3.261552,87.69940138,63.76870871,1
11:34:05,3.26,3.261552,87.69352436,63.75686526,1
11:34:06,3.26,3.261551,87.68764734,63.74502,1
11:34:07,3.26,3.26155,87.68177,63.73330355,1
11:34:08,3.26,3.26155,87.67589331,63.72157335,1
11:34:09,3.26,3.261549,87.67001629,63.70970011,1
11:34:10,3.26,3.261549,87.66413927,63.69782686,1
11:34:11,3.26,3.261549,87.65826225,63.68595362,1
11:34:12,3.26,3.261548,87.65238523,63.67408037,1
11:34:13,3.26,3.261547,87.64650822,63.66220713,1
11:34:14,3.26,3.261547,87.6406312,63.65033388,1
11:34:15,3.26,3.261546,87.63475418,63.63846064,1
11:34:16,3.26,3.261546,87.62887716,63.62658143,1
11:34:17,3.26,3.261545,87.62300014,63.61470222,1
11:34:18,3.26,3.261545,87.61712313,63.60282302,1
11:34:19,3.26,3.261544,87.61124611,63.59094381,1
11:34:20,3.26,3.261544,87.60536909,63.57905865,1
11:34:21,3.26,3.261543,87.59949207,63.56717348,1
11:34:22,3.26,3.261543,87.59361506,63.55528831,1
11:34:23,3.26,3.261542,87.58774,63.54339719,1
11:34:24,3.26,3.261541,87.58186102,63.53150606,1
11:34:25,3.26,3.261541,87.575984,63.51961493,1
11:34:26,3.26,3.26154,87.57010698,63.50771785,1
11:34:27,3.26,3.26154,87.56422997,63.49582076,1
11:34:28,3.26,3.261539,87.55835295,63.48392367,1
11:34:29,3.26,3.261539,87.55247593,63.47215772,1
11:34:30,3.26,3.261539,87.54659891,63.46037984,1
11:34:31,3.26,3.261538,87.54072189,63.44845295,1
11:34:32,3.26,3.261537,87.53484488,63.43652606,1
11:34:33,3.26,3.261537,87.52896786,63.42459917,1
11:34:34,3.26,3.261536,87.52309084,63.41267228,1
11:34:35,3.26,3.261536,87.51721382,63.40088248,1
11:34:36,3.26,3.261535,87.5113368,63.38894367,1
11:34:37,3.26,3.261535,87.50545979,63.37700486,1
11:34:38,3.26,3.261534,87.49958277,63.36506605,1
11:34:39,3.26,3.261533,87.49371,63.35312724,1
11:34:40,3.26,3.261533,87.48782873,63.34118843,1
11:34:41,3.26,3.261533,87.48195171,63.32924962,1
11:34:42,3.26,3.261532,87.4760747,63.31731081,1
11:34:43,3.26,3.261532,87.47019768,63.30536604,1
11:34:44,3.26,3.261531,87.46432066,63.29355836,1
11:34:45,3.26,3.26153,87.45844364,63.28160167,1
11:34:46,3.26,3.26153,87.45256662,63.26964498,1
11:34:47,3.26,3.261529,87.44668961,63.25768828,1
11:34:48,3.26,3.261529,87.44081259,63.24587,1
11:34:49,3.26,3.261528,87.43493557,63.23390603,1
11:34:50,3.26,3.261528,87.42905855,63.22193742,1
11:34:51,3.26,3.261527,87.42318153,63.20996881,1
11:34:52,3.26,3.261527,87.41730452,63.19813728,1
11:34:53,3.26,3.261526,87.4114275,63.18615675,1
11:34:54,3.26,3.261526,87.40555048,63.17431331,1
11:34:55,3.26,3.261525,87.39967,63.16233,1
11:34:56,3.26,3.261524,87.39379644,63.15034032,1
11:34:57,3.26,3.261524,87.38791943,63.13849092,1
11:34:58,3.26,3.261523,87.38204241,63.12649846,1
11:34:59,3.26,3.261523,87.37616539,63.11463714,1
11:35:00,3.26,3.261523,87.37028837,63.10263276,1
11:35:01,3.26,3.261522,87.36441135,63.09076548,1
11:35:02,3.26,3.261521,87.35853434,63.07889223,1
11:35:03,3.26,3.261521,87.35265732,63.06686997,1
11:35:04,3.26,3.26152,87.3467803,63.05499077,1
11:35:05,3.26,3.26152,87.34090328,63.04309964,1
11:35:06,3.26,3.261519,87.33502626,63.03106546,1
11:35:07,3.26,3.261519,87.32914925,63.01916838,1
11:35:08,3.26,3.261518,87.32327223,63.00726533,1
11:35:09,3.26,3.261518,87.31739521,62.99535632,1
11:35:10,3.26,3.261517,87.31151819,62.98344135,1
11:35:11,3.26,3.261517,87.30564,62.97152042,1
11:35:12,3.26,3.261516,87.29976416,62.95959353,1
11:35:13,3.26,3.261515,87.29388714,62.94766068,1
11:35:14,3.26,3.261515,87.28801012,62.93572187,1
11:35:15,3.26,3.261515,87.2821331,62.92378306,1
11:35:16,3.26,3.261514,87.27625608,62.91183829,1
11:35:17,3.26,3.261513,87.27037907,62.89988756,1
11:35:18,3.26,3.261513,87.26450205,62.88793683,1
11:35:19,3.26,3.261512,87.25862503,62.87598014,1
11:35:20,3.26,3.261512,87.25274801,62.86402345,1
11:35:21,3.26,3.261511,87.24687099,62.85206079,1
11:35:22,3.26,3.261511,87.24099398,62.84009218,1
11:35:23,3.26,3.26151,87.23511696,62.82798648,1
11:35:24,3.26,3.26151,87.22923994,62.81588674,1
11:35:25,3.26,3.261509,87.22336292,62.80379295,1
11:35:26,3.26,3.261509,87.2174859,62.79169917,1
11:35:27,3.26,3.261508,87.21161,62.77961135,1
11:35:28,3.26,3.261508,87.20573187,62.76766658,1
11:35:29,3.26,3.261507,87.19985485,62.75571585,1
11:35:30,3.26,3.261507,87.19397783,62.74376,1
11:35:31,3.26,3.261506,87.18810081,62.7317965,1
11:35:32,3.26,3.261506,87.1822238,62.71982789,1
11:35:33,3.26,3.261505,87.17634678,62.70785332,1
11:35:34,3.26,3.261504,87.17046976,62.69587874,1
11:35:35,3.26,3.261504,87.16459274,62.68376112,1
11:35:36,3.26,3.261503,87.15871572,62.67164946,1
11:35:37,3.26,3.261503,87.15283871,62.65953779,1
11:35:38,3.26,3.261503,87.14696169,62.64743209,1
11:35:39,3.26,3.261502,87.14108467,62.63533235,1
11:35:40,3.26,3.261502,87.13520765,62.62337565,1
11:35:41,3.26,3.261501,87.12933064,62.61140704,1
11:35:42,3.26,3.261501,87.12345362,62.59943247,1
11:35:43,3.26,3.2615,87.11758,62.58745,1
11:35:44,3.26,3.261499,87.11169958,62.57546544,1
11:35:45,3.26,3.261499,87.10582256,62.5633359,1
11:35:46,3.26,3.261498,87.09994555,62.55121,1
11:35:47,3.26,3.261498,87.09406853,62.53909469,1
11:35:48,3.26,3.261497,87.08819151,62.52697706,1
11:35:49,3.26,3.261497,87.08231449,62.5148654,1
11:35:50,3.26,3.261497,87.07643747,62.50289679,1
11:35:51,3.26,3.261496,87.07056046,62.49091625,1
11:35:52,3.26,3.261495,87.06468344,62.47892976,1
11:35:53,3.26,3.261495,87.05880642,62.4669373,1
11:35:54,3.26,3.261494,87.0529294,62.4548,1
11:35:55,3.26,3.261494,87.04705238,62.44266033,1
11:35:56,3.26,3.261493,87.04117537,62.43053079,1
11:35:57,3.26,3.261493,87.03529835,62.41840124,1
11:35:58,3.26,3.261492,87.02942133,62.40627766,1
11:35:59,3.26,3.261492,87.02354,62.39429712,1
11:36:00,3.26,3.261491,87.01766729,62.38230467,1
11:36:01,3.26,3.261491,87.01179028,62.3701632,1
11:36:02,3.26,3.26149,87.00591326,62.3580277,1
11:36:03,3.26,3.26149,87.00003624,62.34589219,1
11:36:04,3.26,3.261489,86.99415922,62.33376265,1
11:36:05,3.26,3.261489,86.9882822,62.3216331,1
11:36:06,3.26,3.261488,86.98240519,62.30965,1
11:36:07,3.26,3.261487,86.97652817,62.29765415,1
11:36:08,3.26,3.261487,86.97065115,62.28550673,1
11:36:09,3.26,3.261487,86.96477413,62.27336526,1
11:36:10,3.26,3.261486,86.95889711,62.26122379,1
11:36:11,3.26,3.261486,86.9530201,62.24908233,1
11:36:12,3.26,3.261485,86.94714308,62.23708987,1
11:36:13,3.26,3.261485,86.94126606,62.2250855,1
11:36:14,3.26,3.261484,86.93538904,62.21307516,1
11:36:15,3.26,3.261483,86.92951,62.2010529,1
11:36:16,3.26,3.261483,86.92363501,62.18888164,1
11:36:17,3.26,3.261482,86.91775799,62.17671633,1
11:36:18,3.26,3.261482,86.91188097,62.16455102,1
11:36:19,3.26,3.261482,86.90600395,62.15239167,1
11:36:20,3.26,3.261481,86.90012693,62.14037538,1
11:36:21,3.26,3.26148,86.89424992,62.12835,1
11:36:22,3.26,3.26148,86.8883729,62.11617589,1
11:36:23,3.26,3.261479,86.88249588,62.10400462,1
11:36:24,3.26,3.261479,86.87661886,62.09183335,1
11:36:25,3.26,3.261478,86.87074184,62.07966805,1
11:36:26,3.26,3.261477,86.86486483,62.06765175,1
11:36:27,3.26,3.261477,86.85898781,62.05562353,1
11:36:28,3.26,3.261477,86.85311079,62.04344034,1
11:36:29,3.26,3.261476,86.84723377,62.03126311,1
11:36:30,3.26,3.261476,86.84135675,62.01908588,1
11:36:31,3.26,3.261476,86.83548,62.00690866,1
11:36:32,3.26,3.261475,86.82960272,61.99488044,1
11:36:33,3.26,3.261474,86.8237257,61.98269725,1
11:36:34,3.26,3.261474,86.81784868,61.97052,1
11:36:35,3.26,3.261473,86.81197166,61.95834279,1
11:36:36,3.26,3.261473,86.80609465,61.94616556,1
11:36:37,3.26,3.261472,86.80021763,61.93413734,1
11:36:38,3.26,3.261472,86.79434061,61.92209721,1
11:36:39,3.26,3.261471,86.78846359,61.9099021,1
11:36:40,3.26,3.261471,86.78258657,61.89771295,1
11:36:41,3.26,3.26147,86.77670956,61.8855238,1
11:36:42,3.26,3.26147,86.77083254,61.87333465,1
11:36:43,3.26,3.261469,86.76495552,61.86129451,1
11:36:44,3.26,3.261468,86.7590785,61.8490994,1
11:36:45,3.26,3.261468,86.75320148,61.83691,1
11:36:46,3.26,3.261468,86.74732447,61.8247211,1
11:36:47,3.26,3.261467,86.74145,61.81253195,1
11:36:48,3.26,3.261467,86.73557043,61.80049181,1
11:36:49,3.26,3.261466,86.72969341,61.78829074,1
11:36:50,3.26,3.261466,86.72381639,61.77609563,1
11:36:51,3.26,3.261465,86.71793938,61.76390052,1
11:36:52,3.26,3.261465,86.71206236,61.75170541,1
11:36:53,3.26,3.261464,86.70618534,61.73965931,1
11:36:54,3.26,3.261463,86.70030832,61.72745824,1
11:36:55,3.26,3.261463,86.6944313,61.71525717,1
11:36:56,3.26,3.261463,86.68855429,61.7030561,1
11:36:57,3.26,3.261462,86.68267727,61.69100404,1
11:36:58,3.26,3.261461,86.67680025,61.67894006,1
11:36:59,3.26,3.261461,86.67092323,61.66672111,1
11:37:00,3.26,3.261461,86.66504622,61.65450215,1
11:37:01,3.26,3.26146,86.6591692,61.64228916,1
11:37:02,3.26,3.26146,86.65329218,61.63007617,1
11:37:03,3.26,3.261459,86.64742,61.61786318,1
11:37:04,3.26,3.261459,86.64153814,61.60565019,1
11:37:05,3.26,3.261458,86.63566113,61.59344,1
11:37:06,3.26,3.261457,86.62978411,61.58123,1
11:37:07,3.26,3.261457,86.62390709,61.56916618,1
11:37:08,3.26,3.261456,86.61803007,61.55694723,1
11:37:09,3.26,3.261456,86.61215305,61.54472828,1
11:37:10,3.26,3.261456,86.60627604,61.53250933,1
11:37:11,3.26,3.261455,86.60039902,61.52043939,1
11:37:12,3.26,3.261455,86.594522,61.50835752,1
11:37:13,3.26,3.261454,86.58864498,61.49612069,1
11:37:14,3.26,3.261453,86.58276796,61.48388386,1
11:37:15,3.26,3.261453,86.57689095,61.47165,1
11:37:16,3.26,3.261452,86.57101393,61.45957112,1
11:37:17,3.26,3.261452,86.56513691,61.44732833,1
11:37:18,3.26,3.261451,86.55925989,61.4350915,1
11:37:19,3.26,3.261451,86.55338,61.42285466,1
11:37:20,3.26,3.261451,86.54750586,61.41076684,1
11:37:21,3.26,3.26145,86.54162884,61.3986671,1
11:37:22,3.26,3.261449,86.53575182,61.38641238,1
11:37:23,3.26,3.261449,86.5298748,61.37416363,1
11:37:24,3.26,3.261448,86.52399778,61.36191487,1
11:37:25,3.26,3.261448,86.51812077,61.34981513,1
11:37:26,3.26,3.261447,86.51224375,61.33756042,1
11:37:27,3.26,3.261447,86.50636673,61.3253057,1
11:37:28,3.258999,3.261447,86.50048971,61.30864024,1
11:37:29,3.26,3.261372,86.49461269,61.29671931,1
11:37:30,3.26,3.261379,86.48873568,61.28476262,1
11:37:31,3.26,3.261385,86.48285866,61.27278209,1
11:37:32,3.26,3.26139,86.47698164,61.26077771,1
11:37:33,3.26,3.261395,86.47110462,61.24889255,1
11:37:34,3.26,3.2614,86.4652276,61.23682857,1
11:37:35,3.26,3.261403,86.45935,61.22489572,1
11:37:36,3.26,3.261407,86.45347357,61.21293306,1
11:37:37,3.26,3.261409,86.44759655,61.20095253,1
11:37:38,3.26,3.261412,86.44171953,61.18894815,1
11:37:39,3.26,3.261414,86.43584251,61.17678,1
11:37:40,3.26,3.261417,86.4299655,61.16459966,1
11:37:41,3.26,3.261419,86.42408848,61.15241647,1
11:37:42,3.26,3.26142,86.41821146,61.14022732,1
11:37:43,3.26,3.261421,86.41233444,61.12818122,1
11:37:44,3.26,3.261422,86.40645742,61.11611724,1
11:37:45,3.26,3.261424,86.40058041,61.10389233,1
11:37:46,3.26,3.261425,86.39470339,61.09166145,1
11:37:47,3.26,3.261425,86.38882637,61.07943058,1
11:37:48,3.26,3.261426,86.38294935,61.06734276,1
11:37:49,3.26,3.261426,86.37707233,61.055094,1
11:37:50,3.258999,3.261427,86.37119532,61.0383749,1
11:37:51,3.26,3.261353,86.36532,61.02645397,1
11:37:52,3.26,3.261361,86.35944128,61.01450324,1
11:37:53,3.26,3.261368,86.35356426,61.00252271,1
11:37:54,3.26,3.261374,86.34768724,60.99051237,1
11:37:55,3.26,3.261379,86.34181023,60.97847819,1
11:37:56,3.26,3.261384,86.33593321,60.96642017,1
11:37:57,3.258999,3.261388,86.33005619,60.94987392,1
11:37:58,3.26,3.261318,86.32417917,60.93810797,1
11:37:59,3.26,3.261328,86.31830215,60.92629433,1
11:38:00,3.26,3.261338,86.31242514,60.91443896,1
11:38:01,3.26,3.261347,86.30654812,60.90254188,1
11:38:02,3.26,3.261354,86.3006711,60.89060903,1
11:38:03,3.26,3.261361,86.29479408,60.87864041,1
11:38:04,3.26,3.261367,86.28891706,60.86664,1
11:38:05,3.26,3.261373,86.28304005,60.85461974,1
11:38:06,3.26,3.261378,86.27716303,60.84257364,1
11:38:07,3.26,3.261382,86.27129,60.8305037,1
11:38:08,3.26,3.261386,86.26540899,60.81841588,1
11:38:09,3.26,3.261389,86.25953197,60.80645323,1
11:38:10,3.26,3.261393,86.25365496,60.79446673,1
11:38:11,3.26,3.261395,86.24777794,60.7824564,1
11:38:12,3.26,3.261398,86.24190092,60.77042222,1
11:38:13,3.26,3.2614,86.2360239,60.75822115,1
11:38:14,3.26,3.261402,86.23014688,60.74600816,1
11:38:15,3.26,3.261403,86.22426987,60.73378921,1
11:38:16,3.26,3.261405,86.21839285,60.7217133,1
11:38:17,3.258999,3.261406,86.21251583,60.70519686,1
11:38:18,3.26,3.261333,86.20663881,60.69341898,1
11:38:19,3.26,3.261341,86.2007618,60.68145037,1
11:38:20,3.26,3.261348,86.19488478,60.66945195,1
11:38:21,3.258999,3.261355,86.18900776,60.65313816,1
11:38:22,3.26,3.261286,86.18313074,60.64141393,1
11:38:23,3.26,3.261299,86.17725,60.62963605,1
11:38:24,3.26,3.26131,86.17137671,60.61780453,1
11:38:25,3.26,3.26132,86.16549969,60.60593128,1
11:38:26,3.26,3.26133,86.15962267,60.59401631,1
11:38:27,3.26,3.261338,86.15374565,60.58207,1
11:38:28,3.26,3.261345,86.14786863,60.57007909,1
11:38:29,3.26,3.261352,86.14199162,60.55806279,1
11:38:30,3.258999,3.261357,86.1361146,60.54147482,1
11:38:31,3.258999,3.261288,86.13023758,60.52519679,1
11:38:32,3.26,3.261226,86.12436056,60.51388,1
11:38:33,3.26,3.261244,86.11848354,60.50234,1
11:38:34,3.26,3.26126,86.11260653,60.49085855,1
11:38:35,3.26,3.261275,86.10672951,60.47916,1
11:38:36,3.26,3.261288,86.10085249,60.46741009,1
11:38:37,3.26,3.261299,86.09497547,60.45560241,1
11:38:38,3.26,3.26131,86.08909845,60.44374704,1
11:38:39,3.258999,3.261319,86.08322,60.42728,1
11:38:40,3.26,3.261253,86.07734442,60.41582227,1
11:38:41,3.258999,3.261269,86.0714674,60.39956808,1
11:38:42,3.26,3.261207,86.06559038,60.38817167,1
11:38:43,3.26,3.261227,86.05971336,60.37668586,1
11:38:44,3.26,3.261244,86.05383635,60.3651166,1
11:38:45,3.26,3.26126,86.04795933,60.35347581,1
11:38:46,3.26,3.261274,86.04208231,60.34191251,1
11:38:47,3.258999,3.261286,86.03620529,60.32555103,1
11:38:48,3.26,3.261223,86.03032827,60.31406522,1
11:38:49,3.258999,3.261241,86.02445126,60.29816,1
11:38:50,3.258999,3.261182,86.01857424,60.28225422,1
11:38:51,3.26,3.261129,86.01269722,60.2711916,1
11:38:52,3.26,3.261156,86.0068202,60.26013494,1
11:38:53,3.26,3.261179,86.00094318,60.24882793,1
11:38:54,3.258999,3.261201,85.99506617,60.23281813,1
11:38:55,3.26,3.261146,85.98919,60.2216661,1
11:38:56,3.26,3.261171,85.98331213,60.21040082,1
11:38:57,3.258999,3.261193,85.97743511,60.19467115,1
11:38:58,3.258999,3.261138,85.97155809,60.17892957,1
11:38:59,3.26,3.261089,85.96568108,60.16803384,1
11:39:00,3.26,3.261119,85.95980406,60.15699506,1
11:39:01,3.258999,3.261146,85.95392704,60.14121771,1
11:39:02,3.258999,3.261096,85.94805002,60.12590528,1
11:39:03,3.26,3.261051,85.942173,60.11517048,1
11:39:04,3.26,3.261084,85.93629599,60.10428667,1
11:39:05,3.26,3.261115,85.93041897,60.09338498,1
11:39:06,3.26,3.261142,85.92454195,60.08235216,1
11:39:07,3.26,3.261167,85.91866493,60.07106304,1
11:39:08,3.26,3.261189,85.91278791,60.05967259,1
11:39:09,3.26,3.261208,85.9069109,60.04819274,1
11:39:10,3.258999,3.261226,85.90103388,60.03224254,1
11:39:11,3.26,3.261168,85.89516,60.0209415,1
11:39:12,3.258999,3.26119,85.88927984,60.00489593,1
11:39:13,3.26,3.261135,85.88340282,59.99374986,1
11:39:14,3.258999,3.26116,85.87752581,59.97784138,1
11:39:15,3.258999,3.261107,85.87164879,59.9624157,1
11:39:16,3.26,3.26106,85.86577177,59.95172262,1
11:39:17,3.258999,3.261093,85.85989475,59.93632674,1
11:39:18,3.258999,3.261047,85.85401773,59.9208951,1
11:39:19,3.26,3.261005,85.84814072,59.9103272,1
11:39:20,3.258999,3.261043,85.8422637,59.8949194,1
11:39:21,3.258999,3.261002,85.83638668,59.87970829,1
11:39:22,3.26,3.260964,85.83050966,59.86933708,1
11:39:23,3.258999,3.261005,85.82463264,59.85433459,1
11:39:24,3.258999,3.260968,85.81875563,59.83926058,1
11:39:25,3.26,3.260934,85.81287861,59.8290205,1
11:39:26,3.26,3.260978,85.80700159,59.81857777,1
11:39:27,3.26,3.261018,85.80112,59.80795026,1
11:39:28,3.26,3.261053,85.79524755,59.79715586,1
11:39:29,3.26,3.261086,85.78937054,59.78621244,1
11:39:30,3.258999,3.261115,85.78349352,59.77045894,1
11:39:31,3.26,3.261066,85.7776165,59.75972414,1
11:39:32,3.26,3.261096,85.77173948,59.74884,1
11:39:33,3.26,3.261124,85.76586246,59.73769426,1
11:39:34,3.26,3.261149,85.75998545,59.72643,1
11:39:35,3.26,3.261172,85.75410843,59.71519351,1
11:39:36,3.258999,3.261192,85.74823141,59.69902277,1
11:39:37,3.258999,3.261136,85.74235439,59.68335867,1
11:39:38,3.26,3.261084,85.73647738,59.67250466,1
11:39:39,3.258999,3.261113,85.73060036,59.65667367,1
11:39:40,3.258999,3.261064,85.72472334,59.64108,1
11:39:41,3.258999,3.26102,85.71884632,59.62568521,1
11:39:42,3.258999,3.26098,85.7129693,59.61048603,1
11:39:43,3.258999,3.260944,85.70709,59.5954597,1
11:39:44,3.26,3.260911,85.70121527,59.58529711,1
11:39:45,3.258999,3.260957,85.69533825,59.57021117,1
11:39:46,3.26,3.260923,85.68946123,59.56010222,1
11:39:47,3.258999,3.260967,85.68358421,59.54495072,1
11:39:48,3.258999,3.260931,85.6777072,59.52996612,1
11:39:49,3.26,3.2609,85.67183018,59.51985121,1
11:39:50,3.258999,3.260946,85.66595316,59.50480103,1
11:39:51,3.258999,3.260913,85.66007614,59.49012637,1
11:39:52,3.26,3.260883,85.65419912,59.48008299,1
11:39:53,3.258999,3.260931,85.64832211,59.46508646,1
11:39:54,3.26,3.260899,85.64244509,59.45496559,1
11:39:55,3.258999,3.260945,85.63656807,59.4399035,1
11:39:56,3.258999,3.260911,85.63069105,59.42500234,1
11:39:57,3.258999,3.260881,85.62481403,59.41023827,1
11:39:58,3.258999,3.260854,85.61893702,59.39560533,1
11:39:59,3.258999,3.260829,85.61306,59.38108563,1
11:40:00,3.26,3.260807,85.60718298,59.37139392,1
11:40:01,3.258999,3.260862,85.60130596,59.35671926,1
11:40:02,3.258999,3.260836,85.59542894,59.3421638,1
11:40:03,3.258999,3.260813,85.58955193,59.32771564,1
11:40:04,3.258999,3.260792,85.58367491,59.31336284,1
11:40:05,3.258999,3.260773,85.57779789,59.29909945,1
11:40:06,3.26,3.260756,85.57192087,59.28965,1
11:40:07,3.26,3.260815,85.56604385,59.27991271,1
11:40:08,3.258999,3.260869,85.56016684,59.26519036,1
11:40:09,3.258999,3.260842,85.55428982,59.2508018,1
11:40:10,3.258999,3.260818,85.5484128,59.23650861,1
11:40:11,3.258999,3.260796,85.54253578,59.22229886,1
11:40:12,3.258999,3.260777,85.53665876,59.20816064,1
11:40:13,3.26,3.260759,85.53078175,59.19867,1
11:40:14,3.258999,3.260818,85.52490473,59.18411613,1
11:40:15,3.258999,3.260796,85.51903,59.16988254,1
11:40:16,3.258999,3.260776,85.51315069,59.15572643,1
11:40:17,3.258999,3.260758,85.50727367,59.1414392,1
11:40:18,3.258999,3.260741,85.50139666,59.12724,1
11:40:19,3.258999,3.260727,85.49551964,59.11310315,1
11:40:20,3.258999,3.260713,85.48964262,59.09903646,1
11:40:21,3.258999,3.260701,85.4837656,59.08502936,1
11:40:22,3.258999,3.26069,85.47788858,59.07127261,1
11:40:23,3.258999,3.26068,85.47201157,59.05734897,1
11:40:24,3.258999,3.260671,85.46613455,59.04347301,1
11:40:25,3.258999,3.260663,85.46025753,59.0298295,1
11:40:26,3.258999,3.260655,85.45438051,59.01601315,1
11:40:27,3.258999,3.260649,85.44850349,59.00242925,1
11:40:28,3.258999,3.260643,85.44262648,58.98867,1
11:40:29,3.26,3.260637,85.43674946,58.97980928,1
11:40:30,3.258999,3.260706,85.43087244,58.96573067,1
11:40:31,3.258999,3.260695,85.425,58.95171165,1
11:40:32,3.258999,3.260684,85.4191184,58.93794298,1
11:40:33,3.258999,3.260674,85.41324139,58.92401338,1
11:40:34,3.258999,3.260665,85.40736437,58.91012549,1
11:40:35,3.258999,3.260657,85.40148735,58.89627934,1
11:40:36,3.258999,3.260649,85.39561033,58.88246894,1
11:40:37,3.258999,3.260643,85.38973331,58.868891,1
11:40:38,3.258999,3.260636,85.3838563,58.85513425,1
11:40:39,3.258999,3.260631,85.37797928,58.84159803,1
11:40:40,3.258999,3.260626,85.37210226,58.82788301,1
11:40:41,3.258999,3.260621,85.36622524,58.81419182,1
11:40:42,3.258999,3.260617,85.36034822,58.80052447,1
11:40:43,3.258999,3.260613,85.35447121,58.78687501,1
11:40:44,3.258999,3.260609,85.34859419,58.77324343,1
11:40:45,3.258999,3.260606,85.34271717,58.75962973,1
11:40:46,3.258999,3.260603,85.33684015,58.74602795,1
11:40:47,3.258999,3.2606,85.33096,58.73243809,1
11:40:48,3.258999,3.260598,85.32508612,58.71905088,1
11:40:49,3.258999,3.260595,85.3192091,58.70547295,1
11:40:50,3.258999,3.260593,85.31333208,58.69190693,1
11:40:51,3.258999,3.260591,85.30745506,58.67853761,1
11:40:52,3.258999,3.260589,85.30157804,58.66497755,1
11:40:53,3.258999,3.260587,85.29570103,58.65142345,1
11:40:54,3.258999,3.260586,85.28982401,58.63788128,1
11:40:55,3.258999,3.260584,85.28394699,58.62434506,1
11:40:56,3.258999,3.260583,85.27806997,58.61081481,1
11:40:57,3.258999,3.260581,85.27219296,58.59748125,1
11:40:58,3.258999,3.26058,85.26631594,58.583951,1
11:40:59,3.258999,3.260579,85.26043892,58.5704267,1
11:41:00,3.258999,3.260578,85.2545619,58.55690837,1
11:41:01,3.258999,3.260577,85.24868488,58.5434,1
11:41:02,3.258999,3.260576,85.24280787,58.52988362,1
11:41:03,3.258999,3.260575,85.23693,58.51637721,1
11:41:04,3.258999,3.260574,85.23105383,58.50287676,1
11:41:05,3.258999,3.260573,85.22517681,58.48937631,1
11:41:06,3.258999,3.260572,85.21929979,58.47588181,1
11:41:07,3.258999,3.260571,85.21342278,58.46238732,1
11:41:08,3.258999,3.260571,85.20754576,58.44889879,1
11:41:09,3.258999,3.26057,85.20166874,58.43541026,1
11:41:11,3.258999,3.260569,85.19579172,58.42192769,1
11:41:11,3.258999,3.260568,85.1899147,58.40844512,1
11:41:12,3.258999,3.260567,85.18403769,58.39496255,1
11:41:13,3.258999,3.260566,85.17816067,58.38167667,1
11:41:14,3.258999,3.260566,85.17228365,58.36818218,1
11:41:15,3.258999,3.260565,85.16640663,58.35469365,1
11:41:16,3.258999,3.260565,85.16052961,58.34120512,1
11:41:17,3.258999,3.260564,85.1546526,58.32772255,1
11:41:18,3.258999,3.260563,85.14877558,58.31423998,1
11:41:19,3.258999,3.260563,85.1429,58.30075741,1
11:41:20,3.258999,3.260562,85.13702154,58.28747153,1
11:41:21,3.258999,3.260561,85.13114452,58.27397704,1
11:41:22,3.258999,3.260561,85.12526751,58.26048851,1
11:41:23,3.258999,3.26056,85.11939049,58.24699998,1
11:41:24,3.258999,3.260559,85.11351347,58.23351741,1
11:41:25,3.258999,3.260559,85.10763645,58.22003484,1
11:41:26,3.258999,3.260558,85.10175943,58.20655227,1
11:41:27,3.258999,3.260558,85.09588242,58.1930697,1
11:41:28,3.258999,3.260557,85.0900054,58.17959309,1
11:41:29,3.258999,3.260557,85.08412838,58.16611648,1
11:41:30,3.258999,3.260556,85.07825136,58.1528306,1
11:41:31,3.258999,3.260555,85.07237434,58.13934207,1
11:41:32,3.258999,3.260555,85.06649733,58.12585354,1
11:41:33,3.258999,3.260554,85.06062031,58.11237097,1
11:41:34,3.258999,3.260554,85.05474329,58.09889,1
11:41:35,3.258999,3.260553,85.04887,58.08540583,1
11:41:36,3.258999,3.260553,85.04298925,58.07192326,1
11:41:37,3.258999,3.260552,85.03711224,58.05863738,1
11:41:38,3.258999,3.260551,85.03123522,58.04514289,1
11:41:39,3.258999,3.260551,85.0253582,58.03165,1
11:41:40,3.258999,3.26055,85.01948118,58.01816583,1
11:41:41,3.258999,3.26055,85.01360416,58.00468326,1
11:41:42,3.258999,3.260549,85.00772715,57.99120069,1
11:41:43,3.258999,3.260549,85.00185013,57.97771811,1
11:41:44,3.258999,3.260548,84.99597311,57.9642415,1
11:41:45,3.258999,3.260547,84.99009609,57.95076489,1
11:41:46,3.258999,3.260547,84.98421907,57.93728828,1
11:41:47,3.258999,3.260546,84.97834206,57.92400837,1
11:41:48,3.258999,3.260546,84.97246504,57.91051984,1
11:41:49,3.258999,3.260545,84.96658802,57.89703131,1
11:41:50,3.258999,3.260545,84.960711,57.88355,1
11:41:51,3.258999,3.260544,84.95483,57.87006617,1
11:41:52,3.258999,3.260544,84.94895697,57.85658956,1
11:41:53,3.258999,3.260543,84.94307995,57.84311,1
11:41:54,3.258999,3.260542,84.93720293,57.82982707,1
11:41:55,3.258999,3.260542,84.93132591,57.81633854,1
11:41:56,3.258999,3.260541,84.92544889,57.80285001,1
11:41:57,3.258999,3.260541,84.91957188,57.78936744,1
11:41:58,3.258999,3.26054,84.91369486,57.77588487,1
11:41:59,3.258999,3.26054,84.90781784,57.7624023,1
11:42:00,3.258999,3.260539,84.90194082,57.74892569,1
11:42:01,3.258999,3.260539,84.8960638,57.73563981,1
11:42:02,3.258999,3.260538,84.89018679,57.72215128,1
11:42:03,3.258999,3.260537,84.88430977,57.70866275,1
11:42:04,3.258999,3.260537,84.87843275,57.69518018,1
11:42:05,3.258999,3.260536,84.87255573,57.68169761,1
11:42:06,3.258999,3.260536,84.86667871,57.66821504,1
11:42:07,3.258999,3.260535,84.8608,57.65473843,1
11:42:08,3.258999,3.260535,84.85492468,57.64126182,1
11:42:09,3.258999,3.260534,84.84904766,57.62778521,1
11:42:10,3.258999,3.260534,84.84317064,57.6143086,1
11:42:11,3.258999,3.260533,84.83729362,57.60102868,1
11:42:12,3.258999,3.260532,84.83141661,57.58754611,1
11:42:13,3.258999,3.260532,84.82553959,57.57406354,1
11:42:14,3.258999,3.260532,84.81966257,57.56058097,1
11:42:15,3.258999,3.260531,84.81378555,57.54710436,1
11:42:16,3.258999,3.26053,84.80790854,57.53362775,1
11:42:17,3.258999,3.26053,84.80203152,57.52015114,1
11:42:18,3.258999,3.260529,84.7961545,57.50687122,1
11:42:19,3.258999,3.260529,84.79027748,57.49338269,1
11:42:20,3.258999,3.260528,84.78440046,57.47990012,1
11:42:21,3.258999,3.260528,84.77852345,57.46641755,1
11:42:22,3.258999,3.260527,84.77264643,57.45294094,1
11:42:23,3.258999,3.260527,84.76677,57.43946433,1
11:42:24,3.258999,3.260526,84.76089239,57.42598772,1
11:42:25,3.258999,3.260525,84.75501537,57.41270781,1
11:42:26,3.258999,3.260525,84.74913836,57.39921927,1
11:42:27,3.258999,3.260525,84.74326134,57.3857367,1
11:42:28,3.258999,3.260524,84.73738432,57.37225413,1
11:42:29,3.258999,3.260524,84.7315073,57.35877752,1
11:42:30,3.258999,3.260523,84.72563028,57.34530091,1
11:42:31,3.258999,3.260523,84.71975327,57.3318243,1
11:42:32,3.258999,3.260522,84.71387625,57.31854439,1
11:42:33,3.258999,3.260521,84.70799923,57.30506182,1
11:42:34,3.258999,3.260521,84.70212221,57.29157925,1
11:42:35,3.258999,3.26052,84.69624519,57.27810264,1
11:42:36,3.258999,3.26052,84.69036818,57.26462603,1
11:42:37,3.258999,3.260519,84.68449116,57.25114942,1
11:42:38,3.258999,3.260519,84.67861414,57.23767877,1
11:42:39,3.258999,3.260518,84.67274,57.22440481,1
11:42:40,3.258999,3.260518,84.6668601,57.21092,1
11:42:41,3.258999,3.260517,84.66098309,57.19743967,1
11:42:42,3.258999,3.260517,84.65510607,57.18396306,1
11:42:43,3.258999,3.260516,84.64922905,57.17068315,1
11:42:44,3.258999,3.260515,84.64335203,57.15719461,1
11:42:45,3.258999,3.260515,84.63747501,57.14371204,1
11:42:46,3.258999,3.260514,84.631598,57.13022947,1
11:42:47,3.258999,3.260514,84.62572098,57.11675286,1
11:42:48,3.258999,3.260513,84.61984396,57.10327625,1
11:42:49,3.258999,3.260513,84.61396694,57.08981,1
11:42:50,3.258999,3.260512,84.60808992,57.07653165,1
11:42:51,3.258999,3.260512,84.60221291,57.06304908,1
11:42:52,3.258999,3.260511,84.59633589,57.04956651,1
11:42:53,3.258999,3.260511,84.59045887,57.0360899,1
11:42:54,3.258999,3.26051,84.58458185,57.02261329,1
11:42:55,3.258999,3.260509,84.5787,57.00914264,1
11:42:56,3.258999,3.260509,84.57282782,56.99567199,1
11:42:57,3.258999,3.260509,84.5669508,56.98239803,1
11:42:58,3.258999,3.260508,84.56107378,56.96891546,1
11:42:59,3.258999,3.260508,84.55519676,56.95543885,1
11:43:00,3.258999,3.260507,84.54931974,56.94196224,1
11:43:01,3.258999,3.260506,84.54344273,56.92849159,1
11:43:02,3.258999,3.260506,84.53756571,56.91502094,1
11:43:03,3.258999,3.260505,84.53168869,56.90155625,1
11:43:04,3.258999,3.260505,84.52581167,56.88828826,1
11:43:05,3.258999,3.260504,84.51993465,56.87481165,1
11:43:06,3.258999,3.260504,84.51405764,56.86133504,1
11:43:07,3.258999,3.260504,84.50818062,56.84786439,1
11:43:08,3.258999,3.260503,84.5023036,56.83459044,1
11:43:09,3.258999,3.260502,84.49642658,56.82110786,1
11:43:10,3.258999,3.260502,84.49054956,56.80763125,1
11:43:11,3.258999,3.260501,84.48467,56.79415464,1
11:43:12,3.258999,3.2605,84.47879553,56.78068399,1
11:43:13,3.258999,3.2605,84.47291851,56.76721334,1
11:43:14,3.258999,3.2605,84.46704149,56.75374866,1
11:43:15,3.258999,3.260499,84.46116447,56.74048066,1
11:43:16,3.258999,3.260499,84.45528746,56.72700405,1
11:43:17,3.258999,3.260498,84.44941044,56.7135334,1
11:43:18,3.258999,3.260498,84.44353342,56.70006275,1
11:43:19,3.258999,3.260497,84.4376564,56.68679476,1
11:43:20,3.258999,3.260496,84.43177938,56.67331815,1
11:43:21,3.258999,3.260496,84.42590237,56.65984154,1
11:43:22,3.258999,3.260495,84.42002535,56.64637089,1
11:43:23,3.258999,3.260495,84.41414833,56.6329,1
11:43:24,3.258999,3.260494,84.40827131,56.61943555,1
11:43:25,3.258999,3.260494,84.40239429,56.60597086,1
11:43:26,3.258999,3.260493,84.39651728,56.59270883,1
11:43:27,3.258999,3.260493,84.39064,56.57923818,1
11:43:28,3.258999,3.260492,84.38476324,56.56576753,1
11:43:29,3.258999,3.260492,84.37888622,56.55230284,1
11:43:30,3.258999,3.260491,84.3730092,56.53903484,1
11:43:31,3.258999,3.260491,84.36713219,56.52555823,1
11:43:32,3.258999,3.26049,84.36125517,56.51208758,1
11:43:33,3.258999,3.26049,84.35537815,56.49861693,1
11:43:34,3.258999,3.260489,84.34950113,56.48534894,1
11:43:35,3.258999,3.260489,84.34362411,56.47187233,1
11:43:36,3.258999,3.260488,84.3377471,56.45840168,1
11:43:37,3.258999,3.260488,84.33187008,56.44493,1
11:43:38,3.258999,3.260487,84.32599306,56.43146634,1
11:43:39,3.258999,3.260487,84.32011604,56.41800165,1
11:43:40,3.258999,3.260486,84.31423903,56.40454292,1
11:43:41,3.258999,3.260485,84.30836201,56.39128685,1
11:43:42,3.258999,3.260485,84.30248499,56.3778162,1
11:43:43,3.258999,3.260485,84.29661,56.36435151,1
11:43:44,3.258999,3.260484,84.29073095,56.35088682,1
11:43:45,3.258999,3.260483,84.28485394,56.33762479,1
11:43:46,3.258999,3.260483,84.27897692,56.32415414,1
11:43:47,3.258999,3.260483,84.2730999,56.31068945,1
11:43:48,3.258999,3.260482,84.26722288,56.29722476,1
11:43:49,3.258999,3.260481,84.26134586,56.28396273,1
11:43:50,3.258999,3.260481,84.25546885,56.27049208,1
11:43:51,3.258999,3.26048,84.24959183,56.25702739,1
11:43:52,3.258999,3.26048,84.24371481,56.2435627,1
11:43:53,3.258999,3.260479,84.23783779,56.23030066,1
11:43:54,3.258999,3.260479,84.23196077,56.21683002,1
11:43:55,3.258999,3.260478,84.22608376,56.20337,1
11:43:56,3.258999,3.260478,84.22020674,56.18990064,1
11:43:57,3.258999,3.260477,84.21432972,56.17644191,1
11:43:58,3.258999,3.260477,84.2084527,56.16298914,1
11:43:59,3.258999,3.260476,84.20258,56.14953637,1
11:44:00,3.258999,3.260476,84.19669867,56.13628626,1
11:44:01,3.258999,3.260475,84.19082165,56.12302423,1
11:44:02,3.258999,3.260475,84.18494463,56.10955358,1
11:44:03,3.258999,3.260474,84.17906761,56.09608293,1
11:44:05,3.258999,3.260474,84.17319059,56.08261824,1
11:44:05,3.258999,3.260473,84.16731358,56.06915951,1
11:44:06,3.258999,3.260473,84.16143656,56.05570078,1
11:44:07,3.258999,3.260472,84.15555954,56.04224801,1
11:44:08,3.258999,3.260472,84.14968252,56.0289979,1
11:44:09,3.258999,3.260471,84.1438055,56.01553917,1
11:44:10,3.258999,3.260471,84.13792849,56.00208044,1
11:44:11,3.258999,3.26047,84.13205147,55.98862767,1
11:44:12,3.258999,3.26047,84.12617445,55.97537756,1
11:44:13,3.258999,3.260469,84.12029743,55.96211553,1
11:44:14,3.258999,3.260469,84.11442041,55.94864488,1
11:44:15,3.258999,3.260468,84.10854,55.93518019,1
11:44:16,3.258999,3.260468,84.10266638,55.92172146,1
11:44:18,3.258999,3.260467,84.09678936,55.90826273,1
11:44:18,3.258999,3.260467,84.09091234,55.89480996,1
11:44:19,3.258999,3.260466,84.08503532,55.88136315,1
11:44:20,3.258999,3.260466,84.07915831,55.868119,1
11:44:22,3.258999,3.260465,84.07328129,55.85486293,1
11:44:22,3.258999,3.260464,84.06740427,55.84139824,1
11:44:23,3.258999,3.260464,84.06152725,55.82793355,1
11:44:24,3.258999,3.260464,84.05565023,55.81447482,1
11:44:25,3.258999,3.260463,84.04977322,55.80122471,1
11:44:27,3.258999,3.260463,84.0438962,55.78776002,1
11:44:27,3.258999,3.260462,84.03801918,55.77430129,1
11:44:28,3.258999,3.260462,84.03214216,55.76084852,1
11:44:29,3.258999,3.260461,84.02626514,55.74759841,1
11:44:31,3.258999,3.26046,84.02038813,55.73413968,1
11:44:31,3.258999,3.26046,84.01451,55.72068691,1
11:44:32,3.258999,3.26046,84.00863409,55.70723414,1
11:44:33,3.258999,3.260459,84.00275707,55.69398999,1
11:44:35,3.258999,3.260458,83.99688005,55.68053126,1
11:44:36,3.258999,3.260458,83.99100304,55.6670785,1
11:44:36,3.258999,3.260458,83.98512602,55.65363169,1
11:44:37,3.258999,3.260457,83.979249,55.64038754,1
11:44:38,3.258999,3.260456,83.97337198,55.62693477,1
11:44:40,3.258999,3.260456,83.96749496,55.613482,1
11:44:40,3.258999,3.260456,83.96161795,55.60003519,1
11:44:41,3.258999,3.260455,83.95574093,55.586797,1
11:44:42,3.258999,3.260455,83.94986391,55.57334423,1
11:44:44,3.258999,3.260454,83.94398689,55.55989742,1
11:44:45,3.258,3.260453,83.93810987,55.54125309,1
11:44:45,3.258999,3.260377,83.93223286,55.52821159,1
11:44:46,3.258,3.260384,83.92635584,55.50993681,1
11:44:48,3.258,3.260314,83.92048,55.49202561,1
11:44:49,3.258999,3.260251,83.9146018,55.47964573,1
11:44:49,3.258999,3.260269,83.90872478,55.46734333,1
11:44:50,3.258999,3.260287,83.90284777,55.45476079,1
11:44:52,3.258,3.260302,83.89697075,55.43689132,1
11:44:53,3.258,3.26024,83.89109373,55.41935,1
11:44:53,3.258,3.260184,83.88521671,55.40210605,1
11:44:54,3.258,3.260133,83.87933969,55.38542271,1
11:44:56,3.258,3.260087,83.87346268,55.36895394,1
11:44:57,3.258,3.260045,83.86758566,55.35238981,1
11:44:58,3.258,3.260008,83.86170864,55.33602834,1
11:44:58,3.258,3.259974,83.85583162,55.31984568,1
11:44:59,3.258,3.259943,83.84995461,55.30409813,1
11:45:01,3.258,3.259915,83.84407759,55.28820753,1
11:45:02,3.258,3.25989,83.83820057,55.27244806,1
11:45:02,3.258,3.259867,83.83232355,55.25681376,1
11:45:03,3.258,3.259846,83.82645,55.24154902,1
11:45:05,3.258,3.259827,83.82056952,55.22610545,1
11:45:06,3.258,3.25981,83.8146925,55.21075726,1
11:45:07,3.258,3.259795,83.80881548,55.19549251,1
11:45:07,3.258,3.259781,83.80293846,55.18029928,1
11:45:08,3.258,3.259768,83.79706144,55.16517758,1
11:45:10,3.258,3.259757,83.79118443,55.15011549,1
11:45:11,3.258,3.259747,83.78530741,55.135113,1
11:45:11,3.258,3.259737,83.77943039,55.12040257,1
11:45:12,3.258,3.259729,83.77355337,55.10547757,1
11:45:14,3.258,3.259721,83.76767635,55.09059429,1
11:45:14,3.258,3.259714,83.76179934,55.07261753,1
11:45:15,3.258,3.259708,83.75592232,55.05133271,1
11:45:16,3.258,3.259703,83.7500453,55.02628684,1
11:45:18,3.258,3.259699,83.74416828,54.99706864,1
11:45:19,3.258,3.259694,83.73829126,54.96309996,1
11:45:20,3.258,3.259686,83.73241,54.9241662,1
11:45:20,3.258,3.259678,83.72653723,54.87980247,1
11:45:22,3.258,3.259671,83.72066021,54.83443737,1
11:45:23,3.258,3.259665,83.71478319,54.79155779,1
11:45:24,3.258,3.259659,83.70890617,54.75088954,1
11:45:24,3.258,3.259654,83.70302916,54.71196175,1
11:45:26,3.258,3.25965,83.69715214,54.67480421,1
11:45:27,3.258,3.259645,83.69127512,54.63945866,1
11:45:28,3.258,3.259641,83.6853981,54.60551977,1
11:45:29,3.258,3.259637,83.67952108,54.57283854,1
11:45:29,3.258,3.259634,83.67364407,54.54128385,1
11:45:31,3.258,3.25963,83.66776705,54.51074243,1
11:45:32,3.258,3.259617,83.66189003,54.48125005,1
11:45:33,3.258,3.259606,83.65601301,54.45246696,1
11:45:33,3.258,3.259596,83.65013599,54.4247508,1
11:45:35,3.258,3.259586,83.64425898,54.39755917,1
11:45:36,3.258,3.259578,83.63838,54.37126,1
11:45:37,3.258,3.25957,83.63250494,54.34554815,1
11:45:38,3.257,3.259563,83.62662792,54.30766344,1
11:45:39,3.258,3.259476,83.6207509,54.28393483,1
11:45:40,3.258,3.259478,83.61487389,54.26031351,1
11:45:41,3.258,3.25948,83.60899687,54.23699617,1
11:45:42,3.257,3.259481,83.60311985,54.20235395,1
11:45:43,3.257,3.259402,83.59724283,54.16904092,1
11:45:44,3.258,3.259331,83.59136581,54.14816737,1
11:45:45,3.258,3.259346,83.5854888,54.12731767,1
11:45:46,3.257,3.25936,83.57961178,54.09548879,1
11:45:47,3.257,3.259293,83.57373476,54.06497121,1
11:45:48,3.257,3.259232,83.56785774,54.0353179,1
11:45:49,3.257,3.259176,83.56198072,54.00614142,1
11:45:50,3.257,3.259127,83.55610371,53.97768,1
11:45:51,3.258,3.259081,83.55022669,53.96040082,1
11:45:52,3.257,3.25912,83.54435,53.93232703,1
11:45:53,3.257,3.259075,83.53847265,53.90485525,1
11:45:54,3.257,3.259035,83.53259563,53.87791991,1
11:45:55,3.257,3.258998,83.52671862,53.85173559,1
11:45:56,3.257,3.258964,83.5208416,53.82570028,1
11:45:57,3.257,3.258934,83.51496458,53.80005836,1
11:45:58,3.257,3.258906,83.50908756,53.77477407,1
11:45:59,3.257,3.258882,83.50321054,53.75006199,1
11:46:00,3.257,3.258859,83.49733353,53.72536778,1
11:46:01,3.257,3.258838,83.49145651,53.70093584,1
11:46:02,3.257,3.258819,83.48557949,53.67674828,1
11:46:03,3.257,3.258802,83.47970247,53.65278125,1
11:46:04,3.257,3.258786,83.47382545,53.62901092,1
11:46:05,3.257,3.258771,83.46794844,53.6054194,1
11:46:06,3.257,3.258758,83.46207142,53.58222723,1
11:46:07,3.257,3.258746,83.4561944,53.55916619,1
11:46:08,3.257,3.258735,83.45032,53.53599191,1
11:46:09,3.257,3.258724,83.44444036,53.51294875,1
11:46:10,3.257,3.258715,83.43856335,53.49026,1
11:46:11,3.257,3.258706,83.43268633,53.46766,1
11:46:12,3.257,3.258698,83.42680931,53.44513655,1
11:46:13,3.257,3.258691,83.42093229,53.4226954,1
11:46:14,3.257,3.258683,83.41505527,53.40009928,1
11:46:15,3.257,3.258677,83.40917826,53.37759256,1
11:46:16,3.257,3.258671,83.40330124,53.35538983,1
11:46:17,3.257,3.258665,83.39742422,53.33302021,1
11:46:18,3.256,3.25866,83.3915472,53.30117941,1
11:46:19,3.257,3.258575,83.38567019,53.27971578,1
11:46:20,3.257,3.258578,83.37979317,53.25823426,1
11:46:21,3.257,3.25858,83.37391615,53.23674679,1
11:46:22,3.256,3.258582,83.36803913,53.20538282,1
11:46:23,3.256,3.258504,83.36216211,53.17514539,1
11:46:24,3.257,3.258434,83.35629,53.15511227,1
11:46:25,3.257,3.25845,83.35040808,53.13493609,1
11:46:26,3.257,3.258464,83.34453106,53.11483145,1
11:46:27,3.256,3.258476,83.33865404,53.08488011,1
11:46:28,3.256,3.258408,83.33277702,53.05558443,1
11:46:29,3.256,3.258346,83.32690001,53.02656889,1
11:46:30,3.256,3.25829,83.32102299,52.99842954,1
11:46:31,3.256,3.258239,83.31514597,52.97077894,1
11:46:32,3.256,3.258193,83.30926895,52.9432714,1
11:46:33,3.256,3.258151,83.30339193,52.91619301,1
11:46:34,3.256,3.258113,83.29751492,52.88978815,1
11:46:35,3.256,3.258079,83.2916379,52.86342502,1
11:46:36,3.256,3.258048,83.28576088,52.83738375,1
11:46:37,3.256,3.258019,83.27988386,52.8116405,1
11:46:38,3.256,3.257994,83.27400684,52.78616,1
11:46:39,3.256,3.25797,83.26812983,52.76092291,1
11:46:40,3.256,3.257949,83.26225,52.73590684,1
11:46:41,3.256,3.257929,83.25637579,52.71108747,1
11:46:42,3.256,3.257911,83.25049877,52.68670917,1
11:46:43,3.256,3.257895,83.24462175,52.66247392,1
11:46:44,3.256,3.25788,83.23874474,52.63837576,1
11:46:45,3.256,3.257866,83.23286772,52.6144,1
11:46:46,3.256,3.257854,83.2269907,52.59029269,1
11:46:47,3.256,3.257842,83.22111368,52.56655216,1
11:46:48,3.256,3.257832,83.21523666,52.54266262,1
11:46:49,3.256,3.257822,83.20935965,52.51912475,1
11:46:50,3.256,3.257813,83.20348263,52.49542594,1
11:46:51,3.256,3.257804,83.19760561,52.47206688,1
11:46:52,3.256,3.257796,83.19172859,52.44877338,1
11:46:53,3.256,3.257789,83.18585157,52.42530704,1
11:46:54,3.256,3.257782,83.17997456,52.40191817,1
11:46:55,3.256,3.257776,83.17409754,52.37885,1
11:46:56,3.256,3.25777,83.16822,52.35558152,1
11:46:57,3.256,3.257764,83.1623435,52.33238339,1
11:46:58,3.256,3.257758,83.15646648,52.30925083,1
11:46:59,3.256,3.257753,83.15058947,52.28617787,1
11:47:00,3.256,3.257748,83.14471245,52.26339698,1
11:47:01,3.256,3.257744,83.13883543,52.24041343,1
11:47:02,3.256,3.25774,83.13295841,52.21771598,1
11:47:03,3.256,3.257736,83.12708139,52.19504833,1
11:47:04,3.256,3.257732,83.12120438,52.17241049,1
11:47:05,3.256,3.257728,83.11532736,52.14980245,1
11:47:06,3.256,3.257724,83.10945034,52.12722421,1
11:47:07,3.256,3.257721,83.10357332,52.10443735,1
11:47:08,3.256,3.257717,83.0976963,52.0819366,1
11:47:09,3.256,3.257714,83.09181929,52.05922723,1
11:47:10,3.256,3.25771,83.08594227,52.03679204,1
11:47:11,3.256,3.257707,83.08006525,52.0141542,1
11:47:12,3.256,3.257704,83.07419,51.99156,1
11:47:13,3.256,3.257701,83.06831121,51.96900368,1
11:47:14,3.256,3.257698,83.0624342,51.9467175,1
11:47:15,3.256,3.257695,83.05655718,51.92421675,1
11:47:16,3.256,3.257692,83.05068016,51.90175772,1
11:47:17,3.256,3.25769,83.04480314,51.87956095,1
11:47:18,3.256,3.257687,83.03892612,51.85738206,1
11:47:19,3.256,3.257684,83.03304911,51.83499455,1
11:47:20,3.256,3.257682,83.02717209,51.81286931,1
11:47:21,3.256,3.257679,83.02129507,51.79076791,1
11:47:22,3.256,3.257676,83.01541805,51.76867843,1
11:47:23,3.256,3.257674,83.00954103,51.74661279,1
11:47:24,3.256,3.257671,83.00366402,51.72434,1
11:47:25,3.256,3.257668,82.997787,51.702106,1
11:47:26,3.256,3.257666,82.99190998,51.68012977,1
11:47:27,3.256,3.257663,82.98603296,51.65817142,1
11:47:28,3.256,3.257661,82.98016,51.63600445,1
11:47:29,3.256,3.257658,82.97427893,51.61409974,1
11:47:30,3.256,3.257656,82.96840191,51.59199238,1
11:47:31,3.256,3.257654,82.96252489,51.56992078,1
11:47:32,3.256,3.257651,82.95664787,51.54788494,1
11:47:33,3.256,3.257649,82.95077085,51.52588,1
11:47:34,3.256,3.257646,82.94489384,51.50390863,1
11:47:35,3.256,3.257644,82.93901682,51.48196816,1
11:47:36,3.256,3.257641,82.9331398,51.46028399,1
11:47:37,3.256,3.257639,82.92726278,51.43838525,1
11:47:38,3.256,3.257637,82.92138577,51.41652226,1
11:47:39,3.256,3.257634,82.91550875,51.39490962,1
11:47:40,3.255,3.257632,82.90963173,51.3633132,1
11:47:41,3.255,3.25755,82.90375471,51.3325274,1
11:47:42,3.255,3.257476,82.89787769,51.30280256,1
11:47:43,3.255,3.257409,82.89200068,51.27370954,1
11:47:44,3.256,3.257349,82.88612,51.25465,1
11:47:45,3.255,3.257373,82.88024664,51.22559071,1
11:47:46,3.255,3.257316,82.87436962,51.19709969,1
11:47:47,3.255,3.257264,82.8684926,51.16943121,1
11:47:48,3.255,3.257216,82.86261559,51.14190578,1
11:47:49,3.255,3.257174,82.85673857,51.11480951,1
11:47:50,3.256,3.257135,82.85086155,51.09801888,1
11:47:51,3.256,3.257179,82.84498453,51.08063221,1
11:47:52,3.255,3.257219,82.83910751,51.05310082,1
11:47:53,3.255,3.257175,82.8332305,51.02601051,1
11:47:54,3.256,3.257135,82.82735348,51.00922585,1
11:47:55,3.255,3.257179,82.82147646,50.98209,1
11:47:56,3.255,3.257138,82.81559944,50.95565319,1
11:47:57,3.255,3.257101,82.80972242,50.92955828,1
11:47:58,3.255,3.257068,82.80384541,50.90377331,1
11:47:59,3.255,3.257037,82.79796839,50.87826848,1
11:48:00,3.255,3.25701,82.79209,50.85301995,1
11:48:01,3.255,3.256984,82.78621435,50.82774162,1
11:48:02,3.255,3.256962,82.78033733,50.80270171,1
11:48:03,3.255,3.256941,82.77446032,50.77787638,1
11:48:04,3.255,3.256922,82.7685833,50.75324774,1
11:48:05,3.255,3.256904,82.76270628,50.7288,1
11:48:06,3.255,3.256888,82.75682926,50.70451498,1
11:48:07,3.255,3.256874,82.75095224,50.68038702,1
11:48:08,3.255,3.25686,82.74507523,50.65664649,1
11:48:09,3.255,3.256848,82.73919821,50.63300729,1
11:48:10,3.255,3.256837,82.73332119,50.60922503,1
11:48:11,3.255,3.256826,82.72744417,50.58556,1
11:48:12,3.255,3.256816,82.72156715,50.56223273,1
11:48:13,3.255,3.256808,82.71569014,50.53898096,1
11:48:14,3.255,3.256799,82.70981312,50.51580071,1
11:48:15,3.255,3.256792,82.7039361,50.49268603,1
11:48:16,3.255,3.256785,82.69806,50.46963096,1
11:48:17,3.255,3.256778,82.69218206,50.44639111,1
11:48:18,3.255,3.256771,82.68630505,50.4232347,1
11:48:19,3.255,3.256765,82.68042803,50.40014386,1
11:48:20,3.255,3.25676,82.67455101,50.37735701,1
11:48:21,3.255,3.256755,82.66867399,50.35437346,1
11:48:22,3.255,3.25675,82.66279697,50.33168197,1
11:48:23,3.255,3.256745,82.65691996,50.30902624,1
11:48:24,3.255,3.256741,82.65104294,50.28640628,1
11:48:25,3.255,3.256736,82.64516592,50.26382208,1
11:48:26,3.254,3.256732,82.6392889,50.23165,1
11:48:27,3.254,3.256649,82.63341188,50.19991398,1
11:48:28,3.254,3.256573,82.62753487,50.16928315,1
11:48:29,3.254,3.256505,82.62165785,50.13896823,1
11:48:30,3.254,3.256444,82.61578083,50.10960102,1
11:48:31,3.254,3.256387,82.60990381,50.08044243,1
11:48:32,3.254,3.256337,82.60403,50.04523396,1
11:48:33,3.254,3.25629,82.59814978,50.00198483,1
11:48:34,3.254,3.256245,82.59227276,49.950248,1
11:48:35,3.254,3.256193,82.58639574,49.88878667,1
11:48:36,3.254,3.256142,82.58051872,49.82107282,1
11:48:37,3.254,3.256094,82.5746417,49.75784421,1
11:48:38,3.254,3.256051,82.56876469,49.6990025,1
11:48:39,3.254,3.256014,82.56288767,49.64368343,1
11:48:40,3.254,3.255981,82.55701065,49.59142208,1
11:48:41,3.254,3.255953,82.55113363,49.54157174,1
11:48:42,3.254,3.255927,82.54525661,49.49432015,1
11:48:43,3.254,3.255905,82.5393796,49.44911003,1
11:48:44,3.254,3.255884,82.53350258,49.40570295,1
11:48:45,3.254,3.255866,82.52762556,49.36388433,1
11:48:46,3.254,3.255849,82.52174854,49.32348132,1
11:48:47,3.254,3.255835,82.51587152,49.28432703,1
11:48:48,3.254,3.255821,82.50999,49.24606383,1
11:48:49,3.254,3.255809,82.50411749,49.20881689,1
11:48:50,3.254,3.255797,82.49824047,49.17248189,1
11:48:51,3.254,3.255787,82.49236345,49.137187,1
11:48:52,3.254,3.255777,82.48648643,49.10238683,1
11:48:53,3.254,3.255768,82.48060942,49.06847179,1
11:48:54,3.254,3.25576,82.4747324,49.03491437,1
11:48:55,3.254,3.255752,82.46885538,49.00211692,1
11:48:56,3.254,3.255745,82.46297836,48.96957576,1
11:48:57,3.254,3.255738,82.45710135,48.93748462,1
11:48:58,3.254,3.255732,82.45122433,48.90601635,1
11:48:59,3.254,3.255725,82.44534731,48.87469113,1
11:49:00,3.254,3.255719,82.43947029,48.84392023,1
11:49:01,3.254,3.255714,82.43359327,48.8134414,1
11:49:02,3.254,3.255708,82.42771626,48.78302813,1
11:49:03,3.254,3.255703,82.42183924,48.75309169,1
11:49:04,3.254,3.255697,82.41596,48.72338474,1
11:49:05,3.254,3.255692,82.4100852,48.69389236,1
11:49:06,3.254,3.255688,82.40420818,48.66459668,1
11:49:07,3.254,3.255683,82.39833117,48.63548,1
11:49:08,3.254,3.255678,82.39245415,48.60654473,1
11:49:09,3.254,3.255674,82.38657713,48.57776761,1
11:49:10,3.254,3.255669,82.38070011,48.54893684,1
11:49:11,3.254,3.255664,82.37482309,48.52047861,1
11:49:12,3.254,3.25566,82.36894608,48.49194884,1
11:49:13,3.254,3.255656,82.36306906,48.46356213,1
11:49:14,3.254,3.255652,82.35719204,48.43551517,1
11:49:15,3.254,3.255647,82.35131502,48.40738177,1
11:49:16,3.254,3.255643,82.345438,48.37957323,1
11:49:17,3.254,3.255639,82.33956099,48.35186899,1
11:49:18,3.254,3.255635,82.33368397,48.32425714,1
11:49:19,3.254,3.255631,82.32780695,48.29654992,1
11:49:20,3.254,3.255627,82.32193,48.26914966,1
11:49:21,3.254,3.255623,82.31605291,48.24183583,1
11:49:22,3.254,3.255619,82.3101759,48.21460545,1
11:49:23,3.254,3.255615,82.30429888,48.1872648,1
11:49:24,3.254,3.25561,82.29842186,48.16022217,1
11:49:25,3.254,3.255607,82.29254484,48.13325703,1
11:49:26,3.254,3.255603,82.28666782,48.10636938,1
11:49:27,3.254,3.255599,82.28079081,48.07955623,1
11:49:28,3.254,3.255595,82.27491379,48.05282056,1
11:49:29,3.254,3.255591,82.26903677,48.02596569,1
11:49:30,3.254,3.255587,82.26315975,47.99939394,1
11:49:31,3.254,3.255583,82.25728273,47.97289073,1
11:49:32,3.254,3.255579,82.25140572,47.94645905,1
11:49:33,3.254,3.255576,82.2455287,47.92009592,1
11:49:34,3.253,3.255572,82.23965168,47.88050354,1
11:49:35,3.253,3.255487,82.23377466,47.84237742,1
11:49:36,3.253,3.25541,82.2279,47.80527353,1
11:49:37,3.254,3.255341,82.22202063,47.78187871,1
11:49:38,3.254,3.255359,82.21614361,47.75827825,1
11:49:39,3.253,3.255375,82.21026659,47.7217555,1
11:49:40,3.254,3.255307,82.20438957,47.69901633,1
11:49:41,3.254,3.255328,82.19851255,47.67602682,1
11:49:42,3.253,3.255345,82.19263554,47.63994515,1
11:49:43,3.253,3.25528,82.18675852,47.60445356,1
11:49:44,3.253,3.255221,82.1808815,47.57003486,1
11:49:45,3.253,3.255167,82.17500448,47.53606915,1
11:49:46,3.253,3.255118,82.16912746,47.5030303,1
11:49:47,3.253,3.255074,82.16325045,47.47057557,1
11:49:48,3.253,3.255033,82.15737343,47.43865132,1
11:49:49,3.253,3.254997,82.15149641,47.40721583,1
11:49:50,3.253,3.254963,82.14561939,47.37622142,1
11:49:51,3.253,3.254933,82.13974237,47.34563529,1
11:49:52,3.253,3.254905,82.13387,47.3154217,1
11:49:53,3.253,3.254879,82.12798834,47.28555083,1
11:49:54,3.253,3.254856,82.12211132,47.25577533,1
11:49:55,3.253,3.254835,82.1162343,47.22630978,1
11:49:56,3.253,3.254815,82.11035728,47.19712734,1
11:49:57,3.253,3.254797,82.10448027,47.16841877,1
11:49:58,3.253,3.25478,82.09860325,47.13993669,1
11:49:59,3.253,3.254765,82.09272623,47.11165726,1
11:50:00,3.253,3.25475,82.08684921,47.08357751,1
11:50:01,3.253,3.254737,82.08097219,47.05567658,1
11:50:02,3.253,3.254725,82.07509518,47.02794552,1
11:50:03,3.253,3.254714,82.06921816,47.00037241,1
11:50:04,3.253,3.254703,82.06334114,46.97294831,1
11:50:05,3.253,3.254693,82.05746412,46.94566429,1
11:50:06,3.253,3.254683,82.0515871,46.91851139,1
11:50:07,3.253,3.254675,82.04571009,46.89148366,1
11:50:08,3.253,3.254666,82.03983,46.86457515,1
11:50:09,3.253,3.254658,82.03395605,46.83777988,1
11:50:10,3.253,3.254651,82.02807903,46.81109488,1
11:50:11,3.253,3.254644,82.02220201,46.78431749,1
11:50:12,3.253,3.254637,82.016325,46.75785005,1
11:50:13,3.253,3.254631,82.01044798,46.73128,1
11:50:14,3.253,3.254625,82.00457096,46.7048198,1
11:50:15,3.253,3.254619,81.99869394,46.67865038,1
11:50:16,3.253,3.254613,81.99281693,46.65256143,1
11:50:17,3.253,3.254607,81.98693991,46.62636817,1
11:50:18,3.253,3.254602,81.98106289,46.60027027,1
11:50:19,3.253,3.254597,81.97518587,46.57444358,1
11:50:20,3.253,3.254591,81.96930885,46.54869139,1
11:50:21,3.253,3.254587,81.96343184,46.52300477,1
11:50:22,3.253,3.254582,81.95755482,46.4972049,1
11:50:23,3.253,3.254578,81.9516778,46.4714855,1
11:50:24,3.253,3.254573,81.9458,46.44603133,1
11:50:25,3.253,3.254569,81.93992376,46.42063975,1
11:50:26,3.253,3.254564,81.93404675,46.39531374,1
11:50:27,3.253,3.25456,81.92816973,46.37004435,1
11:50:28,3.253,3.254556,81.92229271,46.34465873,1
11:50:29,3.253,3.254551,81.91641569,46.31952941,1
11:50:30,3.253,3.254547,81.91053867,46.29428089,1
11:50:31,3.253,3.254543,81.90466166,46.26928568,1
11:50:32,3.253,3.254539,81.89878464,46.2443471,1
11:50:33,3.253,3.254536,81.89290762,46.21946216,1
11:50:34,3.253,3.254531,81.8870306,46.19446099,1
11:50:35,3.253,3.254528,81.88115358,46.16970718,1
11:50:36,3.253,3.254524,81.87527657,46.14483416,1
11:50:37,3.253,3.25452,81.86939955,46.12020552,1
11:50:38,3.253,3.254516,81.86352253,46.09563053,1
11:50:39,3.253,3.254513,81.85764551,46.07110918,1
11:50:40,3.253,3.254509,81.85177,46.04664,1
11:50:41,3.253,3.254505,81.84589148,46.02222,1
11:50:42,3.253,3.254502,81.84001446,45.99786401,1
11:50:43,3.253,3.254498,81.83413744,45.97355723,1
11:50:44,3.253,3.254494,81.82826042,45.94930708,1
11:50:45,3.253,3.254491,81.8223834,45.92511058,1
11:50:46,3.253,3.254487,81.81650639,45.90096772,1
11:50:47,3.253,3.254483,81.81062937,45.8768785,1
11:50:48,3.253,3.25448,81.80475235,45.85267007,1
11:50:49,3.253,3.254477,81.79887533,45.82853019,1
11:50:50,3.253,3.254473,81.79299831,45.80462873,1
11:50:51,3.253,3.254469,81.7871213,45.78061104,1
11:50:52,3.253,3.254466,81.78124428,45.75681984,1
11:50:53,3.253,3.254462,81.77536726,45.73308229,1
11:50:54,3.253,3.254459,81.76949024,45.70923,1
11:50:55,3.253,3.254455,81.76361322,45.6854403,1
11:50:56,3.253,3.254452,81.75774,45.66188157,1
11:50:57,3.253,3.254449,81.75185919,45.63820362,1
11:50:58,3.253,3.254445,81.74598217,45.61475515,1
11:50:59,3.253,3.254442,81.74010515,45.59135139,1
11:51:00,3.253,3.254438,81.73422813,45.56799233,1
11:51:01,3.253,3.254435,81.72835112,45.54468095,1
11:51:02,3.253,3.254431,81.7224741,45.52126,1
11:51:03,3.253,3.254428,81.71659708,45.49790025,1
11:51:04,3.253,3.254425,81.71072006,45.47476172,1
11:51:05,3.253,3.254421,81.70484304,45.45150697,1
11:51:06,3.253,3.254418,81.69896603,45.42847276,1
11:51:07,3.253,3.254415,81.69308901,45.40548,1
11:51:08,3.253,3.254411,81.68721199,45.38254142,1
11:51:09,3.253,3.254408,81.68133497,45.35948634,1
11:51:10,3.253,3.254405,81.67545795,45.33649087,1
11:51:11,3.253,3.254401,81.66958094,45.313555,1
11:51:12,3.253,3.254398,81.6637,45.29083669,1
11:51:13,3.253,3.254395,81.6578269,45.26800513,1
11:51:14,3.253,3.254392,81.65194988,45.24538219,1
11:51:15,3.253,3.254388,81.64607286,45.22280395,1
11:51:16,3.253,3.254385,81.64019585,45.20011544,1
11:51:17,3.253,3.254382,81.63431883,45.17763853,1
11:51:18,3.253,3.254379,81.62844181,45.15520632,1
11:51:19,3.253,3.254375,81.62256479,45.13281882,1
11:51:20,3.253,3.254372,81.61668777,45.11047602,1
11:51:21,3.253,3.254369,81.61081076,45.08817196,1
11:51:22,3.253,3.254366,81.60493374,45.04561722,1
11:51:23,3.253,3.254358,81.59905672,44.95927989,1
11:51:24,3.253,3.25426,81.5931797,44.81883943,1
11:51:25,3.253,3.254002,81.58730268,44.70295608,1
11:51:26,3.253,3.253823,81.58142567,44.62512136,1
11:51:27,3.253,3.253731,81.57554865,44.56625283,1
11:51:28,3.253,3.253681,81.56967,44.51827705,1
11:51:29,3.253,3.253653,81.56379461,44.47724521,1
11:51:30,3.253,3.253639,81.55791759,44.44094598,1
11:51:31,3.253,3.253632,81.55204058,44.40806806,1
11:51:32,3.253,3.253631,81.54616356,44.37777698,1
11:51:33,3.253,3.253633,81.54028654,44.34952438,1
11:51:34,3.253,3.253637,81.53440952,44.32288408,1
11:51:35,3.253,3.253641,81.52853251,44.29762661,1
11:51:36,3.253,3.253646,81.52265549,44.27351654,1
11:51:37,3.253,3.253652,81.51677847,44.25038397,1
11:51:38,3.253,3.253657,81.51090145,44.22808,1
11:51:39,3.253,3.253661,81.50502443,44.20654178,1
11:51:40,3.253,3.253666,81.49914742,44.18566525,1
11:51:41,3.253,3.253669,81.4932704,44.16538477,1
11:51:42,3.253,3.253672,81.48739338,44.14562881,1
11:51:43,3.253,3.253675,81.48151636,44.12634671,1
11:51:44,3.253,3.253676,81.47564,44.10749972,1
11:51:45,3.253,3.253678,81.46976233,44.08904314,1
11:51:46,3.253,3.253678,81.46388531,44.07095015,1
11:51:47,3.253,3.253678,81.45800829,44.05318797,1
11:51:48,3.253,3.253678,81.45213127,44.03572977,1
11:51:49,3.253,3.253677,81.44625425,44.01853681,1
11:51:50,3.253,3.253675,81.44037724,44.00160909,1
11:51:51,3.253,3.253674,81.43450022,43.98494661,1
11:51:52,3.253,3.253671,81.4286232,43.96849573,1
11:51:53,3.253,3.253669,81.42274618,43.95228624,1
11:51:54,3.253,3.253665,81.41686916,43.9362824,1
11:51:55,3.253,3.253662,81.41099215,43.9204514,1
11:51:56,3.253,3.253659,81.40511513,43.90482605,1
11:51:57,3.253,3.253654,81.39923811,43.88937652,1
11:51:58,3.253,3.25365,81.39336109,43.87409687,1
11:51:59,3.253,3.253646,81.38748407,43.85895729,1
11:52:00,3.253,3.253641,81.38161,43.84399056,1
11:52:01,3.253,3.253637,81.37573004,43.82915199,1
11:52:02,3.253,3.253632,81.36985302,43.81447434,1
11:52:03,3.253,3.253627,81.363976,43.79992187,1
11:52:04,3.253,3.253621,81.35809898,43.78552437,1
11:52:05,3.253,3.253616,81.35222197,43.771258,1
11:52:06,3.253,3.253611,81.34634495,43.75711083,1
11:52:07,3.253,3.253605,81.34046793,43.74309182,1
11:52:08,3.253,3.2536,81.33459091,43.72919202,1
11:52:09,3.253,3.253594,81.32871389,43.71541142,1
11:52:10,3.253,3.253588,81.32283688,43.70174,1
11:52:11,3.253,3.253583,81.31695986,43.68817508,1
11:52:12,3.253,3.253577,81.31108284,43.67473722,1
11:52:13,3.253,3.253571,81.30520582,43.66140664,1
11:52:14,3.253,3.253565,81.2993288,43.64816546,1
11:52:15,3.253,3.25356,81.29345179,43.6350435,1
11:52:16,3.253,3.253554,81.28757,43.62202883,1
11:52:17,3.253,3.253548,81.28169775,43.6091125,1
11:52:18,3.253,3.253542,81.27582073,43.59629452,1
11:52:19,3.253,3.253536,81.26994371,43.58358085,1
11:52:20,3.253,3.25353,81.2640667,43.57096255,1
11:52:21,3.253,3.253525,81.25818968,43.55843961,1
11:52:22,3.253,3.253519,81.25231266,43.54601,1
11:52:23,3.253,3.253513,81.24643564,43.53367686,1
11:52:24,3.253,3.253507,81.24055862,43.52143407,1
11:52:25,3.253,3.253501,81.23468161,43.50926578,1
11:52:26,3.253,3.253496,81.22880459,43.4972018,1
11:52:27,3.253,3.25349,81.22292757,43.48521829,1
11:52:28,3.253,3.253484,81.21705055,43.4733361,1
11:52:29,3.253,3.253478,81.21117353,43.46154034,1
11:52:30,3.253,3.253473,81.20529652,43.44981313,1
11:52:31,3.253,3.253467,81.1994195,43.43817532,1
11:52:32,3.253,3.253462,81.19354,43.42661798,1
11:52:33,3.253,3.253456,81.18766546,43.41515601,1
11:52:34,3.253,3.25345,81.18178844,43.40377748,1
11:52:35,3.253,3.253445,81.17591143,43.39247644,1
11:52:36,3.253,3.25344,81.17003441,43.38125288,1
11:52:37,3.253,3.253434,81.16415739,43.37009788,1
11:52:38,3.253,3.253429,81.15828037,43.35903227,1
11:52:39,3.253,3.253423,81.15240335,43.34804416,1
11:52:40,3.253,3.253418,81.14652634,43.33713055,1
11:52:41,3.253,3.253413,81.14064932,43.32629144,1
11:52:42,3.253,3.253407,81.1347723,43.31552684,1
11:52:43,3.253,3.253402,81.12889528,43.30483377,1
11:52:44,3.253,3.253397,81.12301826,43.2942152,1
11:52:45,3.253,3.253392,81.11714125,43.28366816,1
11:52:46,3.253,3.253387,81.11126423,43.27318966,1
11:52:47,3.253,3.253381,81.10538721,43.26277375,1
11:52:48,3.253,3.253376,81.09951,43.25244129,1
11:52:49,3.253,3.253371,81.09363317,43.24217737,1
11:52:50,3.253,3.253366,81.08775616,43.23196709,1
11:52:51,3.253,3.253361,81.08187914,43.22182834,1
11:52:52,3.253,3.253356,81.07600212,43.21175516,1
11:52:53,3.253,3.253351,81.0701251,43.20175946,1
11:52:54,3.253,3.253346,81.06424809,43.19182038,1
11:52:55,3.253,3.253342,81.05837107,43.18194389,1
11:52:56,3.253,3.253337,81.05249405,43.17213893,1
11:52:57,3.253,3.253332,81.04661703,43.16239655,1
11:52:58,3.253,3.253328,81.04074001,43.15271,1
11:52:59,3.253,3.253323,81.034863,43.14309061,1
11:53:00,3.253,3.253319,81.02898598,43.13352406,1
11:53:01,3.253,3.253314,81.02310896,43.12401414,1
11:53:02,3.253,3.25331,81.01723194,43.11455786,1
11:53:03,3.253,3.253306,81.01135492,43.10515821,1
11:53:04,3.253,3.253302,81.00548,43.09580922,1
11:53:05,3.253,3.253297,80.99960089,43.08651984,1
11:53:06,3.253,3.253293,80.99372387,43.07727516,1
11:53:07,3.253,3.253289,80.98784685,43.06808412,1
11:53:08,3.253,3.253285,80.98196983,43.05895567,1
11:53:09,3.253,3.253281,80.97609282,43.04987788,1
11:53:10,3.253,3.253276,80.9702158,43.04085374,1
11:53:11,3.253,3.253272,80.96433878,43.03188026,1
11:53:12,3.253,3.253268,80.95846176,43.02295148,1
11:53:13,3.253,3.253264,80.95258474,43.01407635,1
11:53:14,3.253,3.25326,80.94670773,43.00525784,1
11:53:15,3.253,3.253256,80.94083071,42.99648106,1
11:53:16,3.253,3.253252,80.93495369,42.9877609,1
11:53:17,3.253,3.253247,80.92907667,42.97909141,1
11:53:18,3.253,3.253244,80.92319965,42.97046959,1
11:53:19,3.253,3.253239,80.91732264,42.96189845,1
11:53:20,3.253,3.253236,80.91145,42.953372,1
11:53:21,3.253,3.253232,80.9055686,42.94489324,1
11:53:22,3.253,3.253227,80.89969158,42.93646812,1
11:53:23,3.253,3.253224,80.89381456,42.92808771,1
11:53:24,3.253,3.25322,80.88793755,42.919752,1
11:53:25,3.253,3.253216,80.88206053,42.91146398,1
11:53:26,3.253,3.253212,80.87618351,42.90322363,1
11:53:27,3.253,3.253208,80.87030649,42.895028,1
11:53:28,3.253,3.253204,80.86442947,42.88687706,1
11:53:29,3.253,3.2532,80.85855246,42.87877381,1
11:53:30,3.253,3.253197,80.85267544,42.8707093,1
11:53:31,3.253,3.253193,80.84679842,42.86269248,1
11:53:32,3.253,3.253189,80.8409214,42.85472035,1
11:53:33,3.253,3.253186,80.83504438,42.84679294,1
11:53:34,3.253,3.253182,80.82916737,42.83890724,1
11:53:35,3.253,3.253178,80.82329035,42.83106625,1
11:53:36,3.253,3.253174,80.81741,42.82326996,1
11:53:37,3.253,3.253171,80.81153631,42.81550944,1
11:53:38,3.253,3.253167,80.80565929,42.80779362,1
11:53:39,3.253,3.253163,80.79978228,42.8001225,1
11:53:40,3.253,3.25316,80.79390526,42.79249012,1
11:53:41,3.253,3.253156,80.78802824,42.78490245,1
11:53:42,3.253,3.253153,80.78215122,42.77735353,1
11:53:43,3.253,3.253149,80.7762742,42.76984632,1
11:53:44,3.253,3.253145,80.77039719,42.76238382,1
11:53:45,3.253,3.253142,80.76452017,42.7549541,1
11:53:46,3.253,3.253139,80.75864315,42.7475661,1
11:53:47,3.253,3.253135,80.75276613,42.74021685,1
11:53:48,3.253,3.253132,80.74688911,42.73291,1
11:53:49,3.253,3.253128,80.7410121,42.72563756,1
11:53:50,3.253,3.253124,80.73513508,42.71841,1
11:53:51,3.253,3.253121,80.72925806,42.71121919,1
11:53:52,3.253,3.253118,80.72338,42.70406365,1
11:53:53,3.253,3.253114,80.71750402,42.69694686,1
11:53:54,3.253,3.253111,80.71162701,42.68987179,1
11:53:55,3.253,3.253108,80.70574999,42.6828295,1
11:53:56,3.253,3.253104,80.69987297,42.67582893,1
11:53:57,3.253,3.253101,80.69399595,42.66886413,1
11:53:58,3.253,3.253098,80.68811893,42.66193509,1
11:53:59,3.253,3.253094,80.68224192,42.65503883,1
11:54:00,3.253,3.253091,80.6763649,42.64818132,1
11:54:01,3.253,3.253088,80.67048788,42.64136553,1
11:54:02,3.253,3.253085,80.66461086,42.63457954,1
11:54:03,3.253,3.253082,80.65873384,42.62782931,1
11:54:04,3.253,3.253078,80.65285683,42.62111485,1
11:54:05,3.253,3.253075,80.64697981,42.61443615,1
11:54:06,3.253,3.253072,80.64110279,42.60779321,1
11:54:07,3.253,3.253068,80.63522577,42.60118306,1
11:54:08,3.253,3.253065,80.62935,42.59460866,1
11:54:09,3.253,3.253062,80.62347174,42.58806705,1
11:54:10,3.253,3.253059,80.61759472,42.58156121,1
11:54:11,3.253,3.253056,80.6117177,42.57508814,1
11:54:12,3.253,3.253053,80.60584068,42.56864488,1
11:54:13,3.253,3.25305,80.59996367,42.56224036,1
11:54:14,3.253,3.253047,80.59408665,42.55586863,1
11:54:15,3.253,3.253044,80.58820963,42.54952967,1
11:54:16,3.253,3.253041,80.58233261,42.5432235,1
11:54:17,3.253,3.253038,80.57645559,42.53694713,1
11:54:18,3.253,3.253035,80.57057858,42.53070354,1
11:54:19,3.253,3.253032,80.56470156,42.52448976,1
11:54:20,3.253,3.253029,80.55882454,42.51831174,1
11:54:21,3.253,3.253026,80.55294752,42.5121665,1
11:54:22,3.253,3.253023,80.5470705,42.50605106,1
11:54:23,3.253,3.25302,80.54119349,42.49996543,1
11:54:24,3.253,3.253017,80.53532,42.49391258,1
11:54:25,3.253,3.253014,80.52943945,42.48788655,1
11:54:26,3.253,3.253011,80.52356243,42.4818933,1
11:54:27,3.253,3.253008,80.51768541,42.47592986,1
11:54:28,3.253,3.253005,80.5118084,42.46999919,1
11:54:29,3.253,3.253003,80.50593138,42.46409535,1
11:54:30,3.253,3.253,80.50005436,42.4582243,1
11:54:31,3.253,3.252997,80.49417734,42.45238006,1
11:54:32,3.253,3.252994,80.48830032,42.44656861,1
11:54:33,3.253,3.252991,80.48242331,42.44078398,1
11:54:34,3.253,3.252989,80.47654629,42.43502617,1
11:54:35,3.253,3.252986,80.47066927,42.42929816,1
11:54:36,3.253,3.252983,80.46479225,42.42359996,1
11:54:37,3.253,3.25298,80.45891523,42.41792858,1
11:54:38,3.253,3.252978,80.45303822,42.41228402,1
11:54:39,3.253,3.252975,80.4471612,42.40666926,1
11:54:40,3.253,3.252972,80.44128,42.4010843,1
11:54:41,3.253,3.252969,80.43540716,42.39553213,1
11:54:42,3.253,3.252966,80.42953014,42.3900038,1
11:54:43,3.253,3.252964,80.42365313,42.38450229,1
11:54:44,3.253,3.252961,80.41777611,42.37902761,1
11:54:45,3.253,3.252959,80.41189909,42.37358272,1
11:54:46,3.253,3.252956,80.40602207,42.36816466,1
11:54:47,3.253,3.252954,80.40014505,42.36277044,1
11:54:48,3.253,3.252951,80.39426804,42.35740602,1
11:54:49,3.253,3.252948,80.38839102,42.35206842,1
11:54:50,3.253,3.252945,80.382514,42.34675765,1
11:54:51,3.253,3.252943,80.37663698,42.3414737,1
11:54:52,3.253,3.25294,80.37075996,42.33621359,1
11:54:53,3.253,3.252938,80.36488295,42.3309803,1
11:54:54,3.253,3.252935,80.35900593,42.32577384,1
11:54:55,3.253,3.252933,80.35312891,42.32059121,1
11:54:56,3.253,3.25293,80.34725,42.31543541,1
11:54:57,3.253,3.252928,80.34137487,42.31030345,1
11:54:58,3.253,3.252925,80.33549786,42.30519831,1
11:54:59,3.253,3.252923,80.32962084,42.30012,1
11:55:00,3.253,3.25292,80.32374382,42.29506254,1
11:55:01,3.253,3.252918,80.3178668,42.29003191,1
11:55:02,3.253,3.252915,80.31198978,42.2850281,1
11:55:03,3.253,3.252913,80.30611277,42.28004515,1
11:55:04,3.253,3.25291,80.30023575,42.27508903,1
11:55:05,3.253,3.252908,80.29435873,42.27015376,1
11:55:06,3.253,3.252906,80.28848171,42.2652483,1
11:55:07,3.253,3.252903,80.28260469,42.2603637,1
11:55:08,3.253,3.252901,80.27672768,42.25549996,1
11:55:09,3.253,3.252898,80.27085066,42.25066304,1
11:55:10,3.253,3.252896,80.26497364,42.24585295,1
11:55:11,3.253,3.252894,80.25909662,42.24106371,1
11:55:12,3.253,3.252892,80.25322,42.23629534,1
11:55:13,3.253,3.252889,80.24734259,42.23155379,1
11:55:14,3.253,3.252887,80.24146557,42.22683311,1
11:55:15,3.253,3.252884,80.23558855,42.22213924,1
11:55:16,3.253,3.252882,80.22971153,42.21746624,1
11:55:17,3.253,3.25288,80.22383451,42.21281409,1
11:55:18,3.253,3.252877,80.2179575,42.20818877,1
11:55:19,3.253,3.252875,80.21208048,42.20358133,1
11:55:20,3.253,3.252873,80.20620346,42.19900072,1
11:55:21,3.253,3.252871,80.20032644,42.19443798,1
11:55:22,3.253,3.252868,80.19444942,42.18990207,1
11:55:23,3.253,3.252866,80.18857241,42.18538404,1
11:55:24,3.253,3.252864,80.18269539,42.18088388,1
11:55:25,3.253,3.252862,80.17681837,42.17641056,1
11:55:26,3.253,3.25286,80.17094135,42.17195809,1
11:55:27,3.253,3.252858,80.16506433,42.16752648,1
11:55:28,3.253,3.252856,80.15919,42.16311872,1
11:55:29,3.253,3.252853,80.1533103,42.15873182,1
11:55:30,3.253,3.252851,80.14743328,42.15436578,1
11:55:31,3.253,3.252849,80.14155626,42.15001762,1
11:55:32,3.253,3.252847,80.13567924,42.14569032,1
11:55:33,3.253,3.252845,80.12980223,42.14138687,1
11:55:34,3.253,3.252842,80.12392521,42.13710725,1
11:55:35,3.253,3.252841,80.11804819,42.13284254,1
11:55:36,3.253,3.252839,80.11217117,42.12860167,1
11:55:37,3.253,3.252836,80.10629416,42.12437868,1
11:55:38,3.253,3.252834,80.10041714,42.12017357,1
11:55:39,3.253,3.252832,80.09454012,42.11599231,1
11:55:40,3.253,3.25283,80.0886631,42.1118319,1
11:55:41,3.253,3.252828,80.08278608,42.10769236,1
11:55:42,3.253,3.252826,80.07690907,42.1035707,1
11:55:43,3.253,3.252824,80.07103205,42.0994699,1
11:55:44,3.253,3.252822,80.06516,42.09538996,1
11:55:45,3.253,3.25282,80.05927801,42.09133089,1
11:55:46,3.253,3.252818,80.05340099,42.08728969,1
11:55:47,3.253,3.252816,80.04752398,42.08326,1
11:55:48,3.253,3.252814,80.04164696,42.07926,1
11:55:49,3.253,3.252812,80.03576994,42.07527339,1
11:55:50,3.253,3.25281,80.02989292,42.07130671,1
11:55:51,3.253,3.252808,80.0240159,42.0673579,1
11:55:52,3.253,3.252806,80.01813889,42.06342995,1
11:55:53,3.253,3.252804,80.01226187,42.05951989,1
11:55:54,3.253,3.252802,80.00638485,42.0556277,1
11:55:55,3.253,3.2528,80.00050783,42.0517534,1
11:55:56,3.253,3.252798,79.99463081,42.04789996,1
11:55:57,3.253,3.252796,79.9887538,42.0440644,1
11:55:58,3.253,3.252795,79.98287678,42.04024673,1
11:55:59,3.253,3.252793,79.97699976,42.03644693,1
11:56:00,3.253,3.252791,79.97112,42.03266799,1
11:56:01,3.253,3.252789,79.96524572,42.02890694,1
11:56:02,3.253,3.252787,79.95936871,42.02516079,1
11:56:03,3.253,3.252785,79.95349169,42.02143848,1
11:56:04,3.253,3.252783,79.94761467,42.01772809,1
11:56:05,3.253,3.252781,79.94173765,42.01404154,1
11:56:06,3.253,3.25278,79.93586063,42.0103699,1
11:56:07,3.253,3.252778,79.92998362,42.00671613,1
11:56:08,3.253,3.252776,79.9241066,42.00307429,1
11:56:09,3.253,3.252774,79.91822958,41.99944735,1
11:56:10,3.253,3.252772,79.91235256,41.99584723,1
11:56:11,3.253,3.252771,79.90647554,41.99225903,1
11:56:12,3.253,3.252769,79.90059853,41.98868573,1
11:56:13,3.253,3.252767,79.89472151,41.98513,1
11:56:14,3.253,3.252765,79.88884449,41.98159575,1
11:56:15,3.253,3.252764,79.88296747,41.9780761,1
11:56:16,3.253,3.252762,79.87709,41.97457731,1
11:56:17,3.253,3.25276,79.87121344,41.97109044,1
11:56:18,3.253,3.252758,79.86533642,41.96761847,1
11:56:19,3.253,3.252757,79.8594594,41.96416438,1
11:56:20,3.253,3.252755,79.85358238,41.96073115,1
11:56:21,3.253,3.252753,79.84770536,41.95730984,1
11:56:22,3.253,3.252752,79.84182835,41.95390642,1
11:56:23,3.253,3.25275,79.83595133,41.95051491,1
11:56:24,3.253,3.252748,79.83007431,41.94713831,1
11:56:25,3.253,3.252747,79.82419729,41.94377959,1
11:56:26,3.253,3.252745,79.81832027,41.94043875,1
11:56:27,3.253,3.252743,79.81244326,41.93711877,1
11:56:28,3.253,3.252741,79.80656624,41.93381071,1
11:56:29,3.253,3.25274,79.80068922,41.93051755,1
11:56:30,3.253,3.252738,79.7948122,41.9272393,1
11:56:31,3.253,3.252736,79.78893518,41.92397892,1
11:56:32,3.253,3.252735,79.78306,41.92073047,1
11:56:33,3.253,3.252733,79.77718115,41.91749692,1
11:56:34,3.253,3.252732,79.77130413,41.91428125,1
11:56:35,3.253,3.25273,79.76542711,41.9110775,1
11:56:36,3.253,3.252729,79.75955009,41.90788865,1
11:56:37,3.253,3.252727,79.75367308,41.90471768,1
11:56:38,3.253,3.252725,79.74779606,41.90156162,1
11:56:39,3.253,3.252724,79.74191904,41.89841747,1
11:56:40,3.253,3.252722,79.73604202,41.89529,1
11:56:41,3.253,3.252721,79.730165,41.89218283,1
11:56:42,3.253,3.252719,79.72428799,41.88908637,1
11:56:43,3.253,3.252717,79.71841097,41.88600183,1
11:56:44,3.253,3.252716,79.71253395,41.88294113,1
11:56:45,3.253,3.252714,79.70665693,41.87988639,1
11:56:46,3.253,3.252713,79.70077991,41.87684655,1
11:56:47,3.253,3.252711,79.6949029,41.87382758,1
11:56:48,3.253,3.25271,79.68903,41.87081456,1
11:56:49,3.253,3.252708,79.68314886,41.86781943,1
11:56:50,3.253,3.252707,79.67727184,41.86484218,1
11:56:51,3.253,3.252705,79.67139482,41.86187983,1
11:56:52,3.253,3.252704,79.66551781,41.85892344,1
11:56:53,3.253,3.252702,79.65964079,41.85598195,1
11:56:54,3.253,3.252701,79.65376377,41.85306132,1
11:56:55,3.253,3.252699,79.64788675,41.85014665,1
11:56:56,3.253,3.252698,79.64200974,41.84724689,1
11:56:57,3.253,3.252697,79.63613272,41.84437,1
11:56:58,3.253,3.252695,79.6302557,41.841501,1
11:56:59,3.253,3.252694,79.62437868,41.83865,1
11:57:00,3.253,3.252692,79.61850166,41.83579981,1
11:57:01,3.253,3.252691,79.61262465,41.83296561,1
11:57:02,3.253,3.252689,79.60674763,41.83014631,1
11:57:03,3.253,3.252688,79.60087061,41.82733893,1
11:57:04,3.253,3.252687,79.59499,41.82454348,1
11:57:05,3.253,3.252685,79.58911657,41.82177,1
11:57:06,3.253,3.252684,79.58323956,41.819,1
11:57:07,3.253,3.252682,79.57736254,41.81624651,1
11:57:08,3.253,3.252681,79.57148552,41.81351364,1
11:57:09,3.253,3.252679,79.5656085,41.8107897,1
11:57:10,3.253,3.252678,79.55973148,41.80808067,1
11:57:11,3.253,3.252677,79.55385447,41.8053776,1
11:57:12,3.253,3.252676,79.54797745,41.80268943,1
11:57:13,3.253,3.252674,79.54210043,41.80001318,1
11:57:14,3.253,3.252673,79.53622341,41.79735,1
11:57:15,3.253,3.252671,79.53034639,41.79469943,1
11:57:16,3.253,3.25267,79.52446938,41.79206789,1
11:57:17,3.253,3.252669,79.51859236,41.7894423,1
11:57:18,3.253,3.252668,79.51271534,41.78683162,1
11:57:19,3.253,3.252666,79.50683832,41.78422987,1
11:57:20,3.253,3.252665,79.50096,41.78163707,1
11:57:21,3.253,3.252664,79.49508429,41.77905917,1
11:57:22,3.253,3.252662,79.48920727,41.77649319,1
11:57:23,3.253,3.252661,79.48333025,41.77393913,1
11:57:24,3.253,3.25266,79.47745323,41.77140296,1
11:57:25,3.253,3.252658,79.47157621,41.76887274,1
11:57:26,3.253,3.252657,79.4656992,41.7663604,1
11:57:27,3.253,3.252656,79.45982218,41.76385403,1
11:57:28,3.253,3.252655,79.45394516,41.76135957,1
11:57:29,3.253,3.252653,79.44806814,41.75887704,1
11:57:30,3.253,3.252652,79.44219112,41.75640643,1
11:57:31,3.253,3.252651,79.43631411,41.75394773,1
11:57:32,3.253,3.25265,79.43043709,41.75149798,1
11:57:33,3.253,3.252648,79.42456007,41.74906909,1
11:57:34,3.253,3.252647,79.41868305,41.74664319,1
11:57:35,3.252,3.252646,79.41280603,41.73444808,1
11:57:36,3.253,3.252559,79.40693,41.73288047,1
11:57:37,3.253,3.252567,79.401052,41.73124135,1
11:57:38,3.253,3.252573,79.39517498,41.72953665,1
11:57:39,3.253,3.252579,79.38929796,41.72778428,1
11:57:40,3.253,3.252584,79.38342094,41.72597528,1
11:57:41,3.253,3.252589,79.37754393,41.72412157,1
11:57:42,3.253,3.252593,79.37166691,41.72222614,1
11:57:43,3.253,3.252595,79.36578989,41.72030389,1
11:57:44,3.253,3.252598,79.35991287,41.71836078,1
11:57:45,3.253,3.252601,79.35403585,41.71637893,1
11:57:46,3.253,3.252603,79.34815884,41.71437919,1
11:57:47,3.253,3.252605,79.34228182,41.71236157,1
11:57:48,3.253,3.252606,79.3364048,41.71032906,1
11:57:49,3.253,3.252608,79.33052778,41.70828462,1
11:57:50,3.253,3.252609,79.32465076,41.7062372,1
11:57:51,3.253,3.252609,79.31877375,41.7041719,1
11:57:52,3.253,3.25261,79.3129,41.70210063,1
11:57:53,3.253,3.25261,79.30701971,41.70002639,1
11:57:54,3.253,3.252611,79.30114269,41.69795513,1
11:57:55,3.253,3.252611,79.29526567,41.69587493,1
11:57:56,3.253,3.252611,79.28938866,41.69379473,1
11:57:57,3.253,3.252611,79.28351164,41.69171453,1
11:57:58,3.253,3.25261,79.27763462,41.6896373,1
11:57:59,3.253,3.25261,79.2717576,41.68756008,1
11:58:00,3.253,3.25261,79.26588058,41.68549,1
11:58:01,3.253,3.25261,79.26000357,41.68341458,1
11:58:02,3.253,3.252609,79.25412655,41.68134928,1
11:58:03,3.253,3.252609,79.24824953,41.6792959,1
11:58:04,3.253,3.252608,79.24237251,41.67723954,1
11:58:05,3.253,3.252607,79.23649549,41.67518914,1
11:58:06,3.253,3.252607,79.23061848,41.67315066,1
11:58:07,3.253,3.252606,79.22474146,41.67111516,1
11:58:08,3.253,3.252605,79.21886,41.66909158,1
11:58:09,3.253,3.252604,79.21298742,41.66706502,1
11:58:10,3.253,3.252604,79.2071104,41.66504741,1
11:58:11,3.253,3.252603,79.20123339,41.66303575,1
11:58:12,3.253,3.252602,79.19535637,41.66103303,1
11:58:13,3.253,3.252601,79.18947935,41.65903926,1
11:58:14,3.253,3.2526,79.18360233,41.65705442,1
11:58:15,3.253,3.252599,79.17772532,41.65507555,1
11:58:16,3.253,3.252599,79.1718483,41.65310562,1
11:58:17,3.253,3.252598,79.16597128,41.65114164,1
11:58:18,3.253,3.252597,79.16009426,41.64919257,1
11:58:19,3.253,3.252596,79.15421724,41.64724648,1
11:58:20,3.253,3.252595,79.14834023,41.64530635,1
11:58:21,3.253,3.252594,79.14246321,41.64337814,1
11:58:22,3.253,3.252593,79.13658619,41.64145887,1
11:58:23,3.253,3.252592,79.13070917,41.63954556,1
11:58:24,3.253,3.252591,79.12483,41.63764119,1
11:58:25,3.253,3.25259,79.11895514,41.63575172,1
11:58:26,3.253,3.252589,79.11307812,41.6338712,1
11:58:27,3.253,3.252589,79.1072011,41.63199961,1
11:58:28,3.253,3.252588,79.10132408,41.63012505,1
11:58:29,3.253,3.252587,79.09544706,41.6282624,1
11:58:30,3.253,3.252586,79.08957005,41.62640572,1
11:58:31,3.253,3.252585,79.08369303,41.62456691,1
11:58:32,3.253,3.252584,79.07781601,41.62273109,1
11:58:33,3.253,3.252583,79.07193899,41.62090719,1
11:58:34,3.253,3.252582,79.06606197,41.61908329,1
11:58:35,3.253,3.252581,79.06018496,41.61726832,1
11:58:36,3.253,3.25258,79.05430794,41.61547124,1
11:58:37,3.253,3.252579,79.04843092,41.61367,1
11:58:38,3.253,3.252579,79.0425539,41.61188602,1
11:58:39,3.253,3.252578,79.03667688,41.61010683,1
11:58:40,3.253,3.252577,79.0308,41.60833657,1
11:58:41,3.253,3.252576,79.02492285,41.60658121,1
11:58:42,3.253,3.252575,79.01904583,41.60482585,1
11:58:43,3.253,3.252574,79.01316881,41.60307944,1
11:58:44,3.253,3.252573,79.00729179,41.6013509,1
11:58:45,3.253,3.252573,79.00141478,41.59961939,1
11:58:46,3.253,3.252571,78.99553776,41.59789979,1
11:58:47,3.253,3.252571,78.98966074,41.5961951,1
11:58:48,3.253,3.25257,78.98378372,41.59449041,1
11:58:49,3.253,3.252569,78.9779067,41.59279168,1
11:58:50,3.253,3.252568,78.97202969,41.59110188,1
11:58:51,3.253,3.252567,78.96615267,41.58941805,1
11:58:52,3.253,3.252566,78.96027565,41.58774316,1
11:58:53,3.253,3.252565,78.95439863,41.58607721,1
11:58:54,3.253,3.252565,78.94852161,41.58442616,1
11:58:55,3.253,3.252563,78.9426446,41.5827781,1
11:58:56,3.253,3.252563,78.93677,41.58113599,1
11:58:57,3.253,3.252562,78.93089056,41.57950282,1
11:58:58,3.253,3.252561,78.92501354,41.57787561,1
11:58:59,3.253,3.25256,78.91913652,41.57625735,1
11:59:00,3.253,3.25256,78.91325951,41.57465398,1
11:59:01,3.253,3.252559,78.90738249,41.57305956,1
11:59:02,3.253,3.252558,78.90150547,41.5714711,1
11:59:03,3.253,3.252557,78.89562845,41.56988859,1
11:59:04,3.253,3.252557,78.88975143,41.56831205,1
11:59:05,3.253,3.252555,78.88387442,41.56674445,1
11:59:06,3.252,3.252555,78.8779974,41.55550599,1
11:59:07,3.253,3.252469,78.87212038,41.55476689,1
11:59:08,3.253,3.252477,78.86624336,41.55395329,1
11:59:09,3.253,3.252484,78.86036634,41.55307114,1
11:59:10,3.253,3.25249,78.85448933,41.55213237,1
11:59:11,3.253,3.252495,78.84861231,41.55113995,1
11:59:12,3.253,3.2525,78.84274,41.55010283,1
11:59:13,3.253,3.252504,78.83685827,41.54902399,1
11:59:14,3.253,3.252508,78.83098125,41.54791832,1
11:59:15,3.253,3.252511,78.82510424,41.54676795,1
11:59:16,3.253,3.252514,78.81922722,41.54559374,1
11:59:17,3.253,3.252516,78.8133502,41.54439569,1
11:59:18,3.253,3.252518,78.80747318,41.54317677,1
11:59:19,3.252,3.25252,78.80159616,41.53226018,1
11:59:20,3.253,3.252437,78.79571915,41.53182507,1
11:59:21,3.253,3.252447,78.78984213,41.53129458,1
11:59:22,3.253,3.252456,78.78396511,41.53068066,1
11:59:23,3.253,3.252464,78.77808809,41.52998924,1
11:59:24,3.253,3.252471,78.77221107,41.52922928,1
11:59:25,3.253,3.252477,78.76633406,41.52840674,1
11:59:26,3.253,3.252482,78.76045704,41.52753651,1
11:59:27,3.253,3.252487,78.75458002,41.52661562,1
11:59:28,3.252,3.252491,78.7487,41.51599109,1
11:59:29,3.253,3.25241,78.74282598,41.51581526,1
11:59:30,3.253,3.252422,78.73694897,41.5155232,1
11:59:31,3.252,3.252433,78.73107195,41.50546491,1
11:59:32,3.253,3.252357,78.72519493,41.5057987,1
11:59:33,3.253,3.252374,78.71931791,41.50596857,1
11:59:34,3.253,3.25239,78.7134409,41.50598943,1
11:59:35,3.253,3.252403,78.70756388,41.50587916,1
11:59:36,3.253,3.252415,78.70168686,41.50564969,1
11:59:37,3.253,3.252426,78.69580984,41.50531888,1
11:59:38,3.252,3.252436,78.68993282,41.49522483,1
11:59:39,3.253,3.252359,78.68405581,41.49553478,1
11:59:40,3.253,3.252376,78.67817879,41.49568975,1
11:59:41,3.253,3.25239,78.67230177,41.49571359,1
11:59:42,3.253,3.252403,78.66642475,41.49560332,1
11:59:43,3.253,3.252415,78.66054773,41.49537981,1
11:59:44,3.253,3.252425,78.65467,41.4950639,1
11:59:45,3.253,3.252434,78.6487937,41.49464965,1
11:59:46,3.253,3.252443,78.64291668,41.49415493,1
11:59:47,3.253,3.25245,78.63703966,41.49358869,1
11:59:48,3.253,3.252457,78.63116264,41.49296582,1
11:59:49,3.253,3.252462,78.62528563,41.49227738,1
11:59:50,3.253,3.252468,78.61940861,41.49153829,1
11:59:51,3.253,3.252472,78.61353159,41.49075747,1
11:59:52,3.253,3.252476,78.60765457,41.4899379,1
11:59:53,3.253,3.25248,78.60177755,41.48908257,1
11:59:54,3.253,3.252483,78.59590054,41.48819447,1
11:59:55,3.253,3.252486,78.59002352,41.48727953,1
11:59:56,3.252,3.252488,78.5841465,41.47669673,1
11:59:57,3.253,3.252405,78.57826948,41.47655666,1
11:59:58,3.252,3.252416,78.57239246,41.46667123,1
11:59:59,3.253,3.25234,78.56651545,41.46717489,1
12:00:00,3.253,3.252357,78.56064,41.46751463,1
12:00:01,3.253,3.252372,78.55476141,41.46769643,1
12:00:02,3.252,3.252385,78.54888439,41.45810604,1
12:00:03,3.253,3.252313,78.54300737,41.45886004,1
12:00:04,3.253,3.252332,78.53713036,41.45942926,1
12:00:05,3.253,3.252349,78.53125334,41.45984352,1
12:00:06,3.253,3.252364,78.52537632,41.46009684,1
12:00:07,3.253,3.252378,78.5194993,41.46021605,1
12:00:08,3.253,3.252391,78.51362228,41.46023,1
12:00:09,3.253,3.252402,78.50774527,41.46013,1
12:00:10,3.253,3.252412,78.50186825,41.45993888,1
12:00:11,3.253,3.25242,78.49599123,41.45964682,1
12:00:12,3.253,3.252428,78.49011421,41.45928025,1
12:00:13,3.253,3.252436,78.48423719,41.45884216,1
12:00:14,3.253,3.252442,78.47836018,41.45835638,1
12:00:15,3.253,3.252447,78.47248316,41.45780504,1
12:00:16,3.253,3.252452,78.46661,41.45720601,1
12:00:17,3.252,3.252457,78.46072912,41.44693017,1
12:00:18,3.252,3.252376,78.4548521,41.43743813,1
12:00:19,3.252,3.252303,78.44897509,41.42864645,1
12:00:20,3.252,3.252237,78.44309807,41.42048955,1
12:00:21,3.252,3.252178,78.43722105,41.4128989,1
12:00:22,3.253,3.252125,78.43134403,41.41545892,1
12:00:23,3.253,3.252161,78.42546701,41.41766429,1
12:00:24,3.253,3.252194,78.41959,41.41955376,1
12:00:25,3.253,3.252224,78.41371298,41.42115414,1
12:00:26,3.253,3.252251,78.40783596,41.42249525,1
12:00:27,3.253,3.252275,78.40195894,41.42360985,1
12:00:28,3.253,3.252296,78.39608192,41.42451882,1
12:00:29,3.252,3.252315,78.39020491,41.41560793,1
12:00:30,3.253,3.252248,78.38432789,41.41699672,1
12:00:31,3.252,3.252271,78.37845087,41.40850306,1
12:00:32,3.253,3.252208,78.37257,41.41026,1
12:00:33,3.253,3.252236,78.36669683,41.41175449,1
12:00:34,3.252,3.252261,78.36081982,41.40336514,1
12:00:35,3.253,3.252198,78.3549428,41.4052099,1
12:00:36,3.252,3.252226,78.34906578,41.39715731,1
12:00:37,3.253,3.252167,78.34318876,41.3993001,1
12:00:38,3.252,3.252199,78.33731174,41.39150977,1
12:00:39,3.252,3.252142,78.33143473,41.38426781,1
12:00:40,3.252,3.252091,78.32555771,41.37751758,1
12:00:41,3.252,3.252045,78.31968069,41.37121439,1
12:00:42,3.252,3.252003,78.31380367,41.36530757,1
12:00:43,3.252,3.251966,78.30792665,41.35975838,1
12:00:44,3.252,3.251932,78.30204964,41.35453701,1
12:00:45,3.252,3.251902,78.29617262,41.34960771,1
12:00:46,3.252,3.251874,78.2902956,41.34494662,1
12:00:47,3.252,3.25185,78.28441858,41.34052098,1
12:00:48,3.252,3.251827,78.27854,41.33631587,1
12:00:49,3.252,3.251807,78.27266455,41.33230448,1
12:00:50,3.252,3.251788,78.26678753,41.32846892,1
12:00:51,3.252,3.251772,78.26091051,41.32479131,1
12:00:52,3.252,3.251757,78.25503349,41.32126272,1
12:00:53,3.253,3.251743,78.24915648,41.32750034,1
12:00:54,3.253,3.251816,78.24327946,41.33305848,1
12:00:55,3.252,3.251881,78.23740244,41.32833,1
12:00:56,3.252,3.251854,78.23152542,41.32386446,1
12:00:57,3.252,3.251831,78.2256484,41.31962359,1
12:00:58,3.253,3.251809,78.21977139,41.32522047,1
12:00:59,3.252,3.251875,78.21389437,41.3205564,1
12:01:00,3.252,3.251848,78.20801735,41.31614566,1
12:01:01,3.253,3.251825,78.20214033,41.32158756,1
12:01:02,3.252,3.251888,78.19626331,41.31678939,1
12:01:03,3.252,3.251861,78.1903863,41.31225944,1
12:01:04,3.252,3.251836,78.18451,41.3079679,1
12:01:05,3.253,3.251813,78.17863226,41.31352603,1
12:01:06,3.253,3.251877,78.17275524,41.31846428,1
12:01:07,3.252,3.251935,78.16687822,41.31321907,1
12:01:09,3.252,3.251902,78.16100121,41.30828679,1
12:01:09,3.252,3.251873,78.15512419,41.30363762,1
12:01:10,3.252,3.251846,78.14924717,41.29924476,1
12:01:11,3.252,3.251822,78.14337015,41.29508734,1
12:01:12,3.252,3.2518,78.13749313,41.29114,1
12:01:13,3.252,3.25178,78.13161612,41.2873894,1
12:01:14,3.252,3.251762,78.1257391,41.28380716,1
12:01:15,3.252,3.251746,78.11986208,41.28037989,1
12:01:16,3.252,3.251731,78.11398506,41.2770927,1
12:01:17,3.252,3.251718,78.10810804,41.27393067,1
12:01:18,3.252,3.251706,78.10223103,41.27088785,1
12:01:19,3.252,3.251695,78.09635401,41.2679553,1
12:01:20,3.252,3.251685,78.09048,41.26511216,1
12:01:21,3.252,3.251676,78.08459997,41.26236439,1
12:01:22,3.252,3.251668,78.07872295,41.25968814,1
12:01:23,3.252,3.25166,78.07284594,41.25708342,1
12:01:24,3.252,3.251654,78.06696892,41.25454128,1
12:01:25,3.252,3.251648,78.0610919,41.25205874,1
12:01:26,3.252,3.251642,78.05521488,41.24963284,1
12:01:27,3.252,3.251637,78.04933786,41.24726057,1
12:01:28,3.252,3.251631,78.04346085,41.24493599,1
12:01:29,3.252,3.251627,78.03758383,41.24265015,1
12:01:30,3.252,3.251623,78.03170681,41.24040306,1
12:01:31,3.252,3.251619,78.02582979,41.2381947,1
12:01:32,3.252,3.251616,78.01995277,41.23602509,1
12:01:33,3.252,3.251613,78.01407576,41.23387933,1
12:01:34,3.252,3.25161,78.00819874,41.23176038,1
12:01:35,3.252,3.251607,78.00232172,41.22967124,1
12:01:36,3.252,3.251605,77.99644,41.22760594,1
12:01:37,3.252,3.251602,77.99056768,41.22556448,1
12:01:38,3.252,3.2516,77.98469067,41.22354388,1
12:01:39,3.252,3.251598,77.97881365,41.22154117,1
12:01:40,3.252,3.251595,77.97293663,41.21956229,1
12:01:41,3.252,3.251594,77.96705961,41.2176013,1
12:01:42,3.252,3.251592,77.96118259,41.21565819,1
12:01:43,3.252,3.25159,77.95530558,41.21373296,1
12:01:44,3.252,3.251589,77.94942856,41.21181965,1
12:01:45,3.252,3.251587,77.94355154,41.20992422,1
12:01:46,3.252,3.251585,77.93767452,41.20804369,1
12:01:47,3.252,3.251584,77.9317975,41.20617509,1
12:01:48,3.252,3.251583,77.92592049,41.20432138,1
12:01:49,3.252,3.251581,77.92004347,41.20248556,1
12:01:50,3.252,3.25158,77.91416645,41.20065272,1
12:01:51,3.252,3.251579,77.90828943,41.19884372,1
12:01:52,3.252,3.251578,77.90241,41.19704366,1
12:01:53,3.252,3.251576,77.8965354,41.19524658,1
12:01:54,3.252,3.251575,77.89065838,41.19345844,1
12:01:55,3.252,3.251574,77.88478136,41.1916852,1
12:01:57,3.252,3.251573,77.87890434,41.18992388,1
12:01:57,3.252,3.251572,77.87302732,41.18817747,1
12:01:58,3.252,3.251571,77.86715031,41.18643403,1
12:01:59,3.252,3.25157,77.86127329,41.1847055,1
12:02:00,3.252,3.251569,77.85539627,41.18297994,1
12:02:01,3.252,3.251568,77.84951925,41.18126333,1
12:02:02,3.252,3.251567,77.84364223,41.1795646,1
12:02:03,3.252,3.251566,77.83776522,41.17786586,1
12:02:04,3.252,3.251565,77.8318882,41.17617905,1
12:02:05,3.252,3.251564,77.82601118,41.17450118,1
12:02:06,3.252,3.251563,77.82013416,41.17283225,1
12:02:07,3.252,3.251562,77.81425714,41.1711812,1
12:02:08,3.252,3.251561,77.80838,41.16953015,1
12:02:09,3.252,3.25156,77.80250311,41.16788507,1
12:02:10,3.252,3.251559,77.79662609,41.16624892,1
12:02:11,3.252,3.251559,77.79074907,41.16462171,1
12:02:12,3.252,3.251558,77.78487206,41.16300344,1
12:02:13,3.252,3.251557,77.77899504,41.16140306,1
12:02:14,3.252,3.251556,77.77311802,41.15980864,1
12:02:15,3.252,3.251555,77.767241,41.15822017,1
12:02:16,3.252,3.251554,77.76136398,41.15664065,1
12:02:17,3.252,3.251554,77.75548697,41.15506709,1
12:02:18,3.252,3.251553,77.74960995,41.1534965,1
12:02:19,3.252,3.251552,77.74373293,41.15193486,1
12:02:20,3.252,3.251551,77.73785591,41.1503762,1
12:02:21,3.252,3.25155,77.73197889,41.14883542,1
12:02:22,3.252,3.251549,77.72610188,41.14729464,1
12:02:23,3.252,3.251549,77.72022486,41.14577174,1
12:02:24,3.252,3.251548,77.71435,41.14424288,1
12:02:25,3.252,3.251547,77.70847082,41.14272594,1
12:02:26,3.252,3.251546,77.7025938,41.14122,1
12:02:27,3.252,3.251545,77.69671679,41.13972187,1
12:02:28,3.252,3.251545,77.69083977,41.13822579,1
12:02:29,3.252,3.251544,77.68496275,41.13673568,1
12:02:30,3.252,3.251543,77.67908573,41.1352545,1
12:02:31,3.252,3.251542,77.67320871,41.13378227,1
12:02:32,3.252,3.251542,77.6673317,41.13232493,1
12:02:33,3.252,3.251541,77.66145468,41.1308676,1
12:02:34,3.252,3.25154,77.65557766,41.12941623,1
12:02:35,3.252,3.251539,77.64970064,41.12798274,1
12:02:36,3.252,3.251539,77.64382362,41.12654328,1
12:02:37,3.252,3.251538,77.63794661,41.12512469,1
12:02:38,3.252,3.251537,77.63206959,41.12370014,1
12:02:39,3.252,3.251536,77.62619257,41.12228453,1
12:02:40,3.252,3.251535,77.62032,41.12087786,1
12:02:41,3.252,3.251535,77.61443853,41.11948311,1
12:02:42,3.252,3.251534,77.60856152,41.11809433,1
12:02:43,3.252,3.251534,77.6026845,41.1167115,1
12:02:44,3.252,3.251533,77.59680748,41.11533761,1
12:02:45,3.252,3.251532,77.59093046,41.11396074,1
12:02:46,3.252,3.251531,77.58505344,41.11259282,1
12:02:47,3.252,3.251531,77.57917643,41.11123085,1
12:02:48,3.252,3.25153,77.57329941,41.10988677,1
12:02:49,3.252,3.251529,77.56742239,41.1085397,1
12:02:50,3.252,3.251529,77.56154537,41.10719562,1
12:02:51,3.252,3.251528,77.55566835,41.10586047,1
12:02:52,3.252,3.251527,77.54979134,41.10452831,1
12:02:53,3.252,3.251526,77.54391432,41.10320807,1
12:02:55,3.252,3.251526,77.5380373,41.10189378,1
12:02:55,3.252,3.251525,77.53216028,41.1005944,1
12:02:56,3.252,3.251524,77.52628,41.09929204,1
12:02:57,3.252,3.251524,77.52040625,41.09799266,1
12:02:58,3.252,3.251523,77.51452923,41.09670222,1
12:03:00,3.252,3.251523,77.50865221,41.09541774,1
12:03:01,3.252,3.251522,77.50277519,41.0941422,1
12:03:01,3.252,3.251521,77.49689817,41.09287858,1
12:03:02,3.252,3.25152,77.49102116,41.09161496,1
12:03:04,3.252,3.251519,77.48514414,41.09036028,1
12:03:04,3.252,3.251519,77.47926712,41.08910561,1
12:03:05,3.252,3.251518,77.4733901,41.08786285,1
12:03:06,3.252,3.251518,77.46751308,41.08662307,1
12:03:08,3.252,3.251517,77.46163607,41.08538926,1
12:03:08,3.252,3.251517,77.45575905,41.0841614,1
12:03:09,3.252,3.251516,77.44988203,41.08293951,1
12:03:10,3.252,3.251515,77.44400501,41.08172655,1
12:03:11,3.252,3.251515,77.43812799,41.08052552,1
12:03:13,3.252,3.251514,77.43225,41.07931852,1
12:03:13,3.252,3.251513,77.42637396,41.07812345,1
12:03:14,3.252,3.251513,77.42049694,41.07693136,1
12:03:15,3.252,3.251512,77.41461992,41.07574522,1
12:03:17,3.252,3.251512,77.4087429,41.07456505,1
12:03:17,3.252,3.251511,77.40286589,41.07339084,1
12:03:18,3.252,3.25151,77.39698887,41.07223451,1
12:03:19,3.252,3.25151,77.39111185,41.07107222,1
12:03:21,3.252,3.251509,77.38523483,41.06991589,1
12:03:22,3.252,3.251508,77.37935781,41.06877446,1
12:03:22,3.252,3.251508,77.3734808,41.06762707,1
12:03:23,3.252,3.251507,77.36760378,41.06649458,1
12:03:25,3.252,3.251507,77.36172676,41.06535912,1
12:03:26,3.252,3.251506,77.35584974,41.06422961,1
12:03:26,3.252,3.251505,77.34997272,41.06310606,1
12:03:27,3.252,3.251505,77.34409571,41.06198847,1
12:03:28,3.252,3.251504,77.33822,41.06087387,1
12:03:30,3.252,3.251504,77.33234167,41.05977714,1
12:03:30,3.252,3.251503,77.32646465,41.0586834,1
12:03:31,3.252,3.251503,77.32058764,41.05759561,1
12:03:32,3.252,3.251502,77.31471062,41.05651081,1
12:03:34,3.252,3.251502,77.3088336,41.05543196,1
12:03:35,3.252,3.251501,77.30295658,41.05435014,1
12:03:35,3.252,3.2515,77.29707956,41.05327427,1
12:03:36,3.252,3.2515,77.29120255,41.05220139,1
12:03:38,3.252,3.251499,77.28532553,41.05113745,1
12:03:39,3.252,3.251499,77.27944851,41.05008543,1
12:03:39,3.252,3.251498,77.27357149,41.04903042,1
12:03:40,3.252,3.251498,77.26769447,41.04798138,1
12:03:41,3.252,3.251497,77.26181746,41.04693532,1
12:03:43,3.252,3.251497,77.25594044,41.04589522,1
12:03:44,3.252,3.251496,77.25006342,41.04486108,1
12:03:44,3.252,3.251496,77.24419,41.04382992,1
12:03:45,3.252,3.251495,77.23830938,41.0428077,1
12:03:47,3.252,3.251494,77.23243237,41.04179144,1
12:03:48,3.252,3.251494,77.22655535,41.0407871,1
12:03:48,3.252,3.251493,77.22067833,41.0397768,1
12:03:49,3.252,3.251493,77.21480131,41.03877246,1
12:03:51,3.252,3.251492,77.20892429,41.03777409,1
12:03:52,3.252,3.251492,77.20304728,41.03677869,1
12:03:53,3.252,3.251491,77.19717026,41.03579223,1
12:03:53,3.252,3.251491,77.19129324,41.03480875,1
12:03:55,3.252,3.25149,77.18541622,41.03382826,1
12:03:56,3.252,3.25149,77.1795392,41.03285372,1
12:03:57,3.252,3.251489,77.17366219,41.03189409,1
12:03:57,3.252,3.251489,77.16778517,41.03092849,1
12:03:58,3.252,3.251488,77.16190815,41.02996886,1
12:04:00,3.252,3.251488,77.15603113,41.02902114,1
12:04:01,3.252,3.251487,77.15015,41.02807045,1
12:04:02,3.252,3.251487,77.1442771,41.02712274,1
12:04:02,3.252,3.251486,77.13840008,41.02618396,1
12:04:04,3.252,3.251486,77.13252306,41.02524519,1
12:04:05,3.252,3.251485,77.12664604,41.02431536,1
12:04:06,3.252,3.251485,77.12076902,41.02339745,1
12:04:06,3.252,3.251484,77.11489201,41.02247357,1
12:04:08,3.252,3.251484,77.10901499,41.02155566,1
12:04:09,3.252,3.251483,77.10313797,41.02064371,1
12:04:10,3.252,3.251483,77.09726095,41.01974368,1
12:04:10,3.252,3.251482,77.09138393,41.01884663,1
12:04:12,3.252,3.251482,77.08550692,41.01795256,1
12:04:13,3.252,3.251481,77.0796299,41.01706445,1
12:04:14,3.252,3.251481,77.07375288,41.01617932,1
12:04:15,3.252,3.251481,77.06787586,41.01529717,1
12:04:15,3.252,3.25148,77.06199884,41.01441205,1
12:04:17,3.252,3.25148,77.05612,41.0135299,1
12:04:18,3.252,3.251479,77.05024481,41.01265371,1
12:04:19,3.252,3.251479,77.04436779,41.0117805,1
12:04:19,3.252,3.251478,77.03849077,41.01091325,1
12:04:21,3.252,3.251478,77.03261375,41.01006091,1
12:04:22,3.252,3.251477,77.02673674,41.00919962,1
12:04:23,3.252,3.251477,77.02085972,41.00834429,1
12:04:24,3.252,3.251476,77.0149827,41.00749493,1
12:04:25,3.252,3.251476,77.00910568,41.00664854,1
12:04:26,3.252,3.251476,77.00322866,41.00580812,1
12:04:27,3.252,3.251475,76.99735165,41.00497067,1
12:04:28,3.252,3.251475,76.99147463,41.00413918,1
12:04:29,3.252,3.251474,76.98559761,41.00331962,1
12:04:30,3.252,3.251474,76.97972059,41.0024941,1
12:04:31,3.252,3.251473,76.97384357,41.00167453,1
12:04:32,3.252,3.251473,76.96796656,41.00086689,1
12:04:33,3.252,3.251473,76.96209,41.00006223,1
12:04:34,3.251,3.251472,76.95621252,40.98965228,1
12:04:35,3.252,3.251387,76.9503355,40.98967016,1
12:04:36,3.252,3.251395,76.94445848,40.98960161,1
12:04:37,3.251,3.251402,76.93858147,40.97986519,1
12:04:38,3.252,3.251324,76.93270445,40.98047614,1
12:04:39,3.251,3.251338,76.92682743,40.97135365,1
12:04:40,3.252,3.251266,76.92095041,40.9725219,1
12:04:41,3.251,3.251286,76.91507339,40.96389711,1
12:04:42,3.251,3.251219,76.90919638,40.95591605,1
12:04:43,3.251,3.251158,76.90331936,40.94851613,1
12:04:44,3.251,3.251104,76.89744234,40.94163179,1
12:04:45,3.251,3.251055,76.89156532,40.93521833,1
12:04:46,3.251,3.251011,76.8856883,40.92922807,1
12:04:47,3.251,3.250972,76.87981129,40.92362225,1
12:04:48,3.251,3.250936,76.87393427,40.91836214,1
12:04:49,3.251,3.250903,76.86806,40.91341197,1
12:04:50,3.251,3.250875,76.86218023,40.90873599,1
12:04:51,3.251,3.250848,76.85630322,40.90431333,1
12:04:52,3.251,3.250824,76.8504262,40.90012312,1
12:04:53,3.251,3.250803,76.84454918,40.89613855,1
12:04:54,3.251,3.250783,76.83867216,40.89234173,1
12:04:55,3.251,3.250766,76.83279514,40.88871181,1
12:04:56,3.251,3.25075,76.82691813,40.88523984,1
12:04:57,3.251,3.250735,76.82104111,40.88190794,1
12:04:58,3.251,3.250722,76.81516409,40.87869823,1
12:04:59,3.251,3.25071,76.80928707,40.87560177,1
12:05:00,3.251,3.2507,76.80341005,40.8726126,1
12:05:01,3.251,3.25069,76.79753304,40.86971879,1
12:05:02,3.251,3.250681,76.79165602,40.86690247,1
12:05:03,3.251,3.250673,76.785779,40.86416662,1
12:05:04,3.251,3.250666,76.77990198,40.86150527,1
12:05:05,3.251,3.250659,76.77402,40.85890949,1
12:05:06,3.251,3.250653,76.76814795,40.85637331,1
12:05:07,3.251,3.250647,76.76227093,40.85388482,1
12:05:08,3.251,3.250642,76.75639391,40.85144699,1
12:05:09,3.25,3.250637,76.75051689,40.83945155,1
12:05:10,3.251,3.250548,76.74463987,40.83792269,1
12:05:11,3.25,3.250552,76.73876286,40.82674086,1
12:05:12,3.25,3.250472,76.73288584,40.81633389,1
12:05:13,3.25,3.250398,76.72700882,40.80663025,1
12:05:14,3.25,3.250333,76.7211318,40.79755247,1
12:05:15,3.25,3.250274,76.71525478,40.7890439,1
12:05:16,3.25,3.25022,76.70937777,40.78104794,1
12:05:17,3.25,3.250172,76.70350075,40.77351391,1
12:05:18,3.25,3.250129,76.69762373,40.7664001,1
12:05:19,3.25,3.25009,76.69174671,40.75966179,1
12:05:20,3.25,3.250054,76.68586969,40.75326324,1
12:05:21,3.25,3.250022,76.67999,40.74717164,1
12:05:22,3.25,3.249993,76.67411566,40.74136019,1
12:05:23,3.25,3.249967,76.66823864,40.73579907,1
12:05:24,3.25,3.249943,76.66236162,40.73046744,1
12:05:25,3.25,3.249922,76.6564846,40.72534442,1
12:05:26,3.25,3.249902,76.65060759,40.72040915,1
12:05:27,3.25,3.249885,76.64473057,40.71564376,1
12:05:28,3.25,3.249869,76.63885355,40.71103036,1
12:05:29,3.25,3.249854,76.63297653,40.70656002,1
12:05:30,3.25,3.249841,76.62709951,40.70221484,1
12:05:31,3.25,3.249829,76.6212225,40.69798887,1
12:05:32,3.25,3.249818,76.61534548,40.69387019,1
12:05:33,3.25,3.249808,76.60946846,40.68984389,1
12:05:34,3.25,3.249798,76.60359144,40.68591595,1
12:05:35,3.25,3.24979,76.59771442,40.68206251,1
12:05:36,3.25,3.249782,76.59183741,40.67828357,1
12:05:37,3.25,3.249775,76.58596,40.67457318,1
12:05:38,3.25,3.249768,76.58008337,40.67093134,1
12:05:39,3.249,3.249762,76.57420635,40.65771699,1
12:05:40,3.25,3.249672,76.56832933,40.65499902,1
12:05:41,3.249,3.249675,76.56245232,40.64262509,1
12:05:42,3.249,3.249593,76.5565753,40.63103497,1
12:05:43,3.249,3.249519,76.55069828,40.62014818,1
12:05:44,3.249,3.249453,76.54482126,40.60991108,1
12:05:45,3.249,3.249392,76.53894424,40.60025513,1
12:05:46,3.249,3.249338,76.53306723,40.59112072,1
12:05:47,3.249,3.249289,76.52719021,40.58245718,1
12:05:48,3.249,3.249245,76.52131319,40.57421386,1
12:05:49,3.249,3.249205,76.51543617,40.56635797,1
12:05:50,3.249,3.249169,76.50955915,40.55885077,1
12:05:51,3.249,3.249136,76.50368214,40.55166,1
12:05:52,3.249,3.249107,76.49780512,40.54475725,1
12:05:53,3.249,3.24908,76.49193,40.53811133,1
12:05:54,3.249,3.249055,76.48605108,40.53170085,1
12:05:55,3.249,3.249033,76.48017406,40.52550793,1
12:05:56,3.249,3.249013,76.47429705,40.51950574,1
12:05:57,3.249,3.248995,76.46842003,40.51368237,1
12:05:58,3.249,3.248978,76.46254301,40.50801694,1
12:05:59,3.248001,3.248963,76.45666599,40.4928565,1
12:06:00,3.249,3.248864,76.45078897,40.48829079,1
12:06:01,3.249,3.24886,76.44491196,40.48376381,1
12:06:02,3.248001,3.248856,76.43903494,40.46963155,1
12:06:03,3.248001,3.248768,76.43315792,40.45635462,1
12:06:04,3.248001,3.248688,76.4272809,40.44384062,1
12:06:05,3.248001,3.248616,76.42140388,40.43202102,1
12:06:06,3.248001,3.248551,76.41552687,40.42083025,1
12:06:07,3.248001,3.248492,76.40964985,40.41019678,1
12:06:08,3.248001,3.248439,76.40377283,40.40007591,1
12:06:09,3.248001,3.248392,76.3979,40.39042294,1
12:06:10,3.248001,3.248348,76.3920188,40.38118422,1
12:06:11,3.248001,3.248309,76.38614178,40.37232399,1
12:06:12,3.248001,3.248273,76.38026476,40.36381245,1
12:06:13,3.248001,3.248241,76.37438774,40.35561085,1
12:06:14,3.248001,3.248212,76.36851072,40.34769237,1
12:06:15,3.248001,3.248185,76.36263371,40.34003019,1
12:06:16,3.248001,3.248161,76.35675669,40.3326,1
12:06:17,3.248001,3.248139,76.35087967,40.32538533,1
12:06:18,3.248001,3.248119,76.34500265,40.31836689,1
12:06:19,3.248001,3.248101,76.33912563,40.31152129,1
12:06:20,3.248001,3.248084,76.33324862,40.30483663,1
12:06:21,3.248001,3.248069,76.3273716,40.29830098,1
12:06:22,3.248001,3.248055,76.32149458,40.29189944,1
12:06:23,3.248001,3.248042,76.31561756,40.28562307,1
12:06:24,3.247,3.24803,76.30974054,40.26976526,1
12:06:25,3.248001,3.247935,76.30386,40.26452601,1
12:06:26,3.248001,3.247933,76.29798651,40.25930166,1
12:06:27,3.248001,3.247931,76.29210949,40.25409818,1
12:06:28,3.248001,3.24793,76.28623247,40.24890959,1
12:06:29,3.247,3.247928,76.28035545,40.2340591,1
12:06:30,3.247,3.247841,76.27447844,40.22002816,1
12:06:31,3.247,3.247763,76.26860142,40.20676911,1
12:06:32,3.247,3.247692,76.2627244,40.19419253,1
12:06:33,3.247,3.247629,76.25684738,40.18223286,1
12:06:34,3.247,3.247571,76.25097036,40.17083049,1
12:06:35,3.247,3.247519,76.24509335,40.1599288,1
12:06:36,3.247,3.247472,76.23921633,40.1494801,1
12:06:37,3.247,3.247429,76.23333931,40.13944566,1
12:06:38,3.247,3.247391,76.22746229,40.12978673,1
12:06:39,3.247,3.247355,76.22158527,40.12047052,1
12:06:40,3.247,3.247324,76.21570826,40.1114583,1
12:06:41,3.247,3.247295,76.20983,40.10272622,1
12:06:42,3.247,3.247268,76.20395422,40.09424448,1
12:06:43,3.247,3.247244,76.1980772,40.08600116,1
12:06:44,3.247,3.247222,76.19220018,40.07796943,1
12:06:45,3.247,3.247202,76.18632317,40.07013142,1
12:06:46,3.247,3.247184,76.18044615,40.06246924,1
12:06:47,3.247,3.247167,76.17456913,40.05497098,1
12:06:48,3.247,3.247152,76.16869211,40.04762173,1
12:06:49,3.247,3.247138,76.16281509,40.04040956,1
12:06:50,3.247,3.247125,76.15693808,40.03332257,1
12:06:51,3.247,3.247113,76.15106106,40.02635181,1
12:06:52,3.247,3.247102,76.14518404,40.01948833,1
12:06:53,3.247,3.247092,76.13930702,40.01272321,1
12:06:54,3.247,3.247082,76.13343,40.00605047,1
12:06:55,3.247,3.247073,76.12755299,39.99946713,1
12:06:56,3.247,3.247064,76.12167597,39.99296725,1
12:06:57,3.246,3.247057,76.1158,39.97682333,1
12:06:58,3.246,3.246965,76.10992193,39.96158838,1
12:06:59,3.246,3.246882,76.10404491,39.9471581,1
12:07:00,3.246,3.246808,76.0981679,39.93343413,1
12:07:01,3.246,3.24674,76.09229088,39.92038071,1
12:07:02,3.246,3.246679,76.08641386,39.90792036,1
12:07:03,3.246,3.246624,76.08053684,39.89598453,1
12:07:04,3.246,3.246574,76.07465982,39.88454342,1
12:07:05,3.246,3.246528,76.06878281,39.87354338,1
12:07:06,3.246,3.246487,76.06290579,39.8629427,1
12:07:07,3.246,3.24645,76.05702877,39.85270262,1
12:07:08,3.246,3.246416,76.05115175,39.84278142,1
12:07:09,3.246,3.246385,76.04527473,39.8331672,1
12:07:10,3.246,3.246357,76.03939772,39.82382715,1
12:07:11,3.246,3.246331,76.0335207,39.81473446,1
12:07:12,3.246,3.246308,76.02764368,39.80586231,1
12:07:13,3.246,3.246287,76.02177,39.79719877,1
12:07:14,3.246,3.246267,76.01588964,39.78872895,1
12:07:15,3.246,3.246249,76.01001263,39.78043,1
12:07:16,3.246,3.246233,76.00413561,39.77228999,1
12:07:17,3.246,3.246218,75.99825859,39.76429999,1
12:07:18,3.246,3.246204,75.99238157,39.7564441,1
12:07:19,3.246,3.246191,75.98650455,39.74870741,1
12:07:20,3.246,3.246179,75.98062754,39.74109292,1
12:07:21,3.246,3.246168,75.97475052,39.73358572,1
12:07:22,3.246,3.246157,75.9688735,39.72617686,1
12:07:23,3.246,3.246148,75.96299648,39.71886337,1
12:07:24,3.246,3.246139,75.95711946,39.7116363,1
12:07:25,3.246,3.24613,75.95124245,39.70448971,1
12:07:26,3.246,3.246123,75.94536543,39.69741762,1
12:07:27,3.246,3.246115,75.93948841,39.69041705,1
12:07:28,3.246,3.246108,75.93361139,39.68349099,1
12:07:29,3.246,3.246102,75.92773,39.67662752,1
12:07:30,3.246,3.246095,75.92185736,39.66982365,1
12:07:31,3.246,3.246089,75.91598034,39.6630764,1
12:07:32,3.246,3.246083,75.91010332,39.65638876,1
12:07:33,3.246,3.246078,75.9042263,39.6497488,1
12:07:34,3.244999,3.246073,75.89834929,39.63341713,1
12:07:35,3.246,3.245984,75.89247227,39.62770104,1
12:07:36,3.246,3.245987,75.88659525,39.6219492,1
12:07:37,3.244999,3.24599,75.88071823,39.60644603,1
12:07:38,3.244999,3.245908,75.87484121,39.59173858,1
12:07:39,3.244999,3.245834,75.8689642,39.57773447,1
12:07:40,3.244999,3.245767,75.86308718,39.56439793,1
12:07:41,3.244999,3.245706,75.85721016,39.55163658,1
12:07:42,3.244999,3.245651,75.85133314,39.53942358,1
12:07:43,3.244999,3.245602,75.84545612,39.52769041,1
12:07:44,3.244999,3.245557,75.83957911,39.51639235,1
12:07:45,3.244999,3.245516,75.8337,39.50549066,1
12:07:46,3.244999,3.245479,75.82782507,39.49494064,1
12:07:47,3.244999,3.245445,75.82194805,39.48473036,1
12:07:48,3.244999,3.245414,75.81607103,39.47480917,1
12:07:49,3.244999,3.245387,75.81019402,39.46515918,1
12:07:50,3.244999,3.245361,75.804317,39.45575953,1
12:07:51,3.244999,3.245337,75.79843998,39.44659531,1
12:07:52,3.244999,3.245316,75.79256296,39.43763077,1
12:07:53,3.244999,3.245297,75.78668594,39.42885995,1
12:07:54,3.244999,3.245279,75.78080893,39.42026198,1
12:07:55,3.244999,3.245263,75.77493191,39.41181898,1
12:07:56,3.244999,3.245247,75.76905489,39.40352499,1
12:07:57,3.244999,3.245233,75.76317787,39.39537108,1
12:07:58,3.244999,3.24522,75.75730085,39.38734531,1
12:07:59,3.244999,3.245208,75.75142384,39.37943578,1
12:08:00,3.244999,3.245197,75.74554682,39.37163055,1
12:08:01,3.244999,3.245187,75.73967,39.36393261,1
12:08:02,3.244999,3.245177,75.73379278,39.3563211,1
12:08:03,3.244999,3.245168,75.72791576,39.34880197,1
12:08:04,3.244999,3.24516,75.72203875,39.34136629,1
12:08:05,3.244999,3.245152,75.71616173,39.3340081,1
12:08:06,3.244999,3.245144,75.71028471,39.32672441,1
12:08:07,3.244999,3.245137,75.70440769,39.31950927,1
12:08:08,3.244999,3.24513,75.69853067,39.31235969,1
12:08:09,3.244999,3.245124,75.69265366,39.3052727,1
12:08:10,3.244999,3.245117,75.68677664,39.29824531,1
12:08:11,3.244999,3.245112,75.68089962,39.29127455,1
12:08:12,3.244999,3.245106,75.6750226,39.28436041,1
12:08:13,3.244999,3.245101,75.66914558,39.27749395,1
12:08:14,3.244999,3.245095,75.66326857,39.27068114,1
12:08:15,3.244999,3.24509,75.65739155,39.26392,1
12:08:16,3.244999,3.245085,75.65151453,39.25719857,1
12:08:17,3.244999,3.245081,75.64564,39.25052881,1
12:08:18,3.244999,3.245076,75.63976049,39.24390376,1
12:08:19,3.244999,3.245072,75.63388348,39.23731744,1
12:08:20,3.244999,3.245068,75.62800646,39.23077583,1
12:08:21,3.244999,3.245064,75.62212944,39.22427297,1
12:08:22,3.244999,3.245059,75.61625242,39.21781182,1
12:08:23,3.244999,3.245055,75.6103754,39.21138942,1
12:08:24,3.244999,3.245051,75.60449839,39.20500875,1
12:08:25,3.244999,3.245047,75.59862137,39.19866383,1
12:08:26,3.244999,3.245044,75.59274435,39.19235766,1
12:08:27,3.244999,3.24504,75.58686733,39.18608725,1
12:08:28,3.244999,3.245036,75.58099031,39.17984962,1
12:08:29,3.244999,3.245033,75.5751133,39.17365074,1
12:08:30,3.244999,3.245029,75.56923628,39.16748464,1
12:08:31,3.244999,3.245025,75.56335926,39.1613543,1
12:08:32,3.244999,3.245022,75.55748224,39.15525675,1
12:08:33,3.244999,3.245018,75.55161,39.14919496,1
12:08:34,3.244999,3.245015,75.54572821,39.14316595,1
12:08:35,3.244999,3.245012,75.53985119,39.13716972,1
12:08:36,3.244999,3.245008,75.53397417,39.13120627,1
12:08:37,3.244999,3.245005,75.52809715,39.12527263,1
12:08:38,3.244999,3.245002,75.52222013,39.11937177,1
12:08:39,3.244999,3.244999,75.51634312,39.11350071,1
12:08:40,3.244999,3.244995,75.5104661,39.10766244,1
12:08:41,3.244999,3.244992,75.50458908,39.10185397,1
12:08:42,3.244999,3.244989,75.49871206,39.0960753,1
12:08:43,3.244999,3.244986,75.49283504,39.09032941,1
12:08:44,3.244999,3.244983,75.48695803,39.0846163,1
12:08:45,3.244999,3.24498,75.48108101,39.078933,1
12:08:46,3.244999,3.244977,75.47520399,39.0732795,1
12:08:47,3.244999,3.244973,75.46932697,39.0676558,1
12:08:48,3.244999,3.24497,75.46344995,39.06206191,1
12:08:49,3.244999,3.244967,75.45757,39.05649781,1
12:08:50,3.244999,3.244964,75.45169592,39.05096352,1
12:08:51,3.244999,3.244961,75.4458189,39.04545903,1
12:08:52,3.244999,3.244958,75.43994188,39.03998137,1
12:08:53,3.244999,3.244956,75.43406487,39.03453052,1
12:08:54,3.244999,3.244952,75.42818785,39.02911246,1
12:08:55,3.244999,3.24495,75.42231083,39.02372122,1
12:08:56,3.244999,3.244947,75.41643381,39.0183568,1
12:08:57,3.244999,3.244944,75.41055679,39.01302218,1
12:08:58,3.244999,3.244941,75.40467978,39.00771439,1
12:08:59,3.244999,3.244938,75.39880276,39.00243342,1
12:09:00,3.244999,3.244935,75.39292574,38.99718225,1
12:09:01,3.244999,3.244932,75.38704872,38.99196088,1
12:09:02,3.244999,3.24493,75.3811717,38.98676038,1
12:09:03,3.244999,3.244927,75.37529469,38.98158967,1
12:09:04,3.244999,3.244924,75.36941767,38.97644877,1
12:09:05,3.244999,3.244921,75.36354,38.97133172,1
12:09:06,3.244999,3.244918,75.35766363,38.96624148,1
12:09:07,3.244999,3.244915,75.35178661,38.96118104,1
12:09:08,3.244999,3.244913,75.3459096,38.95614445,1
12:09:09,3.244999,3.24491,75.34003258,38.95113766,1
12:09:10,3.244999,3.244907,75.33415556,38.94615471,1
12:09:11,3.244999,3.244905,75.32827854,38.94119859,1
12:09:12,3.244999,3.244902,75.32240152,38.9362663,1
12:09:13,3.244999,3.2449,75.31652451,38.93136084,1
12:09:14,3.244999,3.244897,75.31064749,38.9264822,1
12:09:15,3.244999,3.244894,75.30477047,38.92163038,1
12:09:16,3.244999,3.244892,75.29889345,38.91679943,1
12:09:17,3.244999,3.244889,75.29301643,38.91199827,1
12:09:18,3.244999,3.244886,75.28713942,38.90722096,1
12:09:19,3.244999,3.244884,75.2812624,38.90247047,1
12:09:20,3.244999,3.244881,75.27538538,38.89774382,1
12:09:21,3.244999,3.244879,75.26951,38.89304399,1
12:09:22,3.244999,3.244876,75.26363134,38.88836503,1
12:09:23,3.244999,3.244874,75.25775433,38.88370991,1
12:09:24,3.244999,3.244871,75.25187731,38.87907863,1
12:09:25,3.244999,3.244868,75.24600029,38.87447715,1
12:09:26,3.244999,3.244866,75.24012327,38.86989951,1
12:09:27,3.244999,3.244864,75.23424625,38.86534274,1
12:09:28,3.244999,3.244861,75.22836924,38.86081278,1
12:09:29,3.244999,3.244858,75.22249222,38.85630667,1
12:09:30,3.244999,3.244856,75.2166152,38.8518244,1
12:09:31,3.244999,3.244853,75.21073818,38.847363,1
12:09:32,3.244999,3.244851,75.20486116,38.84292841,1
12:09:33,3.244999,3.244848,75.19898415,38.83851767,1
12:09:34,3.244999,3.244846,75.19310713,38.83413076,1
12:09:35,3.244999,3.244844,75.18723011,38.82976174,1
12:09:36,3.244999,3.244842,75.18135309,38.82542,1
12:09:37,3.244999,3.244839,75.17548,38.82109523,1
12:09:38,3.244999,3.244837,75.16959906,38.81679773,1
12:09:39,3.244999,3.244834,75.16372204,38.8125211,1
12:09:40,3.244999,3.244832,75.15784502,38.80826533,1
12:09:41,3.244999,3.24483,75.151968,38.8040334,1
12:09:42,3.244999,3.244828,75.14609098,38.79982233,1
12:09:43,3.244999,3.244825,75.14021397,38.79563808,1
12:09:44,3.244999,3.244823,75.13433695,38.7914747,1
12:09:45,3.244999,3.244821,75.12845993,38.78733218,1
12:09:46,3.244999,3.244818,75.12258291,38.78321052,1
12:09:47,3.244999,3.244816,75.11670589,38.77910972,1
12:09:48,3.244999,3.244814,75.11082888,38.77502978,1
12:09:49,3.244999,3.244812,75.10495186,38.77097368,1
12:09:50,3.244999,3.24481,75.09907484,38.76694143,1
12:09:51,3.244999,3.244807,75.09319782,38.76293004,1
12:09:52,3.244999,3.244805,75.0873208,38.7589395,1
12:09:53,3.244999,3.244803,75.08144,38.75496984,1
12:09:54,3.244999,3.244801,75.07556677,38.75102103,1
12:09:55,3.244999,3.244799,75.06968975,38.74709606,1
12:09:56,3.244999,3.244797,75.06381273,38.743186,1
12:09:57,3.244999,3.244794,75.05793571,38.73929679,1
12:09:58,3.244999,3.244792,75.0520587,38.73543441,1
12:09:59,3.244999,3.24479,75.04618168,38.73158693,1
12:10:00,3.244999,3.244788,75.04030466,38.72776,1
12:10:01,3.244999,3.244786,75.03442764,38.72395754,1
12:10:02,3.244999,3.244784,75.02855062,38.72016966,1
12:10:03,3.244999,3.244782,75.02267361,38.71639967,1
12:10:04,3.244999,3.24478,75.01679659,38.71265054,1
12:10:05,3.244999,3.244778,75.01091957,38.70892227,1
12:10:06,3.244999,3.244776,75.00504255,38.70521486,1
12:10:07,3.244999,3.244774,74.99916553,38.70153129,1
12:10:08,3.244999,3.244772,74.99328852,38.69786561,1
12:10:09,3.244999,3.24477,74.98741,38.69422078,1
12:10:10,3.244999,3.244767,74.98153448,38.69059086,1
12:10:11,3.244999,3.244766,74.97565746,38.6869818,1
12:10:12,3.244999,3.244763,74.96978045,38.6833936,1
12:10:13,3.244999,3.244761,74.96390343,38.67982328,1
12:10:14,3.244999,3.24476,74.95802641,38.67627084,1
12:10:15,3.244999,3.244758,74.95214939,38.67273,1
12:10:16,3.244999,3.244756,74.94627237,38.66922259,1
12:10:17,3.244999,3.244754,74.94039536,38.6657238,1
12:10:18,3.244999,3.244752,74.93451834,38.66224587,1
12:10:19,3.244999,3.24475,74.92864132,38.6587888,1
12:10:20,3.244999,3.244748,74.9227643,38.65534663,1
12:10:21,3.244999,3.244746,74.91688728,38.65192831,1
12:10:22,3.244999,3.244745,74.91101027,38.6485219,1
12:10:23,3.244999,3.244742,74.90513325,38.64513636,1
12:10:24,3.244999,3.24474,74.89925623,38.64176869,1
12:10:25,3.244999,3.244739,74.89338,38.63841891,1
12:10:26,3.244999,3.244737,74.88750219,38.63508403,1
12:10:27,3.244999,3.244735,74.88162518,38.63177299,1
12:10:28,3.244999,3.244733,74.87574816,38.62847388,1
12:10:29,3.244999,3.244731,74.86987114,38.62519264,1
12:10:30,3.244999,3.24473,74.86399412,38.62192929,1
12:10:31,3.244999,3.244728,74.8581171,38.61868382,1
12:10:32,3.244999,3.244726,74.85224009,38.6154592,1
12:10:33,3.244999,3.244724,74.84636307,38.61224949,1
12:10:34,3.244999,3.244722,74.84048605,38.60905468,1
12:10:35,3.244999,3.244721,74.83460903,38.60588,1
12:10:36,3.244999,3.244719,74.82873201,38.60272169,1
12:10:37,3.244999,3.244717,74.822855,38.59957755,1
12:10:38,3.244999,3.244716,74.81697798,38.5964483,1
12:10:39,3.244999,3.244714,74.81110096,38.59333992,1
12:10:40,3.244999,3.244712,74.80522394,38.59024346,1
12:10:41,3.244999,3.24471,74.79935,38.5871619,1
12:10:42,3.244999,3.244709,74.79346991,38.58409822,1
12:10:43,3.244999,3.244707,74.78759289,38.58105242,1
12:10:44,3.244999,3.244705,74.78171587,38.57802153,1
12:10:45,3.244999,3.244704,74.77583885,38.57500851,1
12:10:46,3.244999,3.244702,74.76996183,38.5720104,1
12:10:47,3.244999,3.2447,74.76408482,38.56903315,1
12:10:48,3.244999,3.244699,74.7582078,38.56606781,1
12:10:49,3.244999,3.244697,74.75233078,38.56311738,1
12:10:50,3.244999,3.244695,74.74645376,38.56018186,1
12:10:51,3.244999,3.244694,74.74057674,38.55727017,1
12:10:52,3.244999,3.244692,74.73469973,38.55436742,1
12:10:53,3.244999,3.24469,74.72882271,38.55147958,1
12:10:54,3.244999,3.244689,74.72294569,38.54860663,1
12:10:55,3.244999,3.244687,74.71706867,38.54574859,1
12:10:56,3.244999,3.244686,74.71119165,38.54290843,1
12:10:57,3.244999,3.244684,74.70531,38.54008317,1
12:10:58,3.244999,3.244683,74.69943762,38.53727281,1
12:10:59,3.244999,3.244681,74.6935606,38.53447735,1
12:11:00,3.244999,3.244679,74.68768358,38.5316968,1
12:11:01,3.244999,3.244678,74.68180656,38.52893114,1
12:11:02,3.244999,3.244676,74.67592955,38.52618039,1
12:11:03,3.244999,3.244675,74.67005253,38.52344155,1
12:11:04,3.244999,3.244673,74.66417551,38.5207206,1
12:11:05,3.244999,3.244672,74.65829849,38.51801157,1
12:11:06,3.244999,3.24467,74.65242147,38.51532042,1
12:11:07,3.244999,3.244669,74.64654446,38.51264119,1
12:11:08,3.244999,3.244667,74.64066744,38.50997686,1
12:11:09,3.244999,3.244666,74.63479042,38.50732446,1
12:11:10,3.244999,3.244664,74.6289134,38.50469291,1
12:11:11,3.244999,3.244663,74.62303638,38.50207031,1
12:11:12,3.244999,3.244661,74.61715937,38.49946856,1
12:11:13,3.244999,3.24466,74.61128,38.49687874,1
12:11:14,3.244999,3.244659,74.60540533,38.49429488,1
12:11:15,3.244999,3.244657,74.59952831,38.49173,1
12:11:16,3.244999,3.244656,74.59365129,38.48917782,1
12:11:17,3.244999,3.244654,74.58777428,38.48663568,1
12:11:18,3.244999,3.244653,74.58189726,38.48410845,1
12:11:19,3.244999,3.244651,74.57602024,38.48159611,1
12:11:20,3.244999,3.24465,74.57014322,38.47910166,1
12:11:21,3.244999,3.244649,74.5642662,38.47661316,1
12:11:22,3.244999,3.244647,74.55838919,38.47413957,1
12:11:23,3.244999,3.244646,74.55251217,38.47168386,1
12:11:24,3.244999,3.244644,74.54663515,38.46923709,1
12:11:25,3.244999,3.244643,74.54075813,38.46680224,1
12:11:26,3.244999,3.244642,74.53488111,38.46438527,1
12:11:27,3.244999,3.24464,74.5290041,38.46197724,1
12:11:28,3.244999,3.244639,74.52312708,38.45958114,1
12:11:29,3.244999,3.244638,74.51725,38.45719695,1
12:11:30,3.244999,3.244636,74.51137304,38.45482767,1
12:11:31,3.244999,3.244635,74.50549603,38.45246732,1
12:11:32,3.244999,3.244634,74.49961901,38.45012188,1
12:11:33,3.244999,3.244632,74.49374199,38.44779134,1
12:11:34,3.244999,3.244631,74.48786497,38.44546974,1
12:11:35,3.244999,3.24463,74.48198795,38.44316304,1
12:11:36,3.244999,3.244628,74.47611094,38.44087422,1
12:11:37,3.244999,3.244627,74.47023392,38.43859732,1
12:11:38,3.244999,3.244626,74.4643569,38.43632638,1
12:11:39,3.244999,3.244625,74.45847988,38.43406439,1
12:11:40,3.244999,3.244624,74.45260286,38.43181431,1
12:11:41,3.244999,3.244622,74.44672585,38.42957616,1
12:11:42,3.244999,3.244621,74.44084883,38.42735,1
12:11:43,3.244999,3.24462,74.43497181,38.42514753,1
12:11:44,3.244999,3.244618,74.42909479,38.42294812,1
12:11:45,3.244999,3.244617,74.42322,38.42075765,1
12:11:46,3.244999,3.244616,74.41734076,38.41858,1
12:11:47,3.244999,3.244615,74.41146374,38.41641545,1
12:11:48,3.244999,3.244614,74.40558672,38.41426075,1
12:11:49,3.244999,3.244612,74.3997097,38.41211796,1
12:11:50,3.244999,3.244611,74.39383268,38.40998709,1
12:11:51,3.244999,3.24461,74.38795567,38.40786815,1
12:11:52,3.244999,3.244609,74.38207865,38.40576112,1
12:11:53,3.244999,3.244608,74.37620163,38.40366602,1
12:11:54,3.244999,3.244606,74.37032461,38.40157986,1
12:11:55,3.244999,3.244606,74.36444759,38.39951,1
12:11:56,3.244999,3.244604,74.35857058,38.39744329,1
12:11:57,3.244999,3.244603,74.35269356,38.39539289,1
12:11:58,3.244999,3.244602,74.34681654,38.39335442,1
12:11:59,3.244999,3.244601,74.34093952,38.39132488,1
12:12:00,3.244999,3.244599,74.3350625,38.38930726,1
12:12:01,3.244999,3.244599,74.32919,38.38730454,1
12:12:02,3.244999,3.244597,74.32330847,38.38530481,1
12:12:03,3.244999,3.244596,74.31743145,38.38331401,1
12:12:04,3.244999,3.244595,74.31155443,38.38133514,1
12:12:05,3.244999,3.244594,74.30567741,38.37937117,1
12:12:06,3.244999,3.244593,74.2998004,38.37742209,1
12:12:07,3.244999,3.244592,74.29392338,38.375476,1
12:12:08,3.244999,3.244591,74.28804636,38.37354183,1
12:12:09,3.244999,3.24459,74.28216934,38.3716166,1
12:12:10,3.244999,3.244589,74.27629232,38.36970925,1
12:12:11,3.244999,3.244587,74.27041531,38.36780488,1
12:12:12,3.244999,3.244586,74.26453829,38.36590946,1
12:12:13,3.244999,3.244585,74.25866127,38.36403,1
12:12:14,3.244999,3.244584,74.25278425,38.36215436,1
12:12:15,3.244999,3.244583,74.24690723,38.36028874,1
12:12:16,3.244999,3.244582,74.24103022,38.35843503,1
12:12:17,3.244999,3.244581,74.23515,38.35659,1
12:12:18,3.244999,3.24458,74.22927618,38.35475743,1
12:12:19,3.244999,3.244579,74.22339916,38.35293353,1
12:12:20,3.244999,3.244578,74.21752214,38.35111856,1
12:12:21,3.244999,3.244577,74.21164513,38.34931552,1
12:12:22,3.244999,3.244576,74.20576811,38.34752142,1
12:12:23,3.244999,3.244575,74.19989109,38.34573925,1
12:12:24,3.244999,3.244574,74.19401407,38.34396303,1
12:12:25,3.244999,3.244573,74.18813705,38.34219575,1
12:12:26,3.244999,3.244572,74.18226004,38.34043741,1
12:12:27,3.244999,3.244571,74.17638302,38.33869696,1
12:12:28,3.244999,3.24457,74.170506,38.33696246,1
12:12:29,3.244999,3.244569,74.16462898,38.33523989,1
12:12:30,3.244999,3.244568,74.15875196,38.33352029,1
12:12:31,3.244999,3.244567,74.15287495,38.33180964,1
12:12:32,3.244999,3.244566,74.14699793,38.33010793,1
12:12:33,3.244999,3.244565,74.14112,38.32842112,1
12:12:34,3.244999,3.244564,74.13524389,38.32674325,1
12:12:35,3.244999,3.244563,74.12936687,38.32506835,1
12:12:36,3.244999,3.244562,74.12348986,38.3234,1
12:12:37,3.244999,3.244562,74.11761284,38.32174242,1
12:12:38,3.244999,3.24456,74.11173582,38.32009435,1
12:12:39,3.244999,3.24456,74.1058588,38.31845522,1
12:12:40,3.244999,3.244559,74.09998178,38.31682,1
12:12:41,3.244999,3.244558,74.09410477,38.3152,1
12:12:42,3.244999,3.244557,74.08822775,38.31359446,1
12:12:43,3.244999,3.244556,74.08235073,38.31198812,1
12:12:44,3.244999,3.244555,74.07647371,38.31039071,1
12:12:45,3.244999,3.244554,74.07059669,38.30880225,1
12:12:46,3.244999,3.244553,74.06471968,38.30722272,1
12:12:47,3.244999,3.244552,74.05884266,38.30565214,1
12:12:48,3.244999,3.244551,74.05296564,38.3040905,1
12:12:49,3.244999,3.24455,74.04709,38.3025378,1
12:12:50,3.244999,3.24455,74.04121161,38.30099,1
12:12:51,3.244999,3.244549,74.03533459,38.2994622,1
12:12:52,3.244999,3.244548,74.02945757,38.29793036,1
12:12:53,3.244999,3.244547,74.02358055,38.29641938,1
12:12:54,3.244999,3.244546,74.01770353,38.29491138,1
12:12:55,3.244999,3.244545,74.01182652,38.29340339,1
12:12:56,3.244999,3.244545,74.0059495,38.29190433,1
12:12:57,3.244999,3.244544,74.00007248,38.29041719,1
12:12:58,3.244999,3.244543,73.99419546,38.28893602,1
12:12:59,3.244999,3.244542,73.98831844,38.2874608,1
12:13:00,3.244999,3.244541,73.98244143,38.28599453,1
12:13:01,3.244999,3.24454,73.97656441,38.28454614,1
12:13:02,3.244999,3.244539,73.97068739,38.28309774,1
12:13:03,3.244999,3.244539,73.96481037,38.28165531,1
12:13:04,3.244999,3.244538,73.95893335,38.28022182,1
12:13:05,3.244999,3.244537,73.95306,38.27879131,1
12:13:06,3.244999,3.244536,73.94717932,38.27737272,1
12:13:07,3.244999,3.244535,73.9413023,38.27596307,1
12:13:08,3.244999,3.244535,73.93542528,38.27456832,1
12:13:09,3.244999,3.244534,73.92954826,38.27317953,1
12:13:10,3.244999,3.244533,73.92367125,38.2717967,1
12:13:11,3.244999,3.244532,73.91779423,38.27042282,1
12:13:12,3.244999,3.244531,73.91191721,38.26904893,1
12:13:13,3.244999,3.244531,73.90604019,38.267681,1
12:13:14,3.244999,3.24453,73.90016317,38.26631904,1
12:13:15,3.244999,3.244529,73.89428616,38.26497495,1
12:13:16,3.244999,3.244529,73.88840914,38.26362789,1
12:13:17,3.244999,3.244528,73.88253212,38.26228678,1
12:13:18,3.244999,3.244527,73.8766551,38.26095462,1
12:13:19,3.244999,3.244526,73.87077808,38.25964034,1
12:13:20,3.244999,3.244526,73.86490107,38.25832009,1
12:13:21,3.244999,3.244524,73.85902,38.25701177,1
12:13:22,3.244999,3.244524,73.85314703,38.25570941,1
12:13:23,3.244999,3.244523,73.84727001,38.25442195,1
12:13:24,3.244999,3.244523,73.84139299,38.25313151,1
12:13:25,3.244999,3.244522,73.83551598,38.25184703,1
12:13:26,3.244999,3.244521,73.82963896,38.25057149,1
12:13:27,3.244999,3.24452,73.82376194,38.2493,1
12:13:28,3.244999,3.24452,73.81788492,38.24803829,1
12:13:29,3.244999,3.244519,73.8120079,38.24678957,1
12:13:30,3.244999,3.244518,73.80613089,38.24554086,1
12:13:31,3.244999,3.244518,73.80025387,38.2442981,1
12:13:32,3.244999,3.244517,73.79437685,38.2430613,1
12:13:33,3.244999,3.244516,73.78849983,38.24183047,1
12:13:34,3.244999,3.244515,73.78262281,38.24061155,1
12:13:35,3.244999,3.244515,73.7767458,38.23939562,1
12:13:36,3.244999,3.244514,73.77086878,38.23819458,1
12:13:37,3.244999,3.244514,73.76499,38.23699057,1
12:13:38,3.244999,3.244513,73.75911474,38.23579252,1
12:13:39,3.244999,3.244512,73.75323772,38.2346034,1
12:13:40,3.244999,3.244511,73.74736071,38.23342025,1
12:13:41,3.244999,3.244511,73.74148369,38.23224306,1
12:13:42,3.244999,3.24451,73.73560667,38.23108077,1
12:13:43,3.244999,3.244509,73.72972965,38.2299155,1
12:13:44,3.244999,3.244509,73.72385263,38.22875917,1
12:13:45,3.244999,3.244508,73.71797562,38.22760582,1
12:13:46,3.244999,3.244507,73.7120986,38.22646141,1
12:13:47,3.244999,3.244507,73.70622158,38.22531998,1
12:13:48,3.244999,3.244506,73.70034456,38.22418749,1
12:13:49,3.244999,3.244505,73.69446754,38.22306097,1
12:13:50,3.244999,3.244505,73.68859053,38.2219404,1
12:13:51,3.244999,3.244504,73.68271351,38.22082579,1
12:13:52,3.244999,3.244503,73.67683649,38.21972609,1
12:13:53,3.244999,3.244503,73.67096,38.21862936,1
12:13:54,3.244999,3.244502,73.66508245,38.21752965,1
12:13:55,3.244999,3.244502,73.65920544,38.21643889,1
12:13:56,3.244999,3.244501,73.65332842,38.21535,1
12:13:57,3.244999,3.244501,73.6474514,38.21426928,1
12:13:58,3.244999,3.2445,73.64157438,38.21320534,1
12:13:59,3.244999,3.244499,73.63569736,38.21213543,1
12:14:00,3.244999,3.244498,73.62982035,38.21107149,1
12:14:01,3.244999,3.244498,73.62394333,38.21001351,1
12:14:02,3.244999,3.244497,73.61806631,38.20897043,1
12:14:03,3.244999,3.244497,73.61218929,38.20792139,1
12:14:04,3.244999,3.244496,73.60631227,38.20689023,1
12:14:05,3.244999,3.244496,73.60043526,38.2058531,1
12:14:06,3.244999,3.244495,73.59455824,38.20482194,1
12:14:07,3.244999,3.244494,73.58868122,38.20379674,1
12:14:08,3.244999,3.244494,73.5828042,38.2027775,1
12:14:09,3.244999,3.244493,73.57693,38.20176423,1
12:14:10,3.244999,3.244493,73.57105017,38.20076585,1
12:14:11,3.244999,3.244492,73.56517315,38.19977045,1
12:14:12,3.244999,3.244492,73.55929613,38.19878101,1
12:14:13,3.244999,3.244491,73.55341911,38.19779754,1
12:14:14,3.244999,3.24449,73.5475421,38.19681108,1
12:14:15,3.244999,3.24449,73.54166508,38.1958276,1
12:14:16,3.244999,3.244489,73.53578806,38.19485307,1
12:14:17,3.244999,3.244489,73.52991104,38.19387853,1
12:14:18,3.244999,3.244488,73.52403402,38.19290996,1
12:14:19,3.244999,3.244488,73.51815701,38.19195926,1
12:14:20,3.244999,3.244487,73.51227999,38.19100261,1
12:14:21,3.244999,3.244487,73.50640297,38.19004893,1
12:14:22,3.244999,3.244486,73.50052595,38.1891042,1
12:14:23,3.244999,3.244486,73.49464893,38.18816245,1
12:14:24,3.244999,3.244485,73.48877192,38.18722665,1
12:14:25,3.244999,3.244485,73.48289,38.18629384,1
12:14:26,3.244999,3.244484,73.47701788,38.18536997,1
12:14:27,3.244999,3.244483,73.47114086,38.18445802,1
12:14:28,3.244999,3.244483,73.46526384,38.18354011,1
12:14:29,3.244999,3.244482,73.45938683,38.18263113,1
12:14:30,3.244999,3.244482,73.45350981,38.18172514,1
12:14:31,3.244999,3.244481,73.44763279,38.18082511,1
12:14:32,3.244999,3.244481,73.44175577,38.17993104,1
12:14:33,3.244999,3.24448,73.43587875,38.17903996,1
12:14:34,3.244999,3.24448,73.43000174,38.17815185,1
12:14:35,3.244999,3.244479,73.42412472,38.1772697,1
12:14:36,3.244999,3.244479,73.4182477,38.17639351,1
12:14:37,3.244999,3.244478,73.41237068,38.1755203,1
12:14:38,3.244999,3.244478,73.40649366,38.17466199,1
12:14:39,3.244999,3.244477,73.40061665,38.17380071,1
12:14:40,3.244999,3.244477,73.39473963,38.1729424,1
12:14:41,3.244999,3.244476,73.38886,38.17209899,1
12:14:42,3.244999,3.244476,73.38298559,38.17124963,1
12:14:43,3.244999,3.244475,73.37710857,38.17041516,1
12:14:44,3.244999,3.244475,73.37123156,38.16957176,1
12:14:45,3.244999,3.244474,73.36535454,38.16874325,1
12:14:46,3.244999,3.244474,73.35947752,38.16790879,1
12:14:47,3.244999,3.244473,73.3536005,38.16708028,1
12:14:48,3.244999,3.244473,73.34772348,38.16626668,1
12:14:49,3.244999,3.244473,73.34184647,38.16544414,1
12:14:50,3.244999,3.244472,73.33596945,38.16463351,1
12:14:51,3.244999,3.244472,73.33009243,38.16382289,1
12:14:52,3.244999,3.244471,73.32421541,38.16301823,1
12:14:53,3.244999,3.244471,73.31833839,38.16222548,1
12:14:54,3.244999,3.24447,73.31246138,38.1614387,1
12:14:55,3.244999,3.24447,73.30658436,38.16064298,1
12:14:56,3.244999,3.244469,73.30070734,38.15985322,1
12:14:57,3.244999,3.244469,73.29483,38.15906942,1
12:14:58,3.244999,3.244468,73.2889533,38.15829158,1
12:14:59,3.244999,3.244468,73.28307629,38.15751672,1
12:15:00,3.244999,3.244468,73.27719927,38.15674484,1
12:15:01,3.244999,3.244467,73.27132225,38.15598488,1
12:15:02,3.244999,3.244467,73.26544523,38.15522194,1
12:15:03,3.244999,3.244466,73.25956821,38.15446198,1
12:15:04,3.244999,3.244466,73.2536912,38.15371692,1
12:15:05,3.244999,3.244465,73.24781418,38.1529659,1
12:15:06,3.244999,3.244465,73.24193716,38.15222,1
12:15:07,3.244999,3.244464,73.23606014,38.15147579,1
12:15:08,3.244999,3.244464,73.23018312,38.15073669,1
12:15:09,3.244999,3.244464,73.22430611,38.15000057,1
12:15:10,3.244999,3.244463,73.21842909,38.14927936,1
12:15:11,3.244999,3.244463,73.21255207,38.1485492,1
12:15:12,3.244999,3.244462,73.20667505,38.147825,1
12:15:13,3.244999,3.244462,73.2008,38.14711273,1
12:15:14,3.244999,3.244462,73.19492102,38.14640343,1
12:15:15,3.244999,3.244461,73.189044,38.14568818,1
12:15:16,3.244999,3.244461,73.18316698,38.1449759,1
12:15:17,3.244999,3.24446,73.17728996,38.14427257,1
12:15:18,3.244999,3.24446,73.17141294,38.14356923,1
12:15:19,3.244999,3.244459,73.16553593,38.14287484,1
12:15:20,3.244999,3.244459,73.15965891,38.14218342,1
12:15:21,3.244999,3.244459,73.15378189,38.14149201,1
12:15:22,3.244999,3.244458,73.14790487,38.14080656,1
12:15:23,3.244999,3.244458,73.14202785,38.14012408,1
12:15:24,3.244999,3.244458,73.13615084,38.13944459,1
12:15:25,3.244,3.244457,73.13027382,38.12917769,1
12:15:26,3.244999,3.244373,73.1243968,38.12930882,1
12:15:27,3.244,3.244381,73.11851978,38.1197691,1
12:15:28,3.244,3.244305,73.11264277,38.11096251,1
12:15:29,3.244999,3.244236,73.10677,38.1124258,1
12:15:30,3.244,3.244258,73.10088873,38.10407221,1
12:15:31,3.244,3.244194,73.09501171,38.09633,1
12:15:32,3.244,3.244136,73.08913469,38.08915019,1
12:15:33,3.244,3.244084,73.08325768,38.08246851,1
12:15:34,3.244,3.244037,73.07738066,38.07623386,1
12:15:35,3.244,3.243994,73.07150364,38.07040751,1
12:15:36,3.244,3.243957,73.06562662,38.06494474,1
12:15:37,3.244,3.243922,73.0597496,38.05981278,1
12:15:38,3.244,3.243891,73.05387259,38.05497885,1
12:15:39,3.244,3.243863,73.04799557,38.05041313,1
12:15:40,3.244,3.243838,73.04211855,38.04608881,1
12:15:41,3.244,3.243815,73.03624153,38.04198802,1
12:15:42,3.244,3.243795,73.03036451,38.03808093,1
12:15:43,3.244,3.243776,73.0244875,38.03435564,1
12:15:44,3.244,3.243759,73.01861048,38.03079426,1
12:15:45,3.243,3.243744,73.01273,38.01775873,1
12:15:46,3.244,3.243647,73.00685644,38.01527321,1
12:15:47,3.243,3.243642,73.00097942,38.00322711,1
12:15:48,3.243,3.243555,72.99510241,37.99201846,1
12:15:49,3.243,3.243476,72.98922539,37.98156679,1
12:15:50,3.243,3.243405,72.98334837,37.97179759,1
12:15:51,3.243,3.243341,72.97747135,37.96264231,1
12:15:52,3.243,3.243284,72.97159433,37.9540354,1
12:15:53,3.243,3.243232,72.96571732,37.94593215,1
12:15:54,3.243,3.243185,72.9598403,37.93827891,1
12:15:55,3.243,3.243142,72.95396328,37.93103397,1
12:15:56,3.243,3.243104,72.94808626,37.92415559,1
12:15:57,3.242,3.243069,72.94220924,37.90799379,1
12:15:58,3.243,3.242954,72.93633223,37.90255487,1
12:15:59,3.243,3.242935,72.93045521,37.89730668,1
12:16:00,3.242,3.242917,72.92457819,37.88261,1
12:16:01,3.242,3.242817,72.9187,37.86888,1
12:16:02,3.242,3.242727,72.91282415,37.85601258,1
12:16:03,3.242,3.242646,72.90694714,37.84392476,1
12:16:04,3.242,3.242572,72.90107012,37.83253133,1
12:16:05,3.242,3.242506,72.8951931,37.82178462,1
12:16:06,3.242,3.242446,72.88931608,37.81160414,1
12:16:07,3.242,3.242393,72.88343906,37.80194819,1
12:16:08,3.242,3.242344,72.87756205,37.79276013,1
12:16:09,3.242,3.2423,72.87168503,37.78398931,1
12:16:10,3.242,3.24226,72.86580801,37.7756089,1
12:16:11,3.241,3.242224,72.85993099,37.75793016,1
12:16:12,3.241,3.242108,72.85405397,37.74136901,1
12:16:13,3.241,3.242003,72.84817696,37.72581518,1
12:16:14,3.241,3.241909,72.84229994,37.71115541,1
12:16:15,3.241,3.241823,72.83642292,37.6973331,1
12:16:16,3.241,3.241746,72.8305459,37.68425,1
12:16:17,3.241,3.241677,72.82467,37.67183423,1
12:16:18,3.241,3.241615,72.81879187,37.66002059,1
12:16:19,3.241,3.241558,72.81291485,37.64875531,1
12:16:20,3.241,3.241506,72.80703783,37.63798773,1
12:16:21,3.241,3.24146,72.80116081,37.62765527,1
12:16:22,3.241,3.241418,72.79528379,37.61773705,1
12:16:23,3.241,3.241379,72.78940678,37.60818243,1
12:16:24,3.241,3.241345,72.78352976,37.59896755,1
12:16:25,3.24,3.241313,72.77765274,37.58037388,1
12:16:26,3.24,3.241202,72.77177572,37.56286204,1
12:16:27,3.24,3.241101,72.7658987,37.54634261,1
12:16:28,3.24,3.241009,72.76002169,37.53071,1
12:16:29,3.24,3.240927,72.75414467,37.51584888,1
12:16:30,3.24,3.240853,72.74826765,37.50172555,1
12:16:31,3.24,3.240785,72.74239063,37.48824894,1
12:16:32,3.24,3.240725,72.73651361,37.47535646,1
12:16:33,3.24,3.240669,72.73064,37.463,1
12:16:34,3.24,3.240619,72.72475958,37.45112419,1
12:16:35,3.24,3.240574,72.71888256,37.43968308,1
12:16:36,3.24,3.240533,72.71300554,37.42863834,1
12:16:37,3.239,3.240496,72.70712852,37.40826845,1
12:16:38,3.24,3.240379,72.70125151,37.39872277,1
12:16:39,3.24,3.240356,72.69537449,37.38939166,1
12:16:40,3.239,3.240335,72.68949747,37.37056851,1
12:16:41,3.239,3.240233,72.68362045,37.35271096,1
12:16:42,3.239,3.240141,72.67774343,37.33576834,1
12:16:43,3.239,3.240057,72.67186642,37.31963336,1
12:16:44,3.239,3.239982,72.6659894,37.30422854,1
12:16:45,3.239,3.239914,72.66011238,37.28947043,1
12:16:46,3.239,3.239852,72.65423536,37.27532625,1
12:16:47,3.239,3.239796,72.64835835,37.26172447,1
12:16:48,3.239,3.239745,72.64248133,37.24861443,1
12:16:49,3.239,3.239699,72.6366,37.23595142,1
12:16:50,3.239,3.239657,72.63072729,37.22369075,1
12:16:51,3.239,3.239619,72.62485027,37.2118026,1
12:16:52,3.239,3.239584,72.61897326,37.20024824,1
12:16:53,3.239,3.239552,72.61309624,37.18900084,1
12:16:54,3.239,3.239524,72.60721922,37.17803359,1
12:16:55,3.239,3.239497,72.6013422,37.16732264,1
12:16:56,3.239,3.239473,72.59546518,37.15683818,1
12:16:57,3.239,3.239451,72.58958817,37.14657724,1
12:16:58,3.239,3.23943,72.58371115,37.13651597,1
12:16:59,3.239,3.239411,72.57783413,37.12664,1
12:17:00,3.239,3.239394,72.57195711,37.11692691,1
12:17:01,3.239,3.239378,72.56608009,37.10737,1
12:17:02,3.238,3.239363,72.56020308,37.08823323,1
12:17:03,3.238,3.239266,72.55432606,37.07003891,1
12:17:04,3.238,3.239178,72.54844904,37.05269694,1
12:17:05,3.238,3.239099,72.54257,37.03610599,1
12:17:06,3.238,3.239027,72.536695,37.02021539,1
12:17:07,3.238,3.238962,72.53081799,37.00497746,1
12:17:08,3.238,3.238903,72.52494097,36.99030876,1
12:17:09,3.238,3.23885,72.51906395,36.97614372,1
12:17:10,3.238,3.238801,72.51318693,36.96247041,1
12:17:11,3.238,3.238757,72.50730991,36.94922328,1
12:17:12,3.238,3.238717,72.5014329,36.93636656,1
12:17:13,3.238,3.23868,72.49555588,36.92385554,1
12:17:14,3.238,3.238647,72.48967886,36.91168129,1
12:17:15,3.238,3.238616,72.48380184,36.89979911,1
12:17:16,3.238,3.238588,72.47792482,36.88818216,1
12:17:17,3.238,3.238563,72.47204781,36.87681556,1
12:17:18,3.238,3.238539,72.46617079,36.86568439,1
12:17:19,3.238,3.238517,72.46029377,36.8547678,1
12:17:20,3.238,3.238497,72.45441675,36.84404194,1
12:17:21,3.238,3.238479,72.44854,36.83349788,1
12:17:22,3.238,3.238462,72.44266272,36.82311773,1
12:17:23,3.238,3.238446,72.4367857,36.81288362,1
12:17:24,3.238,3.238431,72.43090868,36.80279553,1
12:17:25,3.238,3.238418,72.42503166,36.79284751,1
12:17:26,3.238,3.238405,72.41915464,36.78302467,1
12:17:27,3.238,3.238393,72.41327763,36.77332103,1
12:17:28,3.238,3.238382,72.40740061,36.7637217,1
12:17:29,3.238,3.238371,72.40152359,36.75422966,1
12:17:30,3.238,3.238361,72.39564657,36.74483597,1
12:17:31,3.238,3.238351,72.38976955,36.73552871,1
12:17:32,3.238,3.238342,72.38389254,36.72631979,1
12:17:33,3.238,3.238333,72.37801552,36.71719134,1
12:17:34,3.238,3.238325,72.3721385,36.70814335,1
12:17:35,3.238,3.238317,72.36626148,36.69916987,1
12:17:36,3.238,3.23831,72.36038446,36.6902709,1
12:17:37,3.238,3.238303,72.35451,36.68144047,1
12:17:38,3.238,3.238296,72.34863043,36.67267561,1
12:17:39,3.238,3.238289,72.34275341,36.66398227,1
12:17:40,3.238,3.238282,72.33687639,36.65535152,1
12:17:41,3.238,3.238276,72.33099937,36.64678633,1
12:17:42,3.238,3.23827,72.32512236,36.63827479,1
12:17:43,3.238,3.238264,72.31924534,36.62982583,1
12:17:44,3.238,3.238258,72.31336832,36.6214335,1
12:17:45,3.238,3.238252,72.3074913,36.61309481,1
12:17:46,3.238,3.238247,72.30161428,36.60480678,1
12:17:47,3.238,3.238241,72.29573727,36.59658134,1
12:17:48,3.238,3.238236,72.28986025,36.58840656,1
12:17:49,3.238,3.23823,72.28398323,36.58028245,1
12:17:50,3.238,3.238225,72.27810621,36.57220602,1
12:17:51,3.238,3.23822,72.27222919,36.56418324,1
12:17:52,3.238,3.238215,72.26635218,36.55620515,1
12:17:53,3.238,3.23821,72.26048,36.54827774,1
12:17:54,3.238,3.238205,72.25459814,36.540398,1
12:17:55,3.238,3.2382,72.24872112,36.53256297,1
12:17:56,3.238,3.238196,72.2428441,36.52477562,1
12:17:57,3.238,3.238191,72.23696709,36.51703596,1
12:17:58,3.238,3.238186,72.23109007,36.509341,1
12:17:59,3.238,3.238182,72.22521305,36.50169,1
12:18:00,3.238,3.238177,72.21933603,36.49409115,1
12:18:01,3.238,3.238173,72.21345901,36.48653,1
12:18:02,3.238,3.238168,72.207582,36.47901416,1
12:18:03,3.238,3.238164,72.20170498,36.47154272,1
12:18:04,3.238,3.238159,72.19582796,36.46411002,1
12:18:05,3.238,3.238155,72.18995094,36.456725,1
12:18:06,3.238,3.238151,72.18407393,36.44938171,1
12:18:07,3.238,3.238146,72.17819691,36.44207716,1
12:18:08,3.238,3.238142,72.17231989,36.43481731,1
12:18:09,3.238,3.238138,72.16644,36.42759919,1
12:18:10,3.238,3.238134,72.16056585,36.42041981,1
12:18:11,3.238,3.238129,72.15468884,36.41328216,1
12:18:12,3.238,3.238125,72.14881182,36.4061892,1
12:18:13,3.238,3.238121,72.1429348,36.39913201,1
12:18:14,3.238,3.238117,72.13705778,36.39212,1
12:18:15,3.238,3.238112,72.13118076,36.38514578,1
12:18:16,3.238,3.238109,72.12530375,36.37821376,1
12:18:17,3.238,3.238105,72.11942673,36.37132049,1
12:18:18,3.238,3.238101,72.11354971,36.36446297,1
12:18:19,3.238,3.238096,72.10767269,36.35764718,1
12:18:20,3.238,3.238092,72.10179567,36.35087311,1
12:18:21,3.238,3.238089,72.09591866,36.34413481,1
12:18:22,3.238,3.238085,72.09004164,36.33743525,1
12:18:23,3.238,3.238081,72.08416462,36.33077145,1
12:18:24,3.238,3.238077,72.0782876,36.32414341,1
12:18:25,3.238,3.238073,72.07241,36.3175571,1
12:18:26,3.238,3.238069,72.06653357,36.31100655,1
12:18:27,3.238,3.238065,72.06065655,36.30449474,1
12:18:28,3.238,3.238062,72.05477953,36.29801869,1
12:18:29,3.238,3.238058,72.04890251,36.29158139,1
12:18:30,3.238,3.238054,72.04302549,36.28517985,1
12:18:31,3.238,3.23805,72.03714848,36.27881408,1
12:18:32,3.238,3.238047,72.03127146,36.27248406,1
12:18:33,3.238,3.238043,72.02539444,36.26618981,1
12:18:34,3.238,3.238039,72.01951742,36.25993133,1
12:18:35,3.238,3.238036,72.0136404,36.25371158,1
12:18:36,3.238,3.238032,72.00776339,36.24752462,1
12:18:37,3.238,3.238029,72.00188637,36.24137342,1
12:18:38,3.238,3.238025,71.99600935,36.23525798,1
12:18:39,3.238,3.238021,71.99013233,36.22917831,1
12:18:40,3.238,3.238018,71.98425531,36.2231344,1
12:18:41,3.238,3.238014,71.97838,36.21712625,1
12:18:42,3.238,3.238011,71.97250128,36.2111479,1
12:18:43,3.238,3.238007,71.96662426,36.20520234,1
12:18:44,3.238,3.238004,71.96074724,36.19929254,1
12:18:45,3.238,3.238,71.95487022,36.19342148,1
12:18:46,3.238,3.237997,71.94899321,36.18758023,1
12:18:47,3.238,3.237993,71.94311619,36.18177176,1
12:18:48,3.238,3.23799,71.93723917,36.17599607,1
12:18:49,3.238,3.237987,71.93136215,36.17025316,1
12:18:50,3.238,3.237983,71.92548513,36.16454303,1
12:18:51,3.238,3.23798,71.91960812,36.15886569,1
12:18:52,3.238,3.237976,71.9137311,36.15322411,1
12:18:53,3.238,3.237973,71.90785408,36.14761233,1
12:18:54,3.238,3.23797,71.90197706,36.14203632,1
12:18:55,3.238,3.237967,71.89610004,36.13649011,1
12:18:56,3.238,3.237963,71.89022303,36.13097668,1
12:18:57,3.238,3.23796,71.88435,36.12549305,1
12:18:58,3.238,3.237957,71.87846899,36.1200422,1
12:18:59,3.238,3.237953,71.87259197,36.11462414,1
12:19:00,3.238,3.23795,71.86671495,36.10923588,1
12:19:01,3.238,3.237947,71.86083794,36.10387743,1
12:19:02,3.238,3.237944,71.85496092,36.09855175,1
12:19:03,3.238,3.237941,71.8490839,36.0932529,1
12:19:04,3.238,3.237938,71.84320688,36.08798683,1
12:19:05,3.238,3.237935,71.83732986,36.08275056,1
12:19:06,3.238,3.237931,71.83145285,36.07754409,1
12:19:07,3.238,3.237929,71.82557583,36.07236445,1
12:19:08,3.238,3.237926,71.81969881,36.06721759,1
12:19:09,3.238,3.237922,71.81382179,36.06210351,1
12:19:10,3.238,3.237919,71.80794477,36.05701625,1
12:19:11,3.238,3.237916,71.80206776,36.0519588,1
12:19:12,3.238,3.237913,71.79619074,36.04693115,1
12:19:13,3.238,3.237911,71.79031,36.04193032,1
12:19:14,3.238,3.237907,71.7844367,36.03695929,1
12:19:15,3.238,3.237905,71.77855968,36.03201509,1
12:19:16,3.238,3.237902,71.77268267,36.0270977,1
12:19:17,3.238,3.237898,71.76680565,36.02221608,1
12:19:18,3.238,3.237896,71.76092863,36.0173583,1
12:19:19,3.238,3.237893,71.75505161,36.01253033,1
12:19:20,3.238,3.23789,71.74917459,36.00772619,1
12:19:21,3.238,3.237887,71.74329758,36.00295186,1
12:19:22,3.238,3.237884,71.73742056,35.99820733,1
12:19:23,3.238,3.237881,71.73154354,35.99348664,1
12:19:24,3.238,3.237879,71.72566652,35.98879278,1
12:19:25,3.238,3.237876,71.71978951,35.98412871,1
12:19:26,3.238,3.237873,71.71391249,35.97948849,1
12:19:27,3.238,3.23787,71.70803547,35.97487807,1
12:19:28,3.238,3.237868,71.70215845,35.9702915,1
12:19:29,3.238,3.237865,71.69628,35.96573472,1
12:19:30,3.238,3.237862,71.69040442,35.96120179,1
12:19:31,3.238,3.237859,71.6845274,35.95669568,1
12:19:32,3.238,3.237857,71.67865038,35.95221639,1
12:19:33,3.238,3.237854,71.67277336,35.94776392,1
12:19:34,3.238,3.237851,71.66689634,35.94333529,1
12:19:35,3.238,3.237849,71.66101933,35.93893349,1
12:19:36,3.238,3.237846,71.65514231,35.93455553,1
12:19:37,3.238,3.237844,71.64926529,35.93020439,1
12:19:38,3.238,3.237841,71.64338827,35.92587709,1
12:19:39,3.238,3.237838,71.63751125,35.9215796,1
12:19:40,3.238,3.237836,71.63163424,35.91730297,1
12:19:41,3.238,3.237833,71.62575722,35.91305017,1
12:19:42,3.237,3.237831,71.6198802,35.89908481,1
12:19:43,3.238,3.237745,71.61400318,35.89568734,1
12:19:44,3.238,3.237751,71.60812616,35.89223325,1
12:19:45,3.238,3.237756,71.60225,35.88873148,1
12:19:46,3.238,3.23776,71.59637213,35.88518798,1
12:19:47,3.238,3.237764,71.59049511,35.88160872,1
12:19:48,3.238,3.237767,71.58461809,35.87800264,1
12:19:49,3.238,3.237769,71.57874107,35.87436974,1
12:19:50,3.238,3.237771,71.57286406,35.87071896,1
12:19:51,3.238,3.237773,71.56698704,35.86705029,1
12:19:52,3.238,3.237774,71.56111002,35.86337864,1
12:19:53,3.238,3.237775,71.555233,35.85969508,1
12:19:54,3.238,3.237775,71.54935598,35.85600853,1
12:19:55,3.238,3.237775,71.54347897,35.85231602,1
12:19:56,3.238,3.237775,71.53760195,35.84862351,1
12:19:57,3.238,3.237775,71.53172493,35.84493697,1
12:19:58,3.238,3.237775,71.52584791,35.8412534,1
12:19:59,3.238,3.237774,71.51997089,35.83757877,1
12:20:00,3.238,3.237773,71.51409388,35.83391011,1
12:20:01,3.237,3.237772,71.50822,35.82053483,1
12:20:02,3.238,3.237689,71.50233984,35.81768572,1
12:20:03,3.238,3.237695,71.49646282,35.81477404,1
12:20:04,3.238,3.237702,71.4905858,35.8117938,1
12:20:05,3.238,3.237707,71.48470879,35.80876291,1
12:20:06,3.238,3.237712,71.47883177,35.80568731,1
12:20:07,3.238,3.237715,71.47295475,35.80257595,1
12:20:08,3.238,3.237719,71.46707773,35.79943478,1
12:20:09,3.238,3.237721,71.46120071,35.79626381,1
12:20:10,3.237,3.237724,71.4553237,35.78335941,1
12:20:11,3.238,3.237643,71.44944668,35.78095138,1
12:20:13,3.237,3.237653,71.44356966,35.76873839,1
12:20:13,3.237,3.237578,71.43769264,35.75724661,1
12:20:14,3.238,3.237512,71.43181562,35.75611,1
12:20:15,3.237,3.237534,71.42593861,35.74505,1
12:20:16,3.238,3.237471,71.42006159,35.74430645,1
12:20:17,3.238,3.237497,71.41418,35.74331403,1
12:20:18,3.237,3.23752,71.40830755,35.73238552,1
12:20:19,3.238,3.237458,71.40243053,35.73177159,1
12:20:20,3.237,3.237485,71.39655352,35.72118878,1
12:20:21,3.237,3.237426,71.3906765,35.7111752,1
12:20:22,3.238,3.237372,71.38479948,35.71139276,1
12:20:23,3.237,3.237407,71.37892246,35.70155799,1
12:20:24,3.238,3.237355,71.37304544,35.70195138,1
12:20:25,3.237,3.237391,71.36716843,35.69227159,1
12:20:26,3.238,3.23734,71.36129141,35.69279611,1
12:20:27,3.238,3.237377,71.35541439,35.692963,1
12:20:28,3.238,3.23741,71.34953737,35.69281399,1
12:20:29,3.238,3.237439,71.34366035,35.6923908,1
12:20:30,3.237,3.237466,71.33778334,35.68199575,1
12:20:31,3.237,3.237406,71.33190632,35.67216992,1
12:20:32,3.237,3.237353,71.3260293,35.6628716,1
12:20:33,3.237,3.237304,71.32015,35.65404117,1
12:20:34,3.237,3.237261,71.31427526,35.64563394,1
12:20:35,3.237,3.237221,71.30839825,35.63761115,1
12:20:36,3.237,3.237185,71.30252123,35.62993407,1
12:20:37,3.237,3.237153,71.29664421,35.62256992,1
12:20:38,3.237,3.237123,71.29076719,35.61549187,1
12:20:39,3.237,3.237097,71.28489017,35.60867,1
12:20:40,3.237,3.237072,71.27901316,35.60208976,1
12:20:41,3.237,3.237051,71.27313614,35.59572101,1
12:20:42,3.237,3.237031,71.26725912,35.58954597,1
12:20:43,3.237,3.237012,71.2613821,35.58354974,1
12:20:44,3.237,3.236995,71.25550508,35.57771444,1
12:20:46,3.237,3.23698,71.24962807,35.57202816,1
12:20:46,3.237,3.236966,71.24375105,35.56647897,1
12:20:47,3.237,3.236953,71.23787403,35.56105196,1
12:20:48,3.237,3.236942,71.23199701,35.55573523,1
12:20:49,3.237,3.236931,71.22612,35.55052876,1
12:20:50,3.237,3.236921,71.22024298,35.54541469,1
12:20:51,3.237,3.236912,71.21436596,35.54039,1
12:20:52,3.237,3.236903,71.20848894,35.53544879,1
12:20:53,3.237,3.236895,71.20261192,35.53058505,1
12:20:54,3.237,3.236888,71.19673491,35.52579284,1
12:20:55,3.237,3.236881,71.19085789,35.52106619,1
12:20:56,3.237,3.236875,71.18498087,35.51640511,1
12:20:57,3.237,3.236868,71.17910385,35.51180065,1
12:20:58,3.237,3.236863,71.17322683,35.50724983,1
12:20:59,3.237,3.236857,71.16734982,35.50275564,1
12:21:00,3.237,3.236853,71.1614728,35.49830616,1
12:21:01,3.237,3.236848,71.15559578,35.49390435,1
12:21:02,3.237,3.236843,71.14971876,35.48954725,1
12:21:03,3.237,3.236839,71.14384174,35.4852289,1
12:21:04,3.237,3.236835,71.13796473,35.48095524,1
12:21:05,3.237,3.236831,71.13209,35.47671735,1
12:21:07,3.237,3.236827,71.12621069,35.47251523,1
12:21:07,3.237,3.236823,71.12033367,35.46835184,1
12:21:08,3.237,3.23682,71.11445665,35.46422124,1
12:21:09,3.237,3.236817,71.10857964,35.46012342,1
12:21:10,3.237,3.236813,71.10270262,35.4560554,1
12:21:11,3.237,3.23681,71.0968256,35.45201719,1
12:21:12,3.237,3.236807,71.09094858,35.44801474,1
12:21:13,3.237,3.236804,71.08507156,35.44403911,1
12:21:14,3.237,3.236801,71.07919455,35.4400903,1
12:21:16,3.237,3.236798,71.07331753,35.43617129,1
12:21:16,3.237,3.236795,71.06744051,35.43227613,1
12:21:17,3.237,3.236792,71.06156349,35.42841077,1
12:21:18,3.237,3.23679,71.05568647,35.42456925,1
12:21:20,3.237,3.236787,71.04980946,35.42075157,1
12:21:20,3.237,3.236784,71.04393244,35.41696072,1
12:21:21,3.237,3.236782,71.03806,35.4131937,1
12:21:22,3.237,3.236779,71.0321784,35.40945351,1
12:21:23,3.237,3.236777,71.02630138,35.40573,1
12:21:25,3.237,3.236775,71.02042437,35.40203869,1
12:21:25,3.237,3.236772,71.01454735,35.39837301,1
12:21:26,3.237,3.23677,71.00867033,35.39472818,1
12:21:27,3.237,3.236767,71.00279331,35.39110422,1
12:21:29,3.237,3.236765,70.99691629,35.38750112,1
12:21:29,3.237,3.236763,70.99103928,35.38391888,1
12:21:30,3.237,3.236761,70.98516226,35.3803575,1
12:21:31,3.237,3.236758,70.97928524,35.37681997,1
12:21:33,3.237,3.236756,70.97340822,35.37331,1
12:21:33,3.237,3.236754,70.9675312,35.36981046,1
12:21:34,3.237,3.236752,70.96165419,35.36633551,1
12:21:35,3.237,3.23675,70.95577717,35.36288142,1
12:21:37,3.237,3.236747,70.94990015,35.35945117,1
12:21:38,3.237,3.236745,70.94402,35.35604179,1
12:21:38,3.237,3.236743,70.93814611,35.35265326,1
12:21:39,3.236,3.236741,70.9322691,35.33960283,1
12:21:41,3.236,3.236656,70.92639208,35.32737195,1
12:21:42,3.237,3.23658,70.92051506,35.32555997,1
12:21:42,3.236,3.236594,70.91463804,35.31392217,1
12:21:43,3.236,3.236524,70.90876102,35.30296683,1
12:21:44,3.236,3.23646,70.90288401,35.29263437,1
12:21:46,3.236,3.236403,70.89700699,35.28285325,1
12:21:47,3.236,3.236351,70.89112997,35.2735728,1
12:21:47,3.236,3.236305,70.88525295,35.26474535,1
12:21:48,3.236,3.236263,70.87937593,35.25632024,1
12:21:50,3.236,3.236224,70.87349892,35.24826765,1
12:21:51,3.236,3.23619,70.8676219,35.24054885,1
12:21:51,3.236,3.236158,70.86174488,35.23313999,1
12:21:53,3.235,3.23613,70.85586786,35.21631658,1
12:21:54,3.236,3.236022,70.84999,35.21023,1
12:21:55,3.235,3.236007,70.84411383,35.19458175,1
12:21:56,3.235,3.23591,70.83823681,35.17988622,1
12:21:56,3.235,3.235824,70.83235979,35.16602814,1
12:21:57,3.235,3.235745,70.82648277,35.15292704,1
12:21:59,3.235,3.235675,70.82060575,35.14051139,1
12:22:00,3.235,3.235611,70.81472874,35.12871265,1
12:22:00,3.235,3.235553,70.80885172,35.11747122,1
12:22:01,3.235,3.235501,70.8029747,35.1067394,1
12:22:03,3.235,3.235454,70.79709768,35.09646058,1
12:22:04,3.235,3.235411,70.79122066,35.08654535,1
12:22:05,3.235,3.235372,70.78534365,35.07696688,1
12:22:05,3.235,3.235337,70.77946663,35.0677073,1
12:22:07,3.235,3.235305,70.77358961,35.05874276,1
12:22:08,3.235,3.235276,70.76771259,35.05004644,1
12:22:09,3.235,3.23525,70.76183558,35.04160345,1
12:22:09,3.235,3.235225,70.75596,35.03339589,1
12:22:11,3.234,3.235203,70.75008154,35.01500487,1
12:22:12,3.235,3.2351,70.74420452,35.00806987,1
12:22:13,3.234,3.23509,70.7383275,34.99062657,1
12:22:13,3.234,3.234994,70.73245049,34.97405648,1
12:22:14,3.234,3.234908,70.72657347,34.95829701,1
12:22:16,3.234,3.23483,70.72069645,34.94330347,1
12:22:17,3.234,3.23476,70.71481943,34.92901027,1
12:22:18,3.234,3.234696,70.70894241,34.91537273,1
12:22:18,3.234,3.234638,70.7030654,34.90234613,1
12:22:20,3.234,3.234587,70.69718838,34.8898977,1
12:22:21,3.234,3.23454,70.69131136,34.87804234,1
12:22:22,3.234,3.234497,70.68543434,34.8667115,1
12:22:22,3.233,3.234458,70.67955732,34.84497,1
12:22:24,3.233,3.234339,70.67368031,34.82464254,1
12:22:25,3.233,3.234232,70.66780329,34.80556011,1
12:22:26,3.233,3.234135,70.66193,34.78758931,1
12:22:27,3.233,3.234048,70.65604925,34.77061093,1
12:22:28,3.233,3.233968,70.65017223,34.75452363,1
12:22:29,3.233,3.233897,70.64429522,34.73922908,1
12:22:30,3.233,3.233833,70.6384182,34.72464681,1
12:22:31,3.233,3.233775,70.63254118,34.71069932,1
12:22:31,3.233,3.233722,70.62666416,34.69732702,1
12:22:33,3.233,3.233674,70.62078714,34.68447328,1
12:22:34,3.232,3.233631,70.61491013,34.66176689,1
12:22:35,3.232,3.233507,70.60903311,34.64036882,1
12:22:35,3.232,3.233396,70.60315609,34.62014794,1
12:22:37,3.232,3.233296,70.59727907,34.60097909,1
12:22:38,3.232,3.233206,70.59140205,34.58275795,1
12:22:39,3.232,3.233124,70.58552504,34.56539512,1
12:22:40,3.232,3.23305,70.57964802,34.54880714,1
12:22:41,3.232,3.232983,70.573771,34.53291357,1
12:22:42,3.232,3.232922,70.56789,34.5176518,1
12:22:43,3.232,3.232867,70.56201696,34.50296223,1
12:22:44,3.232,3.232817,70.55613995,34.48879123,1
12:22:44,3.232,3.232771,70.55026293,34.4750911,1
12:22:46,3.232,3.232729,70.54438591,34.46182013,1
12:22:47,3.232,3.232692,70.53850889,34.44893956,1
12:22:48,3.232,3.232657,70.53263187,34.43642,1
12:22:49,3.232,3.232625,70.52675486,34.42421556,1
12:22:50,3.230999,3.232596,70.52087784,34.4021976,1
12:22:51,3.230999,3.232486,70.51500082,34.38130021,1
12:22:52,3.230999,3.232387,70.5091238,34.36141014,1
12:22:53,3.230999,3.232297,70.50324678,34.342435,1
12:22:54,3.230999,3.232216,70.49736977,34.32428539,1
12:22:55,3.230999,3.232142,70.49149275,34.30688381,1
12:22:56,3.230999,3.232075,70.48561573,34.29016173,1
12:22:57,3.230999,3.232015,70.47973871,34.27405357,1
12:22:58,3.230999,3.23196,70.47386,34.2585057,1
12:22:59,3.230999,3.23191,70.46798468,34.24346149,1
12:23:00,3.230999,3.231864,70.46210766,34.22888219,1
12:23:01,3.230999,3.231822,70.45623064,34.21472609,1
12:23:02,3.230999,3.231784,70.45035362,34.20095,1
12:23:03,3.230999,3.231749,70.4444766,34.18753743,1
12:23:04,3.230999,3.231718,70.43859959,34.17443931,1
12:23:05,3.230999,3.231688,70.43272257,34.16164219,1
12:23:06,3.230999,3.231661,70.42684555,34.14911628,1
12:23:07,3.230999,3.231636,70.42096853,34.13684368,1
12:23:08,3.230999,3.231613,70.41509151,34.12480354,1
12:23:09,3.230999,3.231592,70.4092145,34.11298096,1
12:23:10,3.230999,3.231572,70.40333748,34.10135806,1
12:23:11,3.230999,3.231553,70.39746046,34.0899229,1
12:23:12,3.230999,3.231536,70.39158344,34.07866359,1
12:23:13,3.230999,3.23152,70.38570642,34.0675652,1
12:23:14,3.230999,3.231505,70.37983,34.05662179,1
12:23:15,3.230999,3.231491,70.37395239,34.04582143,1
12:23:16,3.230999,3.231477,70.36807537,34.03515816,1
12:23:17,3.230999,3.231465,70.36219835,34.02462304,1
12:23:18,3.230999,3.231452,70.35632133,34.0142101,1
12:23:19,3.230999,3.231441,70.35044432,34.00391042,1
12:23:20,3.230999,3.23143,70.3445673,33.99372,1
12:23:21,3.230999,3.23142,70.33869028,33.98363888,1
12:23:22,3.230999,3.23141,70.33281326,33.97365808,1
12:23:23,3.230999,3.2314,70.32693624,33.96377265,1
12:23:24,3.230999,3.231391,70.32105923,33.95397961,1
12:23:25,3.230999,3.231382,70.31518221,33.94427896,1
12:23:26,3.230999,3.231374,70.30930519,33.93466473,1
12:23:27,3.230999,3.231365,70.30342817,33.92513394,1
12:23:28,3.230999,3.231357,70.29755116,33.91568661,1
12:23:29,3.230999,3.231349,70.29167414,33.90631676,1
12:23:30,3.230999,3.231342,70.2858,33.89702141,1
12:23:31,3.230999,3.231334,70.2799201,33.88780057,1
12:23:32,3.230999,3.231327,70.27404308,33.87865722,1
12:23:33,3.230999,3.23132,70.26816607,33.86958539,1
12:23:34,3.230999,3.231313,70.26228905,33.86058211,1
12:23:35,3.230999,3.231306,70.25641203,33.85165036,1
12:23:36,3.230999,3.231299,70.25053501,33.84278417,1
12:23:37,3.230999,3.231293,70.24465799,33.83398354,1
12:23:38,3.230999,3.231286,70.23878098,33.82525146,1
12:23:39,3.230999,3.23128,70.23290396,33.81658196,1
12:23:40,3.230999,3.231274,70.22702694,33.80797505,1
12:23:41,3.230999,3.231267,70.22114992,33.79943073,1
12:23:42,3.230999,3.231261,70.2152729,33.79094899,1
12:23:43,3.230999,3.231255,70.20939589,33.78252685,1
12:23:44,3.230999,3.231249,70.20351887,33.7741673,1
12:23:45,3.230999,3.231243,70.19764185,33.76586735,1
12:23:46,3.230999,3.231237,70.19176,33.75762701,1
12:23:47,3.230999,3.231232,70.18588781,33.74944329,1
12:23:48,3.230999,3.231226,70.1800108,33.74131918,1
12:23:49,3.230999,3.23122,70.17413378,33.73324871,1
12:23:50,3.230999,3.231215,70.16825676,33.72523785,1
12:23:51,3.230999,3.231209,70.16237974,33.71728063,1
12:23:52,3.230999,3.231204,70.15650272,33.70937705,1
12:23:53,3.230999,3.231198,70.15062571,33.70153308,1
12:23:54,3.230999,3.231193,70.14474869,33.69373977,1
12:23:55,3.230999,3.231187,70.13887167,33.68600309,1
12:23:56,3.230999,3.231182,70.13299465,33.67831707,1
12:23:57,3.230999,3.231176,70.12711763,33.67068768,1
12:23:58,3.230999,3.231171,70.12124062,33.66310894,1
12:23:59,3.230999,3.231166,70.1153636,33.65558386,1
12:24:00,3.230999,3.231161,70.10948658,33.64811,1
12:24:01,3.230999,3.231156,70.10360956,33.64068568,1
12:24:02,3.230999,3.23115,70.09773,33.63331556,1
12:24:03,3.230999,3.231145,70.09185553,33.62599313,1
12:24:04,3.230999,3.23114,70.08597851,33.61872137,1
12:24:05,3.230999,3.231135,70.08010149,33.61150026,1
12:24:06,3.230999,3.23113,70.07422447,33.60432982,1
12:24:07,3.230999,3.231125,70.06834745,33.59720707,1
12:24:08,3.230999,3.231121,70.06247044,33.590132,1
12:24:09,3.230999,3.231116,70.05659342,33.58310461,1
12:24:10,3.230999,3.231111,70.0507164,33.57612789,1
12:24:11,3.230999,3.231106,70.04483938,33.56920183,1
12:24:12,3.230999,3.231101,70.03896236,33.56232047,1
12:24:13,3.230999,3.231097,70.03308535,33.55548382,1
12:24:14,3.230999,3.231092,70.02720833,33.54869485,1
12:24:15,3.230999,3.231087,70.02133131,33.54195058,1
12:24:16,3.230999,3.231082,70.01545429,33.535254,1
12:24:17,3.230999,3.231078,70.00957727,33.52860212,1
12:24:18,3.230999,3.231073,70.0037,33.52199793,1
12:24:19,3.230999,3.231069,69.99782324,33.51543844,1
12:24:20,3.230999,3.231064,69.99194622,33.50892365,1
12:24:21,3.230999,3.23106,69.9860692,33.50245357,1
12:24:22,3.230999,3.231055,69.98019218,33.49602818,1
12:24:23,3.230999,3.231051,69.97431517,33.48964751,1
12:24:24,3.230999,3.231046,69.96843815,33.48331153,1
12:24:25,3.230999,3.231042,69.96256113,33.47702,1
12:24:26,3.230999,3.231038,69.95668411,33.47076774,1
12:24:27,3.230999,3.231033,69.95080709,33.46455991,1
12:24:28,3.230999,3.231029,69.94493008,33.45839083,1
12:24:29,3.230999,3.231025,69.93905306,33.45226645,1
12:24:30,3.230999,3.23102,69.93317604,33.4461838,1
12:24:31,3.230999,3.231016,69.92729902,33.44014585,1
12:24:32,3.230999,3.231012,69.921422,33.43414664,1
12:24:33,3.230999,3.231008,69.91554499,33.42818916,1
12:24:34,3.230999,3.231004,69.90967,33.42227042,1
12:24:35,3.230999,3.230999,69.90379095,33.4163934,1
12:24:36,3.230999,3.230995,69.89791393,33.41055512,1
12:24:37,3.230999,3.230992,69.89203691,33.40475559,1
12:24:38,3.230999,3.230987,69.8861599,33.39899778,1
12:24:39,3.230999,3.230983,69.88028288,33.39327872,1
12:24:40,3.230999,3.230979,69.87440586,33.38760138,1
12:24:41,3.230999,3.230975,69.86852884,33.38196278,1
12:24:42,3.230999,3.230972,69.86265182,33.37635994,1
12:24:43,3.230999,3.230968,69.85677481,33.37079287,1
12:24:44,3.230999,3.230964,69.85089779,33.36526752,1
12:24:45,3.230999,3.23096,69.84502077,33.35978091,1
12:24:46,3.230999,3.230956,69.83914375,33.35433304,1
12:24:47,3.230999,3.230952,69.83326674,33.34891796,1
12:24:48,3.230999,3.230948,69.82738972,33.34354162,1
12:24:49,3.230999,3.230945,69.8215127,33.33820105,1
12:24:50,3.230999,3.230941,69.81564,33.33289921,1
12:24:51,3.230999,3.230937,69.80975866,33.32763314,1
12:24:52,3.230999,3.230933,69.80388165,33.32240283,1
12:24:53,3.230999,3.23093,69.79800463,33.31721127,1
12:24:54,3.230999,3.230926,69.79212761,33.31205249,1
12:24:55,3.230999,3.230923,69.78625059,33.30692649,1
12:24:56,3.230999,3.230919,69.78037357,33.30183923,1
12:24:57,3.230999,3.230915,69.77449656,33.29678774,1
12:24:58,3.230999,3.230912,69.76861954,33.29176903,1
12:24:59,3.230999,3.230908,69.76274252,33.28678608,1
12:25:00,3.230999,3.230905,69.7568655,33.28183591,1
12:25:01,3.230999,3.230901,69.75098848,33.27692151,1
12:25:02,3.230999,3.230898,69.74511147,33.27203989,1
12:25:03,3.230999,3.230894,69.73923445,33.26719105,1
12:25:04,3.230999,3.230891,69.73335743,33.262375,1
12:25:05,3.230999,3.230888,69.72748041,33.25759172,1
12:25:06,3.230999,3.230884,69.7216,33.25284123,1
12:25:07,3.230999,3.230881,69.71572638,33.24812353,1
12:25:08,3.230999,3.230877,69.70984936,33.2434386,1
12:25:09,3.230999,3.230874,69.70397234,33.23878646,1
12:25:10,3.230999,3.230871,69.69809532,33.23416412,1
12:25:11,3.230999,3.230868,69.6922183,33.22957456,1
12:25:12,3.230999,3.230864,69.68634129,33.22501779,1
12:25:13,3.230999,3.230861,69.68046427,33.22049081,1
12:25:14,3.230999,3.230858,69.67458725,33.21599364,1
12:25:15,3.230999,3.230855,69.66871023,33.21152925,1
12:25:16,3.230999,3.230852,69.66283321,33.20709467,1
12:25:17,3.230999,3.230849,69.6569562,33.20268989,1
12:25:18,3.230999,3.230846,69.65107918,33.19831491,1
12:25:19,3.230999,3.230842,69.64520216,33.19397271,1
12:25:20,3.230999,3.230839,69.63932514,33.18965733,1
12:25:21,3.230999,3.230836,69.63344812,33.18537474,1
12:25:22,3.230999,3.230833,69.62757,33.18111897,1
12:25:23,3.230999,3.23083,69.62169409,33.17689002,1
12:25:24,3.230999,3.230827,69.61581707,33.17269087,1
12:25:25,3.230999,3.230824,69.60994005,33.1685245,1
12:25:26,3.230999,3.230821,69.60406303,33.16438496,1
12:25:27,3.230999,3.230818,69.59818602,33.16027522,1
12:25:28,3.23,3.230815,69.592309,33.14644396,1
12:25:29,3.230999,3.230731,69.58643198,33.14318955,1
12:25:30,3.230999,3.230736,69.58055496,33.13988447,1
12:25:31,3.230999,3.23074,69.57467794,33.13653469,1
12:25:32,3.230999,3.230744,69.56880093,33.13314617,1
12:25:33,3.230999,3.230747,69.56292391,33.12972486,1
12:25:34,3.23,3.23075,69.55704689,33.11653733,1
12:25:35,3.230999,3.23067,69.55116987,33.11387002,1
12:25:36,3.230999,3.23068,69.54529285,33.11110437,1
12:25:37,3.230999,3.230689,69.53941584,33.10825527,1
12:25:38,3.23,3.230696,69.53354,33.09559822,1
12:25:39,3.23,3.23062,69.5276618,33.08367729,1
12:25:40,3.230999,3.230552,69.52178478,33.08215737,1
12:25:41,3.230999,3.230572,69.51590776,33.08043778,1
12:25:42,3.230999,3.230591,69.51003075,33.07853937,1
12:25:43,3.230999,3.230607,69.50415373,33.07649195,1
12:25:44,3.230999,3.230621,69.49827671,33.07430148,1
12:25:45,3.230999,3.230633,69.49239969,33.07198882,1
12:25:46,3.230999,3.230644,69.48652267,33.06957185,1
12:25:47,3.23,3.230654,69.48064566,33.05733204,1
12:25:48,3.23,3.23058,69.47476864,33.04581046,1
12:25:49,3.230999,3.230513,69.46889162,33.04466605,1
12:25:50,3.23,3.230535,69.4630146,33.03357959,1
12:25:51,3.23,3.230473,69.45713758,33.02310407,1
12:25:52,3.230999,3.230416,69.45126057,33.0229044,1
12:25:53,3.230999,3.230447,69.44538355,33.02240074,1
12:25:54,3.23,3.230474,69.43951,33.01190734,1
12:25:55,3.230999,3.230417,69.43362951,33.01169872,1
12:25:56,3.23,3.230447,69.42775249,33.00147057,1
12:25:57,3.23,3.230392,69.42187548,32.99177885,1
12:25:58,3.23,3.230342,69.41599846,32.98257589,1
12:25:59,3.23,3.230297,69.41012144,32.97381103,1
12:26:00,3.23,3.230256,69.40424442,32.96544552,1
12:26:01,3.23,3.230219,69.3983674,32.95744061,1
12:26:02,3.23,3.230185,69.39249039,32.94976354,1
12:26:03,3.23,3.230155,69.38661337,32.94237852,1
12:26:04,3.23,3.230127,69.38073635,32.93526471,1
12:26:05,3.23,3.230102,69.37485933,32.92839527,1
12:26:06,3.23,3.230079,69.36898232,32.92174637,1
12:26:07,3.23,3.230058,69.3631053,32.91530013,1
12:26:08,3.23,3.230039,69.35722828,32.90904164,1
12:26:09,3.23,3.230022,69.35135126,32.90295005,1
12:26:10,3.23,3.230006,69.34547,32.89701641,1
12:26:11,3.23,3.229991,69.33959723,32.89122581,1
12:26:12,3.23,3.229977,69.33372021,32.88556635,1
12:26:13,3.23,3.229965,69.32784319,32.8800261,1
12:26:14,3.23,3.229954,69.32196617,32.8745991,1
12:26:15,3.23,3.229943,69.31608915,32.86927342,1
12:26:16,3.23,3.229933,69.31021214,32.86404312,1
12:26:17,3.23,3.229924,69.30433512,32.85890222,1
12:26:18,3.23,3.229916,69.2984581,32.85384178,1
12:26:19,3.23,3.229908,69.29258108,32.84885883,1
12:26:20,3.23,3.2299,69.28670406,32.84395337,1
12:26:21,3.23,3.229893,69.28082705,32.83911347,1
12:26:22,3.23,3.229887,69.27495003,32.83433616,1
12:26:23,3.23,3.22988,69.26907301,32.82961845,1
12:26:24,3.23,3.229874,69.26319599,32.82496333,1
12:26:25,3.23,3.229869,69.25731897,32.82035887,1
12:26:26,3.23,3.229863,69.25144,32.81580806,1
12:26:27,3.23,3.229858,69.24556494,32.81130493,1
12:26:28,3.23,3.229854,69.23968792,32.8068465,1
12:26:29,3.23,3.229849,69.2338109,32.80243576,1
12:26:30,3.23,3.229844,69.22793388,32.79806972,1
12:26:31,3.23,3.22984,69.22205687,32.7937454,1
12:26:32,3.23,3.229836,69.21617985,32.78945982,1
12:26:33,3.23,3.229832,69.21030283,32.78521299,1
12:26:34,3.23,3.229828,69.20442581,32.78100491,1
12:26:35,3.23,3.229824,69.19854879,32.77683556,1
12:26:36,3.23,3.22982,69.19267178,32.772699,1
12:26:37,3.23,3.229817,69.18679476,32.76859522,1
12:26:38,3.23,3.229813,69.18091774,32.7645272,1
12:26:39,3.23,3.22981,69.17504072,32.76049197,1
12:26:40,3.23,3.229807,69.1691637,32.75648654,1
12:26:41,3.23,3.229803,69.16328669,32.75251687,1
12:26:42,3.23,3.2298,69.15741,32.748577,1
12:26:43,3.23,3.229797,69.15153265,32.74466693,1
12:26:44,3.23,3.229794,69.14565563,32.74078667,1
12:26:45,3.23,3.229791,69.13977861,32.73693919,1
12:26:46,3.23,3.229788,69.1339016,32.73311853,1
12:26:47,3.23,3.229785,69.12802458,32.7293247,1
12:26:48,3.23,3.229782,69.12214756,32.72556067,1
12:26:49,3.23,3.229779,69.11627054,32.72182643,1
12:26:50,3.23,3.229776,69.11039352,32.71811903,1
12:26:51,3.23,3.229774,69.10451651,32.71443546,1
12:26:52,3.23,3.229771,69.09863949,32.71078169,1
12:26:53,3.23,3.229768,69.09276247,32.70715177,1
12:26:54,3.23,3.229765,69.08688545,32.70354867,1
12:26:55,3.23,3.229763,69.08100843,32.69997239,1
12:26:56,3.23,3.22976,69.07513142,32.69641995,1
12:26:57,3.23,3.229757,69.0692544,32.69289732,1
12:26:58,3.23,3.229754,69.06338,32.68939853,1
12:26:59,3.23,3.229752,69.05750036,32.68592656,1
12:27:00,3.23,3.229749,69.05162334,32.68247545,1
12:27:01,3.23,3.229747,69.04574633,32.67904818,1
12:27:02,3.229,3.229744,69.03986931,32.66595602,1
12:27:03,3.229,3.22966,69.03399229,32.65368044,1
12:27:04,3.229,3.229584,69.02811527,32.64214396,1
12:27:05,3.229,3.229515,69.02223825,32.63127208,1
12:27:06,3.229,3.229453,69.01636124,32.62099922,1
12:27:07,3.229,3.229398,69.01048422,32.61126876,1
12:27:08,3.229,3.229347,69.0046072,32.60202,1
12:27:09,3.229,3.229302,68.99873018,32.59322047,1
12:27:10,3.229,3.22926,68.99285316,32.58481622,1
12:27:11,3.229,3.229223,68.98697615,32.57677555,1
12:27:12,3.229,3.229189,68.98109913,32.56906271,1
12:27:13,3.229,3.229159,68.97522211,32.56164491,1
12:27:14,3.228,3.229131,68.96935,32.54480958,1
12:27:15,3.229,3.229023,68.96346807,32.53870308,1
12:27:16,3.228,3.229009,68.95759106,32.5230509,1
12:27:17,3.228,3.228913,68.95171404,32.5083226,1
12:27:18,3.228,3.228827,68.94583702,32.49442577,1
12:27:19,3.228,3.22875,68.93996,32.48127997,1
12:27:20,3.228,3.22868,68.93408298,32.46881068,1
12:27:21,3.228,3.228616,68.92820597,32.45695829,1
12:27:22,3.227,3.228559,68.92232895,32.43595064,1
12:27:23,3.228,3.228426,68.91645193,32.42594898,1
12:27:24,3.227,3.228387,68.91057491,32.40661025,1
12:27:25,3.227,3.22827,68.9046979,32.38840699,1
12:27:26,3.227,3.228165,68.89882088,32.37121999,1
12:27:27,3.227,3.22807,68.89294386,32.35495389,1
12:27:28,3.227,3.227984,68.88706684,32.33951926,1
12:27:29,3.226,3.227906,68.88118982,32.31512606,1
12:27:30,3.227,3.227755,68.87531,32.30191469,1
12:27:31,3.226,3.2277,68.86943579,32.27952421,1
12:27:32,3.226,3.227568,68.86355877,32.25841224,1
12:27:33,3.226,3.227449,68.85768175,32.23845065,1
12:27:34,3.226,3.227342,68.85180473,32.21952915,1
12:27:35,3.226,3.227245,68.84592772,32.20154643,1
12:27:36,3.226,3.227157,68.8400507,32.18441,1
12:27:37,3.225,3.227078,68.83417368,32.1583122,1
12:27:38,3.226,3.226925,68.82829666,32.14343488,1
12:27:39,3.225,3.226868,68.82241964,32.11937249,1
12:27:40,3.225,3.226735,68.81654263,32.09659755,1
12:27:41,3.225,3.226615,68.81066561,32.07498789,1
12:27:42,3.225,3.226507,68.80478859,32.05443025,1
12:27:43,3.225,3.226409,68.79891157,32.0348233,1
12:27:44,3.225,3.22632,68.79303455,32.01607764,1
12:27:45,3.225,3.22624,68.78715754,31.9981128,1
12:27:46,3.225,3.226167,68.78128,31.98085725,1
12:27:47,3.225,3.226101,68.7754035,31.96423948,1
12:27:48,3.225,3.226041,68.76952648,31.94820881,1
12:27:49,3.225,3.225986,68.76364946,31.93270564,1
12:27:50,3.225,3.225936,68.75777245,31.91768825,1
12:27:51,3.225,3.225891,68.75189543,31.90310895,1
12:27:52,3.225,3.22585,68.74601841,31.88893199,1
12:27:53,3.225,3.225812,68.74014139,31.87512457,1
12:27:54,3.225,3.225777,68.73426437,31.86165392,1
12:27:55,3.225,3.225745,68.72838736,31.8484962,1
12:27:56,3.225,3.225715,68.72251034,31.83562756,1
12:27:57,3.225,3.225688,68.71663332,31.82302117,1
12:27:58,3.225,3.225663,68.7107563,31.81065917,1
12:27:59,3.225,3.22564,68.70487928,31.79852366,1
12:28:00,3.225,3.225619,68.69900227,31.78659379,1
12:28:01,3.225,3.2256,68.69312525,31.7748487,1
12:28:02,3.224,3.225582,68.68725,31.75349,1
12:28:03,3.225,3.225485,68.68137121,31.74287379,1
12:28:04,3.224,3.225477,68.67549419,31.7225486,1
12:28:05,3.224,3.225389,68.66961718,31.70308769,1
12:28:06,3.224,3.225309,68.66374016,31.68441355,1
12:28:07,3.224,3.225237,68.65786314,31.66645467,1
12:28:08,3.224,3.22517,68.65198612,31.64914846,1
12:28:09,3.224,3.22511,68.6461091,31.63244128,1
12:28:10,3.224,3.225055,68.64023209,31.61626458,1
12:28:11,3.224,3.225004,68.63435507,31.60059452,1
12:28:12,3.224,3.224958,68.62847805,31.58538342,1
12:28:13,3.224,3.224916,68.62260103,31.57058656,1
12:28:14,3.224,3.224877,68.61672401,31.55617416,1
12:28:15,3.224,3.224841,68.610847,31.54211938,1
12:28:16,3.224,3.224808,68.60496998,31.52838647,1
12:28:17,3.224,3.224778,68.59909296,31.51495457,1
12:28:18,3.224,3.22475,68.59322,31.50179684,1
12:28:19,3.224,3.224723,68.58733892,31.48890138,1
12:28:20,3.224,3.224699,68.58146191,31.47624433,1
12:28:21,3.224,3.224677,68.57558489,31.4638108,1
12:28:22,3.224,3.224656,68.56970787,31.45158291,1
12:28:23,3.224,3.224636,68.56383085,31.43955171,1
12:28:24,3.224,3.224617,68.55795383,31.42770231,1
12:28:25,3.224,3.2246,68.55207682,31.41602576,1
12:28:26,3.224,3.224583,68.5461998,31.40451014,1
12:28:27,3.224,3.224568,68.54032278,31.3931495,1
12:28:28,3.224,3.224553,68.53444576,31.38193488,1
12:28:29,3.224,3.224539,68.52856874,31.37085736,1
12:28:30,3.224,3.224526,68.52269173,31.35991,1
12:28:31,3.224,3.224513,68.51681471,31.3490808,1
12:28:32,3.224,3.224501,68.51093769,31.33837581,1
12:28:33,3.224,3.224489,68.50506067,31.32779002,1
12:28:34,3.224,3.224478,68.49918,31.31731153,1
12:28:35,3.224,3.224467,68.49330664,31.30694032,1
12:28:36,3.224,3.224457,68.48742962,31.29667044,1
12:28:37,3.224,3.224447,68.4815526,31.2864989,1
12:28:38,3.224,3.224437,68.47567558,31.27642274,1
12:28:39,3.224,3.224428,68.46979856,31.26643598,1
12:28:40,3.224,3.224419,68.46392155,31.25654161,1
12:28:41,3.224,3.22441,68.45804453,31.24673367,1
12:28:42,3.224,3.224401,68.45216751,31.23701215,1
12:28:43,3.224,3.224393,68.44629049,31.2273711,1
12:28:44,3.224,3.224384,68.44041348,31.21781051,1
12:28:45,3.224,3.224376,68.43453646,31.20833039,1
12:28:46,3.224,3.224368,68.42865944,31.19892776,1
12:28:47,3.224,3.22436,68.42278242,31.18960261,1
12:28:48,3.224,3.224353,68.4169054,31.18035197,1
12:28:49,3.224,3.224345,68.41102839,31.17117286,1
12:28:50,3.224,3.224338,68.40515,31.16206527,1
12:28:51,3.224,3.22433,68.39927435,31.1530292,1
12:28:52,3.224,3.224323,68.39339733,31.14406168,1
12:28:53,3.224,3.224316,68.38752031,31.13516271,1
12:28:54,3.224,3.224309,68.3816433,31.12633228,1
12:28:55,3.224,3.224303,68.37576628,31.11756444,1
12:28:56,3.224,3.224296,68.36988926,31.10886514,1
12:28:57,3.224,3.224289,68.36401224,31.10023141,1
12:28:58,3.224,3.224283,68.35813522,31.09165728,1
12:28:59,3.224,3.224276,68.35225821,31.08314872,1
12:29:00,3.224,3.224269,68.34638119,31.07470274,1
12:29:01,3.224,3.224263,68.34050417,31.06631637,1
12:29:02,3.224,3.224257,68.33462715,31.05799258,1
12:29:03,3.224,3.224251,68.32875013,31.04973,1
12:29:04,3.224,3.224244,68.32287312,31.04152381,1
12:29:05,3.224,3.224238,68.3169961,31.03337586,1
12:29:06,3.224,3.224232,68.31112,31.02528751,1
12:29:07,3.224,3.224226,68.30524206,31.01725876,1
12:29:08,3.224,3.22422,68.29936504,31.00928664,1
12:29:09,3.224,3.224214,68.29348803,31.00137413,1
12:29:10,3.224,3.224208,68.28761101,30.99351227,1
12:29:11,3.224,3.224202,68.28173399,30.98570704,1
12:29:12,3.224,3.224197,68.27585697,30.97795844,1
12:29:13,3.224,3.224191,68.26997995,30.97026348,1
12:29:14,3.224,3.224185,68.26410294,30.96262217,1
12:29:15,3.224,3.22418,68.25822592,30.95503449,1
12:29:16,3.224,3.224174,68.2523489,30.94750047,1
12:29:17,3.224,3.224169,68.24647188,30.9400171,1
12:29:18,3.224,3.224164,68.24059486,30.9325844,1
12:29:19,3.224,3.224158,68.23471785,30.92520237,1
12:29:20,3.224,3.224153,68.22884083,30.91787398,1
12:29:21,3.224,3.224147,68.22296381,30.91059923,1
12:29:22,3.224,3.224142,68.21709,30.90337217,1
12:29:23,3.224,3.224137,68.21120977,30.89619577,1
12:29:24,3.224,3.224132,68.20533276,30.88906705,1
12:29:25,3.224,3.224126,68.19945574,30.881989,1
12:29:26,3.224,3.224121,68.19357872,30.87495863,1
12:29:27,3.224,3.224116,68.1877017,30.86797595,1
12:29:28,3.224,3.224111,68.18182468,30.86104095,1
12:29:29,3.224,3.224106,68.17594767,30.85415363,1
12:29:30,3.224,3.224101,68.17007065,30.847314,1
12:29:31,3.224,3.224096,68.16419363,30.84052205,1
12:29:32,3.224,3.224092,68.15831661,30.83377481,1
12:29:33,3.224,3.224087,68.15243959,30.82707524,1
12:29:34,3.224,3.224082,68.14656258,30.82042038,1
12:29:35,3.224,3.224077,68.14068556,30.81381023,1
12:29:36,3.224,3.224072,68.13480854,30.80724478,1
12:29:37,3.224,3.224067,68.12893152,30.80072,1
12:29:38,3.224,3.224063,68.12305,30.79424798,1
12:29:39,3.224,3.224058,68.11717749,30.78781664,1
12:29:40,3.224,3.224054,68.11130047,30.78142703,1
12:29:41,3.224,3.224049,68.10542345,30.77508211,1
12:29:42,3.224,3.224044,68.09954643,30.7687819,1
12:29:43,3.224,3.22404,68.09366941,30.76252043,1
12:29:44,3.224,3.224036,68.0877924,30.75630367,1
12:29:45,3.224,3.224031,68.08191538,30.75012565,1
12:29:46,3.224,3.224027,68.07603836,30.74399233,1
12:29:47,3.224,3.224022,68.07016134,30.73789775,1
12:29:48,3.224,3.224018,68.06428432,30.7318449,1
12:29:49,3.224,3.224014,68.05840731,30.72583377,1
12:29:50,3.224,3.22401,68.05253029,30.71986139,1
12:29:51,3.224,3.224005,68.04665327,30.71393073,1
12:29:52,3.224,3.224001,68.04077625,30.70803881,1
12:29:53,3.224,3.223997,68.03489923,30.70218563,1
12:29:54,3.224,3.223993,68.02902,30.6963712,1
12:29:55,3.224,3.223989,68.0231452,30.69059551,1
12:29:56,3.224,3.223985,68.01726818,30.68485856,1
12:29:57,3.224,3.22398,68.01139116,30.67916036,1
12:29:58,3.224,3.223977,68.00551414,30.6735009,1
12:29:59,3.224,3.223973,67.99963713,30.66788,1
12:30:00,3.224,3.223969,67.99376011,30.66229224,1
12:30:01,3.224,3.223964,67.98788309,30.65674603,1
12:30:02,3.224,3.223961,67.98200607,30.65124,1
12:30:03,3.224,3.223957,67.97612906,30.64576089,1
12:30:04,3.224,3.223953,67.97025204,30.64032197,1
12:30:05,3.224,3.223949,67.96437502,30.63491881,1
12:30:06,3.224,3.223946,67.958498,30.62955141,1
12:30:07,3.224,3.223942,67.95262098,30.62422276,1
12:30:08,3.224,3.223938,67.94674397,30.61892986,1
12:30:09,3.224,3.223934,67.94086695,30.61367273,1
12:30:10,3.224,3.22393,67.93499,30.60844839,1
12:30:11,3.224,3.223927,67.92911291,30.60325682,1
12:30:12,3.224,3.223923,67.92323589,30.59809804,1
12:30:13,3.224,3.22392,67.91735888,30.59297502,1
12:30:14,3.224,3.223916,67.91148186,30.58788776,1
12:30:15,3.224,3.223912,67.90560484,30.58283329,1
12:30:16,3.224,3.223909,67.89972782,30.5778116,1
12:30:17,3.224,3.223905,67.8938508,30.57282269,1
12:30:18,3.224,3.223902,67.88797379,30.56786358,1
12:30:19,3.224,3.223898,67.88209677,30.56294024,1
12:30:20,3.224,3.223895,67.87621975,30.55804968,1
12:30:21,3.224,3.223892,67.87034273,30.55318892,1
12:30:22,3.224,3.223888,67.86446571,30.54836094,1
12:30:23,3.224,3.223885,67.8585887,30.54357,1
12:30:24,3.224,3.223881,67.85271168,30.53880334,1
12:30:25,3.223,3.223878,67.84683466,30.52463233,1
12:30:26,3.224,3.223794,67.84096,30.52069843,1
12:30:27,3.224,3.223799,67.83508062,30.51671684,1
12:30:28,3.224,3.223803,67.82920361,30.5126965,1
12:30:29,3.224,3.223806,67.82332659,30.50864637,1
12:30:30,3.224,3.223809,67.81744957,30.50456941,1
12:30:31,3.224,3.223811,67.81157255,30.50047457,1
12:30:32,3.223,3.223813,67.80569553,30.48692346,1
12:30:33,3.224,3.223732,67.79981852,30.48356771,1
12:30:34,3.223,3.223742,67.7939415,30.47068715,1
12:30:35,3.224,3.223668,67.78806448,30.46794,1
12:30:36,3.224,3.223683,67.78218746,30.46505153,1
12:30:37,3.224,3.223696,67.77631044,30.4620415,1
12:30:38,3.224,3.223707,67.77043343,30.45892119,1
12:30:39,3.223,3.223717,67.76455641,30.44627011,1
12:30:40,3.224,3.223644,67.75867939,30.44374585,1
12:30:41,3.224,3.22366,67.75280237,30.44107258,1
12:30:42,3.224,3.223674,67.74693,30.43827116,1
12:30:43,3.224,3.223686,67.74104834,30.4353565,1
12:30:44,3.224,3.223696,67.73517132,30.4323405,1
12:30:45,3.223,3.223706,67.7292943,30.41979969,1
12:30:46,3.223,3.223632,67.72341728,30.40795028,1
12:30:47,3.223,3.223566,67.71754026,30.39672673,1
12:30:48,3.224,3.223506,67.71166325,30.39550483,1
12:30:49,3.223,3.223534,67.70578623,30.38459,1
12:30:50,3.223,3.223477,67.69990921,30.37421107,1
12:30:51,3.223,3.223425,67.69403219,30.36432,1
12:30:52,3.223,3.223378,67.68815517,30.35487533,1
12:30:53,3.223,3.223336,67.68227816,30.34582734,1
12:30:54,3.223,3.223297,67.67640114,30.33714592,1
12:30:55,3.223,3.223263,67.67052412,30.32878935,1
12:30:56,3.223,3.22323,67.6646471,30.32073677,1
12:30:57,3.223,3.223202,67.65877008,30.31295538,1
12:30:58,3.223,3.223176,67.65289,30.30542135,1
12:30:59,3.223,3.223151,67.64701605,30.29811382,1
12:31:00,3.223,3.22313,67.64113903,30.29101491,1
12:31:01,3.223,3.223109,67.63526201,30.28410673,1
12:31:02,3.223,3.223091,67.62938499,30.27737141,1
12:31:03,3.223,3.223074,67.62350798,30.27079403,1
12:31:04,3.224,3.223058,67.61763096,30.27378917,1
12:31:05,3.223,3.223126,67.61175394,30.26672602,1
12:31:06,3.223,3.223104,67.60587692,30.25986552,1
12:31:07,3.223,3.223085,67.5999999,30.25318682,1
12:31:08,3.223,3.223067,67.59412289,30.24667799,1
12:31:09,3.223,3.22305,67.58824587,30.24032414,1
12:31:10,3.223,3.223035,67.58236885,30.23411334,1
12:31:11,3.223,3.223021,67.57649183,30.22803366,1
12:31:12,3.223,3.223009,67.57061481,30.2220732,1
12:31:13,3.223,3.222997,67.5647378,30.21622598,1
12:31:14,3.223,3.222986,67.55886,30.21048009,1
12:31:15,3.223,3.222975,67.55298376,30.20483255,1
12:31:16,3.223,3.222966,67.54710674,30.19927144,1
12:31:17,3.223,3.222957,67.54122972,30.19379675,1
12:31:18,3.223,3.222949,67.53535271,30.18839955,1
12:31:19,3.223,3.222941,67.52947569,30.18307388,1
12:31:20,3.223,3.222934,67.52359867,30.17781973,1
12:31:21,3.223,3.222927,67.51772165,30.17263114,1
12:31:22,3.223,3.22292,67.51184464,30.16750216,1
12:31:23,3.223,3.222914,67.50596762,30.16243,1
12:31:24,3.223,3.222908,67.5000906,30.15741408,1
12:31:25,3.223,3.222903,67.49421358,30.15244603,1
12:31:26,3.223,3.222898,67.48833656,30.14753163,1
12:31:27,3.223,3.222893,67.48245955,30.14266491,1
12:31:28,3.223,3.222888,67.47658253,30.13784289,1
12:31:29,3.223,3.222883,67.47070551,30.13306558,1
12:31:30,3.223,3.222878,67.46483,30.12833297,1
12:31:31,3.223,3.222874,67.45895147,30.12364209,1
12:31:32,3.223,3.22287,67.45307446,30.11899,1
12:31:33,3.223,3.222866,67.44719744,30.11437356,1
12:31:34,3.223,3.222862,67.44132042,30.10979891,1
12:31:35,3.223,3.222858,67.4354434,30.10526001,1
12:31:36,3.223,3.222854,67.42956638,30.1007539,1
12:31:37,3.223,3.222851,67.42368937,30.09628057,1
12:31:38,3.223,3.222847,67.41781235,30.09184301,1
12:31:39,3.223,3.222844,67.41193533,30.08743823,1
12:31:40,3.223,3.22284,67.40605831,30.08306623,1
12:31:41,3.223,3.222837,67.40018129,30.07872105,1
12:31:42,3.223,3.222833,67.39430428,30.07441163,1
12:31:43,3.223,3.22283,67.38842726,30.07013202,1
12:31:44,3.223,3.222827,67.38255024,30.06587923,1
12:31:45,3.223,3.222824,67.37667322,30.06165922,1
12:31:46,3.223,3.222821,67.3708,30.05746901,1
12:31:47,3.223,3.222818,67.36491919,30.05330563,1
12:31:48,3.223,3.222815,67.35904217,30.04917204,1
12:31:49,3.223,3.222812,67.35316515,30.04506528,1
12:31:50,3.223,3.222809,67.34728813,30.04098833,1
12:31:51,3.223,3.222806,67.34141111,30.03693819,1
12:31:52,3.222,3.222804,67.3355341,30.02348244,1
12:31:53,3.223,3.222719,67.32965708,30.02025187,1
12:31:54,3.222,3.222725,67.32378006,30.00754118,1
12:31:55,3.222,3.222648,67.31790304,29.99555767,1
12:31:56,3.222,3.222578,67.31202602,29.98422682,1
12:31:57,3.222,3.222516,67.30614901,29.97348905,1
12:31:58,3.222,3.222459,67.30027199,29.96328473,1
12:31:59,3.222,3.222408,67.29439497,29.95356321,1
12:32:00,3.222,3.222361,67.28851795,29.94428277,1
12:32:01,3.222,3.222319,67.28264093,29.9353987,1
12:32:02,3.222,3.222281,67.27676,29.92687523,1
12:32:03,3.222,3.222246,67.2708869,29.91867959,1
12:32:04,3.221,3.222215,67.26500988,29.9013555,1
12:32:05,3.221,3.222105,67.25913286,29.88506854,1
12:32:06,3.221,3.222005,67.25325584,29.86972034,1
12:32:07,3.221,3.221915,67.24737883,29.85522151,1
12:32:08,3.221,3.221834,67.24150181,29.8414886,1
12:32:09,3.221,3.221761,67.23562479,29.82845008,1
12:32:10,3.221,3.221694,67.22974777,29.81603444,1
12:32:11,3.221,3.221634,67.22387075,29.80418503,1
12:32:12,3.221,3.22158,67.21799374,29.79285121,1
12:32:13,3.221,3.22153,67.21211672,29.7819823,1
12:32:14,3.221,3.221486,67.2062397,29.77153659,1
12:32:15,3.221,3.221445,67.20036268,29.76147234,1
12:32:16,3.22,3.221408,67.19448566,29.74234819,1
12:32:17,3.22,3.221292,67.18860865,29.72431481,1
12:32:18,3.22,3.221188,67.18273,29.70726192,1
12:32:19,3.22,3.221094,67.17685461,29.69109714,1
12:32:20,3.22,3.221009,67.17097759,29.67573702,1
12:32:21,3.22,3.220932,67.16510057,29.66110408,1
12:32:22,3.219,3.220862,67.15922356,29.6377331,1
12:32:23,3.219,3.220717,67.15334654,29.61573005,1
12:32:24,3.22,3.220586,67.14746952,29.60435152,1
12:32:25,3.219,3.220549,67.1415925,29.58393,1
12:32:26,3.219,3.220434,67.13571548,29.56459224,1
12:32:27,3.219,3.22033,67.12983847,29.54623699,1
12:32:28,3.219,3.220236,67.12396145,29.52876985,1
12:32:29,3.219,3.22015,67.11808443,29.51210737,1
12:32:30,3.219,3.220073,67.11220741,29.49617505,1
12:32:31,3.219,3.220003,67.10633039,29.48089838,1
12:32:32,3.218,3.219939,67.10045338,29.45685685,1
12:32:33,3.219,3.219799,67.09457636,29.44349349,1
12:32:34,3.218,3.219755,67.0887,29.42119,1
12:32:35,3.218,3.219633,67.08282232,29.40003276,1
12:32:36,3.218,3.219522,67.0769453,29.37991917,1
12:32:37,3.218,3.219422,67.07106829,29.36074734,1
12:32:38,3.218,3.219331,67.06519127,29.34242785,1
12:32:39,3.218,3.219249,67.05931425,29.32488322,1
12:32:40,3.218,3.219174,67.05343723,29.30803895,1
12:32:41,3.218,3.219106,67.04756021,29.29183543,1
12:32:42,3.217,3.219044,67.0416832,29.26686704,1
12:32:43,3.217,3.218906,67.03580618,29.24319506,1
12:32:44,3.217,3.218781,67.02992916,29.2206943,1
12:32:45,3.217,3.218668,67.02405214,29.19925451,1
12:32:46,3.217,3.218565,67.01817513,29.17877734,1
12:32:47,3.217,3.218472,67.01229811,29.15917337,1
12:32:48,3.217,3.218388,67.00642109,29.14035916,1
12:32:49,3.217,3.218311,67.00054407,29.12226319,1
12:32:50,3.217,3.218241,66.99467,29.10481989,1
12:32:51,3.217,3.218178,66.98879004,29.08796966,1
12:32:52,3.217,3.21812,66.98291302,29.07166183,1
12:32:53,3.217,3.218067,66.977036,29.0558517,1
12:32:54,3.217,3.218019,66.97115898,29.0404886,1
12:32:55,3.217,3.217975,66.96528196,29.02553976,1
12:32:56,3.217,3.217935,66.95940495,29.0109694,1
12:32:57,3.216,3.217898,66.95352793,28.98745239,1
12:32:58,3.217,3.217782,66.94765091,28.97430956,1
12:32:59,3.216,3.217758,66.94177389,28.95209491,1
12:33:00,3.216,3.217655,66.93589687,28.93084586,1
12:33:01,3.216,3.217561,66.93001986,28.91047597,1
12:33:02,3.216,3.217475,66.92414284,28.8909018,1
12:33:03,3.216,3.217398,66.91826582,28.87205184,1
12:33:04,3.216,3.217327,66.9123888,28.8538605,1
12:33:05,3.216,3.217263,66.90651178,28.83626819,1
12:33:06,3.216,3.217204,66.90063,28.81922424,1
12:33:07,3.216,3.21715,66.89475775,28.80267799,1
12:33:08,3.216,3.217102,66.88888073,28.78658772,1
12:33:09,3.216,3.217057,66.88300371,28.77091467,1
12:33:10,3.216,3.217016,66.87712669,28.75562608,1
12:33:11,3.216,3.216978,66.87124968,28.74070406,1
12:33:12,3.216,3.216943,66.86537266,28.726089,1
12:33:13,3.216,3.216911,66.85949564,28.71177197,1
12:33:14,3.216,3.216882,66.85361862,28.69773,1
12:33:15,3.216,3.216854,66.8477416,28.68393958,1
12:33:16,3.216,3.216829,66.84186459,28.67039144,1
12:33:17,3.216,3.216805,66.83598757,28.65706086,1
12:33:18,3.216,3.216783,66.83011055,28.64393592,1
12:33:19,3.216,3.216763,66.82423353,28.63100171,1
12:33:20,3.216,3.216743,66.81835651,28.61824632,1
12:33:21,3.216,3.216725,66.8124795,28.60565782,1
12:33:22,3.216,3.216708,66.8066,28.59322429,1
12:33:23,3.216,3.216693,66.80072546,28.58094871,1
12:33:24,3.216,3.216677,66.79484844,28.56880426,1
12:33:25,3.216,3.216663,66.78897142,28.55679095,1
12:33:26,3.216,3.21665,66.78309441,28.5449,1
12:33:27,3.216,3.216637,66.77721739,28.53313684,1
12:33:28,3.216,3.216624,66.77134037,28.52148414,1
12:33:29,3.216,3.216613,66.76546335,28.50993872,1
12:33:30,3.216,3.216601,66.75958633,28.49849761,1
12:33:31,3.216,3.21659,66.75370932,28.48716,1
12:33:32,3.216,3.21658,66.7478323,28.47591639,1
12:33:33,3.216,3.21657,66.74195528,28.46477032,1
12:33:34,3.216,3.21656,66.73607826,28.45371366,1
12:33:35,3.216,3.216551,66.73020124,28.44274342,1
12:33:36,3.216,3.216542,66.72432423,28.43185663,1
12:33:37,3.216,3.216532,66.71844721,28.42105627,1
12:33:38,3.216,3.216524,66.71257,28.4103334,1
12:33:39,3.216,3.216516,66.70669317,28.39968801,1
12:33:40,3.216,3.216507,66.70081615,28.38912,1
12:33:41,3.216,3.216499,66.69493914,28.3786267,1
12:33:42,3.216,3.216491,66.68906212,28.36820781,1
12:33:43,3.216,3.216483,66.6831851,28.35785747,1
12:33:44,3.216,3.216475,66.67730808,28.34758162,1
12:33:45,3.216,3.216468,66.67143106,28.33737433,1
12:33:46,3.216,3.216461,66.66555405,28.3272326,1
12:33:47,3.216,3.216454,66.65967703,28.31715941,1
12:33:48,3.216,3.216447,66.65380001,28.30714881,1
12:33:49,3.216,3.216439,66.64792299,28.29720378,1
12:33:50,3.216,3.216433,66.64204597,28.28732431,1
12:33:51,3.216,3.216426,66.63616896,28.27750742,1
12:33:52,3.216,3.216419,66.63029194,28.26775312,1
12:33:53,3.216,3.216412,66.62441492,28.25805843,1
12:33:54,3.216,3.216406,66.61854,28.24842632,1
12:33:55,3.216,3.216399,66.61266088,28.23885977,1
12:33:56,3.216,3.216393,66.60678387,28.22934687,1
12:33:57,3.216,3.216386,66.60090685,28.21989,1
12:33:58,3.216,3.21638,66.59502983,28.21049392,1
12:33:59,3.216,3.216374,66.58915281,28.20115685,1
12:34:00,3.216,3.216368,66.58327579,28.19187343,1
12:34:01,3.216,3.216361,66.57739878,28.18265,1
12:34:02,3.216,3.216355,66.57152176,28.17347944,1
12:34:03,3.216,3.216349,66.56564474,28.16436589,1
12:34:04,3.216,3.216343,66.55976772,28.15530896,1
12:34:05,3.216,3.216337,66.55389071,28.14630568,1
12:34:06,3.216,3.216331,66.54801369,28.13735902,1
12:34:07,3.216,3.216326,66.54213667,28.12846303,1
12:34:08,3.216,3.21632,66.53625965,28.11962068,1
12:34:09,3.216,3.216314,66.53038263,28.11083198,1
12:34:10,3.216,3.216308,66.52451,28.10209692,1
12:34:11,3.216,3.216303,66.5186286,28.0934155,1
12:34:12,3.216,3.216297,66.51275158,28.08478475,1
12:34:13,3.216,3.216291,66.50687456,28.07620764,1
12:34:14,3.216,3.216286,66.50099754,28.06767523,1
12:34:15,3.216,3.21628,66.49512053,28.0592,1
12:34:16,3.216,3.216275,66.48924351,28.05076838,1
12:34:17,3.216,3.21627,66.48336649,28.04238796,1
12:34:18,3.216,3.216264,66.47748947,28.03405821,1
12:34:19,3.216,3.216259,66.47161245,28.02577913,1
12:34:20,3.216,3.216254,66.46573544,28.01754773,1
12:34:21,3.216,3.216248,66.45985842,28.00937,1
12:34:22,3.216,3.216243,66.4539814,28.00123096,1
12:34:23,3.216,3.216238,66.44810438,27.99314559,1
12:34:24,3.216,3.216233,66.44222736,27.9851079,1
12:34:25,3.216,3.216228,66.43635035,27.97711492,1
12:34:26,3.216,3.216223,66.43047,27.9691726,1
12:34:27,3.216,3.216218,66.42459631,27.96127498,1
12:34:28,3.216,3.216213,66.41871929,27.95342505,1
12:34:29,3.216,3.216208,66.41284227,27.9456228,1
12:34:30,3.216,3.216203,66.40696526,27.93786228,1
12:34:31,3.216,3.216198,66.40108824,27.93014944,1
12:34:32,3.216,3.216193,66.39521122,27.9224813,1
12:34:33,3.216,3.216188,66.3893342,27.91485488,1
12:34:34,3.216,3.216183,66.38345718,27.90728,1
12:34:35,3.216,3.216178,66.37758017,27.89974,1
12:34:36,3.216,3.216174,66.37170315,27.89224982,1
12:34:37,3.216,3.216169,66.36582613,27.88480222,1
12:34:38,3.216,3.216164,66.35994911,27.87739635,1
12:34:39,3.216,3.21616,66.35407209,27.87004,1
12:34:40,3.216,3.216155,66.34819508,27.86271572,1
12:34:41,3.216,3.21615,66.34231806,27.85544097,1
12:34:42,3.216,3.216146,66.33644,27.84821093,1
12:34:43,3.216,3.216141,66.33056402,27.84101963,1
12:34:44,3.216,3.216137,66.324687,27.83387005,1
12:34:45,3.216,3.216132,66.31880999,27.8267622,1
12:34:46,3.216,3.216128,66.31293297,27.81969607,1
12:34:47,3.216,3.216123,66.30705595,27.81267,1
12:34:48,3.216,3.216119,66.30117893,27.80568898,1
12:34:49,3.216,3.216115,66.29530191,27.79874504,1
12:34:50,3.216,3.21611,66.2894249,27.79184282,1
12:34:51,3.216,3.216106,66.28354788,27.78497636,1
12:34:52,3.216,3.216102,66.27767086,27.77815163,1
12:34:53,3.216,3.216098,66.27179384,27.77136564,1
12:34:54,3.216,3.216093,66.26591682,27.7646184,1
12:34:55,3.216,3.216089,66.26003981,27.75791287,1
12:34:56,3.216,3.216085,66.25416279,27.75124311,1
12:34:57,3.216,3.216081,66.24828577,27.74461508,1
12:34:58,3.216,3.216077,66.24241,27.7380228,1
12:34:59,3.216,3.216072,66.23653173,27.73147225,1
12:35:00,3.216,3.216069,66.23065472,27.72495747,1
12:35:01,3.216,3.216064,66.2247777,27.71847844,1
12:35:02,3.216,3.21606,66.21890068,27.71203816,1
12:35:03,3.216,3.216056,66.21302366,27.70563364,1
12:35:04,3.216,3.216052,66.20714664,27.69926786,1
12:35:05,3.216,3.216048,66.20126963,27.69294083,1
12:35:06,3.216,3.216045,66.19539261,27.68664658,1
12:35:07,3.216,3.216041,66.18951559,27.68038809,1
12:35:08,3.216,3.216037,66.18363857,27.67416537,1
12:35:09,3.216,3.216033,66.17776155,27.66797841,1
12:35:10,3.216,3.216029,66.17188454,27.66182721,1
12:35:11,3.216,3.216025,66.16600752,27.65571177,1
12:35:12,3.216,3.216021,66.1601305,27.64963508,1
12:35:13,3.216,3.216018,66.15425348,27.64359117,1
12:35:14,3.216,3.216014,66.14838,27.63758302,1
12:35:15,3.216,3.21601,66.14249945,27.63160765,1
12:35:16,3.216,3.216007,66.13662243,27.62566507,1
12:35:17,3.215,3.216003,66.13074541,27.6104331,1
12:35:18,3.216,3.215917,66.12486839,27.60533094,1
12:35:19,3.216,3.215921,66.11899137,27.60018408,1
12:35:20,3.216,3.215925,66.11311436,27.59500444,1
12:35:21,3.216,3.215928,66.10723734,27.5898,1
12:35:22,3.216,3.215931,66.10136032,27.58456469,1
12:35:23,3.216,3.215933,66.0954833,27.57931352,1
12:35:24,3.216,3.215934,66.08960629,27.57405043,1
12:35:25,3.216,3.215935,66.08372927,27.5687784,1
12:35:26,3.216,3.215935,66.07785225,27.56350338,1
12:35:27,3.216,3.215935,66.07197523,27.55822837,1
12:35:28,3.216,3.215935,66.06609821,27.55295634,1
12:35:29,3.216,3.215935,66.0602212,27.54768729,1
12:35:30,3.216,3.215934,66.05434,27.54242718,1
12:35:31,3.216,3.215933,66.04846716,27.53717601,1
12:35:32,3.216,3.215932,66.04259014,27.53193378,1
12:35:33,3.216,3.21593,66.03671312,27.52670646,1
12:35:34,3.216,3.215929,66.03083611,27.52149403,1
12:35:35,3.216,3.215927,66.02495909,27.51629949,1
12:35:36,3.216,3.215925,66.01908207,27.51112282,1
12:35:37,3.216,3.215923,66.01320505,27.50596404,1
12:35:38,3.216,3.215921,66.00732803,27.50082612,1
12:35:39,3.216,3.215918,66.00145102,27.49571204,1
12:35:40,3.216,3.215916,65.995574,27.49062,1
12:35:41,3.216,3.215914,65.98969698,27.48554051,1
12:35:42,3.216,3.215912,65.98381996,27.48048902,1
12:35:43,3.216,3.215909,65.97794294,27.47545838,1
12:35:44,3.215,3.215907,65.97206593,27.4611026,1
12:35:45,3.216,3.215821,65.96618891,27.4568975,1
12:35:46,3.216,3.215827,65.96031,27.45263875,1
12:35:47,3.215,3.215832,65.95443487,27.4389863,1
12:35:48,3.216,3.215753,65.94855785,27.43542194,1
12:35:49,3.216,3.215764,65.94268084,27.43174732,1
12:35:50,3.216,3.215775,65.93680382,27.42797732,1
12:35:51,3.216,3.215783,65.9309268,27.4241209,1
12:35:52,3.215,3.215791,65.92504978,27.41084,1
12:35:53,3.215,3.215715,65.91917276,27.39827633,1
12:35:54,3.215,3.215646,65.91329575,27.3863554,1
12:35:55,3.216,3.215583,65.90741873,27.38438,1
12:35:56,3.215,3.21561,65.90154171,27.37279236,1
12:35:57,3.215,3.21555,65.89566469,27.3617655,1
12:35:58,3.216,3.215497,65.88978767,27.36059725,1
12:35:59,3.215,3.215531,65.88391066,27.34975219,1
12:36:00,3.215,3.215478,65.87803364,27.33939886,1
12:36:01,3.215,3.215431,65.87215662,27.32948959,1
12:36:02,3.215,3.215388,65.86628,27.31999159,1
12:36:03,3.215,3.215348,65.86040258,27.31085122,1
12:36:04,3.215,3.215313,65.85452557,27.30204165,1
12:36:05,3.215,3.215281,65.84864855,27.29353607,1
12:36:06,3.215,3.215251,65.84277153,27.28530467,1
12:36:07,3.215,3.215225,65.83689451,27.27733,1
12:36:08,3.215,3.2152,65.83101749,27.26957798,1
12:36:09,3.215,3.215178,65.82514048,27.26203501,1
12:36:10,3.215,3.215158,65.81926346,27.25468278,1
12:36:11,3.215,3.215139,65.81338644,27.24750638,1
12:36:12,3.215,3.215122,65.80750942,27.24048793,1
12:36:13,3.215,3.215106,65.8016324,27.23362148,1
12:36:14,3.215,3.215092,65.79575539,27.22688615,1
12:36:15,3.215,3.215078,65.78987837,27.220276,1
12:36:16,3.215,3.215066,65.78400135,27.21378207,1
12:36:17,3.215,3.215055,65.77812433,27.20739543,1
12:36:18,3.215,3.215044,65.77225,27.20110714,1
12:36:19,3.215,3.215034,65.7663703,27.19491124,1
12:36:20,3.215,3.215025,65.76049328,27.18880177,1
12:36:21,3.215,3.215016,65.75461626,27.18277,1
12:36:22,3.215,3.215008,65.74873924,27.17681527,1
12:36:23,3.215,3.215001,65.74286222,27.17092931,1
12:36:24,3.215,3.214994,65.73698521,27.16510892,1
12:36:25,3.215,3.214987,65.73110819,27.15935409,1
12:36:26,3.215,3.214981,65.72523117,27.15365887,1
12:36:27,3.215,3.214975,65.71935415,27.14801729,1
12:36:28,3.215,3.214969,65.71347713,27.14243233,1
12:36:29,3.215,3.214963,65.70760012,27.1369,1
12:36:30,3.215,3.214958,65.7017231,27.13141143,1
12:36:31,3.215,3.214953,65.69584608,27.12596953,1
12:36:32,3.215,3.214949,65.68996906,27.12057233,1
12:36:33,3.215,3.214944,65.68409204,27.11521685,1
12:36:34,3.215,3.214939,65.67822,27.10990608,1
12:36:35,3.215,3.214935,65.67233801,27.10463703,1
12:36:36,3.215,3.214931,65.66646099,27.09940672,1
12:36:37,3.215,3.214927,65.66058397,27.09421217,1
12:36:38,3.215,3.214923,65.65470695,27.08905339,1
12:36:39,3.215,3.214919,65.64882994,27.08393037,1
12:36:40,3.215,3.214916,65.64295292,27.07884312,1
12:36:41,3.215,3.214912,65.6370759,27.07379162,1
12:36:42,3.215,3.214909,65.63119888,27.06876993,1
12:36:43,3.215,3.214905,65.62532187,27.06378102,1
12:36:44,3.215,3.214902,65.61944485,27.0588249,1
12:36:45,3.215,3.214898,65.61356783,27.05389857,1
12:36:46,3.215,3.214895,65.60769081,27.04900503,1
12:36:47,3.215,3.214892,65.60181379,27.04414129,1
12:36:48,3.215,3.214889,65.59593678,27.03930736,1
12:36:49,3.215,3.214886,65.59005976,27.03450024,1
12:36:50,3.215,3.214883,65.58418,27.02972293,1
12:36:51,3.215,3.214879,65.57830572,27.02497542,1
12:36:52,3.215,3.214876,65.5724287,27.02025473,1
12:36:53,3.215,3.214874,65.56655169,27.01556385,1
12:36:54,3.215,3.214871,65.56067467,27.01089978,1
12:36:55,3.215,3.214868,65.55479765,27.00626254,1
12:36:56,3.215,3.214865,65.54892063,27.00165212,1
12:36:57,3.215,3.214862,65.54304361,26.99706852,1
12:36:58,3.215,3.214859,65.5371666,26.99251,1
12:36:59,3.215,3.214856,65.53128958,26.98798,1
12:37:00,3.215,3.214854,65.52541256,26.98347569,1
12:37:01,3.215,3.214851,65.51953554,26.97899342,1
12:37:02,3.215,3.214848,65.51365852,26.97454095,1
12:37:03,3.215,3.214845,65.50778151,26.97011232,1
12:37:04,3.215,3.214843,65.50190449,26.96571052,1
12:37:05,3.215,3.21484,65.49602747,26.96132958,1
12:37:06,3.215,3.214838,65.49015,26.95697546,1
12:37:07,3.215,3.214835,65.48427343,26.95265,1
12:37:08,3.215,3.214833,65.47839642,26.94834173,1
12:37:09,3.215,3.21483,65.4725194,26.94405913,1
12:37:10,3.215,3.214827,65.46664238,26.93980336,1
12:37:11,3.215,3.214825,65.46076536,26.93557143,1
12:37:12,3.215,3.214822,65.45488834,26.93136334,1
12:37:13,3.214,3.21482,65.44901133,26.91779,1
12:37:14,3.214,3.214734,65.44313431,26.90502703,1
12:37:15,3.214,3.214656,65.43725729,26.89298987,1
12:37:16,3.214,3.214586,65.43138027,26.88160837,1
12:37:17,3.214,3.214523,65.42550325,26.87081993,1
12:37:18,3.213,3.214466,65.41962624,26.85117424,1
12:37:19,3.213,3.214331,65.41374922,26.8328011,1
12:37:20,3.213,3.214209,65.4078722,26.81557238,1
12:37:21,3.213,3.214099,65.40199518,26.7993778,1
12:37:22,3.213,3.213999,65.39612,26.78411901,1
12:37:23,3.213,3.21391,65.39024115,26.76970065,1
12:37:24,3.213,3.213829,65.38436413,26.75605,1
12:37:25,3.213,3.213755,65.37848711,26.74308121,1
12:37:26,3.213,3.213689,65.37261009,26.73074007,1
12:37:27,3.212,3.213629,65.36673307,26.70958638,1
12:37:28,3.212,3.213491,65.36085606,26.68972611,1
12:37:29,3.212,3.213367,65.35497904,26.67103708,1
12:37:30,3.212,3.213254,65.34910202,26.65340304,1
12:37:31,3.212,3.213153,65.343225,26.63672566,1
12:37:32,3.212,3.213061,65.33734798,26.62090957,1
12:37:33,3.212,3.212978,65.33147097,26.6058743,1
12:37:34,3.211,3.212903,65.32559395,26.58217847,1
12:37:35,3.212,3.212751,65.31971693,26.56927,1
12:37:36,3.212,3.212698,65.31383991,26.55686438,1
12:37:37,3.211,3.212649,65.30796289,26.53555274,1
12:37:38,3.211,3.212522,65.30209,26.51543915,1
12:37:39,3.211,3.212407,65.29620886,26.49640739,1
12:37:40,3.211,3.212302,65.29033184,26.47835314,1
12:37:41,3.211,3.212208,65.28445482,26.46118701,1
12:37:42,3.211,3.212123,65.2785778,26.44481957,1
12:37:43,3.211,3.212045,65.27270079,26.42918,1
12:37:44,3.21,3.211975,65.26682377,26.40484273,1
12:37:45,3.21,3.211828,65.26094675,26.38188899,1
12:37:46,3.21,3.211695,65.25506973,26.36018097,1
12:37:47,3.21,3.211575,65.24919271,26.33959949,1
12:37:48,3.21,3.211466,65.2433157,26.32004321,1
12:37:49,3.21,3.211368,65.23743868,26.30140483,1
12:37:50,3.21,3.211278,65.23156166,26.28360093,1
12:37:51,3.21,3.211197,65.22568464,26.26655698,1
12:37:52,3.21,3.211124,65.21980762,26.25019848,1
12:37:53,3.21,3.211057,65.21393061,26.23446286,1
12:37:54,3.21,3.210997,65.20805,26.21929348,1
12:37:55,3.21,3.210942,65.20217657,26.20463967,1
12:37:56,3.21,3.210892,65.19629955,26.19045377,1
12:37:57,3.209,3.210846,65.19042253,26.16738975,1
12:37:58,3.209,3.210721,65.18454552,26.14549696,1
12:37:59,3.209,3.210608,65.1786685,26.12465918,1
12:38:00,3.209,3.210505,65.17279148,26.10478,1
12:38:02,3.209,3.210412,65.16691446,26.08577609,1
12:38:02,3.209,3.210327,65.16103745,26.06755495,1
12:38:03,3.209,3.210251,65.15516043,26.05004609,1
12:38:04,3.209,3.210181,65.14928341,26.03318691,1
12:38:05,3.209,3.210118,65.14340639,26.01691782,1
12:38:06,3.209,3.210061,65.13752937,26.00118816,1
12:38:07,3.209,3.210009,65.13165236,25.98594427,1
12:38:08,3.209,3.209961,65.12577534,25.97114742,1
12:38:09,3.209,3.209917,65.11989832,25.95675588,1
12:38:11,3.209,3.209877,65.11402,25.94273686,1
12:38:12,3.209,3.209841,65.10814428,25.9290576,1
12:38:12,3.209,3.209807,65.10226727,25.91568828,1
12:38:13,3.209,3.209777,65.09639025,25.90261,1
12:38:15,3.209,3.209749,65.09051323,25.8897841,1
12:38:16,3.209,3.209723,65.08463621,25.87721646,1
12:38:16,3.209,3.209698,65.07875919,25.86486042,1
12:38:17,3.209,3.209676,65.07288218,25.85271299,1
12:38:18,3.209,3.209656,65.06700516,25.84075332,1
12:38:19,3.209,3.209636,65.06112814,25.82897544,1
12:38:20,3.209,3.209619,65.05525112,25.81736445,1
12:38:21,3.209,3.209602,65.0493741,25.80590546,1
12:38:22,3.209,3.209586,65.04349709,25.79459548,1
12:38:24,3.209,3.209572,65.03762007,25.78341663,1
12:38:24,3.209,3.209558,65.03174305,25.77236593,1
12:38:26,3.209,3.209545,65.02586603,25.76143444,1
12:38:26,3.209,3.209533,65.01999,25.75061619,1
12:38:28,3.209,3.209521,65.014112,25.73991,1
12:38:28,3.209,3.209511,65.00823498,25.72929859,1
12:38:29,3.209,3.2095,65.00235796,25.71878,1
12:38:30,3.209,3.20949,64.99648094,25.70836544,1
12:38:31,3.209,3.209481,64.99060392,25.69803298,1
12:38:33,3.209,3.209472,64.98472691,25.68778396,1
12:38:33,3.209,3.209463,64.97884989,25.67761838,1
12:38:34,3.209,3.209454,64.97297287,25.6675303,1
12:38:35,3.209,3.209446,64.96709585,25.65751672,1
12:38:37,3.209,3.209439,64.96121883,25.64757466,1
12:38:37,3.209,3.209431,64.95534182,25.63770413,1
12:38:38,3.209,3.209424,64.9494648,25.6279,1
12:38:40,3.209,3.209416,64.94358778,25.61816275,1
12:38:41,3.209,3.209409,64.93771076,25.60849,1
12:38:42,3.209,3.209403,64.93183374,25.59888065,1
12:38:42,3.209,3.209396,64.92596,25.58933198,1
12:38:43,3.209,3.209389,64.92007971,25.57984591,1
12:38:45,3.209,3.209383,64.91420269,25.57041943,1
12:38:46,3.209,3.209377,64.90832567,25.56105256,1
12:38:46,3.209,3.209371,64.90244865,25.55173635,1
12:38:47,3.209,3.209365,64.89657164,25.54247975,1
12:38:49,3.209,3.209359,64.89069462,25.53327382,1
12:38:50,3.209,3.209353,64.8848176,25.52412748,1
12:38:50,3.209,3.209347,64.87894058,25.51502883,1
12:38:51,3.209,3.209342,64.87306356,25.50598383,1
12:38:52,3.209,3.209336,64.86718655,25.49698949,1
12:38:54,3.209,3.209331,64.86130953,25.48804581,1
12:38:55,3.209,3.209325,64.85543251,25.4791528,1
12:38:55,3.209,3.20932,64.84955549,25.47031045,1
12:38:56,3.209,3.209314,64.84367847,25.46151876,1
12:38:58,3.209,3.209309,64.83780146,25.45277476,1
12:38:59,3.209,3.209304,64.83192,25.44408143,1
12:38:59,3.209,3.209299,64.82604742,25.43543279,1
12:39:00,3.209,3.209293,64.8201704,25.42683482,1
12:39:02,3.209,3.209288,64.81429338,25.41828,1
12:39:03,3.209,3.209283,64.80841637,25.40977597,1
12:39:04,3.209,3.209278,64.80253935,25.40131509,1
12:39:04,3.209,3.209274,64.79666233,25.39289892,1
12:39:06,3.209,3.209268,64.79078531,25.38453043,1
12:39:07,3.209,3.209264,64.78490829,25.37620664,1
12:39:08,3.209,3.209259,64.77903128,25.36793,1
12:39:09,3.209,3.209254,64.77315426,25.35969317,1
12:39:09,3.209,3.209249,64.76727724,25.35150349,1
12:39:11,3.209,3.209245,64.76140022,25.34335554,1
12:39:12,3.209,3.20924,64.7555232,25.3352493,1
12:39:12,3.209,3.209235,64.74964619,25.32718778,1
12:39:13,3.209,3.209231,64.74376917,25.31916797,1
12:39:15,3.209,3.209226,64.73789,25.31119287,1
12:39:16,3.209,3.209221,64.73201513,25.30325949,1
12:39:17,3.209,3.209217,64.72613811,25.29536784,1
12:39:18,3.209,3.209213,64.7202611,25.28751791,1
12:39:19,3.209,3.209208,64.71438408,25.2797097,1
12:39:20,3.209,3.209203,64.70850706,25.27194321,1
12:39:21,3.209,3.209199,64.70263004,25.26421845,1
12:39:21,3.209,3.209195,64.69675303,25.25653243,1
12:39:22,3.209,3.20919,64.69087601,25.24888813,1
12:39:24,3.209,3.209186,64.68499899,25.24128258,1
12:39:25,3.209,3.209182,64.67912197,25.23371875,1
12:39:26,3.209,3.209177,64.67324495,25.22619069,1
12:39:27,3.209,3.209173,64.66736794,25.21870434,1
12:39:28,3.209,3.209169,64.66149092,25.21125674,1
12:39:29,3.209,3.209165,64.6556139,25.20385,1
12:39:30,3.209,3.20916,64.64973688,25.19648075,1
12:39:30,3.209,3.209157,64.64386,25.18914938,1
12:39:32,3.209,3.209152,64.63798285,25.18185377,1
12:39:33,3.209,3.209148,64.63210583,25.17459989,1
12:39:34,3.209,3.209144,64.62622881,25.16738474,1
12:39:34,3.209,3.20914,64.62035179,25.16020536,1
12:39:36,3.209,3.209136,64.61447477,25.15306,1
12:39:37,3.209,3.209132,64.60859776,25.14596,1
12:39:38,3.209,3.209128,64.60272074,25.13889074,1
12:39:39,3.209,3.209124,64.59684372,25.1318574,1
12:39:40,3.209,3.20912,64.5909667,25.12486279,1
12:39:41,3.209,3.209116,64.58508968,25.11790395,1
12:39:42,3.209,3.209112,64.57921267,25.11098385,1
12:39:43,3.209,3.209108,64.57333565,25.10409951,1
12:39:43,3.209,3.209104,64.56745863,25.09725392,1
12:39:45,3.209,3.209101,64.56158161,25.09045005,1
12:39:46,3.209,3.209097,64.55570459,25.0836879,1
12:39:47,3.209,3.209093,64.54983,25.07696748,1
12:39:48,3.209,3.209089,64.54395056,25.07028878,1
12:39:49,3.209,3.209085,64.53807354,25.06364882,1
12:39:50,3.209,3.209082,64.53219652,25.05704463,1
12:39:51,3.209,3.209078,64.5263195,25.05047619,1
12:39:52,3.209,3.209074,64.52044249,25.04394352,1
12:39:53,3.209,3.209071,64.51456547,25.03744662,1
12:39:54,3.209,3.209067,64.50868845,25.03098547,1
12:39:55,3.208,3.209064,64.50281143,25.01590848,1
12:39:56,3.209,3.208976,64.49693441,25.01023412,1
12:39:57,3.209,3.208981,64.4910574,25.00451803,1
12:39:58,3.209,3.208985,64.48518038,24.99876469,1
12:39:59,3.209,3.208989,64.47930336,24.99297708,1
12:40:00,3.208,3.208993,64.47342634,24.97870475,1
12:40:01,3.209,3.208914,64.46754932,24.97354448,1
12:40:02,3.208,3.208924,64.46167231,24.95996058,1
12:40:03,3.208,3.208851,64.4558,24.94707555,1
12:40:04,3.208,3.208785,64.44991827,24.93481338,1
12:40:05,3.208,3.208725,64.44404125,24.92309213,1
12:40:06,3.208,3.20867,64.43816423,24.91185665,1
12:40:07,3.208,3.208621,64.43228722,24.90105778,1
12:40:08,3.208,3.208575,64.4264102,24.89060462,1
12:40:09,3.208,3.208535,64.42053318,24.88042265,1
12:40:10,3.208,3.208497,64.41465616,24.87048954,1
12:40:11,3.208,3.208463,64.40877914,24.86079633,1
12:40:12,3.208,3.208433,64.40290213,24.85132962,1
12:40:13,3.208,3.208404,64.39702511,24.84207451,1
12:40:14,3.208,3.208379,64.39114809,24.83300418,1
12:40:15,3.208,3.208355,64.38527107,24.8241201,1
12:40:16,3.208,3.208333,64.37939405,24.81540293,1
12:40:17,3.208,3.208314,64.37351704,24.80684072,1
12:40:18,3.208,3.208295,64.36764002,24.79842454,1
12:40:19,3.208,3.208279,64.36176,24.7901395,1
12:40:20,3.208,3.208263,64.35588598,24.7819826,1
12:40:21,3.208,3.208249,64.35000896,24.77394193,1
12:40:22,3.208,3.208236,64.34413195,24.76600856,1
12:40:23,3.208,3.208223,64.33825493,24.758178,1
12:40:24,3.208,3.208212,64.33237791,24.75044131,1
12:40:25,3.208,3.208201,64.32650089,24.74279,1
12:40:26,3.208,3.208192,64.32062387,24.73522723,1
12:40:27,3.208,3.208183,64.31474686,24.72773939,1
12:40:28,3.208,3.208174,64.30886984,24.72032756,1
12:40:29,3.208,3.208166,64.30299282,24.71298426,1
12:40:30,3.208,3.208158,64.2971158,24.70570654,1
12:40:31,3.208,3.208151,64.29123878,24.69849288,1
12:40:32,3.208,3.208144,64.28536177,24.69133735,1
12:40:33,3.208,3.208138,64.27948475,24.68423694,1
12:40:34,3.208,3.208131,64.27360773,24.67719316,1
12:40:35,3.208,3.208125,64.26773,24.67020154,1
12:40:36,3.208,3.20812,64.26185369,24.66325462,1
12:40:37,3.208,3.208114,64.25597668,24.65635687,1
12:40:38,3.208,3.208109,64.25009966,24.64950234,1
12:40:39,3.208,3.208104,64.24422264,24.64269251,1
12:40:40,3.208,3.208099,64.23834562,24.6359244,1
12:40:41,3.207,3.208095,64.23246861,24.62021708,1
12:40:42,3.207,3.208006,64.22659159,24.60531443,1
12:40:43,3.207,3.207927,64.22071457,24.5911181,1
12:40:44,3.207,3.207855,64.21483755,24.57755208,1
12:40:45,3.207,3.207789,64.20896053,24.5645836,1
12:40:46,3.207,3.207731,64.20308352,24.55214113,1
12:40:47,3.207,3.207677,64.1972065,24.54017848,1
12:40:48,3.207,3.207628,64.19132948,24.52863902,1
12:40:49,3.206,3.207584,64.18545246,24.50847477,1
12:40:50,3.206,3.20746,64.17957544,24.48942512,1
12:40:51,3.206,3.207348,64.1737,24.47140515,1
12:40:52,3.206,3.207247,64.16782141,24.45429116,1
12:40:53,3.206,3.207156,64.16194439,24.43799675,1
12:40:54,3.206,3.207073,64.15606737,24.42244589,1
12:40:55,3.205,3.206998,64.15019035,24.39852,1
12:40:56,3.205,3.206846,64.14431334,24.37595725,1
12:40:57,3.205,3.20671,64.13843632,24.35463369,1
12:40:58,3.205,3.206586,64.1325593,24.33445603,1
12:40:59,3.205,3.206474,64.12668228,24.31528419,1
12:41:00,3.204,3.206373,64.12080526,24.28800017,1
12:41:01,3.204,3.206197,64.11492825,24.26229715,1
12:41:02,3.204,3.206039,64.10905123,24.23802316,1
12:41:03,3.204,3.205895,64.10317421,24.21503961,1
12:41:04,3.204,3.205766,64.09729719,24.19319302,1
12:41:05,3.204,3.205649,64.09142017,24.17243868,1
12:41:06,3.204,3.205543,64.08554316,24.15263802,1
12:41:07,3.204,3.205447,64.07967,24.13367927,1
12:41:08,3.204,3.20536,64.07378912,24.11550879,1
12:41:09,3.204,3.205281,64.0679121,24.09807593,1
12:41:10,3.204,3.205209,64.06203508,24.0812853,1
12:41:11,3.204,3.205144,64.05615807,24.06508327,1
12:41:12,3.203,3.205085,64.05028105,24.0403831,1
12:41:13,3.203,3.204947,64.04440403,24.01689142,1
12:41:14,3.203,3.204823,64.03852701,23.99456054,1
12:41:15,3.203,3.20471,64.03264999,23.97324592,1
12:41:16,3.203,3.204608,64.02677298,23.95282388,1
12:41:17,3.203,3.204516,64.02089596,23.9332661,1
12:41:18,3.203,3.204432,64.01501894,23.91446531,1
12:41:19,3.203,3.204355,64.00914192,23.89635295,1
12:41:20,3.203,3.204286,64.0032649,23.87884259,1
12:41:21,3.203,3.204224,63.99738789,23.86192083,1
12:41:22,3.203,3.204166,63.99151087,23.84551764,1
12:41:23,3.202,3.204114,63.98563,23.82056415,1
12:41:24,3.202,3.203983,63.97975683,23.79679531,1
12:41:25,3.202,3.203864,63.97387981,23.77406508,1
12:41:26,3.202,3.203756,63.9680028,23.75231236,1
12:41:27,3.202,3.203658,63.96212578,23.73144776,1
12:41:28,3.202,3.20357,63.95624876,23.71138483,1
12:41:29,3.202,3.203489,63.95037174,23.69205207,1
12:41:30,3.202,3.203416,63.94449472,23.67340475,1
12:41:31,3.202,3.20335,63.93862,23.65535647,1
12:41:32,3.202,3.203289,63.93274069,23.63783121,1
12:41:33,3.202,3.203234,63.92686367,23.62082303,1
12:41:34,3.202,3.203184,63.92098665,23.60427082,1
12:41:35,3.202,3.203138,63.91510963,23.58811051,1
12:41:36,3.202,3.203096,63.90923262,23.57234806,1
12:41:37,3.202,3.203058,63.9033556,23.55692983,1
12:41:38,3.202,3.203022,63.89747858,23.54182899,1
12:41:39,3.202,3.20299,63.8916,23.52702022,1
12:41:40,3.202,3.20296,63.88572454,23.51247668,1
12:41:41,3.202,3.202933,63.87984753,23.49817753,1
12:41:42,3.202,3.202908,63.87397051,23.48408997,1
12:41:43,3.202,3.202885,63.86809349,23.47021401,1
12:41:44,3.202,3.202863,63.86221647,23.45654964,1
12:41:45,3.202,3.202843,63.85633945,23.4430626,1
12:41:46,3.202,3.202824,63.85046244,23.42973053,1
12:41:47,3.202,3.202807,63.84459,23.41655642,1
12:41:48,3.202,3.202791,63.8387084,23.40354323,1
12:41:49,3.202,3.202775,63.83283138,23.39066565,1
12:41:50,3.202,3.202761,63.82695436,23.37791473,1
12:41:51,3.202,3.202748,63.82107735,23.36528748,1
12:41:52,3.202,3.202735,63.81520033,23.35277051,1
12:41:53,3.202,3.202723,63.80932331,23.34035933,1
12:41:54,3.202,3.202712,63.80344629,23.32805097,1
12:41:55,3.202,3.202701,63.79757,23.31583798,1
12:41:56,3.202,3.202691,63.79169226,23.30371886,1
12:41:57,3.202,3.202681,63.78581524,23.29168767,1
12:41:58,3.202,3.202671,63.77993822,23.27974141,1
12:41:59,3.202,3.202662,63.7740612,23.2678622,1
12:42:00,3.202,3.202654,63.76818419,23.25607389,1
12:42:01,3.202,3.202646,63.76230717,23.2443586,1
12:42:02,3.202,3.202637,63.75643015,23.23271483,1
12:42:03,3.202,3.20263,63.75055,23.2211411,1
12:42:04,3.202,3.202622,63.74467611,23.20962548,1
12:42:05,3.202,3.202615,63.7387991,23.19818735,1
12:42:06,3.202,3.202607,63.73292208,23.18680137,1
12:42:07,3.202,3.2026,63.72704506,23.17549139,1
12:42:08,3.202,3.202594,63.72116804,23.16424102,1
12:42:09,3.202,3.202587,63.71529102,23.15305024,1
12:42:10,3.202,3.20258,63.70941401,23.1419161,1
12:42:11,3.202,3.202574,63.70354,23.13083708,1
12:42:12,3.202,3.202568,63.69765997,23.11980724,1
12:42:13,3.202,3.202561,63.69178295,23.10883403,1
12:42:14,3.202,3.202555,63.68590593,23.09792489,1
12:42:15,3.202,3.202549,63.68002892,23.0870679,1
12:42:16,3.202,3.202543,63.6741519,23.07626605,1
12:42:17,3.202,3.202538,63.66827488,23.06551337,1
12:42:18,3.202,3.202532,63.66239786,23.05481136,1
12:42:19,3.202,3.202526,63.65652,23.04416001,1
12:42:20,3.202,3.202521,63.65064383,23.03355932,1
12:42:21,3.202,3.202515,63.64476681,23.02299887,1
12:42:22,3.202,3.20251,63.63888979,23.0125,1
12:42:23,3.202,3.202504,63.63301277,23.00204188,1
12:42:24,3.202,3.202499,63.62713575,22.99163491,1
12:42:25,3.202,3.202494,63.62125874,22.98127562,1
12:42:26,3.202,3.202488,63.61538172,22.9709655,1
12:42:27,3.202,3.202483,63.6095,22.96070158,1
12:42:28,3.202,3.202478,63.60362768,22.95048386,1
12:42:29,3.202,3.202473,63.59775066,22.94031084,1
12:42:30,3.202,3.202467,63.59187365,22.9301855,1
12:42:31,3.202,3.202462,63.58599663,22.92010486,1
12:42:32,3.202,3.202457,63.58011961,22.91006893,1
12:42:33,3.202,3.202452,63.57424259,22.9000777,1
12:42:34,3.202,3.202447,63.56836557,22.89013267,1
12:42:35,3.202,3.202442,63.56249,22.88022339,1
12:42:36,3.202,3.202438,63.55661154,22.87036479,1
12:42:37,3.202,3.202433,63.55073452,22.86054343,1
12:42:38,3.202,3.202428,63.5448575,22.85077274,1
12:42:39,3.202,3.202423,63.53898048,22.8410393,1
12:42:40,3.202,3.202418,63.53310347,22.83134758,1
12:42:41,3.202,3.202414,63.52722645,22.82170653,1
12:42:42,3.202,3.202409,63.52134943,22.81211019,1
12:42:43,3.202,3.202404,63.51547,22.80255258,1
12:42:44,3.202,3.202399,63.50959539,22.79303968,1
12:42:45,3.202,3.202395,63.50371838,22.78356403,1
12:42:46,3.202,3.20239,63.49784136,22.77413458,1
12:42:47,3.202,3.202385,63.49196434,22.76474535,1
12:42:48,3.202,3.202381,63.48608732,22.75538892,1
12:42:49,3.201,3.202377,63.4802103,22.73696661,1
12:42:50,3.202,3.202287,63.47433329,22.72846848,1
12:42:51,3.202,3.202291,63.46846,22.71993607,1
12:42:52,3.202,3.202294,63.46257925,22.71137685,1
12:42:53,3.202,3.202297,63.45670223,22.70279229,1
12:42:54,3.202,3.202298,63.45082521,22.69419432,1
12:42:55,3.202,3.2023,63.4449482,22.68558294,1
12:42:56,3.202,3.2023,63.43907118,22.6769641,1
12:42:57,3.202,3.2023,63.43319416,22.66834974,1
12:42:58,3.202,3.2023,63.42731714,22.65973538,1
12:42:59,3.202,3.202299,63.42144,22.65112698,1
12:43:00,3.202,3.202298,63.41556311,22.64252901,1
12:43:01,3.202,3.202297,63.40968609,22.63394147,1
12:43:02,3.202,3.202295,63.40380907,22.62537032,1
12:43:03,3.202,3.202293,63.39793205,22.61680961,1
12:43:04,3.201,3.202291,63.39205503,22.59913981,1
12:43:05,3.202,3.202204,63.38617802,22.59139568,1
12:43:06,3.201,3.20221,63.380301,22.57443666,1
12:43:07,3.201,3.202131,63.37442,22.55822867,1
12:43:08,3.202,3.202059,63.36854696,22.55181521,1
12:43:09,3.202,3.202078,63.36266994,22.54522741,1
12:43:10,3.202,3.202095,63.35679293,22.53848314,1
12:43:11,3.201,3.202109,63.35091591,22.52246588,1
12:43:12,3.201,3.202038,63.34503889,22.50708342,1
12:43:13,3.201,3.201973,63.33916187,22.49231,1
12:43:14,3.202,3.201914,63.33328485,22.48722613,1
12:43:15,3.202,3.201945,63.32741,22.48185277,1
12:43:16,3.201,3.201972,63.32153082,22.46708125,1
12:43:17,3.201,3.201912,63.3156538,22.45285958,1
12:43:18,3.201,3.201858,63.30977678,22.43913412,1
12:43:19,3.201,3.201808,63.30389977,22.42584378,1
12:43:20,3.201,3.201763,63.29802275,22.41298407,1
12:43:21,3.201,3.201722,63.29214573,22.40048349,1
12:43:22,3.201,3.201685,63.28626871,22.38832563,1
12:43:23,3.201,3.201651,63.28039,22.37649411,1
12:43:24,3.201,3.20162,63.27451468,22.36494422,1
12:43:25,3.201,3.201591,63.26863766,22.3536551,1
12:43:26,3.201,3.201565,63.26276064,22.3426044,1
12:43:27,3.201,3.201541,63.25688362,22.33177125,1
12:43:28,3.201,3.201519,63.2510066,22.32113779,1
12:43:29,3.201,3.201499,63.24512959,22.3106876,1
12:43:30,3.201,3.201481,63.23925257,22.30040729,1
12:43:31,3.201,3.201464,63.23338,22.29028046,1
12:43:32,3.201,3.201448,63.22749853,22.28029817,1
12:43:33,3.201,3.201433,63.22162151,22.27045,1
12:43:34,3.201,3.20142,63.2157445,22.26071656,1
12:43:35,3.201,3.201407,63.20986748,22.25110084,1
12:43:36,3.201,3.201396,63.20399046,22.24160135,1
12:43:37,3.201,3.201385,63.19811344,22.2322,1
12:43:38,3.201,3.201374,63.19223642,22.22288549,1
12:43:39,3.201,3.201365,63.18636,22.21366912,1
12:43:40,3.201,3.201355,63.18048239,22.20453471,1
12:43:41,3.201,3.201347,63.17460537,22.19547778,1
12:43:42,3.201,3.201339,63.16872835,22.18649685,1
12:43:43,3.201,3.201331,63.16285133,22.17758,1
12:43:44,3.201,3.201324,63.15697432,22.16873467,1
12:43:45,3.201,3.201317,63.1510973,22.15995491,1
12:43:46,3.201,3.20131,63.14522028,22.15123326,1
12:43:47,3.201,3.201304,63.13934,22.14256525,1
12:43:48,3.201,3.201298,63.13346624,22.13395983,1
12:43:49,3.201,3.201292,63.12758923,22.12540209,1
12:43:50,3.201,3.201286,63.12171221,22.116898,1
12:43:51,3.201,3.201281,63.11583519,22.10844755,1
12:43:52,3.201,3.201275,63.10995817,22.10004628,1
12:43:53,3.201,3.20127,63.10408115,22.09169269,1
12:43:54,3.201,3.201265,63.09820414,22.08338231,1
12:43:55,3.201,3.20126,63.09233,22.07511365,1
12:43:56,3.201,3.201255,63.0864501,22.06689268,1
12:43:57,3.201,3.201251,63.08057308,22.05870897,1
12:43:58,3.2,3.201246,63.07469606,22.04139382,1
12:43:59,3.2,3.201157,63.06881905,22.02489823,1
12:44:00,3.2,3.201076,63.06294203,22.00914323,1
12:44:01,3.2,3.201003,63.05706501,21.9940573,1
12:44:02,3.2,3.200937,63.05118799,21.97957933,1
12:44:03,3.2,3.200877,63.04531,21.96563482,1
12:44:04,3.2,3.200822,63.03943396,21.95220739,1
12:44:05,3.199,3.200773,63.03355694,21.93004489,1
12:44:06,3.199,3.200643,63.02767992,21.90907449,1
12:44:07,3.199,3.200525,63.0218029,21.88918293,1
12:44:08,3.199,3.200419,63.01592588,21.87024057,1
12:44:09,3.199,3.200323,63.01004887,21.85221165,1
12:44:10,3.199,3.200236,63.00417185,21.83495611,1
12:44:11,3.198,3.200157,62.99829,21.80927396,1
12:44:12,3.198,3.200001,62.99241781,21.7850253,1
12:44:13,3.198,3.19986,62.98654079,21.76207304,1
12:44:14,3.198,3.199732,62.98066378,21.74029648,1
12:44:15,3.197,3.199616,62.97478676,21.71040475,1
12:44:16,3.197,3.199427,62.96890974,21.68225348,1
12:44:17,3.197,3.199256,62.96303272,21.65563107,1
12:44:18,3.197,3.199101,62.9571557,21.63044065,1
12:44:19,3.197,3.198961,62.95128,21.60658091,1
12:44:20,3.197,3.198834,62.94540167,21.58388495,1
12:44:21,3.196,3.19872,62.93952465,21.55307233,1
12:44:22,3.196,3.198531,62.93364763,21.5239957,1
12:44:23,3.196,3.19836,62.92777061,21.49644047,1
12:44:24,3.196,3.198206,62.9218936,21.47035152,1
12:44:25,3.196,3.198066,62.91601658,21.44550681,1
12:44:26,3.195,3.19794,62.91013956,21.41265273,1
12:44:27,3.195,3.197741,62.90426,21.38169259,1
12:44:28,3.195,3.197561,62.89838552,21.35238498,1
12:44:29,3.195,3.197397,62.89250851,21.32457644,1
12:44:30,3.195,3.19725,62.88663149,21.2981239,1
12:44:31,3.195,3.197116,62.88075447,21.27289921,1
12:44:32,3.195,3.196995,62.87487745,21.24878168,1
12:44:33,3.195,3.196886,62.86900043,21.22567147,1
12:44:34,3.195,3.196786,62.86312342,21.20343894,1
12:44:35,3.195,3.196696,62.85725,21.18203789,1
12:44:36,3.194,3.196614,62.85136938,21.15229666,1
12:44:37,3.194,3.196454,62.84549236,21.12401873,1
12:44:38,3.194,3.19631,62.83961535,21.09705955,1
12:44:39,3.194,3.196179,62.83373833,21.07129842,1
12:44:40,3.194,3.196061,62.82786131,21.04658335,1
12:44:41,3.194,3.195953,62.82198429,21.02289647,1
12:44:42,3.194,3.195856,62.81610727,21.0001,1
12:44:43,3.194,3.195767,62.81023,20.97811401,1
12:44:44,3.194,3.195687,62.80435324,20.95683217,1
12:44:45,3.194,3.195614,62.79847622,20.93625516,1
12:44:46,3.194,3.195548,62.7925992,20.91628462,1
12:44:47,3.194,3.195487,62.78672218,20.89686692,1
12:44:48,3.194,3.195431,62.78084517,20.87792903,1
12:44:49,3.194,3.195381,62.77496815,20.85948139,1
12:44:50,3.194,3.195335,62.76909113,20.84145397,1
12:44:51,3.194,3.195293,62.76321,20.82381,1
12:44:52,3.194,3.195254,62.75733709,20.80652267,1
12:44:53,3.194,3.195219,62.75146008,20.78955472,1
12:44:54,3.194,3.195186,62.74558306,20.77288777,1
12:44:55,3.194,3.195156,62.73970604,20.75647265,1
12:44:56,3.194,3.195128,62.73382902,20.74033469,1
12:44:57,3.194,3.195103,62.727952,20.72443068,1
12:44:58,3.194,3.195079,62.72207499,20.70874125,1
12:44:59,3.194,3.195057,62.7162,20.69325,1
12:45:00,3.194,3.195037,62.71032095,20.67795247,1
12:45:01,3.194,3.195018,62.70444393,20.66282332,1
12:45:02,3.194,3.195,62.69856691,20.64783275,1
12:45:03,3.194,3.194983,62.6926899,20.63301802,1
12:45:04,3.194,3.194968,62.68681288,20.61832249,1
12:45:05,3.194,3.194953,62.68093586,20.60376406,1
12:45:06,3.194,3.194939,62.67505884,20.58935016,1
12:45:07,3.194,3.194926,62.66918,20.57505548,1
12:45:08,3.194,3.194914,62.66330481,20.56087255,1
12:45:09,3.194,3.194902,62.65742779,20.54679543,1
12:45:10,3.194,3.194891,62.65155077,20.53280473,1
12:45:11,3.194,3.19488,62.64567375,20.51892728,1
12:45:12,3.194,3.19487,62.63979673,20.50514072,1
12:45:13,3.194,3.19486,62.63391972,20.49144506,1
12:45:14,3.194,3.194851,62.6280427,20.47781795,1
12:45:15,3.194,3.194842,62.62217,20.46428919,1
12:45:16,3.194,3.194833,62.61628866,20.45083791,1
12:45:17,3.194,3.194824,62.61041164,20.43746859,1
12:45:18,3.194,3.194816,62.60453463,20.42418,1
12:45:19,3.194,3.194807,62.59865761,20.41095644,1
12:45:20,3.194,3.194799,62.59278059,20.39781064,1
12:45:21,3.194,3.194791,62.58690357,20.38473636,1
12:45:22,3.194,3.194784,62.58102655,20.37172765,1
12:45:23,3.194,3.194776,62.57515,20.35878748,1
12:45:24,3.194,3.194769,62.56927252,20.34590989,1
12:45:25,3.194,3.194762,62.5633955,20.33307999,1
12:45:26,3.194,3.194755,62.55751848,20.32032758,1
12:45:27,3.194,3.194748,62.55164146,20.30764,1
12:45:28,3.194,3.194741,62.54576445,20.29500157,1
12:45:29,3.194,3.194735,62.53988743,20.28242499,1
12:45:30,3.194,3.194728,62.53401041,20.26990503,1
12:45:31,3.194,3.194722,62.52813,20.25744021,1
12:45:32,3.194,3.194716,62.52225637,20.24503052,1
12:45:33,3.194,3.19471,62.51637936,20.23267597,1
12:45:34,3.194,3.194704,62.51050234,20.22035867,1
12:45:35,3.194,3.194698,62.50462532,20.20809501,1
12:45:36,3.194,3.194692,62.4987483,20.19589841,1
12:45:37,3.194,3.194686,62.49287128,20.18375,1
12:45:38,3.194,3.19468,62.48699427,20.17166018,1
12:45:39,3.194,3.194674,62.48112,20.15961558,1
12:45:40,3.194,3.194669,62.47524023,20.14762163,1
12:45:41,3.194,3.194663,62.46936321,20.13567686,1
12:45:42,3.194,3.194657,62.46348619,20.12378275,1
12:45:43,3.194,3.194651,62.45760918,20.1119259,1
12:45:44,3.194,3.194646,62.45173216,20.10012865,1
12:45:45,3.194,3.19464,62.44585514,20.08851022,1
12:45:46,3.194,3.194635,62.43997812,20.07716894,1
12:45:47,3.194,3.19463,62.4341,20.06607801,1
12:45:48,3.194,3.194625,62.42822409,20.05520463,1
12:45:49,3.194,3.19462,62.42234707,20.04454434,1
12:45:50,3.194,3.194614,62.41647005,20.03406882,1
12:45:51,3.194,3.19461,62.41059303,20.02376318,1
12:45:52,3.194,3.194605,62.40471601,20.01359016,1
12:45:53,3.194,3.1946,62.398839,20.00356466,1
12:45:54,3.194,3.194597,62.39296198,19.99365985,1
12:45:55,3.194,3.194596,62.38708,19.98383701,1
12:45:56,3.194,3.194594,62.38120794,19.97409463,1
12:45:57,3.194,3.194593,62.37533092,19.96444315,1
12:45:58,3.194,3.194592,62.36945391,19.95486468,1
12:45:59,3.194,3.19459,62.36357689,19.94535774,1
12:46:00,3.194,3.194587,62.35769987,19.93592232,1
12:46:01,3.194,3.194585,62.35182285,19.92655545,1
12:46:02,3.194,3.194583,62.34594584,19.91725564,1
12:46:03,3.194,3.194581,62.34007,19.90801096,1
12:46:04,3.194,3.194578,62.3341918,19.89883184,1
12:46:05,3.194,3.194575,62.32831478,19.88956034,1
12:46:06,3.194,3.194572,62.32243776,19.88017112,1
12:46:07,3.194,3.194569,62.31656075,19.870691,1
12:46:08,3.194,3.194566,62.31068373,19.86110955,1
12:46:09,3.194,3.194563,62.30480671,19.85146254,1
12:46:10,3.194,3.19456,62.29892969,19.84173656,1
12:46:11,3.194,3.194556,62.29305,19.83195692,1
12:46:12,3.194,3.194552,62.28717566,19.8221311,1
12:46:13,3.194,3.194549,62.28129864,19.81227696,1
12:46:14,3.194,3.194545,62.27542162,19.80238,1
12:46:15,3.194,3.194542,62.2695446,19.79245692,1
12:46:16,3.194,3.194538,62.26366758,19.78251338,1
12:46:17,3.194,3.194534,62.25779057,19.77255642,1
12:46:18,3.194,3.194531,62.25191355,19.76258904,1
12:46:19,3.194,3.194527,62.24604,19.75261867,1
12:46:20,3.194,3.194523,62.24015951,19.74265575,1
12:46:21,3.194,3.194519,62.23428249,19.73268241,1
12:46:22,3.194,3.194515,62.22840548,19.72271502,1
12:46:23,3.194,3.194512,62.22252846,19.71275359,1
12:46:24,3.194,3.194508,62.21665144,19.70280111,1
12:46:25,3.194,3.194504,62.21077442,19.69287097,1
12:46:26,3.194,3.1945,62.2048974,19.68294382,1
12:46:27,3.194,3.194496,62.19902,19.67303008,1
12:46:28,3.194,3.194493,62.19314337,19.66313273,1
12:46:29,3.194,3.194489,62.18726635,19.65325326,1
12:46:30,3.194,3.194485,62.18138933,19.64339465,1
12:46:31,3.194,3.194481,62.17551231,19.63355541,1
12:46:32,3.194,3.194477,62.1696353,19.62373555,1
12:46:33,3.194,3.194473,62.16375828,19.61394995,1
12:46:34,3.194,3.194469,62.15788126,19.60417628,1
12:46:35,3.194,3.194466,62.152,19.59442347,1
12:46:36,3.194,3.194462,62.14612722,19.58470494,1
12:46:37,3.194,3.194458,62.14025021,19.57499981,1
12:46:38,3.194,3.194455,62.13437319,19.56532747,1
12:46:39,3.194,3.194451,62.12849617,19.55568194,1
12:46:40,3.194,3.194447,62.12261915,19.54606026,1
12:46:41,3.194,3.194443,62.11674213,19.536452,1
12:46:42,3.194,3.19444,62.11086512,19.52687055,1
12:46:43,3.194,3.194436,62.10499,19.51731443,1
12:46:44,3.194,3.194432,62.09911108,19.50778663,1
12:46:45,3.194,3.194429,62.09323406,19.49828416,1
12:46:46,3.194,3.194425,62.08735704,19.48881,1
12:46:47,3.194,3.194421,62.08148003,19.47937161,1
12:46:48,3.194,3.194417,62.07560301,19.46995109,1
12:46:49,3.194,3.194414,62.06972599,19.4605574,1
12:46:50,3.194,3.19441,62.06384897,19.45119947,1
12:46:51,3.194,3.194407,62.05797,19.44185793,1
12:46:52,3.193,3.194403,62.05209494,19.42402273,1
12:46:53,3.193,3.194315,62.04621792,19.40692514,1
12:46:54,3.193,3.194236,62.0403409,19.39052343,1
12:46:55,3.193,3.194164,62.03446388,19.37469691,1
12:46:56,3.193,3.194099,62.02858686,19.35942024,1
12:46:57,3.193,3.19404,62.02270985,19.34464276,1
12:46:58,3.193,3.193986,62.01683283,19.33031678,1
12:46:59,3.192,3.193937,62.01096,19.3078205,1
12:47:00,3.192,3.193809,62.00507879,19.28641349,1
12:47:01,3.192,3.193692,61.99920177,19.26599294,1
12:47:02,3.192,3.193587,61.99332476,19.24650073,1
12:47:03,3.192,3.193492,61.98744774,19.22777593,1
12:47:04,3.192,3.193406,61.98157072,19.20978576,1
12:47:05,3.191,3.193328,61.9756937,19.18383688,1
12:47:06,3.191,3.193173,61.96981668,19.15921122,1
12:47:07,3.191,3.193033,61.96394,19.13577765,1
12:47:08,3.191,3.192906,61.95806265,19.1134274,1
12:47:09,3.191,3.192791,61.95218563,19.09209788,1
12:47:10,3.191,3.192688,61.94630861,19.07160878,1
12:47:11,3.19,3.192594,61.94043159,19.04326081,1
12:47:12,3.19,3.192424,61.93455458,19.01636571,1
12:47:13,3.19,3.192271,61.92867756,18.99083555,1
12:47:14,3.19,3.192133,61.92280054,18.9664349,1
12:47:15,3.19,3.192008,61.91692,18.9431563,1
12:47:16,3.189,3.191894,61.9110465,18.9120993,1
12:47:17,3.189,3.191708,61.90516949,18.88265163,1
12:47:18,3.189,3.191539,61.89929247,18.8546598,1
12:47:19,3.189,3.191386,61.89341545,18.82798523,1
12:47:20,3.189,3.191247,61.88753843,18.80250275,1
12:47:21,3.188,3.191123,61.88166142,18.76944453,1
12:47:22,3.189,3.190925,61.8757844,18.74674708,1
12:47:23,3.188,3.190831,61.86991,18.71612221,1
12:47:24,3.188,3.190661,61.86403036,18.6869666,1
12:47:25,3.188,3.190508,61.85815334,18.65913868,1
12:47:26,3.188,3.190369,61.85227633,18.63251179,1
12:47:27,3.188,3.190243,61.84639931,18.60702783,1
12:47:28,3.188,3.190129,61.84052229,18.58252138,1
12:47:29,3.188,3.190026,61.83464527,18.55885535,1
12:47:30,3.188,3.189933,61.82876825,18.53604466,1
12:47:31,3.187,3.189847,61.82289,18.50513071,1
12:47:32,3.187,3.189686,61.81701422,18.47562045,1
12:47:33,3.187,3.18954,61.8111372,18.44737977,1
12:47:34,3.187,3.189408,61.80526018,18.42034906,1
12:47:35,3.187,3.189289,61.79938316,18.39435101,1
12:47:36,3.187,3.18918,61.79350615,18.36928874,1
12:47:37,3.187,3.189082,61.78762913,18.34503114,1
12:47:38,3.187,3.188993,61.78175211,18.32154989,1
12:47:39,3.187,3.188912,61.77588,18.29877496,1
12:47:40,3.187,3.188838,61.76999807,18.27664226,1
12:47:41,3.187,3.188771,61.76412106,18.25509369,1
12:47:42,3.187,3.18871,61.75824404,18.23411733,1
12:47:43,3.187,3.188654,61.75236702,18.21361929,1
12:47:44,3.187,3.188604,61.74649,18.19355786,1
12:47:45,3.187,3.188558,61.74061298,18.17385852,1
12:47:46,3.187,3.188515,61.73473597,18.15452725,1
12:47:47,3.187,3.188477,61.72886,18.13553125,1
12:47:48,3.187,3.188441,61.72298193,18.11688095,1
12:47:49,3.187,3.188409,61.71710491,18.09847504,1
12:47:50,3.187,3.188379,61.71122789,18.08036119,1
12:47:51,3.187,3.188351,61.70535088,18.06248277,1
12:47:52,3.187,3.188326,61.69947386,18.04479063,1
12:47:53,3.187,3.188302,61.69359684,18.02731,1
12:47:54,3.187,3.188281,61.68771982,18.01003814,1
12:47:56,3.187,3.18826,61.68184,17.99291223,1
12:47:57,3.187,3.188241,61.67596579,17.97595173,1
12:47:57,3.187,3.188224,61.67008877,17.95914173,1
12:47:58,3.187,3.188207,61.66421175,17.94247329,1
12:47:59,3.187,3.188192,61.65833473,17.92593747,1
12:48:00,3.187,3.188178,61.65245771,17.90953,1
12:48:01,3.187,3.188164,61.6465807,17.89325774,1
12:48:02,3.187,3.188151,61.64070368,17.87706912,1
12:48:03,3.187,3.188139,61.63483,17.86098629,1
12:48:04,3.187,3.188128,61.62894964,17.84502864,1
12:48:05,3.187,3.188117,61.62307262,17.82916039,1
12:48:06,3.187,3.188106,61.61719561,17.81338006,1
12:48:07,3.187,3.188096,61.61131859,17.79765636,1
12:48:08,3.187,3.188087,61.60544157,17.78201461,1
12:48:09,3.187,3.188078,61.59956455,17.76645035,1
12:48:10,3.187,3.188069,61.59368753,17.75096357,1
12:48:11,3.187,3.18806,61.58781,17.73557514,1
12:48:12,3.187,3.188052,61.5819335,17.72022843,1
12:48:13,3.187,3.188044,61.57605648,17.70497411,1
12:48:14,3.187,3.188036,61.57017946,17.68975705,1
12:48:15,3.187,3.188029,61.56430244,17.67460555,1
12:48:16,3.187,3.188021,61.55842543,17.65951663,1
12:48:17,3.187,3.188014,61.55254841,17.6444903,1
12:48:18,3.187,3.188007,61.54667139,17.62952358,1
12:48:19,3.187,3.188,61.54079,17.61461347,1
12:48:20,3.187,3.187994,61.53491735,17.59976149,1
12:48:21,3.187,3.187987,61.52904034,17.58496612,1
12:48:22,3.187,3.18798,61.52316332,17.57022589,1
12:48:23,3.187,3.187974,61.5172863,17.5555408,1
12:48:24,3.187,3.187968,61.51140928,17.54090935,1
12:48:25,3.187,3.187961,61.50553226,17.5263539,1
12:48:26,3.187,3.187955,61.49965525,17.51182526,1
12:48:27,3.187,3.187949,61.49378,17.49737114,1
12:48:28,3.187,3.187943,61.48790121,17.48294234,1
12:48:29,3.187,3.187937,61.48202419,17.46856421,1
12:48:30,3.187,3.187931,61.47614717,17.45426208,1
12:48:31,3.187,3.187926,61.47027016,17.44000465,1
12:48:32,3.187,3.18792,61.46439314,17.42577404,1
12:48:33,3.187,3.187914,61.45851612,17.41161,1
12:48:34,3.187,3.187908,61.4526391,17.39747971,1
12:48:35,3.187,3.187902,61.44676,17.38339514,1
12:48:36,3.187,3.187897,61.44088507,17.36935824,1
12:48:37,3.187,3.187891,61.43500805,17.35537052,1
12:48:38,3.187,3.187886,61.42913103,17.34143049,1
12:48:39,3.187,3.18788,61.42325401,17.32753664,1
12:48:40,3.187,3.187875,61.417377,17.31371433,1
12:48:41,3.187,3.187869,61.41149998,17.29993522,1
12:48:42,3.187,3.187864,61.40562296,17.28617996,1
12:48:43,3.187,3.187859,61.39975,17.27249175,1
12:48:44,3.187,3.187853,61.39386892,17.25882739,1
12:48:45,3.187,3.187848,61.38799191,17.24521071,1
12:48:46,3.187,3.187842,61.38211489,17.23164022,1
12:48:47,3.187,3.187837,61.37623787,17.21811593,1
12:48:48,3.187,3.187832,61.37036085,17.2046572,1
12:48:49,3.187,3.187827,61.36448383,17.19122231,1
12:48:50,3.187,3.187821,61.35860682,17.17783213,1
12:48:51,3.187,3.187816,61.35273,17.16448814,1
12:48:52,3.187,3.187811,61.34685278,17.15119034,1
12:48:53,3.187,3.187806,61.34097576,17.13793874,1
12:48:54,3.187,3.187801,61.33509874,17.12473035,1
12:48:55,3.187,3.187795,61.32922173,17.11156815,1
12:48:56,3.187,3.18779,61.32334471,17.09844917,1
12:48:57,3.187,3.187785,61.31746769,17.08537638,1
12:48:58,3.186,3.18778,61.31159067,17.0631811,1
12:48:59,3.187,3.187691,61.30571,17.0509696,1
12:49:00,3.187,3.187694,61.29983664,17.03874171,1
12:49:01,3.187,3.187696,61.29395962,17.02647,1
12:49:02,3.187,3.187698,61.2880826,17.0141831,1
12:49:03,3.187,3.187699,61.28220558,17.00188369,1
12:49:04,3.187,3.1877,61.27632856,16.98957682,1
12:49:05,3.187,3.1877,61.27045155,16.97728783,1
12:49:06,3.187,3.187699,61.26457453,16.96500033,1
12:49:07,3.187,3.187698,61.2587,16.95269793,1
12:49:08,3.187,3.187697,61.25282049,16.94040596,1
12:49:09,3.187,3.187696,61.24694347,16.92812741,1
12:49:10,3.186,3.187693,61.24106646,16.90666229,1
12:49:11,3.186,3.187607,61.23518944,16.88598841,1
12:49:12,3.186,3.187528,61.22931242,16.86607301,1
12:49:13,3.186,3.187457,61.2234354,16.84680283,1
12:49:14,3.186,3.187393,61.21755838,16.82808399,1
12:49:15,3.186,3.187334,61.21168,16.80990458,1
12:49:16,3.186,3.187281,61.20580435,16.79221541,1
12:49:17,3.186,3.187232,61.19992733,16.77497178,1
12:49:18,3.186,3.187188,61.19405031,16.75813496,1
12:49:19,3.186,3.187147,61.18817329,16.74166918,1
12:49:20,3.186,3.18711,61.18229628,16.72554165,1
12:49:21,3.186,3.187077,61.17641926,16.7097494,1
12:49:22,3.186,3.187045,61.17054224,16.69421345,1
12:49:23,3.186,3.187017,61.16467,16.67893529,1
12:49:24,3.186,3.186991,61.1587882,16.66392088,1
12:49:25,3.186,3.186967,61.15291119,16.64910018,1
12:49:26,3.186,3.186945,61.14703417,16.63448215,1
12:49:27,3.186,3.186925,61.14115715,16.62004888,1
12:49:28,3.186,3.186906,61.13528013,16.60579145,1
12:49:29,3.186,3.186888,61.12940311,16.59169,1
12:49:30,3.186,3.186872,61.1235261,16.5777415,1
12:49:31,3.186,3.186857,61.11765,16.56392962,1
12:49:32,3.186,3.186843,61.11177206,16.55024737,1
12:49:33,3.186,3.18683,61.10589504,16.53668433,1
12:49:34,3.186,3.186817,61.10001802,16.52323604,1
12:49:35,3.186,3.186806,61.09414101,16.50990993,1
12:49:36,3.186,3.186795,61.08826399,16.4966628,1
12:49:37,3.186,3.186784,61.08238697,16.4835304,1
12:49:38,3.186,3.186774,61.07650995,16.47048742,1
12:49:39,3.186,3.186765,61.07063,16.45750552,1
12:49:40,3.186,3.186756,61.06475592,16.4446041,1
12:49:41,3.186,3.186748,61.0588789,16.43178016,1
12:49:42,3.186,3.18674,61.05300188,16.41903222,1
12:49:43,3.186,3.186732,61.04712486,16.40637219,1
12:49:44,3.186,3.186725,61.04124784,16.39375985,1
12:49:45,3.186,3.186718,61.03537083,16.38122946,1
12:49:46,3.186,3.186711,61.02949381,16.36874378,1
12:49:47,3.186,3.186704,61.02362,16.35633409,1
12:49:48,3.186,3.186697,61.01773977,16.34398401,1
12:49:49,3.186,3.186691,61.01186275,16.33167118,1
12:49:50,3.186,3.186685,61.00598574,16.31942987,1
12:49:51,3.186,3.186679,61.00010872,16.30722731,1
12:49:52,3.186,3.186673,60.9942317,16.2950933,1
12:49:53,3.186,3.186668,60.98835468,16.28299356,1
12:49:54,3.185,3.186662,60.98247766,16.26161635,1
12:49:55,3.185,3.186572,60.9766,16.24107212,1
12:49:56,3.185,3.186491,60.97072363,16.22132361,1
12:49:57,3.185,3.186417,60.96484661,16.2022233,1
12:49:58,3.185,3.18635,60.95896959,16.18374288,1
12:49:59,3.185,3.186289,60.95309258,16.16583019,1
12:50:00,3.184,3.186234,60.94721556,16.13915563,1
12:50:01,3.184,3.186099,60.94133854,16.1137253,1
12:50:02,3.184,3.185977,60.93546152,16.08937383,1
12:50:03,3.184,3.185867,60.92958,16.06605053,1
12:50:04,3.184,3.185767,60.92370749,16.04370326,1
12:50:05,3.184,3.185677,60.91783047,16.02215022,1
12:50:06,3.184,3.185594,60.91195345,16.0013631,1
12:50:07,3.184,3.18552,60.90607643,15.98127037,1
12:50:08,3.184,3.185452,60.90019941,15.96181095,1
12:50:09,3.183,3.185391,60.8943224,15.93357176,1
12:50:10,3.183,3.185251,60.88844538,15.90664089,1
12:50:11,3.183,3.185123,60.88257,15.88089615,1
12:50:12,3.183,3.185009,60.87669134,15.85621983,1
12:50:13,3.183,3.184905,60.87081432,15.83251655,1
12:50:14,3.182,3.18481,60.86493731,15.80032855,1
12:50:15,3.182,3.18464,60.85906029,15.76972455,1
12:50:16,3.182,3.184487,60.85318327,15.74061662,1
12:50:17,3.182,3.184348,60.84730625,15.71279913,1
12:50:18,3.182,3.184222,60.84142923,15.68609178,1
12:50:19,3.181,3.184108,60.83555,15.65107107,1
12:50:20,3.181,3.18392,60.8296752,15.61780721,1
12:50:21,3.181,3.18375,60.82379818,15.58613032,1
12:50:22,3.181,3.183597,60.81792116,15.55595249,1
12:50:23,3.181,3.183458,60.81204414,15.52700549,1
12:50:24,3.181,3.183332,60.80616713,15.49929231,1
12:50:25,3.181,3.183218,60.80029011,15.47258496,1
12:50:26,3.18,3.183115,60.79441309,15.4374525,1
12:50:27,3.18,3.182936,60.78854,15.40398896,1
12:50:28,3.18,3.182775,60.78265905,15.37210196,1
12:50:29,3.18,3.182629,60.77678204,15.34150839,1
12:50:30,3.18,3.182497,60.77090502,15.31221569,1
12:50:31,3.18,3.182378,60.765028,15.2839765,1
12:50:32,3.18,3.182269,60.75915098,15.25675356,1
12:50:33,3.18,3.18217,60.75327396,15.23051113,1
12:50:34,3.18,3.182081,60.74739695,15.20504802,1
12:50:35,3.18,3.182,60.74152,15.18034488,1
12:50:36,3.18,3.181926,60.73564291,15.15638232,1
12:50:37,3.18,3.181859,60.72976589,15.13304561,1
12:50:38,3.18,3.181798,60.72388887,15.11023194,1
12:50:39,3.18,3.181741,60.71801186,15.08798897,1
12:50:40,3.18,3.181691,60.71213484,15.06236047,1
12:50:41,3.18,3.181643,60.70625782,15.03237486,1
12:50:42,3.18,3.181597,60.7003808,14.99798447,1
12:50:43,3.18,3.181544,60.6945,14.95951116,1
12:50:44,3.18,3.181458,60.68862677,14.91819769,1
12:50:45,3.18,3.181376,60.68274975,14.87501562,1
12:50:46,3.18,3.1813,60.67687273,14.83497471,1
12:50:47,3.18,3.181235,60.67099571,14.79914635,1
12:50:48,3.18,3.181181,60.66511869,14.76661712,1
12:50:49,3.18,3.181137,60.65924168,14.73673582,1
12:50:50,3.18,3.181099,60.65336466,14.70899731,1
12:50:51,3.18,3.181066,60.64749,14.68305737,1
12:50:52,3.18,3.181038,60.64161062,14.65863287,1
12:50:53,3.18,3.181013,60.6357336,14.6354571,1
12:50:54,3.18,3.180991,60.62985659,14.61338252,1
12:50:55,3.18,3.180971,60.62397957,14.59223479,1
12:50:56,3.18,3.180953,60.61810255,14.57188874,1
12:50:57,3.18,3.180937,60.61222553,14.55224603,1
12:50:58,3.18,3.180921,60.60634851,14.53320384,1
12:50:59,3.18,3.180907,60.60047,14.51472342,1
12:51:00,3.18,3.180894,60.59459448,14.4967258,1
12:51:01,3.18,3.180882,60.58871746,14.47916329,1
12:51:02,3.18,3.18087,60.58284044,14.46197182,1
12:51:03,3.18,3.180858,60.57696342,14.4451499,1
12:51:04,3.18,3.180847,60.57108641,14.42864686,1
12:51:05,3.18,3.180837,60.56520939,14.41241801,1
12:51:06,3.18,3.180827,60.55933237,14.39647228,1
12:51:07,3.18,3.180817,60.55346,14.38076943,1
12:51:08,3.18,3.180807,60.54757833,14.36529607,1
12:51:09,3.18,3.180798,60.54170132,14.35003132,1
12:51:10,3.18,3.180789,60.5358243,14.33494985,1
12:51:11,3.18,3.18078,60.52994728,14.32006508,1
12:51:12,3.18,3.180771,60.52407026,14.30535465,1
12:51:13,3.18,3.180762,60.51819324,14.29080665,1
12:51:14,3.18,3.180753,60.51231623,14.2764017,1
12:51:15,3.18,3.180745,60.50644,14.26215619,1
12:51:16,3.18,3.180737,60.50056219,14.24804926,1
12:51:17,3.18,3.180728,60.49468517,14.23406452,1
12:51:18,3.18,3.18072,60.48880816,14.22022432,1
12:51:19,3.18,3.180712,60.48293114,14.20650929,1
12:51:20,3.18,3.180704,60.47705412,14.19291347,1
12:51:21,3.18,3.180696,60.4711771,14.17942,1
12:51:22,3.18,3.180688,60.46530008,14.1660437,1
12:51:23,3.18,3.18068,60.45942,14.15278763,1
12:51:24,3.18,3.180672,60.45354605,14.13963884,1
12:51:25,3.18,3.180664,60.44766903,14.12658095,1
12:51:26,3.18,3.180656,60.44179201,14.1136378,1
12:51:27,3.18,3.180649,60.43591499,14.10077959,1
12:51:28,3.18,3.180641,60.43003798,14.08803314,1
12:51:29,3.18,3.180634,60.42416096,14.07538205,1
12:51:30,3.18,3.180626,60.41828394,14.06282336,1
12:51:31,3.18,3.180619,60.41241,14.05034661,1
12:51:32,3.18,3.180611,60.4065299,14.03797269,1
12:51:33,3.18,3.180604,60.40065289,14.02569,1
12:51:34,3.18,3.180596,60.39477587,14.01349306,1
12:51:35,3.18,3.180589,60.38889885,14.00137395,1
12:51:36,3.18,3.180582,60.38302183,13.9893502,1
12:51:37,3.18,3.180575,60.37714481,13.97740245,1
12:51:38,3.18,3.180568,60.3712678,13.96554708,1
12:51:39,3.18,3.180561,60.36539,13.95377368,1
12:51:40,3.18,3.180553,60.35951376,13.94208372,1
12:51:41,3.179,3.180547,60.35363674,13.91997933,1
12:51:42,3.18,3.18045,60.34775972,13.90938461,1
12:51:43,3.179,3.180452,60.34188271,13.88830394,1
12:51:44,3.179,3.180364,60.33600569,13.86816204,1
12:51:45,3.18,3.180284,60.33012867,13.85931671,1
12:51:46,3.179,3.180301,60.32425165,13.83986,1
12:51:47,3.179,3.180226,60.31837,13.82120699,1
12:51:48,3.179,3.180158,60.31249762,13.8032496,1
12:51:49,3.179,3.180097,60.3066206,13.78594786,1
12:51:50,3.179,3.18004,60.30074358,13.76924813,1
12:51:51,3.179,3.179989,60.29486656,13.7531057,1
12:51:52,3.179,3.179942,60.28898954,13.7374416,1
12:51:53,3.179,3.1799,60.28311253,13.7222454,1
12:51:54,3.179,3.179861,60.27723551,13.70745,1
12:51:55,3.179,3.179825,60.27136,13.69303912,1
12:51:56,3.179,3.179792,60.26548147,13.67896497,1
12:51:57,3.179,3.179762,60.25960445,13.66520971,1
12:51:58,3.179,3.179734,60.25372744,13.65175843,1
12:51:59,3.179,3.179709,60.24785042,13.63857687,1
12:52:00,3.179,3.179685,60.2419734,13.62563223,1
12:52:01,3.179,3.179664,60.23609638,13.61291707,1
12:52:02,3.179,3.179643,60.23021936,13.60042989,1
12:52:03,3.179,3.179624,60.22434,13.58813345,1
12:52:04,3.179,3.179606,60.21846533,13.57602328,1
12:52:05,3.179,3.17959,60.21258831,13.5640949,1
12:52:06,3.179,3.179575,60.20671129,13.55232,1
12:52:07,3.179,3.17956,60.20083427,13.54070008,1
12:52:08,3.179,3.179547,60.19495726,13.5292232,1
12:52:09,3.178,3.179534,60.18908024,13.5076493,1
12:52:10,3.178,3.179432,60.18320322,13.48715,1
12:52:11,3.178,3.17934,60.17733,13.46759349,1
12:52:12,3.178,3.179257,60.17144918,13.44887614,1
12:52:13,3.178,3.179182,60.16557217,13.43095601,1
12:52:14,3.177,3.179114,60.15969515,13.40355277,1
12:52:15,3.177,3.178962,60.15381813,13.37770224,1
12:52:16,3.177,3.178826,60.14794111,13.35325,1
12:52:17,3.177,3.178702,60.14206409,13.33006918,1
12:52:18,3.176,3.178591,60.13618708,13.29782903,1
12:52:19,3.176,3.178401,60.13031,13.26758116,1
12:52:20,3.176,3.178229,60.12443304,13.23908865,1
12:52:21,3.176,3.178074,60.11855602,13.21214736,1
12:52:22,3.175,3.177934,60.112679,13.17654,1
12:52:23,3.175,3.177718,60.10680199,13.14312369,1
12:52:24,3.175,3.177523,60.10092497,13.11165839,1
12:52:25,3.174,3.177348,60.09504795,13.07191104,1
12:52:26,3.174,3.1771,60.08917093,13.03468496,1
12:52:27,3.174,3.176876,60.08329,12.99973577,1
12:52:28,3.174,3.176675,60.0774169,12.9668355,1
12:52:29,3.174,3.176492,60.07153988,12.93575168,1
12:52:30,3.174,3.176328,60.06566286,12.90638,1
12:52:31,3.174,3.176179,60.05978584,12.8785193,1
12:52:32,3.174,3.176045,60.05390882,12.85203,1
12:52:33,3.174,3.175923,60.04803181,12.82673478,1
12:52:34,3.174,3.175813,60.04215479,12.80259639,1
12:52:35,3.174,3.175713,60.03628,12.77947128,1
12:52:36,3.173,3.175623,60.03040075,12.74716407,1
12:52:37,3.173,3.175452,60.02452374,12.71663755,1
12:52:38,3.173,3.175297,60.01864672,12.68767565,1
12:52:39,3.173,3.175157,60.0127697,12.6600951,1
12:52:40,3.173,3.17503,60.00689268,12.633802,1
12:52:41,3.173,3.174915,60.00101566,12.60867566,1
12:52:42,3.173,3.174812,59.99513865,12.58462965,1
12:52:43,3.173,3.174717,59.98926,12.5615105,1
12:52:44,3.173,3.174632,59.98338461,12.53928393,1
12:52:45,3.173,3.174554,59.97750759,12.51783967,1
12:52:46,3.173,3.174483,59.97163057,12.49711141,1
12:52:47,3.173,3.174419,59.96575356,12.47703582,1
12:52:48,3.173,3.17436,59.95987654,12.45753393,1
12:52:49,3.173,3.174306,59.95399952,12.43857443,1
12:52:50,3.173,3.174257,59.9481225,12.42013499,1
12:52:51,3.173,3.174212,59.94225,12.40214854,1
12:52:52,3.173,3.174171,59.93636847,12.38458082,1
12:52:53,3.173,3.174133,59.93049145,12.36737818,1
12:52:54,3.173,3.174098,59.92461443,12.3505272,1
12:52:55,3.173,3.174066,59.91873741,12.33400553,1
12:52:56,3.173,3.174036,59.91286039,12.31778413,1
12:52:57,3.173,3.174008,59.90698338,12.30186149,1
12:52:58,3.173,3.173983,59.90110636,12.28619665,1
12:52:59,3.173,3.173959,59.89523,12.27077246,1
12:53:00,3.173,3.173937,59.88935232,12.25557178,1
12:53:01,3.173,3.173916,59.8834753,12.24058121,1
12:53:02,3.173,3.173897,59.87759829,12.22578809,1
12:53:03,3.173,3.173878,59.87172127,12.21118048,1
12:53:04,3.173,3.173861,59.86584425,12.19674647,1
12:53:05,3.173,3.173845,59.85996723,12.18246669,1
12:53:06,3.173,3.173829,59.85409021,12.16835529,1
12:53:07,3.173,3.173815,59.84821,12.15438098,1
12:53:08,3.173,3.173801,59.84233618,12.14056,1
12:53:09,3.173,3.173787,59.83645916,12.12687418,1
12:53:10,3.173,3.173775,59.83058214,12.11330444,1
12:53:11,3.173,3.173762,59.82470512,12.09986135,1
12:53:12,3.173,3.173751,59.81882811,12.08654717,1
12:53:13,3.173,3.173739,59.81295109,12.07333729,1
12:53:14,3.173,3.173729,59.80707407,12.06024811,1
12:53:15,3.173,3.173718,59.8012,12.04725653,1
12:53:16,3.173,3.173708,59.79532003,12.03437746,1
12:53:17,3.173,3.173698,59.78944302,12.02159971,1
12:53:18,3.173,3.173688,59.783566,12.00890765,1
12:53:19,3.173,3.173679,59.77768898,11.99632362,1
12:53:20,3.173,3.17367,59.77181196,11.9838208,1
12:53:21,3.173,3.173661,59.76593494,11.97140813,1
12:53:23,3.173,3.173652,59.76005793,11.9590953,1
12:53:23,3.173,3.173644,59.75418,11.94686815,1
12:53:24,3.173,3.173635,59.74830389,11.93471551,1
12:53:25,3.173,3.173627,59.74242687,11.92265078,1
12:53:27,3.173,3.173619,59.73654985,11.91066578,1
12:53:27,3.173,3.173611,59.73067284,11.89877242,1
12:53:28,3.173,3.173603,59.72479582,11.88695803,1
12:53:29,3.173,3.173595,59.7189188,11.87521368,1
12:53:31,3.173,3.173588,59.71304178,11.86355352,1
12:53:32,3.173,3.17358,59.70716,11.8519634,1
12:53:32,3.173,3.173573,59.70128775,11.84045449,1
12:53:33,3.173,3.173565,59.69541073,11.82901338,1
12:53:35,3.173,3.173558,59.68953371,11.81765273,1
12:53:36,3.173,3.17355,59.68365669,11.80636659,1
12:53:36,3.173,3.173543,59.67777967,11.795149,1
12:53:37,3.173,3.173536,59.67190266,11.78400293,1
12:53:38,3.173,3.173529,59.66602564,11.77292,1
12:53:40,3.173,3.173522,59.66015,11.76191419,1
12:53:40,3.173,3.173515,59.6542716,11.75097898,1
12:53:41,3.173,3.173508,59.64839458,11.74010485,1
12:53:42,3.172,3.173502,59.64251757,11.71947345,1
12:53:43,3.173,3.173406,59.63664055,11.7096059,1
12:53:44,3.172,3.173409,59.63076353,11.68992147,1
12:53:45,3.173,3.173321,59.62488651,11.68089658,1
12:53:46,3.173,3.173331,59.61900949,11.67177856,1
12:53:47,3.173,3.173339,59.61313,11.66257933,1
12:53:48,3.172,3.173346,59.60725546,11.64352447,1
12:53:49,3.172,3.173262,59.60137844,11.62529141,1
12:53:50,3.173,3.173186,59.59550142,11.61759,1
12:53:51,3.172,3.173206,59.5896244,11.59990653,1
12:53:53,3.172,3.173135,59.58374739,11.58292145,1
12:53:53,3.172,3.17307,59.57787037,11.56657338,1
12:53:54,3.172,3.173012,59.57199335,11.55078858,1
12:53:55,3.172,3.172958,59.56612,11.53552756,1
12:53:56,3.172,3.172909,59.56023932,11.52074859,1
12:53:57,3.172,3.172865,59.5543623,11.50642112,1
12:53:58,3.172,3.172824,59.54848528,11.49249151,1
12:53:59,3.172,3.172787,59.54260826,11.47892401,1
12:54:00,3.172,3.172754,59.53673124,11.46568879,1
12:54:02,3.172,3.172722,59.53085423,11.4527598,1
12:54:02,3.172,3.172694,59.52497721,11.44011095,1
12:54:03,3.172,3.172668,59.5191,11.42771989,1
12:54:04,3.172,3.172643,59.51322317,11.41556725,1
12:54:06,3.172,3.172621,59.50734615,11.40362546,1
12:54:06,3.172,3.1726,59.50146914,11.39189899,1
12:54:07,3.172,3.172581,59.49559212,11.38036028,1
12:54:08,3.172,3.172563,59.4897151,11.36899889,1
12:54:10,3.172,3.172546,59.48383808,11.35779098,1
12:54:11,3.172,3.17253,59.47796106,11.34674847,1
12:54:11,3.172,3.172516,59.47208,11.33584827,1
12:54:12,3.172,3.172502,59.46620703,11.32507399,1
12:54:13,3.172,3.172489,59.46033001,11.31443679,1
12:54:15,3.172,3.172477,59.45445299,11.30391881,1
12:54:15,3.172,3.172465,59.44857597,11.29351482,1
12:54:16,3.172,3.172454,59.44269896,11.28321216,1
12:54:17,3.172,3.172444,59.43682194,11.27301976,1
12:54:19,3.172,3.172434,59.43094492,11.26291677,1
12:54:19,3.172,3.172424,59.42507,11.25291362,1
12:54:20,3.172,3.172415,59.41919088,11.24299541,1
12:54:21,3.171,3.172406,59.41331387,11.22341305,1
12:54:22,3.171,3.172309,59.40743685,11.20477989,1
12:54:24,3.171,3.172221,59.40155983,11.18700877,1
12:54:24,3.171,3.172142,59.39568281,11.17003039,1
12:54:25,3.171,3.172069,59.38980579,11.15375534,1
12:54:27,3.17,3.172004,59.38392878,11.12836823,1
12:54:28,3.17,3.171856,59.37805,11.1044541,1
12:54:28,3.17,3.171722,59.37217474,11.08184382,1
12:54:29,3.17,3.171601,59.36629772,11.06038615,1
12:54:30,3.169,3.171491,59.3604207,11.03026941,1
12:54:32,3.169,3.171304,59.35454369,11.00201458,1
12:54:33,3.169,3.171135,59.34866667,10.97540483,1
12:54:33,3.169,3.170982,59.34278965,10.95027849,1
12:54:34,3.168,3.170844,59.33691263,10.91674045,1
12:54:36,3.168,3.17063,59.33104,10.88528559,1
12:54:37,3.168,3.170438,59.3251586,10.8557418,1
12:54:38,3.168,3.170264,59.31928158,10.82788408,1
12:54:38,3.167,3.170108,59.31340456,10.7918404,1
12:54:40,3.167,3.169877,59.30752754,10.75803563,1
12:54:41,3.167,3.169669,59.30165052,10.72621122,1
12:54:42,3.167,3.169482,59.29577351,10.69625095,1
12:54:43,3.167,3.169312,59.28989649,10.66793427,1
12:54:44,3.167,3.169159,59.28402,10.64110324,1
12:54:45,3.167,3.169021,59.27814245,10.6156148,1
12:54:46,3.166,3.168896,59.27226543,10.58163568,1
12:54:47,3.166,3.168694,59.26638842,10.54961756,1
12:54:48,3.166,3.168512,59.2605114,10.51937044,1
12:54:49,3.166,3.168347,59.25463438,10.49071997,1
12:54:50,3.166,3.168198,59.24875736,10.46348438,1
12:54:51,3.166,3.168064,59.24288034,10.43758914,1
12:54:52,3.165,3.167942,59.237,10.40313095,1
12:54:53,3.165,3.167743,59.23112631,10.3706494,1
12:54:54,3.165,3.167563,59.22524929,10.33990905,1
12:54:55,3.165,3.167401,59.21937227,10.31071171,1
12:54:56,3.165,3.167254,59.21349525,10.28294191,1
12:54:57,3.165,3.167121,59.20761824,10.25649607,1
12:54:58,3.165,3.167001,59.20174122,10.23121476,1
12:54:59,3.165,3.166892,59.1958642,10.20696238,1
12:55:00,3.165,3.166794,59.18999,10.18369719,1
12:55:01,3.165,3.166704,59.18411016,10.16127691,1
12:55:02,3.165,3.166623,59.17823315,10.13967171,1
12:55:03,3.165,3.166548,59.17235613,10.1187855,1
12:55:04,3.165,3.166481,59.16647911,10.09853408,1
12:55:05,3.165,3.16642,59.16060209,10.06328166,1
12:55:06,3.165,3.166353,59.15472507,9.988328069,1
12:55:07,3.165,3.165845,59.14884806,9.945904464,1
12:55:08,3.165,3.164789,59.14297,9.945713729,1
12:55:09,3.165,3.16485,59.13709402,9.942533821,1
12:55:10,3.165,3.164832,59.131217,9.939039499,1
12:55:11,3.165,3.164807,59.12533998,9.935525805,1
12:55:12,3.165,3.16478,59.11946297,9.932082146,1
12:55:13,3.165,3.164755,59.11358595,9.928736091,1
12:55:14,3.165,3.164732,59.10770893,9.925498813,1
12:55:15,3.165,3.164713,59.10183191,9.922367334,1
12:55:16,3.165,3.164695,59.09595,9.919340909,1
12:55:17,3.165,3.16468,59.09007788,9.916406125,1
12:55:18,3.165,3.164666,59.08420086,9.913556278,1
12:55:19,3.165,3.164654,59.07832384,9.910786152,1
12:55:20,3.165,3.164644,59.07244682,9.908089787,1
12:55:21,3.165,3.164634,59.06656981,9.905458242,1
12:55:22,3.165,3.164626,59.06069279,9.902884066,1
12:55:23,3.165,3.164618,59.05481577,9.900333732,1
12:55:24,3.165,3.16461,59.04894,9.897821397,1
12:55:25,3.165,3.164602,59.04306173,9.89535749,1
12:55:26,3.165,3.164595,59.03718472,9.892941,1
12:55:27,3.165,3.164588,59.0313077,9.890574217,1
12:55:28,3.165,3.164582,59.02543068,9.888256341,1
12:55:29,3.165,3.164576,59.01955366,9.885983914,1
12:55:30,3.165,3.16457,59.01367664,9.883758426,1
12:55:31,3.165,3.164566,59.00779963,9.88157317,1
12:55:32,3.165,3.16456,59.00192,9.879431874,1
12:55:33,3.165,3.164556,58.99604559,9.8773323,1
12:55:34,3.165,3.164551,58.99016857,9.875274,1
12:55:35,3.165,3.164546,58.98429155,9.873252362,1
12:55:36,3.165,3.164542,58.97841454,9.871270508,1
12:55:37,3.165,3.164538,58.97253752,9.869326651,1
12:55:38,3.165,3.164533,58.9666605,9.867420048,1
12:55:39,3.165,3.16453,58.96078348,9.865547717,1
12:55:40,3.165,3.164526,58.95491,9.863711149,1
12:55:41,3.165,3.164522,58.94902945,9.861908108,1
12:55:42,3.165,3.164518,58.94315243,9.86014083,1
12:55:43,3.165,3.164514,58.93727541,9.85840559,1
12:55:44,3.165,3.16451,58.93139839,9.856703877,1
12:55:45,3.165,3.164507,58.92552137,9.855032,1
12:55:46,3.165,3.164503,58.91964436,9.853391349,1
12:55:47,3.165,3.1645,58.91376734,9.851782769,1
12:55:48,3.165,3.164496,58.90789,9.850203991,1
12:55:49,3.165,3.164493,58.9020133,9.84865427,1
12:55:50,3.165,3.16449,58.89613628,9.847134352,1
12:55:51,3.165,3.164487,58.89025927,9.845639765,1
12:55:52,3.165,3.164484,58.88438225,9.844174981,1
12:55:53,3.165,3.16448,58.87850523,9.842737764,1
12:55:54,3.165,3.164478,58.87262821,9.841325134,1
12:55:55,3.165,3.164474,58.86675119,9.83994,1
12:55:56,3.165,3.164472,58.86087,9.83858034,1
12:55:57,3.165,3.164469,58.85499716,9.837248176,1
12:55:58,3.165,3.164466,58.84912014,9.835941344,1
12:55:59,3.165,3.164463,58.84324312,9.834655374,1
12:56:00,3.165,3.16446,58.8373661,9.833396971,1
12:56:01,3.165,3.164458,58.83148909,9.832161665,1
12:56:02,3.165,3.164455,58.82561207,9.830947965,1
12:56:03,3.165,3.164453,58.81973505,9.829756618,1
12:56:04,3.165,3.16445,58.81386,9.828589112,1
12:56:05,3.165,3.164448,58.80798101,9.827442467,1
12:56:06,3.165,3.164445,58.802104,9.826315194,1
12:56:07,3.165,3.164443,58.79622698,9.825208783,1
12:56:08,3.165,3.16444,58.79034996,9.824125469,1
12:56:09,3.165,3.164438,58.78447294,9.823060781,1
12:56:10,3.165,3.164436,58.77859592,9.822014719,1
12:56:11,3.165,3.164434,58.77271891,9.820990264,1
12:56:12,3.165,3.164432,58.76684,9.819984,1
12:56:13,3.165,3.164429,58.76096487,9.818997979,1
12:56:14,3.165,3.164428,58.75508785,9.818027914,1
12:56:15,3.165,3.164425,58.74921083,9.817076474,1
12:56:16,3.165,3.164423,58.74333382,9.816142172,1
12:56:17,3.165,3.164421,58.7374568,9.81522724,1
12:56:18,3.165,3.164419,58.73157978,9.8143287,1
12:56:19,3.165,3.164418,58.72570276,9.813444316,1
12:56:20,3.165,3.164416,58.71983,9.812577069,1
12:56:21,3.165,3.164414,58.71394873,9.811726213,1
12:56:22,3.165,3.164412,58.70807171,9.810892493,1
12:56:23,3.165,3.16441,58.70219469,9.810073674,1
12:56:24,3.165,3.164409,58.69631767,9.809269011,1
12:56:25,3.165,3.164407,58.69044065,9.808479249,1
12:56:26,3.165,3.164405,58.68456364,9.807706,1
12:56:27,3.165,3.164404,58.67868662,9.806945175,1
12:56:28,3.165,3.164402,58.67281,9.806199372,1
12:56:29,3.165,3.164401,58.66693258,9.805466235,1
12:56:30,3.165,3.164399,58.66105556,9.804747254,1
12:56:31,3.165,3.164397,58.65517855,9.804043174,1
12:56:32,3.164,3.164396,58.64930153,9.794767946,1
12:56:33,3.164,3.164133,58.64342451,9.787745774,1
12:56:34,3.165,3.163939,58.63754749,9.790973365,1
12:56:35,3.165,3.164057,58.63167048,9.793192893,1
12:56:36,3.165,3.164143,58.62579,9.794671834,1
12:56:37,3.165,3.164207,58.61991644,9.795606881,1
12:56:38,3.165,3.164253,58.61403942,9.796143,1
12:56:39,3.165,3.164287,58.6081624,9.796388447,1
12:56:40,3.165,3.164312,58.60228539,9.79642123,1
12:56:41,3.165,3.16433,58.59640837,9.79629904,1
12:56:42,3.165,3.164342,58.59053135,9.796068817,1
12:56:43,3.164,3.164352,58.58465433,9.787171334,1
12:56:44,3.165,3.164097,58.57878,9.78904739,1
12:56:45,3.164,3.16417,58.5729003,9.781709313,1
12:56:46,3.165,3.163963,58.56702328,9.78474021,1
12:56:47,3.164,3.16407,58.56114626,9.778258204,1
12:56:48,3.165,3.163888,58.55526924,9.781929106,1
12:56:49,3.165,3.164015,58.54939222,9.784512967,1
12:56:50,3.164,3.164108,58.54351521,9.777709097,1
12:56:51,3.164,3.163915,58.53763819,9.77256,1
12:56:52,3.164,3.163773,58.53176,9.768635035,1
12:56:53,3.164,3.163667,58.52588415,9.765613079,1
12:56:54,3.165,3.163589,58.52000713,9.77185145,1
12:56:55,3.164,3.163793,58.51413012,9.767752886,1
12:56:56,3.165,3.163682,58.5082531,9.77320075,1
12:56:57,3.164,3.16386,58.50237608,9.768524766,1
12:56:58,3.164,3.163731,58.49649906,9.764960408,1
12:56:59,3.164,3.163635,58.49062204,9.76221934,1
12:57:00,3.165,3.163564,58.48475,9.768680483,1
12:57:01,3.165,3.163773,58.47886801,9.773347527,1
12:57:02,3.164,3.163926,58.47299099,9.768103808,1
12:57:03,3.164,3.163778,58.46711397,9.764130414,1
12:57:04,3.164,3.163669,58.46123695,9.761097282,1
12:57:05,3.165,3.163588,58.45535994,9.767349809,1
12:57:06,3.164,3.163789,58.44948292,9.763281792,1
12:57:07,3.164,3.163677,58.4436059,9.760183096,1
12:57:08,3.164,3.163593,58.43773,9.75780338,1
12:57:09,3.164,3.163531,58.43185186,9.755954146,1
12:57:10,3.164,3.163485,58.42597485,9.754498303,1
12:57:11,3.164,3.163451,58.42009783,9.753333032,1
12:57:12,3.164,3.163426,58.41422081,9.752385318,1
12:57:13,3.164,3.163407,58.40834379,9.751601517,1
12:57:14,3.164,3.163393,58.40246677,9.75093618,1
12:57:15,3.164,3.163383,58.39658976,9.750363231,1
12:57:16,3.164,3.163375,58.39071,9.749858081,1
12:57:17,3.164,3.163368,58.38483572,9.749406576,1
12:57:18,3.164,3.163364,58.3789587,9.748993814,1
12:57:19,3.164,3.16336,58.37308168,9.748611599,1
12:57:20,3.164,3.163357,58.36720467,9.748253971,1
12:57:21,3.164,3.163355,58.36132765,9.74791497,1
12:57:22,3.164,3.163353,58.35545063,9.74759236,1
12:57:23,3.164,3.163352,58.34957361,9.747282416,1
12:57:24,3.164,3.163351,58.3437,9.746982902,1
12:57:25,3.164,3.16335,58.33781958,9.74669084,1
12:57:26,3.164,3.163349,58.33194256,9.746409208,1
12:57:27,3.164,3.163348,58.32606554,9.746135771,1
12:57:28,3.164,3.163347,58.32018852,9.74586904,1
12:57:29,3.164,3.163347,58.3143115,9.745606035,1
12:57:30,3.164,3.163346,58.30843449,9.74534899,1
12:57:31,3.164,3.163345,58.30255747,9.74509865,1
12:57:32,3.164,3.163345,58.29668,9.744852781,1
12:57:33,3.164,3.163344,58.29080343,9.744610637,1
12:57:34,3.164,3.163344,58.28492641,9.744372219,1
12:57:35,3.164,3.163343,58.2790494,9.744140506,1
12:57:36,3.164,3.163342,58.27317238,9.743912518,1
12:57:37,3.164,3.163342,58.26729536,9.743686765,1
12:57:38,3.164,3.163342,58.26141834,9.743464738,1
12:57:39,3.164,3.163341,58.25554132,9.743249416,1
12:57:40,3.164,3.163341,58.24966,9.74303782,1
12:57:41,3.164,3.16334,58.24378729,9.742830694,1
12:57:42,3.164,3.16334,58.23791027,9.742627293,1
12:57:43,3.164,3.163339,58.23203325,9.742426127,1
12:57:44,3.164,3.163339,58.22615623,9.742230922,1
12:57:45,3.164,3.163338,58.22027922,9.742037952,1
12:57:46,3.164,3.163338,58.2144022,9.741849452,1
12:57:47,3.164,3.163338,58.20852518,9.741663188,1
12:57:48,3.164,3.163337,58.20265,9.741480649,1
12:57:49,3.164,3.163337,58.19677114,9.741300344,1
12:57:50,3.164,3.163337,58.19089413,9.741123766,1
12:57:51,3.164,3.163336,58.18501711,9.740951657,1
12:57:52,3.164,3.163336,58.17914009,9.740781039,1
12:57:53,3.164,3.163336,58.17326307,9.740612656,1
12:57:54,3.164,3.163335,58.16738605,9.740450978,1
12:57:55,3.164,3.163335,58.16150904,9.740289301,1
12:57:56,3.164,3.163334,58.15563,9.740131348,1
12:57:57,3.164,3.163334,58.149755,9.739977866,1
12:57:58,3.164,3.163334,58.14387798,9.739824384,1
12:57:59,3.164,3.163333,58.13800097,9.739675373,1
12:58:00,3.164,3.163333,58.13212395,9.739530087,1
12:58:01,3.164,3.163333,58.12624693,9.73938629,1
12:58:02,3.164,3.163332,58.12036991,9.739245474,1
12:58:03,3.164,3.163332,58.11449289,9.739106148,1
12:58:04,3.164,3.163332,58.10862,9.738970548,1
12:58:05,3.164,3.163332,58.10273886,9.738837183,1
12:58:06,3.164,3.163331,58.09686184,9.738706052,1
12:58:07,3.164,3.163331,58.09098482,9.738577157,1
12:58:08,3.164,3.163331,58.0851078,9.738449752,1
12:58:09,3.164,3.163331,58.07923079,9.738325328,1
12:58:10,3.164,3.16333,58.07335377,9.738202393,1
12:58:11,3.164,3.16333,58.06747675,9.738083929,1
12:58:12,3.164,3.16333,58.0616,9.73796472,1
12:58:13,3.164,3.163329,58.05572271,9.737849981,1
12:58:14,3.164,3.163329,58.0498457,9.737737477,1
12:58:15,3.164,3.163329,58.04396868,9.737627208,1
12:58:16,3.164,3.163329,58.03809166,9.737516195,1
12:58:17,3.164,3.163328,58.03221464,9.737409651,1
12:58:18,3.164,3.163328,58.02633762,9.737305343,1
12:58:19,3.164,3.163328,58.02046061,9.737201035,1
12:58:20,3.164,3.163328,58.01458,9.737098962,1
12:58:21,3.164,3.163328,58.00870657,9.736998379,1
12:58:22,3.163,3.163327,58.00282955,9.728308767,1
12:58:23,3.163,3.163066,57.99695253,9.72186476,1
12:58:24,3.163,3.162873,57.99107552,9.717078507,1
12:58:25,3.163,3.162731,57.9851985,9.713517874,1
12:58:26,3.163,3.162626,57.97932148,9.710858762,1
12:58:27,3.163,3.162548,57.97344446,9.708865732,1
12:58:28,3.163,3.162491,57.96757,9.70736593,1
12:58:29,3.163,3.162448,57.96169043,9.706231207,1
12:58:30,3.163,3.162417,57.95581341,9.705364704,1
12:58:31,3.163,3.162394,57.94993639,9.704697132,1
12:58:32,3.163,3.162377,57.94405937,9.704177082,1
12:58:33,3.163,3.162364,57.93818235,9.70376581,1
12:58:34,3.163,3.162355,57.93230534,9.703435749,1
12:58:35,3.163,3.162348,57.92642832,9.703167528,1
12:58:36,3.163,3.162343,57.92055,9.70294252,1
12:58:37,3.163,3.162338,57.91467428,9.702751786,1
12:58:38,3.163,3.162336,57.90879726,9.702586383,1
12:58:39,3.163,3.162333,57.90292025,9.702441096,1
12:58:40,3.163,3.162332,57.89704323,9.702309966,1
12:58:41,3.163,3.16233,57.89116621,9.702191502,1
12:58:42,3.163,3.162329,57.88528919,9.702079743,1
12:58:43,3.163,3.162329,57.87941217,9.7019732,1
12:58:44,3.163,3.162328,57.87354,9.701873362,1
12:58:45,3.163,3.162328,57.86765814,9.70177725,1
12:58:46,3.163,3.162327,57.86178112,9.701687843,1
12:58:47,3.163,3.162327,57.8559041,9.701599926,1
12:58:48,3.163,3.162326,57.85002708,9.701514,1
12:58:49,3.162,3.162326,57.84415007,9.692837298,1
12:58:50,3.162,3.162065,57.83827305,9.686407447,1
12:58:51,3.162,3.161872,57.83239603,9.68163535,1
12:58:52,3.162,3.161729,57.82652,9.678086638,1
12:58:53,3.162,3.161624,57.82064199,9.675441682,1
12:58:54,3.162,3.161547,57.81476498,9.673462808,1
12:58:55,3.162,3.161489,57.80888796,9.671975672,1
12:58:56,3.162,3.161447,57.80301094,9.670855105,1
12:58:57,3.162,3.161416,57.79713392,9.670002759,1
12:58:58,3.162,3.161392,57.7912569,9.669349343,1
12:58:59,3.162,3.161375,57.78537989,9.668844193,1
12:59:00,3.162,3.161363,57.7795,9.668447077,1
12:59:01,3.162,3.161353,57.77362585,9.668130428,1
12:59:02,3.161,3.161346,57.76774883,9.659276903,1
12:59:03,3.161,3.16108,57.76187181,9.652714431,1
12:59:04,3.161,3.160883,57.7559948,9.647842497,1
12:59:05,3.161,3.160738,57.75011778,9.644216299,1
12:59:06,3.161,3.160631,57.74424076,9.641511738,1
12:59:07,3.161,3.160552,57.73836374,9.639487416,1
12:59:08,3.161,3.160493,57.73249,9.637965262,1
12:59:09,3.161,3.16045,57.72660971,9.636814147,1
12:59:10,3.161,3.160418,57.72073269,9.635937214,1
12:59:11,3.161,3.160394,57.71485567,9.635263681,1
12:59:12,3.161,3.160377,57.70897865,9.634741396,1
12:59:13,3.161,3.160364,57.70310163,9.634332359,1
12:59:14,3.16,3.160354,57.69722462,9.625408798,1
12:59:15,3.16,3.160086,57.6913476,9.618792683,1
12:59:16,3.16,3.159888,57.68547,9.613877535,1
12:59:17,3.16,3.159742,57.67959356,9.610218555,1
12:59:18,3.16,3.159634,57.67371655,9.607487172,1
12:59:19,3.16,3.159554,57.66783953,9.605442733,1
12:59:20,3.16,3.159495,57.66196251,9.603901953,1
12:59:21,3.16,3.159452,57.65608549,9.602736682,1
12:59:22,3.16,3.15942,57.65020847,9.601847827,1
12:59:23,3.16,3.159396,57.64433146,9.601162374,1
12:59:24,3.16,3.159378,57.63845,9.600628167,1
12:59:25,3.16,3.159365,57.63257742,9.600206465,1
12:59:26,3.16,3.159356,57.6267004,9.599866718,1
12:59:27,3.159,3.159348,57.62082338,9.590999037,1
12:59:28,3.16,3.159082,57.61494637,9.593013674,1
12:59:29,3.16,3.159146,57.60906935,9.594473243,1
12:59:30,3.16,3.159194,57.60319233,9.59552452,1
12:59:31,3.16,3.159229,57.59731531,9.596277028,1
12:59:32,3.159,3.159254,57.59144,9.588216245,1
12:59:33,3.159,3.159012,57.58556128,9.582235664,1
12:59:34,3.159,3.158834,57.57968426,9.577791393,1
12:59:35,3.159,3.158702,57.57380724,9.574480355,1
12:59:36,3.159,3.158604,57.56793022,9.572007507,1
12:59:37,3.159,3.158532,57.5620532,9.570153058,1
12:59:38,3.159,3.158479,57.55617619,9.568756074,1
12:59:39,3.159,3.15844,57.55029917,9.567695111,1
12:59:40,3.159,3.158411,57.54442,9.566883743,1
12:59:41,3.159,3.158389,57.53854513,9.566257149,1
12:59:42,3.159,3.158374,57.53266811,9.565766156,1
12:59:43,3.159,3.158361,57.5267911,9.565379471,1
12:59:44,3.159,3.158353,57.52091408,9.565066546,1
12:59:45,3.159,3.158346,57.51503706,9.564808756,1
12:59:46,3.159,3.158341,57.50916004,9.564594179,1
12:59:47,3.159,3.158338,57.50328302,9.56441015,1
12:59:48,3.159,3.158335,57.49741,9.564248472,1
12:59:49,3.158,3.158333,57.49152899,9.555515647,1
12:59:50,3.159,3.15807,57.48565197,9.557630867,1
12:59:51,3.159,3.158138,57.47977495,9.559167922,1
12:59:52,3.158,3.158187,57.47389793,9.551689029,1
12:59:53,3.158,3.157963,57.46802092,9.546138346,1
12:59:54,3.158,3.157797,57.4621439,9.542013705,1
12:59:55,3.158,3.157674,57.45626688,9.53894034,1
12:59:56,3.158,3.157584,57.45039,9.536644071,1
12:59:57,3.158,3.157517,57.44451284,9.534919262,1
12:59:58,3.158,3.157468,57.43863583,9.533620626,1
12:59:59,3.158,3.157431,57.43275881,9.532635659,1
13:00:00,3.158,3.157405,57.42688179,9.53188017,1
13:00:01,3.158,3.157385,57.42100477,9.53129679,1
13:00:02,3.158,3.15737,57.41512775,9.530838579,1
13:00:03,3.158,3.157359,57.40925074,9.530476481,1
13:00:04,3.158,3.157351,57.40337,9.530182183,1
13:00:05,3.158,3.157345,57.3974967,9.529940784,1
13:00:06,3.158,3.15734,57.39161968,9.529738873,1
13:00:07,3.158,3.157337,57.38574266,9.529565275,1
13:00:08,3.158,3.157334,57.37986565,9.529414028,1
13:00:09,3.158,3.157332,57.37398863,9.529281408,1
13:00:10,3.158,3.157331,57.36811161,9.529160708,1
13:00:11,3.158,3.15733,57.36223459,9.529048204,1
13:00:12,3.158,3.157329,57.35636,9.528944641,1
13:00:13,3.158,3.157328,57.35048056,9.528844804,1
13:00:14,3.158,3.157328,57.34460354,9.528750926,1
13:00:15,3.158,3.157327,57.33872652,9.528661,1
13:00:16,3.158,3.157327,57.3328495,9.528575093,1
13:00:17,3.158,3.157326,57.32697248,9.528491646,1
13:00:18,3.158,3.157326,57.32109547,9.52840969,1
13:00:19,3.158,3.157326,57.31521845,9.528330714,1
13:00:20,3.158,3.157326,57.30934,9.528255,1
13:00:21,3.158,3.157326,57.30346441,9.528180212,1
13:00:22,3.158,3.157325,57.29758739,9.528106451,1
13:00:23,3.158,3.157325,57.29171038,9.528034925,1
13:00:24,3.158,3.157325,57.28583336,9.5279634,1
13:00:25,3.158,3.157325,57.27995634,9.527894109,1
13:00:26,3.158,3.157325,57.27407932,9.527824819,1
13:00:27,3.158,3.157324,57.2682023,9.527759254,1
13:00:28,3.158,3.157324,57.26233,9.527693689,1
13:00:29,3.158,3.157324,57.25644827,9.527630359,1
13:00:30,3.158,3.157324,57.25057125,9.527567029,1
13:00:31,3.158,3.157324,57.24469423,9.527505934,1
13:00:32,3.158,3.157324,57.23881721,9.527445,1
13:00:33,3.158,3.157324,57.2329402,9.52738598,1
13:00:34,3.158,3.157324,57.22706318,9.52732712,1
13:00:35,3.158,3.157323,57.22118616,9.527269751,1
13:00:36,3.158,3.157323,57.21531,9.527212381,1
13:00:37,3.158,3.157323,57.20943213,9.527157247,1
13:00:38,3.158,3.157323,57.20355511,9.527102113,1
13:00:39,3.158,3.157323,57.19767809,9.527049214,1
13:00:40,3.158,3.157323,57.19180107,9.526996315,1
13:00:41,3.158,3.157323,57.18592405,9.526945651,1
13:00:42,3.158,3.157323,57.18004704,9.526894987,1
13:00:43,3.158,3.157323,57.17417002,9.526844323,1
13:00:44,3.158,3.157322,57.16829,9.526795149,1
13:00:45,3.158,3.157322,57.16241598,9.52674672,1
13:00:46,3.158,3.157322,57.15653896,9.526699781,1
13:00:47,3.158,3.157322,57.15066195,9.526655078,1
13:00:48,3.158,3.157322,57.14478493,9.52661,1
13:00:49,3.158,3.157322,57.13890791,9.526563436,1
13:00:50,3.158,3.157322,57.13303089,9.526520967,1
13:00:51,3.158,3.157322,57.12715387,9.526477754,1
13:00:52,3.158,3.157322,57.12128,9.526435286,1
13:00:53,3.158,3.157321,57.11539984,9.526394308,1
13:00:54,3.158,3.157321,57.10952282,9.526353329,1
13:00:55,3.158,3.157321,57.1036458,9.526312351,1
13:00:56,3.158,3.157321,57.09776878,9.526271373,1
13:00:57,3.158,3.157321,57.09189177,9.52623263,1
13:00:58,3.158,3.157321,57.08601475,9.526196122,1
13:00:59,3.158,3.157321,57.08013773,9.526159614,1
13:01:00,3.158,3.157321,57.07426,9.526123106,1
13:01:01,3.158,3.157321,57.06838369,9.526086599,1
13:01:02,3.158,3.157321,57.06250668,9.526052326,1
13:01:03,3.158,3.157321,57.05662966,9.526018053,1
13:01:04,3.158,3.15732,57.05075264,9.525986016,1
13:01:05,3.158,3.15732,57.04487562,9.525953233,1
13:01:06,3.158,3.15732,57.0389986,9.525920451,1
13:01:07,3.158,3.15732,57.03312159,9.525887668,1
13:01:08,3.158,3.15732,57.02724,9.525857121,1
13:01:09,3.158,3.15732,57.02136755,9.525824338,1
13:01:10,3.158,3.15732,57.01549053,9.525793791,1
13:01:11,3.158,3.15732,57.00961351,9.525763988,1
13:01:12,3.158,3.15732,57.0037365,9.525735676,1
13:01:13,3.158,3.15732,56.99785948,9.525707364,1
13:01:14,3.158,3.15732,56.99198246,9.525681,1
13:01:15,3.158,3.15732,56.98610544,9.52565223,1
13:01:16,3.158,3.15732,56.98023,9.525623918,1
13:01:17,3.158,3.15732,56.97435141,9.525597841,1
13:01:18,3.158,3.15732,56.96847439,9.525571764,1
13:01:19,3.158,3.15732,56.96259737,9.525545686,1
13:01:20,3.158,3.15732,56.95672035,9.525519609,1
13:01:21,3.158,3.15732,56.95084333,9.525495023,1
13:01:22,3.158,3.15732,56.94496632,9.525470436,1
13:01:23,3.158,3.15732,56.9390893,9.525446594,1
13:01:24,3.158,3.157319,56.93321,9.525424242,1
13:01:25,3.158,3.157319,56.92733526,9.52540189,1
13:01:26,3.158,3.15732,56.92145824,9.525377303,1
13:01:27,3.158,3.157319,56.91558123,9.525354952,1
13:01:28,3.158,3.157319,56.90970421,9.525333345,1
13:01:29,3.158,3.157319,56.90382719,9.525313228,1
13:01:30,3.158,3.157319,56.89795017,9.525290877,1
13:01:31,3.158,3.157319,56.89207315,9.52527076,1
13:01:32,3.158,3.157319,56.8862,9.525250643,1
13:01:33,3.158,3.157319,56.88031912,9.525230527,1
13:01:34,3.158,3.157319,56.8744421,9.52521041,1
13:01:35,3.158,3.157319,56.86856508,9.525192529,1
13:01:36,3.158,3.157319,56.86268806,9.525174648,1
13:01:37,3.158,3.157319,56.85681105,9.525156766,1
13:01:38,3.158,3.157319,56.85093403,9.525138885,1
13:01:39,3.158,3.157319,56.84505701,9.525121003,1
13:01:40,3.158,3.157319,56.83918,9.525103122,1
13:01:41,3.158,3.157319,56.83330297,9.525085241,1
13:01:42,3.158,3.157319,56.82742596,9.525068849,1
13:01:43,3.158,3.157319,56.82154894,9.525052458,1
13:01:44,3.158,3.157319,56.81567192,9.525036067,1
13:01:45,3.158,3.157319,56.8097949,9.525019675,1
13:01:46,3.158,3.157319,56.80391788,9.525003284,1
13:01:47,3.158,3.157318,56.79804087,9.524989,1
13:01:48,3.158,3.157319,56.79216,9.524972737,1
13:01:49,3.158,3.157319,56.78628683,9.524956346,1
13:01:50,3.158,3.157318,56.78040981,9.524942189,1
13:01:51,3.158,3.157318,56.77453279,9.524928778,1
13:01:52,3.158,3.157318,56.76865578,9.524914622,1
13:01:53,3.158,3.157318,56.76277876,9.524900466,1
13:01:54,3.158,3.157318,56.75690174,9.524887055,1
13:01:55,3.158,3.157318,56.75102472,9.524875134,1
13:01:56,3.158,3.157318,56.74515,9.524860978,1
13:01:57,3.158,3.157318,56.73927069,9.524849057,1
13:01:58,3.158,3.157318,56.73339367,9.524834901,1
13:01:59,3.158,3.157318,56.72751665,9.52482298,1
13:02:00,3.158,3.157318,56.72163963,9.524811059,1
13:02:01,3.158,3.157318,56.71576262,9.524799138,1
13:02:02,3.158,3.157318,56.7098856,9.524787217,1
13:02:03,3.158,3.157318,56.70400858,9.524777532,1
13:02:04,3.158,3.157318,56.69813,9.524765611,1
13:02:05,3.158,3.157318,56.69225454,9.52475369,1
13:02:06,3.158,3.157318,56.68637753,9.524744004,1
13:02:07,3.158,3.157318,56.68050051,9.524734318,1
13:02:08,3.158,3.157318,56.67462349,9.524722397,1
13:02:09,3.158,3.157318,56.66874647,9.524710476,1
13:02:10,3.158,3.157318,56.66286945,9.524700791,1
13:02:11,3.158,3.157318,56.65699244,9.524691105,1
13:02:12,3.158,3.157318,56.65112,9.524680674,1
13:02:13,3.158,3.157318,56.6452384,9.524672478,1
13:02:14,3.158,3.157318,56.63936138,9.524662793,1
13:02:15,3.158,3.157318,56.63348436,9.524654597,1
13:02:16,3.158,3.157318,56.62760735,9.524646401,1
13:02:17,3.158,3.157318,56.62173033,9.524636716,1
13:02:18,3.158,3.157318,56.61585331,9.52462852,1
13:02:19,3.158,3.157318,56.60997629,9.524620324,1
13:02:20,3.158,3.157318,56.6041,9.524612129,1
13:02:21,3.158,3.157318,56.59822226,9.524603933,1
13:02:22,3.158,3.157318,56.59234524,9.524595737,1
13:02:23,3.158,3.157318,56.58646822,9.524587542,1
13:02:24,3.158,3.157318,56.5805912,9.524579346,1
13:02:25,3.158,3.157318,56.57471418,9.524571151,1
13:02:26,3.158,3.157318,56.56883717,9.524562955,1
13:02:27,3.158,3.157318,56.56296015,9.524554759,1
13:02:28,3.158,3.157318,56.55708,9.524546564,1
13:02:29,3.158,3.157317,56.55120611,9.524540603,1
13:02:30,3.158,3.157318,56.54532909,9.524532408,1
13:02:31,3.158,3.157318,56.53945208,9.524524212,1
13:02:32,3.158,3.157318,56.53357506,9.524516016,1
13:02:33,3.158,3.157317,56.52769804,9.524510056,1
13:02:34,3.158,3.157317,56.52182102,9.52450484,1
13:02:35,3.158,3.157317,56.515944,9.52449888,1
13:02:36,3.158,3.157318,56.51007,9.524490684,1
13:02:37,3.158,3.157317,56.50418997,9.524484724,1
13:02:38,3.158,3.157317,56.49831295,9.524478763,1
13:02:39,3.158,3.157317,56.49243593,9.524473548,1
13:02:40,3.158,3.157317,56.48655891,9.524469823,1
13:02:41,3.158,3.157317,56.4806819,9.524463862,1
13:02:42,3.158,3.157317,56.47480488,9.524457902,1
13:02:43,3.158,3.157317,56.46892786,9.524451941,1
13:02:44,3.158,3.157317,56.46305,9.524445981,1
13:02:45,3.158,3.157317,56.45717382,9.52444002,1
13:02:46,3.158,3.157317,56.45129681,9.524436295,1
13:02:47,3.158,3.157317,56.44541979,9.52443108,1
13:02:48,3.158,3.157317,56.43954277,9.524427354,1
13:02:49,3.158,3.157317,56.43366575,9.524421394,1
13:02:50,3.158,3.157317,56.42778873,9.524417669,1
13:02:51,3.158,3.157317,56.42191172,9.524411708,1
13:02:52,3.158,3.157317,56.41603,9.524407983,1
13:02:53,3.158,3.157317,56.41015768,9.524402022,1
13:02:54,3.157,3.157317,56.40428066,9.515798837,1
13:02:55,3.158,3.157056,56.39840364,9.518038481,1
13:02:56,3.158,3.157124,56.39252663,9.51969251,1
13:02:57,3.158,3.157175,56.38664961,9.520912,1
13:02:58,3.158,3.157212,56.38077259,9.521809965,1
13:02:59,3.157,3.15724,56.37489557,9.513872117,1
13:03:00,3.158,3.156999,56.36902,9.516605735,1
13:03:01,3.158,3.157082,56.36314154,9.518622607,1
13:03:02,3.158,3.157144,56.35726452,9.520108253,1
13:03:03,3.158,3.157189,56.3513875,9.521204978,1
13:03:04,3.158,3.157223,56.34551048,9.522012621,1
13:03:05,3.158,3.157247,56.33963346,9.522609413,1
13:03:06,3.157,3.157266,56.33375645,9.514448792,1
13:03:07,3.158,3.157018,56.32787943,9.517016262,1
13:03:08,3.158,3.157096,56.322,9.51891169,1
13:03:09,3.158,3.157154,56.31612539,9.520309418,1
13:03:10,3.157,3.157197,56.31024837,9.512742609,1
13:03:11,3.158,3.156967,56.30437136,9.515748918,1
13:03:12,3.158,3.157059,56.29849434,9.517966211,1
13:03:13,3.158,3.157126,56.29261732,9.519603848,1
13:03:14,3.157,3.157176,56.2867403,9.512211382,1
13:03:15,3.158,3.156952,56.28086329,9.515346587,1
13:03:17,3.157,3.157048,56.27499,9.509060532,1
13:03:17,3.157,3.156857,56.26910925,9.504414,1
13:03:18,3.157,3.156716,56.26323223,9.500977397,1
13:03:19,3.157,3.156612,56.25735521,9.498433024,1
13:03:20,3.157,3.156536,56.2514782,9.496546537,1
13:03:21,3.157,3.156479,56.24560118,9.495147318,1
13:03:22,3.157,3.156437,56.23972416,9.494107217,1
13:03:23,3.157,3.156406,56.23384714,9.493333101,1
13:03:24,3.157,3.156384,56.22797,9.492751211,1
13:03:25,3.157,3.156367,56.22209311,9.492315352,1
13:03:26,3.157,3.156354,56.21621609,9.491988271,1
13:03:27,3.157,3.156345,56.21033907,9.491738677,1
13:03:28,3.157,3.156338,56.20446205,9.491548687,1
13:03:29,3.157,3.156333,56.19858503,9.491401166,1
13:03:31,3.157,3.15633,56.19270802,9.491284937,1
13:03:31,3.157,3.156327,56.186831,9.491193295,1
13:03:32,3.157,3.156325,56.18095,9.491118044,1
13:03:33,3.157,3.156323,56.17507696,9.491056949,1
13:03:34,3.157,3.156322,56.16919994,9.49100405,1
13:03:35,3.157,3.156321,56.16332293,9.490961581,1
13:03:36,3.157,3.156321,56.15744591,9.490922838,1
13:03:37,3.157,3.15632,56.15156889,9.490886331,1
13:03:38,3.157,3.15632,56.14569187,9.490855783,1
13:03:39,3.157,3.15632,56.13981485,9.490825236,1
13:03:40,3.157,3.156319,56.13394,9.490799159,1
13:03:41,3.157,3.156319,56.12806082,9.490773082,1
13:03:42,3.157,3.156319,56.1221838,9.490748495,1
13:03:43,3.157,3.156319,56.11630678,9.490723908,1
13:03:44,3.157,3.156319,56.11042976,9.490701556,1
13:03:45,3.157,3.156319,56.10455275,9.49067995,1
13:03:46,3.157,3.156318,56.09867573,9.490659833,1
13:03:47,3.157,3.156318,56.09279871,9.490639716,1
13:03:48,3.157,3.156318,56.08692,9.4906196,1
13:03:49,3.157,3.156318,56.08104467,9.490599483,1
13:03:50,3.157,3.156318,56.07516766,9.490579367,1
13:03:51,3.157,3.156318,56.06929064,9.490561,1
13:03:52,3.157,3.156318,56.06341362,9.490543604,1
13:03:53,3.157,3.156318,56.0575366,9.490525723,1
13:03:54,3.157,3.156318,56.05165958,9.490507841,1
13:03:55,3.157,3.156318,56.04578257,9.49049,1
13:03:56,3.157,3.156318,56.03991,9.490473568,1
13:03:57,3.157,3.156318,56.03402853,9.490457177,1
13:03:58,3.157,3.156318,56.02815151,9.490440786,1
13:03:59,3.157,3.156318,56.02227449,9.490424395,1
13:04:00,3.157,3.156318,56.01639748,9.490410239,1
13:04:01,3.157,3.156318,56.01052046,9.490393847,1
13:04:02,3.157,3.156318,56.00464344,9.490377456,1
13:04:03,3.157,3.156318,55.99876642,9.490361065,1
13:04:04,3.157,3.156318,55.99289,9.490347,1
13:04:05,3.157,3.156318,55.98701239,9.490333498,1
13:04:07,3.157,3.156318,55.98113537,9.490319341,1
13:04:07,3.157,3.156318,55.97525835,9.490305185,1
13:04:08,3.157,3.156318,55.96938133,9.490291774,1
13:04:09,3.157,3.156317,55.96350431,9.490279853,1
13:04:10,3.157,3.156318,55.9576273,9.490265697,1
13:04:11,3.157,3.156317,55.95175028,9.490253776,1
13:04:12,3.157,3.156318,55.94587,9.49023962,1
13:04:13,3.157,3.156317,55.93999624,9.490228,1
13:04:14,3.156,3.156318,55.93411922,9.481620044,1
13:04:15,3.156,3.156056,55.92824221,9.475257993,1
13:04:16,3.156,3.155864,55.92236519,9.470553696,1
13:04:17,3.156,3.155721,55.91648817,9.46707055,1
13:04:18,3.156,3.155616,55.91061115,9.464491159,1
13:04:20,3.156,3.155539,55.90473413,9.462575614,1
13:04:20,3.156,3.155482,55.89886,9.461154044,1
13:04:21,3.156,3.15544,55.8929801,9.460093081,1
13:04:22,3.156,3.155409,55.88710308,9.459298104,1
13:04:23,3.156,3.155385,55.88122606,9.458702058,1
13:04:24,3.155,3.155368,55.87534904,9.449662268,1
13:04:25,3.155,3.155095,55.86947203,9.442972392,1
13:04:26,3.155,3.154893,55.86359501,9.438019991,1
13:04:27,3.155,3.154744,55.85771799,9.434348345,1
13:04:29,3.155,3.154634,55.85184,9.431621432,1
13:04:29,3.155,3.154552,55.84596395,9.429593384,1
13:04:30,3.155,3.154492,55.84008694,9.428081661,1
13:04:31,3.154,3.154448,55.83420992,9.418348968,1
13:04:33,3.154,3.154154,55.8283329,9.411142766,1
13:04:33,3.154,3.153937,55.82245588,9.405801445,1
13:04:34,3.154,3.153777,55.81657887,9.401836991,1
13:04:36,3.154,3.153659,55.81070185,9.398888797,1
13:04:36,3.154,3.153572,55.80482,9.396690875,1
13:04:37,3.153,3.153507,55.79894781,9.386456013,1
13:04:38,3.153,3.153198,55.79307079,9.378875047,1
13:04:39,3.153,3.152971,55.78719378,9.373250604,1
13:04:41,3.153,3.152802,55.78131676,9.369073063,1
13:04:42,3.153,3.152679,55.77543974,9.36595872,1
13:04:42,3.153,3.152587,55.76956272,9.363633394,1
13:04:43,3.153,3.152519,55.7636857,9.361889958,1
13:04:44,3.153,3.152469,55.75781,9.360577166,1
13:04:46,3.153,3.152432,55.75193167,9.359581769,1
13:04:47,3.153,3.152405,55.74605465,9.358821809,1
13:04:47,3.153,3.152385,55.74017763,9.358233958,1
13:04:48,3.153,3.15237,55.73430061,9.357775748,1
13:04:50,3.152,3.152359,55.7284236,9.34881717,1
13:04:51,3.152,3.152089,55.72254658,9.342174232,1
13:04:51,3.152,3.15189,55.71666956,9.337242693,1
13:04:52,3.152,3.151744,55.71079,9.333568811,1
13:04:53,3.152,3.151635,55.70491552,9.330827743,1
13:04:55,3.152,3.151555,55.69903851,9.328775108,1
13:04:55,3.152,3.151496,55.69316149,9.327230603,1
13:04:56,3.151,3.151452,55.68728447,9.317467362,1
13:04:57,3.151,3.151159,55.68140745,9.310224652,1
13:04:59,3.151,3.150942,55.67553043,9.304844588,1
13:05:00,3.151,3.150783,55.66965342,9.300836921,1
13:05:00,3.151,3.150664,55.66378,9.297845513,1
13:05:02,3.151,3.150577,55.65789938,9.295602143,1
13:05:03,3.151,3.150513,55.65202236,9.293912351,1
13:05:04,3.151,3.150465,55.64614534,9.292632341,1
13:05:04,3.151,3.15043,55.64026833,9.29165557,1
13:05:05,3.151,3.150404,55.63439131,9.290902317,1
13:05:07,3.151,3.150385,55.62851429,9.290315211,1
13:05:08,3.151,3.15037,55.62263727,9.289850295,1
13:05:08,3.151,3.15036,55.61676,9.28947553,1
13:05:09,3.151,3.150352,55.61088324,9.289168566,1
13:05:11,3.151,3.150346,55.60500622,9.288913012,1
13:05:12,3.151,3.150342,55.5991292,9.288693964,1
13:05:13,3.151,3.150338,55.59325218,9.28850621,1
13:05:13,3.151,3.150336,55.58737516,9.288338572,1
13:05:14,3.151,3.150334,55.58149815,9.28818956,1
13:05:16,3.151,3.150332,55.57562113,9.288050979,1
13:05:17,3.151,3.150331,55.56974,9.287920594,1
13:05:17,3.151,3.15033,55.56386709,9.287799895,1
13:05:19,3.151,3.15033,55.55799007,9.287685901,1
13:05:20,3.151,3.150329,55.55211306,9.287577868,1
13:05:21,3.151,3.150329,55.54623604,9.287472069,1
13:05:22,3.151,3.150328,55.54035902,9.287367761,1
13:05:22,3.151,3.150328,55.534482,9.287267923,1
13:05:24,3.151,3.150327,55.52860498,9.287172556,1
13:05:25,3.151,3.150327,55.52273,9.287078679,1
13:05:26,3.151,3.150327,55.51685095,9.286987036,1
13:05:26,3.151,3.150327,55.51097393,9.286897629,1
13:05:28,3.151,3.150326,55.50509691,9.286809713,1
13:05:29,3.151,3.150326,55.49921989,9.286721796,1
13:05:30,3.151,3.150326,55.49334288,9.286638349,1
13:05:30,3.151,3.150326,55.48746586,9.286554903,1
13:05:31,3.151,3.150326,55.48158884,9.286472946,1
13:05:33,3.151,3.150326,55.47571,9.28639397,1
13:05:34,3.151,3.150325,55.4698348,9.286316484,1
13:05:35,3.151,3.150325,55.46395779,9.286238998,1
13:05:35,3.151,3.150325,55.45808077,9.286163747,1
13:05:37,3.151,3.150325,55.45220375,9.286088496,1
13:05:38,3.151,3.150325,55.44632673,9.286014736,1
13:05:39,3.151,3.150325,55.44044971,9.28594321,1
13:05:39,3.151,3.150324,55.4345727,9.28587392,1
13:05:41,3.151,3.150324,55.4287,9.285804629,1
13:05:42,3.151,3.150324,55.42281866,9.285737574,1
13:05:43,3.151,3.150324,55.41694164,9.285672754,1
13:05:44,3.151,3.150324,55.41106462,9.285607189,1
13:05:45,3.151,3.150324,55.40518761,9.285543859,1
13:05:46,3.151,3.150324,55.39931059,9.285480529,1
13:05:47,3.151,3.150323,55.39343357,9.285419434,1
13:05:48,3.151,3.150323,55.38755655,9.28535834,1
13:05:48,3.151,3.150323,55.38168,9.28529948,1
13:05:50,3.151,3.150323,55.37580252,9.28524211,1
13:05:51,3.151,3.150323,55.3699255,9.285184741,1
13:05:52,3.151,3.150323,55.36404848,9.285129607,1
13:05:52,3.151,3.150323,55.35817146,9.285072237,1
13:05:54,3.151,3.150323,55.35229445,9.285017103,1
13:05:55,3.151,3.150322,55.34641743,9.284964204,1
13:05:56,3.151,3.150322,55.34054041,9.284911305,1
13:05:57,3.151,3.150322,55.33466,9.284860641,1
13:05:58,3.151,3.150322,55.32878637,9.284811467,1
13:05:59,3.151,3.150322,55.32290936,9.284762293,1
13:06:00,3.151,3.150322,55.31703234,9.284713119,1
13:06:01,3.15,3.150322,55.31115532,9.276070446,1
13:06:02,3.15,3.15006,55.3052783,9.269673377,1
13:06:03,3.151,3.149868,55.29940128,9.273528308,1
13:06:04,3.151,3.149987,55.29352427,9.276362509,1
13:06:05,3.151,3.150074,55.28765,9.27844,1
13:06:06,3.15,3.150139,55.28177023,9.271367639,1
13:06:07,3.15,3.149925,55.27589321,9.266132861,1
13:06:08,3.15,3.149768,55.27001619,9.262250364,1
13:06:09,3.15,3.149652,55.26413918,9.259367734,1
13:06:10,3.15,3.149566,55.25826216,9.257222712,1
13:06:11,3.15,3.149502,55.25238514,9.255623072,1
13:06:12,3.15,3.149455,55.24650812,9.254426509,1
13:06:13,3.15,3.149421,55.24063,9.253524989,1
13:06:14,3.15,3.149395,55.23475409,9.252843261,1
13:06:15,3.15,3.149377,55.22887707,9.25232321,1
13:06:16,3.15,3.149363,55.22300005,9.251923859,1
13:06:17,3.15,3.149352,55.21712303,9.251612425,1
13:06:18,3.15,3.149344,55.21124601,9.251369536,1
13:06:19,3.15,3.149339,55.205369,9.251172841,1
13:06:20,3.15,3.149335,55.19949198,9.251013398,1
13:06:21,3.15,3.149332,55.19361,9.250880778,1
13:06:22,3.15,3.149329,55.18773794,9.250768274,1
13:06:23,3.15,3.149327,55.18186092,9.250672907,1
13:06:24,3.15,3.149326,55.17598391,9.25058946,1
13:06:25,3.149,3.149325,55.17010689,9.24192071,1
13:06:26,3.149,3.149063,55.16422987,9.235501,1
13:06:27,3.149,3.14887,55.15835285,9.230744094,1
13:06:28,3.148,3.148727,55.15247583,9.218620509,1
13:06:29,3.148,3.148361,55.1466,9.209646285,1
13:06:30,3.148,3.14809,55.1407218,9.202995151,1
13:06:31,3.148,3.147891,55.13484478,9.198059142,1
13:06:32,3.147,3.147743,55.12896776,9.185791761,1
13:06:33,3.147,3.147373,55.12309074,9.176704288,1
13:06:34,3.146,3.1471,55.11721373,9.161371738,1
13:06:35,3.146,3.146638,55.11133671,9.150014073,1
13:06:36,3.146,3.146296,55.10545969,9.141592681,1
13:06:37,3.145,3.146044,55.09958,9.126745164,1
13:06:38,3.145,3.145597,55.09370565,9.115742147,1
13:06:39,3.145,3.145267,55.08782864,9.107572585,1
13:06:40,3.144,3.145023,55.08195162,9.092897177,1
13:06:41,3.144,3.144582,55.0760746,9.082012624,1
13:06:42,3.144,3.144243,55.07019758,9.074044,1
13:06:43,3.144,3.143993,55.06432056,9.068227559,1
13:06:44,3.143,3.143811,55.05844355,9.055381268,1
13:06:45,3.143,3.143404,55.05257,9.04603675,1
13:06:46,3.143,3.143108,55.04668951,9.039230645,1
13:06:47,3.143,3.142894,55.04081249,9.034267813,1
13:06:48,3.143,3.142738,55.03493547,9.030644596,1
13:06:49,3.143,3.142624,55.02905846,9.027994424,1
13:06:50,3.143,3.142542,55.02318144,9.026048332,1
13:06:51,3.143,3.142483,55.01730442,9.024615586,1
13:06:52,3.143,3.142439,55.0114274,9.023555368,1
13:06:53,3.143,3.142407,55.00555,9.022767842,1
13:06:54,3.143,3.142385,54.99967337,9.022177011,1
13:06:55,3.143,3.142368,54.99379635,9.021729231,1
13:06:56,3.143,3.142356,54.98791933,9.021385759,1
13:06:57,3.143,3.142347,54.98204231,9.021118283,1
13:06:58,3.143,3.14234,54.97616529,9.020905942,1
13:06:59,3.143,3.142336,54.97028828,9.020732343,1
13:07:00,3.143,3.142332,54.96441126,9.020590037,1
13:07:01,3.143,3.142329,54.95853,9.020472318,1
13:07:02,3.143,3.142328,54.95265722,9.020368755,1
13:07:03,3.143,3.142326,54.9467802,9.020277858,1
13:07:04,3.143,3.142325,54.94090319,9.020195156,1
13:07:05,3.143,3.142324,54.93502617,9.020120651,1
13:07:06,3.143,3.142324,54.92914915,9.020050615,1
13:07:07,3.143,3.142323,54.92327213,9.019988775,1
13:07:08,3.143,3.142323,54.91739511,9.019926935,1
13:07:09,3.143,3.142322,54.91152,9.019871056,1
13:07:10,3.143,3.142322,54.90564108,9.019815922,1
13:07:11,3.143,3.142322,54.89976406,9.019760787,1
13:07:12,3.143,3.142322,54.89388704,9.019709378,1
13:07:13,3.143,3.142322,54.88801003,9.019658715,1
13:07:14,3.143,3.142322,54.88213301,9.019607306,1
13:07:15,3.143,3.142322,54.87625599,9.019558132,1
13:07:16,3.143,3.142321,54.87037897,9.019511193,1
13:07:17,3.143,3.142321,54.8645,9.019464999,1
13:07:18,3.143,3.142321,54.85862494,9.019423,1
13:07:19,3.143,3.142321,54.85274792,9.019380063,1
13:07:20,3.143,3.142321,54.8468709,9.019337595,1
13:07:21,3.143,3.142321,54.84099388,9.019295126,1
13:07:22,3.143,3.142321,54.83511686,9.019254893,1
13:07:23,3.143,3.142321,54.82923985,9.01921466,1
13:07:24,3.143,3.142321,54.82336283,9.019174427,1
13:07:25,3.143,3.14232,54.81749,9.019136,1
13:07:26,3.143,3.14232,54.81160879,9.019098431,1
13:07:27,3.143,3.14232,54.80573177,9.019062668,1
13:07:28,3.143,3.14232,54.79985476,9.01902467,1
13:07:29,3.143,3.14232,54.79397774,9.018988907,1
13:07:30,3.143,3.14232,54.78810072,9.01895538,1
13:07:31,3.143,3.14232,54.7822237,9.018922,1
13:07:32,3.143,3.14232,54.77634668,9.018888324,1
13:07:33,3.143,3.14232,54.77047,9.018854797,1
13:07:34,3.143,3.14232,54.76459265,9.018823504,1
13:07:35,3.143,3.142319,54.75871563,9.018794447,1
13:07:36,3.143,3.142319,54.75283861,9.018764645,1
13:07:37,3.143,3.14232,54.74696159,9.018733352,1
13:07:38,3.143,3.142319,54.74108458,9.018704295,1
13:07:39,3.143,3.142319,54.73520756,9.018674493,1
13:07:40,3.143,3.142319,54.72933054,9.018647671,1
13:07:41,3.143,3.142319,54.72345,9.018620104,1
13:07:42,3.142,3.142319,54.7175765,9.010002762,1
13:07:43,3.142,3.142044,54.71169949,9.00374949,1
13:07:44,3.142,3.141844,54.70582247,8.999211341,1
13:07:45,3.141,3.141699,54.69994545,8.98732841,1
13:07:46,3.14,3.141319,54.69406843,8.970121294,1
13:07:47,3.14,3.140768,54.68819141,8.957647532,1
13:07:48,3.139,3.140367,54.6823144,8.940026909,1
13:07:49,3.139,3.139802,54.67644,8.92726481,1
13:07:50,3.138,3.139391,54.67056036,8.909441531,1
13:07:51,3.138,3.138819,54.66468334,8.89653787,1
13:07:52,3.137,3.138403,54.65880632,8.878620714,1
13:07:53,3.137,3.137826,54.65292931,8.865655214,1
13:07:54,3.136,3.137408,54.64705229,8.847698569,1
13:07:55,3.136,3.136828,54.64117527,8.834712952,1
13:07:56,3.136,3.136408,54.63529825,8.825332671,1
13:07:57,3.136,3.136104,54.62942,8.818564564,1
13:07:58,3.136,3.135882,54.62354422,8.813696355,1
13:07:59,3.136,3.135722,54.6176672,8.810202777,1
13:08:00,3.136,3.135606,54.61179018,8.807707,1
13:08:01,3.136,3.135522,54.60591316,8.80593285,1
13:08:02,3.136,3.135461,54.60003614,8.804681897,1
13:08:03,3.136,3.135416,54.59415913,8.803811669,1
13:08:04,3.136,3.135384,54.58828211,8.803217858,1
13:08:05,3.136,3.135361,54.58241,8.802820742,1
13:08:06,3.136,3.135344,54.57652807,8.802568913,1
13:08:07,3.136,3.135332,54.57065105,8.802423626,1
13:08:08,3.136,3.135323,54.56477404,8.802352101,1
13:08:09,3.136,3.135317,54.55889702,8.802331984,1
13:08:10,3.136,3.135313,54.55302,8.80235061,1
13:08:11,3.136,3.13531,54.54714298,8.802396804,1
13:08:12,3.136,3.135307,54.54126596,8.802465349,1
13:08:13,3.136,3.135306,54.53539,8.802544326,1
13:08:14,3.136,3.135305,54.52951193,8.802633733,1
13:08:15,3.136,3.135304,54.52363491,8.802728355,1
13:08:16,3.135,3.135304,54.51775789,8.794245124,1
13:08:17,3.135,3.135028,54.51188087,8.788127452,1
13:08:18,3.136,3.134829,54.50600386,8.792304248,1
13:08:19,3.135,3.134959,54.50012684,8.786781877,1
13:08:20,3.135,3.134778,54.49424982,8.782810718,1
13:08:21,3.135,3.134647,54.48837,8.779960871,1
13:08:22,3.135,3.134552,54.48249578,8.777929842,1
13:08:23,3.135,3.134484,54.47661877,8.77648592,1
13:08:24,3.135,3.134434,54.47074175,8.775471896,1
13:08:25,3.135,3.134398,54.46486473,8.774767071,1
13:08:26,3.135,3.134371,54.45898771,8.774289489,1
13:08:27,3.134,3.134352,54.45311069,8.76538828,1
13:08:28,3.134,3.134063,54.44723368,8.75896588,1
13:08:29,3.133,3.133854,54.44136,8.745758981,1
13:08:30,3.133,3.133427,54.43547964,8.736217767,1
13:08:31,3.132,3.133117,54.42960262,8.720756322,1
13:08:32,3.131,3.132617,54.42372561,8.701004833,1
13:08:33,3.131,3.131979,54.41784859,8.686729521,1
13:08:34,3.13,3.131516,54.41197157,8.667840064,1
13:08:35,3.129,3.130905,54.40609455,8.645617962,1
13:08:36,3.129,3.130187,54.40021753,8.62956,1
13:08:37,3.129,3.129666,54.39434,8.617972583,1
13:08:38,3.129,3.129288,54.3884635,8.609627932,1
13:08:39,3.129,3.129013,54.38258648,8.60363692,1
13:08:40,3.129,3.128815,54.37670946,8.599349111,1
13:08:41,3.129,3.12867,54.37083244,8.596300334,1
13:08:42,3.129,3.128566,54.36495543,8.594147116,1
13:08:43,3.129,3.12849,54.35907841,8.592641354,1
13:08:44,3.129,3.128435,54.35320139,8.591607958,1
13:08:45,3.129,3.128396,54.34732,8.590914309,1
13:08:46,3.129,3.128367,54.34144735,8.590465784,1
13:08:47,3.129,3.128346,54.33557034,8.590196073,1
13:08:48,3.129,3.128331,54.32969332,8.590055257,1
13:08:49,3.129,3.12832,54.3238163,8.590007,1
13:08:50,3.129,3.128313,54.31793928,8.590019494,1
13:08:51,3.129,3.128308,54.31206226,8.590082079,1
13:08:52,3.129,3.128304,54.30618525,8.590177447,1
13:08:53,3.129,3.128301,54.30031,8.590298146,1
13:08:54,3.129,3.128299,54.29443121,8.590433002,1
13:08:55,3.128,3.128298,54.28855419,8.581999689,1
13:08:56,3.128,3.128022,54.28267717,8.575937152,1
13:08:57,3.129,3.127822,54.27680016,8.580168337,1
13:08:58,3.128,3.127952,54.27092314,8.574705571,1
13:08:59,3.128,3.127771,54.26504612,8.570793271,1
13:09:00,3.128,3.12764,54.2591691,8.568003774,1
13:09:01,3.128,3.127545,54.25329,8.566028625,1
13:09:02,3.128,3.127476,54.24741507,8.564645052,1
13:09:03,3.128,3.127426,54.24153805,8.563691378,1
13:09:04,3.127,3.12739,54.23566103,8.554468304,1
13:09:05,3.126,3.127089,54.22978401,8.539242297,1
13:09:06,3.125,3.126595,54.22390699,8.519675583,1
13:09:07,3.124,3.125962,54.21802998,8.496960253,1
13:09:08,3.123,3.125228,54.21215296,8.47197026,1
13:09:09,3.122,3.12442,54.20628,8.445337415,1
13:09:10,3.122,3.123558,54.20039892,8.426095545,1
13:09:11,3.122,3.122934,54.1945219,8.412212878,1
13:09:12,3.122,3.12248,54.18864489,8.40221718,1
13:09:13,3.122,3.122151,54.18276787,8.395043015,1
13:09:14,3.122,3.121913,54.17689085,8.389912546,1
13:09:15,3.122,3.12174,54.17101383,8.386263996,1
13:09:16,3.122,3.121615,54.16513681,8.383690566,1
13:09:17,3.122,3.121524,54.15926,8.381893486,1
13:09:18,3.122,3.121458,54.15338278,8.38066116,1
13:09:19,3.122,3.121411,54.14750576,8.3798334,1
13:09:20,3.122,3.121377,54.14162874,8.379302174,1
13:09:21,3.122,3.121351,54.13575172,8.378985524,1
13:09:22,3.122,3.121334,54.12987471,8.378823102,1
13:09:23,3.122,3.121321,54.12399769,8.378770947,1
13:09:24,3.122,3.121312,54.11812067,8.378797024,1
13:09:25,3.122,3.121305,54.11224,8.378880471,1
13:09:26,3.121,3.121301,54.10636663,8.370425552,1
13:09:27,3.121,3.121022,54.10048962,8.364359289,1
13:09:28,3.121,3.12082,54.0946126,8.360024542,1
13:09:29,3.121,3.120674,54.08873558,8.356943727,1
13:09:30,3.121,3.120568,54.08285856,8.354772627,1
13:09:31,3.121,3.120491,54.07698154,8.353260159,1
13:09:32,3.12,3.120436,54.07110453,8.34364593,1
13:09:33,3.119,3.12012,54.06523,8.328162134,1
13:09:34,3.118,3.119616,54.05935049,8.308422565,1
13:09:35,3.117,3.118975,54.05347347,8.285606652,1
13:09:36,3.116,3.118236,54.04759645,8.26055482,1
13:09:37,3.115,3.117424,54.04171944,8.233894408,1
13:09:38,3.114,3.11656,54.03584242,8.206069469,1
13:09:39,3.114,3.115658,54.0299654,8.185977489,1
13:09:40,3.114,3.115004,54.02408838,8.171497285,1
13:09:41,3.114,3.114529,54.01821,8.161088824,1
13:09:42,3.114,3.114185,54.01233435,8.153627068,1
13:09:43,3.114,3.113935,54.00645733,8.148304373,1
13:09:44,3.114,3.113755,54.00058031,8.144532144,1
13:09:45,3.114,3.113624,53.99470329,8.141881973,1
13:09:46,3.114,3.113528,53.98882627,8.140046895,1
13:09:47,3.114,3.11346,53.98294926,8.138801903,1
13:09:48,3.114,3.11341,53.97707224,8.137980849,1
13:09:49,3.114,3.113374,53.9712,8.137467504,1
13:09:50,3.114,3.113348,53.9653182,8.137177676,1
13:09:51,3.114,3.11333,53.95944118,8.137047291,1
13:09:52,3.114,3.113316,53.95356417,8.13703239,1
13:09:53,3.113,3.113307,53.94768715,8.128529787,1
13:09:54,3.113,3.113025,53.94181013,8.122442663,1
13:09:55,3.113,3.112821,53.93593311,8.11810717,1
13:09:56,3.113,3.112672,53.9300561,8.115043491,1
13:09:57,3.113,3.112565,53.92418,8.112899959,1
13:09:58,3.113,3.112488,53.91830206,8.111420274,1
13:09:59,3.113,3.112431,53.91242504,8.110424876,1
13:10:00,3.112,3.11239,53.90654802,8.101200312,1
13:10:01,3.112,3.112086,53.90067101,8.094584197,1
13:10:02,3.11,3.111865,53.89479399,8.072717488,1
13:10:03,3.109,3.111155,53.88891697,8.048365265,1
13:10:04,3.108,3.110364,53.88303995,8.022218943,1
13:10:05,3.107,3.109515,53.87716,7.994777709,1
13:10:06,3.107,3.108625,53.87128592,7.974975556,1
13:10:07,3.107,3.107979,53.8654089,7.960708439,1
13:10:08,3.107,3.107511,53.85953188,7.950457186,1
13:10:09,3.107,3.107171,53.85365486,7.943118364,1
13:10:10,3.107,3.106925,53.84777784,7.937889546,1
13:10:11,3.107,3.106746,53.84190083,7.934193313,1
13:10:12,3.107,3.106617,53.83602381,7.931602,1
13:10:13,3.107,3.106523,53.83015,7.929816097,1
13:10:14,3.107,3.106455,53.82426977,7.92861,1
13:10:15,3.106,3.106406,53.81839275,7.919254154,1
13:10:16,3.107,3.106095,53.81251574,7.9211317,1
13:10:17,3.107,3.106145,53.80663872,7.922582328,1
13:10:18,3.107,3.106182,53.8007617,7.923720777,1
13:10:19,3.106,3.106209,53.79488468,7.916056365,1
13:10:20,3.106,3.105953,53.78900766,7.910584658,1
13:10:21,3.106,3.105767,53.78313,7.906702906,1
13:10:22,3.106,3.105633,53.77725363,7.903973758,1
13:10:23,3.106,3.105536,53.77137661,7.90207684,1
13:10:24,3.104,3.105465,53.76549959,7.883638144,1
13:10:25,3.103,3.104864,53.75962257,7.861785591,1
13:10:26,3.102,3.104153,53.75374556,7.837453485,1
13:10:27,3.101,3.103362,53.74786854,7.811333984,1
13:10:28,3.101,3.102513,53.74199152,7.792490721,1
13:10:29,3.1,3.101897,53.73611,7.770355046,1
13:10:30,3.1,3.101176,53.73023748,7.754404843,1
13:10:31,3.1,3.100652,53.72436047,7.74294287,1
13:10:32,3.1,3.100273,53.71848345,7.734731585,1
13:10:33,3.1,3.099998,53.71260643,7.728877664,1
13:10:34,3.1,3.099798,53.70672941,7.724733651,1
13:10:35,3.1,3.099653,53.70085239,7.721827924,1
13:10:36,3.1,3.099549,53.69497538,7.719820738,1
13:10:37,3.1,3.099473,53.6891,7.718461007,1
13:10:38,3.1,3.099418,53.68322134,7.717574,1
13:10:39,3.099,3.099378,53.67734432,7.708454877,1
13:10:40,3.1,3.099075,53.6714673,7.710507512,1
13:10:41,3.099,3.09913,53.66559029,7.703517377,1
13:10:42,3.099,3.098895,53.65971327,7.698544115,1
13:10:43,3.099,3.098724,53.65383625,7.695029676,1
13:10:44,3.099,3.098601,53.64795923,7.692573965,1
13:10:45,3.099,3.098511,53.64208,7.690887153,1
13:10:46,3.099,3.098447,53.6362052,7.68975392,1
13:10:47,3.097,3.0984,53.63032818,7.671879232,1
13:10:48,3.096,3.097816,53.62445116,7.650440186,1
13:10:49,3.094,3.097117,53.61857414,7.617844641,1
13:10:50,3.093,3.09606,53.61269712,7.585743815,1
13:10:51,3.092,3.095018,53.60682011,7.553998381,1
13:10:52,3.092,3.093987,53.60094309,7.531091571,1
13:10:53,3.092,3.09324,53.59507,7.51459375,1
13:10:54,3.092,3.092697,53.58918905,7.502744347,1
13:10:55,3.092,3.092304,53.58331203,7.494261861,1
13:10:56,3.092,3.092019,53.57743502,7.48822242,1
13:10:57,3.092,3.091812,53.571558,7.483953238,1
13:10:58,3.092,3.091663,53.56568098,7.48096481,1
13:10:59,3.092,3.091554,53.55980396,7.478907704,1
13:11:00,3.092,3.091476,53.55392694,7.477520406,1
13:11:01,3.092,3.091419,53.54805,7.476621866,1
13:11:02,3.091,3.091378,53.54217291,7.467503846,1
13:11:03,3.091,3.091073,53.53629589,7.460998744,1
13:11:04,3.091,3.090852,53.53041887,7.456386834,1
13:11:05,3.091,3.090692,53.52454185,7.453145832,1
13:11:06,3.091,3.090576,53.51866484,7.450897992,1
13:11:07,3.091,3.090492,53.51278782,7.449369133,1
13:11:08,3.089,3.090432,53.5069108,7.431226224,1
13:11:09,3.088,3.089838,53.50103,7.409599423,1
13:11:10,3.086,3.089131,53.49515676,7.376889139,1
13:11:11,3.085,3.088069,53.48927975,7.344713807,1
13:11:12,3.085,3.087023,53.48340273,7.321500033,1
13:11:13,3.085,3.086265,53.47752571,7.304784656,1
13:11:14,3.085,3.085715,53.47164869,7.292781025,1
13:11:15,3.085,3.085317,53.46577168,7.284192741,1
13:11:16,3.085,3.085027,53.45989466,7.27808401,1
13:11:17,3.085,3.084818,53.45402,7.273767889,1
13:11:18,3.085,3.084666,53.44814062,7.270754874,1
13:11:19,3.085,3.084556,53.4422636,7.268683612,1
13:11:20,3.085,3.084476,53.43638659,7.267292589,1
13:11:21,3.085,3.084419,53.43050957,7.266396284,1
13:11:22,3.085,3.084377,53.42463255,7.265854627,1
13:11:23,3.084,3.084347,53.41875553,7.257000357,1
13:11:24,3.085,3.084051,53.41287851,7.259257883,1
13:11:25,3.084,3.08411,53.407,7.252433896,1
13:11:26,3.084,3.083879,53.40112448,7.247591,1
13:11:27,3.084,3.083711,53.39524746,7.244186848,1
13:11:28,3.084,3.08359,53.38937044,7.241820544,1
13:11:29,3.083,3.083502,53.38349342,7.231643051,1
13:11:30,3.081,3.083163,53.37761641,7.207224518,1
13:11:31,3.081,3.082367,53.37173939,7.189627737,1
13:11:32,3.079,3.08179,53.36586237,7.159842551,1
13:11:33,3.078,3.080821,53.35999,7.129792869,1
13:11:34,3.078,3.079844,53.35410833,7.10812062,1
13:11:35,3.078,3.079134,53.34823132,7.092525065,1
13:11:36,3.078,3.07862,53.3423543,7.081335783,1
13:11:37,3.078,3.078247,53.33647728,7.073343545,1
13:11:38,3.078,3.077977,53.33060026,7.067663223,1
13:11:39,3.078,3.077781,53.32472324,7.063663751,1
13:11:40,3.078,3.077639,53.31884623,7.060879469,1
13:11:41,3.078,3.077536,53.31297,7.058978,1
13:11:42,3.078,3.077462,53.30709219,7.057712227,1
13:11:43,3.078,3.077409,53.30121517,7.056904,1
13:11:44,3.078,3.077369,53.29533815,7.056430727,1
13:11:45,3.077,3.077342,53.28946114,7.047627121,1
13:11:46,3.077,3.077046,53.28358412,7.041356713,1
13:11:47,3.077,3.076832,53.2777071,7.036919147,1
13:11:48,3.076,3.076677,53.27183008,7.025242597,1
13:11:49,3.075,3.076289,53.26595,7.008319348,1
13:11:50,3.074,3.075733,53.26007605,6.987584382,1
13:11:51,3.072,3.075055,53.25419903,6.955531985,1
13:11:52,3.071,3.074013,53.24832201,6.923840195,1
13:11:53,3.071,3.072982,53.24244499,6.900985539,1
13:11:54,3.071,3.072234,53.23656797,6.884538382,1
13:11:55,3.071,3.071692,53.23069096,6.872736663,1
13:11:56,3.071,3.071299,53.22481394,6.86430335,1
13:11:57,3.071,3.071014,53.21894,6.858310848,1
13:11:58,3.071,3.070807,53.2130599,6.854087114,1
13:11:59,3.071,3.070657,53.20718288,6.85114786,1
13:12:00,3.071,3.070549,53.20130587,6.849134,1
13:12:01,3.071,3.070471,53.19542885,6.847794354,1
13:12:02,3.071,3.070414,53.18955183,6.846941,1
13:12:03,3.07,3.070373,53.18367481,6.8378672,1
13:12:04,3.071,3.070068,53.17779779,6.839974225,1
13:12:05,3.07,3.070123,53.17192,6.83304593,1
13:12:06,3.07,3.069887,53.16604376,6.828138232,1
13:12:07,3.07,3.069716,53.16016674,6.824691594,1
13:12:08,3.069,3.069593,53.15428972,6.81373626,1
13:12:09,3.067,3.069228,53.1484127,6.788767129,1
13:12:10,3.065,3.068413,53.14253569,6.753641367,1
13:12:11,3.064,3.067272,53.13665867,6.719723344,1
13:12:12,3.063,3.066169,53.13078165,6.68669343,1
13:12:13,3.063,3.065094,53.1249,6.662875414,1
13:12:14,3.063,3.064315,53.11902761,6.645736843,1
13:12:15,3.063,3.06375,53.1131506,6.63343966,1
13:12:16,3.063,3.063339,53.10727358,6.624655426,1
13:12:17,3.063,3.063042,53.10139656,6.618415564,1
13:12:18,3.063,3.062827,53.09551954,6.614019722,1
13:12:19,3.063,3.062671,53.08964252,6.610959768,1
13:12:20,3.063,3.062558,53.08376551,6.60886541,1
13:12:21,3.062,3.062477,53.07789,6.598906219,1
13:12:22,3.062,3.062142,53.07201147,6.591812521,1
13:12:23,3.062,3.0619,53.06613445,6.58679381,1
13:12:24,3.062,3.061724,53.06025743,6.583280861,1
13:12:25,3.062,3.061597,53.05438042,6.580856442,1
13:12:26,3.061,3.061505,53.0485034,6.570655853,1
13:12:27,3.059,3.061164,53.04262638,6.54623881,1
13:12:28,3.058,3.060365,53.03674936,6.520099193,1
13:12:29,3.056,3.059511,53.03087,6.48413673,1
13:12:30,3.056,3.058342,53.02499533,6.458195299,1
13:12:31,3.056,3.057494,53.01911831,6.439523399,1
13:12:32,3.056,3.056879,53.01324129,6.426119059,1
13:12:33,3.056,3.056433,53.00736427,6.416536123,1
13:12:34,3.056,3.056109,53.00148726,6.409722567,1
13:12:35,3.056,3.055875,52.99561024,6.404914707,1
13:12:36,3.056,3.055705,52.98973322,6.401563,1
13:12:37,3.056,3.055583,52.98386,6.399262,1
13:12:38,3.056,3.055494,52.97797918,6.397723407,1
13:12:39,3.056,3.055429,52.97210217,6.396735,1
13:12:40,3.055,3.055382,52.96622515,6.387582421,1
13:12:41,3.055,3.055074,52.96034813,6.381071,1
13:12:42,3.055,3.05485,52.95447111,6.376477331,1
13:12:43,3.055,3.054688,52.94859409,6.373272836,1
13:12:44,3.054,3.054571,52.94271708,6.362506002,1
13:12:45,3.052,3.05421,52.93684,6.337691844,1
13:12:46,3.05,3.053399,52.93096304,6.302686036,1
13:12:47,3.05,3.05226,52.92508602,6.277441233,1
13:12:48,3.049,3.051435,52.919209,6.25070408,1
13:12:49,3.049,3.05056,52.91333199,6.231457368,1
13:12:50,3.049,3.049927,52.90745497,6.217639893,1
13:12:51,3.049,3.049467,52.90157795,6.207758188,1
13:12:52,3.049,3.049134,52.89570093,6.200733781,1
13:12:53,3.049,3.048893,52.88982,6.195774302,1
13:12:54,3.049,3.048718,52.8839469,6.192313507,1
13:12:55,3.049,3.048591,52.87806988,6.189937517,1
13:12:56,3.049,3.0485,52.87219286,6.188345701,1
13:12:57,3.048,3.048433,52.86631584,6.178759784,1
13:12:58,3.048,3.04811,52.86043882,6.171941385,1
13:12:59,3.048,3.047876,52.85456181,6.167129055,1
13:13:00,3.048,3.047706,52.84868479,6.163768843,1
13:13:01,3.047,3.047583,52.84281,6.152897701,1
13:13:02,3.044,3.04722,52.83693075,6.119436771,1
13:13:03,3.042,3.04613,52.83105373,6.078172475,1
13:13:04,3.041,3.044789,52.82517672,6.039828807,1
13:13:05,3.041,3.043542,52.8192997,6.012174487,1
13:13:06,3.041,3.042638,52.81342268,5.992268398,1
13:13:07,3.041,3.041982,52.80754566,5.977981538,1
13:13:08,3.041,3.041506,52.80166864,5.967769399,1
13:13:09,3.041,3.041162,52.79579,5.960508063,1
13:13:10,3.041,3.040912,52.78991461,5.955386907,1
13:13:11,3.041,3.040731,52.78403759,5.951818079,1
13:13:12,3.041,3.0406,52.77816057,5.949370563,1
13:13:13,3.041,3.040505,52.77228355,5.947737396,1
13:13:14,3.04,3.040437,52.76640654,5.938120931,1
13:13:15,3.04,3.040111,52.76052952,5.931290612,1
13:13:16,3.04,3.039876,52.7546525,5.926476046,1
13:13:17,3.04,3.039706,52.74878,5.923121795,1
13:13:18,3.039,3.039582,52.74289846,5.912255123,1
13:13:19,3.037,3.039217,52.73702145,5.887381732,1
13:13:20,3.035,3.038403,52.73114443,5.85235022,1
13:13:21,3.034,3.037262,52.72526741,5.818530545,1
13:13:22,3.034,3.036159,52.71939039,5.794158578,1
13:13:23,3.034,3.03536,52.71351337,5.77663593,1
13:13:24,3.034,3.03478,52.70763636,5.764076486,1
13:13:25,3.034,3.03436,52.70176,5.755120143,1
13:13:26,3.034,3.034055,52.69588232,5.748771876,1
13:13:27,3.034,3.033834,52.6900053,5.744316801,1
13:13:28,3.034,3.033674,52.68412828,5.741230026,1
13:13:29,3.034,3.033559,52.67825127,5.739135668,1
13:13:30,3.033,3.033475,52.67237425,5.729196593,1
13:13:31,3.033,3.033139,52.66649723,5.722131208,1
13:13:32,3.032,3.032896,52.66062021,5.708578601,1
13:13:33,3.03,3.032444,52.65474,5.681761354,1
13:13:34,3.028,3.031567,52.64886618,5.645329505,1
13:13:35,3.028,3.03038,52.64298916,5.619068444,1
13:13:36,3.027,3.029519,52.63711214,5.591613054,1
13:13:37,3.027,3.02862,52.63123512,5.571858585,1
13:13:38,3.027,3.027968,52.6253581,5.557692,1
13:13:39,3.027,3.027495,52.61948109,5.54757379,1
13:13:40,3.027,3.027153,52.61360407,5.54038994,1
13:13:41,3.027,3.026904,52.60773,5.535334349,1
13:13:42,3.027,3.026725,52.60185003,5.53181842,1
13:13:43,3.027,3.026594,52.59597301,5.529417843,1
13:13:44,3.027,3.0265,52.590096,5.527823791,1
13:13:45,3.026,3.026432,52.58421898,5.518248305,1
13:13:46,3.026,3.026107,52.57834196,5.51145263,1
13:13:47,3.026,3.025872,52.57246494,5.506670848,1
13:13:48,3.026,3.025702,52.56658792,5.503349751,1
13:13:49,3.025,3.025578,52.56071,5.492515489,1
13:13:50,3.022,3.025214,52.55483389,5.459100753,1
13:13:51,3.02,3.024124,52.54895687,5.417889357,1
13:13:52,3.02,3.022784,52.54307985,5.388166755,1
13:13:53,3.02,3.021811,52.53720284,5.366772413,1
13:13:54,3.02,3.021106,52.53132582,5.351418257,1
13:13:55,3.02,3.020596,52.5254488,5.340441316,1
13:13:56,3.02,3.020225,52.51957178,5.332636461,1
13:13:57,3.02,3.019957,52.51369,5.327133462,1
13:13:58,3.02,3.019762,52.50781775,5.323295295,1
13:13:59,3.02,3.019622,52.50194073,5.32066226,1
13:14:00,3.02,3.019519,52.49606371,5.318905413,1
13:14:01,3.019,3.019446,52.49018669,5.309206992,1
13:14:02,3.019,3.019117,52.48430967,5.302325264,1
13:14:03,3.018,3.018879,52.47843266,5.288919061,1
13:14:04,3.016,3.018431,52.47255564,5.262216181,1
13:14:05,3.014,3.017556,52.46668,5.225867033,1
13:14:06,3.012,3.016371,52.4608016,5.182533711,1
13:14:07,3.012,3.014962,52.45492458,5.151281506,1
13:14:08,3.012,3.01394,52.44904757,5.128786713,1
13:14:09,3.012,3.013199,52.44317055,5.112639815,1
13:14:10,3.012,3.012662,52.43729353,5.101095513,1
13:14:11,3.012,3.012272,52.43141651,5.092728883,1
13:14:12,3.012,3.011988,52.42553949,5.086969957,1
13:14:13,3.012,3.011784,52.41966,5.083235726,1
13:14:14,3.012,3.011638,52.41378546,5.080867931,1
13:14:15,3.011,3.011531,52.40790844,5.069999024,1
13:14:16,3.011,3.01118,52.40203142,5.062349141,1
13:14:17,3.011,3.010924,52.3961544,5.057207868,1
13:14:18,3.01,3.010737,52.39027739,5.044429749,1
13:14:19,3.009,3.010339,52.38440037,5.025840178,1
13:14:20,3.006,3.009789,52.37852335,4.983754084,1
13:14:21,3.005,3.007531,52.37265,4.953338578,1
13:14:22,3.005,3.005216,52.36676931,4.9455598,1
13:14:23,3.005,3.004567,52.3608923,4.9430985,1
13:14:24,3.005,3.00432,52.35501528,4.942285642,1
13:14:25,3.005,3.004211,52.34913826,4.942125455,1
13:14:26,3.005,3.004161,52.34326124,4.942248017,1
13:14:27,3.005,3.004138,52.33738422,4.942497239,1
13:14:28,3.004,3.004127,52.33150721,4.9357187,1
13:14:29,3.005,3.003548,52.32563,4.940216988,1
13:14:30,3.004,3.003878,52.31975317,4.935193807,1
13:14:31,3.004,3.003442,52.31387615,4.93327342,1
13:14:32,3.002,3.003257,52.30799913,4.918528348,1
13:14:33,3,3.002034,52.30212212,4.898130521,1
13:14:34,2.999,3.00037,52.2962451,4.882591963,1
13:14:35,2.998,2.999097,52.29036808,4.869175,1
13:14:36,2.998,2.997984,52.28449106,4.86340709,1
13:14:37,2.998,2.997487,52.27861,4.861017689,1
13:14:38,2.998,2.997263,52.27273703,4.860139,1
13:14:39,2.998,2.997164,52.26686001,4.859932885,1
13:14:40,2.998,2.997119,52.26098299,4.86002937,1
13:14:41,2.998,2.997099,52.25510597,4.86025922,1
13:14:42,2.998,2.99709,52.24922895,4.860548675,1
13:14:43,2.997,2.997087,52.24335194,4.854082316,1
13:14:44,2.997,2.996535,52.23747492,4.851358384,1
13:14:45,2.997,2.996287,52.2316,4.85031642,1
13:14:46,2.995,2.996176,52.22572088,4.836471751,1
13:14:47,2.993,2.995024,52.21984386,4.816875979,1
13:14:48,2.991,2.993405,52.21396685,4.794694856,1
13:14:49,2.99,2.991576,52.20808983,4.778137058,1
13:14:50,2.99,2.990204,52.20221281,4.770880565,1
13:14:51,2.99,2.989587,52.19633579,4.767806083,1
13:14:52,2.99,2.98931,52.19045877,4.766607657,1
13:14:53,2.99,2.989186,52.18458,4.766251147,1
13:14:54,2.99,2.98913,52.17870474,4.766267911,1
13:14:55,2.99,2.989106,52.17282772,4.766453058,1
13:14:56,2.989,2.989095,52.1669507,4.759934917,1
13:14:57,2.989,2.988539,52.16107368,4.757180437,1
13:14:58,2.989,2.98829,52.15519667,4.756114632,1
13:14:59,2.989,2.988178,52.14931965,4.755808786,1
13:15:00,2.986,2.988128,52.14344263,4.735505208,1
13:15:01,2.984,2.986453,52.13757,4.712997377,1
13:15:02,2.983,2.984599,52.13168859,4.696279764,1
13:15:03,2.983,2.983215,52.12581158,4.688945413,1
13:15:04,2.983,2.982594,52.11993456,4.685824364,1
13:15:05,2.983,2.982314,52.11405754,4.684595764,1
13:15:06,2.983,2.982189,52.10818052,4.684215784,1
13:15:07,2.983,2.982133,52.1023035,4.684213921,1
13:15:08,2.983,2.982108,52.09642649,4.684381932,1
13:15:09,2.982,2.982097,52.09055,4.67784591,1
13:15:10,2.982,2.981542,52.08467245,4.675075784,1
13:15:11,2.982,2.981292,52.07879543,4.673997685,1
13:15:12,2.981,2.981181,52.07291842,4.666895792,1
13:15:13,2.979,2.98058,52.0670414,4.650307,1
13:15:14,2.977,2.979208,52.06116438,4.62946035,1
13:15:15,2.976,2.97749,52.05528736,4.613483697,1
13:15:16,2.976,2.976167,52.04941034,4.606472328,1
13:15:17,2.976,2.975573,52.04353,4.603490606,1
13:15:18,2.976,2.975306,52.03765631,4.60231714,1
13:15:19,2.976,2.975187,52.03177929,4.601953551,1
13:15:20,2.976,2.975133,52.02590227,4.601953924,1
13:15:21,2.975,2.97511,52.02002525,4.595335573,1
13:15:22,2.975,2.974548,52.01414824,4.592523351,1
13:15:23,2.975,2.974296,52.00827122,4.591418058,1
13:15:24,2.973,2.974183,52.0023942,4.577517882,1
13:15:25,2.97,2.973031,51.99652,4.551094398,1
13:15:26,2.968,2.97086,51.99064016,4.525827989,1
13:15:27,2.968,2.968784,51.98476315,4.514640197,1
13:15:28,2.968,2.96785,51.97888613,4.509778693,1
13:15:29,2.968,2.967431,51.97300911,4.507758468,1
13:15:30,2.968,2.967243,51.96713209,4.50701192,1
13:15:31,2.968,2.967159,51.96125507,4.506839439,1
13:15:32,2.968,2.967121,51.95537806,4.506924003,1
13:15:33,2.968,2.967105,51.9495,4.507118464,1
13:15:34,2.968,2.967097,51.94362402,4.507364705,1
13:15:35,2.968,2.967094,51.937747,4.507628828,1
13:15:36,2.968,2.967093,51.93186998,4.507899,1
13:15:37,2.965,2.967093,51.92599297,4.487833381,1
13:15:38,2.962,2.96544,51.92011595,4.458633065,1
13:15:39,2.961,2.963045,51.91423893,4.438892379,1
13:15:40,2.961,2.961418,51.90836191,4.430180416,1
13:15:41,2.961,2.960687,51.90248,4.426426068,1
13:15:42,2.961,2.960359,51.89660788,4.424897581,1
13:15:43,2.961,2.960212,51.89073086,4.424366355,1
13:15:44,2.961,2.960145,51.88485384,4.424284771,1
13:15:45,2.961,2.960116,51.87897682,4.424401745,1
13:15:46,2.96,2.960103,51.8730998,4.417825118,1
13:15:47,2.96,2.959547,51.86722279,4.415022954,1
13:15:48,2.959,2.959297,51.86134577,4.407132044,1
13:15:49,2.957,2.958634,51.85547,4.390180856,1
13:15:50,2.955,2.957234,51.84959173,4.369154572,1
13:15:51,2.954,2.955504,51.84371471,4.353082925,1
13:15:52,2.954,2.954175,51.8378377,4.346018285,1
13:15:53,2.954,2.953578,51.83196068,4.342999682,1
13:15:54,2.954,2.95331,51.82608366,4.341797903,1
13:15:55,2.954,2.95319,51.82020664,4.341412336,1
13:15:56,2.954,2.953137,51.81432962,4.341389239,1
13:15:57,2.953,2.953113,51.80845,4.334748164,1
13:15:58,2.953,2.952551,51.80257559,4.331913963,1
13:15:59,2.953,2.952299,51.79669857,4.330791533,1
13:16:00,2.951,2.952186,51.79082155,4.316870868,1
13:16:01,2.948,2.951034,51.78494453,4.290426895,1
13:16:02,2.947,2.948864,51.77906752,4.271915555,1
13:16:03,2.947,2.947337,51.7731905,4.263754934,1
13:16:04,2.947,2.946652,51.76731348,4.260240123,1
13:16:05,2.947,2.946344,51.76144,4.258815572,1
13:16:06,2.947,2.946206,51.75555944,4.258325323,1
13:16:07,2.946,2.946144,51.74968243,4.251472279,1
13:16:08,2.946,2.945565,51.74380541,4.248544201,1
13:16:09,2.946,2.945306,51.73792839,4.247374833,1
13:16:10,2.945,2.945189,51.73205137,4.240216315,1
13:16:11,2.943,2.944586,51.72617435,4.223589599,1
13:16:12,2.94,2.943214,51.72029734,4.195923358,1
13:16:13,2.939,2.940944,51.71442,4.176862165,1
13:16:14,2.939,2.939373,51.7085433,4.168451,1
13:16:15,2.939,2.938668,51.70266628,4.164824262,1
13:16:16,2.939,2.938351,51.69678926,4.16334793,1
13:16:17,2.939,2.938208,51.69091225,4.16283682,1
13:16:18,2.939,2.938145,51.68503523,4.162755609,1
13:16:19,2.938,2.938116,51.67915821,4.156089947,1
13:16:20,2.938,2.937553,51.67328119,4.153244197,1
13:16:21,2.938,2.9373,51.6674,4.152113944,1
13:16:22,2.936,2.937187,51.66152716,4.138191417,1
13:16:23,2.933,2.936034,51.65565014,4.111742228,1
13:16:24,2.932,2.933864,51.64977312,4.093225673,1
13:16:25,2.932,2.932338,51.6438961,4.085059837,1
13:16:26,2.932,2.931652,51.63801908,4.081543535,1
13:16:27,2.932,2.931344,51.63214207,4.080114141,1
13:16:28,2.932,2.931206,51.62626505,4.07961905,1
13:16:29,2.932,2.931144,51.62039,4.079546034,1
13:16:30,2.931,2.931117,51.61451101,4.072878882,1
13:16:31,2.931,2.930553,51.608634,4.070030153,1
13:16:32,2.929,2.9303,51.60275698,4.055335,1
13:16:33,2.927,2.929085,51.59687996,4.035318,1
13:16:34,2.925,2.927438,51.59100294,4.012909904,1
13:16:35,2.925,2.925595,51.58512592,4.002995044,1
13:16:36,2.925,2.924768,51.57924891,3.998689726,1
13:16:37,2.925,2.924396,51.57337,3.996904567,1
13:16:38,2.925,2.924229,51.56749487,3.996252641,1
13:16:39,2.925,2.924154,51.56161785,3.996108472,1
13:16:40,2.924,2.924121,51.55574083,3.989410773,1
13:16:41,2.924,2.923555,51.54986382,3.986547515,1
13:16:42,2.923,2.923301,51.5439868,3.978629038,1
13:16:43,2.92,2.922637,51.53810978,3.954870999,1
13:16:44,2.917,2.920685,51.53223276,3.924006,1
13:16:45,2.917,2.918156,51.52636,3.91029045,1
13:16:46,2.917,2.91702,51.52047873,3.904281184,1
13:16:47,2.917,2.916509,51.51460171,3.901733086,1
13:16:48,2.917,2.91628,51.50872469,3.900740296,1
13:16:49,2.917,2.916177,51.50284767,3.900444135,1
13:16:50,2.917,2.916131,51.49697065,3.900460154,1
13:16:51,2.916,2.916111,51.49109364,3.893835098,1
13:16:52,2.913,2.915551,51.48521662,3.870661929,1
13:16:53,2.91,2.913647,51.47934,3.840055689,1
13:16:54,2.91,2.911139,51.47346258,3.826458007,1
13:16:55,2.91,2.910011,51.46758556,3.820503876,1
13:16:56,2.91,2.909505,51.46170855,3.817981854,1
13:16:57,2.91,2.909278,51.45583153,3.817002103,1
13:16:58,2.91,2.909176,51.44995451,3.816714138,1
13:16:59,2.91,2.90913,51.44407749,3.816733509,1
13:17:00,2.909,2.90911,51.43820047,3.810113296,1
13:17:01,2.908,2.908551,51.43232,3.80050689,1
13:17:02,2.906,2.907748,51.42644644,3.782773763,1
13:17:03,2.903,2.906286,51.42056942,3.754616529,1
13:17:04,2.903,2.903976,51.4146924,3.74211967,1
13:17:05,2.903,2.902939,51.40881538,3.736658394,1
13:17:06,2.903,2.902473,51.40293837,3.734357655,1
13:17:07,2.903,2.902263,51.39706135,3.733478114,1
13:17:08,2.903,2.90217,51.39118433,3.733232245,1
13:17:09,2.902,2.902128,51.38531,3.72649245,1
13:17:10,2.902,2.901558,51.37943029,3.723613173,1
13:17:11,2.899,2.901303,51.37355328,3.702123091,1
13:17:12,2.896,2.899535,51.36767626,3.672276437,1
13:17:13,2.896,2.897088,51.36179924,3.659021482,1
13:17:14,2.896,2.895989,51.35592222,3.653220832,1
13:17:15,2.896,2.895494,51.3500452,3.650771454,1
13:17:16,2.896,2.895273,51.34416819,3.64982225,1
13:17:17,2.896,2.895174,51.33829,3.649548814,1
13:17:18,2.895,2.895129,51.33241415,3.642797,1
13:17:19,2.895,2.894558,51.32653713,3.639916331,1
13:17:20,2.892,2.894302,51.32066011,3.618427739,1
13:17:21,2.889,2.892535,51.3147831,3.588581,1
13:17:22,2.888,2.890088,51.30890608,3.568547592,1
13:17:23,2.888,2.888438,51.30302906,3.559705988,1
13:17:24,2.888,2.887696,51.29715204,3.555890545,1
13:17:25,2.888,2.887363,51.29128,3.554331884,1
13:17:26,2.888,2.887214,51.28539801,3.553786874,1
13:17:27,2.887,2.887147,51.27952099,3.546914458,1
13:17:28,2.886,2.886566,51.27364397,3.537198156,1
13:17:29,2.883,2.885754,51.26776695,3.512644395,1
13:17:30,2.881,2.883737,51.26188993,3.488212079,1
13:17:31,2.881,2.881729,51.25601292,3.477393463,1
13:17:32,2.881,2.880827,51.2501359,3.472692147,1
13:17:33,2.881,2.880422,51.24426,3.470738977,1
13:17:34,2.881,2.88024,51.23838186,3.470019624,1
13:17:35,2.88,2.880158,51.23250484,3.463066369,1
13:17:36,2.88,2.87957,51.22662783,3.460099548,1
13:17:37,2.878,2.879307,51.22075081,3.445361927,1
13:17:38,2.875,2.878087,51.21487379,3.418554366,1
13:17:39,2.874,2.875886,51.20899677,3.399888426,1
13:17:40,2.874,2.874347,51.20311975,3.391661122,1
13:17:41,2.874,2.873655,51.19724,3.38812694,1
13:17:42,2.874,2.873344,51.19136572,3.386697546,1
13:17:43,2.874,2.873205,51.1854887,3.386214003,1
13:17:44,2.873,2.873142,51.17961168,3.379375488,1
13:17:45,2.871,2.872564,51.17373466,3.362896666,1
13:17:46,2.867,2.871202,51.16785765,3.328527883,1
13:17:47,2.866,2.868387,51.16198063,3.306465223,1
13:17:48,2.866,2.86657,51.15610361,3.296718374,1
13:17:49,2.866,2.865755,51.15023,3.29250358,1
13:17:50,2.866,2.865388,51.14434958,3.290773556,1
13:17:51,2.866,2.865224,51.13847256,3.290157393,1
13:17:52,2.866,2.86515,51.13259554,3.290042654,1
13:17:53,2.864,2.865117,51.12671852,3.276591748,1
13:17:54,2.86,2.864001,51.1208415,3.243586048,1
13:17:55,2.859,2.861296,51.11496449,3.222138,1
13:17:56,2.859,2.85953,51.10908747,3.212667257,1
13:17:57,2.859,2.858736,51.10321,3.208580241,1
13:17:58,2.859,2.85838,51.09733343,3.206909,1
13:17:59,2.858,2.85822,51.09145641,3.199543059,1
13:18:00,2.858,2.857597,51.0855794,3.196398541,1
13:18:01,2.854,2.857318,51.07970238,3.168024495,1
13:18:02,2.852,2.854989,51.07382536,3.141879663,1
13:18:03,2.852,2.85284,51.06794834,3.130302578,1
13:18:04,2.852,2.851875,51.06207132,3.125270084,1
13:18:05,2.852,2.851442,51.05619,3.123178147,1
13:18:06,2.852,2.851247,51.05031729,3.122405522,1
13:18:07,2.851,2.85116,51.04444027,3.115445934,1
13:18:08,2.85,2.85057,51.03856325,3.105703928,1
13:18:09,2.845,2.849755,51.03268623,3.067586198,1
13:18:10,2.845,2.846634,51.02680922,3.050630726,1
13:18:11,2.845,2.845231,51.0209322,3.043187782,1
13:18:12,2.845,2.844601,51.01505518,3.040014394,1
13:18:13,2.845,2.844318,51.00918,3.038758412,1
13:18:14,2.844,2.844191,51.00330114,3.031583689,1
13:18:15,2.844,2.843584,50.99742413,3.02853,1
13:18:16,2.839,2.843311,50.99154711,2.993424051,1
13:18:17,2.837,2.840435,50.98567009,2.964259498,1
13:18:18,2.837,2.83804,50.97979307,2.95133274,1
13:18:19,2.837,2.836964,50.97391605,2.945698798,1
13:18:20,2.837,2.836481,50.96803904,2.943343483,1
13:18:21,2.836,2.836264,50.96216,2.935679071,1
13:18:22,2.836,2.835616,50.956285,2.932408638,1
13:18:23,2.833,2.835325,50.95040798,2.910769545,1
13:18:24,2.83,2.833541,50.94453096,2.880879119,1
13:18:25,2.83,2.831088,50.93865395,2.86762584,1
13:18:26,2.83,2.829985,50.93277693,2.861849591,1
13:18:27,2.83,2.82949,50.92689991,2.859431133,1
13:18:28,2.829,2.829267,50.92102289,2.85174232,1
13:18:29,2.828,2.828617,50.91515,2.841683477,1
13:18:30,2.824,2.827774,50.90926886,2.810215019,1
13:18:31,2.823,2.825192,50.90339184,2.78947819,1
13:18:32,2.823,2.823481,50.89751482,2.780344151,1
13:18:33,2.823,2.822712,50.8916378,2.776420675,1
13:18:34,2.822,2.822367,50.88576078,2.768057771,1
13:18:35,2.822,2.821661,50.87988377,2.764480188,1
13:18:36,2.82,2.821344,50.87400675,2.749490552,1
13:18:37,2.816,2.8201,50.86813,2.715812251,1
13:18:38,2.815,2.817338,50.86225271,2.694084123,1
13:18:39,2.815,2.815546,50.85637569,2.684507146,1
13:18:40,2.815,2.81474,50.85049868,2.680392936,1
13:18:41,2.814,2.814379,50.84462166,2.67194435,1
13:18:42,2.814,2.813666,50.83874464,2.668331191,1
13:18:43,2.81,2.813345,50.83286762,2.639769576,1
13:18:44,2.808,2.810998,50.8269906,2.613565139,1
13:18:45,2.808,2.808842,50.82111,2.601981908,1
13:18:46,2.808,2.807873,50.81523657,2.596965432,1
13:18:47,2.808,2.807438,50.80935955,2.594901063,1
13:18:48,2.807,2.807243,50.80348253,2.58737877,1
13:18:49,2.804,2.806605,50.79760551,2.56384,1
13:18:50,2.801,2.804665,50.7917285,2.53311377,1
13:18:51,2.801,2.802141,50.78585148,2.519499883,1
13:18:52,2.8,2.801007,50.77997446,2.506792918,1
13:18:53,2.8,2.799947,50.7741,2.50127539,1
13:18:54,2.796,2.79947,50.76822042,2.471868135,1
13:18:55,2.794,2.797053,50.76234341,2.445291728,1
13:18:56,2.794,2.794865,50.75646639,2.433548309,1
13:18:57,2.794,2.793883,50.75058937,2.428468876,1
13:18:58,2.794,2.793441,50.74471235,2.426385134,1
13:18:59,2.793,2.793243,50.73883533,2.418862842,1
13:19:00,2.793,2.792603,50.73295832,2.415678091,1
13:19:01,2.787,2.792316,50.72708,2.373756096,1
13:19:02,2.786,2.788882,50.72120428,2.348337136,1
13:19:03,2.786,2.786788,50.71532726,2.33711917,1
13:19:04,2.786,2.785847,50.70945024,2.332280576,1
13:19:05,2.785,2.785424,50.70357323,2.323526517,1
13:19:06,2.784,2.784684,50.69769621,2.313013375,1
13:19:07,2.779,2.783801,50.69181919,2.27458179,1
13:19:08,2.779,2.780649,50.68594217,2.257517911,1
13:19:09,2.779,2.779233,50.68007,2.250058763,1
13:19:10,2.778,2.778597,50.67418814,2.240134031,1
13:19:11,2.778,2.777761,50.66831112,2.23588068,1
13:19:12,2.773,2.777385,50.6624341,2.200270072,1
13:19:13,2.772,2.774462,50.65655708,2.177694812,1
13:19:14,2.772,2.772598,50.65068007,2.167760395,1
13:19:15,2.771,2.771761,50.64480305,2.156725153,1
13:19:16,2.771,2.770834,50.63892603,2.151975594,1
13:19:17,2.766,2.770417,50.63305,2.116146684,1
13:19:18,2.764,2.767476,50.62717199,2.086699,1
13:19:19,2.764,2.765053,50.62129498,2.073681727,1
13:19:20,2.764,2.763964,50.61541796,2.068049461,1
13:19:21,2.763,2.763475,50.60954094,2.058954164,1
13:19:22,2.762,2.762705,50.60366392,2.048300393,1
13:19:23,2.757,2.761808,50.5977869,2.009820007,1
13:19:24,2.757,2.758651,50.59190989,1.992749609,1
13:19:25,2.756,2.757232,50.58603,1.978521235,1
13:19:26,2.756,2.756044,50.58015585,1.972347312,1
13:19:27,2.755,2.75551,50.57427883,1.963007823,1
13:19:28,2.75,2.75472,50.56840181,1.925126,1
13:19:29,2.75,2.751611,50.5625248,1.90832857,1
13:19:30,2.75,2.750214,50.55664778,1.901003532,1
13:19:31,2.749,2.749586,50.55077076,1.891154796,1
13:19:32,2.747,2.748753,50.54489374,1.873389073,1
13:19:33,2.742,2.747278,50.53902,1.831726916,1
13:19:34,2.742,2.743861,50.53313971,1.81323532,1
13:19:35,2.742,2.742325,50.52726269,1.805156842,1
13:19:36,2.742,2.741635,50.52138567,1.801755466,1
13:19:37,2.736,2.741326,50.51550865,1.759764925,1
13:19:38,2.735,2.737881,50.50963163,1.734350808,1
13:19:39,2.735,2.735783,50.50375462,1.723165065,1
13:19:40,2.734,2.73484,50.4978776,1.711589657,1
13:19:41,2.734,2.733866,50.492,1.706621796,1
13:19:42,2.728,2.733428,50.48612356,1.663940959,1
13:19:43,2.728,2.729927,50.48024654,1.644999906,1
13:19:44,2.728,2.728354,50.47436953,1.636727527,1
13:19:45,2.727,2.727647,50.46849251,1.626464911,1
13:19:46,2.723,2.726779,50.46261549,1.594965346,1
13:19:47,2.721,2.724185,50.45673847,1.56749282,1
13:19:48,2.721,2.721918,50.45086145,1.555392053,1
13:19:49,2.72,2.7209,50.44498,1.543414127,1
13:19:50,2.718,2.719891,50.43910742,1.524715498,1
13:19:51,2.713,2.718337,50.4332304,1.482648775,1
13:19:52,2.713,2.714884,50.42735338,1.463996898,1
13:19:53,2.713,2.713332,50.42147636,1.455865148,1
13:19:54,2.712,2.712636,50.41559935,1.445676945,1
13:19:55,2.706,2.711772,50.40972233,1.400659606,1
13:19:56,2.706,2.708079,50.40384531,1.380686928,1
13:19:57,2.706,2.706419,50.39797,1.371966675,1
13:19:58,2.705,2.705674,50.39209127,1.36151975,1
13:19:59,2.699,2.704788,50.38621426,1.316390745,1
13:20:00,2.699,2.701085,50.38033724,1.296371128,1
13:20:01,2.699,2.699421,50.37446022,1.287634671,1
13:20:02,2.697,2.698674,50.3685832,1.270407159,1
13:20:03,2.691,2.697237,50.36270618,1.222238503,1
13:20:04,2.691,2.693286,50.35682917,1.200859156,1
13:20:05,2.691,2.691511,50.35095,1.19151799,1
13:20:06,2.688,2.690713,50.34507513,1.167243067,1
13:20:07,2.684,2.688703,50.33919811,1.129476354,1
13:20:08,2.684,2.685596,50.33332109,1.11277746,1
13:20:09,2.683,2.6842,50.32744408,1.098767202,1
13:20:10,2.677,2.683022,50.32156706,1.052054949,1
13:20:11,2.677,2.679188,50.31569004,1.031343173,1
13:20:12,2.676,2.677465,50.30981302,1.015533414,1
13:20:13,2.673,2.67614,50.30394,0.988363,1
13:20:14,2.67,2.673893,50.29805899,0.956087839,1
13:20:15,2.67,2.67123,50.29218197,0.941867288,1
13:20:16,2.668,2.670034,50.28630495,0.922199897,1
13:20:17,2.662,2.668395,50.28042793,0.872961897,1
13:20:18,2.662,2.664354,50.27455091,0.851126388,1
13:20:19,2.661,2.662538,50.2686739,0.834821817,1
13:20:20,2.655,2.661171,50.26279688,0.787096843,1
13:20:21,2.655,2.657252,50.25692,0.765949953,1
13:20:22,2.654,2.655491,50.25104284,0.749962172,1
13:20:23,2.648,2.654149,50.24516582,0.702390634,1
13:20:24,2.648,2.650241,50.23928881,0.681319647,1
13:20:25,2.647,2.648485,50.23341179,0.665370608,1
13:20:26,2.64,2.647146,50.22753477,0.611034175,1
13:20:27,2.64,2.642688,50.22165775,0.58693001,1
13:20:28,2.639,2.640684,50.21578074,0.569630926,1
13:20:29,2.633,2.639234,50.2099,0.521481689,1
13:20:30,2.633,2.635277,50.2040267,0.500164786,1
13:20:31,2.629,2.633499,50.19814968,0.463776011,1
13:20:32,2.626,2.630497,50.19227266,0.427400088,1
13:20:33,2.625,2.627496,50.18639565,0.404600473,1
13:20:34,2.619,2.625596,50.18051863,0.353991566,1
13:20:35,2.619,2.621438,50.17464161,0.331583084,1
13:20:36,2.615,2.619569,50.16876459,0.294721778,1
13:20:37,2.611,2.616526,50.16289,0.251368806,1
13:20:38,2.61,2.612956,50.15701056,0.225446816,1
13:20:39,2.604,2.610801,50.15113354,0.173450017,1
13:20:40,2.604,2.606527,50.14525652,0.150436605,1
13:20:41,2.598,2.604607,50.1393795,0.099752378,1
13:20:42,2.597,2.600439,50.13350248,0.070552726,1
13:20:43,2.593,2.598016,50.12762547,0.03066413,1
13:20:44,2.589,2.594723,50.12174845,0,1
13:20:45,2.589,2.592636,50.11587,0,1
13:20:46,2.582,2.592564,50.10999441,0,1
13:20:47,2.581,2.592464,50.10411739,0,1
13:20:48,2.575,2.59236,50.09824038,0,1
13:20:49,2.574,2.592233,50.09236336,0,1
13:20:50,2.568,2.592103,50.08648634,0,1
13:20:51,2.567,2.591949,50.08060932,0,1
13:20:52,2.56,2.591794,50.0747323,0,1
13:20:53,2.56,2.59161,50.06886,0,1
13:20:54,2.553,2.591429,50.06297827,0,1
13:20:55,2.552,2.591221,50.05710125,0,1
13:20:56,2.546,2.591012,50.05122423,0,1
13:20:57,2.545,2.590779,50.04534721,0,1
13:20:58,2.538,2.590546,50.0394702,0,1
13:20:59,2.536,2.590286,50.03359318,0,1
13:21:00,2.531,2.590021,50.02771616,0,1
13:21:01,2.525,2.589739,50.02184,0,1
13:21:02,2.524,2.589435,50.01596212,0,1
13:21:03,2.517,2.589131,50.01008511,0,1
13:21:04,2.515,2.588801,50.00420809,0,1
13:21:05,2.509,2.588468,49.99833107,0,1
13:21:06,2.502,2.588113,49.99245405,0,1
13:21:07,2.501,2.587734,49.98657703,0,1
13:21:08,2.499,2.587355,49.98070002,0,1
13:21:09,2.499,2.586973,49.97482,0,1
