Timestamp,V_Meas(Avg),V_Pred(EKF),SoC_CC(%),SoC_EKF(%),dt
00:15:46,3.553,3.524382,99.99412298,100,1
00:15:47,3.536,3.529736,99.98824596,100,1
00:15:48,3.522,3.529723,99.98236895,99.78120327,1
00:15:49,3.507,3.525245,99.97649193,99.26390648,1
00:15:50,3.493,3.515468,99.97061491,98.62593412,1
00:15:51,3.486,3.503588,99.96473789,98.12576771,1
00:15:52,3.479,3.494206,99.95886087,97.69766927,1
00:15:53,3.471,3.486037,99.95298386,97.27849364,1
00:15:54,3.464,3.477952,99.94710684,96.89477086,1
00:15:55,3.461,3.47042,99.94122982,96.63808346,1
00:15:56,3.457,3.465199,99.9353528,96.41654491,1
00:15:57,3.45,3.460604,99.92947578,96.13653421,1
00:15:58,3.45,3.454789,99.92359877,96.00836039,1
00:15:59,3.442,3.45194,99.91772175,95.75291872,1
00:16:00,3.441,3.446475,99.91184473,95.6114471,1
00:16:01,3.436,3.443289,99.90597,95.42720914,1
00:16:02,3.435,3.439187,99.90009069,95.32036781,1
00:16:03,3.434,3.43667,99.89421368,95.25101781,1
00:16:04,3.428,3.43493,99.88833666,95.08263469,1
00:16:05,3.428,3.431033,99.88245964,95.00672221,1
00:16:06,3.427,3.429123,99.87658262,94.95232105,1
00:16:07,3.42,3.427682,99.8707056,94.7732091,1
00:16:08,3.42,3.423426,99.86482859,94.69121099,1
00:16:09,3.42,3.421341,99.85895157,94.65583563,1
00:16:10,3.414,3.42032,99.85307455,94.51297522,1
00:16:11,3.413,3.41678,99.84719753,94.42610741,1
00:16:12,3.412,3.414539,99.84132051,94.36637163,1
00:16:13,3.41,3.412935,99.8354435,94.29901242,1
00:16:14,3.406,3.411137,99.82956648,94.18683648,1
00:16:15,3.406,3.408231,99.82368946,94.13532615,1
00:16:16,3.405,3.406807,99.81781244,94.09291744,1
00:16:17,3.403,3.405604,99.81194,94.03508902,1
00:16:18,3.399,3.404004,99.80605841,93.93040538,1
00:16:19,3.399,3.401197,99.80018139,93.88151765,1
00:16:20,3.398,3.399821,99.79430437,93.84041429,1
00:16:21,3.397,3.398641,99.78842735,93.80312562,1
00:16:22,3.391,3.397558,99.78255033,93.67334843,1
00:16:23,3.391,3.393996,99.77667332,93.61140728,1
00:16:24,3.391,3.392249,99.7707963,93.58234,1
00:16:25,3.39,3.391392,99.76491928,93.55095029,1
00:16:26,3.388,3.390467,99.75904226,93.50021482,1
00:16:27,3.383999,3.389005,99.75316525,93.4042871,1
00:16:28,3.383999,3.386269,99.74728823,93.35807562,1
00:16:29,3.383,3.384926,99.74141121,93.31827164,1
00:16:30,3.381,3.383763,99.73553419,93.26418638,1
00:16:31,3.377,3.382184,99.72965717,93.16868782,1
00:16:32,3.377,3.379392,99.72378016,93.121773,1
00:16:33,3.377,3.378021,99.7179,93.098557,1
00:16:34,3.377,3.377349,99.71202612,93.08682084,1
00:16:35,3.376,3.377018,99.7061491,93.06400418,1
00:16:36,3.374,3.376351,99.70027208,93.01926494,1
00:16:37,3.369,3.375016,99.69439507,92.91488528,1
00:16:38,3.369,3.371843,99.68851805,92.86296964,1
00:16:39,3.369,3.370284,99.68264103,92.83645749,1
00:16:40,3.369,3.369519,99.67676401,92.82230139,1
00:16:41,3.369,3.369142,99.67088699,92.81417131,1
00:16:42,3.365,3.368957,99.66500998,92.74639487,1
00:16:43,3.362,3.366852,99.65913296,92.66504645,1
00:16:44,3.362,3.364309,99.65325594,92.62363911,1
00:16:45,3.362,3.363059,99.64737892,92.60159,1
00:16:46,3.362,3.362444,99.6415019,92.58897305,1
00:16:47,3.361,3.362142,99.63562489,92.56592989,1
00:16:48,3.359,3.36149,99.62974787,92.52284765,1
00:16:49,3.355,3.360162,99.62387,92.44050384,1
00:16:50,3.355,3.357499,99.61799383,92.39798188,1
00:16:51,3.355,3.35619,99.61211681,92.37473607,1
00:16:52,3.355,3.355546,99.6062398,92.36095548,1
00:16:53,3.354,3.355229,99.60036278,92.33747125,1
00:16:54,3.354,3.354569,99.59448576,92.323488,1
00:16:55,3.349,3.354244,99.58860874,92.24337935,1
00:16:56,3.348,3.351571,99.58273172,92.18735695,1
00:16:57,3.348,3.349755,99.57685471,92.15701818,1
00:16:58,3.348,3.348862,99.57097769,92.13921428,1
00:16:59,3.348,3.348422,99.56510067,92.12753773,1
00:17:01,3.347,3.348204,99.55922365,92.10527539,1
00:17:01,3.347,3.347594,99.55334663,92.09137559,1
00:17:02,3.345,3.347292,99.54746962,92.05464125,1
00:17:03,3.341,3.346138,99.5415926,91.98012352,1
00:17:04,3.34,3.343563,99.53571558,91.92699194,1
00:17:05,3.34,3.341795,99.52984,91.89751744,1
00:17:06,3.34,3.340925,99.52396154,91.87954664,1
00:17:07,3.339,3.340496,99.51808453,91.85421467,1
00:17:08,3.339,3.339782,99.51220751,91.83826,1
00:17:09,3.339,3.339429,99.50633049,91.82687998,1
00:17:10,3.336,3.339254,99.50045347,91.77953601,1
00:17:11,3.333,3.337661,99.49457645,91.71475768,1
00:17:12,3.333,3.335373,99.48869944,91.67906046,1
00:17:13,3.333,3.334248,99.48282242,91.65760279,1
00:17:14,3.333,3.333693,99.4769454,91.64313078,1
00:17:15,3.333,3.333418,99.47106838,91.632092,1
00:17:16,3.332,3.33328,99.46519136,91.6105032,1
00:17:17,3.332,3.33271,99.45931435,91.59598947,1
00:17:18,3.331,3.332427,99.45343733,91.57280326,1
00:17:19,3.328,3.331784,99.44756031,91.52140021,1
00:17:20,3.326,3.329964,99.44168329,91.46809578,1
00:17:21,3.326,3.328066,99.43581,91.43759608,1
00:17:22,3.326,3.327131,99.42992926,91.41834974,1
00:17:23,3.326,3.32667,99.42405224,91.40458107,1
00:17:24,3.326,3.326441,99.41817522,91.39355421,1
00:17:25,3.326,3.326326,99.4122982,91.38388634,1
00:17:26,3.325,3.326267,99.40642118,91.36337042,1
00:17:27,3.325,3.325735,99.40054417,91.34904742,1
00:17:28,3.321,3.325471,99.39466715,91.2920475,1
00:17:29,3.319,3.323336,99.38879013,91.23686552,1
00:17:30,3.318,3.321284,99.38291311,91.19378328,1
00:17:31,3.318,3.319774,99.37703609,91.16794467,1
00:17:32,3.318,3.319029,99.37115908,91.15055203,1
00:17:33,3.318,3.318661,99.36528206,91.13733172,1
00:17:34,3.318,3.318478,99.35940504,91.12616777,1
00:17:35,3.318,3.318385,99.35352802,91.11606479,1
00:17:36,3.317,3.318336,99.347651,91.09553695,1
00:17:37,3.317,3.317809,99.34177,91.08083844,1
00:17:38,3.317,3.317548,99.33589697,91.06903,1
00:17:39,3.317,3.317416,99.33001995,91.05865955,1
00:17:40,3.315,3.317349,99.32414293,91.02756381,1
00:17:41,3.313,3.316314,99.31826591,90.98636508,1
00:17:42,3.311,3.314801,99.3123889,90.94014168,1
00:17:43,3.311,3.313056,99.30651188,90.912503,1
00:17:44,3.311,3.312197,99.30063486,90.89403152,1
00:17:45,3.311,3.311771,99.29475784,90.88009596,1
00:17:46,3.311,3.31156,99.28888083,90.86838961,1
00:17:47,3.311,3.311453,99.28300381,90.85780978,1
00:17:48,3.311,3.311398,99.27712679,90.84783792,1
00:17:49,3.311,3.311368,99.27124977,90.83818197,1
00:17:50,3.31,3.311351,99.26537275,90.81851244,1
00:17:51,3.31,3.310839,99.25949574,90.804106,1
00:17:52,3.31,3.310585,99.25361872,90.79231024,1
00:17:53,3.309,3.310457,99.24774,90.77172279,1
00:17:54,3.307,3.309892,99.24186468,90.73685408,1
00:17:55,3.306,3.308612,99.23598766,90.70490003,1
00:17:56,3.304,3.307481,99.23011065,90.66442251,1
00:17:57,3.304,3.305923,99.22423363,90.63950777,1
00:17:58,3.304,3.305156,99.21835661,90.62222242,1
00:17:59,3.304,3.304776,99.21247959,90.60872793,1
00:18:00,3.304,3.304586,99.20660257,90.59712291,1
00:18:01,3.304,3.304491,99.20072556,90.58647752,1
00:18:02,3.304,3.30444,99.19484854,90.57633877,1
00:18:03,3.304,3.304413,99.18897152,90.56649208,1
00:18:04,3.304,3.304396,99.1830945,90.55681229,1
00:18:05,3.304,3.304385,99.17721748,90.54724574,1
00:18:06,3.303,3.304377,99.17134047,90.52826762,1
00:18:07,3.303,3.303871,99.16546345,90.51413536,1
00:18:08,3.303,3.303619,99.15958643,90.50241709,1
00:18:09,3.303,3.303493,99.15371,90.49190283,1
00:18:10,3.303,3.303428,99.14783239,90.48202038,1
00:18:11,3.303,3.303393,99.14195538,90.47247767,1
00:18:12,3.302,3.303373,99.13607836,90.45381546,1
00:18:13,3.301,3.302861,99.13020134,90.43072462,1
00:18:14,3.299,3.302108,99.12432432,90.39619565,1
00:18:15,3.298,3.300736,99.1184473,90.36518931,1
00:18:16,3.297,3.299561,99.11257029,90.33588767,1
00:18:17,3.297,3.298482,99.10669327,90.3165102,1
00:18:18,3.297,3.297949,99.10081625,90.30202031,1
00:18:19,3.297,3.297685,99.09493923,90.28995037,1
00:18:20,3.297,3.297552,99.08906221,90.27910829,1
00:18:21,3.297,3.297483,99.0831852,90.26888609,1
00:18:22,3.297,3.297447,99.07730818,90.25901556,1
00:18:23,3.297,3.297426,99.07143116,90.24934769,1
00:18:24,3.297,3.297413,99.06555414,90.23980498,1
00:18:25,3.297,3.297404,99.05968,90.23035765,1
00:18:26,3.297,3.297397,99.05380011,90.22098184,1
00:18:27,3.297,3.29739,99.04792309,90.21168351,1
00:18:28,3.297,3.297384,99.04204607,90.20245075,1
00:18:29,3.297,3.297378,99.03616905,90.19327164,1
00:18:30,3.297,3.297373,99.03029203,90.18415809,1
00:18:31,3.297,3.297367,99.02441502,90.17510414,1
00:18:32,3.297,3.297362,99.018538,90.1661098,1
00:18:33,3.297,3.297356,99.01266098,90.1571691,1
00:18:34,3.297,3.297351,99.00678396,90.14828801,1
00:18:35,3.297,3.297346,99.00090694,90.13946652,1
00:18:36,3.296,3.29734,98.99502993,90.12218118,1
00:18:37,3.297,3.296836,98.98915291,90.11770487,1
00:18:38,3.297,3.297085,98.98327589,90.11111259,1
00:18:39,3.296,3.297204,98.97739887,90.09507895,1
00:18:40,3.296,3.296761,98.97152185,90.08281827,1
00:18:41,3.296,3.296541,98.96564,90.07240534,1
00:18:42,3.296,3.29643,98.95976782,90.06294012,1
00:18:43,3.296,3.296373,98.9538908,90.0539577,1
00:18:44,3.296,3.296343,98.94801378,90.04523158,1
00:18:45,3.296,3.296325,98.94213676,90.03666639,1
00:18:46,3.296,3.296314,98.93625975,90.02819657,1
00:18:47,3.296,3.296306,98.93038273,90.0198102,1
00:18:48,3.296,3.296299,98.92450571,90.01147747,1
00:18:49,3.296,3.296294,98.91862869,90.00319839,1
00:18:50,3.295,3.296288,98.91275167,89.98681307,1
00:18:51,3.295,3.295784,98.90687466,89.97456431,1
00:18:52,3.295,3.295535,98.90099764,89.96436596,1
00:18:53,3.294,3.295409,98.89512062,89.94711041,1
00:18:54,3.294,3.294847,98.8892436,89.93443251,1
00:18:55,3.294,3.294569,98.88336658,89.92398977,1
00:18:56,3.293,3.294429,98.87748957,89.90667462,1
00:18:57,3.293,3.293859,98.87161,89.89395499,1
00:18:58,3.293,3.293577,98.86573553,89.88348842,1
00:18:59,3.293,3.293436,98.85985851,89.87415433,1
00:19:00,3.292,3.293364,98.85398149,89.85749483,1
00:19:01,3.291,3.292829,98.84810448,89.83721137,1
00:19:02,3.292,3.292064,98.84222746,89.83083367,1
00:19:03,3.291,3.292185,98.83635044,89.81567621,1
00:19:04,3.291,3.291743,98.83047342,89.8039937,1
00:19:05,3.291,3.291524,98.82459641,89.79402781,1
00:19:06,3.29,3.291414,98.81871939,89.77717757,1
00:19:07,3.29,3.290859,98.81284237,89.76464272,1
00:19:08,3.29,3.290584,98.80696535,89.75426555,1
00:19:09,3.29,3.290446,98.80108833,89.74495,1
00:19:10,3.29,3.290376,98.79521132,89.73618746,1
00:19:11,3.29,3.290339,98.7893343,89.72771764,1
00:19:12,3.29,3.290318,98.78345728,89.71940875,1
00:19:13,3.29,3.290306,98.77758,89.71120119,1
00:19:14,3.289,3.290297,98.77170324,89.69543576,1
00:19:15,3.289,3.289792,98.76582623,89.68354464,1
00:19:16,3.289,3.289541,98.75994921,89.67357278,1
00:19:17,3.289,3.289416,98.75407219,89.6645546,1
00:19:18,3.289,3.289351,98.74819517,89.65603113,1
00:19:19,3.289,3.289318,98.74231815,89.64776993,1
00:19:20,3.289,3.289299,98.73644114,89.63965178,1
00:19:21,3.289,3.289287,98.73056412,89.63162899,1
00:19:22,3.289,3.289279,98.7246871,89.62367773,1
00:19:23,3.289,3.289272,98.71881008,89.61578012,1
00:19:24,3.289,3.289267,98.71293306,89.60792422,1
00:19:25,3.289,3.289261,98.70705605,89.60011005,1
00:19:26,3.289,3.289257,98.70117903,89.59233761,1
00:19:27,3.289,3.289252,98.69530201,89.58460689,1
00:19:28,3.289,3.289247,98.68942499,89.57691,1
00:19:29,3.289,3.289243,98.68355,89.56925273,1
00:19:30,3.289,3.289238,98.67767096,89.56163526,1
00:19:31,3.289,3.289233,98.67179394,89.55405354,1
00:19:32,3.289,3.289229,98.66591692,89.54651356,1
00:19:33,3.289,3.289224,98.6600399,89.53900337,1
00:19:34,3.289,3.28922,98.65416288,89.53245282,1
00:19:35,3.289,3.289216,98.64828587,89.52676654,1
00:19:36,3.289,3.289212,98.64240885,89.52134252,1
00:19:37,3.289,3.28921,98.63653183,89.51601386,1
00:19:38,3.289,3.289207,98.63065481,89.51073,1
00:19:39,3.289,3.289205,98.62477779,89.5054698,1
00:19:40,3.289,3.289202,98.61890078,89.50023055,1
00:19:41,3.289,3.2892,98.61302376,89.49501514,1
00:19:42,3.289,3.289198,98.60714674,89.48982358,1
00:19:43,3.289,3.289195,98.60126972,89.4846499,1
00:19:44,3.289,3.289193,98.5953927,89.47949409,1
00:19:45,3.289,3.289191,98.58952,89.47435617,1
00:19:46,3.289,3.289189,98.58363867,89.46923614,1
00:19:47,3.289,3.289186,98.57776165,89.46413398,1
00:19:48,3.289,3.289184,98.57188463,89.4590497,1
00:19:49,3.289,3.289182,98.56600761,89.45397735,1
00:19:50,3.289,3.28918,98.5601306,89.44892287,1
00:19:51,3.289,3.289178,98.55425358,89.44388628,1
00:19:52,3.289,3.289176,98.54837656,89.43886161,1
00:19:53,3.289,3.289256,98.54249954,89.43426013,1
00:19:54,3.289,3.289297,98.53662252,89.42979574,1
00:19:55,3.289,3.289317,98.53074551,89.42537308,1
00:19:56,3.289,3.289327,98.52486849,89.42098022,1
00:19:57,3.289,3.289332,98.51899147,89.41662312,1
00:19:58,3.289,3.289335,98.51311445,89.41228986,1
00:19:59,3.289,3.289337,98.50723743,89.40799236,1
00:20:00,3.289,3.289338,98.50136042,89.40372,1
00:20:01,3.289,3.289339,98.49548,89.39948678,1
00:20:02,3.289,3.289339,98.48960638,89.39528465,1
00:20:03,3.289,3.28934,98.48372936,89.39111829,1
00:20:04,3.289,3.289341,98.47785234,89.38697577,1
00:20:05,3.289,3.289341,98.47197533,89.38286901,1
00:20:06,3.289,3.289342,98.46609831,89.37878609,1
00:20:07,3.289,3.289343,98.46022129,89.37473,1
00:20:08,3.289,3.289343,98.45434427,89.37071562,1
00:20:09,3.289,3.289344,98.44846725,89.36672807,1
00:20:10,3.289,3.289345,98.44259024,89.36276436,1
00:20:11,3.289,3.289346,98.43671322,89.35884237,1
00:20:12,3.289,3.289347,98.4308362,89.35494423,1
00:20:13,3.289,3.289348,98.42495918,89.35107589,1
00:20:14,3.289,3.289349,98.41908216,89.34723735,1
00:20:15,3.289,3.289349,98.41320515,89.34342861,1
00:20:16,3.289,3.289351,98.40732813,89.33960199,1
00:20:17,3.289,3.289351,98.40145,89.33457732,1
00:20:18,3.289,3.289352,98.39557409,89.32895064,1
00:20:19,3.289,3.289353,98.38969707,89.32302594,1
00:20:20,3.289,3.289352,98.38382006,89.31695819,1
00:20:21,3.289,3.289352,98.37794304,89.31081295,1
00:20:22,3.289,3.289352,98.37206602,89.30462599,1
00:20:23,3.289,3.289351,98.366189,89.2984271,1
00:20:24,3.289,3.289351,98.36031199,89.2922163,1
00:20:25,3.289,3.289351,98.35443497,89.28599358,1
00:20:26,3.289,3.28935,98.34855795,89.27977681,1
00:20:27,3.289,3.28935,98.34268093,89.27355409,1
00:20:28,3.289,3.289349,98.33680391,89.26733732,1
00:20:29,3.289,3.289349,98.3309269,89.2611146,1
00:20:30,3.289,3.289348,98.32504988,89.25489187,1
00:20:31,3.289,3.289348,98.31917286,89.24866915,1
00:20:32,3.289,3.289347,98.31329584,89.24244046,1
00:20:33,3.289,3.289346,98.30742,89.23621774,1
00:20:34,3.289,3.289346,98.30154181,89.22998905,1
00:20:35,3.289,3.289346,98.29566479,89.22376633,1
00:20:36,3.289,3.289345,98.28978777,89.2175436,1
00:20:37,3.289,3.289345,98.28391075,89.21131492,1
00:20:38,3.289,3.289344,98.27803373,89.20509219,1
00:20:39,3.289,3.289344,98.27215672,89.19886351,1
00:20:40,3.289,3.289343,98.2662797,89.19264078,1
00:20:41,3.289,3.289343,98.26040268,89.18641806,1
00:20:42,3.289,3.289342,98.25452566,89.18019533,1
00:20:43,3.289,3.289342,98.24864864,89.17397261,1
00:20:44,3.289,3.289341,98.24277163,89.16774392,1
00:20:45,3.289,3.289341,98.23689461,89.1615212,1
00:20:46,3.289,3.28934,98.23101759,89.15529251,1
00:20:47,3.289,3.28934,98.22514057,89.14906979,1
00:20:48,3.289,3.28934,98.21926355,89.14284706,1
00:20:49,3.289,3.289339,98.21339,89.13661838,1
00:20:50,3.289,3.289338,98.20750952,89.13039565,1
00:20:51,3.289,3.289338,98.2016325,89.12416697,1
00:20:52,3.289,3.289337,98.19575548,89.11794424,1
00:20:53,3.289,3.289337,98.18987846,89.11172152,1
00:20:54,3.289,3.289336,98.18400145,89.10549283,1
00:20:55,3.289,3.289336,98.17812443,89.09927011,1
00:20:56,3.289,3.289335,98.17224741,89.09304142,1
00:20:57,3.289,3.289335,98.16637039,89.0868187,1
00:20:58,3.289,3.289335,98.16049337,89.08059597,1
00:20:59,3.289,3.289334,98.15461636,89.07437325,1
00:21:00,3.289,3.289334,98.14873934,89.06814456,1
00:21:01,3.289,3.289333,98.14286232,89.06191587,1
00:21:02,3.289,3.289332,98.1369853,89.05569315,1
00:21:03,3.289,3.289332,98.13110828,89.04946446,1
00:21:04,3.289,3.289332,98.12523127,89.04324174,1
00:21:05,3.289,3.289331,98.11935,89.03701901,1
00:21:06,3.289,3.289331,98.11347723,89.03079033,1
00:21:07,3.289,3.28933,98.10760021,89.0245676,1
00:21:08,3.289,3.28933,98.10172319,89.01833892,1
00:21:09,3.289,3.289329,98.09584618,89.01211619,1
00:21:10,3.289,3.289329,98.08996916,89.00588751,1
00:21:11,3.289,3.289328,98.08409214,88.99965882,1
00:21:12,3.289,3.289328,98.07821512,88.9934361,1
00:21:13,3.289,3.289327,98.0723381,88.98720741,1
00:21:14,3.289,3.289327,98.06646109,88.98098469,1
00:21:15,3.289,3.289326,98.06058407,88.974756,1
00:21:16,3.289,3.289326,98.05470705,88.96852136,1
00:21:17,3.289,3.289325,98.04883003,88.96229863,1
00:21:18,3.289,3.289325,98.04295301,88.95607,1
00:21:19,3.289,3.289324,98.037076,88.9498353,1
00:21:20,3.289,3.289324,98.03119898,88.94360662,1
00:21:21,3.289,3.289324,98.02532,88.93737197,1
00:21:23,3.289,3.289323,98.01944494,88.93114328,1
00:21:23,3.289,3.289323,98.01356792,88.92492056,1
00:21:24,3.289,3.289322,98.00769091,88.91869187,1
00:21:26,3.289,3.289321,98.00181389,88.91246915,1
00:21:26,3.289,3.289321,97.99593687,88.90624046,1
00:21:27,3.289,3.28932,97.99005985,88.90000582,1
00:21:29,3.289,3.28932,97.98418283,88.89377713,1
00:21:30,3.289,3.28932,97.97830582,88.88754249,1
00:21:30,3.289,3.289319,97.9724288,88.8813138,1
00:21:31,3.289,3.289319,97.96655178,88.87509108,1
00:21:32,3.289,3.289318,97.96067476,88.86885643,1
00:21:33,3.289,3.289317,97.95479774,88.86262774,1
00:21:34,3.289,3.289317,97.94892073,88.85639906,1
00:21:35,3.289,3.289317,97.94304371,88.85016441,1
00:21:36,3.289,3.289316,97.93716669,88.84393573,1
00:21:37,3.289,3.289316,97.93129,88.83770704,1
00:21:38,3.289,3.289315,97.92541265,88.8314724,1
00:21:39,3.289,3.289315,97.91953564,88.82524371,1
00:21:40,3.289,3.289314,97.91365862,88.81901503,1
00:21:41,3.289,3.289314,97.9077816,88.81278038,1
00:21:42,3.289,3.289313,97.90190458,88.80655169,1
00:21:43,3.289,3.289313,97.89602757,88.80032301,1
00:21:44,3.289,3.289312,97.89015055,88.79408836,1
00:21:45,3.289,3.289312,97.88427353,88.78785968,1
00:21:46,3.289,3.289311,97.87839651,88.78162503,1
00:21:47,3.289,3.289311,97.87251949,88.77539039,1
00:21:48,3.289,3.28931,97.86664248,88.7691617,1
00:21:49,3.289,3.28931,97.86076546,88.76293302,1
00:21:50,3.289,3.289309,97.85488844,88.75670433,1
00:21:51,3.289,3.289309,97.84901142,88.75047565,1
00:21:52,3.289,3.289309,97.8431344,88.744241,1
00:21:53,3.289,3.289308,97.83726,88.73801231,1
00:21:54,3.289,3.289308,97.83138037,88.73178363,1
00:21:55,3.289,3.289307,97.82550335,88.72554898,1
00:21:56,3.289,3.289306,97.81962633,88.7193203,1
00:21:57,3.289,3.289306,97.81374931,88.71309161,1
00:21:58,3.289,3.289305,97.8078723,88.70685697,1
00:21:59,3.289,3.289305,97.80199528,88.70062828,1
00:22:00,3.289,3.289305,97.79611826,88.6943996,1
00:22:01,3.289,3.289304,97.79024124,88.68816495,1
00:22:02,3.289,3.289304,97.78436422,88.68193626,1
00:22:03,3.289,3.289303,97.77848721,88.67570758,1
00:22:04,3.289,3.289303,97.77261019,88.66947293,1
00:22:05,3.289,3.289302,97.76673317,88.66324425,1
00:22:06,3.289,3.289302,97.76085615,88.6570096,1
00:22:07,3.289,3.289301,97.75497913,88.65077496,1
00:22:08,3.289,3.289301,97.74910212,88.64454627,1
00:22:09,3.289,3.2893,97.74323,88.63831758,1
00:22:10,3.289,3.289301,97.73734808,88.6320889,1
00:22:11,3.289,3.289302,97.73147106,88.62585425,1
00:22:12,3.289,3.289301,97.72559404,88.61961,1
00:22:13,3.289,3.289301,97.71971703,88.613379,1
00:22:14,3.289,3.289301,97.71384001,88.60715032,1
00:22:15,3.289,3.289301,97.70796299,88.60091567,1
00:22:16,3.289,3.2893,97.70208597,88.59467506,1
00:22:17,3.289,3.2893,97.69620895,88.58844042,1
00:22:18,3.289,3.2893,97.69033194,88.58220577,1
00:22:19,3.289,3.2893,97.68445492,88.57596517,1
00:22:20,3.289,3.289299,97.6785779,88.56973052,1
00:22:21,3.289,3.289299,97.67270088,88.56349587,1
00:22:22,3.289,3.289299,97.66682386,88.55725527,1
00:22:23,3.289,3.289298,97.66094685,88.55101466,1
00:22:24,3.289,3.289298,97.65506983,88.54478002,1
00:22:25,3.289,3.289298,97.64919,88.53854537,1
00:22:26,3.289,3.289297,97.64331579,88.53230476,1
00:22:27,3.289,3.289297,97.63743877,88.52606416,1
00:22:28,3.289,3.289296,97.63156176,88.51982951,1
00:22:29,3.289,3.289296,97.62568474,88.51359487,1
00:22:30,3.289,3.289296,97.61980772,88.50735426,1
00:22:31,3.289,3.289296,97.6139307,88.50111961,1
00:22:32,3.289,3.289295,97.60805368,88.49488497,1
00:22:33,3.289,3.289295,97.60217667,88.48864436,1
00:22:34,3.289,3.289294,97.59629965,88.48240376,1
00:22:35,3.289,3.289294,97.59042263,88.47616911,1
00:22:36,3.289,3.289294,97.58454561,88.46993446,1
00:22:37,3.289,3.289294,97.57866859,88.4636879,1
00:22:38,3.289,3.289293,97.57279158,88.45744729,1
00:22:39,3.289,3.289293,97.56691456,88.45121264,1
00:22:40,3.289,3.289292,97.56103754,88.44497204,1
00:22:41,3.289,3.289292,97.55516,88.43872547,1
00:22:42,3.289,3.289292,97.5492835,88.43248487,1
00:22:43,3.289,3.289291,97.54340649,88.42625022,1
00:22:44,3.289,3.289291,97.53752947,88.42000961,1
00:22:45,3.289,3.289291,97.53165245,88.41376305,1
00:22:46,3.289,3.28929,97.52577543,88.40752244,1
00:22:47,3.289,3.28929,97.51989841,88.40128779,1
00:22:48,3.289,3.28929,97.5140214,88.39504719,1
00:22:49,3.289,3.289289,97.50814438,88.38880062,1
00:22:50,3.289,3.289289,97.50226736,88.38255405,1
00:22:51,3.289,3.289289,97.49639034,88.37631345,1
00:22:52,3.289,3.289289,97.49051332,88.37007284,1
00:22:53,3.289,3.289288,97.48463631,88.36383224,1
00:22:54,3.289,3.289288,97.47875929,88.35758567,1
00:22:55,3.289,3.289287,97.47288227,88.35134506,1
00:22:56,3.289,3.289287,97.46700525,88.34510446,1
00:22:57,3.289,3.289287,97.46113,88.33886385,1
00:22:58,3.289,3.289286,97.45525122,88.33261728,1
00:22:59,3.289,3.289286,97.4493742,88.32637072,1
00:23:00,3.289,3.289285,97.44349718,88.32013011,1
00:23:01,3.289,3.289285,97.43762016,88.3138895,1
00:23:02,3.289,3.289285,97.43174314,88.3076489,1
00:23:03,3.289,3.289284,97.42586613,88.30140233,1
00:23:04,3.289,3.289284,97.41998911,88.29516172,1
00:23:05,3.289,3.289284,97.41411209,88.28892112,1
00:23:06,3.289,3.289284,97.40823507,88.28267455,1
00:23:07,3.289,3.289283,97.40235806,88.27642798,1
00:23:08,3.289,3.289283,97.39648104,88.27018142,1
00:23:09,3.289,3.289282,97.39060402,88.26394081,1
00:23:10,3.289,3.289282,97.384727,88.25769424,1
00:23:11,3.289,3.289282,97.37884998,88.25144768,1
00:23:12,3.289,3.289281,97.37297297,88.24519515,1
00:23:13,3.289,3.289281,97.3671,88.23894858,1
00:23:14,3.289,3.289281,97.36121893,88.23270202,1
00:23:15,3.289,3.28928,97.35534191,88.22646141,1
00:23:16,3.289,3.28928,97.34946489,88.22021,1
00:23:17,3.289,3.28928,97.34358788,88.21396828,1
00:23:18,3.289,3.289279,97.33771086,88.20771575,1
00:23:19,3.289,3.289279,97.33183384,88.20146918,1
00:23:20,3.289,3.289279,97.32595682,88.19523,1
00:23:21,3.289,3.289278,97.3200798,88.18898201,1
00:23:22,3.289,3.289278,97.31420279,88.18273544,1
00:23:23,3.289,3.289278,97.30832577,88.17648292,1
00:23:24,3.289,3.289277,97.30244875,88.17023635,1
00:23:25,3.289,3.289277,97.29657173,88.16398978,1
00:23:26,3.289,3.289277,97.29069471,88.15774918,1
00:23:27,3.289,3.289276,97.2848177,88.15150261,1
00:23:28,3.289,3.289276,97.27894068,88.14526,1
00:23:29,3.289,3.289275,97.27306,88.13900352,1
00:23:30,3.289,3.289275,97.26718664,88.13275099,1
00:23:31,3.289,3.289275,97.26130962,88.12650442,1
00:23:32,3.289,3.289274,97.25543261,88.12025785,1
00:23:33,3.289,3.289274,97.24955559,88.11401129,1
00:23:34,3.289,3.289274,97.24367857,88.10776472,1
00:23:35,3.289,3.289274,97.23780155,88.10151219,1
00:23:36,3.289,3.289273,97.23192453,88.09525967,1
00:23:37,3.289,3.289273,97.22604752,88.08900714,1
00:23:38,3.289,3.289272,97.2201705,88.08276057,1
00:23:39,3.289,3.289272,97.21429348,88.07651401,1
00:23:40,3.289,3.289272,97.20841646,88.07026744,1
00:23:41,3.289,3.289271,97.20253944,88.06402087,1
00:23:42,3.289,3.289271,97.19666243,88.05776834,1
00:23:43,3.289,3.28927,97.19078541,88.05151582,1
00:23:44,3.289,3.28927,97.18490839,88.04526925,1
00:23:45,3.289,3.28927,97.17903,88.03902268,1
00:23:46,3.289,3.28927,97.17315435,88.03277612,1
00:23:47,3.289,3.289269,97.16727734,88.02652955,1
00:23:48,3.289,3.289269,97.16140032,88.02027702,1
00:23:49,3.289,3.289268,97.1555233,88.0140245,1
00:23:50,3.289,3.289268,97.14964628,88.00777197,1
00:23:51,3.289,3.289268,97.14376926,88.0015254,1
00:23:52,3.289,3.289267,97.13789225,87.99527884,1
00:23:53,3.289,3.289267,97.13201523,87.98903227,1
00:23:54,3.289,3.289267,97.12613821,87.98277974,1
00:23:55,3.289,3.289267,97.12026119,87.97652125,1
00:23:56,3.289,3.289266,97.11438417,87.97026873,1
00:23:57,3.289,3.289266,97.10850716,87.9640162,1
00:23:58,3.289,3.289265,97.10263014,87.95776963,1
00:23:59,3.289,3.289265,97.09675312,87.95152307,1
00:24:00,3.289,3.289265,97.0908761,87.94527054,1
00:24:01,3.289,3.289264,97.085,87.93901801,1
00:24:02,3.289,3.289264,97.07912207,87.93276548,1
00:24:03,3.289,3.289263,97.07324505,87.926507,1
00:24:04,3.289,3.289263,97.06736803,87.92025447,1
00:24:05,3.289,3.289263,97.06149101,87.91400194,1
00:24:06,3.289,3.289263,97.05561399,87.90775537,1
00:24:07,3.289,3.289262,97.04973698,87.90150881,1
00:24:08,3.289,3.289262,97.04385996,87.89525628,1
00:24:09,3.289,3.289261,97.03798294,87.88900375,1
00:24:10,3.289,3.289261,97.03210592,87.88275123,1
00:24:11,3.289,3.289261,97.0262289,87.87649274,1
00:24:12,3.289,3.28926,97.02035189,87.87024021,1
00:24:13,3.289,3.28926,97.01447487,87.86398768,1
00:24:14,3.289,3.289259,97.00859785,87.85774112,1
00:24:15,3.289,3.289259,97.00272083,87.85148859,1
00:24:16,3.289,3.289259,96.99684381,87.84523606,1
00:24:17,3.289,3.289258,96.99097,87.83898354,1
00:24:18,3.289,3.289258,96.98508978,87.83273101,1
00:24:19,3.289,3.289258,96.97921276,87.82647252,1
00:24:20,3.289,3.289257,96.97333574,87.82021999,1
00:24:21,3.289,3.289257,96.96745872,87.81396747,1
00:24:22,3.289,3.289257,96.96158171,87.80771494,1
00:24:23,3.289,3.289256,96.95570469,87.80146837,1
00:24:24,3.289,3.289256,96.94982767,87.79521585,1
00:24:25,3.289,3.289256,96.94395065,87.78896,1
00:24:27,3.289,3.289255,96.93807364,87.78271079,1
00:24:29,3.289,3.289255,96.93219662,87.77645826,1
00:24:29,3.289,3.289254,96.9263196,87.77019978,1
00:24:29,3.289,3.289254,96.92044258,87.76394725,1
00:24:30,3.289,3.289254,96.91456556,87.75769472,1
00:24:31,3.289,3.289253,96.90868855,87.75144815,1
00:24:32,3.289,3.289253,96.90281153,87.74519563,1
00:24:34,3.289,3.289253,96.89693,87.7389431,1
00:24:34,3.289,3.289253,96.89105749,87.73269057,1
00:24:36,3.289,3.289252,96.88518047,87.72643805,1
00:24:37,3.289,3.289252,96.87930346,87.72017956,1
00:24:38,3.289,3.289251,96.87342644,87.71392703,1
00:24:39,3.289,3.289251,96.86754942,87.7076745,1
00:24:39,3.289,3.28925,96.8616724,87.70142198,1
00:24:40,3.289,3.28925,96.85579538,87.69517541,1
00:24:41,3.289,3.28925,96.84991837,87.68892288,1
00:24:42,3.289,3.289249,96.84404135,87.68267035,1
00:24:43,3.289,3.289249,96.83816433,87.67641783,1
00:24:44,3.289,3.289249,96.83228731,87.6701653,1
00:24:45,3.289,3.289248,96.82641029,87.66390681,1
00:24:46,3.289,3.289248,96.82053328,87.65765429,1
00:24:47,3.289,3.289248,96.81465626,87.65140176,1
00:24:48,3.289,3.289247,96.80877924,87.64515519,1
00:24:49,3.289,3.289247,96.8029,87.63890266,1
00:24:50,3.289,3.289246,96.7970252,87.63265014,1
00:24:51,3.289,3.289246,96.79114819,87.62639761,1
00:24:52,3.289,3.289246,96.78527117,87.62014508,1
00:24:53,3.289,3.289245,96.77939415,87.61388659,1
00:24:54,3.289,3.289245,96.77351713,87.60763407,1
00:24:55,3.289,3.289245,96.76764011,87.60138154,1
00:24:56,3.289,3.289244,96.7617631,87.59512901,1
00:24:57,3.289,3.289244,96.75588608,87.58888,1
00:24:58,3.289,3.289243,96.75000906,87.58262992,1
00:24:59,3.289,3.289243,96.74413204,87.57637739,1
00:25:00,3.289,3.289243,96.73825502,87.57012486,1
00:25:01,3.289,3.289243,96.73237801,87.56387234,1
00:25:02,3.289,3.289242,96.72650099,87.55761385,1
00:25:03,3.289,3.289242,96.72062397,87.55136132,1
00:25:04,3.289,3.289241,96.71474695,87.5451088,1
00:25:05,3.289,3.289241,96.70887,87.53886223,1
00:25:06,3.289,3.289241,96.70299292,87.5326097,1
00:25:07,3.289,3.28924,96.6971159,87.52635717,1
00:25:08,3.289,3.28924,96.69123888,87.52010465,1
00:25:09,3.289,3.289239,96.68536186,87.51385212,1
00:25:10,3.289,3.289239,96.67948484,87.50759363,1
00:25:11,3.289,3.289239,96.67360783,87.5013411,1
00:25:12,3.289,3.289238,96.66773081,87.49508858,1
00:25:13,3.289,3.289238,96.66185379,87.48883605,1
00:25:14,3.289,3.289238,96.65597677,87.48258948,1
00:25:15,3.289,3.289237,96.65009975,87.47634292,1
00:25:16,3.289,3.289237,96.64422274,87.47009039,1
00:25:17,3.289,3.289237,96.63834572,87.46383786,1
00:25:18,3.288,3.289236,96.6324687,87.45598197,1
00:25:19,3.289,3.288749,96.62659168,87.45049834,1
00:25:20,3.289,3.288993,96.62071466,87.44463325,1
00:25:21,3.289,3.289115,96.61484,87.43857741,1
00:25:22,3.289,3.289175,96.60896063,87.43242025,1
00:25:23,3.289,3.289205,96.60308361,87.42621541,1
00:25:24,3.289,3.289219,96.59720659,87.41998672,1
00:25:25,3.289,3.289226,96.59132957,87.41374612,1
00:25:26,3.289,3.28923,96.58545256,87.40749,1
00:25:27,3.289,3.289231,96.57957554,87.40124106,1
00:25:28,3.289,3.289232,96.57369852,87.3949945,1
00:25:29,3.289,3.289232,96.5678215,87.38874793,1
00:25:30,3.288,3.289232,96.56194448,87.38089204,1
00:25:31,3.289,3.288745,96.55606747,87.37542629,1
00:25:32,3.289,3.288989,96.55019045,87.36956716,1
00:25:34,3.289,3.28911,96.54431343,87.36351132,1
00:25:35,3.289,3.289171,96.53843641,87.35736012,1
00:25:35,3.289,3.2892,96.53255939,87.35115528,1
00:25:36,3.289,3.289215,96.52668238,87.34493,1
00:25:37,3.288,3.289222,96.52081,87.33705282,1
00:25:38,3.289,3.288739,96.51492834,87.331599,1
00:25:40,3.288,3.288985,96.50905132,87.32412457,1
00:25:41,3.288,3.28862,96.5031743,87.31724024,1
00:25:42,3.289,3.288439,96.49729729,87.31228113,1
00:25:43,3.288,3.288835,96.49142027,87.30503917,1
00:25:44,3.289,3.288545,96.48554325,87.29992,1
00:25:45,3.289,3.288887,96.47966623,87.29422688,1
00:25:45,3.288,3.289058,96.47378922,87.28661537,1
00:25:46,3.289,3.288656,96.4679122,87.28131056,1
00:25:47,3.288,3.288942,96.46203518,87.27389574,1
00:25:48,3.288,3.288597,96.45615816,87.26702332,1
00:25:49,3.288,3.288426,96.45028114,87.26044893,1
00:25:50,3.289,3.288341,96.44440413,87.25565672,1
00:25:51,3.289,3.288784,96.43852711,87.25014329,1
00:25:52,3.288,3.289005,96.43265009,87.24259138,1
00:25:53,3.288,3.288628,96.42677,87.23567128,1
00:25:54,3.288,3.28844,96.42089605,87.22906113,1
00:25:55,3.289,3.288347,96.41501904,87.22425699,1
00:25:56,3.288,3.288787,96.40914202,87.21705675,1
00:25:57,3.288,3.288519,96.403265,87.21030951,1
00:25:58,3.289,3.288385,96.39738798,87.20546365,1
00:25:59,3.288,3.288805,96.39151096,87.19823956,1
00:26:00,3.288,3.288527,96.38563395,87.19149232,1
00:26:01,3.288,3.288389,96.37975693,87.18496561,1
00:26:02,3.288,3.28832,96.37387991,87.17855215,1
00:26:03,3.288,3.288285,96.36800289,87.17219234,1
00:26:04,3.288,3.288268,96.36212587,87.16586232,1
00:26:05,3.288,3.288259,96.35624886,87.15955019,1
00:26:06,3.288,3.288255,96.35037184,87.15323806,1
00:26:07,3.289,3.288252,96.34449482,87.14861274,1
00:26:08,3.288,3.288737,96.3386178,87.14147806,1
00:26:09,3.288,3.288492,96.33274,87.13477254,1
00:26:10,3.288,3.288369,96.32686377,87.12826371,1
00:26:11,3.288,3.288309,96.32098675,87.12186813,1
00:26:12,3.288,3.288278,96.31510973,87.11552024,1
00:26:13,3.288,3.288263,96.30923271,87.10919023,1
00:26:14,3.288,3.288255,96.30335569,87.10288405,1
00:26:15,3.288,3.288251,96.29747868,87.09657788,1
00:26:16,3.288,3.288248,96.29160166,87.09027767,1
00:26:17,3.288,3.288248,96.28572464,87.0839715,1
00:26:18,3.288,3.288246,96.27984762,87.07767725,1
00:26:19,3.288,3.288246,96.2739706,87.07137108,1
00:26:20,3.288,3.288245,96.26809359,87.06507683,1
00:26:21,3.288,3.288245,96.26221657,87.05878258,1
00:26:22,3.288,3.288244,96.25633955,87.05247641,1
00:26:23,3.288,3.288244,96.25046253,87.04618216,1
00:26:24,3.288,3.288244,96.24458551,87.03988791,1
00:26:25,3.288,3.288243,96.23871,87.03358769,1
00:26:26,3.288,3.288243,96.23283148,87.02729344,1
00:26:27,3.288,3.288243,96.22695446,87.02099323,1
00:26:28,3.288,3.288242,96.22107744,87.01469898,1
00:26:29,3.288,3.288242,96.21520042,87.00840473,1
00:26:30,3.288,3.288242,96.20932341,87.00210452,1
00:26:31,3.288,3.288241,96.20344639,86.99581027,1
00:26:32,3.288,3.288241,96.19756937,86.98951602,1
00:26:33,3.288,3.28824,96.19169235,86.98321581,1
00:26:34,3.288,3.28824,96.18581533,86.97692156,1
00:26:35,3.288,3.288239,96.17993832,86.97062731,1
00:26:36,3.288,3.288239,96.1740613,86.9643271,1
00:26:37,3.288,3.288239,96.16818428,86.95803285,1
00:26:38,3.288,3.288238,96.16230726,86.9517386,1
00:26:39,3.288,3.288238,96.15643024,86.94543839,1
00:26:40,3.288,3.288238,96.15055323,86.93914413,1
00:26:41,3.288,3.288237,96.14468,86.93284988,1
00:26:42,3.288,3.288237,96.13879919,86.92654967,1
00:26:43,3.288,3.288236,96.13292217,86.92025542,1
00:26:44,3.288,3.288236,96.12704515,86.91395521,1
00:26:45,3.288,3.288236,96.12116814,86.90766096,1
00:26:46,3.288,3.288235,96.11529112,86.90136671,1
00:26:47,3.288,3.288235,96.1094141,86.8950665,1
00:26:48,3.288,3.288235,96.10353708,86.88877225,1
00:26:49,3.288,3.288234,96.09766006,86.882478,1
00:26:50,3.288,3.288234,96.09178305,86.87617779,1
00:26:51,3.288,3.288234,96.08590603,86.86988354,1
00:26:52,3.288,3.288233,96.08002901,86.86358929,1
00:26:53,3.288,3.288233,96.07415199,86.85728908,1
00:26:54,3.288,3.288232,96.06827497,86.85099483,1
00:26:55,3.288,3.288232,96.06239796,86.84470057,1
00:26:56,3.288,3.288231,96.05652094,86.83840036,1
00:26:57,3.288,3.288231,96.05064,86.83211207,1
00:26:58,3.288,3.288231,96.0447669,86.82581782,1
00:26:59,3.288,3.28823,96.03888988,86.81951761,1
00:27:00,3.288,3.28823,96.03301287,86.81322932,1
00:27:01,3.288,3.288229,96.02713585,86.80693507,1
00:27:02,3.288,3.288229,96.02125883,86.80063486,1
00:27:03,3.288,3.288229,96.01538181,86.79434657,1
00:27:04,3.288,3.288228,96.0095048,86.78805828,1
00:27:05,3.288,3.288228,96.00362778,86.78175807,1
00:27:06,3.288,3.288228,95.99775076,86.77546978,1
00:27:07,3.288,3.288227,95.99187374,86.76918149,1
00:27:08,3.288,3.288227,95.98599672,86.76288724,1
00:27:09,3.288,3.288227,95.98011971,86.75659895,1
00:27:10,3.288,3.288226,95.97424269,86.75031066,1
00:27:11,3.288,3.288226,95.96836567,86.74402237,1
00:27:12,3.288,3.288226,95.96248865,86.73772812,1
00:27:13,3.288,3.288225,95.95661,86.73143983,1
00:27:14,3.288,3.288224,95.95073462,86.72515154,1
00:27:15,3.288,3.288224,95.9448576,86.71885729,1
00:27:16,3.288,3.288224,95.93898058,86.712569,1
00:27:17,3.288,3.288224,95.93310356,86.70628071,1
00:27:18,3.288,3.288223,95.92722654,86.69999242,1
00:27:19,3.288,3.288223,95.92134953,86.69369817,1
00:27:20,3.288,3.288223,95.91547251,86.68740988,1
00:27:21,3.288,3.288222,95.90959549,86.68112159,1
00:27:22,3.288,3.288221,95.90371847,86.67482734,1
00:27:23,3.288,3.288221,95.89784145,86.66853905,1
00:27:24,3.288,3.288221,95.89196444,86.66225672,1
00:27:25,3.288,3.28822,95.88608742,86.65596843,1
00:27:26,3.288,3.28822,95.8802104,86.64967418,1
00:27:27,3.288,3.28822,95.87433338,86.64339185,1
00:27:28,3.288,3.288219,95.86845636,86.63710356,1
00:27:29,3.288,3.288219,95.86258,86.63081527,1
00:27:30,3.288,3.288218,95.85670233,86.62452102,1
00:27:31,3.288,3.288218,95.85082531,86.61823869,1
00:27:32,3.288,3.288218,95.84494829,86.6119504,1
00:27:33,3.288,3.288217,95.83907127,86.60566211,1
00:27:34,3.288,3.288217,95.83319426,86.59936786,1
00:27:35,3.288,3.288217,95.82731724,86.59308553,1
00:27:36,3.288,3.288216,95.82144022,86.5868032,1
00:27:37,3.288,3.288216,95.8155632,86.58052087,1
00:27:38,3.288,3.288215,95.80968618,86.57423258,1
00:27:39,3.287,3.288215,95.80380917,86.56606674,1
00:27:40,3.288,3.287728,95.79793215,86.56070232,1
00:27:41,3.288,3.287972,95.79205513,86.55487895,1
00:27:42,3.287,3.288094,95.78617811,86.54693365,1
00:27:43,3.287,3.287668,95.78030109,86.53978705,1
00:27:44,3.287,3.287455,95.77442408,86.53303981,1
00:27:45,3.287,3.287349,95.76855,86.52649,1
00:27:46,3.287,3.287297,95.76267004,86.52004004,1
00:27:47,3.287,3.28727,95.75679302,86.51364446,1
00:27:48,3.287,3.287257,95.750916,86.50727868,1
00:27:49,3.287,3.287251,95.74503899,86.50092483,1
00:27:50,3.287,3.287247,95.73916197,86.49457693,1
00:27:51,3.287,3.287245,95.73328495,86.48822904,1
00:27:52,3.287,3.287243,95.72740793,86.48188114,1
00:27:53,3.287,3.287242,95.72153091,86.47553325,1
00:27:54,3.286,3.287242,95.7156539,86.46723628,1
00:27:55,3.287,3.286755,95.70977688,86.46183,1
00:27:56,3.287,3.286999,95.70389986,86.45595312,1
00:27:57,3.287,3.287121,95.69802284,86.44984365,1
00:27:58,3.286,3.28718,95.69214582,86.44167781,1
00:27:59,3.286,3.286724,95.68626881,86.43437624,1
00:28:00,3.286,3.286497,95.68039179,86.42753959,1
00:28:01,3.286,3.286383,95.67451,86.42091751,1
00:28:02,3.286,3.286327,95.66863775,86.41440272,1
00:28:03,3.286,3.286299,95.66276073,86.40793562,1
00:28:04,3.286,3.286284,95.65688372,86.40149832,1
00:28:05,3.286,3.286277,95.6510067,86.3950789,1
00:28:06,3.286,3.286273,95.64512968,86.3886714,1
00:28:07,3.286,3.286271,95.63925266,86.38225794,1
00:28:08,3.286,3.28627,95.63337564,86.3758564,1
00:28:09,3.286,3.286269,95.62749863,86.36945486,1
00:28:10,3.286,3.286268,95.62162161,86.36304736,1
00:28:11,3.286,3.286268,95.61574459,86.35663986,1
00:28:12,3.286,3.286268,95.60986757,86.35023236,1
00:28:13,3.286,3.286267,95.60399055,86.34382486,1
00:28:14,3.286,3.286267,95.59811354,86.3374114,1
00:28:15,3.286,3.286266,95.59223652,86.33100986,1
00:28:16,3.286,3.286266,95.5863595,86.32460237,1
00:28:17,3.286,3.286265,95.58048,86.31820083,1
00:28:18,3.286,3.286265,95.57460546,86.31179333,1
00:28:19,3.285,3.286264,95.56872845,86.30341887,1
00:28:20,3.285,3.285779,95.56285143,86.29597425,1
00:28:21,3.285,3.285536,95.55697441,86.28903627,1
00:28:22,3.285,3.285416,95.55109739,86.28231883,1
00:28:23,3.285,3.285355,95.54522038,86.27573848,1
00:28:24,3.285,3.285326,95.53934336,86.26921177,1
00:28:25,3.285,3.28531,95.53346634,86.2627,1
00:28:26,3.285,3.285302,95.52758932,86.25622392,1
00:28:27,3.285,3.285299,95.5217123,86.24973893,1
00:28:28,3.285,3.285296,95.51583529,86.24327183,1
00:28:29,3.285,3.285295,95.50995827,86.23680472,1
00:28:30,3.284,3.285294,95.50408125,86.22832298,1
00:28:31,3.284,3.284808,95.49820423,86.22081876,1
00:28:32,3.284,3.284565,95.49232721,86.21379733,1
00:28:33,3.284,3.284445,95.48645,86.20702028,1
00:28:34,3.284,3.284385,95.48057318,86.20036244,1
00:28:35,3.284,3.284355,95.47469616,86.19376421,1
00:28:36,3.284,3.284339,95.46881914,86.18718982,1
00:28:37,3.284,3.284332,95.46294212,86.18064523,1
00:28:38,3.284,3.284328,95.45706511,86.1741066,1
00:28:39,3.284,3.284326,95.45118809,86.16756797,1
00:28:40,3.284,3.284324,95.44531107,86.16102934,1
00:28:41,3.284,3.284323,95.43943405,86.15449071,1
00:28:42,3.283,3.284323,95.43355703,86.14590764,1
00:28:43,3.283,3.283836,95.42768002,86.13829613,1
00:28:44,3.283,3.283595,95.421803,86.13120914,1
00:28:45,3.283,3.283474,95.41592598,86.12436652,1
00:28:46,3.283,3.283414,95.41004896,86.11764312,1
00:28:47,3.283,3.283384,95.40417194,86.11097932,1
00:28:48,3.283,3.283368,95.39829493,86.10434532,1
00:28:49,3.283,3.283361,95.39242,86.09772325,1
00:28:50,3.283,3.283357,95.38654089,86.09111309,1
00:28:51,3.283,3.283355,95.38066387,86.08449697,1
00:28:52,3.283,3.283353,95.37478685,86.07788682,1
00:28:53,3.283,3.283352,95.36890984,86.07128859,1
00:28:54,3.283,3.283352,95.36303282,86.06468439,1
00:28:55,3.283,3.283351,95.3571558,86.05806828,1
00:28:56,3.283,3.283351,95.35127878,86.05147004,1
00:28:57,3.282,3.28335,95.34540176,86.04279757,1
00:28:58,3.283,3.282864,95.33952475,86.03720665,1
00:28:59,3.282,3.283108,95.33364773,86.02903485,1
00:29:00,3.282,3.282743,95.32777071,86.02159023,1
00:29:01,3.282,3.282561,95.32189369,86.01455092,1
00:29:02,3.282,3.282471,95.31601667,86.00767851,1
00:29:03,3.282,3.282425,95.31013966,86.00091934,1
00:29:04,3.282,3.282403,95.30426264,85.99418998,1
00:29:05,3.282,3.282391,95.29839,85.98749042,1
00:29:06,3.282,3.282385,95.2925086,85.9808147,1
00:29:07,3.282,3.282382,95.28663158,85.97412705,1
00:29:08,3.282,3.28238,95.28075457,85.96745729,1
00:29:09,3.282,3.282379,95.27487755,85.96077561,1
00:29:10,3.282,3.282379,95.26900053,85.95410585,1
00:29:11,3.282,3.282378,95.26312351,85.94743013,1
00:29:12,3.282,3.282377,95.25724649,85.94074845,1
00:29:13,3.282,3.282377,95.25136948,85.93407869,1
00:29:14,3.282,3.282377,95.24549246,85.92739701,1
00:29:15,3.282,3.282377,95.23961544,85.92072725,1
00:29:16,3.282,3.282376,95.23373842,85.91405749,1
00:29:17,3.282,3.282376,95.2278614,85.90736985,1
00:29:18,3.282,3.282375,95.22198439,85.90070009,1
00:29:19,3.282,3.282375,95.21610737,85.89401841,1
00:29:20,3.282,3.282374,95.21023035,85.88734865,1
00:29:21,3.282,3.282374,95.20435,85.88067293,1
00:29:22,3.282,3.282374,95.19847631,85.87399721,1
00:29:23,3.282,3.282373,95.1925993,85.86732149,1
00:29:24,3.282,3.282373,95.18672228,85.86063,1
00:29:25,3.282,3.282372,95.18084526,85.85396409,1
00:29:26,3.282,3.282372,95.17496824,85.84728,1
00:29:27,3.282,3.282372,95.16909122,85.84061265,1
00:29:28,3.282,3.282371,95.16321421,85.83393693,1
00:29:29,3.282,3.282371,95.15733719,85.82724929,1
00:29:30,3.282,3.28237,95.15146017,85.82058,1
00:29:31,3.282,3.28237,95.14558315,85.81389189,1
00:29:32,3.282,3.28237,95.13970613,85.80722213,1
00:29:33,3.282,3.282369,95.13382912,85.80054045,1
00:29:34,3.282,3.282369,95.1279521,85.79387069,1
00:29:35,3.282,3.282369,95.12207508,85.78719497,1
00:29:36,3.282,3.282368,95.11619806,85.78050733,1
00:29:37,3.282,3.282368,95.11032,85.77383757,1
00:29:38,3.282,3.282367,95.10444403,85.76715589,1
00:29:39,3.282,3.282367,95.09856701,85.76048613,1
00:29:40,3.282,3.282367,95.09268999,85.75380445,1
00:29:41,3.282,3.282367,95.08681297,85.74713469,1
00:29:42,3.282,3.282366,95.08093596,85.74045897,1
00:29:43,3.282,3.282366,95.07505894,85.73377132,1
00:29:44,3.282,3.282365,95.06918192,85.72710156,1
00:29:45,3.282,3.282365,95.0633049,85.72041988,1
00:29:46,3.282,3.282365,95.05742788,85.71375012,1
00:29:47,3.282,3.282364,95.05155087,85.7070744,1
00:29:49,3.282,3.282364,95.04567385,85.70038676,1
00:29:49,3.282,3.282363,95.03979683,85.693717,1
00:29:50,3.282,3.282363,95.03391981,85.68702936,1
00:29:51,3.282,3.282362,95.02804279,85.6803596,1
00:29:52,3.282,3.282362,95.02216578,85.67367792,1
00:29:53,3.282,3.282362,95.01629,85.66700816,1
00:29:54,3.282,3.282361,95.01041174,85.66033244,1
00:29:55,3.282,3.282361,95.00453472,85.6536448,1
00:29:56,3.282,3.28236,94.9986577,85.64697504,1
00:29:58,3.282,3.28236,94.99278069,85.64029336,1
00:29:58,3.282,3.28236,94.98690367,85.6336236,1
00:29:59,3.282,3.282359,94.98102665,85.62694192,1
00:30:00,3.282,3.282359,94.97514963,85.62027216,1
00:30:02,3.282,3.282358,94.96927261,85.61359644,1
00:30:02,3.282,3.282358,94.9633956,85.6069088,1
00:30:03,3.282,3.282357,94.95751858,85.60023904,1
00:30:04,3.282,3.282357,94.95164156,85.59355736,1
00:30:05,3.282,3.282357,94.94576454,85.5868876,1
00:30:06,3.282,3.282357,94.93988752,85.58021188,1
00:30:07,3.282,3.282356,94.93401051,85.57353616,1
00:30:08,3.282,3.282356,94.92813349,85.56686044,1
00:30:09,3.282,3.282355,94.92226,85.5601728,1
00:30:11,3.282,3.282355,94.91637945,85.55350304,1
00:30:11,3.282,3.282354,94.91050243,85.54682136,1
00:30:12,3.282,3.282354,94.90462542,85.5401516,1
00:30:13,3.282,3.282354,94.8987484,85.53347588,1
00:30:15,3.282,3.282353,94.89287138,85.52678823,1
00:30:15,3.282,3.282353,94.88699436,85.52011847,1
00:30:16,3.282,3.282352,94.88111734,85.51343679,1
00:30:17,3.282,3.282352,94.87524033,85.50676703,1
00:30:18,3.282,3.282352,94.86936331,85.50008535,1
00:30:20,3.282,3.282351,94.86348629,85.49341559,1
00:30:20,3.282,3.282351,94.85760927,85.48674583,1
00:30:21,3.282,3.282351,94.85173225,85.48006415,1
00:30:22,3.282,3.28235,94.84585524,85.47339439,1
00:30:24,3.282,3.28235,94.83997822,85.46671271,1
00:30:24,3.282,3.282349,94.8341012,85.46004295,1
00:30:25,3.282,3.282349,94.82822,85.45337319,1
00:30:26,3.282,3.282348,94.82234716,85.44669151,1
00:30:28,3.282,3.282348,94.81647015,85.44002175,1
00:30:29,3.282,3.282347,94.81059313,85.43334007,1
00:30:29,3.282,3.282347,94.80471611,85.42667031,1
00:30:30,3.282,3.282347,94.79883909,85.42000055,1
00:30:32,3.282,3.282346,94.79296207,85.41331887,1
00:30:33,3.282,3.282346,94.78708506,85.40664911,1
00:30:33,3.282,3.282346,94.78120804,85.39997935,1
00:30:34,3.282,3.282345,94.77533102,85.39329767,1
00:30:35,3.282,3.282345,94.769454,85.38662791,1
00:30:37,3.282,3.282344,94.76357698,85.37994623,1
00:30:37,3.282,3.282344,94.75769997,85.37327647,1
00:30:38,3.282,3.282343,94.75182295,85.36660671,1
00:30:39,3.282,3.282343,94.74594593,85.35992503,1
00:30:41,3.282,3.282343,94.74006891,85.35325527,1
00:30:42,3.282,3.282343,94.73419,85.34657359,1
00:30:42,3.282,3.282342,94.72831488,85.33990383,1
00:30:43,3.282,3.282341,94.72243786,85.33323407,1
00:30:45,3.282,3.282341,94.71656084,85.32655239,1
00:30:46,3.282,3.282341,94.71068382,85.31988263,1
00:30:46,3.282,3.282341,94.7048068,85.31320095,1
00:30:47,3.282,3.28234,94.69892979,85.30653119,1
00:30:49,3.282,3.28234,94.69305277,85.29986143,1
00:30:50,3.282,3.282339,94.68717575,85.29317975,1
00:30:51,3.282,3.282339,94.68129873,85.28650999,1
00:30:51,3.282,3.282338,94.67542171,85.27982831,1
00:30:53,3.282,3.282338,94.6695447,85.27316451,1
00:30:54,3.282,3.282337,94.66366768,85.26649,1
00:30:55,3.282,3.282337,94.65779066,85.25981307,1
00:30:55,3.282,3.282336,94.65191364,85.25314927,1
00:30:57,3.282,3.282336,94.64603662,85.24647951,1
00:30:58,3.282,3.282336,94.64016,85.23979783,1
00:30:59,3.282,3.282336,94.63428259,85.23313403,1
00:31:00,3.282,3.282335,94.62840557,85.22645831,1
00:31:00,3.282,3.282335,94.62252855,85.21979451,1
00:31:02,3.282,3.282334,94.61665154,85.21312475,1
00:31:03,3.282,3.282334,94.61077452,85.20644307,1
00:31:04,3.281,3.282334,94.6048975,85.19741893,1
00:31:04,3.282,3.281848,94.59902048,85.1919055,1
00:31:06,3.282,3.282091,94.59314346,85.18580794,1
00:31:07,3.282,3.282212,94.58726645,85.17942429,1
00:31:08,3.282,3.282272,94.58138943,85.17290354,1
00:31:09,3.282,3.282302,94.57551241,85.16629934,1
00:31:10,3.282,3.282316,94.56963539,85.15967131,1
00:31:11,3.282,3.282323,94.56375837,85.15302539,1
00:31:12,3.282,3.282326,94.55788136,85.14636755,1
00:31:13,3.282,3.282328,94.55200434,85.13969183,1
00:31:13,3.282,3.282329,94.54613,85.13302803,1
00:31:15,3.282,3.282329,94.5402503,85.12636423,1
00:31:16,3.281,3.282328,94.53437328,85.11725664,1
00:31:17,3.281,3.281843,94.52849627,85.10936499,1
00:31:18,3.282,3.281601,94.52261925,85.10445952,1
00:31:19,3.281,3.281966,94.51674223,85.09626985,1
00:31:20,3.282,3.281662,94.51086521,85.09121537,1
00:31:21,3.281,3.281996,94.50498819,85.08291841,1
00:31:22,3.281,3.281677,94.49911118,85.07542014,1
00:31:22,3.282,3.281518,94.49323416,85.0707233,1
00:31:24,3.281,3.281924,94.48735714,85.06262302,1
00:31:25,3.281,3.28164,94.48148012,85.0551784,1
00:31:26,3.281,3.281499,94.4756031,85.04809737,1
00:31:27,3.282,3.281428,94.46972609,85.04360318,1
00:31:28,3.281,3.281878,94.46384907,85.03559232,1
00:31:29,3.281,3.281616,94.45797205,85.02819538,1
00:31:30,3.281,3.281486,94.4521,85.02112627,1
00:31:31,3.281,3.281421,94.44621801,85.01423001,1
00:31:32,3.282,3.281389,94.440341,85.00983715,1
00:31:33,3.281,3.281857,94.43446398,85.00186801,1
00:31:34,3.282,3.281605,94.42858696,84.99695659,1
00:31:35,3.281,3.281965,94.42270994,84.98871326,1
00:31:36,3.281,3.281658,94.41683292,84.98122096,1
00:31:37,3.281,3.281505,94.41095591,84.97410417,1
00:31:38,3.281,3.281429,94.40507889,84.96717215,1
00:31:39,3.281,3.281391,94.39920187,84.96031761,1
00:31:40,3.281,3.281372,94.39332485,84.95352864,1
00:31:41,3.281,3.281362,94.38744783,84.94676352,1
00:31:42,3.281,3.281358,94.38157082,84.93999243,1
00:31:43,3.281,3.281354,94.3756938,84.93324518,1
00:31:44,3.281,3.281353,94.36981678,84.92649794,1
00:31:45,3.281,3.281352,94.36393976,84.91974,1
00:31:46,3.281,3.281352,94.35806,84.91299748,1
00:31:47,3.281,3.281351,94.35218573,84.90625024,1
00:31:48,3.281,3.28135,94.34630871,84.89950299,1
00:31:49,3.281,3.28135,94.34043169,84.89275575,1
00:31:50,3.281,3.281349,94.33455467,84.88599658,1
00:31:51,3.281,3.281349,94.32867765,84.87925529,1
00:31:52,3.281,3.281349,94.32280064,84.87251401,1
00:31:53,3.281,3.281348,94.31692362,84.86576676,1
00:31:54,3.281,3.281348,94.3110466,84.85901952,1
00:31:55,3.281,3.281347,94.30516958,84.85227227,1
00:31:56,3.281,3.281347,94.29929256,84.84551907,1
00:31:57,3.281,3.281347,94.29341555,84.83877778,1
00:31:58,3.281,3.281346,94.28753853,84.8320365,1
00:31:59,3.281,3.281346,94.28166151,84.82529521,1
00:32:00,3.281,3.281345,94.27578449,84.81855392,1
00:32:01,3.281,3.281345,94.26990747,84.81181264,1
00:32:02,3.281,3.281344,94.26403,84.80507135,1
00:32:03,3.281,3.281344,94.25815344,84.79831815,1
00:32:04,3.281,3.281344,94.25227642,84.7915709,1
00:32:05,3.281,3.281343,94.2463994,84.78483558,1
00:32:06,3.281,3.281343,94.24052238,84.77809429,1
00:32:07,3.281,3.281342,94.23464537,84.77135301,1
00:32:08,3.281,3.281342,94.22876835,84.76461172,1
00:32:09,3.281,3.281342,94.22289133,84.75787044,1
00:32:10,3.281,3.281341,94.21701431,84.75113,1
00:32:11,3.281,3.281341,94.21113729,84.74437594,1
00:32:12,3.281,3.28134,94.20526028,84.7376287,1
00:32:13,3.281,3.28134,94.19938326,84.73089337,1
00:32:14,3.281,3.281339,94.19350624,84.72415805,1
00:32:15,3.281,3.281339,94.18762922,84.71741676,1
00:32:16,3.281,3.281338,94.1817522,84.71067548,1
00:32:17,3.281,3.281338,94.17587519,84.70393419,1
00:32:18,3.281,3.281338,94.17,84.69719291,1
00:32:19,3.281,3.281337,94.16412115,84.6904397,1
00:32:20,3.281,3.281337,94.15824413,84.68369246,1
00:32:23,3.281,3.281337,94.15236712,84.67696309,1
00:32:23,3.281,3.281336,94.1464901,84.67022777,1
00:32:24,3.281,3.281336,94.14061308,84.66349244,1
00:32:25,3.28,3.281335,94.13473606,84.65418816,1
00:32:26,3.28,3.28085,94.12885904,84.64609981,1
00:32:27,3.28,3.280609,94.12298203,84.63866711,1
00:32:27,3.28,3.280488,94.11710501,84.63152051,1
00:32:28,3.28,3.280428,94.11122799,84.62454677,1
00:32:29,3.28,3.280398,94.10535097,84.61763263,1
00:32:30,3.28,3.280383,94.09947395,84.61076021,1
00:32:31,3.28,3.280375,94.09359694,84.60392356,1
00:32:32,3.279,3.280371,94.08771992,84.59451199,1
00:32:33,3.279,3.279884,94.0818429,84.58635211,1
00:32:34,3.279,3.279641,94.07597,84.57881212,1
00:32:35,3.279,3.279521,94.07008886,84.5715642,1
00:32:36,3.279,3.27946,94.06421185,84.56450105,1
00:32:37,3.279,3.27943,94.05833483,84.55750942,1
00:32:38,3.279,3.279415,94.05245781,84.55054164,1
00:32:39,3.278,3.279407,94.04658079,84.54102278,1
00:32:40,3.278,3.278918,94.04070377,84.53276157,1
00:32:41,3.278,3.278675,94.03482676,84.52512622,1
00:32:42,3.278,3.278554,94.02894974,84.51780081,1
00:32:43,3.278,3.278493,94.02307272,84.51063633,1
00:32:44,3.278,3.278463,94.0171957,84.50354934,1
00:32:45,3.277,3.278448,94.01131868,84.4938755,1
00:32:46,3.277,3.277955,94.00544167,84.48549509,1
00:32:47,3.277,3.27771,93.99956465,84.47775245,1
00:32:48,3.277,3.277588,93.99368763,84.47031379,1
00:32:49,3.277,3.277527,93.98781061,84.4630599,1
00:32:50,3.277,3.277497,93.98193,84.45587754,1
00:32:51,3.277,3.277481,93.97605658,84.44871902,1
00:32:52,3.276,3.277473,93.97017956,84.43897963,1
00:32:53,3.277,3.276984,93.96430254,84.43314433,1
00:32:54,3.276,3.277226,93.95842552,84.42405462,1
00:32:55,3.276,3.276861,93.9525485,84.41590667,1
00:32:56,3.276,3.27668,93.94667149,84.40823555,1
00:32:57,3.276,3.276589,93.94079447,84.40079689,1
00:32:58,3.276,3.276544,93.93491745,84.39347744,1
00:32:59,3.276,3.276521,93.92904043,84.38621759,1
00:33:00,3.276,3.27651,93.92316341,84.37898755,1
00:33:01,3.276,3.276504,93.9172864,84.37176943,1
00:33:02,3.276,3.276501,93.91140938,84.36454535,1
00:33:03,3.276,3.276499,93.90553236,84.35733318,1
00:33:04,3.276,3.276498,93.89965534,84.3501389,1
00:33:05,3.276,3.276497,93.89377832,84.34293866,1
00:33:06,3.276,3.276496,93.8879,84.33573842,1
00:33:07,3.276,3.276496,93.88202429,84.32853818,1
00:33:08,3.276,3.276496,93.87614727,84.32133794,1
00:33:09,3.276,3.276495,93.87027025,84.3141377,1
00:33:10,3.276,3.276495,93.86439323,84.30693746,1
00:33:11,3.275,3.276494,93.85851622,84.29704905,1
00:33:12,3.275,3.276009,93.8526392,84.28842425,1
00:33:13,3.275,3.275767,93.84676218,84.28049684,1
00:33:14,3.275,3.275647,93.84088516,84.27287936,1
00:33:15,3.275,3.275587,93.83500814,84.26542282,1
00:33:16,3.275,3.275557,93.82913113,84.25804377,1
00:33:17,3.275,3.275542,93.82325411,84.25070047,1
00:33:18,3.275,3.275534,93.81737709,84.24336314,1
00:33:19,3.275,3.27553,93.81150007,84.23606157,1
00:33:20,3.275,3.275527,93.80562305,84.22876,1
00:33:21,3.275,3.275526,93.79974604,84.22146,1
00:33:22,3.275,3.275526,93.79387,84.21415687,1
00:33:23,3.275,3.275525,93.787992,84.20683742,1
00:33:24,3.275,3.275524,93.78211498,84.19952,1
00:33:25,3.275,3.275524,93.77623796,84.19223428,1
00:33:26,3.275,3.275523,93.77036095,84.18493867,1
00:33:27,3.275,3.275523,93.76448393,84.1776371,1
00:33:28,3.275,3.275523,93.75860691,84.17033553,1
00:33:29,3.275,3.275522,93.75272989,84.16303396,1
00:33:30,3.275,3.275522,93.74685287,84.15573239,1
00:33:31,3.275,3.275522,93.74097586,84.14843082,1
00:33:32,3.275,3.275521,93.73509884,84.14111137,1
00:33:33,3.275,3.275521,93.72922182,84.13381577,1
00:33:34,3.275,3.27552,93.7233448,84.1265142,1
00:33:35,3.275,3.27552,93.71746778,84.11921263,1
00:33:36,3.275,3.275519,93.71159077,84.11191106,1
00:33:37,3.275,3.275519,93.70571375,84.10460949,1
00:33:38,3.275,3.275519,93.69984,84.09730196,1
00:33:39,3.275,3.275518,93.69395971,84.08997655,1
00:33:40,3.275,3.275518,93.6880827,84.08268094,1
00:33:41,3.275,3.275517,93.68220568,84.07537937,1
00:33:42,3.275,3.275517,93.67632866,84.0680778,1
00:33:43,3.275,3.275517,93.67045164,84.06077027,1
00:33:44,3.275,3.275516,93.66457462,84.05346274,1
00:33:45,3.275,3.275516,93.65869761,84.04615521,1
00:33:46,3.275,3.275515,93.65282059,84.0388298,1
00:33:47,3.275,3.275515,93.64694357,84.03153419,1
00:33:48,3.275,3.275514,93.64106655,84.02423263,1
00:33:49,3.275,3.275514,93.63518953,84.0169251,1
00:33:50,3.275,3.275513,93.62931252,84.00961757,1
00:33:51,3.275,3.275513,93.6234355,84.00231004,1
00:33:52,3.275,3.275513,93.61755848,83.99498463,1
00:33:53,3.275,3.275513,93.61168146,83.98768306,1
00:33:54,3.275,3.275512,93.6058,83.98038149,1
00:33:55,3.275,3.275511,93.59992743,83.97307992,1
00:33:56,3.275,3.275511,93.59405041,83.96577239,1
00:33:57,3.275,3.275511,93.58817339,83.95846486,1
00:33:58,3.275,3.27551,93.58229637,83.95113945,1
00:33:59,3.275,3.27551,93.57641935,83.94383788,1
00:34:00,3.275,3.27551,93.57054234,83.93653631,1
00:34:01,3.275,3.275509,93.56466532,83.92922878,1
00:34:02,3.275,3.275508,93.5587883,83.92192125,1
00:34:03,3.275,3.275508,93.55291128,83.91459584,1
00:34:04,3.275,3.275508,93.54703426,83.90729427,1
00:34:05,3.275,3.275507,93.54115725,83.8999927,1
00:34:06,3.275,3.275507,93.53528023,83.89268517,1
00:34:07,3.275,3.275506,93.52940321,83.88537765,1
00:34:08,3.275,3.275506,93.52352619,83.87807012,1
00:34:09,3.275,3.275506,93.51764917,83.87074471,1
00:34:10,3.275,3.275505,93.51177,83.86344314,1
00:34:11,3.275,3.275505,93.50589514,83.85614157,1
00:34:12,3.275,3.275504,93.50001812,83.84883404,1
00:34:13,3.275,3.275504,93.4941411,83.84152651,1
00:34:14,3.275,3.275503,93.48826408,83.8342011,1
00:34:15,3.275,3.275503,93.48238707,83.82689953,1
00:34:16,3.275,3.275503,93.47651005,83.81959796,1
00:34:17,3.275,3.275502,93.47063303,83.81229043,1
00:34:18,3.275,3.275501,93.46475601,83.8049829,1
00:34:19,3.275,3.275501,93.45887899,83.79767537,1
00:34:20,3.275,3.275501,93.45300198,83.79034996,1
00:34:21,3.275,3.275501,93.44712496,83.78304839,1
00:34:22,3.275,3.2755,93.44124794,83.77574086,1
00:34:23,3.275,3.2755,93.43537092,83.76843333,1
00:34:24,3.275,3.275499,93.4294939,83.7611258,1
00:34:25,3.275,3.275499,93.42361689,83.75380039,1
00:34:26,3.275,3.275498,93.41774,83.74649882,1
00:34:27,3.275,3.275498,93.41186285,83.73919129,1
00:34:28,3.275,3.275497,93.40598583,83.73188376,1
00:34:29,3.275,3.275497,93.40010881,83.72457623,1
00:34:30,3.275,3.275497,93.3942318,83.71725082,1
00:34:31,3.275,3.275496,93.38835478,83.70994925,1
00:34:32,3.275,3.275496,93.38247776,83.70264173,1
00:34:33,3.275,3.275496,93.37660074,83.6953342,1
00:34:34,3.275,3.275495,93.37072372,83.68802667,1
00:34:35,3.275,3.275494,93.36484671,83.68070126,1
00:34:36,3.275,3.275494,93.35896969,83.67339969,1
00:34:37,3.275,3.275494,93.35309267,83.66609812,1
00:34:38,3.275,3.275493,93.34721565,83.65879,1
00:34:39,3.275,3.275493,93.34133863,83.65148306,1
00:34:40,3.275,3.275492,93.33546162,83.64417553,1
00:34:41,3.275,3.275492,93.3295846,83.63685012,1
00:34:42,3.275,3.275492,93.32371,83.62954855,1
00:34:43,3.275,3.275491,93.31783056,83.62224698,1
00:34:44,3.275,3.275491,93.31195354,83.61493945,1
00:34:45,3.275,3.27549,93.30607653,83.60763192,1
00:34:46,3.275,3.27549,93.30019951,83.60032439,1
00:34:47,3.275,3.275489,93.29432249,83.59299898,1
00:34:48,3.275,3.275489,93.28844547,83.58569741,1
00:34:49,3.275,3.275489,93.28256845,83.57838988,1
00:34:50,3.275,3.275488,93.27669144,83.57108235,1
00:34:51,3.275,3.275487,93.27081442,83.56377482,1
00:34:52,3.275,3.275487,93.2649374,83.55644941,1
00:34:53,3.275,3.275487,93.25906038,83.54914784,1
00:34:54,3.275,3.275486,93.25318336,83.54184628,1
00:34:55,3.275,3.275486,93.24730635,83.53453875,1
00:34:56,3.275,3.275485,93.24142933,83.52723122,1
00:34:57,3.275,3.275485,93.23555231,83.51990581,1
00:34:58,3.275,3.275485,93.22968,83.51260424,1
00:34:59,3.275,3.275484,93.22379827,83.50530267,1
00:35:00,3.275,3.275484,93.21792126,83.49799514,1
00:35:01,3.275,3.275483,93.21204424,83.49068761,1
00:35:02,3.275,3.275483,93.20616722,83.48338008,1
00:35:03,3.275,3.275482,93.2002902,83.47605467,1
00:35:04,3.275,3.275482,93.19441319,83.4687531,1
00:35:05,3.275,3.275481,93.18853617,83.46145153,1
00:35:06,3.275,3.275481,93.18265915,83.454144,1
00:35:07,3.275,3.275481,93.17678213,83.44683647,1
00:35:08,3.275,3.27548,93.17090511,83.43951106,1
00:35:09,3.275,3.27548,93.1650281,83.43221545,1
00:35:10,3.275,3.275479,93.15915108,83.42491388,1
00:35:11,3.275,3.275479,93.15327406,83.41761231,1
00:35:12,3.274,3.275479,93.14739704,83.40732455,1
00:35:13,3.275,3.274994,93.14152002,83.40146542,1
00:35:14,3.274,3.275237,93.13564,83.39184523,1
00:35:15,3.275,3.274873,93.12976599,83.38634968,1
00:35:16,3.275,3.275177,93.12388897,83.37994218,1
00:35:17,3.275,3.275327,93.11801195,83.37309361,1
00:35:18,3.274,3.275402,93.11213493,83.36303234,1
00:35:19,3.275,3.274954,93.10625792,83.35729241,1
00:35:20,3.274,3.275216,93.1003809,83.34776163,1
00:35:21,3.275,3.274862,93.09450388,83.34230185,1
00:35:22,3.274,3.27517,93.08862686,83.33286047,1
00:35:23,3.275,3.274838,93.08274984,83.32747221,1
00:35:24,3.274,3.275157,93.07687283,83.31813216,1
00:35:25,3.275,3.274832,93.07099581,83.31276178,1
00:35:26,3.274,3.275153,93.06511879,83.30336213,1
00:35:27,3.274,3.274829,93.05924177,83.29499364,1
00:35:28,3.275,3.274668,93.05336475,83.2901299,1
00:35:29,3.274,3.275072,93.04748774,83.28099251,1
00:35:31,3.274,3.274788,93.04161,83.27271938,1
00:35:31,3.275,3.274647,93.0357337,83.26790333,1
00:35:32,3.274,3.27506,93.02985668,83.25878382,1
00:35:33,3.274,3.274782,93.02397966,83.25055242,1
00:35:34,3.274,3.274643,93.01810265,83.24272633,1
00:35:35,3.274,3.274574,93.01222563,83.23508501,1
00:35:36,3.274,3.274539,93.00634861,83.22755694,1
00:35:37,3.274,3.274522,93.00047159,83.2201,1
00:35:38,3.274,3.274513,92.99459457,83.2126677,1
00:35:39,3.274,3.274508,92.98871756,83.20524096,1
00:35:40,3.274,3.274506,92.98284054,83.19780231,1
00:35:41,3.274,3.274504,92.97696352,83.19039345,1
00:35:42,3.274,3.274503,92.9710865,83.18296075,1
00:35:43,3.274,3.274503,92.96520948,83.17555189,1
00:35:44,3.274,3.274502,92.95933247,83.16814303,1
00:35:45,3.274,3.274502,92.95345545,83.16071033,1
00:35:46,3.274,3.274501,92.94758,83.15330148,1
00:35:47,3.274,3.2745,92.94170141,83.14589262,1
00:35:48,3.274,3.2745,92.93582439,83.13845992,1
00:35:49,3.274,3.2745,92.92994738,83.13105106,1
00:35:50,3.274,3.274499,92.92407036,83.12364221,1
00:35:51,3.274,3.274499,92.91819334,83.11620951,1
00:35:52,3.274,3.274498,92.91231632,83.10880661,1
00:35:53,3.274,3.274498,92.9064393,83.10139775,1
00:35:54,3.274,3.274498,92.90056229,83.09396505,1
00:35:55,3.274,3.274497,92.89468527,83.08656216,1
00:35:56,3.274,3.274496,92.88880825,83.0791533,1
00:35:57,3.274,3.274496,92.88293123,83.0717206,1
00:35:58,3.274,3.274496,92.87705421,83.0643177,1
00:35:59,3.274,3.274495,92.8711772,83.05690885,1
00:36:00,3.274,3.274495,92.86530018,83.04947615,1
00:36:01,3.274,3.274494,92.85942316,83.04207325,1
00:36:02,3.274,3.274494,92.85355,83.03466439,1
00:36:03,3.274,3.274493,92.84766912,83.02724957,1
00:36:04,3.274,3.274493,92.84179211,83.01981688,1
00:36:05,3.274,3.274492,92.83591509,83.01241398,1
00:36:06,3.274,3.274492,92.83003807,83.00498724,1
00:36:07,3.274,3.274492,92.82416105,82.99758434,1
00:36:08,3.274,3.274491,92.81828403,82.99017549,1
00:36:09,3.274,3.27449,92.81240702,82.98276663,1
00:36:10,3.274,3.27449,92.80653,82.97533989,1
00:36:11,3.274,3.27449,92.80065298,82.96793699,1
00:36:12,3.274,3.274489,92.79477596,82.96052814,1
00:36:13,3.274,3.274489,92.78889894,82.9531014,1
00:36:14,3.274,3.274488,92.78302193,82.9456985,1
00:36:15,3.274,3.274488,92.77714491,82.93828964,1
00:36:16,3.274,3.274487,92.77126789,82.93088078,1
00:36:17,3.274,3.274487,92.76539087,82.92345405,1
00:36:18,3.274,3.274487,92.75951,82.91605115,1
00:36:19,3.274,3.274486,92.75363684,82.90864229,1
00:36:20,3.274,3.274486,92.74775982,82.90121555,1
00:36:21,3.274,3.274485,92.7418828,82.89381266,1
00:36:22,3.274,3.274485,92.73600578,82.88640976,1
00:36:23,3.274,3.274484,92.73012877,82.8790009,1
00:36:24,3.274,3.274484,92.72425175,82.87157416,1
00:36:25,3.274,3.274483,92.71837473,82.86417127,1
00:36:26,3.274,3.274483,92.71249771,82.85676837,1
00:36:27,3.274,3.274482,92.70662069,82.84935951,1
00:36:28,3.274,3.274482,92.70074368,82.84193277,1
00:36:29,3.274,3.274482,92.69486666,82.83453584,1
00:36:30,3.274,3.274481,92.68898964,82.82713294,1
00:36:31,3.274,3.274481,92.68311262,82.81973004,1
00:36:32,3.274,3.27448,92.6772356,82.8123033,1
00:36:33,3.273,3.27448,92.67135859,82.8017354,1
00:36:34,3.273,3.273996,92.66548,82.79268742,1
00:36:35,3.273,3.273755,92.65960455,82.78440237,1
00:36:36,3.273,3.273635,92.65372753,82.77647495,1
00:36:37,3.273,3.273575,92.64785051,82.76876807,1
00:36:38,3.273,3.273545,92.6419735,82.76113272,1
00:36:39,3.273,3.27353,92.63609648,82.75356889,1
00:36:40,3.273,3.273522,92.63021946,82.74602294,1
00:36:41,3.273,3.273518,92.62434244,82.73848295,1
00:36:42,3.273,3.273516,92.61846542,82.73093104,1
00:36:43,3.273,3.273515,92.61258841,82.72339106,1
00:36:44,3.273,3.273514,92.60671139,82.71587491,1
00:36:45,3.272,3.273513,92.60083437,82.70508647,1
00:36:46,3.273,3.273029,92.59495735,82.69912004,1
00:36:47,3.272,3.273271,92.58908033,82.68910646,1
00:36:48,3.272,3.272908,92.58320332,82.68032,1
00:36:49,3.272,3.272727,92.5773263,82.67210126,1
00:36:50,3.272,3.272637,92.57145,82.66414404,1
00:36:51,3.272,3.272592,92.56557226,82.65635967,1
00:36:52,3.272,3.272569,92.55969524,82.64864087,1
00:36:53,3.271,3.272558,92.55381823,82.6376617,1
00:36:54,3.271,3.272069,92.54794121,82.62833953,1
00:36:55,3.271,3.271825,92.54206419,82.61979222,1
00:36:56,3.271,3.271704,92.53618717,82.61163235,1
00:36:57,3.271,3.271643,92.53031015,82.60363936,1
00:36:58,3.271,3.271613,92.52443314,82.59577751,1
00:36:59,3.271,3.271598,92.51855612,82.58795738,1
00:37:00,3.271,3.27159,92.5126791,82.58016109,1
00:37:01,3.271,3.271586,92.50680208,82.57237077,1
00:37:02,3.27,3.271584,92.50092506,82.56126642,1
00:37:03,3.271,3.271099,92.49504805,82.55506754,1
00:37:04,3.27,3.271341,92.48917103,82.54476786,1
00:37:05,3.27,3.270978,92.48329401,82.53571391,1
00:37:06,3.27,3.270797,92.47742,82.52720237,1
00:37:07,3.27,3.270707,92.47153997,82.51899481,1
00:37:08,3.27,3.270662,92.46566296,82.51094222,1
00:37:09,3.27,3.27064,92.45978594,82.50296116,1
00:37:10,3.27,3.270628,92.45390892,82.4950397,1
00:37:11,3.269,3.270622,92.4480319,82.4837923,1
00:37:12,3.269,3.270135,92.44215488,82.47420788,1
00:37:13,3.269,3.269893,92.43627787,82.46536,1
00:37:14,3.269,3.269772,92.43040085,82.45695829,1
00:37:15,3.269,3.269712,92.42452383,82.44873881,1
00:37:16,3.269,3.269682,92.41864681,82.44060874,1
00:37:17,3.269,3.269667,92.41276979,82.43252635,1
00:37:18,3.269,3.269659,92.40689278,82.42444396,1
00:37:19,3.269,3.269655,92.40101576,82.41640925,1
00:37:20,3.269,3.269653,92.39513874,82.40837455,1
00:37:21,3.269,3.269651,92.38926172,82.40033984,1
00:37:22,3.268,3.26965,92.38338,82.38892555,1
00:37:23,3.268,3.269167,92.37750769,82.37919211,1
00:37:24,3.268,3.268926,92.37163067,82.37024546,1
00:37:25,3.268,3.268806,92.36575365,82.36165643,1
00:37:26,3.268,3.268746,92.35987663,82.35328197,1
00:37:27,3.268,3.268716,92.35399961,82.34503865,1
00:37:28,3.268,3.268701,92.3481226,82.33683109,1
00:37:29,3.268,3.268694,92.34224558,82.32864141,1
00:37:30,3.268,3.268689,92.33636856,82.32043386,1
00:37:31,3.268,3.268687,92.33049154,82.31224418,1
00:37:32,3.268,3.268686,92.32461452,82.30409026,1
00:37:33,3.268,3.268685,92.31873751,82.29593039,1
00:37:34,3.268,3.268684,92.31286049,82.28773475,1
00:37:35,3.267,3.268684,92.30698347,82.27624893,1
00:37:36,3.268,3.2682,92.30110645,82.26970434,1
00:37:37,3.268,3.268442,92.29522943,82.26234317,1
00:37:38,3.268,3.268563,92.28935,82.25457072,1
00:37:39,3.268,3.268623,92.2834754,82.24660158,1
00:37:40,3.267,3.268652,92.27759838,82.23516345,1
00:37:41,3.268,3.268183,92.27172136,82.22866,1
00:37:42,3.267,3.268433,92.26584435,82.21798,1
00:37:43,3.267,3.268074,92.25996733,82.20844,1
00:37:44,3.267,3.267895,92.25409031,82.19952583,1
00:37:45,3.267,3.267806,92.24821329,82.19094872,1
00:37:46,3.267,3.267762,92.24233627,82.1824789,1
00:37:47,3.267,3.267739,92.23645926,82.17411637,1
00:37:48,3.267,3.267728,92.23058224,82.16575384,1
00:37:49,3.267,3.267722,92.22470522,82.15744495,1
00:37:50,3.267,3.267719,92.2188282,82.14913607,1
00:37:51,3.267,3.267717,92.21295118,82.14082718,1
00:37:52,3.267,3.267716,92.20707417,82.13248849,1
00:37:53,3.267,3.267715,92.20119715,82.12419152,1
00:37:54,3.267,3.267715,92.19532,82.11585879,1
00:37:55,3.267,3.267715,92.18944311,82.10756183,1
00:37:56,3.267,3.267714,92.18356609,82.0992291,1
00:37:57,3.267,3.267713,92.17768908,82.09090829,1
00:37:58,3.267,3.267713,92.17181206,82.08259344,1
00:37:59,3.267,3.267712,92.16593504,82.07427859,1
00:38:00,3.267,3.267712,92.16005802,82.06596,1
00:38:01,3.267,3.267711,92.154181,82.0576489,1
00:38:02,3.267,3.267711,92.14830399,82.04933405,1
00:38:03,3.267,3.267711,92.14242697,82.0410192,1
00:38:04,3.267,3.26771,92.13654995,82.03273416,1
00:38:05,3.267,3.26771,92.13067293,82.02443123,1
00:38:06,3.267,3.267709,92.12479591,82.01612234,1
00:38:07,3.267,3.267709,92.1189189,82.00778365,1
00:38:08,3.267,3.267708,92.11304188,81.99948072,1
00:38:09,3.267,3.267708,92.10716486,81.99114799,1
00:38:10,3.267,3.267707,92.10129,81.98285103,1
00:38:11,3.267,3.267707,92.09541082,81.9745183,1
00:38:12,3.267,3.267707,92.08953381,81.96619153,1
00:38:13,3.267,3.267706,92.08365679,81.95789456,1
00:38:14,3.267,3.267705,92.07777977,81.94956183,1
00:38:15,3.267,3.267705,92.07190275,81.94123507,1
00:38:16,3.267,3.267704,92.06602573,81.93291426,1
00:38:17,3.267,3.267704,92.06014872,81.92459345,1
00:38:18,3.267,3.267704,92.0542717,81.91630244,1
00:38:19,3.267,3.267703,92.04839468,81.90796971,1
00:38:20,3.267,3.267703,92.04251766,81.89964,1
00:38:21,3.267,3.267703,92.03664064,81.89131618,1
00:38:22,3.267,3.267702,92.03076363,81.88299537,1
00:38:23,3.267,3.267701,92.02488661,81.87467456,1
00:38:24,3.267,3.267701,92.01900959,81.86635375,1
00:38:25,3.267,3.2677,92.01313257,81.85803294,1
00:38:26,3.267,3.2677,92.00726,81.84971213,1
00:38:27,3.267,3.2677,92.00137854,81.84141517,1
00:38:28,3.267,3.267699,91.99550152,81.83308244,1
00:38:29,3.267,3.267699,91.9896245,81.82475567,1
00:38:30,3.267,3.267698,91.98374748,81.8164289,1
00:38:31,3.267,3.267698,91.97787046,81.80813193,1
00:38:32,3.267,3.267697,91.97199345,81.79979324,1
00:38:33,3.267,3.267697,91.96611643,81.79146051,1
00:38:34,3.267,3.267696,91.96023941,81.78316355,1
00:38:35,3.267,3.267696,91.95436239,81.77482486,1
00:38:36,3.267,3.267695,91.94848537,81.76652193,1
00:38:37,3.267,3.267695,91.94260836,81.75818324,1
00:38:38,3.267,3.267694,91.93673134,81.74988031,1
00:38:39,3.267,3.267694,91.93085432,81.74154162,1
00:38:40,3.267,3.267694,91.9249773,81.73323274,1
00:38:41,3.267,3.267693,91.91910028,81.72489405,1
00:38:42,3.267,3.267693,91.91322,81.71658516,1
00:38:43,3.267,3.267692,91.90734625,81.70827031,1
00:38:44,3.267,3.267692,91.90146923,81.69992566,1
00:38:45,3.267,3.267692,91.89559221,81.69161677,1
00:38:46,3.267,3.267691,91.88971519,81.68330193,1
00:38:47,3.267,3.26769,91.88383818,81.67498112,1
00:38:48,3.267,3.26769,91.87796116,81.66666031,1
00:38:49,3.267,3.267689,91.87208414,81.65833354,1
00:38:50,3.267,3.267689,91.86620712,81.65001273,1
00:38:51,3.267,3.267689,91.8603301,81.64168596,1
00:38:52,3.267,3.267688,91.85445309,81.63335919,1
00:38:53,3.267,3.267687,91.84857607,81.62503839,1
00:38:54,3.267,3.267687,91.84269905,81.61671162,1
00:38:55,3.267,3.267687,91.83682203,81.60838485,1
00:38:56,3.267,3.267686,91.83094501,81.60005808,1
00:38:57,3.267,3.267686,91.825068,81.59173131,1
00:38:58,3.267,3.267685,91.81919,81.5834,1
00:38:59,3.267,3.267685,91.81331396,81.57505393,1
00:39:00,3.267,3.267684,91.80743694,81.56673908,1
00:39:01,3.267,3.267684,91.80155993,81.55839443,1
00:39:02,3.266,3.267684,91.79568291,81.54652715,1
00:39:03,3.267,3.2672,91.78980589,81.53993487,1
00:39:04,3.267,3.267442,91.78392887,81.53245449,1
00:39:05,3.267,3.267563,91.77805185,81.52454495,1
00:39:06,3.267,3.267622,91.77217484,81.51645064,1
00:39:07,3.267,3.267652,91.76629782,81.50821328,1
00:39:08,3.267,3.267666,91.7604208,81.49992824,1
00:39:09,3.267,3.267673,91.75454378,81.49164915,1
00:39:10,3.267,3.267676,91.74866676,81.48334622,1
00:39:11,3.267,3.267677,91.74278975,81.47503138,1
00:39:12,3.267,3.267678,91.73691273,81.46668077,1
00:39:13,3.267,3.267678,91.73103571,81.45837188,1
00:39:14,3.267,3.267677,91.72516,81.45005107,1
00:39:15,3.267,3.267677,91.71928167,81.44173026,1
00:39:16,3.267,3.267677,91.71340466,81.43340349,1
00:39:17,3.267,3.267676,91.70752764,81.42507672,1
00:39:18,3.267,3.267676,91.70165062,81.41674995,1
00:39:19,3.267,3.267675,91.6957736,81.40842319,1
00:39:20,3.267,3.267674,91.68989658,81.40009642,1
00:39:21,3.267,3.267674,91.68401957,81.39176965,1
00:39:22,3.267,3.267674,91.67814255,81.38344288,1
00:39:23,3.267,3.267673,91.67226553,81.37508631,1
00:39:24,3.267,3.267673,91.66638851,81.36677146,1
00:39:25,3.267,3.267672,91.66051149,81.35842085,1
00:39:26,3.267,3.267672,91.65463448,81.35011196,1
00:39:27,3.267,3.267671,91.64875746,81.34179115,1
00:39:28,3.267,3.267671,91.64288044,81.33347034,1
00:39:29,3.267,3.26767,91.63700342,81.32514358,1
00:39:30,3.267,3.26767,91.63113,81.31681681,1
00:39:31,3.267,3.267669,91.62524939,81.30849004,1
00:39:32,3.267,3.267669,91.61937237,81.30016,1
00:39:33,3.267,3.267668,91.61349535,81.2918365,1
00:39:34,3.266,3.267668,91.60761833,81.27984405,1
00:39:35,3.267,3.267185,91.60174131,81.27328157,1
00:39:36,3.266,3.267427,91.5958643,81.26218915,1
00:39:37,3.267,3.267065,91.58998728,81.25607371,1
00:39:38,3.266,3.267367,91.58411026,81.24520183,1
00:39:39,3.267,3.267035,91.57823324,81.23919964,1
00:39:40,3.267,3.267351,91.57235622,81.2320292,1
00:39:42,3.267,3.267509,91.56647921,81.2242806,1
00:39:42,3.266,3.267587,91.56060219,81.2125504,1
00:39:43,3.266,3.267143,91.55472517,81.20241165,1
00:39:44,3.267,3.266922,91.54884815,81.19682074,1
00:39:45,3.267,3.267294,91.54297113,81.18984699,1
00:39:46,3.267,3.267479,91.53709,81.18221164,1
00:39:47,3.267,3.267571,91.5312171,81.17423058,1
00:39:48,3.267,3.267616,91.52534008,81.16608,1
00:39:49,3.266,3.267638,91.51946306,81.15406632,1
00:39:50,3.267,3.267167,91.51358604,81.14758,1
00:39:51,3.266,3.267414,91.50770903,81.13640547,1
00:39:52,3.267,3.267055,91.50183201,81.13032579,1
00:39:53,3.267,3.267358,91.49595499,81.12311959,1
00:39:54,3.267,3.267509,91.49007797,81.11535311,1
00:39:55,3.267,3.267583,91.48420095,81.10730648,1
00:39:56,3.266,3.26762,91.47832394,81.09539747,1
00:39:57,3.266,3.267156,91.47244692,81.08516335,1
00:39:58,3.267,3.266925,91.4665699,81.07956052,1
00:39:59,3.267,3.267292,91.46069288,81.07259274,1
00:40:00,3.267,3.267474,91.45481586,81.06492758,1
00:40:01,3.267,3.267565,91.44893885,81.05692863,1
00:40:02,3.267,3.267609,91.44306,81.0487926,1
00:40:03,3.266,3.267631,91.43718481,81.03682995,1
00:40:04,3.267,3.26716,91.43130779,81.03035688,1
00:40:05,3.267,3.267408,91.42543077,81.02295399,1
00:40:06,3.267,3.26753,91.41955376,81.01506829,1
00:40:07,3.267,3.267591,91.41367674,81.00697994,1
00:40:08,3.267,3.267621,91.40779972,80.99874854,1
00:40:09,3.267,3.267636,91.4019227,80.99046946,1
00:40:10,3.266,3.267643,91.39604568,80.97846508,1
00:40:11,3.266,3.267164,91.39016867,80.96817732,1
00:40:12,3.267,3.266926,91.38429165,80.96258044,1
00:40:13,3.266,3.267289,91.37841463,80.95188737,1
00:40:14,3.266,3.266988,91.37253761,80.94226122,1
00:40:15,3.267,3.266837,91.36666059,80.937,1
00:40:16,3.267,3.267244,91.36078358,80.93020916,1
00:40:17,3.266,3.267447,91.35490656,80.91883063,1
00:40:18,3.266,3.267065,91.34903,80.90895414,1
00:40:19,3.267,3.266875,91.34315252,80.903548,1
00:40:20,3.267,3.267262,91.33727551,80.89668155,1
00:40:21,3.266,3.267454,91.33139849,80.88529706,1
00:40:22,3.266,3.267068,91.32552147,80.87537289,1
00:40:23,3.266,3.266875,91.31964445,80.86617589,1
00:40:24,3.267,3.266779,91.31376743,80.86114526,1
00:40:25,3.267,3.267213,91.30789042,80.85445166,1
00:40:26,3.266,3.267429,91.3020134,80.84318042,1
00:40:27,3.266,3.267054,91.29613638,80.83326221,1
00:40:28,3.266,3.266867,91.29025936,80.82407117,1
00:40:29,3.266,3.266774,91.28438234,80.81526756,1
00:40:30,3.266,3.266727,91.27850533,80.80663085,1
00:40:31,3.266,3.266704,91.27262831,80.79804182,1
00:40:32,3.266,3.266692,91.26675129,80.78950644,1
00:40:33,3.266,3.266686,91.26087427,80.78100085,1
00:40:34,3.266,3.266683,91.255,80.77250719,1
00:40:35,3.266,3.266681,91.24912024,80.76401949,1
00:40:36,3.266,3.26668,91.24324322,80.75556755,1
00:40:37,3.266,3.266679,91.2373662,80.74710369,1
00:40:38,3.266,3.266678,91.23148918,80.73863387,1
00:40:39,3.266,3.266678,91.22561216,80.73015809,1
00:40:40,3.266,3.266677,91.21973515,80.72165251,1
00:40:41,3.266,3.266676,91.21385813,80.71316481,1
00:40:42,3.266,3.266676,91.20798111,80.70470691,1
00:40:43,3.266,3.266675,91.20210409,80.69623709,1
00:40:44,3.266,3.266675,91.19622707,80.68773746,1
00:40:45,3.266,3.266674,91.19035006,80.67927957,1
00:40:46,3.266,3.266674,91.18447304,80.67080975,1
00:40:47,3.266,3.266673,91.17859602,80.66231012,1
00:40:48,3.266,3.266673,91.172719,80.65385222,1
00:40:49,3.266,3.266672,91.16684198,80.6453824,1
00:40:50,3.266,3.266672,91.16096,80.63688278,1
00:40:51,3.266,3.266671,91.15508795,80.62842488,1
00:40:52,3.266,3.266671,91.14921093,80.61995506,1
00:40:53,3.266,3.26667,91.14333391,80.61145544,1
00:40:54,3.266,3.26667,91.13745689,80.60299754,1
00:40:55,3.266,3.266669,91.13157988,80.59452772,1
00:40:56,3.266,3.266669,91.12570286,80.5860281,1
00:40:57,3.266,3.266668,91.11982584,80.5775702,1
00:40:58,3.266,3.266668,91.11394882,80.56910634,1
00:40:59,3.266,3.266667,91.1080718,80.56063652,1
00:41:00,3.266,3.266667,91.10219479,80.5521667,1
00:41:01,3.266,3.266666,91.09631777,80.54366708,1
00:41:02,3.266,3.266666,91.09044075,80.53517938,1
00:41:03,3.266,3.266665,91.08456373,80.52672744,1
00:41:04,3.266,3.266665,91.07868671,80.51823974,1
00:41:05,3.266,3.266664,91.0728097,80.50976,1
00:41:06,3.266,3.266663,91.06693,80.50131202,1
00:41:07,3.266,3.266663,91.06105566,80.49282432,1
00:41:08,3.266,3.266663,91.05517864,80.48437238,1
00:41:09,3.266,3.266662,91.04930162,80.47588468,1
00:41:10,3.266,3.266661,91.04342461,80.46740294,1
00:41:11,3.266,3.266661,91.03754759,80.45895696,1
00:41:12,3.266,3.266661,91.03167057,80.45046926,1
00:41:13,3.266,3.26666,91.02579355,80.44201732,1
00:41:14,3.266,3.266659,91.01991653,80.43355942,1
00:41:15,3.266,3.266659,91.01403952,80.42509556,1
00:41:16,3.266,3.266659,91.0081625,80.41662574,1
00:41:17,3.266,3.266658,91.00228548,80.40813208,1
00:41:18,3.266,3.266657,90.99640846,80.39968014,1
00:41:19,3.266,3.266657,90.99053144,80.39119244,1
00:41:20,3.266,3.266656,90.98465443,80.38271666,1
00:41:21,3.266,3.266655,90.97877741,80.37427068,1
00:41:22,3.266,3.266655,90.9729,80.36578894,1
00:41:23,3.266,3.266655,90.96702337,80.35734296,1
00:41:24,3.266,3.266654,90.96114635,80.34886122,1
00:41:25,3.266,3.266654,90.95526934,80.34041524,1
00:41:26,3.266,3.266653,90.94939232,80.3319335,1
00:41:27,3.266,3.266653,90.9435153,80.32348752,1
00:41:28,3.266,3.266652,90.93763828,80.31500578,1
00:41:29,3.266,3.266651,90.93176126,80.30653,1
00:41:30,3.266,3.266651,90.92588425,80.29808998,1
00:41:31,3.266,3.266651,90.92000723,80.28963804,1
00:41:32,3.266,3.26665,90.91413021,80.28118014,1
00:41:33,3.266,3.266649,90.90825319,80.27272224,1
00:41:34,3.266,3.266649,90.90237617,80.26423454,1
00:41:35,3.266,3.266648,90.89649916,80.25575876,1
00:41:36,3.266,3.266648,90.89062214,80.24731874,1
00:41:37,3.266,3.266647,90.88474512,80.23884296,1
00:41:38,3.266,3.266647,90.87887,80.23040295,1
00:41:39,3.266,3.266646,90.87299109,80.22192717,1
00:41:40,3.266,3.266645,90.86711407,80.21348715,1
00:41:41,3.266,3.266645,90.86123705,80.20503521,1
00:41:42,3.266,3.266645,90.85536003,80.19657731,1
00:41:43,3.266,3.266644,90.84948301,80.18811941,1
00:41:44,3.266,3.266644,90.843606,80.17963767,1
00:41:45,3.266,3.266643,90.83772898,80.17116785,1
00:41:46,3.266,3.266643,90.83185196,80.16272783,1
00:41:47,3.266,3.266642,90.82597494,80.15428185,1
00:41:48,3.266,3.266641,90.82009792,80.14580607,1
00:41:49,3.266,3.266641,90.81422091,80.13736606,1
00:41:50,3.266,3.26664,90.80834389,80.12889028,1
00:41:51,3.266,3.266639,90.80246687,80.12045622,1
00:41:52,3.266,3.266639,90.79658985,80.1119864,1
00:41:53,3.266,3.266639,90.79071283,80.10355234,1
00:41:54,3.266,3.266638,90.78484,80.09510636,1
00:41:55,3.266,3.266638,90.7789588,80.08663058,1
00:41:56,3.266,3.266637,90.77308178,80.07819653,1
00:41:57,3.266,3.266636,90.76720476,80.06972671,1
00:41:58,3.266,3.266636,90.76132774,80.06129265,1
00:41:59,3.266,3.266635,90.75545073,80.05285263,1
00:42:00,3.266,3.266635,90.74957371,80.04438281,1
00:42:01,3.266,3.266634,90.74369669,80.03594875,1
00:42:02,3.266,3.266634,90.73781967,80.02747893,1
00:42:03,3.266,3.266633,90.73194265,80.01905084,1
00:42:04,3.266,3.266633,90.72606564,80.01061082,1
00:42:05,3.266,3.266632,90.72018862,80.002141,1
00:42:06,3.266,3.266632,90.7143116,79.9937129,1
00:42:07,3.266,3.266631,90.70843458,79.98527288,1
00:42:08,3.266,3.26663,90.70255756,79.97680902,1
00:42:09,3.266,3.26663,90.69668055,79.96838093,1
00:42:10,3.265,3.266629,90.6908,79.95587587,1
00:42:11,3.266,3.266148,90.68492651,79.94939685,1
00:42:12,3.266,3.266389,90.67904949,79.94193435,1
00:42:13,3.265,3.266509,90.67317247,79.92989421,1
00:42:14,3.265,3.266087,90.66729546,79.91957068,1
00:42:15,3.265,3.265877,90.66141844,79.91010547,1
00:42:16,3.265,3.265772,90.65554142,79.90103364,1
00:42:17,3.265,3.26572,90.6496644,79.89218831,1
00:42:18,3.265,3.265693,90.64378738,79.88348603,1
00:42:19,3.265,3.26568,90.63791037,79.87482548,1
00:42:20,3.265,3.265673,90.63203335,79.86618876,1
00:42:21,3.265,3.265669,90.62615633,79.85753417,1
00:42:22,3.265,3.265667,90.62027931,79.84892726,1
00:42:23,3.265,3.265666,90.61440229,79.84031439,1
00:42:24,3.265,3.265665,90.60852528,79.83170152,1
00:42:25,3.265,3.265664,90.60264826,79.82308865,1
00:42:26,3.264,3.265664,90.59677,79.81028557,1
00:42:27,3.265,3.265182,90.59089422,79.80365157,1
00:42:28,3.265,3.265424,90.5850172,79.79604006,1
00:42:29,3.264,3.265543,90.57914019,79.78380919,1
00:42:30,3.264,3.265121,90.57326317,79.77325916,1
00:42:31,3.264,3.264912,90.56738615,79.76359725,1
00:42:32,3.264,3.264807,90.56150913,79.75440621,1
00:42:33,3.264,3.264755,90.55563211,79.74541783,1
00:42:34,3.264,3.264729,90.5497551,79.73652482,1
00:42:35,3.264,3.264716,90.54387808,79.72764969,1
00:42:36,3.264,3.264709,90.53800106,79.71884608,1
00:42:37,3.264,3.264705,90.53212404,79.71001863,1
00:42:38,3.264,3.264703,90.52624702,79.70123887,1
00:42:39,3.264,3.264701,90.52037001,79.69245315,1
00:42:40,3.264,3.264701,90.51449299,79.68366742,1
00:42:41,3.264,3.2647,90.50861597,79.6748817,1
00:42:42,3.264,3.264699,90.50274,79.66609001,1
00:42:43,3.264,3.264699,90.49686193,79.65729833,1
00:42:44,3.264,3.264698,90.49098492,79.6485126,1
00:42:45,3.264,3.264698,90.4851079,79.63972688,1
00:42:46,3.264,3.264697,90.47923088,79.63094115,1
00:42:47,3.263,3.264696,90.47335386,79.61797714,1
00:42:48,3.263,3.264215,90.46747684,79.60696816,1
00:42:49,3.263,3.263975,90.46159983,79.59703207,1
00:42:50,3.263,3.263856,90.45572281,79.58754301,1
00:42:51,3.263,3.263797,90.44984579,79.57834601,1
00:42:52,3.263,3.263767,90.44396877,79.56923246,1
00:42:53,3.263,3.263752,90.43809175,79.56022024,1
00:42:54,3.263,3.263744,90.43221474,79.55123186,1
00:42:55,3.263,3.26374,90.42633772,79.54221964,1
00:42:56,3.263,3.263738,90.4204607,79.53326106,1
00:42:57,3.263,3.263736,90.41458368,79.52426672,1
00:42:58,3.263,3.263736,90.40871,79.5153141,1
00:42:59,3.263,3.263735,90.40282965,79.50631976,1
00:43:00,3.263,3.263734,90.39695263,79.4973731,1
00:43:01,3.263,3.263733,90.39107561,79.48838472,1
00:43:02,3.263,3.263733,90.38519859,79.47943807,1
00:43:03,3.263,3.263732,90.37932158,79.47044969,1
00:43:04,3.263,3.263731,90.37344456,79.46147323,1
00:43:05,3.262001,3.263731,90.36756754,79.44826484,1
00:43:06,3.262001,3.26325,90.36169052,79.43714857,1
00:43:07,3.262001,3.263011,90.3558135,79.42701578,1
00:43:08,3.262001,3.262891,90.34993649,79.41737175,1
00:43:09,3.262001,3.262832,90.34405947,79.4079721,1
00:43:10,3.262001,3.262802,90.33818245,79.39869761,1
00:43:11,3.262001,3.262787,90.33230543,79.38948274,1
00:43:12,3.262001,3.262779,90.32642841,79.3802619,1
00:43:13,3.262001,3.262775,90.3205514,79.37110662,1
00:43:14,3.262001,3.262773,90.31467,79.36195135,1
00:43:15,3.262001,3.262771,90.30879736,79.35279608,1
00:43:16,3.262001,3.26277,90.30292034,79.3436408,1
00:43:17,3.262001,3.262769,90.29704332,79.33448553,1
00:43:18,3.262001,3.262769,90.29116631,79.32533026,1
00:43:19,3.262001,3.262769,90.28528929,79.31617498,1
00:43:20,3.262001,3.262768,90.27941227,79.30701971,1
00:43:21,3.262001,3.262767,90.27353525,79.29786444,1
00:43:22,3.262001,3.262767,90.26765823,79.28867936,1
00:43:23,3.262001,3.262766,90.26178122,79.27954197,1
00:43:24,3.262001,3.262765,90.2559042,79.27036,1
00:43:25,3.261,3.262765,90.25002718,79.25696969,1
00:43:26,3.262001,3.262283,90.24415016,79.2498827,1
00:43:27,3.262001,3.262525,90.23827314,79.24175858,1
00:43:28,3.262001,3.262645,90.23239613,79.23311591,1
00:43:29,3.261,3.262703,90.22651911,79.2199254,1
00:43:30,3.261,3.262252,90.22064,79.20861244,1
00:43:31,3.262001,3.262027,90.21476507,79.20262218,1
00:43:32,3.261,3.262396,90.20888805,79.19071913,1
00:43:33,3.261,3.262098,90.20301104,79.18015122,1
00:43:34,3.261,3.26195,90.19713402,79.17019129,1
00:43:35,3.261,3.261876,90.191257,79.16050553,1
00:43:36,3.261,3.261839,90.18537998,79.15102839,1
00:43:37,3.261,3.261821,90.17950296,79.14158106,1
00:43:38,3.261,3.261811,90.17362595,79.13218737,1
00:43:39,3.261,3.261806,90.16774893,79.12285328,1
00:43:40,3.261,3.261803,90.16187191,79.11351323,1
00:43:41,3.261,3.261802,90.15599489,79.10413742,1
00:43:42,3.261,3.261801,90.15011787,79.09480929,1
00:43:43,3.261,3.2618,90.14424086,79.08547521,1
00:43:44,3.261,3.261799,90.13836384,79.07610536,1
00:43:45,3.261,3.261798,90.13248682,79.06678319,1
00:43:46,3.261,3.261798,90.12661,79.0574193,1
00:43:47,3.261,3.261797,90.12073278,79.04809713,1
00:43:48,3.261,3.261797,90.11485577,79.03873324,1
00:43:49,3.261,3.261796,90.10897875,79.02938128,1
00:43:50,3.261,3.261796,90.10310173,79.02003527,1
00:43:51,3.261,3.261795,90.09722471,79.01068926,1
00:43:52,3.261,3.261794,90.09134769,79.00134325,1
00:43:53,3.261,3.261794,90.08547068,78.9920032,1
00:43:54,3.261,3.261793,90.07959366,78.98266315,1
00:43:55,3.261,3.261793,90.07371664,78.97332311,1
00:43:56,3.261,3.261792,90.06783962,78.96401882,1
00:43:57,3.261,3.261792,90.0619626,78.9547,1
00:43:58,3.261,3.261791,90.05608559,78.94533277,1
00:43:59,3.26,3.261791,90.05020857,78.93165946,1
00:44:00,3.261,3.26131,90.04433155,78.92442942,1
00:44:01,3.26,3.26155,90.03845453,78.91176343,1
00:44:02,3.261,3.26119,90.03258,78.90505195,1
00:44:03,3.26,3.261491,90.0267005,78.89257073,1
00:44:04,3.26,3.261159,90.02082348,78.88162732,1
00:44:05,3.26,3.260995,90.01494646,78.87138724,1
00:44:06,3.26,3.260913,90.00906944,78.86145711,1
00:44:07,3.26,3.260872,90.00319242,78.85175943,1
00:44:08,3.26,3.260851,89.99731541,78.84210348,1
00:44:09,3.26,3.260841,89.99143839,78.8325429,1
00:44:10,3.26,3.260835,89.98556137,78.82299423,1
00:44:11,3.26,3.260832,89.97968435,78.81341577,1
00:44:12,3.26,3.26083,89.97380733,78.80389094,1
00:44:13,3.26,3.260829,89.96793032,78.7943244,1
00:44:14,3.26,3.260828,89.9620533,78.78480554,1
00:44:15,3.26,3.260828,89.95617628,78.77528071,1
00:44:16,3.26,3.260827,89.95029926,78.76574993,1
00:44:17,3.26,3.260826,89.94442225,78.75618339,1
00:44:18,3.26,3.260826,89.93855,78.74666452,1
00:44:19,3.26,3.260825,89.93266821,78.7371397,1
00:44:20,3.26,3.260824,89.92679119,78.72760892,1
00:44:21,3.26,3.260824,89.92091417,78.71804237,1
00:44:22,3.26,3.260823,89.91503716,78.70852351,1
00:44:23,3.26,3.260823,89.90916014,78.69899869,1
00:44:24,3.26,3.260822,89.90328312,78.68946791,1
00:44:25,3.26,3.260822,89.8974061,78.67990136,1
00:44:26,3.26,3.260821,89.89152908,78.6703825,1
00:44:27,3.26,3.26082,89.88565207,78.66085768,1
00:44:29,3.26,3.26082,89.87977505,78.65132689,1
00:44:29,3.26,3.260819,89.87389803,78.64176035,1
00:44:30,3.26,3.260819,89.86802101,78.63224745,1
00:44:31,3.26,3.260818,89.86214399,78.62272263,1
00:44:32,3.26,3.260818,89.85626698,78.61316204,1
00:44:33,3.26,3.260817,89.85038996,78.60364914,1
00:44:34,3.26,3.260816,89.84451,78.59409451,1
00:44:35,3.26,3.260816,89.83863592,78.58458757,1
00:44:36,3.26,3.260815,89.8327589,78.57503295,1
00:44:37,3.26,3.260815,89.82688189,78.56552601,1
00:44:38,3.26,3.260814,89.82100487,78.55597138,1
00:44:39,3.26,3.260813,89.81512785,78.54642868,1
00:44:40,3.26,3.260813,89.80925083,78.5369277,1
00:44:41,3.26,3.260813,89.80337381,78.52737904,1
00:44:42,3.26,3.260812,89.7974968,78.51783633,1
00:44:43,3.26,3.260811,89.79161978,78.50829959,1
00:44:44,3.26,3.260811,89.78574276,78.49876881,1
00:44:45,3.26,3.26081,89.77986574,78.48923802,1
00:44:46,3.26,3.260809,89.77398872,78.47970724,1
00:44:47,3.26,3.260809,89.76811171,78.47018242,1
00:44:48,3.26,3.260808,89.76223469,78.4606576,1
00:44:49,3.26,3.260808,89.75635767,78.45116854,1
00:44:50,3.26,3.260807,89.75048,78.4416616,1
00:44:51,3.26,3.260807,89.74460363,78.43211293,1
00:44:52,3.26,3.260806,89.73872662,78.42257619,1
00:44:53,3.26,3.260805,89.7328496,78.41304541,1
00:44:54,3.26,3.260805,89.72697258,78.40352058,1
00:44:55,3.26,3.260804,89.72109556,78.39399576,1
00:44:56,3.26,3.260803,89.71521854,78.3845067,1
00:44:57,3.26,3.260803,89.70934153,78.37499976,1
00:44:58,3.26,3.260802,89.70346451,78.3654511,1
00:44:59,3.26,3.260802,89.69758749,78.35591435,1
00:45:00,3.26,3.260801,89.69171047,78.34638953,1
00:45:01,3.26,3.260801,89.68583345,78.33686471,1
00:45:02,3.26,3.2608,89.67995644,78.32734585,1
00:45:03,3.26,3.260799,89.67407942,78.31786275,1
00:45:04,3.26,3.260799,89.6682024,78.30836177,1
00:45:05,3.26,3.260798,89.66232538,78.29881907,1
00:45:06,3.26,3.260798,89.65645,78.28928828,1
00:45:07,3.26,3.260797,89.65057135,78.27976346,1
00:45:08,3.26,3.260796,89.64469433,78.27028036,1
00:45:09,3.26,3.260796,89.63881731,78.26077938,1
00:45:10,3.26,3.260795,89.63294029,78.25127244,1
00:45:11,3.26,3.260794,89.62706327,78.2417655,1
00:45:12,3.26,3.260794,89.62118626,78.2322526,1
00:45:13,3.26,3.260793,89.61530924,78.22270989,1
00:45:14,3.26,3.260793,89.60943222,78.21317911,1
00:45:15,3.26,3.260792,89.6035552,78.20366025,1
00:45:16,3.26,3.260791,89.59767818,78.19417715,1
00:45:17,3.26,3.260791,89.59180117,78.18468213,1
00:45:18,3.26,3.26079,89.58592415,78.17514539,1
00:45:19,3.26,3.26079,89.58004713,78.16562057,1
00:45:20,3.26,3.260789,89.57417011,78.15796137,1
00:45:21,3.26,3.260788,89.56829309,78.15147638,1
00:45:22,3.26,3.260787,89.56242,78.1452775,1
00:45:23,3.26,3.260787,89.55653906,78.13919783,1
00:45:24,3.26,3.260786,89.55066204,78.13318372,1
00:45:25,3.26,3.260786,89.54478502,78.12724113,1
00:45:26,3.26,3.260785,89.538908,78.12133431,1
00:45:27,3.26,3.260785,89.53303099,78.1154871,1
00:45:28,3.26,3.260784,89.52715397,78.10963988,1
00:45:29,3.26,3.260784,89.52127695,78.10389996,1
00:45:30,3.26,3.260784,89.51539993,78.09818387,1
00:45:31,3.26,3.260784,89.50952291,78.09251547,1
00:45:32,3.26,3.260783,89.5036459,78.08694243,1
00:45:33,3.26,3.260783,89.49776888,78.08138728,1
00:45:34,3.26,3.260782,89.49189186,78.07587981,1
00:45:35,3.26,3.260782,89.48601484,78.07043195,1
00:45:36,3.26,3.260786,89.48013783,78.06498408,1
00:45:37,3.26,3.260794,89.47426081,78.05964351,1
00:45:38,3.26,3.260798,89.46838,78.05436254,1
00:45:39,3.26,3.2608,89.46250677,78.0490756,1
00:45:40,3.26,3.260801,89.45662975,78.04385424,1
00:45:41,3.26,3.260801,89.45075274,78.0387044,1
00:45:42,3.26,3.260802,89.44487572,78.03359032,1
00:45:43,3.26,3.260802,89.4389987,78.02849412,1
00:45:44,3.26,3.260802,89.43312168,78.02348137,1
00:45:45,3.26,3.260802,89.42724466,78.01846862,1
00:45:46,3.26,3.260802,89.42136765,78.01352739,1
00:45:47,3.26,3.260803,89.41549063,78.00862193,1
00:45:48,3.26,3.260803,89.40961361,78.00377011,1
00:45:49,3.26,3.260803,89.40373659,77.9989779,1
00:45:50,3.26,3.260803,89.39785957,77.99421549,1
00:45:51,3.26,3.260803,89.39198256,77.98950076,1
00:45:52,3.26,3.260803,89.38610554,77.98480392,1
00:45:53,3.26,3.260803,89.38022852,77.98018456,1
00:45:54,3.26,3.260804,89.37435,77.97560692,1
00:45:55,3.26,3.260804,89.36847448,77.9710412,1
00:45:56,3.26,3.260804,89.36259747,77.96612382,1
00:45:57,3.26,3.260804,89.35672045,77.96015143,1
00:45:58,3.26,3.260805,89.35084343,77.95372605,1
00:45:59,3.26,3.260805,89.34496641,77.94704,1
00:46:00,3.26,3.260805,89.33908939,77.9401958,1
00:46:01,3.26,3.260806,89.33321238,77.9333353,1
00:46:02,3.26,3.260806,89.32733536,77.92643309,1
00:46:03,3.26,3.260806,89.32145834,77.91947126,1
00:46:04,3.26,3.260806,89.31558132,77.91255713,1
00:46:05,3.26,3.260807,89.3097043,77.90558934,1
00:46:06,3.26,3.260807,89.30382729,77.89866924,1
00:46:07,3.26,3.260807,89.29795027,77.8916955,1
00:46:08,3.26,3.260807,89.29207325,77.88476944,1
00:46:09,3.26,3.260808,89.28619623,77.8777957,1
00:46:10,3.26,3.260808,89.28032,77.87086964,1
00:46:11,3.26,3.260808,89.2744422,77.86388993,1
00:46:12,3.26,3.260808,89.26856518,77.85695791,1
00:46:13,3.26,3.260808,89.26268816,77.84997821,1
00:46:14,3.26,3.260808,89.25681114,77.84304619,1
00:46:15,3.26,3.260808,89.25093412,77.83606648,1
00:46:16,3.26,3.260809,89.24505711,77.82909274,1
00:46:17,3.26,3.260808,89.23918009,77.82216072,1
00:46:18,3.26,3.260809,89.23330307,77.81517506,1
00:46:19,3.26,3.260809,89.22742605,77.80823708,1
00:46:20,3.26,3.260809,89.22154903,77.80124545,1
00:46:21,3.26,3.260809,89.21567202,77.79430151,1
00:46:22,3.26,3.260809,89.209795,77.78730989,1
00:46:23,3.26,3.26081,89.20391798,77.78036594,1
00:46:24,3.26,3.26081,89.19804096,77.77337432,1
00:46:25,3.26,3.26081,89.19216394,77.76638865,1
00:46:26,3.26,3.26081,89.18629,77.75944471,1
00:46:27,3.26,3.26081,89.18040991,77.75244713,1
00:46:28,3.26,3.260811,89.17453289,77.74549723,1
00:46:29,3.26,3.260811,89.16865587,77.73849964,1
00:46:30,3.26,3.260811,89.16277885,77.73150802,1
00:46:31,3.26,3.260811,89.15690184,77.72455812,1
00:46:32,3.26,3.260811,89.15102482,77.71755457,1
00:46:33,3.26,3.260812,89.1451478,77.71059871,1
00:46:34,3.26,3.260812,89.13927078,77.7035892,1
00:46:35,3.26,3.260812,89.13339376,77.69659162,1
00:46:36,3.26,3.260812,89.12751675,77.68963575,1
00:46:37,3.26,3.260812,89.12163973,77.68262625,1
00:46:38,3.26,3.260812,89.11576271,77.67563,1
00:46:39,3.26,3.260813,89.10988569,77.6686728,1
00:46:40,3.26,3.260813,89.10400867,77.66165733,1
00:46:41,3.26,3.260813,89.09813166,77.65468955,1
00:46:42,3.26,3.260813,89.09225,77.64770985,1
00:46:43,3.26,3.260813,89.08637762,77.64068246,1
00:46:44,3.26,3.260813,89.0805006,77.63370872,1
00:46:45,3.26,3.260813,89.07462358,77.62668729,1
00:46:46,3.26,3.260814,89.06874657,77.61967778,1
00:46:47,3.26,3.260814,89.06286955,77.61271,1
00:46:48,3.26,3.260814,89.05699253,77.60568857,1
00:46:49,3.26,3.260814,89.05111551,77.59867311,1
00:46:50,3.26,3.260814,89.04523849,77.59169936,1
00:46:51,3.26,3.260815,89.03936148,77.58470774,1
00:46:52,3.26,3.260815,89.03348446,77.57767439,1
00:46:53,3.26,3.260815,89.02760744,77.57068872,1
00:46:54,3.26,3.260815,89.02173042,77.56369114,1
00:46:55,3.26,3.260815,89.0158534,77.55665183,1
00:46:56,3.26,3.260816,89.00997639,77.54966021,1
00:46:57,3.26,3.260816,89.00409937,77.54265666,1
00:46:58,3.26,3.260816,88.99822,77.53561139,1
00:46:59,3.26,3.260816,88.99234533,77.52857804,1
00:47:00,3.26,3.260816,88.98646832,77.52159238,1
00:47:01,3.26,3.260816,88.9805913,77.51455307,1
00:47:02,3.26,3.260816,88.97471428,77.50751972,1
00:47:03,3.26,3.260817,88.96883726,77.50049233,1
00:47:04,3.26,3.260817,88.96296024,77.49350667,1
00:47:05,3.26,3.260817,88.95708323,77.4864614,1
00:47:06,3.26,3.260818,88.95120621,77.47942805,1
00:47:08,3.26,3.260818,88.94532919,77.47243643,1
00:47:08,3.26,3.260818,88.93945217,77.46542692,1
00:47:09,3.26,3.260818,88.93357515,77.45836973,1
00:47:10,3.26,3.260818,88.92769814,77.45132,1
00:47:11,3.26,3.260818,88.92182112,77.44432092,1
00:47:12,3.26,3.260818,88.9159441,77.43730545,1
00:47:13,3.26,3.260818,88.91006708,77.4302423,1
00:47:14,3.26,3.260819,88.90419,77.42319107,1
00:47:15,3.26,3.260819,88.89831305,77.41618156,1
00:47:16,3.26,3.260819,88.89243603,77.40916014,1
00:47:17,3.26,3.260819,88.88655901,77.40209103,1
00:47:18,3.26,3.260819,88.88068199,77.39503384,1
00:47:19,3.26,3.26082,88.87480497,77.38798261,1
00:47:20,3.26,3.26082,88.86892796,77.3809731,1
00:47:21,3.26,3.26082,88.86305094,77.37394571,1
00:47:22,3.26,3.26082,88.85717392,77.36687064,1
00:47:23,3.26,3.26082,88.8512969,77.35980749,1
00:47:24,3.26,3.260821,88.84541988,77.3527503,1
00:47:25,3.26,3.260821,88.83954287,77.34573483,1
00:47:26,3.26,3.260821,88.83366585,77.33870149,1
00:47:27,3.26,3.260821,88.82778883,77.33162045,1
00:47:28,3.26,3.260821,88.82191181,77.32455134,1
00:47:29,3.26,3.260822,88.81603479,77.31748819,1
00:47:30,3.26,3.260822,88.81016,77.31042504,1
00:47:31,3.26,3.260822,88.80428076,77.30340362,1
00:47:32,3.26,3.260822,88.79840374,77.29636431,1
00:47:34,3.26,3.260822,88.79252672,77.28927135,1
00:47:35,3.26,3.260823,88.7866497,77.28219032,1
00:47:36,3.26,3.260823,88.78077269,77.27511525,1
00:47:36,3.26,3.260821,88.77489567,77.26804614,1
00:47:37,3.26,3.260818,88.76901865,77.26098299,1
00:47:38,3.26,3.260817,88.76314163,77.25396156,1
00:47:39,3.26,3.260816,88.75726461,77.24692225,1
00:47:40,3.26,3.260815,88.7513876,77.23983526,1
00:47:41,3.26,3.260815,88.74551058,77.23276019,1
00:47:42,3.26,3.260814,88.73963356,77.22569704,1
00:47:44,3.26,3.260814,88.73375654,77.21863389,1
00:47:44,3.26,3.260814,88.72787952,77.21161246,1
00:47:45,3.26,3.260813,88.72200251,77.20457315,1
00:47:46,3.26,3.260813,88.71613,77.19748616,1
00:47:48,3.26,3.260813,88.71024847,77.19041109,1
00:47:48,3.26,3.260812,88.70437145,77.18334,1
00:47:49,3.26,3.260812,88.69849443,77.17627883,1
00:47:50,3.26,3.260812,88.69261742,77.1692574,1
00:47:51,3.26,3.260812,88.6867404,77.16221809,1
00:47:52,3.26,3.260811,88.68086338,77.15516686,1
00:47:53,3.26,3.260811,88.67498636,77.14807391,1
00:47:54,3.26,3.26081,88.66910934,77.14099288,1
00:47:55,3.26,3.26081,88.66323233,77.13392377,1
00:47:57,3.26,3.26081,88.65735531,77.12685466,1
00:47:57,3.26,3.26081,88.65147829,77.11983,1
00:47:58,3.26,3.260809,88.64560127,77.112782,1
00:47:59,3.26,3.260809,88.63972425,77.10568905,1
00:48:01,3.26,3.260809,88.63384724,77.09861398,1
00:48:01,3.26,3.260808,88.62797022,77.09154487,1
00:48:02,3.26,3.260808,88.62209,77.08447576,1
00:48:03,3.26,3.260808,88.61621618,77.07740664,1
00:48:05,3.26,3.260807,88.61033916,77.07037926,1
00:48:06,3.26,3.260807,88.60446215,77.06333399,1
00:48:06,3.26,3.260807,88.59858513,77.05624104,1
00:48:07,3.26,3.260806,88.59270811,77.04916,1
00:48:08,3.26,3.260806,88.58683109,77.04208493,1
00:48:10,3.26,3.260806,88.58095407,77.03501582,1
00:48:10,3.26,3.260806,88.57507706,77.02794671,1
00:48:11,3.26,3.260805,88.56920004,77.02091932,1
00:48:12,3.26,3.260805,88.56332302,77.01387405,1
00:48:14,3.26,3.260804,88.557446,77.0067811,1
00:48:15,3.26,3.260804,88.55156898,76.99970007,1
00:48:15,3.26,3.260804,88.54569197,76.992625,1
00:48:16,3.26,3.260804,88.53981495,76.98555589,1
00:48:17,3.26,3.260803,88.53393793,76.97848678,1
00:48:19,3.26,3.260803,88.52806,76.97145939,1
00:48:19,3.26,3.260803,88.5221839,76.96440816,1
00:48:20,3.26,3.260802,88.51630688,76.95735097,1
00:48:21,3.26,3.260802,88.51042986,76.95025206,1
00:48:23,3.26,3.260801,88.50455284,76.94316506,1
00:48:24,3.26,3.260802,88.49867582,76.93608999,1
00:48:24,3.26,3.260801,88.49279881,76.92901492,1
00:48:25,3.26,3.260801,88.48692179,76.92198157,1
00:48:27,3.26,3.2608,88.48104477,76.91493034,1
00:48:28,3.26,3.2608,88.47516775,76.90787315,1
00:48:28,3.26,3.2608,88.46929073,76.90076828,1
00:48:29,3.26,3.260799,88.46341372,76.89368129,1
00:48:31,3.26,3.260799,88.4575367,76.88660026,1
00:48:32,3.26,3.260799,88.45165968,76.87952518,1
00:48:32,3.26,3.260799,88.44578266,76.87245011,1
00:48:33,3.26,3.260798,88.43990564,76.86541677,1
00:48:35,3.26,3.260798,88.43403,76.85836554,1
00:48:36,3.26,3.260798,88.42815161,76.85130239,1
00:48:37,3.26,3.260797,88.42227459,76.84419751,1
00:48:37,3.26,3.260797,88.41639757,76.83711052,1
00:48:38,3.26,3.260797,88.41052055,76.83002949,1
00:48:40,3.26,3.260797,88.40464354,76.82295442,1
00:48:41,3.26,3.260796,88.39876652,76.81587934,1
00:48:41,3.26,3.260796,88.3928895,76.80880427,1
00:48:42,3.26,3.260795,88.38701248,76.80177093,1
00:48:44,3.26,3.260795,88.38113546,76.7947197,1
00:48:45,3.26,3.260795,88.37525845,76.78765655,1
00:48:46,3.26,3.260794,88.36938143,76.78055167,1
00:48:46,3.26,3.260794,88.36350441,76.77345872,1
00:48:48,3.26,3.260794,88.35762739,76.76637769,1
00:48:49,3.26,3.260794,88.35175037,76.75929666,1
00:48:50,3.26,3.260793,88.34587336,76.75222158,1
00:48:50,3.26,3.260793,88.34,76.74518228,1
00:48:52,3.26,3.260792,88.33411932,76.73812509,1
00:48:53,3.26,3.260792,88.3282423,76.73106194,1
00:48:54,3.26,3.260792,88.32236528,76.7239511,1
00:48:55,3.26,3.260792,88.31648827,76.71685815,1
00:48:55,3.26,3.260791,88.31061125,76.70977116,1
00:48:57,3.26,3.260791,88.30473423,76.70269,1
00:48:58,3.26,3.260791,88.29885721,76.69560909,1
00:48:59,3.26,3.26079,88.29298019,76.68852806,1
00:48:59,3.26,3.26079,88.28710318,76.68148875,1
00:49:01,3.26,3.26079,88.28122616,76.67443156,1
00:49:02,3.26,3.260789,88.27534914,76.66736245,1
00:49:03,3.26,3.260789,88.26947212,76.66029334,1
00:49:03,3.26,3.260789,88.2635951,76.65318251,1
00:49:05,3.26,3.260788,88.25771809,76.64608359,1
00:49:06,3.26,3.260788,88.25184107,76.6389966,1
00:49:07,3.26,3.260788,88.24596,76.63191557,1
00:49:08,3.26,3.260788,88.24008703,76.62483454,1
00:49:08,3.26,3.260787,88.23421001,76.61775351,1
00:49:10,3.26,3.260787,88.228333,76.6107142,1
00:49:11,3.26,3.260787,88.22245598,76.60365701,1
00:49:12,3.26,3.260786,88.21657896,76.5965879,1
00:49:12,3.26,3.260786,88.21070194,76.58947706,1
00:49:14,3.26,3.260786,88.20482492,76.58237815,1
00:49:15,3.26,3.260785,88.19894791,76.57529116,1
00:49:16,3.26,3.260785,88.19307089,76.56820416,1
00:49:17,3.26,3.260784,88.18719387,76.56112313,1
00:49:18,3.26,3.260784,88.18131685,76.5540421,1
00:49:19,3.26,3.260784,88.17543983,76.54696107,1
00:49:20,3.26,3.260784,88.16956282,76.5399158,1
00:49:21,3.26,3.260783,88.1636858,76.53285265,1
00:49:22,3.26,3.260783,88.15780878,76.52578354,1
00:49:23,3.26,3.260783,88.15193,76.51870847,1
00:49:24,3.26,3.260782,88.14605474,76.51159167,1
00:49:25,3.26,3.260782,88.14017773,76.50449276,1
00:49:26,3.26,3.260782,88.13430071,76.49739981,1
00:49:27,3.26,3.260782,88.12842369,76.49031281,1
00:49:28,3.26,3.260781,88.12254667,76.48322582,1
00:49:29,3.26,3.260781,88.11666965,76.47613883,1
00:49:30,3.26,3.260781,88.11079264,76.46905184,1
00:49:31,3.26,3.26078,88.10491562,76.46200657,1
00:49:32,3.26,3.26078,88.0990386,76.45494342,1
00:49:33,3.26,3.260779,88.09316158,76.44787,1
00:49:34,3.26,3.260779,88.08728456,76.44078732,1
00:49:35,3.26,3.260779,88.08140755,76.43366456,1
00:49:36,3.26,3.260779,88.07553053,76.42655969,1
00:49:37,3.26,3.260778,88.06965351,76.41946673,1
00:49:38,3.26,3.260778,88.06377649,76.41237974,1
00:49:39,3.26,3.260777,88.0579,76.40529275,1
00:49:40,3.26,3.260777,88.05202246,76.39820576,1
00:49:41,3.26,3.260777,88.04614544,76.39111876,1
00:49:42,3.26,3.260777,88.04026842,76.38403177,1
00:49:43,3.26,3.260776,88.0343914,76.3769865,1
00:49:44,3.26,3.260776,88.02851439,76.36991739,1
00:49:45,3.26,3.260776,88.02263737,76.36284232,1
00:49:46,3.26,3.260775,88.01676035,76.35576129,1
00:49:47,3.26,3.260775,88.01088333,76.34863853,1
00:49:48,3.26,3.260775,88.00500631,76.34157538,1
00:49:49,3.26,3.260774,87.9991293,76.33445859,1
00:49:50,3.26,3.260774,87.99325228,76.32735968,1
00:49:51,3.26,3.260774,87.98737526,76.32027,1
00:49:52,3.26,3.260773,87.98149824,76.31317377,1
00:49:53,3.26,3.260773,87.97562122,76.30608082,1
00:49:54,3.26,3.260773,87.96974421,76.29899383,1
00:49:55,3.26,3.260772,87.96387,76.29190683,1
00:49:56,3.26,3.260772,87.95799017,76.2848556,1
00:49:57,3.26,3.260772,87.95211315,76.27778649,1
00:49:58,3.26,3.260772,87.94623613,76.27070546,1
00:49:59,3.26,3.260771,87.94035912,76.26362443,1
00:50:00,3.26,3.260771,87.9344821,76.25653744,1
00:50:01,3.26,3.260771,87.92860508,76.24940872,1
00:50:02,3.26,3.26077,87.92272806,76.24229789,1
00:50:03,3.26,3.26077,87.91685104,76.2352,1
00:50:04,3.26,3.26077,87.91097403,76.22810602,1
00:50:05,3.26,3.260769,87.90509701,76.22101307,1
00:50:06,3.26,3.260769,87.89921999,76.21392012,1
00:50:07,3.26,3.260769,87.89334297,76.20682716,1
00:50:08,3.26,3.260768,87.88746595,76.19973421,1
00:50:09,3.26,3.260768,87.88158894,76.19264126,1
00:50:10,3.26,3.260768,87.87571192,76.18554831,1
00:50:11,3.26,3.260767,87.86983,76.17849708,1
00:50:12,3.26,3.260767,87.86395788,76.17142797,1
00:50:13,3.26,3.260767,87.85808086,76.16434693,1
00:50:14,3.26,3.260767,87.85220385,76.15725994,1
00:50:15,3.26,3.260766,87.84632683,76.15017295,1
00:50:16,3.26,3.260766,87.84044981,76.14304423,1
00:50:17,3.26,3.260765,87.83457279,76.13597512,1
00:50:18,3.26,3.260765,87.82869577,76.12885237,1
00:50:19,3.26,3.260765,87.82281876,76.12174749,1
00:50:20,3.26,3.260764,87.81694174,76.11464858,1
00:50:21,3.26,3.260764,87.81106472,76.10754967,1
00:50:22,3.26,3.260764,87.8051877,76.10045671,1
00:50:23,3.26,3.260764,87.79931068,76.09336376,1
00:50:24,3.26,3.260763,87.79343367,76.08627081,1
00:50:25,3.26,3.260763,87.78755665,76.07918,1
00:50:26,3.26,3.260763,87.78167963,76.0720849,1
00:50:27,3.26,3.260762,87.7758,76.06502771,1
00:50:28,3.26,3.260762,87.76992559,76.05795264,1
00:50:29,3.26,3.260761,87.76404858,76.05087161,1
00:50:30,3.26,3.260761,87.75817156,76.04378462,1
00:50:31,3.26,3.260761,87.75229454,76.03669167,1
00:50:32,3.26,3.260761,87.74641752,76.02959871,1
00:50:33,3.26,3.26076,87.7405405,76.02246404,1
00:50:34,3.26,3.26076,87.73466349,76.01538897,1
00:50:35,3.26,3.26076,87.72878647,76.00826621,1
00:50:36,3.26,3.260759,87.72290945,76.00115538,1
00:50:37,3.26,3.260759,87.71703243,75.9940505,1
00:50:38,3.26,3.260759,87.71115541,75.98695159,1
00:50:39,3.26,3.260758,87.7052784,75.97985268,1
00:50:40,3.26,3.260758,87.69940138,75.97275376,1
00:50:41,3.26,3.260758,87.69352436,75.96565485,1
00:50:42,3.26,3.260758,87.68764734,75.95855594,1
00:50:43,3.26,3.260757,87.68177,75.95145702,1
00:50:44,3.26,3.260757,87.67589331,75.94435811,1
00:50:45,3.26,3.260756,87.67001629,75.9372592,1
00:50:46,3.26,3.260756,87.66413927,75.93016028,1
00:50:47,3.26,3.260756,87.65826225,75.92306137,1
00:50:48,3.26,3.260756,87.65238523,75.91600418,1
00:50:49,3.26,3.260755,87.64650822,75.90892911,1
00:50:50,3.26,3.260755,87.6406312,75.90184212,1
00:50:51,3.26,3.260754,87.63475418,75.89474916,1
00:50:52,3.26,3.260754,87.62887716,75.88765621,1
00:50:53,3.26,3.260754,87.62300014,75.88056326,1
00:50:54,3.26,3.260754,87.61712313,75.87342858,1
00:50:55,3.26,3.260753,87.61124611,75.86635351,1
00:50:56,3.26,3.260753,87.60536909,75.8592248,1
00:50:57,3.26,3.260753,87.59949207,75.85211396,1
00:50:58,3.26,3.260752,87.59361506,75.84500909,1
00:50:59,3.26,3.260752,87.58774,75.83790421,1
00:51:00,3.26,3.260752,87.58186102,75.8308053,1
00:51:01,3.26,3.260751,87.575984,75.82370639,1
00:51:02,3.26,3.260751,87.57010698,75.81660748,1
00:51:03,3.26,3.260751,87.56422997,75.80950856,1
00:51:04,3.26,3.260751,87.55835295,75.80240965,1
00:51:05,3.26,3.26075,87.55247593,75.79531074,1
00:51:06,3.26,3.26075,87.54659891,75.78821182,1
00:51:07,3.26,3.260749,87.54072189,75.78111291,1
00:51:08,3.26,3.260749,87.53484488,75.774014,1
00:51:09,3.26,3.260749,87.52896786,75.76691508,1
00:51:10,3.26,3.260748,87.52309084,75.75985193,1
00:51:11,3.26,3.260748,87.51721382,75.7527709,1
00:51:12,3.26,3.260748,87.5113368,75.74567795,1
00:51:13,3.26,3.260747,87.50545979,75.738585,1
00:51:14,3.26,3.260747,87.49958277,75.73148608,1
00:51:15,3.26,3.260747,87.49371,75.72438717,1
00:51:16,3.26,3.260746,87.48782873,75.71728826,1
00:51:17,3.26,3.260746,87.48195171,75.71018934,1
00:51:18,3.26,3.260746,87.4760747,75.70305,1
00:51:19,3.26,3.260746,87.47019768,75.69596767,1
00:51:20,3.26,3.260745,87.46432066,75.68883896,1
00:51:21,3.26,3.260745,87.45844364,75.68176389,1
00:51:22,3.26,3.260745,87.45256662,75.67463517,1
00:51:23,3.26,3.260744,87.44668961,75.66751838,1
00:51:24,3.26,3.260744,87.44081259,75.66040754,1
00:51:25,3.26,3.260744,87.43493557,75.65330267,1
00:51:26,3.26,3.260743,87.42905855,75.6461978,1
00:51:27,3.26,3.260743,87.42318153,75.63909292,1
00:51:28,3.26,3.260743,87.41730452,75.63198805,1
00:51:29,3.26,3.260742,87.4114275,75.62488317,1
00:51:30,3.26,3.260742,87.40555048,75.6177783,1
00:51:31,3.26,3.260742,87.39967,75.61067343,1
00:51:32,3.26,3.260741,87.39379644,75.60356855,1
00:51:33,3.26,3.260741,87.38791943,75.59646368,1
00:51:34,3.26,3.260741,87.38204241,75.58935881,1
00:51:35,3.26,3.26074,87.37616539,75.58225393,1
00:51:36,3.26,3.26074,87.37028837,75.57514906,1
00:51:37,3.26,3.26074,87.36441135,75.56804419,1
00:51:38,3.26,3.260739,87.35853434,75.56093931,1
00:51:39,3.26,3.260739,87.35265732,75.55383444,1
00:51:40,3.26,3.260739,87.3467803,75.54672956,1
00:51:41,3.26,3.260739,87.34090328,75.53962469,1
00:51:42,3.26,3.260738,87.33502626,75.53251982,1
00:51:43,3.26,3.260738,87.32914925,75.52545667,1
00:51:44,3.26,3.260737,87.32327223,75.51836967,1
00:51:45,3.26,3.260737,87.31739521,75.51127672,1
00:51:46,3.26,3.260737,87.31151819,75.50417781,1
00:51:47,3.26,3.260736,87.30564,75.4970789,1
00:51:48,3.26,3.260736,87.29976416,75.48997402,1
00:51:49,3.26,3.260736,87.29388714,75.48286915,1
00:51:50,3.26,3.260735,87.28801012,75.47576427,1
00:51:51,3.26,3.260735,87.2821331,75.4686594,1
00:51:52,3.26,3.260735,87.27625608,75.46155453,1
00:51:53,3.26,3.260735,87.27037907,75.45444965,1
00:51:54,3.26,3.260734,87.26450205,75.44734478,1
00:51:55,3.26,3.260734,87.25862503,75.44019818,1
00:51:56,3.26,3.260734,87.25274801,75.43311119,1
00:51:57,3.26,3.260733,87.24687099,75.42601824,1
00:51:58,3.26,3.260733,87.24099398,75.4188776,1
00:51:59,3.26,3.260733,87.23511696,75.4118,1
00:52:00,3.26,3.260732,87.22923994,75.40466189,1
00:52:01,3.26,3.260732,87.22336292,75.39758086,1
00:52:02,3.26,3.260732,87.2174859,75.39044619,1
00:52:03,3.26,3.260731,87.21161,75.38332343,1
00:52:04,3.26,3.260731,87.20573187,75.37624836,1
00:52:05,3.26,3.260731,87.19985485,75.36911964,1
00:52:06,3.26,3.26073,87.19397783,75.36200285,1
00:52:07,3.26,3.26073,87.18810081,75.35489202,1
00:52:08,3.26,3.26073,87.1822238,75.34778118,1
00:52:09,3.26,3.26073,87.17634678,75.34067035,1
00:52:10,3.26,3.260729,87.17046976,75.33355951,1
00:52:11,3.26,3.260729,87.16459274,75.32644868,1
00:52:12,3.26,3.260728,87.15871572,75.31933784,1
00:52:13,3.26,3.260728,87.15283871,75.31222701,1
00:52:14,3.26,3.260728,87.14696169,75.30511618,1
00:52:15,3.26,3.260728,87.14108467,75.29800534,1
00:52:16,3.26,3.260727,87.13520765,75.29089451,1
00:52:17,3.26,3.260727,87.12933064,75.28378367,1
00:52:18,3.26,3.260726,87.12345362,75.27667284,1
00:52:19,3.26,3.260726,87.11758,75.26956201,1
00:52:20,3.26,3.260726,87.11169958,75.26245,1
00:52:21,3.26,3.260725,87.10582256,75.25534034,1
00:52:22,3.26,3.260725,87.09994555,75.2482295,1
00:52:23,3.26,3.260725,87.09406853,75.24111867,1
00:52:24,3.26,3.260725,87.08819151,75.23400784,1
00:52:25,3.26,3.260724,87.08231449,75.226897,1
00:52:26,3.26,3.260724,87.07643747,75.21978617,1
00:52:27,3.26,3.260724,87.07056046,75.21267533,1
00:52:28,3.26,3.260723,87.06468344,75.2055645,1
00:52:29,3.26,3.260723,87.05880642,75.19845366,1
00:52:30,3.26,3.260723,87.0529294,75.19134283,1
00:52:31,3.26,3.260722,87.04705238,75.184232,1
00:52:32,3.26,3.260722,87.04117537,75.17712116,1
00:52:33,3.26,3.260722,87.03529835,75.17001033,1
00:52:34,3.26,3.260721,87.02942133,75.16289949,1
00:52:35,3.26,3.260721,87.02354,75.15578866,1
00:52:36,3.26,3.260721,87.01766729,75.14867783,1
00:52:37,3.26,3.26072,87.01179028,75.14156699,1
00:52:38,3.26,3.26072,87.00591326,75.13445616,1
00:52:39,3.26,3.26072,87.00003624,75.12734532,1
00:52:40,3.26,3.26072,86.99415922,75.12023449,1
00:52:41,3.26,3.260719,86.9882822,75.11312366,1
00:52:42,3.26,3.260719,86.98240519,75.10601282,1
00:52:43,3.26,3.260718,86.97652817,75.09890199,1
00:52:44,3.26,3.260718,86.97065115,75.09179115,1
00:52:45,3.26,3.260718,86.96477413,75.08468032,1
00:52:46,3.26,3.260717,86.95889711,75.07756948,1
00:52:47,3.26,3.260717,86.9530201,75.07045865,1
00:52:48,3.26,3.260717,86.94714308,75.06334782,1
00:52:49,3.26,3.260716,86.94126606,75.05623698,1
00:52:50,3.26,3.260716,86.93538904,75.04912615,1
00:52:51,3.26,3.260716,86.92951,75.04201531,1
00:52:52,3.26,3.260715,86.92363501,75.0349,1
00:52:53,3.26,3.260715,86.91775799,75.02779365,1
00:52:54,3.26,3.260715,86.91188097,75.02068281,1
00:52:55,3.26,3.260714,86.90600395,75.01357198,1
00:52:56,3.26,3.260714,86.90012693,75.00646114,1
00:52:57,3.26,3.260714,86.89424992,74.99935031,1
00:52:58,3.26,3.260714,86.8883729,74.99223948,1
00:52:59,3.26,3.260713,86.88249588,74.98512864,1
00:53:00,3.26,3.260713,86.87661886,74.97801781,1
00:53:01,3.26,3.260713,86.87074184,74.97090697,1
00:53:02,3.26,3.260712,86.86486483,74.96379614,1
00:53:03,3.26,3.260712,86.85898781,74.9566853,1
00:53:04,3.26,3.260712,86.85311079,74.94957447,1
00:53:05,3.26,3.260711,86.84723377,74.94246364,1
00:53:06,3.26,3.260711,86.84135675,74.9353528,1
00:53:07,3.26,3.260711,86.83548,74.92824197,1
00:53:08,3.26,3.26071,86.82960272,74.92113113,1
00:53:09,3.26,3.26071,86.8237257,74.9140203,1
00:53:10,3.26,3.26071,86.81784868,74.90690947,1
00:53:11,3.26,3.260709,86.81197166,74.89979863,1
00:53:12,3.26,3.260709,86.80609465,74.8926878,1
00:53:13,3.26,3.260709,86.80021763,74.88557696,1
00:53:14,3.26,3.260708,86.79434061,74.87846613,1
00:53:15,3.26,3.260708,86.78846359,74.8713553,1
00:53:16,3.26,3.260708,86.78258657,74.86424446,1
00:53:17,3.26,3.260707,86.77670956,74.85713363,1
00:53:18,3.26,3.260707,86.77083254,74.85002279,1
00:53:19,3.26,3.260707,86.76495552,74.84294772,1
00:53:20,3.26,3.260706,86.7590785,74.83585477,1
00:53:21,3.26,3.260706,86.75320148,74.82875586,1
00:53:22,3.26,3.260705,86.74732447,74.82165098,1
00:53:23,3.26,3.260705,86.74145,74.81454015,1
00:53:24,3.26,3.260705,86.73557043,74.80742931,1
00:53:25,3.26,3.260705,86.72969341,74.80031848,1
00:53:26,3.26,3.260705,86.72381639,74.79320765,1
00:53:27,3.26,3.260704,86.71793938,74.78609681,1
00:53:28,3.26,3.260704,86.71206236,74.77898598,1
00:53:29,3.26,3.260703,86.70618534,74.77187514,1
00:53:30,3.26,3.260703,86.70030832,74.76476431,1
00:53:31,3.26,3.260703,86.6944313,74.75765347,1
00:53:32,3.26,3.260703,86.68855429,74.75054264,1
00:53:33,3.26,3.260702,86.68267727,74.74343181,1
00:53:34,3.26,3.260702,86.67680025,74.73632097,1
00:53:35,3.26,3.260701,86.67092323,74.72921014,1
00:53:36,3.26,3.260701,86.66504622,74.7221,1
00:53:37,3.26,3.260701,86.6591692,74.71498847,1
00:53:38,3.26,3.2607,86.65329218,74.70787764,1
00:53:39,3.26,3.2607,86.64742,74.7007668,1
00:53:40,3.26,3.2607,86.64153814,74.69365597,1
00:53:41,3.26,3.2607,86.63566113,74.68654513,1
00:53:42,3.26,3.260699,86.62978411,74.6794343,1
00:53:43,3.26,3.260699,86.62390709,74.67232347,1
00:53:44,3.26,3.260699,86.61803007,74.66521263,1
00:53:45,3.26,3.260698,86.61215305,74.6581018,1
00:53:46,3.26,3.260698,86.60627604,74.65099096,1
00:53:47,3.26,3.260697,86.60039902,74.64388013,1
00:53:48,3.26,3.260697,86.594522,74.63676929,1
00:53:49,3.26,3.260697,86.58864498,74.62965846,1
00:53:50,3.26,3.260697,86.58276796,74.62254763,1
00:53:51,3.26,3.260696,86.57689095,74.61543679,1
00:53:52,3.26,3.260696,86.57101393,74.60832596,1
00:53:53,3.26,3.260696,86.56513691,74.60121512,1
00:53:54,3.26,3.260695,86.55925989,74.59410429,1
00:53:55,3.26,3.260695,86.55338,74.58699346,1
00:53:56,3.26,3.260695,86.54750586,74.57988262,1
00:53:57,3.26,3.260694,86.54162884,74.57277179,1
00:53:58,3.26,3.260694,86.53575182,74.56566095,1
00:53:59,3.26,3.260694,86.5298748,74.55855012,1
00:54:00,3.26,3.260693,86.52399778,74.55143929,1
00:54:01,3.26,3.260693,86.51812077,74.54432845,1
00:54:02,3.26,3.260693,86.51224375,74.53721762,1
00:54:03,3.26,3.260692,86.50636673,74.53010678,1
00:54:04,3.258999,3.260692,86.50048971,74.52120781,1
00:54:05,3.26,3.260212,86.49461269,74.51494932,1
00:54:06,3.26,3.260454,86.48873568,74.50823188,1
00:54:07,3.26,3.260574,86.48285866,74.50131178,1
00:54:08,3.26,3.260632,86.47698164,74.49433208,1
00:54:09,3.26,3.260662,86.47110462,74.48724508,1
00:54:10,3.26,3.260676,86.4652276,74.48014617,1
00:54:11,3.26,3.260683,86.45935,74.47303534,1
00:54:12,3.26,3.260686,86.45347357,74.4659245,1
00:54:13,3.26,3.260687,86.44759655,74.45880771,1
00:54:14,3.26,3.260688,86.44171953,74.45169091,1
00:54:15,3.26,3.260688,86.43584251,74.44457412,1
00:54:16,3.26,3.260688,86.4299655,74.43745732,1
00:54:17,3.26,3.260688,86.42408848,74.43034053,1
00:54:18,3.26,3.260687,86.41821146,74.42322373,1
00:54:19,3.26,3.260687,86.41233444,74.41610694,1
00:54:20,3.26,3.260687,86.40645742,74.40899014,1
00:54:21,3.26,3.260686,86.40058041,74.40187335,1
00:54:22,3.26,3.260686,86.39470339,74.39475656,1
00:54:23,3.26,3.260686,86.38882637,74.38763976,1
00:54:24,3.26,3.260685,86.38294935,74.38052297,1
00:54:25,3.26,3.260685,86.37707233,74.37340617,1
00:54:26,3.258999,3.260685,86.37119532,74.36448336,1
00:54:27,3.26,3.260205,86.36532,74.35824871,1
00:54:28,3.26,3.260447,86.35944128,74.35157895,1
00:54:29,3.26,3.260566,86.35356426,74.34468269,1
00:54:30,3.26,3.260625,86.34768724,74.33767915,1
00:54:31,3.26,3.260654,86.34181023,74.33062196,1
00:54:32,3.26,3.260669,86.33593321,74.32353497,1
00:54:33,3.258999,3.260675,86.33005619,74.31452274,1
00:54:34,3.26,3.260199,86.32417917,74.30827618,1
00:54:35,3.26,3.260443,86.31830215,74.30158854,1
00:54:36,3.26,3.260563,86.31242514,74.29468632,1
00:54:37,3.26,3.260623,86.30654812,74.28771257,1
00:54:38,3.26,3.260652,86.3006711,74.28063154,1
00:54:39,3.26,3.260666,86.29479408,74.27353263,1
00:54:40,3.26,3.260673,86.28891706,74.26642776,1
00:54:41,3.26,3.260676,86.28304005,74.25931692,1
00:54:42,3.26,3.260678,86.27716303,74.25224185,1
00:54:43,3.26,3.260678,86.27129,74.2451489,1
00:54:44,3.26,3.260678,86.26540899,74.23804402,1
00:54:45,3.26,3.260678,86.25953197,74.23093319,1
00:54:46,3.26,3.260678,86.25365496,74.22382236,1
00:54:47,3.26,3.260678,86.24777794,74.21671152,1
00:54:48,3.26,3.260678,86.24190092,74.20960069,1
00:54:49,3.26,3.260677,86.2360239,74.20248985,1
00:54:50,3.26,3.260677,86.23014688,74.19537902,1
00:54:51,3.26,3.260677,86.22426987,74.18826818,1
00:54:52,3.26,3.260676,86.21839285,74.18115735,1
00:54:53,3.258999,3.260676,86.21251583,74.17221,1
00:54:54,3.26,3.260196,86.20663881,74.16596413,1
00:54:55,3.26,3.260438,86.2007618,74.15930033,1
00:54:56,3.26,3.260557,86.19488478,74.15237,1
00:54:57,3.258999,3.260616,86.18900776,74.14358854,1
00:54:58,3.26,3.260166,86.18313074,74.13740754,1
00:54:59,3.26,3.260422,86.17725,74.13076162,1
00:55:00,3.26,3.260549,86.17137671,74.12387729,1
00:55:01,3.26,3.260612,86.16549969,74.1168797,1
00:55:02,3.26,3.260643,86.15962267,74.10982251,1
00:55:03,3.26,3.260658,86.15374565,74.10269976,1
00:55:04,3.26,3.260665,86.14786863,74.095577,1
00:55:05,3.26,3.260668,86.14199162,74.08846021,1
00:55:06,3.258999,3.260669,86.1361146,74.07948971,1
00:55:07,3.258999,3.260191,86.13023758,74.07147884,1
00:55:08,3.26,3.259953,86.12436056,74.06568527,1
00:55:09,3.26,3.260316,86.11848354,74.05923009,1
00:55:10,3.26,3.260494,86.11260653,74.05244708,1
00:55:11,3.26,3.260583,86.10672951,74.04549718,1
00:55:12,3.26,3.260627,86.10085249,74.03842807,1
00:55:13,3.26,3.260648,86.09497547,74.03133512,1
00:55:14,3.26,3.260659,86.08909845,74.02423024,1
00:55:15,3.258999,3.260663,86.08322,74.01525974,1
00:55:16,3.26,3.260186,86.07734442,74.00904894,1
00:55:17,3.258999,3.260429,86.0714674,74.00056124,1
00:55:18,3.26,3.26007,86.06559038,73.99455309,1
00:55:19,3.26,3.260371,86.05971336,73.98799062,1
00:55:20,3.26,3.260521,86.05383635,73.9811182,1
00:55:21,3.26,3.260594,86.04795933,73.97412062,1
00:55:22,3.26,3.260631,86.04208231,73.96706343,1
00:55:23,3.258999,3.260648,86.03620529,73.95821,1
00:55:24,3.26,3.260177,86.03032827,73.95200729,1
00:55:25,3.258999,3.260423,86.02445126,73.94341826,1
00:55:26,3.258999,3.260066,86.01857424,73.93559813,1
00:55:27,3.26,3.259889,86.01269722,73.92992377,1
00:55:28,3.26,3.26028,86.0068202,73.92352819,1
00:55:29,3.26,3.260474,86.00094318,73.91674519,1
00:55:30,3.258999,3.26057,85.99506617,73.90789986,1
00:55:31,3.26,3.260137,85.98919,73.9017725,1
00:55:32,3.26,3.260403,85.98331213,73.89515638,1
00:55:33,3.258999,3.260534,85.97743511,73.88634086,1
00:55:34,3.258999,3.260119,85.97155809,73.87834787,1
00:55:35,3.26,3.259913,85.96568108,73.87262583,1
00:55:36,3.26,3.260291,85.95980406,73.86621237,1
00:55:37,3.258999,3.260478,85.95392704,73.85758758,1
00:55:38,3.258999,3.260091,85.94805002,73.84961247,1
00:55:39,3.26,3.259899,85.942173,73.84392023,1
00:55:40,3.26,3.260283,85.93629599,73.83750081,1
00:55:41,3.26,3.260473,85.93041897,73.83072376,1
00:55:42,3.26,3.260567,85.92454195,73.82377386,1
00:55:43,3.26,3.260614,85.91866493,73.81677628,1
00:55:44,3.26,3.260636,85.91278791,73.80972505,1
00:55:45,3.26,3.260648,85.9069109,73.80260229,1
00:55:46,3.258999,3.260653,85.90103388,73.79358411,1
00:55:47,3.26,3.260176,85.89516,73.7873733,1
00:55:48,3.258999,3.260419,85.88927984,73.77882004,1
00:55:49,3.26,3.26006,85.88340282,73.77283573,1
00:55:50,3.258999,3.260361,85.87752581,73.76435399,1
00:55:51,3.258999,3.260031,85.87164879,73.75651598,1
00:55:52,3.26,3.259867,85.86577177,73.7508893,1
00:55:53,3.258999,3.260266,85.85989475,73.74262214,1
00:55:54,3.258999,3.259983,85.85401773,73.73494506,1
00:55:55,3.26,3.259843,85.84814072,73.72936606,1
00:55:56,3.258999,3.260253,85.8422637,73.72118235,1
00:55:57,3.258999,3.259976,85.83638668,73.71348143,1
00:55:58,3.26,3.259839,85.83050966,73.70790839,1
00:55:59,3.258999,3.260251,85.82463264,73.69967699,1
00:56:00,3.258999,3.259974,85.81875563,73.69189858,1
00:56:01,3.26,3.259838,85.81287861,73.68633151,1
00:56:02,3.26,3.26025,85.80700159,73.67999554,1
00:56:03,3.26,3.260453,85.80112,73.67324233,1
00:56:04,3.26,3.260554,85.79524755,73.66630435,1
00:56:05,3.26,3.260603,85.78937054,73.65931273,1
00:56:06,3.258999,3.260628,85.78349352,73.65029454,1
00:56:07,3.26,3.26016,85.7776165,73.64411354,1
00:56:08,3.26,3.260408,85.77173948,73.63746166,1
00:56:09,3.26,3.26053,85.76586246,73.63060713,1
00:56:10,3.26,3.260591,85.75998545,73.62359166,1
00:56:11,3.26,3.260621,85.75410843,73.61656427,1
00:56:12,3.258999,3.260635,85.74823141,73.60761762,1
00:56:13,3.258999,3.260163,85.74235439,73.59946966,1
00:56:14,3.26,3.259929,85.73647738,73.59372973,1
00:56:15,3.258999,3.260292,85.73060036,73.58537316,1
00:56:16,3.258999,3.259992,85.72472334,73.57766032,1
00:56:17,3.258999,3.259844,85.71884632,73.57019782,1
00:56:18,3.258999,3.25977,85.7129693,73.56286049,1
00:56:19,3.258999,3.259734,85.70709,73.55554104,1
00:56:20,3.26,3.259715,85.70121527,73.5501945,1
00:56:21,3.258999,3.260185,85.69533825,73.54207635,1
00:56:22,3.26,3.259939,85.68946123,73.53631854,1
00:56:23,3.258999,3.260296,85.68358421,73.52797389,1
00:56:24,3.258999,3.259993,85.6777072,73.52014184,1
00:56:25,3.26,3.259843,85.67183018,73.51456881,1
00:56:26,3.258999,3.260248,85.66595316,73.50636125,1
00:56:27,3.258999,3.259969,85.66007614,73.49859476,1
00:56:28,3.26,3.25983,85.65419912,73.49303365,1
00:56:29,3.258999,3.260241,85.64832211,73.48473072,1
00:56:30,3.26,3.259965,85.64244509,73.47891927,1
00:56:31,3.258999,3.260307,85.63656807,73.47047925,1
00:56:32,3.258999,3.259997,85.63069105,73.46273065,1
00:56:33,3.258999,3.259844,85.62481403,73.45525026,1
00:56:34,3.258999,3.259767,85.61893702,73.44790697,1
00:56:35,3.258999,3.25973,85.61306,73.44062924,1
00:56:36,3.26,3.259711,85.60718298,73.43532443,1
00:56:37,3.258999,3.26018,85.60130596,73.42721224,1
00:56:38,3.258999,3.259933,85.59542894,73.41955304,1
00:56:39,3.258999,3.259811,85.58955193,73.41207266,1
00:56:40,3.258999,3.25975,85.58367491,73.40472937,1
00:56:41,3.258999,3.25972,85.57779789,73.39745164,1
00:56:42,3.26,3.259705,85.57192087,73.39212894,1
00:56:43,3.26,3.260177,85.56604385,73.38590622,1
00:56:44,3.258999,3.26041,85.56016684,73.37737083,1
00:56:45,3.258999,3.260046,85.55428982,73.36949706,1
00:56:46,3.258999,3.259866,85.5484128,73.36190343,1
00:56:47,3.258999,3.259776,85.54253578,73.35455418,1
00:56:48,3.258999,3.259732,85.53665876,73.34722877,1
00:56:49,3.26,3.259709,85.53078175,73.34190011,1
00:56:50,3.258999,3.260178,85.52490473,73.33377004,1
00:56:51,3.258999,3.25993,85.51903,73.32610488,1
00:56:52,3.258999,3.259807,85.51315069,73.31861854,1
00:56:53,3.258999,3.259746,85.50727367,73.31127524,1
00:56:54,3.258999,3.259716,85.50139666,73.3040452,1
00:56:55,3.258999,3.2597,85.49551964,73.29678535,1
00:56:56,3.258999,3.259693,85.48964262,73.28959107,1
00:56:57,3.258999,3.259689,85.4837656,73.28234911,1
00:56:58,3.258999,3.259687,85.47788858,73.27512503,1
00:56:59,3.258999,3.259686,85.47201157,73.26794863,1
00:57:00,3.258999,3.259685,85.46613455,73.26076031,1
00:57:01,3.258999,3.259685,85.46025753,73.25351834,1
00:57:02,3.258999,3.259684,85.45438051,73.24633598,1
00:57:03,3.258999,3.259683,85.44850349,73.2391417,1
00:57:04,3.258999,3.259683,85.44262648,73.23194146,1
00:57:05,3.26,3.259683,85.43674946,73.22670221,1
00:57:06,3.258999,3.260162,85.43087244,73.21860194,1
00:57:07,3.258999,3.259919,85.425,73.21094871,1
00:57:08,3.258999,3.259799,85.4191184,73.20347,1
00:57:09,3.258999,3.259739,85.41324139,73.19612503,1
00:57:10,3.258999,3.25971,85.40736437,73.18889499,1
00:57:11,3.258999,3.259695,85.40148735,73.18163514,1
00:57:12,3.258999,3.259687,85.39561033,73.17444682,1
00:57:13,3.258999,3.259684,85.38973331,73.16724658,1
00:57:14,3.258999,3.259681,85.3838563,73.15999866,1
00:57:15,3.258999,3.25968,85.37797928,73.1528163,1
00:57:16,3.258999,3.25968,85.37210226,73.14562201,1
00:57:17,3.258999,3.259679,85.36622524,73.13838005,1
00:57:18,3.258999,3.259678,85.36034822,73.13115597,1
00:57:19,3.258999,3.259678,85.35447121,73.12397957,1
00:57:20,3.258999,3.259678,85.34859419,73.11679125,1
00:57:21,3.258999,3.259678,85.34271717,73.10954928,1
00:57:22,3.258999,3.259677,85.33684015,73.10236692,1
00:57:23,3.258999,3.259677,85.33096,73.09517264,1
00:57:24,3.258999,3.259676,85.32508612,73.08793068,1
00:57:25,3.258999,3.259676,85.3192091,73.0807066,1
00:57:26,3.258999,3.259676,85.31333208,73.07353616,1
00:57:27,3.258999,3.259675,85.30745506,73.06634784,1
00:57:28,3.258999,3.259675,85.30157804,73.05910587,1
00:57:29,3.258999,3.259675,85.29570103,73.05192351,1
00:57:30,3.258999,3.259675,85.28982401,73.04472923,1
00:57:31,3.258999,3.259674,85.28394699,73.03753,1
00:57:32,3.258999,3.259674,85.27806997,73.03028,1
00:57:33,3.258999,3.259673,85.27219296,73.02309871,1
00:57:34,3.258999,3.259673,85.26631594,73.01590443,1
00:57:35,3.258999,3.259673,85.26043892,73.00866246,1
00:57:36,3.258999,3.259672,85.2545619,73.00143838,1
00:57:37,3.258999,3.259672,85.24868488,72.99426794,1
00:57:38,3.258999,3.259672,85.24280787,72.98707962,1
00:57:39,3.258999,3.259671,85.23693,72.97983766,1
00:57:40,3.258999,3.259671,85.23105383,72.9726553,1
00:57:41,3.258999,3.259671,85.22517681,72.96546102,1
00:57:42,3.258999,3.25967,85.21929979,72.95826077,1
00:57:43,3.258999,3.25967,85.21342278,72.95101881,1
00:57:44,3.258999,3.25967,85.20754576,72.94383645,1
00:57:45,3.258999,3.259669,85.20166874,72.93664217,1
00:57:46,3.258999,3.259669,85.19579172,72.92940021,1
00:57:47,3.258999,3.259669,85.1899147,72.92217612,1
00:57:48,3.258999,3.259668,85.18403769,72.91500568,1
00:57:49,3.258999,3.259668,85.17816067,72.90781736,1
00:57:50,3.258999,3.259668,85.17228365,72.90058,1
00:57:51,3.258999,3.259667,85.16640663,72.89340496,1
00:57:52,3.258999,3.259667,85.16052961,72.88621068,1
00:57:53,3.258999,3.259667,85.1546526,72.87901044,1
00:57:54,3.258999,3.259666,85.14877558,72.87176847,1
00:57:55,3.258999,3.259666,85.1429,72.86458611,1
00:57:56,3.258999,3.259666,85.13702154,72.85739183,1
00:57:57,3.258999,3.259665,85.13114452,72.85014987,1
00:57:58,3.258999,3.259665,85.12526751,72.84292579,1
00:57:59,3.258999,3.259665,85.11939049,72.83575535,1
00:58:00,3.258999,3.259664,85.11351347,72.82856703,1
00:58:01,3.258999,3.259664,85.10763645,72.82133102,1
00:58:02,3.258999,3.259664,85.10175943,72.81415462,1
00:58:03,3.258999,3.259663,85.09588242,72.8069663,1
00:58:04,3.258999,3.259663,85.0900054,72.79977202,1
00:58:05,3.258999,3.259663,85.08412838,72.79253006,1
00:58:06,3.258999,3.259662,85.07825136,72.7853477,1
00:58:07,3.258999,3.259662,85.07237434,72.77815938,1
00:58:08,3.258999,3.259662,85.06649733,72.7709651,1
00:58:09,3.258999,3.259661,85.06062031,72.76372313,1
00:58:10,3.258999,3.259661,85.05474329,72.75654078,1
00:58:11,3.258999,3.25966,85.04887,72.74935246,1
00:58:12,3.258999,3.25966,85.04298925,72.74211049,1
00:58:13,3.258999,3.25966,85.03711224,72.73489237,1
00:58:14,3.258999,3.25966,85.03123522,72.72772193,1
00:58:15,3.258999,3.259659,85.0253582,72.72053361,1
00:58:16,3.258999,3.259659,85.01948118,72.71329761,1
00:58:17,3.258999,3.259659,85.01360416,72.70607948,1
00:58:18,3.258999,3.259658,85.00772715,72.69890904,1
00:58:19,3.258999,3.259658,85.00185013,72.69173,1
00:58:20,3.258999,3.259658,84.99597311,72.68449068,1
00:58:21,3.258999,3.259657,84.99009609,72.67731428,1
00:58:22,3.258999,3.259657,84.98421907,72.67012596,1
00:58:23,3.258999,3.259657,84.97834206,72.66293168,1
00:58:24,3.258999,3.259656,84.97246504,72.65568972,1
00:58:25,3.258999,3.259656,84.96658802,72.64851332,1
00:58:26,3.258999,3.259655,84.960711,72.641325,1
00:58:27,3.258999,3.259655,84.95483,72.63413072,1
00:58:28,3.258999,3.259655,84.94895697,72.62688875,1
00:58:29,3.258999,3.259655,84.94307995,72.61971235,1
00:58:30,3.258999,3.259654,84.93720293,72.61252403,1
00:58:31,3.258999,3.259654,84.93132591,72.60532975,1
00:58:32,3.258999,3.259654,84.92544889,72.59808779,1
00:58:33,3.258999,3.259653,84.91957188,72.59091139,1
00:58:34,3.258999,3.259653,84.91369486,72.58372307,1
00:58:35,3.258999,3.259653,84.90781784,72.57648706,1
00:58:36,3.258999,3.259652,84.90194082,72.56926894,1
00:58:37,3.258999,3.259652,84.8960638,72.56210446,1
00:58:38,3.258999,3.259651,84.89018679,72.5549221,1
00:58:39,3.258999,3.259651,84.88430977,72.5476861,1
00:58:40,3.258999,3.259651,84.87843275,72.54046798,1
00:58:41,3.258999,3.259651,84.87255573,72.5333035,1
00:58:42,3.258999,3.25965,84.86667871,72.52612114,1
00:58:43,3.258999,3.25965,84.8608,72.51888514,1
00:58:44,3.258999,3.259649,84.85492468,72.51166701,1
00:58:45,3.258999,3.259649,84.84904766,72.50450253,1
00:58:46,3.258999,3.259649,84.84317064,72.49732018,1
00:58:47,3.258999,3.259649,84.83729362,72.49009013,1
00:58:48,3.258999,3.259648,84.83141661,72.48287,1
00:58:49,3.258999,3.259648,84.82553959,72.47570753,1
00:58:50,3.258999,3.259647,84.81966257,72.46852517,1
00:58:51,3.258999,3.259647,84.81378555,72.46129513,1
00:58:52,3.258999,3.259647,84.80790854,72.45408297,1
00:58:53,3.258999,3.259647,84.80203152,72.44691849,1
00:58:54,3.258999,3.259646,84.7961545,72.43973613,1
00:58:55,3.258999,3.259646,84.79027748,72.43250608,1
00:58:56,3.258999,3.259645,84.78440046,72.42529392,1
00:58:57,3.258999,3.259645,84.77852345,72.41812944,1
00:58:58,3.258999,3.259645,84.77264643,72.41094708,1
00:58:59,3.258999,3.259645,84.76677,72.40372,1
00:59:00,3.258999,3.259644,84.76089239,72.39650488,1
00:59:01,3.258999,3.259644,84.75501537,72.3893404,1
00:59:02,3.258999,3.259644,84.74913836,72.38215804,1
00:59:03,3.258999,3.259643,84.74326134,72.374928,1
00:59:04,3.258999,3.259643,84.73738432,72.36771584,1
00:59:05,3.258999,3.259643,84.7315073,72.36055136,1
00:59:06,3.258999,3.259642,84.72563028,72.35337496,1
00:59:07,3.258999,3.259642,84.71975327,72.34614491,1
00:59:08,3.258999,3.259641,84.71387625,72.33893275,1
00:59:09,3.258999,3.259641,84.70799923,72.33176827,1
00:59:10,3.258999,3.259641,84.70212221,72.32459188,1
00:59:11,3.258999,3.25964,84.69624519,72.31736183,1
00:59:12,3.258999,3.25964,84.69036818,72.31014967,1
00:59:13,3.258999,3.25964,84.68449116,72.30298519,1
00:59:14,3.258999,3.25964,84.67861414,72.29580879,1
00:59:15,3.258999,3.259639,84.67274,72.28857875,1
00:59:16,3.258999,3.259639,84.6668601,72.28136659,1
00:59:17,3.258999,3.259639,84.66098309,72.27420211,1
00:59:18,3.258999,3.259638,84.65510607,72.26702571,1
00:59:19,3.258999,3.259638,84.64922905,72.25979567,1
00:59:20,3.258999,3.259637,84.64335203,72.2525835,1
00:59:21,3.258999,3.259637,84.63747501,72.24542499,1
00:59:22,3.258999,3.259637,84.631598,72.23824859,1
00:59:23,3.258999,3.259636,84.62572098,72.23106623,1
00:59:24,3.258999,3.259636,84.61984396,72.22383618,1
00:59:25,3.258999,3.259635,84.61396694,72.21666574,1
00:59:26,3.258999,3.259635,84.60808992,72.20948339,1
00:59:27,3.258999,3.259635,84.60221291,72.20229506,1
00:59:28,3.258999,3.259635,84.59633589,72.19506502,1
00:59:29,3.258999,3.259634,84.59045887,72.18789458,1
00:59:30,3.258999,3.259634,84.58458185,72.18071222,1
00:59:31,3.258999,3.259634,84.5787,72.1735239,1
00:59:32,3.258999,3.259633,84.57282782,72.16629386,1
00:59:33,3.258999,3.259633,84.5669508,72.1590817,1
00:59:34,3.258999,3.259633,84.56107378,72.15192318,1
00:59:35,3.258999,3.259632,84.55519676,72.14474678,1
00:59:36,3.258999,3.259632,84.54931974,72.1375227,1
00:59:37,3.258999,3.259632,84.54344273,72.13031054,1
00:59:38,3.258999,3.259631,84.53756571,72.12315202,1
00:59:39,3.258999,3.259631,84.53168869,72.11597562,1
00:59:40,3.258999,3.259631,84.52581167,72.10879326,1
00:59:41,3.258999,3.25963,84.51993465,72.10156322,1
00:59:42,3.258999,3.25963,84.51405764,72.09439278,1
00:59:43,3.258999,3.259629,84.50818062,72.08721638,1
00:59:44,3.258999,3.259629,84.5023036,72.08003402,1
00:59:45,3.258999,3.259629,84.49642658,72.07280397,1
00:59:46,3.258999,3.259629,84.49054956,72.06559181,1
00:59:47,3.258999,3.259628,84.48467,72.05843329,1
00:59:48,3.258999,3.259628,84.47879553,72.0512569,1
00:59:49,3.258999,3.259628,84.47291851,72.04403281,1
00:59:50,3.258999,3.259627,84.46704149,72.03682661,1
00:59:51,3.258999,3.259627,84.46116447,72.02966809,1
00:59:52,3.258999,3.259627,84.45528746,72.02249765,1
00:59:53,3.258999,3.259626,84.44941044,72.01531529,1
00:59:54,3.258999,3.259626,84.44353342,72.00809121,1
00:59:55,3.258999,3.259625,84.4376564,72.00092673,1
00:59:56,3.258999,3.259625,84.43177938,71.99375033,1
00:59:57,3.258999,3.259625,84.42590237,71.98656797,1
00:59:58,3.258999,3.259625,84.42002535,71.97933793,1
00:59:59,3.258999,3.259624,84.41414833,71.97213173,1
01:00:00,3.258999,3.259624,84.40827131,71.96497321,1
01:00:01,3.258999,3.259624,84.40239429,71.95780277,1
01:00:02,3.258999,3.259623,84.39651728,71.95062041,1
01:00:03,3.258999,3.259623,84.39064,71.94339633,1
01:00:04,3.258999,3.259622,84.38476324,71.93623185,1
01:00:05,3.258999,3.259622,84.37888622,71.92905545,1
01:00:06,3.258999,3.259622,84.3730092,71.92187309,1
01:00:07,3.258999,3.259622,84.36713219,71.91464901,1
01:00:08,3.258999,3.259621,84.36125517,71.90744281,1
01:00:09,3.258999,3.259621,84.35537815,71.90029025,1
01:00:10,3.258999,3.25962,84.34950113,71.89312,1
01:00:11,3.258999,3.25962,84.34362411,71.88594341,1
01:00:12,3.258999,3.25962,84.3377471,71.87871933,1
01:00:13,3.258999,3.259619,84.33187008,71.87151313,1
01:00:14,3.258999,3.259619,84.32599306,71.86436057,1
01:00:15,3.258999,3.259619,84.32011604,71.85719013,1
01:00:16,3.258999,3.259619,84.31423903,71.84997201,1
01:00:17,3.258999,3.259618,84.30836201,71.84277177,1
01:00:18,3.258999,3.259618,84.30248499,71.83561921,1
01:00:19,3.258999,3.259617,84.29661,71.82844877,1
01:00:20,3.258999,3.259617,84.29073095,71.82127237,1
01:00:21,3.258999,3.259617,84.28485394,71.81404829,1
01:00:22,3.258999,3.259616,84.27897692,71.80684209,1
01:00:23,3.258999,3.259616,84.2730999,71.79968953,1
01:00:24,3.258999,3.259616,84.26722288,71.79251909,1
01:00:25,3.258999,3.259615,84.26134586,71.78534269,1
01:00:26,3.258999,3.259615,84.25546885,71.77812457,1
01:00:27,3.258999,3.259614,84.24959183,71.77092433,1
01:00:28,3.258999,3.259614,84.24371481,71.76377177,1
01:00:29,3.258999,3.259614,84.23783779,71.75660729,1
01:00:30,3.258999,3.259614,84.23196077,71.74943089,1
01:00:31,3.258999,3.259613,84.22608376,71.74221277,1
01:00:32,3.258999,3.259613,84.22020674,71.73505425,1
01:00:33,3.258999,3.259613,84.21432972,71.72788382,1
01:00:34,3.258999,3.259612,84.2084527,71.72070742,1
01:00:35,3.258999,3.259612,84.20258,71.71353102,1
01:00:36,3.258999,3.259612,84.19669867,71.70631289,1
01:00:37,3.258999,3.259611,84.19082165,71.69915438,1
01:00:38,3.258999,3.259611,84.18494463,71.69198394,1
01:00:39,3.258999,3.259611,84.17906761,71.68480754,1
01:00:40,3.258999,3.25961,84.17319059,71.67763114,1
01:00:41,3.258999,3.25961,84.16731358,71.67041302,1
01:00:42,3.258999,3.259609,84.16143656,71.66321278,1
01:00:43,3.258999,3.259609,84.15555954,71.65606618,1
01:00:44,3.258999,3.259609,84.14968252,71.6489017,1
01:00:45,3.258999,3.259609,84.1438055,71.64173,1
01:00:46,3.258999,3.259608,84.13792849,71.63451314,1
01:00:47,3.258999,3.259608,84.13205147,71.6273129,1
01:00:48,3.258999,3.259608,84.12617445,71.6201663,1
01:00:49,3.258999,3.259607,84.12029743,71.61300182,1
01:00:50,3.258999,3.259607,84.11442041,71.60583138,1
01:00:51,3.258999,3.259607,84.10854,71.59861326,1
01:00:52,3.258999,3.259606,84.10266638,71.59141898,1
01:00:53,3.258999,3.259606,84.09678936,71.58427238,1
01:00:54,3.258999,3.259606,84.09091234,71.57710791,1
01:00:55,3.258999,3.259605,84.08503532,71.56993747,1
01:00:56,3.258999,3.259605,84.07915831,71.56272531,1
01:00:57,3.258999,3.259604,84.07328129,71.55553102,1
01:00:58,3.258999,3.259604,84.06740427,71.54838443,1
01:00:59,3.258999,3.259604,84.06152725,71.54122591,1
01:01:00,3.258999,3.259604,84.05565023,71.53405547,1
01:01:01,3.258999,3.259603,84.04977322,71.52684331,1
01:01:02,3.258999,3.259602,84.0438962,71.51964903,1
01:01:03,3.258999,3.259602,84.03801918,71.51250243,1
01:01:04,3.258999,3.259602,84.03214216,71.50534391,1
01:01:05,3.258999,3.259602,84.02626514,71.49817348,1
01:01:06,3.258999,3.259602,84.02038813,71.49100304,1
01:01:07,3.258999,3.259601,84.01451,71.48379087,1
01:01:08,3.258999,3.2596,84.00863409,71.47659659,1
01:01:09,3.258999,3.2596,84.00275707,71.46945,1
01:01:10,3.258999,3.2596,83.99688005,71.46229148,1
01:01:11,3.258999,3.2596,83.99100304,71.455127,1
01:01:12,3.258999,3.259599,83.98512602,71.44791484,1
01:01:13,3.258999,3.259599,83.979249,71.44072056,1
01:01:14,3.258999,3.259599,83.97337198,71.43357992,1
01:01:15,3.258999,3.259598,83.96749496,71.4264214,1
01:01:16,3.258999,3.259598,83.96161795,71.41925693,1
01:01:17,3.258999,3.259598,83.95574093,71.41209,1
01:01:18,3.258999,3.259597,83.94986391,71.40487432,1
01:01:19,3.258999,3.259597,83.94398689,71.39768004,1
01:01:20,3.258,3.259597,83.93810987,71.38842344,1
01:01:21,3.258999,3.259118,83.93223286,71.38228416,1
01:01:22,3.258,3.259359,83.92635584,71.37342691,1
01:01:23,3.258,3.258999,83.92048,71.36536837,1
01:01:24,3.258999,3.258822,83.9146018,71.35987878,1
01:01:25,3.258999,3.259212,83.90872478,71.35353684,1
01:01:26,3.258999,3.259405,83.90284777,71.34677768,1
01:01:27,3.258,3.259501,83.89697075,71.33773565,1
01:01:28,3.258,3.259069,83.89109373,71.32956982,1
01:01:29,3.258,3.258855,83.88521671,71.32184505,1
01:01:30,3.258,3.258749,83.87933969,71.31434679,1
01:01:31,3.258,3.258697,83.87346268,71.30695581,1
01:01:32,3.258,3.25867,83.86758566,71.29961848,1
01:01:33,3.258,3.258657,83.86170864,71.29226327,1
01:01:34,3.258,3.258651,83.85583162,71.2849915,1
01:01:35,3.258,3.258647,83.84995461,71.27767205,1
01:01:36,3.258,3.258645,83.84407759,71.27041221,1
01:01:37,3.258,3.258644,83.83820057,71.26309872,1
01:01:38,3.258,3.258644,83.83232355,71.25579715,1
01:01:39,3.258,3.258643,83.82645,71.24854922,1
01:01:40,3.258,3.258642,83.82056952,71.24128342,1
01:01:41,3.258,3.258642,83.8146925,71.23396993,1
01:01:42,3.258,3.258642,83.80881548,71.22666836,1
01:01:43,3.258,3.258641,83.80293846,71.21942043,1
01:01:44,3.258,3.258641,83.79706144,71.21215463,1
01:01:45,3.258,3.258641,83.79118443,71.20484114,1
01:01:46,3.258,3.25864,83.78530741,71.19753957,1
01:01:47,3.258,3.25864,83.77943039,71.1902976,1
01:01:48,3.258,3.25864,83.77355337,71.18303776,1
01:01:49,3.258,3.258639,83.76767635,71.17572427,1
01:01:50,3.258,3.258639,83.76179934,71.16847038,1
01:01:51,3.258,3.258638,83.75592232,71.16116285,1
01:01:52,3.258,3.258638,83.7500453,71.15391493,1
01:01:53,3.258,3.258638,83.74416828,71.1466074,1
01:01:54,3.258,3.258637,83.73829126,71.13935947,1
01:01:55,3.258,3.258637,83.73241,71.13205194,1
01:01:56,3.258,3.258637,83.72653723,71.12480402,1
01:01:57,3.258,3.258636,83.72066021,71.11749649,1
01:01:58,3.258,3.258636,83.71478319,71.11024857,1
01:01:59,3.258,3.258636,83.70890617,71.10294104,1
01:02:00,3.258,3.258636,83.70302916,71.09569311,1
01:02:01,3.258,3.258635,83.69715214,71.08838558,1
01:02:02,3.258,3.258635,83.69127512,71.08113766,1
01:02:03,3.258,3.258634,83.6853981,71.07383013,1
01:02:04,3.258,3.258634,83.67952108,71.0665822,1
01:02:05,3.258,3.258634,83.67364407,71.05927467,1
01:02:06,3.258,3.258633,83.66776705,71.05202675,1
01:02:07,3.258,3.258633,83.66189003,71.04471922,1
01:02:08,3.258,3.258633,83.65601301,71.03747129,1
01:02:09,3.258,3.258632,83.65013599,71.03016376,1
01:02:10,3.258,3.258632,83.64425898,71.02291584,1
01:02:11,3.258,3.258632,83.63838,71.01560831,1
01:02:12,3.258,3.258631,83.63250494,71.00836039,1
01:02:13,3.257,3.258631,83.62662792,70.99879384,1
01:02:14,3.258,3.258152,83.6207509,70.99257708,1
01:02:15,3.258,3.258393,83.61487389,70.98585367,1
01:02:16,3.258,3.258513,83.60899687,70.97885609,1
01:02:17,3.257,3.258572,83.60311985,70.96940875,1
01:02:18,3.257,3.258121,83.59724283,70.96101046,1
01:02:19,3.258,3.257899,83.59136581,70.95535398,1
01:02:20,3.258,3.258267,83.5854888,70.94889283,1
01:02:21,3.257,3.25845,83.57961178,70.93981504,1
01:02:22,3.257,3.25806,83.57373476,70.9315896,1
01:02:23,3.257,3.257868,83.56785774,70.92378736,1
01:02:24,3.257,3.257772,83.56198072,70.91619372,1
01:02:25,3.257,3.257725,83.55610371,70.90865374,1
01:02:26,3.258,3.257701,83.55022669,70.90343237,1
01:02:27,3.257,3.258168,83.54435,70.89497447,1
01:02:28,3.257,3.257921,83.53847265,70.88705301,1
01:02:29,3.257,3.257797,83.53259563,70.87934613,1
01:02:30,3.257,3.257737,83.52671862,70.87180018,1
01:02:31,3.257,3.257706,83.5208416,70.86433768,1
01:02:32,3.257,3.257691,83.51496458,70.85691094,1
01:02:33,3.257,3.257683,83.50908756,70.84950805,1
01:02:34,3.257,3.25768,83.50321054,70.84211111,1
01:02:35,3.257,3.257677,83.49733353,70.83476782,1
01:02:36,3.257,3.257676,83.49145651,70.82740068,1
01:02:37,3.257,3.257675,83.48557949,70.81997991,1
01:02:38,3.257,3.257674,83.47970247,70.81257701,1
01:02:39,3.257,3.257674,83.47382545,70.80518007,1
01:02:40,3.257,3.257674,83.46794844,70.79783678,1
01:02:41,3.257,3.257673,83.46207142,70.79047561,1
01:02:42,3.257,3.257673,83.4561944,70.78305483,1
01:02:43,3.257,3.257672,83.45032,70.77565193,1
01:02:44,3.257,3.257673,83.44444036,70.768255,1
01:02:45,3.257,3.257672,83.43856335,70.7609117,1
01:02:46,3.257,3.257672,83.43268633,70.75355053,1
01:02:47,3.257,3.257671,83.42680931,70.74612975,1
01:02:48,3.257,3.257671,83.42093229,70.73872685,1
01:02:49,3.257,3.257671,83.41505527,70.73133588,1
01:02:50,3.257,3.25767,83.40917826,70.72399259,1
01:02:51,3.257,3.25767,83.40330124,70.71663141,1
01:02:52,3.257,3.257669,83.39742422,70.70921063,1
01:02:53,3.256,3.257669,83.3915472,70.69953084,1
01:02:54,3.257,3.25719,83.38567019,70.69323659,1
01:02:55,3.257,3.257432,83.37979317,70.68639994,1
01:02:56,3.257,3.257551,83.37391615,70.6792891,1
01:02:57,3.256,3.25761,83.36803913,70.66980004,1
01:02:58,3.256,3.25716,83.36216211,70.66131234,1
01:02:59,3.257,3.256937,83.35629,70.65557837,1
01:03:00,3.257,3.257306,83.35040808,70.64900994,1
01:03:01,3.257,3.257488,83.34453106,70.64200044,1
01:03:02,3.256,3.257578,83.33865404,70.63261867,1
01:03:03,3.256,3.257143,83.33277702,70.62410116,1
01:03:04,3.256,3.256928,83.32690001,70.61616778,1
01:03:05,3.256,3.256822,83.32102299,70.60839534,1
01:03:06,3.256,3.256769,83.31514597,70.60081959,1
01:03:07,3.256,3.256742,83.30926895,70.59323192,1
01:03:08,3.256,3.256729,83.30339193,70.58573961,1
01:03:09,3.256,3.256722,83.29751492,70.57824731,1
01:03:10,3.256,3.256719,83.2916379,70.57074904,1
01:03:11,3.256,3.256717,83.28576088,70.5632031,1
01:03:12,3.256,3.256716,83.27988386,70.55568099,1
01:03:13,3.256,3.256715,83.27400684,70.54822445,1
01:03:14,3.256,3.256715,83.26812983,70.54075003,1
01:03:15,3.256,3.256714,83.26225,70.53326368,1
01:03:16,3.256,3.256714,83.25637579,70.52577138,1
01:03:17,3.256,3.256713,83.25049877,70.51827908,1
01:03:18,3.256,3.256713,83.24462175,70.51073313,1
01:03:19,3.256,3.256712,83.23874474,70.50321102,1
01:03:20,3.256,3.256712,83.23286772,70.49575448,1
01:03:21,3.256,3.256712,83.2269907,70.48828006,1
01:03:22,3.256,3.256711,83.22111368,70.48079371,1
01:03:23,3.256,3.256711,83.21523666,70.47330737,1
01:03:24,3.256,3.256711,83.20935965,70.46581507,1
01:03:25,3.256,3.256711,83.20348263,70.45832276,1
01:03:26,3.256,3.25671,83.19760561,70.45077682,1
01:03:27,3.256,3.25671,83.19172859,70.44326067,1
01:03:28,3.256,3.256709,83.18585157,70.43580413,1
01:03:29,3.256,3.256709,83.17997456,70.42832971,1
01:03:30,3.256,3.256709,83.17409754,70.42084932,1
01:03:31,3.256,3.256708,83.16822,70.41336298,1
01:03:32,3.256,3.256708,83.1623435,70.40587664,1
01:03:33,3.256,3.256708,83.15646648,70.39838433,1
01:03:34,3.256,3.256707,83.15058947,70.39084435,1
01:03:35,3.256,3.256707,83.14471245,70.3833282,1
01:03:36,3.256,3.256706,83.13883543,70.37582,1
01:03:37,3.256,3.256706,83.13295841,70.36837339,1
01:03:38,3.256,3.256706,83.12708139,70.36090493,1
01:03:39,3.256,3.256706,83.12120438,70.35342455,1
01:03:40,3.256,3.256705,83.11532736,70.34593821,1
01:03:41,3.256,3.256705,83.10945034,70.33845186,1
01:03:42,3.256,3.256704,83.10357332,70.33096552,1
01:03:43,3.256,3.256704,83.0976963,70.32342553,1
01:03:44,3.256,3.256704,83.09181929,70.31590939,1
01:03:45,3.256,3.256703,83.08594227,70.30845881,1
01:03:46,3.256,3.256703,83.08006525,70.30099034,1
01:03:47,3.256,3.256703,83.07419,70.29350996,1
01:03:48,3.256,3.256702,83.06831121,70.28602362,1
01:03:49,3.256,3.256702,83.0624342,70.27853727,1
01:03:50,3.256,3.256702,83.05655718,70.27105093,1
01:03:51,3.256,3.256701,83.05068016,70.26356459,1
01:03:52,3.256,3.256701,83.04480314,70.2560246,1
01:03:53,3.256,3.256701,83.03892612,70.24850845,1
01:03:54,3.256,3.2567,83.03304911,70.24105787,1
01:03:55,3.256,3.2567,83.02717209,70.23358941,1
01:03:56,3.256,3.2567,83.02129507,70.22610903,1
01:03:57,3.256,3.256699,83.01541805,70.21862864,1
01:03:58,3.256,3.256699,83.00954103,70.2111423,1
01:03:59,3.256,3.256699,83.00366402,70.20365596,1
01:04:00,3.256,3.256698,82.997787,70.19616961,1
01:04:01,3.256,3.256698,82.99190998,70.18863559,1
01:04:02,3.256,3.256697,82.98603296,70.1811254,1
01:04:03,3.256,3.256697,82.98016,70.17362714,1
01:04:04,3.256,3.256697,82.97427893,70.16618252,1
01:04:05,3.256,3.256696,82.96840191,70.15872002,1
01:04:06,3.256,3.256696,82.96252489,70.15124559,1
01:04:07,3.256,3.256696,82.95664787,70.14376521,1
01:04:08,3.256,3.256695,82.95077085,70.13628483,1
01:04:09,3.256,3.256695,82.94489384,70.12880445,1
01:04:10,3.256,3.256695,82.93901682,70.12132406,1
01:04:11,3.256,3.256694,82.9331398,70.11384368,1
01:04:12,3.256,3.256694,82.92726278,70.10630965,1
01:04:13,3.256,3.256693,82.92138577,70.09879947,1
01:04:14,3.256,3.256693,82.91550875,70.09135485,1
01:04:15,3.255,3.256693,82.90963173,70.08159757,1
01:04:16,3.255,3.256213,82.90375471,70.07282972,1
01:04:17,3.255,3.255976,82.89787769,70.06465793,1
01:04:18,3.255,3.255858,82.89200068,70.05677223,1
01:04:19,3.256,3.2558,82.88612,70.05134821,1
01:04:20,3.255,3.25625,82.88024664,70.04260421,1
01:04:21,3.255,3.255993,82.87436962,70.03436089,1
01:04:22,3.255,3.255866,82.8684926,70.02650499,1
01:04:23,3.255,3.255803,82.86261559,70.01877427,1
01:04:24,3.255,3.255772,82.85673857,70.01110911,1
01:04:25,3.256,3.255756,82.85086155,70.00581622,1
01:04:26,3.256,3.256227,82.84498453,69.99940276,1
01:04:27,3.255,3.25646,82.83910751,69.99020576,1
01:04:28,3.255,3.256096,82.8332305,69.98172402,1
01:04:29,3.256,3.255916,82.82735348,69.97604,1
01:04:30,3.255,3.256305,82.82147646,69.96719837,1
01:04:31,3.255,3.256019,82.81559944,69.95890141,1
01:04:32,3.255,3.255877,82.80972242,69.95102167,1
01:04:33,3.255,3.255807,82.80384541,69.94327903,1
01:04:34,3.255,3.255772,82.79796839,69.93561,1
01:04:35,3.255,3.255754,82.79209,69.92791891,1
01:04:36,3.255,3.255745,82.78621435,69.92027164,1
01:04:37,3.255,3.255741,82.78033733,69.91270185,1
01:04:38,3.255,3.255739,82.77446032,69.90511417,1
01:04:39,3.255,3.255737,82.7685833,69.8974669,1
01:04:40,3.255,3.255736,82.76270628,69.88989711,1
01:04:41,3.255,3.255736,82.75682926,69.88225579,1
01:04:42,3.255,3.255735,82.75095224,69.87469196,1
01:04:43,3.255,3.255735,82.74507523,69.86705661,1
01:04:44,3.255,3.255734,82.73919821,69.85949278,1
01:04:45,3.255,3.255734,82.73332119,69.85185742,1
01:04:46,3.255,3.255733,82.72744417,69.84429359,1
01:04:47,3.255,3.255733,82.72156715,69.83671188,1
01:04:48,3.255,3.255733,82.71569014,69.82907057,1
01:04:49,3.255,3.255733,82.70981312,69.82150078,1
01:04:50,3.255,3.255732,82.7039361,69.81386542,1
01:04:51,3.255,3.255732,82.69806,69.80630159,1
01:04:52,3.255,3.255732,82.69218206,69.79866624,1
01:04:53,3.255,3.255731,82.68630505,69.79110241,1
01:04:54,3.255,3.255731,82.68042803,69.7835207,1
01:04:55,3.255,3.25573,82.67455101,69.77587938,1
01:04:56,3.255,3.25573,82.66867399,69.76831555,1
01:04:57,3.255,3.25573,82.66279697,69.7606802,1
01:04:58,3.255,3.255729,82.65691996,69.75311637,1
01:04:59,3.255,3.255729,82.65104294,69.74548101,1
01:05:00,3.255,3.255728,82.64516592,69.73792315,1
01:05:01,3.254,3.255728,82.6392889,69.72801089,1
01:05:02,3.254,3.255249,82.63341188,69.71910596,1
01:05:03,3.254,3.255012,82.62753487,69.71088052,1
01:05:04,3.254,3.254894,82.62165785,69.70291,1
01:05:05,3.254,3.254836,82.61578083,69.6950078,1
01:05:06,3.254,3.254807,82.60990381,69.6872592,1
01:05:07,3.254,3.254793,82.60403,69.67952251,1
01:05:08,3.254,3.254786,82.59814978,69.67173815,1
01:05:09,3.254,3.254781,82.59227276,69.66398358,1
01:05:10,3.254,3.254779,82.58639574,69.6562469,1
01:05:11,3.254,3.254778,82.58051872,69.64851618,1
01:05:12,3.254,3.254778,82.5746417,69.64085102,1
01:05:13,3.254,3.254777,82.56876469,69.63316202,1
01:05:14,3.254,3.254776,82.56288767,69.6254015,1
01:05:15,3.254,3.254776,82.55701065,69.61765885,1
01:05:16,3.254,3.254776,82.55113363,69.60992813,1
01:05:17,3.254,3.254775,82.54525661,69.60226297,1
01:05:18,3.254,3.254775,82.5393796,69.59451437,1
01:05:19,3.254,3.254774,82.53350258,69.58678365,1
01:05:20,3.254,3.254774,82.52762556,69.57905889,1
01:05:21,3.254,3.254774,82.52174854,69.57139373,1
01:05:22,3.254,3.254773,82.51587152,69.56370473,1
01:05:23,3.254,3.254773,82.50999,69.5559442,1
01:05:24,3.254,3.254773,82.50411749,69.54820752,1
01:05:25,3.254,3.254772,82.49824047,69.5404768,1
01:05:26,3.254,3.254772,82.49236345,69.53281164,1
01:05:27,3.254,3.254771,82.48648643,69.52512264,1
01:05:28,3.254,3.254771,82.48060942,69.51736212,1
01:05:29,3.254,3.254771,82.4747324,69.50962543,1
01:05:30,3.254,3.254771,82.46885538,69.50195432,1
01:05:31,3.254,3.25477,82.46297836,69.49426532,1
01:05:32,3.254,3.25477,82.45710135,69.48650479,1
01:05:33,3.254,3.25477,82.45122433,69.47876811,1
01:05:34,3.254,3.254769,82.44534731,69.47104335,1
01:05:35,3.254,3.254769,82.43947029,69.46337819,1
01:05:36,3.254,3.254768,82.43359327,69.45568919,1
01:05:37,3.254,3.254768,82.42771626,69.44792867,1
01:05:38,3.254,3.254768,82.42183924,69.44019198,1
01:05:39,3.254,3.254767,82.41596,69.43252683,1
01:05:40,3.254,3.254767,82.4100852,69.42483783,1
01:05:41,3.254,3.254766,82.40420818,69.4170773,1
01:05:42,3.254,3.254766,82.39833117,69.40934062,1
01:05:43,3.254,3.254766,82.39245415,69.40161586,1
01:05:44,3.254,3.254765,82.38657713,69.39395666,1
01:05:46,3.254,3.254765,82.38070011,69.38621402,1
01:05:46,3.254,3.254765,82.37482309,69.3784833,1
01:05:47,3.254,3.254765,82.36894608,69.37076449,1
01:05:48,3.254,3.254764,82.36306906,69.3631053,1
01:05:49,3.254,3.254764,82.35719204,69.35542226,1
01:05:50,3.254,3.254763,82.35131502,69.34766769,1
01:05:51,3.254,3.254763,82.345438,69.33993697,1
01:05:53,3.254,3.254762,82.33956099,69.33227181,1
01:05:53,3.254,3.254762,82.33368397,69.32458282,1
01:05:54,3.254,3.254762,82.32780695,69.31682825,1
01:05:55,3.254,3.254762,82.32193,69.30909753,1
01:05:56,3.254,3.254761,82.31605291,69.30137873,1
01:05:57,3.254,3.254761,82.3101759,69.29371953,1
01:05:58,3.254,3.254761,82.30429888,69.28597689,1
01:05:59,3.254,3.25476,82.29842186,69.27825212,1
01:06:00,3.254,3.25476,82.29254484,69.27053332,1
01:06:01,3.254,3.254759,82.28666782,69.26288009,1
01:06:02,3.254,3.254759,82.28079081,69.2551434,1
01:06:03,3.254,3.254759,82.27491379,69.24741864,1
01:06:04,3.254,3.254758,82.26903677,69.23969984,1
01:06:05,3.254,3.254758,82.26315975,69.2320466,1
01:06:06,3.254,3.254757,82.25728273,69.22436357,1
01:06:07,3.254,3.254757,82.25140572,69.21661496,1
01:06:08,3.254,3.254757,82.2455287,69.20888424,1
01:06:09,3.253,3.254756,82.23965168,69.1988647,1
01:06:10,3.253,3.254277,82.23377466,69.18984056,1
01:06:11,3.253,3.25404,82.2279,69.18141842,1
01:06:12,3.254,3.253923,82.22202063,69.17572618,1
01:06:13,3.254,3.254343,82.21614361,69.16902661,1
01:06:14,3.253,3.254551,82.21026659,69.15941834,1
01:06:15,3.254,3.254175,82.20438957,69.15311813,1
01:06:17,3.254,3.254467,82.19851255,69.14610863,1
01:06:17,3.253,3.254612,82.19263554,69.1362083,1
01:06:18,3.253,3.254204,82.18675852,69.12736297,1
01:06:19,3.253,3.254003,82.1808815,69.11910772,1
01:06:20,3.253,3.253903,82.17500448,69.11106706,1
01:06:21,3.253,3.253853,82.16912746,69.10313368,1
01:06:22,3.253,3.253829,82.16325045,69.09518838,1
01:06:23,3.253,3.253816,82.15737343,69.08736229,1
01:06:24,3.253,3.253809,82.15149641,69.0795362,1
01:06:26,3.253,3.253806,82.14561939,69.07171011,1
01:06:26,3.253,3.253804,82.13974237,69.06388402,1
01:06:27,3.253,3.253803,82.13387,69.05605793,1
01:06:28,3.253,3.253803,82.12798834,69.04816628,1
01:06:30,3.253,3.253802,82.12211132,69.04030442,1
01:06:30,3.253,3.253802,82.1162343,69.03252006,1
01:06:31,3.253,3.253801,82.11035728,69.02471185,1
01:06:32,3.253,3.253801,82.10448027,69.01689768,1
01:06:34,3.253,3.2538,82.09860325,69.00907755,1
01:06:35,3.253,3.2538,82.09272623,69.00125146,1
01:06:35,3.253,3.2538,82.08684921,68.99342537,1
01:06:36,3.253,3.253799,82.08097219,68.98559928,1
01:06:37,3.253,3.253799,82.07509518,68.97771358,1
01:06:39,3.253,3.253799,82.06921816,68.96985769,1
01:06:39,3.253,3.253798,82.06334114,68.96207333,1
01:06:40,3.253,3.253798,82.05746412,68.95427108,1
01:06:41,3.253,3.253798,82.0515871,68.94646,1
01:06:43,3.253,3.253797,82.04571009,68.93864,1
01:06:44,3.253,3.253797,82.03983,68.93082,1
01:06:44,3.253,3.253796,82.03395605,68.92299056,1
01:06:45,3.253,3.253796,82.02807903,68.91516447,1
01:06:47,3.253,3.253796,82.02220201,68.90727878,1
01:06:48,3.253,3.253795,82.016325,68.89942288,1
01:06:48,3.253,3.253795,82.01044798,68.89164448,1
01:06:49,3.253,3.253795,82.00457096,68.88384223,1
01:06:50,3.253,3.253794,81.99869394,68.87602806,1
01:06:52,3.253,3.253794,81.99281693,68.86820793,1
01:06:52,3.253,3.253793,81.98693991,68.8603878,1
01:06:53,3.253,3.253793,81.98106289,68.85256767,1
01:06:54,3.253,3.253793,81.97518587,68.84474754,1
01:06:56,3.253,3.253792,81.96930885,68.83692741,1
01:06:57,3.253,3.253792,81.96343184,68.82904172,1
01:06:57,3.253,3.253792,81.95755482,68.82118583,1
01:06:58,3.253,3.253791,81.9516778,68.81340742,1
01:07:00,3.253,3.253791,81.9458,68.80560517,1
01:07:01,3.253,3.253791,81.93992376,68.79779696,1
01:07:01,3.253,3.25379,81.93404675,68.7899828,1
01:07:02,3.253,3.25379,81.92816973,68.78216267,1
01:07:04,3.253,3.253789,81.92229271,68.77434254,1
01:07:05,3.253,3.253789,81.91641569,68.76652241,1
01:07:06,3.253,3.253789,81.91053867,68.75870228,1
01:07:06,3.253,3.253788,81.90466166,68.75088215,1
01:07:07,3.253,3.253788,81.89878464,68.74300241,1
01:07:09,3.253,3.253788,81.89290762,68.73515248,1
01:07:10,3.253,3.253787,81.8870306,68.72737408,1
01:07:10,3.253,3.253787,81.88115358,68.71957779,1
01:07:11,3.253,3.253786,81.87527657,68.71176958,1
01:07:13,3.253,3.253786,81.86939955,68.70395541,1
01:07:14,3.253,3.253786,81.86352253,68.69614124,1
01:07:14,3.253,3.253785,81.85764551,68.68832707,1
01:07:15,3.253,3.253785,81.85177,68.68050694,1
01:07:17,3.253,3.253785,81.84589148,68.67268682,1
01:07:18,3.253,3.253784,81.84001446,68.66486669,1
01:07:19,3.253,3.253784,81.83413744,68.65698695,1
01:07:20,3.253,3.253783,81.82826042,68.64913702,1
01:07:21,3.253,3.253783,81.8223834,68.64136457,1
01:07:22,3.253,3.253783,81.81650639,68.63350868,1
01:07:23,3.253,3.253782,81.81062937,68.62573028,1
01:07:24,3.253,3.253782,81.80475235,68.61793399,1
01:07:24,3.253,3.253782,81.79887533,68.61012578,1
01:07:26,3.253,3.253781,81.79299831,68.60231757,1
01:07:27,3.253,3.253781,81.7871213,68.5945034,1
01:07:28,3.253,3.253781,81.78124428,68.58668923,1
01:07:28,3.253,3.25378,81.77536726,68.57887506,1
01:07:30,3.253,3.25378,81.76949024,68.5710609,1
01:07:31,3.253,3.25378,81.76361322,68.56324673,1
01:07:32,3.253,3.253779,81.75774,68.55537295,1
01:07:32,3.253,3.253779,81.75185919,68.54752898,1
01:07:34,3.253,3.253778,81.74598217,68.53969693,1
01:07:35,3.253,3.253778,81.74010515,68.53193641,1
01:07:36,3.253,3.253778,81.73422813,68.52414608,1
01:07:37,3.253,3.253777,81.72835112,68.51634383,1
01:07:37,3.253,3.253777,81.7224741,68.50853562,1
01:07:39,3.253,3.253777,81.71659708,68.50072742,1
01:07:40,3.253,3.253776,81.71072006,68.49291921,1
01:07:41,3.253,3.253776,81.70484304,68.48510504,1
01:07:42,3.253,3.253775,81.69896603,68.47729683,1
01:07:43,3.253,3.253775,81.69308901,68.46948266,1
01:07:44,3.253,3.253775,81.68721199,68.46167445,1
01:07:45,3.253,3.253774,81.68133497,68.45386624,1
01:07:45,3.253,3.253774,81.67545795,68.44605803,1
01:07:47,3.253,3.253774,81.66958094,68.43818426,1
01:07:48,3.253,3.253773,81.6637,68.43034029,1
01:07:49,3.253,3.253773,81.6578269,68.4225142,1
01:07:50,3.253,3.253772,81.65194988,68.41475368,1
01:07:51,3.253,3.253772,81.64607286,68.4069097,1
01:07:52,3.253,3.253772,81.64019585,68.39914322,1
01:07:53,3.253,3.253771,81.63431883,68.39135289,1
01:07:54,3.253,3.253771,81.62844181,68.3835566,1
01:07:54,3.253,3.253771,81.62256479,68.37575436,1
01:07:56,3.253,3.25377,81.61668777,68.36794615,1
01:07:57,3.253,3.25377,81.61081076,68.36014,1
01:07:58,3.253,3.25377,81.60493374,68.35232973,1
01:07:59,3.253,3.253769,81.59905672,68.34452152,1
01:08:00,3.253,3.253769,81.5931797,68.33671331,1
01:08:01,3.253,3.253768,81.58730268,68.32890511,1
01:08:02,3.253,3.253768,81.58142567,68.3210969,1
01:08:03,3.253,3.253768,81.57554865,68.31328869,1
01:08:04,3.253,3.253767,81.56967,68.30542088,1
01:08:05,3.253,3.253767,81.56379461,68.29758286,1
01:08:06,3.253,3.253767,81.55791759,68.28976274,1
01:08:07,3.253,3.253766,81.55204058,68.28200817,1
01:08:08,3.253,3.253766,81.54616356,68.27417016,1
01:08:09,3.253,3.253765,81.54028654,68.26640964,1
01:08:10,3.253,3.253765,81.53440952,68.25856566,1
01:08:11,3.253,3.253765,81.52853251,68.25079918,1
01:08:12,3.253,3.253764,81.52265549,68.24301481,1
01:08:13,3.253,3.253764,81.51677847,68.23521852,1
01:08:14,3.253,3.253764,81.51090145,68.22742224,1
01:08:15,3.253,3.253763,81.50502443,68.21961999,1
01:08:16,3.253,3.253763,81.49914742,68.21181774,1
01:08:17,3.253,3.253762,81.4932704,68.20401549,1
01:08:18,3.253,3.253762,81.48739338,68.19621325,1
01:08:19,3.253,3.253762,81.48151636,68.188411,1
01:08:20,3.253,3.253761,81.47564,68.18060875,1
01:08:21,3.253,3.253761,81.46976233,68.1728065,1
01:08:22,3.253,3.253761,81.46388531,68.16500425,1
01:08:23,3.253,3.25376,81.45800829,68.15720201,1
01:08:24,3.253,3.25376,81.45213127,68.14939976,1
01:08:25,3.253,3.25376,81.44625425,68.14159751,1
01:08:26,3.253,3.253759,81.44037724,68.13379526,1
01:08:27,3.253,3.253759,81.43450022,68.12599301,1
01:08:28,3.253,3.253758,81.4286232,68.11813116,1
01:08:29,3.253,3.253758,81.42274618,68.11029911,1
01:08:30,3.253,3.253757,81.41686916,68.10248494,1
01:08:31,3.253,3.253757,81.41099215,68.09467673,1
01:08:32,3.253,3.253757,81.40511513,68.08687449,1
01:08:33,3.253,3.253757,81.39923811,68.07913184,1
01:08:34,3.253,3.253756,81.39336109,68.07129979,1
01:08:35,3.253,3.253756,81.38748407,68.06355,1
01:08:36,3.253,3.253755,81.38161,68.05570722,1
01:08:37,3.253,3.253755,81.37573004,68.04795265,1
01:08:38,3.253,3.253755,81.36985302,68.04011464,1
01:08:39,3.253,3.253754,81.363976,68.03236008,1
01:08:40,3.253,3.253754,81.35809898,68.02452207,1
01:08:41,3.253,3.253754,81.35222197,68.0167675,1
01:08:42,3.253,3.253753,81.34634495,68.0089891,1
01:08:43,3.253,3.253753,81.34046793,68.00114512,1
01:08:44,3.253,3.253752,81.33459091,67.9933846,1
01:08:45,3.253,3.253752,81.32871389,67.98560619,1
01:08:46,3.253,3.253752,81.32283688,67.97782183,1
01:08:47,3.253,3.253752,81.31695986,67.9699719,1
01:08:48,3.253,3.253751,81.31108284,67.96221137,1
01:08:49,3.253,3.253751,81.30520582,67.95443296,1
01:08:50,3.253,3.25375,81.2993288,67.9466486,1
01:08:51,3.253,3.25375,81.29345179,67.93885827,1
01:08:52,3.253,3.25375,81.28757,67.93106794,1
01:08:53,3.253,3.253749,81.28169775,67.92327762,1
01:08:54,3.253,3.253749,81.27582073,67.91548729,1
01:08:55,3.253,3.253748,81.26994371,67.90769696,1
01:08:56,3.253,3.253748,81.2640667,67.89990664,1
01:08:57,3.253,3.253748,81.25818968,67.89211631,1
01:08:58,3.253,3.253747,81.25231266,67.88432598,1
01:08:59,3.253,3.253747,81.24643564,67.87653565,1
01:09:00,3.253,3.253747,81.24055862,67.86874533,1
01:09:01,3.253,3.253746,81.23468161,67.860955,1
01:09:02,3.253,3.253746,81.22880459,67.85316,1
01:09:03,3.253,3.253746,81.22292757,67.84537435,1
01:09:04,3.253,3.253745,81.21705055,67.83758402,1
01:09:05,3.253,3.253745,81.21117353,67.82979965,1
01:09:06,3.253,3.253744,81.20529652,67.82201529,1
01:09:07,3.253,3.253744,81.1994195,67.81417131,1
01:09:08,3.253,3.253744,81.19354,67.80641079,1
01:09:09,3.253,3.253743,81.18766546,67.79863834,1
01:09:10,3.253,3.253743,81.18178844,67.79085994,1
01:09:11,3.253,3.253742,81.17591143,67.78301597,1
01:09:12,3.253,3.253742,81.17003441,67.7752614,1
01:09:13,3.253,3.253742,81.16415739,67.76748896,1
01:09:14,3.253,3.253742,81.15828037,67.75965095,1
01:09:15,3.253,3.253741,81.15240335,67.75189638,1
01:09:16,3.253,3.253741,81.14652634,67.7441299,1
01:09:17,3.253,3.25374,81.14064932,67.73629189,1
01:09:18,3.253,3.25374,81.1347723,67.72854328,1
01:09:19,3.253,3.253739,81.12889528,67.72071719,1
01:09:20,3.253,3.253739,81.12301826,67.71296859,1
01:09:21,3.253,3.253739,81.11714125,67.7051425,1
01:09:22,3.253,3.253738,81.11126423,67.69739985,1
01:09:23,3.253,3.253738,81.10538721,67.68957973,1
01:09:24,3.253,3.253738,81.09951,67.68177748,1
01:09:25,3.253,3.253737,81.09363317,67.67404675,1
01:09:26,3.253,3.253737,81.08775616,67.66623259,1
01:09:27,3.253,3.253737,81.08187914,67.65843034,1
01:09:28,3.253,3.253736,81.07600212,67.65064001,1
01:09:29,3.253,3.253736,81.0701251,67.64285564,1
01:09:30,3.253,3.253735,81.06424809,67.63507128,1
01:09:31,3.253,3.253735,81.05837107,67.62728691,1
01:09:32,3.253,3.253735,81.05249405,67.61950254,1
01:09:33,3.253,3.253735,81.04661703,67.61171818,1
01:09:34,3.253,3.253734,81.04074001,67.60393977,1
01:09:35,3.253,3.253734,81.034863,67.59616137,1
01:09:36,3.253,3.253733,81.02898598,67.58838296,1
01:09:37,3.253,3.253733,81.02310896,67.5806,1
01:09:38,3.253,3.253733,81.01723194,67.57282615,1
01:09:39,3.253,3.253732,81.01135492,67.56504774,1
01:09:40,3.253,3.253732,81.00548,67.55726933,1
01:09:41,3.253,3.253731,80.99960089,67.54949093,1
01:09:42,3.253,3.253731,80.99372387,67.54171252,1
01:09:43,3.253,3.253731,80.98784685,67.53393412,1
01:09:44,3.253,3.25373,80.98196983,67.52621531,1
01:09:45,3.253,3.25373,80.97609282,67.51846671,1
01:09:46,3.253,3.25373,80.9702158,67.51070619,1
01:09:47,3.253,3.253729,80.96433878,67.5029397,1
01:09:48,3.253,3.253729,80.95846176,67.49517322,1
01:09:49,3.253,3.253728,80.95258474,67.48734117,1
01:09:50,3.253,3.253728,80.94670773,67.47959852,1
01:09:51,3.253,3.253728,80.94083071,67.47177839,1
01:09:52,3.253,3.253727,80.93495369,67.46404171,1
01:09:53,3.253,3.253727,80.92907667,67.45622754,1
01:09:54,3.253,3.253726,80.92319965,67.44843721,1
01:09:55,3.253,3.253726,80.91732264,67.44065285,1
01:09:56,3.253,3.253726,80.91145,67.43287444,1
01:09:57,3.253,3.253726,80.9055686,67.42509604,1
01:09:58,3.253,3.253725,80.89969158,67.41732359,1
01:09:59,3.253,3.253725,80.89381456,67.40955114,1
01:10:00,3.253,3.253725,80.88793755,67.4017787,1
01:10:01,3.253,3.253724,80.88206053,67.39400625,1
01:10:02,3.253,3.253724,80.87618351,67.38623381,1
01:10:03,3.253,3.253723,80.87030649,67.37846136,1
01:10:04,3.253,3.253723,80.86442947,67.37068892,1
01:10:05,3.253,3.253722,80.85855246,67.36298,1
01:10:06,3.253,3.253722,80.85267544,67.35523939,1
01:10:07,3.253,3.253721,80.84679842,67.34748483,1
01:10:08,3.253,3.253721,80.8409214,67.3396647,1
01:10:09,3.253,3.253721,80.83504438,67.33192801,1
01:10:10,3.253,3.253721,80.82916737,67.32411981,1
01:10:11,3.253,3.25372,80.82329035,67.31633544,1
01:10:12,3.253,3.25372,80.81741,67.30855703,1
01:10:13,3.253,3.253719,80.81153631,67.30078459,1
01:10:14,3.253,3.253719,80.80565929,67.2930181,1
01:10:15,3.253,3.253719,80.79978228,67.28525162,1
01:10:16,3.253,3.253719,80.79390526,67.27748513,1
01:10:17,3.253,3.253718,80.78802824,67.26971865,1
01:10:18,3.253,3.253718,80.78215122,67.26195216,1
01:10:19,3.253,3.253717,80.7762742,67.25424528,1
01:10:20,3.253,3.253717,80.77039719,67.2465086,1
01:10:21,3.253,3.253716,80.76452017,67.23875999,1
01:10:22,3.253,3.253716,80.75864315,67.23094583,1
01:10:23,3.253,3.253716,80.75276613,67.2232151,1
01:10:24,3.253,3.253715,80.74688911,67.21541286,1
01:10:25,3.253,3.253715,80.7410121,67.20762849,1
01:10:26,3.253,3.253715,80.73513508,67.19985604,1
01:10:27,3.253,3.253714,80.72925806,67.19208956,1
01:10:28,3.253,3.253714,80.72338,67.18432307,1
01:10:29,3.253,3.253714,80.71750402,67.17656255,1
01:10:30,3.253,3.253713,80.71162701,67.16880202,1
01:10:31,3.253,3.253713,80.70574999,67.1610415,1
01:10:32,3.253,3.253712,80.69987297,67.15334058,1
01:10:33,3.253,3.253712,80.69399595,67.14560986,1
01:10:34,3.253,3.253711,80.68811893,67.13786721,1
01:10:35,3.253,3.253711,80.68224192,67.130059,1
01:10:36,3.253,3.253711,80.6763649,67.12227464,1
01:10:37,3.253,3.253711,80.67048788,67.11450219,1
01:10:38,3.253,3.25371,80.66461086,67.10674167,1
01:10:39,3.253,3.25371,80.65873384,67.09898114,1
01:10:40,3.253,3.25371,80.65285683,67.09122062,1
01:10:41,3.253,3.253709,80.64697981,67.08346605,1
01:10:42,3.253,3.253709,80.64110279,67.07576513,1
01:10:43,3.253,3.253708,80.63522577,67.06804037,1
01:10:44,3.253,3.253708,80.62935,67.06030369,1
01:10:45,3.253,3.253707,80.62347174,67.05250144,1
01:10:46,3.253,3.253707,80.61759472,67.04472303,1
01:10:47,3.253,3.253707,80.6117177,67.03695655,1
01:10:48,3.253,3.253706,80.60584068,67.02919602,1
01:10:49,3.253,3.253706,80.59996367,67.02144146,1
01:10:50,3.253,3.253706,80.59408665,67.0136869,1
01:10:51,3.253,3.253705,80.58820963,67.00599194,1
01:10:52,3.253,3.253705,80.58233261,66.99826717,1
01:10:53,3.253,3.253705,80.57645559,66.99053049,1
01:10:54,3.253,3.253704,80.57057858,66.9827342,1
01:10:55,3.253,3.253704,80.56470156,66.97496176,1
01:10:56,3.253,3.253703,80.55882454,66.9672,1
01:10:57,3.253,3.253703,80.55294752,66.95944667,1
01:10:58,3.253,3.253703,80.5470705,66.9516921,1
01:10:59,3.253,3.253702,80.54119349,66.9439435,1
01:11:00,3.253,3.253702,80.53532,66.9362545,1
01:11:01,3.253,3.253701,80.52943945,66.9285357,1
01:11:02,3.253,3.253701,80.52356243,66.92074537,1
01:11:03,3.253,3.253701,80.51768541,66.91297889,1
01:11:04,3.253,3.2537,80.5118084,66.90522432,1
01:11:05,3.253,3.2537,80.50593138,66.89746976,1
01:11:06,3.253,3.2537,80.50005436,66.88972116,1
01:11:07,3.253,3.2537,80.49417734,66.88203216,1
01:11:08,3.253,3.253699,80.48830032,66.87431931,1
01:11:09,3.253,3.253698,80.48242331,66.86653495,1
01:11:10,3.253,3.253698,80.47654629,66.85876846,1
01:11:11,3.253,3.253698,80.47066927,66.8510139,1
01:11:12,3.253,3.253698,80.46479225,66.8432653,1
01:11:13,3.253,3.253697,80.45891523,66.83551669,1
01:11:14,3.253,3.253697,80.45303822,66.82777,1
01:11:15,3.253,3.253696,80.4471612,66.82009101,1
01:11:16,3.253,3.253696,80.44128,66.81237817,1
01:11:17,3.253,3.253696,80.43540716,66.8045938,1
01:11:18,3.253,3.253695,80.42953014,66.79729223,1
01:11:19,3.253,3.253695,80.42365313,66.79087877,1
01:11:20,3.253,3.253695,80.41777611,66.78482294,1
01:11:21,3.253,3.253695,80.41189909,66.77891016,1
01:11:22,3.253,3.253695,80.40602207,66.7729795,1
01:11:23,3.253,3.253695,80.40014505,66.76717401,1
01:11:24,3.253,3.253694,80.39426804,66.76140428,1
01:11:25,3.253,3.253694,80.38839102,66.75567031,1
01:11:26,3.253,3.253694,80.382514,66.74998403,1
01:11:27,3.253,3.253694,80.37663698,66.74433947,1
01:11:28,3.253,3.253694,80.37075996,66.73868299,1
01:11:29,3.253,3.253693,80.36488295,66.73310399,1
01:11:30,3.253,3.253693,80.35900593,66.727525,1
01:11:31,3.253,3.253693,80.35312891,66.72196984,1
01:11:32,3.253,3.253692,80.34725,66.71645045,1
01:11:33,3.253,3.253692,80.34137487,66.71102643,1
01:11:34,3.253,3.253692,80.33549786,66.70562029,1
01:11:35,3.253,3.253693,80.32962084,66.70024395,1
01:11:36,3.253,3.253695,80.32374382,66.69484973,1
01:11:37,3.253,3.253697,80.3178668,66.68952107,1
01:11:38,3.253,3.253697,80.31198978,66.68425202,1
01:11:39,3.253,3.253698,80.30611277,66.67909026,1
01:11:40,3.253,3.253698,80.30023575,66.67389274,1
01:11:41,3.253,3.253698,80.29435873,66.66869521,1
01:11:42,3.253,3.253698,80.28848171,66.66358113,1
01:11:43,3.253,3.253698,80.28260469,66.65846705,1
01:11:44,3.253,3.253698,80.27672768,66.65337682,1
01:11:45,3.253,3.253697,80.27085066,66.64832234,1
01:11:46,3.253,3.253697,80.26497364,66.64330363,1
01:11:47,3.253,3.253698,80.25909662,66.63832664,1
01:11:48,3.253,3.253697,80.25322,66.63338542,1
01:11:49,3.253,3.253697,80.24734259,66.62848592,1
01:11:50,3.253,3.253697,80.24146557,66.62356853,1
01:11:51,3.253,3.253697,80.23558855,66.61872268,1
01:11:52,3.253,3.253697,80.22971153,66.61387682,1
01:11:53,3.253,3.253697,80.22383451,66.60910249,1
01:11:54,3.253,3.253697,80.2179575,66.60433412,1
01:11:55,3.253,3.253697,80.21208048,66.59911275,1
01:11:56,3.253,3.253697,80.20620346,66.59343839,1
01:11:57,3.253,3.253697,80.20032644,66.58754349,1
01:11:58,3.253,3.253697,80.19444942,66.58154,1
01:11:59,3.253,3.253696,80.18857241,66.57553315,1
01:12:00,3.253,3.253696,80.18269539,66.56941772,1
01:12:01,3.253,3.253696,80.17681837,66.56330228,1
01:12:02,3.253,3.253696,80.17094135,66.55718684,1
01:12:03,3.253,3.253696,80.16506433,66.55113101,1
01:12:04,3.253,3.253696,80.15919,66.54498577,1
01:12:05,3.253,3.253696,80.1533103,66.53885841,1
01:12:06,3.253,3.253696,80.14743328,66.53273702,1
01:12:07,3.253,3.253695,80.14155626,66.52667522,1
01:12:08,3.253,3.253695,80.13567924,66.52052999,1
01:12:09,3.253,3.253695,80.12980223,66.51440263,1
01:12:10,3.253,3.253695,80.12392521,66.50828123,1
01:12:11,3.253,3.253695,80.11804819,66.50221944,1
01:12:12,3.253,3.253695,80.11217117,66.4960742,1
01:12:13,3.253,3.253695,80.10629416,66.48994684,1
01:12:14,3.253,3.253695,80.10041714,66.48382545,1
01:12:15,3.253,3.253695,80.09454012,66.47776365,1
01:12:16,3.253,3.253695,80.0886631,66.47161841,1
01:12:17,3.253,3.253695,80.08278608,66.4654851,1
01:12:18,3.253,3.253695,80.07690907,66.4593637,1
01:12:19,3.253,3.253695,80.07103205,66.45330191,1
01:12:20,3.253,3.253694,80.06516,66.44715667,1
01:12:21,3.253,3.253694,80.05927801,66.44102335,1
01:12:22,3.253,3.253694,80.05340099,66.43490195,1
01:12:23,3.253,3.253694,80.04752398,66.42884016,1
01:12:24,3.253,3.253694,80.04164696,66.42269492,1
01:12:25,3.253,3.253694,80.03576994,66.4165616,1
01:12:26,3.253,3.253694,80.02989292,66.41044021,1
01:12:27,3.253,3.253694,80.0240159,66.40437841,1
01:12:28,3.253,3.253694,80.01813889,66.39823318,1
01:12:29,3.253,3.253693,80.01226187,66.39209986,1
01:12:30,3.253,3.253693,80.00638485,66.38597846,1
01:12:31,3.253,3.253693,80.00050783,66.37991667,1
01:12:32,3.253,3.253693,79.99463081,66.37377143,1
01:12:33,3.253,3.253693,79.9887538,66.36763811,1
01:12:34,3.253,3.253693,79.98287678,66.36151671,1
01:12:35,3.253,3.253693,79.97699976,66.35545492,1
01:12:36,3.253,3.253693,79.97112,66.34930968,1
01:12:37,3.253,3.253693,79.96524572,66.34317636,1
01:12:38,3.253,3.253693,79.95936871,66.33705497,1
01:12:39,3.253,3.253692,79.95349169,66.33099318,1
01:12:40,3.253,3.253692,79.94761467,66.32484794,1
01:12:41,3.253,3.253692,79.94173765,66.31871462,1
01:12:42,3.253,3.253692,79.93586063,66.31258726,1
01:12:43,3.253,3.253692,79.92998362,66.30652547,1
01:12:44,3.253,3.253692,79.9241066,66.30038023,1
01:12:45,3.253,3.253692,79.91822958,66.29424691,1
01:12:46,3.253,3.253692,79.91235256,66.28811955,1
01:12:47,3.253,3.253692,79.90647554,66.28205776,1
01:12:48,3.253,3.253692,79.90059853,66.27591252,1
01:12:49,3.253,3.253692,79.89472151,66.26977921,1
01:12:50,3.253,3.253692,79.88884449,66.26371145,1
01:12:51,3.253,3.253691,79.88296747,66.25761986,1
01:12:52,3.253,3.253691,79.87709,66.25145674,1
01:12:53,3.253,3.253691,79.87121344,66.24531746,1
01:12:54,3.253,3.253691,79.86533642,66.23924971,1
01:12:55,3.253,3.253691,79.8594594,66.23315811,1
01:12:56,3.253,3.253691,79.85358238,66.22699499,1
01:12:57,3.253,3.253691,79.84770536,66.22086,1
01:12:58,3.253,3.253691,79.84182835,66.21478796,1
01:12:59,3.253,3.25369,79.83595133,66.20869637,1
01:13:00,3.253,3.253691,79.83007431,66.20253325,1
01:13:01,3.253,3.25369,79.82419729,66.19639397,1
01:13:02,3.253,3.25369,79.81832027,66.19032621,1
01:13:03,3.253,3.25369,79.81244326,66.18417501,1
01:13:04,3.253,3.25369,79.80656624,66.1780417,1
01:13:05,3.253,3.25369,79.80068922,66.17191434,1
01:13:06,3.253,3.25369,79.7948122,66.16585255,1
01:13:07,3.253,3.25369,79.78893518,66.15970135,1
01:13:08,3.253,3.25369,79.78306,66.15356803,1
01:13:09,3.253,3.25369,79.77718115,66.14744067,1
01:13:10,3.253,3.25369,79.77130413,66.14137888,1
01:13:11,3.253,3.253689,79.76542711,66.13522768,1
01:13:12,3.253,3.25369,79.75955009,66.12909436,1
01:13:13,3.253,3.253689,79.75367308,66.122967,1
01:13:14,3.253,3.253689,79.74779606,66.11691,1
01:13:15,3.253,3.253689,79.74191904,66.11075401,1
01:13:16,3.253,3.253689,79.73604202,66.1046207,1
01:13:17,3.253,3.253689,79.730165,66.09849334,1
01:13:18,3.253,3.253689,79.72428799,66.09243155,1
01:13:19,3.253,3.253689,79.71841097,66.08628035,1
01:13:20,3.253,3.253689,79.71253395,66.08014703,1
01:13:21,3.253,3.253689,79.70665693,66.07401967,1
01:13:22,3.253,3.253688,79.70077991,66.06795788,1
01:13:23,3.253,3.253688,79.6949029,66.06180668,1
01:13:24,3.253,3.253688,79.68903,66.05567336,1
01:13:25,3.253,3.253688,79.68314886,66.049546,1
01:13:26,3.253,3.253688,79.67727184,66.04348421,1
01:13:27,3.253,3.253688,79.67139482,66.03733301,1
01:13:28,3.253,3.253688,79.66551781,66.03119969,1
01:13:29,3.253,3.253688,79.65964079,66.02507234,1
01:13:30,3.253,3.253688,79.65376377,66.01901054,1
01:13:31,3.253,3.253688,79.64788675,66.01285934,1
01:13:32,3.253,3.253688,79.64200974,66.00672603,1
01:13:33,3.253,3.253688,79.63613272,66.00059867,1
01:13:34,3.253,3.253687,79.6302557,65.99453688,1
01:13:35,3.253,3.253687,79.62437868,65.98838568,1
01:13:36,3.253,3.253687,79.61850166,65.98225236,1
01:13:37,3.253,3.253687,79.61262465,65.976125,1
01:13:38,3.253,3.253687,79.60674763,65.97006321,1
01:13:39,3.253,3.253687,79.60087061,65.96391201,1
01:13:40,3.253,3.253687,79.59499,65.95777869,1
01:13:41,3.253,3.253687,79.58911657,65.95171094,1
01:13:42,3.253,3.253686,79.58323956,65.94561934,1
01:13:43,3.253,3.253687,79.57736254,65.93945622,1
01:13:44,3.253,3.253686,79.57148552,65.93331099,1
01:13:45,3.253,3.253686,79.5656085,65.92723727,1
01:13:46,3.253,3.253686,79.55973148,65.92113972,1
01:13:47,3.253,3.253686,79.55385447,65.91497064,1
01:13:48,3.253,3.253686,79.54797745,65.9088254,1
01:13:49,3.253,3.253686,79.54210043,65.90275168,1
01:13:50,3.253,3.253688,79.53622341,65.89659452,1
01:13:51,3.253,3.25369,79.53034639,65.89045525,1
01:13:52,3.253,3.25369,79.52446938,65.88432193,1
01:13:53,3.253,3.253691,79.51859236,65.87825418,1
01:13:54,3.253,3.25369,79.51271534,65.87210298,1
01:13:55,3.253,3.253691,79.50683832,65.8659637,1
01:13:56,3.253,3.253691,79.50096,65.85983038,1
01:13:57,3.253,3.253691,79.49508429,65.85376263,1
01:13:58,3.253,3.25369,79.48920727,65.84761143,1
01:13:59,3.253,3.253691,79.48333025,65.84147215,1
01:14:00,3.253,3.25369,79.47745323,65.83533883,1
01:14:01,3.253,3.25369,79.47157621,65.82927108,1
01:14:02,3.253,3.25369,79.4656992,65.82311392,1
01:14:03,3.253,3.25369,79.45982218,65.81697464,1
01:14:04,3.253,3.25369,79.45394516,65.81084132,1
01:14:05,3.253,3.25369,79.44806814,65.80477357,1
01:14:06,3.253,3.25369,79.44219112,65.79861641,1
01:14:07,3.253,3.25369,79.43631411,65.79247713,1
01:14:08,3.253,3.25369,79.43043709,65.78634381,1
01:14:09,3.253,3.25369,79.42456007,65.78027606,1
01:14:10,3.253,3.25369,79.41868305,65.7741189,1
01:14:11,3.252,3.25369,79.41280603,65.76759815,1
01:14:12,3.253,3.253212,79.40693,65.76166153,1
01:14:13,3.253,3.253453,79.401052,65.75559974,1
01:14:14,3.253,3.253572,79.39517498,65.74950218,1
01:14:15,3.253,3.253631,79.38929796,65.74339271,1
01:14:16,3.253,3.25366,79.38342094,65.73733687,1
01:14:17,3.253,3.253675,79.37754393,65.73124528,1
01:14:18,3.253,3.253682,79.37166691,65.72508216,1
01:14:19,3.253,3.253685,79.36578989,65.71893692,1
01:14:20,3.253,3.253687,79.35991287,65.71286321,1
01:14:21,3.253,3.253687,79.35403585,65.70670605,1
01:14:22,3.253,3.253688,79.34815884,65.70056677,1
01:14:23,3.253,3.253688,79.34228182,65.69443345,1
01:14:24,3.253,3.253688,79.3364048,65.6883657,1
01:14:25,3.253,3.253688,79.33052778,65.68220854,1
01:14:26,3.253,3.253688,79.32465076,65.67606926,1
01:14:27,3.253,3.253688,79.31877375,65.66993594,1
01:14:28,3.253,3.253688,79.3129,65.66386819,1
01:14:29,3.253,3.253688,79.30701971,65.65771103,1
01:14:30,3.253,3.253688,79.30114269,65.65157175,1
01:14:31,3.253,3.253688,79.29526567,65.64543843,1
01:14:32,3.253,3.253688,79.28938866,65.63937068,1
01:14:33,3.253,3.253687,79.28351164,65.63321352,1
01:14:34,3.253,3.253688,79.27763462,65.62707424,1
01:14:35,3.253,3.253687,79.2717576,65.62094092,1
01:14:36,3.253,3.253687,79.26588058,65.61487317,1
01:14:37,3.253,3.253687,79.26000357,65.60871601,1
01:14:38,3.253,3.253687,79.25412655,65.60257673,1
01:14:39,3.253,3.253687,79.24824953,65.59644341,1
01:14:40,3.253,3.253687,79.24237251,65.59037566,1
01:14:41,3.253,3.253687,79.23649549,65.5842185,1
01:14:42,3.253,3.253687,79.23061848,65.57808,1
01:14:43,3.253,3.253687,79.22474146,65.57194591,1
01:14:44,3.253,3.253687,79.21886,65.56587815,1
01:14:45,3.253,3.253686,79.21298742,65.55972099,1
01:14:46,3.253,3.253687,79.2071104,65.55358171,1
01:14:47,3.253,3.253686,79.20123339,65.5474484,1
01:14:48,3.253,3.253686,79.19535637,65.54138064,1
01:14:49,3.253,3.253686,79.18947935,65.53522348,1
01:14:50,3.253,3.253686,79.18360233,65.52908421,1
01:14:51,3.253,3.253686,79.17772532,65.52301645,1
01:14:52,3.253,3.253686,79.1718483,65.5169189,1
01:14:53,3.253,3.253686,79.16597128,65.51075,1
01:14:54,3.253,3.253686,79.16009426,65.50460458,1
01:14:55,3.253,3.253686,79.15421724,65.49853086,1
01:14:56,3.253,3.253685,79.14834023,65.4923737,1
01:14:57,3.253,3.253685,79.14246321,65.48623443,1
01:14:58,3.253,3.253685,79.13658619,65.48010111,1
01:14:59,3.253,3.253685,79.13070917,65.47403336,1
01:15:00,3.253,3.253685,79.12483,65.4678762,1
01:15:01,3.253,3.253685,79.11895514,65.46173692,1
01:15:02,3.253,3.253685,79.11307812,65.4556036,1
01:15:03,3.253,3.253685,79.1072011,65.44953585,1
01:15:04,3.253,3.253685,79.10132408,65.44337869,1
01:15:05,3.253,3.253685,79.09544706,65.43723941,1
01:15:06,3.253,3.253685,79.08957005,65.43110609,1
01:15:07,3.253,3.253685,79.08369303,65.42503834,1
01:15:08,3.253,3.253685,79.07781601,65.41888118,1
01:15:09,3.253,3.253685,79.07193899,65.4127419,1
01:15:10,3.253,3.253685,79.06606197,65.40661,1
01:15:11,3.253,3.253684,79.06018496,65.40054083,1
01:15:12,3.253,3.253684,79.05430794,65.39438367,1
01:15:13,3.253,3.253684,79.04843092,65.38824439,1
01:15:14,3.253,3.253684,79.0425539,65.38211107,1
01:15:15,3.253,3.253684,79.03667688,65.37604332,1
01:15:16,3.253,3.253684,79.0308,65.36988616,1
01:15:17,3.253,3.253684,79.02492285,65.36374688,1
01:15:18,3.253,3.253684,79.01904583,65.35761356,1
01:15:19,3.253,3.253684,79.01316881,65.35154581,1
01:15:20,3.253,3.253684,79.00729179,65.34538865,1
01:15:21,3.253,3.253684,79.00141478,65.33924937,1
01:15:22,3.253,3.253683,78.99553776,65.33318162,1
01:15:23,3.253,3.253683,78.98966074,65.32708406,1
01:15:24,3.253,3.253683,78.98378372,65.32091498,1
01:15:25,3.253,3.253683,78.9779067,65.31476974,1
01:15:26,3.253,3.253683,78.97202969,65.30869603,1
01:15:27,3.253,3.253683,78.96615267,65.30259848,1
01:15:28,3.253,3.253683,78.96027565,65.2964294,1
01:15:29,3.253,3.253683,78.95439863,65.29028416,1
01:15:30,3.253,3.253683,78.94852161,65.28421044,1
01:15:31,3.253,3.253682,78.9426446,65.27805,1
01:15:32,3.253,3.253683,78.93677,65.27191401,1
01:15:33,3.253,3.253682,78.93089056,65.26578069,1
01:15:34,3.253,3.253682,78.92501354,65.25971293,1
01:15:35,3.253,3.253682,78.91913652,65.25355577,1
01:15:36,3.253,3.253682,78.91325951,65.2474165,1
01:15:37,3.253,3.253682,78.90738249,65.24128318,1
01:15:38,3.253,3.253682,78.90150547,65.23521543,1
01:15:39,3.253,3.253682,78.89562845,65.22905827,1
01:15:40,3.253,3.253682,78.88975143,65.22291899,1
01:15:41,3.253,3.253682,78.88387442,65.21678567,1
01:15:42,3.252,3.253682,78.8779974,65.21044374,1
01:15:43,3.253,3.253204,78.87212038,65.20448327,1
01:15:44,3.253,3.253445,78.86624336,65.1984334,1
01:15:45,3.253,3.253564,78.86036634,65.19234776,1
01:15:46,3.253,3.253623,78.85448933,65.18629789,1
01:15:47,3.253,3.253652,78.84861231,65.18015265,1
01:15:48,3.253,3.253667,78.84274,65.17401934,1
01:15:49,3.253,3.253674,78.83685827,65.16789198,1
01:15:50,3.253,3.253677,78.83098125,65.16182423,1
01:15:51,3.253,3.253679,78.82510424,65.15566707,1
01:15:52,3.253,3.25368,78.81922722,65.14952779,1
01:15:53,3.253,3.25368,78.8133502,65.14339,1
01:15:54,3.253,3.25368,78.80747318,65.13732672,1
01:15:55,3.252,3.25368,78.80159616,65.13075829,1
01:15:56,3.253,3.253203,78.79571915,65.12480378,1
01:15:57,3.253,3.253444,78.78984213,65.11880159,1
01:15:58,3.253,3.253563,78.78396511,65.11274576,1
01:15:59,3.253,3.253622,78.77808809,65.10660052,1
01:16:00,3.253,3.253651,78.77221107,65.10046721,1
01:16:01,3.253,3.253666,78.76633406,65.09439945,1
01:16:02,3.253,3.253673,78.76045704,65.0883019,1
01:16:03,3.253,3.253676,78.75458002,65.08213282,1
01:16:04,3.252,3.253678,78.7487,65.07558823,1
01:16:05,3.253,3.253201,78.74282598,65.0696516,1
01:16:06,3.253,3.253443,78.73694897,65.06358981,1
01:16:07,3.252,3.253562,78.73107195,65.05710483,1
01:16:08,3.253,3.253144,78.72519493,65.05117416,1
01:16:09,3.253,3.253414,78.71931791,65.0451839,1
01:16:10,3.253,3.253548,78.7134409,65.03908038,1
01:16:11,3.253,3.253614,78.70756388,65.03296494,1
01:16:12,3.253,3.253647,78.70168686,65.02684355,1
01:16:13,3.253,3.253663,78.69580984,65.02078176,1
01:16:14,3.252,3.253671,78.68993282,65.01421928,1
01:16:15,3.253,3.253197,78.68405581,65.00826478,1
01:16:16,3.253,3.25344,78.67817879,65.00226259,1
01:16:17,3.253,3.25356,78.67230177,64.99620676,1
01:16:18,3.253,3.25362,78.66642475,64.99006152,1
01:16:19,3.253,3.253649,78.66054773,64.9839282,1
01:16:20,3.253,3.253664,78.65467,64.97779489,1
01:16:21,3.253,3.253671,78.6487937,64.97172713,1
01:16:22,3.253,3.253675,78.64291668,64.96556997,1
01:16:23,3.253,3.253676,78.63703966,64.95943069,1
01:16:24,3.253,3.253677,78.63116264,64.95336294,1
01:16:25,3.253,3.253677,78.62528563,64.94726539,1
01:16:26,3.253,3.253678,78.61940861,64.94109631,1
01:16:27,3.253,3.253678,78.61353159,64.93495107,1
01:16:28,3.253,3.253678,78.60765457,64.92887735,1
01:16:29,3.253,3.253677,78.60177755,64.9227798,1
01:16:30,3.253,3.253678,78.59590054,64.91660476,1
01:16:31,3.253,3.253678,78.59002352,64.91045356,1
01:16:32,3.252,3.253678,78.5841465,64.90408778,1
01:16:33,3.253,3.253199,78.57826948,64.89812732,1
01:16:34,3.252,3.253441,78.57239246,64.89168406,1
01:16:35,3.253,3.253082,78.56651545,64.88577724,1
01:16:36,3.253,3.253382,78.56064,64.87979293,1
01:16:37,3.253,3.253531,78.55476141,64.8737,1
01:16:38,3.252,3.253604,78.54888439,64.86719251,1
01:16:39,3.253,3.253163,78.54300737,64.86125588,1
01:16:40,3.253,3.253422,78.53713036,64.85525966,1
01:16:41,3.253,3.25355,78.53125334,64.84915614,1
01:16:42,3.253,3.253614,78.52537632,64.8430407,1
01:16:43,3.253,3.253646,78.5194993,64.83691931,1
01:16:44,3.253,3.253661,78.51362228,64.83085752,1
01:16:45,3.253,3.253669,78.50774527,64.82470632,1
01:16:46,3.253,3.253672,78.50186825,64.81856704,1
01:16:47,3.253,3.253675,78.49599123,64.81243372,1
01:16:48,3.253,3.253675,78.49011421,64.80637,1
01:16:49,3.253,3.253675,78.48423719,64.80020881,1
01:16:50,3.253,3.253676,78.47836018,64.79406953,1
01:16:51,3.253,3.253676,78.47248316,64.78793621,1
01:16:52,3.253,3.253676,78.46661,64.78186846,1
01:16:53,3.252,3.253676,78.46072912,64.77530003,1
01:16:54,3.252,3.253198,78.4548521,64.76895809,1
01:16:55,3.252,3.25296,78.44897509,64.76280689,1
01:16:56,3.252,3.252843,78.44309807,64.75657821,1
01:16:57,3.252,3.252785,78.43722105,64.75039124,1
01:16:58,3.253,3.252756,78.43134403,64.74458575,1
01:16:59,3.253,3.25322,78.42546701,64.73863721,1
01:17:00,3.253,3.25345,78.41959,64.7325635,1
01:17:01,3.253,3.253563,78.41371298,64.72645998,1
01:17:02,3.253,3.25362,78.40783596,64.72034,1
01:17:03,3.253,3.253648,78.40195894,64.71428275,1
01:17:04,3.253,3.253661,78.39608192,64.70813155,1
01:17:05,3.252,3.253668,78.39020491,64.70159888,1
01:17:06,3.253,3.253193,78.38432789,64.69566822,1
01:17:07,3.252,3.253436,78.37845087,64.68932629,1
01:17:08,3.253,3.253078,78.37257,64.68341351,1
01:17:09,3.253,3.253379,78.36669683,64.67738152,1
01:17:10,3.252,3.253528,78.36081982,64.67091441,1
01:17:11,3.253,3.253124,78.3549428,64.66498971,1
01:17:12,3.252,3.253402,78.34906578,64.65858817,1
01:17:13,3.253,3.253061,78.34318876,64.65268731,1
01:17:14,3.252,3.25337,78.33731174,64.64643478,1
01:17:15,3.252,3.253045,78.33143473,64.64012265,1
01:17:16,3.252,3.252884,78.32555771,64.63389993,1
01:17:17,3.252,3.252805,78.31968069,64.62771893,1
01:17:18,3.252,3.252765,78.31380367,64.62162733,1
01:17:19,3.252,3.252745,78.30792665,64.61544,1
01:17:20,3.252,3.252736,78.30204964,64.60927725,1
01:17:21,3.252,3.252731,78.29617262,64.60319161,1
01:17:22,3.252,3.252728,78.2902956,64.59701061,1
01:17:23,3.252,3.252727,78.28441858,64.59084749,1
01:17:24,3.252,3.252726,78.27854,64.58469629,1
01:17:25,3.252,3.252726,78.27266455,64.57861662,1
01:17:26,3.252,3.252726,78.26678753,64.57243562,1
01:17:27,3.252,3.252725,78.26091051,64.5662725,1
01:17:28,3.252,3.252725,78.25503349,64.5601213,1
01:17:29,3.253,3.252725,78.24915648,64.55432177,1
01:17:30,3.253,3.253203,78.24327946,64.5483613,1
01:17:31,3.252,3.25344,78.23740244,64.54191804,1
01:17:32,3.252,3.253079,78.23152542,64.53562975,1
01:17:33,3.252,3.2529,78.2256484,64.52950239,1
01:17:34,3.253,3.252812,78.21977139,64.52370286,1
01:17:35,3.252,3.253246,78.21389437,64.51733708,1
01:17:36,3.252,3.252983,78.20801735,64.51108456,1
01:17:37,3.253,3.252852,78.20214033,64.50524926,1
01:17:38,3.252,3.253266,78.19626331,64.49884176,1
01:17:39,3.252,3.252993,78.1903863,64.49257135,1
01:17:40,3.252,3.252857,78.18451,64.48644996,1
01:17:41,3.253,3.25279,78.17863226,64.48066235,1
01:17:42,3.253,3.253235,78.17275524,64.47468996,1
01:17:43,3.252,3.253455,78.16687822,64.46825862,1
01:17:44,3.252,3.253086,78.16100121,64.46207762,1
01:17:45,3.252,3.252903,78.15512419,64.45582509,1
01:17:46,3.252,3.252813,78.14924717,64.44962621,1
01:17:47,3.252,3.252768,78.14337015,64.44345713,1
01:17:48,3.252,3.252745,78.13749313,64.43737149,1
01:17:49,3.252,3.252734,78.13161612,64.43118453,1
01:17:50,3.252,3.252729,78.1257391,64.42502141,1
01:17:51,3.252,3.252726,78.11986208,64.41886425,1
01:17:52,3.252,3.252724,78.11398506,64.41278458,1
01:17:53,3.252,3.252724,78.10810804,64.40660357,1
01:17:54,3.252,3.252723,78.10223103,64.40044045,1
01:17:55,3.252,3.252723,78.09635401,64.39435482,1
01:17:56,3.252,3.252723,78.09048,64.38817382,1
01:17:57,3.252,3.252723,78.08459997,64.3820107,1
01:17:58,3.252,3.252723,78.07872295,64.3758595,1
01:17:59,3.252,3.252723,78.07284594,64.36977983,1
01:18:00,3.252,3.252722,78.06696892,64.36359882,1
01:18:01,3.252,3.252722,78.0610919,64.3574357,1
01:18:02,3.252,3.252722,78.05521488,64.3512845,1
01:18:03,3.252,3.252722,78.04933786,64.34520483,1
01:18:04,3.252,3.252722,78.04346085,64.33902383,1
01:18:05,3.252,3.252722,78.03758383,64.33286071,1
01:18:06,3.252,3.252722,78.03170681,64.32670951,1
01:18:07,3.252,3.252722,78.02582979,64.32062984,1
01:18:08,3.252,3.252722,78.01995277,64.31444883,1
01:18:09,3.252,3.252722,78.01407576,64.30828571,1
01:18:10,3.252,3.252722,78.00819874,64.30220008,1
01:18:11,3.252,3.252721,78.00232172,64.29608464,1
01:18:12,3.252,3.252721,77.99644,64.28988576,1
01:18:13,3.252,3.252721,77.99056768,64.28371668,1
01:18:14,3.252,3.252721,77.98469067,64.27763104,1
01:18:15,3.252,3.252721,77.97881365,64.27144408,1
01:18:16,3.252,3.252721,77.97293663,64.26528096,1
01:18:17,3.252,3.252721,77.96705961,64.2591238,1
01:18:18,3.252,3.252721,77.96118259,64.25304,1
01:18:19,3.252,3.252721,77.95530558,64.24686313,1
01:18:20,3.252,3.252721,77.94942856,64.24070001,1
01:18:21,3.252,3.252721,77.94355154,64.23454881,1
01:18:22,3.252,3.25272,77.93767452,64.22846913,1
01:18:23,3.252,3.25272,77.9317975,64.22228813,1
01:18:24,3.252,3.25272,77.92592049,64.21612501,1
01:18:25,3.252,3.25272,77.92004347,64.20997381,1
01:18:26,3.252,3.25272,77.91416645,64.20389414,1
01:18:27,3.252,3.25272,77.90828943,64.19771314,1
01:18:28,3.252,3.25272,77.90241,64.19155002,1
01:18:29,3.252,3.25272,77.8965354,64.18546438,1
01:18:30,3.252,3.25272,77.89065838,64.17934895,1
01:18:31,3.252,3.25272,77.88478136,64.17315006,1
01:18:32,3.252,3.25272,77.87890434,64.16698098,1
01:18:33,3.252,3.252719,77.87302732,64.16089535,1
01:18:34,3.252,3.252719,77.86715031,64.15470839,1
01:18:35,3.252,3.252719,77.86127329,64.14854527,1
01:18:36,3.252,3.252719,77.85539627,64.14238811,1
01:18:37,3.252,3.252719,77.84951925,64.13630843,1
01:18:38,3.252,3.252719,77.84364223,64.13012743,1
01:18:39,3.252,3.252719,77.83776522,64.12396431,1
01:18:40,3.252,3.252719,77.8318882,64.11781,1
01:18:41,3.252,3.252719,77.82601118,64.11173344,1
01:18:42,3.252,3.252718,77.82013416,64.10555243,1
01:18:43,3.252,3.252719,77.81425714,64.09938931,1
01:18:44,3.252,3.252718,77.80838,64.09330368,1
01:18:45,3.252,3.252718,77.80250311,64.08718824,1
01:18:46,3.252,3.252718,77.79662609,64.08098936,1
01:18:47,3.252,3.252718,77.79074907,64.07482028,1
01:18:48,3.252,3.252718,77.78487206,64.06873465,1
01:18:49,3.252,3.252718,77.77899504,64.06254768,1
01:18:50,3.252,3.252718,77.77311802,64.05638456,1
01:18:51,3.252,3.252718,77.767241,64.0502274,1
01:18:52,3.252,3.252718,77.76136398,64.04414773,1
01:18:53,3.252,3.252717,77.75548697,64.03796673,1
01:18:54,3.252,3.252717,77.74960995,64.03180361,1
01:18:55,3.252,3.252717,77.74373293,64.02565241,1
01:18:56,3.252,3.252717,77.73785591,64.01957273,1
01:18:57,3.252,3.252717,77.73197889,64.01339173,1
01:18:58,3.252,3.252717,77.72610188,64.00722861,1
01:18:59,3.252,3.252717,77.72022486,64.00107741,1
01:19:00,3.252,3.252717,77.71435,63.99499774,1
01:19:01,3.252,3.252717,77.70847082,63.98881674,1
01:19:02,3.252,3.252717,77.7025938,63.98265362,1
01:19:03,3.252,3.252717,77.69671679,63.97656798,1
01:19:04,3.252,3.252716,77.69083977,63.97045255,1
01:19:05,3.252,3.252717,77.68496275,63.96425366,1
01:19:06,3.252,3.252717,77.67908573,63.95808458,1
01:19:07,3.252,3.252717,77.67320871,63.95199895,1
01:19:08,3.252,3.252716,77.6673317,63.94581199,1
01:19:09,3.252,3.252716,77.66145468,63.93964887,1
01:19:10,3.252,3.252716,77.65557766,63.93349171,1
01:19:11,3.252,3.252716,77.64970064,63.92741203,1
01:19:12,3.252,3.252716,77.64382362,63.92123103,1
01:19:13,3.252,3.252716,77.63794661,63.91506791,1
01:19:14,3.252,3.252716,77.63206959,63.90891671,1
01:19:15,3.252,3.252716,77.62619257,63.90283704,1
01:19:16,3.252,3.252716,77.62032,63.89666,1
01:19:17,3.252,3.252716,77.61443853,63.89049292,1
01:19:18,3.252,3.252716,77.60856152,63.88440728,1
01:19:19,3.252,3.252715,77.6026845,63.87829185,1
01:19:20,3.252,3.252715,77.59680748,63.87209296,1
01:19:21,3.252,3.252715,77.59093046,63.86592388,1
01:19:22,3.252,3.252715,77.58505344,63.85983825,1
01:19:23,3.252,3.252715,77.57917643,63.85365129,1
01:19:24,3.252,3.252715,77.57329941,63.84748816,1
01:19:25,3.252,3.252715,77.56742239,63.84133101,1
01:19:26,3.252,3.252715,77.56154537,63.83525133,1
01:19:27,3.252,3.252714,77.55566835,63.82907033,1
01:19:28,3.252,3.252714,77.54979134,63.82290721,1
01:19:29,3.252,3.252715,77.54391432,63.81675601,1
01:19:30,3.252,3.252714,77.5380373,63.81067634,1
01:19:31,3.252,3.252714,77.53216028,63.80449533,1
01:19:32,3.252,3.252714,77.52628,63.79833,1
01:19:33,3.252,3.252714,77.52040625,63.79218102,1
01:19:34,3.252,3.252714,77.51452923,63.78610134,1
01:19:35,3.252,3.252714,77.50865221,63.77992034,1
01:19:36,3.252,3.252714,77.50277519,63.77375722,1
01:19:37,3.252,3.252714,77.49689817,63.76767159,1
01:19:38,3.252,3.252713,77.49102116,63.76155615,1
01:19:39,3.252,3.252714,77.48514414,63.75535727,1
01:19:40,3.252,3.252713,77.47926712,63.74918818,1
01:19:41,3.252,3.252713,77.4733901,63.74310255,1
01:19:42,3.252,3.252713,77.46751308,63.73692,1
01:19:43,3.252,3.252713,77.46163607,63.73075247,1
01:19:44,3.252,3.252713,77.45575905,63.72459531,1
01:19:45,3.252,3.252713,77.44988203,63.71851563,1
01:19:46,3.252,3.252713,77.44400501,63.71233463,1
01:19:47,3.252,3.252713,77.43812799,63.70617151,1
01:19:48,3.252,3.252713,77.43225,63.70001435,1
01:19:49,3.252,3.252712,77.42637396,63.69393468,1
01:19:50,3.252,3.252712,77.42049694,63.68775368,1
01:19:51,3.252,3.252712,77.41461992,63.68159056,1
01:19:52,3.252,3.252712,77.4087429,63.67550492,1
01:19:53,3.252,3.252712,77.40286589,63.66938949,1
01:19:54,3.252,3.252712,77.39698887,63.6631906,1
01:19:55,3.252,3.252712,77.39111185,63.65702152,1
01:19:56,3.252,3.252712,77.38523483,63.65093589,1
01:19:57,3.252,3.252712,77.37935781,63.64474893,1
01:19:58,3.252,3.252712,77.3734808,63.63858581,1
01:19:59,3.252,3.252712,77.36760378,63.63242865,1
01:20:00,3.252,3.252712,77.36172676,63.62634897,1
01:20:01,3.252,3.252712,77.35584974,63.62016797,1
01:20:02,3.252,3.252712,77.34997272,63.61400485,1
01:20:03,3.252,3.252712,77.34409571,63.60784769,1
01:20:04,3.252,3.252711,77.33822,63.60176802,1
01:20:05,3.252,3.252711,77.33234167,63.59558702,1
01:20:06,3.252,3.252711,77.32646465,63.58942389,1
01:20:07,3.252,3.252711,77.32058764,63.58326674,1
01:20:08,3.252,3.252711,77.31471062,63.57718706,1
01:20:09,3.252,3.252711,77.3088336,63.57100606,1
01:20:10,3.252,3.252711,77.30295658,63.56484294,1
01:20:11,3.252,3.252711,77.29707956,63.55875731,1
01:20:12,3.252,3.252711,77.29120255,63.5525763,1
01:20:13,3.252,3.252711,77.28532553,63.54641318,1
01:20:14,3.252,3.252711,77.27944851,63.54025602,1
01:20:15,3.252,3.25271,77.27357149,63.53417635,1
01:20:16,3.252,3.25271,77.26769447,63.52799535,1
01:20:17,3.252,3.25271,77.26181746,63.52183223,1
01:20:18,3.252,3.25271,77.25594044,63.51567507,1
01:20:19,3.252,3.25271,77.25006342,63.50959539,1
01:20:20,3.252,3.25271,77.24419,63.50341439,1
01:20:21,3.252,3.25271,77.23830938,63.49725127,1
01:20:22,3.252,3.25271,77.23243237,63.49109411,1
01:20:23,3.252,3.25271,77.22655535,63.48501444,1
01:20:24,3.252,3.25271,77.22067833,63.47883344,1
01:20:25,3.252,3.25271,77.21480131,63.47267032,1
01:20:26,3.252,3.252709,77.20892429,63.46658468,1
01:20:27,3.252,3.252709,77.20304728,63.46046925,1
01:20:28,3.252,3.252709,77.19717026,63.45427036,1
01:20:29,3.252,3.252709,77.19129324,63.44810128,1
01:20:30,3.252,3.252709,77.18541622,63.44201565,1
01:20:31,3.252,3.252709,77.1795392,63.43582869,1
01:20:32,3.252,3.252709,77.17366219,63.42966557,1
01:20:33,3.252,3.252709,77.16778517,63.42350841,1
01:20:34,3.252,3.252709,77.16190815,63.41742873,1
01:20:35,3.252,3.252708,77.15603113,63.41124773,1
01:20:36,3.252,3.252708,77.15015,63.40508461,1
01:20:37,3.252,3.252708,77.1442771,63.39892745,1
01:20:38,3.252,3.252708,77.13840008,63.39284778,1
01:20:39,3.252,3.252708,77.13252306,63.38666677,1
01:20:40,3.252,3.252708,77.12664604,63.38050365,1
01:20:41,3.252,3.252708,77.12076902,63.37434649,1
01:20:42,3.252,3.252708,77.11489201,63.36826682,1
01:20:43,3.252,3.252708,77.10901499,63.36208582,1
01:20:44,3.252,3.252708,77.10313797,63.35592,1
01:20:45,3.252,3.252708,77.09726095,63.34983706,1
01:20:46,3.252,3.252707,77.09138393,63.34365606,1
01:20:47,3.252,3.252707,77.08550692,63.33749294,1
01:20:48,3.252,3.252707,77.0796299,63.33133578,1
01:20:49,3.252,3.252707,77.07375288,63.32525611,1
01:20:50,3.252,3.252707,77.06787586,63.31907511,1
01:20:51,3.252,3.252707,77.06199884,63.31291,1
01:20:52,3.252,3.252707,77.05612,63.30675483,1
01:20:53,3.252,3.252707,77.05024481,63.30067515,1
01:20:54,3.252,3.252707,77.04436779,63.29449415,1
01:20:55,3.252,3.252707,77.03849077,63.28833103,1
01:20:56,3.252,3.252707,77.03261375,63.28217387,1
01:20:57,3.252,3.252707,77.02673674,63.2760942,1
01:20:58,3.252,3.252707,77.02085972,63.2699132,1
01:20:59,3.252,3.252707,77.0149827,63.26375008,1
01:21:00,3.252,3.252707,77.00910568,63.25766444,1
01:21:01,3.252,3.252706,77.00322866,63.25154901,1
01:21:02,3.252,3.252706,76.99735165,63.24535012,1
01:21:03,3.252,3.252706,76.99147463,63.23918104,1
01:21:04,3.252,3.252706,76.98559761,63.23309541,1
01:21:05,3.252,3.252706,76.97972059,63.22690845,1
01:21:06,3.252,3.252706,76.97384357,63.22074533,1
01:21:07,3.252,3.252706,76.96796656,63.21459,1
01:21:08,3.252,3.252706,76.96209,63.20850849,1
01:21:09,3.251,3.252706,76.95621252,63.20189238,1
01:21:10,3.252,3.252226,76.9503355,63.19592595,1
01:21:11,3.252,3.252468,76.94445848,63.18991184,1
01:21:12,3.251,3.252588,76.93858147,63.18350434,1
01:21:13,3.252,3.252168,76.93270445,63.17754984,1
01:21:14,3.251,3.252439,76.92682743,63.17107081,1
01:21:15,3.252,3.252094,76.92095041,63.16516399,1
01:21:16,3.251,3.252402,76.91507339,63.15867305,1
01:21:17,3.251,3.252076,76.90919638,63.15235496,1
01:21:18,3.251,3.251914,76.90331936,63.14621,1
01:21:19,3.251,3.251833,76.89744234,63.13996911,1
01:21:20,3.251,3.251794,76.89156532,63.13377023,1
01:21:21,3.251,3.251774,76.8856883,63.12758923,1
01:21:22,3.251,3.251764,76.87981129,63.12149167,1
01:21:23,3.251,3.251759,76.87393427,63.11528683,1
01:21:24,3.251,3.251757,76.86806,63.10909986,1
01:21:25,3.251,3.251755,76.86218023,63.10300231,1
01:21:26,3.251,3.251754,76.85630322,63.09687495,1
01:21:27,3.251,3.251754,76.8504262,63.09065223,1
01:21:28,3.251,3.251754,76.84454918,63.0844593,1
01:21:29,3.251,3.251754,76.83867216,63.07835579,1
01:21:30,3.251,3.251753,76.83279514,63.07214499,1
01:21:31,3.251,3.251754,76.82691813,63.06595802,1
01:21:32,3.251,3.251754,76.82104111,63.05978298,1
01:21:33,3.251,3.251753,76.81516409,63.05369139,1
01:21:34,3.251,3.251753,76.80928707,63.04748654,1
01:21:35,3.251,3.251753,76.80341005,63.04129958,1
01:21:36,3.251,3.251753,76.79753304,63.0352,1
01:21:37,3.251,3.251753,76.79165602,63.02907467,1
01:21:38,3.251,3.251753,76.785779,63.02285194,1
01:21:39,3.251,3.251753,76.77990198,63.01665902,1
01:21:40,3.251,3.251753,76.77402,63.01055551,1
01:21:41,3.251,3.251752,76.76814795,63.0043447,1
01:21:42,3.251,3.251753,76.76227093,62.99815774,1
01:21:43,3.251,3.251752,76.75639391,62.9919827,1
01:21:44,3.25,3.251752,76.75051689,62.98559904,1
01:21:45,3.251,3.251273,76.74463987,62.9796,1
01:21:46,3.25,3.251515,76.73876286,62.97310591,1
01:21:47,3.25,3.251155,76.73288584,62.96688914,1
01:21:48,3.25,3.250978,76.72700882,62.96058297,1
01:21:49,3.25,3.250889,76.7211318,62.95434237,1
01:21:50,3.25,3.250845,76.71525478,62.94821501,1
01:21:51,3.25,3.250823,76.70937777,62.9419744,1
01:21:52,3.25,3.250813,76.70350075,62.9357636,1
01:21:53,3.25,3.250807,76.69762373,62.92956471,1
01:21:54,3.25,3.250804,76.69174671,62.92345524,1
01:21:55,3.25,3.250803,76.68586969,62.91722655,1
01:21:56,3.25,3.250802,76.67999,62.91102171,1
01:21:57,3.25,3.250802,76.67411566,62.90490627,1
01:21:58,3.25,3.250801,76.66823864,62.89867759,1
01:21:59,3.25,3.250801,76.66236162,62.89247274,1
01:22:00,3.25,3.250801,76.6564846,62.88627982,1
01:22:01,3.25,3.250801,76.65060759,62.88017035,1
01:22:02,3.25,3.250801,76.64473057,62.87394166,1
01:22:03,3.25,3.250801,76.63885355,62.86774,1
01:22:04,3.25,3.250801,76.63297653,62.86154389,1
01:22:05,3.25,3.250801,76.62709951,62.85543,1
01:22:06,3.25,3.2508,76.6212225,62.84920573,1
01:22:07,3.25,3.250801,76.61534548,62.84300089,1
01:22:08,3.25,3.2508,76.60946846,62.83688545,1
01:22:09,3.25,3.2508,76.60359144,62.83065677,1
01:22:10,3.25,3.2508,76.59771442,62.82445192,1
01:22:11,3.25,3.2508,76.59183741,62.818259,1
01:22:12,3.25,3.2508,76.58596,62.81214952,1
01:22:13,3.25,3.2508,76.58008337,62.80592084,1
01:22:14,3.249,3.2508,76.57420635,62.79930472,1
01:22:15,3.25,3.25032,76.56832933,62.79333234,1
01:22:16,3.249,3.250562,76.56245232,62.78677,1
01:22:17,3.249,3.250203,76.5565753,62.78039813,1
01:22:18,3.249,3.250024,76.55069828,62.77421713,1
01:22:19,3.249,3.249936,76.54482126,62.76792884,1
01:22:20,3.249,3.249892,76.53894424,62.76168227,1
01:22:21,3.249,3.249871,76.53306723,62.75554895,1
01:22:22,3.249,3.249859,76.52719021,62.74929,1
01:22:23,3.249,3.249854,76.52131319,62.74306178,1
01:22:24,3.249,3.249851,76.51543617,62.73684502,1
01:22:25,3.249,3.24985,76.50955915,62.73072362,1
01:22:26,3.249,3.249849,76.50368214,62.72447705,1
01:22:27,3.249,3.249849,76.49780512,62.71824837,1
01:22:28,3.249,3.249849,76.49193,62.71212101,1
01:22:29,3.249,3.249848,76.48605108,62.70586848,1
01:22:30,3.249,3.249848,76.48017406,62.6996398,1
01:22:31,3.249,3.249848,76.47429705,62.69342303,1
01:22:32,3.249,3.249848,76.46842003,62.6873,1
01:22:33,3.249,3.249848,76.46254301,62.68105507,1
01:22:34,3.248001,3.249848,76.45666599,62.67441511,1
01:22:35,3.249,3.249369,76.45078897,62.66843081,1
01:22:36,3.249,3.24961,76.44491196,62.66228557,1
01:22:37,3.248001,3.24973,76.43903494,62.65569329,1
01:22:38,3.248001,3.24931,76.43315792,62.64942884,1
01:22:39,3.248001,3.249102,76.4272809,62.64306307,1
01:22:40,3.248001,3.248999,76.42140388,62.63677478,1
01:22:41,3.248001,3.248947,76.41552687,62.63061762,1
01:22:42,3.248001,3.248922,76.40964985,62.62433529,1
01:22:43,3.248001,3.248909,76.40377283,62.61808276,1
01:22:44,3.248001,3.248903,76.3979,62.61193752,1
01:22:45,3.248001,3.248899,76.3920188,62.60575652,1
01:22:47,3.248001,3.248898,76.38614178,62.59946227,1
01:22:47,3.248001,3.248897,76.38026476,62.59320378,1
01:22:48,3.248001,3.248897,76.37438774,62.58705854,1
01:22:49,3.248001,3.248896,76.36851072,62.58078218,1
01:22:50,3.248001,3.248896,76.36263371,62.57453561,1
01:22:51,3.248001,3.248896,76.35675669,62.56839037,1
01:22:52,3.248001,3.248896,76.35087967,62.562114,1
01:22:53,3.248001,3.248896,76.34500265,62.55586743,1
01:22:54,3.248001,3.248896,76.33912563,62.54963279,1
01:22:55,3.248001,3.248895,76.33324862,62.54349947,1
01:22:56,3.248001,3.248895,76.3273716,62.53722906,1
01:22:57,3.248001,3.248895,76.32149458,62.53098249,1
01:22:58,3.248001,3.248895,76.31561756,62.52484322,1
01:22:59,3.247,3.248895,76.30974054,62.51812577,1
01:23:00,3.248001,3.248415,76.30386,62.5120759,1
01:23:01,3.248001,3.248657,76.29798651,62.50600219,1
01:23:02,3.248001,3.248777,76.29210949,62.49977946,1
01:23:03,3.248001,3.248836,76.28623247,62.49355674,1
01:23:04,3.247,3.248866,76.28035545,62.48693,1
01:23:05,3.247,3.2484,76.27447844,62.48050928,1
01:23:06,3.247,3.24817,76.26860142,62.47417331,1
01:23:07,3.247,3.248055,76.2627244,62.46799827,1
01:23:08,3.247,3.247998,76.25684738,62.46168613,1
01:23:09,3.247,3.24797,76.25097036,62.45540977,1
01:23:10,3.247,3.247956,76.24509335,62.44915128,1
01:23:11,3.247,3.247949,76.23921633,62.44300008,1
01:23:12,3.247,3.247946,76.23333931,62.43670583,1
01:23:13,3.247,3.247944,76.22746229,62.43044138,1
01:23:14,3.247,3.247943,76.22158527,62.42428422,1
01:23:15,3.247,3.247942,76.21570826,62.41798997,1
01:23:16,3.247,3.247942,76.20983,62.41171956,1
01:23:17,3.247,3.247942,76.20395422,62.4055624,1
01:23:18,3.247,3.247941,76.1980772,62.39926815,1
01:23:19,3.247,3.247941,76.19220018,62.393,1
01:23:20,3.247,3.247942,76.18632317,62.38674521,1
01:23:21,3.247,3.247941,76.18044615,62.38049865,1
01:23:22,3.247,3.247941,76.17456913,62.37425208,1
01:23:23,3.247,3.247941,76.16869211,62.36801,1
01:23:24,3.247,3.247941,76.16281509,62.36186624,1
01:23:25,3.247,3.247941,76.15693808,62.35557795,1
01:23:26,3.247,3.247941,76.15106106,62.3493135,1
01:23:27,3.247,3.247941,76.14518404,62.34315634,1
01:23:28,3.247,3.24794,76.13930702,62.33686209,1
01:23:29,3.247,3.24794,76.13343,62.33059168,1
01:23:30,3.247,3.24794,76.12755299,62.32433915,1
01:23:31,3.247,3.24794,76.12167597,62.31809258,1
01:23:32,3.246,3.24794,76.1158,62.31146,1
01:23:33,3.246,3.247461,76.10992193,62.30516,1
01:23:34,3.246,3.247222,76.10404491,62.29875088,1
01:23:35,3.246,3.247105,76.0981679,62.2924149,1
01:23:36,3.246,3.247046,76.09229088,62.28622794,1
01:23:37,3.246,3.247017,76.08641386,62.27989793,1
01:23:38,3.246,3.247003,76.08053684,62.27360368,1
01:23:39,3.246,3.246995,76.07465982,62.26732731,1
01:23:40,3.246,3.246992,76.06878281,62.2610569,1
01:23:41,3.246,3.24699,76.06290579,62.25479245,1
01:23:42,3.246,3.246989,76.05702877,62.248528,1
01:23:43,3.246,3.246988,76.05115175,62.24237084,1
01:23:44,3.246,3.246988,76.04527473,62.23605871,1
01:23:45,3.246,3.246988,76.03939772,62.22977042,1
01:23:46,3.246,3.246987,76.0335207,62.22360134,1
01:23:47,3.246,3.246987,76.02764368,62.21728325,1
01:23:48,3.246,3.246987,76.02177,62.21099496,1
01:23:49,3.246,3.246987,76.01588964,62.20482588,1
01:23:50,3.246,3.246987,76.01001263,62.19850779,1
01:23:51,3.246,3.246987,76.00413561,62.1922195,1
01:23:52,3.246,3.246987,75.99825859,62.18594313,1
01:23:53,3.246,3.246986,75.99238157,62.17967272,1
01:23:54,3.246,3.246986,75.98650455,62.17340827,1
01:23:55,3.246,3.246986,75.98062754,62.16714382,1
01:23:56,3.246,3.246986,75.97475052,62.16098666,1
01:23:57,3.246,3.246986,75.9688735,62.15467,1
01:23:58,3.246,3.246986,75.96299648,62.14838624,1
01:23:59,3.246,3.246986,75.95711946,62.14221716,1
01:24:00,3.246,3.246986,75.95124245,62.13589907,1
01:24:01,3.246,3.246986,75.94536543,62.12961078,1
01:24:02,3.246,3.246985,75.93948841,62.1234417,1
01:24:03,3.246,3.246985,75.93361139,62.1171236,1
01:24:04,3.246,3.246985,75.92773,62.11083531,1
01:24:05,3.246,3.246985,75.92185736,62.10455894,1
01:24:06,3.246,3.246985,75.91598034,62.09828854,1
01:24:07,3.246,3.246985,75.91010332,62.09202409,1
01:24:08,3.246,3.246985,75.9042263,62.08575964,1
01:24:09,3.244999,3.246984,75.89834929,62.07931638,1
01:24:10,3.246,3.246505,75.89247227,62.07321882,1
01:24:11,3.246,3.246747,75.88659525,62.06703,1
01:24:12,3.244999,3.246866,75.88071823,62.06060052,1
01:24:13,3.244999,3.246445,75.87484121,62.05407381,1
01:24:14,3.244999,3.246237,75.8689642,62.04767823,1
01:24:15,3.244999,3.246134,75.86308718,62.04146147,1
01:24:16,3.244999,3.246082,75.85721016,62.03510165,1
01:24:17,3.244999,3.246057,75.85133314,62.02878356,1
01:24:18,3.244999,3.246044,75.84545612,62.0225966,1
01:24:19,3.244999,3.246038,75.83957911,62.01625466,1
01:24:20,3.244999,3.246035,75.8337,62.00994253,1
01:24:21,3.244999,3.246032,75.82782507,62.00375557,1
01:24:22,3.244999,3.246032,75.82194805,61.99741,1
01:24:23,3.244999,3.246031,75.81607103,61.9911015,1
01:24:24,3.244999,3.246031,75.81019402,61.98491454,1
01:24:25,3.244999,3.246031,75.804317,61.97857261,1
01:24:26,3.244999,3.246031,75.79843998,61.97226048,1
01:24:27,3.244999,3.246031,75.79256296,61.96607351,1
01:24:28,3.244999,3.24603,75.78668594,61.95973158,1
01:24:29,3.244999,3.246031,75.78080893,61.95341945,1
01:24:30,3.244999,3.24603,75.77493191,61.94723248,1
01:24:31,3.244999,3.24603,75.76905489,61.94089055,1
01:24:32,3.244999,3.24603,75.76317787,61.93457842,1
01:24:33,3.244999,3.24603,75.75730085,61.92828417,1
01:24:34,3.244999,3.246029,75.75142384,61.92210913,1
01:24:35,3.244999,3.246029,75.74554682,61.91577315,1
01:24:36,3.244999,3.246029,75.73967,61.90946698,1
01:24:37,3.244999,3.246029,75.73379278,61.90329,1
01:24:38,3.244999,3.246029,75.72791576,61.89694405,1
01:24:39,3.244999,3.246029,75.72203875,61.89063191,1
01:24:40,3.244999,3.246029,75.71616173,61.88444495,1
01:24:41,3.244999,3.246029,75.71028471,61.87810302,1
01:24:42,3.244999,3.246029,75.70440769,61.87179089,1
01:24:43,3.244999,3.246028,75.69853067,61.86560392,1
01:24:44,3.244999,3.246028,75.69265366,61.85926199,1
01:24:46,3.244999,3.246028,75.68677664,61.85294986,1
01:24:47,3.244999,3.246028,75.68089962,61.8467629,1
01:24:48,3.244999,3.246027,75.6750226,61.84042096,1
01:24:48,3.244999,3.246028,75.66914558,61.83410883,1
01:24:50,3.244999,3.246027,75.66326857,61.82781458,1
01:24:50,3.244999,3.246027,75.65739155,61.82152629,1
01:24:51,3.244999,3.246027,75.65151453,61.81524396,1
01:24:52,3.244999,3.246027,75.64564,61.80896163,1
01:24:53,3.244999,3.246027,75.63976049,61.80279255,1
01:24:55,3.244999,3.246027,75.63388348,61.79645658,1
01:24:55,3.244999,3.246027,75.62800646,61.7901504,1
01:24:56,3.244999,3.246026,75.62212944,61.7839694,1
01:24:57,3.244999,3.246026,75.61625242,61.77762747,1
01:24:59,3.244999,3.246026,75.6103754,61.77131534,1
01:24:59,3.244999,3.246026,75.60449839,61.76513433,1
01:25:00,3.244999,3.246026,75.59862137,61.7587924,1
01:25:01,3.244999,3.246026,75.59274435,61.75248027,1
01:25:03,3.244999,3.246026,75.58686733,61.74629927,1
01:25:03,3.244999,3.246026,75.58099031,61.73995733,1
01:25:04,3.244999,3.246025,75.5751133,61.7336452,1
01:25:05,3.244999,3.246025,75.56923628,61.7274642,1
01:25:07,3.244999,3.246025,75.56335926,61.72112226,1
01:25:08,3.244999,3.246025,75.55748224,61.71481013,1
01:25:08,3.244999,3.246025,75.55161,61.70851588,1
01:25:09,3.244999,3.246025,75.54572821,61.70234084,1
01:25:10,3.244999,3.246025,75.53985119,61.69600487,1
01:25:12,3.244999,3.246024,75.53397417,61.6896987,1
01:25:12,3.244999,3.246024,75.52809715,61.68351769,1
01:25:13,3.244999,3.246024,75.52222013,61.67717576,1
01:25:14,3.244999,3.246024,75.51634312,61.67086363,1
01:25:16,3.244999,3.246024,75.5104661,61.66468263,1
01:25:17,3.244999,3.246024,75.50458908,61.65834069,1
01:25:17,3.244999,3.246024,75.49871206,61.65202856,1
01:25:18,3.244999,3.246024,75.49283504,61.64584756,1
01:25:20,3.244999,3.246023,75.48695803,61.63950562,1
01:25:21,3.244999,3.246023,75.48108101,61.63319349,1
01:25:21,3.244999,3.246023,75.47520399,61.62701249,1
01:25:22,3.244999,3.246023,75.46932697,61.62067056,1
01:25:24,3.244999,3.246023,75.46344995,61.61435843,1
01:25:25,3.244999,3.246023,75.45757,61.60806417,1
01:25:26,3.244999,3.246023,75.45169592,61.60177588,1
01:25:26,3.244999,3.246022,75.4458189,61.59549356,1
01:25:27,3.244999,3.246022,75.43994188,61.58921123,1
01:25:29,3.244999,3.246022,75.43406487,61.58304,1
01:25:30,3.244999,3.246022,75.42818785,61.57670617,1
01:25:30,3.244999,3.246022,75.42231083,61.5704,1
01:25:31,3.244999,3.246022,75.41643381,61.564219,1
01:25:33,3.244999,3.246022,75.41055679,61.55787706,1
01:25:34,3.244999,3.246022,75.40467978,61.55156493,1
01:25:34,3.244999,3.246022,75.39880276,61.54538393,1
01:25:35,3.244999,3.246021,75.39292574,61.539042,1
01:25:37,3.244999,3.246022,75.38704872,61.53272986,1
01:25:38,3.244999,3.246021,75.3811717,61.52654886,1
01:25:39,3.244999,3.246021,75.37529469,61.52020693,1
01:25:39,3.244999,3.246021,75.36941767,61.5138948,1
01:25:40,3.244999,3.246021,75.36354,61.50771379,1
01:25:42,3.244999,3.24602,75.35766363,61.50137186,1
01:25:43,3.244999,3.24602,75.35178661,61.49505973,1
01:25:43,3.244999,3.24602,75.3459096,61.48876548,1
01:25:44,3.244999,3.24602,75.34003258,61.48259044,1
01:25:46,3.244999,3.24602,75.33415556,61.47625446,1
01:25:47,3.244999,3.24602,75.32827854,61.46994829,1
01:25:48,3.244999,3.24602,75.32240152,61.46376729,1
01:25:48,3.244999,3.24602,75.31652451,61.45742536,1
01:25:50,3.244999,3.24602,75.31064749,61.45111322,1
01:25:51,3.244999,3.246019,75.30477047,61.44493222,1
01:25:52,3.244999,3.246019,75.29889345,61.43859029,1
01:25:52,3.244999,3.246019,75.29301643,61.43227816,1
01:25:54,3.244999,3.246019,75.28713942,61.42609715,1
01:25:55,3.244999,3.246019,75.2812624,61.41975522,1
01:25:56,3.244999,3.246019,75.27538538,61.41344309,1
01:25:57,3.244999,3.246018,75.26951,61.40726209,1
01:25:57,3.244999,3.246018,75.26363134,61.40092015,1
01:25:59,3.244999,3.246018,75.25775433,61.39460802,1
01:26:00,3.244999,3.246018,75.25187731,61.38831377,1
01:26:01,3.244999,3.246018,75.24600029,61.38202548,1
01:26:01,3.244999,3.246018,75.24012327,61.37574315,1
01:26:03,3.244999,3.246018,75.23424625,61.36946082,1
01:26:04,3.244999,3.246017,75.22836924,61.36329174,1
01:26:05,3.244999,3.246017,75.22249222,61.35695577,1
01:26:05,3.244999,3.246017,75.2166152,61.3506496,1
01:26:07,3.244999,3.246017,75.21073818,61.34446859,1
01:26:08,3.244999,3.246017,75.20486116,61.33812666,1
01:26:09,3.244999,3.246017,75.19898415,61.33181453,1
01:26:10,3.244999,3.246017,75.19310713,61.32563353,1
01:26:10,3.244999,3.246016,75.18723011,61.31929159,1
01:26:12,3.244999,3.246017,75.18135309,61.31297946,1
01:26:13,3.244999,3.246017,75.17548,61.30679846,1
01:26:14,3.244999,3.246016,75.16959906,61.30045652,1
01:26:14,3.244999,3.246016,75.16372204,61.29414439,1
01:26:16,3.244999,3.246016,75.15784502,61.28796339,1
01:26:17,3.244999,3.246016,75.151968,61.28162146,1
01:26:18,3.244999,3.246016,75.14609098,61.27530932,1
01:26:19,3.244999,3.246016,75.14021397,61.26901507,1
01:26:20,3.244999,3.246015,75.13433695,61.26284003,1
01:26:21,3.244999,3.246015,75.12845993,61.2565,1
01:26:22,3.244999,3.246015,75.12258291,61.25019789,1
01:26:23,3.244999,3.246015,75.11670589,61.24401689,1
01:26:23,3.244999,3.246015,75.11082888,61.23767495,1
01:26:25,3.244999,3.246015,75.10495186,61.23136282,1
01:26:26,3.244999,3.246014,75.09907484,61.22518182,1
01:26:27,3.244999,3.246014,75.09319782,61.21883988,1
01:26:28,3.244999,3.246014,75.0873208,61.21252775,1
01:26:29,3.244999,3.246014,75.08144,61.20634675,1
01:26:30,3.244999,3.246014,75.07556677,61.20000482,1
01:26:31,3.244999,3.246014,75.06968975,61.19369268,1
01:26:32,3.244999,3.246014,75.06381273,61.18751168,1
01:26:33,3.244999,3.246013,75.05793571,61.18116975,1
01:26:34,3.244999,3.246013,75.0520587,61.17485762,1
01:26:35,3.244999,3.246014,75.04618168,61.16856337,1
01:26:36,3.244999,3.246013,75.04030466,61.16227508,1
01:26:37,3.244999,3.246013,75.03442764,61.15599275,1
01:26:38,3.244999,3.246013,75.02855062,61.14971042,1
01:26:39,3.244999,3.246013,75.02267361,61.14354134,1
01:26:40,3.244999,3.246013,75.01679659,61.13720536,1
01:26:41,3.244999,3.246013,75.01091957,61.13089919,1
01:26:42,3.244999,3.246012,75.00504255,61.12471819,1
01:26:43,3.244999,3.246012,74.99916553,61.11837626,1
01:26:44,3.244999,3.246012,74.99328852,61.11207008,1
01:26:45,3.244999,3.246012,74.98741,61.10588908,1
01:26:46,3.244999,3.246012,74.98153448,61.09954715,1
01:26:47,3.244999,3.246012,74.97565746,61.09324,1
01:26:48,3.244999,3.246012,74.96978045,61.08705401,1
01:26:49,3.244999,3.246011,74.96390343,61.08071208,1
01:26:50,3.244999,3.246011,74.95802641,61.07439995,1
01:26:51,3.244999,3.246011,74.95214939,61.06821895,1
01:26:52,3.244999,3.246011,74.94627237,61.06187701,1
01:26:53,3.244999,3.246011,74.94039536,61.05556,1
01:26:54,3.244999,3.246011,74.93451834,61.04927,1
01:26:55,3.244999,3.246011,74.92864132,61.04309559,1
01:26:56,3.244999,3.246011,74.9227643,61.03675961,1
01:26:57,3.244999,3.246011,74.91688728,61.03045344,1
01:26:58,3.244999,3.24601,74.91101027,61.02427244,1
01:26:59,3.244999,3.24601,74.90513325,61.01793051,1
01:27:00,3.244999,3.24601,74.89925623,61.01161838,1
01:27:01,3.244999,3.24601,74.89338,61.00543737,1
01:27:02,3.244999,3.24601,74.88750219,60.99909544,1
01:27:03,3.244999,3.24601,74.88162518,60.99278331,1
01:27:04,3.244999,3.24601,74.87574816,60.98660231,1
01:27:05,3.244999,3.246009,74.86987114,60.98026037,1
01:27:06,3.244999,3.246009,74.86399412,60.97394824,1
01:27:07,3.244999,3.246009,74.8581171,60.96776724,1
01:27:08,3.244999,3.246009,74.85224009,60.9614253,1
01:27:09,3.244999,3.246009,74.84636307,60.95511317,1
01:27:10,3.244999,3.246009,74.84048605,60.94881892,1
01:27:11,3.244999,3.246009,74.83460903,60.94253063,1
01:27:12,3.244999,3.246009,74.82873201,60.9362483,1
01:27:13,3.244999,3.246008,74.822855,60.92997,1
01:27:14,3.244999,3.246008,74.81697798,60.92379689,1
01:27:15,3.244999,3.246008,74.81110096,60.91746092,1
01:27:16,3.244999,3.246008,74.80522394,60.91115475,1
01:27:17,3.244999,3.246008,74.79935,60.90497375,1
01:27:18,3.244999,3.246008,74.79346991,60.89863181,1
01:27:19,3.244999,3.246008,74.78759289,60.89232564,1
01:27:20,3.244999,3.246008,74.78171587,60.88614464,1
01:27:21,3.244999,3.246007,74.77583885,60.8798,1
01:27:22,3.244999,3.246007,74.76996183,60.87349057,1
01:27:23,3.244999,3.246007,74.76408482,60.86731,1
01:27:24,3.244999,3.246007,74.7582078,60.86096764,1
01:27:25,3.244999,3.246007,74.75233078,60.8546555,1
01:27:26,3.244999,3.246007,74.74645376,60.8484745,1
01:27:27,3.244999,3.246006,74.74057674,60.84213,1
01:27:28,3.244999,3.246006,74.73469973,60.83582044,1
01:27:29,3.244999,3.246006,74.72882271,60.82952619,1
01:27:30,3.244999,3.246006,74.72294569,60.82335114,1
01:27:31,3.244999,3.246006,74.71706867,60.81701517,1
01:27:32,3.244999,3.246006,74.71119165,60.810709,1
01:27:33,3.244999,3.246006,74.70531,60.804528,1
01:27:34,3.244999,3.246006,74.69943762,60.79818606,1
01:27:35,3.244999,3.246006,74.6935606,60.79187989,1
01:27:36,3.244999,3.246005,74.68768358,60.78569889,1
01:27:37,3.244999,3.246005,74.68180656,60.77935696,1
01:27:38,3.244999,3.246005,74.67592955,60.77304482,1
01:27:39,3.244999,3.246005,74.67005253,60.76686382,1
01:27:40,3.244999,3.246005,74.66417551,60.76052189,1
01:27:41,3.244999,3.246005,74.65829849,60.75420976,1
01:27:42,3.244999,3.246005,74.65242147,60.74802876,1
01:27:43,3.244999,3.246004,74.64654446,60.74168682,1
01:27:44,3.244999,3.246005,74.64066744,60.73537469,1
01:27:45,3.244999,3.246004,74.63479042,60.72908044,1
01:27:46,3.244999,3.246004,74.6289134,60.72279215,1
01:27:47,3.244999,3.246004,74.62303638,60.71650982,1
01:27:48,3.244999,3.246004,74.61715937,60.71022749,1
01:27:49,3.244999,3.246004,74.61128,60.70405841,1
01:27:50,3.244999,3.246003,74.60540533,60.69772243,1
01:27:51,3.244999,3.246003,74.59952831,60.69141626,1
01:27:52,3.244999,3.246003,74.59365129,60.68523526,1
01:27:53,3.244999,3.246003,74.58777428,60.67889333,1
01:27:54,3.244999,3.246003,74.58189726,60.67258716,1
01:27:55,3.244999,3.246003,74.57602024,60.66640615,1
01:27:56,3.244999,3.246003,74.57014322,60.66006422,1
01:27:57,3.244999,3.246003,74.5642662,60.65375209,1
01:27:58,3.244999,3.246003,74.55838919,60.64757109,1
01:27:59,3.244999,3.246002,74.55251217,60.64122915,1
01:28:00,3.244999,3.246002,74.54663515,60.63491702,1
01:28:01,3.244999,3.246002,74.54075813,60.62873602,1
01:28:02,3.244999,3.246002,74.53488111,60.62250733,1
01:28:03,3.244999,3.246002,74.5290041,60.61614156,1
01:28:04,3.244999,3.246002,74.52312708,60.60982347,1
01:28:05,3.244999,3.246001,74.51725,60.6036365,1
01:28:06,3.244999,3.246001,74.51137304,60.59729457,1
01:28:07,3.244999,3.246002,74.50549603,60.59098244,1
01:28:08,3.244999,3.246001,74.49961901,60.58480144,1
01:28:09,3.244999,3.246001,74.49374199,60.5784595,1
01:28:10,3.244999,3.246001,74.48786497,60.57215,1
01:28:11,3.244999,3.246001,74.48198795,60.56596637,1
01:28:12,3.244999,3.246001,74.47611094,60.55962443,1
01:28:13,3.244999,3.246001,74.47023392,60.5533123,1
01:28:14,3.244999,3.246001,74.4643569,60.5471313,1
01:28:15,3.244999,3.246,74.45847988,60.54078937,1
01:28:16,3.244999,3.246,74.45260286,60.53448,1
01:28:17,3.244999,3.246,74.44672585,60.52829623,1
01:28:18,3.244999,3.246,74.44084883,60.5219543,1
01:28:19,3.244999,3.246,74.43497181,60.51564217,1
01:28:20,3.244999,3.246,74.42909479,60.50934792,1
01:28:21,3.244999,3.245999,74.42322,60.50305963,1
01:28:22,3.244999,3.245999,74.41734076,60.4967773,1
01:28:23,3.244999,3.245999,74.41146374,60.49049497,1
01:28:24,3.244999,3.245999,74.40558672,60.48433185,1
01:28:25,3.244999,3.245999,74.3997097,60.47799587,1
01:28:26,3.244999,3.245999,74.39383268,60.4716897,1
01:28:27,3.244999,3.245999,74.38795567,60.46551466,1
01:28:28,3.244999,3.245999,74.38207865,60.45917273,1
01:28:29,3.244999,3.245999,74.37620163,60.45286655,1
01:28:30,3.244999,3.245999,74.37032461,60.44668555,1
01:28:31,3.244999,3.245998,74.36444759,60.44034362,1
01:28:32,3.244999,3.245998,74.35857058,60.43403745,1
01:28:33,3.244999,3.245998,74.35269356,60.42786,1
01:28:34,3.244999,3.245998,74.34681654,60.42151451,1
01:28:35,3.244999,3.245998,74.34093952,60.41520834,1
01:28:36,3.244999,3.245998,74.3350625,60.40891409,1
01:28:37,3.244999,3.245997,74.32919,60.4026258,1
01:28:38,3.244999,3.245997,74.32330847,60.39634347,1
01:28:39,3.244999,3.245997,74.31743145,60.39006114,1
01:28:40,3.244999,3.245997,74.31155443,60.38389802,1
01:28:41,3.244999,3.245997,74.30567741,60.37756205,1
01:28:42,3.244999,3.245997,74.2998004,60.37125587,1
01:28:43,3.244999,3.245997,74.29392338,60.36508083,1
01:28:44,3.244999,3.245996,74.28804636,60.3587389,1
01:28:45,3.244999,3.245996,74.28216934,60.35243273,1
01:28:46,3.244999,3.245996,74.27629232,60.34625173,1
01:28:47,3.244999,3.245996,74.27041531,60.33990979,1
01:28:48,3.244999,3.245996,74.26453829,60.33360362,1
01:28:49,3.244999,3.245996,74.25866127,60.32742262,1
01:28:50,3.244999,3.245996,74.25278425,60.32108068,1
01:28:51,3.244999,3.245996,74.24690723,60.31477451,1
01:28:52,3.244999,3.245996,74.24103022,60.30859351,1
01:28:53,3.244999,3.245996,74.23515,60.30225158,1
01:28:54,3.244999,3.245995,74.22927618,60.29594541,1
01:28:55,3.244999,3.245995,74.22339916,60.28965116,1
01:28:56,3.244999,3.245995,74.21752214,60.28348207,1
01:28:57,3.244999,3.245995,74.21164513,60.2771461,1
01:28:58,3.244999,3.245995,74.20576811,60.27083993,1
01:28:59,3.244999,3.245995,74.19989109,60.26465893,1
01:29:00,3.244999,3.245995,74.19401407,60.25831699,1
01:29:01,3.244999,3.245995,74.18813705,60.25201082,1
01:29:02,3.244999,3.245994,74.18226004,60.24582982,1
01:29:03,3.244999,3.245994,74.17638302,60.23948789,1
01:29:04,3.244999,3.245994,74.170506,60.23318172,1
01:29:05,3.244999,3.245994,74.16462898,60.22700071,1
01:29:06,3.244999,3.245994,74.15875196,60.22065878,1
01:29:07,3.244999,3.245994,74.15287495,60.21435261,1
01:29:08,3.244999,3.245994,74.14699793,60.20817161,1
01:29:09,3.244999,3.245993,74.14112,60.20182967,1
01:29:10,3.244999,3.245993,74.13524389,60.1955235,1
01:29:11,3.244999,3.245993,74.12936687,60.18922925,1
01:29:12,3.244999,3.245993,74.12348986,60.18306017,1
01:29:13,3.244999,3.245993,74.11761284,60.1767242,1
01:29:14,3.244999,3.245993,74.11173582,60.17041802,1
01:29:15,3.244999,3.245993,74.1058588,60.16424298,1
01:29:16,3.244999,3.245993,74.09998178,60.15790105,1
01:29:17,3.244999,3.245992,74.09410477,60.15159488,1
01:29:18,3.244999,3.245992,74.08822775,60.14541388,1
01:29:19,3.244999,3.245992,74.08235073,60.13907194,1
01:29:20,3.244999,3.245992,74.07647371,60.13276577,1
01:29:21,3.244999,3.245992,74.07059669,60.12658477,1
01:29:22,3.244999,3.245992,74.06471968,60.12024283,1
01:29:23,3.244999,3.245992,74.05884266,60.11393666,1
01:29:24,3.244999,3.245992,74.05296564,60.10775566,1
01:29:25,3.244999,3.245991,74.04709,60.10141,1
01:29:26,3.244999,3.245991,74.04121161,60.09510756,1
01:29:27,3.244999,3.245991,74.03533459,60.0888133,1
01:29:28,3.244999,3.245991,74.02945757,60.08252501,1
01:29:29,3.244999,3.245991,74.02358055,60.07624269,1
01:29:30,3.244999,3.245991,74.01770353,60.06996036,1
01:29:31,3.244999,3.245991,74.01182652,60.06379724,1
01:29:32,3.244999,3.245991,74.0059495,60.05746126,1
01:29:33,3.244999,3.245991,74.00007248,60.05116,1
01:29:34,3.244999,3.24599,73.99419546,60.04498005,1
01:29:35,3.244999,3.24599,73.98831844,60.03863811,1
01:29:36,3.244999,3.24599,73.98244143,60.03233194,1
01:29:37,3.244999,3.24599,73.97656441,60.02615094,1
01:29:38,3.244999,3.24599,73.97068739,60.01980901,1
01:29:39,3.244999,3.24599,73.96481037,60.01350284,1
01:29:40,3.244999,3.24599,73.95893335,60.00732183,1
01:29:41,3.244999,3.245989,73.95306,60.0009799,1
01:29:42,3.244999,3.245989,73.94717932,59.99467373,1
01:29:43,3.244999,3.245989,73.9413023,59.98837948,1
01:29:44,3.244999,3.245989,73.93542528,59.98209715,1
01:29:45,3.244999,3.245989,73.92954826,59.97581,1
01:29:46,3.244999,3.245989,73.92367125,59.96953249,1
01:29:47,3.244999,3.245988,73.91779423,59.96336937,1
01:29:48,3.244999,3.245989,73.91191721,59.9570334,1
01:29:49,3.244999,3.245988,73.90604019,59.95072722,1
01:29:50,3.244999,3.245988,73.90016317,59.94455218,1
01:29:51,3.244999,3.245988,73.89428616,59.93821025,1
01:29:52,3.244999,3.245988,73.88840914,59.93190408,1
01:29:53,3.244999,3.245988,73.88253212,59.92572904,1
01:29:54,3.244999,3.245988,73.8766551,59.9193871,1
01:29:55,3.244999,3.245988,73.87077808,59.91308093,1
01:29:56,3.244999,3.245988,73.86490107,59.90690589,1
01:29:57,3.244999,3.245987,73.85902,59.90056396,1
01:29:58,3.244999,3.245987,73.85314703,59.89425778,1
01:29:59,3.244999,3.245987,73.84727001,59.88808274,1
01:30:00,3.244999,3.245987,73.84139299,59.88186002,1
01:30:01,3.244999,3.245987,73.83551598,59.87549424,1
01:30:02,3.244999,3.245987,73.82963896,59.86917615,1
01:30:03,3.244999,3.245987,73.82376194,59.863,1
01:30:04,3.244999,3.245987,73.81788492,59.85665321,1
01:30:05,3.244999,3.245986,73.8120079,59.85034108,1
01:30:06,3.244999,3.245986,73.80613089,59.84416008,1
01:30:07,3.244999,3.245986,73.80025387,59.83782,1
01:30:08,3.244999,3.245986,73.79437685,59.83151197,1
01:30:09,3.244999,3.245986,73.78849983,59.82533693,1
01:30:10,3.244999,3.245986,73.78262281,59.818995,1
01:30:11,3.244999,3.245986,73.7767458,59.81268883,1
01:30:12,3.244999,3.245986,73.77086878,59.80651379,1
01:30:13,3.244999,3.245985,73.76499,59.80017185,1
01:30:14,3.244999,3.245986,73.75911474,59.79386568,1
01:30:15,3.244999,3.245985,73.75323772,59.78769064,1
01:30:16,3.244999,3.245985,73.74736071,59.78134871,1
01:30:17,3.244999,3.245985,73.74148369,59.77504253,1
01:30:18,3.244999,3.245985,73.73560667,59.76874828,1
01:30:19,3.244999,3.245985,73.72972965,59.7625792,1
01:30:20,3.244999,3.245985,73.72385263,59.75624323,1
01:30:21,3.244999,3.245985,73.71797562,59.74993706,1
01:30:22,3.244999,3.245984,73.7120986,59.74376202,1
01:30:23,3.244999,3.245984,73.70622158,59.73742008,1
01:30:24,3.244999,3.245984,73.70034456,59.73111391,1
01:30:25,3.244999,3.245984,73.69446754,59.72493887,1
01:30:26,3.244999,3.245984,73.68859053,59.71859694,1
01:30:27,3.244999,3.245984,73.68271351,59.71229076,1
01:30:28,3.244999,3.245984,73.67683649,59.70612,1
01:30:29,3.244999,3.245983,73.67096,59.69977379,1
01:30:30,3.244999,3.245983,73.66508245,59.69346762,1
01:30:31,3.244999,3.245983,73.65920544,59.68729258,1
01:30:32,3.244999,3.245983,73.65332842,59.68095064,1
01:30:33,3.244999,3.245983,73.6474514,59.67464,1
01:30:34,3.244999,3.245983,73.64157438,59.66835,1
01:30:35,3.244999,3.245982,73.63569736,59.66218114,1
01:30:36,3.244999,3.245983,73.62982035,59.65584517,1
01:30:37,3.244999,3.245982,73.62394333,59.64953899,1
01:30:38,3.244999,3.245982,73.61806631,59.64336,1
01:30:39,3.244999,3.245982,73.61218929,59.63702202,1
01:30:40,3.244999,3.245982,73.60631227,59.63071585,1
01:30:41,3.244999,3.245982,73.60043526,59.62454081,1
01:30:42,3.244999,3.245982,73.59455824,59.61819887,1
01:30:43,3.244999,3.245982,73.58868122,59.61189,1
01:30:44,3.244999,3.245982,73.5828042,59.60571766,1
01:30:45,3.244999,3.245981,73.57693,59.59937572,1
01:30:46,3.244999,3.245981,73.57105017,59.59306955,1
01:30:47,3.244999,3.245981,73.56517315,59.58689451,1
01:30:48,3.244999,3.245981,73.55929613,59.58055258,1
01:30:49,3.244999,3.245981,73.55341911,59.57424641,1
01:30:50,3.244999,3.245981,73.5475421,59.56795216,1
01:30:51,3.244999,3.245981,73.54166508,59.56178308,1
01:30:52,3.244999,3.245981,73.53578806,59.5554471,1
01:30:53,3.244999,3.245981,73.52991104,59.54914,1
01:30:54,3.244999,3.24598,73.52403402,59.54296589,1
01:30:55,3.244999,3.24598,73.51815701,59.53662395,1
01:30:56,3.244999,3.24598,73.51227999,59.53031778,1
01:30:57,3.244999,3.24598,73.50640297,59.52414274,1
01:30:58,3.244999,3.24598,73.50052595,59.51780081,1
01:30:59,3.244999,3.24598,73.49464893,59.51149464,1
01:31:00,3.244999,3.24598,73.48877192,59.5053196,1
01:31:01,3.244999,3.245979,73.48289,59.49898,1
01:31:02,3.244999,3.24598,73.47701788,59.49267149,1
01:31:03,3.244999,3.24598,73.47114086,59.48649645,1
01:31:04,3.244999,3.245979,73.46526384,59.48015451,1
01:31:05,3.244999,3.245979,73.45938683,59.47384834,1
01:31:06,3.244999,3.245979,73.45350981,59.46755409,1
01:31:07,3.244999,3.245979,73.44763279,59.46127176,1
01:31:08,3.244999,3.245979,73.44175577,59.45498943,1
01:31:09,3.244999,3.245979,73.43587875,59.44871306,1
01:31:10,3.244999,3.245978,73.43000174,59.44254994,1
01:31:11,3.244999,3.245978,73.42412472,59.43621397,1
01:31:12,3.244999,3.245978,73.4182477,59.4299078,1
01:31:13,3.244999,3.245978,73.41237068,59.42373,1
01:31:14,3.244999,3.245978,73.40649366,59.41739082,1
01:31:15,3.244999,3.245978,73.40061665,59.41108465,1
01:31:16,3.244999,3.245978,73.39473963,59.40490961,1
01:31:17,3.244999,3.245977,73.38886,59.39856768,1
01:31:18,3.244999,3.245977,73.38298559,59.39226,1
01:31:19,3.244999,3.245977,73.37710857,59.38608646,1
01:31:20,3.244999,3.245977,73.37123156,59.37974453,1
01:31:21,3.244999,3.245977,73.36535454,59.37343836,1
01:31:22,3.244999,3.245977,73.35947752,59.36714411,1
01:31:23,3.244999,3.245977,73.3536005,59.36086178,1
01:31:24,3.244999,3.245977,73.34772348,59.35457945,1
01:31:25,3.244999,3.245977,73.34184647,59.34830308,1
01:31:26,3.244999,3.245976,73.33596945,59.34213996,1
01:31:27,3.244999,3.245976,73.33009243,59.3358,1
01:31:28,3.244999,3.245976,73.32421541,59.32949781,1
01:31:29,3.244999,3.245976,73.31833839,59.32332277,1
01:31:30,3.244999,3.245976,73.31246138,59.31698084,1
01:31:31,3.244999,3.245976,73.30658436,59.31067467,1
01:31:32,3.244999,3.245976,73.30070734,59.30449963,1
01:31:33,3.244999,3.245975,73.29483,59.29815769,1
01:31:34,3.244999,3.245975,73.2889533,59.29185152,1
01:31:35,3.244999,3.245975,73.28307629,59.28567648,1
01:31:36,3.244999,3.245975,73.27719927,59.27933455,1
01:31:37,3.244999,3.245975,73.27132225,59.27302837,1
01:31:38,3.244999,3.245975,73.26544523,59.26673412,1
01:31:39,3.244999,3.245975,73.25956821,59.26045179,1
01:31:40,3.244999,3.245975,73.2536912,59.25417,1
01:31:41,3.244999,3.245975,73.24781418,59.2478931,1
01:31:42,3.244999,3.245974,73.24193716,59.24172997,1
01:31:43,3.244999,3.245974,73.23606014,59.235394,1
01:31:44,3.244999,3.245974,73.23018312,59.22909,1
01:31:45,3.244999,3.245974,73.22430611,59.22291279,1
01:31:46,3.244999,3.245974,73.21842909,59.21657085,1
01:31:47,3.244999,3.245974,73.21255207,59.21026468,1
01:31:48,3.244999,3.245974,73.20667505,59.20408964,1
01:31:49,3.244999,3.245974,73.2008,59.19774771,1
01:31:50,3.244999,3.245974,73.19492102,59.19144154,1
01:31:51,3.244999,3.245974,73.189044,59.18526649,1
01:31:52,3.244999,3.245973,73.18316698,59.17892,1
01:31:53,3.244999,3.245973,73.17728996,59.17261839,1
01:31:54,3.244999,3.245973,73.17141294,59.16632414,1
01:31:55,3.244999,3.245973,73.16553593,59.16004,1
01:31:56,3.244999,3.245973,73.15965891,59.15375948,1
01:31:57,3.244999,3.245973,73.15378189,59.14748311,1
01:31:58,3.244999,3.245972,73.14790487,59.14131999,1
01:31:59,3.244999,3.245972,73.14202785,59.13498402,1
01:32:00,3.244999,3.245973,73.13615084,59.12867785,1
01:32:01,3.244,3.245972,73.13027382,59.12219882,1
01:32:02,3.244999,3.245491,73.1243968,59.11608934,1
01:32:03,3.244,3.245733,73.11851978,59.10944343,1
01:32:04,3.244,3.245373,73.11264277,59.10298228,1
01:32:05,3.244999,3.245193,73.10677,59.09702182,1
01:32:06,3.244,3.245586,73.10088873,59.09048915,1
01:32:07,3.244,3.245299,73.09501171,59.08423066,1
01:32:08,3.244,3.245157,73.08913469,59.07781124,1
01:32:09,3.244,3.245087,73.08325768,59.07145739,1
01:32:10,3.244,3.245051,73.07738066,59.06513333,1
01:32:11,3.244,3.245034,73.07150364,59.0588212,1
01:32:12,3.244,3.245025,73.06562662,59.05252099,1
01:32:13,3.244,3.245021,73.0597496,59.04634595,1
01:32:14,3.244,3.245018,73.05387259,59.03999209,1
01:32:15,3.244,3.245017,73.04799557,59.03366804,1
01:32:16,3.244,3.245017,73.04211855,59.02748,1
01:32:17,3.244,3.245016,73.03624153,59.02112126,1
01:32:18,3.244,3.245016,73.03036451,59.01479125,1
01:32:19,3.244,3.245016,73.0244875,59.00860429,1
01:32:20,3.244,3.245016,73.01861048,59.00224447,1
01:32:21,3.243,3.245016,73.01273,58.99547338,1
01:32:22,3.244,3.244535,73.00685644,58.98936987,1
01:32:23,3.243,3.244777,73.00097942,58.98274779,1
01:32:24,3.243,3.244416,72.99510241,58.97628069,1
01:32:25,3.243,3.244237,72.98922539,58.96989107,1
01:32:26,3.243,3.244148,72.98334837,58.96354318,1
01:32:27,3.243,3.244104,72.97747135,58.95734429,1
01:32:28,3.243,3.244082,72.97159433,58.95096064,1
01:32:29,3.243,3.244071,72.96571732,58.94461274,1
01:32:30,3.243,3.244066,72.9598403,58.93841,1
01:32:31,3.243,3.244062,72.95396328,58.93202424,1
01:32:32,3.243,3.244061,72.94808626,58.92567635,1
01:32:33,3.242,3.244061,72.94220924,58.91916752,1
01:32:34,3.243,3.243579,72.93633223,58.91301632,1
01:32:35,3.243,3.243821,72.93045521,58.90677571,1
01:32:36,3.242,3.243941,72.92457819,58.90007,1
01:32:37,3.242,3.24352,72.9187,58.8935554,1
01:32:38,3.242,3.243311,72.91282415,58.88713598,1
01:32:39,3.242,3.243207,72.90694714,58.8809073,1
01:32:40,3.242,3.243155,72.90107012,58.87448788,1
01:32:41,3.242,3.24313,72.8951931,58.86811018,1
01:32:42,3.242,3.243117,72.88931608,58.86189342,1
01:32:43,3.242,3.24311,72.88343906,58.85548592,1
01:32:44,3.242,3.243107,72.87756205,58.84911418,1
01:32:45,3.242,3.243105,72.87168503,58.84289742,1
01:32:46,3.242,3.243104,72.86580801,58.83648992,1
01:32:47,3.241,3.243104,72.85993099,58.8296771,1
01:32:48,3.241,3.242622,72.85405397,58.82310271,1
01:32:49,3.241,3.242383,72.84817696,58.81664157,1
01:32:50,3.241,3.242264,72.84229994,58.81038904,1
01:32:51,3.241,3.242206,72.83642292,58.80394,1
01:32:52,3.241,3.242176,72.8305459,58.79754424,1
01:32:53,3.241,3.242162,72.82467,58.7913096,1
01:32:54,3.241,3.242154,72.81879187,58.78487825,1
01:32:55,3.241,3.242151,72.81291485,58.77848864,1
01:32:56,3.241,3.242148,72.80703783,58.77225995,1
01:32:57,3.241,3.242148,72.80116081,58.76583457,1
01:32:58,3.241,3.242147,72.79528379,58.75944495,1
01:32:59,3.241,3.242146,72.78940678,58.75307322,1
01:33:00,3.241,3.242146,72.78352976,58.7467134,1
01:33:01,3.24,3.242146,72.77765274,58.73994231,1
01:33:02,3.24,3.241665,72.77177572,58.73337388,1
01:33:03,3.24,3.241426,72.7658987,58.72690678,1
01:33:04,3.24,3.241307,72.76002169,58.72048736,1
01:33:05,3.24,3.241249,72.75414467,58.71409178,1
01:33:06,3.24,3.24122,72.74826765,58.70785713,1
01:33:07,3.24,3.241205,72.74239063,58.70141387,1
01:33:08,3.24,3.241198,72.73651361,58.69500637,1
01:33:09,3.24,3.241194,72.73064,58.68876576,1
01:33:10,3.24,3.241192,72.72475958,58.68231654,1
01:33:11,3.24,3.241191,72.71888256,58.67590904,1
01:33:12,3.24,3.241191,72.71300554,58.66966844,1
01:33:13,3.239,3.24119,72.70712852,58.66274238,1
01:33:14,3.24,3.240709,72.70125151,58.65654945,1
01:33:15,3.24,3.240951,72.69537449,58.65038037,1
01:33:16,3.239,3.241071,72.68949747,58.64350796,1
01:33:17,3.239,3.240649,72.68362045,58.6370945,1
01:33:18,3.239,3.24044,72.67774343,58.63051414,1
01:33:19,3.239,3.240336,72.67186642,58.62403512,1
01:33:20,3.239,3.240285,72.6659894,58.61775875,1
01:33:21,3.239,3.240259,72.66011238,58.61127377,1
01:33:22,3.239,3.240246,72.65423536,58.60483646,1
01:33:23,3.239,3.240239,72.64835835,58.59857798,1
01:33:24,3.239,3.240236,72.64248133,58.59210491,1
01:33:25,3.239,3.240235,72.6366,58.58567357,1
01:33:26,3.239,3.240234,72.63072729,58.57926607,1
01:33:27,3.239,3.240233,72.62485027,58.57287049,1
01:33:28,3.239,3.240233,72.61897326,58.56662989,1
01:33:29,3.239,3.240232,72.61309624,58.56016874,1
01:33:30,3.239,3.240232,72.60721922,58.55374336,1
01:33:31,3.239,3.240232,72.6013422,58.54749084,1
01:33:32,3.239,3.240232,72.59546518,58.54102373,1
01:33:33,3.239,3.240232,72.58958817,58.53459835,1
01:33:34,3.239,3.240232,72.58371115,58.52833986,1
01:33:35,3.239,3.240232,72.57783413,58.52187276,1
01:33:36,3.239,3.240231,72.57195711,58.51544738,1
01:33:37,3.239,3.240231,72.56608009,58.50918889,1
01:33:38,3.238,3.240231,72.56020308,58.50223899,1
01:33:39,3.238,3.23975,72.55432606,58.49579573,1
01:33:40,3.238,3.239511,72.54844904,58.48917961,1
01:33:41,3.238,3.239393,72.54257,58.48267078,1
01:33:42,3.238,3.239333,72.536695,58.4762156,1
01:33:43,3.238,3.239304,72.53081799,58.46978426,1
01:33:44,3.238,3.23929,72.52494097,58.46352577,1
01:33:45,3.238,3.239282,72.51906395,58.45704079,1
01:33:46,3.238,3.239278,72.51318693,58.45059752,1
01:33:47,3.238,3.239277,72.50730991,58.44432712,1
01:33:48,3.238,3.239275,72.5014329,58.43783617,1
01:33:49,3.238,3.239275,72.49555588,58.43138695,1
01:33:50,3.238,3.239275,72.48967886,58.42511654,1
01:33:51,3.238,3.239274,72.48380184,58.41862559,1
01:33:52,3.238,3.239274,72.47792482,58.41217637,1
01:33:53,3.238,3.239274,72.47204781,58.40575099,1
01:33:54,3.238,3.239274,72.46617079,58.39933753,1
01:33:55,3.238,3.239274,72.46029377,58.393085,1
01:33:56,3.238,3.239273,72.45441675,58.38660002,1
01:33:57,3.238,3.239273,72.44854,58.38015676,1
01:33:58,3.238,3.239273,72.44266272,58.37389231,1
01:33:59,3.238,3.239273,72.4367857,58.36740136,1
01:34:00,3.238,3.239273,72.43090868,58.36095214,1
01:34:01,3.238,3.239272,72.42503166,58.35468173,1
01:34:02,3.238,3.239272,72.41915464,58.34819078,1
01:34:03,3.238,3.239272,72.41327763,58.34174156,1
01:34:04,3.238,3.239272,72.40740061,58.33547115,1
01:34:05,3.238,3.239272,72.40152359,58.32898021,1
01:34:06,3.238,3.239272,72.39564657,58.32253098,1
01:34:07,3.238,3.239271,72.38976955,58.3161056,1
01:34:08,3.238,3.239271,72.38389254,58.30969214,1
01:34:09,3.238,3.239271,72.37801552,58.30343962,1
01:34:10,3.238,3.239271,72.3721385,58.29695463,1
01:34:11,3.238,3.239271,72.36626148,58.29051137,1
01:34:12,3.238,3.239271,72.36038446,58.28424692,1
01:34:13,3.238,3.23927,72.35451,58.27775598,1
01:34:14,3.238,3.23927,72.34863043,58.27130675,1
01:34:15,3.238,3.23927,72.34275341,58.26503634,1
01:34:16,3.238,3.23927,72.33687639,58.2585454,1
01:34:17,3.238,3.23927,72.33099937,58.25209618,1
01:34:18,3.238,3.239269,72.32512236,58.2456708,1
01:34:19,3.238,3.239269,72.31924534,58.23925734,1
01:34:20,3.238,3.239269,72.31336832,58.23300481,1
01:34:21,3.238,3.239269,72.3074913,58.22651982,1
01:34:22,3.238,3.239269,72.30161428,58.22007656,1
01:34:23,3.238,3.239269,72.29573727,58.21381211,1
01:34:24,3.238,3.239269,72.28986025,58.20732,1
01:34:25,3.238,3.239268,72.28398323,58.20087194,1
01:34:26,3.238,3.239268,72.27810621,58.19460154,1
01:34:27,3.238,3.239268,72.27222919,58.18811059,1
01:34:28,3.238,3.239268,72.26635218,58.18166137,1
01:34:29,3.238,3.239268,72.26048,58.17539096,1
01:34:30,3.238,3.239268,72.25459814,58.16890001,1
01:34:31,3.238,3.239268,72.24872112,58.16245079,1
01:34:32,3.238,3.239267,72.2428441,58.15602541,1
01:34:33,3.238,3.239267,72.23696709,58.14961195,1
01:34:34,3.238,3.239267,72.23109007,58.14335942,1
01:34:35,3.238,3.239267,72.22521305,58.13687444,1
01:34:36,3.238,3.239267,72.21933603,58.13043118,1
01:34:37,3.238,3.239266,72.21345901,58.12416673,1
01:34:38,3.238,3.239266,72.207582,58.11768,1
01:34:39,3.238,3.239266,72.20170498,58.11122656,1
01:34:40,3.238,3.239266,72.19582796,58.10496211,1
01:34:41,3.238,3.239266,72.18995094,58.09847116,1
01:34:42,3.238,3.239266,72.18407393,58.09202,1
01:34:43,3.238,3.239266,72.17819691,58.08559656,1
01:34:44,3.238,3.239265,72.17231989,58.0791831,1
01:34:45,3.238,3.239265,72.16644,58.07293057,1
01:34:46,3.238,3.239265,72.16056585,58.06644559,1
01:34:47,3.238,3.239265,72.15468884,58.06000233,1
01:34:48,3.238,3.239265,72.14881182,58.05373788,1
01:34:49,3.238,3.239264,72.1429348,58.04724693,1
01:34:50,3.238,3.239264,72.13705778,58.04079771,1
01:34:51,3.238,3.239264,72.13118076,58.03453326,1
01:34:52,3.238,3.239264,72.12530375,58.02804232,1
01:34:53,3.238,3.239264,72.11942673,58.02159309,1
01:34:54,3.238,3.239264,72.11354971,58.01532865,1
01:34:55,3.238,3.239264,72.10767269,58.0088377,1
01:34:56,3.238,3.239264,72.10179567,58.00238848,1
01:34:57,3.238,3.239263,72.09591866,57.9959631,1
01:34:58,3.238,3.239263,72.09004164,57.98954964,1
01:34:59,3.238,3.239263,72.08416462,57.98329711,1
01:35:00,3.238,3.239263,72.0782876,57.97681212,1
01:35:01,3.238,3.239263,72.07241,57.97036886,1
01:35:02,3.238,3.239262,72.06653357,57.96410441,1
01:35:03,3.238,3.239262,72.06065655,57.95761347,1
01:35:04,3.238,3.239262,72.05477953,57.95116,1
01:35:05,3.238,3.239262,72.04890251,57.9448998,1
01:35:06,3.238,3.239262,72.04302549,57.93840885,1
01:35:07,3.238,3.239262,72.03714848,57.93195963,1
01:35:08,3.238,3.239261,72.03127146,57.92553425,1
01:35:09,3.238,3.239261,72.02539444,57.91912,1
01:35:10,3.238,3.239261,72.01951742,57.91286826,1
01:35:11,3.238,3.239261,72.0136404,57.90638328,1
01:35:12,3.238,3.239261,72.00776339,57.89994001,1
01:35:13,3.238,3.239261,72.00188637,57.89367557,1
01:35:14,3.238,3.23926,71.99600935,57.88718462,1
01:35:15,3.238,3.23926,71.99013233,57.88074136,1
01:35:16,3.238,3.23926,71.98425531,57.87447691,1
01:35:17,3.238,3.23926,71.97838,57.86798596,1
01:35:18,3.238,3.23926,71.97250128,57.86153674,1
01:35:19,3.238,3.239259,71.96662426,57.85527229,1
01:35:20,3.238,3.239259,71.96074724,57.84878135,1
01:35:21,3.238,3.239259,71.95487022,57.84233212,1
01:35:22,3.238,3.239259,71.94899321,57.83590674,1
01:35:23,3.238,3.239259,71.94311619,57.82949328,1
01:35:24,3.238,3.239259,71.93723917,57.82324076,1
01:35:25,3.238,3.239259,71.93136215,57.81675577,1
01:35:26,3.238,3.239259,71.92548513,57.81031251,1
01:35:27,3.238,3.239258,71.91960812,57.80404806,1
01:35:28,3.238,3.239258,71.9137311,57.79755712,1
01:35:29,3.238,3.239258,71.90785408,57.79111385,1
01:35:30,3.238,3.239258,71.90197706,57.78484941,1
01:35:31,3.238,3.239258,71.89610004,57.77836,1
01:35:32,3.238,3.239258,71.89022303,57.77190924,1
01:35:33,3.238,3.239257,71.88435,57.76548,1
01:35:34,3.238,3.239257,71.87846899,57.7590704,1
01:35:35,3.238,3.239257,71.87259197,57.75282383,1
01:35:36,3.238,3.239257,71.86671495,57.74633884,1
01:35:37,3.238,3.239257,71.86083794,57.73989558,1
01:35:38,3.238,3.239257,71.85496092,57.73363,1
01:35:39,3.238,3.239256,71.8490839,57.72714019,1
01:35:40,3.238,3.239256,71.84320688,57.72069693,1
01:35:41,3.238,3.239256,71.83732986,57.71443248,1
01:35:42,3.238,3.239256,71.83145285,57.70794153,1
01:35:43,3.238,3.239256,71.82557583,57.70149827,1
01:35:44,3.238,3.239255,71.81969881,57.69523382,1
01:35:45,3.238,3.239255,71.81382179,57.68874288,1
01:35:46,3.238,3.239255,71.80794477,57.68229961,1
01:35:47,3.238,3.239255,71.80206776,57.67587423,1
01:35:48,3.238,3.239255,71.79619074,57.66946077,1
01:35:49,3.238,3.239255,71.79031,57.66321421,1
01:35:50,3.238,3.239254,71.7844367,57.65673518,1
01:35:51,3.238,3.239254,71.77855968,57.65029192,1
01:35:52,3.238,3.239254,71.77268267,57.64402747,1
01:35:53,3.238,3.239254,71.76680565,57.63753653,1
01:35:54,3.238,3.239254,71.76092863,57.63109326,1
01:35:55,3.238,3.239254,71.75505161,57.62482882,1
01:35:56,3.238,3.239254,71.74917459,57.61833787,1
01:35:57,3.238,3.239254,71.74329758,57.61189461,1
01:35:58,3.238,3.239253,71.73742056,57.60563016,1
01:35:59,3.238,3.239253,71.73154354,57.59913921,1
01:36:00,3.238,3.239253,71.72566652,57.59269595,1
01:36:01,3.238,3.239253,71.71978951,57.58627057,1
01:36:02,3.238,3.239253,71.71391249,57.57985711,1
01:36:03,3.238,3.239253,71.70803547,57.57361054,1
01:36:04,3.238,3.239252,71.70215845,57.56713152,1
01:36:05,3.238,3.239252,71.69628,57.56068826,1
01:36:06,3.238,3.239252,71.69040442,57.55442381,1
01:36:07,3.238,3.239252,71.6845274,57.54793286,1
01:36:08,3.238,3.239252,71.67865038,57.5414896,1
01:36:09,3.238,3.239251,71.67277336,57.53522515,1
01:36:10,3.238,3.239251,71.66689634,57.52873421,1
01:36:11,3.238,3.239251,71.66101933,57.52229095,1
01:36:12,3.238,3.239251,71.65514231,57.51586556,1
01:36:13,3.238,3.239251,71.64926529,57.5094521,1
01:36:14,3.238,3.239251,71.64338827,57.50320554,1
01:36:15,3.238,3.239251,71.63751125,57.49672651,1
01:36:16,3.238,3.23925,71.63163424,57.49028325,1
01:36:17,3.238,3.23925,71.62575722,57.4840188,1
01:36:18,3.237,3.23925,71.6198802,57.4770391,1
01:36:19,3.238,3.238768,71.61400318,57.47081041,1
01:36:20,3.238,3.239011,71.60812616,57.46462345,1
01:36:21,3.238,3.239131,71.60225,57.45819211,1
01:36:22,3.238,3.239191,71.59637213,57.45177269,1
01:36:23,3.238,3.23922,71.59049511,57.44535923,1
01:36:24,3.238,3.239235,71.58461809,57.43895173,1
01:36:25,3.238,3.239242,71.57874107,57.43270516,1
01:36:26,3.238,3.239245,71.57286406,57.42622614,1
01:36:27,3.238,3.239247,71.56698704,57.41978288,1
01:36:28,3.238,3.239248,71.56111002,57.41352439,1
01:36:29,3.238,3.239248,71.555233,57.40703344,1
01:36:30,3.238,3.239248,71.54935598,57.40059018,1
01:36:31,3.238,3.239248,71.54347897,57.39432573,1
01:36:32,3.238,3.239248,71.53760195,57.38783479,1
01:36:33,3.238,3.239248,71.53172493,57.38139153,1
01:36:34,3.238,3.239247,71.52584791,57.37512708,1
01:36:35,3.238,3.239248,71.51997089,57.36863613,1
01:36:36,3.238,3.239247,71.51409388,57.36219287,1
01:36:37,3.237,3.239247,71.50822,57.35533237,1
01:36:38,3.238,3.238765,71.50233984,57.34912753,1
01:36:39,3.238,3.239008,71.49646282,57.34295249,1
01:36:40,3.238,3.239128,71.4905858,57.33652711,1
01:36:41,3.238,3.239187,71.48470879,57.33011365,1
01:36:42,3.238,3.239217,71.47883177,57.32386112,1
01:36:43,3.238,3.239231,71.47295475,57.3173821,1
01:36:44,3.238,3.239239,71.46707773,57.31093884,1
01:36:45,3.238,3.239242,71.46120071,57.30468035,1
01:36:46,3.237,3.239244,71.4553237,57.29770064,1
01:36:47,3.238,3.238763,71.44944668,57.29157329,1
01:36:48,3.237,3.239005,71.44356966,57.28469491,1
01:36:49,3.237,3.238644,71.43769264,57.27806,1
01:36:50,3.238,3.238465,71.43181562,57.27198124,1
01:36:51,3.237,3.238858,71.42593861,57.26530552,1
01:36:52,3.238,3.238571,71.42006159,57.25926161,1
01:36:53,3.238,3.23891,71.41418,57.25306273,1
01:36:54,3.237,3.239078,71.40830755,57.24611,1
01:36:55,3.238,3.23868,71.40243053,57.24000335,1
01:36:56,3.237,3.238964,71.39655352,57.23313093,1
01:36:57,3.237,3.238623,71.3906765,57.2265029,1
01:36:58,3.238,3.238453,71.38479948,57.22042322,1
01:36:59,3.237,3.238851,71.37892246,57.2137475,1
01:37:00,3.238,3.238567,71.37304544,57.20770359,1
01:37:01,3.237,3.238907,71.36716843,57.20114708,1
01:37:02,3.238,3.238595,71.36129141,57.19496608,1
01:37:03,3.238,3.238921,71.35541439,57.18865991,1
01:37:04,3.238,3.239083,71.34953737,57.18244314,1
01:37:05,3.238,3.239163,71.34366035,57.17598796,1
01:37:06,3.237,3.239203,71.33778334,57.16910362,1
01:37:07,3.237,3.23874,71.33190632,57.1624577,1
01:37:08,3.237,3.238511,71.3260293,57.155931,1
01:37:09,3.237,3.238397,71.32015,57.14945793,1
01:37:10,3.237,3.23834,71.31427526,57.14301467,1
01:37:11,3.237,3.238312,71.30839825,57.13675022,1
01:37:12,3.237,3.238298,71.30252123,57.13024,1
01:37:13,3.237,3.238291,71.29664421,57.12378025,1
01:37:14,3.237,3.238287,71.29076719,57.11750388,1
01:37:15,3.237,3.238286,71.28489017,57.11099505,1
01:37:16,3.237,3.238285,71.27901316,57.10452795,1
01:37:17,3.237,3.238284,71.27313614,57.09808469,1
01:37:18,3.237,3.238284,71.26725912,57.09165335,1
01:37:19,3.237,3.238283,71.2613821,57.08539486,1
01:37:20,3.237,3.238283,71.25550508,57.07889199,1
01:37:21,3.237,3.238283,71.24962807,57.07243085,1
01:37:22,3.237,3.238283,71.24375105,57.06616044,1
01:37:23,3.237,3.238282,71.23787403,57.05965161,1
01:37:24,3.237,3.238282,71.23199701,57.05319047,1
01:37:25,3.237,3.238282,71.22612,57.0469141,1
01:37:26,3.237,3.238282,71.22024298,57.04041,1
01:37:27,3.237,3.238282,71.21436596,57.03393817,1
01:37:28,3.237,3.238282,71.20848894,57.02749491,1
01:37:29,3.237,3.238282,71.20261192,57.02106357,1
01:37:30,3.237,3.238281,71.19673491,57.01480508,1
01:37:31,3.237,3.238281,71.19085789,57.00830221,1
01:37:32,3.237,3.238281,71.18498087,57.00184107,1
01:37:33,3.237,3.238281,71.17910385,56.99557066,1
01:37:34,3.237,3.238281,71.17322683,56.98906183,1
01:37:35,3.237,3.238281,71.16734982,56.98260069,1
01:37:36,3.237,3.238281,71.1614728,56.97632432,1
01:37:37,3.237,3.23828,71.15559578,56.96981549,1
01:37:38,3.237,3.23828,71.14971876,56.96335435,1
01:37:39,3.237,3.23828,71.14384174,56.95691109,1
01:37:40,3.237,3.23828,71.13796473,56.95047975,1
01:37:41,3.237,3.23828,71.13209,56.94422126,1
01:37:42,3.237,3.238279,71.12621069,56.93771839,1
01:37:43,3.237,3.238279,71.12033367,56.93125725,1
01:37:44,3.237,3.238279,71.11445665,56.92498684,1
01:37:45,3.237,3.238279,71.10857964,56.91847801,1
01:37:46,3.237,3.238279,71.10270262,56.91201687,1
01:37:47,3.237,3.238279,71.0968256,56.9057405,1
01:37:48,3.237,3.238279,71.09094858,56.89923167,1
01:37:49,3.237,3.238278,71.08507156,56.89277053,1
01:37:50,3.237,3.238278,71.07919455,56.88632727,1
01:37:51,3.237,3.238278,71.07331753,56.87989593,1
01:37:52,3.237,3.238278,71.06744051,56.87363744,1
01:37:53,3.237,3.238277,71.06156349,56.86713457,1
01:37:54,3.237,3.238277,71.05568647,56.86067343,1
01:37:55,3.237,3.238277,71.04980946,56.85440302,1
01:37:56,3.237,3.238277,71.04393244,56.84789419,1
01:37:57,3.237,3.238277,71.03806,56.84143305,1
01:37:58,3.237,3.238277,71.0321784,56.83516264,1
01:37:59,3.237,3.238277,71.02630138,56.82865381,1
01:38:00,3.237,3.238276,71.02042437,56.82219267,1
01:38:01,3.237,3.238276,71.01454735,56.81574941,1
01:38:02,3.237,3.238276,71.00867033,56.80931807,1
01:38:03,3.237,3.238276,71.00279331,56.80305958,1
01:38:04,3.237,3.238276,70.99691629,56.79655671,1
01:38:05,3.237,3.238276,70.99103928,56.79009557,1
01:38:06,3.237,3.238276,70.98516226,56.78382516,1
01:38:07,3.237,3.238276,70.97928524,56.77731633,1
01:38:08,3.237,3.238275,70.97340822,56.77085519,1
01:38:09,3.237,3.238275,70.9675312,56.76458478,1
01:38:10,3.237,3.238275,70.96165419,56.75807595,1
01:38:11,3.237,3.238275,70.95577717,56.75161481,1
01:38:12,3.237,3.238275,70.94990015,56.74517751,1
01:38:13,3.237,3.238274,70.94402,56.73874617,1
01:38:14,3.237,3.238274,70.93814611,56.73248768,1
01:38:15,3.236,3.238274,70.9322691,56.72549605,1
01:38:16,3.236,3.237792,70.92639208,56.71880245,1
01:38:17,3.237,3.237553,70.92051506,56.71268106,1
01:38:18,3.236,3.237916,70.91463804,56.70597553,1
01:38:19,3.236,3.237614,70.90876102,56.69962168,1
01:38:20,3.236,3.237464,70.90288401,56.6930294,1
01:38:21,3.236,3.23739,70.89700699,56.68651462,1
01:38:22,3.236,3.237353,70.89112997,56.68004155,1
01:38:23,3.236,3.237334,70.88525295,56.67358637,1
01:38:24,3.236,3.237325,70.87937593,56.66731596,1
01:38:25,3.236,3.23732,70.87349892,56.66078925,1
01:38:26,3.236,3.237318,70.8676219,56.65431023,1
01:38:27,3.236,3.237317,70.86174488,56.6480279,1
01:38:28,3.235,3.237316,70.85586786,56.64100051,1
01:38:29,3.236,3.236833,70.84999,56.63484931,1
01:38:30,3.235,3.237076,70.84411383,56.62792325,1
01:38:31,3.235,3.236714,70.83823681,56.62124753,1
01:38:32,3.235,3.236535,70.83235979,56.61469102,1
01:38:33,3.235,3.236446,70.82648277,56.60818815,1
01:38:34,3.235,3.236401,70.82060575,56.6018939,1
01:38:35,3.235,3.236379,70.81472874,56.59533739,1
01:38:36,3.235,3.236368,70.80885172,56.58883452,1
01:38:37,3.235,3.236362,70.8029747,56.58236,1
01:38:38,3.235,3.23636,70.79709768,56.5758884,1
01:38:39,3.235,3.236358,70.79122066,56.56960607,1
01:38:40,3.235,3.236357,70.78534365,56.56306148,1
01:38:41,3.235,3.236357,70.77946663,56.55656457,1
01:38:42,3.235,3.236356,70.77358961,56.55027032,1
01:38:43,3.235,3.236356,70.76771259,56.54371977,1
01:38:44,3.235,3.236356,70.76183558,56.53739572,1
01:38:45,3.235,3.236356,70.75596,56.53083324,1
01:38:46,3.234,3.236356,70.75008154,56.5238595,1
01:38:47,3.235,3.235873,70.74420452,56.51759505,1
01:38:48,3.234,3.236116,70.7383275,56.51079416,1
01:38:49,3.234,3.235754,70.73245049,56.50439262,1
01:38:50,3.234,3.235574,70.72657347,56.49774075,1
01:38:51,3.234,3.235485,70.72069645,56.49118,1
01:38:52,3.234,3.23544,70.71481943,56.48466945,1
01:38:53,3.234,3.235419,70.70894241,56.4781785,1
01:38:54,3.234,3.235407,70.7030654,56.47188425,1
01:38:55,3.234,3.235402,70.69718838,56.46531582,1
01:38:56,3.234,3.235399,70.69131136,56.45879507,1
01:38:57,3.234,3.235397,70.68543434,56.45229816,1
01:38:58,3.233,3.235396,70.67955732,56.44538403,1
01:38:59,3.233,3.234914,70.67368031,56.43894076,1
01:39:00,3.233,3.234674,70.66780329,56.4322412,1
01:39:01,3.233,3.234556,70.66193,56.42586,1
01:39:02,3.233,3.234496,70.65604925,56.41922355,1
01:39:03,3.233,3.234467,70.65017223,56.41266108,1
01:39:04,3.233,3.234452,70.64429522,56.40613437,1
01:39:05,3.233,3.234445,70.6384182,56.39962554,1
01:39:06,3.233,3.234441,70.63254118,56.39331937,1
01:39:07,3.233,3.234439,70.62666416,56.38673306,1
01:39:08,3.233,3.234438,70.62078714,56.38019443,1
01:39:09,3.232,3.234437,70.61491013,56.37356639,1
01:39:10,3.232,3.233955,70.60903311,56.36671782,1
01:39:11,3.232,3.233715,70.60315609,56.36027455,1
01:39:12,3.232,3.233596,70.59727907,56.35358691,1
01:39:13,3.232,3.233537,70.59140205,56.34719729,1
01:39:14,3.232,3.233508,70.58552504,56.34055138,1
01:39:15,3.232,3.233493,70.57964802,56.33397698,1
01:39:16,3.232,3.233485,70.573771,56.32744,1
01:39:17,3.232,3.233482,70.56789,56.32091165,1
01:39:18,3.232,3.23348,70.56201696,56.31459355,1
01:39:19,3.232,3.233479,70.55613995,56.30798936,1
01:39:20,3.232,3.233478,70.55026293,56.30143285,1
01:39:21,3.232,3.233478,70.54438591,56.29490018,1
01:39:22,3.232,3.233478,70.53850889,56.28837943,1
01:39:23,3.232,3.233477,70.53263187,56.28206134,1
01:39:24,3.232,3.233477,70.52675486,56.27545714,1
01:39:25,3.230999,3.233477,70.52087784,56.26844168,1
01:39:26,3.230999,3.232994,70.51500082,56.26168251,1
01:39:27,3.230999,3.232755,70.5091238,56.25504255,1
01:39:28,3.230999,3.232635,70.50324678,56.2484622,1
01:39:29,3.230999,3.232576,70.49736977,56.24191165,1
01:39:30,3.230999,3.232547,70.49149275,56.23558164,1
01:39:31,3.230999,3.232532,70.48561573,56.2289536,1
01:39:32,3.230999,3.232525,70.47973871,56.22258186,1
01:39:33,3.230999,3.232521,70.47386,56.21593595,1
01:39:34,3.230999,3.232519,70.46798468,56.20934963,1
01:39:35,3.230999,3.232518,70.46210766,56.20299578,1
01:39:36,3.230999,3.232517,70.45623064,56.19635582,1
01:39:37,3.230999,3.232517,70.45035362,56.18997812,1
01:39:38,3.230999,3.232516,70.4444766,56.18332624,1
01:39:39,3.230999,3.232516,70.43859959,56.17673993,1
01:39:40,3.230999,3.232516,70.43272257,56.17038608,1
01:39:41,3.230999,3.232516,70.42684555,56.16374612,1
01:39:42,3.230999,3.232516,70.42096853,56.15736842,1
01:39:43,3.230999,3.232515,70.41509151,56.15071654,1
01:39:44,3.230999,3.232515,70.4092145,56.14413023,1
01:39:45,3.230999,3.232515,70.40333748,56.13757372,1
01:39:46,3.230999,3.232515,70.39746046,56.13103509,1
01:39:47,3.230999,3.232515,70.39158344,56.12470508,1
01:39:48,3.230999,3.232514,70.38570642,56.11807704,1
01:39:49,3.230999,3.232514,70.37983,56.11150265,1
01:39:50,3.230999,3.232514,70.37395239,56.1049521,1
01:39:51,3.230999,3.232514,70.36807537,56.09841347,1
01:39:52,3.230999,3.232514,70.36219835,56.09208941,1
01:39:53,3.230999,3.232513,70.35632133,56.08546734,1
01:39:54,3.230999,3.232513,70.35044432,56.07889295,1
01:39:55,3.230999,3.232513,70.3445673,56.0723424,1
01:39:56,3.230999,3.232513,70.33869028,56.06580377,1
01:39:57,3.230999,3.232512,70.33281326,56.05947971,1
01:39:58,3.230999,3.232512,70.32693624,56.05285764,1
01:39:59,3.230999,3.232512,70.32105923,56.04628325,1
01:40:00,3.230999,3.232512,70.31518221,56.03973269,1
01:40:01,3.230999,3.232512,70.30930519,56.03319407,1
01:40:02,3.230999,3.232512,70.30342817,56.02687001,1
01:40:03,3.230999,3.232511,70.29755116,56.02024794,1
01:40:04,3.230999,3.232511,70.29167414,56.01367354,1
01:40:05,3.230999,3.232511,70.2858,56.00712299,1
01:40:06,3.230999,3.232511,70.2799201,56.00058436,1
01:40:07,3.230999,3.23251,70.27404308,55.99426031,1
01:40:08,3.230999,3.23251,70.26816607,55.98763824,1
01:40:09,3.230999,3.232511,70.26228905,55.98106,1
01:40:10,3.230999,3.23251,70.25641203,55.97451329,1
01:40:11,3.230999,3.23251,70.25053501,55.96797466,1
01:40:12,3.230999,3.23251,70.24465799,55.96165061,1
01:40:13,3.230999,3.232509,70.23878098,55.95503,1
01:40:14,3.230999,3.232509,70.23290396,55.94845414,1
01:40:15,3.230999,3.232509,70.22702694,55.94190359,1
01:40:16,3.230999,3.232509,70.22114992,55.93537092,1
01:40:17,3.230999,3.232508,70.2152729,55.92904687,1
01:40:18,3.230999,3.232508,70.20939589,55.92242479,1
01:40:19,3.230999,3.232508,70.20351887,55.91605306,1
01:40:20,3.230999,3.232508,70.19764185,55.90940714,1
01:40:21,3.230999,3.232508,70.19176,55.90282083,1
01:40:22,3.230999,3.232508,70.18588781,55.89647,1
01:40:23,3.230999,3.232507,70.1800108,55.88983893,1
01:40:24,3.230999,3.232507,70.17413378,55.88346124,1
01:40:25,3.230999,3.232507,70.16825676,55.87680936,1
01:40:26,3.230999,3.232507,70.16237974,55.87022305,1
01:40:27,3.230999,3.232507,70.15650272,55.86387515,1
01:40:28,3.230999,3.232507,70.15062571,55.85724115,1
01:40:29,3.230999,3.232506,70.14474869,55.85086346,1
01:40:30,3.230999,3.232506,70.13887167,55.84421,1
01:40:31,3.230999,3.232506,70.13299465,55.83762527,1
01:40:32,3.230999,3.232506,70.12711763,55.83127737,1
01:40:33,3.230999,3.232506,70.12124062,55.82464337,1
01:40:34,3.230999,3.232506,70.1153636,55.81826568,1
01:40:35,3.230999,3.232505,70.10948658,55.81161976,1
01:40:36,3.230999,3.232505,70.10360956,55.80503345,1
01:40:37,3.230999,3.232505,70.09773,55.79868555,1
01:40:38,3.230999,3.232505,70.09185553,55.79205155,1
01:40:39,3.230999,3.232504,70.08597851,55.78567386,1
01:40:40,3.230999,3.232504,70.08010149,55.77902794,1
01:40:42,3.230999,3.232504,70.07422447,55.77244163,1
01:40:42,3.230999,3.232504,70.06834745,55.76589108,1
01:40:43,3.230999,3.232504,70.06247044,55.75935245,1
01:40:44,3.230999,3.232503,70.05659342,55.75302839,1
01:40:45,3.230999,3.232503,70.0507164,55.74640632,1
01:40:46,3.230999,3.232503,70.04483938,55.73983192,1
01:40:47,3.230999,3.232503,70.03896236,55.73328733,1
01:40:48,3.230999,3.232503,70.03308535,55.72675467,1
01:40:49,3.230999,3.232502,70.02720833,55.72043061,1
01:40:50,3.230999,3.232502,70.02133131,55.71380854,1
01:40:51,3.230999,3.232502,70.01545429,55.70723414,1
01:40:52,3.230999,3.232502,70.00957727,55.70068955,1
01:40:53,3.230999,3.232502,70.0037,55.69415689,1
01:40:54,3.230999,3.232501,69.99782324,55.68783283,1
01:40:55,3.230999,3.232501,69.99194622,55.68121076,1
01:40:56,3.230999,3.232501,69.9860692,55.67463636,1
01:40:57,3.230999,3.232501,69.98019218,55.66809177,1
01:40:58,3.230999,3.232501,69.97431517,55.6615591,1
01:40:59,3.230999,3.2325,69.96843815,55.65523505,1
01:41:00,3.230999,3.2325,69.96256113,55.64861,1
01:41:01,3.230999,3.2325,69.95668411,55.64203858,1
01:41:02,3.230999,3.2325,69.95080709,55.63549399,1
01:41:03,3.230999,3.2325,69.94493008,55.62896132,1
01:41:04,3.230999,3.232499,69.93905306,55.62263727,1
01:41:05,3.230999,3.232499,69.93317604,55.6160152,1
01:41:06,3.230999,3.232499,69.92729902,55.6094408,1
01:41:07,3.230999,3.232499,69.921422,55.60289621,1
01:41:08,3.230999,3.232499,69.91554499,55.59636354,1
01:41:09,3.230999,3.232498,69.90967,55.59003949,1
01:41:10,3.230999,3.232498,69.90379095,55.58341742,1
01:41:11,3.230999,3.232498,69.89791393,55.57684302,1
01:41:12,3.230999,3.232498,69.89203691,55.57029843,1
01:41:13,3.230999,3.232498,69.8861599,55.56376576,1
01:41:14,3.230999,3.232497,69.88028288,55.55744,1
01:41:15,3.230999,3.232497,69.87440586,55.55081964,1
01:41:16,3.230999,3.232497,69.86852884,55.54424524,1
01:41:17,3.230999,3.232497,69.86265182,55.5377,1
01:41:18,3.230999,3.232497,69.85677481,55.53116798,1
01:41:19,3.230999,3.232497,69.85089779,55.52484393,1
01:41:24,3.230999,3.232497,69.84502077,55.51822186,1
01:41:24,3.230999,3.232496,69.83914375,55.51164746,1
01:41:25,3.230999,3.232496,69.83326674,55.50510287,1
01:41:25,3.230999,3.232496,69.82738972,55.4985702,1
01:41:25,3.230999,3.232495,69.8215127,55.49224615,1
01:41:26,3.230999,3.232495,69.81564,55.48562407,1
01:41:26,3.230999,3.232496,69.80975866,55.4792583,1
01:41:27,3.230999,3.232495,69.80388165,55.47261238,1
01:41:28,3.230999,3.232495,69.79800463,55.46603203,1
01:41:29,3.230999,3.232494,69.79212761,55.45968413,1
01:41:30,3.230999,3.232495,69.78625059,55.45305014,1
01:41:31,3.230999,3.232494,69.78037357,55.4466784,1
01:41:32,3.230999,3.232494,69.77449656,55.44003248,1
01:41:33,3.230999,3.232494,69.76861954,55.43344617,1
01:41:34,3.230999,3.232493,69.76274252,55.42709827,1
01:41:35,3.230999,3.232493,69.7568655,55.41964173,1
01:41:36,3.230999,3.232493,69.75098848,55.40997386,1
01:41:37,3.230999,3.232494,69.74511147,55.39791584,1
01:41:38,3.230999,3.232494,69.73923445,55.38417697,1
01:41:39,3.230999,3.232495,69.73335743,55.36848307,1
01:41:40,3.230999,3.232496,69.72748041,55.35109043,1
01:41:41,3.230999,3.232497,69.7216,55.33211231,1
01:41:42,3.230999,3.232497,69.71572638,55.31159043,1
01:41:43,3.230999,3.232491,69.70984936,55.28981686,1
01:41:44,3.230999,3.232486,69.70397234,55.26648164,1
01:41:45,3.230999,3.232484,69.69809532,55.24180532,1
01:41:46,3.230999,3.232484,69.6922183,55.2156806,1
01:41:47,3.230999,3.232484,69.68634129,55.19329906,1
01:41:48,3.230999,3.232483,69.68046427,55.17753363,1
01:41:49,3.230999,3.232482,69.67458725,55.16485572,1
01:41:50,3.230999,3.232481,69.66871023,55.15370965,1
01:41:51,3.230999,3.23248,69.66283321,55.14312387,1
01:41:52,3.230999,3.232479,69.6569562,55.13321757,1
01:41:53,3.230999,3.232478,69.65107918,55.12344837,1
01:41:54,3.230999,3.232477,69.64520216,55.11354804,1
01:41:55,3.230999,3.232477,69.63932514,55.10378,1
01:41:56,3.230999,3.232476,69.63344812,55.09427786,1
01:41:57,3.230999,3.232476,69.62757,55.08471727,1
01:41:58,3.230999,3.232475,69.62169409,55.07512689,1
01:41:59,3.230999,3.232475,69.61581707,55.06531596,1
01:42:00,3.230999,3.232474,69.60994005,55.0557971,1
01:42:01,3.230999,3.232474,69.60406303,55.04623055,1
01:42:02,3.230999,3.232474,69.59818602,55.03643751,1
01:42:03,3.23,3.232473,69.592309,55.0244689,1
01:42:04,3.230999,3.23199,69.58643198,55.0159812,1
01:42:05,3.230999,3.232233,69.58055496,55.00690937,1
01:42:06,3.230999,3.232353,69.57467794,54.9975574,1
01:42:07,3.230999,3.232412,69.56880093,54.98826504,1
01:42:08,3.230999,3.232441,69.56292391,54.97861505,1
01:42:09,3.23,3.232455,69.55704689,54.9667418,1
01:42:10,3.230999,3.231981,69.55116987,54.95828986,1
01:42:11,3.230999,3.232226,69.54529285,54.94940877,1
01:42:12,3.230999,3.232348,69.53941584,54.93998528,1
01:42:13,3.23,3.232409,69.53354,54.92787957,1
01:42:14,3.23,3.231956,69.5276618,54.91698384,1
01:42:15,3.230999,3.231731,69.52178478,54.9092412,1
01:42:16,3.230999,3.232101,69.51590776,54.9005568,1
01:42:17,3.230999,3.232285,69.51003075,54.89140749,1
01:42:18,3.230999,3.232376,69.50415373,54.88221645,1
01:42:19,3.230999,3.232421,69.49827671,54.87263203,1
01:42:20,3.230999,3.232443,69.49239969,54.86303568,1
01:42:21,3.230999,3.232454,69.48652267,54.85344,1
01:42:22,3.23,3.232459,69.48064566,54.84162569,1
01:42:23,3.23,3.231979,69.47476864,54.83084917,1
01:42:24,3.230999,3.23174,69.46889162,54.82311845,1
01:42:25,3.23,3.232104,69.4630146,54.81193662,1
01:42:26,3.23,3.231802,69.45713758,54.8015058,1
01:42:28,3.230999,3.231652,69.45126057,54.79397774,1
01:42:28,3.230999,3.232059,69.44538355,54.7852695,1
01:42:29,3.23,3.232261,69.43951,54.77381349,1
01:42:30,3.230999,3.231879,69.43362951,54.76573706,1
01:42:31,3.23,3.232171,69.42775249,54.75438833,1
01:42:32,3.23,3.231834,69.42187548,54.74387407,1
01:42:33,3.23,3.231666,69.41599846,54.73355055,1
01:42:34,3.23,3.231583,69.41012144,54.72355485,1
01:42:35,3.23,3.231541,69.40424442,54.71371412,1
01:42:36,3.23,3.23152,69.3983674,54.7041595,1
01:42:37,3.23,3.231509,69.39249039,54.69433665,1
01:42:38,3.23,3.231503,69.38661337,54.68479395,1
01:42:40,3.23,3.231501,69.38073635,54.67518568,1
01:42:40,3.23,3.231499,69.37485933,54.66533899,1
01:42:41,3.23,3.231498,69.36898232,54.65557575,1
01:42:42,3.23,3.231497,69.3631053,54.64606285,1
01:42:44,3.23,3.231496,69.35722828,54.63647246,1
01:42:44,3.23,3.231496,69.35135126,54.62685,1
01:42:45,3.23,3.231495,69.34547,54.61699367,1
01:42:46,3.23,3.231495,69.33959723,54.60723042,1
01:42:48,3.23,3.231494,69.33372021,54.59772348,1
01:42:48,3.23,3.231494,69.32784319,54.58813906,1
01:42:49,3.23,3.231493,69.32196617,54.57851887,1
01:42:50,3.23,3.231493,69.31608915,54.56867,1
01:42:51,3.23,3.231493,69.31021214,54.55912352,1
01:42:53,3.23,3.231492,69.30433512,54.54931855,1
01:42:53,3.23,3.231492,69.2984581,54.53978777,1
01:42:54,3.23,3.23149,69.29258108,54.53019738,1
01:42:55,3.23,3.231488,69.28670406,54.5203805,1
01:42:56,3.23,3.231486,69.28082705,54.51085567,1
01:42:57,3.23,3.231485,69.27495003,54.50127125,1
01:42:58,3.23,3.231484,69.26907301,54.49145436,1
01:42:59,3.23,3.231484,69.26319599,54.48192954,1
01:43:00,3.23,3.231484,69.25731897,54.47235,1
01:43:02,3.23,3.231483,69.25144,54.46254015,1
01:43:02,3.23,3.231483,69.24556494,54.45301533,1
01:43:03,3.23,3.231483,69.23968792,54.44343686,1
01:43:04,3.23,3.231483,69.2338109,54.43362594,1
01:43:06,3.23,3.231482,69.22793388,54.42410111,1
01:43:06,3.23,3.231482,69.22205687,54.41452265,1
01:43:07,3.23,3.231482,69.21617985,54.40471172,1
01:43:08,3.23,3.231481,69.21030283,54.39519286,1
01:43:10,3.23,3.231481,69.20442581,54.3856144,1
01:43:11,3.23,3.231481,69.19854879,54.37580347,1
01:43:11,3.23,3.23148,69.19267178,54.36628461,1
01:43:12,3.23,3.23148,69.18679476,54.35670614,1
01:43:14,3.23,3.23148,69.18091774,54.34689522,1
01:43:15,3.23,3.231479,69.17504072,54.33737636,1
01:43:15,3.23,3.231479,69.1691637,54.32779789,1
01:43:16,3.23,3.231479,69.16328669,54.31819558,1
01:43:17,3.23,3.231479,69.15741,54.30837274,1
01:43:19,3.23,3.231478,69.15153265,54.29884791,1
01:43:19,3.23,3.231478,69.14565563,54.28906679,1
01:43:20,3.23,3.231477,69.13977861,54.27955985,1
01:43:21,3.23,3.231477,69.1339016,54.26999331,1
01:43:23,3.23,3.231477,69.12802458,54.260391,1
01:43:24,3.23,3.231477,69.12214756,54.25056815,1
01:43:24,3.23,3.231476,69.11627054,54.24104333,1
01:43:25,3.23,3.231476,69.11039352,54.23146486,1
01:43:27,3.23,3.231476,69.10451651,54.2216599,1
01:43:28,3.23,3.231475,69.09863949,54.21214104,1
01:43:28,3.23,3.231475,69.09276247,54.20256853,1
01:43:29,3.23,3.231475,69.08688545,54.19276357,1
01:43:31,3.23,3.231475,69.08100843,54.18324471,1
01:43:32,3.23,3.231474,69.07513142,54.1736722,1
01:43:33,3.23,3.231474,69.0692544,54.16386724,1
01:43:33,3.23,3.231474,69.06338,54.15435433,1
01:43:34,3.23,3.231473,69.05750036,54.14478183,1
01:43:36,3.23,3.231473,69.05162334,54.13517952,1
01:43:37,3.23,3.231473,69.04574633,54.12536263,1
01:43:38,3.229,3.231472,69.03986931,54.11337018,1
01:43:39,3.229,3.230989,69.03399229,54.10222411,1
01:43:40,3.229,3.230749,69.02811527,54.09179926,1
01:43:41,3.229,3.23063,69.02223825,54.08172011,1
01:43:42,3.229,3.23057,69.01636124,54.07181382,1
01:43:42,3.229,3.230541,69.01048422,54.06199098,1
01:43:44,3.229,3.230526,69.0046072,54.05220985,1
01:43:45,3.229,3.230519,68.99873018,54.04266119,1
01:43:46,3.229,3.230515,68.99285316,54.03302312,1
01:43:46,3.229,3.230513,68.98697615,54.02312875,1
01:43:48,3.229,3.230511,68.98109913,54.01331186,1
01:43:49,3.229,3.230511,68.97522211,54.00374532,1
01:43:50,3.228,3.23051,68.96935,53.99125218,1
01:43:51,3.229,3.230027,68.96346807,53.98285389,1
01:43:51,3.228,3.23027,68.95759106,53.97098064,1
01:43:53,3.228,3.229907,68.95171404,53.96041274,1
01:43:54,3.228,3.229727,68.94583702,53.95020843,1
01:43:55,3.228,3.229638,68.93996,53.93996239,1
01:43:55,3.228,3.229593,68.93408298,53.92992496,1
01:43:57,3.228,3.229571,68.92820597,53.91998887,1
01:43:58,3.227,3.22956,68.92232895,53.9075315,1
01:43:59,3.228,3.22907,68.91645193,53.89906168,1
01:43:59,3.227,3.229311,68.91057491,53.88742685,1
01:44:01,3.227,3.228947,68.9046979,53.87637019,1
01:44:02,3.227,3.228766,68.89882088,53.86613011,1
01:44:03,3.227,3.228676,68.89294386,53.85603905,1
01:44:04,3.227,3.228631,68.88706684,53.84602547,1
01:44:05,3.226,3.228609,68.88118982,53.8331449,1
01:44:06,3.227,3.228114,68.87531,53.82450223,1
01:44:07,3.226,3.228352,68.86943579,53.81270051,1
01:44:08,3.226,3.227987,68.86355877,53.80178094,1
01:44:08,3.226,3.227806,68.85768175,53.7910521,1
01:44:10,3.226,3.227715,68.85180473,53.78091335,1
01:44:11,3.226,3.22767,68.84592772,53.77058983,1
01:44:12,3.226,3.227648,68.8400507,53.76040936,1
01:44:13,3.225,3.227637,68.83417368,53.74771357,1
01:44:14,3.226,3.227147,68.82829666,53.73904109,1
01:44:15,3.225,3.227388,68.82241964,53.72720361,1
01:44:16,3.225,3.227024,68.81654263,53.71592641,1
01:44:17,3.225,3.226843,68.81066561,53.70522738,1
01:44:18,3.225,3.226753,68.80478859,53.69505286,1
01:44:19,3.225,3.226709,68.79891157,53.68465781,1
01:44:20,3.225,3.226686,68.79303455,53.67438793,1
01:44:21,3.225,3.226675,68.78715754,53.66441607,1
01:44:21,3.225,3.226669,68.78128,53.65436077,1
01:44:23,3.225,3.226666,68.7754035,53.64403129,1
01:44:24,3.225,3.226665,68.76952648,53.63379717,1
01:44:25,3.225,3.226664,68.76364946,53.62383723,1
01:44:26,3.225,3.226663,68.75777245,53.61379385,1
01:44:27,3.225,3.226663,68.75189543,53.60347033,1
01:44:28,3.225,3.226662,68.74601841,53.59346867,1
01:44:29,3.225,3.226662,68.74014139,53.58340144,1
01:44:30,3.225,3.226661,68.73426437,53.573066,1
01:44:31,3.225,3.226661,68.72838736,53.56283,1
01:44:32,3.225,3.226661,68.72251034,53.5528779,1
01:44:33,3.225,3.226661,68.71663332,53.54283452,1
01:44:34,3.225,3.22666,68.7107563,53.532511,1
01:44:35,3.225,3.22666,68.70487928,53.5225153,1
01:44:36,3.225,3.22666,68.69900227,53.51221561,1
01:44:37,3.225,3.226659,68.69312525,53.50223184,1
01:44:38,3.224,3.226659,68.68725,53.4896493,1
01:44:39,3.225,3.226175,68.68137121,53.48078609,1
01:44:40,3.224,3.226418,68.67549419,53.46838832,1
01:44:41,3.224,3.226055,68.66961718,53.4573853,1
01:44:42,3.224,3.225875,68.66374016,53.44650149,1
01:44:43,3.224,3.225785,68.65786314,53.43594551,1
01:44:44,3.224,3.225741,68.65198612,53.4255445,1
01:44:45,3.224,3.225718,68.6461091,53.41546535,1
01:44:46,3.224,3.225707,68.64023209,53.40530872,1
01:44:47,3.224,3.225702,68.63435507,53.39487195,1
01:44:48,3.224,3.225698,68.62847805,53.3845365,1
01:44:49,3.224,3.225697,68.62260103,53.37424874,1
01:44:50,3.224,3.225696,68.61672401,53.36398482,1
01:44:51,3.224,3.225695,68.610847,53.35397124,1
01:44:52,3.224,3.225695,68.60496998,53.34384441,1
01:44:53,3.224,3.225694,68.59909296,53.33342552,1
01:44:54,3.224,3.225694,68.59322,53.32309604,1
01:44:55,3.224,3.225694,68.58733892,53.31281424,1
01:44:56,3.224,3.225693,68.58146191,53.30255032,1
01:44:57,3.224,3.225693,68.57558489,53.29253674,1
01:44:58,3.224,3.225693,68.56970787,53.28241587,1
01:44:59,3.224,3.225692,68.56383085,53.27200294,1
01:45:00,3.224,3.225692,68.55795383,53.26167941,1
01:45:01,3.224,3.225692,68.55207682,53.25139761,1
01:45:02,3.224,3.225692,68.5461998,53.24137211,1
01:45:03,3.224,3.225691,68.54032278,53.23100686,1
01:45:04,3.224,3.225691,68.53444576,53.22070718,1
01:45:05,3.224,3.22569,68.52856874,53.21067572,1
01:45:06,3.224,3.22569,68.52269173,53.20030451,1
01:45:07,3.224,3.22569,68.51681471,53.19000483,1
01:45:08,3.224,3.225689,68.51093769,53.17997336,1
01:45:09,3.224,3.225689,68.50506067,53.16960812,1
01:45:10,3.224,3.225689,68.49918,53.15954685,1
01:45:11,3.224,3.225689,68.49330664,53.14916372,1
01:45:12,3.224,3.225688,68.48742962,53.13885212,1
01:45:13,3.224,3.225688,68.4815526,53.12858224,1
01:45:14,3.224,3.225688,68.47567558,53.11856866,1
01:45:15,3.224,3.225687,68.46979856,53.10844779,1
01:45:16,3.224,3.225687,68.46392155,53.09803486,1
01:45:17,3.224,3.225687,68.45804453,53.08771,1
01:45:18,3.224,3.225687,68.45216751,53.07743549,1
01:45:19,3.224,3.225686,68.44629049,53.06741595,1
01:45:20,3.224,3.225686,68.44041348,53.05705667,1
01:45:21,3.224,3.225685,68.43453646,53.04676294,1
01:45:22,3.224,3.225685,68.42865944,53.03673744,1
01:45:23,3.224,3.225685,68.42278242,53.02661061,1
01:45:24,3.224,3.225684,68.4169054,53.01619768,1
01:45:25,3.224,3.225684,68.41102839,53.00587416,1
01:45:26,3.224,3.225684,68.40515,52.99559832,1
01:45:27,3.224,3.225684,68.39927435,52.98534632,1
01:45:28,3.224,3.225683,68.39339733,52.9753387,1
01:45:29,3.224,3.225683,68.38752031,52.96522379,1
01:45:30,3.224,3.225682,68.3816433,52.95481682,1
01:45:31,3.224,3.225682,68.37576628,52.94449925,1
01:45:32,3.224,3.225682,68.36988926,52.93422341,1
01:45:33,3.224,3.225682,68.36401224,52.92420983,1
01:45:34,3.224,3.225681,68.35813522,52.91386,1
01:45:35,3.224,3.225681,68.35225821,52.9038012,1
01:45:36,3.224,3.225681,68.34638119,52.89342403,1
01:45:37,3.224,3.225681,68.34050417,52.88312435,1
01:45:38,3.224,3.22568,68.33462715,52.87309885,1
01:45:39,3.224,3.22568,68.32875013,52.86274,1
01:45:40,3.224,3.225679,68.32287312,52.85244584,1
01:45:41,3.224,3.225679,68.3169961,52.84243,1
01:45:42,3.224,3.225679,68.31112,52.83230543,1
01:45:43,3.224,3.225678,68.30524206,52.82189846,1
01:45:44,3.224,3.225678,68.29936504,52.8115809,1
01:45:45,3.224,3.225678,68.29348803,52.80131102,1
01:45:46,3.224,3.225677,68.28761101,52.79129744,1
01:45:47,3.224,3.225677,68.28173399,52.78094411,1
01:45:48,3.224,3.225677,68.27585697,52.77065635,1
01:45:49,3.224,3.225677,68.26997995,52.76063681,1
01:45:50,3.224,3.225676,68.26410294,52.7505219,1
01:45:51,3.224,3.225676,68.25822592,52.74011493,1
01:45:52,3.224,3.225676,68.2523489,52.72980332,1
01:45:53,3.224,3.225675,68.24647188,52.71953344,1
01:45:54,3.224,3.225675,68.24059486,52.70952582,1
01:45:55,3.224,3.225675,68.23471785,52.69917846,1
01:45:56,3.224,3.225674,68.22884083,52.68912911,1
01:45:57,3.224,3.225674,68.22296381,52.67875791,1
01:45:58,3.224,3.225674,68.21709,52.66846418,1
01:45:59,3.224,3.225673,68.21120977,52.65844464,1
01:46:00,3.224,3.225673,68.20533276,52.64809132,1
01:46:01,3.224,3.225673,68.19945574,52.63780355,1
01:46:02,3.224,3.225672,68.19357872,52.62778401,1
01:46:03,3.224,3.225672,68.1877017,52.61766911,1
01:46:04,3.224,3.225672,68.18182468,52.6072681,1
01:46:05,3.224,3.225671,68.17594767,52.59695649,1
01:46:06,3.224,3.225671,68.17007065,52.58669257,1
01:46:07,3.224,3.225671,68.16419363,52.57669091,1
01:46:08,3.224,3.225671,68.15831661,52.56634355,1
01:46:09,3.224,3.22567,68.15243959,52.55630016,1
01:46:10,3.224,3.22567,68.14656258,52.54593492,1
01:46:11,3.224,3.22567,68.14068556,52.53564119,1
01:46:12,3.224,3.225669,68.13480854,52.52562165,1
01:46:13,3.224,3.225669,68.12893152,52.51526833,1
01:46:14,3.224,3.225669,68.12305,52.50521898,1
01:46:15,3.224,3.225669,68.11717749,52.49485373,1
01:46:16,3.224,3.225668,68.11130047,52.48456597,1
01:46:17,3.224,3.225667,68.10542345,52.47455239,1
01:46:18,3.224,3.225668,68.09954643,52.4642,1
01:46:19,3.224,3.225667,68.09366941,52.45415568,1
01:46:20,3.224,3.225667,68.0877924,52.44379,1
01:46:21,3.224,3.225667,68.08191538,52.43350267,1
01:46:22,3.224,3.225666,68.07603836,52.42348909,1
01:46:23,3.224,3.225666,68.07016134,52.41314173,1
01:46:24,3.224,3.225666,68.06428432,52.40309834,1
01:46:25,3.224,3.225665,68.05840731,52.39273906,1
01:46:26,3.224,3.225665,68.05253029,52.3824513,1
01:46:27,3.224,3.225665,68.04665327,52.37243772,1
01:46:28,3.224,3.225664,68.04077625,52.36209035,1
01:46:29,3.224,3.225664,68.03489923,52.35205,1
01:46:30,3.224,3.225664,68.02902,52.34168768,1
01:46:31,3.224,3.225663,68.0231452,52.33139992,1
01:46:32,3.224,3.225663,68.01726818,52.32138634,1
01:46:33,3.224,3.225663,68.01139116,52.31104,1
01:46:34,3.224,3.225662,68.00551414,52.30100155,1
01:46:35,3.224,3.225662,67.99963713,52.29064226,1
01:46:36,3.224,3.225662,67.99376011,52.28036046,1
01:46:37,3.224,3.225661,67.98788309,52.27035284,1
01:46:38,3.224,3.225661,67.98200607,52.26024389,1
01:46:39,3.224,3.225661,67.97612906,52.2498548,1
01:46:40,3.224,3.22566,67.97025204,52.23955512,1
01:46:41,3.224,3.22566,67.96437502,52.22930312,1
01:46:42,3.224,3.22566,67.958498,52.21930742,1
01:46:43,3.224,3.22566,67.95262098,52.2092104,1
01:46:44,3.224,3.225659,67.94674397,52.19882131,1
01:46:45,3.224,3.225659,67.94086695,52.18852758,1
01:46:46,3.224,3.225658,67.93499,52.17827559,1
01:46:47,3.224,3.225658,67.92911291,52.16828585,1
01:46:48,3.224,3.225658,67.92323589,52.15818882,1
01:46:49,3.224,3.225658,67.91735888,52.14780569,1
01:46:50,3.224,3.225657,67.91148186,52.13751197,1
01:46:51,3.224,3.225657,67.90560484,52.12749839,1
01:46:52,3.224,3.225657,67.89972782,52.11716,1
01:46:53,3.224,3.225657,67.8938508,52.10711956,1
01:46:54,3.224,3.225656,67.88797379,52.09676623,1
01:46:55,3.224,3.225656,67.88209677,52.08648443,1
01:46:56,3.224,3.225655,67.87621975,52.07648277,1
01:46:57,3.224,3.225655,67.87034273,52.06637979,1
01:46:58,3.224,3.225655,67.86446571,52.05599666,1
01:46:59,3.224,3.225654,67.8585887,52.04570293,1
01:47:00,3.224,3.225654,67.85271168,52.0354569,1
01:47:01,3.223,3.225654,67.84683466,52.02298164,1
01:47:02,3.224,3.22517,67.84096,52.01395154,1
01:47:03,3.224,3.225413,67.83508062,52.00432539,1
01:47:04,3.224,3.225534,67.82920361,51.99462175,1
01:47:05,3.224,3.225594,67.82332659,51.98444724,1
01:47:06,3.224,3.225623,67.81744957,51.97449327,1
01:47:07,3.224,3.225637,67.81157255,51.96442008,1
01:47:08,3.223,3.225645,67.80569553,51.95170045,1
01:47:09,3.224,3.225165,67.79981852,51.94262862,1
01:47:10,3.223,3.22541,67.7939415,51.93029046,1
01:47:11,3.224,3.225048,67.78806448,51.92163587,1
01:47:12,3.224,3.225351,67.78218746,51.91239119,1
01:47:13,3.224,3.225502,67.77631044,51.90246701,1
01:47:14,3.224,3.225576,67.77043343,51.89239979,1
01:47:15,3.223,3.225613,67.76455641,51.87962651,1
01:47:16,3.224,3.225148,67.75867939,51.87089443,1
01:47:17,3.224,3.2254,67.75280237,51.8614471,1
01:47:18,3.224,3.225525,67.74693,51.85163021,1
01:47:19,3.224,3.225587,67.74104834,51.84139609,1
01:47:20,3.224,3.225618,67.73517132,51.83117986,1
01:47:21,3.223,3.225632,67.7292943,51.81869864,1
01:47:22,3.223,3.225157,67.72341728,51.80698633,1
01:47:23,3.223,3.22492,67.71754026,51.79599524,1
01:47:24,3.224,3.224803,67.71166325,51.78810954,1
01:47:25,3.223,3.225228,67.70578623,51.77621245,1
01:47:26,3.223,3.224955,67.69990921,51.76513195,1
01:47:27,3.223,3.22482,67.69403219,51.7547071,1
01:47:28,3.223,3.224752,67.68815517,51.74409151,1
01:47:29,3.223,3.224719,67.68227816,51.73363686,1
01:47:30,3.223,3.224702,67.67640114,51.72350407,1
01:47:31,3.223,3.224694,67.67052412,51.71304941,1
01:47:32,3.223,3.224689,67.6646471,51.70267224,1
01:47:33,3.223,3.224687,67.65877008,51.69233084,1
01:47:34,3.223,3.224685,67.65289,51.68201327,1
01:47:35,3.223,3.224684,67.64701605,51.67194605,1
01:47:36,3.223,3.224684,67.64113903,51.66152716,1
01:47:37,3.223,3.224684,67.63526201,51.65116787,1
01:47:38,3.223,3.224683,67.62938499,51.64083838,1
01:47:39,3.223,3.224683,67.62350798,51.63052678,1
01:47:40,3.224,3.224682,67.61763096,51.62295103,1
01:47:41,3.223,3.225165,67.61175394,51.6115427,1
01:47:42,3.223,3.224921,67.60587692,51.6006887,1
01:47:43,3.223,3.224801,67.5999999,51.59012079,1
01:47:44,3.223,3.22474,67.59412289,51.57943964,1
01:47:45,3.223,3.22471,67.58824587,51.56919956,1
01:47:46,3.223,3.224695,67.58236885,51.55869126,1
01:47:47,3.223,3.224688,67.57649183,51.54853463,1
01:47:48,3.223,3.224684,67.57061481,51.53806806,1
01:47:49,3.223,3.224681,67.5647378,51.52769,1
01:47:50,3.223,3.22468,67.55886,51.51735544,1
01:47:51,3.223,3.224679,67.55298376,51.50703788,1
01:47:52,3.223,3.224679,67.54710674,51.49673223,1
01:47:53,3.223,3.224679,67.54122972,51.48667693,1
01:47:54,3.223,3.224678,67.53535271,51.476264,1
01:47:55,3.223,3.224678,67.52947569,51.46591067,1
01:47:56,3.223,3.224677,67.52359867,51.45558715,1
01:47:57,3.223,3.224677,67.51772165,51.44551992,1
01:47:58,3.223,3.224677,67.51184464,51.43510103,1
01:47:59,3.223,3.224676,67.50596762,51.42474771,1
01:48:00,3.223,3.224676,67.5000906,51.41442418,1
01:48:01,3.223,3.224676,67.49421358,51.40411854,1
01:48:02,3.223,3.224675,67.48833656,51.39406323,1
01:48:03,3.223,3.224675,67.48245955,51.3836503,1
01:48:04,3.223,3.224675,67.47658253,51.37329698,1
01:48:05,3.223,3.224674,67.47070551,51.36297941,1
01:48:06,3.223,3.224674,67.46483,51.35291815,1
01:48:07,3.223,3.224674,67.45895147,51.34250522,1
01:48:08,3.223,3.224674,67.45307446,51.33215189,1
01:48:09,3.223,3.224673,67.44719744,51.32183433,1
01:48:10,3.223,3.224673,67.44132042,51.31177306,1
01:48:11,3.223,3.224673,67.4354434,51.30136013,1
01:48:12,3.223,3.224672,67.42956638,51.29101276,1
01:48:13,3.223,3.224672,67.42368937,51.2806952,1
01:48:14,3.223,3.224672,67.41781235,51.27063394,1
01:48:15,3.223,3.224671,67.41193533,51.260221,1
01:48:16,3.223,3.224671,67.40605831,51.24987364,1
01:48:17,3.223,3.224671,67.40018129,51.23955607,1
01:48:18,3.223,3.22467,67.39430428,51.22925639,1
01:48:19,3.223,3.22467,67.38842726,51.21920705,1
01:48:20,3.223,3.22467,67.38255024,51.20880008,1
01:48:21,3.223,3.224669,67.37667322,51.19845271,1
01:48:22,3.223,3.224669,67.3708,51.18837953,1
01:48:23,3.223,3.224669,67.36491919,51.17796063,1
01:48:24,3.223,3.224668,67.35904217,51.16761327,1
01:48:25,3.223,3.224668,67.35316515,51.1572957,1
01:48:26,3.223,3.224668,67.34728813,51.14699602,1
01:48:27,3.223,3.224668,67.34141111,51.13694668,1
01:48:28,3.222,3.224667,67.3355341,51.1238277,1
01:48:29,3.223,3.224184,67.32965708,51.11477971,1
01:48:30,3.222,3.224427,67.32378006,51.10245,1
01:48:31,3.222,3.224064,67.31790304,51.0911,1
01:48:32,3.222,3.223884,67.31202602,51.08023286,1
01:48:33,3.222,3.223794,67.30614901,51.06986761,1
01:48:34,3.222,3.22375,67.30027199,51.0592401,1
01:48:35,3.222,3.223727,67.29439497,51.0487318,1
01:48:36,3.222,3.223716,67.28851795,51.03828907,1
01:48:37,3.222,3.22371,67.28264093,51.02787614,1
01:48:38,3.222,3.223707,67.27676,51.01748,1
01:48:39,3.222,3.223706,67.2708869,51.00708,1
01:48:40,3.221,3.223705,67.26500988,50.99404454,1
01:48:41,3.221,3.223221,67.25913286,50.98229051,1
01:48:42,3.221,3.22298,67.25325584,50.97117424,1
01:48:43,3.221,3.222861,67.24737883,50.9606421,1
01:48:44,3.221,3.222802,67.24150181,50.94987154,1
01:48:45,3.221,3.222772,67.23562479,50.93924403,1
01:48:46,3.221,3.222757,67.22974777,50.92893839,1
01:48:47,3.221,3.222749,67.22387075,50.91829,1
01:48:48,3.221,3.222746,67.21799374,50.9079814,1
01:48:49,3.221,3.222744,67.21211672,50.89758635,1
01:48:50,3.221,3.222743,67.2062397,50.88714957,1
01:48:51,3.221,3.222742,67.20036268,50.87668896,1
01:48:52,3.22,3.222741,67.19448566,50.86318254,1
01:48:53,3.22,3.222257,67.18860865,50.85150599,1
01:48:54,3.22,3.222017,67.18273,50.84037185,1
01:48:55,3.22,3.221897,67.17685461,50.8292377,1
01:48:56,3.22,3.221838,67.17097759,50.81837773,1
01:48:57,3.22,3.221808,67.16510057,50.80765486,1
01:48:58,3.219,3.221793,67.15922356,50.79473853,1
01:48:59,3.219,3.221302,67.15334654,50.78257918,1
01:49:00,3.22,3.221059,67.14746952,50.77385306,1
01:49:01,3.219,3.221421,67.1415925,50.76186061,1
01:49:02,3.219,3.221117,67.13571548,50.75019598,1
01:49:03,3.219,3.220966,67.12983847,50.73931217,1
01:49:04,3.219,3.220891,67.12396145,50.72824955,1
01:49:05,3.219,3.220853,67.11808443,50.7173717,1
01:49:06,3.219,3.220835,67.11220741,50.70658326,1
01:49:07,3.219,3.220825,67.10633039,50.6958425,1
01:49:08,3.218,3.220821,67.10045338,50.68246126,1
01:49:09,3.219,3.220335,67.09457636,50.67323446,1
01:49:10,3.218,3.220577,67.0887,50.66033006,1
01:49:11,3.218,3.220213,67.08282232,50.6488204,1
01:49:12,3.218,3.220033,67.0769453,50.63736439,1
01:49:13,3.218,3.219943,67.07106829,50.62652826,1
01:49:14,3.218,3.219898,67.06519127,50.61571002,1
01:49:15,3.218,3.219876,67.05931425,50.60463,1
01:49:16,3.218,3.219865,67.05343723,50.59369206,1
01:49:17,3.218,3.219859,67.04756021,50.58282018,1
01:49:18,3.217,3.219856,67.0416832,50.56931376,1
01:49:19,3.217,3.219371,67.03580618,50.55711865,1
01:49:20,3.217,3.21913,67.02992916,50.54557323,1
01:49:21,3.217,3.21901,67.02405214,50.53464174,1
01:49:22,3.217,3.21895,67.01817513,50.52372813,1
01:49:23,3.217,3.218921,67.01229811,50.51254034,1
01:49:24,3.217,3.218905,67.00642109,50.50177574,1
01:49:25,3.217,3.218898,67.00054407,50.49094558,1
01:49:26,3.217,3.218894,66.99467,50.48008,1
01:49:27,3.217,3.218892,66.98879004,50.4692018,1
01:49:28,3.217,3.218891,66.98291302,50.458318,1
01:49:29,3.217,3.21889,66.977036,50.44742823,1
01:49:30,3.217,3.218889,66.97115898,50.43653846,1
01:49:31,3.217,3.218889,66.96528196,50.42536855,1
01:49:32,3.217,3.218889,66.95940495,50.41460991,1
01:49:33,3.216,3.218888,66.95352793,50.40073991,1
01:49:34,3.217,3.218405,66.94765091,50.39104819,1
01:49:35,3.216,3.218648,66.94177389,50.37844181,1
01:49:36,3.216,3.218285,66.93589687,50.36662817,1
01:49:37,3.216,3.218105,66.93001986,50.35521984,1
01:49:38,3.216,3.218015,66.92414284,50.34401417,1
01:49:39,3.216,3.21797,66.91826582,50.33291578,1
01:49:40,3.216,3.217948,66.9123888,50.32158494,1
01:49:41,3.216,3.217937,66.90651178,50.31041503,1
01:49:42,3.216,3.217931,66.90063,50.29932857,1
01:49:43,3.216,3.217928,66.89475775,50.28856397,1
01:49:44,3.216,3.217926,66.88888073,50.27740002,1
01:49:45,3.216,3.217926,66.88300371,50.26631355,1
01:49:46,3.216,3.217925,66.87712669,50.25554895,1
01:49:47,3.216,3.217924,66.87124968,50.244385,1
01:49:48,3.216,3.217924,66.86537266,50.2333045,1
01:49:49,3.216,3.217923,66.85949564,50.22254586,1
01:49:50,3.216,3.217923,66.85361862,50.21166801,1
01:49:51,3.216,3.217923,66.8477416,50.20073056,1
01:49:52,3.216,3.217923,66.84186459,50.18976331,1
01:49:53,3.216,3.217922,66.83598757,50.17850399,1
01:49:54,3.216,3.217922,66.83011055,50.1673758,1
01:49:55,3.216,3.217921,66.82423353,50.15659,1
01:49:56,3.216,3.217921,66.81835651,50.14542341,1
01:49:57,3.216,3.217921,66.8124795,50.13433695,1
01:49:58,3.216,3.21792,66.8066,50.12357831,1
01:49:59,3.216,3.21792,66.80072546,50.11270046,1
01:50:00,3.216,3.21792,66.79484844,50.10176897,1
01:50:01,3.216,3.217919,66.78897142,50.09080768,1
01:50:02,3.216,3.217919,66.78309441,50.07954836,1
01:50:03,3.216,3.217919,66.77721739,50.06842017,1
01:50:04,3.216,3.217918,66.77134037,50.05763769,1
01:50:05,3.216,3.217918,66.76546335,50.04647374,1
01:50:06,3.216,3.217918,66.75958633,50.03539324,1
01:50:07,3.216,3.217917,66.75370932,50.0246346,1
01:50:08,3.216,3.217917,66.7478323,50.01347661,1
01:50:09,3.216,3.217916,66.74195528,50.00240207,1
01:50:10,3.216,3.217916,66.73607826,49.99164939,1
01:50:11,3.216,3.217916,66.73020124,49.98049736,1
01:50:12,3.216,3.217916,66.72432423,49.96942282,1
01:50:13,3.216,3.217915,66.71844721,49.95867014,1
01:50:14,3.216,3.217915,66.71257,49.94751811,1
01:50:15,3.216,3.217915,66.70669317,49.93644357,1
01:50:16,3.216,3.217914,66.70081615,49.92569089,1
01:50:17,3.216,3.217914,66.69493914,49.91454184,1
01:50:18,3.216,3.217913,66.68906212,49.90347326,1
01:50:19,3.216,3.217913,66.6831851,49.89272058,1
01:50:20,3.216,3.217913,66.67730808,49.88157153,1
01:50:21,3.216,3.217912,66.67143106,49.87049997,1
01:50:22,3.216,3.217912,66.66555405,49.85975027,1
01:50:23,3.216,3.217912,66.65967703,49.84860122,1
01:50:24,3.216,3.217911,66.65380001,49.83752966,1
01:50:25,3.216,3.217911,66.64792299,49.82678294,1
01:50:26,3.216,3.217911,66.64204597,49.81563687,1
01:50:27,3.216,3.21791,66.63616896,49.80456829,1
01:50:28,3.216,3.21791,66.63029194,49.79353845,1
01:50:29,3.216,3.21791,66.62441492,49.78280962,1
01:50:30,3.216,3.217909,66.61854,49.77195561,1
01:50:31,3.216,3.217909,66.61266088,49.76103902,1
01:50:32,3.216,3.217909,66.60678387,49.75008965,1
01:50:33,3.216,3.217908,66.60090685,49.73884523,1
01:50:34,3.216,3.217908,66.59502983,49.72801,1
01:50:35,3.216,3.217907,66.58915281,49.71710742,1
01:50:36,3.216,3.217907,66.58327579,49.70588386,1
01:50:37,3.216,3.217907,66.57739878,49.69506264,1
01:50:38,3.216,3.217906,66.57152176,49.68416393,1
01:50:39,3.216,3.217906,66.56564474,49.67322648,1
01:50:40,3.216,3.217906,66.55976772,49.66198802,1
01:50:41,3.216,3.217905,66.55389071,49.65087771,1
01:50:42,3.216,3.217905,66.54801369,49.64011312,1
01:50:43,3.216,3.217905,66.54213667,49.62896109,1
01:50:44,3.216,3.217905,66.53625965,49.6178925,1
01:50:45,3.216,3.217904,66.53038263,49.60714877,1
01:50:46,3.216,3.217904,66.52451,49.59600866,1
01:50:47,3.216,3.217903,66.5186286,49.58494604,1
01:50:48,3.216,3.217903,66.51275158,49.57392216,1
01:50:49,3.216,3.217903,66.50687456,49.56320226,1
01:50:50,3.216,3.217902,66.50099754,49.55235422,1
01:50:51,3.216,3.217902,66.49512053,49.54144359,1
01:50:52,3.216,3.217902,66.48924351,49.53050315,1
01:50:53,3.216,3.217901,66.48336649,49.5192647,1
01:50:54,3.216,3.217901,66.47748947,49.50843751,1
01:50:55,3.216,3.217901,66.47161245,49.49753881,1
01:50:56,3.216,3.2179,66.46573544,49.48660433,1
01:50:57,3.216,3.2179,66.45985842,49.47537184,1
01:50:58,3.216,3.2179,66.4539814,49.46426749,1
01:50:59,3.216,3.217899,66.44810438,49.45350587,1
01:51:00,3.216,3.217899,66.44222736,49.44235981,1
01:51:01,3.216,3.217899,66.43635035,49.43129718,1
01:51:02,3.216,3.217898,66.43047,49.42027628,1
01:51:03,3.216,3.217898,66.42459631,49.40955937,1
01:51:04,3.216,3.217897,66.41871929,49.39871728,1
01:51:05,3.216,3.217897,66.41284227,49.38781261,1
01:51:06,3.216,3.217897,66.40696526,49.37687814,1
01:51:07,3.216,3.217897,66.40108824,49.36592877,1
01:51:08,3.216,3.217896,66.39521122,49.35469031,1
01:51:09,3.216,3.217896,66.3893342,49.34358299,1
01:51:10,3.216,3.217896,66.38345718,49.33282435,1
01:51:11,3.216,3.217895,66.37758017,49.32168126,1
01:51:12,3.216,3.217895,66.37170315,49.31062162,1
01:51:13,3.216,3.217894,66.36582613,49.29988682,1
01:51:14,3.216,3.217894,66.35994911,49.28875566,1
01:51:15,3.216,3.217894,66.35407209,49.2779851,1
01:51:16,3.216,3.217893,66.34819508,49.26711917,1
01:51:17,3.216,3.217893,66.34231806,49.25620556,1
01:51:18,3.216,3.217893,66.33644,49.24498498,1
01:51:19,3.216,3.217892,66.33056402,49.2341727,1
01:51:20,3.216,3.217892,66.324687,49.22328591,1
01:51:21,3.216,3.217892,66.31880999,49.21236,1
01:51:22,3.216,3.217891,66.31293297,49.20113683,1
01:51:23,3.216,3.217891,66.30705595,49.19032156,1
01:51:24,3.216,3.217891,66.30117893,49.17943478,1
01:51:25,3.216,3.217891,66.29530191,49.16851223,1
01:51:26,3.216,3.21789,66.2894249,49.15728867,1
01:51:27,3.216,3.21789,66.28354788,49.14647639,1
01:51:28,3.216,3.217889,66.27767086,49.13559,1
01:51:29,3.216,3.217889,66.27179384,49.12466705,1
01:51:30,3.216,3.217889,66.26591682,49.11344647,1
01:51:31,3.216,3.217888,66.26003981,49.10263419,1
01:51:32,3.216,3.217888,66.25416279,49.09175038,1
01:51:33,3.216,3.217888,66.24828577,49.08083081,1
01:51:34,3.216,3.217887,66.24241,49.06961024,1
01:51:35,3.216,3.217887,66.23653173,49.05880094,1
01:51:36,3.216,3.217887,66.23065472,49.04791713,1
01:51:37,3.216,3.217886,66.2247777,49.03699756,1
01:51:38,3.216,3.217886,66.21890068,49.02577996,1
01:51:39,3.216,3.217886,66.21302366,49.01497066,1
01:51:40,3.216,3.217885,66.20714664,49.00408983,1
01:51:41,3.216,3.217885,66.20126963,48.99317324,1
01:51:42,3.216,3.217885,66.19539261,48.98195565,1
01:51:43,3.216,3.217884,66.18951559,48.97114933,1
01:51:44,3.216,3.217884,66.18363857,48.9602685,1
01:51:45,3.216,3.217884,66.17776155,48.94935191,1
01:51:46,3.216,3.217883,66.17188454,48.93813729,1
01:51:47,3.216,3.217883,66.16600752,48.92733097,1
01:51:48,3.216,3.217883,66.1601305,48.91645312,1
01:51:49,3.216,3.217882,66.15425348,48.90553951,1
01:51:50,3.216,3.217882,66.14838,48.8943249,1
01:51:51,3.216,3.217882,66.14249945,48.88352156,1
01:51:52,3.216,3.217881,66.13662243,48.87264371,1
01:51:53,3.215,3.217881,66.13074541,48.85905385,1
01:51:54,3.216,3.217397,66.12486839,48.84942174,1
01:51:55,3.216,3.21764,66.11899137,48.83888364,1
01:51:56,3.216,3.217761,66.11311436,48.82813,1
01:51:57,3.216,3.21782,66.10723734,48.81726503,1
01:51:58,3.216,3.21785,66.10136032,48.8063544,1
01:51:59,3.216,3.217865,66.0954833,48.79541993,1
01:52:00,3.216,3.217871,66.08960629,48.78475368,1
01:52:01,3.216,3.217875,66.08372927,48.77366722,1
01:52:02,3.216,3.217876,66.07785225,48.76292646,1
01:52:03,3.216,3.217877,66.07197523,48.75208139,1
01:52:04,3.216,3.217877,66.06609821,48.74118865,1
01:52:05,3.216,3.217877,66.0602212,48.73026907,1
01:52:06,3.216,3.217876,66.05434,48.71933758,1
01:52:07,3.216,3.217876,66.04846716,48.70811999,1
01:52:08,3.216,3.217876,66.04259014,48.69731665,1
01:52:09,3.216,3.217875,66.03671312,48.68644178,1
01:52:10,3.216,3.217875,66.03083611,48.67553413,1
01:52:11,3.216,3.217875,66.02495909,48.6646086,1
01:52:12,3.216,3.217875,66.01908207,48.65339398,1
01:52:13,3.216,3.217874,66.01320505,48.64259362,1
01:52:14,3.216,3.217874,66.00732803,48.63172174,1
01:52:15,3.216,3.217874,66.00145102,48.62081707,1
01:52:16,3.216,3.217873,65.995574,48.60961437,1
01:52:17,3.216,3.217873,65.98969698,48.59881997,1
01:52:18,3.216,3.217872,65.98381996,48.58795404,1
01:52:19,3.216,3.217872,65.97794294,48.57705235,1
01:52:20,3.215,3.217872,65.97206593,48.56343567,1
01:52:21,3.216,3.217388,65.96618891,48.55360389,1
01:52:22,3.216,3.217631,65.96031,48.54343832,1
01:52:23,3.215,3.217752,65.95443487,48.52980673,1
01:52:24,3.216,3.217328,65.94855785,48.52025807,1
01:52:25,3.216,3.217601,65.94268084,48.51023853,1
01:52:26,3.216,3.217736,65.93680382,48.49976599,1
01:52:27,3.216,3.217803,65.9309268,48.489061,1
01:52:28,3.215,3.217836,65.92504978,48.47555,1
01:52:29,3.215,3.217369,65.91917276,48.46292436,1
01:52:30,3.215,3.217137,65.91329575,48.45110476,1
01:52:31,3.216,3.217021,65.90741873,48.44257534,1
01:52:32,3.215,3.217448,65.90154171,48.42983782,1
01:52:33,3.215,3.217175,65.89566469,48.41828942,1
01:52:34,3.216,3.21704,65.88978767,48.4094888,1
01:52:35,3.215,3.217456,65.88391066,48.39719832,1
01:52:36,3.215,3.217179,65.87803364,48.38552,1
01:52:37,3.215,3.217041,65.87215662,48.37416708,1
01:52:38,3.215,3.216973,65.86628,48.36297035,1
01:52:39,3.215,3.216939,65.86040258,48.35185111,1
01:52:40,3.215,3.216922,65.85452557,48.34048152,1
01:52:41,3.215,3.216913,65.84864855,48.32927585,1
01:52:42,3.215,3.216909,65.84277153,48.31814766,1
01:52:43,3.215,3.216906,65.83689451,48.3073473,1
01:52:44,3.215,3.216905,65.83101749,48.29642773,1
01:52:45,3.215,3.216904,65.82514048,48.28544855,1
01:52:46,3.215,3.216903,65.81926346,48.27415347,1
01:52:47,3.215,3.216903,65.81338644,48.26298356,1
01:52:48,3.215,3.216902,65.80750942,48.25216234,1
01:52:49,3.215,3.216902,65.8016324,48.24123,1
01:52:50,3.215,3.216902,65.79575539,48.22996259,1
01:52:51,3.215,3.216901,65.78987837,48.2188046,1
01:52:52,3.215,3.216901,65.78400135,48.20798934,1
01:52:53,3.215,3.2169,65.77812433,48.19706678,1
01:52:54,3.215,3.2169,65.77225,48.18608761,1
01:52:55,3.215,3.2169,65.7663703,48.17479253,1
01:52:56,3.215,3.2169,65.76049328,48.1636256,1
01:52:57,3.215,3.216899,65.75461626,48.15280735,1
01:52:58,3.215,3.216899,65.74873924,48.14188182,1
01:52:59,3.215,3.216899,65.74286222,48.13090265,1
01:53:00,3.215,3.216898,65.73698521,48.11961055,1
01:53:01,3.215,3.216898,65.73110819,48.10844362,1
01:53:02,3.215,3.216898,65.72523117,48.09762537,1
01:53:03,3.215,3.216897,65.71935415,48.08669984,1
01:53:04,3.215,3.216897,65.71347713,48.07543755,1
01:53:05,3.215,3.216897,65.70760012,48.06457162,1
01:53:06,3.215,3.216896,65.7017231,48.05333614,1
01:53:07,3.215,3.216896,65.69584608,48.04248512,1
01:53:08,3.215,3.216896,65.68996906,48.03154469,1
01:53:09,3.215,3.216895,65.68409204,48.02027345,1
01:53:10,3.215,3.216895,65.67822,48.00911844,1
01:53:11,3.215,3.216895,65.67233801,47.99830914,1
01:53:12,3.215,3.216894,65.66646099,47.98739254,1
01:53:13,3.215,3.216894,65.66058397,47.97641933,1
01:53:14,3.215,3.216894,65.65470695,47.96513319,1
01:53:15,3.215,3.216893,65.64882994,47.95397222,1
01:53:16,3.215,3.216893,65.64295292,47.94315994,1
01:53:17,3.215,3.216892,65.6370759,47.93224037,1
01:53:18,3.215,3.216892,65.63119888,47.92126715,1
01:53:19,3.215,3.216892,65.62532187,47.90998101,1
01:53:20,3.215,3.216891,65.61944485,47.89882302,1
01:53:21,3.215,3.216891,65.61356783,47.88801372,1
01:53:22,3.215,3.216891,65.60769081,47.87709713,1
01:53:23,3.215,3.21689,65.60181379,47.86612689,1
01:53:24,3.215,3.21689,65.59593678,47.85484374,1
01:53:25,3.215,3.21689,65.59005976,47.84368575,1
01:53:26,3.215,3.216889,65.58418,47.83287942,1
01:53:27,3.215,3.216889,65.57830572,47.82196581,1
01:53:28,3.215,3.216889,65.5724287,47.81099856,1
01:53:29,3.215,3.216888,65.56655169,47.79971838,1
01:53:30,3.215,3.216888,65.56067467,47.78856337,1
01:53:31,3.215,3.216887,65.55479765,47.77775705,1
01:53:32,3.215,3.216887,65.54892063,47.76684344,1
01:53:33,3.215,3.216887,65.54304361,47.75587618,1
01:53:34,3.215,3.216887,65.5371666,47.744596,1
01:53:35,3.215,3.216886,65.53128958,47.73344398,1
01:53:36,3.215,3.216886,65.52541256,47.72264063,1
01:53:37,3.215,3.216886,65.51953554,47.71173,1
01:53:38,3.215,3.216886,65.51365852,47.70076573,1
01:53:39,3.215,3.216885,65.50778151,47.68948853,1
01:53:40,3.215,3.216885,65.50190449,47.6783365,1
01:53:41,3.215,3.216884,65.49602747,47.66753614,1
01:53:42,3.215,3.216884,65.49015,47.65662849,1
01:53:43,3.215,3.216884,65.48427343,47.6456672,1
01:53:44,3.215,3.216883,65.47839642,47.63439298,1
01:53:45,3.215,3.216883,65.4725194,47.62353003,1
01:53:46,3.215,3.216883,65.46664238,47.61259258,1
01:53:47,3.215,3.216882,65.46076536,47.60133028,1
01:53:48,3.215,3.216882,65.45488834,47.59018719,1
01:53:49,3.214,3.216882,65.44901133,47.57677913,1
01:53:50,3.214,3.216398,65.44313431,47.56413102,1
01:53:51,3.214,3.216157,65.43725729,47.55225778,1
01:53:52,3.214,3.216038,65.43138027,47.54106998,1
01:53:53,3.214,3.215979,65.42550325,47.52961099,1
01:53:54,3.213,3.215949,65.41962624,47.51598835,1
01:53:55,3.213,3.215451,65.41374922,47.50354588,1
01:53:56,3.213,3.215203,65.4078722,47.49137461,1
01:53:57,3.213,3.21508,65.40199518,47.47968018,1
01:53:58,3.213,3.215018,65.39612,47.46821821,1
01:53:59,3.213,3.214988,65.39024115,47.45717049,1
01:54:00,3.213,3.214973,65.38436413,47.44573236,1
01:54:01,3.213,3.214965,65.37848711,47.43439555,1
01:54:02,3.213,3.214961,65.37261009,47.42310941,1
01:54:03,3.212,3.214958,65.36673307,47.40909934,1
01:54:04,3.212,3.214474,65.36085606,47.39643335,1
01:54:05,3.212,3.214233,65.35497904,47.38443494,1
01:54:06,3.212,3.214114,65.34910202,47.37276435,1
01:54:07,3.212,3.214054,65.343225,47.3615706,1
01:54:08,3.212,3.214024,65.33734798,47.35030532,1
01:54:09,3.212,3.214009,65.33147097,47.33900726,1
01:54:10,3.211,3.214002,65.32559395,47.32497633,1
01:54:11,3.212,3.213514,65.31971693,47.31497169,1
01:54:12,3.212,3.213756,65.31383991,47.30429947,1
01:54:13,3.211,3.213875,65.30796289,47.29012549,1
01:54:14,3.211,3.213451,65.30209,47.27772772,1
01:54:15,3.211,3.21324,65.29620886,47.26546407,1
01:54:16,3.211,3.213135,65.29033184,47.25361466,1
01:54:17,3.211,3.213083,65.28445482,47.2422868,1
01:54:18,3.211,3.213057,65.2785778,47.23090231,1
01:54:19,3.211,3.213044,65.27270079,47.219491,1
01:54:20,3.21,3.213037,65.26682377,47.20487893,1
01:54:21,3.21,3.212549,65.26094675,47.19183743,1
01:54:22,3.21,3.212308,65.25506973,47.17954993,1
01:54:23,3.21,3.212187,65.24919271,47.16763198,1
01:54:24,3.21,3.212127,65.2433157,47.15622365,1
01:54:25,3.21,3.212098,65.23743868,47.14442492,1
01:54:26,3.21,3.212083,65.23156166,47.13274837,1
01:54:27,3.21,3.212075,65.22568464,47.1211344,1
01:54:28,3.21,3.212071,65.21980762,47.10986614,1
01:54:29,3.21,3.212069,65.21393061,47.09846079,1
01:54:30,3.21,3.212068,65.20805,47.0869869,1
01:54:31,3.21,3.212067,65.20217657,47.07516134,1
01:54:32,3.21,3.212066,65.19629955,47.06347287,1
01:54:33,3.209,3.212065,65.19042253,47.04907537,1
01:54:34,3.209,3.211582,65.18454552,47.03606367,1
01:54:35,3.209,3.211342,65.1786685,47.02373445,1
01:54:36,3.209,3.211222,65.17279148,47.011742,1
01:54:37,3.209,3.211163,65.16691446,47.00024724,1
01:54:38,3.209,3.211133,65.16103745,46.98834717,1
01:54:39,3.209,3.211118,65.15516043,46.97689414,1
01:54:40,3.209,3.21111,65.14928341,46.96534276,1
01:54:41,3.209,3.211107,65.14340639,46.95342183,1
01:54:42,3.209,3.211104,65.13752937,46.9419539,1
01:54:43,3.209,3.211103,65.13165236,46.93007469,1
01:54:44,3.209,3.211102,65.12577534,46.91830873,1
01:54:45,3.209,3.211102,65.11989832,46.90691829,1
01:54:46,3.209,3.211101,65.11402,46.89539969,1
01:54:47,3.209,3.211101,65.10814428,46.88349664,1
01:54:48,3.209,3.211101,65.10226727,46.87204063,1
01:54:49,3.209,3.2111,65.09639025,46.86048925,1
01:54:50,3.209,3.211099,65.09051323,46.8485713,1
01:54:51,3.209,3.211099,65.08463621,46.83710635,1
01:54:52,3.209,3.211099,65.07875919,46.82523012,1
01:54:53,3.209,3.211098,65.07288218,46.81346714,1
01:54:54,3.209,3.211098,65.06700516,46.80207968,1
01:54:55,3.209,3.211098,65.06112814,46.79056406,1
01:54:56,3.209,3.211097,65.05525112,46.77866399,1
01:54:57,3.209,3.211097,65.0493741,46.76721096,1
01:54:58,3.209,3.211097,65.04349709,46.75566554,1
01:54:59,3.209,3.211096,65.03762007,46.74375057,1
01:55:00,3.209,3.211096,65.03174305,46.73229158,1
01:55:01,3.209,3.211096,65.02586603,46.72041833,1
01:55:02,3.209,3.211095,65.01999,46.70865834,1
01:55:03,3.209,3.211095,65.014112,46.69695497,1
01:55:04,3.209,3.211095,65.00823498,46.68527842,1
01:55:05,3.209,3.211094,65.00235796,46.67361677,1
01:55:06,3.209,3.211094,64.99648094,46.66196108,1
01:55:07,3.209,3.211094,64.99060392,46.65063024,1
01:55:08,3.209,3.211093,64.98472691,46.6391474,1
01:55:09,3.209,3.211093,64.97884989,46.62726521,1
01:55:10,3.209,3.211092,64.97297287,46.6158241,1
01:55:11,3.209,3.211092,64.96709585,46.60428464,1
01:55:12,3.209,3.211092,64.96121883,46.59237564,1
01:55:13,3.209,3.211091,64.95534182,46.5809226,1
01:55:14,3.209,3.211091,64.9494648,46.5690583,1
01:55:15,3.209,3.211091,64.94358778,46.55730426,1
01:55:16,3.209,3.21109,64.93771076,46.54560685,1
01:55:17,3.209,3.21109,64.93183374,46.53393626,1
01:55:18,3.209,3.211089,64.92596,46.52228057,1
01:55:19,3.209,3.211089,64.92007971,46.51095271,1
01:55:20,3.209,3.211089,64.91420269,46.49915099,1
01:55:21,3.209,3.211088,64.90832567,46.48742974,1
01:55:22,3.209,3.211088,64.90244865,46.47575021,1
01:55:23,3.209,3.211087,64.89657164,46.46441042,1
01:55:24,3.209,3.211087,64.89069462,46.45260274,1
01:55:25,3.209,3.211087,64.8848176,46.44087851,1
01:55:26,3.209,3.211087,64.87894058,46.42919898,1
01:55:27,3.209,3.211086,64.87306356,46.4178592,1
01:55:28,3.209,3.211086,64.86718655,46.4060545,1
01:55:29,3.209,3.211085,64.86130953,46.39433324,1
01:55:30,3.209,3.211085,64.85543251,46.38265371,1
01:55:31,3.209,3.211085,64.84955549,46.37131691,1
01:55:32,3.209,3.211084,64.84367847,46.35951519,1
01:55:33,3.209,3.211084,64.83780146,46.34779692,1
01:55:34,3.209,3.211084,64.83192,46.33612037,1
01:55:35,3.209,3.211083,64.82604742,46.32478654,1
01:55:36,3.209,3.211083,64.8201704,46.31298482,1
01:55:37,3.209,3.211082,64.81429338,46.30126655,1
01:55:38,3.209,3.211082,64.80841637,46.28959,1
01:55:39,3.209,3.211082,64.80253935,46.27825618,1
01:55:40,3.209,3.211082,64.79666233,46.2667793,1
01:55:41,3.209,3.211081,64.79078531,46.25490904,1
01:55:42,3.209,3.211081,64.78490829,46.24347985,1
01:55:43,3.209,3.21108,64.77903128,46.23195529,1
01:55:44,3.209,3.21108,64.77315426,46.22006118,1
01:55:45,3.209,3.21108,64.76727724,46.20862007,1
01:55:46,3.209,3.211079,64.76140022,46.19676769,1
01:55:47,3.209,3.211079,64.7555232,46.18502855,1
01:55:48,3.209,3.211079,64.74964619,46.17334306,1
01:55:49,3.209,3.211078,64.74376917,46.16168737,1
01:55:50,3.209,3.211078,64.73789,46.15036547,1
01:55:51,3.209,3.211077,64.73201513,46.13889456,1
01:55:52,3.209,3.211077,64.72613811,46.12703025,1
01:55:53,3.209,3.211076,64.7202611,46.11560702,1
01:55:54,3.209,3.211076,64.71438408,46.10408545,1
01:55:55,3.209,3.211076,64.70850706,46.0921973,1
01:55:56,3.209,3.211076,64.70263004,46.08076215,1
01:55:57,3.209,3.211076,64.69675303,46.06891572,1
01:55:58,3.209,3.211075,64.69087601,46.05717957,1
01:55:59,3.209,3.211075,64.68499899,46.04550004,1
01:56:00,3.209,3.211074,64.67912197,46.03384733,1
01:56:01,3.209,3.211074,64.67324495,46.02253139,1
01:56:02,3.209,3.211074,64.66736794,46.01107,1
01:56:03,3.209,3.211073,64.66149092,45.99920511,1
01:56:04,3.209,3.211072,64.6556139,45.98746598,1
01:56:05,3.209,3.211072,64.64973688,45.97578645,1
01:56:06,3.209,3.211072,64.64386,45.96413374,1
01:56:07,3.209,3.211072,64.63798285,45.95249593,1
01:56:08,3.209,3.211071,64.63210583,45.94118893,1
01:56:09,3.209,3.211071,64.62622881,45.92972994,1
01:56:10,3.209,3.211071,64.62035179,45.91787457,1
01:56:11,3.209,3.21107,64.61447477,45.90613842,1
01:56:12,3.209,3.21107,64.60859776,45.89446187,1
01:56:13,3.209,3.21107,64.60272074,45.88281214,1
01:56:14,3.209,3.211069,64.59684372,45.87117732,1
01:56:15,3.209,3.211069,64.5909667,45.85987329,1
01:56:16,3.209,3.211068,64.58508968,45.84841728,1
01:56:17,3.209,3.211068,64.57921267,45.8365649,1
01:56:18,3.209,3.211067,64.57333565,45.82483172,1
01:56:19,3.209,3.211067,64.56745863,45.81315815,1
01:56:20,3.209,3.211067,64.56158161,45.80151141,1
01:56:21,3.209,3.211066,64.55570459,45.79020143,1
01:56:22,3.209,3.211066,64.54983,45.77842355,1
01:56:23,3.209,3.211066,64.54395056,45.76672614,1
01:56:24,3.209,3.211065,64.53807354,45.75539231,1
01:56:25,3.209,3.211065,64.53219652,45.74360251,1
01:56:26,3.209,3.211065,64.5263195,45.73190212,1
01:56:27,3.209,3.211064,64.52044249,45.72024643,1
01:56:28,3.209,3.211064,64.51456547,45.70893347,1
01:56:29,3.209,3.211064,64.50868845,45.69747746,1
01:56:30,3.208,3.211063,64.50281143,45.68273425,1
01:56:31,3.209,3.210579,64.49693441,45.67262232,1
01:56:32,3.209,3.210823,64.4910574,45.66148818,1
01:56:33,3.209,3.210943,64.48518038,45.65041065,1
01:56:34,3.209,3.211003,64.47930336,45.6387639,1
01:56:35,3.208,3.211032,64.47342634,45.62430382,1
01:56:36,3.209,3.210563,64.46754932,45.6140399,1
01:56:37,3.208,3.210814,64.46167231,45.6007421,1
01:56:38,3.208,3.210454,64.4558,45.58784068,1
01:56:39,3.208,3.210275,64.44991827,45.57589591,1
01:56:40,3.208,3.210187,64.44404125,45.56372762,1
01:56:41,3.208,3.210143,64.43816423,45.55178881,1
01:56:42,3.208,3.21012,64.43228722,45.54029405,1
01:56:43,3.208,3.210109,64.4264102,45.52836418,1
01:56:44,3.208,3.210103,64.42053318,45.51654458,1
01:56:45,3.208,3.2101,64.41465616,45.50510347,1
01:56:46,3.208,3.210099,64.40877914,45.49353123,1
01:56:47,3.208,3.210098,64.40290213,45.48156559,1
01:56:48,3.208,3.210097,64.39702511,45.47005296,1
01:56:49,3.208,3.210097,64.39114809,45.45812011,1
01:56:50,3.208,3.210096,64.38527107,45.44662535,1
01:56:51,3.208,3.210096,64.37939405,45.43470144,1
01:56:52,3.208,3.210095,64.37351704,45.42320967,1
01:56:53,3.208,3.210095,64.36764002,45.41128576,1
01:56:54,3.208,3.210094,64.36176,45.39946914,1
01:56:55,3.208,3.210094,64.35588598,45.38803399,1
01:56:56,3.208,3.210094,64.35000896,45.37646472,1
01:56:57,3.208,3.210093,64.34413195,45.36450505,1
01:56:58,3.208,3.210093,64.33825493,45.35267055,1
01:56:59,3.208,3.210093,64.33237791,45.34089863,1
01:57:00,3.208,3.210093,64.32650089,45.3291595,1
01:57:01,3.208,3.210092,64.32062387,45.31743526,1
01:57:02,3.208,3.210092,64.31474686,45.30571997,1
01:57:03,3.208,3.210091,64.30886984,45.29400766,1
01:57:04,3.208,3.210091,64.30299282,45.28229833,1
01:57:05,3.208,3.210091,64.2971158,45.27091682,1
01:57:06,3.208,3.21009,64.29123878,45.25905252,1
01:57:07,3.208,3.21009,64.28536177,45.24727,1
01:57:08,3.208,3.210089,64.27948475,45.23552358,1
01:57:09,3.208,3.210089,64.27360773,45.22379935,1
01:57:10,3.208,3.210089,64.26773,45.21208405,1
01:57:11,3.208,3.210088,64.26185369,45.20037472,1
01:57:12,3.208,3.210088,64.25597668,45.18866837,1
01:57:13,3.208,3.210088,64.25009966,45.176965,1
01:57:14,3.208,3.210087,64.24422264,45.16526163,1
01:57:15,3.208,3.210087,64.23834562,45.15388608,1
01:57:16,3.207,3.210087,64.23246861,45.13915777,1
01:57:17,3.207,3.209602,64.22659159,45.12632489,1
01:57:18,3.207,3.209362,64.22071457,45.1136291,1
01:57:19,3.207,3.209243,64.21483755,45.10138631,1
01:57:20,3.207,3.209183,64.20896053,45.08936405,1
01:57:21,3.207,3.209153,64.20308352,45.07778585,1
01:57:22,3.207,3.209139,64.1972065,45.06576061,1
01:57:23,3.207,3.209131,64.19132948,45.05384564,1
01:57:24,3.206,3.209127,64.18545246,45.03917098,1
01:57:25,3.206,3.208641,64.17957544,45.0263,1
01:57:26,3.206,3.208399,64.1737,45.01352608,1
01:57:27,3.206,3.208279,64.16782141,45.00154555,1
01:57:28,3.206,3.20822,64.16194439,44.98925209,1
01:57:29,3.206,3.20819,64.15606737,44.97714937,1
01:57:30,3.205,3.208175,64.15019035,44.96232271,1
01:57:31,3.205,3.207683,64.14431334,44.94891167,1
01:57:32,3.205,3.207439,64.13843632,44.93658245,1
01:57:33,3.205,3.207318,64.1325593,44.92440522,1
01:57:34,3.205,3.207258,64.12668228,44.91230845,1
01:57:35,3.204,3.207228,64.12080526,44.8974818,1
01:57:36,3.204,3.206729,64.11492825,44.88358498,1
01:57:37,3.204,3.206481,64.10905123,44.87059414,1
01:57:38,3.204,3.206358,64.10317421,44.85803843,1
01:57:39,3.204,3.206296,64.09729719,44.84606,1
01:57:40,3.204,3.206266,64.09142017,44.8336482,1
01:57:41,3.204,3.206251,64.08554316,44.82173324,1
01:57:42,3.204,3.206243,64.07967,44.80936229,1
01:57:43,3.204,3.206239,64.07378912,44.79711354,1
01:57:44,3.204,3.206236,64.0679121,44.78527606,1
01:57:45,3.204,3.206235,64.06203508,44.77329552,1
01:57:46,3.204,3.206234,64.05615807,44.76089776,1
01:57:47,3.203,3.206234,64.05028105,44.7462827,1
01:57:48,3.203,3.20575,64.04440403,44.73241568,1
01:57:49,3.203,3.205508,64.03852701,44.71977651,1
01:57:50,3.203,3.205389,64.03264999,44.70734,1
01:57:51,3.203,3.205329,64.02677298,44.69464123,1
01:57:52,3.203,3.2053,64.02089596,44.68217492,1
01:57:53,3.203,3.205285,64.01501894,44.67018247,1
01:57:54,3.203,3.205277,64.00914192,44.65771616,1
01:57:55,3.203,3.205273,64.0032649,44.64536607,1
01:57:56,3.203,3.205271,63.99738789,44.63307261,1
01:57:57,3.203,3.20527,63.99151087,44.62116659,1
01:57:58,3.202,3.205269,63.98563,44.60637569,1
01:57:59,3.202,3.204785,63.97975683,44.5928067,1
01:58:00,3.202,3.204544,63.97387981,44.57985759,1
01:58:01,3.202,3.204425,63.9680028,44.56683695,1
01:58:02,3.202,3.204365,63.96212578,44.55415905,1
01:58:03,3.202,3.204336,63.95624876,44.54165101,1
01:58:04,3.202,3.20432,63.95037174,44.52959299,1
01:58:05,3.202,3.204313,63.94449472,44.51739788,1
01:58:06,3.202,3.204309,63.93862,44.50513422,1
01:58:07,3.202,3.204307,63.93274069,44.49283779,1
01:58:08,3.202,3.204306,63.92686367,44.48052645,1
01:58:09,3.202,3.204305,63.92098665,44.46784258,1
01:58:10,3.202,3.204304,63.91510963,44.45533156,1
01:58:11,3.202,3.204304,63.90923262,44.44327056,1
01:58:12,3.202,3.204303,63.9033556,44.43107545,1
01:58:13,3.202,3.204303,63.89747858,44.41881478,1
01:58:14,3.202,3.204302,63.8916,44.40652132,1
01:58:15,3.202,3.204302,63.88572454,44.39421296,1
01:58:16,3.202,3.204302,63.87984753,44.38153505,1
01:58:17,3.202,3.204301,63.87397051,44.36902702,1
01:58:18,3.202,3.204301,63.86809349,44.356969,1
01:58:19,3.202,3.2043,63.86221647,44.34477687,1
01:58:20,3.202,3.2043,63.85633945,44.33251917,1
01:58:21,3.202,3.204299,63.85046244,44.32023168,1
01:58:22,3.202,3.204299,63.84459,44.3079263,1
01:58:23,3.202,3.204299,63.8387084,44.29525137,1
01:58:24,3.202,3.204298,63.83283138,44.28274632,1
01:58:25,3.202,3.204298,63.82695436,44.27069128,1
01:58:26,3.202,3.204298,63.82107735,44.25814152,1
01:58:27,3.202,3.204297,63.81520033,44.24570203,1
01:58:28,3.202,3.204297,63.80932331,44.23367977,1
01:58:29,3.202,3.204296,63.80344629,44.22114491,1
01:58:30,3.202,3.204296,63.79757,44.20871437,1
01:58:31,3.202,3.204295,63.79169226,44.19669807,1
01:58:32,3.202,3.204295,63.78581524,44.18416917,1
01:58:33,3.202,3.204295,63.77993822,44.17173862,1
01:58:34,3.202,3.204294,63.7740612,44.15936172,1
01:58:35,3.202,3.204294,63.76818419,44.14737225,1
01:58:36,3.202,3.204294,63.76230717,44.13485527,1
01:58:37,3.202,3.204293,63.75643015,44.12243366,1
01:58:38,3.202,3.204293,63.75055,44.11042333,1
01:58:39,3.202,3.204293,63.74467611,44.09789741,1
01:58:40,3.202,3.204292,63.7387991,44.08583343,1
01:58:41,3.202,3.204292,63.73292208,44.07364726,1
01:58:42,3.202,3.204291,63.72704506,44.06139851,1
01:58:43,3.202,3.204291,63.72116804,44.04911995,1
01:58:44,3.202,3.204291,63.71529102,44.0125674,1
01:58:45,3.202,3.204288,63.70941401,43.87842417,1
01:58:46,3.202,3.204142,63.70354,43.53991151,1
01:58:47,3.202,3.203809,63.69765997,43.36608052,1
01:58:48,3.202,3.203898,63.69178295,43.26680303,1
01:58:49,3.202,3.204007,63.68590593,43.2035774,1
01:58:50,3.202,3.204078,63.68002892,43.15926731,1
01:58:51,3.202,3.20412,63.6741519,43.12473536,1
01:58:52,3.202,3.204144,63.66827488,43.09515655,1
01:58:53,3.202,3.204156,63.66239786,43.06806624,1
01:58:54,3.202,3.204162,63.65652,43.04221869,1
01:58:55,3.202,3.204165,63.65064383,43.01699102,1
01:58:56,3.202,3.204166,63.64476681,42.9920733,1
01:58:57,3.202,3.204166,63.63888979,42.96731055,1
01:58:58,3.202,3.204166,63.63301277,42.94240773,1
01:58:59,3.202,3.204165,63.62713575,42.91786849,1
01:59:00,3.202,3.204165,63.62125874,42.89329946,1
01:59:01,3.202,3.204164,63.61538172,42.8687185,1
01:59:02,3.202,3.204163,63.6095,42.84413457,1
01:59:03,3.202,3.204162,63.60362768,42.81933308,1
01:59:04,3.202,3.204161,63.59775066,42.79485643,1
01:59:05,3.202,3.20416,63.59187365,42.77011454,1
01:59:06,3.202,3.204159,63.58599663,42.7456677,1
01:59:07,3.202,3.204159,63.58011961,42.72116125,1
01:59:08,3.202,3.204157,63.57424259,42.69663095,1
01:59:09,3.202,3.204156,63.56836557,42.67208874,1
01:59:10,3.202,3.204156,63.56249,42.64754355,1
01:59:11,3.202,3.204155,63.55661154,42.62299836,1
01:59:12,3.202,3.204154,63.55073452,42.59845614,1
01:59:13,3.202,3.204153,63.5448575,42.57391989,1
01:59:14,3.202,3.204152,63.53898048,42.54938662,1
01:59:15,3.202,3.204151,63.53310347,42.52485633,1
01:59:16,3.202,3.20415,63.52722645,42.500332,1
01:59:17,3.202,3.204149,63.52134943,42.47581363,1
01:59:18,3.202,3.204148,63.51547,42.45130122,1
01:59:19,3.202,3.204147,63.50959539,42.42679477,1
01:59:20,3.202,3.204147,63.50371838,42.4022913,1
01:59:21,3.202,3.204145,63.49784136,42.37779379,1
01:59:22,3.202,3.204145,63.49196434,42.35330224,1
01:59:23,3.202,3.204144,63.48608732,42.32881665,1
01:59:24,3.201,3.204143,63.4802103,42.29534566,1
01:59:25,3.202,3.203657,63.47433329,42.27515459,1
01:59:26,3.202,3.203901,63.46846,42.25262403,1
01:59:27,3.202,3.204021,63.46257925,42.22930968,1
01:59:28,3.202,3.20408,63.45670223,42.20542312,1
01:59:29,3.202,3.204109,63.45082521,42.18125343,1
01:59:30,3.202,3.204123,63.4449482,42.15694666,1
01:59:31,3.202,3.204129,63.43907118,42.13257432,1
01:59:32,3.202,3.204132,63.43319416,42.1081692,1
01:59:33,3.202,3.204133,63.42731714,42.08375216,1
01:59:34,3.202,3.204133,63.42144,42.05933511,1
01:59:35,3.202,3.204132,63.41556311,42.03492105,1
01:59:36,3.202,3.204131,63.40968609,42.01050699,1
01:59:37,3.202,3.20413,63.40380907,41.98589,1
01:59:38,3.202,3.204129,63.39793205,41.96158946,1
01:59:39,3.201,3.204129,63.39205503,41.9285655,1
01:59:40,3.202,3.203644,63.38617802,41.9082433,1
01:59:41,3.201,3.203887,63.380301,41.87739193,1
01:59:42,3.201,3.203523,63.37442,41.84961617,1
01:59:43,3.202,3.203342,63.36854696,41.83194041,1
01:59:44,3.202,3.203736,63.36266994,41.81103408,1
01:59:45,3.202,3.203931,63.35679293,41.78839028,1
01:59:46,3.201,3.204027,63.35091591,41.75618887,1
01:59:47,3.201,3.20359,63.34503889,41.72776639,1
01:59:48,3.201,3.203372,63.33916187,41.70122,1
01:59:49,3.202,3.203265,63.33328485,41.68432057,1
01:59:50,3.202,3.203695,63.32741,41.66367054,1
01:59:51,3.201,3.203907,63.32153082,41.63245261,1
01:59:52,3.201,3.203528,63.3156538,41.60453379,1
01:59:53,3.201,3.20334,63.30977678,41.57825112,1
01:59:54,3.201,3.203246,63.30389977,41.55256748,1
01:59:55,3.201,3.203199,63.29802275,41.52760804,1
01:59:56,3.201,3.203175,63.29214573,41.50280058,1
01:59:57,3.201,3.203163,63.28626871,41.47807062,1
01:59:58,3.201,3.203156,63.28039,41.45338237,1
01:59:59,3.201,3.203153,63.27451468,41.42851233,1
02:00:00,3.201,3.20315,63.26863766,41.40396416,1
02:00:01,3.201,3.203149,63.26276064,41.37937427,1
02:00:02,3.201,3.203148,63.25688362,41.35456,1
02:00:03,3.201,3.203146,63.2510066,41.32984281,1
02:00:04,3.201,3.203145,63.24512959,41.30537808,1
02:00:05,3.201,3.203144,63.23925257,41.28063619,1
02:00:06,3.201,3.203143,63.23338,41.25616848,1
02:00:07,3.201,3.203142,63.22749853,41.23163521,1
02:00:08,3.201,3.203141,63.22162151,41.20707512,1
02:00:09,3.201,3.20314,63.2157445,41.1825031,1
02:00:10,3.201,3.203139,63.20986748,41.15793109,1
02:00:11,3.201,3.203138,63.20399046,41.13315642,1
02:00:12,3.201,3.203138,63.19811344,41.10868573,1
02:00:13,3.201,3.203136,63.19223642,41.08417332,1
02:00:14,3.201,3.203135,63.18636,41.05964005,1
02:00:15,3.201,3.203134,63.18048239,41.03510082,1
02:00:16,3.201,3.203133,63.17460537,41.01056457,1
02:00:17,3.201,3.203132,63.16872835,40.98603129,1
02:00:18,3.201,3.203131,63.16285133,40.96129835,1
02:00:19,3.201,3.20313,63.15697432,40.93687236,1
02:00:20,3.201,3.203129,63.1510973,40.91240168,1
02:00:21,3.201,3.203128,63.14522028,40.88771045,1
02:00:22,3.201,3.203127,63.13934,40.86331427,1
02:00:23,3.201,3.203126,63.13346624,40.83866775,1
02:00:24,3.201,3.203125,63.12758923,40.81429839,1
02:00:25,3.201,3.203124,63.12171221,40.78987241,1
02:00:26,3.201,3.203123,63.11583519,40.76521993,1
02:00:27,3.201,3.203122,63.10995817,40.74085653,1
02:00:28,3.201,3.203121,63.10408115,40.71644247,1
02:00:29,3.201,3.20312,63.09820414,40.69201052,1
02:00:30,3.201,3.203119,63.09233,40.66756964,1
02:00:31,3.201,3.203118,63.0864501,40.64312875,1
02:00:32,3.201,3.203117,63.08057308,40.61869085,1
02:00:33,3.2,3.203116,63.07469606,40.58549106,1
02:00:34,3.2,3.202632,63.06881905,40.55653214,1
02:00:35,3.2,3.202391,63.06294203,40.52967727,1
02:00:36,3.2,3.202272,63.05706501,40.50386548,1
02:00:37,3.2,3.202212,63.05118799,40.47857523,1
02:00:38,3.2,3.202182,63.04531,40.45354426,1
02:00:39,3.2,3.202166,63.03943396,40.42844474,1
02:00:40,3.199,3.202158,63.03355694,40.39467275,1
02:00:41,3.199,3.20167,63.02767992,40.36551714,1
02:00:42,3.199,3.201427,63.0218029,40.33838511,1
02:00:43,3.199,3.201307,63.01592588,40.31226337,1
02:00:44,3.199,3.201247,63.01004887,40.28643668,1
02:00:45,3.199,3.201217,63.00417185,40.26117,1
02:00:46,3.198,3.201201,62.99829,40.22721946,1
02:00:47,3.198,3.20071,62.99241781,40.19753635,1
02:00:48,3.198,3.200466,62.98654079,40.16997218,1
02:00:49,3.198,3.200345,62.98066378,40.143466,1
02:00:50,3.197,3.200284,62.97478676,40.10867774,1
02:00:51,3.197,3.19977,62.96890974,40.07840455,1
02:00:52,3.197,3.199516,62.96303272,40.05013108,1
02:00:53,3.197,3.199389,62.9571557,40.02308846,1
02:00:54,3.197,3.199326,62.95128,39.99686539,1
02:00:55,3.197,3.199294,62.94540167,39.970842,1
02:00:56,3.196,3.199278,62.93952465,39.93611336,1
02:00:57,3.196,3.198786,62.93364763,39.90568519,1
02:00:58,3.196,3.198542,62.92777061,39.87738788,1
02:00:59,3.196,3.198421,62.9218936,39.84992504,1
02:01:00,3.196,3.19836,62.91601658,39.82331753,1
02:01:01,3.195,3.19833,62.91013956,39.78811204,1
02:01:02,3.195,3.197831,62.90426,39.75726068,1
02:01:03,3.195,3.197584,62.89838552,39.728567,1
02:01:04,3.195,3.197461,62.89250851,39.70094621,1
02:01:05,3.195,3.197399,62.88663149,39.67385888,1
02:01:06,3.195,3.197368,62.88075447,39.64682221,1
02:01:07,3.195,3.197353,62.87487745,39.62024152,1
02:01:08,3.195,3.197344,62.86900043,39.59367573,1
02:01:09,3.195,3.19734,62.86312342,39.56711888,1
02:01:10,3.195,3.197337,62.85725,39.54057097,1
02:01:11,3.194,3.197335,62.85136938,39.50518072,1
02:01:12,3.194,3.196851,62.84549236,39.47406709,1
02:01:13,3.194,3.19661,62.83961535,39.44483101,1
02:01:14,3.194,3.196491,62.83373833,39.41699266,1
02:01:15,3.194,3.196432,62.82786131,39.38961923,1
02:01:16,3.194,3.196402,62.82198429,39.36248124,1
02:01:17,3.194,3.196386,62.81610727,39.33546245,1
02:01:18,3.194,3.196378,62.81023,39.30850029,1
02:01:19,3.194,3.196374,62.80435324,39.28157091,1
02:01:20,3.194,3.196371,62.79847622,39.25466239,1
02:01:21,3.194,3.196369,62.7925992,39.22755122,1
02:01:22,3.194,3.196368,62.78672218,39.20076489,1
02:01:23,3.194,3.196366,62.78084517,39.17393386,1
02:01:24,3.194,3.196365,62.77496815,39.14708197,1
02:01:25,3.194,3.196364,62.76909113,39.12022114,1
02:01:26,3.194,3.196363,62.76321,39.0933603,1
02:01:27,3.194,3.196362,62.75733709,39.06650245,1
02:01:28,3.194,3.196362,62.75146008,39.0396446,1
02:01:29,3.194,3.19636,62.74558306,39.01279271,1
02:01:30,3.194,3.196359,62.73970604,38.98594677,1
02:01:31,3.194,3.196358,62.73382902,38.9591068,1
02:01:32,3.194,3.196357,62.727952,38.93226981,1
02:01:33,3.194,3.196356,62.72207499,38.90544176,1
02:01:34,3.194,3.196356,62.7162,38.87861371,1
02:01:35,3.194,3.196354,62.71032095,38.8517946,1
02:01:36,3.194,3.196353,62.70444393,38.82497847,1
02:01:37,3.194,3.196352,62.69856691,38.7981683,1
02:01:38,3.194,3.196351,62.6926899,38.77136409,1
02:01:39,3.194,3.19635,62.68681288,38.74435,1
02:01:40,3.194,3.196349,62.68093586,38.71766329,1
02:01:41,3.194,3.196348,62.67505884,38.69092464,1
02:01:42,3.194,3.196347,62.66918,38.66396,1
02:01:44,3.194,3.196346,62.66330481,38.63729537,1
02:01:44,3.194,3.196345,62.65742779,38.61058056,1
02:01:45,3.194,3.196344,62.65155077,38.58384192,1
02:01:46,3.194,3.196343,62.64567375,38.55709136,1
02:01:47,3.194,3.196342,62.63979673,38.53034377,1
02:01:48,3.194,3.196341,62.63391972,38.50359917,1
02:01:49,3.194,3.19634,62.6280427,38.47685754,1
02:01:50,3.194,3.196339,62.62217,38.45012188,1
02:01:51,3.194,3.196338,62.61628866,38.4233892,1
02:01:52,3.194,3.196337,62.61041164,38.39666545,1
02:01:53,3.194,3.196336,62.60453463,38.36994469,1
02:01:54,3.194,3.196335,62.59865761,38.34322691,1
02:01:55,3.194,3.196333,62.59278059,38.31652105,1
02:01:56,3.194,3.196332,62.58690357,38.28961253,1
02:01:57,3.194,3.196332,62.58102655,38.26301396,1
02:01:58,3.194,3.19633,62.57515,38.23637068,1
02:01:59,3.194,3.196329,62.56927252,38.20971251,1
02:02:00,3.194,3.196328,62.5633955,38.18304539,1
02:02:01,3.194,3.196327,62.55751848,38.15637827,1
02:02:02,3.194,3.196326,62.55164146,38.1295085,1
02:02:03,3.194,3.196325,62.54576445,38.10274303,1
02:02:04,3.194,3.196324,62.53988743,38.07623982,1
02:02:05,3.194,3.196323,62.53401041,38.04966509,1
02:02:06,3.194,3.196321,62.52813,38.02306056,1
02:02:07,3.194,3.196321,62.52225637,37.99644411,1
02:02:08,3.194,3.19632,62.51637936,37.96982169,1
02:02:09,3.194,3.196318,62.51050234,37.94320226,1
02:02:10,3.194,3.196317,62.50462532,37.9165858,1
02:02:11,3.194,3.196316,62.4987483,37.88997829,1
02:02:12,3.194,3.196315,62.49287128,37.86337674,1
02:02:13,3.194,3.196314,62.48699427,37.83677816,1
02:02:14,3.194,3.196313,62.48112,37.81018853,1
02:02:15,3.194,3.196312,62.47524023,37.78360188,1
02:02:16,3.194,3.196311,62.46936321,37.75702715,1
02:02:17,3.194,3.19631,62.46348619,37.7304554,1
02:02:18,3.194,3.196308,62.45760918,37.70389259,1
02:02:19,3.194,3.196307,62.45173216,37.67733574,1
02:02:20,3.194,3.196306,62.44585514,37.65078187,1
02:02:21,3.194,3.196305,62.43997812,37.62423992,1
02:02:22,3.194,3.196304,62.4341,37.59770095,1
02:02:23,3.194,3.196303,62.42822409,37.57117093,1
02:02:24,3.194,3.196301,62.42234707,37.54445016,1
02:02:25,3.194,3.196301,62.41647005,37.51802742,1
02:02:26,3.194,3.1963,62.41059303,37.49156594,1
02:02:27,3.194,3.196298,62.40471601,37.4648869,1
02:02:28,3.194,3.196297,62.398839,37.43850291,1
02:02:30,3.194,3.196296,62.39296198,37.41206825,1
02:02:30,3.194,3.196295,62.38708,37.38561273,1
02:02:31,3.194,3.196294,62.38120794,37.35915124,1
02:02:32,3.194,3.196293,62.37533092,37.33249307,1
02:02:33,3.194,3.196291,62.36945391,37.30613291,1
02:02:34,3.194,3.19629,62.36357689,37.27972806,1
02:02:35,3.194,3.196289,62.35769987,37.2531116,1
02:02:36,3.194,3.196288,62.35182285,37.22677827,1
02:02:37,3.194,3.196287,62.34594584,37.20040023,1
02:02:38,3.194,3.196286,62.34007,37.17400134,1
02:02:39,3.194,3.196284,62.3341918,37.14740276,1
02:02:40,3.194,3.196283,62.32831478,37.12089956,1
02:02:41,3.194,3.196282,62.32243776,37.09444702,1
02:02:43,3.194,3.196281,62.31656075,37.06822097,1
02:02:43,3.194,3.19628,62.31068373,37.04191446,1
02:02:44,3.194,3.196279,62.30480671,37.01557517,1
02:02:45,3.194,3.196277,62.29892969,36.98922694,1
02:02:47,3.194,3.196276,62.29305,36.96267903,1
02:02:47,3.194,3.196275,62.28717566,36.9364202,1
02:02:48,3.194,3.196274,62.28129864,36.91012263,1
02:02:49,3.194,3.196273,62.27542162,36.88380718,1
02:02:50,3.194,3.196271,62.2695446,36.85748875,1
02:02:52,3.194,3.19627,62.26366758,36.83117032,1
02:02:52,3.194,3.196269,62.25779057,36.80485785,1
02:02:53,3.194,3.196268,62.25191355,36.77855134,1
02:02:54,3.194,3.196267,62.24604,36.75225079,1
02:02:56,3.194,3.196266,62.24015951,36.7259562,1
02:02:56,3.194,3.196264,62.23428249,36.69967353,1
02:02:57,3.194,3.196263,62.22840548,36.67339683,1
02:02:58,3.194,3.196262,62.22252846,36.64712608,1
02:03:00,3.194,3.196261,62.21665144,36.62086725,1
02:03:01,3.194,3.196259,62.21077442,36.59461439,1
02:03:01,3.194,3.196258,62.2048974,36.56837046,1
02:03:02,3.194,3.196257,62.19902,36.54213548,1
02:03:03,3.194,3.196256,62.19314337,36.51590645,1
02:03:05,3.194,3.196255,62.18726635,36.48949564,1
02:03:05,3.194,3.196254,62.18138933,36.46318614,1
02:03:06,3.194,3.196252,62.17551231,36.43712103,1
02:03:07,3.194,3.196251,62.1696353,36.41099334,1
02:03:09,3.194,3.19625,62.16375828,36.38483882,1
02:03:10,3.194,3.196249,62.15788126,36.35867536,1
02:03:10,3.194,3.196247,62.152,36.33251488,1
02:03:11,3.194,3.196246,62.14612722,36.30635738,1
02:03:13,3.194,3.196245,62.14025021,36.28020585,1
02:03:14,3.194,3.196244,62.13437319,36.25406325,1
02:03:14,3.194,3.196242,62.12849617,36.22792959,1
02:03:15,3.194,3.196241,62.12261915,36.20180488,1
02:03:17,3.194,3.19624,62.11674213,36.17568612,1
02:03:18,3.194,3.196239,62.11086512,36.14957929,1
02:03:18,3.194,3.196238,62.10499,36.12347841,1
02:03:19,3.194,3.196236,62.09911108,36.09738648,1
02:03:21,3.194,3.196235,62.09323406,36.07130647,1
02:03:21,3.194,3.196234,62.08735704,36.04523242,1
02:03:23,3.194,3.196232,62.08148003,36.0191673,1
02:03:23,3.194,3.196231,62.07560301,35.99292636,1
02:03:24,3.194,3.19623,62.06972599,35.96697152,1
02:03:26,3.194,3.196229,62.06384897,35.94097793,1
02:03:27,3.194,3.196227,62.05797,35.91497242,1
02:03:27,3.193,3.196226,62.05209494,35.87992191,1
02:03:28,3.193,3.195744,62.04621792,35.84921658,1
02:03:30,3.193,3.195505,62.0403409,35.82066298,1
02:03:31,3.193,3.195387,62.03446388,35.79317629,1
02:03:32,3.193,3.195327,62.02858686,35.76622605,1
02:03:32,3.193,3.195297,62.02270985,35.73953807,1
02:03:34,3.193,3.195282,62.01683283,35.71298718,1
02:03:35,3.192,3.195273,62.01096,35.67744493,1
02:03:36,3.192,3.194788,62.00507879,35.64629853,1
02:03:36,3.192,3.194547,61.99920177,35.61732173,1
02:03:37,3.192,3.194428,61.99332476,35.5892241,1
02:03:39,3.192,3.194368,61.98744774,35.56195796,1
02:03:40,3.192,3.194338,61.98157072,35.53491235,1
02:03:40,3.191,3.194322,61.9756937,35.4989171,1
02:03:41,3.191,3.193834,61.96981668,35.46732962,1
02:03:43,3.191,3.193592,61.96394,35.43792367,1
02:03:44,3.191,3.193471,61.95806265,35.40960252,1
02:03:45,3.191,3.193411,61.95218563,35.38182378,1
02:03:45,3.191,3.193381,61.94630861,35.35431325,1
02:03:47,3.19,3.193365,61.94043159,35.31785309,1
02:03:48,3.19,3.192876,61.93455458,35.28582752,1
02:03:49,3.19,3.192634,61.92867756,35.25599241,1
02:03:49,3.19,3.192514,61.92280054,35.22703946,1
02:03:51,3.19,3.192454,61.91692,35.19892991,1
02:03:52,3.189,3.192424,61.9110465,35.16195416,1
02:03:53,3.189,3.191927,61.90516949,35.12944877,1
02:03:54,3.189,3.191682,61.89929247,35.09894013,1
02:03:55,3.189,3.19156,61.89341545,35.06984413,1
02:03:56,3.189,3.191499,61.88753843,35.04124284,1
02:03:57,3.188,3.191468,61.88166142,35.00378728,1
02:03:58,3.189,3.190972,61.8757844,34.97993052,1
02:03:58,3.188,3.191207,61.86991,34.94481444,1
02:04:00,3.188,3.190842,61.86403036,34.91300941,1
02:04:01,3.188,3.190661,61.85815334,34.88284945,1
02:04:02,3.188,3.190571,61.85227633,34.85350013,1
02:04:03,3.188,3.190526,61.84639931,34.82435346,1
02:04:04,3.188,3.190503,61.84052229,34.79571044,1
02:04:05,3.188,3.190491,61.83464527,34.76712406,1
02:04:06,3.188,3.190485,61.82876825,34.73856747,1
02:04:07,3.187,3.190481,61.82289,34.70089436,1
02:04:08,3.187,3.189999,61.81701422,34.66761112,1
02:04:09,3.187,3.18976,61.8111372,34.63627696,1
02:04:10,3.187,3.189641,61.80526018,34.60634351,1
02:04:11,3.187,3.189582,61.79938316,34.57688987,1
02:04:11,3.187,3.189552,61.79350615,34.54768062,1
02:04:13,3.187,3.189536,61.78762913,34.51859355,1
02:04:14,3.187,3.189528,61.78175211,34.48956907,1
02:04:15,3.187,3.189524,61.77588,34.46058035,1
02:04:16,3.187,3.189521,61.76999807,34.43160951,1
02:04:17,3.187,3.189519,61.76412106,34.40265357,1
02:04:18,3.187,3.189517,61.75824404,34.37370956,1
02:04:19,3.187,3.189516,61.75236702,34.34477448,1
02:04:20,3.187,3.189514,61.74649,34.31584537,1
02:04:21,3.187,3.189513,61.74061298,34.28692222,1
02:04:22,3.187,3.189512,61.73473597,34.258008,1
02:04:23,3.187,3.18951,61.72886,34.22909975,1
02:04:24,3.187,3.189509,61.72298193,34.20000374,1
02:04:25,3.187,3.189508,61.71710491,34.17120576,1
02:04:26,3.187,3.189507,61.71122789,34.14236605,1
02:04:27,3.187,3.189505,61.70535088,34.11351144,1
02:04:28,3.187,3.189504,61.69947386,34.08465087,1
02:04:29,3.187,3.189503,61.69359684,34.05579031,1
02:04:30,3.187,3.189502,61.68771982,34.0269357,1
02:04:31,3.187,3.1895,61.68184,33.99808705,1
02:04:32,3.187,3.189499,61.67596579,33.96924138,1
02:04:33,3.187,3.189497,61.67008877,33.94040763,1
02:04:34,3.187,3.189497,61.66421175,33.91157985,1
02:04:35,3.187,3.189495,61.65833473,33.88275802,1
02:04:36,3.187,3.189494,61.65245771,33.85394514,1
02:04:37,3.187,3.189493,61.6465807,33.8249445,1
02:04:38,3.187,3.189491,61.64070368,33.79624188,1
02:04:39,3.187,3.18949,61.63483,33.76749456,1
02:04:40,3.187,3.189489,61.62894964,33.73873234,1
02:04:41,3.187,3.189487,61.62307262,33.70997012,1
02:04:42,3.187,3.189486,61.61719561,33.6812079,1
02:04:43,3.187,3.189485,61.61131859,33.65225792,1
02:04:44,3.187,3.189484,61.60544157,33.6236,1
02:04:45,3.187,3.189482,61.59956455,33.59490037,1
02:04:46,3.187,3.189481,61.59368753,33.56619,1
02:04:47,3.187,3.189479,61.58781,33.53747427,1
02:04:48,3.187,3.189478,61.5819335,33.50875974,1
02:04:49,3.187,3.189477,61.57605648,33.47986042,1
02:04:50,3.187,3.189476,61.57017946,33.4512502,1
02:04:51,3.187,3.189474,61.56430244,33.42260122,1
02:04:52,3.187,3.189473,61.55842543,33.39393437,1
02:04:53,3.187,3.189471,61.55254841,33.36526752,1
02:04:54,3.187,3.18947,61.54667139,33.33660662,1
02:04:55,3.187,3.189469,61.54079,33.30794573,1
02:04:56,3.187,3.189468,61.53491735,33.27929378,1
02:04:57,3.187,3.189466,61.52904034,33.25065076,1
02:04:58,3.187,3.189465,61.52316332,33.22201669,1
02:04:59,3.187,3.189464,61.5172863,33.19338858,1
02:05:00,3.187,3.189462,61.51140928,33.16476643,1
02:05:01,3.187,3.189461,61.50553226,33.13615918,1
02:05:02,3.187,3.189459,61.49965525,33.10755789,1
02:05:03,3.187,3.189458,61.49378,33.07896554,1
02:05:04,3.187,3.189457,61.48790121,33.05038214,1
02:05:05,3.187,3.189455,61.48202419,33.02181065,1
02:05:06,3.187,3.189454,61.47614717,32.99306035,1
02:05:07,3.187,3.189453,61.47027016,32.96459317,1
02:05:08,3.187,3.189451,61.46439314,32.93609023,1
02:05:09,3.187,3.18945,61.45851612,32.90757239,1
02:05:10,3.187,3.189448,61.4526391,32.87905455,1
02:05:11,3.187,3.189447,61.44676,32.85054266,1
02:05:12,3.187,3.189446,61.44088507,32.82203376,1
02:05:13,3.187,3.189444,61.43500805,32.7935338,1
02:05:14,3.187,3.189443,61.42913103,32.76504278,1
02:05:15,3.187,3.189441,61.42325401,32.7365607,1
02:05:16,3.187,3.18944,61.417377,32.70809054,1
02:05:17,3.187,3.189438,61.41149998,32.67962933,1
02:05:18,3.187,3.189437,61.40562296,32.64934123,1
02:05:19,3.187,3.189435,61.39975,32.61811435,1
02:05:20,3.187,3.189434,61.39386892,32.58602023,1
02:05:21,3.187,3.189431,61.38799191,32.55346715,1
02:05:22,3.187,3.189427,61.38211489,32.52064884,1
02:05:23,3.187,3.189425,61.37623787,32.4878335,1
02:05:24,3.187,3.189424,61.37036085,32.45587647,1
02:05:25,3.187,3.189422,61.36448383,32.4254,1
02:05:26,3.187,3.189421,61.35860682,32.39566386,1
02:05:27,3.187,3.18942,61.35273,32.36629069,1
02:05:28,3.187,3.189418,61.34685278,32.33711123,1
02:05:29,3.187,3.189417,61.34097576,32.30802715,1
02:05:30,3.187,3.189415,61.33509874,32.27899671,1
02:05:31,3.187,3.189414,61.32922173,32.25000501,1
02:05:32,3.187,3.189412,61.32334471,32.22103417,1
02:05:33,3.187,3.18941,61.31746769,32.19208419,1
02:05:34,3.186,3.189409,61.31159067,32.15357959,1
02:05:35,3.187,3.18893,61.30571,32.12922812,1
02:05:36,3.187,3.18917,61.29983664,32.10257888,1
02:05:37,3.187,3.189287,61.29395962,32.07480013,1
02:05:38,3.187,3.189345,61.2880826,32.04647303,1
02:05:39,3.187,3.189372,61.28220558,32.01788366,1
02:05:40,3.187,3.189385,61.27632856,31.9891721,1
02:05:41,3.187,3.18939,61.27045155,31.96040392,1
02:05:42,3.187,3.189392,61.26457453,31.93179667,1
02:05:43,3.187,3.189392,61.2587,31.90310299,1
02:05:44,3.187,3.189391,61.25282049,31.87437,1
02:05:45,3.187,3.189389,61.24694347,31.84545934,1
02:05:46,3.186,3.189388,61.24106646,31.80702329,1
02:05:47,3.186,3.188909,61.23518944,31.77322745,1
02:05:48,3.186,3.188672,61.22931242,31.74176514,1
02:05:49,3.186,3.18855,61.2234354,31.71152472,1
02:05:50,3.186,3.188486,61.21755838,31.6819638,1
02:05:51,3.186,3.188449,61.21168,31.652987,1
02:05:52,3.186,3.188428,61.20580435,31.624192,1
02:05:53,3.186,3.188412,61.19992733,31.59538805,1
02:05:54,3.186,3.188401,61.19405031,31.56681,1
02:05:55,3.186,3.188391,61.18817329,31.53841794,1
02:05:56,3.186,3.188382,61.18229628,31.51018322,1
02:05:57,3.186,3.188374,61.17641926,31.48209155,1
02:05:58,3.186,3.188366,61.17054224,31.45413,1
02:05:59,3.186,3.188358,61.16467,31.42630756,1
02:06:00,3.186,3.18835,61.1587882,31.39861524,1
02:06:01,3.186,3.188342,61.15291119,31.37104809,1
02:06:02,3.186,3.188334,61.14703417,31.34360611,1
02:06:03,3.186,3.188327,61.14115715,31.31628335,1
02:06:04,3.186,3.188319,61.13528013,31.28908575,1
02:06:05,3.186,3.188312,61.12940311,31.26201034,1
02:06:06,3.186,3.188304,61.1235261,31.23505414,1
02:06:07,3.186,3.188297,61.11765,31.20821714,1
02:06:08,3.186,3.188289,61.11177206,31.18149936,1
02:06:09,3.186,3.188282,61.10589504,31.15489483,1
02:06:10,3.186,3.188275,61.10001802,31.12841,1
02:06:11,3.186,3.188268,61.09414101,31.10203147,1
02:06:12,3.186,3.188261,61.08826399,31.07576966,1
02:06:13,3.186,3.188254,61.08238697,31.04961812,1
02:06:14,3.186,3.188246,61.07650995,31.02373481,1
02:06:15,3.186,3.18824,61.07063,30.99772334,1
02:06:16,3.186,3.188232,61.06475592,30.97202182,1
02:06:17,3.186,3.188226,61.0588789,30.94621003,1
02:06:18,3.186,3.188219,61.05300188,30.92055023,1
02:06:19,3.186,3.188212,61.04712486,30.89517653,1
02:06:20,3.186,3.188205,61.04124784,30.8696866,1
02:06:21,3.186,3.188199,61.03537083,30.84434271,1
02:06:22,3.186,3.188192,61.02949381,30.81912398,1
02:06:23,3.186,3.188185,61.02362,30.79401553,1
02:06:24,3.186,3.188179,61.01773977,30.76916337,1
02:06:25,3.186,3.188172,61.01186275,30.74418902,1
02:06:26,3.186,3.188166,61.00598574,30.71950376,1
02:06:27,3.186,3.188159,61.00010872,30.69470823,1
02:06:28,3.186,3.188153,60.9942317,30.67005277,1
02:06:29,3.186,3.188147,60.98835468,30.64551651,1
02:06:30,3.185,3.18814,60.98247766,30.61240911,1
02:06:31,3.185,3.187655,60.9766,30.58375716,1
02:06:32,3.185,3.187411,60.97072363,30.55699766,1
02:06:33,3.185,3.187287,60.96484661,30.53155541,1
02:06:34,3.185,3.187222,60.95896959,30.5065006,1
02:06:35,3.185,3.187187,60.95309258,30.4818362,1
02:06:36,3.184,3.187167,60.94721556,30.44885099,1
02:06:37,3.184,3.186675,60.94133854,30.42014539,1
02:06:38,3.184,3.186427,60.93546152,30.39360344,1
02:06:39,3.184,3.186302,60.92958,30.3681761,1
02:06:40,3.184,3.186236,60.92370749,30.34350276,1
02:06:41,3.184,3.186201,60.91783047,30.31894267,1
02:06:42,3.184,3.18618,60.91195345,30.29463291,1
02:06:43,3.184,3.186167,60.90607643,30.27049303,1
02:06:44,3.184,3.186157,60.90019941,30.2464813,1
02:06:45,3.183,3.186149,60.8943224,30.21419048,1
02:06:46,3.183,3.185663,60.88844538,30.18602729,1
02:06:47,3.183,3.185419,60.88257,30.15995,1
02:06:48,3.183,3.185295,60.87669134,30.13511002,1
02:06:49,3.183,3.185231,60.87081432,30.11061251,1
02:06:50,3.182,3.185196,60.86493731,30.07816374,1
02:06:51,3.182,3.184696,60.85906029,30.04994,1
02:06:52,3.182,3.184445,60.85318327,30.02385497,1
02:06:53,3.182,3.184318,60.84730625,29.99886572,1
02:06:54,3.182,3.184252,60.84142923,29.97446358,1
02:06:55,3.181,3.184216,60.83555,29.94218171,1
02:06:56,3.181,3.183716,60.8296752,29.91405427,1
02:06:57,3.181,3.183464,60.82379818,29.88802791,1
02:06:58,3.181,3.183337,60.81792116,29.86308336,1
02:06:59,3.181,3.18327,60.81204414,29.83871996,1
02:07:00,3.181,3.183234,60.80616713,29.81468439,1
02:07:01,3.181,3.183214,60.80029011,29.79085147,1
02:07:02,3.18,3.183201,60.79441309,29.75906432,1
02:07:03,3.18,3.182712,60.78854,29.73128259,1
02:07:04,3.18,3.182466,60.78265905,29.70552,1
02:07:05,3.18,3.182341,60.77678204,29.68080938,1
02:07:06,3.18,3.182276,60.77090502,29.6566546,1
02:07:07,3.18,3.182241,60.765028,29.63281572,1
02:07:08,3.18,3.182221,60.75915098,29.60917056,1
02:07:09,3.18,3.182208,60.75327396,29.58566248,1
02:07:10,3.18,3.182199,60.74739695,29.5622617,1
02:07:11,3.18,3.182191,60.74152,29.53895628,1
02:07:12,3.18,3.182185,60.73564291,29.51573133,1
02:07:13,3.18,3.182178,60.72976589,29.49258685,1
02:07:14,3.18,3.182173,60.72388887,29.46966588,1
02:07:15,3.18,3.182167,60.71801186,29.44675088,1
02:07:16,3.18,3.182161,60.71213484,29.42372859,1
02:07:17,3.18,3.182156,60.70625782,29.40097749,1
02:07:18,3.18,3.18215,60.7003808,29.37825918,1
02:07:19,3.18,3.182145,60.6945,29.3554455,1
02:07:20,3.18,3.182139,60.68862677,29.33276296,1
02:07:21,3.18,3.182134,60.68274975,29.31018174,1
02:07:22,3.18,3.182128,60.67687273,29.28783,1
02:07:23,3.18,3.182123,60.67099571,29.26534116,1
02:07:24,3.18,3.182117,60.66511869,29.2429626,1
02:07:25,3.18,3.182112,60.65924168,29.22067046,1
02:07:26,3.18,3.182107,60.65336466,29.19846,1
02:07:27,3.18,3.182102,60.64749,29.17631567,1
02:07:28,3.18,3.182096,60.64161062,29.15424705,1
02:07:29,3.18,3.182091,60.6357336,29.13224399,1
02:07:30,3.18,3.182086,60.62985659,29.11030948,1
02:07:31,3.18,3.182081,60.62397957,29.08844054,1
02:07:32,3.18,3.182076,60.61810255,29.06663716,1
02:07:33,3.18,3.18207,60.61222553,29.04489934,1
02:07:34,3.18,3.182065,60.60634851,29.0232271,1
02:07:35,3.18,3.18206,60.60047,29.00162041,1
02:07:36,3.18,3.182056,60.59459448,28.98007333,1
02:07:37,3.18,3.18205,60.58871746,28.9585948,1
02:07:38,3.18,3.182045,60.58284044,28.93717587,1
02:07:39,3.18,3.18204,60.57696342,28.91581953,1
02:07:40,3.18,3.182036,60.57108641,28.89452577,1
02:07:41,3.18,3.18203,60.56520939,28.87329459,1
02:07:42,3.18,3.182026,60.55933237,28.85212302,1
02:07:43,3.18,3.182021,60.55346,28.83114517,1
02:07:44,3.18,3.182016,60.54757833,28.81003022,1
02:07:45,3.18,3.182011,60.54170132,28.78900766,1
02:07:46,3.18,3.182006,60.5358243,28.76805961,1
02:07:47,3.18,3.182002,60.52994728,28.7471801,1
02:07:48,3.18,3.181997,60.52407026,28.7263602,1
02:07:49,3.18,3.181992,60.51819324,28.70560288,1
02:07:50,3.18,3.181988,60.51231623,28.6849,1
02:07:51,3.18,3.181983,60.50644,28.66425812,1
02:07:52,3.18,3.181978,60.50056219,28.64367366,1
02:07:53,3.18,3.181973,60.49468517,28.62314582,1
02:07:54,3.18,3.181969,60.48880816,28.60280275,1
02:07:55,3.18,3.181964,60.48293114,28.58232558,1
02:07:56,3.18,3.18196,60.47705412,28.56193483,1
02:07:57,3.18,3.181955,60.4711771,28.54161,1
02:07:58,3.18,3.181951,60.46530008,28.52135301,1
02:07:59,3.18,3.181946,60.45942,28.50115001,1
02:08:00,3.18,3.181942,60.45354605,28.48100364,1
02:08:01,3.18,3.181937,60.44766903,28.46091092,1
02:08:02,3.18,3.181933,60.44179201,28.44087183,1
02:08:03,3.18,3.181928,60.43591499,28.4208864,1
02:08:04,3.18,3.181924,60.43003798,28.4009546,1
02:08:05,3.18,3.18192,60.42416096,28.38107646,1
02:08:06,3.18,3.181916,60.41828394,28.36137116,1
02:08:07,3.18,3.181911,60.41241,28.34153473,1
02:08:08,3.18,3.181906,60.4065299,28.32190394,1
02:08:09,3.18,3.181902,60.40065289,28.30215394,1
02:08:10,3.18,3.181898,60.39477587,28.28249335,1
02:08:11,3.18,3.181894,60.38889885,28.26289833,1
02:08:12,3.18,3.18189,60.38302183,28.2433629,1
02:08:13,3.18,3.181885,60.37714481,28.22388113,1
02:08:14,3.18,3.181881,60.3712678,28.20445001,1
02:08:15,3.18,3.181877,60.36539,28.18506956,1
02:08:16,3.18,3.181873,60.35951376,28.16573977,1
02:08:17,3.179,3.181869,60.35363674,28.13928127,1
02:08:18,3.18,3.181384,60.34775972,28.12349498,1
02:08:19,3.179,3.181622,60.34188271,28.09886336,1
02:08:20,3.179,3.181257,60.33600569,28.07686627,1
02:08:21,3.18,3.181074,60.33012867,28.06333303,1
02:08:22,3.179,3.181462,60.32425165,28.03992033,1
02:08:23,3.179,3.181171,60.31837,28.01859677,1
02:08:24,3.179,3.181025,60.31249762,27.99846828,1
02:08:25,3.179,3.18095,60.3066206,27.97882259,1
02:08:26,3.179,3.180911,60.30074358,27.95931697,1
02:08:27,3.179,3.18089,60.29486656,27.94002593,1
02:08:28,3.179,3.180877,60.28898954,27.92086303,1
02:08:29,3.179,3.180869,60.28311253,27.90178955,1
02:08:30,3.179,3.180862,60.27723551,27.88278461,1
02:08:31,3.179,3.180858,60.27136,27.86383331,1
02:08:32,3.179,3.180853,60.26548147,27.8449297,1
02:08:33,3.179,3.180849,60.25960445,27.82607675,1
02:08:34,3.179,3.180845,60.25372744,27.80738771,1
02:08:35,3.179,3.180841,60.24785042,27.78856456,1
02:08:36,3.179,3.180837,60.2419734,27.76981592,1
02:08:37,3.179,3.180833,60.23609638,27.75112391,1
02:08:38,3.179,3.180829,60.23021936,27.73248553,1
02:08:39,3.179,3.180825,60.22434,27.71400809,1
02:08:40,3.179,3.180821,60.21846533,27.6954025,1
02:08:41,3.179,3.180817,60.21258831,27.67687142,1
02:08:42,3.179,3.180813,60.20671129,27.65839696,1
02:08:43,3.179,3.18081,60.20083427,27.63997018,1
02:08:44,3.179,3.180806,60.19495726,27.62170434,1
02:08:45,3.178,3.180802,60.18908024,27.59636641,1
02:08:46,3.178,3.180317,60.18320322,27.57445872,1
02:08:47,3.178,3.180074,60.17733,27.55426168,1
02:08:48,3.178,3.179952,60.17144918,27.53493786,1
02:08:49,3.178,3.179889,60.16557217,27.51606405,1
02:08:50,3.177,3.179856,60.15969515,27.49057,1
02:08:51,3.177,3.179357,60.15381813,27.46852934,1
02:08:52,3.177,3.179107,60.14794111,27.44822204,1
02:08:53,3.177,3.178981,60.14206409,27.42879689,1
02:08:54,3.176,3.178916,60.13618708,27.403,1
02:08:55,3.176,3.178401,60.13031,27.3807466,1
02:08:56,3.176,3.178144,60.12443304,27.36040652,1
02:08:57,3.176,3.178014,60.11855602,27.34077275,1
02:08:58,3.175,3.177947,60.112679,27.31482685,1
02:08:59,3.175,3.17743,60.10680199,27.29244,1
02:09:00,3.175,3.177172,60.10092497,27.271837,1
02:09:01,3.174,3.177042,60.09504795,27.24537253,1
02:09:02,3.174,3.176494,60.08917093,27.2226423,1
02:09:03,3.174,3.17622,60.08329,27.20178962,1
02:09:04,3.174,3.176082,60.0774169,27.18188167,1
02:09:05,3.174,3.176011,60.07153988,27.16246843,1
02:09:06,3.174,3.175974,60.06566286,27.14332044,1
02:09:07,3.174,3.175954,60.05978584,27.12432742,1
02:09:08,3.174,3.175942,60.05390882,27.10555494,1
02:09:09,3.174,3.175934,60.04803181,27.08678842,1
02:09:10,3.174,3.175928,60.04215479,27.06792653,1
02:09:11,3.174,3.175923,60.03628,27.04915702,1
02:09:12,3.173,3.175919,60.03040075,27.02377141,1
02:09:13,3.173,3.175433,60.02452374,27.00167,1
02:09:14,3.173,3.17519,60.01864672,26.9813478,1
02:09:15,3.173,3.175068,60.0127697,26.96166337,1
02:09:16,3.173,3.175005,60.00689268,26.94244683,1
02:09:17,3.173,3.174972,60.00101566,26.92348361,1
02:09:18,3.173,3.174953,59.99513865,26.90466344,1
02:09:19,3.173,3.174942,59.98926,26.88593566,1
02:09:20,3.173,3.174935,59.98338461,26.86727345,1
02:09:21,3.173,3.174929,59.97750759,26.84878707,1
02:09:22,3.173,3.174925,59.97163057,26.8301636,1
02:09:23,3.173,3.17492,59.96575356,26.81161463,1
02:09:24,3.173,3.174917,59.95987654,26.79311931,1
02:09:25,3.173,3.174912,59.95399952,26.77467167,1
02:09:26,3.173,3.174909,59.9481225,26.75638795,1
02:09:27,3.173,3.174905,59.94225,26.73796713,1
02:09:28,3.173,3.174901,59.93636847,26.71961188,1
02:09:29,3.173,3.174897,59.93049145,26.70143247,1
02:09:30,3.173,3.174894,59.92461443,26.68311894,1
02:09:31,3.173,3.17489,59.91873741,26.66488,1
02:09:32,3.173,3.174886,59.91286039,26.64668858,1
02:09:33,3.173,3.174883,59.90698338,26.62866414,1
02:09:34,3.173,3.174879,59.90110636,26.61050558,1
02:09:35,3.173,3.174875,59.89523,26.59241259,1
02:09:36,3.173,3.174872,59.88935232,26.57437,1
02:09:37,3.173,3.174868,59.8834753,26.5563786,1
02:09:38,3.173,3.174865,59.87759829,26.5384227,1
02:09:39,3.173,3.174861,59.87172127,26.52050555,1
02:09:40,3.173,3.174857,59.86584425,26.50274336,1
02:09:41,3.173,3.174854,59.85996723,26.48484111,1
02:09:42,3.173,3.17485,59.85409021,26.46700442,1
02:09:43,3.173,3.174847,59.84821,26.44921839,1
02:09:44,3.173,3.174844,59.84233618,26.43147111,1
02:09:45,3.173,3.17484,59.83645916,26.41376555,1
02:09:46,3.173,3.174836,59.83058214,26.39609575,1
02:09:47,3.173,3.174833,59.82470512,26.3784647,1
02:09:48,3.173,3.174829,59.81882811,26.36086345,1
02:09:49,3.173,3.174826,59.81295109,26.3433,1
02:09:50,3.173,3.174823,59.80707407,26.32576823,1
02:09:51,3.173,3.174819,59.8012,26.30827129,1
02:09:52,3.173,3.174816,59.79532003,26.29080713,1
02:09:53,3.173,3.174812,59.78944302,26.27349198,1
02:09:54,3.173,3.174809,59.783566,26.25604272,1
02:09:55,3.173,3.174805,59.77768898,26.23865306,1
02:09:56,3.173,3.174802,59.77181196,26.22131109,1
02:09:57,3.173,3.174799,59.76593494,26.20400488,1
02:09:58,3.173,3.174795,59.76005793,26.1867404,1
02:09:59,3.173,3.174792,59.75418,26.1695087,1
02:10:00,3.173,3.174789,59.74830389,26.15230978,1
02:10:01,3.173,3.174785,59.74242687,26.13514364,1
02:10:02,3.173,3.174782,59.73654985,26.11801028,1
02:10:03,3.173,3.174779,59.73067284,26.10090673,1
02:10:04,3.173,3.174776,59.72479582,26.08383596,1
02:10:05,3.173,3.174772,59.7189188,26.06690824,1
02:10:06,3.173,3.174769,59.71304178,26.04984641,1
02:10:07,3.173,3.174766,59.70716,26.03284419,1
02:10:08,3.173,3.174762,59.70128775,26.016,1
02:10:09,3.173,3.174759,59.69541073,25.99902,1
02:10:10,3.173,3.174756,59.68953371,25.98210871,1
02:10:11,3.173,3.174753,59.68365669,25.9652406,1
02:10:12,3.173,3.17475,59.67777967,25.94852149,1
02:10:13,3.173,3.174746,59.67190266,25.93167424,1
02:10:14,3.173,3.174743,59.66602564,25.91488361,1
02:10:15,3.173,3.17474,59.66015,25.89824796,1
02:10:16,3.173,3.174737,59.6542716,25.88148713,1
02:10:17,3.173,3.174734,59.64839458,25.86489618,1
02:10:18,3.172,3.174731,59.64251757,25.84193051,1
02:10:19,3.173,3.174245,59.63664055,25.82829297,1
02:10:20,3.172,3.174485,59.63076353,25.8069694,1
02:10:21,3.173,3.17412,59.62488651,25.79414248,1
02:10:22,3.173,3.174419,59.61900949,25.77946782,1
02:10:23,3.173,3.174567,59.61313,25.76389015,1
02:10:24,3.172,3.174638,59.60725546,25.74169636,1
02:10:25,3.172,3.17419,59.60137844,25.72228909,1
02:10:26,3.173,3.173965,59.59550142,25.7104516,1
02:10:27,3.172,3.174335,59.5896244,25.69032013,1
02:10:28,3.172,3.174035,59.58374739,25.67197382,1
02:10:29,3.172,3.173884,59.57787037,25.65442026,1
02:10:30,3.172,3.173807,59.57199335,25.63739121,1
02:10:31,3.172,3.173768,59.56612,25.62063634,1
02:10:32,3.172,3.173746,59.56023932,25.60414076,1
02:10:33,3.172,3.173735,59.5543623,25.58757067,1
02:10:34,3.172,3.173727,59.54848528,25.571087,1
02:10:35,3.172,3.173722,59.54260826,25.55476725,1
02:10:36,3.172,3.173718,59.53673124,25.53832829,1
02:10:37,3.172,3.173714,59.53085423,25.52205622,1
02:10:38,3.172,3.173711,59.52497721,25.50567091,1
02:10:39,3.172,3.173708,59.5191,25.48934817,1
02:10:40,3.172,3.173705,59.51322317,25.47307,1
02:10:41,3.172,3.173702,59.50734615,25.45693219,1
02:10:42,3.172,3.173699,59.50146914,25.44066906,1
02:10:43,3.172,3.173696,59.49559212,25.42456686,1
02:10:44,3.172,3.173693,59.4897151,25.40834844,1
02:10:45,3.172,3.17369,59.48383808,25.39229691,1
02:10:46,3.172,3.173687,59.47796106,25.37613,1
02:10:47,3.172,3.173684,59.47208,25.36012828,1
02:10:48,3.172,3.173681,59.46620703,25.34401715,1
02:10:49,3.172,3.173678,59.46033001,25.32796264,1
02:10:50,3.172,3.173675,59.45445299,25.31195283,1
02:10:51,3.172,3.173672,59.44857597,25.29608011,1
02:10:52,3.172,3.17367,59.44269896,25.28018653,1
02:10:53,3.172,3.173666,59.43682194,25.26429892,1
02:10:54,3.172,3.173664,59.43094492,25.24842322,1
02:10:55,3.172,3.173661,59.42507,25.23256838,1
02:10:56,3.172,3.173658,59.41919088,25.21663308,1
02:10:57,3.171,3.173655,59.41331387,25.19473732,1
02:10:58,3.171,3.173169,59.40743685,25.17581582,1
02:10:59,3.171,3.172926,59.40155983,25.15838146,1
02:11:00,3.171,3.172804,59.39568281,25.14169514,1
02:11:01,3.171,3.172742,59.38980579,25.12539327,1
02:11:02,3.17,3.172709,59.38392878,25.10348558,1
02:11:03,3.17,3.17221,59.37805,25.08434951,1
02:11:04,3.17,3.171959,59.37217474,25.06675422,1
02:11:05,3.17,3.171833,59.36629772,25.04993677,1
02:11:06,3.169,3.17177,59.3604207,25.02772808,1
02:11:07,3.169,3.171254,59.35454369,25.00837445,1
02:11:08,3.169,3.170996,59.34866667,24.99060482,1
02:11:09,3.169,3.170866,59.34278965,24.97363389,1
02:11:10,3.168,3.170801,59.33691263,24.95113164,1
02:11:11,3.168,3.170284,59.33104,24.9317199,1
02:11:12,3.168,3.170025,59.3251586,24.91385043,1
02:11:13,3.168,3.169895,59.31928158,24.89676327,1
02:11:14,3.167,3.169829,59.31340456,24.87416863,1
02:11:15,3.167,3.169312,59.30752754,24.85464215,1
02:11:16,3.167,3.169053,59.30165052,24.83665496,1
02:11:17,3.167,3.168923,59.29577351,24.81944412,1
02:11:18,3.167,3.168857,59.28989649,24.80263263,1
02:11:19,3.167,3.168823,59.28402,24.7861445,1
02:11:20,3.167,3.168805,59.27814245,24.76960719,1
02:11:21,3.166,3.168794,59.27226543,24.74745512,1
02:11:22,3.166,3.168304,59.26638842,24.72797781,1
02:11:23,3.166,3.168059,59.2605114,24.70999509,1
02:11:24,3.166,3.167936,59.25463438,24.69276488,1
02:11:25,3.166,3.167873,59.24875736,24.67592061,1
02:11:26,3.166,3.16784,59.24288034,24.65928048,1
02:11:27,3.165,3.167823,59.237,24.63691235,1
02:11:28,3.165,3.167329,59.23112631,24.61744249,1
02:11:29,3.165,3.167082,59.22524929,24.599424,1
02:11:30,3.165,3.166958,59.21937227,24.58214015,1
02:11:31,3.165,3.166895,59.21349525,24.56534803,1
02:11:32,3.165,3.166862,59.20761824,24.54870343,1
02:11:33,3.165,3.166844,59.20174122,24.53202754,1
02:11:34,3.165,3.166834,59.1958642,24.51546192,1
02:11:35,3.165,3.166827,59.18999,24.49896485,1
02:11:36,3.165,3.166823,59.18411016,24.48251396,1
02:11:37,3.165,3.166819,59.17823315,24.46609735,1
02:11:38,3.165,3.166815,59.17235613,24.44971502,1
02:11:39,3.165,3.166812,59.16647911,24.4333595,1
02:11:40,3.165,3.166809,59.16060209,24.41702932,1
02:11:41,3.165,3.166806,59.15472507,24.40072745,1
02:11:42,3.165,3.166803,59.14884806,24.38444793,1
02:11:43,3.165,3.1668,59.14297,24.36819673,1
02:11:44,3.165,3.166797,59.13709402,24.35196936,1
02:11:45,3.165,3.166794,59.131217,24.33577,1
02:11:46,3.165,3.166791,59.12533998,24.31958765,1
02:11:47,3.165,3.166789,59.11946297,24.3034333,1
02:11:48,3.165,3.166785,59.11358595,24.28730428,1
02:11:49,3.165,3.166783,59.10770893,24.27119911,1
02:11:50,3.165,3.16678,59.10183191,24.25523,1
02:11:51,3.165,3.166777,59.09595,24.23922867,1
02:11:52,3.165,3.166774,59.09007788,24.22311753,1
02:11:53,3.165,3.166771,59.08420086,24.20707047,1
02:11:54,3.165,3.166768,59.07832384,24.19106662,1
02:11:55,3.165,3.166766,59.07244682,24.17509556,1
02:11:56,3.165,3.166763,59.06656981,24.1591543,1
02:11:57,3.165,3.16676,59.06069279,24.14323837,1
02:11:58,3.165,3.166757,59.05481577,24.12734926,1
02:11:59,3.165,3.166754,59.04894,24.1114825,1
02:12:00,3.165,3.166751,59.04306173,24.09563959,1
02:12:01,3.165,3.166749,59.03718472,24.07982051,1
02:12:02,3.165,3.166746,59.0313077,24.06402379,1
02:12:03,3.165,3.166743,59.02543068,24.04825091,1
02:12:04,3.165,3.16674,59.01955366,24.03250039,1
02:12:05,3.165,3.166738,59.01367664,24.0167737,1
02:12:06,3.165,3.166735,59.00779963,24.00106788,1
02:12:07,3.165,3.166732,59.00192,23.98539,1
02:12:08,3.165,3.166729,58.99604559,23.96972626,1
02:12:09,3.165,3.166726,58.99016857,23.95409197,1
02:12:10,3.165,3.166724,58.98429155,23.93847704,1
02:12:11,3.165,3.166721,58.97841454,23.92288595,1
02:12:12,3.165,3.166718,58.97253752,23.90731722,1
02:12:13,3.165,3.166716,58.9666605,23.89177084,1
02:12:14,3.165,3.166713,58.96078348,23.87624532,1
02:12:15,3.165,3.16671,58.95491,23.86074215,1
02:12:16,3.165,3.166708,58.94902945,23.84526134,1
02:12:17,3.165,3.166705,58.94315243,23.82980287,1
02:12:18,3.165,3.166703,58.93727541,23.81436527,1
02:12:19,3.165,3.1667,58.93139839,23.79895002,1
02:12:20,3.165,3.166697,58.92552137,23.78355563,1
02:12:21,3.165,3.166694,58.91964436,23.76818359,1
02:12:22,3.165,3.166692,58.91376734,23.75283,1
02:12:23,3.165,3.166689,58.90789,23.73750359,1
02:12:24,3.165,3.166687,58.9020133,23.72219414,1
02:12:25,3.165,3.166684,58.89613628,23.70690703,1
02:12:26,3.165,3.166681,58.89025927,23.69174361,1
02:12:27,3.165,3.166679,58.88438225,23.67655039,1
02:12:28,3.165,3.166676,58.87850523,23.66125137,1
02:12:29,3.165,3.166674,58.87262821,23.64601046,1
02:12:30,3.165,3.166671,58.86675119,23.63081,1
02:12:31,3.165,3.166668,58.86087,23.61563742,1
02:12:32,3.165,3.166666,58.85499716,23.60049188,1
02:12:33,3.165,3.166663,58.84912014,23.58536869,1
02:12:34,3.165,3.166661,58.84324312,23.57026637,1
02:12:35,3.165,3.166658,58.8373661,23.55528474,1
02:12:36,3.165,3.166656,58.83148909,23.54017496,1
02:12:37,3.165,3.166653,58.82561207,23.52511287,1
02:12:38,3.165,3.166651,58.81973505,23.51008058,1
02:12:39,3.165,3.166648,58.81386,23.49507511,1
02:12:40,3.165,3.166646,58.80798101,23.48019183,1
02:12:41,3.165,3.166643,58.802104,23.46518189,1
02:12:42,3.165,3.16664,58.79622698,23.45021814,1
02:12:43,3.165,3.166638,58.79034996,23.43538553,1
02:12:44,3.165,3.166635,58.78447294,23.42043221,1
02:12:45,3.165,3.166633,58.77859592,23.40562344,1
02:12:46,3.165,3.166631,58.77271891,23.39070141,1
02:12:47,3.165,3.166628,58.76684,23.37583005,1
02:12:48,3.165,3.166625,58.76096487,23.36099297,1
02:12:49,3.165,3.166623,58.75508785,23.3461827,1
02:12:50,3.165,3.166621,58.74921083,23.33139479,1
02:12:51,3.165,3.166618,58.74333382,23.31662923,1
02:12:52,3.165,3.166615,58.7374568,23.30188453,1
02:12:53,3.165,3.166613,58.73157978,23.28715771,1
02:12:54,3.165,3.166611,58.72570276,23.27245027,1
02:12:55,3.165,3.166608,58.71983,23.25776368,1
02:12:56,3.165,3.166606,58.71394873,23.24309498,1
02:12:57,3.165,3.166604,58.70807171,23.22844416,1
02:12:58,3.165,3.166601,58.70219469,23.21381271,1
02:12:59,3.165,3.166599,58.69631767,23.19920063,1
02:13:00,3.165,3.166596,58.69044065,23.18460643,1
02:13:01,3.165,3.166594,58.68456364,23.17003012,1
02:13:02,3.165,3.166591,58.67868662,23.15547317,1
02:13:03,3.165,3.166589,58.67281,23.14093411,1
02:13:04,3.165,3.166587,58.66693258,23.12641293,1
02:13:05,3.165,3.166584,58.66105556,23.11190963,1
02:13:06,3.165,3.166582,58.65517855,23.0974257,1
02:13:07,3.164,3.16658,58.64930153,23.07752073,1
02:13:08,3.164,3.166093,58.64342451,23.06027114,1
02:13:09,3.165,3.16585,58.63754749,23.04977924,1
02:13:10,3.165,3.166212,58.63167048,23.03732336,1
02:13:11,3.165,3.166391,58.62579,23.02390188,1
02:13:12,3.165,3.166479,58.61991644,23.01000804,1
02:13:13,3.165,3.166521,58.61403942,22.99589068,1
02:13:14,3.165,3.166541,58.6081624,22.98166901,1
02:13:15,3.165,3.16655,58.60228539,22.96740562,1
02:13:16,3.165,3.166553,58.59640837,22.95313,1
02:13:17,3.165,3.166553,58.59053135,22.93885648,1
02:13:18,3.164,3.166553,58.58465433,22.91919291,1
02:13:19,3.165,3.166066,58.57878,22.90755957,1
02:13:20,3.164,3.166308,58.5729003,22.88922966,1
02:13:21,3.165,3.165943,58.56702328,22.87826985,1
02:13:22,3.164,3.166245,58.56114626,22.86029905,1
02:13:23,3.165,3.165909,58.55526924,22.84958214,1
02:13:24,3.165,3.166225,58.54939222,22.83707559,1
02:13:25,3.164,3.166381,58.54351521,22.81835675,1
02:13:26,3.164,3.165973,58.53763819,22.80185819,1
02:13:27,3.164,3.165769,58.53176,22.78647125,1
02:13:28,3.164,3.165667,58.52588415,22.77174294,1
02:13:29,3.165,3.165615,58.52000713,22.76254892,1
02:13:30,3.164,3.166073,58.51413012,22.7456525,1
02:13:31,3.165,3.165814,58.5082531,22.73538411,1
02:13:32,3.164,3.166169,58.50237608,22.71797955,1
02:13:33,3.164,3.16586,58.49649906,22.70207,1
02:13:34,3.164,3.165705,58.49062204,22.68714756,1
02:13:35,3.165,3.165627,58.48475,22.67789245,1
02:13:36,3.165,3.166072,58.47886801,22.66626805,1
02:13:37,3.164,3.166292,58.47299099,22.64813036,1
02:13:38,3.164,3.165915,58.46711397,22.6320222,1
02:13:39,3.164,3.165727,58.46123695,22.61693031,1
02:13:40,3.165,3.165632,58.45535994,22.60768265,1
02:13:41,3.164,3.166069,58.44948292,22.59078,1
02:13:42,3.164,3.1658,58.4436059,22.57531881,1
02:13:43,3.164,3.165665,58.43773,22.56057858,1
02:13:44,3.164,3.165597,58.43185186,22.54620641,1
02:13:45,3.164,3.165562,58.42597485,22.53211886,1
02:13:46,3.164,3.165544,58.42009783,22.51808792,1
02:13:47,3.164,3.165534,58.41422081,22.50400037,1
02:13:48,3.164,3.165527,58.40834379,22.48998582,1
02:13:49,3.164,3.165524,58.40246677,22.476013,1
02:13:50,3.164,3.16552,58.39658976,22.46206999,1
02:13:51,3.164,3.165517,58.39071,22.4481523,1
02:13:52,3.164,3.165515,58.38483572,22.4342525,1
02:13:53,3.164,3.165513,58.3789587,22.42037058,1
02:13:54,3.164,3.16551,58.37308168,22.40650505,1
02:13:55,3.164,3.165508,58.36720467,22.39265591,1
02:13:56,3.164,3.165506,58.36132765,22.37882316,1
02:13:57,3.164,3.165504,58.35545063,22.36500531,1
02:13:58,3.164,3.165502,58.34957361,22.35120237,1
02:13:59,3.164,3.1655,58.3437,22.33741581,1
02:14:00,3.164,3.165497,58.33781958,22.32364565,1
02:14:01,3.164,3.165495,58.33194256,22.30989039,1
02:14:02,3.164,3.165493,58.32606554,22.29615003,1
02:14:03,3.164,3.165491,58.32018852,22.28242606,1
02:14:04,3.164,3.165489,58.3143115,22.26871848,1
02:14:05,3.164,3.165487,58.30843449,22.25502431,1
02:14:06,3.164,3.165484,58.30255747,22.24134803,1
02:14:07,3.164,3.165483,58.29668,22.22768366,1
02:14:08,3.164,3.165481,58.29080343,22.2141251,1
02:14:09,3.164,3.165478,58.28492641,22.2004503,1
02:14:10,3.164,3.165476,58.2790494,22.18681127,1
02:14:11,3.164,3.165474,58.27317238,22.17319757,1
02:14:12,3.164,3.165472,58.26729536,22.15960473,1
02:14:13,3.164,3.16547,58.26141834,22.14602977,1
02:14:14,3.164,3.165468,58.25554132,22.13246971,1
02:14:15,3.164,3.165466,58.24966,22.11892605,1
02:14:16,3.164,3.165464,58.24378729,22.10548669,1
02:14:17,3.164,3.165462,58.23791027,22.0919311,1
02:14:18,3.164,3.16546,58.23203325,22.0784992,1
02:14:19,3.164,3.165458,58.22615623,22.06496149,1
02:14:20,3.164,3.165456,58.22027922,22.05146551,1
02:14:21,3.164,3.165453,58.2144022,22.03799933,1
02:14:22,3.164,3.165451,58.20852518,22.02455401,1
02:14:23,3.164,3.165449,58.20265,22.01112509,1
02:14:24,3.164,3.165447,58.19677114,21.99771255,1
02:14:25,3.164,3.165446,58.19089413,21.98431343,1
02:14:26,3.164,3.165443,58.18501711,21.9709307,1
02:14:27,3.164,3.165441,58.17914009,21.95756435,1
02:14:28,3.164,3.165439,58.17326307,21.94421142,1
02:14:29,3.164,3.165437,58.16738605,21.9308719,1
02:14:30,3.164,3.165435,58.16150904,21.9175458,1
02:14:31,3.164,3.165433,58.15563,21.90423608,1
02:14:32,3.164,3.165431,58.149755,21.89093828,1
02:14:33,3.164,3.165429,58.14387798,21.87765539,1
02:14:34,3.164,3.165427,58.13800097,21.86438739,1
02:14:35,3.164,3.165425,58.13212395,21.85113281,1
02:14:36,3.164,3.165423,58.12624693,21.83797807,1
02:14:37,3.164,3.165421,58.12036991,21.82470858,1
02:14:38,3.164,3.165419,58.11449289,21.81147486,1
02:14:39,3.164,3.165417,58.10862,21.79826647,1
02:14:40,3.164,3.165415,58.10273886,21.78507596,1
02:14:41,3.164,3.165413,58.09686184,21.77190185,1
02:14:42,3.164,3.165411,58.09098482,21.75874263,1
02:14:43,3.164,3.165409,58.0851078,21.74559832,1
02:14:44,3.164,3.165407,58.07923079,21.7324689,1
02:14:45,3.164,3.165406,58.07335377,21.71934992,1
02:14:46,3.164,3.165403,58.06747675,21.70633227,1
02:14:47,3.164,3.165401,58.0616,21.69320136,1
02:14:48,3.164,3.1654,58.05572271,21.68010324,1
02:14:49,3.164,3.165398,58.0498457,21.66703045,1
02:14:50,3.164,3.165396,58.04396868,21.65397555,1
02:14:51,3.164,3.165394,58.03809166,21.64093703,1
02:14:52,3.164,3.165392,58.03221464,21.62791193,1
02:14:53,3.164,3.16539,58.02633762,21.61490172,1
02:14:54,3.164,3.165388,58.02046061,21.60190493,1
02:14:55,3.164,3.165386,58.01458,21.58892155,1
02:14:56,3.164,3.165384,58.00870657,21.57595158,1
02:14:57,3.163,3.165382,58.00282955,21.55787349,1
02:14:58,3.163,3.164895,57.99695253,21.54229581,1
02:14:59,3.163,3.164653,57.99107552,21.52796537,1
02:15:00,3.163,3.164531,57.9851985,21.51426226,1
02:15:01,3.163,3.164469,57.97932148,21.50087655,1
02:15:02,3.163,3.164438,57.97344446,21.48765475,1
02:15:03,3.163,3.164421,57.96757,21.47452235,1
02:15:04,3.163,3.164412,57.96169043,21.46144,1
02:15:05,3.163,3.164407,57.95581341,21.4483887,1
02:15:06,3.163,3.164403,57.94993639,21.43536061,1
02:15:07,3.163,3.1644,57.94405937,21.42235041,1
02:15:08,3.163,3.164398,57.93818235,21.4093551,1
02:15:09,3.163,3.164396,57.93230534,21.39637321,1
02:15:10,3.163,3.164393,57.92642832,21.38340622,1
02:15:11,3.163,3.164392,57.92055,21.37045264,1
02:15:12,3.163,3.16439,57.91467428,21.35751098,1
02:15:13,3.163,3.164387,57.90879726,21.34466767,1
02:15:14,3.163,3.164386,57.90292025,21.3318795,1
02:15:15,3.163,3.164384,57.89704323,21.31945938,1
02:15:16,3.163,3.164382,57.89116621,21.30715251,1
02:15:17,3.163,3.16438,57.88528919,21.29499614,1
02:15:18,3.163,3.164378,57.87941217,21.28284574,1
02:15:19,3.163,3.164376,57.87354,21.27079219,1
02:15:20,3.163,3.164375,57.86765814,21.25871629,1
02:15:21,3.163,3.164373,57.86178112,21.24664187,1
02:15:22,3.163,3.164371,57.8559041,21.23466134,1
02:15:23,3.163,3.164371,57.85002708,21.22273594,1
02:15:24,3.162,3.164369,57.84415007,21.20631933,1
02:15:25,3.162,3.163882,57.83827305,21.1922735,1
02:15:26,3.162,3.16364,57.83239603,21.17928118,1
02:15:27,3.162,3.163518,57.82652,21.16682976,1
02:15:28,3.162,3.163457,57.82064199,21.15457058,1
02:15:29,3.162,3.163426,57.81476498,21.1425066,1
02:15:30,3.162,3.163409,57.80888796,21.1302951,1
02:15:31,3.162,3.1634,57.80301094,21.11785412,1
02:15:32,3.162,3.163395,57.79713392,21.10530436,1
02:15:33,3.162,3.163391,57.7912569,21.09279186,1
02:15:34,3.162,3.163388,57.78537989,21.08022124,1
02:15:35,3.162,3.163386,57.7795,21.06754333,1
02:15:36,3.162,3.163384,57.77362585,21.05489969,1
02:15:37,3.161,3.163383,57.76774883,21.03739828,1
02:15:38,3.161,3.162895,57.76187181,21.0222885,1
02:15:39,3.161,3.162652,57.7559948,21.00836933,1
02:15:40,3.161,3.16253,57.75011778,20.99504769,1
02:15:41,3.161,3.162469,57.74424076,20.98202854,1
02:15:42,3.161,3.162437,57.73836374,20.96916586,1
02:15:43,3.161,3.162421,57.73249,20.95647156,1
02:15:44,3.161,3.162412,57.72660971,20.94378024,1
02:15:45,3.161,3.162406,57.72073269,20.93101442,1
02:15:46,3.161,3.162403,57.71485567,20.91829926,1
02:15:47,3.161,3.1624,57.70897865,20.90561539,1
02:15:48,3.161,3.162398,57.70310163,20.89295,1
02:15:49,3.16,3.162396,57.69722462,20.8754614,1
02:15:50,3.16,3.161909,57.6913476,20.86033672,1
02:15:51,3.16,3.161665,57.68547,20.84639519,1
02:15:52,3.16,3.161544,57.67959356,20.83304673,1
02:15:53,3.16,3.161483,57.67371655,20.82,1
02:15:54,3.16,3.161451,57.66783953,20.8071053,1
02:15:55,3.16,3.161435,57.66196251,20.79429328,1
02:15:56,3.16,3.161426,57.65608549,20.78152895,1
02:15:57,3.16,3.16142,57.65020847,20.76879442,1
02:15:58,3.16,3.161417,57.64433146,20.75607926,1
02:15:59,3.16,3.161414,57.63845,20.74347,1
02:16:00,3.16,3.161411,57.63257742,20.73082477,1
02:16:01,3.16,3.16141,57.6267004,20.71808875,1
02:16:02,3.159,3.161408,57.62082338,20.70055604,1
02:16:03,3.16,3.16092,57.61494637,20.6902355,1
02:16:04,3.16,3.161163,57.60906935,20.67882419,1
02:16:05,3.16,3.161282,57.60319233,20.66673338,1
02:16:06,3.16,3.161341,57.59731531,20.65438181,1
02:16:07,3.159,3.161369,57.59144,20.63723654,1
02:16:08,3.159,3.160897,57.58556128,20.62217742,1
02:16:09,3.159,3.160661,57.57968426,20.60829103,1
02:16:10,3.159,3.160543,57.57380724,20.59498876,1
02:16:11,3.159,3.160484,57.56793022,20.58207244,1
02:16:12,3.159,3.160453,57.5620532,20.56917548,1
02:16:13,3.159,3.160437,57.55617619,20.55638283,1
02:16:14,3.159,3.160428,57.55029917,20.54364681,1
02:16:15,3.159,3.160423,57.54442,20.53094357,1
02:16:16,3.159,3.160419,57.53854513,20.51834911,1
02:16:17,3.159,3.160417,57.53266811,20.50564289,1
02:16:18,3.159,3.160415,57.5267911,20.49297094,1
02:16:19,3.159,3.160413,57.52091408,20.48032284,1
02:16:20,3.159,3.160411,57.51503706,20.46777755,1
02:16:21,3.159,3.160409,57.50916004,20.45511901,1
02:16:22,3.159,3.160407,57.50328302,20.44257671,1
02:16:23,3.159,3.160405,57.49741,20.42993009,1
02:16:24,3.158,3.160404,57.49152899,20.41251808,1
02:16:25,3.159,3.159917,57.48565197,20.4022482,1
02:16:26,3.159,3.16016,57.47977495,20.39081901,1
02:16:27,3.158,3.16028,57.47389793,20.37403435,1
02:16:28,3.158,3.159854,57.46802092,20.35929114,1
02:16:29,3.158,3.159642,57.4621439,20.3455627,1
02:16:30,3.158,3.159536,57.45626688,20.33234239,1
02:16:31,3.158,3.159482,57.45039,20.3193754,1
02:16:32,3.158,3.159455,57.44451284,20.30653805,1
02:16:33,3.158,3.159441,57.43863583,20.29386,1
02:16:34,3.158,3.159434,57.43275881,20.28107792,1
02:16:35,3.158,3.15943,57.42688179,20.2683419,1
02:16:36,3.158,3.159426,57.42100477,20.25562972,1
02:16:37,3.158,3.159425,57.41512775,20.24293244,1
02:16:38,3.158,3.159423,57.40925074,20.23024261,1
02:16:39,3.158,3.159422,57.40337,20.21756023,1
02:16:40,3.158,3.159421,57.3974967,20.20496875,1
02:16:41,3.158,3.159419,57.39161968,20.19225657,1
02:16:42,3.158,3.159418,57.38574266,20.17965615,1
02:16:43,3.158,3.159417,57.37986565,20.16694248,1
02:16:44,3.158,3.159416,57.37398863,20.15434802,1
02:16:45,3.158,3.159415,57.36811161,20.14164329,1
02:16:46,3.158,3.159414,57.36223459,20.12905627,1
02:16:47,3.158,3.159412,57.35636,20.11636049,1
02:16:48,3.158,3.159411,57.35048056,20.10369748,1
02:16:49,3.158,3.15941,57.34460354,20.09105533,1
02:16:50,3.158,3.159409,57.33872652,20.07842213,1
02:16:51,3.158,3.159408,57.3328495,20.0658828,1
02:16:52,3.158,3.159406,57.32697248,20.05322576,1
02:16:53,3.158,3.159405,57.32109547,20.04059404,1
02:16:54,3.158,3.159404,57.31521845,20.02806365,1
02:16:55,3.158,3.159403,57.30934,20.01541704,1
02:16:56,3.158,3.159402,57.30346441,20.00279725,1
02:16:57,3.158,3.159401,57.29758739,19.99019384,1
02:16:58,3.158,3.1594,57.29171038,19.97760236,1
02:16:59,3.158,3.159399,57.28583336,19.96501833,1
02:17:00,3.158,3.159397,57.27995634,19.95244175,1
02:17:01,3.158,3.159396,57.27407932,19.93987113,1
02:17:02,3.158,3.159395,57.2682023,19.92730349,1
02:17:03,3.158,3.159394,57.26233,19.9147433,1
02:17:04,3.158,3.159393,57.25644827,19.90218759,1
02:17:05,3.158,3.159392,57.25057125,19.88963634,1
02:17:06,3.158,3.159391,57.24469423,19.87708956,1
02:17:07,3.158,3.159389,57.23881721,19.86463219,1
02:17:08,3.158,3.159388,57.2329402,19.85205561,1
02:17:09,3.158,3.159387,57.22706318,19.83950436,1
02:17:10,3.158,3.159386,57.22118616,19.82696801,1
02:17:11,3.158,3.159385,57.21531,19.81444061,1
02:17:12,3.158,3.159384,57.20943213,19.8020041,1
02:17:13,3.158,3.159382,57.20355511,19.78945136,1
02:17:14,3.158,3.159381,57.19767809,19.77692395,1
02:17:15,3.158,3.15938,57.19180107,19.76441145,1
02:17:16,3.158,3.159379,57.18592405,19.75190938,1
02:17:17,3.158,3.159378,57.18004704,19.73941475,1
02:17:18,3.158,3.159377,57.17417002,19.72692758,1
02:17:19,3.158,3.159376,57.16829,19.71444488,1
02:17:20,3.158,3.159375,57.16241598,19.70196664,1
02:17:21,3.158,3.159373,57.15653896,19.68949437,1
02:17:22,3.158,3.159372,57.15066195,19.67711002,1
02:17:23,3.158,3.159371,57.14478493,19.66460645,1
02:17:24,3.158,3.15937,57.13890791,19.65213,1
02:17:25,3.158,3.159369,57.13303089,19.63966638,1
02:17:26,3.158,3.159368,57.12715387,19.62721497,1
02:17:27,3.158,3.159367,57.12128,19.61485147,1
02:17:28,3.158,3.159365,57.11539984,19.60237175,1
02:17:29,3.158,3.159364,57.10952282,19.59000081,1
02:17:30,3.158,3.159363,57.1036458,19.57752258,1
02:17:31,3.158,3.159362,57.09776878,19.56507564,1
02:17:32,3.158,3.159361,57.09189177,19.55264509,1
02:17:33,3.158,3.15936,57.08601475,19.54022646,1
02:17:34,3.158,3.159359,57.08013773,19.52781528,1
02:17:35,3.158,3.159358,57.07426,19.51541007,1
02:17:36,3.158,3.159356,57.06838369,19.50301081,1
02:17:37,3.158,3.159355,57.06250668,19.49069947,1
02:17:38,3.158,3.159354,57.05662966,19.47827041,1
02:17:39,3.158,3.159353,57.05075264,19.46594864,1
02:17:40,3.158,3.159352,57.04487562,19.45360154,1
02:17:41,3.158,3.15935,57.0389986,19.44116503,1
02:17:42,3.158,3.159349,57.03312159,19.42876428,1
02:17:43,3.158,3.159348,57.02724,19.4163844,1
02:17:44,3.158,3.159347,57.02136755,19.40401644,1
02:17:45,3.158,3.159346,57.01549053,19.3916589,1
02:17:46,3.158,3.159345,57.00961351,19.37930733,1
02:17:47,3.158,3.159344,57.0037365,19.36696172,1
02:17:48,3.158,3.159343,56.99785948,19.35470402,1
02:17:49,3.158,3.159342,56.99198246,19.3423301,1
02:17:50,3.158,3.159341,56.98610544,19.32998002,1
02:17:51,3.158,3.159339,56.98023,19.31772679,1
02:17:52,3.158,3.159338,56.97435141,19.30536181,1
02:17:53,3.158,3.159337,56.96847439,19.29302365,1
02:17:54,3.158,3.159336,56.96259737,19.28070188,1
02:17:55,3.158,3.159335,56.95672035,19.26839054,1
02:17:56,3.158,3.159334,56.95084333,19.25608814,1
02:17:57,3.158,3.159333,56.94496632,19.2437917,1
02:17:58,3.158,3.159331,56.9390893,19.23158169,1
02:17:59,3.158,3.15933,56.93321,19.21926,1
02:18:00,3.158,3.159329,56.92733526,19.20695454,1
02:18:01,3.158,3.159328,56.92145824,19.19467002,1
02:18:02,3.158,3.159327,56.91558123,19.18247491,1
02:18:03,3.158,3.159326,56.90970421,19.17016655,1
02:18:04,3.158,3.159325,56.90382719,19.15788352,1
02:18:05,3.158,3.159323,56.89795017,19.14569736,1
02:18:06,3.158,3.159323,56.89207315,19.13340092,1
02:18:07,3.158,3.159321,56.8862,19.12113279,1
02:18:08,3.158,3.15932,56.88031912,19.10887957,1
02:18:09,3.158,3.159319,56.8744421,19.09663677,1
02:18:10,3.158,3.159318,56.86856508,19.08448189,1
02:18:11,3.158,3.159317,56.86268806,19.07229573,1
02:18:12,3.158,3.159316,56.85681105,19.06001419,1
02:18:13,3.158,3.159315,56.85093403,19.04776841,1
02:18:14,3.158,3.159313,56.84505701,19.03554201,1
02:18:15,3.158,3.159312,56.83918,19.02332753,1
02:18:16,3.158,3.159312,56.83330297,19.01119947,1
02:18:17,3.158,3.15931,56.82742596,18.99896115,1
02:18:18,3.158,3.159309,56.82154894,18.98682714,1
02:18:19,3.158,3.159308,56.81567192,18.97459,1
02:18:20,3.158,3.159307,56.8097949,18.96246225,1
02:18:21,3.158,3.159306,56.80391788,18.95023286,1
02:18:22,3.158,3.159305,56.79804087,18.93803477,1
02:18:23,3.158,3.159303,56.79216,18.92585456,1
02:18:24,3.158,3.159302,56.78628683,18.91368479,1
02:18:25,3.158,3.159301,56.78040981,18.90152395,1
02:18:26,3.158,3.1593,56.77453279,18.88936907,1
02:18:27,3.158,3.159299,56.76865578,18.87721866,1
02:18:28,3.158,3.159298,56.76277876,18.86507422,1
02:18:29,3.158,3.159297,56.75690174,18.85293424,1
02:18:30,3.158,3.159296,56.75102472,18.84079874,1
02:18:31,3.158,3.159295,56.74515,18.82866919,1
02:18:32,3.158,3.159293,56.73927069,18.81654412,1
02:18:33,3.158,3.159292,56.73339367,18.804425,1
02:18:34,3.158,3.159291,56.72751665,18.79231036,1
02:18:35,3.158,3.15929,56.72163963,18.78027767,1
02:18:36,3.158,3.159289,56.71576262,18.76813322,1
02:18:37,3.158,3.159288,56.7098856,18.75601411,1
02:18:38,3.158,3.159287,56.70400858,18.7439099,1
02:18:39,3.158,3.159286,56.69813,18.73181462,1
02:18:40,3.158,3.159285,56.69225454,18.71972531,1
02:18:41,3.158,3.159283,56.68637753,18.70764345,1
02:18:42,3.158,3.159282,56.68050051,18.69556606,1
02:18:43,3.158,3.159281,56.67462349,18.68357062,1
02:18:44,3.158,3.15928,56.66874647,18.67146641,1
02:18:45,3.158,3.159279,56.66286945,18.65946501,1
02:18:46,3.158,3.159278,56.65699244,18.64735931,1
02:18:47,3.158,3.159277,56.65112,18.6352849,1
02:18:48,3.158,3.159276,56.6452384,18.62322539,1
02:18:49,3.158,3.159275,56.63936138,18.61117631,1
02:18:50,3.158,3.159274,56.63348436,18.59913617,1
02:18:51,3.158,3.159272,56.62760735,18.587102,1
02:18:52,3.158,3.159271,56.62173033,18.57507229,1
02:18:53,3.158,3.15927,56.61585331,18.56304854,1
02:18:54,3.158,3.159269,56.60997629,18.55103076,1
02:18:55,3.158,3.159268,56.6041,18.53901744,1
02:18:56,3.158,3.159267,56.59822226,18.52700859,1
02:18:57,3.158,3.159266,56.59234524,18.5150817,1
02:18:58,3.158,3.159265,56.58646822,18.50304455,1
02:18:59,3.158,3.159264,56.5805912,18.49103272,1
02:19:00,3.158,3.159263,56.57471418,18.4790343,1
02:19:01,3.158,3.159261,56.56883717,18.46704,1
02:19:02,3.158,3.15926,56.56296015,18.45506281,1
02:19:03,3.158,3.159259,56.55708,18.44308674,1
02:19:04,3.158,3.159258,56.55120611,18.43111515,1
02:19:05,3.158,3.159257,56.54532909,18.41922551,1
02:19:06,3.158,3.159256,56.53945208,18.40722859,1
02:19:07,3.158,3.159255,56.53357506,18.39525402,1
02:19:08,3.158,3.159254,56.52769804,18.38337183,1
02:19:09,3.158,3.159253,56.52182102,18.37138534,1
02:19:10,3.158,3.159252,56.515944,18.35942,1
02:19:11,3.158,3.159251,56.51007,18.34747493,1
02:19:12,3.158,3.159249,56.50418997,18.3355391,1
02:19:13,3.158,3.159248,56.49831295,18.32360923,1
02:19:14,3.158,3.159247,56.49243593,18.31168681,1
02:19:15,3.158,3.159246,56.48655891,18.29984486,1
02:19:16,3.158,3.159245,56.4806819,18.28789562,1
02:19:17,3.158,3.159244,56.47480488,18.27596873,1
02:19:18,3.158,3.159243,56.46892786,18.26405674,1
02:19:19,3.158,3.159242,56.46305,18.25223118,1
02:19:20,3.158,3.159241,56.45717382,18.24029982,1
02:19:21,3.158,3.15924,56.45129681,18.2283923,1
02:19:22,3.158,3.159239,56.44541979,18.21657419,1
02:19:23,3.158,3.159237,56.43954277,18.20465475,1
02:19:24,3.158,3.159236,56.43366575,18.19276065,1
02:19:25,3.158,3.159235,56.42778873,18.18088144,1
02:19:26,3.158,3.159234,56.42191172,18.16901118,1
02:19:27,3.158,3.159233,56.41603,18.15714985,1
02:19:28,3.158,3.159232,56.41015768,18.145293,1
02:19:29,3.157,3.159231,56.40428066,18.12858433,1
02:19:30,3.158,3.158744,56.39840364,18.11909825,1
02:19:31,3.158,3.158987,56.39252663,18.1084305,1
02:19:32,3.158,3.159108,56.38664961,18.09717715,1
02:19:33,3.158,3.159167,56.38077259,18.0856362,1
02:19:34,3.157,3.159196,56.37489557,18.06909442,1
02:19:35,3.158,3.158724,56.36902,18.05970371,1
02:19:36,3.158,3.158975,56.36314154,18.04909557,1
02:19:37,3.158,3.159099,56.35726452,18.03795099,1
02:19:38,3.158,3.15916,56.3513875,18.02640706,1
02:19:39,3.158,3.159189,56.34551048,18.01480949,1
02:19:40,3.158,3.159204,56.33963346,18.00304204,1
02:19:41,3.157,3.15921,56.33375645,17.98638552,1
02:19:42,3.158,3.158727,56.32787943,17.97696948,1
02:19:43,3.158,3.158973,56.322,17.96636432,1
02:19:44,3.158,3.159094,56.31612539,17.95523912,1
02:19:45,3.157,3.159153,56.31024837,17.93882847,1
02:19:46,3.158,3.158697,56.30437136,17.92955,1
02:19:47,3.158,3.158955,56.29849434,17.9190293,1
02:19:48,3.158,3.159083,56.29261732,17.90795028,1
02:19:49,3.157,3.159146,56.2867403,17.89157093,1
02:19:50,3.158,3.158691,56.28086329,17.88236797,1
02:19:51,3.157,3.15895,56.27499,17.86693484,1
02:19:52,3.157,3.158592,56.26910925,17.85328388,1
02:19:53,3.157,3.158414,56.26323223,17.84060001,1
02:19:54,3.157,3.158325,56.25735521,17.82823056,1
02:19:55,3.157,3.15828,56.2514782,17.8161025,1
02:19:56,3.157,3.158258,56.24560118,17.80409515,1
02:19:57,3.157,3.158246,56.23972416,17.79215187,1
02:19:58,3.157,3.158239,56.23384714,17.78024137,1
02:19:59,3.157,3.158236,56.22797,17.76835024,1
02:20:00,3.157,3.158233,56.22209311,17.75646955,1
02:20:01,3.157,3.158231,56.21621609,17.74459779,1
02:20:02,3.157,3.15823,56.21033907,17.7328065,1
02:20:03,3.157,3.158229,56.20446205,17.7209124,1
02:20:04,3.157,3.158228,56.19858503,17.70904064,1
02:20:05,3.157,3.158227,56.19270802,17.6971823,1
02:20:06,3.157,3.158226,56.186831,17.68533289,1
02:20:07,3.157,3.158224,56.18095,17.67349,1
02:20:08,3.157,3.158223,56.17507696,17.66165793,1
02:20:09,3.157,3.158222,56.16919994,17.64982939,1
02:20:10,3.157,3.158221,56.16332293,17.63800383,1
02:20:11,3.157,3.15822,56.15744591,17.62618423,1
02:20:12,3.157,3.158219,56.15156889,17.6144436,1
02:20:13,3.157,3.158218,56.14569187,17.60259718,1
02:20:14,3.157,3.158217,56.13981485,17.5907746,1
02:20:15,3.157,3.158216,56.13394,17.57896543,1
02:20:16,3.157,3.158215,56.12806082,17.5671652,1
02:20:17,3.157,3.158213,56.1221838,17.55544692,1
02:20:18,3.157,3.158212,56.11630678,17.54362434,1
02:20:19,3.157,3.158211,56.11042976,17.5318256,1
02:20:20,3.157,3.15821,56.10455275,17.52004027,1
02:20:21,3.157,3.158209,56.09867573,17.50826389,1
02:20:22,3.157,3.158208,56.09279871,17.49649495,1
02:20:23,3.157,3.158207,56.08692,17.48473048,1
02:20:24,3.157,3.158206,56.08104467,17.47297198,1
02:20:25,3.157,3.158205,56.07516766,17.46121943,1
02:20:26,3.157,3.158204,56.06929064,17.44947135,1
02:20:27,3.157,3.158203,56.06341362,17.43772924,1
02:20:28,3.157,3.158201,56.0575366,17.42599159,1
02:20:29,3.157,3.158201,56.05165958,17.41425693,1
02:20:30,3.157,3.1582,56.04578257,17.40252823,1
02:20:31,3.157,3.158198,56.03991,17.39080548,1
02:20:32,3.157,3.158197,56.03402853,17.37908572,1
02:20:33,3.157,3.158196,56.02815151,17.36737192,1
02:20:34,3.157,3.158195,56.02227449,17.35566258,1
02:20:35,3.157,3.158194,56.01639748,17.34403223,1
02:20:36,3.157,3.158193,56.01052046,17.33229756,1
02:20:37,3.157,3.158192,56.00464344,17.32059,1
02:20:38,3.157,3.158191,55.99876642,17.30888635,1
02:20:40,3.157,3.15819,55.99289,17.29727,1
02:20:41,3.157,3.158189,55.98701239,17.28555113,1
02:20:42,3.157,3.158188,55.98113537,17.2738567,1
02:20:43,3.157,3.158186,55.97525835,17.26225019,1
02:20:44,3.157,3.158185,55.96938133,17.25054532,1
02:20:45,3.157,3.158185,55.96350431,17.2388643,1
02:20:46,3.157,3.158184,55.9576273,17.22719669,1
02:20:48,3.157,3.158182,55.95175028,17.21553952,1
02:20:49,3.157,3.158181,55.94587,17.20388979,1
02:20:50,3.157,3.15818,55.93999624,17.19224751,1
02:20:51,3.156,3.158179,55.93411922,17.17585772,1
02:20:52,3.156,3.157693,55.92824221,17.16166139,1
02:20:53,3.156,3.15745,55.92236519,17.14867651,1
02:20:54,3.156,3.15733,55.91648817,17.13629216,1
02:20:55,3.156,3.157269,55.91061115,17.12420881,1
02:20:55,3.156,3.157238,55.90473413,17.11227745,1
02:20:56,3.156,3.157223,55.89886,17.10042506,1
02:20:57,3.156,3.157214,55.8929801,17.08861291,1
02:20:58,3.156,3.15721,55.88710308,17.07682163,1
02:20:59,3.156,3.157207,55.88122606,17.06504673,1
02:21:00,3.155,3.157205,55.87534904,17.04839319,1
02:21:02,3.155,3.156718,55.86947203,17.03411788,1
02:21:03,3.155,3.156476,55.86359501,17.02102721,1
02:21:04,3.155,3.156355,55.85771799,17.00852662,1
02:21:05,3.155,3.156294,55.85184,16.99632257,1
02:21:06,3.155,3.156263,55.84596395,16.98426753,1
02:21:07,3.155,3.156248,55.84008694,16.97228998,1
02:21:08,3.154,3.156239,55.83420992,16.95545763,1
02:21:10,3.154,3.155749,55.8283329,16.94102,1
02:21:10,3.154,3.155504,55.82245588,16.92778319,1
02:21:10,3.154,3.155383,55.81657887,16.91513956,1
02:21:12,3.154,3.155322,55.81070185,16.90279245,1
02:21:12,3.154,3.155291,55.80482,16.89059734,1
02:21:13,3.153,3.155275,55.79894781,16.87358767,1
02:21:15,3.153,3.154781,55.79307079,16.85899347,1
02:21:16,3.153,3.154536,55.78719378,16.8456018,1
02:21:17,3.153,3.154413,55.78131676,16.83280915,1
02:21:17,3.153,3.154351,55.77543974,16.82031602,1
02:21:18,3.153,3.15432,55.76956272,16.80805683,1
02:21:19,3.153,3.154304,55.7636857,16.79575592,1
02:21:21,3.153,3.154296,55.75781,16.7835936,1
02:21:22,3.153,3.154291,55.75193167,16.77134633,1
02:21:23,3.153,3.154288,55.74605465,16.75913632,1
02:21:23,3.153,3.154286,55.74017763,16.74694866,1
02:21:24,3.153,3.154284,55.73430061,16.73477441,1
02:21:25,3.152,3.154283,55.7284236,16.7177096,1
02:21:26,3.152,3.153797,55.72254658,16.70302898,1
02:21:27,3.152,3.153554,55.71666956,16.68963283,1
02:21:28,3.152,3.153434,55.71079,16.67668968,1
02:21:29,3.152,3.153373,55.70491552,16.66406691,1
02:21:30,3.152,3.153342,55.69903851,16.65160358,1
02:21:31,3.152,3.153327,55.69316149,16.63922071,1
02:21:32,3.151,3.153318,55.68728447,16.62197858,1
02:21:34,3.151,3.152828,55.68140745,16.60725325,1
02:21:35,3.151,3.152584,55.67553043,16.59356356,1
02:21:36,3.151,3.152462,55.66965342,16.58049822,1
02:21:37,3.151,3.152401,55.66378,16.56774282,1
02:21:38,3.151,3.15237,55.65789938,16.5551424,1
02:21:39,3.151,3.152354,55.65202236,16.54262245,1
02:21:40,3.151,3.152346,55.64614534,16.53014421,1
02:21:40,3.151,3.152341,55.64026833,16.51769131,1
02:21:42,3.151,3.152338,55.63439131,16.50525182,1
02:21:43,3.151,3.152336,55.62851429,16.49290472,1
02:21:43,3.151,3.152334,55.62263727,16.48044288,1
02:21:44,3.151,3.152333,55.61676,16.46800637,1
02:21:45,3.151,3.152332,55.61088324,16.45566672,1
02:21:47,3.151,3.15233,55.60500622,16.4433,1
02:21:47,3.151,3.152329,55.5991292,16.43083841,1
02:21:49,3.151,3.152328,55.59325218,16.41849279,1
02:21:50,3.151,3.152327,55.58737516,16.40604883,1
02:21:51,3.151,3.152326,55.58149815,16.39363617,1
02:21:52,3.151,3.152325,55.57562113,16.38124287,1
02:21:52,3.151,3.152323,55.56974,16.36894196,1
02:21:54,3.151,3.152323,55.56386709,16.3565293,1
02:21:54,3.151,3.152321,55.55799007,16.34414345,1
02:21:55,3.151,3.15232,55.55211306,16.331774,1
02:21:56,3.151,3.152319,55.54623604,16.31941348,1
02:21:57,3.151,3.152318,55.54035902,16.30706191,1
02:21:59,3.151,3.152317,55.534482,16.2947163,1
02:21:59,3.151,3.152316,55.52860498,16.28237516,1
02:22:00,3.151,3.152315,55.52273,16.27003998,1
02:22:02,3.151,3.152313,55.51685095,16.25778973,1
02:22:03,3.151,3.152312,55.51097393,16.24542773,1
02:22:03,3.151,3.152311,55.50509691,16.23308808,1
02:22:04,3.151,3.15231,55.49921989,16.22076333,1
02:22:06,3.151,3.152309,55.49334288,16.20844901,1
02:22:07,3.151,3.152308,55.48746586,16.19614214,1
02:22:07,3.151,3.152307,55.48158884,16.18384272,1
02:22:07,3.151,3.152305,55.47571,16.17162824,1
02:22:08,3.151,3.152305,55.4698348,16.15929902,1
02:22:09,3.151,3.152303,55.46395779,16.14699513,1
02:22:11,3.151,3.152302,55.45808077,16.13470614,1
02:22:11,3.151,3.152301,55.45220375,16.12242758,1
02:22:12,3.151,3.1523,55.44632673,16.11015499,1
02:22:13,3.151,3.152299,55.44044971,16.09788984,1
02:22:14,3.151,3.152298,55.4345727,16.08562917,1
02:22:15,3.151,3.152297,55.4287,16.07337296,1
02:22:16,3.151,3.152295,55.42281866,16.06120318,1
02:22:17,3.151,3.152294,55.41694164,16.04892015,1
02:22:18,3.151,3.152293,55.41106462,16.03673995,1
02:22:19,3.151,3.152292,55.40518761,16.02445841,1
02:22:20,3.151,3.152291,55.39931059,16.01220518,1
02:22:21,3.151,3.15229,55.39343357,15.99996984,1
02:22:22,3.151,3.152289,55.38755655,15.98774493,1
02:22:24,3.151,3.152287,55.38168,15.97560793,1
02:22:24,3.151,3.152287,55.37580252,15.96343815,1
02:22:25,3.151,3.152286,55.3699255,15.9511745,1
02:22:26,3.151,3.152284,55.36404848,15.9389466,1
02:22:28,3.151,3.152283,55.35817146,15.92673808,1
02:22:28,3.151,3.152282,55.35229445,15.91454148,1
02:22:29,3.151,3.152281,55.34641743,15.90242982,1
02:22:30,3.151,3.15228,55.34054041,15.89021087,1
02:22:31,3.151,3.152279,55.33466,15.87801725,1
02:22:33,3.151,3.152277,55.32878637,15.86583853,1
02:22:33,3.151,3.152277,55.32290936,15.85366875,1
02:22:34,3.151,3.152276,55.31703234,15.84150642,1
02:22:35,3.15,3.152274,55.31115532,15.82442373,1
02:22:37,3.15,3.151788,55.3052783,15.80984741,1
02:22:37,3.151,3.151546,55.29940128,15.80126584,1
02:22:38,3.151,3.15191,55.29352427,15.79094678,1
02:22:39,3.151,3.152091,55.28765,15.77965468,1
02:22:41,3.15,3.15218,55.28177023,15.76299518,1
02:22:42,3.15,3.151738,55.27589321,15.7485351,1
02:22:42,3.15,3.151518,55.27001619,15.73516726,1
02:22:43,3.15,3.151408,55.26413918,15.72243124,1
02:22:44,3.15,3.151353,55.25826216,15.70984274,1
02:22:46,3.15,3.151325,55.25238514,15.69741219,1
02:22:46,3.15,3.151311,55.24650812,15.68506211,1
02:22:47,3.15,3.151303,55.24063,15.67275375,1
02:22:48,3.15,3.151299,55.23475409,15.66047072,1
02:22:50,3.15,3.151296,55.22887707,15.64820111,1
02:22:50,3.15,3.151294,55.22300005,15.63594043,1
02:22:51,3.15,3.151292,55.21712303,15.62368721,1
02:22:52,3.15,3.151291,55.21124601,15.61143994,1
02:22:54,3.15,3.15129,55.205369,15.59927762,1
02:22:55,3.15,3.151289,55.19949198,15.58700502,1
02:22:55,3.15,3.151288,55.19361,15.57475477,1
02:22:57,3.15,3.151286,55.18773794,15.56251943,1
02:22:58,3.15,3.151285,55.18186092,15.55029303,1
02:22:59,3.15,3.151284,55.17598391,15.53807557,1
02:22:59,3.149,3.151283,55.17010689,15.52092731,1
02:23:00,3.149,3.150796,55.16422987,15.50618261,1
02:23:01,3.149,3.150554,55.15835285,15.49263149,1
02:23:03,3.148,3.150434,55.15247583,15.47474116,1
02:23:04,3.148,3.149888,55.1466,15.45954347,1
02:23:04,3.148,3.149616,55.1407218,15.44568688,1
02:23:05,3.148,3.149481,55.13484478,15.43258876,1
02:23:07,3.147,3.149413,55.12896776,15.41472375,1
02:23:08,3.147,3.148893,55.12309074,15.39946795,1
02:23:08,3.146,3.148634,55.11721373,15.3807193,1
02:23:09,3.146,3.14802,55.11133671,15.36479592,1
02:23:10,3.146,3.147714,55.10545969,15.35042226,1
02:23:12,3.145,3.147562,55.09958,15.33186734,1
02:23:13,3.145,3.147,55.09370565,15.31609893,1
02:23:13,3.145,3.146721,55.08782864,15.30171484,1
02:23:15,3.144,3.146581,55.08195162,15.28307498,1
02:23:16,3.144,3.146026,55.0760746,15.26718,1
02:23:17,3.144,3.145749,55.07019758,15.25265425,1
02:23:17,3.144,3.145612,55.06432056,15.2388081,1
02:23:18,3.143,3.145542,55.05844355,15.22036046,1
02:23:20,3.143,3.145023,55.05257,15.20460546,1
02:23:21,3.143,3.144763,55.04668951,15.18995464,1
02:23:21,3.143,3.144634,55.04081249,15.1759699,1
02:23:22,3.143,3.144569,55.03493547,15.16231894,1
02:23:24,3.143,3.144537,55.02905846,15.14883488,1
02:23:25,3.143,3.14452,55.02318144,15.13552964,1
02:23:26,3.143,3.144511,55.01730442,15.122132,1
02:23:26,3.143,3.144506,55.0114274,15.10878056,1
02:23:28,3.143,3.144503,55.00555,15.09545594,1
02:23:29,3.143,3.1445,54.99967337,15.08214772,1
02:23:30,3.143,3.144499,54.99379635,15.06894231,1
02:23:30,3.143,3.144497,54.98791933,15.05560726,1
02:23:31,3.143,3.144496,54.98204231,15.04230201,1
02:23:33,3.143,3.144495,54.97616529,15.02901167,1
02:23:34,3.143,3.144494,54.97028828,15.01573473,1
02:23:35,3.143,3.144492,54.96441126,15.00247,1
02:23:35,3.143,3.144491,54.95853,14.98920321,1
02:23:37,3.143,3.14449,54.95265722,14.97594714,1
02:23:38,3.143,3.144489,54.9467802,14.96269554,1
02:23:39,3.143,3.144487,54.94090319,14.94945139,1
02:23:39,3.143,3.144486,54.93502617,14.93621171,1
02:23:41,3.143,3.144485,54.92914915,14.92306739,1
02:23:42,3.143,3.144484,54.92327213,14.90979344,1
02:23:43,3.143,3.144483,54.91739511,14.89654779,1
02:23:44,3.143,3.144482,54.91152,14.88331854,1
02:23:44,3.143,3.14448,54.90564108,14.87010121,1
02:23:46,3.143,3.144479,54.89976406,14.85688984,1
02:23:47,3.143,3.144478,54.89388704,14.84368593,1
02:23:48,3.143,3.144477,54.88801003,14.83048797,1
02:23:48,3.143,3.144475,54.88213301,14.81729597,1
02:23:50,3.143,3.144475,54.87625599,14.80410844,1
02:23:51,3.143,3.144473,54.87037897,14.79092687,1
02:23:52,3.143,3.144472,54.8645,14.77775127,1
02:23:52,3.143,3.144471,54.85862494,14.76458013,1
02:23:54,3.143,3.14447,54.85274792,14.75150436,1
02:23:55,3.143,3.144469,54.8468709,14.73838985,1
02:23:56,3.143,3.144467,54.84099388,14.72517103,1
02:23:57,3.143,3.144466,54.83511686,14.71207887,1
02:23:58,3.143,3.144465,54.82923985,14.69887644,1
02:23:59,3.143,3.144464,54.82336283,14.68570828,1
02:24:00,3.143,3.144463,54.81749,14.6725595,1
02:24:01,3.143,3.144461,54.81160879,14.65942413,1
02:24:02,3.143,3.14446,54.80573177,14.64639,1
02:24:03,3.143,3.144459,54.79985476,14.6332249,1
02:24:04,3.143,3.144458,54.79397774,14.62009,1
02:24:05,3.143,3.144457,54.78810072,14.60697204,1
02:24:06,3.143,3.144455,54.7822237,14.59386498,1
02:24:07,3.143,3.144454,54.77634668,14.58076537,1
02:24:08,3.143,3.144453,54.77047,14.56767321,1
02:24:09,3.143,3.144452,54.76459265,14.55458552,1
02:24:10,3.143,3.144451,54.75871563,14.54150528,1
02:24:11,3.143,3.14445,54.75283861,14.52842951,1
02:24:12,3.143,3.144448,54.74696159,14.5153597,1
02:24:13,3.143,3.144447,54.74108458,14.50229585,1
02:24:14,3.143,3.144446,54.73520756,14.48923498,1
02:24:15,3.143,3.144445,54.72933054,14.47618157,1
02:24:16,3.143,3.144444,54.72345,14.46313262,1
02:24:17,3.142,3.144442,54.7175765,14.44512159,1
02:24:18,3.142,3.143956,54.71169949,14.42964673,1
02:24:19,3.142,3.143714,54.70582247,14.41520154,1
02:24:20,3.141,3.143593,54.69994545,14.39640224,1
02:24:21,3.14,3.143047,54.69406843,14.37535584,1
02:24:22,3.14,3.14229,54.68819141,14.35808688,1
02:24:23,3.139,3.141913,54.6823144,14.33790028,1
02:24:24,3.139,3.141241,54.67644,14.32081461,1
02:24:25,3.138,3.140906,54.67056036,14.30044621,1
02:24:26,3.138,3.140254,54.66468334,14.28334564,1
02:24:27,3.137,3.13993,54.65880632,14.26288933,1
02:24:28,3.137,3.139282,54.65292931,14.24565762,1
02:24:29,3.136,3.13896,54.64705229,14.22523409,1
02:24:30,3.136,3.138314,54.64117527,14.20777291,1
02:24:31,3.136,3.137993,54.63529825,14.19194937,1
02:24:32,3.136,3.137833,54.62942,14.17693943,1
02:24:33,3.136,3.137753,54.62354422,14.1624406,1
02:24:34,3.136,3.137712,54.6176672,14.14798945,1
02:24:35,3.136,3.137691,54.61179018,14.13377076,1
02:24:36,3.136,3.13768,54.60591316,14.11946565,1
02:24:37,3.136,3.137674,54.60003614,14.10522163,1
02:24:38,3.136,3.137671,54.59415913,14.09111172,1
02:24:39,3.136,3.137668,54.58828211,14.07687068,1
02:24:40,3.136,3.137666,54.58241,14.06267,1
02:24:41,3.136,3.137665,54.57652807,14.04848546,1
02:24:42,3.136,3.137663,54.57065105,14.03431743,1
02:24:43,3.136,3.137662,54.56477404,14.02015835,1
02:24:44,3.136,3.137661,54.55889702,14.00610805,1
02:24:45,3.136,3.137659,54.55302,13.99191469,1
02:24:46,3.136,3.137658,54.54714298,13.97775114,1
02:24:47,3.136,3.137657,54.54126596,13.96370828,1
02:24:48,3.136,3.137656,54.53539,13.94952536,1
02:24:49,3.136,3.137655,54.52951193,13.93538,1
02:24:50,3.136,3.137653,54.52363491,13.92124444,1
02:24:51,3.135,3.137652,54.51775789,13.90214,1
02:24:52,3.135,3.137166,54.51188087,13.88546377,1
02:24:53,3.136,3.136923,54.50600386,13.87498,1
02:24:54,3.135,3.137288,54.50012684,13.85770142,1
02:24:55,3.135,3.136983,54.49424982,13.84194,1
02:24:56,3.135,3.136831,54.48837,13.8269335,1
02:24:57,3.135,3.136754,54.48249578,13.81230801,1
02:24:58,3.135,3.136716,54.47661877,13.79787326,1
02:24:59,3.135,3.136696,54.47074175,13.78353685,1
02:25:00,3.135,3.136686,54.46486473,13.76935393,1
02:25:01,3.135,3.13668,54.45898771,13.75504583,1
02:25:02,3.134,3.136676,54.45311069,13.73594105,1
02:25:03,3.134,3.136189,54.44723368,13.71906102,1
02:25:04,3.133,3.135946,54.44136,13.69842887,1
02:25:05,3.133,3.135339,54.43547964,13.68085444,1
02:25:06,3.132,3.135038,54.42960262,13.65980208,1
02:25:07,3.131,3.134402,54.42372561,13.63714486,1
02:25:08,3.131,3.1336,54.41784859,13.61821,1
02:25:09,3.13,3.133202,54.41197157,13.59629184,1
02:25:10,3.129,3.132518,54.40609455,13.57282251,1
02:25:11,3.129,3.131692,54.40021753,13.55348974,1
02:25:12,3.129,3.131282,54.39434,13.53621185,1
02:25:13,3.129,3.131077,54.3884635,13.51995766,1
02:25:14,3.129,3.130975,54.38258648,13.50421309,1
02:25:15,3.129,3.130923,54.37670946,13.48872632,1
02:25:16,3.129,3.130897,54.37083244,13.47348541,1
02:25:17,3.129,3.130883,54.36495543,13.45814019,1
02:25:18,3.129,3.130876,54.35907841,13.44285905,1
02:25:19,3.129,3.130871,54.35320139,13.42762,1
02:25:20,3.129,3.130869,54.34732,13.41239065,1
02:25:21,3.129,3.130867,54.34144735,13.39717954,1
02:25:22,3.129,3.130865,54.33557034,13.38197738,1
02:25:23,3.129,3.130863,54.32969332,13.36678267,1
02:25:24,3.129,3.130862,54.3238163,13.35170865,1
02:25:25,3.129,3.13086,54.31793928,13.33647221,1
02:25:26,3.129,3.130859,54.31206226,13.32126856,1
02:25:27,3.129,3.130858,54.30618525,13.30608577,1
02:25:28,3.129,3.130857,54.30031,13.29102814,1
02:25:29,3.129,3.130855,54.29443121,13.27581108,1
02:25:30,3.128,3.130854,54.28855419,13.25561106,1
02:25:31,3.128,3.130367,54.28267717,13.23786974,1
02:25:32,3.129,3.130125,54.27680016,13.22635859,1
02:25:33,3.128,3.130489,54.27092314,13.20801824,1
02:25:34,3.128,3.130184,54.26504612,13.19120675,1
02:25:35,3.128,3.130032,54.2591691,13.17515671,1
02:25:36,3.128,3.129956,54.25329,13.15961,1
02:25:37,3.128,3.129917,54.24741507,13.14407438,1
02:25:38,3.128,3.129898,54.24153805,13.1287843,1
02:25:39,3.127,3.129887,54.23566103,13.10834438,1
02:25:40,3.126,3.129396,54.22978401,13.0853951,1
02:25:41,3.125,3.128666,54.22390699,13.06112111,1
02:25:42,3.124,3.127818,54.21802998,13.03610057,1
02:25:43,3.123,3.126911,54.21215296,13.01062,1
02:25:44,3.122,3.125975,54.20628,12.98506558,1
02:25:45,3.122,3.125024,54.20039892,12.9639402,1
02:25:46,3.122,3.124551,54.1945219,12.94539422,1
02:25:47,3.122,3.124316,54.18864489,12.92782277,1
02:25:48,3.122,3.124198,54.18276787,12.91088611,1
02:25:49,3.122,3.124138,54.17689085,12.89426684,1
02:25:50,3.122,3.124109,54.17101383,12.87780553,1
02:25:51,3.122,3.124093,54.16513681,12.86142766,1
02:25:52,3.122,3.124084,54.15926,12.84509301,1
02:25:53,3.122,3.124079,54.15338278,12.82878369,1
02:25:54,3.122,3.124076,54.14750576,12.81249076,1
02:25:55,3.122,3.124074,54.14162874,12.79620677,1
02:25:56,3.122,3.124072,54.13575172,12.77993172,1
02:25:57,3.122,3.124071,54.12987471,12.76366413,1
02:25:58,3.122,3.124069,54.12399769,12.74740398,1
02:25:59,3.122,3.124068,54.11812067,12.73114979,1
02:26:00,3.122,3.124066,54.11224,12.71502674,1
02:26:01,3.121,3.124065,54.10636663,12.69367337,1
02:26:02,3.121,3.123578,54.10048962,12.67481446,1
02:26:03,3.121,3.123336,54.0946126,12.65719086,1
02:26:04,3.121,3.123215,54.08873558,12.64031827,1
02:26:05,3.121,3.123154,54.08285856,12.62355447,1
02:26:06,3.121,3.123123,54.07698154,12.6069814,1
02:26:07,3.12,3.123107,54.07110453,12.58547157,1
02:26:08,3.119,3.122613,54.06523,12.56164908,1
02:26:09,3.118,3.121882,54.05935049,12.53614,1
02:26:10,3.117,3.121033,54.05347347,12.50993609,1
02:26:11,3.116,3.120126,54.04759645,12.48353943,1
02:26:12,3.115,3.11919,54.04171944,12.45646179,1
02:26:13,3.114,3.118239,54.03584242,12.42920235,1
02:26:14,3.114,3.117281,54.0299654,12.40680292,1
02:26:15,3.114,3.116804,54.02408838,12.38681227,1
02:26:16,3.114,3.116567,54.01821,12.36801967,1
02:26:17,3.114,3.116448,54.01233435,12.34982461,1
02:26:18,3.114,3.116389,54.00645733,12.33193055,1
02:26:19,3.114,3.116358,54.00058031,12.31418774,1
02:26:20,3.114,3.116343,53.99470329,12.29652315,1
02:26:21,3.114,3.116334,53.98882627,12.27890179,1
02:26:22,3.114,3.116329,53.98294926,12.26144731,1
02:26:23,3.114,3.116326,53.97707224,12.24393696,1
02:26:24,3.114,3.116323,53.9712,12.2262612,1
02:26:25,3.114,3.116321,53.9653182,12.20864579,1
02:26:26,3.114,3.116319,53.95944118,12.19106466,1
02:26:27,3.114,3.116318,53.95356417,12.17350289,1
02:26:28,3.113,3.116316,53.94768715,12.15091646,1
02:26:29,3.113,3.11583,53.94181013,12.1307835,1
02:26:30,3.113,3.115588,53.93593311,12.11187094,1
02:26:31,3.113,3.115467,53.9300561,12.09357,1
02:26:32,3.113,3.115406,53.92418,12.07557023,1
02:26:33,3.113,3.115375,53.91830206,12.05772758,1
02:26:34,3.113,3.115359,53.91242504,12.03996539,1
02:26:35,3.112,3.11535,53.90654802,12.0172,1
02:26:36,3.112,3.114859,53.90067101,11.99690998,1
02:26:37,3.11,3.114615,53.89479399,11.96804792,1
02:26:38,3.109,3.113523,53.88891697,11.93950474,1
02:26:39,3.108,3.112495,53.88303995,11.91075891,1
02:26:40,3.107,3.111499,53.87716,11.88209131,1
02:26:41,3.107,3.110518,53.87128592,11.85842752,1
02:26:42,3.107,3.110031,53.8654089,11.83742881,1
02:26:43,3.107,3.109787,53.85953188,11.81739494,1
02:26:44,3.107,3.109666,53.85365486,11.79802045,1
02:26:45,3.107,3.109605,53.84777784,11.77897304,1
02:26:46,3.107,3.109574,53.84190083,11.76009253,1
02:26:47,3.107,3.109558,53.83602381,11.7414549,1
02:26:48,3.107,3.109549,53.83015,11.72263101,1
02:26:49,3.107,3.109544,53.82426977,11.70387045,1
02:26:50,3.106,3.10954,53.81839275,11.68030277,1
02:26:51,3.107,3.109053,53.81251574,11.66398898,1
02:26:52,3.107,3.109295,53.80663872,11.64648086,1
02:26:53,3.107,3.109414,53.8007617,11.62838563,1
02:26:54,3.106,3.109473,53.79488468,11.60494462,1
02:26:55,3.106,3.109016,53.78900766,11.58381775,1
02:26:56,3.106,3.108788,53.78313,11.56384349,1
02:26:57,3.106,3.108675,53.77725363,11.54444516,1
02:26:58,3.106,3.108617,53.77137661,11.52533516,1
02:26:59,3.104,3.108588,53.76549959,11.49654016,1
02:27:00,3.103,3.107603,53.75962257,11.46725044,1
02:27:01,3.102,3.106628,53.75374556,11.43817976,1
02:27:02,3.101,3.105658,53.74786854,11.40856519,1
02:27:03,3.101,3.104691,53.74199152,11.38394699,1
02:27:04,3.1,3.104209,53.73611,11.35673076,1
02:27:05,3.1,3.103485,53.73023748,11.33320108,1
02:27:06,3.1,3.103124,53.72436047,11.31150275,1
02:27:07,3.1,3.102944,53.71848345,11.29089817,1
02:27:08,3.1,3.102854,53.71260643,11.27048358,1
02:27:09,3.1,3.102808,53.70672941,11.25034317,1
02:27:10,3.1,3.102785,53.70085239,11.2303406,1
02:27:11,3.1,3.102772,53.69497538,11.21041104,1
02:27:12,3.1,3.102766,53.6891,11.19051874,1
02:27:13,3.1,3.102761,53.68322134,11.17065027,1
02:27:14,3.099,3.102758,53.67734432,11.14572659,1
02:27:15,3.1,3.102271,53.6714673,11.12834066,1
02:27:16,3.099,3.102513,53.66559029,11.10465601,1
02:27:17,3.099,3.102148,53.65971327,11.08301505,1
02:27:18,3.099,3.101965,53.65383625,11.0620141,1
02:27:19,3.099,3.101874,53.64795923,11.04152128,1
02:27:20,3.099,3.101827,53.64208,11.02128401,1
02:27:21,3.099,3.101804,53.6362052,11.00117415,1
02:27:22,3.097,3.101791,53.63032818,10.9709844,1
02:27:23,3.096,3.100814,53.62445116,10.94067767,1
02:27:24,3.094,3.099844,53.61857414,10.90514362,1
02:27:25,3.093,3.098391,53.61269712,10.87190434,1
02:27:26,3.092,3.097184,53.60682011,10.83971038,1
02:27:27,3.092,3.096099,53.60094309,10.81302,1
02:27:28,3.092,3.095559,53.59507,10.78907028,1
02:27:29,3.092,3.09529,53.58918905,10.76648,1
02:27:30,3.092,3.095156,53.58331203,10.74457318,1
02:27:31,3.092,3.095088,53.57743502,10.72300598,1
02:27:32,3.092,3.095054,53.571558,10.70161089,1
02:27:33,3.092,3.095036,53.56568098,10.68030447,1
02:27:34,3.092,3.095026,53.55980396,10.65904573,1
02:27:35,3.092,3.09502,53.55392694,10.63781455,1
02:27:36,3.092,3.095017,53.54805,10.61659902,1
02:27:37,3.091,3.095014,53.54217291,10.5903089,1
02:27:38,3.091,3.094527,53.53629589,10.56649387,1
02:27:39,3.091,3.094284,53.53041887,10.54391116,1
02:27:40,3.091,3.094163,53.52454185,10.52213758,1
02:27:41,3.091,3.094102,53.51866484,10.50038561,1
02:27:42,3.091,3.09407,53.51278782,10.47883704,1
02:27:43,3.089,3.094054,53.5069108,10.44751033,1
02:27:44,3.088,3.093075,53.50103,10.41562706,1
02:27:45,3.086,3.092104,53.49515676,10.37857309,1
02:27:46,3.085,3.090651,53.48927975,10.34387276,1
02:27:47,3.085,3.089443,53.48340273,10.31534448,1
02:27:48,3.085,3.088843,53.47752571,10.28987914,1
02:27:49,3.085,3.088544,53.47164869,10.26593819,1
02:27:50,3.085,3.088395,53.46577168,10.24275646,1
02:27:51,3.085,3.08832,53.45989466,10.21995693,1
02:27:52,3.085,3.088282,53.45402,10.19734889,1
02:27:53,3.085,3.088262,53.44814062,10.1748392,1
02:27:54,3.085,3.088251,53.4422636,10.15238166,1
02:27:55,3.085,3.088245,53.43638659,10.13015285,1
02:27:56,3.085,3.088241,53.43050957,10.10784581,1
02:27:57,3.085,3.088238,53.42463255,10.08530259,1
02:27:58,3.084,3.088236,53.41875553,10.05771682,1
02:27:59,3.085,3.087749,53.41287851,10.03778,1
02:28:00,3.084,3.087991,53.407,10.01150906,1
02:28:01,3.084,3.087626,53.40112448,9.98711139,1
02:28:02,3.084,3.087444,53.39524746,9.804591537,1
02:28:03,3.084,3.08294,53.38937044,9.820589423,1
02:28:04,3.083,3.085341,53.38349342,9.795696288,1
02:28:05,3.081,3.085056,53.37761641,9.762309492,1
02:28:06,3.081,3.083911,53.37173939,9.742210805,1
02:28:07,3.079,3.08352,53.36586237,9.719379991,1
02:28:08,3.078,3.082283,53.35999,9.699500352,1
02:28:09,3.078,3.081184,53.35410833,9.683845937,1
02:28:10,3.078,3.080677,53.34823132,9.669948369,1
02:28:11,3.078,3.080434,53.3423543,9.656822681,1
02:28:12,3.078,3.080311,53.33647728,9.644047916,1
02:28:13,3.078,3.080243,53.33060026,9.631437063,1
02:28:14,3.078,3.080199,53.32472324,9.618910402,1
02:28:15,3.078,3.080166,53.31884623,9.606429189,1
02:28:16,3.078,3.080138,53.31297,9.593979269,1
02:28:17,3.078,3.080113,53.30709219,9.581553936,1
02:28:18,3.078,3.080089,53.30121517,9.569150954,1
02:28:19,3.078,3.080065,53.29533815,9.55676958,1
02:28:20,3.077,3.080041,53.28946114,9.541237354,1
02:28:21,3.077,3.079484,53.28358412,9.527412802,1
02:28:22,3.077,3.079219,53.2777071,9.514383972,1
02:28:23,3.076,3.079086,53.27183008,9.498486668,1
02:28:24,3.075,3.078479,53.26595,9.481231123,1
02:28:25,3.074,3.077657,53.26007605,9.463303536,1
02:28:26,3.072,3.076738,53.25419903,9.441707283,1
02:28:27,3.071,3.075241,53.24832201,9.421662241,1
02:28:28,3.071,3.074015,53.24244499,9.405644983,1
02:28:29,3.071,3.073447,53.23656797,9.391483665,1
02:28:30,3.071,3.073176,53.23069096,9.378193319,1
02:28:31,3.071,3.07304,53.22481394,9.365323931,1
02:28:32,3.071,3.072965,53.21894,9.352668375,1
02:28:33,3.071,3.072918,53.2130599,9.340132773,1
02:28:34,3.071,3.072884,53.20718288,9.327674657,1
02:28:35,3.071,3.072856,53.20130587,9.315279871,1
02:28:36,3.071,3.07283,53.19542885,9.302937984,1
02:28:37,3.071,3.072806,53.18955183,9.290645272,1
02:28:38,3.07,3.072782,53.18367481,9.274827689,1
02:28:39,3.071,3.072224,53.17779779,9.264553338,1
02:28:40,3.07,3.072493,53.17192,9.249672294,1
02:28:41,3.07,3.072068,53.16604376,9.236286581,1
02:28:42,3.07,3.071863,53.16016674,9.223612398,1
02:28:43,3.069,3.071757,53.15428972,9.207623452,1
02:28:44,3.067,3.071162,53.1484127,9.186404943,1
02:28:45,3.065,3.069811,53.14253569,9.162707627,1
02:28:46,3.064,3.068117,53.13665867,9.141506255,1
02:28:47,3.063,3.066802,53.13078165,9.121415019,1
02:28:48,3.063,3.065658,53.1249,9.105553478,1
02:28:49,3.063,3.065126,53.11902761,9.09165293,1
02:28:50,3.063,3.064873,53.1131506,9.078677744,1
02:28:51,3.063,3.064723,53.10727358,9.066247195,1
02:28:52,3.063,3.064636,53.10139656,9.054128081,1
02:28:53,3.063,3.064579,53.09551954,9.042203426,1
02:28:54,3.063,3.064538,53.08964252,9.030424058,1
02:28:55,3.063,3.064503,53.08376551,9.01876241,1
02:28:56,3.062,3.064471,53.07789,9.003347903,1
02:28:57,3.062,3.063897,53.07201147,8.990127593,1
02:28:58,3.062,3.063625,53.06613445,8.977945894,1
02:28:59,3.062,3.063487,53.06025743,8.96628648,1
02:29:00,3.062,3.063409,53.05438042,8.954914659,1
02:29:01,3.061,3.063359,53.0485034,8.939816058,1
02:29:02,3.059,3.06278,53.04262638,8.919130266,1
02:29:03,3.058,3.061419,53.03674936,8.899834752,1
02:29:04,3.056,3.060252,53.03087,8.877241611,1
02:29:05,3.056,3.058628,53.02499533,8.861017972,1
02:29:06,3.056,3.057885,53.01911831,8.84770751,1
02:29:07,3.056,3.057537,53.01324129,8.835757524,1
02:29:08,3.056,3.057367,53.00736427,8.824469149,1
02:29:09,3.056,3.057277,53.00148726,8.813527972,1
02:29:10,3.056,3.057223,52.99561024,8.802791685,1
02:29:11,3.056,3.057184,52.98973322,8.792197704,1
02:29:12,3.056,3.057154,52.98386,8.781716228,1
02:29:13,3.056,3.057127,52.97797918,8.771330863,1
02:29:14,3.056,3.057102,52.97210217,8.761039376,1
02:29:15,3.055,3.057077,52.96622515,8.746817708,1
02:29:16,3.055,3.056511,52.96034813,8.734863997,1
02:29:17,3.055,3.056244,52.95447111,8.723974,1
02:29:18,3.055,3.056112,52.94859409,8.713606745,1
02:29:19,3.054,3.05604,52.94271708,8.699475974,1
02:29:20,3.052,3.055453,52.93684,8.679614961,1
02:29:21,3.05,3.054091,52.93096304,8.657144755,1
02:29:22,3.05,3.052381,52.92508602,8.641599864,1
02:29:23,3.049,3.051603,52.919209,8.625144511,1
02:29:24,3.049,3.050699,52.91333199,8.61235708,1
02:29:25,3.049,3.050281,52.90745497,8.60126,1
02:29:26,3.049,3.050083,52.90157795,8.590965718,1
02:29:27,3.049,3.049982,52.89570093,8.581076562,1
02:29:28,3.049,3.049926,52.88982,8.57141,1
02:29:29,3.049,3.049889,52.8839469,8.561889827,1
02:29:30,3.049,3.049861,52.87806988,8.552476764,1
02:29:31,3.049,3.049838,52.87219286,8.543152362,1
02:29:32,3.048,3.049817,52.86631584,8.529791981,1
02:29:33,3.048,3.049253,52.86043882,8.518746495,1
02:29:34,3.048,3.04899,52.85456181,8.508782089,1
02:29:35,3.048,3.048862,52.84868479,8.499343693,1
02:29:36,3.047,3.048794,52.84281,8.486038446,1
02:29:37,3.044,3.048209,52.83693075,8.462712169,1
02:29:38,3.042,3.046306,52.83105373,8.438966423,1
02:29:39,3.041,3.044354,52.82517672,8.419171721,1
02:29:40,3.041,3.042926,52.8192997,8.405297995,1
02:29:41,3.041,3.042276,52.81342268,8.394122,1
02:29:42,3.041,3.041974,52.80754566,8.38419497,1
02:29:43,3.041,3.041829,52.80166864,8.374866843,1
02:29:44,3.041,3.041754,52.79579,8.36584866,1
02:29:45,3.041,3.041711,52.78991461,8.357005566,1
02:29:46,3.041,3.041682,52.78403759,8.348280936,1
02:29:47,3.041,3.041659,52.77816057,8.339644223,1
02:29:48,3.041,3.04164,52.77228355,8.331087232,1
02:29:49,3.04,3.041622,52.76640654,8.318406343,1
02:29:50,3.04,3.04106,52.76052952,8.308077604,1
02:29:51,3.04,3.0408,52.7546525,8.298838884,1
02:29:52,3.04,3.040673,52.74878,8.29012692,1
02:29:53,3.039,3.040608,52.74289846,8.277471364,1
02:29:54,3.037,3.040026,52.73702145,8.258829266,1
02:29:55,3.035,3.038668,52.73114443,8.237463236,1
02:29:56,3.034,3.036962,52.72526741,8.219081908,1
02:29:57,3.034,3.035645,52.71939039,8.206260204,1
02:29:58,3.034,3.035046,52.71351337,8.195962757,1
02:29:59,3.034,3.034769,52.70763636,8.186835051,1
02:30:00,3.034,3.034636,52.70176,8.178267628,1
02:30:01,3.034,3.034568,52.69588232,8.169985,1
02:30:02,3.034,3.034529,52.6900053,8.16186592,1
02:30:03,3.034,3.034503,52.68412828,8.153852075,1
02:30:04,3.034,3.034483,52.67825127,8.145920187,1
02:30:05,3.033,3.034467,52.67237425,8.133803308,1
02:30:06,3.033,3.033906,52.66649723,8.124068379,1
02:30:07,3.032,3.033647,52.66062021,8.111168444,1
02:30:08,3.03,3.032979,52.65474,8.092579246,1
02:30:09,3.028,3.031583,52.64886618,8.071413636,1
02:30:10,3.028,3.02986,52.64298916,8.057595044,1
02:30:11,3.027,3.02908,52.63711214,8.042836934,1
02:30:12,3.027,3.028179,52.63123512,8.031926304,1
02:30:13,3.027,3.027767,52.6253581,8.022771031,1
02:30:14,3.027,3.027575,52.61948109,8.014438301,1
02:30:15,3.027,3.027481,52.61360407,8.006504923,1
02:30:16,3.027,3.027431,52.60773,7.998780906,1
02:30:17,3.027,3.027401,52.60185003,7.991183549,1
02:30:18,3.027,3.02738,52.59597301,7.983674854,1
02:30:19,3.027,3.027364,52.590096,7.976236194,1
02:30:20,3.026,3.027349,52.58421898,7.964558154,1
02:30:21,3.026,3.02679,52.57834196,7.955280691,1
02:30:22,3.026,3.026533,52.57246494,7.94710964,1
02:30:23,3.026,3.02641,52.56658792,7.939464599,1
02:30:24,3.025,3.026348,52.56071,7.927770168,1
02:30:25,3.022,3.025769,52.55483389,7.905621082,1
02:30:26,3.02,3.023868,52.54895687,7.883042842,1
02:30:27,3.02,3.02192,52.54307985,7.868877798,1
02:30:28,3.02,3.02104,52.53720284,7.858508825,1
02:30:29,3.02,3.020639,52.53132582,7.849873602,1
02:30:30,3.02,3.020453,52.5254488,7.842041552,1
02:30:31,3.02,3.020362,52.51957178,7.834599912,1
02:30:32,3.02,3.020315,52.51369,7.827362418,1
02:30:33,3.02,3.020287,52.50781775,7.820244133,1
02:30:34,3.02,3.020267,52.50194073,7.813209295,1
02:30:35,3.02,3.020252,52.49606371,7.806240767,1
02:30:36,3.019,3.020239,52.49018669,7.79498145,1
02:30:37,3.019,3.019681,52.48430967,7.786144316,1
02:30:38,3.018,3.019424,52.47843266,7.774072886,1
02:30:39,3.016,3.018758,52.47255564,7.756195962,1
02:30:40,3.014,3.017364,52.46668,7.735673338,1
02:30:41,3.012,3.015643,52.4608016,7.713947445,1
02:30:42,3.012,3.013775,52.45492458,7.700348645,1
02:30:43,3.012,3.012933,52.44904757,7.690414041,1
02:30:44,3.012,3.012548,52.44317055,7.682151347,1
02:30:45,3.012,3.012371,52.43729353,7.674661279,1
02:30:46,3.012,3.012284,52.43141651,7.667547464,1
02:30:47,3.012,3.012239,52.42553949,7.6606296,1
02:30:48,3.012,3.012213,52.41966,7.653826475,1
02:30:49,3.012,3.012195,52.41378546,7.647100836,1
02:30:50,3.011,3.01218,52.40790844,7.636065781,1
02:30:51,3.011,3.011623,52.40203142,7.627465576,1
02:30:52,3.011,3.011367,52.3961544,7.619983703,1
02:30:53,3.01,3.011246,52.39027739,7.608652,1
02:30:54,3.009,3.010641,52.38440037,7.595586032,1
02:30:55,3.006,3.009819,52.37852335,7.57297948,1
02:30:56,3.005,3.007809,52.37265,7.554794103,1
02:30:57,3.005,3.006358,52.36676931,7.542968541,1
02:30:58,3.005,3.005702,52.3608923,7.534015,1
02:30:59,3.005,3.005402,52.35501528,7.526374608,1
02:31:00,3.005,3.005262,52.34913826,7.519347966,1
02:31:01,3.005,3.005193,52.34326124,7.512621582,1
02:31:02,3.005,3.005157,52.33738422,7.506055385,1
02:31:03,3.004,3.005135,52.33150721,7.495195419,1
02:31:04,3.005,3.004574,52.32563,7.491189241,1
02:31:05,3.004,3.004862,52.31975317,7.481520623,1
02:31:06,3.004,3.004441,52.31387615,7.473705709,1
02:31:07,3.002,3.004246,52.30799913,7.457942516,1
02:31:08,3,3.003063,52.30212212,7.438578457,1
02:31:09,2.999,3.001437,52.2962451,7.421971858,1
02:31:10,2.998,3.000157,52.29036808,7.406593114,1
02:31:11,2.998,2.999034,52.28449106,7.396165282,1
02:31:12,2.998,2.998525,52.27861,7.387977839,1
02:31:13,2.998,2.998291,52.27273703,7.380818576,1
02:31:14,2.998,2.998181,52.26686001,7.374145091,1
02:31:15,2.998,2.998127,52.26098299,7.367711514,1
02:31:16,2.998,2.998097,52.25510597,7.361409068,1
02:31:17,2.998,2.998078,52.24922895,7.355190814,1
02:31:18,2.997,2.998064,52.24335194,7.344612479,1
02:31:19,2.997,2.997507,52.23747492,7.336495072,1
02:31:20,2.997,2.997252,52.2316,7.329504192,1
02:31:21,2.995,2.997133,52.22572088,7.314194739,1
02:31:22,2.993,2.995983,52.21984386,7.295120507,1
02:31:23,2.991,2.994372,52.21396685,7.274322212,1
02:31:24,2.99,2.992554,52.20808983,7.257147878,1
02:31:25,2.99,2.991189,52.20221281,7.246010005,1
02:31:26,2.99,2.990573,52.19633579,7.237599045,1
02:31:27,2.99,2.990292,52.19045877,7.230432332,1
02:31:28,2.99,2.99016,52.18458,7.223846018,1
02:31:29,2.99,2.990097,52.17870474,7.217541337,1
02:31:30,2.99,2.990063,52.17282772,7.211387,1
02:31:31,2.989,2.990042,52.1669507,7.200891525,1
02:31:32,2.989,2.989483,52.16107368,7.1928747,1
02:31:33,2.989,2.989227,52.15519667,7.185991853,1
02:31:34,2.989,2.989108,52.14931965,7.179637998,1
02:31:35,2.986,2.989049,52.14344263,7.160223275,1
02:31:36,2.984,2.987381,52.13757,7.139331847,1
02:31:37,2.983,2.985538,52.13168859,7.122189552,1
02:31:38,2.983,2.984161,52.12581158,7.111158222,1
02:31:39,2.983,2.98354,52.11993456,7.102885097,1
02:31:40,2.983,2.983257,52.11405754,7.095867395,1
02:31:41,2.983,2.983125,52.10818052,7.089435309,1
02:31:42,2.983,2.983061,52.1023035,7.08328709,1
02:31:43,2.983,2.983028,52.09642649,7.077287883,1
02:31:44,2.982,2.983008,52.09055,7.06692785,1
02:31:45,2.982,2.982448,52.08467245,7.059057802,1
02:31:46,2.982,2.982193,52.07879543,7.052323222,1
02:31:47,2.981,2.982074,52.07291842,7.041663677,1
02:31:48,2.979,2.98147,52.0670414,7.024784386,1
02:31:49,2.977,2.980103,52.06116438,7.005084306,1
02:31:50,2.976,2.978395,52.05528736,6.988541782,1
02:31:51,2.976,2.977079,52.04941034,6.977859885,1
02:31:52,2.976,2.976485,52.04353,6.969821,1
02:31:53,2.976,2.976215,52.03765631,6.962988526,1
02:31:54,2.976,2.976089,52.03177929,6.956717372,1
02:31:55,2.976,2.976027,52.02590227,6.95071891,1
02:31:56,2.975,2.975996,52.02002525,6.940401345,1
02:31:57,2.975,2.97543,52.01414824,6.932605803,1
02:31:58,2.975,2.975173,52.00827122,6.925956905,1
02:31:59,2.973,2.975053,52.0023942,6.910913438,1
02:32:00,2.97,2.973903,51.99652,6.887608021,1
02:32:01,2.968,2.971745,51.99064016,6.865011156,1
02:32:02,2.968,2.969683,51.98476315,6.851624697,1
02:32:03,2.968,2.968755,51.97888613,6.842378527,1
02:32:04,2.968,2.968335,51.97300911,6.835008,1
02:32:05,2.968,2.968142,51.96713209,6.828498095,1
02:32:06,2.968,2.968051,51.96125507,6.82239607,1
02:32:07,2.968,2.968006,51.95537806,6.816494,1
02:32:08,2.968,2.967981,51.9495,6.810705364,1
02:32:09,2.968,2.967965,51.94362402,6.804985553,1
02:32:10,2.968,2.967953,51.937747,6.799318641,1
02:32:11,2.968,2.967944,51.93186998,6.793694198,1
02:32:12,2.965,2.967935,51.92599297,6.774681062,1
02:32:13,2.962,2.966289,51.92011595,6.749607623,1
02:32:14,2.961,2.963909,51.91423893,6.730711,1
02:32:15,2.961,2.962293,51.90836191,6.719050556,1
02:32:16,2.961,2.961565,51.90248,6.710647792,1
02:32:17,2.961,2.961235,51.89660788,6.703721732,1
02:32:18,2.961,2.961082,51.89073086,6.697479635,1
02:32:19,2.961,2.96101,51.88485384,6.691561639,1
02:32:20,2.961,2.960972,51.87897682,6.685810536,1
02:32:21,2.96,2.960951,51.8730998,6.675669551,1
02:32:22,2.96,2.960392,51.86722279,6.668038666,1
02:32:23,2.959,2.960136,51.86134577,6.657068431,1
02:32:24,2.957,2.959472,51.85547,6.64010942,1
02:32:25,2.955,2.958078,51.84959173,6.620424241,1
02:32:26,2.954,2.956357,51.84371471,6.60398379,1
02:32:27,2.954,2.955036,51.8378377,6.593464315,1
02:32:28,2.954,2.95444,51.83196068,6.585615128,1
02:32:29,2.954,2.954169,51.82608366,6.578981131,1
02:32:30,2.954,2.954043,51.82020664,6.572911143,1
02:32:31,2.954,2.953982,51.81432962,6.567115337,1
02:32:32,2.953,2.953951,51.80845,6.556971371,1
02:32:33,2.953,2.953387,51.80257559,6.549359858,1
02:32:34,2.953,2.953129,51.79669857,6.542903185,1
02:32:35,2.951,2.95301,51.79082155,6.527996808,1
02:32:36,2.948,2.95186,51.78494453,6.504778564,1
02:32:37,2.947,2.949703,51.77906752,6.48676455,1
02:32:38,2.947,2.948186,51.7731905,6.475564092,1
02:32:39,2.947,2.947503,51.76731348,6.467431039,1
02:32:40,2.947,2.947192,51.76144,6.460691988,1
02:32:41,2.947,2.947049,51.75555944,6.454595923,1
02:32:42,2.946,2.946981,51.74968243,6.444309652,1
02:32:43,2.946,2.9464,51.74380541,6.436637789,1
02:32:44,2.946,2.946136,51.73792839,6.430152804,1
02:32:45,2.945,2.946013,51.73205137,6.419720501,1
02:32:46,2.943,2.945407,51.72617435,6.403016299,1
02:32:47,2.94,2.94404,51.72029734,6.378967315,1
02:32:48,2.939,2.941784,51.71442,6.360568106,1
02:32:49,2.939,2.940224,51.7085433,6.349186599,1
02:32:50,2.939,2.939521,51.70266628,6.340967119,1
02:32:51,2.939,2.939202,51.69678926,6.334181875,1
02:32:52,2.939,2.939055,51.69091225,6.328056753,1
02:32:53,2.939,2.938985,51.68503523,6.32224828,1
02:32:54,2.938,2.938949,51.67915821,6.312099844,1
02:32:55,2.938,2.938383,51.67328119,6.304498762,1
02:32:56,2.938,2.938126,51.6674,6.298056245,1
02:32:57,2.936,2.938006,51.66152716,6.283149123,1
02:32:58,2.933,2.936856,51.65565014,6.259908527,1
02:32:59,2.932,2.934698,51.64977312,6.241884455,1
02:33:00,2.932,2.933181,51.6438961,6.23069033,1
02:33:01,2.932,2.932498,51.63801908,6.22257255,1
02:33:02,2.932,2.932187,51.63214207,6.215852872,1
02:33:03,2.932,2.932045,51.62626505,6.209776551,1
02:33:04,2.932,2.931976,51.62039,6.204007193,1
02:33:05,2.931,2.931942,51.61451101,6.193883717,1
02:33:06,2.931,2.931376,51.608634,6.18631281,1
02:33:07,2.929,2.931118,51.60275698,6.17088601,1
02:33:08,2.927,2.929906,51.59687996,6.151905656,1
02:33:09,2.925,2.928267,51.59100294,6.131299213,1
02:33:10,2.925,2.926435,51.58512592,6.118950993,1
02:33:11,2.925,2.925611,51.57924891,6.110318005,1
02:33:12,2.925,2.925238,51.57337,6.103365496,1
02:33:13,2.925,2.925067,51.56749487,6.097183749,1
02:33:14,2.925,2.924987,51.56161785,6.091366336,1
02:33:15,2.924,2.924946,51.55574083,6.08122088,1
02:33:16,2.924,2.924378,51.54986382,6.073637307,1
02:33:17,2.923,2.92412,51.5439868,6.062708795,1
02:33:18,2.92,2.923454,51.53810978,6.041242927,1
02:33:19,2.917,2.921512,51.53223276,6.015003,1
02:33:20,2.917,2.918999,51.52636,6.000106782,1
02:33:21,2.917,2.91787,51.52047873,5.990307033,1
02:33:22,2.917,2.91736,51.51460171,5.982805416,1
02:33:23,2.917,2.917128,51.50872469,5.976353213,1
02:33:24,2.917,2.91702,51.50284767,5.970387161,1
02:33:25,2.917,2.916967,51.49697065,5.964659154,1
02:33:26,2.916,2.91694,51.49109364,5.954538658,1
02:33:27,2.913,2.916377,51.48521662,5.933408439,1
02:33:28,2.91,2.914482,51.47934,5.907291174,1
02:33:29,2.91,2.911989,51.47346258,5.892433599,1
02:33:30,2.91,2.910869,51.46758556,5.882634595,1
02:33:31,2.91,2.910363,51.46170855,5.875116959,1
02:33:32,2.91,2.910133,51.45583153,5.868638679,1
02:33:33,2.91,2.910026,51.44995451,5.862644687,1
02:33:34,2.91,2.909974,51.44407749,5.856885388,1
02:33:35,2.909,2.909946,51.43820047,5.846733972,1
02:33:36,2.908,2.909384,51.43232,5.834604427,1
02:33:37,2.906,2.908582,51.42644644,5.817057565,1
02:33:38,2.903,2.907125,51.42056942,5.792536959,1
02:33:39,2.903,2.90483,51.4146924,5.778394267,1
02:33:40,2.903,2.903797,51.40881538,5.768914893,1
02:33:41,2.903,2.903331,51.40293837,5.761541799,1
02:33:42,2.903,2.903118,51.39706135,5.755130947,1
02:33:43,2.903,2.903019,51.39118433,5.749169365,1
02:33:44,2.902,2.902971,51.38531,5.738903582,1
02:33:45,2.902,2.902399,51.37943029,5.731225386,1
02:33:46,2.899,2.902138,51.37355328,5.71115315,1
02:33:47,2.896,2.900378,51.36767626,5.685472,1
02:33:48,2.896,2.897946,51.36179924,5.670796707,1
02:33:49,2.896,2.896853,51.35592222,5.661063269,1
02:33:50,2.896,2.896359,51.3500452,5.653561279,1
02:33:51,2.896,2.896135,51.34416819,5.647075549,1
02:33:52,2.896,2.89603,51.33829,5.641064048,1
02:33:53,2.895,2.895979,51.33241415,5.630759522,1
02:33:54,2.895,2.895406,51.32653713,5.623047799,1
02:33:55,2.892,2.895145,51.32066011,5.602934584,1
02:33:56,2.889,2.893385,51.3147831,5.577211827,1
02:33:57,2.888,2.890952,51.30890608,5.557978526,1
02:33:58,2.888,2.889313,51.30302906,5.54616563,1
02:33:59,2.888,2.888574,51.29715204,5.537693202,1
02:34:00,2.888,2.88824,51.29128,5.530733615,1
02:34:01,2.888,2.888086,51.28539801,5.52446954,1
02:34:02,2.887,2.888013,51.27952099,5.514007807,1
02:34:03,2.886,2.88743,51.27364397,5.501658842,1
02:34:04,2.883,2.886618,51.26776695,5.479403213,1
02:34:05,2.881,2.88461,51.26188993,5.457184091,1
02:34:06,2.881,2.882614,51.25601292,5.444005877,1
02:34:07,2.881,2.881716,51.2501359,5.434889346,1
02:34:08,2.881,2.88131,51.24426,5.427611247,1
02:34:09,2.881,2.881124,51.23838186,5.421174318,1
02:34:10,2.88,2.881037,51.23250484,5.410601944,1
02:34:11,2.88,2.880447,51.22662783,5.402699858,1
02:34:12,2.878,2.880179,51.22075081,5.386954919,1
02:34:13,2.875,2.878962,51.21487379,5.363133177,1
02:34:14,2.874,2.876772,51.20899677,5.344703048,1
02:34:15,2.874,2.875241,51.20311975,5.333207175,1
02:34:16,2.874,2.874552,51.19724,5.324833468,1
02:34:17,2.874,2.874239,51.19136572,5.317876115,1
02:34:18,2.874,2.874095,51.1854887,5.311570689,1
02:34:19,2.873,2.874026,51.17961168,5.301045626,1
02:34:20,2.871,2.873445,51.17373466,5.28408885,1
02:34:21,2.867,2.872087,51.16785765,5.255160108,1
02:34:22,2.866,2.869288,51.16198063,5.234386772,1
02:34:23,2.866,2.867484,51.15610361,5.221788958,1
02:34:24,2.866,2.866671,51.15023,5.21287173,1
02:34:25,2.866,2.866304,51.14434958,5.205618218,1
02:34:26,2.866,2.866135,51.13847256,5.199129507,1
02:34:27,2.866,2.866055,51.13259554,5.193001032,1
02:34:28,2.864,2.866016,51.12671852,5.177983269,1
02:34:29,2.86,2.864901,51.1208415,5.149884894,1
02:34:30,2.859,2.86221,51.11496449,5.129456893,1
02:34:31,2.859,2.860455,51.10908747,5.116987601,1
02:34:32,2.859,2.859664,51.10321,5.108102411,1
02:34:33,2.859,2.859306,51.09733343,5.100838467,1
02:34:34,2.858,2.859142,51.09145641,5.089787766,1
02:34:35,2.858,2.858517,51.0855794,5.081565678,1
02:34:36,2.854,2.858234,51.07970238,5.056490377,1
02:34:37,2.852,2.855915,51.07382536,5.03286235,1
02:34:38,2.852,2.853779,51.06794834,5.018919706,1
02:34:39,2.852,2.852818,51.06207132,5.009332299,1
02:34:40,2.852,2.852384,51.05619,5.00171259,1
02:34:41,2.852,2.852186,51.05031729,4.994990677,1
02:34:42,2.851,2.852093,51.04444027,4.984158278,1
02:34:43,2.85,2.851501,51.03856325,4.971474782,1
02:34:44,2.845,2.850685,51.03268623,4.939810932,1
02:34:45,2.845,2.847581,51.02680922,4.922230542,1
02:34:46,2.845,2.846187,51.0209322,4.910972714,1
02:34:47,2.845,2.845558,51.01505518,4.902564362,1
02:34:48,2.845,2.845273,51.00918,4.895449802,1
02:34:49,2.844,2.845141,51.00330114,4.884397611,1
02:34:50,2.844,2.844531,50.99742413,4.876112193,1
02:34:51,2.839,2.844254,50.99154711,4.84639816,1
02:34:52,2.837,2.841391,50.98567009,4.820601642,1
02:34:53,2.837,2.839011,50.97979307,4.805602878,1
02:34:54,2.837,2.837941,50.97391605,4.795457795,1
02:34:55,2.837,2.837458,50.96803904,4.787503928,1
02:34:56,2.836,2.837238,50.96216,4.77601476,1
02:34:57,2.836,2.836588,50.956285,4.767470807,1
02:34:58,2.833,2.836293,50.95040798,4.74665314,1
02:34:59,2.83,2.834516,50.94453096,4.72028479,1
02:35:00,2.83,2.832075,50.93865395,4.704992846,1
02:35:01,2.83,2.830978,50.93277693,4.69468087,1
02:35:02,2.83,2.830482,50.92689991,4.686615244,1
02:35:03,2.829,2.830256,50.92102289,4.675037786,1
02:35:04,2.828,2.829604,50.91515,4.661882669,1
02:35:05,2.824,2.828761,50.90926886,4.634394497,1
02:35:06,2.823,2.826191,50.90339184,4.614037275,1
02:35:07,2.823,2.82449,50.89751482,4.601402953,1
02:35:08,2.823,2.823723,50.8916378,4.592245445,1
02:35:09,2.822,2.823376,50.88576078,4.580125213,1
02:35:10,2.822,2.82267,50.87988377,4.571211,1
02:35:11,2.82,2.822349,50.87400675,4.554671422,1
02:35:12,2.816,2.821107,50.86813,4.525610059,1
02:35:13,2.815,2.818359,50.86225271,4.504489154,1
02:35:14,2.815,2.816577,50.85637569,4.491456226,1
02:35:15,2.815,2.815774,50.85049868,4.482065514,1
02:35:16,2.814,2.815411,50.84462166,4.469781741,1
02:35:17,2.814,2.814697,50.83874464,4.460739717,1
02:35:18,2.81,2.814373,50.83286762,4.435008019,1
02:35:19,2.808,2.812036,50.8269906,4.410812631,1
02:35:20,2.808,2.809891,50.82111,4.396352917,1
02:35:21,2.808,2.808926,50.81523657,4.386274144,1
02:35:22,2.808,2.80849,50.80935955,4.378174618,1
02:35:23,2.807,2.80829,50.80348253,4.366440699,1
02:35:24,2.804,2.80765,50.79760551,4.343989119,1
02:35:25,2.801,2.805717,50.7917285,4.316690564,1
02:35:26,2.801,2.803206,50.78585148,4.300796613,1
02:35:27,2.8,2.802078,50.77997446,4.285485297,1
02:35:28,2.8,2.801021,50.7741,4.274972528,1
02:35:29,2.796,2.800543,50.76822042,4.248465225,1
02:35:30,2.794,2.798137,50.76234341,4.223807529,1
02:35:31,2.794,2.795961,50.75646639,4.209030792,1
02:35:32,2.794,2.794982,50.75058937,4.198698327,1
02:35:33,2.794,2.794539,50.74471235,4.190375656,1
02:35:34,2.793,2.794337,50.73883533,4.178427905,1
02:35:35,2.793,2.793695,50.73295832,4.169394821,1
02:35:36,2.787,2.793403,50.72708,4.134438932,1
02:35:37,2.786,2.789985,50.72120428,4.110461846,1
02:35:38,2.786,2.787903,50.71532726,4.095942155,1
02:35:39,2.786,2.786966,50.70945024,4.085678607,1
02:35:40,2.785,2.786542,50.70357323,4.072796181,1
02:35:41,2.784,2.785801,50.69769621,4.058739915,1
02:35:42,2.779,2.784918,50.69181919,4.025977477,1
02:35:43,2.779,2.781782,50.68594217,4.007462785,1
02:35:44,2.779,2.780373,50.68007,3.995350003,1
02:35:45,2.778,2.779738,50.67418814,3.981580958,1
02:35:46,2.778,2.778902,50.66831112,3.971607238,1
02:35:47,2.773,2.778523,50.6624341,3.940651938,1
02:35:48,2.772,2.775614,50.65655708,3.918351606,1
02:35:49,2.772,2.773759,50.65068007,3.904483095,1
02:35:50,2.771,2.772923,50.64480305,3.889868408,1
02:35:51,2.771,2.771998,50.63892603,3.879456222,1
02:35:52,2.766,2.771579,50.63305,3.848228604,1
02:35:53,2.764,2.768651,50.62717199,3.821218386,1
02:35:54,2.764,2.766241,50.62129498,3.805161,1
02:35:55,2.764,2.765157,50.61541796,3.794026,1
02:35:56,2.763,2.764667,50.60954094,3.780578077,1
02:35:57,2.762,2.763896,50.60366392,3.766084462,1
02:35:58,2.757,2.763,50.5977869,3.732942417,1
02:35:59,2.757,2.759857,50.59190989,3.714083508,1
02:36:00,2.756,2.758445,50.58603,3.697096929,1
02:36:01,2.756,2.757261,50.58015585,3.685486689,1
02:36:02,2.755,2.756727,50.57427883,3.671763465,1
02:36:03,2.75,2.755935,50.56840181,3.6389146,1
02:36:04,2.75,2.75284,50.5625248,3.62013,1
02:36:05,2.75,2.75145,50.55664778,3.607665375,1
02:36:06,2.749,2.750822,50.55077076,3.593506292,1
02:36:07,2.747,2.749989,50.54489374,3.574040532,1
02:36:08,2.742,2.748518,50.53902,3.538535163,1
02:36:09,2.742,2.745117,50.53313971,3.518489376,1
02:36:10,2.742,2.74359,50.52726269,3.505386412,1
02:36:11,2.742,2.742902,50.52138567,3.495411947,1
02:36:12,2.736,2.742589,50.51550865,3.45957987,1
02:36:13,2.735,2.73916,50.50963163,3.434791043,1
02:36:14,2.735,2.737072,50.50375462,3.419493511,1
02:36:15,2.734,2.736133,50.4978776,3.403918073,1
02:36:16,2.734,2.73516,50.492,3.392766789,1
02:36:17,2.728,2.73472,50.48612356,3.356333077,1
02:36:18,2.728,2.731235,50.48024654,3.335750476,1
02:36:19,2.728,2.729669,50.47436953,3.322287276,1
02:36:20,2.727,2.728963,50.46849251,3.307482228,1
02:36:21,2.723,2.728095,50.46261549,3.278433904,1
02:36:22,2.721,2.725512,50.45673847,3.252037987,1
02:36:23,2.721,2.723256,50.45086145,3.235902637,1
02:36:24,2.72,2.72224,50.44498,3.219834715,1
02:36:25,2.718,2.721234,50.43910742,3.199248016,1
02:36:26,2.713,2.719683,50.4332304,3.162967041,1
02:36:27,2.713,2.716248,50.42735338,3.142316267,1
02:36:29,2.713,2.714704,50.42147636,3.128686547,1
02:36:29,2.712,2.714008,50.41559935,3.11367549,1
02:36:30,2.706,2.713144,50.40972233,3.075293452,1
02:36:31,2.706,2.709469,50.40384531,3.053635545,1
02:36:32,2.706,2.707818,50.39797,3.039488941,1
02:36:33,2.705,2.707073,50.39209127,3.024179,1
02:36:34,2.699,2.706187,50.38621426,2.985571325,1
02:36:35,2.699,2.702502,50.38033724,2.963764407,1
02:36:36,2.699,2.700846,50.37446022,2.949482016,1
02:36:37,2.697,2.7001,50.3685832,2.929504961,1
02:36:38,2.691,2.698666,50.36270618,2.888740599,1
02:36:39,2.691,2.694735,50.35682917,2.865866758,1
02:36:40,2.691,2.692969,50.35095,2.851029485,1
02:36:41,2.688,2.692173,50.34507513,2.826157771,1
02:36:42,2.684,2.69017,50.33919811,2.792193741,1
02:36:43,2.684,2.687078,50.33332109,2.77230572,1
02:36:44,2.683,2.685688,50.32744408,2.754194662,1
02:36:45,2.677,2.684513,50.32156706,2.714111097,1
02:36:46,2.677,2.680698,50.31569004,2.691399865,1
02:36:47,2.676,2.678984,50.30981302,2.671940252,1
02:36:48,2.673,2.677663,50.30394,2.644829825,1
02:36:49,2.67,2.675425,50.29805899,2.614248358,1
02:36:50,2.67,2.672775,50.29218197,2.595735155,1
02:36:51,2.668,2.671583,50.28630495,2.573542669,1
02:36:52,2.662,2.669949,50.28042793,2.531461976,1
02:36:53,2.662,2.665928,50.27455091,2.507684566,1
02:36:54,2.661,2.664122,50.2686739,2.487585135,1
02:36:55,2.655,2.66276,50.26279688,2.446377464,1
02:36:56,2.655,2.65886,50.25692,2.422920987,1
02:36:57,2.654,2.657108,50.25104284,2.402885631,1
02:36:58,2.648,2.655771,50.24516582,2.36160811,1
02:36:59,2.648,2.651882,50.23928881,2.338045649,1
02:37:00,2.647,2.650135,50.23341179,2.317885309,1
02:37:01,2.64,2.648799,50.22753477,2.271905541,1
02:37:02,2.64,2.644364,50.22165775,2.246139757,1
02:37:03,2.639,2.642372,50.21578074,2.224896289,1
02:37:04,2.633,2.640927,50.2099,2.182889357,1
02:37:05,2.633,2.63699,50.2040267,2.158827521,1
02:37:06,2.629,2.635221,50.19814968,2.124592476,1
02:37:07,2.626,2.632233,50.19227266,2.090298757,1
02:37:08,2.625,2.629247,50.18639565,2.065059356,1
02:37:09,2.619,2.627356,50.18051863,2.021077648,1
02:37:10,2.619,2.623219,50.17464161,1.99596025,1
02:37:11,2.615,2.621361,50.16876459,1.961074956,1
02:37:12,2.611,2.618333,50.16289,1.921753213,1
02:37:13,2.61,2.614781,50.15701056,1.894065924,1
02:37:14,2.604,2.612637,50.15113354,1.848785765,1
02:37:15,2.604,2.608386,50.14525652,1.822898,1
02:37:16,2.598,2.606477,50.1393795,1.77834183,1
02:37:17,2.597,2.60233,50.13350248,1.748140901,1
02:37:18,2.593,2.599921,50.12762547,1.710679941,1
02:37:19,2.589,2.596645,50.12174845,1.669905335,1
02:37:20,2.589,2.592982,50.11587,1.645849086,1
02:37:21,2.582,2.591336,50.10999441,1.597345,1
02:37:22,2.581,2.58676,50.10411739,1.565166749,1
02:37:23,2.575,2.584157,50.09824038,1.51746748,1
02:37:24,2.574,2.5797,50.09236336,1.485533826,1
02:37:25,2.568,2.577151,50.08648634,1.437867433,1
02:37:26,2.567,2.572718,50.08060932,1.405870356,1
02:37:27,2.56,2.570179,50.0747323,1.35347778,1
02:37:28,2.56,2.565203,50.06886,1.323820092,1
02:37:29,2.553,2.562968,50.06297827,1.272373926,1
02:37:30,2.552,2.558128,50.05710125,1.238476485,1
02:37:31,2.546,2.555406,50.05122423,1.189578604,1
02:37:32,2.545,2.550897,50.04534721,1.156727131,1
02:37:33,2.538,2.548323,50.0394702,1.103617717,1
02:37:34,2.536,2.543331,50.03359318,1.064191572,1
02:37:35,2.531,2.539994,50.02771616,1.017143391,1
02:37:36,2.525,2.535755,50.02184,0.962019525,1
02:37:37,2.524,2.530565,50.01596212,0.926073734,1
02:37:38,2.517,2.527687,50.01008511,0.871237554,1
02:37:39,2.515,2.522559,50.00420809,0.830721017,1
02:37:40,2.509,2.51916,49.99833107,0.778272655,1
02:37:41,2.502,2.514346,49.99245405,0.71578268,1
02:37:42,2.501,2.508351,49.98657703,0.676187547,1
02:37:43,2.499,2.505112,49.98070002,0.642268499,1
02:37:44,2.499,2.502559,49.97482,0.620056735,1
