Timestamp,V_Meas(Avg),V_Pred(EKF),SoC_CC(%),SoC_EKF(%),dt
10:54:31,2.487,2.655,0,0,1
10:54:32,2.487,2.652427,0,0,1
10:54:33,2.517,2.687634,0.006677814,0,1
10:54:34,2.531,2.695663,0.013355628,0,1
10:54:35,2.545,2.704975,0.020033443,0,1
10:54:36,2.553,2.714598,0.026711257,0,1
10:54:37,2.56,2.724426,0.033389073,0,1
10:54:38,2.568,2.734313,0.040066888,0,1
10:54:39,2.575,2.7441,0.046744704,0,1
10:54:40,2.582,2.753793,0.05342252,0,1
10:54:41,2.589,2.763363,0.060100335,0,1
10:54:42,2.597,2.772793,0.066778151,0,1
10:54:43,2.603,2.782014,0.073455967,0,1
10:54:44,2.61,2.791124,0.080133782,0,1
10:54:45,2.611,2.800062,0.086811598,0,1
10:54:46,2.619,2.809125,0.093489414,0,1
10:54:47,2.625,2.817956,0.100167224,0,1
10:54:48,2.629,2.826645,0.106845039,0,1
10:54:49,2.633,2.835281,0.113522855,0,1
10:54:50,2.64,2.843855,0.120200671,0,1
10:54:51,2.645,2.852224,0.126878486,0,1
10:54:52,2.648,2.860469,0.133556302,0,1
10:54:53,2.654,2.868674,0.140234118,0,1
10:54:54,2.655,2.876701,0.146911934,0,1
10:54:55,2.662,2.884755,0.153589749,0,1
10:54:56,2.668,2.892581,0.160267565,0,1
10:54:57,2.67,2.900214,0.166945381,0,1
10:54:58,2.676,2.907808,0.173623196,0,1
10:54:59,2.677,2.915199,0.180301012,0,1
10:55:00,2.683,2.922575,0.186978828,0,1
10:55:01,2.684,2.929742,0.193656643,0,1
10:55:02,2.691,2.936877,0.200334447,0,1
10:55:03,2.691,2.943762,0.207012263,0,1
10:55:04,2.699,2.950635,0.213690079,0,1
10:55:05,2.701,2.957219,0.220367895,0,1
10:55:06,2.706,2.963711,0.22704571,0,1
10:55:07,2.706,2.970008,0.233723526,0,1
10:55:08,2.713,2.976268,0.240401342,0,1
10:55:09,2.713,2.982265,0.247079157,0,1
10:55:10,2.721,2.988213,0.253756973,0,1
10:55:11,2.721,2.993866,0.260434789,0,1
10:55:12,2.727,2.99946,0.267112604,0,1
10:55:13,2.728,3.004817,0.27379042,0,1
10:55:14,2.734,3.010076,0.280468236,0,1
10:55:15,2.735,3.015097,0.287146051,0,1
10:55:16,2.735,3.020015,0.293823867,0,1
10:55:17,2.742,3.024851,0.300501683,0,1
10:55:18,2.742,3.029423,0.307179498,0,1
10:55:19,2.749,3.033908,0.313857314,0,1
10:55:20,2.75,3.03813,0.32053513,0,1
10:55:21,2.75,3.042235,0.327212946,0,1
10:55:22,2.756,3.046246,0.333890761,0,1
10:55:23,2.757,3.05002,0.340568577,0,1
10:55:25,2.758,3.053674,0.347246393,0,1
10:55:25,2.763,3.057205,0.353924208,0,1
10:55:26,2.764,3.060525,0.360602024,0,1
10:55:27,2.766,3.063722,0.36727984,0,1
10:55:28,2.771,3.066772,0.373957655,0,1
10:55:29,2.772,3.069618,0.380635471,0,1
10:55:30,2.774,3.072337,0.387313287,0,1
10:55:32,2.779,3.074913,0.393991079,0,1
10:55:33,2.779,3.077288,0.400668895,0,1
10:55:34,2.78,3.079557,0.407346711,0,1
10:55:34,2.786,3.081702,0.414024526,0,1
10:55:35,2.786,3.083635,0.420702342,0,1
10:55:37,2.787,3.085464,0.427380158,0,1
10:55:37,2.793,3.087171,0.434057973,0,1
10:55:38,2.794,3.088675,0.440735789,0,1
10:55:39,2.794,3.09006,0.447413605,0,1
10:55:40,2.795,3.091344,0.45409142,0,1
10:55:41,2.8,3.092511,0.460769,0,1
10:55:42,2.801,3.093503,0.467447052,0,1
10:55:43,2.805,3.094381,0.474124867,0,1
10:55:44,2.807,3.095106,0.480802683,0,1
10:55:45,2.808,3.095707,0.487480499,0,1
10:55:46,2.808,3.096201,0.494158315,0,1
10:55:47,2.814,3.096603,0.50083613,0,1
10:55:48,2.815,3.096836,0.507513946,0,1
10:55:49,2.815,3.096968,0.514191762,0,1
10:55:50,2.816,3.097013,0.520869577,0,1
10:55:51,2.822,3.09696,0.527547393,0,1
10:55:52,2.823,3.096754,0.534225209,0,1
10:55:53,2.823,3.096455,0.540903024,0,1
10:55:54,2.825,3.096078,0.54758084,0,1
10:55:55,2.829,3.095601,0.554258656,0,1
10:55:56,2.83,3.095007,0.560936471,0,1
10:55:57,2.83,3.09433,0.567614287,0,1
10:55:58,2.834,3.093582,0.574292103,0,1
10:55:59,2.836,3.092727,0.580969919,0,1
10:56:00,2.837,3.091786,0.587647734,0,1
10:56:01,2.837,3.090771,0.59432555,0,1
10:56:02,2.839,3.089694,0.601003366,0,1
10:56:03,2.844,3.088539,0.607681181,0,1
10:56:04,2.845,3.087284,0.614358997,0,1
10:56:05,2.845,3.085964,0.621036813,0,1
10:56:06,2.845,3.084591,0.627714628,0,1
10:56:07,2.851,3.083167,0.634392444,0,1
10:56:08,2.852,3.081647,0.64107026,0,1
10:56:09,2.852,3.080073,0.647748075,0,1
10:56:10,2.852,3.078454,0.654425891,0,1
10:56:11,2.856,3.076791,0.661103707,0,1
10:56:12,2.859,3.075059,0.667781522,0,1
10:56:13,2.859,3.07327,0.674459,0,1
10:56:14,2.859,3.071443,0.681137154,0,1
10:56:15,2.86,3.069581,0.68781497,0,1
10:56:16,2.866,3.067679,0.694492785,0,1
10:56:17,2.866,3.065711,0.701170601,0,1
10:56:18,2.866,3.063715,0.707848417,0,1
10:56:19,2.866,3.06169,0.714526232,0,1
10:56:20,2.871,3.059639,0.721204048,0,1
10:56:21,2.873,3.057538,0.727881864,0,1
10:56:22,2.874,3.055405,0.734559679,0,1
10:56:23,2.874,3.053247,0.741237495,0,1
10:56:24,2.874,3.05107,0.747915311,0,1
10:56:26,2.88,3.048876,0.754593126,0,1
10:56:27,2.88,3.04664,0.761270942,0,1
10:56:27,2.881,3.04439,0.767948758,0,1
10:56:28,2.881,3.042123,0.774626574,0,1
10:56:29,2.881,3.039845,0.781304389,0,1
10:56:30,2.886,3.037556,0.787982158,0,1
10:56:31,2.887,3.035242,0.794659927,0,1
10:56:32,2.887,3.032917,0.801337697,0,1
10:56:33,2.888,3.030586,0.808015,0,1
10:56:34,2.888,3.028247,0.814693235,0,1
10:56:36,2.893,3.025904,0.821371004,0,1
10:56:36,2.895,3.023545,0.828048773,0,1
10:56:37,2.896,3.021179,0.834726542,0,1
10:56:38,2.896,3.018811,0.841404311,0,1
10:56:40,2.896,3.016445,0.84808208,0,1
10:56:40,2.897,3.01408,0.85475985,0,1
10:56:41,2.902,3.011716,0.861438,0,1
10:56:42,2.903,3.009346,0.868115388,0,1
10:56:44,2.903,3.006979,0.874793157,0,1
10:56:45,2.903,3.004618,0.881470926,0,1
10:56:45,2.903,3.002263,0.888148695,0,1
10:56:46,2.909,2.999916,0.894826464,0,1
10:56:47,2.909,2.997569,0.901504233,0,1
10:56:49,2.91,2.99523,0.908182003,0,1
10:56:49,2.91,2.9929,0.91486,0,1
10:56:50,2.91,2.990581,0.921537541,0,1
10:56:51,2.91,2.988273,0.92821531,0,1
10:56:53,2.916,2.985976,0.934893079,0,1
10:56:53,2.917,2.983687,0.941570848,0,1
10:56:54,2.917,2.98141,0.948248617,0,1
10:56:55,2.917,2.979146,0.954926386,0,1
10:56:57,2.917,2.976897,0.961604156,0,1
10:56:58,2.919,2.974662,0.968282,0,1
10:56:58,2.924,2.972441,0.974959694,0,1
10:56:59,2.925,2.970233,0.981637463,0,1
10:57:00,2.925,2.968042,0.988315232,0,1
10:57:02,2.925,2.965867,0.994993001,0,1
10:57:02,2.925,2.963709,1.00167077,0,1
10:57:03,2.927,2.961567,1.008348539,0,1
10:57:04,2.931,2.959443,1.015026309,0,1
10:57:06,2.931,2.957337,1.021704,0,1
10:57:07,2.932,2.955249,1.028381847,0,1
10:57:07,2.932,2.95318,1.035059616,0,1
10:57:08,2.932,2.951129,1.041737385,0,1
10:57:10,2.933,2.949097,1.048415154,0,1
10:57:11,2.938,2.947083,1.055092923,0,1
10:57:11,2.938,2.945092,1.061770692,0,1
10:57:12,2.939,2.94312,1.068448462,0,1
10:57:14,2.939,2.941168,1.075126231,0,1
10:57:15,2.939,2.939236,1.081804,0.005066843,1
10:57:15,2.939,2.937714,1.088481769,0.020519375,1
10:57:16,2.942,2.937013,1.095159538,0.061227829,1
10:57:17,2.946,2.938282,1.101837307,0.120562932,1
10:57:19,2.946,2.941009,1.108515076,0.16128791,1
10:57:20,2.947,2.942313,1.115192845,0.199937331,1
10:57:20,2.947,2.943473,1.121870615,0.230670534,1
10:57:22,2.947,2.944037,1.128548,0.257559028,1
10:57:23,2.947,2.944319,1.135226153,0.282518868,1
10:57:24,2.952,2.944468,1.141903922,0.340550207,1
10:57:24,2.953,2.947193,1.148581691,0.386818,1
10:57:25,2.954,2.949022,1.15525946,0.427428586,1
10:57:27,2.954,2.950429,1.161937229,0.458449451,1
10:57:28,2.954,2.951108,1.168614998,0.48483843,1
10:57:29,2.954,2.951444,1.175292768,0.508937798,1
10:57:29,2.954,2.951617,1.181970537,0.531852804,1
10:57:31,2.959,2.951714,1.188648306,0.588176958,1
10:57:32,2.96,2.954412,1.195326075,0.632924493,1
10:57:33,2.961,2.956228,1.202003844,0.672112172,1
10:57:33,2.961,2.957627,1.208681613,0.701766694,1
10:57:34,2.961,2.958302,1.215359382,0.726823416,1
10:57:36,2.961,2.958635,1.222037151,0.749613,1
10:57:38,2.967,2.9589,1.235393,0.833078381,1
10:57:38,2.968,2.962124,1.242070459,0.87977238,1
10:57:41,2.968,2.965173,1.255425997,0.938342791,1
10:57:42,2.968,2.965652,1.262103766,0.961003825,1
10:57:43,2.968,2.966018,1.275459304,1.002208423,1
10:57:45,2.969,2.96609,1.282137074,1.028691232,1
10:57:46,2.975,2.966665,1.288814843,1.092099492,1
10:57:46,2.975,2.970114,1.295492612,1.132029667,1
10:57:47,2.976,2.971755,1.302170381,1.167599764,1
10:57:49,2.976,2.973068,1.30884815,1.194226928,1
10:57:50,2.976,2.973701,1.315525919,1.216550451,1
10:57:51,2.976,2.974012,1.322203688,1.236758,1
10:57:51,2.977,2.974171,1.328881457,1.262683794,1
10:57:53,2.981,2.974785,1.335559227,1.311645191,1
10:57:54,2.982,2.977197,1.342237,1.350997388,1
10:57:55,2.983,2.978875,1.348914765,1.385736931,1
10:57:55,2.983,2.980206,1.355592534,1.411422156,1
10:57:56,2.983,2.980845,1.362270303,1.432759,1
10:57:58,2.983,2.981158,1.368948072,1.451961789,1
10:57:59,2.983,2.981318,1.375625841,1.470081229,1
10:57:59,2.984,2.981405,1.38230361,1.494408678,1
10:58:00,2.989,2.981984,1.38898138,1.548799034,1
10:58:02,2.989,2.984906,1.395659149,1.583314687,1
10:58:03,2.989,2.986296,1.402336918,1.608377323,1
10:58:04,2.99,2.986963,1.409014687,1.63570568,1
10:58:04,2.99,2.987816,1.415692456,1.657233,1
10:58:06,2.99,2.98823,1.422370225,1.675948128,1
10:58:07,2.99,2.988435,1.429047994,1.693265885,1
10:58:08,2.991,2.988543,1.435725763,1.716646925,1
10:58:08,2.996,2.989132,1.442403533,1.770017296,1
10:58:10,2.997,2.992057,1.449081,1.810295135,1
10:58:11,2.997,2.993976,1.455759071,1.837531477,1
10:58:12,2.998,2.994891,1.46243684,1.865344122,1
10:58:13,2.998,2.995861,1.469114609,1.886565052,1
10:58:13,2.998,2.996328,1.475792378,1.904607564,1
10:58:15,2.998,2.996559,1.482470147,1.921082661,1
10:58:16,2.998,2.996678,1.489147916,1.93674881,1
10:58:17,2.999,2.996744,1.495825686,1.95876155,1
10:58:17,3.003,2.997312,1.502503455,2.004094608,1
10:58:19,3.004,2.9997,1.509181224,2.039995044,1
10:58:20,3.005,3.001364,1.515858993,2.071382292,1
10:58:21,3.005,3.002685,1.522536762,2.093788423,1
10:58:21,3.005,3.003318,1.529214531,2.111892588,1
10:58:23,3.005,3.003626,1.5358923,2.127903327,1
10:58:24,3.005,3.003781,1.542570069,2.142862417,1
10:58:25,3.006,3.003863,1.549247839,2.164059691,1
10:58:26,3.009,3.004439,1.555926,2.201722562,1
10:58:27,3.011,3.006302,1.562603377,2.240319364,1
10:58:28,3.012,3.008245,1.569281146,2.272508852,1
10:58:29,3.012,3.009698,1.575958915,2.294825576,1
10:58:30,3.012,3.010393,1.582636684,2.312423475,1
10:58:30,3.012,3.010729,1.589314453,2.327737398,1
10:58:32,3.012,3.010897,1.595992222,2.341910824,1
10:58:33,3.012,3.010984,1.602669992,2.355488017,1
10:58:34,3.012,3.011035,1.609347761,2.368723229,1
10:58:35,3.017,3.011067,1.61602553,2.415703796,1
10:58:36,3.019,3.013728,1.622703299,2.458189614,1
10:58:37,3.019,3.016046,1.629381068,2.484927326,1
10:58:38,3.02,3.017148,1.636058837,2.510976419,1
10:58:39,3.02,3.018204,1.642736606,2.529851161,1
10:58:40,3.02,3.018711,1.649414375,2.545287833,1
10:58:41,3.02,3.018958,1.656092145,2.559045143,1
10:58:42,3.02,3.019083,1.66277,2.571955509,1
10:58:43,3.02,3.01915,1.669447683,2.584410645,1
10:58:44,3.024,3.019189,1.676125452,2.623758651,1
10:58:45,3.026,3.021326,1.682803221,2.662179992,1
10:58:46,3.026,3.023396,1.68948099,2.686540224,1
10:58:47,3.027,3.024381,1.696158759,2.711005323,1
10:58:48,3.027,3.025381,1.702836528,2.728681453,1
10:58:49,3.027,3.02586,1.709514298,2.743103169,1
10:58:50,3.027,3.026094,1.716192067,2.755934745,1
10:58:51,3.027,3.026212,1.722869836,2.767964825,1
10:58:52,3.027,3.026275,1.729547605,2.779564261,1
10:58:53,3.027,3.026313,1.736225374,2.790910937,1
10:58:54,3.03,3.026338,1.742903143,2.822457999,1
10:58:55,3.032,3.027939,1.749580912,2.856706455,1
10:58:56,3.033,3.029757,1.756258681,2.885410003,1
10:58:57,3.034,3.031149,1.762936451,2.911445498,1
10:58:58,3.034,3.032341,1.769614,2.929391712,1
10:58:59,3.034,3.03291,1.776291989,2.943472005,1
10:59:00,3.034,3.033185,1.782969758,2.955682576,1
10:59:01,3.034,3.033322,1.789647527,2.966962382,1
10:59:02,3.034,3.033395,1.796325296,2.977751568,1
10:59:03,3.037,3.033435,1.803003065,3.008633107,1
10:59:04,3.04,3.035043,1.809680834,3.048960678,1
10:59:05,3.04,3.037392,1.816358604,3.073346242,1
10:59:06,3.04,3.038506,1.823036373,3.090167791,1
10:59:07,3.041,3.039038,1.829714142,3.110164963,1
10:59:08,3.041,3.039824,1.836391911,3.124830313,1
10:59:09,3.041,3.040201,1.84306968,3.136935085,1
10:59:10,3.041,3.040385,1.849747449,3.147787228,1
10:59:11,3.041,3.040479,1.856425218,3.158001602,1
10:59:12,3.041,3.04053,1.863102987,3.167871013,1
10:59:13,3.042,3.04056,1.869780757,3.18432115,1
10:59:14,3.047,3.041109,1.876459,3.23099345,1
10:59:15,3.048,3.044011,1.883136295,3.264750913,1
10:59:16,3.048,3.045914,1.889814064,3.285591677,1
10:59:17,3.049,3.046818,1.896491833,3.307082877,1
10:59:18,3.049,3.047777,1.903169602,3.322060034,1
10:59:19,3.049,3.048236,1.909847371,3.333923221,1
10:59:20,3.049,3.048459,1.91652514,3.344273195,1
10:59:21,3.049,3.04857,1.92320291,3.353865817,1
10:59:22,3.049,3.048629,1.929880679,3.363063559,1
10:59:23,3.049,3.048663,1.936558448,3.372029588,1
10:59:24,3.052,3.048684,1.943236217,3.401212767,1
10:59:25,3.055,3.050283,1.949913986,3.43990624,1
10:59:26,3.055,3.052626,1.956591755,3.462700546,1
10:59:27,3.055,3.053736,1.963269524,3.477956727,1
10:59:28,3.056,3.054266,1.969947293,3.496405855,1
10:59:29,3.056,3.055049,1.976625063,3.509538993,1
10:59:30,3.056,3.055424,1.983303,3.520124778,1
10:59:31,3.056,3.055607,1.989980601,3.529471,1
10:59:32,3.056,3.055699,1.99665837,3.538192809,1
10:59:33,3.056,3.055748,2.003336139,3.546581045,1
10:59:34,3.056,3.055776,2.010013908,3.554776683,1
10:59:35,3.059,3.055796,2.016691677,3.583200276,1
10:59:36,3.062,3.057392,2.023369446,3.621149808,1
10:59:37,3.062,3.059734,2.030047216,3.643209487,1
10:59:38,3.062,3.060843,2.036724985,3.657741845,1
10:59:39,3.063,3.061372,2.043402754,3.675469756,1
10:59:40,3.063,3.062154,2.050080523,3.687888756,1
10:59:41,3.063,3.062529,2.056758292,3.697765619,1
10:59:42,3.063,3.06271,2.063436061,3.706411272,1
10:59:43,3.063,3.062801,2.07011383,3.714437038,1
10:59:44,3.063,3.062849,2.076791599,3.722137585,1
10:59:45,3.063,3.062877,2.083469369,3.729647025,1
10:59:46,3.066,3.062896,2.090147138,3.757391125,1
10:59:47,3.069,3.064492,2.096824907,3.794663399,1
10:59:48,3.07,3.066832,2.103502676,3.822839,1
10:59:49,3.07,3.068468,2.110180445,3.839914128,1
10:59:50,3.071,3.069245,2.116858214,3.858503699,1
10:59:51,3.071,3.070144,2.123535983,3.870991617,1
10:59:52,3.071,3.070573,2.130213752,3.880568966,1
10:59:53,3.071,3.07078,2.136891522,3.888740391,1
10:59:54,3.071,3.070883,2.143569291,3.896215931,1
10:59:55,3.071,3.070936,2.15024706,3.903330863,1
10:59:56,3.071,3.070966,2.156924829,3.910241649,1
10:59:57,3.071,3.070985,2.163602598,3.917024657,1
10:59:58,3.074,3.070998,2.170280367,3.944068402,1
10:59:59,3.077,3.072592,2.176958136,3.980660811,1
11:00:00,3.077,3.07493,2.183635905,4.001383483,1
11:00:01,3.077,3.076038,2.190313675,4.014591128,1
11:00:02,3.077,3.076565,2.196991,4.024221748,1
11:00:03,3.078,3.076818,2.203669213,4.038922861,1
11:00:04,3.078,3.077469,2.210346982,4.049202055,1
11:00:05,3.078,3.077781,2.217024751,4.057365283,1
11:00:06,3.078,3.077933,2.22370252,4.064499587,1
11:00:07,3.078,3.078009,2.230380289,4.071119428,1
11:00:08,3.078,3.078049,2.237058058,4.077465832,1
11:00:09,3.078,3.078072,2.243735828,4.08365503,1
11:00:10,3.081,3.078088,2.250413597,4.11009416,1
11:00:11,3.084,3.079681,2.257091366,4.146076739,1
11:00:12,3.084,3.08202,2.263769135,4.166192189,1
11:00:13,3.084,3.083127,2.270446904,4.178792983,1
11:00:14,3.085,3.083653,2.277124673,4.194609821,1
11:00:15,3.085,3.084433,2.283802442,4.205133393,1
11:00:16,3.085,3.084805,2.290480211,4.213133082,1
11:00:17,3.085,3.084985,2.297157981,4.2199146,1
11:00:18,3.085,3.085074,2.30383575,4.226092622,1
11:00:19,3.085,3.08512,2.310513519,4.231956974,1
11:00:20,3.085,3.085146,2.317191288,4.23764661,1
11:00:21,3.085,3.085161,2.323869057,4.24322933,1
11:00:22,3.085,3.085173,2.330546826,4.248732701,1
11:00:23,3.087,3.085183,2.337224595,4.267742485,1
11:00:24,3.091,3.086246,2.343902364,4.306675866,1
11:00:25,3.091,3.088861,2.350580133,4.327864572,1
11:00:26,3.091,3.090098,2.357257903,4.340659082,1
11:00:27,3.092,3.090686,2.363935672,4.356255382,1
11:00:28,3.092,3.091494,2.370613441,4.366366193,1
11:00:29,3.092,3.091879,2.37729121,4.373864457,1
11:00:30,3.092,3.092065,2.383968979,4.380103946,1
11:00:31,3.092,3.092156,2.390646748,4.385725409,1
11:00:32,3.092,3.092203,2.397324517,4.39102836,1
11:00:33,3.092,3.092228,2.404002286,4.396158084,1
11:00:34,3.092,3.092244,2.41068,4.401179403,1
11:00:35,3.095,3.092255,2.417357825,4.426479712,1
11:00:36,3.098,3.093846,2.424035594,4.461341724,1
11:00:37,3.099,3.096182,2.430713363,4.487137124,1
11:00:38,3.099,3.097816,2.437391132,4.501850158,1
11:00:39,3.099,3.098589,2.444068901,4.511315376,1
11:00:40,3.1,3.098958,2.45074667,4.525065795,1
11:00:41,3.1,3.099663,2.457424439,4.534034431,1
11:00:42,3.1,3.099999,2.464102209,4.540722072,1
11:00:43,3.1,3.100161,2.470779978,4.546311498,1
11:00:44,3.1,3.10024,2.477457747,4.551360384,1
11:00:45,3.1,3.100281,2.484135516,4.55613099,1
11:00:46,3.1,3.100304,2.490813285,4.560746625,1
11:00:47,3.1,3.100318,2.497491054,4.565268382,1
11:00:48,3.101,3.100328,2.504168823,4.576507956,1
11:00:49,3.103,3.100863,2.510846592,4.597685859,1
11:00:50,3.106,3.102174,2.517524362,4.630319774,1
11:00:51,3.106,3.104378,2.524202131,4.64800559,1
11:00:52,3.106,3.10542,2.5308799,4.658617452,1
11:00:53,3.107,3.105916,2.537557669,4.672653973,1
11:00:54,3.107,3.10668,2.544235438,4.681506008,1
11:00:55,3.107,3.107043,2.550913207,4.687892646,1
11:00:56,3.107,3.107218,2.557590976,4.693095386,1
11:00:57,3.107,3.107303,2.564268745,4.697717354,1
11:00:58,3.107,3.107347,2.570946515,4.702045023,1
11:00:59,3.107,3.10737,2.577624284,4.706213996,1
11:01:00,3.107,3.107384,2.584302053,4.710286111,1
11:01:01,3.107,3.107394,2.590979822,4.714293405,1
11:01:02,3.11,3.107401,2.597657591,4.738602787,1
11:01:03,3.112,3.10899,2.60433536,4.765699059,1
11:01:04,3.113,3.110797,2.611013129,4.787323251,1
11:01:05,3.113,3.11218,2.617690898,4.799565673,1
11:01:06,3.113,3.112836,2.624369,4.807361215,1
11:01:07,3.114,3.113148,2.631046437,4.819821939,1
11:01:08,3.114,3.113825,2.637724206,4.827688634,1
11:01:09,3.114,3.114147,2.644401975,4.833368585,1
11:01:10,3.114,3.114302,2.651079744,4.837997258,1
11:01:11,3.114,3.114378,2.657757513,4.842111468,1
11:01:12,3.114,3.114416,2.664435282,4.845965281,1
11:01:13,3.114,3.114437,2.671113051,4.849676788,1
11:01:14,3.114,3.11445,2.677790821,4.853302613,1
11:01:15,3.114,3.114459,2.68446859,4.856868461,1
11:01:16,3.115,3.114465,2.691146359,4.867174476,1
11:01:17,3.117,3.114999,2.697824128,4.887431487,1
11:01:18,3.12,3.116308,2.704501897,4.919158295,1
11:01:19,3.121,3.11851,2.711179666,4.942118749,1
11:01:20,3.121,3.120082,2.717857435,4.954769462,1
11:01:21,3.121,3.120831,2.724535204,4.962577671,1
11:01:22,3.122,3.121182,2.731212974,4.974869266,1
11:01:23,3.122,3.121898,2.737890743,4.982246831,1
11:01:24,3.122,3.122217,2.744568512,4.987408966,1
11:01:25,3.122,3.122359,2.751246281,4.991533607,1
11:01:26,3.122,3.122419,2.75792405,4.995182157,1
11:01:27,3.122,3.122352,2.764601819,4.999287799,1
11:01:28,3.122,3.122213,2.771279588,5.004404858,1
11:01:29,3.122,3.122105,2.777957357,5.010311678,1
11:01:30,3.122,3.122024,2.784635127,5.016817153,1
11:01:31,3.124,3.121962,2.791312896,5.038327351,1
11:01:32,3.127,3.122362,2.797990665,5.075284466,1
11:01:33,3.128,3.123374,2.804668434,5.103825405,1
11:01:34,3.128,3.124403,2.811346203,5.125959963,1
11:01:35,3.128,3.125185,2.818023972,5.148030818,1
11:01:36,3.128,3.125795,2.824701741,5.168638378,1
11:01:37,3.129,3.126263,2.83137951,5.194277689,1
11:01:38,3.129,3.126864,2.838057,5.216698349,1
11:01:39,3.129,3.12732,2.844735049,5.236298591,1
11:01:40,3.129,3.127666,2.851412818,5.25354892,1
11:01:41,3.129,3.127928,2.858090587,5.268904567,1
11:01:42,3.129,3.128127,2.864768356,5.282754451,1
11:01:43,3.129,3.128279,2.871446125,5.295421183,1
11:01:44,3.129,3.128395,2.878123894,5.307162926,1
11:01:45,3.129,3.128485,2.884801663,5.318178982,1
11:01:46,3.13,3.128554,2.891479433,5.337087065,1
11:01:47,3.132,3.128854,2.898157202,5.370462686,1
11:01:48,3.134,3.129572,2.904834971,5.414805189,1
11:01:49,3.135,3.130605,2.91151274,5.458930507,1
11:01:50,3.135,3.131629,2.918190509,5.494368,1
11:01:51,3.135,3.132401,2.924868278,5.523246527,1
11:01:52,3.135,3.132983,2.931546047,5.547166243,1
11:01:53,3.136,3.133422,2.938223816,5.575891584,1
11:01:54,3.136,3.134,2.944901586,5.599685758,1
11:01:55,3.136,3.134436,2.951579355,5.619750172,1
11:01:56,3.136,3.134766,2.958257124,5.636994168,1
11:01:57,3.136,3.135017,2.964934893,5.652096123,1
11:01:58,3.136,3.135207,2.971612662,5.665571243,1
11:01:59,3.136,3.135351,2.978290431,5.677807704,1
11:02:00,3.136,3.135462,2.9849682,5.689094588,1
11:02:01,3.136,3.135548,2.991645969,5.699650198,1
11:02:02,3.138,3.135614,2.998323739,5.726791173,1
11:02:03,3.14,3.136157,3.005001508,5.766426772,1
11:02:04,3.142,3.137058,3.011679277,5.815501139,1
11:02:05,3.143,3.138228,3.018357046,5.863120034,1
11:02:06,3.143,3.139355,3.025034815,5.901075527,1
11:02:07,3.143,3.140204,3.031712584,5.931752548,1
11:02:08,3.143,3.140844,3.038390353,5.956939235,1
11:02:09,3.143,3.141327,3.045068122,5.97798191,1
11:02:10,3.143,3.141692,3.051746,5.995893106,1
11:02:11,3.143,3.141968,3.058423661,6.011429802,1
11:02:12,3.143,3.142178,3.06510143,6.025165319,1
11:02:13,3.143,3.142338,3.071779199,6.037529558,1
11:02:14,3.143,3.14246,3.078456968,6.048847362,1
11:02:15,3.143,3.142554,3.085134737,6.059361,1
11:02:16,3.143,3.142626,3.091812506,6.06925115,1
11:02:17,3.143,3.142683,3.098490275,6.078654528,1
11:02:18,3.143,3.142727,3.105168045,6.087676808,1
11:02:19,3.143,3.142762,3.111845814,6.09639585,1
11:02:20,3.144,3.142791,3.118523583,6.11346215,1
11:02:21,3.146,3.14306,3.125201538,6.145415083,1
11:02:22,3.149,3.143755,3.131879494,6.197187304,1
11:02:23,3.15,3.145015,3.138557449,6.246722862,1
11:02:24,3.15,3.14621,3.145235404,6.28599301,1
11:02:25,3.15,3.14711,3.15191336,6.317529827,1
11:02:26,3.15,3.147788,3.158591315,6.343237311,1
11:02:27,3.151,3.1483,3.165269271,6.373149157,1
11:02:28,3.151,3.148932,3.171947226,6.397625804,1
11:02:29,3.151,3.149409,3.178625181,6.418000907,1
11:02:30,3.151,3.149769,3.185303137,6.435278803,1
11:02:31,3.151,3.150042,3.191981092,6.450206041,1
11:02:32,3.151,3.150249,3.198659047,6.463351846,1
11:02:33,3.151,3.150406,3.205337003,6.47514388,1
11:02:34,3.151,3.150527,3.212014958,6.485897303,1
11:02:35,3.152,3.150619,3.218692914,6.50447011,1
11:02:36,3.153,3.150936,3.225370869,6.528922915,1
11:02:37,3.156,3.151421,3.232048824,6.575035304,1
11:02:38,3.157,3.152525,3.23872678,6.620259583,1
11:02:39,3.157,3.153601,3.245404735,6.65621981,1
11:02:40,3.157,3.154411,3.252082691,6.685202569,1
11:02:41,3.157,3.155022,3.258760646,6.708922982,1
11:02:42,3.158,3.155483,3.265438601,6.737293303,1
11:02:43,3.158,3.156077,3.272116557,6.76054731,1
11:02:44,3.158,3.156526,3.278794512,6.779937446,1
11:02:45,3.158,3.156865,3.285472468,6.796408445,1
11:02:46,3.158,3.157121,3.292150423,6.810665876,1
11:02:47,3.158,3.157316,3.298828378,6.823243946,1
11:02:48,3.158,3.157465,3.305506334,6.834541261,1
11:02:49,3.158,3.157578,3.312184289,6.844860315,1
11:02:50,3.158,3.157665,3.318862244,6.854427,1
11:02:51,3.158,3.157733,3.3255402,6.863410026,1
11:02:52,3.158,3.157786,3.332218155,6.871939,1
11:02:53,3.159,3.157827,3.338896111,6.888730079,1
11:02:54,3.161,3.158106,3.345574066,6.920362264,1
11:02:55,3.163,3.158808,3.352252021,6.963197887,1
11:02:56,3.164,3.159828,3.358929977,7.005862147,1
11:02:57,3.164,3.160841,3.365607932,7.039785,1
11:02:58,3.164,3.161605,3.372285888,7.067124546,1
11:02:59,3.164,3.16218,3.378963843,7.089501619,1
11:03:00,3.165,3.162615,3.385641798,7.116762549,1
11:03:01,3.165,3.163189,3.392319754,7.139072567,1
11:03:02,3.165,3.163622,3.398997709,7.157646865,1
11:03:03,3.165,3.163949,3.405675665,7.173395902,1
11:03:04,3.165,3.164197,3.41235362,7.187007368,1
11:03:05,3.165,3.164385,3.419031575,7.198993117,1
11:03:06,3.165,3.164528,3.425709531,7.209742,1
11:03:07,3.165,3.164639,3.432387486,7.219540328,1
11:03:08,3.165,3.164723,3.439065441,7.228612155,1
11:03:09,3.165,3.164788,3.445743397,7.237119973,1
11:03:10,3.165,3.164839,3.452421352,7.245185226,1
11:03:11,3.166,3.16488,3.459099308,7.261537015,1
11:03:12,3.168,3.165157,3.465777263,7.292759,1
11:03:13,3.171,3.165858,3.472455218,7.343821228,1
11:03:14,3.172,3.167122,3.479133174,7.39261657,1
11:03:15,3.172,3.16832,3.485811129,7.431076467,1
11:03:16,3.172,3.169221,3.492489085,7.461760193,1
11:03:17,3.172,3.1699,3.49916704,7.486581057,1
11:03:18,3.173,3.170412,3.505844995,7.51561597,1
11:03:19,3.173,3.171044,3.512522951,7.539196312,1
11:03:20,3.173,3.17152,3.519200906,7.558659464,1
11:03:21,3.173,3.171881,3.525878862,7.575010508,1
11:03:22,3.173,3.172153,3.532556817,7.589007169,1
11:03:23,3.173,3.17236,3.539234772,7.601220161,1
11:03:24,3.173,3.172517,3.545912728,7.612072676,1
11:03:25,3.173,3.172637,3.552590683,7.621886581,1
11:03:26,3.173,3.17273,3.559268638,7.630901039,1
11:03:27,3.173,3.172801,3.565946594,7.639301568,1
11:03:28,3.173,3.172856,3.572624549,7.647222281,1
11:03:29,3.173,3.1729,3.579302505,7.654763758,1
11:03:30,3.173,3.172935,3.58598046,7.662006468,1
11:03:31,3.174,3.172963,3.592658415,7.677643746,1
11:03:32,3.175,3.173231,3.599336371,7.699605078,1
11:03:33,3.177,3.17368,3.606014326,7.734972239,1
11:03:34,3.179,3.174509,3.612692282,7.780453563,1
11:03:35,3.179,3.175624,3.619370237,7.816300541,1
11:03:36,3.179,3.176464,3.626048192,7.844894379,1
11:03:37,3.179,3.177096,3.632726148,7.868026197,1
11:03:38,3.18,3.177573,3.639404103,7.895681262,1
11:03:39,3.18,3.178179,3.646082059,7.918105274,1
11:03:40,3.18,3.178636,3.652760014,7.936579734,1
11:03:41,3.18,3.178981,3.659437969,7.952070981,1
11:03:42,3.18,3.179242,3.666115925,7.965305448,1
11:03:43,3.18,3.17944,3.67279388,7.976824045,1
11:03:44,3.18,3.179591,3.679471835,7.987042516,1
11:03:45,3.18,3.179706,3.686149791,7.996260375,1
11:03:46,3.18,3.179795,3.692827746,8.004711568,1
11:03:47,3.18,3.179863,3.699505702,8.012572676,1
11:03:48,3.18,3.179917,3.706183657,8.019972,1
11:03:49,3.18,3.179959,3.712861612,8.027006686,1
11:03:50,3.181,3.179992,3.719539568,8.04239735,1
11:03:51,3.183,3.180265,3.726217523,8.072724938,1
11:03:52,3.185,3.180961,3.732895479,8.114311844,1
11:03:53,3.186,3.181976,3.739573434,8.155780286,1
11:03:54,3.186,3.182986,3.746251389,8.188520372,1
11:03:55,3.186,3.183746,3.752929345,8.214689791,1
11:03:56,3.186,3.184319,3.7596073,8.23590681,1
11:03:57,3.187,3.184751,3.766285256,8.262035996,1
11:03:58,3.186,3.185323,3.772963211,8.274573833,1
11:03:59,3.187,3.185509,3.779641166,8.294152468,1
11:04:00,3.187,3.185896,3.786319122,8.310383558,1
11:04:01,3.187,3.186188,3.792997077,8.324082941,1
11:04:02,3.187,3.18641,3.799675032,8.335864544,1
11:04:03,3.187,3.186579,3.806352988,8.346189559,1
11:04:04,3.187,3.186707,3.813030943,8.355403,1
11:04:05,3.187,3.186805,3.819708899,8.363763988,1
11:04:06,3.187,3.186881,3.826386854,8.371469378,1
11:04:07,3.187,3.18694,3.833064809,8.378662914,1
11:04:08,3.187,3.186987,3.839742765,8.385456353,1
11:04:09,3.187,3.187023,3.84642072,8.391934633,1
11:04:10,3.187,3.187053,3.853098676,8.398155123,1
11:04:11,3.188,3.187077,3.859776631,8.41281563,1
11:04:12,3.19,3.187342,3.866454586,8.442477137,1
11:04:13,3.192,3.188033,3.873132542,8.48345384,1
11:04:14,3.194,3.189044,3.879810497,8.53299126,1
11:04:15,3.194,3.190295,3.886488453,8.571715653,1
11:04:16,3.194,3.191236,3.893166408,8.602302521,1
11:04:17,3.194,3.191944,3.899844363,8.626767248,1
11:04:18,3.194,3.192478,3.906522319,8.646614105,1
11:04:19,3.194,3.192881,3.913200274,8.662976325,1
11:04:20,3.194,3.193186,3.919878229,8.676701039,1
11:04:21,3.194,3.193416,3.926556185,8.688432723,1
11:04:22,3.194,3.193592,3.93323414,8.698645979,1
11:04:23,3.194,3.193725,3.939912096,8.70770514,1
11:04:24,3.194,3.193827,3.946590051,8.715876937,1
11:04:25,3.194,3.193906,3.953268006,8.723365515,1
11:04:26,3.194,3.193968,3.959945962,8.730324358,1
11:04:27,3.194,3.194016,3.966623917,8.736865968,1
11:04:28,3.194,3.194053,3.973301873,8.743081987,1
11:04:29,3.194,3.194084,3.979979828,8.749033511,1
11:04:30,3.194,3.194109,3.986657783,8.754771203,1
11:04:31,3.194,3.194129,3.993335739,8.760331571,1
11:04:32,3.195,3.194147,4.000013694,8.774387091,1
11:04:33,3.197,3.194407,4.00669165,8.803492785,1
11:04:34,3.199,3.195094,4.013369605,8.843947947,1
11:04:35,3.201,3.196101,4.02004756,8.892993629,1
11:04:36,3.201,3.197349,4.026725516,8.931251615,1
11:04:37,3.201,3.198287,4.033403471,8.961397409,1
11:04:38,3.201,3.198994,4.040081427,8.985432982,1
11:04:39,3.201,3.199526,4.046759382,9.004867077,1
11:04:40,3.201,3.199928,4.053437337,9.020826221,1
11:04:41,3.202,3.200231,4.060115293,9.042817354,1
11:04:42,3.202,3.200706,4.066793248,9.060696512,1
11:04:43,3.202,3.201064,4.073471203,9.075475484,1
11:04:44,3.202,3.201335,4.080149159,9.087907523,1
11:04:45,3.202,3.201541,4.086827114,9.098559618,1
11:04:46,3.202,3.201713,4.09350507,9.107723087,1
11:04:47,3.202,3.201847,4.100183025,9.115726501,1
11:04:48,3.202,3.201948,4.10686098,9.122852236,1
11:04:49,3.202,3.202026,4.113538936,9.129307419,1
11:04:50,3.202,3.202085,4.120216891,9.135248512,1
11:04:51,3.202,3.202132,4.126894847,9.140788019,1
11:04:52,3.202,3.202168,4.133572802,9.146010131,1
11:04:53,3.202,3.202198,4.140250757,9.150978923,1
11:04:54,3.202,3.202222,4.146928713,9.155739844,1
11:04:55,3.202,3.202242,4.153606668,9.160328,1
11:04:56,3.203,3.202259,4.160284624,9.173405915,1
11:04:57,3.204,3.202535,4.166962579,9.192745388,1
11:04:58,3.206,3.203002,4.173640534,9.225322306,1
11:04:59,3.207,3.203871,4.18031849,9.259029478,1
11:05:00,3.208,3.204776,4.186996445,9.293554723,1
11:05:01,3.208,3.205706,4.1936744,9.320039302,1
11:05:02,3.208,3.206395,4.200352356,9.340573102,1
11:05:03,3.208,3.206906,4.207030311,9.356698394,1
11:05:04,3.208,3.207284,4.213708267,9.369558841,1
11:05:05,3.209,3.207565,4.220386222,9.388615936,1
11:05:06,3.209,3.208036,4.227064177,9.403612465,1
11:05:07,3.209,3.208385,4.233742133,9.415595978,1
11:05:08,3.209,3.208644,4.240420088,9.425339848,1
11:05:09,3.209,3.208838,4.247098044,9.433416277,1
11:05:10,3.209,3.208982,4.253775999,9.440243989,1
11:05:11,3.209,3.20909,4.260453954,9.446141124,1
11:05:12,3.209,3.209172,4.26713191,9.451331198,1
11:05:13,3.209,3.209235,4.273809865,9.455984831,1
11:05:14,3.209,3.209282,4.280487821,9.460230172,1
11:05:15,3.209,3.209319,4.287165776,9.464158863,1
11:05:16,3.209,3.209348,4.293843731,9.46783945,1
11:05:17,3.209,3.209371,4.300521687,9.471323341,1
11:05:18,3.211,3.209389,4.307199642,9.491880238,1
11:05:19,3.213,3.209927,4.313877597,9.525032341,1
11:05:20,3.214,3.210847,4.320555553,9.558872133,1
11:05:21,3.215,3.211789,4.327233508,9.593205899,1
11:05:22,3.215,3.212747,4.333911464,9.619289637,1
11:05:23,3.215,3.213454,4.340589419,9.639275819,1
11:05:24,3.215,3.213979,4.347267374,9.65474844,1
11:05:25,3.215,3.214366,4.35394533,9.666880965,1
11:05:26,3.215,3.214654,4.360623285,9.676535428,1
11:05:27,3.215,3.214868,4.367301241,9.684350342,1
11:05:28,3.216,3.215027,4.373979196,9.699402004,1
11:05:29,3.216,3.215407,4.380657151,9.711182117,1
11:05:30,3.216,3.215689,4.387335107,9.720536321,1
11:05:31,3.216,3.215898,4.394013062,9.728090465,1
11:05:32,3.216,3.216054,4.400691018,9.734304994,1
11:05:33,3.216,3.21617,4.407368973,9.739518,1
11:05:34,3.216,3.216257,4.414046928,9.743984789,1
11:05:35,3.216,3.216323,4.420724884,9.747885168,1
11:05:36,3.216,3.216372,4.427402839,9.751358628,1
11:05:37,3.216,3.21641,4.434080794,9.754506499,1
11:05:38,3.216,3.216439,4.44075875,9.757405519,1
11:05:39,3.216,3.216462,4.447436705,9.76010859,1
11:05:40,3.216,3.21648,4.454114661,9.762657434,1
11:05:41,3.216,3.216494,4.460792616,9.765081853,1
11:05:42,3.216,3.216506,4.467470571,9.767407924,1
11:05:43,3.217,3.216516,4.474148527,9.778249264,1
11:05:44,3.219,3.216785,4.480826482,9.803978354,1
11:05:45,3.221,3.217507,4.487504438,9.840700775,1
11:05:46,3.222,3.218564,4.494182393,9.876937419,1
11:05:47,3.223,3.219605,4.500860348,9.91281271,1
11:05:48,3.223,3.220635,4.507538304,9.937507659,1
11:05:49,3.223,3.221369,4.514216259,9.954801202,1
11:05:50,3.223,3.221897,4.520894215,9.968037903,1
11:05:51,3.223,3.222294,4.52757217,9.978694469,1
11:05:52,3.223,3.222596,4.534250125,9.98757109,1
11:05:53,3.223,3.222829,4.540928081,9.995157272,1
11:05:54,3.224,3.222964,4.547606036,10.00727564,1
11:05:55,3.224,3.223026,4.554283991,10.01841053,1
11:05:56,3.224,3.223087,4.560961947,10.02867967,1
11:05:57,3.224,3.223145,4.567639902,10.03818139,1
11:05:58,3.224,3.2232,4.574317858,10.04699692,1
11:05:59,3.224,3.223251,4.580995813,10.05520001,1
11:06:00,3.224,3.223298,4.587673768,10.06285474,1
11:06:01,3.224,3.22334,4.594351724,10.07001698,1
11:06:02,3.224,3.223377,4.601029679,10.07673889,1
11:06:03,3.224,3.223411,4.607707635,10.0830622,1
11:06:04,3.224,3.22344,4.61438559,10.0890249,1
11:06:05,3.224,3.223466,4.621063545,10.09465903,1
11:06:06,3.224,3.223487,4.627741501,10.10015607,1
11:06:07,3.224,3.223506,4.634419456,10.10602489,1
11:06:08,3.224,3.223521,4.641097412,10.11220291,1
11:06:09,3.224,3.223534,4.647775367,10.1186417,1
11:06:10,3.225,3.223544,4.654453322,10.12526676,1
11:06:11,3.226,3.223642,4.661131278,10.13288274,1
11:06:12,3.228,3.223816,4.667809233,10.14287397,1
11:06:13,3.229,3.224143,4.674487188,10.15513912,1
11:06:14,3.23,3.22452,4.681165144,10.16991362,1
11:06:15,3.23,3.224942,4.687843099,10.18557772,1
11:06:16,3.23,3.225318,4.694521055,10.20186916,1
11:06:17,3.23,3.225656,4.70119901,10.21854207,1
11:06:18,3.23,3.225959,4.707876965,10.23544967,1
11:06:19,3.230999,3.226231,4.714554921,10.25521085,1
11:06:20,3.23,3.22656,4.721232876,10.27199775,1
11:06:21,3.230999,3.226771,4.727910832,10.29187888,1
11:06:22,3.230999,3.227046,4.734588787,10.31154171,1
11:06:23,3.230999,3.227294,4.741266742,10.33095941,1
11:06:24,3.230999,3.227518,4.747944698,10.35010442,1
11:06:25,3.230999,3.227719,4.754622653,10.368976,1
11:06:26,3.230999,3.227901,4.761300609,10.38753837,1
11:06:27,3.230999,3.228065,4.767978564,10.40580869,1
11:06:28,3.230999,3.228214,4.774656519,10.42379066,1
11:06:29,3.230999,3.228348,4.781334475,10.44150516,1
11:06:30,3.230999,3.228469,4.78801243,10.45895144,1
11:06:31,3.230999,3.22858,4.794690385,10.47614217,1
11:06:32,3.230999,3.228679,4.801368341,10.49308181,1
11:06:33,3.230999,3.22877,4.808046296,10.50980762,1
11:06:34,3.230999,3.228852,4.814724252,10.52631289,1
11:06:35,3.230999,3.228927,4.821402207,10.54262295,1
11:06:36,3.230999,3.228995,4.828080162,10.55876315,1
11:06:37,3.230999,3.229057,4.834758118,10.57472527,1
11:06:38,3.230999,3.229113,4.841436073,10.59054509,1
11:06:39,3.230999,3.229165,4.848114029,10.60621068,1
11:06:40,3.230999,3.229212,4.854791984,10.62174812,1
11:06:41,3.230999,3.229255,4.861469939,10.63717455,1
11:06:42,3.232,3.229295,4.868147895,10.65756381,1
11:06:43,3.233,3.229417,4.87482585,10.68256274,1
11:06:44,3.235,3.229614,4.881503806,10.71704924,1
11:06:45,3.235,3.229964,4.888181761,10.74997336,1
11:06:46,3.236,3.230279,4.894859716,10.7867673,1
11:06:47,3.237,3.230649,4.901537672,10.82716212,1
11:06:48,3.237,3.231069,4.908215627,10.86558774,1
11:06:49,3.237,3.231447,4.914893582,10.90222895,1
11:06:50,3.237,3.231788,4.921571538,10.93721613,1
11:06:51,3.237,3.232095,4.928249493,10.97073704,1
11:06:52,3.237,3.232373,4.934927449,11.00295633,1
11:06:53,3.237,3.232623,4.941605404,11.03393957,1
11:06:54,3.238,3.232849,4.948283359,11.0694252,1
11:06:55,3.237,3.23314,4.954961315,11.09783947,1
11:06:56,3.238,3.233315,4.96163927,11.13110632,1
11:06:57,3.238,3.233561,4.968317226,11.16311252,1
11:06:58,3.238,3.233783,4.974995181,11.19400933,1
11:06:59,3.238,3.233983,4.981673136,11.22392938,1
11:07:00,3.238,3.234164,4.988351092,11.25290841,1
11:07:01,3.238,3.234329,4.995029047,11.28106192,1
11:07:02,3.238,3.234477,5.001707003,11.30846962,1
11:07:03,3.238,3.234612,5.008384958,11.33522615,1
11:07:04,3.238,3.234734,5.015062913,11.36134341,1
11:07:05,3.238,3.234845,5.021740869,11.3869071,1
11:07:06,3.238,3.234946,5.028418824,11.41199172,1
11:07:07,3.238,3.235038,5.035096779,11.43659577,1
11:07:08,3.238,3.235122,5.041774735,11.46080941,1
11:07:09,3.238,3.235198,5.04845269,11.48464531,1
11:07:10,3.238,3.235268,5.055130646,11.50811911,1
11:07:11,3.238,3.235332,5.061808601,11.5312852,1
11:07:12,3.238,3.235391,5.068486556,11.55417114,1
11:07:13,3.238,3.235445,5.075164512,11.5768224,1
11:07:14,3.238,3.235494,5.081842467,11.59923747,1
11:07:15,3.238,3.23554,5.088520423,11.62142009,1
11:07:16,3.238,3.235582,5.095198378,11.64341047,1
11:07:17,3.238,3.235622,5.101876333,11.66522354,1
11:07:18,3.238,3.235658,5.108554289,11.68687418,1
11:07:19,3.238,3.235692,5.115232244,11.70839593,1
11:07:20,3.238,3.235723,5.1219102,11.72978058,1
11:07:21,3.238,3.235753,5.128588155,11.75103635,1
11:07:22,3.238,3.235781,5.13526611,11.77216,1
11:07:23,3.239,3.235807,5.141944066,11.79970354,1
11:07:24,3.239,3.235919,5.148622021,11.82660982,1
11:07:25,3.24,3.23602,5.155299976,11.85952723,1
11:07:26,3.24,3.236199,5.161977932,11.89136878,1
11:07:27,3.241,3.236362,5.168655887,11.92888394,1
11:07:28,3.242,3.236596,5.175333843,11.97164282,1
11:07:29,3.243,3.236894,5.182011798,12.01930121,1
11:07:30,3.243,3.237251,5.188689753,12.06466705,1
11:07:31,3.243,3.237572,5.195367709,12.10801303,1
11:07:32,3.244,3.237863,5.202045664,12.15630993,1
11:07:33,3.244,3.238212,5.20872362,12.20238879,1
11:07:34,3.244999,3.238528,5.215401575,12.25335076,1
11:07:35,3.244999,3.238899,5.22207953,12.30191812,1
11:07:36,3.244999,3.239235,5.228757486,12.34832183,1
11:07:37,3.244999,3.239538,5.235435441,12.39277124,1
11:07:38,3.244999,3.239812,5.242113397,12.43540421,1
11:07:39,3.244999,3.240059,5.248791352,12.47644,1
11:07:40,3.244999,3.240283,5.255469307,12.51604259,1
11:07:41,3.244999,3.240486,5.262147263,12.55437881,1
11:07:42,3.244999,3.240669,5.268825218,12.59148568,1
11:07:43,3.244999,3.240836,5.275503173,12.62752116,1
11:07:44,3.244999,3.240987,5.282181129,12.66262382,1
11:07:45,3.244999,3.241125,5.288859084,12.69680411,1
11:07:46,3.244999,3.24125,5.29553704,12.73021996,1
11:07:47,3.244999,3.241363,5.302214995,12.76287287,1
11:07:48,3.244999,3.241467,5.30889295,12.7949,1
11:07:49,3.244999,3.241561,5.315570906,12.82628924,1
11:07:50,3.244999,3.241648,5.322248861,12.85716295,1
11:07:51,3.244999,3.241727,5.328926817,12.8875047,1
11:07:52,3.244999,3.2418,5.335604772,12.91739047,1
11:07:53,3.244999,3.241867,5.342282727,12.94686049,1
11:07:54,3.244999,3.241929,5.348960683,12.97594905,1
11:07:55,3.244999,3.241985,5.355638638,13.00468892,1
11:07:56,3.244999,3.242038,5.362316594,13.03310692,1
11:07:57,3.244999,3.242087,5.368994549,13.0612582,1
11:07:58,3.244999,3.242132,5.375672504,13.089104,1
11:07:59,3.244999,3.242174,5.38235046,13.11669797,1
11:08:00,3.244999,3.242213,5.389028415,13.14405799,1
11:08:01,3.244999,3.24225,5.39570637,13.17122728,1
11:08:02,3.244999,3.242285,5.402384326,13.1981656,1
11:08:03,3.244999,3.242317,5.409062281,13.22491467,1
11:08:04,3.244999,3.242348,5.415740237,13.25148642,1
11:08:05,3.244999,3.242377,5.422418192,13.27792108,1
11:08:06,3.244999,3.242405,5.429096147,13.30416799,1
11:08:07,3.244999,3.242431,5.435774103,13.33029568,1
11:08:08,3.244999,3.242456,5.442452058,13.35625499,1
11:08:09,3.244999,3.24248,5.449130014,13.38210553,1
11:08:10,3.244999,3.242503,5.455807969,13.40782791,1
11:08:11,3.244999,3.242525,5.462485924,13.43340129,1
11:08:12,3.244999,3.242546,5.46916388,13.45885843,1
11:08:13,3.244999,3.242566,5.475841835,13.48420382,1
11:08:14,3.244999,3.242586,5.482519791,13.50944191,1
11:08:15,3.244999,3.242605,5.489197746,13.53460103,1
11:08:16,3.244999,3.242624,5.495875701,13.55965734,1
11:08:17,3.244999,3.242642,5.502553657,13.58461082,1
11:08:18,3.244999,3.24266,5.509231612,13.60946745,1
11:08:19,3.244999,3.242677,5.515909567,13.63420188,1
11:08:20,3.244999,3.242694,5.522587523,13.65884542,1
11:08:21,3.244999,3.242711,5.529265478,13.68339956,1
11:08:22,3.244999,3.242727,5.535943434,13.70789111,1
11:08:23,3.244999,3.242743,5.542621389,13.73226792,1
11:08:24,3.244999,3.242759,5.549299344,13.75659,1
11:08:25,3.244999,3.242775,5.5559773,13.78078759,1
11:08:26,3.244999,3.24279,5.562655255,13.80493045,1
11:08:27,3.244999,3.242805,5.569333211,13.82898837,1
11:08:28,3.244999,3.24282,5.576011166,13.85295987,1
11:08:29,3.244999,3.242835,5.582689121,13.87682259,1
11:08:30,3.244999,3.24285,5.589367077,13.9006272,1
11:08:31,3.244999,3.242864,5.596045032,13.924326,1
11:08:32,3.244999,3.242878,5.602722988,13.94794434,1
11:08:33,3.244999,3.242893,5.609400943,13.97148222,1
11:08:34,3.244999,3.242907,5.616078898,13.99493963,1
11:08:35,3.244999,3.242921,5.622756854,14.01831508,1
11:08:36,3.244999,3.242935,5.629434809,14.04163539,1
11:08:37,3.244999,3.242949,5.636112764,14.06487226,1
11:08:38,3.244999,3.242962,5.64279072,14.08802569,1
11:08:39,3.244999,3.242976,5.649468675,14.1110763,1
11:08:40,3.244999,3.242989,5.656146631,14.13406879,1
11:08:41,3.244999,3.243003,5.662824586,14.15695697,1
11:08:42,3.244999,3.243016,5.669502541,14.17978853,1
11:08:43,3.244999,3.243029,5.676180497,14.20251429,1
11:08:44,3.244999,3.243043,5.682858452,14.22515959,1
11:08:45,3.244999,3.243056,5.689536408,14.24772441,1
11:08:46,3.244999,3.243069,5.696214363,14.27020878,1
11:08:47,3.244999,3.243082,5.702892318,14.29263651,1
11:08:48,3.244999,3.243095,5.709570274,14.3149808,1
11:08:49,3.244999,3.243108,5.716248229,14.33724463,1
11:08:50,3.244999,3.24312,5.722926185,14.3594,1
11:08:51,3.244999,3.243133,5.72960414,14.38150257,1
11:08:52,3.244999,3.243146,5.736282095,14.40349966,1
11:08:53,3.244999,3.243159,5.742960051,14.42543715,1
11:08:54,3.244999,3.243171,5.749638006,14.44727033,1
11:08:55,3.244999,3.243184,5.756315961,14.46902305,1
11:08:56,3.244999,3.243196,5.762993917,14.4906953,1
11:08:57,3.244999,3.243208,5.769671872,14.51228708,1
11:08:58,3.244999,3.243221,5.776349828,14.53381926,1
11:08:59,3.244999,3.243233,5.783027783,14.5552665,1
11:09:00,3.244999,3.243245,5.789705738,14.57663476,1
11:09:01,3.244999,3.243258,5.796383694,14.59789574,1
11:09:02,3.244999,3.24327,5.803061649,14.61909711,1
11:09:03,3.244999,3.243282,5.809739605,14.64019567,1
11:09:04,3.244999,3.243294,5.81641756,14.66123611,1
11:09:05,3.244999,3.243306,5.823095515,14.68217075,1
11:09:06,3.244999,3.243318,5.829773471,14.70302492,1
11:09:07,3.244999,3.24333,5.836451426,14.723818,1
11:09:08,3.244999,3.243341,5.843129382,14.74450678,1
11:09:09,3.244999,3.243353,5.849807337,14.76513743,1
11:09:10,3.244999,3.243365,5.856485292,14.78568465,1
11:09:11,3.244999,3.243376,5.863163248,14.80613,1
11:09:12,3.244999,3.243388,5.869841203,14.82651,1
11:09:13,3.244999,3.2434,5.876519158,14.84679282,1
11:09:14,3.244999,3.243411,5.883197114,14.86699283,1
11:09:15,3.244999,3.243423,5.889875069,14.88713175,1
11:09:16,3.244999,3.243434,5.896553025,14.90716636,1
11:09:17,3.244999,3.243446,5.90323098,14.92577195,1
11:09:18,3.244999,3.243456,5.909908935,14.94260281,1
11:09:19,3.244999,3.243465,5.916586891,14.95799273,1
11:09:20,3.244999,3.243473,5.923264846,14.97219801,1
11:09:21,3.244999,3.24348,5.929942802,14.98546749,1
11:09:22,3.244999,3.243488,5.936620757,14.99792337,1
11:09:23,3.244999,3.243489,5.943298712,15.0096938,1
11:09:24,3.244999,3.243481,5.949976668,15.0209412,1
11:09:25,3.244999,3.243475,5.956654623,15.03175646,1
11:09:26,3.244999,3.243469,5.963332579,15.04212767,1
11:09:27,3.244999,3.243465,5.970010534,15.05214572,1
11:09:28,3.244999,3.243462,5.976688489,15.06185383,1
11:09:29,3.244999,3.24346,5.983366445,15.07127,1
11:09:30,3.244999,3.243458,5.9900444,15.08044451,1
11:09:31,3.244999,3.243457,5.996722355,15.08938521,1
11:09:32,3.244999,3.243456,6.003400311,15.09811133,1
11:09:33,3.244999,3.243455,6.010078266,15.10716528,1
11:09:34,3.244999,3.243455,6.016756222,15.11694938,1
11:09:35,3.244999,3.243456,6.023434177,15.1273936,1
11:09:36,3.244999,3.243457,6.030112132,15.13844,1
11:09:37,3.244999,3.243458,6.036790088,15.15001655,1
11:09:38,3.244999,3.243459,6.043468043,15.16206,1
11:09:39,3.244999,3.243461,6.050145999,15.17454982,1
11:09:40,3.244999,3.243464,6.056823954,15.1874572,1
11:09:41,3.244999,3.243467,6.063501909,15.2006954,1
11:09:42,3.244999,3.24347,6.070179865,15.21425396,1
11:09:43,3.244999,3.243473,6.07685782,15.22812545,1
11:09:44,3.244999,3.243477,6.083535776,15.24225175,1
11:09:45,3.244999,3.243481,6.090213731,15.25660902,1
11:09:46,3.244999,3.243485,6.096891686,15.2711466,1
11:09:47,3.244999,3.24349,6.103569642,15.28587043,1
11:09:48,3.244999,3.243494,6.110247597,15.30078202,1
11:09:49,3.244999,3.243499,6.116925552,15.31583816,1
11:09:50,3.244999,3.243504,6.123603508,15.3309986,1
11:09:51,3.244999,3.243509,6.130281463,15.34627378,1
11:09:52,3.244999,3.243514,6.136959419,15.36167562,1
11:09:53,3.244999,3.243519,6.143637374,15.37716538,1
11:09:54,3.244999,3.243525,6.150315329,15.39273,1
11:09:55,3.244999,3.24353,6.156993285,15.40834457,1
11:09:56,3.244999,3.243535,6.16367124,15.42401761,1
11:09:57,3.244999,3.243541,6.170349196,15.43976665,1
11:09:58,3.244999,3.243546,6.177027151,15.45556039,1
11:09:59,3.244999,3.243552,6.183705106,15.47136754,1
11:10:00,3.244999,3.243557,6.190383062,15.4872328,1
11:10:01,3.244999,3.243563,6.197061017,15.50312638,1
11:10:02,3.244999,3.243569,6.203738973,15.51901698,1
11:10:03,3.244999,3.243574,6.210416928,15.53495228,1
11:10:04,3.244999,3.24358,6.217094883,15.55087715,1
11:10:05,3.244999,3.243586,6.223772839,15.56683928,1
11:10:06,3.244999,3.243591,6.230450794,15.58281034,1
11:10:07,3.244999,3.243597,6.237128749,15.59878588,1
11:10:08,3.244999,3.243603,6.243806705,15.61476439,1
11:10:09,3.244999,3.243608,6.250484288,15.63074291,1
11:10:10,3.244999,3.243614,6.257162243,15.64672,1
11:10:11,3.244999,3.24362,6.26384,15.66269249,1
11:10:12,3.244999,3.243626,6.270518154,15.67866057,1
11:10:13,3.244999,3.243631,6.277196109,15.69462121,1
11:10:14,3.244999,3.243637,6.283874065,15.71057439,1
11:10:15,3.244999,3.243643,6.29055202,15.72652,1
11:10:16,3.244999,3.243648,6.297229975,15.74243009,1
11:10:17,3.244999,3.243654,6.303907931,15.75835645,1
11:10:18,3.244999,3.24366,6.310585886,15.77424407,1
11:10:19,3.244999,3.243665,6.317263842,15.7901451,1
11:10:20,3.244999,3.243671,6.323941797,15.80603421,1
11:10:21,3.244999,3.243677,6.330619752,15.82188308,1
11:10:22,3.244999,3.243682,6.337297708,15.83771855,1
11:10:23,3.244999,3.243688,6.343975663,15.85356444,1
11:10:24,3.244999,3.243694,6.350653619,15.86939245,1
11:10:25,3.244999,3.243699,6.357331574,15.88520259,1
11:10:26,3.244999,3.243705,6.364009529,15.900971,1
11:10:27,3.244999,3.243711,6.370687,15.91674685,1
11:10:28,3.244999,3.243716,6.37736544,15.93250483,1
11:10:29,3.244999,3.243721,6.384043396,15.94822109,1
11:10:30,3.244999,3.243727,6.390721351,15.96394181,1
11:10:31,3.244999,3.243733,6.397399306,15.97964317,1
11:10:32,3.244999,3.243738,6.404077262,15.99532217,1
11:10:33,3.244999,3.243744,6.410755217,16.01095796,1
11:10:34,3.244999,3.24375,6.417433172,16.02657437,1
11:10:35,3.244999,3.243755,6.424111128,16.04217142,1
11:10:36,3.244999,3.24376,6.430789083,16.05775058,1
11:10:37,3.244999,3.243766,6.437467039,16.07332975,1
11:10:38,3.244999,3.243772,6.444144994,16.08888656,1
11:10:39,3.244999,3.243777,6.450822949,16.10442102,1
11:10:40,3.244999,3.243783,6.457500905,16.11991078,1
11:10:41,3.244999,3.243788,6.46417886,16.13538116,1
11:10:42,3.244999,3.243793,6.470856816,16.15085155,1
11:10:43,3.244999,3.243799,6.477535,16.1662966,1
11:10:44,3.244999,3.243804,6.484212726,16.18169546,1
11:10:45,3.244999,3.24381,6.490890682,16.19709432,1
11:10:46,3.244999,3.243815,6.497568637,16.21246934,1
11:10:47,3.244999,3.243821,6.504246593,16.22782052,1
11:10:48,3.244999,3.243826,6.510924548,16.24314636,1
11:10:49,3.244999,3.243831,6.517602503,16.25844836,1
11:10:50,3.244999,3.243837,6.524280459,16.27370268,1
11:10:51,3.244999,3.243842,6.530958414,16.28893465,1
11:10:52,3.244999,3.243847,6.537636369,16.30414575,1
11:10:53,3.244999,3.243853,6.544314325,16.31935388,1
11:10:54,3.244999,3.243858,6.55099228,16.33451283,1
11:10:55,3.244999,3.243864,6.557670236,16.34967029,1
11:10:56,3.244999,3.243869,6.564348191,16.36480093,1
11:10:57,3.244999,3.243874,6.571026146,16.37990624,1
11:10:58,3.244999,3.243879,6.577704102,16.39496684,1
11:10:59,3.244999,3.243885,6.584382,16.41002297,1
11:11:00,3.244999,3.24389,6.591060013,16.42505229,1
11:11:01,3.244999,3.243895,6.597737968,16.44005626,1
11:11:02,3.244999,3.243901,6.604415923,16.45503193,1
11:11:03,3.244999,3.243906,6.611093879,16.46998078,1
11:11:04,3.246,3.243911,6.617771834,16.49248451,1
11:11:05,3.246,3.244,6.62444979,16.51433706,1
11:11:06,3.246,3.244081,6.631127745,16.53560102,1
11:11:07,3.246,3.244154,6.6378057,16.55629426,1
11:11:08,3.246,3.24422,6.644483656,16.57654345,1
11:11:09,3.246,3.244281,6.651161611,16.59635007,1
11:11:10,3.246,3.244336,6.657839566,16.61575735,1
11:11:11,3.246,3.244386,6.664517522,16.6348,1
11:11:12,3.246,3.244431,6.671195477,16.65350795,1
11:11:13,3.246,3.244473,6.677873433,16.67188555,1
11:11:14,3.246,3.244511,6.684551388,16.69002026,1
11:11:15,3.246,3.244546,6.691229,16.70790315,1
11:11:16,3.247,3.244578,6.697907299,16.73327386,1
11:11:17,3.247,3.244691,6.704585254,16.7577967,1
11:11:18,3.247,3.244793,6.71126321,16.78151041,1
11:11:19,3.247,3.244886,6.717941165,16.8045342,1
11:11:20,3.247,3.24497,6.72461912,16.82693213,1
11:11:21,3.247,3.245046,6.731297076,16.84876382,1
11:11:22,3.247,3.245116,6.737975031,16.87007993,1
11:11:23,3.247,3.245179,6.744652987,16.8909654,1
11:11:24,3.247,3.245236,6.751330942,16.91138446,1
11:11:25,3.247,3.245288,6.758008897,16.93145037,1
11:11:26,3.248001,3.245336,6.764686853,16.95899814,1
11:11:27,3.248001,3.245463,6.771364808,16.98557436,1
11:11:28,3.248001,3.245579,6.778042763,17.01126993,1
11:11:29,3.248001,3.245683,6.784720719,17.03616828,1
11:11:30,3.248001,3.245778,6.791398674,17.06029922,1
11:11:31,3.248001,3.245863,6.798077,17.08382517,1
11:11:32,3.248001,3.245941,6.804754585,17.10671335,1
11:11:33,3.249,3.246012,6.81143254,17.13694632,1
11:11:34,3.249,3.24616,6.818110496,17.16610193,1
11:11:35,3.249,3.246294,6.824788451,17.19416529,1
11:11:36,3.249,3.246416,6.831466407,17.22135097,1
11:11:37,3.249,3.246526,6.838144362,17.24768579,1
11:11:38,3.249,3.246626,6.844822317,17.27324873,1
11:11:39,3.249,3.246716,6.851500273,17.29806662,1
11:11:40,3.249,3.246798,6.858178228,17.32225567,1
11:11:41,3.249,3.246873,6.864856184,17.3458755,1
11:11:42,3.25,3.246941,6.871534139,17.37694889,1
11:11:43,3.25,3.247086,6.878212094,17.40695536,1
11:11:44,3.25,3.247218,6.88489005,17.43592769,1
11:11:45,3.25,3.247337,6.891568005,17.4639672,1
11:11:46,3.25,3.247446,6.89824596,17.49116033,1
11:11:47,3.25,3.247544,6.904924,17.51758456,1
11:11:48,3.25,3.247633,6.911601871,17.54331291,1
11:11:49,3.25,3.247714,6.918279827,17.56841093,1
11:11:50,3.251,3.247787,6.924957782,17.60093123,1
11:11:51,3.251,3.247938,6.931635737,17.63233393,1
11:11:52,3.251,3.248075,6.938313693,17.6625967,1
11:11:53,3.251,3.248198,6.944991648,17.6918909,1
11:11:54,3.251,3.24831,6.951669604,17.72037,1
11:11:55,3.251,3.248412,6.958347559,17.74803549,1
11:11:56,3.251,3.248504,6.965025514,17.77497679,1
11:11:57,3.251,3.248588,6.97170347,17.80125797,1
11:11:58,3.251,3.248665,6.978381425,17.82693565,1
11:11:59,3.252,3.248734,6.985059381,17.86022037,1
11:12:00,3.252,3.248881,6.991737336,17.89233088,1
11:12:01,3.252,3.249014,6.998415291,17.92331338,1
11:12:02,3.251,3.249135,7.005093247,17.94518679,1
11:12:03,3.252,3.249161,7.011771,17.9750964,1
11:12:04,3.252,3.249268,7.018449157,18.00414622,1
11:12:05,3.252,3.249366,7.025127113,18.03235859,1
11:12:06,3.252,3.249455,7.031805068,18.05992424,1
11:12:07,3.252,3.249535,7.038483024,18.08679551,1
11:12:08,3.252,3.249609,7.045160979,18.11313927,1
11:12:09,3.252,3.249676,7.051838934,18.13894808,1
11:12:10,3.252,3.249737,7.05851689,18.16422492,1
11:12:11,3.252,3.249792,7.065194845,18.18906516,1
11:12:12,3.252,3.249843,7.071872801,18.21355224,1
11:12:13,3.252,3.24989,7.078550756,18.23767126,1
11:12:14,3.252,3.249932,7.085228711,18.26140732,1
11:12:15,3.252,3.249971,7.091906667,18.28488261,1
11:12:16,3.252,3.250007,7.098584622,18.30803156,1
11:12:17,3.252,3.250041,7.105262578,18.33096594,1
11:12:18,3.252,3.250071,7.111940533,18.35366338,1
11:12:19,3.252,3.250099,7.118618,18.37609559,1
11:12:20,3.252,3.250125,7.125296444,18.39837134,1
11:12:21,3.252,3.250149,7.131974399,18.42041612,1
11:12:22,3.252,3.250172,7.138652354,18.44228953,1
11:12:23,3.252,3.250193,7.14533031,18.46404523,1
11:12:24,3.252,3.250212,7.152008265,18.48561019,1
11:12:25,3.252,3.250231,7.158686221,18.50703657,1
11:12:26,3.252,3.250248,7.165364176,18.52837205,1
11:12:27,3.252,3.250264,7.172042131,18.54958236,1
11:12:28,3.252,3.25028,7.178720087,18.57067645,1
11:12:29,3.252,3.250294,7.185398042,18.59165877,1
11:12:30,3.252,3.250308,7.192075998,18.61253679,1
11:12:31,3.252,3.250321,7.198753953,18.63332,1
11:12:32,3.252,3.250333,7.205431908,18.65396798,1
11:12:33,3.252,3.250345,7.212109864,18.67456734,1
11:12:34,3.252,3.250357,7.218787819,18.69504601,1
11:12:35,3.252,3.250368,7.225466,18.71548295,1
11:12:36,3.252,3.250378,7.23214373,18.73583943,1
11:12:37,3.252,3.250388,7.238821685,18.75608563,1
11:12:38,3.252,3.250398,7.245499641,18.77629608,1
11:12:39,3.252,3.250408,7.252177596,18.79643649,1
11:12:40,3.252,3.250417,7.258855551,18.81650835,1
11:12:41,3.252,3.250426,7.265533507,18.83651316,1
11:12:42,3.252,3.250435,7.272211462,18.85645241,1
11:12:43,3.252,3.250443,7.278889418,18.87633055,1
11:12:44,3.252,3.250452,7.285567373,18.89614612,1
11:12:45,3.252,3.25046,7.292245328,18.91590208,1
11:12:46,3.252,3.250468,7.298923284,18.93559843,1
11:12:47,3.252,3.250476,7.305601239,18.95523667,1
11:12:48,3.252,3.250484,7.312279195,18.9748168,1
11:12:49,3.252,3.250492,7.31895715,18.99434179,1
11:12:50,3.252,3.250499,7.325635105,19.01381165,1
11:12:51,3.252,3.250507,7.332313,19.03322637,1
11:12:52,3.252,3.250514,7.338991016,19.05258745,1
11:12:53,3.252,3.250522,7.345668972,19.0718621,1
11:12:54,3.252,3.250529,7.352346927,19.09112036,1
11:12:55,3.252,3.250536,7.359024882,19.11032647,1
11:12:56,3.252,3.250543,7.365702838,19.12948042,1
11:12:57,3.252,3.25055,7.372380793,19.14854795,1
11:12:58,3.252,3.250557,7.379058748,19.16756779,1
11:12:59,3.252,3.250564,7.385736704,19.18657422,1
11:13:00,3.252,3.250571,7.392414659,19.20549423,1
11:13:01,3.253,3.250578,7.399092615,19.23299432,1
11:13:02,3.252,3.250669,7.40577057,19.25112754,1
11:13:03,3.252,3.250667,7.412448525,19.26928014,1
11:13:04,3.252,3.250666,7.419126481,19.28744763,1
11:13:05,3.252,3.250666,7.425804436,19.30562258,1
11:13:06,3.252,3.250667,7.432482392,19.3238005,1
11:13:07,3.252,3.250668,7.43916,19.34197396,1
11:13:08,3.252,3.250669,7.445838302,19.36014146,1
11:13:09,3.252,3.250672,7.452516258,19.37826723,1
11:13:10,3.252,3.250674,7.459194213,19.39637959,1
11:13:11,3.252,3.250677,7.465872169,19.41448003,1
11:13:12,3.252,3.25068,7.472550124,19.4325909,1
11:13:13,3.252,3.250684,7.479228079,19.45067793,1
11:13:14,3.252,3.250688,7.485906035,19.46873814,1
11:13:15,3.253,3.250691,7.49258399,19.49539036,1
11:13:16,3.252,3.25078,7.499261945,19.51266378,1
11:13:17,3.252,3.250776,7.505939901,19.52997744,1
11:13:18,3.253,3.250773,7.512617856,19.55601126,1
11:13:19,3.253,3.250855,7.519295812,19.58128959,1
11:13:20,3.253,3.25093,7.525973767,19.60593611,1
11:13:21,3.253,3.250998,7.532651722,19.63000745,1
11:13:22,3.252,3.25106,7.539329678,19.64488626,1
11:13:23,3.253,3.251032,7.546008,19.66873109,1
11:13:24,3.253,3.251091,7.552685589,19.69206184,1
11:13:25,3.253,3.251146,7.559363544,19.71492618,1
11:13:26,3.253,3.251195,7.566041499,19.73736584,1
11:13:27,3.253,3.251241,7.572719455,19.75941807,1
11:13:28,3.253,3.251282,7.57939741,19.78111565,1
11:13:29,3.253,3.25132,7.586075366,19.80248839,1
11:13:30,3.253,3.251355,7.592753321,19.82356459,1
11:13:31,3.253,3.251387,7.599431276,19.84436661,1
11:13:32,3.253,3.251416,7.606109232,19.86488104,1
11:13:33,3.252,3.251444,7.612787187,19.87642646,1
11:13:34,3.253,3.251384,7.619465142,19.89724189,1
11:13:35,3.253,3.251416,7.626143098,19.91805285,1
11:13:36,3.253,3.251445,7.632821053,19.93986666,1
11:13:37,3.252,3.251473,7.639499009,19.95209605,1
11:13:38,3.253,3.251413,7.646176964,19.97601241,1
11:13:39,3.253,3.251446,7.652855,20.00071108,1
11:13:40,3.253,3.251479,7.659532875,20.02613842,1
11:13:41,3.253,3.251517,7.66621083,20.05210966,1
11:13:42,3.253,3.251552,7.672888786,20.07850558,1
11:13:43,3.253,3.251585,7.679566741,20.10526508,1
11:13:44,3.253,3.251616,7.686244696,20.13169974,1
11:13:45,3.253,3.251643,7.692922652,20.15710771,1
11:13:46,3.253,3.251669,7.699600607,20.18155754,1
11:13:47,3.253,3.251692,7.706278563,20.20520121,1
11:13:48,3.253,3.251713,7.712956518,20.22813559,1
11:13:49,3.253,3.251732,7.719634473,20.2504456,1
11:13:50,3.253,3.25175,7.726312429,20.2722013,1
11:13:51,3.253,3.251766,7.732990384,20.29346228,1
11:13:52,3.253,3.251781,7.739668339,20.31428069,1
11:13:53,3.253,3.251796,7.746346295,20.33472955,1
11:13:54,3.253,3.251809,7.75302425,20.35479248,1
11:13:55,3.253,3.251822,7.759702,20.37453353,1
11:13:56,3.253,3.251833,7.766380161,20.39398551,1
11:13:57,3.253,3.251845,7.773058116,20.41317075,1
11:13:58,3.253,3.251855,7.779736072,20.4321146,1
11:13:59,3.253,3.251866,7.786414027,20.45085877,1
11:14:00,3.253,3.251876,7.793091983,20.46937048,1
11:14:01,3.253,3.251886,7.799769938,20.48771381,1
11:14:02,3.253,3.251896,7.806447893,20.50584853,1
11:14:03,3.253,3.251905,7.813125849,20.52381486,1
11:14:04,3.253,3.251915,7.819803804,20.54162323,1
11:14:05,3.253,3.251924,7.82648176,20.55928707,1
11:14:06,3.253,3.251933,7.833159715,20.57681382,1
11:14:07,3.253,3.251941,7.83983767,20.59421241,1
11:14:08,3.253,3.251949,7.846515626,20.6114918,1
11:14:09,3.253,3.251958,7.853193581,20.62865496,1
11:14:10,3.253,3.251966,7.859871536,20.64570934,1
11:14:11,3.253,3.251973,7.866549,20.66266239,1
11:14:12,3.253,3.251981,7.873227447,20.67951709,1
11:14:13,3.253,3.251988,7.879905403,20.69627643,1
11:14:14,3.253,3.251996,7.886583358,20.71295,1
11:14:15,3.253,3.252003,7.893261313,20.7295537,1
11:14:16,3.253,3.25201,7.899939269,20.74605227,1
11:14:17,3.253,3.252017,7.906617224,20.76246887,1
11:14:18,3.253,3.252024,7.91329518,20.77880502,1
11:14:19,3.253,3.252031,7.919973135,20.79508454,1
11:14:20,3.253,3.252038,7.92665109,20.81126571,1
11:14:21,3.253,3.252045,7.933329046,20.82737237,1
11:14:22,3.253,3.252052,7.940007001,20.84342837,1
11:14:23,3.253,3.252059,7.946684957,20.85938901,1
11:14:24,3.253,3.252065,7.953362912,20.87528259,1
11:14:25,3.253,3.252072,7.960040867,20.89110762,1
11:14:26,3.253,3.252078,7.966718823,20.90686411,1
11:14:27,3.253,3.252085,7.973397,20.92257291,1
11:14:28,3.253,3.252091,7.980074733,20.9381938,1
11:14:29,3.253,3.252098,7.986752689,20.95375359,1
11:14:30,3.253,3.252104,7.993430644,20.9692657,1
11:14:31,3.253,3.252111,8.0001086,20.98469287,1
11:14:32,3.253,3.252117,8.006786555,21.00005299,1
11:14:33,3.253,3.252124,8.01346451,21.01535201,1
11:14:34,3.253,3.25213,8.020142466,21.03058845,1
11:14:35,3.253,3.252136,8.026820421,21.04576379,1
11:14:36,3.253,3.252142,8.033498377,21.06087804,1
11:14:37,3.253,3.252149,8.040176332,21.07593268,1
11:14:38,3.253,3.252155,8.046854287,21.09094262,1
11:14:39,3.253,3.252161,8.053532243,21.10589296,1
11:14:40,3.253,3.252167,8.060210198,21.12075984,1
11:14:41,3.253,3.252173,8.066888154,21.13557011,1
11:14:42,3.253,3.25218,8.073566109,21.15031779,1
11:14:43,3.253,3.252186,8.080244,21.16500735,1
11:14:44,3.253,3.252192,8.08692202,21.17963731,1
11:14:45,3.253,3.252198,8.093599975,21.19422406,1
11:14:46,3.253,3.252204,8.10027793,21.20873481,1
11:14:47,3.253,3.25221,8.106955886,21.22318745,1
11:14:48,3.253,3.252216,8.113633841,21.23758346,1
11:14:49,3.253,3.252222,8.120311797,21.25192136,1
11:14:50,3.253,3.252228,8.126989752,21.26619965,1
11:14:51,3.253,3.252234,8.133667707,21.28042132,1
11:14:52,3.253,3.25224,8.140345663,21.29458636,1
11:14:53,3.253,3.252246,8.147023618,21.3087067,1
11:14:54,3.253,3.252252,8.153701574,21.32275403,1
11:14:55,3.253,3.252258,8.160379529,21.33674175,1
11:14:56,3.253,3.252264,8.167057484,21.35067582,1
11:14:57,3.253,3.25227,8.17373544,21.36455029,1
11:14:58,3.253,3.252275,8.180413395,21.37836963,1
11:14:59,3.253,3.252281,8.187091351,21.39213234,1
11:15:00,3.253,3.252287,8.193769306,21.40585035,1
11:15:01,3.253,3.252293,8.200447261,21.41951472,1
11:15:02,3.253,3.252299,8.207125217,21.43310457,1
11:15:03,3.253,3.252304,8.213803172,21.44664079,1
11:15:04,3.253,3.252311,8.220481128,21.4601174,1
11:15:05,3.253,3.252316,8.227159083,21.47354335,1
11:15:06,3.253,3.252321,8.233837038,21.48691267,1
11:15:07,3.253,3.252327,8.240514994,21.50024176,1
11:15:08,3.253,3.252333,8.247192949,21.51349932,1
11:15:09,3.253,3.252339,8.253870904,21.52670175,1
11:15:11,3.253,3.252344,8.26054886,21.53984755,1
11:15:11,3.253,3.25235,8.267226815,21.55295461,1
11:15:12,3.253,3.252355,8.273904771,21.56600654,1
11:15:13,3.253,3.252361,8.280582726,21.57898992,1
11:15:14,3.253,3.252367,8.287260681,21.59193158,1
11:15:15,3.253,3.252372,8.293939,21.60480469,1
11:15:16,3.253,3.252378,8.300616592,21.61762565,1
11:15:17,3.253,3.252383,8.307294548,21.6304034,1
11:15:18,3.253,3.252389,8.313972503,21.64311,1
11:15:19,3.253,3.252394,8.320650458,21.65577561,1
11:15:20,3.253,3.252399,8.327328414,21.66839391,1
11:15:21,3.253,3.252405,8.334006369,21.68095857,1
11:15:22,3.253,3.25241,8.340684325,21.69345766,1
11:15:23,3.253,3.252416,8.34736228,21.70590311,1
11:15:24,3.253,3.252421,8.354040235,21.71829641,1
11:15:25,3.253,3.252426,8.360718191,21.73064053,1
11:15:26,3.253,3.252432,8.367396146,21.74293101,1
11:15:27,3.253,3.252437,8.374074101,21.75516784,1
11:15:28,3.253,3.252442,8.380752057,21.7673555,1
11:15:29,3.253,3.252448,8.387430012,21.77950144,1
11:15:30,3.253,3.252453,8.394107968,21.79158628,1
11:15:31,3.253,3.252458,8.400785923,21.80362791,1
11:15:32,3.253,3.252463,8.407463878,21.81560695,1
11:15:33,3.253,3.252469,8.414141834,21.82753384,1
11:15:34,3.253,3.252474,8.420819789,21.83942348,1
11:15:35,3.253,3.252479,8.427497745,21.85124904,1
11:15:36,3.253,3.252484,8.4341757,21.86302096,1
11:15:37,3.253,3.252489,8.440853655,21.87475562,1
11:15:38,3.253,3.252494,8.447531611,21.88642919,1
11:15:39,3.253,3.252499,8.454209566,21.89805359,1
11:15:40,3.253,3.252505,8.460887522,21.90962583,1
11:15:41,3.253,3.252509,8.467565477,21.92115188,1
11:15:42,3.253,3.252514,8.474243432,21.93262875,1
11:15:43,3.254,3.25252,8.480921388,21.95393741,1
11:15:44,3.254,3.25261,8.487599343,21.97434902,1
11:15:45,3.254,3.252693,8.494277298,21.99394703,1
11:15:46,3.254,3.252768,8.500955254,22.01283425,1
11:15:47,3.254,3.252835,8.507633,22.03102857,1
11:15:48,3.254,3.252896,8.514311165,22.0486179,1
11:15:49,3.255,3.252952,8.52098912,22.07554132,1
11:15:50,3.255,3.253089,8.527667075,22.10111916,1
11:15:51,3.255,3.253212,8.534345031,22.12551683,1
11:15:52,3.255,3.253324,8.541022986,22.14877009,1
11:15:53,3.255,3.253425,8.547700942,22.17102945,1
11:15:54,3.255,3.253516,8.554378897,22.19239175,1
11:15:56,3.256,3.253599,8.561056852,22.22284526,1
11:15:56,3.256,3.25376,8.567734808,22.2517103,1
11:15:57,3.256,3.253905,8.574412763,22.27914184,1
11:15:58,3.256,3.254036,8.581090719,22.30532169,1
11:15:59,3.256,3.254155,8.587768674,22.33028263,1
11:16:00,3.256,3.254262,8.594446629,22.35418707,1
11:16:01,3.256,3.254359,8.601124585,22.37713486,1
11:16:02,3.256,3.254448,8.60780254,22.39921242,1
11:16:03,3.257,3.254528,8.614480495,22.43042141,1
11:16:05,3.257,3.254686,8.621158451,22.46007025,1
11:16:05,3.257,3.254828,8.627836406,22.48831,1
11:16:06,3.258,3.254958,8.634514362,22.52520174,1
11:16:07,3.258,3.25516,8.641192317,22.56015241,1
11:16:09,3.258,3.255343,8.647870272,22.59323299,1
11:16:09,3.258,3.255508,8.654548228,22.62468,1
11:16:10,3.258,3.255657,8.661226183,22.65466005,1
11:16:11,3.258,3.255793,8.667904139,22.68334776,1
11:16:13,3.258999,3.255915,8.674582094,22.72079289,1
11:16:14,3.258999,3.256111,8.681260049,22.75623083,1
11:16:14,3.258999,3.256288,8.687938005,22.78991938,1
11:16:15,3.258999,3.256448,8.69461596,22.82202691,1
11:16:16,3.258999,3.256592,8.701293916,22.85275608,1
11:16:18,3.258999,3.256723,8.707971871,22.8821367,1
11:16:18,3.258999,3.256841,8.714649826,22.91039377,1
11:16:19,3.258999,3.256948,8.721328,22.93754369,1
11:16:20,3.258999,3.257046,8.728005737,22.96373248,1
11:16:22,3.258999,3.257134,8.734683692,22.98904955,1
11:16:22,3.258999,3.257214,8.741361648,23.01357687,1
11:16:23,3.258999,3.257287,8.748039603,23.03742021,1
11:16:24,3.258999,3.257353,8.754717559,23.06060195,1
11:16:26,3.258999,3.257413,8.761395514,23.08315337,1
11:16:27,3.258999,3.257468,8.768073469,23.10516387,1
11:16:27,3.258999,3.257518,8.774751425,23.12670797,1
11:16:28,3.258999,3.257564,8.78142938,23.1477946,1
11:16:30,3.258999,3.257606,8.788107336,23.1684342,1
11:16:31,3.258999,3.257644,8.794785291,23.18872213,1
11:16:31,3.258999,3.257679,8.801463246,23.20863008,1
11:16:32,3.258999,3.257712,8.808141202,23.22822,1
11:16:33,3.258999,3.257742,8.814819157,23.24750721,1
11:16:35,3.258999,3.257769,8.821497113,23.26654941,1
11:16:36,3.258999,3.257795,8.828175068,23.28530848,1
11:16:36,3.258999,3.257818,8.834853023,23.30383658,1
11:16:37,3.258999,3.257841,8.841530979,23.32216799,1
11:16:39,3.258999,3.257861,8.848208934,23.34026843,1
11:16:40,3.258999,3.257881,8.854886889,23.35817814,1
11:16:40,3.258999,3.257899,8.861564845,23.37593287,1
11:16:41,3.258999,3.257916,8.8682428,23.3934924,1
11:16:43,3.258999,3.257931,8.874920756,23.41089547,1
11:16:44,3.258999,3.257947,8.881598711,23.42814803,1
11:16:45,3.258999,3.257961,8.888276666,23.44526052,1
11:16:45,3.258999,3.257974,8.894954622,23.46223891,1
11:16:46,3.258999,3.257987,8.901632577,23.47909063,1
11:16:48,3.258999,3.257999,8.908310533,23.49583954,1
11:16:49,3.258999,3.258012,8.914988488,23.51244539,1
11:16:49,3.258999,3.258023,8.921666443,23.52895886,1
11:16:50,3.258999,3.258034,8.928344399,23.54536355,1
11:16:52,3.258999,3.258044,8.935022,23.56164306,1
11:16:53,3.258999,3.258054,8.94170031,23.57784212,1
11:16:53,3.258999,3.258064,8.948378265,23.59392345,1
11:16:54,3.26,3.258073,8.95505622,23.62000793,1
11:16:56,3.258999,3.258168,8.961734176,23.63504171,1
11:16:57,3.258999,3.258168,8.968412131,23.65009189,1
11:16:58,3.26,3.25817,8.975090086,23.67516905,1
11:16:58,3.26,3.258256,8.981768042,23.69941175,1
11:16:59,3.26,3.258335,8.988445997,23.72285873,1
11:17:01,3.26,3.258407,8.995123953,23.745583,1
11:17:02,3.258999,3.258472,9.001801908,23.75755757,1
11:17:02,3.26,3.258446,9.008479863,23.77985865,1
11:17:03,3.26,3.258509,9.015157819,23.80152792,1
11:17:05,3.26,3.258566,9.021835774,23.82265478,1
11:17:06,3.26,3.258618,9.02851373,23.84323031,1
11:17:07,3.26,3.258666,9.035191685,23.86333048,1
11:17:07,3.26,3.258709,9.04186964,23.88302237,1
11:17:09,3.26,3.258749,9.048547596,23.90228957,1
11:17:10,3.26,3.258785,9.055225551,23.9211902,1
11:17:11,3.26,3.258819,9.061903507,23.93975556,1
11:17:11,3.26,3.25885,9.068581462,23.95801097,1
11:17:13,3.26,3.258878,9.075259417,23.97600561,1
11:17:14,3.26,3.258904,9.081937373,23.99371266,1
11:17:15,3.26,3.258929,9.088615328,24.01117086,1
11:17:16,3.26,3.258951,9.095293283,24.02840704,1
11:17:16,3.26,3.258973,9.101971239,24.04543161,1
11:17:18,3.26,3.258992,9.108649194,24.06226248,1
11:17:19,3.26,3.259011,9.11532715,24.07890707,1
11:17:20,3.26,3.259027,9.122005105,24.09540117,1
11:17:21,3.26,3.259044,9.12868306,24.11171198,1
11:17:22,3.26,3.259059,9.135361016,24.1278708,1
11:17:23,3.26,3.259073,9.142038971,24.14390296,1
11:17:24,3.26,3.259087,9.148717,24.15977865,1
11:17:24,3.26,3.2591,9.155394882,24.17552471,1
11:17:26,3.26,3.259112,9.162072837,24.19114411,1
11:17:27,3.26,3.259124,9.168750793,24.20666367,1
11:17:28,3.26,3.259135,9.175428748,24.22205508,1
11:17:29,3.26,3.259146,9.182106704,24.23735559,1
11:17:30,3.26,3.259156,9.188784659,24.25254881,1
11:17:31,3.26,3.259166,9.195462614,24.26763922,1
11:17:32,3.26,3.259176,9.20214057,24.28262979,1
11:17:33,3.26,3.259185,9.208818525,24.29752648,1
11:17:34,3.26,3.259194,9.21549648,24.31231737,1
11:17:35,3.26,3.259203,9.222174436,24.32701737,1
11:17:36,3.26,3.259212,9.228852391,24.34163,1
11:17:37,3.26,3.25922,9.235530347,24.35616404,1
11:17:38,3.26,3.259228,9.242208302,24.3706286,1
11:17:39,3.26,3.259236,9.248886257,24.3849948,1
11:17:40,3.26,3.259244,9.255564213,24.39928502,1
11:17:41,3.26,3.259252,9.262242168,24.41349626,1
11:17:42,3.26,3.259259,9.268920124,24.42763001,1
11:17:43,3.26,3.259267,9.275598079,24.44168925,1
11:17:44,3.26,3.259274,9.282276034,24.45568889,1
11:17:45,3.26,3.259281,9.28895399,24.46961,1
11:17:46,3.26,3.259289,9.295631945,24.48346615,1
11:17:47,3.26,3.259296,9.302309901,24.49723184,1
11:17:48,3.26,3.259303,9.308987856,24.5109275,1
11:17:49,3.26,3.259309,9.315665811,24.52456951,1
11:17:50,3.26,3.259316,9.322343767,24.53812808,1
11:17:51,3.26,3.259323,9.329021722,24.55161661,1
11:17:52,3.26,3.25933,9.335699677,24.5650351,1
11:17:53,3.26,3.259336,9.342377633,24.57838953,1
11:17:54,3.26,3.259343,9.349055588,24.59168881,1
11:17:55,3.26,3.25935,9.355733544,24.60492253,1
11:17:56,3.26,3.259356,9.362411,24.61807728,1
11:17:57,3.26,3.259363,9.369089454,24.63116497,1
11:17:58,3.26,3.259369,9.37576741,24.64419156,1
11:17:59,3.26,3.259376,9.382445365,24.65714961,1
11:18:00,3.26,3.259382,9.389123321,24.67005849,1
11:18:01,3.26,3.259388,9.395801276,24.68290478,1
11:18:02,3.26,3.259394,9.402479231,24.69567209,1
11:18:03,3.26,3.2594,9.409157187,24.70837682,1
11:18:04,3.26,3.259407,9.415835142,24.72102046,1
11:18:05,3.26,3.259413,9.422513098,24.73361194,1
11:18:06,3.26,3.259419,9.429191053,24.74612892,1
11:18:07,3.26,3.259425,9.435869008,24.75858629,1
11:18:08,3.26,3.259431,9.442546964,24.7709915,1
11:18:09,3.26,3.259437,9.449224919,24.78333563,1
11:18:10,3.26,3.259443,9.455902874,24.79560971,1
11:18:11,3.26,3.259449,9.46258083,24.80782121,1
11:18:12,3.26,3.259455,9.469258785,24.81997162,1
11:18:13,3.26,3.259461,9.475936741,24.83207434,1
11:18:14,3.26,3.259467,9.482614696,24.84410703,1
11:18:15,3.26,3.259473,9.489292651,24.85609,1
11:18:16,3.26,3.259479,9.495970607,24.86800253,1
11:18:17,3.26,3.259484,9.502648562,24.8798579,1
11:18:18,3.26,3.25949,9.509326518,24.89165515,1
11:18:19,3.26,3.259496,9.516004473,24.90339,1
11:18:20,3.26,3.259501,9.522682428,24.91516173,1
11:18:21,3.26,3.259507,9.529360384,24.92695004,1
11:18:22,3.26,3.259513,9.536038339,24.93876666,1
11:18:23,3.26,3.259519,9.542716295,24.95058775,1
11:18:24,3.26,3.259525,9.54939425,24.96240139,1
11:18:25,3.26,3.259531,9.556072205,24.97421056,1
11:18:26,3.26,3.259536,9.562750161,24.98600781,1
11:18:27,3.26,3.259542,9.569428116,24.99779165,1
11:18:28,3.26,3.259549,9.576106,25.0095427,1
11:18:29,3.26,3.259557,9.582784027,25.02123117,1
11:18:30,3.26,3.259564,9.589461982,25.03287494,1
11:18:31,3.26,3.259572,9.596139938,25.04445314,1
11:18:32,3.26,3.259579,9.602817893,25.05597472,1
11:18:33,3.26,3.259587,9.609495848,25.06743968,1
11:18:34,3.26,3.259593,9.616173804,25.07884502,1
11:18:35,3.26,3.2596,9.622851759,25.09018183,1
11:18:36,3.26,3.259607,9.629529715,25.10146201,1
11:18:37,3.26,3.259614,9.63620767,25.11262298,1
11:18:38,3.26,3.25962,9.642885625,25.12365878,1
11:18:39,3.26,3.259626,9.649563581,25.13458133,1
11:18:40,3.26,3.259633,9.656241536,25.14539361,1
11:18:41,3.26,3.259639,9.662919492,25.15610456,1
11:18:42,3.26,3.259645,9.669597447,25.16671717,1
11:18:43,3.26,3.259651,9.676275402,25.17723739,1
11:18:44,3.26,3.259657,9.682953358,25.1876682,1
11:18:45,3.26,3.259662,9.689631313,25.19801855,1
11:18:46,3.26,3.259668,9.696309268,25.20828843,1
11:18:47,3.26,3.259674,9.702987224,25.21848083,1
11:18:48,3.26,3.259679,9.709665179,25.22860169,1
11:18:49,3.26,3.259685,9.716343135,25.23864806,1
11:18:50,3.26,3.25969,9.72302109,25.24862587,1
11:18:51,3.26,3.259695,9.729699045,25.25853813,1
11:18:52,3.26,3.259701,9.736377001,25.26838183,1
11:18:53,3.26,3.259706,9.743054956,25.27815998,1
11:18:54,3.26,3.259712,9.749732912,25.28787553,1
11:18:55,3.26,3.259717,9.756410867,25.29752851,1
11:18:56,3.26,3.259722,9.763088822,25.30712485,1
11:18:57,3.26,3.259727,9.769766778,25.31665564,1
11:18:58,3.26,3.259732,9.776444733,25.32612681,1
11:18:59,3.26,3.259737,9.783122689,25.33554137,1
11:19:00,3.261,3.259742,9.789801,25.35531223,1
11:19:01,3.261,3.259834,9.796478599,25.37411749,1
11:19:02,3.261,3.259915,9.803156555,25.39205849,1
11:19:03,3.261,3.25999,9.80983451,25.40921569,1
11:19:04,3.261,3.260057,9.816512465,25.42566359,1
11:19:05,3.262001,3.260118,9.823190421,25.45182705,1
11:19:06,3.262001,3.260259,9.829868376,25.47648549,1
11:19:07,3.262001,3.260386,9.836546332,25.49985051,1
11:19:08,3.263,3.260501,9.843224287,25.53234398,1
11:19:09,3.263,3.26069,9.849902242,25.56286454,1
11:19:10,3.264,3.260861,9.856580198,25.60192347,1
11:19:11,3.264,3.261101,9.863258153,25.63849688,1
11:19:12,3.264,3.261317,9.869936109,25.67283213,1
11:19:13,3.265,3.261512,9.876614064,25.71545541,1
11:19:14,3.265,3.261773,9.883292019,25.7553786,1
11:19:15,3.265,3.262008,9.889969975,25.79287291,1
11:19:16,3.266,3.26222,9.89664793,25.83848536,1
11:19:17,3.266,3.262497,9.903325886,25.88124,1
11:19:18,3.266,3.262747,9.910003841,25.92143118,1
11:19:19,3.266,3.262972,9.916681796,25.9593,1
11:19:20,3.266,3.263175,9.923359752,25.99503696,1
11:19:21,3.266,3.263358,9.930037707,26.0289371,1
11:19:22,3.266,3.263524,9.936715662,26.06113851,1
11:19:23,3.266,3.263674,9.943393618,26.09179616,1
11:19:24,3.266,3.263809,9.950071573,26.12106502,1
11:19:25,3.266,3.263931,9.956749529,26.1490792,1
11:19:26,3.266,3.264042,9.963427484,26.17595196,1
11:19:27,3.266,3.264142,9.970105439,26.20178759,1
11:19:28,3.266,3.264233,9.976783395,26.22669041,1
11:19:29,3.266,3.264316,9.98346135,26.25074089,1
11:19:30,3.266,3.264391,9.990139306,26.2740165,1
11:19:31,3.266,3.264459,9.996817261,26.29658878,1
11:19:32,3.266,3.264522,10.0035,26.31852031,1
11:19:33,3.266,3.264579,10.01017317,26.33986175,1
11:19:34,3.266,3.264631,10.01685113,26.36066973,1
11:19:35,3.266,3.264678,10.02352908,26.380983,1
11:19:36,3.266,3.264722,10.03020704,26.40084922,1
11:19:37,3.266,3.264762,10.03688499,26.4203012,1
11:19:38,3.266,3.264798,10.04356295,26.43937469,1
11:19:39,3.266,3.264832,10.0502409,26.4580965,1
11:19:40,3.266,3.264864,10.05691886,26.47649348,1
11:19:41,3.266,3.264893,10.06359681,26.49457157,1
11:19:42,3.267,3.26492,10.07027477,26.522699,1
11:19:43,3.266,3.26503,10.07695273,26.53938234,1
11:19:44,3.267,3.265044,10.08363068,26.56621635,1
11:19:45,3.267,3.265143,10.09030864,26.59202814,1
11:19:46,3.266,3.265233,10.09698659,26.60661042,1
11:19:47,3.267,3.26523,10.10366455,26.63152516,1
11:19:48,3.267,3.265313,10.1103425,26.65558457,1
11:19:49,3.266,3.265388,10.11702046,26.66856945,1
11:19:50,3.267,3.265372,10.12369841,26.69201791,1
11:19:51,3.267,3.265443,10.13037637,26.71473324,1
11:19:52,3.267,3.265507,10.13705432,26.73675418,1
11:19:53,3.267,3.265566,10.14373228,26.75819695,1
11:19:54,3.267,3.26562,10.15041023,26.77908242,1
11:19:55,3.267,3.265669,10.15708819,26.79945827,1
11:19:56,3.267,3.265714,10.16376615,26.8193692,1
11:19:57,3.267,3.265756,10.1704441,26.83885098,1
11:19:58,3.267,3.265793,10.17712206,26.85794234,1
11:19:59,3.267,3.265829,10.18380001,26.87666714,1
11:20:00,3.267,3.265861,10.19047797,26.89505816,1
11:20:01,3.267,3.265891,10.19715592,26.9131422,1
11:20:02,3.267,3.265919,10.20383388,26.93093717,1
11:20:03,3.267,3.265944,10.21051183,26.9484669,1
11:20:04,3.267,3.265969,10.21719,26.96574628,1
11:20:05,3.267,3.265991,10.22386774,26.98279321,1
11:20:06,3.267,3.266012,10.2305457,26.99962258,1
11:20:07,3.267,3.266032,10.23722365,27.01624632,1
11:20:08,3.267,3.26605,10.24390161,27.03266,1
11:20:09,3.267,3.266068,10.25057957,27.04889774,1
11:20:10,3.267,3.266084,10.25725752,27.06497908,1
11:20:11,3.267,3.2661,10.26393548,27.0808965,1
11:20:12,3.267,3.266115,10.27061343,27.09664404,1
11:20:13,3.267,3.266129,10.27729139,27.11225748,1
11:20:14,3.267,3.266143,10.28396934,27.12771595,1
11:20:15,3.267,3.266156,10.2906473,27.14305222,1
11:20:16,3.267,3.266168,10.29732525,27.15825737,1
11:20:17,3.267,3.266181,10.30400321,27.17333734,1
11:20:18,3.267,3.266192,10.31068116,27.18829513,1
11:20:19,3.267,3.266203,10.31735912,27.20313668,1
11:20:20,3.267,3.266214,10.32403708,27.21786201,1
11:20:21,3.267,3.266225,10.33071503,27.23247409,1
11:20:22,3.267,3.266235,10.33739299,27.24698186,1
11:20:23,3.267,3.266245,10.34407094,27.26138234,1
11:20:24,3.267,3.266255,10.3507489,27.2756815,1
11:20:25,3.267,3.266265,10.35742685,27.2898823,1
11:20:26,3.267,3.266274,10.36410481,27.30396986,1
11:20:27,3.267,3.266284,10.37078276,27.31797397,1
11:20:28,3.267,3.266292,10.37746072,27.3318857,1
11:20:29,3.267,3.266301,10.38413867,27.34570205,1
11:20:30,3.267,3.26631,10.39081663,27.35942602,1
11:20:31,3.267,3.266319,10.39749458,27.37306058,1
11:20:32,3.267,3.266327,10.40417254,27.38660872,1
11:20:33,3.267,3.266336,10.4108505,27.40006745,1
11:20:34,3.267,3.266344,10.41752845,27.41343677,1
11:20:35,3.267,3.266352,10.42420641,27.42672265,1
11:20:36,3.267,3.26636,10.43088,27.43992507,1
11:20:37,3.268,3.266368,10.43756232,27.46323943,1
11:20:38,3.268,3.266461,10.44424027,27.48560607,1
11:20:39,3.268,3.266544,10.45091823,27.50711,1
11:20:40,3.268,3.26662,10.45759618,27.52784491,1
11:20:41,3.269,3.26669,10.46427414,27.55805254,1
11:20:42,3.269,3.266836,10.47095209,27.58676112,1
11:20:43,3.269,3.266969,10.47763005,27.61411369,1
11:20:44,3.27,3.26709,10.484308,27.65042782,1
11:20:45,3.27,3.267283,10.49098596,27.68477201,1
11:20:46,3.27,3.267457,10.49766392,27.71734297,1
11:20:47,3.271,3.267615,10.50434187,27.75848806,1
11:20:48,3.271,3.267842,10.51101983,27.79732645,1
11:20:49,3.272,3.268046,10.51769778,27.84427106,1
11:20:50,3.272,3.268315,10.52437574,27.88848579,1
11:20:51,3.272,3.268557,10.53105369,27.93023884,1
11:20:52,3.273,3.268776,10.53773165,27.97996998,1
11:20:53,3.273,3.269057,10.5444096,28.02684903,1
11:20:54,3.273,3.269312,10.55108756,28.0711472,1
11:20:55,3.274,3.269541,10.55776551,28.12332809,1
11:20:56,3.274,3.269832,10.56444347,28.17255855,1
11:20:57,3.274,3.270094,10.57112142,28.21913064,1
11:20:58,3.274,3.27033,10.57779938,28.2633096,1
11:20:59,3.274,3.270544,10.58447734,28.30532193,1
11:21:00,3.274,3.270737,10.59115529,28.34538221,1
11:21:01,3.274,3.270911,10.59783325,28.38367224,1
11:21:02,3.274,3.27107,10.6045112,28.42036188,1
11:21:03,3.274,3.271213,10.61118916,28.45560014,1
11:21:04,3.274,3.271342,10.61786711,28.48953009,1
11:21:05,3.274,3.27146,10.62454507,28.52226496,1
11:21:06,3.274,3.271566,10.63122302,28.55392,1
11:21:07,3.274,3.271663,10.63790098,28.58458161,1
11:21:08,3.274,3.271752,10.64458,28.61435115,1
11:21:09,3.274,3.271832,10.65125689,28.64330411,1
11:21:10,3.274,3.271906,10.65793484,28.67150605,1
11:21:11,3.274,3.271973,10.6646128,28.69902253,1
11:21:12,3.274,3.272035,10.67129076,28.72591317,1
11:21:13,3.274,3.272091,10.67796871,28.75222564,1
11:21:14,3.274,3.272143,10.68464667,28.77801061,1
11:21:15,3.274,3.272191,10.69132462,28.80330682,1
11:21:16,3.274,3.272235,10.69800258,28.82815003,1
11:21:17,3.274,3.272276,10.70468053,28.85257602,1
11:21:18,3.274,3.272314,10.71135849,28.87661457,1
11:21:19,3.274,3.272349,10.71803644,28.90029252,1
11:21:20,3.275,3.272382,10.7247144,28.9339304,1
11:21:21,3.274,3.272496,10.73139235,28.95609438,1
11:21:22,3.274,3.272517,10.73807031,28.97805274,1
11:21:23,3.274,3.272536,10.74474826,28.99981141,1
11:21:24,3.274,3.272555,10.75142622,29.02137637,1
11:21:25,3.275,3.272573,10.75810418,29.05305922,1
11:21:26,3.275,3.272674,10.76478213,29.08370495,1
11:21:27,3.275,3.272765,10.77146009,29.11340594,1
11:21:28,3.275,3.272849,10.77813804,29.14224565,1
11:21:29,3.275,3.272925,10.784816,29.17027175,1
11:21:30,3.275,3.272995,10.79149395,29.19761539,1
11:21:31,3.275,3.273058,10.79817191,29.22430336,1
11:21:32,3.275,3.273117,10.80484986,29.25038636,1
11:21:33,3.275,3.273171,10.81152782,29.27591801,1
11:21:34,3.275,3.27322,10.81820577,29.30094004,1
11:21:35,3.275,3.273266,10.82488373,29.32549119,1
11:21:36,3.275,3.273308,10.83156168,29.34960723,1
11:21:37,3.275,3.273347,10.83823964,29.37332094,1
11:21:38,3.275,3.273383,10.8449176,29.39666212,1
11:21:39,3.275,3.273417,10.85159555,29.41965461,1
11:21:40,3.275,3.273449,10.85827,29.44231927,1
11:21:41,3.275,3.273478,10.86495146,29.46467996,1
11:21:42,3.275,3.273506,10.87162942,29.48675454,1
11:21:43,3.275,3.273532,10.87830737,29.50855792,1
11:21:44,3.275,3.273557,10.88498533,29.53010499,1
11:21:45,3.275,3.27358,10.89166328,29.55141366,1
11:21:46,3.275,3.273602,10.89834124,29.57249284,1
11:21:47,3.275,3.273623,10.90501919,29.59335446,1
11:21:48,3.275,3.273643,10.91169715,29.61400747,1
11:21:49,3.275,3.273662,10.9183751,29.63446379,1
11:21:50,3.275,3.273681,10.92505306,29.65472937,1
11:21:51,3.275,3.273699,10.93173102,29.67480719,1
11:21:52,3.275,3.273715,10.93840897,29.69471216,1
11:21:53,3.275,3.273732,10.94508693,29.71444726,1
11:21:54,3.275,3.273748,10.95176488,29.73401546,1
11:21:55,3.275,3.273763,10.95844284,29.75342572,1
11:21:56,3.275,3.273778,10.96512079,29.77267504,1
11:21:57,3.275,3.273793,10.97179875,29.79177535,1
11:21:58,3.275,3.273807,10.9784767,29.81072664,1
11:21:59,3.275,3.273821,10.98515466,29.82953489,1
11:22:00,3.275,3.273834,10.99183261,29.8481971,1
11:22:01,3.275,3.273847,10.99851057,29.86672521,1
11:22:02,3.275,3.273861,11.00518852,29.88511324,1
11:22:03,3.275,3.273874,11.01186648,29.90336716,1
11:22:04,3.275,3.273886,11.01854444,29.92149293,1
11:22:05,3.275,3.273899,11.02522239,29.9394846,1
11:22:06,3.275,3.273911,11.03190035,29.95735109,1
11:22:07,3.275,3.273923,11.0385783,29.97509241,1
11:22:08,3.275,3.273934,11.04525626,29.99271154,1
11:22:09,3.275,3.273946,11.05193421,30.01020551,1
11:22:10,3.275,3.273958,11.05861217,30.02757728,1
11:22:11,3.275,3.27397,11.06529012,30.04482687,1
11:22:12,3.275,3.273981,11.07197,30.06195724,1
11:22:13,3.275,3.273992,11.07864603,30.07897437,1
11:22:14,3.275,3.274003,11.08532399,30.09587228,1
11:22:15,3.275,3.274014,11.09200194,30.11265397,1
11:22:16,3.275,3.274025,11.0986799,30.12932241,1
11:22:17,3.275,3.274036,11.10535786,30.14587462,1
11:22:18,3.275,3.274047,11.11203581,30.16231358,1
11:22:19,3.275,3.274058,11.11871377,30.17864,1
11:22:20,3.275,3.274068,11.12539172,30.19485772,1
11:22:21,3.275,3.274079,11.13206968,30.21096289,1
11:22:22,3.275,3.274089,11.13874763,30.22696078,1
11:22:23,3.275,3.2741,11.14542559,30.24285138,1
11:22:24,3.275,3.27411,11.15210354,30.25863767,1
11:22:25,3.275,3.27412,11.1587815,30.27431667,1
11:22:26,3.275,3.27413,11.16545945,30.28989,1
11:22:27,3.275,3.27414,11.17213741,30.30535281,1
11:22:28,3.275,3.274151,11.17881536,30.32070994,1
11:22:29,3.275,3.27416,11.18549332,30.33596575,1
11:22:30,3.275,3.27417,11.19217128,30.35111725,1
11:22:31,3.275,3.27418,11.19884923,30.36616445,1
11:22:32,3.275,3.27419,11.20552719,30.38111,1
11:22:33,3.275,3.2742,11.21220514,30.39594889,1
11:22:34,3.275,3.274209,11.2188831,30.4106921,1
11:22:35,3.275,3.274219,11.22556105,30.42533398,1
11:22:36,3.276,3.274229,11.23223901,30.45007885,1
11:22:37,3.276,3.274321,11.23891696,30.47388494,1
11:22:38,3.276,3.274405,11.24559492,30.49683273,1
11:22:39,3.276,3.274481,11.25227287,30.51900268,1
11:22:40,3.276,3.27455,11.25895083,30.54046333,1
11:22:41,3.276,3.274613,11.26562878,30.56128025,1
11:22:42,3.277,3.274671,11.27230674,30.59169054,1
11:22:43,3.277,3.274806,11.2789847,30.62072396,1
11:22:44,3.278,3.274928,11.28566,30.65869212,1
11:22:45,3.278,3.275121,11.29234061,30.69469333,1
11:22:46,3.278,3.275296,11.29901856,30.72891831,1
11:22:47,3.279,3.275453,11.30569652,30.77172339,1
11:22:48,3.279,3.275678,11.31237447,30.81224263,1
11:22:49,3.28,3.275881,11.31905243,30.8608979,1
11:22:50,3.28,3.276147,11.32573038,30.90685606,1
11:22:51,3.28,3.276386,11.33240834,30.95038533,1
11:22:52,3.28,3.276603,11.33908629,30.99172413,1
11:22:53,3.281,3.276798,11.34576425,31.04128242,1
11:22:54,3.281,3.277056,11.3524422,31.08822405,1
11:22:55,3.281,3.27729,11.35912016,31.13280237,1
11:22:56,3.281,3.2775,11.36579812,31.17524981,1
11:22:57,3.281,3.277691,11.37247607,31.21576905,1
11:22:58,3.281,3.277863,11.37915403,31.25454485,1
11:22:59,3.281,3.278019,11.38583198,31.29174113,1
11:23:00,3.281,3.27816,11.39250994,31.32750988,1
11:23:01,3.281,3.278288,11.39918789,31.36197925,1
11:23:02,3.281,3.278404,11.40586585,31.39527738,1
11:23:03,3.281,3.27851,11.4125438,31.42749965,1
11:23:04,3.281,3.278606,11.41922176,31.45878017,1
11:23:05,3.281,3.278694,11.42589971,31.48913,1
11:23:06,3.281,3.278774,11.43257767,31.5186739,1
11:23:07,3.281,3.278848,11.43925563,31.5474689,1
11:23:08,3.281,3.278915,11.44593358,31.57558143,1
11:23:09,3.281,3.278977,11.45261154,31.60306513,1
11:23:10,3.281,3.279034,11.45928949,31.62997067,1
11:23:11,3.281,3.279086,11.46596745,31.65634274,1
11:23:12,3.281,3.279135,11.4726454,31.6822201,1
11:23:13,3.281,3.27918,11.47932336,31.7076385,1
11:23:14,3.281,3.279221,11.48600131,31.73263073,1
11:23:15,3.281,3.27926,11.49267927,31.75722659,1
11:23:16,3.281,3.279296,11.49936,31.78145289,1
11:23:17,3.281,3.27933,11.50603518,31.80533051,1
11:23:18,3.281,3.279362,11.51271313,31.82888329,1
11:23:19,3.282,3.27939,11.51939109,31.86245263,1
11:23:20,3.281,3.279496,11.52606905,31.88462,1
11:23:21,3.282,3.279513,11.532747,31.9169,1
11:23:22,3.281,3.27961,11.53942496,31.9378823,1
11:23:23,3.282,3.27962,11.54610291,31.96903765,1
11:23:24,3.282,3.27971,11.55278087,31.99925,1
11:23:25,3.282,3.279792,11.55945882,32.02860057,1
11:23:26,3.282,3.279868,11.56613678,32.05714524,1
11:23:27,3.282,3.279938,11.57281473,32.0849508,1
11:23:28,3.282,3.280003,11.57949269,32.11207092,1
11:23:29,3.282,3.280063,11.58617064,32.13855922,1
11:23:30,3.282,3.280118,11.5928486,32.16445744,1
11:23:31,3.282,3.28017,11.59952655,32.18980134,1
11:23:32,3.282,3.280218,11.60620451,32.21463561,1
11:23:33,3.282,3.280263,11.61288247,32.23899305,1
11:23:34,3.282,3.280305,11.61956042,32.26290345,1
11:23:35,3.282,3.280344,11.62623838,32.28639662,1
11:23:36,3.282,3.280381,11.63291633,32.30949342,1
11:23:37,3.282,3.280415,11.63959429,32.33221769,1
11:23:38,3.282,3.280448,11.64627224,32.3545903,1
11:23:39,3.282,3.280479,11.6529502,32.37662911,1
11:23:40,3.282,3.280509,11.65962815,32.39835203,1
11:23:41,3.282,3.280536,11.66630611,32.41978,1
11:23:42,3.282,3.280563,11.67298406,32.44091272,1
11:23:43,3.282,3.280588,11.67966202,32.46178031,1
11:23:44,3.282,3.280612,11.68633997,32.48238564,1
11:23:45,3.282,3.280636,11.69301793,32.50273764,1
11:23:46,3.282,3.280658,11.69969589,32.52285123,1
11:23:47,3.282,3.28068,11.70637384,32.54273534,1
11:23:48,3.282,3.2807,11.71305,32.56239593,1
11:23:49,3.282,3.28072,11.71972975,32.58184493,1
11:23:50,3.282,3.28074,11.72640771,32.60108829,1
11:23:51,3.282,3.280758,11.73308566,32.62012899,1
11:23:52,3.282,3.280777,11.73976362,32.638973,1
11:23:53,3.282,3.280794,11.74644157,32.65762925,1
11:23:54,3.282,3.280812,11.75311953,32.67610073,1
11:23:55,3.282,3.280828,11.75979748,32.6943934,1
11:23:56,3.282,3.280845,11.76647544,32.71251023,1
11:23:57,3.282,3.280861,11.77315339,32.73046017,1
11:23:58,3.282,3.280877,11.77983135,32.74824023,1
11:23:59,3.282,3.280892,11.78650931,32.76585937,1
11:24:00,3.282,3.280907,11.79318726,32.78332,1
11:24:01,3.282,3.280922,11.79986522,32.80062079,1
11:24:02,3.282,3.280936,11.80654317,32.81777203,1
11:24:03,3.282,3.280951,11.81322113,32.83477426,1
11:24:04,3.282,3.280965,11.81989908,32.85162747,1
11:24:05,3.282,3.280979,11.82657704,32.86833763,1
11:24:06,3.282,3.280993,11.83325499,32.88490176,1
11:24:07,3.282,3.281006,11.83993295,32.90133178,1
11:24:08,3.282,3.281019,11.8466109,32.91762173,1
11:24:09,3.282,3.281032,11.85328886,32.93377459,1
11:24:10,3.282,3.281045,11.85996681,32.94979632,1
11:24:11,3.282,3.281058,11.86664477,32.96568692,1
11:24:12,3.282,3.28107,11.87332273,32.98144937,1
11:24:13,3.282,3.281083,11.88000068,32.99708068,1
11:24:14,3.282,3.281095,11.88667864,33.01258385,1
11:24:15,3.282,3.281107,11.89335659,33.02796483,1
11:24:16,3.282,3.281119,11.90003455,33.0432266,1
11:24:17,3.282,3.281131,11.9067125,33.05836618,1
11:24:18,3.282,3.281142,11.91339046,33.07338357,1
11:24:19,3.282,3.281154,11.92006841,33.08828473,1
11:24:20,3.282,3.281165,11.92675,33.10306966,1
11:24:21,3.282,3.281177,11.93342432,33.11773837,1
11:24:22,3.282,3.281188,11.94010228,33.13229382,1
11:24:23,3.282,3.281199,11.94678023,33.14673901,1
11:24:24,3.282,3.28121,11.95345819,33.16107094,1
11:24:25,3.282,3.281221,11.96013615,33.17529261,1
11:24:26,3.282,3.281232,11.9668141,33.18940699,1
11:24:27,3.282,3.281242,11.97349206,33.20341408,1
11:24:28,3.283,3.281253,11.98017001,33.2269907,1
11:24:29,3.283,3.281344,11.98684797,33.24967623,1
11:24:30,3.283,3.281427,11.99352592,33.27154815,1
11:24:31,3.284,3.281503,12.00020388,33.30233097,1
11:24:32,3.284,3.281653,12.00688183,33.33165646,1
11:24:33,3.284,3.281789,12.01355979,33.35965872,1
11:24:34,3.285,3.281912,12.02023774,33.39608908,1
11:24:35,3.285,3.282104,12.0269157,33.43064785,1
11:24:36,3.286,3.282279,12.03359365,33.47312808,1
11:24:37,3.286,3.282518,12.04027161,33.51328373,1
11:24:38,3.286,3.282734,12.04694957,33.55133832,1
11:24:39,3.286,3.28293,12.05362752,33.58748853,1
11:24:40,3.286,3.283108,12.06030548,33.62191319,1
11:24:41,3.287,3.283269,12.06698343,33.66436064,1
11:24:42,3.287,3.283496,12.07366139,33.7046057,1
11:24:43,3.287,3.283701,12.08033934,33.74285698,1
11:24:44,3.287,3.283888,12.0870173,33.77929926,1
11:24:45,3.288,3.284057,12.09369525,33.82365108,1
11:24:46,3.288,3.284291,12.10037321,33.86573493,1
11:24:47,3.288,3.284504,12.10705116,33.90576243,1
11:24:48,3.288,3.284696,12.11372912,33.94392431,1
11:24:49,3.288,3.284871,12.12040707,33.98039341,1
11:24:50,3.288,3.28503,12.12708503,34.01532471,1
11:24:51,3.288,3.285175,12.13376299,34.04885828,1
11:24:52,3.288,3.285306,12.14044,34.08112228,1
11:24:53,3.288,3.285426,12.1471189,34.11222696,1
11:24:54,3.288,3.285535,12.15379685,34.14227962,1
11:24:55,3.288,3.285635,12.16047481,34.17136967,1
11:24:56,3.288,3.285726,12.16715276,34.19957459,1
11:24:57,3.288,3.28581,12.17383072,34.22697484,1
11:24:58,3.288,3.285887,12.18050867,34.253636,1
11:24:59,3.288,3.285957,12.18718663,34.27961469,1
11:25:00,3.288,3.286022,12.19386458,34.3049705,1
11:25:01,3.288,3.286082,12.20054254,34.32974815,1
11:25:02,3.288,3.286137,12.20722049,34.35399532,1
11:25:03,3.288,3.286188,12.21389845,34.37775075,1
11:25:04,3.288,3.286236,12.22057641,34.40105021,1
11:25:05,3.288,3.286279,12.22725436,34.42392647,1
11:25:06,3.288,3.286321,12.23393232,34.44640636,1
11:25:07,3.288,3.286359,12.24061027,34.46851671,1
11:25:08,3.289,3.286395,12.24728823,34.49968398,1
11:25:09,3.288,3.28651,12.25396618,34.52036679,1
11:25:10,3.289,3.286533,12.26064414,34.55021381,1
11:25:11,3.288,3.286637,12.26732209,34.56969261,1
11:25:12,3.288,3.28665,12.27400005,34.58904028,1
11:25:13,3.289,3.286664,12.280678,34.61763263,1
11:25:14,3.289,3.286758,12.28735596,34.64532495,1
11:25:15,3.289,3.286845,12.29403391,34.6721977,1
11:25:16,3.288,3.286924,12.30071187,34.68895555,1
11:25:17,3.289,3.286916,12.30738983,34.71514881,1
11:25:18,3.289,3.28699,12.31406778,34.74064,1
11:25:19,3.289,3.287059,12.32074574,34.76547897,1
11:25:20,3.289,3.287122,12.32742369,34.78972316,1
11:25:21,3.289,3.28718,12.33410165,34.813416,1
11:25:22,3.289,3.287234,12.3407796,34.83659923,1
11:25:23,3.289,3.287284,12.34745756,34.85931456,1
11:25:24,3.289,3.28733,12.35414,34.88159,1
11:25:25,3.289,3.287373,12.36081347,34.9034667,1
11:25:26,3.289,3.287412,12.36749142,34.92477834,1
11:25:27,3.289,3.287449,12.37416938,34.94541049,1
11:25:28,3.289,3.287483,12.38084733,34.96541381,1
11:25:29,3.289,3.287515,12.38752529,34.98488665,1
11:25:30,3.289,3.287545,12.39420325,35.00385582,1
11:25:31,3.289,3.287571,12.4008812,35.02242267,1
11:25:32,3.289,3.287593,12.40755916,35.04061401,1
11:25:33,3.289,3.287615,12.41423711,35.05847454,1
11:25:34,3.289,3.287636,12.42091507,35.07600725,1
11:25:35,3.289,3.287655,12.42759302,35.09327471,1
11:25:36,3.289,3.287673,12.43427098,35.11027098,1
11:25:37,3.289,3.287691,12.44094893,35.12727916,1
11:25:38,3.289,3.287709,12.44762689,35.14428735,1
11:25:39,3.289,3.287725,12.45430484,35.16128063,1
11:25:40,3.289,3.287741,12.4609828,35.17825007,1
11:25:41,3.289,3.287757,12.46766075,35.19518375,1
11:25:42,3.289,3.287772,12.47433871,35.21209359,1
11:25:43,3.289,3.287787,12.48101667,35.22893488,1
11:25:44,3.289,3.287802,12.48769462,35.24572253,1
11:25:45,3.289,3.287816,12.49437258,35.26245058,1
11:25:46,3.289,3.28783,12.50105053,35.27911305,1
11:25:47,3.289,3.287843,12.50772774,35.29572189,1
11:25:48,3.289,3.287856,12.51440495,35.3122592,1
11:25:49,3.289,3.287869,12.52108216,35.32870412,1
11:25:50,3.289,3.287882,12.52775937,35.34508944,1
11:25:51,3.289,3.287894,12.53443658,35.36139727,1
11:25:52,3.289,3.287907,12.54111379,35.37760973,1
11:25:53,3.289,3.287919,12.547791,35.39374173,1
11:25:54,3.289,3.287931,12.55446821,35.40979028,1
11:25:55,3.289,3.287942,12.56114542,35.42576,1
11:25:56,3.289,3.287954,12.56782264,35.44166088,1
11:25:57,3.289,3.287965,12.57449985,35.45746505,1
11:25:58,3.289,3.287976,12.58117706,35.4731828,1
11:25:59,3.289,3.287987,12.58785427,35.4888171,1
11:26:00,3.289,3.287998,12.59453148,35.50436497,1
11:26:01,3.289,3.288009,12.60121,35.51983237,1
11:26:02,3.289,3.288019,12.6078859,35.53522825,1
11:26:03,3.289,3.28803,12.61456311,35.55053771,1
11:26:04,3.289,3.28804,12.62124032,35.56574881,1
11:26:05,3.289,3.288051,12.62791753,35.58087945,1
11:26:06,3.289,3.288061,12.63459474,35.59592664,1
11:26:07,3.289,3.288071,12.64127195,35.61090231,1
11:26:08,3.289,3.288081,12.64794916,35.62578261,1
11:26:09,3.289,3.288091,12.65462637,35.64058244,1
11:26:10,3.289,3.288101,12.66130358,35.65529883,1
11:26:11,3.289,3.28811,12.66798079,35.66993177,1
11:26:12,3.289,3.28812,12.674658,35.68449616,1
11:26:13,3.289,3.28813,12.68133521,35.69896817,1
11:26:14,3.289,3.288139,12.68801242,35.71335971,1
11:26:15,3.289,3.288148,12.69468963,35.72767079,1
11:26:16,3.289,3.288158,12.70136684,35.74190438,1
11:26:17,3.289,3.288167,12.70804,35.75605452,1
11:26:18,3.289,3.288176,12.71472126,35.7701391,1
11:26:19,3.289,3.288185,12.72139847,35.78413427,1
11:26:20,3.289,3.288194,12.72807568,35.79805195,1
11:26:21,3.289,3.288203,12.73475289,35.81189215,1
11:26:22,3.289,3.288212,12.7414301,35.82566679,1
11:26:23,3.289,3.288221,12.74810731,35.83935201,1
11:26:24,3.289,3.28823,12.75478452,35.85296273,1
11:26:25,3.289,3.288239,12.76146173,35.86649597,1
11:26:26,3.289,3.288247,12.76813895,35.8799547,1
11:26:27,3.289,3.288256,12.77481616,35.89333892,1
11:26:28,3.289,3.288264,12.78149337,35.90666056,1
11:26:29,3.289,3.288273,12.78817058,35.91990769,1
11:26:30,3.29,3.288281,12.79484779,35.9420985,1
11:26:31,3.29,3.28837,12.801525,35.96348763,1
11:26:32,3.29,3.288451,12.80820221,35.98417342,1
11:26:33,3.29,3.288526,12.81488,36.0041678,1
11:26:34,3.29,3.288593,12.82155663,36.02355719,1
11:26:35,3.291,3.288654,12.82823384,36.05142832,1
11:26:36,3.291,3.288791,12.83491105,36.07806861,1
11:26:37,3.291,3.288916,12.84158826,36.10358834,1
11:26:38,3.292,3.289028,12.84826547,36.13713682,1
11:26:39,3.292,3.289212,12.85494268,36.16907001,1
11:26:40,3.293,3.289378,12.86161989,36.20850146,1
11:26:41,3.293,3.289609,12.8682971,36.24584675,1
11:26:42,3.293,3.289818,12.87497431,36.2813,1
11:26:43,3.294,3.290008,12.88165152,36.32408679,1
11:26:44,3.294,3.290261,12.88832873,36.36464477,1
11:26:45,3.295,3.290489,12.89500594,36.4121139,1
11:26:46,3.295,3.290777,12.90168315,36.45697236,1
11:26:47,3.295,3.291038,12.90836036,36.49947047,1
11:26:48,3.295,3.291274,12.91503757,36.53982878,1
11:26:49,3.296,3.291487,12.92171,36.58729196,1
11:26:50,3.296,3.291762,12.92839199,36.63226366,1
11:26:51,3.296,3.292011,12.9350692,36.67498231,1
11:26:52,3.296,3.292236,12.94174641,36.71565652,1
11:26:53,3.296,3.29244,12.94842362,36.75447702,1
11:26:54,3.296,3.292626,12.95510083,36.79161668,1
11:26:55,3.296,3.292794,12.96177804,36.82723045,1
11:26:56,3.296,3.292947,12.96845526,36.86145544,1
11:26:57,3.296,3.293086,12.97513247,36.89442277,1
11:26:58,3.296,3.293212,12.98180968,36.92624271,1
11:26:59,3.296,3.293327,12.98848689,36.95701659,1
11:27:00,3.296,3.293432,12.9951641,36.98683977,1
11:27:01,3.296,3.293528,13.00184131,37.01579273,1
11:27:02,3.296,3.293616,13.00851852,37.0439887,1
11:27:03,3.296,3.293696,13.01519573,37.07142,1
11:27:04,3.296,3.29377,13.02187294,37.09822,1
11:27:05,3.296,3.293837,13.02855,37.12436855,1
11:27:06,3.296,3.293899,13.03522736,37.1499896,1
11:27:07,3.296,3.293957,13.04190457,37.17508912,1
11:27:08,3.296,3.294009,13.04858178,37.199682,1
11:27:09,3.296,3.294058,13.05525899,37.2238636,1
11:27:10,3.296,3.294104,13.0619362,37.24760413,1
11:27:11,3.296,3.294145,13.06861341,37.27096915,1
11:27:12,3.296,3.294184,13.07529062,37.29398549,1
11:27:13,3.296,3.29422,13.08196783,37.31667697,1
11:27:14,3.296,3.294255,13.08864504,37.33905852,1
11:27:15,3.297,3.294286,13.09532225,37.3701632,1
11:27:16,3.296,3.294398,13.10199946,37.39126027,1
11:27:17,3.296,3.294418,13.10867667,37.41217554,1
11:27:18,3.296,3.294437,13.11535388,37.43292391,1
11:27:19,3.296,3.294456,13.12203109,37.45352626,1
11:27:20,3.297,3.294473,13.1287083,37.48295009,1
11:27:21,3.296,3.294572,13.13539,37.50248,1
11:27:22,3.296,3.294581,13.14206272,37.52193153,1
11:27:23,3.297,3.29459,13.14873993,37.55034804,1
11:27:24,3.297,3.294681,13.15541714,37.57794499,1
11:27:25,3.297,3.294764,13.16209435,37.60475814,1
11:27:26,3.297,3.29484,13.16877156,37.63088882,1
11:27:27,3.297,3.294909,13.17544878,37.65639663,1
11:27:28,3.297,3.294973,13.18212599,37.68132925,1
11:27:29,3.297,3.295032,13.1888032,37.70573437,1
11:27:30,3.297,3.295086,13.19548041,37.7296567,1
11:27:31,3.297,3.295136,13.20215762,37.75315583,1
11:27:32,3.297,3.295182,13.20883483,37.7762109,1
11:27:33,3.297,3.295224,13.21551204,37.79888451,1
11:27:34,3.297,3.295264,13.22218925,37.82123029,1
11:27:35,3.297,3.295301,13.22886646,37.84321547,1
11:27:36,3.297,3.295335,13.23554367,37.86489367,1
11:27:37,3.297,3.295367,13.24222,37.88628578,1
11:27:38,3.297,3.295397,13.24889809,37.90740669,1
11:27:39,3.297,3.295425,13.2555753,37.92827725,1
11:27:40,3.297,3.295452,13.26225251,37.9489094,1
11:27:41,3.297,3.295477,13.26892972,37.96932101,1
11:27:42,3.297,3.295501,13.27560693,37.98951805,1
11:27:43,3.297,3.295523,13.28228414,38.00953925,1
11:27:44,3.297,3.295544,13.28896135,38.02934587,1
11:27:45,3.297,3.295564,13.29563856,38.04897368,1
11:27:46,3.297,3.295583,13.30231577,38.06842864,1
11:27:47,3.297,3.295602,13.30899298,38.08772266,1
11:27:48,3.297,3.295619,13.31567019,38.10685873,1
11:27:49,3.297,3.295636,13.3223474,38.12586069,1
11:27:50,3.297,3.295653,13.32902461,38.14469576,1
11:27:51,3.297,3.295669,13.33570182,38.16340864,1
11:27:52,3.297,3.295684,13.34237903,38.18196356,1
11:27:53,3.297,3.295699,13.34906,38.20038736,1
11:27:54,3.297,3.295713,13.35573345,38.21868598,1
11:27:55,3.297,3.295727,13.36241066,38.23685944,1
11:27:56,3.297,3.295741,13.36908787,38.25491071,1
11:27:57,3.297,3.295753,13.37576509,38.27284873,1
11:27:58,3.297,3.295766,13.3824423,38.29069,1
11:27:59,3.297,3.295779,13.38911951,38.30839992,1
11:28:00,3.297,3.295791,13.39579672,38.32601905,1
11:28:01,3.297,3.295804,13.40247393,38.34351003,1
11:28:02,3.297,3.295815,13.40915114,38.36089671,1
11:28:03,3.297,3.295827,13.41582835,38.37817609,1
11:28:04,3.297,3.295839,13.42250556,38.39535415,1
11:28:05,3.297,3.29585,13.42918277,38.41243386,1
11:28:06,3.297,3.295861,13.43585998,38.42941523,1
11:28:07,3.297,3.295872,13.44253719,38.44631612,1
11:28:08,3.297,3.295883,13.4492144,38.46310079,1
11:28:09,3.297,3.295894,13.45589,38.47979009,1
11:28:10,3.297,3.295904,13.46256882,38.49638999,1
11:28:11,3.297,3.295914,13.46924603,38.51289451,1
11:28:12,3.297,3.295925,13.47592324,38.52930963,1
11:28:13,3.297,3.295935,13.48260045,38.54563236,1
11:28:14,3.297,3.295945,13.48927766,38.56188357,1
11:28:15,3.297,3.295955,13.49595487,38.57802451,1
11:28:16,3.297,3.295965,13.50263208,38.59409988,1
11:28:17,3.297,3.295975,13.50930929,38.61008286,1
11:28:18,3.297,3.295985,13.5159865,38.62596154,1
11:28:19,3.297,3.295994,13.52266371,38.64175677,1
11:28:20,3.297,3.296004,13.52934092,38.65746856,1
11:28:21,3.297,3.296013,13.53601813,38.6730969,1
11:28:22,3.297,3.296022,13.54269534,38.68866,1
11:28:23,3.297,3.296032,13.54937255,38.70412111,1
11:28:24,3.297,3.296041,13.55604976,38.71950209,1
11:28:25,3.297,3.29605,13.56273,38.7348026,1
11:28:26,3.297,3.296059,13.56940418,38.75001967,1
11:28:27,3.297,3.296068,13.5760814,38.76515925,1
11:28:28,3.297,3.296077,13.58275861,38.78021538,1
11:28:29,3.297,3.296086,13.58943582,38.79519403,1
11:28:30,3.297,3.296095,13.59611303,38.81009221,1
11:28:31,3.297,3.296103,13.60279024,38.82491589,1
11:28:32,3.297,3.296112,13.60946745,38.83965909,1
11:28:33,3.297,3.296121,13.61614466,38.8543278,1
11:28:34,3.297,3.296129,13.62282187,38.86891901,1
11:28:35,3.297,3.296138,13.62949908,38.88343573,1
11:28:36,3.297,3.296146,13.63617629,38.89787495,1
11:28:37,3.297,3.296155,13.6428535,38.91223967,1
11:28:38,3.297,3.296163,13.64953071,38.92652988,1
11:28:39,3.297,3.296171,13.65620792,38.94074559,1
11:28:40,3.297,3.29618,13.66288513,38.95488679,1
11:28:41,3.297,3.296188,13.66956,38.96895349,1
11:28:42,3.298,3.296196,13.67623955,38.99204433,1
11:28:43,3.298,3.296287,13.68291676,39.01431561,1
11:28:44,3.298,3.296369,13.68959397,39.03586864,1
11:28:45,3.299,3.296443,13.69627118,39.06585276,1
11:28:46,3.299,3.296594,13.70294839,39.09442425,1
11:28:47,3.299,3.29673,13.7096256,39.12175894,1
11:28:48,3.3,3.296854,13.71630281,39.15706873,1
11:28:49,3.3,3.297048,13.72298002,39.19065893,1
11:28:50,3.3,3.297224,13.72965723,39.2226398,1
11:28:51,3.301,3.297384,13.73633444,39.26227987,1
11:28:52,3.301,3.297611,13.74301165,39.2998457,1
11:28:53,3.301,3.297817,13.74968886,39.33548331,1
11:28:54,3.302,3.298003,13.75636607,39.37858343,1
11:28:55,3.302,3.298254,13.76304328,39.41932917,1
11:28:56,3.302,3.298481,13.76972049,39.45806026,1
11:28:57,3.302,3.298687,13.7764,39.49485421,1
11:28:58,3.303,3.298873,13.78307492,39.53903615,1
11:28:59,3.302,3.299125,13.78975213,39.57188725,1
11:29:00,3.303,3.29927,13.79642934,39.61244822,1
11:29:01,3.303,3.299484,13.80310655,39.65111375,1
11:29:02,3.303,3.299679,13.80978376,39.68794644,1
11:29:03,3.303,3.299855,13.81646097,39.72322345,1
11:29:04,3.303,3.300014,13.82313818,39.75703716,1
11:29:05,3.303,3.300159,13.82981539,39.78947997,1
11:29:06,3.303,3.300292,13.8364926,39.82076347,1
11:29:07,3.303,3.300412,13.84316981,39.85094726,1
11:29:08,3.303,3.300521,13.84984702,39.88009095,1
11:29:09,3.303,3.30062,13.85652423,39.90833163,1
11:29:10,3.303,3.300711,13.86320144,39.93574679,1
11:29:11,3.303,3.300794,13.86987865,39.96240795,1
11:29:12,3.303,3.30087,13.87655586,39.98837769,1
11:29:13,3.303,3.300939,13.88323,40.01371861,1
11:29:14,3.303,3.301003,13.88991028,40.03848135,1
11:29:15,3.303,3.301061,13.89658749,40.06271064,1
11:29:16,3.303,3.301115,13.9032647,40.08645415,1
11:29:17,3.303,3.301164,13.90994191,40.10974765,1
11:29:18,3.303,3.30121,13.91661912,40.13265669,1
11:29:19,3.303,3.301252,13.92329633,40.15514851,1
11:29:20,3.303,3.301291,13.92997354,40.17731845,1
11:29:21,3.303,3.301328,13.93665075,40.19912481,1
11:29:22,3.303,3.301362,13.94332796,40.22062719,1
11:29:23,3.303,3.301393,13.95000517,40.24184644,1
11:29:24,3.303,3.301422,13.95668238,40.26279747,1
11:29:25,3.303,3.30145,13.96335959,40.28349817,1
11:29:26,3.303,3.301476,13.9700368,40.30399,1
11:29:27,3.303,3.3015,13.97671402,40.3242439,1
11:29:28,3.303,3.301523,13.98339123,40.34428596,1
11:29:29,3.303,3.301544,13.99007,40.36415517,1
11:29:30,3.304,3.301565,13.99674565,40.39290547,1
11:29:31,3.303,3.301667,14.00342286,40.41163921,1
11:29:32,3.303,3.301678,14.01010007,40.43030143,1
11:29:33,3.303,3.301688,14.01677728,40.44884741,1
11:29:34,3.303,3.301698,14.02345449,40.46729803,1
11:29:35,3.303,3.301709,14.0301317,40.48565924,1
11:29:36,3.303,3.301719,14.03680891,40.50394893,1
11:29:37,3.303,3.301729,14.04348612,40.52212536,1
11:29:38,3.304,3.301739,14.05016333,40.54926336,1
11:29:39,3.303,3.301832,14.05684054,40.56650996,1
11:29:40,3.303,3.301834,14.06351775,40.58375955,1
11:29:41,3.304,3.301837,14.07019496,40.61001539,1
11:29:42,3.304,3.301923,14.07687217,40.63552916,1
11:29:43,3.304,3.302002,14.08354938,40.66029489,1
11:29:44,3.304,3.302074,14.09022659,40.68444371,1
11:29:45,3.304,3.302139,14.0969,40.70799649,1
11:29:46,3.304,3.302199,14.10358101,40.7309711,1
11:29:47,3.304,3.302255,14.11025822,40.75344801,1
11:29:48,3.304,3.302305,14.11693543,40.77546597,1
11:29:49,3.304,3.302352,14.12361264,40.79706371,1
11:29:50,3.303,3.302395,14.13028985,40.8092171,1
11:29:51,3.304,3.302352,14.13696706,40.83081782,1
11:29:52,3.304,3.302397,14.14364427,40.85201323,1
11:29:53,3.304,3.302438,14.15032148,40.87286294,1
11:29:54,3.304,3.302477,14.15699869,40.89333415,1
11:29:55,3.304,3.302512,14.1636759,40.91351628,1
11:29:56,3.304,3.302545,14.17035311,40.93339443,1
11:29:57,3.304,3.302575,14.17703032,40.95297456,1
11:29:58,3.304,3.302604,14.18370754,40.97229838,1
11:29:59,3.304,3.30263,14.19038475,40.99138379,1
11:30:00,3.304,3.302655,14.19706196,41.01026654,1
11:30:01,3.304,3.302679,14.20374,41.0289377,1
11:30:02,3.304,3.3027,14.21041638,41.04741216,1
11:30:03,3.304,3.302721,14.21709359,41.06569886,1
11:30:04,3.304,3.302741,14.2237708,41.08380675,1
11:30:05,3.304,3.302759,14.23044801,41.10172689,1
11:30:06,3.304,3.302777,14.23712522,41.11948907,1
11:30:07,3.304,3.302793,14.24380243,41.13710523,1
11:30:08,3.304,3.302809,14.25047964,41.15457833,1
11:30:09,3.304,3.302824,14.25715685,41.17191434,1
11:30:10,3.304,3.302839,14.26383406,41.1891222,1
11:30:11,3.304,3.302852,14.27051127,41.20620489,1
11:30:12,3.304,3.302866,14.27718848,41.22316539,1
11:30:13,3.304,3.302879,14.28386569,41.24002755,1
11:30:14,3.304,3.302892,14.2905429,41.25675857,1
11:30:15,3.304,3.302904,14.29722011,41.27338231,1
11:30:16,3.304,3.302915,14.30389732,41.2899,1
11:30:17,3.304,3.302927,14.31057,41.30633771,1
11:30:18,3.304,3.302938,14.31725174,41.32265449,1
11:30:19,3.304,3.302949,14.32392895,41.33886993,1
11:30:20,3.304,3.302959,14.33060616,41.35499299,1
11:30:21,3.304,3.30297,14.33728337,41.37102067,1
11:30:22,3.304,3.30298,14.34396058,41.38695896,1
11:30:23,3.304,3.30299,14.35063779,41.40282571,1
11:30:24,3.304,3.303,14.357315,41.41858816,1
11:30:25,3.304,3.303009,14.36399221,41.43426418,1
11:30:26,3.304,3.303019,14.37066942,41.44987464,1
11:30:27,3.304,3.303028,14.37734663,41.46538079,1
11:30:28,3.304,3.303037,14.38402385,41.48080647,1
11:30:29,3.304,3.303046,14.39070106,41.49615169,1
11:30:30,3.304,3.303055,14.39737827,41.51143432,1
11:30:31,3.304,3.303064,14.40405548,41.52663648,1
11:30:32,3.304,3.303072,14.41073269,41.54176116,1
11:30:33,3.304,3.303081,14.41741,41.55679047,1
11:30:34,3.304,3.30309,14.42408711,41.57174528,1
11:30:35,3.304,3.303098,14.43076432,41.5866375,1
11:30:36,3.304,3.303106,14.43744153,41.60145521,1
11:30:37,3.304,3.303115,14.44411874,41.61619842,1
11:30:38,3.304,3.303123,14.45079595,41.63085222,1
11:30:39,3.304,3.303131,14.45747316,41.6454494,1
11:30:40,3.304,3.303139,14.46415037,41.65997505,1
11:30:41,3.304,3.303147,14.47082758,41.67441428,1
11:30:42,3.304,3.303155,14.47750479,41.68878198,1
11:30:43,3.304,3.303163,14.484182,41.70308113,1
11:30:44,3.304,3.30317,14.49085921,41.71732366,1
11:30:45,3.304,3.303178,14.49753642,41.73148572,1
11:30:46,3.304,3.303186,14.50421363,41.74559116,1
11:30:47,3.304,3.303193,14.51089084,41.75962806,1
11:30:48,3.304,3.303201,14.51756805,41.77358449,1
11:30:49,3.304,3.303208,14.52425,41.78747237,1
11:30:50,3.304,3.303216,14.53092247,41.8012917,1
11:30:51,3.304,3.303223,14.53759968,41.81504548,1
11:30:52,3.304,3.303231,14.54427689,41.82873666,1
11:30:53,3.304,3.303238,14.5509541,41.84237421,1
11:30:54,3.304,3.303245,14.55763131,41.85593426,1
11:30:55,3.304,3.303252,14.56430852,41.86942875,1
11:30:56,3.304,3.30326,14.57098573,41.88285768,1
11:30:57,3.304,3.303267,14.57766294,41.89622402,1
11:30:58,3.304,3.303273,14.58434016,41.90953076,1
11:30:59,3.304,3.303281,14.59101737,41.92277193,1
11:31:00,3.304,3.303288,14.59769458,41.93595052,1
11:31:01,3.304,3.303294,14.60437179,41.9490695,1
11:31:02,3.304,3.303301,14.611049,41.9621259,1
11:31:03,3.304,3.303308,14.61772621,41.97512,1
11:31:04,3.304,3.303315,14.62440342,41.98804796,1
11:31:05,3.304,3.303322,14.63108,42.0009166,1
11:31:06,3.304,3.303329,14.63775784,42.01372862,1
11:31:07,3.304,3.303335,14.64443505,42.02647805,1
11:31:08,3.304,3.303342,14.65111226,42.03916788,1
11:31:09,3.304,3.303349,14.65778947,42.05179811,1
11:31:10,3.304,3.303355,14.66446668,42.06436872,1
11:31:11,3.304,3.303362,14.67114389,42.07689166,1
11:31:12,3.304,3.303368,14.6778211,42.08935499,1
11:31:13,3.304,3.303375,14.68449831,42.1017468,1
11:31:14,3.304,3.303381,14.69117552,42.11408198,1
11:31:15,3.304,3.303388,14.69785273,42.12636054,1
11:31:16,3.304,3.303394,14.70452994,42.13859141,1
11:31:17,3.304,3.303401,14.71120715,42.15075374,1
11:31:18,3.304,3.303407,14.71788436,42.16285646,1
11:31:19,3.304,3.303413,14.72456157,42.17490554,1
11:31:20,3.304,3.303419,14.73123878,42.18689799,1
11:31:21,3.304,3.303425,14.73792,42.1988368,1
11:31:22,3.305,3.303432,14.7445932,42.21985936,1
11:31:23,3.305,3.303521,14.75127041,42.24006534,1
11:31:24,3.305,3.303603,14.75794762,42.25952923,1
11:31:25,3.305,3.303677,14.76462483,42.2783196,1
11:31:26,3.305,3.303744,14.77130204,42.29649603,1
11:31:27,3.305,3.303805,14.77797925,42.31411219,1
11:31:28,3.306,3.303861,14.78465647,42.34040976,1
11:31:29,3.306,3.303995,14.79133368,42.36543477,1
11:31:30,3.306,3.304117,14.79801089,42.38934815,1
11:31:31,3.306,3.304227,14.8046881,42.41225123,1
11:31:32,3.306,3.304327,14.81136531,42.43426919,1
11:31:33,3.307,3.304419,14.81804252,42.46456921,1
11:31:34,3.307,3.304585,14.82471973,42.49334931,1
11:31:35,3.307,3.304735,14.83139694,42.52075553,1
11:31:36,3.307,3.304871,14.83807415,42.54691303,1
11:31:37,3.307,3.304995,14.84475,42.57194102,1
11:31:38,3.307,3.305107,14.85142857,42.59594083,1
11:31:39,3.307,3.305208,14.85810578,42.61904061,1
11:31:40,3.308,3.305301,14.86478299,42.65041,1
11:31:41,3.308,3.305468,14.8714602,42.6802516,1
11:31:42,3.308,3.30562,14.87813741,42.70869792,1
11:31:43,3.308,3.305758,14.88481462,42.73592532,1
11:31:44,3.309,3.305882,14.89149183,42.77110398,1
11:31:45,3.309,3.306079,14.89816904,42.80448258,1
11:31:46,3.309,3.306257,14.90484625,42.83622801,1
11:31:47,3.309,3.306419,14.91152346,42.86649227,1
11:31:48,3.309,3.306565,14.91820067,42.89542139,1
11:31:49,3.31,3.306698,14.92487788,42.932266,1
11:31:50,3.31,3.306901,14.93155509,42.96724498,1
11:31:51,3.31,3.307086,14.9382323,43.00052822,1
11:31:52,3.31,3.307254,14.94490951,43.03227961,1
11:31:53,3.31,3.307405,14.95159,43.06263924,1
11:31:54,3.31,3.307543,14.95826393,43.09178293,1
11:31:55,3.31,3.307668,14.96494114,43.11973453,1
11:31:56,3.31,3.307781,14.97161835,43.146649,1
11:31:57,3.31,3.307885,14.97829556,43.17261577,1
11:31:58,3.31,3.307978,14.98497277,43.19776595,1
11:31:59,3.31,3.308062,14.99164999,43.22210252,1
11:32:00,3.31,3.308139,14.9983272,43.24574471,1
11:32:01,3.31,3.308208,15.00500441,43.26874912,1
11:32:02,3.31,3.308272,15.01168162,43.29117537,1
11:32:03,3.31,3.308331,15.01835883,43.31306815,1
11:32:04,3.31,3.308383,15.02503604,43.33451092,1
11:32:05,3.31,3.308432,15.03171325,43.35547984,1
11:32:06,3.31,3.308477,15.03839046,43.37604642,1
11:32:07,3.31,3.308518,15.04506767,43.39624047,1
11:32:08,3.31,3.308555,15.05174488,43.41609478,1
11:32:09,3.31,3.30859,15.05842,43.43566298,1
11:32:10,3.31,3.308622,15.0650993,43.45493913,1
11:32:11,3.31,3.308651,15.07177651,43.47395003,1
11:32:12,3.31,3.308679,15.07845372,43.49268675,1
11:32:13,3.31,3.308704,15.08513093,43.51121783,1
11:32:14,3.31,3.308728,15.09180814,43.52951,1
11:32:15,3.31,3.30875,15.09848535,43.54760647,1
11:32:16,3.31,3.308771,15.10516256,43.56551766,1
11:32:17,3.31,3.30879,15.11183977,43.58325899,1
11:32:18,3.31,3.308808,15.11851698,43.60083938,1
11:32:19,3.31,3.308825,15.12519419,43.61826479,1
11:32:20,3.31,3.308841,15.1318714,43.63555014,1
11:32:21,3.31,3.308856,15.13854861,43.65270138,1
11:32:22,3.31,3.308871,15.14522582,43.66972446,1
11:32:23,3.31,3.308885,15.15190303,43.68662536,1
11:32:24,3.31,3.308898,15.15858024,43.70341003,1
11:32:25,3.311,3.30891,15.16526,43.72926652,1
11:32:26,3.31,3.309006,15.17193466,43.74506772,1
11:32:27,3.311,3.309009,15.17861187,43.77003014,1
11:32:28,3.311,3.309096,15.18528908,43.79419982,1
11:32:29,3.311,3.309175,15.1919663,43.81764829,1
11:32:30,3.311,3.309248,15.19864351,43.84044111,1
11:32:31,3.31,3.309314,15.20532072,43.85343194,1
11:32:32,3.31,3.30929,15.21199793,43.86664033,1
11:32:33,3.311,3.30927,15.21867514,43.88924837,1
11:32:34,3.311,3.309335,15.22535235,43.91128719,1
11:32:35,3.311,3.309395,15.23202956,43.93274784,1
11:32:36,3.311,3.30945,15.23870677,43.95370781,1
11:32:37,3.31,3.3095,15.24538398,43.96499097,1
11:32:38,3.31,3.309463,15.25206119,43.97662282,1
11:32:39,3.311,3.30943,15.2587384,43.99778843,1
11:32:40,3.311,3.309484,15.26541561,44.0184623,1
11:32:41,3.311,3.309534,15.27209,44.0386802,1
11:32:42,3.311,3.309579,15.27877003,44.05848682,1
11:32:43,3.31,3.30962,15.28544724,44.06867027,1
11:32:44,3.311,3.309575,15.29212445,44.08854544,1
11:32:45,3.311,3.309618,15.29880166,44.10799742,1
11:32:46,3.311,3.309658,15.30547887,44.12710965,1
11:32:47,3.311,3.309695,15.31215608,44.14586127,1
11:32:48,3.311,3.309729,15.31883329,44.16430593,1
11:32:49,3.311,3.30976,15.3255105,44.18246448,1
11:32:50,3.311,3.309788,15.33218771,44.20036376,1
11:32:51,3.311,3.309815,15.33886492,44.21802163,1
11:32:52,3.311,3.309839,15.34554213,44.23545599,1
11:32:53,3.311,3.309862,15.35221934,44.25270259,1
11:32:54,3.311,3.309884,15.35889655,44.26973164,1
11:32:55,3.311,3.309904,15.36557376,44.28659976,1
11:32:56,3.311,3.309922,15.37225097,44.30327713,1
11:32:57,3.311,3.30994,15.37893,44.31979656,1
11:32:58,3.311,3.309956,15.38560539,44.33618784,1
11:32:59,3.311,3.309972,15.39228261,44.35244,1
11:33:00,3.311,3.309986,15.39895982,44.36852932,1
11:33:01,3.311,3.31,15.40563703,44.38450038,1
11:33:02,3.311,3.310013,15.41231424,44.40035224,1
11:33:03,3.311,3.310026,15.41899145,44.41610873,1
11:33:04,3.311,3.310038,15.42566866,44.43173409,1
11:33:05,3.311,3.310049,15.43234587,44.44725811,1
11:33:06,3.311,3.31006,15.43902308,44.46270466,1
11:33:07,3.311,3.310071,15.44570029,44.47803199,1
11:33:08,3.311,3.310081,15.4523775,44.49328482,1
11:33:09,3.311,3.310091,15.45905471,44.50843334,1
11:33:10,3.311,3.3101,15.46573192,44.52351332,1
11:33:11,3.311,3.310109,15.47240913,44.53848898,1
11:33:12,3.311,3.310118,15.47908634,44.55338418,1
11:33:13,3.311,3.310127,15.48576,44.56820488,1
11:33:14,3.311,3.310135,15.49244076,44.58294809,1
11:33:15,3.311,3.310144,15.49911797,44.59763169,1
11:33:16,3.311,3.310152,15.50579518,44.61222291,1
11:33:17,3.311,3.31016,15.51247239,44.62674558,1
11:33:18,3.311,3.310168,15.5191496,44.64121163,1
11:33:19,3.311,3.310175,15.52582681,44.65559125,1
11:33:20,3.311,3.310183,15.53250402,44.6699053,1
11:33:21,3.311,3.31019,15.53918123,44.68415082,1
11:33:22,3.311,3.310197,15.54585844,44.69833076,1
11:33:23,3.311,3.310205,15.55253565,44.71244514,1
11:33:24,3.311,3.310212,15.55921286,44.72649395,1
11:33:25,3.311,3.310219,15.56589007,44.74049509,1
11:33:26,3.311,3.310225,15.57256728,44.75443363,1
11:33:27,3.311,3.310232,15.57924449,44.76829469,1
11:33:28,3.311,3.310239,15.5859217,44.78209317,1
11:33:29,3.311,3.310246,15.5926,44.79582906,1
11:33:31,3.311,3.310252,15.59927613,44.80952024,1
11:33:31,3.311,3.310259,15.60595334,44.82313395,1
11:33:32,3.311,3.310266,15.61263055,44.83669102,1
11:33:33,3.311,3.310272,15.61930776,44.85018849,1
11:33:34,3.311,3.310278,15.62598497,44.86362934,1
11:33:35,3.311,3.310285,15.63266218,44.87701058,1
11:33:36,3.311,3.310292,15.63933939,44.89033222,1
11:33:37,3.311,3.310297,15.6460166,44.90360022,1
11:33:38,3.311,3.310304,15.65269381,44.91580129,1
11:33:39,3.311,3.31031,15.65937102,44.92684603,1
11:33:40,3.311,3.310315,15.66604823,44.93694007,1
11:33:41,3.311,3.31032,15.67272544,44.9462682,1
11:33:42,3.311,3.310324,15.67940265,44.95495558,1
11:33:43,3.311,3.310329,15.68607986,44.96312141,1
11:33:44,3.311,3.310333,15.69275707,44.97085214,1
11:33:45,3.311,3.310337,15.69943,44.97820139,1
11:33:46,3.311,3.31034,15.70611149,44.98523772,1
11:33:47,3.311,3.310344,15.7127887,44.99199092,1
11:33:48,3.311,3.310347,15.71946591,44.99850869,1
11:33:49,3.311,3.31034,15.72614312,45.00481784,1
11:33:50,3.311,3.310332,15.73282033,45.0109452,1
11:33:51,3.311,3.310325,15.73949754,45.0168848,1
11:33:52,3.311,3.310319,15.74617475,45.02266347,1
11:33:53,3.311,3.310313,15.75285196,45.02831,1
11:33:54,3.311,3.310309,15.75952917,45.03380358,1
11:33:55,3.311,3.310305,15.76620638,45.0391829,1
11:33:56,3.311,3.310301,15.77288359,45.04443705,1
11:33:57,3.311,3.310298,15.7795608,45.04957795,1
11:33:58,3.311,3.310295,15.78623801,45.05461156,1
11:33:59,3.311,3.310292,15.79291523,45.05956173,1
11:34:00,3.311,3.31029,15.79959244,45.06440759,1
11:34:01,3.311,3.310288,15.80627,45.06917298,1
11:34:02,3.311,3.310286,15.81294686,45.07384896,1
11:34:03,3.311,3.310284,15.81962407,45.07842958,1
11:34:04,3.311,3.310282,15.82630128,45.08293569,1
11:34:05,3.311,3.310281,15.83297849,45.08736432,1
11:34:06,3.311,3.31028,15.8396557,45.09170353,1
11:34:07,3.311,3.310278,15.84633291,45.09596527,1
11:34:08,3.311,3.310277,15.85301012,45.10047436,1
11:34:09,3.311,3.310276,15.85968733,45.1053977,1
11:34:10,3.312,3.310275,15.86636454,45.10882497,1
11:34:11,3.312,3.310352,15.87304175,45.11312842,1
11:34:12,3.312,3.310422,15.87971896,45.1181978,1
11:34:13,3.312,3.310484,15.88639617,45.1239109,1
11:34:14,3.312,3.31054,15.89307338,45.13016343,1
11:34:15,3.312,3.310591,15.89975059,45.13687193,1
11:34:16,3.313,3.310637,15.9064278,45.14427,1
11:34:17,3.313,3.310756,15.91311,45.15226185,1
11:34:18,3.313,3.310863,15.91978222,45.16068101,1
11:34:19,3.314,3.310961,15.92645943,45.1704,1
11:34:20,3.314,3.311126,15.93313664,45.18050849,1
11:34:21,3.314,3.311275,15.93981385,45.19097507,1
11:34:22,3.314,3.311409,15.94649106,45.2015996,1
11:34:23,3.315,3.311531,15.95316827,45.21414042,1
11:34:25,3.315,3.311719,15.95984548,45.22671103,1
11:34:25,3.316,3.311888,15.96652269,45.24126,1
11:34:26,3.316,3.312119,15.9731999,45.25588155,1
11:34:27,3.316,3.312327,15.97987711,45.27034461,1
11:34:29,3.316,3.312515,15.98655432,45.28472424,1
11:34:29,3.316,3.312685,15.99323153,45.29900253,1
11:34:30,3.316,3.312838,15.99990875,45.31317,1
11:34:31,3.317,3.312977,16.00658596,45.32974958,1
11:34:32,3.317,3.313179,16.01326317,45.34597099,1
11:34:33,3.317,3.313363,16.01994038,45.36194801,1
11:34:34,3.317,3.313528,16.02661759,45.37768662,1
11:34:35,3.317,3.313677,16.0332948,45.39320171,1
11:34:36,3.317,3.313812,16.03997201,45.40850222,1
11:34:38,3.317,3.313934,16.04664922,45.42367756,1
11:34:38,3.317,3.314044,16.05332643,45.43865919,1
11:34:39,3.317,3.314143,16.06000364,45.4533875,1
11:34:41,3.317,3.314233,16.06668085,45.46795487,1
11:34:42,3.317,3.314314,16.07335806,45.48237622,1
11:34:42,3.317,3.314388,16.08003527,45.49666345,1
11:34:43,3.317,3.314454,16.08671248,45.5108285,1
11:34:44,3.317,3.314514,16.09338969,45.52488029,1
11:34:45,3.317,3.314568,16.1000669,45.53883076,1
11:34:47,3.317,3.314617,16.10674411,45.55268884,1
11:34:47,3.317,3.314662,16.11342132,45.56646,1
11:34:48,3.317,3.314701,16.12009853,45.58016658,1
11:34:49,3.317,3.314738,16.12678,45.59386075,1
11:34:51,3.317,3.31477,16.13345295,45.60743272,1
11:34:52,3.317,3.314801,16.14013016,45.62095106,1
11:34:52,3.317,3.314827,16.14680737,45.63442171,1
11:34:53,3.317,3.314852,16.15348458,45.64785063,1
11:34:55,3.317,3.314874,16.16016179,45.6612438,1
11:34:56,3.317,3.314894,16.166839,45.67466378,1
11:34:56,3.317,3.314913,16.17351621,45.68799436,1
11:34:57,3.317,3.314929,16.18019342,45.70130408,1
11:34:59,3.317,3.314945,16.18687063,45.71459293,1
11:35:00,3.317,3.314958,16.19354784,45.72792,1
11:35:00,3.317,3.314971,16.20022506,45.74117362,1
11:35:01,3.317,3.314982,16.20690227,45.75447142,1
11:35:02,3.317,3.314993,16.21357948,45.76770365,1
11:35:04,3.317,3.315002,16.22025669,45.78092992,1
11:35:04,3.317,3.315011,16.2269339,45.79420686,1
11:35:05,3.317,3.315019,16.23361111,45.80742121,1
11:35:06,3.317,3.315027,16.24028832,45.82063556,1
11:35:08,3.317,3.315033,16.24696553,45.83390653,1
11:35:09,3.317,3.315039,16.25364274,45.84712386,1
11:35:09,3.318,3.315045,16.26031995,45.86369097,1
11:35:10,3.317,3.315128,16.26699716,45.87665498,1
11:35:12,3.317,3.315126,16.27367437,45.88970244,1
11:35:13,3.317,3.315123,16.28035158,45.90272009,1
11:35:13,3.318,3.315121,16.28702879,45.91915905,1
11:35:14,3.318,3.315198,16.293706,45.93545198,1
11:35:16,3.317,3.315267,16.30038321,45.94809115,1
11:35:17,3.318,3.315251,16.30706042,45.9641695,1
11:35:18,3.318,3.315315,16.31373763,45.9800601,1
11:35:18,3.318,3.315373,16.32041484,45.99578381,1
11:35:19,3.318,3.315425,16.32709205,46.01135,1
11:35:21,3.318,3.315473,16.33376926,46.02686167,1
11:35:22,3.318,3.315515,16.34045,46.04224265,1
11:35:22,3.317,3.315554,16.34712368,46.05395496,1
11:35:23,3.318,3.315511,16.35380089,46.069327,1
11:35:25,3.317,3.315551,16.3604781,46.08112574,1
11:35:26,3.318,3.315509,16.36715531,46.0965544,1
11:35:27,3.318,3.315549,16.37383252,46.11187,1
11:35:28,3.318,3.315585,16.38050973,46.12715542,1
11:35:28,3.318,3.315618,16.38718694,46.14227414,1
11:35:30,3.318,3.315647,16.39386415,46.15731239,1
11:35:31,3.318,3.315674,16.40054137,46.1722821,1
11:35:31,3.318,3.315699,16.40721858,46.18725777,1
11:35:33,3.318,3.315721,16.41389579,46.2021023,1
11:35:34,3.318,3.315741,16.420573,46.2169677,1
11:35:35,3.318,3.315759,16.42725021,46.23171985,1
11:35:35,3.318,3.315776,16.43392742,46.24643,1
11:35:36,3.318,3.315791,16.44060463,46.26111686,1
11:35:38,3.318,3.315805,16.44728184,46.27577364,1
11:35:39,3.318,3.315818,16.45395905,46.29040658,1
11:35:40,3.318,3.315829,16.46063626,46.30502164,1
11:35:40,3.318,3.31584,16.46731347,46.31968737,1
11:35:42,3.318,3.315849,16.47399068,46.33433521,1
11:35:43,3.318,3.315858,16.48066789,46.3488996,1
11:35:44,3.318,3.315866,16.4873451,46.36345804,1
11:35:44,3.318,3.315874,16.49402231,46.37807906,1
11:35:46,3.318,3.315881,16.50069952,46.39269114,1
11:35:47,3.318,3.315887,16.50737673,46.40722871,1
11:35:48,3.318,3.315893,16.51405394,46.42176926,1
11:35:49,3.318,3.315898,16.52073115,46.43631279,1
11:35:50,3.318,3.315903,16.52740836,46.45085931,1
11:35:51,3.318,3.315908,16.53408557,46.46547735,1
11:35:52,3.318,3.315912,16.54076278,46.48002684,1
11:35:53,3.318,3.315916,16.54743999,46.49458528,1
11:35:53,3.318,3.31592,16.55412,46.50921822,1
11:35:55,3.318,3.315923,16.56079441,46.52385414,1
11:35:56,3.318,3.315927,16.56747162,46.53842449,1
11:35:57,3.318,3.31593,16.57414883,46.55300677,1
11:35:58,3.318,3.315933,16.58082604,46.56766653,1
11:35:59,3.318,3.315936,16.58750325,46.58233225,1
11:36:00,3.318,3.315938,16.59418046,46.597,1
11:36:01,3.318,3.315941,16.60085768,46.61161602,1
11:36:02,3.318,3.315943,16.60753489,46.62624002,1
11:36:03,3.318,3.315946,16.6142121,46.64087892,1
11:36:04,3.318,3.315948,16.62088931,46.65552974,1
11:36:05,3.318,3.31595,16.62756652,46.67026401,1
11:36:06,3.318,3.315952,16.63424373,46.68493569,1
11:36:06,3.318,3.315954,16.64092094,46.69969082,1
11:36:08,3.318,3.315956,16.64759815,46.71438634,1
11:36:09,3.318,3.315958,16.65427536,46.72909677,1
11:36:10,3.318,3.31596,16.66095257,46.7438221,1
11:36:11,3.318,3.315962,16.66762978,46.75855935,1
11:36:12,3.318,3.315964,16.67430699,46.7733115,1
11:36:13,3.318,3.315966,16.6809842,46.78807557,1
11:36:14,3.318,3.315967,16.68766141,46.80285454,1
11:36:15,3.318,3.315969,16.69433862,46.81771696,1
11:36:16,3.318,3.31597,16.70101583,46.83251977,1
11:36:17,3.318,3.315972,16.70769304,46.8473345,1
11:36:18,3.318,3.315974,16.71437025,46.86216414,1
11:36:19,3.318,3.315975,16.72104746,46.8770802,1
11:36:20,3.318,3.315977,16.72772467,46.89193368,1
11:36:21,3.318,3.315978,16.73440188,46.90687358,1
11:36:22,3.318,3.31598,16.74107909,46.92174792,1
11:36:23,3.318,3.315981,16.7477563,46.93671167,1
11:36:24,3.318,3.315983,16.75443351,46.95161283,1
11:36:25,3.318,3.315984,16.76111072,46.96652889,1
11:36:26,3.318,3.315986,16.76779,46.98145688,1
11:36:27,3.318,3.315987,16.77446514,46.9964,1
11:36:28,3.318,3.315989,16.78114235,47.01143205,1
11:36:29,3.318,3.315991,16.78781956,47.02639878,1
11:36:30,3.318,3.315992,16.79449677,47.04138041,1
11:36:31,3.318,3.315993,16.80117399,47.05644846,1
11:36:32,3.318,3.315995,16.8078512,47.07152545,1
11:36:33,3.318,3.315997,16.81452841,47.08660841,1
11:36:34,3.318,3.315998,16.82120562,47.10170329,1
11:36:35,3.318,3.316,16.82788283,47.1168071,1
11:36:36,3.318,3.316001,16.83456004,47.13192284,1
11:36:37,3.318,3.316002,16.84123725,47.14704752,1
11:36:38,3.318,3.316004,16.84791446,47.16218114,1
11:36:39,3.318,3.316005,16.85459167,47.17732668,1
11:36:40,3.318,3.316007,16.86126888,47.19240963,1
11:36:41,3.318,3.316008,16.86794609,47.20750749,1
11:36:42,3.318,3.31601,16.8746233,47.22262323,1
11:36:43,3.318,3.316011,16.88130051,47.23775387,1
11:36:44,3.318,3.316013,16.88797772,47.25289941,1
11:36:45,3.318,3.316014,16.89465493,47.26805985,1
11:36:46,3.318,3.316016,16.90133214,47.28323519,1
11:36:47,3.318,3.316017,16.90800935,47.29842544,1
11:36:48,3.318,3.316018,16.91468656,47.31370211,1
11:36:49,3.318,3.31602,16.92136377,47.32891321,1
11:36:50,3.318,3.316021,16.92804098,47.34413922,1
11:36:51,3.318,3.316023,16.93471819,47.35945165,1
11:36:52,3.318,3.316024,16.9413954,47.37469852,1
11:36:53,3.318,3.316026,16.94807261,47.39003479,1
11:36:54,3.318,3.316027,16.95474982,47.40530252,1
11:36:55,3.318,3.316029,16.96142703,47.42065966,1
11:36:56,3.318,3.31603,16.96810424,47.43595,1
11:36:57,3.318,3.316032,16.97478145,47.45132923,1
11:36:58,3.318,3.316033,16.98146,47.46664166,1
11:36:59,3.318,3.316035,16.98813587,47.481969,1
11:37:00,3.318,3.316036,16.99481308,47.49738574,1
11:37:01,3.318,3.316038,17.00149029,47.51273394,1
11:37:02,3.318,3.316039,17.00816751,47.52809703,1
11:37:03,3.318,3.316041,17.01484472,47.54354656,1
11:37:04,3.318,3.316042,17.02152193,47.55900502,1
11:37:05,3.319,3.316043,17.02819914,47.57884741,1
11:37:06,3.319,3.316123,17.03487635,47.59836495,1
11:37:07,3.319,3.316194,17.04155356,47.6177007,1
11:37:08,3.319,3.316259,17.04823077,47.63665795,1
11:37:09,3.319,3.316318,17.05490798,47.65538275,1
11:37:10,3.319,3.316371,17.06158519,47.67389596,1
11:37:11,3.32,3.316419,17.0682624,47.69687057,1
11:37:12,3.32,3.31654,17.07493961,47.7191776,1
11:37:13,3.32,3.31665,17.08161682,47.74115682,1
11:37:14,3.32,3.316749,17.08829403,47.76257873,1
11:37:15,3.321,3.316838,17.09497124,47.78833687,1
11:37:16,3.321,3.316997,17.10164845,47.81339467,1
11:37:17,3.321,3.31714,17.10832566,47.83782363,1
11:37:18,3.321,3.31727,17.11500287,47.86153436,1
11:37:19,3.322,3.317387,17.12168008,47.88951576,1
11:37:20,3.322,3.317571,17.12835729,47.91650474,1
11:37:21,3.322,3.317737,17.1350345,47.94277847,1
11:37:22,3.322,3.317887,17.14171171,47.96840549,1
11:37:23,3.323,3.318022,17.14838892,47.99826741,1
11:37:24,3.323,3.318222,17.15506613,48.02704,1
11:37:25,3.323,3.318403,17.16174334,48.05502295,1
11:37:26,3.323,3.318566,17.16842055,48.08247387,1
11:37:27,3.324,3.318714,17.17509776,48.11373949,1
11:37:28,3.324,3.318925,17.18177497,48.14428091,1
11:37:29,3.324,3.319116,17.18845218,48.17376137,1
11:37:30,3.324,3.319288,17.19513,48.20267856,1
11:37:31,3.324,3.319444,17.2018066,48.23070765,1
11:37:32,3.324,3.319584,17.20848382,48.25812578,1
11:37:33,3.325,3.319711,17.21516103,48.28970134,1
11:37:34,3.325,3.319904,17.22183824,48.3204186,1
11:37:35,3.325,3.320078,17.22851545,48.35056663,1
11:37:36,3.325,3.320235,17.23519266,48.3799994,1
11:37:37,3.325,3.320378,17.24186987,48.40878546,1
11:37:38,3.325,3.320506,17.24854708,48.43680263,1
11:37:39,3.325,3.320622,17.25522429,48.46449792,1
11:37:40,3.325,3.320727,17.2619015,48.49154055,1
11:37:41,3.325,3.320822,17.26857871,48.51817191,1
11:37:42,3.325,3.320908,17.27525592,48.54443669,1
11:37:43,3.325,3.320986,17.28193313,48.57037067,1
11:37:44,3.325,3.321056,17.28861034,48.59617352,1
11:37:45,3.325,3.32112,17.29528755,48.62169325,1
11:37:46,3.325,3.321178,17.30196476,48.64679873,1
11:37:47,3.325,3.32123,17.30864197,48.67168963,1
11:37:48,3.325,3.321277,17.31531918,48.69654775,1
11:37:49,3.325,3.321321,17.32199639,48.72106314,1
11:37:50,3.325,3.321359,17.3286736,48.74542952,1
11:37:51,3.325,3.321394,17.33535081,48.76966178,1
11:37:52,3.325,3.321427,17.34202802,48.79377186,1
11:37:53,3.325,3.321456,17.34870523,48.81777465,1
11:37:54,3.325,3.321482,17.35538244,48.84168208,1
11:37:55,3.325,3.321507,17.36205965,48.86550605,1
11:37:56,3.325,3.321529,17.36873686,48.88925254,1
11:37:57,3.325,3.321549,17.37541407,48.91293347,1
11:37:58,3.325,3.321567,17.38209128,48.9367038,1
11:37:59,3.325,3.321584,17.38876849,48.96041155,1
11:38:00,3.325,3.321599,17.3954457,48.98391664,1
11:38:01,3.325,3.321613,17.40212291,49.00738597,1
11:38:02,3.325,3.321626,17.4088,49.0308255,1
11:38:03,3.325,3.321638,17.41547734,49.0542382,1
11:38:04,3.325,3.321649,17.42215455,49.07762706,1
11:38:05,3.326,3.321659,17.42883176,49.10598993,1
11:38:06,3.325,3.321745,17.43550897,49.12910163,1
11:38:07,3.325,3.321746,17.44218618,49.15222526,1
11:38:08,3.326,3.321748,17.44886339,49.18023646,1
11:38:09,3.325,3.321826,17.4555406,49.20286834,1
11:38:10,3.325,3.32182,17.46221781,49.22555983,1
11:38:11,3.325,3.321815,17.46889502,49.24845099,1
11:38:12,3.326,3.32181,17.47557223,49.2762953,1
11:38:13,3.325,3.321884,17.48224944,49.29874539,1
11:38:14,3.326,3.321872,17.48892665,49.32653606,1
11:38:15,3.326,3.321941,17.49560386,49.35400188,1
11:38:16,3.325,3.322002,17.50228107,49.37605262,1
11:38:17,3.326,3.32198,17.50895828,49.40318763,1
11:38:18,3.326,3.322038,17.51563549,49.43024516,1
11:38:19,3.326,3.322091,17.5223127,49.45705533,1
11:38:20,3.326,3.322139,17.52898991,49.48347509,1
11:38:21,3.326,3.322182,17.53566712,49.50988293,1
11:38:22,3.326,3.322221,17.54234433,49.53594506,1
11:38:23,3.326,3.322257,17.54902154,49.56203103,1
11:38:24,3.326,3.322289,17.55569875,49.58780408,1
11:38:25,3.326,3.322319,17.56237596,49.61346686,1
11:38:26,3.325,3.322345,17.56905317,49.63398278,1
11:38:27,3.326,3.322293,17.57573038,49.65983927,1
11:38:28,3.326,3.322322,17.58240759,49.68557954,1
11:38:29,3.326,3.322349,17.5890848,49.7112155,1
11:38:30,3.326,3.322374,17.59576201,49.73692596,1
11:38:31,3.326,3.322397,17.60243922,49.76237416,1
11:38:32,3.326,3.322417,17.60911644,49.78775084,1
11:38:33,3.326,3.322436,17.61579365,49.81306493,1
11:38:34,3.326,3.322453,17.62247,49.8383224,1
11:38:35,3.326,3.322469,17.62914807,49.8636961,1
11:38:36,3.326,3.322483,17.63582528,49.88884926,1
11:38:37,3.326,3.322496,17.64250249,49.91413057,1
11:38:38,3.326,3.322509,17.6491797,49.93646145,1
11:38:39,3.326,3.32252,17.65585691,49.95592237,1
11:38:40,3.326,3.32253,17.66253412,49.97322261,1
11:38:41,3.326,3.322539,17.66921133,49.98869002,1
11:38:42,3.326,3.322548,17.67588854,50.00277162,1
11:38:43,3.326,3.322555,17.68256575,50.0158906,1
11:38:44,3.326,3.32256,17.68924296,50.02810359,1
11:38:45,3.326,3.322564,17.69592017,50.03945827,1
11:38:46,3.326,3.322569,17.70259738,50.0503242,1
11:38:47,3.326,3.322573,17.70927459,50.06056,1
11:38:48,3.326,3.322577,17.7159518,50.07050633,1
11:38:49,3.326,3.32258,17.72262901,50.08000731,1
11:38:50,3.326,3.322584,17.72930622,50.08939505,1
11:38:51,3.326,3.322587,17.73598343,50.09849072,1
11:38:52,3.326,3.32259,17.74266064,50.10794997,1
11:38:53,3.326,3.322593,17.74933785,50.11836886,1
11:38:54,3.326,3.322595,17.75601506,50.12982488,1
11:38:55,3.326,3.322597,17.76269227,50.14204979,1
11:38:56,3.326,3.322599,17.76936948,50.15481114,1
11:38:57,3.326,3.322601,17.77604669,50.16838312,1
11:38:58,3.326,3.322603,17.7827239,50.18236041,1
11:38:59,3.326,3.322604,17.78940111,50.19703507,1
11:39:00,3.326,3.322605,17.79607832,50.21217465,1
11:39:01,3.326,3.322607,17.80275553,50.22774,1
11:39:02,3.326,3.322608,17.80943274,50.24368167,1
11:39:03,3.326,3.322609,17.81610996,50.25997758,1
11:39:04,3.326,3.32261,17.82278717,50.2764225,1
11:39:05,3.326,3.322612,17.82946438,50.29333234,1
11:39:06,3.326,3.322612,17.83614,50.31033158,1
11:39:07,3.326,3.322614,17.8428188,50.32774806,1
11:39:08,3.326,3.322614,17.84949601,50.34537315,1
11:39:09,3.326,3.322616,17.85617322,50.36302805,1
11:39:10,3.326,3.322617,17.86285043,50.38104057,1
11:39:11,3.326,3.322618,17.86952764,50.39904118,1
11:39:12,3.326,3.322619,17.87620485,50.41720271,1
11:39:13,3.326,3.32262,17.88288206,50.43567419,1
11:39:14,3.326,3.322621,17.88955927,50.45426488,1
11:39:15,3.326,3.322622,17.89623648,50.47279596,1
11:39:16,3.326,3.322623,17.90291369,50.4914403,1
11:39:17,3.326,3.322624,17.9095909,50.51019192,1
11:39:18,3.326,3.322624,17.91626811,50.5292058,1
11:39:19,3.326,3.322626,17.92294532,50.54829717,1
11:39:20,3.326,3.322627,17.92962253,50.56746006,1
11:39:21,3.326,3.322628,17.93629974,50.58668256,1
11:39:22,3.326,3.322628,17.94297695,50.60579777,1
11:39:23,3.326,3.322629,17.94965416,50.6249845,1
11:39:24,3.326,3.322631,17.95633137,50.64423084,1
11:39:25,3.326,3.322631,17.96300858,50.66370964,1
11:39:26,3.326,3.322633,17.96968579,50.68305731,1
11:39:27,3.326,3.322634,17.976363,50.70263147,1
11:39:28,3.326,3.322634,17.98304021,50.7222414,1
11:39:29,3.326,3.322635,17.98971742,50.74188709,1
11:39:30,3.326,3.322636,17.99639463,50.76156259,1
11:39:31,3.326,3.322637,18.00307184,50.78127384,1
11:39:32,3.326,3.322638,18.00974905,50.8010149,1
11:39:33,3.326,3.322639,18.01642627,50.82078576,1
11:39:34,3.326,3.32264,18.02310348,50.84058046,1
11:39:35,3.326,3.322641,18.02978069,50.86023211,1
11:39:36,3.326,3.322642,18.0364579,50.87991953,1
11:39:37,3.326,3.322643,18.04313511,50.89964867,1
11:39:38,3.326,3.322644,18.04981,50.91941357,1
11:39:39,3.326,3.322645,18.05648953,50.93920827,1
11:39:40,3.326,3.322646,18.06316674,50.95921159,1
11:39:41,3.326,3.322647,18.06984395,50.97905397,1
11:39:42,3.326,3.322648,18.07652116,50.99893212,1
11:39:43,3.326,3.322649,18.08319837,51.01901293,1
11:39:44,3.326,3.32265,18.08987558,51.03893,1
11:39:45,3.326,3.322651,18.09655279,51.05906,1
11:39:46,3.326,3.322652,18.10323,51.07919574,1
11:39:47,3.326,3.322653,18.10990721,51.09917521,1
11:39:48,3.326,3.322654,18.11658442,51.11935735,1
11:39:49,3.326,3.322655,18.12326163,51.1395514,1
11:39:50,3.326,3.322656,18.12993884,51.15976,1
11:39:51,3.326,3.322657,18.13661605,51.17998719,1
11:39:52,3.326,3.322659,18.14329326,51.20022297,1
11:39:53,3.326,3.322659,18.14997047,51.22029781,1
11:39:54,3.326,3.32266,18.15664768,51.24040246,1
11:39:55,3.326,3.322661,18.16332489,51.26071572,1
11:39:56,3.326,3.322662,18.1700021,51.28104091,1
11:39:57,3.326,3.322664,18.17667931,51.3011992,1
11:39:58,3.326,3.322664,18.18335652,51.3215661,1
11:39:59,3.326,3.322665,18.19003373,51.34176612,1
11:40:00,3.326,3.322666,18.19671094,51.36217475,1
11:40:01,3.326,3.322668,18.20338815,51.38241053,1
11:40:02,3.326,3.322669,18.21006536,51.40267611,1
11:40:03,3.326,3.32267,18.21674258,51.42296553,1
11:40:04,3.326,3.32267,18.22341979,51.44327879,1
11:40:05,3.326,3.322672,18.230097,51.46361589,1
11:40:06,3.326,3.322673,18.23677421,51.48397684,1
11:40:07,3.326,3.322674,18.24345142,51.50436163,1
11:40:08,3.326,3.322675,18.25012863,51.52494907,1
11:40:09,3.326,3.322676,18.25680584,51.54536366,1
11:40:10,3.326,3.322677,18.26348,51.5658021,1
11:40:11,3.326,3.322678,18.27016026,51.58644319,1
11:40:12,3.326,3.322679,18.27683747,51.60691142,1
11:40:13,3.326,3.32268,18.28351468,51.62758231,1
11:40:14,3.326,3.322681,18.29019189,51.64808035,1
11:40:15,3.326,3.322682,18.2968691,51.66878104,1
11:40:16,3.326,3.322683,18.30354631,51.68949366,1
11:40:17,3.326,3.322684,18.31022352,51.71002746,1
11:40:18,3.326,3.322685,18.31690073,51.73077583,1
11:40:19,3.326,3.322686,18.32357794,51.75153017,1
11:40:20,3.326,3.322687,18.33025515,51.77211165,1
11:40:21,3.326,3.322688,18.33693236,51.79290175,1
11:40:22,3.326,3.32269,18.34360957,51.8137,1
11:40:23,3.326,3.32269,18.35028678,51.8345058,1
11:40:24,3.326,3.322692,18.35696399,51.8553257,1
11:40:25,3.326,3.322693,18.3636412,51.87597,1
11:40:26,3.326,3.322694,18.37031841,51.89664364,1
11:40:27,3.326,3.322695,18.37699562,51.91752911,1
11:40:28,3.326,3.322696,18.38367283,51.93842053,1
11:40:29,3.326,3.322697,18.39035004,51.95932,1
11:40:30,3.326,3.322698,18.39702725,51.98023915,1
11:40:31,3.326,3.322699,18.40370446,52.00116634,1
11:40:32,3.327,3.3227,18.41038167,52.02618241,1
11:40:33,3.327,3.322778,18.41705889,52.05090642,1
11:40:34,3.327,3.322849,18.4237361,52.07560062,1
11:40:35,3.327,3.322913,18.43041331,52.10003853,1
11:40:36,3.327,3.322971,18.43709052,52.12424397,1
11:40:37,3.327,3.323023,18.44376773,52.1482408,1
11:40:38,3.327,3.323071,18.45044494,52.17205286,1
11:40:39,3.327,3.323113,18.45712215,52.19569802,1
11:40:40,3.327,3.323152,18.46379936,52.21897364,1
11:40:41,3.328,3.323187,18.47047657,52.24673748,1
11:40:42,3.328,3.323296,18.47715,52.27377415,1
11:40:43,3.328,3.323395,18.48383099,52.30042934,1
11:40:44,3.328,3.323483,18.4905082,52.32673883,1
11:40:45,3.328,3.323564,18.49718541,52.35273838,1
11:40:46,3.328,3.323637,18.50386262,52.37871408,1
11:40:47,3.328,3.323702,18.51053983,52.40416527,1
11:40:48,3.328,3.323762,18.51721704,52.42939591,1
11:40:49,3.328,3.323815,18.52389425,52.45467424,1
11:40:50,3.328,3.323864,18.53057146,52.47974992,1
11:40:51,3.328,3.323908,18.53724867,52.50464678,1
11:40:52,3.328,3.323948,18.54392588,52.52938271,1
11:40:53,3.328,3.323984,18.55060309,52.55374312,1
11:40:54,3.328,3.324016,18.5572803,52.57799625,1
11:40:55,3.328,3.324046,18.56395751,52.60239,1
11:40:56,3.329,3.324073,18.57063472,52.63115764,1
11:40:57,3.329,3.324174,18.57731193,52.65949965,1
11:40:58,3.329,3.324266,18.58398914,52.68744826,1
11:40:59,3.329,3.324349,18.59066635,52.71477103,1
11:41:00,3.33,3.324424,18.59734356,52.74625421,1
11:41:01,3.33,3.324569,18.60402077,52.77714133,1
11:41:02,3.33,3.3247,18.61069798,52.80781,1
11:41:03,3.33,3.324818,18.6173752,52.83765197,1
11:41:04,3.33,3.324925,18.62405241,52.8670609,1
11:41:05,3.33,3.325021,18.63072962,52.89638042,1
11:41:06,3.33,3.325109,18.63740683,52.92531848,1
11:41:07,3.331,3.325187,18.64408404,52.95812488,1
11:41:08,3.331,3.325336,18.65076125,52.99065709,1
11:41:09,3.33,3.32547,18.65743846,53.01775932,1
11:41:10,3.331,3.325514,18.66411567,53.04954648,1
11:41:11,3.331,3.325631,18.67079288,53.08082104,1
11:41:12,3.331,3.325737,18.67747009,53.11131477,1
11:41:13,3.331,3.325832,18.6841473,53.14142704,1
11:41:14,3.331,3.325918,18.69082,53.17149758,1
11:41:15,3.331,3.325997,18.69750172,53.2009244,1
11:41:16,3.331,3.326067,18.70417893,53.23037505,1
11:41:17,3.331,3.32613,18.71085614,53.25925946,1
11:41:18,3.331,3.326188,18.71753335,53.2882154,1
11:41:19,3.332,3.326241,18.72421056,53.32123041,1
11:41:20,3.332,3.326365,18.73088777,53.35407,1
11:41:21,3.332,3.326477,18.73756498,53.38641405,1
11:41:22,3.332,3.326579,18.74424219,53.41830254,1
11:41:23,3.332,3.326671,18.7509194,53.44946384,1
11:41:24,3.332,3.326754,18.75759661,53.48061323,1
11:41:25,3.332,3.326828,18.76427382,53.51111889,1
11:41:26,3.332,3.326896,18.77095103,53.54135633,1
11:41:27,3.332,3.326957,18.77762824,53.57166529,1
11:41:28,3.332,3.327013,18.78430545,53.60173583,1
11:41:29,3.332,3.327063,18.79098266,53.63128781,1
11:41:30,3.332,3.327109,18.79765987,53.66097689,1
11:41:31,3.332,3.32715,18.80433708,53.69049311,1
11:41:32,3.332,3.327187,18.81101429,53.71955633,1
11:41:33,3.332,3.327221,18.8176915,53.74880433,1
11:41:34,3.332,3.327251,18.82436872,53.77792716,1
11:41:35,3.332,3.327279,18.83104593,53.80693674,1
11:41:36,3.332,3.327304,18.83772314,53.83555889,1
11:41:37,3.332,3.327327,18.84440035,53.86411548,1
11:41:38,3.332,3.327348,18.85107756,53.89261842,1
11:41:39,3.332,3.327366,18.85775477,53.92107368,1
11:41:40,3.332,3.327383,18.86443198,53.94977927,1
11:41:41,3.332,3.327399,18.87110919,53.97813916,1
11:41:42,3.332,3.327413,18.8777864,54.00676131,1
11:41:43,3.332,3.327426,18.88446361,54.03533578,1
11:41:44,3.332,3.327438,18.89114082,54.06387448,1
11:41:45,3.332,3.327448,18.89781803,54.09237742,1
11:41:46,3.332,3.327458,18.9045,54.12057042,1
11:41:47,3.332,3.327467,18.91117245,54.14904952,1
11:41:48,3.332,3.327476,18.91784966,54.17721868,1
11:41:49,3.332,3.327483,18.92452687,54.20567989,1
11:41:50,3.332,3.32749,18.93120408,54.23384,1
11:41:51,3.332,3.327497,18.93788129,54.26229239,1
11:41:52,3.332,3.327502,18.9445585,54.29044962,1
11:41:53,3.332,3.327508,18.95123571,54.31891084,1
11:41:54,3.332,3.327513,18.95791292,54.34707999,1
11:41:55,3.332,3.327518,18.96459013,54.37555,1
11:41:56,3.332,3.327522,18.97126734,54.40373421,1
11:41:57,3.332,3.327526,18.97794455,54.43222523,1
11:41:58,3.332,3.32753,18.98462176,54.46042418,1
11:41:59,3.332,3.327533,18.99129897,54.48893309,1
11:42:00,3.332,3.327537,18.99797618,54.51744199,1
11:42:01,3.332,3.32754,19.00465339,54.54566479,1
11:42:02,3.332,3.327544,19.0113306,54.57419753,1
11:42:03,3.332,3.327557,19.01800781,54.60268855,1
11:42:04,3.332,3.327568,19.02468503,54.63085771,1
11:42:05,3.332,3.327578,19.03136224,54.659307,1
11:42:06,3.332,3.327588,19.03803945,54.6874404,1
11:42:07,3.332,3.327596,19.04471666,54.71586585,1
11:42:08,3.332,3.327605,19.05139387,54.74398732,1
11:42:09,3.332,3.327612,19.05807108,54.77211475,1
11:42:10,3.332,3.327618,19.06474829,54.80054617,1
11:42:11,3.332,3.327624,19.0714255,54.82867956,1
11:42:12,3.332,3.32763,19.07810271,54.85711694,1
11:42:13,3.332,3.327635,19.08477992,54.88526821,1
11:42:14,3.332,3.32764,19.09145713,54.91343737,1
11:42:15,3.332,3.327644,19.09813434,54.93705273,1
11:42:16,3.332,3.327646,19.10481155,54.95532155,1
11:42:17,3.332,3.327647,19.11148876,54.97007966,1
11:42:18,3.332,3.327647,19.11817,54.9821496,1
11:42:19,3.332,3.327646,19.12484318,54.9928546,1
11:42:20,3.332,3.327645,19.13152039,55.00227213,1
11:42:21,3.332,3.327641,19.1381976,55.01047373,1
11:42:22,3.332,3.327638,19.14487481,55.0180912,1
11:42:23,3.332,3.327636,19.15155202,55.02542257,1
11:42:24,3.332,3.327633,19.15822923,55.03246188,1
11:42:25,3.332,3.32763,19.16490644,55.03919721,1
11:42:26,3.332,3.327627,19.17158365,55.04561663,1
11:42:27,3.332,3.327626,19.17826086,55.05200028,1
11:42:28,3.332,3.327623,19.18493807,55.05802631,1
11:42:29,3.332,3.327621,19.19161528,55.06398678,1
11:42:30,3.333,3.32762,19.19829249,55.0696671,1
11:42:31,3.332,3.327695,19.2049697,55.07572293,1
11:42:32,3.332,3.327686,19.21164691,55.08161783,1
11:42:33,3.332,3.327678,19.21832412,55.08732796,1
11:42:34,3.332,3.327671,19.22500134,55.09284735,1
11:42:35,3.332,3.327664,19.23167855,55.09815,1
11:42:36,3.333,3.327658,19.23835576,55.10468483,1
11:42:37,3.332,3.32773,19.24503297,55.11206985,1
11:42:38,3.332,3.327718,19.25171018,55.12077808,1
11:42:39,3.333,3.327707,19.25838739,55.13108969,1
11:42:40,3.332,3.327775,19.2650646,55.14119267,1
11:42:41,3.332,3.327759,19.27174181,55.15235662,1
11:42:42,3.333,3.327745,19.27841902,55.16505241,1
11:42:43,3.332,3.327809,19.28509623,55.1774323,1
11:42:44,3.333,3.32779,19.29177344,55.19150496,1
11:42:45,3.333,3.327851,19.29845065,55.20647168,1
11:42:46,3.333,3.327906,19.30512786,55.22187948,1
11:42:47,3.333,3.327955,19.31180507,55.23768067,1
11:42:48,3.333,3.328,19.31848228,55.25382757,1
11:42:49,3.333,3.328041,19.32515949,55.26993871,1
11:42:50,3.333,3.328077,19.33184,55.28669,1
11:42:51,3.333,3.32811,19.33851391,55.30369282,1
11:42:52,3.333,3.32814,19.34519112,55.32090664,1
11:42:53,3.333,3.328167,19.35186833,55.33831716,1
11:42:54,3.333,3.328191,19.35854554,55.35556674,1
11:42:55,3.333,3.328213,19.36522275,55.37333488,1
11:42:56,3.333,3.328233,19.37189996,55.39124608,1
11:42:57,3.333,3.328251,19.37857717,55.40928245,1
11:42:58,3.333,3.328267,19.38525438,55.42743802,1
11:42:59,3.333,3.328282,19.39193159,55.44570088,1
11:43:00,3.333,3.328295,19.3986088,55.46372533,1
11:43:01,3.333,3.328307,19.40528601,55.4822,1
11:43:02,3.333,3.328317,19.41196322,55.50074577,1
11:43:03,3.333,3.328327,19.41864043,55.51937222,1
11:43:04,3.333,3.328336,19.42531765,55.53806424,1
11:43:05,3.333,3.328344,19.43199486,55.55682182,1
11:43:06,3.333,3.328351,19.43867207,55.57563305,1
11:43:07,3.333,3.328357,19.44534928,55.59417009,1
11:43:08,3.333,3.328363,19.45202649,55.61311841,1
11:43:09,3.333,3.328368,19.4587037,55.63210845,1
11:43:10,3.333,3.328373,19.46538091,55.65114617,1
11:43:11,3.333,3.328377,19.47205812,55.67021966,1
11:43:12,3.333,3.328381,19.47873533,55.68933,1
11:43:13,3.333,3.328384,19.48541254,55.70848584,1
11:43:14,3.333,3.328387,19.49208975,55.72767,1
11:43:15,3.333,3.32839,19.49876696,55.74689507,1
11:43:16,3.333,3.328392,19.50544417,55.76615334,1
11:43:17,3.333,3.328394,19.51212138,55.78510761,1
11:43:18,3.333,3.328396,19.51879859,55.80445528,1
11:43:19,3.333,3.328398,19.5254758,55.823493,1
11:43:20,3.333,3.3284,19.53215301,55.84258437,1
11:43:21,3.333,3.328401,19.53883022,55.86172938,1
11:43:22,3.333,3.328402,19.54551,55.88091612,1
11:43:23,3.333,3.328403,19.55218464,55.90048432,1
11:43:24,3.333,3.328404,19.55886185,55.92007041,1
11:43:25,3.333,3.328405,19.56553906,55.93933463,1
11:43:26,3.333,3.328406,19.57221627,55.95898032,1
11:43:27,3.333,3.328407,19.57889348,55.97864389,1
11:43:28,3.333,3.328407,19.58557069,55.99831939,1
11:43:29,3.333,3.328408,19.5922479,56.01801276,1
11:43:30,3.333,3.328408,19.59892511,56.03772402,1
11:43:31,3.333,3.328409,19.60560232,56.05745,1
11:43:32,3.333,3.328409,19.61227953,56.07720017,1
11:43:33,3.333,3.328409,19.61895674,56.09697104,1
11:43:34,3.333,3.328409,19.62563396,56.11675978,1
11:43:35,3.333,3.32841,19.63231117,56.13623,1
11:43:36,3.333,3.32841,19.63898838,56.15608096,1
11:43:37,3.333,3.32841,19.64566559,56.17561,1
11:43:38,3.333,3.32841,19.6523428,56.19552732,1
11:43:39,3.333,3.32841,19.65902001,56.21545911,1
11:43:40,3.333,3.32841,19.66569722,56.23541,1
11:43:41,3.333,3.32841,19.67237443,56.25537634,1
11:43:42,3.333,3.32841,19.67905164,56.27536178,1
11:43:43,3.333,3.32841,19.68572885,56.2953651,1
11:43:44,3.333,3.32841,19.69240606,56.31504,1
11:43:45,3.333,3.32841,19.69908327,56.33510351,1
11:43:46,3.333,3.32841,19.70576048,56.35518432,1
11:43:47,3.333,3.32841,19.71243769,56.3749373,1
11:43:48,3.333,3.328409,19.7191149,56.39508367,1
11:43:49,3.333,3.328409,19.72579211,56.41524196,1
11:43:50,3.333,3.328409,19.73246932,56.43541813,1
11:43:51,3.333,3.328409,19.73914653,56.45561,1
11:43:52,3.333,3.328409,19.74582374,56.47582412,1
11:43:53,3.333,3.328409,19.75250095,56.49605393,1
11:43:54,3.333,3.328409,19.75918,56.51630163,1
11:43:55,3.333,3.328408,19.76585537,56.53657317,1
11:43:56,3.333,3.328408,19.77253258,56.55686259,1
11:43:57,3.333,3.328408,19.77920979,56.5771699,1
11:43:58,3.333,3.328408,19.785887,56.59750104,1
11:43:59,3.333,3.328408,19.79256421,56.61785007,1
11:44:00,3.333,3.328408,19.79924142,56.63822293,1
11:44:01,3.333,3.328408,19.80591863,56.65861368,1
11:44:02,3.333,3.328408,19.81259584,56.67902827,1
11:44:03,3.333,3.328407,19.81927305,56.69946074,1
11:44:04,3.333,3.328407,19.82595026,56.71956539,1
11:44:05,3.333,3.328407,19.83262748,56.74006939,1
11:44:06,3.333,3.328407,19.83930469,56.7602396,1
11:44:07,3.333,3.328406,19.8459819,56.7804575,1
11:44:08,3.333,3.328406,19.85265911,56.80071712,1
11:44:09,3.333,3.328406,19.85933632,56.82101846,1
11:44:10,3.333,3.328405,19.86601353,56.84136152,1
11:44:11,3.333,3.328405,19.87269074,56.86174631,1
11:44:12,3.333,3.328405,19.87936795,56.88252449,1
11:44:13,3.333,3.328405,19.88604516,56.90330863,1
11:44:14,3.333,3.328405,19.89272237,56.92374706,1
11:44:15,3.333,3.328405,19.89939958,56.94458485,1
11:44:16,3.333,3.328404,19.90607679,56.96542859,1
11:44:17,3.333,3.328404,19.912754,56.98592663,1
11:44:18,3.333,3.328404,19.91943121,57.00682402,1
11:44:19,3.333,3.328404,19.92610842,57.02773333,1
11:44:20,3.333,3.328403,19.93278563,57.04865456,1
11:44:21,3.333,3.328403,19.93946284,57.06922412,1
11:44:22,3.333,3.328403,19.94614005,57.09019899,1
11:44:23,3.333,3.328403,19.95281726,57.11118579,1
11:44:24,3.333,3.328403,19.95949447,57.13219047,1
11:44:25,3.333,3.328403,19.96617168,57.15284,1
11:44:26,3.333,3.328403,19.97285,57.1739018,1
11:44:27,3.333,3.328402,19.9795261,57.19460845,1
11:44:28,3.333,3.328402,19.98620331,57.21572638,1
11:44:29,3.333,3.328402,19.99288052,57.23648667,1
11:44:30,3.333,3.328402,19.99955773,57.25765824,1
11:44:31,3.333,3.328401,20.00623494,57.27884173,1
11:44:32,3.333,3.328401,20.01291215,57.2996676,1
11:44:33,3.333,3.328401,20.01958936,57.32090473,1
11:44:34,3.333,3.328401,20.02626657,57.34215379,1
11:44:35,3.333,3.3284,20.03294379,57.36342072,1
11:44:36,3.333,3.3284,20.039621,57.38433003,1
11:44:37,3.333,3.3284,20.04629821,57.40565658,1
11:44:38,3.333,3.3284,20.05297542,57.42699504,1
11:44:39,3.333,3.328399,20.05965263,57.44834542,1
11:44:40,3.333,3.328399,20.06632984,57.46971369,1
11:44:41,3.333,3.328399,20.07300705,57.49109983,1
11:44:42,3.333,3.328399,20.07968426,57.51250386,1
11:44:43,3.333,3.328399,20.08636147,57.53355,1
11:44:44,3.333,3.328398,20.09303868,57.55501986,1
11:44:45,3.333,3.328398,20.09971589,57.57650137,1
11:44:46,3.333,3.328398,20.1063931,57.59800076,1
11:44:47,3.333,3.328398,20.11307031,57.61951804,1
11:44:48,3.333,3.328397,20.11974752,57.64105916,1
11:44:49,3.333,3.328397,20.12642473,57.66224265,1
11:44:50,3.333,3.328397,20.13310194,57.68385,1
11:44:51,3.333,3.328397,20.13977915,57.7054739,1
11:44:52,3.333,3.328396,20.14645636,57.72674084,1
11:44:53,3.333,3.328396,20.15313357,57.74843097,1
11:44:54,3.333,3.328396,20.15981078,57.76975751,1
11:44:55,3.333,3.328396,20.16648799,57.79113173,1
11:44:56,3.333,3.328395,20.1731652,57.81292915,1
11:44:57,3.333,3.328395,20.17984241,57.83473849,1
11:44:58,3.333,3.328395,20.18652,57.85656,1
11:44:59,3.333,3.328395,20.19319683,57.8784,1
11:45:00,3.333,3.328395,20.19987404,57.89987445,1
11:45:01,3.333,3.328394,20.20655125,57.92139173,1
11:45:02,3.333,3.328394,20.21322846,57.94333816,1
11:45:03,3.333,3.328394,20.21990567,57.96529651,1
11:45:04,3.333,3.328394,20.22658288,57.98688531,1
11:45:05,3.333,3.328394,20.2332601,58.00851583,1
11:45:06,3.333,3.328393,20.23993731,58.03057551,1
11:45:07,3.333,3.328393,20.24661452,58.05264711,1
11:45:08,3.333,3.328393,20.25329173,58.07473063,1
11:45:09,3.333,3.328393,20.25996894,58.09682608,1
11:45:10,3.333,3.328393,20.26664615,58.1189394,1
11:45:11,3.333,3.328392,20.27332336,58.1410706,1
11:45:12,3.333,3.328392,20.28000057,58.16321373,1
11:45:13,3.333,3.328392,20.28667778,58.18498731,1
11:45:14,3.333,3.328392,20.29335499,58.207196,1
11:45:15,3.333,3.328391,20.3000322,58.22903514,1
11:45:16,3.333,3.328391,20.30670941,58.25130939,1
11:45:17,3.333,3.328391,20.31338662,58.2732141,1
11:45:18,3.333,3.328391,20.32006383,58.29554796,1
11:45:19,3.333,3.328391,20.32674104,58.31750631,1
11:45:20,3.333,3.32839,20.33341825,58.33989978,1
11:45:21,3.333,3.32839,20.34009546,58.36230516,1
11:45:22,3.333,3.32839,20.34677267,58.38433504,1
11:45:23,3.333,3.328389,20.35344988,58.40680003,1
11:45:24,3.333,3.328389,20.36012709,58.4292829,1
11:45:25,3.333,3.328389,20.3668043,58.4517777,1
11:45:26,3.333,3.328389,20.37348151,58.47429037,1
11:45:27,3.333,3.328388,20.38015872,58.49642754,1
11:45:28,3.333,3.328388,20.38683593,58.51900578,1
11:45:29,3.333,3.328388,20.39351314,58.54159594,1
11:45:30,3.333,3.328388,20.40019,58.56420398,1
11:45:31,3.333,3.328387,20.40686756,58.5868299,1
11:45:32,3.333,3.328387,20.41354477,58.60947371,1
11:45:33,3.333,3.328387,20.42022198,58.63213539,1
11:45:34,3.333,3.328387,20.42689919,58.65481496,1
11:45:35,3.333,3.328387,20.43357641,58.67751837,1
11:45:36,3.333,3.328387,20.44025362,58.70023966,1
11:45:37,3.333,3.328386,20.44693083,58.72298479,1
11:45:38,3.333,3.328386,20.45360804,58.7457478,1
11:45:39,3.333,3.328386,20.46028525,58.76853466,1
11:45:40,3.333,3.328385,20.46696246,58.79094601,1
11:45:41,3.333,3.328385,20.47363967,58.81381035,1
11:45:42,3.333,3.328385,20.48031688,58.83669257,1
11:45:43,3.333,3.328385,20.48699409,58.85919333,1
11:45:44,3.333,3.328384,20.4936713,58.88174772,1
11:45:45,3.333,3.328384,20.50034851,58.90475512,1
11:45:46,3.333,3.328384,20.50702572,58.92777443,1
11:45:47,3.333,3.328384,20.51370293,58.95081162,1
11:45:48,3.333,3.328383,20.52038014,58.9738667,1
11:45:49,3.333,3.328383,20.52705735,58.99693966,1
11:45:50,3.333,3.328383,20.53373456,59.02003646,1
11:45:51,3.333,3.328383,20.54041177,59.04274583,1
11:45:52,3.333,3.328382,20.54708898,59.06550884,1
11:45:53,3.333,3.328382,20.55376619,59.08831954,1
11:45:54,3.333,3.328382,20.5604434,59.11158323,1
11:45:55,3.333,3.328382,20.56712061,59.13485885,1
11:45:56,3.333,3.328382,20.57379782,59.15815234,1
11:45:57,3.333,3.328381,20.58047503,59.18146372,1
11:45:58,3.333,3.328381,20.58715224,59.20479298,1
11:45:59,3.333,3.328381,20.59382945,59.22772884,1
11:46:00,3.333,3.328381,20.60050666,59.25112367,1
11:46:01,3.333,3.32838,20.60718387,59.27453637,1
11:46:02,3.333,3.32838,20.61386,59.29796696,1
11:46:03,3.333,3.32838,20.62053829,59.32100415,1
11:46:04,3.333,3.328379,20.6272155,59.34450626,1
11:46:05,3.333,3.328379,20.63389271,59.3680203,1
11:46:06,3.333,3.328379,20.64056993,59.39155221,1
11:46:07,3.333,3.328379,20.64724714,59.41510201,1
11:46:08,3.333,3.328379,20.65392435,59.43867564,1
11:46:09,3.333,3.328378,20.66060156,59.46226716,1
11:46:10,3.333,3.328378,20.66727877,59.48547125,1
11:46:11,3.333,3.328378,20.67395598,59.50914025,1
11:46:12,3.333,3.328377,20.68063319,59.53282714,1
11:46:13,3.333,3.328377,20.6873104,59.55653191,1
11:46:14,3.333,3.328377,20.69398761,59.57984328,1
11:46:15,3.333,3.328377,20.70066482,59.60362554,1
11:46:16,3.333,3.328377,20.70734203,59.62742567,1
11:46:17,3.333,3.328376,20.71401924,59.65124369,1
11:46:18,3.333,3.328376,20.72069645,59.67507958,1
11:46:19,3.333,3.328376,20.72737366,59.69893932,1
11:46:20,3.333,3.328376,20.73405087,59.72281694,1
11:46:21,3.333,3.328375,20.74072808,59.74671841,1
11:46:22,3.333,3.328375,20.74740529,59.77064371,1
11:46:23,3.333,3.328375,20.7540825,59.79459286,1
11:46:24,3.333,3.328375,20.76075971,59.81855989,1
11:46:25,3.333,3.328374,20.76743692,59.84255672,1
11:46:26,3.333,3.328374,20.77411413,59.86615419,1
11:46:27,3.333,3.328374,20.78079134,59.89022851,1
11:46:28,3.333,3.328374,20.78746855,59.91390347,1
11:46:29,3.333,3.328373,20.79414576,59.93805528,1
11:46:30,3.333,3.328373,20.80082297,59.96222496,1
11:46:31,3.333,3.328373,20.80750018,59.98641253,1
11:46:32,3.333,3.328372,20.81417739,60.01062,1
11:46:33,3.333,3.328372,20.8208546,60.03443599,1
11:46:34,3.333,3.328372,20.82753,60.05830169,1
11:46:35,3.333,3.328372,20.83420902,60.08221507,1
11:46:36,3.333,3.328371,20.84088624,60.10617614,1
11:46:37,3.333,3.328371,20.84756345,60.13061404,1
11:46:38,3.333,3.328371,20.85424066,60.15506387,1
11:46:39,3.333,3.328371,20.86091787,60.17952561,1
11:46:40,3.333,3.32837,20.86759508,60.20400524,1
11:46:41,3.333,3.32837,20.87427229,60.22850275,1
11:46:42,3.333,3.32837,20.8809495,60.25301814,1
11:46:43,3.333,3.32837,20.88762671,60.27755141,1
11:46:44,3.333,3.328369,20.89430392,60.30167341,1
11:46:45,3.333,3.328369,20.90098113,60.32627821,1
11:46:46,3.334,3.328369,20.90765834,60.35477519,1
11:46:47,3.334,3.328445,20.91433555,60.38300395,1
11:46:48,3.334,3.328513,20.92101276,60.41098833,1
11:46:49,3.334,3.328574,20.92768997,60.43875813,1
11:46:50,3.334,3.328629,20.93436718,60.4663372,1
11:46:51,3.334,3.328679,20.94104439,60.49374938,1
11:46:52,3.334,3.328724,20.9477216,60.52101254,1
11:46:53,3.334,3.328764,20.95439881,60.54814458,1
11:46:54,3.334,3.3288,20.96107602,60.57467461,1
11:46:55,3.334,3.328832,20.96775323,60.60162783,1
11:46:56,3.334,3.328861,20.97443044,60.62849164,1
11:46:57,3.334,3.328888,20.98110765,60.65527797,1
11:46:58,3.334,3.328912,20.98778486,60.68199277,1
11:46:59,3.334,3.328933,20.99446207,60.70864797,1
11:47:00,3.334,3.328952,21.00113928,60.73525548,1
11:47:01,3.334,3.328969,21.00781649,60.76182127,1
11:47:02,3.334,3.328984,21.0144937,60.78788042,1
11:47:03,3.334,3.328998,21.02117091,60.81395149,1
11:47:04,3.334,3.32901,21.02784812,60.84050536,1
11:47:05,3.335,3.329021,21.03452533,60.87046,1
11:47:06,3.334,3.329107,21.0412,60.89670062,1
11:47:07,3.335,3.329108,21.04787976,60.92695594,1
11:47:08,3.335,3.329185,21.05455697,60.95693111,1
11:47:09,3.335,3.329254,21.06123418,60.98664999,1
11:47:10,3.335,3.329317,21.06791139,61.01614833,1
11:47:11,3.335,3.329373,21.0745886,61.04544401,1
11:47:12,3.335,3.329423,21.08126581,61.07403636,1
11:47:13,3.335,3.329468,21.08794302,61.10251546,1
11:47:14,3.335,3.329509,21.09462023,61.13089919,1
11:47:15,3.335,3.329545,21.10129744,61.15971804,1
11:47:16,3.335,3.329578,21.10797465,61.18842363,1
11:47:17,3.335,3.329608,21.11465186,61.2165153,1
11:47:18,3.335,3.329634,21.12132907,61.24507189,1
11:47:19,3.335,3.329658,21.12800628,61.27355099,1
11:47:20,3.335,3.329679,21.13468349,61.30196452,1
11:47:21,3.335,3.329698,21.1413607,61.33032,1
11:47:22,3.335,3.329715,21.14803791,61.35811806,1
11:47:23,3.336,3.329731,21.15471512,61.39053106,1
11:47:24,3.336,3.32982,21.16139233,61.42260432,1
11:47:25,3.336,3.329901,21.16806954,61.4543736,1
11:47:26,3.335,3.329973,21.17474675,61.48126721,1
11:47:27,3.336,3.329962,21.18142396,61.51288152,1
11:47:28,3.336,3.330029,21.18810117,61.54366732,1
11:47:29,3.336,3.330088,21.19477838,61.57428622,1
11:47:30,3.336,3.330141,21.20145559,61.6053164,1
11:47:31,3.336,3.330189,21.2081328,61.63616776,1
11:47:32,3.336,3.330232,21.21481001,61.66686416,1
11:47:33,3.336,3.330271,21.22148722,61.69742346,1
11:47:34,3.336,3.330306,21.22816443,61.72730923,1
11:47:35,3.336,3.330337,21.23484164,61.75713539,1
11:47:36,3.336,3.330364,21.24151886,61.78690791,1
11:47:37,3.336,3.330389,21.24819607,61.81663871,1
11:47:38,3.336,3.330412,21.25487,61.84633374,1
11:47:39,3.336,3.330432,21.26155049,61.87654734,1
11:47:40,3.336,3.33045,21.2682277,61.90669537,1
11:47:41,3.336,3.330467,21.27490491,61.93678975,1
11:47:42,3.336,3.330481,21.28158212,61.96684241,1
11:47:43,3.337,3.330494,21.28825933,62.00045943,1
11:47:44,3.337,3.330581,21.29493654,62.03379035,1
11:47:45,3.337,3.330659,21.30161375,62.06686497,1
11:47:46,3.337,3.330729,21.30829096,62.10032701,1
11:47:47,3.337,3.330792,21.31496817,62.13353872,1
11:47:48,3.337,3.330849,21.32164538,62.16652393,1
11:47:49,3.337,3.3309,21.32832259,62.19931245,1
11:47:50,3.337,3.330946,21.3349998,62.23133206,1
11:47:51,3.337,3.330987,21.34167701,62.2638464,1
11:47:52,3.337,3.331024,21.34835422,62.29563,1
11:47:53,3.338,3.331057,21.35503143,62.33223677,1
11:47:54,3.337,3.331162,21.36170864,62.36410737,1
11:47:55,3.337,3.331181,21.36838585,62.3953402,1
11:47:56,3.337,3.331198,21.37506306,62.42714524,1
11:47:57,3.337,3.331212,21.38174027,62.45833635,1
11:47:58,3.338,3.331226,21.38841748,62.49445081,1
11:47:59,3.338,3.331313,21.39509469,62.53020763,1
11:48:00,3.338,3.331392,21.4017719,62.56565452,1
11:48:01,3.338,3.331462,21.40844911,62.60082126,1
11:48:02,3.338,3.331526,21.41512632,62.63574362,1
11:48:03,3.338,3.331582,21.42180353,62.66980767,1
11:48:04,3.338,3.331633,21.42848074,62.70437,1
11:48:05,3.338,3.331679,21.43515795,62.73876429,1
11:48:06,3.338,3.33172,21.44183517,62.77300715,1
11:48:07,3.338,3.331757,21.44851238,62.80649304,1
11:48:08,3.338,3.331789,21.45518959,62.84053922,1
11:48:09,3.338,3.331819,21.4618668,62.87449002,1
11:48:10,3.338,3.331845,21.46854,62.90835142,1
11:48:11,3.338,3.331869,21.47522122,62.94214129,1
11:48:12,3.338,3.33189,21.48189843,62.97525764,1
11:48:13,3.338,3.331908,21.48857564,63.0089879,1
11:48:14,3.338,3.331926,21.49525285,63.04205656,1
11:48:15,3.338,3.33194,21.50193006,63.07575107,1
11:48:16,3.338,3.331954,21.50860727,63.10880184,1
11:48:17,3.338,3.331965,21.51528448,63.14248443,1
11:48:18,3.338,3.331976,21.52196169,63.17554116,1
11:48:19,3.338,3.331985,21.5286389,63.20923567,1
11:48:20,3.338,3.331994,21.53531611,63.24231029,1
11:48:21,3.338,3.332001,21.54199332,63.27603459,1
11:48:22,3.338,3.332007,21.54867053,63.30914497,1
11:48:23,3.338,3.332013,21.55534774,63.34291101,1
11:48:24,3.338,3.332018,21.56202495,63.37667704,1
11:48:25,3.338,3.332022,21.56870216,63.41044903,1
11:48:26,3.338,3.332026,21.57537937,63.44423,1
11:48:27,3.338,3.332029,21.58205658,63.47802877,1
11:48:28,3.338,3.332032,21.58873379,63.51184249,1
11:48:29,3.338,3.332034,21.595411,63.54567409,1
11:48:30,3.338,3.332036,21.60208821,63.57952952,1
11:48:31,3.338,3.332038,21.60876542,63.61341,1
11:48:32,3.338,3.33204,21.61544263,63.64671588,1
11:48:33,3.338,3.33204,21.62211984,63.68009448,1
11:48:34,3.338,3.332041,21.62879705,63.71355,1
11:48:35,3.338,3.332042,21.63547426,63.74707818,1
11:48:36,3.338,3.332042,21.64215147,63.78128529,1
11:48:37,3.338,3.332042,21.64882869,63.81551623,1
11:48:38,3.338,3.332042,21.6555059,63.84977102,1
11:48:39,3.338,3.332042,21.66218311,63.88404965,1
11:48:40,3.338,3.332042,21.66886032,63.91774416,1
11:48:41,3.338,3.332042,21.67553753,63.95213008,1
11:48:42,3.338,3.332041,21.68221,63.9865458,1
11:48:43,3.338,3.332041,21.68889195,64.0203774,1
11:48:44,3.338,3.33204,21.69556916,64.05490637,1
11:48:45,3.338,3.332039,21.70224637,64.08946514,1
11:48:46,3.338,3.332038,21.70892358,64.12405968,1
11:48:47,3.338,3.332037,21.71560079,64.15868998,1
11:48:48,3.338,3.332037,21.722278,64.19335604,1
11:48:49,3.338,3.332036,21.72895521,64.22806,1
11:48:50,3.338,3.332034,21.73563242,64.26280141,1
11:48:51,3.338,3.332033,21.74230963,64.29758668,1
11:48:52,3.338,3.332032,21.74898684,64.33179379,1
11:48:53,3.338,3.332031,21.75566405,64.36671019,1
11:48:54,3.338,3.33203,21.76234126,64.40104246,1
11:48:55,3.339,3.332029,21.76901847,64.44083452,1
11:48:56,3.339,3.332102,21.77569568,64.47960138,1
11:48:57,3.339,3.332168,21.78237289,64.51886296,1
11:48:58,3.339,3.332227,21.7890501,64.55788016,1
11:48:59,3.338,3.332279,21.79572731,64.59189653,1
11:49:00,3.339,3.332252,21.80240452,64.63086605,1
11:49:01,3.339,3.332302,21.80908173,64.66963291,1
11:49:02,3.339,3.332347,21.81575894,64.70752954,1
11:49:03,3.339,3.332387,21.82243615,64.74602818,1
11:49:04,3.339,3.332422,21.82911336,64.78369832,1
11:49:05,3.339,3.332454,21.83579057,64.82200027,1
11:49:06,3.339,3.332483,21.84246778,64.86020088,1
11:49:07,3.339,3.332509,21.849145,64.89831209,1
11:49:08,3.339,3.332531,21.85582221,64.93907571,1
11:49:09,3.339,3.332552,21.86249942,65.00266194,1
11:49:10,3.339,3.332579,21.86917663,65.09994268,1
11:49:11,3.339,3.332627,21.87585384,65.24341106,1
11:49:12,3.339,3.33269,21.88253105,65.37696719,1
11:49:13,3.339,3.332742,21.88920826,65.50257802,1
11:49:14,3.339,3.332783,21.89589,65.62128663,1
11:49:15,3.339,3.332817,21.90256268,65.73397517,1
11:49:16,3.339,3.332844,21.90923989,65.8413887,1
11:49:17,3.339,3.332865,21.9159171,65.94417691,1
11:49:18,3.339,3.332863,21.92259431,66.043818,1
11:49:19,3.339,3.332828,21.92927152,66.13987088,1
11:49:20,3.339,3.332796,21.93594873,66.2332952,1
11:49:21,3.339,3.332768,21.94262594,66.32496119,1
11:49:22,3.339,3.332743,21.94930315,66.41440988,1
11:49:23,3.339,3.332721,21.95598036,66.50184989,1
11:49:24,3.339,3.332702,21.96265757,66.58681035,1
11:49:25,3.339,3.332685,21.96933478,66.67080522,1
11:49:26,3.339,3.33267,21.97601199,66.75329208,1
11:49:27,3.339,3.332658,21.9826892,66.83375835,1
11:49:28,3.339,3.332647,21.98936641,66.91302657,1
11:49:29,3.339,3.332637,21.99604362,66.99120998,1
11:49:30,3.339,3.33263,22.00272083,67.06840396,1
11:49:31,3.339,3.332623,22.00939804,67.14535356,1
11:49:32,3.339,3.332617,22.01607525,67.22143292,1
11:49:33,3.339,3.332613,22.02275246,67.29672551,1
11:49:34,3.339,3.332609,22.02942967,67.3713088,1
11:49:35,3.339,3.332607,22.03610688,67.44458675,1
11:49:36,3.339,3.332605,22.04278409,67.51796603,1
11:49:37,3.339,3.332604,22.04946131,67.59014726,1
11:49:38,3.339,3.332603,22.05613852,67.66187549,1
11:49:39,3.339,3.332603,22.06281573,67.73384213,1
11:49:40,3.339,3.332603,22.06949294,67.8047359,1
11:49:41,3.339,3.332605,22.07617015,67.875278,1
11:49:42,3.339,3.332606,22.08284736,67.94615388,1
11:49:43,3.339,3.332608,22.08952457,68.01604629,1
11:49:44,3.339,3.332609,22.09620178,68.08632016,1
11:49:45,3.339,3.332612,22.10287899,68.15630198,1
11:49:46,3.339,3.332614,22.10956,68.22601557,1
11:49:47,3.339,3.332616,22.11623341,68.29548,1
11:49:48,3.339,3.332619,22.12291062,68.36406589,1
11:49:49,3.339,3.332622,22.12958783,68.43312979,1
11:49:50,3.339,3.332625,22.13626504,68.5013473,1
11:49:51,3.339,3.332628,22.14294225,68.57007146,1
11:49:52,3.339,3.332632,22.14961946,68.63796711,1
11:49:53,3.339,3.332635,22.15629667,68.70638132,1
11:49:54,3.339,3.332639,22.16297388,68.7746346,1
11:49:55,3.339,3.332642,22.16965109,68.84208322,1
11:49:56,3.339,3.332646,22.1763283,68.90943646,1
11:49:57,3.339,3.33265,22.18300551,68.97669435,1
11:49:58,3.339,3.332654,22.18968272,69.04386282,1
11:49:59,3.339,3.332657,22.19635993,69.11159158,1
11:50:00,3.339,3.332661,22.20303714,69.17918324,1
11:50:01,3.339,3.332665,22.20971435,69.2466557,1
11:50:02,3.339,3.332669,22.21639156,69.31336522,1
11:50:03,3.339,3.332673,22.22306877,69.38000917,1
11:50:04,3.339,3.332677,22.22974598,69.44722533,1
11:50:05,3.339,3.332681,22.23642319,69.51432824,1
11:50:06,3.339,3.332685,22.2431004,69.58068609,1
11:50:07,3.339,3.332689,22.24977762,69.64762807,1
11:50:08,3.339,3.332693,22.25645483,69.71446872,1
11:50:09,3.339,3.332696,22.26313204,69.781214,1
11:50:10,3.339,3.3327,22.26980925,69.84786391,1
11:50:11,3.339,3.332705,22.27648646,69.91441846,1
11:50:12,3.339,3.332709,22.28316367,69.99175549,1
11:50:13,3.339,3.33271,22.28984088,70.10958791,1
11:50:14,3.339,3.332727,22.29651809,70.27644515,1
11:50:15,3.339,3.332741,22.3031953,70.43475509,1
11:50:16,3.339,3.332754,22.30987251,70.58611512,1
11:50:17,3.339,3.332766,22.31654972,70.73006034,1
11:50:18,3.339,3.332777,22.32323,70.86860538,1
11:50:19,3.339,3.332788,22.32990414,71.00112438,1
11:50:20,3.339,3.332798,22.33658135,71.12883925,1
11:50:21,3.339,3.332809,22.34325856,71.25223875,1
11:50:22,3.339,3.332819,22.34993577,71.37176394,1
11:50:23,3.339,3.33283,22.35661298,71.48839235,1
11:50:24,3.339,3.33284,22.36329019,71.60123587,1
11:50:25,3.339,3.332851,22.3699674,71.71123624,1
11:50:26,3.339,3.332861,22.37664461,71.81867361,1
11:50:27,3.339,3.332872,22.38332182,71.9237864,1
11:50:28,3.339,3.332882,22.38999903,72.02679515,1
11:50:29,3.339,3.332893,22.39667624,72.12789655,1
11:50:30,3.339,3.332904,22.40335345,72.22783566,1
11:50:31,3.339,3.332914,22.41003066,72.32556343,1
11:50:32,3.339,3.332925,22.41670787,72.42184877,1
11:50:33,3.339,3.332936,22.42338508,72.51681685,1
11:50:34,3.339,3.332947,22.43006229,72.61057496,1
11:50:35,3.339,3.332957,22.4367395,72.70323038,1
11:50:36,3.339,3.332968,22.44341671,72.79487252,1
11:50:37,3.339,3.332978,22.45009392,72.88557887,1
11:50:38,3.339,3.332989,22.45677114,72.97541499,1
11:50:39,3.339,3.332999,22.46344835,73.06445837,1
11:50:40,3.339,3.33301,22.47012556,73.15276265,1
11:50:41,3.339,3.33302,22.47680277,73.24094176,1
11:50:42,3.339,3.33303,22.48347998,73.32843542,1
11:50:43,3.339,3.33304,22.49015719,73.41529727,1
11:50:44,3.339,3.333051,22.4968344,73.50100279,1
11:50:45,3.339,3.333061,22.50351161,73.58619571,1
11:50:46,3.339,3.333071,22.51018882,73.67090583,1
11:50:47,3.339,3.333081,22.51686603,73.75571728,1
11:50:48,3.339,3.333091,22.52354324,73.83950353,1
11:50:49,3.339,3.333101,22.53022045,73.92288446,1
11:50:50,3.339,3.333111,22.5369,74.00643229,1
11:50:51,3.339,3.333121,22.54357487,74.08902049,1
11:50:52,3.339,3.33313,22.55025208,74.17126894,1
11:50:53,3.339,3.33314,22.55692929,74.2531836,1
11:50:54,3.339,3.33315,22.5636065,74.33478236,1
11:50:55,3.339,3.33316,22.57028371,74.41606522,1
11:50:56,3.339,3.333169,22.57696092,74.49705601,1
11:50:57,3.339,3.333178,22.58363813,74.57829714,1
11:50:58,3.339,3.333188,22.59031534,74.65867996,1
11:50:59,3.339,3.333197,22.59699255,74.73879457,1
11:51:00,3.339,3.333206,22.60366976,74.81865883,1
11:51:01,3.339,3.333215,22.61034697,74.89826679,1
11:51:02,3.339,3.333225,22.61702418,74.98453856,1
11:51:03,3.339,3.333233,22.62370139,75.1832366,1
11:51:04,3.339,3.333335,22.6303786,75.49831271,1
11:51:05,3.339,3.333475,22.63705581,75.77962279,1
11:51:06,3.339,3.333585,22.64373302,76.03347898,1
11:51:07,3.339,3.333673,22.65041023,76.26495,1
11:51:08,3.339,3.333745,22.65708745,76.47786736,1
11:51:09,3.339,3.333805,22.66376466,76.67478919,1
11:51:10,3.339,3.333855,22.67044187,76.85850859,1
11:51:11,3.339,3.333898,22.67711908,77.0309031,1
11:51:12,3.339,3.333936,22.68379629,77.19385624,1
11:51:13,3.339,3.33397,22.6904735,77.34822035,1
11:51:14,3.339,3.334042,22.69715071,77.49387622,1
11:51:15,3.339,3.334155,22.70382792,77.63060331,1
11:51:16,3.339,3.334258,22.71050513,77.7592063,1
11:51:17,3.339,3.334351,22.71718234,77.88131833,1
11:51:18,3.339,3.334437,22.72385955,77.99704075,1
11:51:19,3.339,3.334516,22.73053676,78.10769677,1
11:51:20,3.339,3.33459,22.73721397,78.2135129,1
11:51:21,3.339,3.33466,22.74389118,78.31468582,1
11:51:22,3.339,3.334725,22.75057,78.41197252,1
11:51:23,3.339,3.334786,22.7572456,78.50600481,1
11:51:24,3.339,3.334845,22.76392281,78.59652042,1
11:51:25,3.339,3.3349,22.77060002,78.68437767,1
11:51:26,3.339,3.334953,22.77727723,78.76951694,1
11:51:27,3.339,3.335003,22.78395444,78.85215878,1
11:51:28,3.339,3.335052,22.79063165,78.93249989,1
11:51:29,3.339,3.335099,22.79730886,79.01070118,1
11:51:30,3.339,3.335144,22.80398607,79.08692956,1
11:51:31,3.339,3.335188,22.81066328,79.16107,1
11:51:32,3.339,3.33523,22.81734049,79.23352718,1
11:51:33,3.339,3.335271,22.8240177,79.30462956,1
11:51:34,3.339,3.335311,22.83069491,79.37421799,1
11:51:35,3.339,3.335349,22.83737212,79.44215536,1
11:51:36,3.339,3.335387,22.84404933,79.50876951,1
11:51:37,3.339,3.335423,22.85072654,79.57414389,1
11:51:38,3.339,3.335459,22.85740376,79.63833809,1
11:51:39,3.339,3.335494,22.86408097,79.7016263,1
11:51:40,3.339,3.335528,22.87075818,79.76360917,1
11:51:41,3.339,3.335561,22.87743539,79.82478738,1
11:51:42,3.339,3.335594,22.8841126,79.88497615,1
11:51:43,3.339,3.335626,22.89078981,79.94421124,1
11:51:44,3.339,3.335657,22.89746702,80.03676534,1
11:51:45,3.339,3.335741,22.90414423,80.18069863,1
11:51:46,3.339,3.335926,22.91082144,80.33677936,1
11:51:47,3.339,3.336109,22.91749865,80.47079444,1
11:51:48,3.339,3.33625,22.92417586,80.58819175,1
11:51:49,3.339,3.336361,22.93085307,80.69273829,1
11:51:50,3.339,3.33645,22.93753028,80.78710437,1
11:51:51,3.339,3.336523,22.94420749,80.87325096,1
11:51:52,3.339,3.336582,22.9508847,80.95265627,1
11:51:53,3.339,3.336632,22.95756191,81.02633953,1
11:51:54,3.339,3.336675,22.96424,81.09528422,1
11:51:55,3.339,3.336712,22.97091633,81.16030097,1
11:51:56,3.339,3.336744,22.97759354,81.22183084,1
11:51:57,3.339,3.336774,22.98427075,81.28023148,1
11:51:58,3.339,3.3368,22.99094796,81.33608699,1
11:51:59,3.339,3.336824,22.99762517,81.38960004,1
11:52:00,3.339,3.336847,23.00430238,81.44102693,1
11:52:01,3.339,3.336868,23.01097959,81.49060607,1
11:52:02,3.339,3.336888,23.0176568,81.53851628,1
11:52:03,3.339,3.336908,23.02433401,81.58492446,1
11:52:04,3.339,3.336926,23.03101122,81.62997365,1
11:52:05,3.339,3.336945,23.03768843,81.67378306,1
11:52:06,3.339,3.336963,23.04436564,81.71645403,1
11:52:07,3.339,3.336981,23.05104285,81.75801039,1
11:52:08,3.339,3.336998,23.05772007,81.79869652,1
11:52:09,3.339,3.337015,23.06439728,81.83841109,1
11:52:10,3.339,3.337032,23.07107449,81.87738657,1
11:52:11,3.339,3.337049,23.0777517,81.91551566,1
11:52:12,3.339,3.337066,23.08442891,81.95293546,1
11:52:13,3.339,3.337082,23.09110612,81.98969364,1
11:52:14,3.339,3.337099,23.09778333,82.02588558,1
11:52:15,3.339,3.337116,23.10446054,82.06147552,1
11:52:16,3.339,3.337132,23.11113775,82.09649324,1
11:52:17,3.339,3.337149,23.11781496,82.13090301,1
11:52:18,3.339,3.337165,23.12449217,82.16487169,1
11:52:19,3.339,3.337181,23.13116938,82.19835162,1
11:52:20,3.339,3.337197,23.13784659,82.23136067,1
11:52:21,3.339,3.337213,23.1445238,82.26391673,1
11:52:22,3.339,3.337229,23.15120101,82.29604363,1
11:52:23,3.339,3.337245,23.15787822,82.32768774,1
11:52:24,3.339,3.337261,23.16455543,82.35900402,1
11:52:25,3.339,3.337277,23.17123264,82.38992691,1
11:52:26,3.339,3.337292,23.17791,82.42047429,1
11:52:27,3.339,3.337308,23.18458706,82.45060444,1
11:52:28,3.339,3.337323,23.19126427,82.48044848,1
11:52:29,3.339,3.337338,23.19794148,82.50989318,1
11:52:30,3.339,3.337353,23.20461869,82.53901005,1
11:52:31,3.339,3.337368,23.2112959,82.56787062,1
11:52:32,3.339,3.337384,23.21797311,82.59641528,1
11:52:33,3.339,3.337398,23.22465032,82.62465,1
11:52:35,3.339,3.337413,23.23132753,82.6525867,1
11:52:35,3.339,3.337427,23.23800474,82.68017769,1
11:52:36,3.339,3.337442,23.24468195,82.70754218,1
11:52:37,3.339,3.337456,23.25135916,82.73457289,1
11:52:38,3.339,3.33747,23.25803638,82.76138902,1
11:52:39,3.339,3.337484,23.26471359,82.78793693,1
11:52:40,3.339,3.337498,23.2713908,82.81422,1
11:52:41,3.339,3.337512,23.27806801,82.84024596,1
11:52:42,3.339,3.337526,23.28474522,82.86602497,1
11:52:43,3.339,3.337539,23.29142243,82.8915596,1
11:52:44,3.339,3.337552,23.29809964,82.91685581,1
11:52:45,3.339,3.337566,23.30477685,82.94190764,1
11:52:46,3.339,3.337579,23.31145406,82.9666853,1
11:52:47,3.339,3.337592,23.31813127,82.99128413,1
11:52:48,3.339,3.337605,23.32480848,83.01565647,1
11:52:49,3.339,3.337617,23.33148569,83.03981423,1
11:52:50,3.339,3.33763,23.3381629,83.06375146,1
11:52:51,3.339,3.337642,23.34484011,83.08743238,1
11:52:52,3.339,3.337654,23.35151732,83.11095834,1
11:52:53,3.339,3.337667,23.35819453,83.13423395,1
11:52:54,3.339,3.337679,23.36487174,83.15735459,1
11:52:55,3.339,3.337691,23.37154895,83.18027258,1
11:52:56,3.339,3.337703,23.37822616,83.20299387,1
11:52:57,3.339,3.337714,23.38490337,83.2254827,1
11:52:58,3.339,3.337726,23.39158,83.24783444,1
11:52:59,3.339,3.337738,23.39825779,83.26999545,1
11:53:00,3.339,3.337749,23.404935,83.29197168,1
11:53:01,3.339,3.33776,23.41161221,83.3137691,1
11:53:02,3.339,3.337771,23.41828942,83.33538771,1
11:53:03,3.339,3.337782,23.42496663,83.35683346,1
11:53:04,3.339,3.337793,23.43164384,83.37810636,1
11:53:05,3.339,3.337804,23.43832105,83.39917064,1
11:53:06,3.339,3.337815,23.44499826,83.42010975,1
11:53:07,3.339,3.337826,23.45167547,83.44088197,1
11:53:08,3.339,3.337836,23.45835268,83.46149325,1
11:53:10,3.339,3.337847,23.4650299,83.48194361,1
11:53:10,3.339,3.337857,23.47170711,83.5022,1
11:53:11,3.339,3.337868,23.47838432,83.52229595,1
11:53:12,3.339,3.337878,23.48506153,83.54228735,1
11:53:13,3.339,3.337888,23.49173874,83.56212378,1
11:53:15,3.339,3.337898,23.49841595,83.58181119,1
11:53:15,3.339,3.337908,23.50509316,83.60131979,1
11:53:16,3.339,3.337918,23.51177037,83.62071514,1
11:53:17,3.339,3.337927,23.51844758,83.63996744,1
11:53:18,3.339,3.337937,23.52512479,83.65907669,1
11:53:19,3.339,3.337947,23.531802,83.67801309,1
11:53:20,3.339,3.337956,23.53847921,83.69681835,1
11:53:21,3.339,3.337965,23.54515642,83.71552229,1
11:53:22,3.339,3.337975,23.55183363,83.7340951,1
11:53:24,3.339,3.337984,23.55851084,83.75253081,1
11:53:24,3.339,3.337993,23.56518805,83.7708056,1
11:53:25,3.339,3.338002,23.57186526,83.78898501,1
11:53:26,3.339,3.338011,23.57854247,83.80703926,1
11:53:28,3.339,3.33802,23.58521968,83.82496238,1
11:53:28,3.339,3.338029,23.59189689,83.84276032,1
11:53:29,3.339,3.338037,23.5985741,83.86040926,1
11:53:30,3.339,3.338046,23.60525,83.87793899,1
11:53:32,3.339,3.338055,23.61192852,83.89535546,1
11:53:33,3.339,3.338064,23.61860573,83.91264677,1
11:53:33,3.339,3.338072,23.62528294,83.92982,1
11:53:34,3.339,3.33808,23.63196015,83.94691944,1
11:53:35,3.339,3.338089,23.63863736,83.9639008,1
11:53:37,3.339,3.338097,23.64531457,83.98073912,1
11:53:37,3.339,3.338105,23.65199178,83.99749994,1
11:53:38,3.339,3.338113,23.65866899,84.01411772,1
11:53:39,3.339,3.338121,23.66534621,84.03065801,1
11:53:41,3.339,3.33813,23.67202342,84.0470612,1
11:53:41,3.339,3.338137,23.67870063,84.06338692,1
11:53:42,3.339,3.338145,23.68537784,84.0796113,1
11:53:43,3.339,3.338153,23.69205505,84.0957284,1
11:53:45,3.339,3.338161,23.69873226,84.11172032,1
11:53:46,3.339,3.338169,23.70540947,84.12760496,1
11:53:46,3.339,3.338176,23.71208668,84.14341807,1
11:53:47,3.339,3.338184,23.71876389,84.15910602,1
11:53:48,3.339,3.338192,23.7254411,84.17472243,1
11:53:50,3.339,3.338199,23.73211831,84.19023752,1
11:53:50,3.339,3.338206,23.73879552,84.2056632,1
11:53:51,3.339,3.338214,23.74547273,84.22096372,1
11:53:52,3.339,3.338221,23.75214994,84.23619866,1
11:53:54,3.339,3.338228,23.75882715,84.25133824,1
11:53:55,3.339,3.338236,23.76550436,84.26638246,1
11:53:55,3.339,3.338243,23.77218157,84.28133726,1
11:53:56,3.339,3.33825,23.77885878,84.29618478,1
11:53:58,3.339,3.338257,23.78553599,84.31096077,1
11:53:59,3.339,3.338264,23.7922132,84.32564735,1
11:53:59,3.339,3.338271,23.79889041,84.34025049,1
11:54:00,3.339,3.338278,23.80556762,84.35474038,1
11:54:02,3.339,3.338284,23.81224483,84.36917067,1
11:54:03,3.339,3.338291,23.81892,84.3835175,1
11:54:04,3.339,3.338298,23.82559925,84.39775705,1
11:54:04,3.339,3.338305,23.83227646,84.411937,1
11:54:05,3.339,3.338312,23.83895367,84.4260335,1
11:54:07,3.339,3.338318,23.84563088,84.44004655,1
11:54:08,3.339,3.338325,23.85230809,84.45398211,1
11:54:08,3.339,3.338331,23.8589853,84.46783423,1
11:54:09,3.339,3.338338,23.86566252,84.48160887,1
11:54:11,3.339,3.338344,23.87233973,84.49528813,1
11:54:12,3.339,3.338351,23.87901694,84.50890779,1
11:54:12,3.339,3.338357,23.88569415,84.52243209,1
11:54:13,3.339,3.338363,23.89237136,84.53589678,1
11:54:15,3.339,3.33837,23.89904857,84.54928994,1
11:54:16,3.339,3.338376,23.90572578,84.56260562,1
11:54:17,3.339,3.338382,23.91240299,84.57584977,1
11:54:17,3.339,3.338388,23.9190802,84.5890224,1
11:54:19,3.339,3.338394,23.92575741,84.60209966,1
11:54:20,3.339,3.3384,23.93243462,84.61512327,1
11:54:21,3.339,3.338406,23.93911183,84.62806344,1
11:54:21,3.339,3.338412,23.94578904,84.64094996,1
11:54:22,3.339,3.338418,23.95246625,84.65376496,1
11:54:24,3.339,3.338424,23.95914346,84.66649055,1
11:54:25,3.339,3.33843,23.96582067,84.67916846,1
11:54:26,3.339,3.338436,23.97249788,84.69178081,1
11:54:26,3.339,3.338442,23.97917509,84.7043097,1
11:54:28,3.339,3.338448,23.9858523,84.71676707,1
11:54:29,3.339,3.338453,23.99252951,84.72917676,1
11:54:30,3.339,3.338459,23.99920672,84.74152088,1
11:54:30,3.339,3.338464,24.00588393,84.7538,1
11:54:32,3.339,3.33847,24.01256114,84.76601243,1
11:54:33,3.339,3.338475,24.01923835,84.77816582,1
11:54:34,3.339,3.338481,24.02591556,84.79025364,1
11:54:35,3.339,3.338487,24.03259,84.80225801,1
11:54:36,3.339,3.338492,24.03926998,84.81422067,1
11:54:37,3.339,3.338498,24.04594719,84.82609987,1
11:54:38,3.339,3.338503,24.0526244,84.83793736,1
11:54:39,3.339,3.338508,24.05930161,84.84970331,1
11:54:39,3.339,3.338514,24.06597883,84.86142159,1
11:54:41,3.339,3.338519,24.07265604,84.87306237,1
11:54:42,3.34,3.338524,24.07933325,84.89500284,1
11:54:43,3.339,3.338617,24.08601046,84.90582,1
11:54:44,3.339,3.338614,24.09268767,84.91774201,1
11:54:45,3.339,3.338612,24.09936488,84.93077755,1
11:54:46,3.339,3.338611,24.10604209,84.94489789,1
11:54:47,3.339,3.338612,24.1127193,84.96001363,1
11:54:48,3.339,3.338614,24.11939651,84.97604728,1
11:54:49,3.339,3.338615,24.12607372,84.99287963,1
11:54:50,3.339,3.338618,24.13275093,85.01037359,1
11:54:51,3.339,3.338658,24.13942814,85.02725959,1
11:54:52,3.339,3.338694,24.14610535,85.043329,1
11:54:52,3.339,3.338725,24.15278256,85.05854011,1
11:54:54,3.339,3.338752,24.15945977,85.07290483,1
11:54:55,3.339,3.338775,24.16613698,85.0864768,1
11:54:56,3.339,3.338794,24.17281419,85.09933352,1
11:54:57,3.34,3.33881,24.1794914,85.13959646,1
11:54:58,3.339,3.338961,24.18616861,85.1472795,1
11:54:59,3.339,3.338954,24.19284582,85.15504599,1
11:55:00,3.339,3.338949,24.19952303,85.16285419,1
11:55:01,3.339,3.338944,24.20620024,85.17067432,1
11:55:02,3.339,3.338941,24.21287745,85.17849445,1
11:55:03,3.339,3.338939,24.21955466,85.18629074,1
11:55:04,3.34,3.338937,24.22623187,85.2114439,1
11:55:05,3.339,3.339046,24.23290908,85.21735668,1
11:55:06,3.339,3.339034,24.23958629,85.22349596,1
11:55:07,3.339,3.339024,24.24626,85.22980809,1
11:55:08,3.339,3.339015,24.25294071,85.23626328,1
11:55:09,3.339,3.339008,24.25961792,85.24282575,1
11:55:10,3.339,3.339002,24.26629514,85.24947166,1
11:55:11,3.34,3.338998,24.27297235,85.26976109,1
11:55:12,3.34,3.339097,24.27964956,85.2884233,1
11:55:13,3.339,3.339185,24.28632677,85.29270291,1
11:55:14,3.339,3.339163,24.29300398,85.29730439,1
11:55:15,3.34,3.339144,24.29968119,85.31470895,1
11:55:16,3.339,3.339227,24.3063584,85.31858921,1
11:55:17,3.339,3.339202,24.31303561,85.32281518,1
11:55:18,3.339,3.339181,24.31971282,85.32732725,1
11:55:19,3.34,3.339162,24.32639003,85.34391522,1
11:55:20,3.34,3.339245,24.33306724,85.35943627,1
11:55:21,3.34,3.33932,24.33974445,85.37399173,1
11:55:22,3.339,3.339387,24.34642166,85.37623286,1
11:55:23,3.339,3.339348,24.35309887,85.37894487,1
11:55:24,3.339,3.339315,24.35977608,85.38206816,1
11:55:25,3.339,3.339286,24.36645329,85.38554311,1
11:55:26,3.339,3.33926,24.3731305,85.38933,1
11:55:27,3.34,3.339237,24.37980771,85.40446758,1
11:55:28,3.34,3.339316,24.38648492,85.41868925,1
11:55:29,3.34,3.339386,24.39316213,85.43209434,1
11:55:30,3.339,3.33945,24.39983934,85.43385863,1
11:55:31,3.339,3.33941,24.40651655,85.43608189,1
11:55:32,3.34,3.339374,24.41319376,85.44953465,1
11:55:33,3.34,3.33944,24.41987097,85.46224833,1
11:55:34,3.34,3.3395,24.42654818,85.47429442,1
11:55:35,3.339,3.339554,24.43322539,85.47503948,1
11:55:36,3.34,3.339505,24.4399026,85.48700809,1
11:55:37,3.339,3.339559,24.44657981,85.48772931,1
11:55:38,3.34,3.339511,24.45325702,85.4995966,1
11:55:39,3.339,3.339566,24.45993,85.50028205,1
11:55:40,3.34,3.339517,24.46661144,85.51205993,1
11:55:41,3.339,3.339572,24.47328866,85.51270366,1
11:55:42,3.339,3.339524,24.47996587,85.51386595,1
11:55:43,3.339,3.339482,24.48664308,85.51547527,1
11:55:44,3.34,3.339445,24.49332029,85.52796841,1
11:55:45,3.339,3.339509,24.4999975,85.52933,1
11:55:46,3.339,3.33947,24.50667471,85.53110361,1
11:55:47,3.34,3.339435,24.51335192,85.54366827,1
11:55:48,3.339,3.339502,24.52002913,85.54511666,1
11:55:49,3.34,3.339464,24.52670634,85.5573535,1
11:55:50,3.34,3.339529,24.53338355,85.5689168,1
11:55:51,3.339,3.339587,24.54006076,85.56951284,1
11:55:52,3.339,3.339542,24.54673797,85.57058573,1
11:55:53,3.34,3.339503,24.55341518,85.58239341,1
11:55:54,3.339,3.339565,24.56009239,85.58325171,1
11:55:55,3.339,3.339524,24.5667696,85.58453918,1
11:55:56,3.339,3.339487,24.57344681,85.58620214,1
11:55:57,3.34,3.339455,24.58012402,85.59847474,1
11:55:58,3.34,3.339524,24.58680123,85.61003208,1
11:55:59,3.34,3.339586,24.59347844,85.62095761,1
11:56:00,3.339,3.339641,24.60015565,85.62107682,1
11:56:01,3.34,3.339595,24.60683286,85.63189507,1
11:56:02,3.34,3.33965,24.61351007,85.6421411,1
11:56:03,3.34,3.3397,24.62018728,85.65187454,1
11:56:04,3.34,3.339746,24.62686449,85.66114306,1
11:56:05,3.34,3.339786,24.6335417,85.66999435,1
11:56:06,3.339,3.339823,24.64021891,85.66830754,1
11:56:07,3.34,3.33976,24.64689612,85.67742109,1
11:56:08,3.34,3.3398,24.65357333,85.68612337,1
11:56:09,3.34,3.339837,24.66025054,85.6944561,1
11:56:10,3.339,3.33987,24.66692775,85.69233418,1
11:56:11,3.34,3.339803,24.6736,85.70100069,1
11:56:12,3.339,3.33984,24.68028218,85.69919467,1
11:56:13,3.339,3.339777,24.68695939,85.69803238,1
11:56:14,3.34,3.339721,24.6936366,85.70752144,1
11:56:15,3.339,3.339768,24.70031381,85.70646048,1
11:56:16,3.34,3.339714,24.70699102,85.7160151,1
11:56:17,3.34,3.339763,24.71366823,85.72508097,1
11:56:18,3.34,3.339807,24.72034544,85.73369384,1
11:56:19,3.34,3.339846,24.72702265,85.74191332,1
11:56:20,3.339,3.339882,24.73369986,85.73974371,1
11:56:21,3.339,3.339818,24.74037707,85.73822379,1
11:56:22,3.339,3.33976,24.74705428,85.73729396,1
11:56:23,3.339,3.33971,24.75373149,85.73687673,1
11:56:24,3.34,3.339664,24.7604087,85.74690819,1
11:56:25,3.34,3.339721,24.76708591,85.75637341,1
11:56:26,3.34,3.339772,24.77376312,85.76532602,1
11:56:27,3.339,3.339818,24.78044033,85.76384783,1
11:56:28,3.34,3.339763,24.78711754,85.77288389,1
11:56:29,3.34,3.33981,24.79379475,85.78144908,1
11:56:30,3.34,3.339854,24.80047196,85.78957915,1
11:56:31,3.34,3.339892,24.80714917,85.79732776,1
11:56:32,3.34,3.339927,24.81382638,85.80473065,1
11:56:33,3.34,3.339959,24.82050359,85.81181765,1
11:56:34,3.339,3.339988,24.8271808,85.80870032,1
11:56:35,3.34,3.339916,24.83385801,85.81620455,1
11:56:36,3.339,3.33995,24.84053522,85.81345677,1
11:56:37,3.34,3.339884,24.84721243,85.8212769,1
11:56:38,3.34,3.339922,24.85388964,85.82872748,1
11:56:39,3.34,3.339956,24.86056685,85.83584,1
11:56:40,3.339,3.339987,24.86724406,85.83276868,1
11:56:41,3.339,3.339918,24.87392128,85.83038449,1
11:56:42,3.339,3.339856,24.88059849,85.82860827,1
11:56:43,3.34,3.339802,24.88728,85.83723903,1
11:56:44,3.34,3.33985,24.89395291,85.84539294,1
11:56:45,3.34,3.339894,24.90063012,85.8531177,1
11:56:46,3.34,3.339933,24.90730733,85.86045504,1
11:56:47,3.34,3.339968,24.91398454,85.8674407,1
11:56:48,3.34,3.34,24.92066175,85.87411046,1
11:56:49,3.34,3.340029,24.92733896,85.88050008,1
11:56:50,3.339,3.340055,24.93401617,85.87681055,1
11:56:51,3.34,3.339982,24.94069338,85.88365912,1
11:56:52,3.34,3.340014,24.94737059,85.89020371,1
11:56:53,3.34,3.340042,24.9540478,85.89646816,1
11:56:54,3.34,3.340068,24.96072501,85.90247631,1
11:56:55,3.34,3.340091,24.96740222,85.908252,1
11:56:56,3.34,3.340113,24.97407943,85.91382504,1
11:56:57,3.34,3.340132,24.98075664,85.91920733,1
11:56:58,3.339,3.340149,24.98743385,85.91464162,1
11:56:59,3.34,3.340068,24.99411106,85.92064977,1
11:57:00,3.34,3.340093,25.00078976,85.92641354,1
11:57:01,3.339,3.340116,25.00746846,85.92219353,1
11:57:02,3.34,3.340039,25.01414716,85.92848182,1
11:57:03,3.34,3.340068,25.02082586,85.93448997,1
11:57:04,3.34,3.340094,25.02750456,85.94024777,1
11:57:05,3.34,3.340117,25.03418326,85.94577909,1
11:57:06,3.34,3.340139,25.04086196,85.95110178,1
11:57:07,3.34,3.340158,25.04754,85.9562397,1
11:57:08,3.34,3.340175,25.05421937,85.96121073,1
11:57:09,3.34,3.340191,25.06089807,85.96602678,1
11:57:10,3.34,3.340205,25.06757677,85.97069979,1
11:57:11,3.34,3.340219,25.07425547,85.97524762,1
11:57:12,3.339,3.340231,25.08093417,85.96995473,1
11:57:13,3.34,3.340145,25.08761287,85.97521782,1
11:57:14,3.34,3.340165,25.09429157,85.98028421,1
11:57:15,3.34,3.340184,25.10097027,85.98517179,1
11:57:16,3.34,3.340201,25.10764897,85.98989248,1
11:57:17,3.34,3.340216,25.11432767,85.99447012,1
11:57:18,3.34,3.34023,25.12100637,85.99891067,1
11:57:19,3.34,3.340243,25.12768507,86.003232,1
11:57:20,3.34,3.340254,25.13436377,86.00744009,1
11:57:21,3.34,3.340265,25.14104247,86.01154685,1
11:57:22,3.339,3.340274,25.14772117,86.00587845,1
11:57:23,3.34,3.340187,25.1544,86.01074815,1
11:57:24,3.34,3.340205,25.16107857,86.01543307,1
11:57:25,3.34,3.340222,25.16775727,86.01995707,1
11:57:26,3.34,3.340237,25.17443597,86.02433801,1
11:57:27,3.34,3.340251,25.18111467,86.02858186,1
11:57:28,3.34,3.340264,25.18779337,86.0327065,1
11:57:29,3.34,3.340275,25.19447207,86.03671789,1
11:57:30,3.34,3.340286,25.20115077,86.04062796,1
11:57:31,3.34,3.340295,25.20782948,86.04445457,1
11:57:32,3.34,3.340304,25.21450818,86.04819179,1
11:57:33,3.34,3.340312,25.22118688,86.05185151,1
11:57:34,3.339,3.34032,25.22786558,86.04578972,1
11:57:35,3.34,3.34023,25.23454428,86.05024219,1
11:57:36,3.34,3.340247,25.24122298,86.05453968,1
11:57:37,3.34,3.340262,25.24790168,86.05868816,1
11:57:38,3.339,3.340276,25.25458038,86.05306149,1
11:57:39,3.34,3.340192,25.26126,86.05788946,1
11:57:40,3.34,3.340213,25.26793778,86.06250882,1
11:57:41,3.339,3.340232,25.27461648,86.05729342,1
11:57:42,3.34,3.340154,25.28129518,86.06248498,1
11:57:43,3.34,3.34018,25.28797388,86.06743217,1
11:57:44,3.34,3.340204,25.29465258,86.07214689,1
11:57:45,3.34,3.340225,25.30133128,86.07665896,1
11:57:46,3.34,3.340244,25.30800998,86.08098626,1
11:57:47,3.34,3.340261,25.31468868,86.08514667,1
11:57:48,3.34,3.340277,25.32136738,86.0891521,1
11:57:49,3.34,3.340292,25.32804608,86.09302044,1
11:57:50,3.34,3.340305,25.33472478,86.09676,1
11:57:51,3.34,3.340317,25.34140348,86.10039353,1
11:57:52,3.34,3.340327,25.34808218,86.10392213,1
11:57:53,3.34,3.340337,25.35476089,86.10735536,1
11:57:54,3.34,3.340346,25.36143959,86.11069918,1
11:57:55,3.34,3.340354,25.36812,86.11397147,1
11:57:56,3.34,3.340362,25.37479699,86.11716628,1
11:57:57,3.34,3.340369,25.38147569,86.12029552,1
11:57:58,3.34,3.340375,25.38815439,86.1233592,1
11:57:59,3.34,3.340381,25.39483309,86.1263752,1
11:58:00,3.34,3.340387,25.40151179,86.12933159,1
11:58:01,3.34,3.340392,25.40819049,86.13224626,1
11:58:02,3.34,3.340397,25.41486919,86.1351192,1
11:58:03,3.34,3.340401,25.42154789,86.13794446,1
11:58:04,3.34,3.340405,25.42822659,86.14073396,1
11:58:05,3.34,3.340409,25.43490529,86.14348173,1
11:58:06,3.34,3.340413,25.44158399,86.1461997,1
11:58:07,3.34,3.340416,25.44826269,86.14888787,1
11:58:08,3.34,3.34042,25.45494139,86.15154028,1
11:58:09,3.34,3.340423,25.46162009,86.15416884,1
11:58:10,3.34,3.340426,25.46829879,86.15676165,1
11:58:11,3.34,3.340429,25.47498,86.15933061,1
11:58:12,3.34,3.340431,25.48165619,86.16187572,1
11:58:13,3.34,3.340434,25.48833489,86.164397,1
11:58:14,3.34,3.340436,25.49501359,86.16689444,1
11:58:15,3.34,3.340439,25.5016923,86.16936803,1
11:58:16,3.34,3.340441,25.508371,86.17181778,1
11:58:17,3.34,3.340444,25.5150497,86.17424965,1
11:58:18,3.34,3.340446,25.5217284,86.17666364,1
11:58:19,3.34,3.340448,25.5284071,86.17904782,1
11:58:20,3.34,3.34045,25.5350858,86.18141413,1
11:58:21,3.34,3.340452,25.5417645,86.18376851,1
11:58:22,3.34,3.340454,25.5484432,86.18609905,1
11:58:23,3.34,3.340456,25.5551219,86.18841767,1
11:58:24,3.34,3.340458,25.5618006,86.19071245,1
11:58:25,3.34,3.340459,25.5684793,86.19299531,1
11:58:26,3.34,3.340461,25.575158,86.19526029,1
11:58:27,3.34,3.340463,25.58184,86.19750738,1
11:58:28,3.34,3.340465,25.5885154,86.19974256,1
11:58:29,3.34,3.340466,25.5951941,86.20195985,1
11:58:30,3.34,3.340469,25.6018728,86.20415926,1
11:58:31,3.34,3.34047,25.6085515,86.20634675,1
11:58:32,3.34,3.340472,25.6152302,86.20851636,1
11:58:33,3.34,3.340473,25.6219089,86.21066213,1
11:58:34,3.34,3.340475,25.6285876,86.21280193,1
11:58:35,3.34,3.340477,25.6352663,86.21492386,1
11:58:36,3.34,3.340478,25.641945,86.2170279,1
11:58:37,3.34,3.34048,25.6486237,86.21912003,1
11:58:38,3.34,3.340482,25.65530241,86.22120023,1
11:58:39,3.34,3.340483,25.66198111,86.22326851,1
11:58:40,3.34,3.340485,25.66865981,86.22531295,1
11:58:41,3.34,3.340486,25.67533851,86.22734547,1
11:58:42,3.34,3.340487,25.68201721,86.22937202,1
11:58:43,3.34,3.340489,25.6887,86.23138666,1
11:58:44,3.34,3.340491,25.69537461,86.23337746,1
11:58:45,3.34,3.340492,25.70205331,86.23535633,1
11:58:46,3.34,3.340493,25.70873201,86.23732924,1
11:58:47,3.34,3.340495,25.71541071,86.23928428,1
11:58:48,3.34,3.340496,25.72208941,86.24122143,1
11:58:49,3.34,3.340497,25.72876811,86.24315262,1
11:58:50,3.34,3.340499,25.73544681,86.24507189,1
11:58:51,3.34,3.3405,25.74212551,86.24697328,1
11:58:52,3.34,3.340502,25.74880421,86.2488687,1
11:58:53,3.34,3.340503,25.75548291,86.25074029,1
11:58:54,3.34,3.340504,25.76216161,86.25261188,1
11:58:55,3.34,3.340506,25.76884031,86.25446558,1
11:58:56,3.34,3.340507,25.77551901,86.25630736,1
11:58:57,3.34,3.340508,25.78219771,86.25813127,1
11:58:58,3.34,3.34051,25.78887641,86.25994325,1
11:58:59,3.34,3.340511,25.79556,86.26174331,1
11:59:00,3.34,3.340513,25.80223382,86.26353741,1
11:59:01,3.34,3.340514,25.80891252,86.26531959,1
11:59:02,3.34,3.340515,25.81559122,86.26709,1
11:59:03,3.34,3.340516,25.82226992,86.26884818,1
11:59:04,3.34,3.340518,25.82894862,86.2705946,1
11:59:05,3.34,3.340519,25.83562732,86.27232909,1
11:59:06,3.34,3.34052,25.84230602,86.27405167,1
11:59:07,3.34,3.340521,25.84898472,86.27576232,1
11:59:08,3.34,3.340523,25.85566342,86.27746105,1
11:59:09,3.34,3.340524,25.86234212,86.27914786,1
11:59:10,3.34,3.340525,25.86902082,86.28082,1
11:59:11,3.34,3.340526,25.87569952,86.28249168,1
11:59:12,3.34,3.340527,25.88237822,86.28414869,1
11:59:13,3.34,3.340528,25.88905692,86.28579378,1
11:59:14,3.34,3.34053,25.89573562,86.28742695,1
11:59:15,3.34,3.340531,25.90241,86.28904819,1
11:59:16,3.34,3.340532,25.90909302,86.29065752,1
11:59:17,3.34,3.340533,25.91577172,86.29225492,1
11:59:18,3.34,3.340534,25.92245042,86.29384637,1
11:59:19,3.34,3.340536,25.92912912,86.29542589,1
11:59:20,3.34,3.340537,25.93580782,86.29698753,1
11:59:21,3.34,3.340538,25.94248652,86.29854321,1
11:59:22,3.34,3.340539,25.94916523,86.30008101,1
11:59:23,3.34,3.34054,25.95584393,86.30161,1
11:59:24,3.34,3.340541,25.96252263,86.30314,1
11:59:25,3.34,3.340542,25.96920133,86.30465269,1
11:59:26,3.34,3.340544,25.97588003,86.30616069,1
11:59:27,3.34,3.340544,25.98255873,86.30765676,1
11:59:28,3.34,3.340545,25.98923743,86.30914688,1
11:59:29,3.34,3.340547,25.99591613,86.31062508,1
11:59:30,3.34,3.340548,26.00259483,86.31209135,1
11:59:31,3.34,3.340549,26.00927,86.3135457,1
11:59:32,3.34,3.34055,26.01595223,86.3149941,1
11:59:33,3.34,3.340551,26.02263093,86.31643057,1
11:59:34,3.34,3.340552,26.02930963,86.31785512,1
11:59:35,3.34,3.340553,26.03598833,86.31927371,1
11:59:36,3.34,3.340554,26.04266703,86.32068038,1
11:59:37,3.34,3.340555,26.04934573,86.32207513,1
11:59:38,3.34,3.340556,26.05602443,86.32346392,1
11:59:39,3.34,3.340557,26.06270313,86.32484078,1
11:59:40,3.34,3.340558,26.06938183,86.32622,1
11:59:41,3.34,3.340559,26.07606053,86.3275826,1
11:59:42,3.34,3.34056,26.08273923,86.32893562,1
11:59:43,3.34,3.340561,26.08941793,86.33028269,1
11:59:44,3.34,3.340562,26.09609663,86.33161783,1
11:59:45,3.34,3.340563,26.10277534,86.33294106,1
11:59:46,3.34,3.340564,26.10945404,86.33425236,1
11:59:47,3.34,3.340564,26.11613,86.3355577,1
11:59:48,3.34,3.340565,26.12281144,86.33685708,1
11:59:49,3.34,3.340566,26.12949014,86.33814454,1
11:59:50,3.34,3.340567,26.13616884,86.33942604,1
11:59:51,3.34,3.340568,26.14284754,86.34070158,1
11:59:52,3.34,3.340569,26.14952624,86.3419652,1
11:59:53,3.34,3.34057,26.15620494,86.3432169,1
11:59:54,3.34,3.340571,26.16288364,86.34446263,1
11:59:55,3.34,3.340572,26.16956234,86.34570241,1
11:59:56,3.34,3.340573,26.17624104,86.34693623,1
11:59:57,3.34,3.340573,26.18291974,86.34816408,1
11:59:58,3.34,3.340574,26.18959844,86.34938002,1
11:59:59,3.34,3.340575,26.19627714,86.35058999,1
12:00:00,3.34,3.340576,26.20295584,86.35178804,1
12:00:01,3.34,3.340577,26.20963454,86.35297418,1
12:00:02,3.34,3.340578,26.21631324,86.35416031,1
12:00:03,3.34,3.340579,26.22299,86.35533452,1
12:00:04,3.34,3.340579,26.22967064,86.35650277,1
12:00:05,3.34,3.34058,26.23634934,86.3576591,1
12:00:06,3.34,3.340581,26.24302804,86.35881543,1
12:00:07,3.34,3.340582,26.24970675,86.35995984,1
12:00:08,3.34,3.340583,26.25638545,86.36109233,1
12:00:09,3.34,3.340584,26.26306415,86.36222482,1
12:00:10,3.34,3.340585,26.26974285,86.36334538,1
12:00:11,3.34,3.340585,26.27642155,86.36445999,1
12:00:12,3.34,3.340586,26.28310025,86.36556864,1
12:00:13,3.34,3.340587,26.28977895,86.36667132,1
12:00:14,3.34,3.340588,26.29645765,86.36776209,1
12:00:15,3.34,3.340588,26.30313635,86.36884689,1
12:00:16,3.34,3.340589,26.30981505,86.36992574,1
12:00:17,3.34,3.34059,26.31649375,86.37099862,1
12:00:18,3.34,3.34059,26.32317245,86.37206554,1
12:00:19,3.34,3.340591,26.32985,86.37312055,1
12:00:20,3.34,3.340592,26.33652985,86.37416959,1
12:00:21,3.34,3.340593,26.34320855,86.37521267,1
12:00:22,3.34,3.340594,26.34988725,86.37624383,1
12:00:23,3.34,3.340594,26.35656595,86.37727499,1
12:00:24,3.34,3.340595,26.36324465,86.37829,1
12:00:25,3.34,3.340596,26.36992335,86.37930155,1
12:00:26,3.34,3.340597,26.37660205,86.38030887,1
12:00:27,3.34,3.340597,26.38328075,86.38131022,1
12:00:28,3.34,3.340598,26.38995945,86.38229,1
12:00:29,3.34,3.340599,26.39663815,86.38328314,1
12:00:30,3.34,3.3406,26.40331686,86.38426065,1
12:00:31,3.34,3.3406,26.40999556,86.38522625,1
12:00:32,3.34,3.340601,26.41667426,86.38618588,1
12:00:33,3.34,3.340601,26.42335296,86.38713956,1
12:00:34,3.34,3.340602,26.43003166,86.38809323,1
12:00:35,3.34,3.340603,26.43671,86.38904095,1
12:00:36,3.34,3.340603,26.44338906,86.38998866,1
12:00:37,3.34,3.340604,26.45006776,86.39091849,1
12:00:38,3.34,3.340605,26.45674646,86.39184833,1
12:00:39,3.34,3.340606,26.46342516,86.3927722,1
12:00:40,3.34,3.340606,26.47010386,86.39368415,1
12:00:41,3.34,3.340607,26.47678256,86.39459014,1
12:00:42,3.34,3.340607,26.48346126,86.39549017,1
12:00:43,3.34,3.340608,26.49013996,86.3963902,1
12:00:44,3.34,3.340609,26.49681866,86.39728427,1
12:00:45,3.34,3.340609,26.50349736,86.39817238,1
12:00:46,3.34,3.34061,26.51017606,86.39904857,1
12:00:47,3.34,3.340611,26.51685476,86.39992476,1
12:00:48,3.34,3.340611,26.52353346,86.40078902,1
12:00:49,3.34,3.340612,26.53021216,86.40165329,1
12:00:50,3.34,3.340612,26.53689086,86.40251756,1
12:00:51,3.34,3.340613,26.54357,86.4033699,1
12:00:52,3.34,3.340614,26.55024827,86.40421629,1
12:00:53,3.34,3.340614,26.55692697,86.40505672,1
12:00:54,3.34,3.340615,26.56360567,86.40589118,1
12:00:55,3.34,3.340615,26.57028437,86.40671372,1
12:00:56,3.34,3.340616,26.57696307,86.40753627,1
12:00:57,3.34,3.340616,26.58364177,86.40835285,1
12:00:58,3.34,3.340617,26.59032047,86.40916944,1
12:00:59,3.34,3.340618,26.59699917,86.4099741,1
12:01:00,3.34,3.340618,26.60367787,86.41076684,1
12:01:01,3.34,3.340619,26.61035657,86.41155362,1
12:01:02,3.34,3.340619,26.61703527,86.41234636,1
12:01:03,3.34,3.34062,26.62371397,86.41313314,1
12:01:04,3.34,3.340621,26.63039267,86.41391397,1
12:01:05,3.34,3.340621,26.63707137,86.41469479,1
12:01:06,3.34,3.340622,26.64375007,86.41546369,1
12:01:07,3.34,3.340622,26.65043,86.41622663,1
12:01:08,3.34,3.340623,26.65710747,86.4169836,1
12:01:09,3.34,3.340623,26.66378617,86.41774058,1
12:01:10,3.34,3.340624,26.67046487,86.4184916,1
12:01:11,3.34,3.340624,26.67714357,86.4192307,1
12:01:12,3.34,3.340625,26.68382227,86.41996384,1
12:01:13,3.34,3.340626,26.69050097,86.42069101,1
12:01:14,3.34,3.340626,26.69717968,86.42142415,1
12:01:15,3.34,3.340626,26.70385838,86.42215133,1
12:01:16,3.34,3.340627,26.71053708,86.42287254,1
12:01:17,3.34,3.340627,26.71721578,86.4235878,1
12:01:18,3.34,3.340628,26.72389448,86.42429709,1
12:01:19,3.34,3.340629,26.73057318,86.42500043,1
12:01:20,3.34,3.340629,26.73725188,86.42570376,1
12:01:21,3.34,3.340629,26.74393058,86.42639518,1
12:01:22,3.34,3.34063,26.75060928,86.42708659,1
12:01:23,3.34,3.340631,26.75729,86.42777205,1
12:01:24,3.34,3.340631,26.76396668,86.42845,1
12:01:25,3.34,3.340631,26.77064538,86.42913103,1
12:01:26,3.34,3.340632,26.77732408,86.42980456,1
12:01:27,3.34,3.340632,26.78400278,86.43047214,1
12:01:28,3.34,3.340633,26.79068148,86.43113375,1
12:01:29,3.34,3.340633,26.79736018,86.43179536,1
12:01:30,3.34,3.340634,26.80403888,86.43245101,1
12:01:31,3.34,3.340634,26.81071758,86.43309474,1
12:01:32,3.34,3.340635,26.81739628,86.43374443,1
12:01:33,3.34,3.340635,26.82407498,86.43438816,1
12:01:34,3.34,3.340636,26.83075368,86.43501997,1
12:01:35,3.34,3.340636,26.83743238,86.43565774,1
12:01:36,3.34,3.340636,26.84411108,86.43628955,1
12:01:37,3.34,3.340637,26.85078979,86.4369154,1
12:01:38,3.34,3.340638,26.85746849,86.43753529,1
12:01:39,3.34,3.340638,26.86415,86.43815517,1
12:01:40,3.34,3.340638,26.87082589,86.4387691,1
12:01:41,3.34,3.340639,26.87750459,86.43937707,1
12:01:42,3.34,3.340639,26.88418329,86.43997312,1
12:01:43,3.34,3.34064,26.89086199,86.44057512,1
12:01:44,3.34,3.34064,26.89754069,86.44116521,1
12:01:45,3.34,3.34064,26.90421939,86.44176126,1
12:01:46,3.34,3.340641,26.91089809,86.44233942,1
12:01:47,3.34,3.340641,26.91757679,86.44292355,1
12:01:48,3.34,3.340641,26.92425549,86.44350767,1
12:01:49,3.34,3.340642,26.93093419,86.44408584,1
12:01:50,3.34,3.340642,26.93761289,86.44465804,1
12:01:51,3.34,3.340643,26.94429159,86.44521832,1
12:01:52,3.34,3.340643,26.95097029,86.44578457,1
12:01:53,3.34,3.340644,26.95764899,86.44634485,1
12:01:54,3.34,3.340644,26.96432769,86.44690514,1
12:01:55,3.34,3.340645,26.97101,86.4474535,1
12:01:56,3.34,3.340645,26.97768509,86.44800186,1
12:01:57,3.34,3.340645,26.98436379,86.44855022,1
12:01:58,3.34,3.340646,26.99104249,86.44909263,1
12:01:59,3.34,3.340646,26.9977212,86.44962,1
12:02:00,3.34,3.340647,27.0043999,86.45015955,1
12:02:01,3.34,3.340647,27.0110786,86.45069003,1
12:02:02,3.34,3.340647,27.0177573,86.45122051,1
12:02:03,3.34,3.340648,27.024436,86.45174503,1
12:02:04,3.34,3.340648,27.0311147,86.45226359,1
12:02:05,3.34,3.340648,27.0377934,86.45277023,1
12:02:06,3.34,3.340649,27.0444721,86.45328283,1
12:02:07,3.34,3.340649,27.0511508,86.45378351,1
12:02:08,3.34,3.340649,27.0578295,86.45429015,1
12:02:09,3.34,3.34065,27.0645082,86.45479083,1
12:02:10,3.34,3.34065,27.0711869,86.45529151,1
12:02:11,3.34,3.34065,27.07787,86.45579219,1
12:02:12,3.34,3.340651,27.0845443,86.45628691,1
12:02:13,3.34,3.340651,27.091223,86.45677567,1
12:02:14,3.34,3.340652,27.0979017,86.45726442,1
12:02:15,3.34,3.340652,27.1045804,86.45774126,1
12:02:16,3.34,3.340652,27.1112591,86.45822406,1
12:02:17,3.34,3.340652,27.1179378,86.45869493,1
12:02:18,3.34,3.340653,27.1246165,86.45916581,1
12:02:19,3.34,3.340653,27.1312952,86.45963669,1
12:02:20,3.34,3.340654,27.1379739,86.4601016,1
12:02:21,3.34,3.340654,27.14465261,86.46056056,1
12:02:22,3.34,3.340654,27.15133131,86.46102548,1
12:02:23,3.34,3.340654,27.15801001,86.46148443,1
12:02:24,3.34,3.340655,27.16468871,86.46193743,1
12:02:25,3.34,3.340655,27.17136741,86.46239042,1
12:02:26,3.34,3.340655,27.17804611,86.46283746,1
12:02:27,3.34,3.340656,27.18472,86.46328449,1
12:02:28,3.34,3.340656,27.19140351,86.46371961,1
12:02:29,3.34,3.340657,27.19808221,86.46416068,1
12:02:30,3.34,3.340657,27.20476091,86.46459579,1
12:02:31,3.34,3.340657,27.21143961,86.46503091,1
12:02:32,3.34,3.340657,27.21811831,86.46546006,1
12:02:33,3.34,3.340657,27.22479701,86.46588922,1
12:02:34,3.34,3.340658,27.23147571,86.46630645,1
12:02:35,3.34,3.340658,27.23815441,86.46672964,1
12:02:36,3.34,3.340659,27.24483311,86.46714687,1
12:02:37,3.34,3.340659,27.25151181,86.46756411,1
12:02:38,3.34,3.340659,27.25819051,86.46797538,1
12:02:39,3.34,3.340659,27.26486921,86.46838665,1
12:02:40,3.34,3.34066,27.27154791,86.468786,1
12:02:41,3.34,3.34066,27.27822661,86.46918535,1
12:02:42,3.34,3.34066,27.28490531,86.4695847,1
12:02:43,3.34,3.340661,27.29158,86.46997809,1
12:02:44,3.34,3.340661,27.29826272,86.47037148,1
12:02:45,3.34,3.340661,27.30494142,86.47075891,1
12:02:46,3.34,3.340661,27.31162012,86.47115231,1
12:02:47,3.34,3.340662,27.31829882,86.4715457,1
12:02:48,3.34,3.340662,27.32497752,86.47193313,1
12:02:49,3.34,3.340662,27.33165622,86.47232,1
12:02:50,3.34,3.340662,27.33833492,86.4727,1
12:02:51,3.34,3.340663,27.34501362,86.47307754,1
12:02:52,3.34,3.340663,27.35169232,86.47345304,1
12:02:53,3.34,3.340663,27.35837102,86.47382855,1
12:02:54,3.34,3.340663,27.36504972,86.47420406,1
12:02:55,3.34,3.340664,27.37172842,86.47457361,1
12:02:56,3.34,3.340664,27.37840712,86.47493124,1
12:02:57,3.34,3.340664,27.38508582,86.47529483,1
12:02:58,3.34,3.340665,27.39176452,86.47565842,1
12:02:59,3.34,3.340665,27.39844,86.47601008,1
12:03:00,3.34,3.340665,27.40512192,86.47636771,1
12:03:01,3.34,3.340665,27.41180062,86.47672534,1
12:03:02,3.34,3.340666,27.41847932,86.47707701,1
12:03:03,3.34,3.340666,27.42515802,86.47741675,1
12:03:04,3.34,3.340666,27.43183672,86.4777565,1
12:03:05,3.34,3.340666,27.43851542,86.47809625,1
12:03:06,3.34,3.340667,27.44519413,86.47843599,1
12:03:07,3.34,3.340667,27.45187283,86.47876978,1
12:03:08,3.34,3.340667,27.45855153,86.47910953,1
12:03:09,3.34,3.340667,27.46523023,86.47944927,1
12:03:10,3.34,3.340668,27.47190893,86.47978306,1
12:03:11,3.34,3.340668,27.47858763,86.48011684,1
12:03:12,3.34,3.340668,27.48526633,86.48044467,1
12:03:13,3.34,3.340668,27.49194503,86.4807725,1
12:03:14,3.34,3.340668,27.49862373,86.48109,1
12:03:15,3.34,3.340669,27.5053,86.48141623,1
12:03:16,3.34,3.340669,27.51198113,86.48173809,1
12:03:17,3.34,3.340669,27.51865983,86.48205996,1
12:03:18,3.34,3.340669,27.52533853,86.48237586,1
12:03:19,3.34,3.340669,27.53201723,86.48269176,1
12:03:20,3.34,3.34067,27.53869593,86.48299575,1
12:03:21,3.34,3.34067,27.54537463,86.48330569,1
12:03:22,3.34,3.34067,27.55205333,86.48360968,1
12:03:23,3.34,3.34067,27.55873203,86.48391366,1
12:03:24,3.34,3.340671,27.56541073,86.48421764,1
12:03:25,3.34,3.340671,27.57208943,86.48451567,1
12:03:26,3.34,3.340671,27.57876813,86.48481369,1
12:03:27,3.34,3.340671,27.58544683,86.48511171,1
12:03:28,3.34,3.340672,27.59212554,86.48540378,1
12:03:29,3.34,3.340672,27.59880424,86.48569584,1
12:03:30,3.34,3.340672,27.60548294,86.48598194,1
12:03:31,3.34,3.340672,27.61216,86.48626208,1
12:03:32,3.34,3.340672,27.61884034,86.48654819,1
12:03:33,3.34,3.340672,27.62551904,86.48682833,1
12:03:34,3.34,3.340673,27.63219774,86.48711443,1
12:03:35,3.34,3.340673,27.63887644,86.48739457,1
12:03:36,3.34,3.340673,27.64555514,86.48767471,1
12:03:37,3.34,3.340673,27.65223384,86.48794889,1
12:03:38,3.34,3.340673,27.65891254,86.48822308,1
12:03:39,3.34,3.340673,27.66559124,86.48849726,1
12:03:40,3.34,3.340674,27.67226994,86.48876548,1
12:03:41,3.34,3.340674,27.67894864,86.48902774,1
12:03:42,3.34,3.340674,27.68562734,86.4893,1
12:03:43,3.34,3.340674,27.69230604,86.48956418,1
12:03:44,3.34,3.340675,27.69898474,86.48982048,1
12:03:45,3.34,3.340675,27.70566344,86.49008274,1
12:03:46,3.34,3.340675,27.71234214,86.490345,1
12:03:47,3.34,3.340675,27.71902,86.4906013,1
12:03:48,3.34,3.340675,27.72569954,86.4908576,1
12:03:49,3.34,3.340675,27.73237824,86.4911139,1
12:03:50,3.34,3.340676,27.73905694,86.49136424,1
12:03:51,3.34,3.340676,27.74573565,86.49161458,1
12:03:52,3.34,3.340676,27.75241435,86.49186492,1
12:03:53,3.34,3.340676,27.75909305,86.49211526,1
12:03:54,3.34,3.340677,27.76577175,86.49235368,1
12:03:55,3.34,3.340677,27.77245045,86.49259806,1
12:03:56,3.34,3.340677,27.77912915,86.49284244,1
12:03:57,3.34,3.340677,27.78580785,86.49308085,1
12:03:58,3.34,3.340677,27.79248655,86.49331331,1
12:03:59,3.34,3.340677,27.79916525,86.49354577,1
12:04:00,3.34,3.340677,27.80584395,86.49378419,1
12:04:01,3.34,3.340677,27.81252265,86.49402261,1
12:04:02,3.34,3.340678,27.81920135,86.49426,1
12:04:03,3.34,3.340678,27.82588,86.49448752,1
12:04:04,3.34,3.340678,27.83255875,86.49471998,1
12:04:05,3.34,3.340678,27.83923745,86.49494648,1
12:04:06,3.34,3.340678,27.84591615,86.49517298,1
12:04:07,3.34,3.340678,27.85259485,86.4954,1
12:04:08,3.34,3.340679,27.85927355,86.49562597,1
12:04:09,3.34,3.340679,27.86595225,86.49584651,1
12:04:10,3.34,3.340679,27.87263095,86.49606705,1
12:04:11,3.34,3.340679,27.87930965,86.49628758,1
12:04:12,3.34,3.340679,27.88598835,86.49650812,1
12:04:13,3.34,3.340679,27.89266706,86.4967227,1
12:04:14,3.34,3.34068,27.89934576,86.49693727,1
12:04:15,3.34,3.34068,27.90602446,86.49713993,1
12:04:16,3.34,3.34068,27.91270316,86.49735451,1
12:04:17,3.34,3.34068,27.91938186,86.49756312,1
12:04:18,3.34,3.34068,27.92606056,86.49776578,1
12:04:19,3.34,3.340681,27.93274,86.4979744,1
12:04:20,3.34,3.34068,27.93941796,86.49818301,1
12:04:21,3.34,3.340681,27.94609666,86.49839163,1
12:04:22,3.34,3.340681,27.95277536,86.49859428,1
12:04:23,3.34,3.340681,27.95945406,86.49879694,1
12:04:24,3.34,3.340681,27.96613276,86.4989996,1
12:04:25,3.34,3.340681,27.97281146,86.49920225,1
12:04:26,3.34,3.340682,27.97949016,86.49939895,1
12:04:27,3.34,3.340682,27.98616886,86.4996,1
12:04:28,3.34,3.340682,27.99284756,86.49979234,1
12:04:29,3.34,3.340682,27.99952626,86.49998903,1
12:04:30,3.34,3.340682,28.00620496,86.50017977,1
12:04:31,3.34,3.340682,28.01288366,86.50036454,1
12:04:32,3.34,3.340682,28.01956236,86.50055528,1
12:04:33,3.34,3.340683,28.02624106,86.50074601,1
12:04:34,3.34,3.340683,28.03291976,86.50092483,1
12:04:35,3.34,3.340683,28.0396,86.5011096,1
12:04:36,3.34,3.340683,28.04627717,86.50129437,1
12:04:37,3.34,3.340683,28.05295587,86.50147915,1
12:04:38,3.34,3.340683,28.05963457,86.501652,1
12:04:39,3.34,3.340683,28.06631327,86.50183082,1
12:04:40,3.34,3.340683,28.07299197,86.50201559,1
12:04:41,3.34,3.340683,28.07967067,86.5021944,1
12:04:42,3.34,3.340684,28.08634937,86.50237322,1
12:04:43,3.34,3.340684,28.09302807,86.50255203,1
12:04:44,3.34,3.340684,28.09970677,86.50273085,1
12:04:45,3.34,3.340684,28.10638547,86.50289774,1
12:04:46,3.34,3.340684,28.11306417,86.50306463,1
12:04:47,3.34,3.340684,28.11974287,86.50323749,1
12:04:48,3.34,3.340684,28.12642157,86.50340438,1
12:04:49,3.34,3.340684,28.13310027,86.50357723,1
12:04:50,3.34,3.340684,28.13977897,86.50375009,1
12:04:51,3.34,3.340685,28.14646,86.50391102,1
12:04:52,3.34,3.340685,28.15313637,86.50407791,1
12:04:53,3.34,3.340685,28.15981507,86.5042448,1
12:04:54,3.34,3.340685,28.16649377,86.5044117,1
12:04:55,3.34,3.340685,28.17317247,86.50457263,1
12:04:56,3.34,3.340685,28.17985117,86.50473356,1
12:04:57,3.34,3.340685,28.18652987,86.5048945,1
12:04:58,3.34,3.340685,28.19320858,86.50505543,1
12:04:59,3.34,3.340686,28.19988728,86.50520444,1
12:05:00,3.34,3.340686,28.20656598,86.50536537,1
12:05:01,3.34,3.340686,28.21324468,86.5055263,1
12:05:02,3.34,3.340686,28.21992338,86.50568128,1
12:05:03,3.34,3.340686,28.22660208,86.50582433,1
12:05:04,3.34,3.340686,28.23328078,86.5059793,1
12:05:05,3.34,3.340686,28.23995948,86.50613427,1
12:05:06,3.34,3.340686,28.24663818,86.50627732,1
12:05:07,3.34,3.340686,28.25332,86.50643229,1
12:05:08,3.34,3.340687,28.25999558,86.50658131,1
12:05:09,3.34,3.340687,28.26667428,86.50673032,1
12:05:10,3.34,3.340687,28.27335298,86.50687933,1
12:05:11,3.34,3.340687,28.28003168,86.50701642,1
12:05:12,3.34,3.340687,28.28671038,86.50716543,1
12:05:13,3.34,3.340687,28.29338908,86.50730848,1
12:05:14,3.34,3.340687,28.30006778,86.50745153,1
12:05:15,3.34,3.340687,28.30674648,86.50759459,1
12:05:16,3.34,3.340688,28.31342518,86.50773168,1
12:05:17,3.34,3.340687,28.32010388,86.50786281,1
12:05:18,3.34,3.340687,28.32678258,86.50800586,1
12:05:19,3.34,3.340688,28.33346128,86.50813699,1
12:05:20,3.34,3.340688,28.34013999,86.50827408,1
12:05:21,3.34,3.340688,28.34681869,86.50841117,1
12:05:22,3.34,3.340688,28.35349739,86.50853634,1
12:05:23,3.34,3.340688,28.36018,86.50867343,1
12:05:24,3.34,3.340688,28.36685479,86.50880456,1
12:05:25,3.34,3.340688,28.37353349,86.50892973,1
12:05:26,3.34,3.340688,28.38021219,86.50906682,1
12:05:27,3.34,3.340688,28.38689089,86.50919795,1
12:05:28,3.34,3.340688,28.39356959,86.50932,1
12:05:29,3.34,3.340688,28.40024829,86.50945425,1
12:05:30,3.34,3.340688,28.40692699,86.50958538,1
12:05:31,3.34,3.340689,28.41360569,86.50971651,1
12:05:32,3.34,3.340689,28.42028439,86.50983572,1
12:05:33,3.34,3.340689,28.42696309,86.50996685,1
12:05:34,3.34,3.340689,28.43364179,86.51009202,1
12:05:35,3.34,3.340689,28.44032049,86.51021719,1
12:05:36,3.34,3.340689,28.44699919,86.51034236,1
12:05:37,3.34,3.340689,28.45367789,86.51045561,1
12:05:38,3.34,3.340689,28.46035659,86.51056886,1
12:05:39,3.34,3.340689,28.46704,86.51068211,1
12:05:40,3.34,3.340689,28.47371399,86.51079535,1
12:05:41,3.34,3.340689,28.48039269,86.5109086,1
12:05:42,3.34,3.34069,28.48707139,86.51102185,1
12:05:43,3.34,3.34069,28.4937501,86.5111351,1
12:05:44,3.34,3.34069,28.5004288,86.51124835,1
12:05:45,3.34,3.34069,28.5071075,86.5113616,1
12:05:46,3.34,3.34069,28.5137862,86.51147485,1
12:05:47,3.34,3.34069,28.5204649,86.5115881,1
12:05:48,3.34,3.34069,28.5271436,86.51170135,1
12:05:49,3.34,3.34069,28.5338223,86.51181459,1
12:05:50,3.34,3.34069,28.540501,86.51192188,1
12:05:51,3.34,3.340691,28.5471797,86.51202917,1
12:05:52,3.34,3.340691,28.5538584,86.51214242,1
12:05:53,3.34,3.340691,28.5605371,86.51225567,1
12:05:54,3.34,3.340691,28.5672158,86.51236892,1
12:05:55,3.34,3.340691,28.57389,86.51248217,1
12:05:56,3.34,3.340691,28.5805732,86.51258945,1
12:05:57,3.34,3.340691,28.5872519,86.51269674,1
12:05:58,3.34,3.340691,28.5939306,86.51280403,1
12:05:59,3.34,3.340691,28.6006093,86.51291132,1
12:06:00,3.34,3.340691,28.607288,86.51301861,1
12:06:01,3.34,3.340691,28.6139667,86.5131259,1
12:06:02,3.34,3.340691,28.6206454,86.51323318,1
12:06:03,3.34,3.340691,28.6273241,86.51333,1
12:06:04,3.34,3.340691,28.6340028,86.51342988,1
12:06:05,3.34,3.340691,28.64068151,86.51353121,1
12:06:06,3.34,3.340692,28.64736021,86.51363254,1
12:06:07,3.34,3.340692,28.65403891,86.5137279,1
12:06:08,3.34,3.340692,28.66071761,86.51382923,1
12:06:09,3.34,3.340692,28.66739631,86.51393056,1
12:06:10,3.34,3.340692,28.67407501,86.51403189,1
12:06:11,3.34,3.340692,28.68075,86.51412129,1
12:06:12,3.34,3.340692,28.68743241,86.51421666,1
12:06:13,3.34,3.340692,28.69411111,86.51431799,1
12:06:14,3.34,3.340692,28.70078981,86.51441336,1
12:06:15,3.34,3.340692,28.70746851,86.51450872,1
12:06:16,3.34,3.340692,28.71414721,86.51460409,1
12:06:17,3.34,3.340692,28.72082591,86.51469946,1
12:06:18,3.34,3.340693,28.72750461,86.51478887,1
12:06:19,3.34,3.340692,28.73418331,86.51488423,1
12:06:20,3.34,3.340693,28.74086201,86.51496768,1
12:06:21,3.34,3.340693,28.74754071,86.51505709,1
12:06:22,3.34,3.340693,28.75421941,86.51514649,1
12:06:23,3.34,3.340693,28.76089811,86.51524,1
12:06:24,3.34,3.340693,28.76757681,86.51532531,1
12:06:25,3.34,3.340693,28.77425551,86.51541471,1
12:06:26,3.34,3.340693,28.78093421,86.51550412,1
12:06:27,3.34,3.340693,28.78761,86.51558161,1
12:06:28,3.34,3.340693,28.79429162,86.51567101,1
12:06:29,3.34,3.340693,28.80097032,86.5157485,1
12:06:30,3.34,3.340693,28.80764902,86.51583791,1
12:06:31,3.34,3.340693,28.81432772,86.51592135,1
12:06:32,3.34,3.340693,28.82100642,86.51601076,1
12:06:33,3.34,3.340693,28.82768512,86.51608825,1
12:06:34,3.34,3.340693,28.83436382,86.51617169,1
12:06:35,3.34,3.340693,28.84104252,86.51625514,1
12:06:36,3.34,3.340693,28.84772122,86.51633859,1
12:06:37,3.34,3.340694,28.85439992,86.51641607,1
12:06:38,3.34,3.340694,28.86107862,86.5164876,1
12:06:39,3.34,3.340693,28.86775732,86.51657,1
12:06:40,3.34,3.340694,28.87443602,86.51664853,1
12:06:41,3.34,3.340694,28.88111472,86.51672602,1
12:06:42,3.34,3.340694,28.88779342,86.5168035,1
12:06:43,3.34,3.340694,28.89447,86.51688099,1
12:06:44,3.34,3.340694,28.90115082,86.51695848,1
12:06:45,3.34,3.340694,28.90782952,86.51703596,1
12:06:46,3.34,3.340694,28.91450822,86.51710749,1
12:06:47,3.34,3.340694,28.92118692,86.51718497,1
12:06:48,3.34,3.340694,28.92786562,86.51726246,1
12:06:49,3.34,3.340694,28.93454432,86.51732802,1
12:06:50,3.34,3.340694,28.94122303,86.51740551,1
12:06:51,3.34,3.340694,28.94790173,86.51747704,1
12:06:52,3.34,3.340694,28.95458043,86.51754856,1
12:06:53,3.34,3.340694,28.96125913,86.51761413,1
12:06:54,3.34,3.340694,28.96793783,86.51769161,1
12:06:55,3.34,3.340694,28.97461653,86.51776314,1
12:06:56,3.34,3.340694,28.98129523,86.51783466,1
12:06:57,3.34,3.340694,28.98797393,86.51790023,1
12:06:58,3.34,3.340694,28.99465263,86.51797175,1
12:06:59,3.34,3.340694,29.00133,86.51804328,1
12:07:00,3.34,3.340695,29.00801003,86.51810884,1
12:07:01,3.34,3.340695,29.01468873,86.51817441,1
12:07:02,3.34,3.340695,29.02136743,86.51823401,1
12:07:03,3.34,3.340695,29.02804613,86.51829362,1
12:07:04,3.34,3.340695,29.03472483,86.51836514,1
12:07:05,3.34,3.340695,29.04140353,86.51843667,1
12:07:06,3.34,3.340695,29.04808223,86.51850224,1
12:07:07,3.34,3.340695,29.05476093,86.5185678,1
12:07:08,3.34,3.340695,29.06143963,86.51862741,1
12:07:09,3.34,3.340695,29.06811833,86.51868701,1
12:07:10,3.34,3.340695,29.07479703,86.51874661,1
12:07:11,3.34,3.340695,29.08147573,86.51881218,1
12:07:12,3.34,3.340695,29.08815444,86.51887774,1
12:07:13,3.34,3.340695,29.09483314,86.51894331,1
12:07:14,3.34,3.340696,29.10151184,86.51900291,1
12:07:15,3.34,3.340695,29.10819,86.51906848,1
12:07:16,3.34,3.340695,29.11486924,86.51913404,1
12:07:17,3.34,3.340695,29.12154794,86.51918769,1
12:07:18,3.34,3.340696,29.12822664,86.51924729,1
12:07:19,3.34,3.340696,29.13490534,86.51930094,1
12:07:20,3.34,3.340696,29.14158404,86.51936054,1
12:07:21,3.34,3.340696,29.14826274,86.51941419,1
12:07:22,3.34,3.340696,29.15494144,86.51947379,1
12:07:23,3.34,3.340696,29.16162014,86.51952744,1
12:07:24,3.34,3.340696,29.16829884,86.51958704,1
12:07:25,3.34,3.340696,29.17497754,86.51964068,1
12:07:26,3.34,3.340696,29.18165624,86.51970029,1
12:07:27,3.34,3.340696,29.18833494,86.51975393,1
12:07:28,3.34,3.340696,29.19501364,86.51981,1
12:07:29,3.34,3.340696,29.20169234,86.51986718,1
12:07:30,3.34,3.340696,29.20837104,86.51992679,1
12:07:31,3.34,3.340696,29.21505,86.51997447,1
12:07:32,3.34,3.340696,29.22172844,86.52003407,1
12:07:33,3.34,3.340696,29.22840714,86.52009368,1
12:07:34,3.34,3.340696,29.23508584,86.52015328,1
12:07:35,3.34,3.340696,29.24176455,86.52020097,1
12:07:36,3.34,3.340696,29.24844325,86.52025461,1
12:07:37,3.34,3.340696,29.25512195,86.52030826,1
12:07:38,3.34,3.340696,29.26180065,86.5203619,1
12:07:39,3.34,3.340696,29.26847935,86.52041554,1
12:07:40,3.34,3.340696,29.27515805,86.52046919,1
12:07:41,3.34,3.340696,29.28183675,86.52052283,1
12:07:42,3.34,3.340696,29.28851545,86.52058,1
12:07:43,3.34,3.340696,29.29519415,86.52063012,1
12:07:44,3.34,3.340696,29.30187285,86.52068377,1
12:07:45,3.34,3.340696,29.30855155,86.52073741,1
12:07:46,3.34,3.340696,29.31523025,86.52079105,1
12:07:47,3.34,3.340697,29.32191,86.5208447,1
12:07:48,3.34,3.340697,29.32858765,86.52088642,1
12:07:49,3.34,3.340697,29.33526635,86.5209341,1
12:07:50,3.34,3.340697,29.34194505,86.52098179,1
12:07:51,3.34,3.340697,29.34862375,86.52102947,1
12:07:52,3.34,3.340697,29.35530245,86.52107716,1
12:07:53,3.34,3.340697,29.36198115,86.52112484,1
12:07:54,3.34,3.340697,29.36865985,86.52116656,1
12:07:55,3.34,3.340697,29.37533855,86.52121425,1
12:07:56,3.34,3.340697,29.38201725,86.52126193,1
12:07:57,3.34,3.340697,29.38869596,86.52130961,1
12:07:58,3.34,3.340697,29.39537466,86.5213573,1
12:07:59,3.34,3.340697,29.40205336,86.52140498,1
12:08:00,3.34,3.340697,29.40873206,86.52144074,1
12:08:01,3.34,3.340697,29.41541076,86.52148843,1
12:08:02,3.34,3.340697,29.42208946,86.52153611,1
12:08:03,3.34,3.340697,29.42877,86.5215838,1
12:08:04,3.34,3.340697,29.43544686,86.52163148,1
12:08:05,3.34,3.340697,29.44212556,86.52166724,1
12:08:06,3.34,3.340698,29.44880426,86.52170897,1
12:08:07,3.34,3.340697,29.45548296,86.52175069,1
12:08:08,3.34,3.340697,29.46216166,86.52178645,1
12:08:09,3.34,3.340698,29.46884036,86.52182817,1
12:08:10,3.34,3.340697,29.47551906,86.52187586,1
12:08:11,3.34,3.340697,29.48219776,86.52191758,1
12:08:12,3.34,3.340697,29.48887646,86.52195334,1
12:08:13,3.34,3.340698,29.49555516,86.52199507,1
12:08:14,3.34,3.340697,29.50223386,86.52204275,1
12:08:15,3.34,3.340698,29.50891256,86.52208447,1
12:08:16,3.34,3.340698,29.51559126,86.52212024,1
12:08:17,3.34,3.340698,29.52226996,86.52216196,1
12:08:18,3.34,3.340698,29.52894866,86.52220368,1
12:08:19,3.34,3.340698,29.53563,86.52223945,1
12:08:20,3.34,3.340698,29.54230607,86.52228117,1
12:08:21,3.34,3.340698,29.54898477,86.52232289,1
12:08:22,3.34,3.340698,29.55566347,86.52236462,1
12:08:23,3.34,3.340698,29.56234217,86.52240634,1
12:08:24,3.34,3.340698,29.56902087,86.52244806,1
12:08:25,3.34,3.340698,29.57569957,86.52248979,1
12:08:26,3.34,3.340698,29.58237827,86.52251959,1
12:08:27,3.34,3.340698,29.58905697,86.52256131,1
12:08:28,3.34,3.340698,29.59573567,86.52259707,1
12:08:29,3.34,3.340698,29.60241437,86.52262688,1
12:08:30,3.34,3.340698,29.60909307,86.5226686,1
12:08:31,3.34,3.340698,29.61577177,86.52270436,1
12:08:32,3.34,3.340698,29.62245047,86.52274013,1
12:08:33,3.34,3.340698,29.62912917,86.52277589,1
12:08:34,3.34,3.340698,29.63580787,86.52281165,1
12:08:35,3.34,3.340698,29.64249,86.52284741,1
12:08:36,3.34,3.340698,29.64916527,86.52288318,1
12:08:37,3.34,3.340698,29.65584397,86.52291298,1
12:08:38,3.34,3.340698,29.66252267,86.52294874,1
12:08:39,3.34,3.340698,29.66920137,86.5229845,1
12:08:40,3.34,3.340698,29.67588007,86.52302027,1
12:08:41,3.34,3.340698,29.68255877,86.52306,1
12:08:42,3.34,3.340698,29.68923748,86.52308583,1
12:08:44,3.34,3.340698,29.69591618,86.5231216,1
12:08:44,3.34,3.340698,29.70259488,86.52315736,1
12:08:45,3.34,3.340698,29.70927358,86.52319312,1
12:08:46,3.34,3.340698,29.71595228,86.52322888,1
12:08:47,3.34,3.340698,29.72263098,86.52325869,1
12:08:48,3.34,3.340698,29.72930968,86.52329445,1
12:08:49,3.34,3.340698,29.73598838,86.52333021,1
12:08:50,3.34,3.340698,29.74266708,86.52336597,1
12:08:51,3.34,3.340698,29.74935,86.52339578,1
12:08:52,3.34,3.340698,29.75602448,86.52342558,1
12:08:53,3.34,3.340698,29.76270318,86.52346134,1
12:08:54,3.34,3.340698,29.76938188,86.5234971,1
12:08:55,3.34,3.340699,29.77606058,86.52352691,1
12:08:56,3.34,3.340698,29.78273928,86.52355671,1
12:08:57,3.34,3.340699,29.78941798,86.52358651,1
12:08:58,3.34,3.340698,29.79609668,86.52361631,1
12:08:59,3.34,3.340699,29.80277538,86.52364016,1
12:09:00,3.34,3.340698,29.80945408,86.52367592,1
12:09:01,3.34,3.340699,29.81613278,86.52369976,1
12:09:02,3.34,3.340699,29.82281148,86.52372956,1
12:09:03,3.34,3.340699,29.82949018,86.5237534,1
12:09:04,3.34,3.340699,29.83616889,86.52378321,1
12:09:05,3.34,3.340699,29.84284759,86.52381301,1
12:09:06,3.34,3.340699,29.84952629,86.52384281,1
12:09:07,3.34,3.340699,29.8562,86.52386665,1
12:09:08,3.34,3.340699,29.86288369,86.52389646,1
12:09:09,3.34,3.340699,29.86956239,86.52392626,1
12:09:10,3.34,3.340699,29.87624109,86.52395606,1
12:09:11,3.34,3.340699,29.88291979,86.52398586,1
12:09:12,3.34,3.340699,29.88959849,86.52401567,1
12:09:13,3.34,3.340699,29.89627719,86.52403355,1
12:09:14,3.34,3.340699,29.90295589,86.52406335,1
12:09:15,3.34,3.340699,29.90963459,86.52409315,1
12:09:16,3.34,3.340699,29.91631329,86.52412295,1
12:09:17,3.34,3.340699,29.92299199,86.52415276,1
12:09:18,3.34,3.340699,29.92967069,86.52418256,1
12:09:19,3.34,3.340699,29.93634939,86.52421236,1
12:09:20,3.34,3.340699,29.94302809,86.52424216,1
12:09:21,3.34,3.340699,29.94970679,86.52426004,1
12:09:22,3.34,3.340699,29.95638549,86.52428985,1
12:09:23,3.34,3.340699,29.96306,86.52431965,1
12:09:24,3.34,3.340699,29.96974289,86.52434945,1
12:09:25,3.34,3.340699,29.97642159,86.52437329,1
12:09:26,3.34,3.340699,29.9831003,86.52439713,1
12:09:27,3.34,3.340699,29.989779,86.52442098,1
12:09:28,3.34,3.340699,29.9964577,86.52443886,1
12:09:29,3.34,3.340699,30.0031364,86.5244627,1
12:09:30,3.34,3.340699,30.0098151,86.52448654,1
12:09:31,3.34,3.340699,30.0164938,86.52451038,1
12:09:32,3.34,3.340699,30.0231725,86.52453423,1
12:09:33,3.34,3.340699,30.0298512,86.52455211,1
12:09:34,3.34,3.340699,30.0365299,86.52457595,1
12:09:35,3.34,3.340699,30.0432086,86.52459979,1
12:09:36,3.34,3.340699,30.0498873,86.52462363,1
12:09:37,3.34,3.340699,30.056566,86.52464747,1
12:09:38,3.34,3.340699,30.0632447,86.52466536,1
12:09:39,3.34,3.340699,30.06992,86.5246892,1
12:09:40,3.34,3.340699,30.0766021,86.52471304,1
12:09:41,3.34,3.340699,30.0832808,86.52473688,1
12:09:42,3.34,3.340699,30.0899595,86.52476072,1
12:09:43,3.34,3.340699,30.0966382,86.5247786,1
12:09:44,3.34,3.340699,30.1033169,86.52480245,1
12:09:45,3.34,3.340699,30.1099956,86.52482629,1
12:09:46,3.34,3.340699,30.1166743,86.52485013,1
12:09:47,3.34,3.340699,30.123353,86.52487397,1
12:09:48,3.34,3.340699,30.1300317,86.52489185,1
12:09:49,3.34,3.340699,30.13671041,86.5249157,1
12:09:50,3.34,3.340699,30.14338911,86.52493954,1
12:09:51,3.34,3.340699,30.15006781,86.52496,1
12:09:52,3.34,3.3407,30.15674651,86.52498722,1
12:09:53,3.34,3.340699,30.16342521,86.5250051,1
12:09:54,3.34,3.340699,30.17010391,86.52502894,1
12:09:55,3.34,3.3407,30.17678,86.52505279,1
12:09:56,3.34,3.340699,30.18346131,86.52507663,1
12:09:57,3.34,3.3407,30.19014001,86.52510047,1
12:09:58,3.34,3.3407,30.19681871,86.52511239,1
12:09:59,3.34,3.340699,30.20349741,86.52513623,1
12:10:00,3.34,3.3407,30.21017611,86.52516007,1
12:10:01,3.34,3.3407,30.21685481,86.52518392,1
12:10:02,3.34,3.3407,30.22353351,86.52520776,1
12:10:03,3.34,3.3407,30.23021221,86.52521968,1
12:10:04,3.34,3.3407,30.23689091,86.52524352,1
12:10:05,3.34,3.3407,30.24356961,86.5252614,1
12:10:06,3.34,3.3407,30.25024831,86.52527928,1
12:10:07,3.34,3.3407,30.25692701,86.52529716,1
12:10:08,3.34,3.3407,30.26360571,86.52531505,1
12:10:09,3.34,3.3407,30.27028441,86.52533293,1
12:10:10,3.34,3.3407,30.27696311,86.52535081,1
12:10:11,3.34,3.3407,30.28364,86.52536869,1
12:10:12,3.34,3.3407,30.29032052,86.52538657,1
12:10:13,3.34,3.3407,30.29699922,86.52540445,1
12:10:14,3.34,3.3407,30.30367792,86.52542233,1
12:10:15,3.34,3.3407,30.31035662,86.52544022,1
12:10:16,3.34,3.3407,30.31703532,86.52545214,1
12:10:17,3.34,3.3407,30.32371402,86.52547002,1
12:10:18,3.34,3.3407,30.33039272,86.5254879,1
12:10:19,3.34,3.3407,30.33707142,86.52550578,1
12:10:20,3.34,3.3407,30.34375012,86.52552366,1
12:10:21,3.34,3.3407,30.35042882,86.52554154,1
12:10:22,3.34,3.3407,30.35710752,86.52555943,1
12:10:23,3.34,3.3407,30.36378622,86.52557731,1
12:10:24,3.34,3.3407,30.37046492,86.52559519,1
12:10:25,3.34,3.3407,30.37714362,86.52561307,1
12:10:26,3.34,3.3407,30.38382232,86.52562499,1
12:10:27,3.34,3.3407,30.3905,86.52564287,1
12:10:28,3.34,3.3407,30.39717972,86.52566075,1
12:10:29,3.34,3.3407,30.40385842,86.52567267,1
12:10:30,3.34,3.3407,30.41053712,86.52569056,1
12:10:32,3.34,3.3407,30.41721582,86.52570844,1
12:10:32,3.34,3.3407,30.42389452,86.52573,1
12:10:33,3.34,3.3407,30.43057323,86.52573228,1
12:10:34,3.34,3.3407,30.43725193,86.52575016,1
12:10:35,3.34,3.3407,30.44393063,86.52576804,1
12:10:36,3.34,3.3407,30.45060933,86.52578592,1
12:10:37,3.34,3.3407,30.45728803,86.5258038,1
12:10:38,3.34,3.3407,30.46396673,86.52582169,1
12:10:39,3.34,3.3407,30.47064543,86.52583957,1
12:10:40,3.34,3.3407,30.47732413,86.52584553,1
12:10:41,3.34,3.3407,30.48400283,86.52586341,1
12:10:42,3.34,3.3407,30.49068153,86.52588129,1
12:10:43,3.34,3.3407,30.49736,86.52589917,1
12:10:44,3.34,3.3407,30.50403893,86.52592,1
12:10:45,3.34,3.3407,30.51071763,86.52593493,1
12:10:46,3.34,3.3407,30.51739633,86.52595282,1
12:10:47,3.34,3.3407,30.52407503,86.52595878,1
12:10:48,3.34,3.3407,30.53075373,86.52597666,1
12:10:49,3.34,3.3407,30.53743243,86.52599454,1
12:10:50,3.34,3.3407,30.54411113,86.52600646,1
12:10:51,3.34,3.3407,30.55078983,86.52601242,1
12:10:52,3.34,3.3407,30.55746853,86.5260303,1
12:10:53,3.34,3.3407,30.56414723,86.52604818,1
12:10:54,3.34,3.3407,30.57082593,86.5260601,1
12:10:55,3.34,3.3407,30.57750463,86.52606606,1
12:10:56,3.34,3.3407,30.58418334,86.52607799,1
12:10:57,3.34,3.3407,30.59086204,86.52609587,1
12:10:58,3.34,3.3407,30.59754074,86.52611375,1
12:10:59,3.34,3.3407,30.60422,86.52611971,1
12:11:00,3.34,3.3407,30.61089814,86.52612567,1
12:11:01,3.34,3.3407,30.61757684,86.52614355,1
12:11:02,3.34,3.3407,30.62425554,86.52616143,1
12:11:03,3.34,3.340701,30.63093424,86.52617335,1
12:11:04,3.34,3.340701,30.63761294,86.52617931,1
12:11:05,3.34,3.340701,30.64429164,86.52618527,1
12:11:06,3.341,3.3407,30.65097034,86.5357101,1
12:11:07,3.341,3.340797,30.65764904,86.54431701,1
12:11:08,3.341,3.340884,30.66432774,86.55209541,1
12:11:09,3.341,3.340961,30.67100644,86.55914068,1
12:11:10,3.34,3.34103,30.67768514,86.55602336,1
12:11:11,3.34,3.340995,30.68436384,86.55323386,1
12:11:12,3.341,3.340964,30.69104254,86.56025,1
12:11:13,3.341,3.341033,30.69772124,86.5666151,1
12:11:14,3.341,3.341094,30.70439994,86.57239079,1
12:11:15,3.341,3.34115,30.71108,86.57764196,1
12:11:16,3.341,3.341199,30.71775734,86.58242822,1
12:11:17,3.341,3.341243,30.72443604,86.58679128,1
12:11:18,3.341,3.341282,30.73111475,86.59078479,1
12:11:19,3.341,3.341317,30.73779345,86.59444451,1
12:11:20,3.341,3.341349,30.74447215,86.59780025,1
12:11:21,3.341,3.341377,30.75115085,86.60088778,1
12:11:22,3.341,3.341403,30.75782955,86.60374,1
12:11:23,3.341,3.341426,30.76450825,86.60636544,1
12:11:24,3.341,3.341446,30.77118695,86.60880327,1
12:11:25,3.341,3.341464,30.77786565,86.61106825,1
12:11:26,3.341,3.34148,30.78454435,86.61317825,1
12:11:27,3.341,3.341495,30.79122305,86.61514521,1
12:11:28,3.341,3.341508,30.79790175,86.61699295,1
12:11:29,3.341,3.34152,30.80458045,86.61872745,1
12:11:30,3.341,3.341531,30.81125915,86.62036061,1
12:11:31,3.341,3.341541,30.81794,86.62189841,1
12:11:32,3.341,3.341549,30.82461655,86.62335873,1
12:11:33,3.341,3.341557,30.83129525,86.62474155,1
12:11:34,3.341,3.341564,30.83797395,86.62606478,1
12:11:35,3.341,3.34157,30.84465265,86.6273284,1
12:11:36,3.341,3.341576,30.85133135,86.62852645,1
12:11:37,3.341,3.341581,30.85801005,86.62968,1
12:11:38,3.341,3.341585,30.86468875,86.63079143,1
12:11:39,3.341,3.34159,30.87136745,86.63185835,1
12:11:40,3.341,3.341594,30.87804615,86.63290143,1
12:11:41,3.341,3.341597,30.88472486,86.63390875,1
12:11:42,3.341,3.3416,30.89140356,86.63488626,1
12:11:43,3.342,3.341603,30.89808226,86.64533496,1
12:11:45,3.342,3.341702,30.90476096,86.65482998,1
12:11:45,3.342,3.341791,30.91143966,86.66348457,1
12:11:46,3.341,3.341871,30.91811836,86.66189909,1
12:11:48,3.342,3.341845,30.9248,86.67004108,1
12:11:48,3.342,3.341919,30.93147576,86.6774857,1
12:11:49,3.342,3.341985,30.93815446,86.68429852,1
12:11:50,3.342,3.342044,30.94483316,86.69055104,1
12:11:51,3.342,3.342098,30.95151186,86.69629693,1
12:11:52,3.342,3.342145,30.95819056,86.70159578,1
12:11:53,3.342,3.342187,30.96486926,86.70648932,1
12:11:54,3.342,3.342226,30.97154796,86.71101928,1
12:11:55,3.342,3.34226,30.97822666,86.71522737,1
12:11:57,3.342,3.34229,30.98490536,86.71914935,1
12:11:57,3.342,3.342318,30.99158406,86.72280908,1
12:11:58,3.342,3.342343,30.99826276,86.72622442,1
12:11:59,3.342,3.342365,31.00494146,86.72943711,1
12:12:01,3.342,3.342385,31.01162016,86.73245907,1
12:12:01,3.342,3.342402,31.01829886,86.73531413,1
12:12:02,3.342,3.342418,31.02497756,86.73802018,1
12:12:03,3.342,3.342433,31.03166,86.74058914,1
12:12:05,3.342,3.342446,31.03833497,86.74303293,1
12:12:06,3.342,3.342458,31.04501367,86.74536347,1
12:12:06,3.342,3.342469,31.05169237,86.74759269,1
12:12:07,3.342,3.342478,31.05837107,86.74973249,1
12:12:08,3.342,3.342486,31.06504977,86.75179482,1
12:12:10,3.343,3.342495,31.07172847,86.76326275,1
12:12:10,3.343,3.342598,31.07840717,86.77374721,1
12:12:11,3.343,3.342691,31.08508587,86.78334951,1
12:12:12,3.343,3.342775,31.09176457,86.79216504,1
12:12:14,3.343,3.342849,31.09844327,86.80027127,1
12:12:14,3.343,3.342916,31.10512197,86.80773973,1
12:12:15,3.343,3.342976,31.11180067,86.81464791,1
12:12:17,3.343,3.343029,31.11847937,86.82104945,1
12:12:18,3.343,3.343078,31.12515807,86.82699203,1
12:12:19,3.343,3.343121,31.13183677,86.83252931,1
12:12:19,3.343,3.343159,31.13852,86.83769703,1
12:12:20,3.343,3.343194,31.14519417,86.84254,1
12:12:22,3.343,3.343225,31.15187287,86.8470788,1
12:12:23,3.343,3.343253,31.15855157,86.85135841,1
12:12:23,3.343,3.343278,31.16523027,86.85540557,1
12:12:24,3.343,3.343301,31.17190897,86.85923219,1
12:12:25,3.343,3.343321,31.17858768,86.86286807,1
12:12:27,3.343,3.34334,31.18526638,86.8663311,1
12:12:28,3.343,3.343356,31.19194508,86.8696332,1
12:12:28,3.343,3.343371,31.19862378,86.8727982,1
12:12:29,3.343,3.343385,31.20530248,86.87583208,1
12:12:31,3.343,3.343397,31.21198118,86.87875271,1
12:12:32,3.343,3.343408,31.21865988,86.88156605,1
12:12:32,3.344,3.343418,31.22533858,86.89374328,1
12:12:33,3.344,3.343524,31.23201728,86.90492511,1
12:12:35,3.344,3.343619,31.23869598,86.91521,1
12:12:36,3.343,3.343704,31.24537,86.91523075,1
12:12:36,3.343,3.343683,31.25205338,86.91544533,1
12:12:37,3.344,3.343664,31.25873208,86.92529202,1
12:12:38,3.344,3.343745,31.26541078,86.93438172,1
12:12:40,3.344,3.343817,31.27208948,86.94279194,1
12:12:41,3.344,3.343882,31.27876818,86.95058227,1
12:12:41,3.344,3.34394,31.28544688,86.95783019,1
12:12:42,3.344,3.343992,31.29212558,86.9645834,1
12:12:44,3.344,3.344038,31.29880428,86.97089553,1
12:12:45,3.344,3.34408,31.30548298,86.97681,1
12:12:45,3.344,3.344118,31.31216168,86.98237538,1
12:12:46,3.344,3.344152,31.31884038,86.98761463,1
12:12:48,3.344,3.344182,31.32551908,86.99256778,1
12:12:49,3.344,3.344209,31.33219779,86.99725866,1
12:12:50,3.344,3.344234,31.33887649,87.00171709,1
12:12:50,3.344,3.344256,31.34555519,87.00597286,1
12:12:52,3.344,3.344276,31.35223,87.0100379,1
12:12:53,3.344,3.344294,31.35891259,87.01393008,1
12:12:54,3.344,3.34431,31.36559129,87.01767325,1
12:12:54,3.345,3.344325,31.37226999,87.03072071,1
12:12:55,3.345,3.344435,31.37894869,87.04273105,1
12:12:57,3.344,3.344534,31.38562739,87.04435825,1
12:12:58,3.344,3.344526,31.39230609,87.04606295,1
12:12:59,3.344,3.344518,31.39898479,87.04783916,1
12:12:59,3.345,3.344512,31.40566349,87.05912232,1
12:13:01,3.345,3.344604,31.41234219,87.06954122,1
12:13:02,3.345,3.344685,31.41902089,87.07919121,1
12:13:03,3.345,3.344759,31.42569959,87.08814383,1
12:13:03,3.345,3.344825,31.43237829,87.09647655,1
12:13:04,3.345,3.344883,31.43905699,87.104249,1
12:13:06,3.345,3.344936,31.44573569,87.11152673,1
12:13:07,3.345,3.344984,31.45241439,87.11835146,1
12:13:07,3.345,3.345026,31.45909,87.12477684,1
12:13:08,3.345,3.345065,31.46577179,87.13083863,1
12:13:10,3.345,3.345099,31.47245049,87.1365726,1
12:13:11,3.345,3.345131,31.4791292,87.1420145,1
12:13:12,3.345,3.345159,31.4858079,87.14718819,1
12:13:12,3.345,3.345184,31.4924866,87.15212941,1
12:13:14,3.345,3.345206,31.4991653,87.1568501,1
12:13:15,3.345,3.345227,31.505844,87.16138005,1
12:13:16,3.345,3.345246,31.5125227,87.16573715,1
12:13:16,3.345,3.345263,31.5192014,87.16993332,1
12:13:18,3.345,3.345278,31.5258801,87.17398643,1
12:13:19,3.345,3.345292,31.5325588,87.17790842,1
12:13:20,3.345,3.345304,31.5392375,87.1817112,1
12:13:21,3.345,3.345316,31.5459162,87.18540668,1
12:13:22,3.346,3.345326,31.5525949,87.19844222,1
12:13:23,3.346,3.345433,31.5592736,87.21047044,1
12:13:24,3.346,3.345528,31.56595,87.22160459,1
12:13:25,3.346,3.345613,31.572631,87.23192811,1
12:13:25,3.345,3.34569,31.5793097,87.232095,1
12:13:27,3.346,3.345662,31.5859884,87.24196553,1
12:13:28,3.346,3.345734,31.5926671,87.25115657,1
12:13:29,3.346,3.345798,31.5993458,87.25973964,1
12:13:30,3.346,3.345856,31.6060245,87.26777434,1
12:13:31,3.346,3.345908,31.6127032,87.27532029,1
12:13:32,3.346,3.345955,31.6193819,87.28242517,1
12:13:33,3.346,3.345997,31.62606061,87.28913665,1
12:13:34,3.346,3.346035,31.63273931,87.2954905,1
12:13:35,3.346,3.346069,31.63941801,87.30152249,1
12:13:36,3.346,3.346099,31.64609671,87.30726242,1
12:13:37,3.346,3.346127,31.65277541,87.31274009,1
12:13:38,3.346,3.346152,31.65945411,87.3179853,1
12:13:39,3.346,3.346174,31.66613281,87.32301593,1
12:13:40,3.346,3.346195,31.67281,87.32785583,1
12:13:41,3.346,3.346213,31.67949021,87.33252287,1
12:13:42,3.346,3.34623,31.68616891,87.33703494,1
12:13:43,3.346,3.346245,31.69284761,87.34140396,1
12:13:44,3.346,3.346259,31.69952631,87.34564185,1
12:13:45,3.346,3.346271,31.70620501,87.34976053,1
12:13:46,3.346,3.346283,31.71288371,87.35377192,1
12:13:47,3.346,3.346293,31.71956241,87.35768795,1
12:13:48,3.346,3.346303,31.72624111,87.36150861,1
12:13:49,3.346,3.346312,31.73291981,87.36525178,1
12:13:50,3.347,3.34632,31.73959851,87.37834096,1
12:13:51,3.346,3.346424,31.74627721,87.38101721,1
12:13:52,3.347,3.346421,31.75295591,87.39315867,1
12:13:53,3.346,3.346515,31.75963461,87.39498258,1
12:13:54,3.346,3.346502,31.76631331,87.39692569,1
12:13:55,3.346,3.346491,31.77299201,87.39897609,1
12:13:56,3.347,3.346482,31.77967,87.41053343,1
12:13:57,3.347,3.34657,31.78634942,87.42126226,1
12:13:58,3.347,3.346649,31.79302812,87.43124604,1
12:13:59,3.347,3.346721,31.79970682,87.44055629,1
12:14:00,3.347,3.346785,31.80638552,87.44926,1
12:14:01,3.347,3.346842,31.81306422,87.45743036,1
12:14:02,3.346,3.346894,31.81974292,87.45569587,1
12:14:03,3.347,3.346843,31.82642162,87.46384978,1
12:14:04,3.347,3.346895,31.83310032,87.47151494,1
12:14:05,3.347,3.346941,31.83977902,87.47874498,1
12:14:06,3.347,3.346984,31.84645772,87.48557568,1
12:14:07,3.347,3.347021,31.85313642,87.49204874,1
12:14:08,3.347,3.347055,31.85981512,87.4982059,1
12:14:09,3.347,3.347086,31.86649382,87.50407696,1
12:14:10,3.347,3.347113,31.87317252,87.50968575,1
12:14:11,3.347,3.347138,31.87985122,87.51506209,1
12:14:12,3.347,3.347161,31.88653,87.52022982,1
12:14:13,3.347,3.347181,31.89320862,87.52520084,1
12:14:14,3.347,3.3472,31.89988732,87.52999306,1
12:14:15,3.347,3.347216,31.90656602,87.53463626,1
12:14:16,3.347,3.347232,31.91324472,87.53913045,1
12:14:17,3.347,3.347245,31.91992342,87.54349947,1
12:14:18,3.347,3.347258,31.92660213,87.54774928,1
12:14:19,3.347,3.34727,31.93328083,87.55188584,1
12:14:20,3.347,3.34728,31.93995953,87.55592704,1
12:14:21,3.347,3.34729,31.94663823,87.55987287,1
12:14:22,3.347,3.347299,31.95331693,87.56374121,1
12:14:23,3.347,3.347306,31.95999563,87.5675261,1
12:14:24,3.347,3.347314,31.96667433,87.57124543,1
12:14:25,3.347,3.347321,31.97335303,87.5748992,1
12:14:26,3.347,3.347328,31.98003173,87.57849336,1
12:14:27,3.347,3.347333,31.98671043,87.58203387,1
12:14:28,3.347,3.347339,31.99339,87.58552074,1
12:14:29,3.347,3.347344,32.00006783,87.58895993,1
12:14:30,3.347,3.347349,32.00674653,87.59235144,1
12:14:31,3.347,3.347353,32.01342523,87.59569526,1
12:14:32,3.347,3.347358,32.02010393,87.59900331,1
12:14:33,3.347,3.347362,32.02678263,87.60227561,1
12:14:34,3.347,3.347366,32.03346133,87.60550618,1
12:14:35,3.347,3.347369,32.04014003,87.60870695,1
12:14:36,3.347,3.347373,32.04681873,87.61187196,1
12:14:37,3.347,3.347376,32.05349743,87.61500716,1
12:14:38,3.347,3.347379,32.06017613,87.6181066,1
12:14:39,3.347,3.347383,32.06685483,87.6211822,1
12:14:40,3.347,3.347385,32.07353354,87.62423396,1
12:14:41,3.347,3.347388,32.08021224,87.62725592,1
12:14:42,3.347,3.347391,32.08689094,87.63024807,1
12:14:43,3.347,3.347394,32.09356964,87.63321638,1
12:14:44,3.347,3.347396,32.10024834,87.63616085,1
12:14:45,3.347,3.347399,32.10692704,87.63908148,1
12:14:46,3.347,3.347401,32.11360574,87.64198422,1
12:14:47,3.347,3.347403,32.12028444,87.64486313,1
12:14:48,3.347,3.347405,32.12696314,87.64771223,1
12:14:49,3.347,3.347408,32.13364184,87.65054941,1
12:14:50,3.347,3.34741,32.14032054,87.65336275,1
12:14:51,3.347,3.347412,32.14699924,87.65615821,1
12:14:52,3.347,3.347414,32.15367794,87.65892386,1
12:14:53,3.347,3.347416,32.16035664,87.6616776,1
12:14:54,3.347,3.347418,32.16703534,87.66441,1
12:14:55,3.347,3.34742,32.17371404,87.66713142,1
12:14:56,3.347,3.347422,32.18039274,87.66982555,1
12:14:57,3.347,3.347424,32.18707144,87.6725018,1
12:14:58,3.347,3.347426,32.19375014,87.67515421,1
12:14:59,3.347,3.347428,32.20042884,87.67779469,1
12:15:00,3.347,3.34743,32.20711,87.6804173,1
12:15:01,3.347,3.347432,32.21378624,87.68302202,1
12:15:02,3.347,3.347434,32.22046494,87.68560886,1
12:15:03,3.347,3.347435,32.22714365,87.68817782,1
12:15:04,3.347,3.347437,32.23382235,87.6907289,1
12:15:05,3.347,3.347439,32.24050105,87.6932621,1
12:15:06,3.347,3.347441,32.24717975,87.69578338,1
12:15:07,3.347,3.347443,32.25385845,87.69828081,1
12:15:08,3.347,3.347444,32.26053715,87.70076632,1
12:15:09,3.347,3.347446,32.26721585,87.70323992,1
12:15:10,3.347,3.347448,32.27389455,87.70569563,1
12:15:11,3.347,3.34745,32.28057325,87.70813346,1
12:15:12,3.347,3.347451,32.28725195,87.71055341,1
12:15:13,3.347,3.347453,32.29393065,87.71296144,1
12:15:14,3.347,3.347455,32.30060935,87.71535158,1
12:15:15,3.347,3.347456,32.30728805,87.71772385,1
12:15:16,3.347,3.347458,32.31396675,87.72008419,1
12:15:17,3.347,3.34746,32.32064545,87.72242665,1
12:15:18,3.347,3.347461,32.32732415,87.72475719,1
12:15:19,3.347,3.347463,32.33400285,87.72706985,1
12:15:20,3.347,3.347464,32.34068155,87.72937059,1
12:15:21,3.347,3.347466,32.34736025,87.73165345,1
12:15:22,3.347,3.347467,32.35403895,87.73391247,1
12:15:23,3.347,3.347469,32.36071765,87.73616552,1
12:15:24,3.347,3.347471,32.36739635,87.7384007,1
12:15:25,3.347,3.347472,32.37407506,87.74062395,1
12:15:26,3.347,3.347473,32.38075376,87.74282932,1
12:15:27,3.347,3.347475,32.38743246,87.74502277,1
12:15:28,3.347,3.347476,32.39411116,87.7472043,1
12:15:29,3.347,3.347478,32.40078986,87.74936199,1
12:15:30,3.347,3.34748,32.40746856,87.75150776,1
12:15:31,3.347,3.347481,32.41414726,87.75364757,1
12:15:32,3.347,3.347482,32.42083,87.75578,1
12:15:33,3.347,3.347484,32.42750466,87.75788546,1
12:15:34,3.347,3.347485,32.43418336,87.75997758,1
12:15:35,3.347,3.347487,32.44086206,87.76205778,1
12:15:36,3.347,3.347488,32.44754076,87.76412606,1
12:15:37,3.347,3.34749,32.45421946,87.76617646,1
12:15:38,3.347,3.347491,32.46089816,87.7682209,1
12:15:39,3.347,3.347492,32.46757686,87.77025342,1
12:15:40,3.347,3.347494,32.47425556,87.77226806,1
12:15:41,3.347,3.347495,32.48093426,87.77427077,1
12:15:42,3.347,3.347497,32.48761296,87.77626157,1
12:15:43,3.347,3.347498,32.49429166,87.77824044,1
12:15:44,3.347,3.347499,32.50097036,87.7802074,1
12:15:45,3.347,3.3475,32.50764906,87.78216243,1
12:15:46,3.347,3.347502,32.51432776,87.78409958,1
12:15:47,3.347,3.347503,32.52100646,87.78602481,1
12:15:48,3.347,3.347504,32.52768517,87.78793812,1
12:15:49,3.347,3.347506,32.53436387,87.78983951,1
12:15:50,3.347,3.347507,32.54104257,87.79172301,1
12:15:51,3.347,3.347508,32.54772127,87.79360056,1
12:15:52,3.347,3.347509,32.55439997,87.79546618,1
12:15:53,3.347,3.347511,32.56107867,87.79731989,1
12:15:54,3.347,3.347512,32.56775737,87.79916167,1
12:15:55,3.347,3.347513,32.57443607,87.80099154,1
12:15:56,3.347,3.347514,32.58111477,87.80280948,1
12:15:57,3.347,3.347516,32.58779347,87.8046155,1
12:15:58,3.347,3.347517,32.59447217,87.8064096,1
12:15:59,3.347,3.347518,32.60115087,87.80819178,1
12:16:00,3.347,3.347519,32.60782957,87.80996203,1
12:16:01,3.347,3.34752,32.61450827,87.81172037,1
12:16:02,3.347,3.347522,32.62118697,87.81346679,1
12:16:03,3.347,3.347523,32.62786567,87.81520128,1
12:16:04,3.347,3.347524,32.63454,87.81692386,1
12:16:05,3.347,3.347525,32.64122307,87.81863451,1
12:16:06,3.347,3.347526,32.64790177,87.8203392,1
12:16:07,3.347,3.347528,32.65458047,87.82203197,1
12:16:08,3.347,3.347529,32.66125917,87.82370687,1
12:16:09,3.347,3.34753,32.66793787,87.8253758,1
12:16:10,3.347,3.347531,32.67461658,87.82702684,1
12:16:11,3.347,3.347532,32.68129528,87.82867193,1
12:16:12,3.347,3.347533,32.68797398,87.8303051,1
12:16:13,3.347,3.347534,32.69465268,87.83193231,1
12:16:14,3.347,3.347535,32.70133138,87.83354759,1
12:16:15,3.347,3.347537,32.70801008,87.835145,1
12:16:16,3.347,3.347538,32.71468878,87.83673644,1
12:16:17,3.347,3.347539,32.72136748,87.83832192,1
12:16:18,3.347,3.34754,32.72804618,87.83989,1
12:16:19,3.347,3.347541,32.73472488,87.84145713,1
12:16:20,3.347,3.347542,32.74140358,87.84301281,1
12:16:21,3.347,3.347543,32.74808228,87.84455657,1
12:16:22,3.347,3.347544,32.75476098,87.84609437,1
12:16:23,3.347,3.347545,32.76143968,87.84761429,1
12:16:24,3.347,3.347546,32.76811838,87.84913421,1
12:16:25,3.347,3.347547,32.77479708,87.8506422,1
12:16:26,3.347,3.347548,32.78147578,87.85213232,1
12:16:27,3.347,3.347549,32.78815448,87.85362,1
12:16:28,3.347,3.34755,32.79483318,87.85510063,1
12:16:29,3.347,3.347551,32.80151188,87.85656691,1
12:16:30,3.347,3.347552,32.80819058,87.85802722,1
12:16:31,3.347,3.347553,32.81486928,87.85947561,1
12:16:32,3.347,3.347554,32.82154799,87.86091208,1
12:16:33,3.347,3.347555,32.82822669,87.86233664,1
12:16:34,3.347,3.347556,32.83490539,87.86375523,1
12:16:35,3.347,3.347557,32.84158409,87.8651619,1
12:16:36,3.347,3.347558,32.84826,87.8665626,1
12:16:37,3.347,3.347559,32.85494149,87.86795735,1
12:16:38,3.347,3.34756,32.86162019,87.86934018,1
12:16:39,3.347,3.34756,32.86829889,87.87071705,1
12:16:40,3.347,3.347562,32.87497759,87.872082,1
12:16:41,3.347,3.347562,32.88165629,87.87344098,1
12:16:42,3.347,3.347564,32.88833499,87.87478805,1
12:16:43,3.347,3.347564,32.89501369,87.87613,1
12:16:44,3.347,3.347565,32.90169239,87.87745237,1
12:16:45,3.347,3.347566,32.90837109,87.8787756,1
12:16:46,3.347,3.347567,32.91504979,87.8800869,1
12:16:47,3.347,3.347568,32.92172849,87.88139224,1
12:16:48,3.347,3.347569,32.92840719,87.88268566,1
12:16:49,3.347,3.34757,32.93508589,87.88397312,1
12:16:50,3.347,3.34757,32.94176459,87.88525462,1
12:16:51,3.347,3.347571,32.94844329,87.8865242,1
12:16:52,3.347,3.347572,32.95512199,87.88778782,1
12:16:53,3.347,3.347573,32.96180069,87.88903952,1
12:16:54,3.347,3.347574,32.96847939,87.89028525,1
12:16:55,3.347,3.347574,32.9751581,87.89152503,1
12:16:56,3.347,3.347575,32.9818368,87.89275289,1
12:16:57,3.347,3.347576,32.9885155,87.89396882,1
12:16:58,3.347,3.347577,32.9951942,87.89518476,1
12:16:59,3.347,3.347578,33.0018729,87.89638877,1
12:17:00,3.347,3.347579,33.0085516,87.89758086,1
12:17:01,3.347,3.34758,33.0152303,87.89876699,1
12:17:02,3.347,3.34758,33.021909,87.89995313,1
12:17:03,3.347,3.347581,33.0285877,87.90112734,1
12:17:04,3.347,3.347582,33.0352664,87.90230155,1
12:17:05,3.347,3.347583,33.0419451,87.90346384,1
12:17:06,3.347,3.347584,33.0486238,87.90461421,1
12:17:07,3.347,3.347584,33.0553025,87.90575862,1
12:17:08,3.347,3.347585,33.06198,87.90689111,1
12:17:09,3.347,3.347586,33.0686599,87.90801764,1
12:17:10,3.347,3.347587,33.0753386,87.90914416,1
12:17:11,3.347,3.347587,33.0820173,87.91025877,1
12:17:12,3.347,3.347588,33.088696,87.91136742,1
12:17:13,3.347,3.347589,33.0953747,87.9124701,1
12:17:14,3.347,3.347589,33.1020534,87.91356683,1
12:17:15,3.347,3.34759,33.1087321,87.91466,1
12:17:16,3.347,3.347591,33.1154108,87.91573644,1
12:17:17,3.347,3.347592,33.12208951,87.91680932,1
12:17:18,3.347,3.347593,33.12876821,87.91787624,1
12:17:19,3.347,3.347593,33.13544691,87.91893721,1
12:17:20,3.347,3.347594,33.14212561,87.91999221,1
12:17:21,3.347,3.347594,33.14880431,87.92104125,1
12:17:22,3.348,3.347595,33.15548301,87.93154955,1
12:17:23,3.347,3.347693,33.16216171,87.9316628,1
12:17:24,3.347,3.347683,33.16884041,87.93187141,1
12:17:25,3.348,3.347675,33.17551911,87.94162869,1
12:17:26,3.348,3.347764,33.18219781,87.95053363,1
12:17:27,3.347,3.347845,33.18887651,87.94921041,1
12:17:28,3.347,3.347819,33.19555521,87.94813156,1
12:17:29,3.348,3.347797,33.20223391,87.95673251,1
12:17:30,3.348,3.347874,33.20891261,87.96460629,1
12:17:31,3.347,3.347943,33.21559131,87.96235919,1
12:17:32,3.347,3.347907,33.22227001,87.96044588,1
12:17:33,3.348,3.347876,33.22894871,87.96829581,1
12:17:34,3.348,3.347945,33.23562741,87.97549009,1
12:17:35,3.347,3.348006,33.24230611,87.97264,1
12:17:36,3.347,3.347965,33.24898481,87.97018528,1
12:17:37,3.347,3.347927,33.25566351,87.96807528,1
12:17:38,3.347,3.347894,33.26234221,87.96628714,1
12:17:39,3.347,3.347864,33.26902092,87.96477914,1
12:17:40,3.347,3.347838,33.2757,87.96352148,1
12:17:41,3.348,3.347815,33.28237832,87.97194958,1
12:17:42,3.347,3.34789,33.28905702,87.97018528,1
12:17:43,3.348,3.347861,33.29573572,87.97817,1
12:17:44,3.347,3.347933,33.30241442,87.97602057,1
12:17:45,3.347,3.347899,33.30909312,87.97417879,1
12:17:46,3.347,3.347869,33.31577182,87.97262311,1
12:17:47,3.348,3.347843,33.32245052,87.98078299,1
12:17:48,3.347,3.347917,33.32912922,87.97878027,1
12:17:49,3.347,3.347885,33.33580792,87.97707558,1
12:17:50,3.348,3.347857,33.34248662,87.98509836,1
12:17:51,3.348,3.34793,33.34916532,87.99243569,1
12:17:52,3.348,3.347994,33.35584402,87.99916506,1
12:17:53,3.348,3.348052,33.36252272,88.00534606,1
12:17:54,3.348,3.348104,33.36920142,88.0110383,1
12:17:55,3.348,3.34815,33.37588012,88.01628947,1
12:17:56,3.347,3.348192,33.38255882,88.01168203,1
12:17:57,3.348,3.348132,33.38923752,88.01710606,1
12:17:58,3.348,3.348176,33.39591622,88.02211881,1
12:17:59,3.348,3.348215,33.40259492,88.02675605,1
12:18:00,3.347,3.34825,33.40927362,88.02160025,1
12:18:01,3.347,3.348184,33.41595232,88.01706433,1
12:18:02,3.347,3.348126,33.42263103,88.01308274,1
12:18:03,3.348,3.348073,33.42930973,88.01906109,1
12:18:04,3.348,3.348124,33.43598843,88.0245626,1
12:18:05,3.348,3.348169,33.44266713,88.02963495,1
12:18:06,3.347,3.348209,33.44934583,88.02486658,1
12:18:07,3.348,3.348149,33.45602453,88.03013563,1
12:18:08,3.348,3.348191,33.46270323,88.03499937,1
12:18:09,3.347,3.34823,33.46938193,88.0300343,1
12:18:10,3.348,3.348167,33.47606063,88.0351305,1
12:18:11,3.347,3.348208,33.48273933,88.03035617,1
12:18:12,3.347,3.348148,33.48942,88.02615404,1
12:18:13,3.348,3.348094,33.49609673,88.03194165,1
12:18:14,3.348,3.348143,33.50277543,88.03726435,1
12:18:15,3.348,3.348186,33.50945413,88.04216981,1
12:18:16,3.347,3.348226,33.51613283,88.03722262,1
12:18:17,3.348,3.348164,33.52281153,88.04234266,1
12:18:18,3.347,3.348206,33.52949023,88.03760409,1
12:18:19,3.348,3.348146,33.53616893,88.04289103,1
12:18:20,3.347,3.348191,33.54284763,88.03829551,1
12:18:21,3.348,3.348133,33.54952633,88.04371357,1
12:18:22,3.348,3.348178,33.55620503,88.04870248,1
12:18:23,3.348,3.348219,33.56288373,88.05330396,1
12:18:24,3.348,3.348255,33.56956244,88.05755973,1
12:18:25,3.348,3.348288,33.57624114,88.06150556,1
12:18:26,3.348,3.348317,33.58291984,88.06517124,1
12:18:27,3.348,3.348344,33.58959854,88.06859255,1
12:18:28,3.348,3.348367,33.59627724,88.07178736,1
12:18:29,3.347,3.348389,33.60295594,88.06531429,1
12:18:30,3.348,3.34831,33.60963464,88.06904554,1
12:18:31,3.348,3.348338,33.61631334,88.07252049,1
12:18:32,3.348,3.348362,33.62299204,88.07576299,1
12:18:33,3.348,3.348384,33.62967074,88.07879686,1
12:18:34,3.348,3.348404,33.63634944,88.08164001,1
12:18:35,3.348,3.348422,33.64302814,88.08431625,1
12:18:36,3.348,3.348438,33.64970684,88.08684349,1
12:18:37,3.348,3.348452,33.65638554,88.08922768,1
12:18:38,3.348,3.348465,33.66306424,88.09149265,1
12:18:39,3.348,3.348477,33.66974294,88.09364438,1
12:18:40,3.348,3.348487,33.67642164,88.0957067,1
12:18:41,3.348,3.348496,33.68310034,88.09767962,1
12:18:42,3.348,3.348505,33.68977904,88.09956312,1
12:18:43,3.347,3.348513,33.69645774,88.09191585,1
12:18:44,3.348,3.348423,33.70314,88.09458613,1
12:18:45,3.348,3.348439,33.70981514,88.09710145,1
12:18:46,3.348,3.348454,33.71649384,88.09947371,1
12:18:47,3.348,3.348468,33.72317255,88.10172081,1
12:18:48,3.348,3.34848,33.72985125,88.1038487,1
12:18:49,3.348,3.34849,33.73652995,88.10587525,1
12:18:50,3.348,3.3485,33.74320865,88.1078124,1
12:18:51,3.348,3.348509,33.74988735,88.10966611,1
12:18:52,3.348,3.348517,33.75656605,88.11144233,1
12:18:53,3.348,3.348524,33.76324475,88.11314702,1
12:18:54,3.348,3.348531,33.76992345,88.11479211,1
12:18:55,3.348,3.348536,33.77660215,88.11638355,1
12:18:56,3.348,3.348542,33.78328085,88.11792135,1
12:18:57,3.348,3.348547,33.78995955,88.11941147,1
12:18:58,3.348,3.348552,33.79663825,88.12085986,1
12:18:59,3.348,3.348555,33.80331695,88.12227249,1
12:19:00,3.348,3.348559,33.80999565,88.12364936,1
12:19:01,3.348,3.348562,33.81667435,88.12499642,1
12:19:02,3.348,3.348566,33.82335305,88.12631369,1
12:19:03,3.348,3.348568,33.83003175,88.12760711,1
12:19:04,3.348,3.348571,33.83671045,88.12887073,1
12:19:05,3.348,3.348573,33.84338915,88.13011646,1
12:19:06,3.348,3.348575,33.85006785,88.13133836,1
12:19:07,3.348,3.348578,33.85674655,88.13253641,1
12:19:08,3.348,3.34858,33.86342525,88.13371062,1
12:19:09,3.348,3.348581,33.87010396,88.13487887,1
12:19:10,3.348,3.348583,33.87678266,88.13602924,1
12:19:11,3.348,3.348585,33.88346136,88.13716173,1
12:19:12,3.348,3.348586,33.89014006,88.13828826,1
12:19:13,3.348,3.348587,33.89681876,88.13939691,1
12:19:14,3.348,3.348589,33.90349746,88.14049363,1
12:19:15,3.348,3.34859,33.91017616,88.14157844,1
12:19:16,3.348,3.348591,33.91685,88.14265132,1
12:19:17,3.348,3.348592,33.92353356,88.14371824,1
12:19:18,3.348,3.348593,33.93021226,88.14476132,1
12:19:19,3.348,3.348594,33.93689096,88.14580441,1
12:19:20,3.348,3.348595,33.94356966,88.14683557,1
12:19:21,3.348,3.348596,33.95024836,88.14786077,1
12:19:22,3.348,3.348597,33.95692706,88.14886808,1
12:19:23,3.348,3.348598,33.96360576,88.1498754,1
12:19:24,3.348,3.348599,33.97028446,88.15087676,1
12:19:25,3.348,3.3486,33.97696316,88.15186024,1
12:19:26,3.348,3.348601,33.98364186,88.15284371,1
12:19:27,3.348,3.348602,33.99032056,88.15381527,1
12:19:28,3.348,3.348602,33.99699926,88.15478683,1
12:19:29,3.348,3.348603,34.00367796,88.1557405,1
12:19:30,3.348,3.348604,34.01035666,88.15669417,1
12:19:31,3.348,3.348604,34.01703537,88.15764189,1
12:19:32,3.348,3.348605,34.02371407,88.15858364,1
12:19:33,3.348,3.348606,34.03039277,88.15951943,1
12:19:34,3.348,3.348606,34.03707147,88.16044927,1
12:19:35,3.348,3.348607,34.04375017,88.16137314,1
12:19:36,3.348,3.348608,34.05042887,88.16228509,1
12:19:37,3.348,3.348608,34.05710757,88.16319,1
12:19:38,3.348,3.348609,34.06378627,88.16407919,1
12:19:39,3.348,3.34861,34.07046497,88.16497922,1
12:19:40,3.348,3.34861,34.07714367,88.16587329,1
12:19:41,3.348,3.348611,34.08382237,88.1667614,1
12:19:42,3.348,3.348611,34.09050107,88.16763759,1
12:19:43,3.348,3.348612,34.09717977,88.16851377,1
12:19:44,3.348,3.348613,34.10385847,88.16937804,1
12:19:45,3.348,3.348613,34.11053717,88.17023039,1
12:19:46,3.348,3.348614,34.11721587,88.17108274,1
12:19:47,3.348,3.348614,34.12389457,88.17192912,1
12:19:48,3.348,3.348615,34.13057,88.17276955,1
12:19:49,3.348,3.348616,34.13725197,88.17360997,1
12:19:50,3.348,3.348616,34.14393067,88.17444444,1
12:19:51,3.348,3.348617,34.15060937,88.17527294,1
12:19:52,3.348,3.348617,34.15728807,88.17609549,1
12:19:53,3.348,3.348618,34.16396677,88.17692,1
12:19:54,3.348,3.348618,34.17064548,88.17773461,1
12:19:55,3.348,3.348619,34.17732418,88.17854524,1
12:19:56,3.348,3.348619,34.18400288,88.1793499,1
12:19:57,3.348,3.34862,34.19068158,88.1801486,1
12:19:58,3.348,3.348621,34.19736028,88.18094134,1
12:19:59,3.348,3.348621,34.20403898,88.18172812,1
12:20:00,3.348,3.348622,34.21071768,88.18250895,1
12:20:01,3.348,3.348622,34.21739638,88.18328381,1
12:20:02,3.348,3.348622,34.22407508,88.18405271,1
12:20:03,3.348,3.348623,34.23075378,88.18482161,1
12:20:04,3.348,3.348624,34.23743248,88.18557858,1
12:20:05,3.348,3.348624,34.24411118,88.18633556,1
12:20:06,3.348,3.348625,34.25078988,88.18708658,1
12:20:07,3.348,3.348625,34.25746858,88.18782568,1
12:20:08,3.348,3.348625,34.26414728,88.18856478,1
12:20:09,3.348,3.348626,34.27082598,88.18929791,1
12:20:10,3.348,3.348627,34.27750468,88.19002509,1
12:20:11,3.348,3.348627,34.28418338,88.19075823,1
12:20:12,3.348,3.348628,34.29086208,88.1914854,1
12:20:13,3.348,3.348628,34.29754078,88.19220662,1
12:20:14,3.348,3.348628,34.30421948,88.19292188,1
12:20:15,3.348,3.348629,34.31089818,88.19363117,1
12:20:16,3.348,3.348629,34.31757689,88.19433451,1
12:20:17,3.348,3.34863,34.32425559,88.19504,1
12:20:18,3.348,3.34863,34.33093429,88.19572926,1
12:20:19,3.348,3.348631,34.33761299,88.19642067,1
12:20:20,3.348,3.348631,34.34429,88.19711208,1
12:20:21,3.348,3.348632,34.35097039,88.19779158,1
12:20:22,3.348,3.348632,34.35764909,88.19847,1
12:20:23,3.348,3.348633,34.36432779,88.1991446,1
12:20:24,3.348,3.348633,34.37100649,88.19981217,1
12:20:25,3.348,3.348634,34.37768519,88.20047975,1
12:20:26,3.348,3.348634,34.38436389,88.2011354,1
12:20:27,3.348,3.348634,34.39104259,88.20179701,1
12:20:28,3.348,3.348635,34.39772129,88.20245266,1
12:20:29,3.348,3.348635,34.40439999,88.20310235,1
12:20:30,3.348,3.348636,34.41107869,88.20374608,1
12:20:31,3.348,3.348636,34.41775739,88.20438981,1
12:20:32,3.348,3.348637,34.42443609,88.20502758,1
12:20:33,3.348,3.348637,34.43111479,88.20565343,1
12:20:34,3.348,3.348637,34.43779349,88.20627332,1
12:20:35,3.348,3.348638,34.44447219,88.20689321,1
12:20:36,3.348,3.348638,34.45115089,88.20751309,1
12:20:37,3.348,3.348639,34.45782959,88.20813298,1
12:20:38,3.348,3.348639,34.4645083,88.20874691,1
12:20:39,3.348,3.34864,34.471187,88.20935488,1
12:20:40,3.348,3.34864,34.4778657,88.20996284,1
12:20:41,3.348,3.34864,34.4845444,88.21055889,1
12:20:42,3.348,3.348641,34.4912231,88.21115494,1
12:20:43,3.348,3.348641,34.4979018,88.21173906,1
12:20:44,3.348,3.348641,34.5045805,88.21232915,1
12:20:45,3.348,3.348642,34.5112592,88.21291327,1
12:20:46,3.348,3.348642,34.5179379,88.21349144,1
12:20:47,3.348,3.348643,34.5246166,88.2140696,1
12:20:48,3.348,3.348643,34.5312953,88.21464777,1
12:20:49,3.348,3.348643,34.537974,88.21521997,1
12:20:50,3.348,3.348644,34.5446527,88.21578622,1
12:20:51,3.348,3.348644,34.5513314,88.21635246,1
12:20:52,3.348,3.348644,34.55801,88.21691275,1
12:20:53,3.348,3.348645,34.5646888,88.21746707,1
12:20:54,3.348,3.348645,34.5713675,88.21802139,1
12:20:55,3.348,3.348645,34.5780462,88.2185638,1
12:20:56,3.348,3.348646,34.5847249,88.21911216,1
12:20:57,3.348,3.348646,34.5914036,88.21965456,1
12:20:58,3.348,3.348647,34.5980823,88.220191,1
12:20:59,3.348,3.348647,34.604761,88.22072744,1
12:21:00,3.348,3.348647,34.6114397,88.22125793,1
12:21:01,3.348,3.348648,34.61811841,88.22177649,1
12:21:02,3.348,3.348648,34.62479711,88.22229505,1
12:21:03,3.348,3.348648,34.63147581,88.22281957,1
12:21:04,3.348,3.348649,34.63815451,88.22333813,1
12:21:05,3.348,3.348649,34.64483321,88.22385073,1
12:21:06,3.348,3.348649,34.65151191,88.22436333,1
12:21:07,3.348,3.34865,34.65819061,88.22486997,1
12:21:08,3.348,3.34865,34.66486931,88.22537661,1
12:21:09,3.348,3.34865,34.67154801,88.22588325,1
12:21:10,3.348,3.348651,34.67822671,88.22638392,1
12:21:11,3.348,3.348651,34.68490541,88.22687864,1
12:21:12,3.348,3.348651,34.69158411,88.22736144,1
12:21:13,3.348,3.348651,34.69826281,88.22785616,1
12:21:14,3.348,3.348652,34.70494151,88.22834492,1
12:21:15,3.348,3.348652,34.71162021,88.22882771,1
12:21:16,3.348,3.348653,34.71829891,88.22931051,1
12:21:17,3.348,3.348653,34.72497761,88.22978735,1
12:21:18,3.348,3.348653,34.73165631,88.23025823,1
12:21:19,3.348,3.348653,34.73833501,88.2307291,1
12:21:20,3.348,3.348654,34.74501371,88.23119402,1
12:21:21,3.348,3.348654,34.75169241,88.23165298,1
12:21:22,3.348,3.348655,34.75837111,88.23210597,1
12:21:23,3.348,3.348655,34.76504982,88.23255897,1
12:21:24,3.348,3.348655,34.77173,88.23301196,1
12:21:25,3.348,3.348655,34.77840722,88.233459,1
12:21:26,3.348,3.348656,34.78508592,88.23391199,1
12:21:27,3.348,3.348656,34.79176462,88.23435903,1
12:21:28,3.348,3.348656,34.79844332,88.23480606,1
12:21:29,3.348,3.348657,34.80512202,88.23524714,1
12:21:30,3.348,3.348657,34.81180072,88.23568821,1
12:21:31,3.348,3.348657,34.81847942,88.23612332,1
12:21:32,3.348,3.348657,34.82515812,88.23655844,1
12:21:33,3.348,3.348657,34.83183682,88.23699355,1
12:21:34,3.348,3.348658,34.83851552,88.2374227,1
12:21:35,3.348,3.348658,34.84519422,88.2378459,1
12:21:36,3.348,3.348659,34.85187292,88.23826909,1
12:21:37,3.348,3.348659,34.85855162,88.23869228,1
12:21:38,3.348,3.348659,34.86523032,88.2391,1
12:21:39,3.348,3.348659,34.87190902,88.23951483,1
12:21:40,3.348,3.34866,34.87858772,88.2399261,1
12:21:41,3.348,3.34866,34.88526642,88.24033737,1
12:21:42,3.348,3.34866,34.89194512,88.24073672,1
12:21:43,3.348,3.34866,34.89862382,88.24113607,1
12:21:44,3.348,3.348661,34.90530252,88.24154139,1
12:21:45,3.348,3.348661,34.91198123,88.24194074,1
12:21:46,3.348,3.348661,34.91865993,88.24234,1
12:21:47,3.348,3.348661,34.92533863,88.24273348,1
12:21:48,3.348,3.348662,34.93201733,88.24312687,1
12:21:49,3.348,3.348662,34.93869603,88.2435143,1
12:21:50,3.348,3.348662,34.94537473,88.24388981,1
12:21:51,3.348,3.348663,34.95205343,88.24427128,1
12:21:52,3.348,3.348663,34.95873213,88.24465275,1
12:21:53,3.348,3.348663,34.96541083,88.24502826,1
12:21:54,3.348,3.348663,34.97208953,88.24540377,1
12:21:55,3.348,3.348663,34.97876823,88.24577928,1
12:21:56,3.348,3.348664,34.98545,88.24614286,1
12:21:57,3.348,3.348664,34.99212563,88.24651241,1
12:21:58,3.348,3.348665,34.99880433,88.246876,1
12:21:59,3.348,3.348665,35.00548303,88.24723959,1
12:22:00,3.348,3.348665,35.01216173,88.24760318,1
12:22:01,3.348,3.348665,35.01884043,88.24795485,1
12:22:02,3.348,3.348665,35.02551913,88.24831843,1
12:22:03,3.348,3.348666,35.03219783,88.2486701,1
12:22:04,3.348,3.348666,35.03887653,88.24902177,1
12:22:05,3.348,3.348666,35.04555523,88.24936748,1
12:22:06,3.348,3.348666,35.05223393,88.24971914,1
12:22:07,3.348,3.348666,35.05891263,88.25007081,1
12:22:08,3.348,3.348667,35.06559134,88.25041652,1
12:22:09,3.348,3.348667,35.07227004,88.25075626,1
12:22:10,3.348,3.348667,35.07894874,88.25109601,1
12:22:11,3.348,3.348667,35.08562744,88.25143576,1
12:22:12,3.348,3.348668,35.09230614,88.25176954,1
12:22:13,3.348,3.348668,35.09898484,88.25210333,1
12:22:14,3.348,3.348668,35.10566354,88.25243711,1
12:22:15,3.348,3.348668,35.11234224,88.25276494,1
12:22:16,3.348,3.348668,35.11902094,88.25308681,1
12:22:17,3.348,3.348669,35.12569964,88.25340867,1
12:22:18,3.348,3.348669,35.13237834,88.2537365,1
12:22:19,3.348,3.348669,35.13905704,88.25404644,1
12:22:20,3.348,3.348669,35.14573574,88.25436831,1
12:22:21,3.348,3.348669,35.15241444,88.25468421,1
12:22:22,3.348,3.34867,35.15909314,88.25500011,1
12:22:23,3.348,3.34867,35.16577184,88.25531602,1
12:22:24,3.348,3.34867,35.17245054,88.25562,1
12:22:25,3.348,3.34867,35.17912924,88.25592995,1
12:22:26,3.348,3.34867,35.18580794,88.25623989,1
12:22:27,3.348,3.34867,35.19248664,88.25654984,1
12:22:28,3.348,3.348671,35.19917,88.25684786,1
12:22:29,3.348,3.348671,35.20584404,88.25714588,1
12:22:30,3.348,3.348671,35.21252275,88.2574439,1
12:22:31,3.348,3.348671,35.21920145,88.25774193,1
12:22:32,3.348,3.348672,35.22588015,88.25803399,1
12:22:33,3.348,3.348672,35.23255885,88.25832605,1
12:22:34,3.348,3.348672,35.23923755,88.2586062,1
12:22:35,3.348,3.348672,35.24591625,88.25889826,1
12:22:36,3.348,3.348672,35.25259495,88.2591784,1
12:22:37,3.348,3.348673,35.25927365,88.25945854,1
12:22:38,3.348,3.348673,35.26595235,88.25974464,1
12:22:39,3.348,3.348673,35.27263105,88.26001883,1
12:22:40,3.348,3.348673,35.27930975,88.26029897,1
12:22:41,3.348,3.348673,35.28598845,88.26057911,1
12:22:42,3.348,3.348674,35.29266715,88.26085925,1
12:22:43,3.348,3.348674,35.29934585,88.26113939,1
12:22:44,3.348,3.348674,35.30602455,88.26141,1
12:22:45,3.348,3.348674,35.31270325,88.26168776,1
12:22:46,3.348,3.348674,35.31938195,88.26196194,1
12:22:47,3.348,3.348675,35.32606065,88.2622242,1
12:22:48,3.348,3.348675,35.33273935,88.26249242,1
12:22:49,3.348,3.348675,35.33941805,88.26276064,1
12:22:50,3.348,3.348675,35.34609675,88.26301694,1
12:22:51,3.348,3.348675,35.35277545,88.2632792,1
12:22:52,3.348,3.348675,35.35945415,88.26354146,1
12:22:53,3.348,3.348675,35.36613286,88.26379776,1
12:22:54,3.348,3.348676,35.37281156,88.26405406,1
12:22:55,3.348,3.348676,35.37949026,88.26431036,1
12:22:56,3.348,3.348676,35.38616896,88.26456666,1
12:22:57,3.348,3.348676,35.39284766,88.264817,1
12:22:58,3.348,3.348676,35.39952636,88.26506734,1
12:22:59,3.348,3.348676,35.40620506,88.26531768,1
12:23:00,3.348,3.348676,35.41288,88.26556802,1
12:23:01,3.348,3.348677,35.41956246,88.2658124,1
12:23:02,3.348,3.348677,35.42624116,88.26605082,1
12:23:03,3.348,3.348677,35.43291986,88.26628327,1
12:23:04,3.348,3.348677,35.43959856,88.26652765,1
12:23:05,3.348,3.348677,35.44627726,88.26676607,1
12:23:06,3.348,3.348678,35.45295596,88.26700449,1
12:23:07,3.348,3.348678,35.45963466,88.26724291,1
12:23:08,3.348,3.348678,35.46631336,88.26746941,1
12:23:09,3.348,3.348678,35.47299206,88.2676959,1
12:23:10,3.348,3.348678,35.47967076,88.2679224,1
12:23:11,3.348,3.348678,35.48634946,88.2681489,1
12:23:12,3.348,3.348679,35.49302816,88.26836944,1
12:23:13,3.348,3.348679,35.49970686,88.26859593,1
12:23:14,3.348,3.348679,35.50638556,88.26882243,1
12:23:15,3.348,3.348679,35.51306427,88.26904893,1
12:23:16,3.348,3.348679,35.51974297,88.26926947,1
12:23:17,3.348,3.348679,35.52642167,88.26949,1
12:23:18,3.348,3.34868,35.53310037,88.26971054,1
12:23:19,3.348,3.348679,35.53977907,88.26993108,1
12:23:20,3.348,3.34868,35.54645777,88.27015162,1
12:23:21,3.348,3.34868,35.55313647,88.27036619,1
12:23:22,3.348,3.34868,35.55981517,88.27057481,1
12:23:23,3.348,3.34868,35.56649387,88.27078938,1
12:23:24,3.348,3.34868,35.57317257,88.27100396,1
12:23:25,3.348,3.34868,35.57985127,88.27121258,1
12:23:26,3.348,3.34868,35.58652997,88.27141523,1
12:23:27,3.348,3.348681,35.59320867,88.27162385,1
12:23:28,3.348,3.348681,35.59988737,88.27183247,1
12:23:29,3.348,3.348681,35.60656607,88.27203512,1
12:23:30,3.348,3.348681,35.61324477,88.27223778,1
12:23:31,3.348,3.348681,35.61992347,88.27243447,1
12:23:32,3.348,3.348681,35.6266,88.27263713,1
12:23:33,3.348,3.348681,35.63328087,88.27283382,1
12:23:34,3.348,3.348682,35.63995957,88.27303052,1
12:23:35,3.348,3.348682,35.64663827,88.27322125,1
12:23:36,3.348,3.348682,35.65331697,88.27341795,1
12:23:37,3.348,3.348682,35.65999568,88.27361465,1
12:23:38,3.348,3.348682,35.66667438,88.27381,1
12:23:39,3.348,3.348682,35.67335308,88.274,1
12:23:40,3.348,3.348682,35.68003178,88.27418685,1
12:23:41,3.348,3.348682,35.68671048,88.27437758,1
12:23:42,3.348,3.348683,35.69338918,88.27456832,1
12:23:43,3.348,3.348683,35.70006788,88.27474713,1
12:23:44,3.348,3.348683,35.70674658,88.27493191,1
12:23:45,3.348,3.348683,35.71342528,88.27511668,1
12:23:46,3.348,3.348683,35.72010398,88.27530146,1
12:23:47,3.348,3.348683,35.72678268,88.27548027,1
12:23:48,3.348,3.348683,35.73346138,88.27566504,1
12:23:49,3.348,3.348683,35.74014008,88.27584982,1
12:23:50,3.348,3.348684,35.74681878,88.27602863,1
12:23:51,3.348,3.348684,35.75349748,88.27620745,1
12:23:52,3.348,3.348684,35.76017618,88.2763803,1
12:23:53,3.348,3.348684,35.76685488,88.27654719,1
12:23:54,3.348,3.348684,35.77353358,88.27671409,1
12:23:55,3.348,3.348684,35.78021228,88.2768929,1
12:23:56,3.348,3.348684,35.78689098,88.27705979,1
12:23:57,3.348,3.348684,35.79356968,88.27722669,1
12:23:58,3.348,3.348685,35.80024838,88.27739954,1
12:23:59,3.348,3.348685,35.80692708,88.27756047,1
12:24:00,3.348,3.348685,35.81360579,88.27773333,1
12:24:01,3.348,3.348685,35.82028449,88.27790022,1
12:24:02,3.348,3.348685,35.82696319,88.27806711,1
12:24:03,3.348,3.348685,35.83364189,88.278234,1
12:24:04,3.348,3.348685,35.84032,88.2784009,1
12:24:05,3.348,3.348685,35.84699929,88.27856183,1
12:24:06,3.348,3.348685,35.85367799,88.27872276,1
12:24:07,3.348,3.348685,35.86035669,88.2788837,1
12:24:08,3.348,3.348686,35.86703539,88.27903867,1
12:24:09,3.348,3.348686,35.87371409,88.2791996,1
12:24:10,3.348,3.348686,35.88039279,88.27935457,1
12:24:11,3.348,3.348686,35.88707149,88.2795155,1
12:24:12,3.348,3.348686,35.89375019,88.27967644,1
12:24:13,3.348,3.348686,35.90042889,88.27982545,1
12:24:14,3.348,3.348686,35.90710759,88.27998042,1
12:24:15,3.348,3.348686,35.91378629,88.28013539,1
12:24:16,3.348,3.348686,35.92046499,88.2802844,1
12:24:17,3.348,3.348686,35.92714369,88.28043342,1
12:24:18,3.348,3.348686,35.93382239,88.28058243,1
12:24:19,3.348,3.348687,35.94050109,88.28072548,1
12:24:20,3.348,3.348687,35.94717979,88.28087449,1
12:24:21,3.348,3.348687,35.95385849,88.2810235,1
12:24:22,3.348,3.348687,35.9605372,88.28116655,1
12:24:23,3.348,3.348687,35.9672159,88.28131557,1
12:24:24,3.348,3.348687,35.9738946,88.28145266,1
12:24:25,3.348,3.348687,35.9805733,88.28159571,1
12:24:26,3.348,3.348687,35.987252,88.28173876,1
12:24:27,3.348,3.348687,35.9939307,88.28188181,1
12:24:28,3.348,3.348688,36.0006094,88.28201,1
12:24:29,3.348,3.348688,36.0072881,88.28215599,1
12:24:30,3.348,3.348688,36.0139668,88.28229308,1
12:24:31,3.348,3.348688,36.0206455,88.28243017,1
12:24:32,3.348,3.348688,36.0273242,88.28256726,1
12:24:33,3.348,3.348688,36.0340029,88.28269243,1
12:24:34,3.348,3.348688,36.0406816,88.28282952,1
12:24:35,3.348,3.348688,36.0473603,88.28296065,1
12:24:36,3.348,3.348688,36.05404,88.28308582,1
12:24:37,3.348,3.348688,36.0607177,88.28322291,1
12:24:38,3.348,3.348688,36.0673964,88.28335404,1
12:24:39,3.348,3.348688,36.0740751,88.28348517,1
12:24:40,3.348,3.348689,36.0807538,88.2836163,1
12:24:41,3.348,3.348689,36.0874325,88.28374743,1
12:24:42,3.348,3.348689,36.0941112,88.2838726,1
12:24:43,3.348,3.348689,36.1007899,88.28399181,1
12:24:44,3.348,3.348689,36.10746861,88.28411,1
12:24:45,3.348,3.348689,36.11414731,88.28424215,1
12:24:46,3.348,3.348689,36.12082601,88.28437328,1
12:24:47,3.348,3.348689,36.12750471,88.28449845,1
12:24:48,3.348,3.348689,36.13418341,88.2846117,1
12:24:49,3.348,3.348689,36.14086211,88.28472495,1
12:24:50,3.348,3.348689,36.14754081,88.28484416,1
12:24:51,3.348,3.348689,36.15421951,88.28496337,1
12:24:52,3.348,3.34869,36.16089821,88.28508854,1
12:24:53,3.348,3.34869,36.16757691,88.28521371,1
12:24:54,3.348,3.34869,36.17425561,88.28533292,1
12:24:55,3.348,3.34869,36.18093431,88.28545213,1
12:24:56,3.348,3.34869,36.18761301,88.28557134,1
12:24:57,3.348,3.34869,36.19429171,88.28569055,1
12:24:58,3.348,3.34869,36.20097041,88.28579783,1
12:24:59,3.348,3.34869,36.20764911,88.28591704,1
12:25:00,3.348,3.34869,36.21432781,88.28602433,1
12:25:01,3.348,3.34869,36.22100651,88.28613758,1
12:25:02,3.348,3.34869,36.22768521,88.28625083,1
12:25:03,3.348,3.348691,36.23436391,88.28636408,1
12:25:04,3.348,3.348691,36.24104261,88.28647733,1
12:25:05,3.348,3.348691,36.24772131,88.28659,1
12:25:06,3.348,3.348691,36.25440001,88.28670382,1
12:25:07,3.348,3.348691,36.26107872,88.28681111,1
12:25:08,3.348,3.348691,36.26776,88.2869184,1
12:25:09,3.348,3.348691,36.27443612,88.28702569,1
12:25:10,3.348,3.348691,36.28111482,88.28713298,1
12:25:11,3.348,3.348691,36.28779352,88.28724027,1
12:25:12,3.348,3.348691,36.29447222,88.28734756,1
12:25:13,3.348,3.348691,36.30115092,88.28745484,1
12:25:14,3.348,3.348691,36.30782962,88.28755021,1
12:25:15,3.348,3.348691,36.31450832,88.2876575,1
12:25:16,3.348,3.348691,36.32118702,88.28776479,1
12:25:17,3.348,3.348691,36.32786572,88.28786612,1
12:25:18,3.348,3.348691,36.33454442,88.28796744,1
12:25:19,3.348,3.348691,36.34122312,88.28806877,1
12:25:20,3.348,3.348692,36.34790182,88.2881701,1
12:25:21,3.348,3.348692,36.35458052,88.28827143,1
12:25:22,3.348,3.348692,36.36125922,88.28837276,1
12:25:23,3.348,3.348692,36.36793792,88.28847408,1
12:25:24,3.348,3.348692,36.37461662,88.28856349,1
12:25:25,3.348,3.348692,36.38129532,88.28865886,1
12:25:26,3.348,3.348692,36.38797402,88.28876019,1
12:25:27,3.348,3.348692,36.39465272,88.28884959,1
12:25:28,3.349,3.348692,36.40133142,88.29844594,1
12:25:29,3.349,3.348789,36.40801013,88.30711842,1
12:25:30,3.349,3.348876,36.41468883,88.31496835,1
12:25:31,3.349,3.348954,36.42136753,88.32207918,1
12:25:32,3.349,3.349024,36.42804623,88.3285284,1
12:25:33,3.349,3.349086,36.43472493,88.33438158,1
12:25:34,3.349,3.349142,36.44140363,88.33970428,1
12:25:35,3.349,3.349191,36.44808233,88.34455609,1
12:25:36,3.349,3.349236,36.45476103,88.34898472,1
12:25:37,3.349,3.349276,36.46143973,88.35303187,1
12:25:38,3.349,3.349311,36.46811843,88.35674524,1
12:25:39,3.35,3.349343,36.47479713,88.36965561,1
12:25:40,3.35,3.349469,36.48148,88.38137388,1
12:25:41,3.35,3.349582,36.48815453,88.39202523,1
12:25:42,3.35,3.349682,36.49483323,88.40171695,1
12:25:43,3.35,3.349773,36.50151193,88.41055632,1
12:25:44,3.35,3.349853,36.50819063,88.41862679,1
12:25:45,3.35,3.349926,36.51486933,88.4260118,1
12:25:46,3.35,3.34999,36.52154803,88.43278289,1
12:25:47,3.35,3.350048,36.52822673,88.43900561,1
12:25:48,3.35,3.3501,36.53490543,88.44473362,1
12:25:49,3.35,3.350146,36.54158413,88.45002055,1
12:25:50,3.351,3.350188,36.54826283,88.46439719,1
12:25:51,3.351,3.350322,36.55494153,88.47749829,1
12:25:52,3.351,3.350443,36.56162024,88.48946095,1
12:25:53,3.351,3.35055,36.56829894,88.5003984,1
12:25:54,3.351,3.350647,36.57497764,88.5104239,1
12:25:55,3.351,3.350733,36.58165634,88.51963282,1
12:25:56,3.351,3.350811,36.58833504,88.52810264,1
12:25:57,3.351,3.35088,36.59501374,88.53591681,1
12:25:58,3.351,3.350942,36.60169244,88.54314685,1
12:25:59,3.352,3.350997,36.60837114,88.55931163,1
12:26:00,3.352,3.351145,36.61504984,88.57408166,1
12:26:01,3.352,3.351276,36.62172854,88.58760595,1
12:26:02,3.352,3.351394,36.62840724,88.60001564,1
12:26:03,3.352,3.3515,36.63508594,88.61142397,1
12:26:04,3.352,3.351594,36.64176464,88.62193823,1
12:26:05,3.352,3.351679,36.64844334,88.63164783,1
12:26:06,3.352,3.351755,36.65512204,88.64064217,1
12:26:07,3.352,3.351823,36.66180074,88.64899278,1
12:26:08,3.352,3.351882,36.66847944,88.6567831,1
12:26:09,3.352,3.351935,36.67515814,88.66407275,1
12:26:10,3.352,3.351983,36.68183684,88.6709094,1
12:26:11,3.352,3.352025,36.68851554,88.67734075,1
12:26:12,3.353,3.352064,36.69519,88.69286776,1
12:26:13,3.353,3.352193,36.70187294,88.70718479,1
12:26:14,3.353,3.352309,36.70855165,88.72038722,1
12:26:15,3.353,3.352414,36.71523035,88.73260617,1
12:26:16,3.353,3.352507,36.72190905,88.74394894,1
12:26:17,3.353,3.352592,36.72858775,88.75448704,1
12:26:18,3.353,3.352667,36.73526645,88.76430988,1
12:26:19,3.353,3.352735,36.74194515,88.77349496,1
12:26:20,3.353,3.352796,36.74862385,88.78210187,1
12:26:21,3.353,3.352851,36.75530255,88.79018426,1
12:26:22,3.353,3.352901,36.76198125,88.79780173,1
12:26:23,3.353,3.352946,36.76865995,88.80499601,1
12:26:24,3.353,3.352986,36.77533865,88.81180882,1
12:26:25,3.353,3.353022,36.78201735,88.81828189,1
12:26:26,3.353,3.353055,36.78869605,88.82444501,1
12:26:27,3.354,3.353084,36.79537475,88.83977532,1
12:26:28,3.354,3.353205,36.80205345,88.85396123,1
12:26:29,3.354,3.353314,36.80873215,88.86711597,1
12:26:30,3.354,3.353412,36.81541085,88.87934685,1
12:26:31,3.354,3.3535,36.82208955,88.89075518,1
12:26:32,3.354,3.353579,36.82876825,88.90141249,1
12:26:33,3.354,3.35365,36.83544695,88.9113903,1
12:26:34,3.354,3.353714,36.84212565,88.92076612,1
12:26:35,3.354,3.353772,36.84880435,88.92959952,1
12:26:36,3.354,3.353824,36.85548306,88.93794417,1
12:26:37,3.354,3.35387,36.86216176,88.94584179,1
12:26:38,3.354,3.353912,36.86884046,88.95334601,1
12:26:39,3.354,3.353951,36.87551916,88.96048665,1
12:26:40,3.354,3.353985,36.88219786,88.96730542,1
12:26:41,3.354,3.354016,36.88887656,88.97383213,1
12:26:42,3.354,3.354044,36.89555526,88.98009062,1
12:26:43,3.354,3.354069,36.90223396,88.98611069,1
12:26:44,3.354,3.354092,36.90891,88.99191618,1
12:26:45,3.354,3.354113,36.91559136,88.99751902,1
12:26:46,3.354,3.354132,36.92227006,89.002949,1
12:26:47,3.354,3.354149,36.92894876,89.00821805,1
12:26:48,3.354,3.354164,36.93562746,89.01333809,1
12:26:49,3.354,3.354179,36.94230616,89.01832104,1
12:26:50,3.354,3.354192,36.94898486,89.02317882,1
12:26:51,3.354,3.354204,36.95566356,89.02792335,1
12:26:52,3.354,3.354214,36.96234226,89.03256655,1
12:26:53,3.354,3.354224,36.96902096,89.03711438,1
12:26:54,3.354,3.354234,36.97569966,89.04157877,1
12:26:55,3.354,3.354242,36.98237836,89.04595971,1
12:26:56,3.354,3.35425,36.98905706,89.05026317,1
12:26:57,3.354,3.354257,36.99573576,89.05450106,1
12:26:58,3.354,3.354264,37.00241446,89.05867338,1
12:26:59,3.354,3.35427,37.00909317,89.0627861,1
12:27:00,3.354,3.354276,37.01577187,89.06684518,1
12:27:01,3.354,3.354282,37.02245057,89.07085061,1
12:27:02,3.354,3.354287,37.02912927,89.07480836,1
12:27:03,3.354,3.354291,37.03580797,89.07872438,1
12:27:04,3.354,3.354296,37.04248667,89.08259869,1
12:27:05,3.354,3.3543,37.04916537,89.0864253,1
12:27:06,3.354,3.354304,37.05584407,89.09021616,1
12:27:07,3.354,3.354308,37.06252277,89.09397,1
12:27:08,3.354,3.354312,37.06920147,89.09769058,1
12:27:09,3.354,3.354315,37.07588017,89.10138011,1
12:27:10,3.354,3.354319,37.08255887,89.10503,1
12:27:11,3.354,3.354322,37.08923757,89.10866,1
12:27:12,3.354,3.354325,37.09591627,89.112252,1
12:27:13,3.354,3.354328,37.10259497,89.11581635,1
12:27:14,3.354,3.354331,37.10927367,89.11935091,1
12:27:15,3.354,3.354334,37.11595237,89.12285566,1
12:27:16,3.354,3.354337,37.12263,89.12633657,1
12:27:17,3.354,3.354339,37.12930977,89.12979364,1
12:27:18,3.354,3.354342,37.13598847,89.13322091,1
12:27:19,3.354,3.354344,37.14266717,89.1366303,1
12:27:20,3.354,3.354347,37.14934587,89.1400218,1
12:27:21,3.354,3.354349,37.15602458,89.1433835,1
12:27:22,3.354,3.354352,37.16270328,89.14672732,1
12:27:23,3.354,3.354354,37.16938198,89.15005,1
12:27:24,3.354,3.354356,37.17606068,89.15334344,1
12:27:25,3.354,3.354359,37.18273938,89.15661573,1
12:27:26,3.354,3.354361,37.18941808,89.15987015,1
12:27:27,3.354,3.354363,37.19609678,89.16310668,1
12:27:28,3.354,3.354365,37.20277548,89.16631937,1
12:27:29,3.354,3.354367,37.20945418,89.16951418,1
12:27:30,3.354,3.354369,37.21613288,89.17268515,1
12:27:31,3.354,3.354371,37.22281158,89.17584419,1
12:27:32,3.354,3.354373,37.22949028,89.1789794,1
12:27:33,3.354,3.354375,37.23616898,89.18209672,1
12:27:34,3.354,3.354377,37.24284768,89.18519616,1
12:27:35,3.354,3.354379,37.24952638,89.18827176,1
12:27:36,3.354,3.354381,37.25620508,89.19132352,1
12:27:37,3.354,3.354383,37.26288378,89.19436336,1
12:27:38,3.354,3.354385,37.26956248,89.19738531,1
12:27:39,3.354,3.354387,37.27624118,89.20038939,1
12:27:40,3.354,3.354389,37.28291988,89.20337558,1
12:27:41,3.354,3.354391,37.28959858,89.20634389,1
12:27:42,3.354,3.354393,37.29627728,89.20929432,1
12:27:43,3.354,3.354394,37.30295599,89.21223,1
12:27:44,3.354,3.354396,37.30963469,89.21513557,1
12:27:45,3.354,3.354398,37.31631339,89.21803236,1
12:27:46,3.354,3.3544,37.32299209,89.22091126,1
12:27:47,3.354,3.354402,37.32967079,89.22376633,1
12:27:48,3.354,3.354403,37.33635,89.22661543,1
12:27:49,3.354,3.354405,37.34302819,89.22944665,1
12:27:50,3.354,3.354407,37.34970689,89.23225999,1
12:27:51,3.354,3.354409,37.35638559,89.23504949,1
12:27:52,3.354,3.354411,37.36306429,89.23782706,1
12:27:53,3.354,3.354412,37.36974299,89.24058676,1
12:27:54,3.354,3.354414,37.37642169,89.24333453,1
12:27:55,3.354,3.354416,37.38310039,89.24605846,1
12:27:56,3.355,3.354417,37.38977909,89.2582655,1
12:27:57,3.355,3.354514,37.39645779,89.26955462,1
12:27:58,3.355,3.3546,37.40313649,89.28002119,1
12:27:59,3.354,3.354678,37.40981519,89.28026557,1
12:28:00,3.354,3.354653,37.41649389,89.28074241,1
12:28:01,3.354,3.354631,37.42317259,89.2814219,1
12:28:02,3.354,3.354612,37.42985129,89.28228617,1
12:28:03,3.354,3.354594,37.43652999,89.28332329,1
12:28:04,3.355,3.354579,37.44320869,89.29399252,1
12:28:05,3.355,3.35466,37.44988739,89.30389285,1
12:28:06,3.354,3.354733,37.4565661,89.30361271,1
12:28:07,3.355,3.354703,37.4632448,89.31310177,1
12:28:08,3.355,3.354772,37.4699235,89.32194114,1
12:28:09,3.354,3.354834,37.4766022,89.32070732,1
12:28:10,3.355,3.354795,37.4832809,89.32933211,1
12:28:11,3.355,3.354854,37.4899596,89.33739066,1
12:28:12,3.354,3.354908,37.4966383,89.33544,1
12:28:13,3.355,3.354861,37.503317,89.34342861,1
12:28:14,3.355,3.354915,37.5099957,89.35090899,1
12:28:15,3.355,3.354963,37.5166744,89.35793638,1
12:28:16,3.354,3.355006,37.5233531,89.35505152,1
12:28:17,3.355,3.35495,37.5300318,89.36219811,1
12:28:18,3.355,3.354995,37.5367105,89.36892152,1
12:28:19,3.354,3.355035,37.5433892,89.36577439,1
12:28:20,3.354,3.354977,37.55007,89.36316967,1
12:28:21,3.355,3.354924,37.5567466,89.37056065,1
12:28:22,3.354,3.354973,37.5634253,89.36800361,1
12:28:23,3.355,3.354921,37.570104,89.37542439,1
12:28:24,3.355,3.35497,37.5767827,89.38238621,1
12:28:25,3.355,3.355014,37.5834614,89.38892484,1
12:28:26,3.355,3.355053,37.5901401,89.39509392,1
12:28:27,3.355,3.355089,37.5968188,89.40092325,1
12:28:28,3.355,3.355121,37.60349751,89.4064486,1
12:28:29,3.355,3.35515,37.61017621,89.41169381,1
12:28:30,3.355,3.355176,37.61685491,89.41669,1
12:28:31,3.355,3.3552,37.62353361,89.42146897,1
12:28:32,3.355,3.355221,37.63021231,89.42604661,1
12:28:33,3.355,3.35524,37.63689101,89.43043947,1
12:28:34,3.355,3.355258,37.64356971,89.43466544,1
12:28:35,3.355,3.355274,37.65024841,89.4387424,1
12:28:36,3.355,3.355288,37.65692711,89.44268227,1
12:28:37,3.355,3.355301,37.66360581,89.44649696,1
12:28:38,3.355,3.355313,37.67028451,89.45019841,1
12:28:39,3.355,3.355323,37.67696321,89.45380449,1
12:28:40,3.355,3.355333,37.68364191,89.45731521,1
12:28:41,3.355,3.355342,37.69032061,89.46073651,1
12:28:42,3.355,3.35535,37.69699931,89.46408033,1
12:28:43,3.355,3.355358,37.70367801,89.46735263,1
12:28:44,3.355,3.355365,37.71035671,89.47055936,1
12:28:45,3.355,3.355371,37.71703541,89.47370052,1
12:28:46,3.355,3.355377,37.72371411,89.476794,1
12:28:47,3.355,3.355383,37.73039281,89.47983384,1
12:28:48,3.355,3.355387,37.73707151,89.48282599,1
12:28:49,3.355,3.355392,37.74375021,89.48577046,1
12:28:50,3.355,3.355397,37.75042892,89.48867917,1
12:28:51,3.355,3.355401,37.75710762,89.49154615,1
12:28:52,3.355,3.355405,37.76379,89.49437737,1
12:28:53,3.355,3.355408,37.77046502,89.49717879,1
12:28:54,3.355,3.355412,37.77714372,89.49994445,1
12:28:55,3.355,3.355415,37.78382242,89.5026803,1
12:28:56,3.355,3.355417,37.79050112,89.50539,1
12:28:57,3.355,3.35542,37.79717982,89.50806856,1
12:28:58,3.355,3.355423,37.80385852,89.51072097,1
12:28:59,3.355,3.355426,37.81053722,89.51334953,1
12:29:00,3.355,3.355428,37.81721592,89.51595426,1
12:29:01,3.355,3.355431,37.82389462,89.51853514,1
12:29:02,3.355,3.355433,37.83057332,89.52109218,1
12:29:03,3.355,3.355435,37.83725202,89.52363133,1
12:29:04,3.355,3.355437,37.84393072,89.52615261,1
12:29:05,3.355,3.355439,37.85060942,89.52866,1
12:29:06,3.355,3.355441,37.85728812,89.53114152,1
12:29:07,3.355,3.355443,37.86396682,89.53360915,1
12:29:08,3.355,3.355445,37.87064552,89.5360589,1
12:29:09,3.355,3.355447,37.87732422,89.53849077,1
12:29:10,3.355,3.355448,37.88400292,89.54090476,1
12:29:11,3.355,3.35545,37.89068162,89.54330087,1
12:29:12,3.355,3.355452,37.89736032,89.54568505,1
12:29:13,3.355,3.355453,37.90403903,89.54805136,1
12:29:14,3.355,3.355455,37.91071773,89.55039382,1
12:29:15,3.355,3.355457,37.91739643,89.55273032,1
12:29:16,3.355,3.355458,37.92407513,89.55504894,1
12:29:17,3.355,3.35546,37.93075383,89.55735564,1
12:29:18,3.355,3.355462,37.93743253,89.5596385,1
12:29:19,3.355,3.355463,37.94411123,89.5619154,1
12:29:20,3.355,3.355464,37.95078993,89.56417441,1
12:29:21,3.355,3.355466,37.95746863,89.56641555,1
12:29:22,3.355,3.355468,37.96414733,89.56865072,1
12:29:23,3.355,3.355469,37.97082603,89.57086802,1
12:29:24,3.355,3.35547,37.9775,89.57306743,1
12:29:25,3.355,3.355472,37.98418343,89.57526088,1
12:29:26,3.355,3.355473,37.99086213,89.57744241,1
12:29:27,3.355,3.355474,37.99754083,89.57960606,1
12:29:28,3.355,3.355476,38.00421953,89.58175778,1
12:29:29,3.355,3.355477,38.01089823,89.58389759,1
12:29:30,3.355,3.355479,38.01757693,89.58602548,1
12:29:31,3.355,3.35548,38.02425563,89.58813548,1
12:29:32,3.355,3.355481,38.03093433,89.59023952,1
12:29:33,3.355,3.355483,38.03761303,89.59232569,1
12:29:34,3.355,3.355484,38.04429173,89.59439993,1
12:29:35,3.355,3.355485,38.05097044,89.59646225,1
12:29:36,3.355,3.355486,38.05764914,89.59851265,1
12:29:37,3.355,3.355488,38.06432784,89.60054517,1
12:29:38,3.355,3.355489,38.07100654,89.60257173,1
12:29:39,3.355,3.35549,38.07768524,89.60458636,1
12:29:40,3.355,3.355491,38.08436394,89.60658312,1
12:29:41,3.355,3.355493,38.09104264,89.60857987,1
12:29:42,3.355,3.355494,38.09772134,89.61056471,1
12:29:43,3.355,3.355495,38.10440004,89.61253166,1
12:29:44,3.355,3.355496,38.11107874,89.61448073,1
12:29:45,3.355,3.355498,38.11775744,89.61642981,1
12:29:46,3.355,3.355499,38.12443614,89.618361,1
12:29:47,3.355,3.3555,38.13111484,89.62028623,1
12:29:48,3.355,3.355501,38.13779354,89.62219357,1
12:29:49,3.355,3.355502,38.14447224,89.62409496,1
12:29:50,3.355,3.355504,38.15115094,89.62598443,1
12:29:51,3.355,3.355505,38.15782964,89.62785602,1
12:29:52,3.355,3.355506,38.16450834,89.62972164,1
12:29:53,3.355,3.355507,38.17118704,89.63157535,1
12:29:54,3.355,3.355508,38.17786574,89.63342309,1
12:29:55,3.355,3.355509,38.18454444,89.63525295,1
12:29:56,3.355,3.35551,38.19122,89.63707685,1
12:29:57,3.355,3.355511,38.19790184,89.63888884,1
12:29:58,3.355,3.355513,38.20458055,89.6406889,1
12:29:59,3.355,3.355514,38.21125925,89.64247108,1
12:30:00,3.355,3.355515,38.21793795,89.64425325,1
12:30:01,3.355,3.355516,38.22461665,89.64602351,1
12:30:02,3.355,3.355517,38.23129535,89.64777589,1
12:30:03,3.355,3.355518,38.23797405,89.64952826,1
12:30:04,3.355,3.355519,38.24465275,89.65126872,1
12:30:05,3.355,3.35552,38.25133145,89.65299726,1
12:30:06,3.355,3.355521,38.25801015,89.65471387,1
12:30:07,3.355,3.355522,38.26468885,89.65641856,1
12:30:08,3.355,3.355524,38.27136755,89.65811133,1
12:30:09,3.355,3.355525,38.27804625,89.65980411,1
12:30:10,3.355,3.355526,38.28472495,89.66148496,1
12:30:11,3.355,3.355527,38.29140365,89.66315389,1
12:30:12,3.355,3.355528,38.29808235,89.6648109,1
12:30:14,3.355,3.355529,38.30476105,89.66646194,1
12:30:14,3.355,3.35553,38.31143975,89.66809511,1
12:30:15,3.355,3.355531,38.31811845,89.66972828,1
12:30:16,3.355,3.355532,38.32479715,89.67134953,1
12:30:17,3.355,3.355533,38.33147585,89.67295289,1
12:30:18,3.355,3.355534,38.33815455,89.67455626,1
12:30:19,3.355,3.355535,38.34483325,89.6761477,1
12:30:20,3.355,3.355536,38.35151196,89.67772722,1
12:30:21,3.355,3.355536,38.35819066,89.67930079,1
12:30:22,3.355,3.355538,38.36486936,89.68086,1
12:30:23,3.355,3.355539,38.37154806,89.68241811,1
12:30:24,3.355,3.35554,38.37822676,89.68395591,1
12:30:25,3.355,3.355541,38.38490546,89.68549371,1
12:30:26,3.355,3.355541,38.39158416,89.68702555,1
12:30:28,3.355,3.355542,38.39826286,89.68854547,1
12:30:28,3.355,3.355543,38.40494,89.6900475,1
12:30:29,3.355,3.355544,38.41162026,89.69154954,1
12:30:30,3.355,3.355545,38.41829896,89.6930337,1
12:30:31,3.355,3.355546,38.42497766,89.69451189,1
12:30:32,3.355,3.355547,38.43165636,89.69599009,1
12:30:33,3.355,3.355548,38.43833506,89.69746,1
12:30:34,3.355,3.355549,38.44501376,89.69890475,1
12:30:35,3.355,3.35555,38.45169246,89.70035911,1
12:30:36,3.355,3.355551,38.45837116,89.70180154,1
12:30:37,3.355,3.355551,38.46504986,89.70323205,1
12:30:38,3.355,3.355552,38.47172856,89.7046566,1
12:30:39,3.355,3.355553,38.47840726,89.70607519,1
12:30:40,3.355,3.355554,38.48508596,89.70748186,1
12:30:41,3.355,3.355555,38.49176466,89.70888257,1
12:30:42,3.355,3.355556,38.49844337,89.71027136,1
12:30:43,3.355,3.355557,38.50512207,89.71165419,1
12:30:44,3.355,3.355557,38.51180077,89.71302509,1
12:30:45,3.355,3.355558,38.51847947,89.71439004,1
12:30:46,3.355,3.355559,38.52515817,89.71574903,1
12:30:47,3.355,3.35556,38.53183687,89.7171,1
12:30:48,3.355,3.355561,38.53851557,89.71844,1
12:30:49,3.355,3.355562,38.54519427,89.71977,1
12:30:50,3.355,3.355562,38.55187297,89.72109556,1
12:30:51,3.355,3.355563,38.55855167,89.72241282,1
12:30:52,3.355,3.355564,38.56523037,89.72372413,1
12:30:53,3.355,3.355565,38.57190907,89.72502947,1
12:30:54,3.355,3.355566,38.57858777,89.72632289,1
12:30:55,3.355,3.355567,38.58526647,89.72761035,1
12:30:56,3.355,3.355567,38.59194517,89.72889185,1
12:30:57,3.355,3.355568,38.59862387,89.73016739,1
12:30:58,3.355,3.355569,38.60530257,89.73143101,1
12:30:59,3.355,3.35557,38.61198127,89.73268867,1
12:31:00,3.355,3.355571,38.61866,89.73394036,1
12:31:01,3.355,3.355571,38.62533867,89.7351861,1
12:31:02,3.355,3.355572,38.63201737,89.73641992,1
12:31:04,3.355,3.355573,38.63869607,89.73764777,1
12:31:04,3.355,3.355574,38.64537477,89.73886371,1
12:31:05,3.355,3.355574,38.65205348,89.74007964,1
12:31:06,3.355,3.355575,38.65873218,89.74128962,1
12:31:07,3.355,3.355576,38.66541088,89.74248767,1
12:31:08,3.355,3.355577,38.67208958,89.74367976,1
12:31:09,3.355,3.355577,38.67876828,89.74486589,1
12:31:10,3.355,3.355578,38.68544698,89.74604607,1
12:31:11,3.355,3.355579,38.69212568,89.74721432,1
12:31:12,3.355,3.35558,38.69880438,89.74837661,1
12:31:13,3.355,3.35558,38.70548308,89.74953,1
12:31:14,3.355,3.355581,38.71216178,89.75067735,1
12:31:15,3.355,3.355582,38.71884048,89.75182176,1
12:31:17,3.355,3.355582,38.72551918,89.75296,1
12:31:17,3.355,3.355583,38.73219788,89.75409269,1
12:31:18,3.355,3.355584,38.73887658,89.75521922,1
12:31:20,3.355,3.355584,38.74555528,89.75633979,1
12:31:21,3.355,3.355585,38.75223398,89.75744843,1
12:31:21,3.355,3.355586,38.75891268,89.75855112,1
12:31:22,3.355,3.355586,38.76559138,89.75965381,1
12:31:23,3.355,3.355587,38.77227008,89.76074457,1
12:31:24,3.355,3.355588,38.77894878,89.76182938,1
12:31:25,3.355,3.355588,38.78562748,89.76290226,1
12:31:26,3.355,3.355589,38.79230618,89.76397514,1
12:31:27,3.355,3.35559,38.79898489,89.76504207,1
12:31:28,3.355,3.355591,38.80566359,89.76610303,1
12:31:30,3.355,3.355591,38.81234229,89.76715803,1
12:31:30,3.355,3.355592,38.81902099,89.76820707,1
12:31:31,3.355,3.355592,38.82569969,89.76925015,1
12:31:32,3.355,3.355593,38.83238,89.77028728,1
12:31:34,3.355,3.355594,38.83905709,89.77130651,1
12:31:34,3.355,3.355594,38.84573579,89.77231979,1
12:31:35,3.355,3.355595,38.85241449,89.77333903,1
12:31:36,3.355999,3.355596,38.85909319,89.78385329,1
12:31:38,3.355999,3.355691,38.86577189,89.79346752,1
12:31:39,3.355999,3.355776,38.87245059,89.80226517,1
12:31:39,3.355999,3.355853,38.87912929,89.81032968,1
12:31:40,3.355999,3.355922,38.88580799,89.81774449,1
12:31:42,3.355999,3.355984,38.89248669,89.82456923,1
12:31:43,3.355999,3.356039,38.89916539,89.83086944,1
12:31:43,3.355999,3.356089,38.90584409,89.83669,1
12:31:44,3.355999,3.356134,38.91252279,89.84209299,1
12:31:45,3.357,3.356174,38.91920149,89.85663056,1
12:31:47,3.357,3.356305,38.92588019,89.8699224,1
12:31:48,3.357,3.356422,38.93255889,89.88209,1
12:31:48,3.357,3.356528,38.93923759,89.89325166,1
12:31:49,3.357,3.356622,38.9459163,89.90351558,1
12:31:51,3.357,3.356707,38.952595,89.91397023,1
12:31:52,3.357,3.356784,38.9592737,89.92407322,1
12:31:52,3.358,3.356854,38.9659524,89.95168805,1
12:31:53,3.358,3.357016,38.9726311,89.98293877,1
12:31:55,3.358,3.357162,38.9793098,90.01473188,1
12:31:56,3.358,3.357431,38.9859885,90.03965855,1
12:31:56,3.358,3.357693,38.9926672,90.05582333,1
12:31:57,3.358,3.357871,38.9993459,90.06611705,1
12:31:58,3.358,3.357995,39.0060246,90.07291794,1
12:32:00,3.358,3.358087,39.0127033,90.07766843,1
12:32:01,3.358,3.358159,39.019382,90.08117914,1
12:32:01,3.358,3.358218,39.0260607,90.083915,1
12:32:02,3.358,3.358269,39.0327394,90.08613825,1
12:32:04,3.359,3.358312,39.0394181,90.10338187,1
12:32:05,3.359,3.358513,39.0461,90.11728764,1
12:32:06,3.359,3.358679,39.0527755,90.12839198,1
12:32:06,3.359,3.358817,39.0594542,90.13743997,1
12:32:08,3.359,3.358932,39.0661329,90.14495015,1
12:32:09,3.36,3.35903,39.0728116,90.1630342,1
12:32:10,3.36,3.359256,39.0794903,90.17813206,1
12:32:11,3.36,3.359448,39.086169,90.19085765,1
12:32:12,3.36,3.359612,39.0928477,90.20167589,1
12:32:13,3.36,3.359752,39.09952641,90.21093845,1
12:32:14,3.36,3.359872,39.10620511,90.21891952,1
12:32:15,3.36,3.359975,39.11288381,90.22584558,1
12:32:16,3.36,3.360064,39.11956251,90.23188353,1
12:32:17,3.36,3.360141,39.12624121,90.23718238,1
12:32:18,3.36,3.360207,39.13291991,90.24185538,1
12:32:19,3.36,3.360264,39.13959861,90.24599791,1
12:32:20,3.361,3.360314,39.14627731,90.25921226,1
12:32:21,3.361,3.360491,39.15295601,90.27070999,1
12:32:22,3.361,3.360643,39.15963471,90.28074741,1
12:32:23,3.361,3.360775,39.16631341,90.28953314,1
12:32:24,3.361,3.360889,39.17299211,90.29725194,1
12:32:25,3.361,3.360987,39.17967081,90.30404687,1
12:32:26,3.361,3.361072,39.18634951,90.31005502,1
12:32:27,3.361,3.361145,39.19302821,90.31538367,1
12:32:28,3.361,3.361208,39.19970691,90.32013416,1
12:32:29,3.361,3.361263,39.20638561,90.32437801,1
12:32:30,3.361,3.36131,39.21306431,90.32818675,1
12:32:31,3.361,3.361352,39.21974301,90.33161998,1
12:32:32,3.361,3.361387,39.22642171,90.33472538,1
12:32:33,3.361,3.361418,39.23310041,90.33755064,1
12:32:34,3.361,3.361445,39.23977911,90.34012556,1
12:32:35,3.361,3.361469,39.24645782,90.34249187,1
12:32:36,3.361,3.361489,39.25313652,90.34466743,1
12:32:37,3.361,3.361506,39.25982,90.34668803,1
12:32:38,3.361,3.361522,39.26649392,90.34855962,1
12:32:39,3.361,3.361535,39.27317262,90.35031199,1
12:32:40,3.361,3.361547,39.27985132,90.35195708,1
12:32:41,3.361,3.361557,39.28653002,90.3535068,1
12:32:42,3.361,3.361567,39.29320872,90.35497308,1
12:32:43,3.361,3.361574,39.29988742,90.35636187,1
12:32:44,3.361,3.361581,39.30656612,90.35769105,1
12:32:45,3.361,3.361588,39.31324482,90.35896063,1
12:32:46,3.361,3.361593,39.31992352,90.36017656,1
12:32:47,3.361,3.361598,39.32660222,90.36134481,1
12:32:48,3.361,3.361603,39.33328092,90.36247134,1
12:32:49,3.361,3.361606,39.33995962,90.36356211,1
12:32:50,3.361,3.36161,39.34663832,90.36462307,1
12:32:51,3.361,3.361613,39.35331702,90.36565423,1
12:32:52,3.361,3.361616,39.35999572,90.36665559,1
12:32:53,3.361,3.361618,39.36667442,90.3676331,1
12:32:54,3.361,3.361621,39.37335312,90.36858678,1
12:32:55,3.361,3.361623,39.38003182,90.36951661,1
12:32:56,3.361,3.361625,39.38671052,90.37042856,1
12:32:57,3.361,3.361627,39.39338923,90.37132,1
12:32:58,3.361,3.361629,39.40006793,90.37219882,1
12:32:59,3.361,3.36163,39.40674663,90.37306309,1
12:33:00,3.361,3.361632,39.41342533,90.37390947,1
12:33:01,3.361,3.361633,39.42010403,90.37473798,1
12:33:02,3.361,3.361635,39.42678273,90.37555456,1
12:33:03,3.361,3.361636,39.43346143,90.37635922,1
12:33:04,3.361,3.361637,39.44014013,90.37715197,1
12:33:05,3.361,3.361639,39.44681883,90.37793279,1
12:33:06,3.361,3.361639,39.45349753,90.37870169,1
12:33:07,3.361,3.361641,39.46017623,90.37945867,1
12:33:08,3.361,3.361642,39.46685493,90.38020968,1
12:33:09,3.361,3.361643,39.47353,90.38094878,1
12:33:10,3.361,3.361644,39.48021233,90.38167,1
12:33:11,3.361,3.361645,39.48689103,90.38239,1
12:33:12,3.361,3.361646,39.49356973,90.38308859,1
12:33:13,3.361,3.361647,39.50024843,90.38378596,1
12:33:14,3.361,3.361647,39.50692713,90.38447738,1
12:33:15,3.362,3.361649,39.51360583,90.3944,1
12:33:16,3.361,3.361783,39.52028453,90.39383531,1
12:33:17,3.361,3.361765,39.52696323,90.39342999,1
12:33:18,3.361,3.36175,39.53364193,90.39316177,1
12:33:19,3.361,3.361737,39.54032063,90.39301276,1
12:33:20,3.361,3.361726,39.54699934,90.39297104,1
12:33:21,3.362,3.361717,39.55367804,90.4022634,1
12:33:22,3.361,3.361842,39.56035674,90.40114284,1
12:33:23,3.362,3.361818,39.56703544,90.40950537,1
12:33:24,3.361,3.361929,39.57371414,90.40758014,1
12:33:25,3.362,3.361892,39.58039284,90.41525126,1
12:33:26,3.361,3.361994,39.58707154,90.41271806,1
12:33:27,3.362,3.361949,39.59375024,90.41986465,1
12:33:28,3.362,3.362043,39.60042894,90.42614102,1
12:33:29,3.362,3.362124,39.60710764,90.43166041,1
12:33:30,3.362,3.362195,39.61378634,90.43653011,1
12:33:31,3.362,3.362256,39.62046504,90.44083357,1
12:33:32,3.361,3.362308,39.62714374,90.43539166,1
12:33:33,3.362,3.36222,39.63382244,90.44002295,1
12:33:34,3.362,3.362278,39.64050114,90.44412374,1
12:33:35,3.362,3.362328,39.64717984,90.44775963,1
12:33:36,3.362,3.36237,39.65385854,90.45099616,1
12:33:37,3.362,3.362408,39.66053724,90.45388699,1
12:33:38,3.362,3.36244,39.66721594,90.45647979,1
12:33:39,3.362,3.362468,39.67389464,90.45881629,1
12:33:40,3.362,3.362492,39.68057334,90.46092629,1
12:33:41,3.362,3.362513,39.68725,90.4628396,1
12:33:42,3.362,3.362531,39.69393075,90.46458602,1
12:33:43,3.362,3.362547,39.70060945,90.46618342,1
12:33:44,3.362,3.362561,39.70728815,90.4676497,1
12:33:45,3.362,3.362573,39.71396685,90.46900868,1
12:33:46,3.362,3.362584,39.72064555,90.47026634,1
12:33:47,3.362,3.362593,39.72732425,90.47144055,1
12:33:48,3.362,3.362601,39.73400295,90.47254324,1
12:33:49,3.362,3.362608,39.74068165,90.4735744,1
12:33:50,3.362,3.362614,39.74736035,90.47455192,1
12:33:51,3.362,3.362619,39.75403905,90.47547579,1
12:33:52,3.362,3.362624,39.76071775,90.47635794,1
12:33:53,3.362,3.362628,39.76739645,90.47720432,1
12:33:54,3.362,3.362632,39.77407515,90.47801495,1
12:33:55,3.362,3.362635,39.78075385,90.47878981,1
12:33:56,3.362,3.362638,39.78743255,90.47954082,1
12:33:57,3.362,3.362641,39.79411125,90.480268,1
12:33:58,3.362,3.362643,39.80078995,90.48097134,1
12:33:59,3.362,3.362645,39.80746865,90.48165679,1
12:34:00,3.362,3.362647,39.81414735,90.48232436,1
12:34:01,3.362,3.362649,39.82082605,90.48297405,1
12:34:02,3.362,3.36265,39.82750475,90.48361182,1
12:34:03,3.362,3.362652,39.83418345,90.48423171,1
12:34:04,3.362,3.362653,39.84086215,90.48483968,1
12:34:05,3.362,3.362655,39.84754086,90.48542976,1
12:34:06,3.362,3.362656,39.85421956,90.48601389,1
12:34:07,3.362,3.362657,39.86089826,90.48658609,1
12:34:08,3.362,3.362658,39.86757696,90.48714638,1
12:34:09,3.362,3.362659,39.87425566,90.4877007,1
12:34:10,3.362,3.36266,39.88093436,90.48824906,1
12:34:11,3.362,3.36266,39.88761306,90.48878551,1
12:34:12,3.362,3.362661,39.89429176,90.48931599,1
12:34:13,3.362,3.362662,39.90097,90.48983455,1
12:34:14,3.362,3.362663,39.90764916,90.49034715,1
12:34:15,3.362,3.362664,39.91432786,90.49085379,1
12:34:16,3.362,3.362664,39.92100656,90.49135447,1
12:34:17,3.362,3.362665,39.92768526,90.49184322,1
12:34:18,3.362,3.362666,39.93436396,90.49233198,1
12:34:19,3.362,3.362666,39.94104266,90.49281478,1
12:34:20,3.362,3.362667,39.94772136,90.49328566,1
12:34:21,3.362,3.362668,39.95440006,90.49375653,1
12:34:22,3.362,3.362668,39.96107876,90.49421549,1
12:34:23,3.362,3.362669,39.96775746,90.49467444,1
12:34:24,3.362,3.362669,39.97443616,90.49512744,1
12:34:25,3.362,3.36267,39.98111486,90.49557447,1
12:34:26,3.362,3.36267,39.98779356,90.49601555,1
12:34:27,3.362,3.362671,39.99447227,90.49645066,1
12:34:28,3.362,3.362672,40.00115097,90.49687982,1
12:34:29,3.362,3.362672,40.00782967,90.49730897,1
12:34:30,3.362,3.362673,40.01450837,90.4977262,1
12:34:31,3.362,3.362673,40.02118707,90.49814343,1
12:34:32,3.362,3.362674,40.02786577,90.49855471,1
12:34:33,3.362,3.362674,40.03454447,90.49896002,1
12:34:34,3.362,3.362675,40.04122317,90.49935937,1
12:34:35,3.362,3.362675,40.04790187,90.49975276,1
12:34:36,3.362,3.362676,40.05458057,90.50014019,1
12:34:37,3.362,3.362676,40.06125927,90.50052762,1
12:34:38,3.362,3.362677,40.06793797,90.50090909,1
12:34:39,3.362,3.362677,40.07461667,90.5012846,1
12:34:40,3.362,3.362678,40.08129537,90.50165415,1
12:34:41,3.362,3.362678,40.08797407,90.5020237,1
12:34:42,3.362,3.362678,40.09465277,90.50239325,1
12:34:43,3.362,3.362679,40.10133147,90.50275683,1
12:34:44,3.362,3.362679,40.10801017,90.50311446,1
12:34:45,3.362,3.36268,40.11469,90.50346613,1
12:34:46,3.362,3.36268,40.12136757,90.5038178,1
12:34:47,3.362,3.362681,40.12804627,90.5041635,1
12:34:48,3.362,3.362681,40.13472497,90.50450325,1
12:34:49,3.362,3.362682,40.14140368,90.50484,1
12:34:50,3.362,3.362682,40.14808238,90.50517082,1
12:34:51,3.362,3.362682,40.15476108,90.50549865,1
12:34:52,3.362,3.362683,40.16143978,90.50582051,1
12:34:53,3.362,3.362683,40.16811848,90.50614238,1
12:34:54,3.362,3.362683,40.17479718,90.50645828,1
12:34:55,3.362,3.362684,40.18147588,90.50677419,1
12:34:56,3.362,3.362684,40.18815458,90.50708413,1
12:34:57,3.362,3.362685,40.19483328,90.50738811,1
12:34:58,3.362,3.362685,40.20151198,90.5076921,1
12:34:59,3.362,3.362685,40.20819068,90.50799012,1
12:35:00,3.362,3.362686,40.21486938,90.50828815,1
12:35:01,3.362,3.362686,40.22154808,90.50858021,1
12:35:02,3.362,3.362686,40.22822678,90.50887227,1
12:35:03,3.362,3.362687,40.23490548,90.50915837,1
12:35:04,3.362,3.362687,40.24158418,90.50943851,1
12:35:05,3.362,3.362687,40.24826288,90.50971866,1
12:35:06,3.362,3.362688,40.25494158,90.50999284,1
12:35:07,3.362,3.362688,40.26162028,90.51026702,1
12:35:08,3.362,3.362688,40.26829898,90.51053524,1
12:35:09,3.362,3.362689,40.27497768,90.51080346,1
12:35:10,3.362,3.362689,40.28165638,90.51106572,1
12:35:11,3.362,3.362689,40.28833508,90.51132798,1
12:35:12,3.362,3.36269,40.29501379,90.51158428,1
12:35:13,3.362,3.36269,40.30169249,90.51184058,1
12:35:14,3.362,3.36269,40.30837119,90.51209092,1
12:35:15,3.362,3.36269,40.31504989,90.51234126,1
12:35:16,3.362,3.362691,40.32172859,90.51258564,1
12:35:17,3.362,3.362691,40.32841,90.51283002,1
12:35:18,3.362,3.362691,40.33508599,90.51306844,1
12:35:19,3.362,3.362692,40.34176469,90.51330686,1
12:35:20,3.362,3.362692,40.34844339,90.51354527,1
12:35:21,3.362,3.362692,40.35512209,90.51377773,1
12:35:22,3.362,3.362693,40.36180079,90.51400423,1
12:35:23,3.362,3.362693,40.36847949,90.51423073,1
12:35:24,3.362,3.362693,40.37515819,90.51445723,1
12:35:25,3.362,3.362693,40.38183689,90.51468372,1
12:35:26,3.362,3.362694,40.38851559,90.51490426,1
12:35:27,3.362,3.362694,40.39519429,90.51511884,1
12:35:28,3.362,3.362694,40.40187299,90.51533341,1
12:35:29,3.362,3.362694,40.40855169,90.51554799,1
12:35:30,3.362,3.362695,40.41523039,90.51575661,1
12:35:31,3.363,3.362695,40.42190909,90.52527547,1
12:35:32,3.363,3.362829,40.42858779,90.53354859,1
12:35:33,3.363,3.362944,40.43526649,90.54074883,1
12:35:34,3.363,3.363044,40.4419452,90.54701924,1
12:35:35,3.363,3.36313,40.4486239,90.55249095,1
12:35:36,3.364,3.363204,40.4553026,90.56657553,1
12:35:37,3.364,3.363401,40.4619813,90.57881832,1
12:35:38,3.364,3.363572,40.46866,90.58948159,1
12:35:39,3.364,3.363719,40.4753387,90.59877396,1
12:35:40,3.365,3.363846,40.4820174,90.61619043,1
12:35:41,3.365,3.364089,40.4886961,90.63134193,1
12:35:42,3.365,3.364299,40.4953748,90.6445384,1
12:35:43,3.365,3.36448,40.5020535,90.65605402,1
12:35:44,3.366,3.364636,40.5087322,90.67541361,1
12:35:45,3.366,3.364905,40.5154109,90.69227576,1
12:35:46,3.367,3.365136,40.5220896,90.71629047,1
12:35:47,3.367,3.36547,40.5287683,90.73720574,1
12:35:48,3.367,3.365758,40.535447,90.75544477,1
12:35:49,3.367,3.366006,40.54213,90.77137113,1
12:35:50,3.367,3.366221,40.5488044,90.78530073,1
12:35:51,3.367,3.366406,40.5554831,90.7975018,1
12:35:52,3.368,3.366566,40.5621618,90.817523,1
12:35:53,3.368,3.366838,40.5688405,90.83501101,1
12:35:54,3.368,3.367072,40.5755192,90.85031748,1
12:35:55,3.368,3.367275,40.5821979,90.86374044,1
12:35:56,3.368,3.36745,40.58887661,90.87553024,1
12:35:57,3.369,3.367601,40.59555531,90.89521766,1
12:35:58,3.369,3.367865,40.60223401,90.91244936,1
12:35:59,3.369,3.368093,40.60891271,90.9275651,1
12:36:00,3.369,3.36829,40.61559141,90.94084501,1
12:36:01,3.369,3.36846,40.62227011,90.9525454,1
12:36:02,3.369,3.368607,40.62894881,90.96287489,1
12:36:03,3.369,3.368734,40.63562751,90.9720242,1
12:36:04,3.369,3.368844,40.64230621,90.98015,1
12:36:05,3.369,3.368939,40.64898491,90.98738432,1
12:36:06,3.369,3.369021,40.65566361,90.99385738,1
12:36:07,3.369,3.369093,40.66234231,90.99966288,1
12:36:08,3.369,3.369154,40.66902101,91.00489616,1
12:36:09,3.369,3.369208,40.67569971,91.00963473,1
12:36:10,3.369,3.369254,40.68237841,91.01394415,1
12:36:11,3.369,3.369295,40.68905711,91.0178721,1
12:36:12,3.369,3.369329,40.69573581,91.02147818,1
12:36:13,3.369,3.36936,40.70241451,91.02479815,1
12:36:14,3.369,3.369387,40.70909321,91.02787375,1
12:36:15,3.369,3.36941,40.71577191,91.03073478,1
12:36:16,3.369,3.36943,40.72245061,91.03340507,1
12:36:17,3.369,3.369447,40.72912931,91.03591442,1
12:36:18,3.369,3.369463,40.73580801,91.03827477,1
12:36:19,3.369,3.369477,40.74248672,91.04050994,1
12:36:20,3.369,3.369489,40.74916542,91.04263186,1
12:36:21,3.369,3.369499,40.75584,91.04465842,1
12:36:22,3.369,3.369509,40.76252282,91.04660153,1
12:36:23,3.369,3.369517,40.76920152,91.04846716,1
12:36:24,3.369,3.369524,40.77588022,91.05026722,1
12:36:25,3.369,3.369531,40.78255892,91.05200171,1
12:36:26,3.369,3.369537,40.78923762,91.05368257,1
12:36:27,3.369,3.369542,40.79591632,91.05530977,1
12:36:28,3.369,3.369547,40.80259502,91.05689526,1
12:36:29,3.369,3.369551,40.80927372,91.05843902,1
12:36:30,3.369,3.369555,40.81595242,91.05994701,1
12:36:31,3.369,3.369559,40.82263112,91.06142521,1
12:36:32,3.369,3.369562,40.82930982,91.06286764,1
12:36:33,3.369,3.369565,40.83598852,91.06428027,1
12:36:34,3.369,3.369568,40.84266722,91.06566906,1
12:36:35,3.369,3.369571,40.84934592,91.06703401,1
12:36:36,3.369,3.369573,40.85602462,91.06837511,1
12:36:37,3.369,3.369576,40.86270332,91.06969237,1
12:36:38,3.369,3.369578,40.86938202,91.07098579,1
12:36:39,3.369,3.36958,40.87606072,91.07226133,1
12:36:40,3.369,3.369582,40.88273942,91.07351899,1
12:36:41,3.369,3.369584,40.88941813,91.07475877,1
12:36:42,3.369,3.369586,40.89609683,91.07598662,1
12:36:43,3.369,3.369587,40.90277553,91.07719064,1
12:36:44,3.369,3.369589,40.90945423,91.07838273,1
12:36:45,3.369,3.369591,40.91613293,91.07955694,1
12:36:46,3.369,3.369593,40.92281163,91.08071327,1
12:36:47,3.369,3.369594,40.92949033,91.08185768,1
12:36:48,3.369,3.369596,40.93616903,91.08299017,1
12:36:49,3.369,3.369597,40.94284773,91.08410478,1
12:36:50,3.369,3.369599,40.94952643,91.08520746,1
12:36:51,3.369,3.3696,40.95620513,91.08629823,1
12:36:52,3.369,3.369601,40.96288383,91.08737707,1
12:36:53,3.369,3.369603,40.96956,91.08843803,1
12:36:54,3.369,3.369604,40.97624123,91.08949304,1
12:36:55,3.369,3.369605,40.98291993,91.09053016,1
12:36:56,3.369,3.369606,40.98959863,91.09156132,1
12:36:57,3.369,3.369608,40.99627733,91.09258056,1
12:36:58,3.369,3.369609,41.00295603,91.09358788,1
12:36:59,3.369,3.36961,41.00963473,91.09458327,1
12:37:00,3.369,3.369612,41.01631343,91.09556675,1
12:37:01,3.369,3.369613,41.02299213,91.09653234,1
12:37:02,3.369,3.369614,41.02967083,91.09749198,1
12:37:03,3.369,3.369615,41.03634953,91.09843969,1
12:37:04,3.369,3.369616,41.04302824,91.09937549,1
12:37:05,3.369,3.369617,41.04970694,91.10030532,1
12:37:06,3.369,3.369619,41.05638564,91.10122323,1
12:37:07,3.369,3.36962,41.06306434,91.10212922,1
12:37:08,3.369,3.369621,41.06974304,91.10302925,1
12:37:09,3.369,3.369622,41.07642174,91.10391736,1
12:37:10,3.369,3.369623,41.08310044,91.10479355,1
12:37:11,3.369,3.369624,41.08977914,91.10565782,1
12:37:12,3.369,3.369625,41.09645784,91.10651612,1
12:37:13,3.369,3.369626,41.10313654,91.10736251,1
12:37:14,3.369,3.369627,41.10981524,91.10820293,1
12:37:15,3.369,3.369628,41.11649394,91.10903144,1
12:37:16,3.369,3.369629,41.12317264,91.10985,1
12:37:17,3.369,3.36963,41.12985134,91.11065865,1
12:37:18,3.369,3.369631,41.13653004,91.11146331,1
12:37:19,3.369,3.369632,41.14320874,91.11225605,1
12:37:20,3.369,3.369633,41.14988744,91.11303687,1
12:37:21,3.369,3.369634,41.15656614,91.11381173,1
12:37:22,3.369,3.369635,41.16324484,91.11458063,1
12:37:23,3.369,3.369636,41.16992354,91.11533761,1
12:37:24,3.369,3.369637,41.17660224,91.11608863,1
12:37:25,3.369,3.369638,41.18328,91.11682773,1
12:37:26,3.369,3.369638,41.18995965,91.11756086,1
12:37:27,3.369,3.369639,41.19663835,91.11828208,1
12:37:28,3.369,3.36964,41.20331705,91.11899734,1
12:37:29,3.369,3.369641,41.20999575,91.11970663,1
12:37:30,3.369,3.369642,41.21667445,91.12040997,1
12:37:31,3.369,3.369643,41.22335315,91.1211,1
12:37:32,3.369,3.369644,41.23003185,91.12178683,1
12:37:33,3.369,3.369645,41.23671055,91.12246037,1
12:37:34,3.369,3.369645,41.24338925,91.12312794,1
12:37:35,3.369,3.369646,41.25006795,91.12378955,1
12:37:36,3.369,3.369647,41.25674665,91.1244452,1
12:37:37,3.369,3.369648,41.26342535,91.12508893,1
12:37:38,3.369,3.369648,41.27010405,91.1257267,1
12:37:39,3.369,3.369649,41.27678275,91.12635851,1
12:37:40,3.369,3.36965,41.28346145,91.12698436,1
12:37:41,3.369,3.369651,41.29014015,91.12760425,1
12:37:42,3.369,3.369651,41.29681885,91.12821817,1
12:37:43,3.369,3.369652,41.30349755,91.12882018,1
12:37:44,3.369,3.369653,41.31017625,91.12941623,1
12:37:45,3.369,3.369653,41.31685495,91.13000631,1
12:37:46,3.369,3.369654,41.32353365,91.13059044,1
12:37:47,3.369,3.369655,41.33021235,91.1311686,1
12:37:48,3.369,3.369656,41.33689106,91.13174081,1
12:37:49,3.369,3.369656,41.34356976,91.13230705,1
12:37:50,3.369,3.369657,41.35024846,91.13286734,1
12:37:51,3.369,3.369658,41.35692716,91.13342166,1
12:37:52,3.369,3.369658,41.36360586,91.13397002,1
12:37:53,3.369,3.369659,41.37028456,91.13451242,1
12:37:54,3.369,3.36966,41.37696326,91.13504291,1
12:37:55,3.369,3.36966,41.38364196,91.13557339,1
12:37:56,3.369,3.369661,41.39032066,91.13609791,1
12:37:57,3.369,3.369662,41.397,91.13661647,1
12:37:58,3.369,3.369662,41.40367806,91.13712907,1
12:37:59,3.369,3.369663,41.41035676,91.13763571,1
12:38:00,3.369,3.369663,41.41703546,91.13813639,1
12:38:01,3.369,3.369664,41.42371416,91.13863111,1
12:38:02,3.369999,3.369665,41.43039286,91.14842415,1
12:38:03,3.369999,3.369799,41.43707156,91.15696549,1
12:38:04,3.369999,3.369914,41.44375026,91.16443396,1
12:38:05,3.369999,3.370014,41.45042896,91.17097259,1
12:38:06,3.369999,3.3701,41.45710766,91.17670655,1
12:38:07,3.371,3.370175,41.46378636,91.19106531,1
12:38:08,3.371,3.370373,41.47046506,91.20358229,1
12:38:09,3.371,3.370544,41.47714376,91.21450782,1
12:38:10,3.372,3.370691,41.48382246,91.23336673,1
12:38:12,3.372,3.370952,41.49050117,91.24979973,1
12:38:12,3.372,3.371177,41.49717987,91.26413465,1
12:38:13,3.373001,3.371371,41.50385857,91.28597379,1
12:38:14,3.373001,3.371673,41.51053727,91.30501151,1
12:38:15,3.373001,3.371933,41.51721597,91.32162333,1
12:38:16,3.374,3.372157,41.52389467,91.34545326,1
12:38:17,3.374,3.372484,41.53057337,91.36623144,1
12:38:18,3.374,3.372767,41.53725207,91.38438106,1
12:38:19,3.375,3.373011,41.54393077,91.40956998,1
12:38:20,3.375,3.373355,41.55060947,91.43155813,1
12:38:21,3.375,3.373652,41.55728817,91.45078063,1
12:38:22,3.375,3.373909,41.56396687,91.46760702,1
12:38:23,3.376,3.37413,41.57064557,91.49168134,1
12:38:24,3.376,3.374455,41.57732427,91.5127337,1
12:38:25,3.376,3.374735,41.58400297,91.53117537,1
12:38:26,3.376,3.374978,41.59068167,91.54735804,1
12:38:27,3.376,3.375187,41.59736037,91.56159759,1
12:38:28,3.376,3.375368,41.60403907,91.57415628,1
12:38:29,3.376,3.375524,41.61072,91.58526063,1
12:38:30,3.376,3.375659,41.61739647,91.59510732,1
12:38:31,3.376,3.375776,41.62407517,91.60386324,1
12:38:32,3.376,3.375877,41.63075387,91.61168337,1
12:38:33,3.376,3.375964,41.63743258,91.61868691,1
12:38:34,3.376,3.37604,41.64411128,91.62498713,1
12:38:35,3.376,3.376106,41.65078998,91.63067341,1
12:38:36,3.376,3.376163,41.65746868,91.63582921,1
12:38:37,3.376,3.376212,41.66414738,91.64052606,1
12:38:38,3.376,3.376255,41.67082608,91.64482355,1
12:38:39,3.376,3.376292,41.67750478,91.64877534,1
12:38:40,3.376,3.376325,41.68418348,91.65242314,1
12:38:41,3.376,3.376353,41.69086218,91.65580869,1
12:38:42,3.376,3.376378,41.69754088,91.65896177,1
12:38:43,3.376,3.3764,41.70421958,91.66191816,1
12:38:44,3.376,3.376419,41.71089828,91.6647,1
12:38:45,3.376,3.376435,41.71757698,91.66731834,1
12:38:46,3.376,3.37645,41.72425568,91.66980982,1
12:38:47,3.376,3.376462,41.73093438,91.67217612,1
12:38:48,3.376,3.376474,41.73761308,91.6744411,1
12:38:49,3.376,3.376484,41.74429178,91.67661071,1
12:38:50,3.376,3.376493,41.75097048,91.67869687,1
12:38:51,3.376,3.376501,41.75764918,91.68071151,1
12:38:52,3.376,3.376508,41.76432788,91.68266058,1
12:38:53,3.376,3.376514,41.77100658,91.68455005,1
12:38:54,3.376,3.37652,41.77768528,91.68638587,1
12:38:55,3.377,3.376525,41.78436399,91.69748425,1
12:38:56,3.377,3.376663,41.79104269,91.70729518,1
12:38:57,3.377,3.376783,41.79772139,91.71599746,1
12:38:58,3.376,3.376886,41.80440009,91.71442389,1
12:38:59,3.376,3.376842,41.81107879,91.71325564,1
12:39:00,3.377,3.376804,41.81775749,91.72175527,1
12:39:01,3.376,3.376906,41.82444,91.71999693,1
12:39:02,3.377,3.37686,41.83111489,91.72798395,1
12:39:03,3.376,3.376954,41.83779359,91.72578454,1
12:39:04,3.377,3.376902,41.84447229,91.73337817,1
12:39:05,3.377,3.37699,41.85115099,91.74014926,1
12:39:06,3.377,3.377067,41.85782969,91.74620509,1
12:39:07,3.377,3.377134,41.86450839,91.75164104,1
12:39:08,3.377,3.377191,41.87118709,91.75654054,1
12:39:09,3.377,3.377241,41.87786579,91.76097512,1
12:39:10,3.377,3.377285,41.88454449,91.7650044,1
12:39:11,3.377,3.377322,41.89122319,91.76868796,1
12:39:12,3.377,3.377355,41.89790189,91.77206159,1
12:39:13,3.377,3.377383,41.90458059,91.77517295,1
12:39:14,3.377,3.377408,41.91125929,91.77805185,1
12:39:15,3.377,3.37743,41.91793799,91.78073406,1
12:39:16,3.377,3.377449,41.92461669,91.78323746,1
12:39:17,3.377,3.377465,41.93129539,91.78559184,1
12:39:18,3.377,3.37748,41.9379741,91.78780317,1
12:39:19,3.377,3.377492,41.9446528,91.78990126,1
12:39:20,3.377,3.377503,41.9513315,91.79189205,1
12:39:21,3.377,3.377513,41.9580102,91.79379344,1
12:39:22,3.377,3.377522,41.9646889,91.79561734,1
12:39:23,3.377,3.37753,41.9713676,91.79736376,1
12:39:24,3.377,3.377537,41.9780463,91.79905057,1
12:39:25,3.377,3.377543,41.984725,91.80067778,1
12:39:26,3.377,3.377548,41.9914037,91.8022573,1
12:39:27,3.377,3.377553,41.9980824,91.80378318,1
12:39:28,3.377,3.377558,42.0047611,91.80527329,1
12:39:29,3.377,3.377562,42.0114398,91.80672765,1
12:39:30,3.377,3.377566,42.0181185,91.80814624,1
12:39:31,3.377,3.377569,42.0247972,91.80952907,1
12:39:32,3.377,3.377572,42.0314759,91.81088209,1
12:39:33,3.377,3.377575,42.03815,91.81221128,1
12:39:34,3.377,3.377578,42.0448333,91.81351066,1
12:39:35,3.377,3.37758,42.051512,91.8147862,1
12:39:36,3.377,3.377583,42.0581907,91.81604385,1
12:39:37,3.377,3.377585,42.0648694,91.81728,1
12:39:38,3.377,3.377587,42.0715481,91.81849957,1
12:39:39,3.377,3.377589,42.0782268,91.81969762,1
12:39:40,3.377,3.377591,42.08490551,91.82087779,1
12:39:41,3.377,3.377592,42.09158421,91.82204604,1
12:39:42,3.377,3.377594,42.09826291,91.8232,1
12:39:43,3.377,3.377596,42.10494161,91.8243289,1
12:39:44,3.377,3.377598,42.11162031,91.82544947,1
12:39:45,3.377,3.377599,42.11829901,91.82655215,1
12:39:46,3.377,3.3776,42.12497771,91.82764292,1
12:39:47,3.377,3.377602,42.13165641,91.8287158,1
12:39:48,3.377,3.377603,42.13833511,91.82978272,1
12:39:49,3.377,3.377605,42.14501381,91.83083177,1
12:39:50,3.377,3.377606,42.15169251,91.83186889,1
12:39:51,3.377,3.377608,42.15837121,91.83289409,1
12:39:52,3.377,3.377609,42.16504991,91.83390737,1
12:39:53,3.377,3.37761,42.17172861,91.83490872,1
12:39:54,3.377,3.377611,42.17840731,91.83589816,1
12:39:55,3.377,3.377613,42.18508601,91.83687568,1
12:39:56,3.377,3.377614,42.19176471,91.83784127,1
12:39:57,3.377,3.377615,42.19844341,91.83879495,1
12:39:58,3.377,3.377616,42.20512211,91.8397367,1
12:39:59,3.377,3.377618,42.21180081,91.84066653,1
12:40:00,3.377,3.377619,42.21847951,91.8415904,1
12:40:01,3.377,3.37762,42.22515821,91.84250236,1
12:40:02,3.377,3.377621,42.23183692,91.84340239,1
12:40:03,3.377,3.377622,42.23851562,91.84429646,1
12:40:04,3.377,3.377623,42.24519432,91.8451786,1
12:40:05,3.377,3.377624,42.25187,91.84604883,1
12:40:06,3.377,3.377625,42.25855172,91.8469131,1
12:40:07,3.377,3.377626,42.26523042,91.84776545,1
12:40:08,3.377,3.377627,42.27190912,91.84860587,1
12:40:09,3.377,3.377628,42.27858782,91.84944034,1
12:40:10,3.377,3.377629,42.28526652,91.85026288,1
12:40:11,3.377,3.37763,42.29194522,91.85107946,1
12:40:12,3.377,3.377631,42.29862392,91.85189009,1
12:40:13,3.377,3.377632,42.30530262,91.85268283,1
12:40:14,3.377,3.377633,42.31198132,91.85346961,1
12:40:15,3.377,3.377634,42.31866002,91.85425043,1
12:40:16,3.377,3.377635,42.32533872,91.85501933,1
12:40:17,3.377,3.377636,42.33201742,91.85577631,1
12:40:18,3.377,3.377637,42.33869612,91.85652733,1
12:40:19,3.377,3.377638,42.34537482,91.85727239,1
12:40:20,3.377,3.377639,42.35205352,91.85800552,1
12:40:21,3.377,3.37764,42.35873222,91.8587327,1
12:40:22,3.377,3.37764,42.36541092,91.85945392,1
12:40:23,3.377,3.377641,42.37208962,91.86016321,1
12:40:24,3.377,3.377642,42.37876832,91.86086655,1
12:40:25,3.377,3.377643,42.38544703,91.86155796,1
12:40:26,3.377,3.377644,42.39212573,91.86224341,1
12:40:27,3.377,3.377645,42.39880443,91.86292291,1
12:40:28,3.377,3.377645,42.40548313,91.86359644,1
12:40:29,3.377,3.377646,42.41216183,91.86426401,1
12:40:30,3.377,3.377647,42.41884053,91.86491966,1
12:40:31,3.377,3.377648,42.42551923,91.86557531,1
12:40:32,3.377,3.377649,42.43219793,91.86621904,1
12:40:33,3.377,3.377649,42.43887663,91.86685681,1
12:40:34,3.377,3.37765,42.44555533,91.86748862,1
12:40:35,3.377,3.377651,42.45223403,91.86810851,1
12:40:36,3.377,3.377652,42.45891273,91.86872244,1
12:40:37,3.378,3.377652,42.46559,91.87863469,1
12:40:38,3.378,3.377787,42.47227013,91.88729525,1
12:40:39,3.378,3.377902,42.47894883,91.89488292,1
12:40:40,3.378,3.378002,42.48562753,91.9015348,1
12:40:43,3.379,3.378089,42.49230623,91.91669226,1
12:40:43,3.379,3.378297,42.49898493,91.92991257,1
12:40:43,3.379,3.378476,42.50566363,91.94146395,1
12:40:44,3.379,3.378632,42.51234233,91.95156693,1
12:40:45,3.379,3.378765,42.51902103,91.96042418,1
12:40:46,3.379,3.378881,42.52569973,91.96820259,1
12:40:47,3.379,3.378981,42.53237844,91.97505713,1
12:40:48,3.38,3.379067,42.53905714,91.99041128,1
12:40:49,3.38,3.379275,42.54573584,92.00382829,1
12:40:50,3.38,3.379455,42.55241454,92.0155704,1
12:40:51,3.381,3.37961,42.55909324,92.03518033,1
12:40:52,3.381,3.379878,42.56577194,92.05230474,1
12:40:53,3.381,3.380109,42.57245064,92.06727743,1
12:40:54,3.381,3.380308,42.57912934,92.08039641,1
12:40:55,3.382,3.38048,42.58580804,92.10121632,1
12:40:56,3.382,3.380762,42.59248674,92.11941361,1
12:40:57,3.382,3.381006,42.59916544,92.13533401,1
12:40:58,3.382,3.381217,42.60584414,92.14929938,1
12:40:59,3.383,3.381398,42.61252284,92.17087626,1
12:41:00,3.383,3.381689,42.61920154,92.18975306,1
12:41:01,3.383,3.38194,42.62588024,92.2062993,1
12:41:02,3.383,3.382156,42.63255894,92.22082496,1
12:41:03,3.383,3.382343,42.63923764,92.23361015,1
12:41:04,3.383,3.382505,42.64591634,92.24489331,1
12:41:05,3.383,3.382645,42.65259504,92.25487113,1
12:41:06,3.383,3.382766,42.65927374,92.26372838,1
12:41:07,3.383,3.38287,42.66595244,92.27160811,1
12:41:08,3.383,3.382961,42.67263114,92.27864742,1
12:41:09,3.383,3.383039,42.67931,92.28495955,1
12:41:10,3.383,3.383107,42.68598855,92.29063988,1
12:41:11,3.383,3.383166,42.69266725,92.29577184,1
12:41:12,3.383,3.383217,42.69934595,92.30043292,1
12:41:13,3.383,3.383261,42.70602465,92.30468273,1
12:41:14,3.383,3.383299,42.71270335,92.30856895,1
12:41:15,3.383,3.383333,42.71938205,92.31214523,1
12:41:16,3.383,3.383362,42.72606075,92.31545329,1
12:41:17,3.383,3.383387,42.73273945,92.31852293,1
12:41:18,3.383,3.38341,42.73941815,92.32138395,1
12:41:19,3.383,3.383429,42.74609685,92.32407212,1
12:41:20,3.383,3.383446,42.75277555,92.32659936,1
12:41:21,3.383,3.383461,42.75945425,92.32898951,1
12:41:22,3.383,3.383474,42.76613295,92.33125448,1
12:41:23,3.383,3.383485,42.77281165,92.33341813,1
12:41:24,3.383,3.383495,42.77949035,92.33548641,1
12:41:25,3.383,3.383504,42.78616905,92.33746529,1
12:41:26,3.383,3.383512,42.79284775,92.33937263,1
12:41:27,3.383,3.383519,42.79952645,92.34121442,1
12:41:28,3.383999,3.383526,42.80620515,92.35229,1
12:41:29,3.383999,3.383665,42.81288385,92.362082,1
12:41:30,3.383999,3.383785,42.81956255,92.37074852,1
12:41:31,3.383,3.383889,42.82624125,92.36914515,1
12:41:32,3.383999,3.383846,42.83291996,92.37725139,1
12:41:33,3.383,3.383942,42.83959866,92.37515926,1
12:41:34,3.383999,3.383892,42.84627736,92.38283634,1
12:41:35,3.383999,3.383982,42.85295606,92.38967299,1
12:41:36,3.383,3.38406,42.85963476,92.38647819,1
12:41:37,3.383999,3.383995,42.86631346,92.39319563,1
12:41:38,3.383999,3.384071,42.87299216,92.39920378,1
12:41:39,3.383999,3.384138,42.87967086,92.40458608,1
12:41:40,3.383999,3.384196,42.88634956,92.40943789,1
12:41:41,3.383999,3.384246,42.89303,92.41381884,1
12:41:42,3.383999,3.384289,42.89970696,92.41780043,1
12:41:43,3.383999,3.384326,42.90638566,92.42143035,1
12:41:44,3.383999,3.384359,42.91306436,92.42475629,1
12:41:45,3.383999,3.384388,42.91974306,92.42781401,1
12:41:46,3.383999,3.384413,42.92642176,92.43064523,1
12:41:47,3.383999,3.384434,42.93310046,92.43327379,1
12:41:48,3.383999,3.384453,42.93977916,92.4357295,1
12:41:49,3.383999,3.384469,42.94645786,92.43803024,1
12:41:50,3.383999,3.384484,42.95313656,92.44019985,1
12:41:51,3.383999,3.384496,42.95981526,92.44225025,1
12:41:52,3.383999,3.384508,42.96649396,92.44419336,1
12:41:53,3.383999,3.384517,42.97317266,92.44604707,1
12:41:54,3.383999,3.384526,42.97985137,92.44782329,1
12:41:55,3.383999,3.384534,42.98653007,92.44952798,1
12:41:56,3.383999,3.38454,42.99320877,92.45116711,1
12:41:57,3.383999,3.384547,42.99988747,92.45275259,1
12:41:58,3.383999,3.384552,43.00656617,92.45428443,1
12:41:59,3.383999,3.384557,43.01324487,92.45576859,1
12:42:00,3.383999,3.384562,43.01992357,92.45721102,1
12:42:01,3.383999,3.384565,43.02660227,92.45861769,1
12:42:02,3.383999,3.384569,43.03328097,92.45998859,1
12:42:03,3.383999,3.384573,43.03995967,92.4613297,1
12:42:04,3.383999,3.384576,43.04663837,92.462641,1
12:42:05,3.383999,3.384578,43.05331707,92.46392846,1
12:42:06,3.383999,3.384581,43.05999577,92.46519208,1
12:42:07,3.383999,3.384583,43.06667447,92.46643186,1
12:42:08,3.383999,3.384586,43.07335317,92.46764779,1
12:42:09,3.383999,3.384588,43.08003187,92.46884584,1
12:42:10,3.383999,3.38459,43.08671057,92.47002602,1
12:42:11,3.383999,3.384592,43.09338927,92.47118831,1
12:42:12,3.383999,3.384594,43.10006797,92.47233272,1
12:42:13,3.383999,3.384596,43.10675,92.47345924,1
12:42:14,3.383999,3.384597,43.11342537,92.47456789,1
12:42:15,3.383999,3.384599,43.12010407,92.47566462,1
12:42:16,3.383999,3.3846,43.12678277,92.47674346,1
12:42:17,3.383999,3.384602,43.13346148,92.47781038,1
12:42:18,3.383999,3.384603,43.14014018,92.47886539,1
12:42:19,3.383999,3.384605,43.14681888,92.47990847,1
12:42:20,3.383999,3.384606,43.15349758,92.48093963,1
12:42:21,3.383999,3.384608,43.16017628,92.48195291,1
12:42:22,3.383999,3.384609,43.16685498,92.48295426,1
12:42:23,3.383999,3.38461,43.17353368,92.48394966,1
12:42:24,3.383999,3.384611,43.18021238,92.48493314,1
12:42:25,3.383999,3.384613,43.18689108,92.48589873,1
12:42:26,3.383999,3.384614,43.19356978,92.48685837,1
12:42:27,3.383999,3.384615,43.20024848,92.48780012,1
12:42:28,3.383999,3.384616,43.20692718,92.48872995,1
12:42:29,3.383999,3.384618,43.21360588,92.48965383,1
12:42:30,3.383999,3.384619,43.22028458,92.49056578,1
12:42:31,3.383999,3.38462,43.22696328,92.49146581,1
12:42:32,3.383999,3.384621,43.23364198,92.49235392,1
12:42:33,3.383999,3.384622,43.24032068,92.49323606,1
12:42:34,3.383999,3.384623,43.24699938,92.49410629,1
12:42:35,3.383999,3.384624,43.25367808,92.49497056,1
12:42:36,3.383999,3.384625,43.26035678,92.49582291,1
12:42:37,3.383999,3.384626,43.26703548,92.49666333,1
12:42:38,3.383999,3.384627,43.27371418,92.4974978,1
12:42:39,3.383999,3.384628,43.28039289,92.49832034,1
12:42:40,3.383999,3.384629,43.28707159,92.49913692,1
12:42:41,3.383999,3.38463,43.29375029,92.49994755,1
12:42:42,3.383999,3.384631,43.30042899,92.50074029,1
12:42:43,3.383999,3.384632,43.30710769,92.50152707,1
12:42:44,3.383999,3.384633,43.31378639,92.50230789,1
12:42:45,3.383999,3.384634,43.32047,92.50307679,1
12:42:46,3.383999,3.384635,43.32714379,92.50383377,1
12:42:47,3.383999,3.384636,43.33382249,92.50458479,1
12:42:48,3.383999,3.384637,43.34050119,92.50532985,1
12:42:49,3.383999,3.384638,43.34717989,92.50606298,1
12:42:50,3.383999,3.384638,43.35385859,92.50679,1
12:42:51,3.383999,3.384639,43.36053729,92.50751138,1
12:42:52,3.383999,3.38464,43.36721599,92.50822067,1
12:42:53,3.383999,3.384641,43.37389469,92.50892401,1
12:42:54,3.383999,3.384642,43.38057339,92.50962138,1
12:42:55,3.383999,3.384643,43.38725209,92.5103128,1
12:42:56,3.383999,3.384644,43.39393079,92.51099229,1
12:42:57,3.383999,3.384644,43.40060949,92.51166582,1
12:42:58,3.383999,3.384645,43.40728819,92.51232743,1
12:42:59,3.383999,3.384646,43.41396689,92.51298308,1
12:43:00,3.383999,3.384647,43.42064559,92.51363277,1
12:43:01,3.383999,3.384648,43.4273243,92.5142765,1
12:43:02,3.383999,3.384648,43.434003,92.51491427,1
12:43:03,3.383999,3.384649,43.4406817,92.51554608,1
12:43:04,3.383999,3.38465,43.4473604,92.51616597,1
12:43:05,3.383999,3.384651,43.4540391,92.5167799,1
12:43:06,3.383999,3.384651,43.4607178,92.51738787,1
12:43:07,3.383999,3.384652,43.4673965,92.51798987,1
12:43:08,3.383999,3.384653,43.4740752,92.51858592,1
12:43:09,3.383999,3.384653,43.4807539,92.51917601,1
12:43:10,3.383999,3.384654,43.4874326,92.51975417,1
12:43:11,3.383999,3.384655,43.4941113,92.52033,1
12:43:12,3.383999,3.384656,43.50079,92.52089858,1
12:43:13,3.383999,3.384656,43.5074687,92.52145886,1
12:43:14,3.383999,3.384657,43.5141474,92.52201319,1
12:43:15,3.383999,3.384658,43.5208261,92.52256155,1
12:43:16,3.383999,3.384658,43.5275048,92.52310991,1
12:43:17,3.383999,3.384659,43.53418,92.52364635,1
12:43:18,3.383999,3.38466,43.5408622,92.52417684,1
12:43:19,3.383999,3.38466,43.5475409,92.52470136,1
12:43:20,3.383999,3.384661,43.5542196,92.52521992,1
12:43:21,3.385,3.384661,43.5608983,92.53504872,1
12:43:22,3.385,3.384796,43.567577,92.54362583,1
12:43:23,3.385,3.384912,43.5742557,92.5511241,1
12:43:24,3.385,3.385011,43.58093441,92.55769849,1
12:43:25,3.385,3.385098,43.58761311,92.56346226,1
12:43:26,3.385,3.385172,43.59429181,92.56853461,1
12:43:27,3.385,3.385237,43.60097051,92.57300496,1
12:43:28,3.386,3.385293,43.60764921,92.58626103,1
12:43:29,3.386,3.385474,43.61432791,92.5978303,1
12:43:30,3.386,3.385631,43.62100661,92.60793924,1
12:43:31,3.386,3.385766,43.62768531,92.61679053,1
12:43:32,3.386,3.385883,43.63436401,92.62455106,1
12:43:33,3.386,3.385984,43.64104271,92.63137579,1
12:43:34,3.387001,3.386071,43.64772141,92.64669418,1
12:43:35,3.387001,3.38628,43.65440011,92.66007543,1
12:43:36,3.387001,3.386461,43.66107881,92.67178,1
12:43:37,3.387001,3.386616,43.66775751,92.68202782,1
12:43:38,3.387001,3.386751,43.67443621,92.69102812,1
12:43:39,3.387001,3.386867,43.68111491,92.69894361,1
12:43:40,3.387001,3.386967,43.68779361,92.70592928,1
12:43:41,3.388,3.387054,43.69447231,92.72140861,1
12:43:42,3.388,3.387263,43.70115101,92.73495078,1
12:43:43,3.388,3.387443,43.70782971,92.74681807,1
12:43:44,3.388,3.387598,43.71450841,92.75723696,1
12:43:45,3.389,3.387733,43.72118711,92.77570844,1
12:43:46,3.389,3.387982,43.72786582,92.79185534,1
12:43:47,3.389,3.388197,43.73454452,92.80600548,1
12:43:48,3.389,3.388383,43.74122322,92.81842113,1
12:43:49,3.389,3.388544,43.7479,92.8293407,1
12:43:50,3.389,3.388683,43.75458062,92.83896685,1
12:43:51,3.389,3.388803,43.76125932,92.84747839,1
12:43:52,3.389,3.388907,43.76793802,92.85502434,1
12:43:53,3.389,3.388997,43.77461672,92.86172986,1
12:43:54,3.389,3.389074,43.78129542,92.86772013,1
12:43:55,3.389,3.389141,43.78797412,92.87307858,1
12:43:56,3.389,3.389199,43.79465282,92.8779006,1
12:43:57,3.389,3.38925,43.80133152,92.88225174,1
12:43:58,3.389,3.389293,43.80801022,92.88619757,1
12:43:59,3.39,3.389332,43.81468892,92.89909005,1
12:44:00,3.389,3.389498,43.82136762,92.90113449,1
12:44:01,3.39,3.389508,43.82804632,92.91238785,1
12:44:02,3.39,3.389651,43.83472502,92.92231202,1
12:44:03,3.39,3.389774,43.84140372,92.93108582,1
12:44:04,3.39,3.38988,43.84808242,92.93887615,1
12:44:05,3.39,3.389972,43.85476112,92.94580221,1
12:44:06,3.39,3.390052,43.86143982,92.95198917,1
12:44:07,3.39,3.390121,43.86811852,92.95753241,1
12:44:08,3.39,3.390181,43.87479722,92.96252131,1
12:44:09,3.39,3.390233,43.88147593,92.96702743,1
12:44:10,3.39,3.390277,43.88815463,92.9711163,1
12:44:11,3.39,3.390316,43.89483333,92.97484159,1
12:44:12,3.39,3.39035,43.90151203,92.97825098,1
12:44:13,3.39,3.39038,43.90819073,92.98139215,1
12:44:14,3.39,3.390405,43.91486943,92.98428893,1
12:44:16,3.39,3.390428,43.92154813,92.98698306,1
12:44:16,3.39,3.390447,43.92822683,92.98949242,1
12:44:17,3.39,3.390464,43.93490553,92.9918468,1
12:44:18,3.39,3.390479,43.94158423,92.99406409,1
12:44:19,3.39,3.390492,43.94826293,92.99615622,1
12:44:20,3.39,3.390504,43.95494163,92.99814105,1
12:44:21,3.39,3.390514,43.96162,93.00003,1
12:44:22,3.39,3.390523,43.96829903,93.00183654,1
12:44:23,3.39,3.390531,43.97497773,93.00356507,1
12:44:24,3.39,3.390538,43.98165643,93.005234,1
12:44:25,3.39,3.390544,43.98833513,93.00684333,1
12:44:26,3.39,3.39055,43.99501383,93.00839901,1
12:44:27,3.39,3.390555,44.00169253,93.00990701,1
12:44:28,3.39,3.390559,44.00837123,93.01137924,1
12:44:29,3.39,3.390563,44.01504993,93.01280379,1
12:44:30,3.39,3.390567,44.02172863,93.01419854,1
12:44:31,3.39,3.390571,44.02840734,93.01555753,1
12:44:32,3.39,3.390574,44.03508604,93.01689267,1
12:44:33,3.39,3.390577,44.04176474,93.01819801,1
12:44:34,3.39,3.39058,44.04844344,93.01947355,1
12:44:35,3.39,3.390582,44.05512214,93.02072525,1
12:44:36,3.39,3.390584,44.06180084,93.02195907,1
12:44:37,3.39,3.390586,44.06847954,93.023175,1
12:44:38,3.39,3.390589,44.07515824,93.02437305,1
12:44:39,3.39,3.390591,44.08183694,93.02554727,1
12:44:40,3.39,3.390593,44.08851564,93.0267036,1
12:44:41,3.39,3.390594,44.09519434,93.02784801,1
12:44:42,3.39,3.390596,44.10187304,93.02896857,1
12:44:43,3.39,3.390598,44.10855174,93.03007722,1
12:44:44,3.39,3.390599,44.11523044,93.03117394,1
12:44:45,3.39,3.390601,44.12190914,93.03225279,1
12:44:46,3.39,3.390602,44.12858784,93.03331971,1
12:44:47,3.39,3.390604,44.13526654,93.03437471,1
12:44:48,3.39,3.390605,44.14194524,93.03541183,1
12:44:49,3.39,3.390607,44.14862394,93.03643703,1
12:44:50,3.39,3.390608,44.15530264,93.03745031,1
12:44:51,3.39,3.390609,44.16198134,93.03845167,1
12:44:52,3.39,3.39061,44.16866004,93.03944707,1
12:44:53,3.39,3.390612,44.17534,93.04042459,1
12:44:54,3.39,3.390613,44.18201745,93.04139018,1
12:44:55,3.39,3.390614,44.18869615,93.04234982,1
12:44:56,3.39,3.390615,44.19537485,93.04329753,1
12:44:57,3.39,3.390616,44.20205355,93.04423332,1
12:44:58,3.39,3.390618,44.20873225,93.04515719,1
12:44:59,3.39,3.390619,44.21541095,93.04606915,1
12:45:00,3.39,3.39062,44.22208965,93.04697514,1
12:45:01,3.39,3.390621,44.22876835,93.04786921,1
12:45:02,3.39,3.390622,44.23544705,93.04875135,1
12:45:03,3.39,3.390623,44.24212575,93.04962,1
12:45:04,3.39,3.390624,44.24880445,93.05048585,1
12:45:05,3.39,3.390625,44.25548315,93.05134,1
12:45:06,3.39,3.390626,44.26216185,93.05218458,1
12:45:07,3.39,3.390627,44.26884055,93.05301905,1
12:45:08,3.391,3.390628,44.27551925,93.0631578,1
12:45:09,3.39,3.390763,44.28219795,93.06272864,1
12:45:10,3.39,3.390745,44.28887665,93.06246042,1
12:45:12,3.391,3.390731,44.29555535,93.0716455,1
12:45:12,3.39,3.390851,44.30223405,93.0703938,1
12:45:13,3.39,3.390822,44.30891275,93.06941628,1
12:45:14,3.391,3.390797,44.31559145,93.07798147,1
12:45:15,3.39,3.39091,44.32227015,93.07618737,1
12:45:16,3.391,3.390873,44.32894886,93.08404922,1
12:45:17,3.39,3.390975,44.33562756,93.08164716,1
12:45:18,3.391,3.390929,44.34230626,93.08898449,1
12:45:19,3.391,3.391024,44.34898496,93.09543967,1
12:45:20,3.391,3.391106,44.35566366,93.10113192,1
12:45:21,3.391,3.391176,44.36234236,93.10617447,1
12:45:22,3.391,3.391237,44.36902106,93.11064482,1
12:45:23,3.391,3.39129,44.37569976,93.11462641,1
12:45:24,3.391,3.391335,44.38237846,93.1181848,1
12:45:25,3.391,3.391375,44.38906,93.12137365,1
12:45:26,3.391,3.391409,44.39573586,93.12424064,1
12:45:27,3.391,3.391439,44.40241456,93.12683344,1
12:45:28,3.39,3.391464,44.40909326,93.11987758,1
12:45:29,3.391,3.391353,44.41577196,93.12326908,1
12:45:30,3.391,3.391391,44.42245066,93.12630892,1
12:45:31,3.391,3.391424,44.42912936,93.12903881,1
12:45:32,3.391,3.391452,44.43580806,93.13150644,1
12:45:33,3.391,3.391477,44.44248676,93.13374758,1
12:45:34,3.391,3.391498,44.44916546,93.13579202,1
12:45:35,3.391,3.391516,44.45584416,93.1376636,1
12:45:36,3.391,3.391533,44.46252286,93.13938618,1
12:45:37,3.391,3.391547,44.46920156,93.14097762,1
12:45:38,3.391,3.391559,44.47588027,93.14245582,1
12:45:39,3.391,3.39157,44.48255897,93.14383268,1
12:45:40,3.391,3.391579,44.48923767,93.1451261,1
12:45:41,3.391,3.391587,44.49591637,93.14634204,1
12:45:42,3.391,3.391594,44.50259507,93.14749241,1
12:45:43,3.391,3.3916,44.50927377,93.14858317,1
12:45:44,3.391,3.391606,44.51595247,93.14962029,1
12:45:45,3.391,3.391611,44.52263117,93.15061569,1
12:45:46,3.391,3.391615,44.52930987,93.15156937,1
12:45:47,3.391,3.391619,44.53598857,93.15248728,1
12:45:48,3.391,3.391623,44.54266727,93.15336943,1
12:45:49,3.391,3.391626,44.54934597,93.15422177,1
12:45:50,3.391,3.391629,44.55602467,93.15505028,1
12:45:51,3.391,3.391631,44.56270337,93.15585494,1
12:45:52,3.391,3.391633,44.56938207,93.15664172,1
12:45:53,3.391,3.391635,44.57606077,93.15741062,1
12:45:54,3.391,3.391637,44.58273947,93.15816164,1
12:45:55,3.391,3.391639,44.58941817,93.15889478,1
12:45:56,3.391,3.39164,44.59609687,93.15961599,1
12:45:57,3.391,3.391642,44.60278,93.16031933,1
12:45:58,3.391,3.391643,44.60945427,93.16101,1
12:45:59,3.391,3.391644,44.61613297,93.16169024,1
12:46:00,3.391,3.391646,44.62281168,93.16235781,1
12:46:01,3.391,3.391647,44.62949038,93.16301346,1
12:46:02,3.391,3.391648,44.63616908,93.16366315,1
12:46:03,3.391,3.391649,44.64284778,93.16430092,1
12:46:04,3.391,3.39165,44.64952648,93.16493273,1
12:46:05,3.391,3.391651,44.65620518,93.16555262,1
12:46:06,3.391,3.391652,44.66288388,93.16616654,1
12:46:07,3.391,3.391653,44.66956258,93.16676855,1
12:46:08,3.391,3.391654,44.67624128,93.1673646,1
12:46:09,3.391,3.391654,44.68291998,93.16794872,1
12:46:10,3.391,3.391655,44.68959868,93.16853285,1
12:46:11,3.391,3.391656,44.69627738,93.16910505,1
12:46:12,3.391,3.391657,44.70295608,93.1696713,1
12:46:13,3.391,3.391658,44.70963478,93.17023158,1
12:46:15,3.391,3.391658,44.71631348,93.17077994,1
12:46:15,3.391,3.391659,44.72299218,93.17132235,1
12:46:16,3.391,3.391659,44.72967088,93.17186475,1
12:46:17,3.391,3.39166,44.73634958,93.17239523,1
12:46:18,3.391,3.391661,44.74302828,93.17291975,1
12:46:19,3.391,3.391662,44.74970698,93.17344427,1
12:46:20,3.391,3.391662,44.75638568,93.17396283,1
12:46:21,3.391,3.391663,44.76306438,93.17446947,1
12:46:22,3.391,3.391664,44.76974308,93.17497015,1
12:46:23,3.391,3.391664,44.77642179,93.17547083,1
12:46:24,3.391,3.391665,44.78310049,93.17595959,1
12:46:25,3.391,3.391665,44.78977919,93.17644835,1
12:46:26,3.391,3.391666,44.79645789,93.17693114,1
12:46:27,3.391,3.391666,44.80313659,93.17740798,1
12:46:28,3.391,3.391667,44.80981529,93.17787886,1
12:46:29,3.391,3.391668,44.81649,93.17834377,1
12:46:30,3.391,3.391668,44.82317269,93.17880273,1
12:46:31,3.391,3.391669,44.82985139,93.17925572,1
12:46:32,3.391,3.39167,44.83653009,93.1797,1
12:46:33,3.391,3.39167,44.84320879,93.18014383,1
12:46:35,3.391,3.39167,44.84988749,93.18057895,1
12:46:36,3.391,3.391671,44.85656619,93.18101406,1
12:46:36,3.391,3.391671,44.86324489,93.18144321,1
12:46:38,3.391,3.391672,44.86992359,93.18186641,1
12:46:39,3.391,3.391672,44.87660229,93.18228364,1
12:46:40,3.391,3.391673,44.88328099,93.18269491,1
12:46:41,3.391,3.391673,44.88995969,93.18310618,1
12:46:42,3.391,3.391674,44.89663839,93.1835115,1
12:46:43,3.391,3.391674,44.90331709,93.18391681,1
12:46:44,3.391,3.391675,44.90999579,93.1843102,1
12:46:45,3.391,3.391675,44.91667449,93.18470359,1
12:46:46,3.391,3.391676,44.9233532,93.18509698,1
12:46:47,3.391,3.391676,44.9300319,93.18547845,1
12:46:48,3.391,3.391677,44.9367106,93.18585992,1
12:46:49,3.391,3.391677,44.9433893,93.18623543,1
12:46:50,3.391,3.391678,44.950068,93.18660498,1
12:46:51,3.391,3.391678,44.9567467,93.18697453,1
12:46:52,3.391,3.391679,44.9634254,93.18733811,1
12:46:53,3.391,3.391679,44.9701041,93.18769574,1
12:46:54,3.391,3.39168,44.9767828,93.18804741,1
12:46:55,3.391,3.39168,44.9834615,93.18839908,1
12:46:56,3.391,3.39168,44.9901402,93.18874478,1
12:46:57,3.391,3.391681,44.9968189,93.18908453,1
12:46:58,3.391,3.391681,45.0034976,93.18942428,1
12:46:59,3.391,3.391681,45.0101763,93.18976402,1
12:47:00,3.391,3.391682,45.016855,93.19009781,1
12:47:01,3.391,3.391682,45.0235337,93.19042563,1
12:47:02,3.391,3.391683,45.03021,93.1907475,1
12:47:03,3.391,3.391683,45.0368911,93.19106936,1
12:47:04,3.391,3.391684,45.0435698,93.19138527,1
12:47:05,3.391,3.391684,45.0502485,93.19170117,1
12:47:06,3.391,3.391684,45.0569272,93.19201112,1
12:47:07,3.391,3.391685,45.0636059,93.19232106,1
12:47:08,3.391,3.391685,45.07028461,93.19262505,1
12:47:09,3.391,3.391685,45.07696331,93.19292307,1
12:47:10,3.391,3.391686,45.08364201,93.19321513,1
12:47:11,3.391,3.391686,45.09032071,93.19350719,1
12:47:12,3.391,3.391686,45.09699941,93.1937933,1
12:47:13,3.391,3.391687,45.10367811,93.1940794,1
12:47:14,3.391,3.391687,45.11035681,93.19435954,1
12:47:15,3.391,3.391687,45.11703551,93.19463968,1
12:47:16,3.391,3.391688,45.12371421,93.19491982,1
12:47:17,3.391,3.391688,45.13039291,93.19519401,1
12:47:18,3.391,3.391689,45.13707161,93.19546819,1
12:47:19,3.391,3.391689,45.14375031,93.19573641,1
12:47:20,3.391,3.391689,45.15042901,93.19599867,1
12:47:21,3.391,3.39169,45.15710771,93.19626093,1
12:47:22,3.391,3.39169,45.16378641,93.19651723,1
12:47:23,3.391,3.39169,45.17046511,93.19677353,1
12:47:24,3.391,3.39169,45.17714381,93.19702983,1
12:47:25,3.391,3.391691,45.18382251,93.19728017,1
12:47:26,3.391,3.391691,45.19050121,93.19753051,1
12:47:27,3.391,3.391691,45.19717991,93.19777489,1
12:47:28,3.391,3.391692,45.20385861,93.19801927,1
12:47:29,3.391,3.391692,45.21053731,93.19825768,1
12:47:30,3.391,3.391692,45.21721601,93.1984961,1
12:47:31,3.391,3.391692,45.22389472,93.19872856,1
12:47:32,3.391,3.391693,45.23057342,93.19895506,1
12:47:33,3.391,3.391693,45.23725212,93.19918156,1
12:47:34,3.391,3.391693,45.24393,93.19940805,1
12:47:35,3.391,3.391694,45.25060952,93.19963455,1
12:47:36,3.391,3.391694,45.25728822,93.19985509,1
12:47:37,3.391,3.391694,45.26396692,93.20007563,1
12:47:38,3.391,3.391695,45.27064562,93.2002902,1
12:47:39,3.391,3.391695,45.27732432,93.20050478,1
12:47:40,3.391,3.391695,45.28400302,93.2007134,1
12:47:41,3.391,3.391695,45.29068172,93.20092201,1
12:47:42,3.391,3.391695,45.29736042,93.20113063,1
12:47:43,3.391,3.391696,45.30403912,93.20133328,1
12:47:44,3.391,3.391696,45.31071782,93.20153594,1
12:47:45,3.391,3.391696,45.31739652,93.20173264,1
12:47:46,3.391,3.391696,45.32407522,93.20192933,1
12:47:47,3.391,3.391697,45.33075392,93.20212603,1
12:47:48,3.391,3.391697,45.33743262,93.20232272,1
12:47:49,3.391,3.391697,45.34411132,93.20251346,1
12:47:50,3.391,3.391697,45.35079002,93.20270419,1
12:47:51,3.391,3.391698,45.35746872,93.20288897,1
12:47:52,3.391,3.391698,45.36414742,93.20307374,1
12:47:53,3.391,3.391698,45.37082613,93.20325851,1
12:47:54,3.391,3.391698,45.37750483,93.20343733,1
12:47:56,3.391,3.391698,45.38418353,93.20361614,1
12:47:57,3.391,3.391699,45.39086223,93.20379496,1
12:47:57,3.391,3.391699,45.39754093,93.20396781,1
12:47:58,3.391,3.391699,45.40421963,93.20414066,1
12:47:59,3.391,3.391699,45.41089833,93.20431,1
12:48:00,3.391,3.391699,45.41757703,93.20448041,1
12:48:01,3.391,3.3917,45.42425573,93.2046473,1
12:48:02,3.391,3.3917,45.43093443,93.2048142,1
12:48:03,3.391,3.3917,45.43761313,93.20498109,1
12:48:04,3.391,3.3917,45.44429183,93.20514202,1
12:48:05,3.391,3.391701,45.45097053,93.20530295,1
12:48:06,3.391,3.391701,45.45765,93.20546389,1
12:48:07,3.391,3.391701,45.46432793,93.20561886,1
12:48:08,3.391,3.391701,45.47100663,93.20576787,1
12:48:09,3.391,3.391701,45.47768533,93.20592284,1
12:48:10,3.391,3.391701,45.48436403,93.20607185,1
12:48:11,3.391,3.391701,45.49104273,93.20622087,1
12:48:12,3.391,3.391702,45.49772143,93.20636988,1
12:48:13,3.391,3.391702,45.50440013,93.20651293,1
12:48:14,3.391,3.391702,45.51107883,93.20666194,1
12:48:15,3.391,3.391702,45.51775753,93.20680499,1
12:48:16,3.391,3.391703,45.52443624,93.20694804,1
12:48:17,3.391,3.391703,45.53111494,93.20708513,1
12:48:18,3.392,3.391703,45.53779364,93.21652651,1
12:48:19,3.392,3.391836,45.54447234,93.22472215,1
12:48:20,3.392,3.391952,45.55115104,93.23185086,1
12:48:21,3.392,3.392051,45.55782974,93.23804975,1
12:48:22,3.392,3.392137,45.56450844,93.24344993,1
12:48:23,3.392,3.392211,45.57118714,93.24816465,1
12:48:24,3.392,3.392275,45.57786584,93.25228333,1
12:48:25,3.392,3.39233,45.58454454,93.25588346,1
12:48:26,3.393,3.392378,45.59122324,93.26834679,1
12:48:27,3.393,3.392552,45.59790194,93.27918887,1
12:48:28,3.393,3.392703,45.60458064,93.28862429,1
12:48:29,3.393,3.392833,45.61125934,93.29684973,1
12:48:30,3.393,3.392946,45.61793804,93.30403209,1
12:48:31,3.393,3.393043,45.62461674,93.31030846,1
12:48:32,3.394,3.393126,45.63129544,93.32511425,1
12:48:33,3.394,3.393332,45.63797414,93.33800077,1
12:48:34,3.394,3.39351,45.64465284,93.34923625,1
12:48:35,3.394,3.393663,45.65133154,93.35904717,1
12:48:36,3.394,3.393795,45.65801024,93.36762428,1
12:48:37,3.395,3.393909,45.66468894,93.38445067,1
12:48:38,3.395,3.394142,45.67137,93.39911342,1
12:48:39,3.395,3.394342,45.67804635,93.41191649,1
12:48:40,3.395,3.394515,45.68472505,93.42311025,1
12:48:41,3.395,3.394665,45.69140375,93.43290925,1
12:48:42,3.396,3.394794,45.69808245,93.45080853,1
12:48:43,3.396,3.395039,45.70476115,93.4664309,1
12:48:44,3.396,3.39525,45.71143985,93.48008633,1
12:48:45,3.396,3.395432,45.71811855,93.49204302,1
12:48:46,3.396,3.39559,45.72479725,93.50253344,1
12:48:47,3.397,3.395726,45.73147595,93.52105856,1
12:48:48,3.397,3.395977,45.73815465,93.53725314,1
12:48:49,3.397,3.396194,45.74483335,93.55142713,1
12:48:50,3.397,3.396381,45.75151205,93.56385469,1
12:48:51,3.397,3.396543,45.75819075,93.57478023,1
12:48:52,3.397,3.396683,45.76486945,93.58440638,1
12:48:53,3.397,3.396804,45.77154815,93.592906,1
12:48:54,3.397,3.396908,45.77822685,93.60044003,1
12:48:55,3.398,3.396998,45.78490555,93.61643791,1
12:48:56,3.398,3.39721,45.79158425,93.63046885,1
12:48:57,3.398,3.397393,45.79826295,93.64280105,1
12:48:58,3.398,3.397551,45.80494165,93.65366101,1
12:48:59,3.398,3.397687,45.81162035,93.6632514,1
12:49:00,3.398,3.397805,45.81829906,93.67174506,1
12:49:01,3.398,3.397907,45.82497776,93.67929101,1
12:49:02,3.398,3.397995,45.83165646,93.68601441,1
12:49:03,3.398,3.398071,45.83833516,93.69202852,1
12:49:04,3.398,3.398137,45.84501386,93.6974287,1
12:49:05,3.398,3.398195,45.85169256,93.70229244,1
12:49:06,3.398,3.398244,45.85837126,93.70669723,1
12:49:07,3.398,3.398288,45.86504996,93.7106967,1
12:49:08,3.398,3.398325,45.87172866,93.71435046,1
12:49:09,3.398,3.398357,45.87840736,93.71770024,1
12:49:10,3.398,3.398386,45.88509,93.72079372,1
12:49:11,3.398,3.39841,45.89176476,93.72365475,1
12:49:12,3.398,3.398432,45.89844346,93.72631311,1
12:49:13,3.398,3.39845,45.90512216,93.72879863,1
12:49:14,3.398,3.398467,45.91180086,93.73112917,1
12:49:15,3.398,3.398481,45.91847956,93.73332858,1
12:49:16,3.398,3.398494,45.92515826,93.73540878,1
12:49:17,3.398,3.398505,45.93183696,93.73738766,1
12:49:18,3.398,3.398515,45.93851566,93.73927712,1
12:49:19,3.398,3.398524,45.94519436,93.74108315,1
12:49:20,3.398,3.398531,45.95187306,93.74281764,1
12:49:21,3.398,3.398538,45.95855176,93.74448657,1
12:49:22,3.398,3.398544,45.96523046,93.74610186,1
12:49:23,3.398,3.39855,45.97190917,93.7476635,1
12:49:24,3.398,3.398555,45.97858787,93.74918342,1
12:49:25,3.398,3.398559,45.98526657,93.75066161,1
12:49:26,3.398,3.398563,45.99194527,93.75210404,1
12:49:27,3.398,3.398567,45.99862397,93.75350475,1
12:49:28,3.398,3.39857,46.00530267,93.75487566,1
12:49:29,3.398,3.398573,46.01198137,93.75622272,1
12:49:30,3.398,3.398576,46.01866007,93.75753999,1
12:49:31,3.398,3.398579,46.02533877,93.75883341,1
12:49:32,3.398,3.398581,46.03201747,93.76010299,1
12:49:33,3.398,3.398583,46.03869617,93.76134872,1
12:49:34,3.398,3.398586,46.04537487,93.76257658,1
12:49:35,3.398,3.398588,46.05205357,93.76378655,1
12:49:36,3.398,3.39859,46.05873227,93.76497269,1
12:49:37,3.398,3.398592,46.06541097,93.7661469,1
12:49:38,3.398,3.398593,46.07208967,93.76730323,1
12:49:39,3.398,3.398595,46.07876837,93.76844168,1
12:49:40,3.398,3.398597,46.08544707,93.7695682,1
12:49:41,3.398,3.398598,46.09212577,93.77067685,1
12:49:42,3.398,3.3986,46.0988,93.77177358,1
12:49:43,3.399,3.398602,46.10548317,93.78215671,1
12:49:44,3.398,3.398736,46.11216187,93.78198385,1
12:49:45,3.399,3.398719,46.11884058,93.79127026,1
12:49:46,3.399,3.398839,46.12551928,93.79944801,1
12:49:47,3.399,3.398941,46.13219798,93.8066721,1
12:49:48,3.398,3.39903,46.13887668,93.80376339,1
12:49:49,3.398,3.398974,46.14555538,93.8013792,1
12:49:50,3.398,3.398925,46.15223408,93.79944801,1
12:49:51,3.398,3.398883,46.15891278,93.79791021,1
12:49:52,3.399,3.398847,46.16559148,93.80600452,1
12:49:53,3.399,3.39895,46.17227018,93.81314516,1
12:49:54,3.399,3.399039,46.17894888,93.81946325,1
12:49:55,3.399,3.399115,46.18562758,93.82506609,1
12:49:56,3.399,3.399182,46.19230628,93.83004904,1
12:49:57,3.399,3.399239,46.19898498,93.8345015,1
12:49:58,3.399,3.399288,46.20566368,93.83849502,1
12:49:59,3.399,3.399332,46.21234238,93.84208322,1
12:50:00,3.399,3.399369,46.21902108,93.84532571,1
12:50:01,3.399,3.399401,46.22569978,93.84827018,1
12:50:02,3.399,3.399429,46.23237848,93.85094643,1
12:50:03,3.399,3.399453,46.23905718,93.85340214,1
12:50:04,3.399,3.399475,46.24573588,93.85566115,1
12:50:05,3.399,3.399493,46.25241458,93.85774732,1
12:50:06,3.399,3.399509,46.25909328,93.85968447,1
12:50:07,3.399,3.399523,46.26577199,93.86149049,1
12:50:08,3.399,3.399536,46.27245069,93.8631773,1
12:50:09,3.399,3.399546,46.27912939,93.86476874,1
12:50:10,3.399,3.399556,46.28580809,93.86627674,1
12:50:11,3.399,3.399564,46.29248679,93.86770129,1
12:50:12,3.399,3.399571,46.29916549,93.86906028,1
12:50:13,3.399,3.399578,46.30584419,93.87035966,1
12:50:14,3.399,3.399584,46.31252,93.8716054,1
12:50:15,3.399,3.399589,46.31920159,93.87280345,1
12:50:16,3.399,3.399593,46.32588029,93.87395978,1
12:50:17,3.399,3.399597,46.33255899,93.87508035,1
12:50:18,3.399,3.399601,46.33923769,93.87616515,1
12:50:19,3.399,3.399604,46.34591639,93.87722,1
12:50:20,3.399,3.399607,46.35259509,93.87824535,1
12:50:21,3.399,3.39961,46.35927379,93.87924671,1
12:50:22,3.399,3.399612,46.36595249,93.88022423,1
12:50:23,3.399,3.399614,46.37263119,93.88118386,1
12:50:24,3.399,3.399617,46.37930989,93.88211966,1
12:50:25,3.399,3.399618,46.38598859,93.88303757,1
12:50:26,3.399,3.39962,46.39266729,93.8839376,1
12:50:27,3.399,3.399622,46.39934599,93.88482571,1
12:50:28,3.399,3.399624,46.40602469,93.88569593,1
12:50:29,3.399,3.399625,46.41270339,93.88655424,1
12:50:30,3.399,3.399626,46.4193821,93.88740063,1
12:50:31,3.399,3.399628,46.4260608,93.88823509,1
12:50:32,3.399,3.399629,46.4327395,93.88905764,1
12:50:33,3.399,3.399631,46.4394182,93.88986826,1
12:50:34,3.399,3.399632,46.4460969,93.89066696,1
12:50:35,3.399,3.399633,46.4527756,93.89145374,1
12:50:36,3.399,3.399634,46.4594543,93.8922286,1
12:50:37,3.399,3.399635,46.466133,93.8929975,1
12:50:38,3.399,3.399636,46.4728117,93.89375448,1
12:50:39,3.399,3.399637,46.4794904,93.8945055,1
12:50:40,3.399,3.399638,46.4861691,93.8952446,1
12:50:41,3.399,3.399639,46.4928478,93.89597178,1
12:50:42,3.399,3.39964,46.4995265,93.89668703,1
12:50:43,3.399,3.399641,46.5062052,93.89739633,1
12:50:44,3.399,3.399642,46.5128839,93.89809966,1
12:50:45,3.399,3.399642,46.5195626,93.89879704,1
12:50:46,3.399,3.399643,46.52624,93.89948249,1
12:50:47,3.399,3.399644,46.53292,93.90016198,1
12:50:48,3.399,3.399645,46.5395987,93.90083551,1
12:50:49,3.399,3.399646,46.5462774,93.90149713,1
12:50:50,3.399,3.399647,46.5529561,93.90215278,1
12:50:51,3.399,3.399648,46.5596348,93.90280247,1
12:50:52,3.399,3.399648,46.56631351,93.90344024,1
12:50:53,3.399,3.399649,46.57299221,93.90407205,1
12:50:54,3.399,3.39965,46.57967091,93.90470386,1
12:50:55,3.399,3.399651,46.58634961,93.90532374,1
12:50:56,3.399,3.399651,46.59302831,93.90593767,1
12:50:57,3.399,3.399652,46.59970701,93.90654564,1
12:50:58,3.399,3.399653,46.60638571,93.90714169,1
12:50:59,3.399,3.399654,46.61306441,93.90773177,1
12:51:00,3.399,3.399654,46.61974311,93.90832186,1
12:51:01,3.399,3.399655,46.62642181,93.90890002,1
12:51:02,3.399,3.399656,46.63310051,93.90947819,1
12:51:03,3.399,3.399657,46.63977921,93.91004443,1
12:51:04,3.399,3.399657,46.64645791,93.91060472,1
12:51:05,3.399,3.399658,46.65313661,93.91115904,1
12:51:06,3.399,3.399659,46.65981531,93.9117074,1
12:51:07,3.399,3.399659,46.66649401,93.91224384,1
12:51:08,3.399,3.39966,46.67317271,93.91277432,1
12:51:09,3.399,3.39966,46.67985141,93.91330481,1
12:51:10,3.399,3.399661,46.68653011,93.91382933,1
12:51:11,3.399,3.399662,46.69320881,93.91434789,1
12:51:12,3.399,3.399662,46.69988751,93.91486049,1
12:51:13,3.399,3.399663,46.70656621,93.91537,1
12:51:14,3.399,3.399663,46.71324492,93.91586781,1
12:51:15,3.399,3.399664,46.71992362,93.91636252,1
12:51:16,3.399,3.399665,46.72660232,93.91685128,1
12:51:17,3.399,3.399665,46.73328102,93.91733408,1
12:51:18,3.399,3.399666,46.73996,93.91781092,1
12:51:19,3.399,3.399666,46.74663842,93.91828179,1
12:51:20,3.399,3.399667,46.75331712,93.91875267,1
12:51:21,3.399,3.399668,46.75999582,93.91921163,1
12:51:22,3.399,3.399668,46.76667452,93.91967058,1
12:51:23,3.399,3.399669,46.77335322,93.92012358,1
12:51:24,3.399,3.399669,46.78003192,93.92057061,1
12:51:25,3.399,3.39967,46.78671062,93.92101169,1
12:51:26,3.399,3.39967,46.79338932,93.9214468,1
12:51:27,3.399,3.399671,46.80006802,93.92187595,1
12:51:28,3.399,3.399671,46.80674672,93.92230511,1
12:51:29,3.399,3.399672,46.81342542,93.9227283,1
12:51:30,3.399,3.399673,46.82010412,93.92314553,1
12:51:31,3.4,3.399673,46.82678282,93.93286109,1
12:51:32,3.4,3.399807,46.83346152,93.94133687,1
12:51:33,3.4,3.399922,46.84014022,93.94873381,1
12:51:34,3.401,3.400022,46.84681892,93.96451712,1
12:51:35,3.401,3.400242,46.85349762,93.97825599,1
12:51:36,3.401,3.400431,46.86017632,93.99023056,1
12:51:37,3.401,3.400595,46.86685503,94.00067329,1
12:51:38,3.402,3.400737,46.87353373,94.01910305,1
12:51:39,3.402,3.400992,46.88021243,94.03516054,1
12:51:40,3.403,3.401212,46.88689113,94.05847788,1
12:51:41,3.403,3.401536,46.89356983,94.07877922,1
12:51:42,3.403,3.401816,46.90024853,94.09647584,1
12:51:43,3.404,3.402057,46.90692723,94.12123561,1
12:51:44,3.404,3.402399,46.91360593,94.14281249,1
12:51:45,3.404,3.402693,46.92028463,94.16164756,1
12:51:46,3.404,3.402948,46.92696333,94.17811036,1
12:51:47,3.404,3.403168,46.93364203,94.19252872,1
12:51:48,3.405,3.403358,46.94032073,94.21448708,1
12:51:49,3.405,3.403655,46.94699943,94.23367977,1
12:51:50,3.405,3.403912,46.95368,94.25047636,1
12:51:51,3.405,3.404134,46.96035683,94.26521659,1
12:51:52,3.405,3.404326,46.96703553,94.27816868,1
12:51:53,3.405,3.404492,46.97371423,94.28957701,1
12:51:54,3.405,3.404634,46.98039293,94.29965615,1
12:51:55,3.405,3.404758,46.98707163,94.30858493,1
12:51:56,3.405,3.404865,46.99375033,94.31651831,1
12:51:57,3.405,3.404958,47.00042903,94.32358742,1
12:51:58,3.405,3.405038,47.00710773,94.32991147,1
12:51:59,3.405,3.405107,47.01378644,94.33559179,1
12:52:00,3.405,3.405167,47.02046514,94.34071183,1
12:52:01,3.405,3.40522,47.02714384,94.34534311,1
12:52:02,3.405,3.405265,47.03382254,94.34955716,1
12:52:03,3.405,3.405304,47.04050124,94.35340762,1
12:52:04,3.405,3.405338,47.04717994,94.35694218,1
12:52:05,3.405,3.405368,47.05385864,94.36019659,1
12:52:06,3.405,3.405393,47.06053734,94.36321855,1
12:52:07,3.405,3.405416,47.06721604,94.36602592,1
12:52:08,3.405,3.405436,47.07389474,94.36864853,1
12:52:09,3.405,3.405453,47.08057344,94.3711102,1
12:52:10,3.405,3.405468,47.08725214,94.37343478,1
12:52:11,3.405,3.405481,47.09393084,94.37563419,1
12:52:12,3.405,3.405493,47.10060954,94.37772632,1
12:52:13,3.405,3.405503,47.10728824,94.37972307,1
12:52:14,3.405,3.405512,47.11396694,94.38163042,1
12:52:15,3.406,3.40552,47.12064564,94.39277053,1
12:52:16,3.405,3.405661,47.12732434,94.39329505,1
12:52:17,3.405,3.405649,47.13400304,94.39393282,1
12:52:18,3.405,3.405639,47.14068174,94.39466596,1
12:52:19,3.406,3.405631,47.14736044,94.40478086,1
12:52:20,3.406,3.405757,47.15403914,94.4137156,1
12:52:21,3.406,3.405866,47.16071784,94.42163706,1
12:52:22,3.406,3.405961,47.1674,94.42867637,1
12:52:23,3.406,3.406042,47.17407525,94.4349587,1
12:52:24,3.406,3.406113,47.18075395,94.44058537,1
12:52:25,3.406,3.406174,47.18743265,94.44563985,1
12:52:26,3.406,3.406227,47.19411135,94.4501996,1
12:52:27,3.406,3.406273,47.20079005,94.45433021,1
12:52:28,3.406,3.406313,47.20746875,94.45809126,1
12:52:29,3.406,3.406348,47.21414745,94.46152449,1
12:52:30,3.406,3.406378,47.22082615,94.46468,1
12:52:31,3.406,3.406404,47.22750485,94.4675982,1
12:52:32,3.406,3.406427,47.23418355,94.47029829,1
12:52:33,3.406,3.406447,47.24086225,94.47281361,1
12:52:34,3.406,3.406464,47.24754095,94.47516799,1
12:52:35,3.406,3.40648,47.25421965,94.47737932,1
12:52:36,3.406,3.406493,47.26089835,94.47946548,1
12:52:37,3.406,3.406505,47.26757705,94.48144436,1
12:52:38,3.406,3.406515,47.27425575,94.48332787,1
12:52:39,3.406,3.406524,47.28093445,94.48512197,1
12:52:40,3.406,3.406532,47.28761315,94.48684454,1
12:52:41,3.406,3.406539,47.29429185,94.48850155,1
12:52:42,3.406,3.406546,47.30097055,94.49009895,1
12:52:43,3.406,3.406552,47.30764925,94.49163675,1
12:52:44,3.406,3.406557,47.31432796,94.49313283,1
12:52:45,3.406,3.406561,47.32100666,94.49458122,1
12:52:46,3.406,3.406565,47.32768536,94.49599385,1
12:52:47,3.406,3.406569,47.33436406,94.49737072,1
12:52:48,3.406,3.406573,47.34104276,94.49871778,1
12:52:49,3.406,3.406576,47.34772146,94.50003505,1
12:52:50,3.406,3.406579,47.35440016,94.50132251,1
12:52:51,3.406,3.406582,47.36107886,94.50258613,1
12:52:52,3.406,3.406584,47.36775756,94.5038259,1
12:52:53,3.406,3.406587,47.37443626,94.50504184,1
12:52:54,3.406,3.406589,47.38111,94.50623989,1
12:52:55,3.406,3.406591,47.38779366,94.5074141,1
12:52:56,3.406,3.406593,47.39447236,94.50857043,1
12:52:57,3.406,3.406595,47.40115106,94.50971484,1
12:52:58,3.406,3.406596,47.40782976,94.51084,1
12:52:59,3.406,3.406598,47.41450846,94.51195598,1
12:53:00,3.406,3.4066,47.42118716,94.51304674,1
12:53:01,3.406,3.406601,47.42786586,94.51412559,1
12:53:02,3.406,3.406603,47.43454456,94.51518655,1
12:53:03,3.406,3.406604,47.44122326,94.51623559,1
12:53:04,3.406,3.406606,47.44790196,94.51727271,1
12:53:05,3.406,3.406607,47.45458066,94.51829791,1
12:53:06,3.406,3.406608,47.46125937,94.51931119,1
12:53:07,3.406,3.40661,47.46793807,94.52031255,1
12:53:08,3.406,3.406611,47.47461677,94.52130198,1
12:53:09,3.406,3.406612,47.48129547,94.5222795,1
12:53:10,3.406,3.406613,47.48797417,94.5232451,1
12:53:11,3.406,3.406615,47.49465287,94.52419877,1
12:53:12,3.406,3.406616,47.50133157,94.52514052,1
12:53:13,3.406,3.406617,47.50801027,94.52607036,1
12:53:14,3.406,3.406618,47.51468897,94.52698827,1
12:53:15,3.406,3.40662,47.52136767,94.52789426,1
12:53:16,3.406,3.406621,47.52804637,94.52879429,1
12:53:17,3.406,3.406622,47.53472507,94.5296824,1
12:53:18,3.406,3.406623,47.54140377,94.53056455,1
12:53:19,3.406,3.406624,47.54808247,94.53143477,1
12:53:20,3.406,3.406625,47.55476117,94.53229308,1
12:53:21,3.406,3.406626,47.56143987,94.53313947,1
12:53:22,3.406,3.406627,47.56811857,94.53398585,1
12:53:23,3.406,3.406628,47.57479727,94.53481436,1
12:53:24,3.406,3.406629,47.58147597,94.53564,1
12:53:25,3.407,3.40663,47.58815467,94.54575181,1
12:53:26,3.407,3.406765,47.59483,94.55461502,1
12:53:27,3.407,3.40688,47.60151207,94.56240535,1
12:53:28,3.408,3.406981,47.60819077,94.57857013,1
12:53:29,3.408,3.407201,47.61486948,94.59268451,1
12:53:30,3.409,3.407391,47.62154818,94.61433291,1
12:53:31,3.409,3.407688,47.62822688,94.63321567,1
12:53:32,3.41,3.407945,47.63490558,94.6590066,1
12:53:33,3.41,3.4083,47.64158428,94.68150139,1
12:53:34,3.41,3.408607,47.64826298,94.70114112,1
12:53:35,3.411,3.408872,47.65494168,94.7276175,1
12:53:36,3.411,3.409234,47.66162038,94.75073218,1
12:53:37,3.411,3.409546,47.66829908,94.77093816,1
12:53:38,3.412,3.409816,47.67497778,94.79793906,1
12:53:39,3.412,3.410183,47.68165648,94.82152462,1
12:53:40,3.412,3.410499,47.68833518,94.84217167,1
12:53:41,3.412,3.410773,47.69501388,94.8602736,1
12:53:42,3.412,3.411009,47.70169258,94.87617612,1
12:53:43,3.412,3.411213,47.70837128,94.89017725,1
12:53:44,3.412,3.411389,47.71504998,94.90253925,1
12:53:45,3.412,3.411541,47.72172868,94.91450787,1
12:53:46,3.412,3.411676,47.72840738,94.92565989,1
12:53:47,3.412,3.411793,47.73508608,94.93546486,1
12:53:48,3.412,3.411893,47.74176478,94.94380355,1
12:53:49,3.412,3.411979,47.74844348,94.95080709,1
12:53:50,3.412,3.412052,47.75512218,94.95670795,1
12:53:51,3.412,3.412116,47.76180089,94.96174,1
12:53:52,3.413,3.412172,47.76847959,94.9796021,1
12:53:53,3.413,3.412344,47.77515829,94.99569535,1
12:53:54,3.413,3.412539,47.78183699,95.00898123,1
12:53:55,3.413,3.412923,47.78851569,95.01671791,1
12:53:56,3.413,3.413155,47.79519439,95.02141476,1
12:53:57,3.412,3.413302,47.80187309,95.01259327,1
12:53:58,3.413,3.413067,47.80855,95.01857162,1
12:53:59,3.413,3.413248,47.81523049,95.02267838,1
12:54:00,3.413,3.413374,47.82190919,95.02554536,1
12:54:01,3.413,3.413462,47.82858789,95.0276196,1
12:54:02,3.413,3.413525,47.83526659,95.02918124,1
12:54:03,3.413,3.413571,47.84194529,95.0304,1
12:54:04,3.413,3.413605,47.84862399,95.03138661,1
12:54:05,3.413,3.41363,47.85530269,95.03221512,1
12:54:06,3.413,3.41365,47.86198139,95.03293037,1
12:54:07,3.413,3.413665,47.86866009,95.03356218,1
12:54:08,3.413,3.413677,47.87533879,95.03412843,1
12:54:09,3.413,3.413685,47.88201749,95.03465295,1
12:54:10,3.413,3.413692,47.88869619,95.03514171,1
12:54:11,3.413,3.413698,47.89537489,95.03560066,1
12:54:12,3.413,3.413702,47.90205359,95.03603578,1
12:54:13,3.413,3.413706,47.9087323,95.03645897,1
12:54:14,3.413,3.413709,47.915411,95.03686428,1
12:54:15,3.413,3.413711,47.9220897,95.03725767,1
12:54:16,3.413,3.413713,47.9287684,95.03763914,1
12:54:17,3.413,3.413715,47.9354471,95.03801465,1
12:54:18,3.413,3.413716,47.9421258,95.03837824,1
12:54:19,3.413,3.413718,47.9488045,95.03873587,1
12:54:20,3.413,3.413719,47.9554832,95.03908753,1
12:54:21,3.413,3.41372,47.9621619,95.03943324,1
12:54:22,3.413,3.413721,47.9688406,95.03977299,1
12:54:23,3.413,3.413722,47.9755193,95.04010677,1
12:54:24,3.413,3.413723,47.982198,95.0404346,1
12:54:25,3.413,3.413723,47.9888767,95.04075646,1
12:54:26,3.413,3.413724,47.9955554,95.04107237,1
12:54:27,3.413,3.413725,48.0022341,95.04138231,1
12:54:28,3.413,3.413726,48.0089128,95.0416863,1
12:54:29,3.413,3.413727,48.0155915,95.04198432,1
12:54:30,3.413,3.413727,48.02227,95.04228234,1
12:54:31,3.413,3.413728,48.0289489,95.04257441,1
12:54:32,3.413,3.413728,48.0356276,95.04286051,1
12:54:33,3.414,3.413729,48.0423063,95.05190849,1
12:54:34,3.414,3.414011,48.048985,95.05847692,1
12:54:35,3.415,3.414214,48.0556637,95.07251382,1
12:54:36,3.416,3.414646,48.06234241,95.09240985,1
12:54:37,3.417,3.415248,48.06902111,95.11690736,1
12:54:38,3.418,3.415971,48.07569981,95.1430738,1
12:54:39,3.418,3.416755,48.08237851,95.16123533,1
12:54:40,3.419,3.41731,48.08905721,95.1831162,1
12:54:41,3.419,3.417983,48.09573591,95.19878626,1
12:54:42,3.42,3.418468,48.10241461,95.21885,1
12:54:43,3.42,3.419094,48.10909331,95.23338675,1
12:54:44,3.42,3.419547,48.11577201,95.24397254,1
12:54:45,3.42,3.419876,48.12245071,95.25170922,1
12:54:46,3.42,3.420115,48.12912941,95.25739551,1
12:54:47,3.42,3.420289,48.13580811,95.26159763,1
12:54:48,3.42,3.420416,48.14248681,95.26471496,1
12:54:49,3.42,3.420508,48.14916551,95.26705146,1
12:54:50,3.42,3.420575,48.15584421,95.26882,1
12:54:51,3.42,3.420624,48.16252291,95.27017474,1
12:54:52,3.42,3.420659,48.16920161,95.27122378,1
12:54:53,3.42,3.420685,48.17588031,95.27205229,1
12:54:54,3.42,3.420704,48.18255901,95.27271986,1
12:54:55,3.42,3.420718,48.18923771,95.27327418,1
12:54:56,3.42,3.420729,48.19591641,95.2737391,1
12:54:57,3.42,3.420736,48.20259511,95.27413845,1
12:54:58,3.42,3.420742,48.20927382,95.27449012,1
12:54:59,3.42,3.420746,48.21595252,95.27480602,1
12:55:00,3.42,3.420749,48.22263122,95.27509212,1
12:55:01,3.42,3.420751,48.22930992,95.27536035,1
12:55:02,3.42,3.420753,48.23599,95.27561069,1
12:55:03,3.42,3.420755,48.24266732,95.2758491,1
12:55:04,3.42,3.420756,48.24934602,95.27608156,1
12:55:05,3.42,3.420757,48.25602472,95.2763021,1
12:55:06,3.42,3.420758,48.26270342,95.27651668,1
12:55:07,3.42,3.420758,48.26938212,95.27673125,1
12:55:08,3.42,3.420759,48.27606082,95.27693987,1
12:55:09,3.42,3.420759,48.28273952,95.27714252,1
12:55:10,3.42,3.42076,48.28941822,95.27733922,1
12:55:11,3.42,3.42076,48.29609692,95.27753592,1
12:55:12,3.42,3.420761,48.30277562,95.27772665,1
12:55:13,3.42,3.420761,48.30945432,95.27791142,1
12:55:14,3.42,3.420761,48.31613302,95.2780962,1
12:55:15,3.42,3.420762,48.32281172,95.27827501,1
12:55:16,3.42,3.420762,48.32949042,95.27845383,1
12:55:17,3.42,3.420762,48.33616912,95.27862668,1
12:55:18,3.42,3.420763,48.34284782,95.27879953,1
12:55:19,3.42,3.420763,48.34952652,95.27897239,1
12:55:20,3.42,3.420763,48.35620522,95.27913928,1
12:55:21,3.42,3.420763,48.36288393,95.27930617,1
12:55:22,3.42,3.420764,48.36956263,95.27946711,1
12:55:23,3.42,3.420764,48.37624133,95.27962804,1
12:55:24,3.421,3.420764,48.38292003,95.28831244,1
12:55:25,3.422,3.421037,48.38959873,95.30320764,1
12:55:26,3.423,3.421508,48.39627743,95.32261,1
12:55:27,3.424,3.422122,48.40295613,95.34529448,1
12:55:28,3.425,3.422841,48.40963483,95.37037611,1
12:55:29,3.426,3.423636,48.41631353,95.39721012,1
12:55:30,3.427,3.424486,48.42299223,95.42531967,1
12:55:31,3.427,3.425377,48.42967093,95.44583559,1
12:55:32,3.427,3.426025,48.43634963,95.46082616,1
12:55:33,3.427,3.426496,48.44302833,95.47179937,1
12:55:34,3.427,3.426838,48.44971,95.47985792,1
12:55:35,3.427,3.427087,48.45638573,95.48579454,1
12:55:36,3.427,3.427268,48.46306443,95.49018741,1
12:55:37,3.427,3.4274,48.46974313,95.49344778,1
12:55:38,3.427,3.427496,48.47642183,95.49589753,1
12:55:39,3.427,3.427566,48.48310053,95.49774528,1
12:55:40,3.428,3.427617,48.48977923,95.50768733,1
12:55:41,3.428,3.427926,48.49645793,95.51499486,1
12:55:42,3.428,3.428151,48.50313663,95.52038312,1
12:55:43,3.428,3.428315,48.50981534,95.52437067,1
12:55:44,3.428,3.428434,48.51649404,95.52734494,1
12:55:45,3.428,3.428521,48.52317274,95.52958012,1
12:55:46,3.428,3.428584,48.52985144,95.53127885,1
12:55:47,3.428,3.42863,48.53653014,95.53258419,1
12:55:48,3.428,3.428663,48.54320884,95.53360343,1
12:55:49,3.428,3.428688,48.54988754,95.53441405,1
12:55:50,3.428,3.428706,48.55656624,95.53506374,1
12:55:51,3.428,3.428719,48.56324494,95.53560615,1
12:55:52,3.428,3.428729,48.56992364,95.5360651,1
12:55:53,3.428,3.428736,48.57660234,95.53646445,1
12:55:54,3.428,3.428741,48.58328104,95.53681612,1
12:55:55,3.428,3.428745,48.58995974,95.53713799,1
12:55:56,3.428,3.428748,48.59663844,95.53743005,1
12:55:57,3.428,3.428751,48.60331714,95.53770423,1
12:55:58,3.428,3.428752,48.60999584,95.53796649,1
12:55:59,3.428,3.428754,48.61667454,95.53821087,1
12:56:00,3.428,3.428755,48.62335324,95.53844929,1
12:56:01,3.429,3.428756,48.63003194,95.54721117,1
12:56:02,3.43,3.429029,48.63671064,95.56217,1
12:56:03,3.431,3.4295,48.64338934,95.58163881,1
12:56:04,3.432,3.430115,48.65006804,95.60438991,1
12:56:05,3.433,3.430834,48.65674675,95.62954307,1
12:56:06,3.434,3.431629,48.66343,95.65643668,1
12:56:07,3.434,3.432479,48.67010415,95.67607641,1
12:56:08,3.434,3.433098,48.67678285,95.69044113,1
12:56:09,3.434,3.433547,48.68346155,95.70097327,1
12:56:10,3.434,3.433875,48.69014025,95.70871592,1
12:56:11,3.434,3.434113,48.69681895,95.714432,1
12:56:12,3.435,3.434286,48.70349765,95.72719932,1
12:56:13,3.434,3.434684,48.71017635,95.72803974,1
12:56:14,3.435,3.434701,48.71685505,95.73726058,1
12:56:15,3.435,3.434986,48.72353375,95.74404955,1
12:56:16,3.435,3.435194,48.73021245,95.74906826,1
12:56:17,3.435,3.435344,48.73689115,95.75280547,1
12:56:18,3.435,3.435454,48.74356985,95.75560093,1
12:56:19,3.435,3.435534,48.75024855,95.75771689,1
12:56:20,3.435,3.435592,48.75692725,95.75933814,1
12:56:21,3.435,3.435635,48.76360595,95.7605958,1
12:56:22,3.435,3.435666,48.77028465,95.7615912,1
12:56:23,3.435,3.435689,48.77696335,95.7623899,1
12:56:24,3.435,3.435705,48.78364205,95.76304555,1
12:56:25,3.435,3.435718,48.79032075,95.76359987,1
12:56:26,3.435,3.435727,48.79699945,95.76407075,1
12:56:27,3.435,3.435733,48.80367815,95.76448798,1
12:56:28,3.435,3.435738,48.81035686,95.76486349,1
12:56:29,3.435,3.435742,48.81703556,95.7652092,1
12:56:30,3.435,3.435745,48.82371426,95.76553106,1
12:56:31,3.435,3.435747,48.83039296,95.76583505,1
12:56:32,3.436,3.435749,48.83707166,95.77465653,1
12:56:33,3.438,3.436023,48.84375036,95.79820037,1
12:56:34,3.44,3.436766,48.85042906,95.83245516,1
12:56:35,3.441,3.437852,48.85710776,95.86598277,1
12:56:36,3.441,3.438913,48.86378646,95.89045644,1
12:56:37,3.441,3.439685,48.87046516,95.90834975,1
12:56:38,3.441,3.440246,48.87714,95.92145681,1
12:56:39,3.441,3.440654,48.88382256,95.93108296,1
12:56:40,3.441,3.440951,48.89050126,95.93817592,1
12:56:41,3.442,3.441167,48.89717996,95.95195651,1
12:56:42,3.442,3.441596,48.90385866,95.96207738,1
12:56:43,3.442,3.441909,48.91053736,95.96952796,1
12:56:45,3.442,3.442136,48.91721606,95.97504139,1
12:56:45,3.442,3.442301,48.92389476,95.97914815,1
12:56:46,3.442,3.442421,48.93057346,95.98222971,1
12:56:48,3.442,3.442509,48.93725216,95.98456025,1
12:56:48,3.442,3.442573,48.94393086,95.98634839,1
12:56:49,3.442,3.44262,48.95060956,95.98773718,1
12:56:50,3.442,3.442654,48.95728827,95.98883986,1
12:56:51,3.442,3.442678,48.96396697,95.98972797,1
12:56:52,3.442,3.442697,48.97064567,95.99046111,1
12:56:53,3.443,3.44271,48.97732437,95.99961042,1
12:56:54,3.445,3.442992,48.98400307,96.02341056,1
12:56:55,3.447,3.443742,48.99068177,96.05787396,1
12:56:56,3.449,3.444832,48.99736047,96.10009193,1
12:56:57,3.449,3.44617,49.00403917,96.13090754,1
12:56:58,3.449,3.447142,49.01071787,96.15343213,1
12:56:59,3.449,3.447848,49.01739657,96.16992474,1
12:57:00,3.449,3.448362,49.02407527,96.1820364,1
12:57:01,3.449,3.448736,49.03075397,96.19095922,1
12:57:02,3.45,3.449008,49.03743267,96.20609879,1
12:57:03,3.45,3.449478,49.04411137,96.21722698,1
12:57:04,3.45,3.449821,49.05079007,96.22543454,1
12:57:05,3.45,3.45007,49.05746877,96.23152018,1
12:57:06,3.45,3.450251,49.06414747,96.23605609,1
12:57:07,3.45,3.450382,49.07082617,96.23947,1
12:57:08,3.45,3.450478,49.07750487,96.2420702,1
12:57:09,3.45,3.450549,49.08418357,96.24406695,1
12:57:11,3.45,3.450599,49.09086,96.24563456,1
12:57:11,3.45,3.450637,49.09754097,96.24688029,1
12:57:12,3.45,3.450664,49.10421968,96.24789357,1
12:57:13,3.451,3.450684,49.11089838,96.25726342,1
12:57:14,3.452,3.450971,49.11757708,96.27271295,1
12:57:15,3.455,3.451452,49.12425578,96.30964398,1
12:57:16,3.456,3.452619,49.13093448,96.34515047,1
12:57:17,3.456,3.45374,49.13761318,96.37110233,1
12:57:18,3.456,3.454555,49.14429188,96.39010429,1
12:57:19,3.456,3.455148,49.15097058,96.40405178,1
12:57:20,3.457,3.455579,49.15764928,96.42285109,1
12:57:21,3.457,3.456165,49.16432798,96.43665552,1
12:57:22,3.457,3.456591,49.17100668,96.44682407,1
12:57:23,3.457,3.456901,49.17768538,96.45435214,1
12:57:24,3.457,3.457126,49.18436408,96.45995498,1
12:57:25,3.457,3.457291,49.19104278,96.46415114,1
12:57:26,3.457,3.45741,49.19772148,96.46733403,1
12:57:27,3.457,3.457497,49.20440018,96.46977186,1
12:57:28,3.457,3.457561,49.21107888,96.47166729,1
12:57:29,3.457,3.457607,49.21775758,96.47316933,1
12:57:30,3.459,3.457641,49.22443628,96.49143815,1
12:57:31,3.461,3.458211,49.23111498,96.52190804,1
12:57:32,3.463,3.459169,49.23779368,96.56125307,1
12:57:33,3.463,3.460411,49.24447238,96.59000635,1
12:57:34,3.463,3.461314,49.25115108,96.61105871,1
12:57:35,3.463,3.46197,49.25782979,96.6265142,1
12:57:37,3.463,3.462448,49.26450849,96.63789272,1
12:57:37,3.464,3.462795,49.27118719,96.65484428,1
12:57:38,3.464,3.46332,49.27786589,96.66731954,1
12:57:39,3.464,3.463703,49.28454459,96.67653441,1
12:57:40,3.464,3.463981,49.29122329,96.68337703,1
12:57:41,3.464,3.464183,49.29790199,96.68849707,1
12:57:43,3.464,3.46433,49.30458,96.69235349,1
12:57:43,3.464,3.464437,49.31125939,96.69529796,1
12:57:44,3.464,3.464516,49.31793809,96.69757485,1
12:57:45,3.464,3.464573,49.32461679,96.69936895,1
12:57:46,3.467,3.464615,49.33129549,96.72638774,1
12:57:47,3.47,3.465462,49.33797419,96.77176476,1
12:57:49,3.471,3.466895,49.34465289,96.81345224,1
12:57:49,3.471,3.46821,49.35133159,96.8439281,1
12:57:50,3.471,3.469166,49.35801029,96.86625004,1
12:57:51,3.471,3.469861,49.36468899,96.88264728,1
12:57:52,3.471,3.470366,49.37136769,96.89472914,1
12:57:53,3.471,3.470734,49.37804639,96.90367579,1
12:57:54,3.471,3.471002,49.38472509,96.91033959,1
12:57:56,3.471,3.471196,49.39140379,96.91534042,1
12:57:56,3.471,3.471338,49.39808249,96.91913724,1
12:57:57,3.471,3.471442,49.4047612,96.92204595,1
12:57:58,3.473,3.471517,49.4114399,96.94136977,1
12:57:59,3.477,3.472117,49.4181186,96.98969126,1
12:58:00,3.478,3.473642,49.4247973,97.03354239,1
12:58:01,3.478,3.475024,49.431476,97.06560373,1
12:58:02,3.478,3.476028,49.4381547,97.08909988,1
12:58:03,3.479,3.476759,49.4448334,97.11489081,1
12:58:05,3.479,3.477563,49.4515121,97.13383,1
12:58:05,3.479,3.478147,49.4581908,97.1477747,1
12:58:06,3.479,3.478572,49.4648695,97.15809822,1
12:58:07,3.479,3.478881,49.4715482,97.16578722,1
12:58:09,3.479,3.479107,49.4782269,97.17155099,1
12:58:09,3.479,3.479271,49.4849056,97.17591405,1
12:58:10,3.480999,3.47939,49.4915843,97.19631672,1
12:58:11,3.484,3.480022,49.498263,97.2369194,1
12:58:13,3.485,3.481299,49.5049417,97.2751677,1
12:58:13,3.485,3.482499,49.5116204,97.30317593,1
12:58:14,3.485,3.483372,49.5183,97.32373357,1
12:58:15,3.486,3.484007,49.5249778,97.34740257,1
12:58:16,3.486,3.484741,49.5316565,97.36481309,1
12:58:18,3.486,3.485276,49.5383352,97.37766981,1
12:58:18,3.486,3.485664,49.5450139,97.38721251,1
12:58:19,3.486,3.485947,49.55169261,97.39434123,1
12:58:20,3.487,3.486153,49.55837131,97.40824103,1
12:58:22,3.491,3.486575,49.56505001,97.45265245,1
12:58:22,3.492,3.487972,49.57172871,97.49369025,1
12:58:23,3.492,3.48926,49.57840741,97.52374291,1
12:58:24,3.493,3.490196,49.58508611,97.55433202,1
12:58:26,3.493,3.49115,49.59176481,97.57679105,1
12:58:27,3.493,3.491843,49.59844351,97.59333134,1
12:58:28,3.493,3.492347,49.60512221,97.60557413,1
12:58:28,3.493,3.492715,49.61180091,97.61468172,1
12:58:30,3.493,3.492982,49.61847961,97.62151241,1
12:58:31,3.493,3.493176,49.62515831,97.62669,1
12:58:31,3.493,3.493318,49.63183701,97.63064981,1
12:58:32,3.497,3.493422,49.63851571,97.66784906,1
12:58:33,3.5,3.494586,49.64519441,97.7207005,1
12:58:35,3.5,3.49625,49.65187311,97.75936007,1
12:58:36,3.5,3.49746,49.65855181,97.78769612,1
12:58:36,3.501,3.49834,49.66523051,97.81705141,1
12:58:37,3.501,3.499253,49.67190921,97.83862829,1
12:58:39,3.501,3.499916,49.67858791,97.85454273,1
12:58:40,3.504,3.500399,49.68526661,97.89193273,1
12:58:40,3.507,3.501567,49.69194531,97.9449451,1
12:58:41,3.507,3.503234,49.69862401,97.98374,1
12:58:43,3.508,3.504446,49.70530272,98.0207324,1
12:58:44,3.508,3.505599,49.71198142,98.04788232,1
12:58:44,3.508,3.506438,49.71866012,98.06787372,1
12:58:46,3.508,3.507049,49.72533882,98.08266163,1
12:58:47,3.508,3.507493,49.73202,98.09365869,1
12:58:48,3.51,3.507816,49.73869622,98.11896086,1
12:58:49,3.514,3.508596,49.74537492,98.17172289,1
12:58:49,3.514,3.510253,49.75205362,98.21035862,1
12:58:51,3.515,3.511458,49.75873232,98.24724197,1
12:58:52,3.515,3.512606,49.76541102,98.27433228,1
12:58:53,3.515,3.513442,49.77208972,98.29429388,1
12:58:53,3.515,3.514049,49.77876842,98.30907583,1
12:58:54,3.516,3.514492,49.78544712,98.3286202,1
12:58:56,3.521,3.515086,49.79212582,98.38573933,1
12:58:57,3.522,3.51688,49.79880452,98.43608737,1
12:58:57,3.522,3.518457,49.80548322,98.47298265,1
12:58:58,3.523,3.519603,49.81216192,98.50863218,1
12:59:00,3.523,3.52071,49.81884062,98.53484035,1
12:59:01,3.523,3.521515,49.82551932,98.55418801,1
12:59:02,3.523,3.5221,49.83219802,98.56854081,1
12:59:02,3.527,3.522527,49.83887672,98.61337543,1
12:59:03,3.529,3.523926,49.84555542,98.66332412,1
12:59:05,3.529,3.525488,49.85223413,98.69994521,1
12:59:06,3.53,3.526624,49.85891283,98.73541594,1
12:59:06,3.53,3.527724,49.86559153,98.76151085,1
12:59:07,3.53,3.528523,49.87227023,98.78078699,1
12:59:09,3.534,3.529104,49.87894893,98.82922173,1
12:59:10,3.536,3.530617,49.88562763,98.8818109,1
12:59:11,3.537,3.532262,49.89230633,98.92890453,1
12:59:11,3.537,3.53373,49.89898503,98.96346927,1
12:59:13,3.537,3.534798,49.90566373,98.98892641,1
12:59:14,3.537,3.535575,49.91234243,99.00776148,1
12:59:15,3.542,3.53614,49.91902113,99.06442165,1
12:59:15,3.543,3.537913,49.92569983,99.11448359,1
12:59:17,3.544,3.539475,49.93237853,99.15975332,1
12:59:18,3.544,3.540883,49.93905723,99.19301867,1
12:59:19,3.544,3.541907,49.94574,99.21754599,1
12:59:20,3.545,3.542652,49.95241463,99.24424291,1
12:59:20,3.551,3.543467,49.95909333,99.31517243,1
12:59:22,3.552,3.545693,49.96577203,99.37564135,1
12:59:23,3.552,3.547585,49.97245073,99.41998,1
12:59:24,3.552,3.54896,49.97912943,99.45257902,1
12:59:25,3.552,3.549961,49.98580813,99.47664738,1
12:59:26,3.556,3.550689,49.99248683,99.52862263,1
12:59:27,3.558,3.552308,49.99916553,99.58384633,1
12:59:28,3.559,3.55403,50.00584126,99.63290691,1
12:59:29,3.559,3.555555,50.01251698,99.66896772,1
12:59:30,3.562,3.556664,50.0191927,99.72115755,1
12:59:31,3.565,3.558288,50.02586842,99.78508353,1
12:59:32,3.566,3.560286,50.03254414,99.84049201,1
12:59:33,3.566,3.562011,50.03921986,99.88119006,1
12:59:34,3.566,3.563266,50.04589558,99.91118312,1
12:59:35,3.573,3.564179,50.0525713,99.99309778,1
12:59:36,3.574,3.56675,50.05924702,100,1
12:59:37,3.574,3.566816,50.06592274,100,1
12:59:38,3.574,3.566872,50.07259846,100,1
12:59:39,3.58,3.566928,50.07927418,100,1
12:59:40,3.581,3.56706,50.0859499,100,1
12:59:41,3.581,3.567201,50.09262562,100,1
12:59:42,3.581,3.567338,50.09930134,100,1
12:59:43,3.587,3.567471,50.10597706,100,1
12:59:44,3.588,3.567679,50.11265278,100,1
12:59:45,3.588,3.567894,50.1193285,100,1
12:59:46,3.592,3.568103,50.12600422,100,1
12:59:47,3.594,3.568358,50.13267994,100,1
12:59:48,3.595,3.568631,50.13935566,100,1
12:59:49,3.595,3.568911,50.14603138,100,1
12:59:50,3.602,3.569182,50.1527071,100,1
12:59:51,3.603,3.569536,50.15938282,100,1
12:59:52,3.603,3.569894,50.16605854,100,1
12:59:53,3.609,3.570242,50.17273426,100,1
12:59:54,3.61,3.570658,50.17940998,100,1
12:59:55,3.61,3.571075,50.1860857,100,1
12:59:56,3.611,3.57148,50.19276142,100,1
12:59:57,3.616,3.571887,50.19943714,100,1
12:59:58,3.617,3.572348,50.20611286,100,1
12:59:59,3.624,3.572808,50.21278858,100,1
13:00:00,3.625,3.573347,50.2194643,100,1
13:00:01,3.625,3.573883,50.22614002,100,1
13:00:02,3.631,3.574404,50.23281574,100,1
13:00:03,3.632,3.574989,50.23949146,100,1
13:00:04,3.636,3.57557,50.24616718,100,1
13:00:05,3.639,3.576187,50.2528429,100,1
13:00:06,3.639,3.576825,50.25951862,100,1
13:00:07,3.65,3.577446,50.26619434,100,1
13:00:08,3.65,3.578192,50.27287006,100,1
13:00:09,3.65,3.578547,50.27937293,100,1
13:00:10,3.65,3.577859,50.28522015,100,1
13:00:11,3.65,3.5782,50.29091239,100,1
13:00:12,3.65,3.578607,50.29647946,100,1
13:00:13,3.65,3.578967,50.30191541,100,1
13:00:14,3.65,3.579393,50.30725598,100,1
13:00:15,3.65,3.579744,50.31247735,100,1
13:00:16,3.65,3.580163,50.31762123,100,1
13:00:17,3.65,3.580537,50.32266974,100,1
13:00:18,3.65,3.580951,50.32765269,100,1
13:00:19,3.65,3.581293,50.33254027,100,1
13:00:20,3.65,3.581647,50.33735037,100,1
13:00:21,3.65,3.582015,50.34208894,100,1
13:00:22,3.65,3.582397,50.34677386,100,1
13:00:23,3.65,3.582707,50.3513813,100,1
13:00:24,3.65,3.583032,50.35592318,100,1
13:00:25,3.65,3.583315,50.3603816,100,1
13:00:26,3.65,3.583642,50.36478639,100,1
13:00:27,3.65,3.583928,50.3691256,100,1
13:00:28,3.65,3.584202,50.37339926,100,1
13:00:29,3.65,3.584549,50.37764907,100,1
13:00:30,3.65,3.5848,50.38182735,100,1
13:00:31,3.65,3.585067,50.38595,100,1
13:00:32,3.65,3.585266,50.38999915,100,1
13:00:33,3.65,3.585541,50.39400458,100,1
13:00:34,3.65,3.585776,50.39795637,100,1
13:00:35,3.65,3.586002,50.40185452,100,1
13:00:36,3.65,3.586189,50.40568709,100,1
13:00:37,3.65,3.586424,50.40947795,100,1
13:00:38,3.65,3.586621,50.41321516,100,1
13:00:39,3.65,3.586809,50.41689873,100,1
13:00:40,3.65,3.586989,50.42052865,100,1
13:00:41,3.65,3.587188,50.42412281,100,1
13:00:42,3.65,3.587323,50.42765141,100,1
13:00:43,3.65,3.587534,50.4311502,100,1
13:00:44,3.65,3.58771,50.43460727,100,1
13:00:45,3.65,3.58785,50.43801069,100,1
13:00:46,3.65,3.588011,50.44137836,100,1
13:00:47,3.65,3.588136,50.44469237,100,1
13:00:48,3.65,3.58834,50.44798851,100,1
13:00:49,3.65,3.588452,50.451231,100,1
13:00:50,3.65,3.588529,50.45440793,100,1
13:00:51,3.65,3.58877,50.45760274,100,1
13:00:52,3.65,3.588835,50.46072602,100,1
13:00:53,3.65,3.58895,50.46381354,100,1
13:00:54,3.65,3.589088,50.46687126,100,1
13:00:55,3.65,3.589135,50.46986341,100,1
13:00:56,3.65,3.589262,50.47282577,100,1
13:00:57,3.65,3.589327,50.47573447,100,1
13:00:58,3.65,3.5895,50.47864318,100,1
13:00:59,3.65,3.589583,50.48151612,100,1
13:01:00,3.65,3.589633,50.48433542,100,1
13:01:01,3.65,3.589735,50.48712492,100,1
13:01:02,3.65,3.589832,50.48989058,100,1
13:01:03,3.65,3.589897,50.49261451,100,1
13:01:04,3.65,3.589986,50.4953146,100,1
13:01:05,3.65,3.59007,50.49798489,100,1
13:01:06,3.65,3.59015,50.50063133,100,1
13:01:07,3.65,3.590226,50.50324798,100,1
13:01:08,3.65,3.590242,50.50581098,100,1
13:01:09,3.65,3.590339,50.50836205,100,1
13:01:10,3.65,3.590405,50.51088,100,1
13:01:11,3.65,3.590466,50.51338077,100,1
13:01:12,3.65,3.590496,50.51583648,100,1
13:01:13,3.65,3.590523,50.51825643,100,1
13:01:14,3.65,3.590602,50.52065849,100,1
13:01:15,3.65,3.590623,50.5230248,100,1
13:01:16,3.65,3.590697,50.52537322,100,1
13:01:17,3.65,3.590739,50.5276978,100,1
13:01:18,3.65,3.59075,50.52998066,100,1
13:01:19,3.65,3.590815,50.5322516,100,1
13:01:20,3.65,3.590821,50.53448081,100,1
13:01:21,3.65,3.590909,50.53671002,100,1
13:01:22,3.65,3.590938,50.5389154,100,1
13:01:23,3.65,3.590965,50.54109097,100,1
13:01:24,3.65,3.590988,50.54324269,100,1
13:01:25,3.65,3.59101,50.54536462,100,1
13:01:26,3.65,3.591029,50.5474627,100,1
13:01:27,3.65,3.591075,50.54954886,100,1
13:01:28,3.65,3.591118,50.55161715,100,1
13:01:29,3.65,3.591075,50.55363178,100,1
13:01:30,3.65,3.591114,50.5556345,100,1
13:01:31,3.65,3.591179,50.55763721,100,1
13:01:32,3.65,3.59113,50.55958629,100,1
13:01:33,3.65,3.591191,50.56153536,100,1
13:01:34,3.65,3.591138,50.56343,100,1
13:01:35,3.65,3.591196,50.56532621,100,1
13:01:36,3.65,3.591196,50.5671978,100,1
13:01:37,3.65,3.59128,50.56908131,100,1
13:01:38,3.65,3.591248,50.57092309,100,1
13:01:39,3.65,3.591271,50.57275295,100,1
13:01:40,3.65,3.591293,50.57457089,100,1
13:01:41,3.65,3.591285,50.57635903,100,1
13:01:42,3.65,3.591304,50.57813525,100,1
13:01:43,3.65,3.591293,50.57988763,100,1
13:01:44,3.65,3.591281,50.5816102,100,1
13:01:45,3.65,3.591353,50.5833447,100,1
13:01:46,3.65,3.591338,50.58505535,100,1
13:01:47,3.65,3.591322,50.5867362,100,1
13:01:48,3.65,3.591334,50.58840513,100,1
13:01:49,3.65,3.591344,50.59006214,100,1
13:01:50,3.65,3.591353,50.59170723,100,1
13:01:51,3.65,3.591304,50.59331059,100,1
13:01:52,3.65,3.591311,50.5949,100,1
13:01:53,3.65,3.591373,50.5965054,100,1
13:01:54,3.65,3.591321,50.59806705,100,1
13:01:55,3.65,3.591353,50.59962869,100,1
13:01:56,3.65,3.591328,50.60116649,100,1
13:01:57,3.65,3.591301,50.60267448,100,1
13:01:58,3.65,3.591359,50.6041944,100,1
13:01:59,3.65,3.591331,50.60569048,100,1
13:02:00,3.65,3.591358,50.60718656,100,1
13:02:01,3.65,3.591272,50.60862899,100,1
13:02:02,3.65,3.591298,50.61007142,100,1
13:02:03,3.65,3.591323,50.61151385,100,1
13:02:04,3.65,3.591347,50.61295629,100,1
13:02:05,3.65,3.591343,50.6143868,100,1
13:02:06,3.65,3.591281,50.61577559,100,1
13:02:07,3.65,3.591303,50.61716437,100,1
13:02:08,3.65,3.591325,50.61855,100,1
13:02:09,3.65,3.591346,50.61994195,100,1
13:02:10,3.65,3.591253,50.62127709,100,1
13:02:11,3.65,3.591244,50.62260032,100,1
13:02:12,3.65,3.591292,50.62393546,100,1
13:02:13,3.65,3.591226,50.62523,100,1
13:02:14,3.65,3.591272,50.62654018,100,1
13:02:15,3.65,3.591233,50.62782168,100,1
13:02:16,3.65,3.591222,50.62909126,100,1
13:02:17,3.65,3.591238,50.63036084,100,1
13:02:18,3.65,3.591254,50.63163042,100,1
13:02:19,3.65,3.59127,50.6329,100,1
13:02:20,3.65,3.591228,50.63413978,100,1
13:02:21,3.65,3.591214,50.63536763,100,1
13:02:22,3.65,3.5912,50.63658357,100,1
13:02:23,3.65,3.591186,50.63778758,100,1
13:02:24,3.65,3.591227,50.63900352,100,1
13:02:25,3.65,3.591155,50.64017773,100,1
13:02:26,3.65,3.591139,50.64134002,100,1
13:02:27,3.65,3.591151,50.64250231,100,1
13:02:28,3.65,3.591163,50.6436646,100,1
13:02:29,3.65,3.591118,50.64479709,100,1
13:02:30,3.65,3.591157,50.64594746,100,1
13:02:31,3.65,3.591083,50.6470561,100,1
13:02:32,3.65,3.591094,50.64816475,100,1
13:02:33,3.65,3.591104,50.6492734,100,1
13:02:34,3.65,3.591113,50.65038204,100,1
13:02:35,3.65,3.591094,50.65147877,100,1
13:02:36,3.65,3.591047,50.65254569,100,1
13:02:37,3.65,3.591027,50.65360069,100,1
13:02:38,3.65,3.591036,50.65465569,100,1
13:02:39,3.65,3.591016,50.65569878,100,1
13:02:40,3.65,3.591053,50.65675378,100,1
13:02:41,3.65,3.591032,50.65779686,100,1
13:02:42,3.65,3.591011,50.65882802,100,1
13:02:43,3.65,3.59099,50.6598413,100,1
13:02:44,3.65,3.590969,50.66084266,100,1
13:02:45,3.65,3.590948,50.66183209,100,1
13:02:46,3.65,3.590954,50.66282153,100,1
13:02:47,3.65,3.590961,50.66381097,100,1
13:02:48,3.65,3.590967,50.66480041,100,1
13:02:49,3.65,3.590945,50.66577792,100,1
13:02:50,3.65,3.590922,50.66673756,100,1
13:02:51,3.65,3.590928,50.66769719,100,1
13:02:52,3.65,3.590905,50.66864491,100,1
13:02:53,3.65,3.590853,50.66956878,100,1
13:02:54,3.65,3.590915,50.67051649,100,1
13:02:55,3.65,3.590864,50.67144036,100,1
13:02:56,3.65,3.590897,50.67237616,100,1
13:02:57,3.65,3.590902,50.67331195,100,1
13:02:58,3.65,3.590878,50.67423582,100,1
13:02:59,3.65,3.590854,50.67514181,100,1
13:03:00,3.65,3.590802,50.67602396,100,1
13:03:01,3.65,3.590806,50.67690611,100,1
13:03:02,3.65,3.59081,50.67778826,100,1
13:03:03,3.65,3.590785,50.67865849,100,1
13:03:04,3.65,3.590817,50.67954063,100,1
13:03:05,3.65,3.590793,50.68041086,100,1
13:03:06,3.65,3.590825,50.68129301,100,1
13:03:07,3.65,3.590771,50.68214536,100,1
13:03:08,3.65,3.590718,50.68297386,100,1
13:03:09,3.65,3.590749,50.68381429,100,1
13:03:10,3.65,3.590724,50.68464,100,1
13:03:11,3.65,3.590727,50.6854713,100,1
13:03:12,3.65,3.59073,50.6862998,100,1
13:03:13,3.65,3.590704,50.68711638,100,1
13:03:14,3.65,3.590707,50.68793297,100,1
13:03:15,3.65,3.590709,50.68874955,100,1
13:03:16,3.65,3.590683,50.68954825,100,1
13:03:17,3.65,3.590629,50.69032311,100,1
13:03:18,3.65,3.590631,50.69109797,100,1
13:03:19,3.65,3.590605,50.69186091,100,1
13:03:20,3.65,3.590607,50.69262385,100,1
13:03:21,3.65,3.590638,50.69339871,100,1
13:03:22,3.65,3.590611,50.69416165,100,1
13:03:23,3.65,3.590613,50.69492459,100,1
13:03:24,3.65,3.590615,50.69568753,100,1
13:03:25,3.65,3.590589,50.69643259,100,1
13:03:26,3.65,3.590591,50.69717765,100,1
13:03:27,3.65,3.590592,50.69792271,100,1
13:03:28,3.65,3.590594,50.69866776,100,1
13:03:29,3.65,3.590539,50.69938898,100,1
13:03:30,3.65,3.59054,50.7001102,100,1
13:03:31,3.65,3.590513,50.70081949,100,1
13:03:32,3.65,3.590515,50.70152879,100,1
13:03:33,3.65,3.590516,50.70223808,100,1
13:03:34,3.65,3.590517,50.70294738,100,1
13:03:35,3.65,3.590518,50.70365667,100,1
13:03:36,3.65,3.59052,50.70436597,100,1
13:03:37,3.65,3.590464,50.70504546,100,1
13:03:38,3.65,3.590522,50.70575476,100,1
13:03:39,3.65,3.590438,50.70642233,100,1
13:03:40,3.65,3.590496,50.7071197,100,1
13:03:41,3.65,3.590412,50.70777535,100,1
13:03:42,3.65,3.590469,50.70845485,100,1
13:03:43,3.65,3.590442,50.70912242,100,1
13:03:44,3.65,3.590471,50.70980191,100,1
13:03:45,3.65,3.590415,50.71045756,100,1
13:03:46,3.65,3.590445,50.71112514,100,1
13:03:47,3.65,3.590417,50.71178079,100,1
13:03:48,3.65,3.590389,50.71242452,100,1
13:03:49,3.65,3.590418,50.71308017,100,1
13:03:50,3.65,3.590391,50.7137239,100,1
13:03:51,3.65,3.590391,50.71436763,100,1
13:03:52,3.65,3.590364,50.71499348,100,1
13:03:53,3.65,3.590364,50.71561933,100,1
13:03:54,3.65,3.590336,50.71623325,100,1
13:03:55,3.65,3.590308,50.71683526,100,1
13:03:56,3.65,3.590394,50.71747899,100,1
13:03:57,3.65,3.590309,50.718081,100,1
13:03:58,3.65,3.59031,50.718683,100,1
13:03:59,3.65,3.59031,50.71928501,100,1
13:04:00,3.65,3.590311,50.71988702,100,1
13:04:01,3.65,3.590311,50.72048903,100,1
13:04:02,3.65,3.590312,50.72109103,100,1
13:04:03,3.65,3.590312,50.72169304,100,1
13:04:04,3.65,3.590284,50.72228312,100,1
13:04:05,3.65,3.590313,50.72289,100,1
13:04:06,3.65,3.590285,50.72347522,100,1
13:04:07,3.65,3.590256,50.72404742,100,1
13:04:08,3.65,3.590285,50.72463751,100,1
13:04:09,3.65,3.590285,50.72522759,100,1
13:04:10,3.65,3.5902,50.72577596,100,1
13:04:11,3.65,3.590258,50.72634816,100,1
13:04:12,3.65,3.59023,50.72690845,100,1
13:04:13,3.65,3.590201,50.72745681,100,1
13:04:14,3.65,3.59023,50.72801709,100,1
13:04:15,3.65,3.590201,50.72856545,100,1
13:04:16,3.65,3.590202,50.72911382,100,1
13:04:17,3.65,3.590202,50.72966218,100,1
13:04:18,3.65,3.590202,50.73021054,100,1
13:04:19,3.65,3.590202,50.73075891,100,1
13:04:20,3.65,3.590202,50.73130727,100,1
13:04:21,3.65,3.590202,50.73185563,100,1
13:04:22,3.65,3.590174,50.73239207,100,1
13:04:23,3.65,3.590146,50.73291063,100,1
13:04:24,3.65,3.590174,50.73344707,100,1
13:04:25,3.65,3.590174,50.73398352,100,1
13:04:26,3.65,3.590118,50.73449016,100,1
13:04:27,3.65,3.590174,50.7350266,100,1
13:04:28,3.65,3.590146,50.73554516,100,1
13:04:29,3.65,3.590118,50.7360518,100,1
13:04:30,3.65,3.590089,50.73654652,100,1
13:04:31,3.65,3.590061,50.73702931,100,1
13:04:32,3.65,3.590089,50.73752403,100,1
13:04:33,3.65,3.590061,50.73800683,100,1
13:04:34,3.65,3.590089,50.73850155,100,1
13:04:35,3.65,3.590061,50.73898435,100,1
13:04:36,3.65,3.590061,50.73946714,100,1
13:04:37,3.65,3.59006,50.73994994,100,1
13:04:38,3.65,3.59006,50.74043,100,1
13:04:39,3.65,3.59006,50.74091554,100,1
13:04:40,3.65,3.59006,50.74139833,100,1
13:04:41,3.65,3.59006,50.74188113,100,1
13:04:42,3.65,3.59006,50.74236393,100,1
13:04:43,3.65,3.59006,50.74284673,100,1
13:04:44,3.65,3.59006,50.74332952,100,1
13:04:45,3.65,3.589975,50.74377,100,1
13:04:46,3.65,3.59006,50.7442534,100,1
13:04:47,3.65,3.590003,50.74470639,100,1
13:04:48,3.65,3.590003,50.74515939,100,1
13:04:49,3.65,3.590031,50.7456243,100,1
13:04:50,3.65,3.590031,50.74608922,100,1
13:04:51,3.65,3.590003,50.74654222,100,1
13:04:52,3.65,3.589974,50.74698329,100,1
13:04:53,3.65,3.589946,50.74741244,100,1
13:04:54,3.65,3.590059,50.74789524,100,1
13:04:55,3.65,3.590003,50.74835,100,1
13:04:56,3.65,3.590031,50.74881315,100,1
13:04:57,3.65,3.589974,50.74925423,100,1
13:04:58,3.65,3.589974,50.7496953,100,1
13:04:59,3.65,3.589945,50.75012445,100,1
13:05:00,3.65,3.589945,50.75055361,100,1
13:05:01,3.65,3.589945,50.75098276,100,1
13:05:02,3.65,3.589973,50.75142384,100,1
13:05:03,3.65,3.589945,50.75185299,100,1
13:05:04,3.65,3.589945,50.75228214,100,1
13:05:05,3.65,3.589944,50.7527113,100,1
13:05:06,3.65,3.589944,50.75314045,100,1
13:05:07,3.65,3.589973,50.75358152,100,1
13:05:08,3.65,3.589944,50.75401068,100,1
13:05:09,3.65,3.589944,50.75443983,100,1
13:05:10,3.65,3.589916,50.7548511,100,1
13:05:11,3.65,3.589944,50.75528026,100,1
13:05:12,3.65,3.589944,50.75570941,100,1
13:05:13,3.65,3.589915,50.75612068,100,1
13:05:14,3.65,3.589887,50.75652003,100,1
13:05:15,3.65,3.589886,50.75691938,100,1
13:05:16,3.65,3.589943,50.75734854,100,1
13:05:17,3.65,3.589943,50.75777769,100,1
13:05:18,3.65,3.589943,50.75820684,100,1
13:05:19,3.65,3.589915,50.75861812,100,1
13:05:20,3.65,3.589886,50.75901747,100,1
13:05:21,3.65,3.589914,50.75942874,100,1
13:05:22,3.65,3.589914,50.75984001,100,1
13:05:23,3.65,3.589942,50.76027,100,1
13:05:24,3.65,3.589914,50.76068044,100,1
13:05:25,3.65,3.589942,50.76110959,100,1
13:05:26,3.65,3.589885,50.76151,100,1
13:05:27,3.65,3.589885,50.76190829,100,1
13:05:28,3.65,3.589828,50.7622838,100,1
13:05:29,3.65,3.589885,50.76268315,100,1
13:05:30,3.65,3.589885,50.7630825,100,1
13:05:31,3.65,3.589828,50.76345801,100,1
13:05:32,3.65,3.589828,50.76383352,100,1
13:05:33,3.65,3.589828,50.76420903,100,1
13:05:34,3.65,3.589827,50.76458454,100,1
13:05:35,3.65,3.589827,50.76496005,100,1
13:05:36,3.65,3.589827,50.76533556,100,1
13:05:37,3.65,3.589827,50.76571107,100,1
13:05:38,3.65,3.589827,50.76609,100,1
13:05:39,3.65,3.589827,50.76646209,100,1
13:05:40,3.65,3.589827,50.7668376,100,1
13:05:41,3.65,3.589798,50.76719522,100,1
13:05:42,3.65,3.589826,50.76757073,100,1
13:05:43,3.65,3.589826,50.76794624,100,1
13:05:44,3.65,3.589769,50.76829195,100,1
13:05:45,3.65,3.589797,50.76864958,100,1
13:05:46,3.65,3.589797,50.76900721,100,1
13:05:47,3.65,3.589797,50.76936483,100,1
13:05:48,3.65,3.589797,50.76972246,100,1
13:05:49,3.65,3.589825,50.77009797,100,1
13:05:50,3.65,3.589768,50.77044368,100,1
13:05:51,3.65,3.58974,50.77077746,100,1
13:05:52,3.65,3.589825,50.77115297,100,1
13:05:53,3.65,3.589796,50.7715106,100,1
13:05:54,3.65,3.589796,50.77186823,100,1
13:05:55,3.65,3.589796,50.77222586,100,1
13:05:56,3.65,3.589796,50.77258348,100,1
13:05:57,3.65,3.589739,50.77291727,100,1
13:05:58,3.65,3.589824,50.77329278,100,1
13:05:59,3.65,3.589739,50.77362657,100,1
13:06:00,3.65,3.58971,50.77394843,100,1
13:06:01,3.65,3.58971,50.7742703,100,1
13:06:02,3.65,3.58971,50.77459216,100,1
13:06:03,3.65,3.58971,50.77491403,100,1
13:06:04,3.65,3.589738,50.77524781,100,1
13:06:05,3.65,3.58971,50.77556968,100,1
13:06:06,3.65,3.589709,50.77589154,100,1
13:06:07,3.65,3.589709,50.77621341,100,1
13:06:08,3.65,3.589737,50.77654719,100,1
13:06:09,3.65,3.589709,50.77686906,100,1
13:06:10,3.65,3.589709,50.77719092,100,1
13:06:11,3.65,3.589709,50.77751279,100,1
13:06:12,3.65,3.589709,50.77783465,100,1
13:06:13,3.65,3.589708,50.77815652,100,1
13:06:14,3.65,3.589708,50.77847838,100,1
13:06:15,3.65,3.589708,50.77880025,100,1
13:06:16,3.65,3.589708,50.77912211,100,1
13:06:17,3.65,3.589708,50.77944398,100,1
13:06:18,3.65,3.589708,50.77976584,100,1
13:06:19,3.65,3.589708,50.78008771,100,1
13:06:20,3.65,3.589707,50.78040957,100,1
13:06:21,3.65,3.589707,50.78073144,100,1
13:06:22,3.65,3.589707,50.7810533,100,1
13:06:23,3.65,3.589707,50.78137517,100,1
13:06:24,3.65,3.589707,50.78169703,100,1
13:06:25,3.65,3.589678,50.78200698,100,1
13:06:26,3.65,3.589707,50.78232884,100,1
13:06:27,3.65,3.589678,50.78263879,100,1
13:06:28,3.65,3.589678,50.78294873,100,1
13:06:29,3.65,3.589706,50.7832706,100,1
13:06:30,3.65,3.589678,50.78358054,100,1
13:06:31,3.65,3.589678,50.78389049,100,1
13:06:32,3.65,3.589649,50.78418255,100,1
13:06:33,3.65,3.589677,50.78449,100,1
13:06:34,3.65,3.589706,50.78481436,100,1
13:06:35,3.65,3.589677,50.7851243,100,1
13:06:36,3.65,3.589677,50.78543425,100,1
13:06:37,3.65,3.589677,50.78574419,100,1
13:06:38,3.65,3.589649,50.78603625,100,1
13:06:39,3.65,3.589648,50.78632832,100,1
13:06:40,3.65,3.589677,50.78663826,100,1
13:06:41,3.65,3.589648,50.78693032,100,1
13:06:42,3.65,3.589677,50.78724027,100,1
13:06:43,3.65,3.58962,50.78752041,100,1
13:06:44,3.65,3.589676,50.78783,100,1
13:06:45,3.65,3.589648,50.78812242,100,1
13:06:46,3.65,3.589648,50.78841448,100,1
13:06:47,3.65,3.589676,50.78872442,100,1
13:06:48,3.65,3.589591,50.78899264,100,1
13:06:49,3.65,3.589676,50.78930259,100,1
13:06:50,3.65,3.589648,50.78959465,100,1
13:06:51,3.65,3.589619,50.78987479,100,1
13:06:52,3.65,3.58959,50.79014301,100,1
13:06:53,3.65,3.589618,50.79042315,100,1
13:06:54,3.65,3.589618,50.7907033,100,1
13:06:55,3.65,3.58959,50.79097152,100,1
13:06:56,3.65,3.589647,50.79126,100,1
13:06:57,3.65,3.589618,50.79154372,100,1
13:06:58,3.65,3.58959,50.79181194,100,1
13:06:59,3.65,3.58959,50.79208016,100,1
13:07:00,3.65,3.589589,50.79234838,100,1
13:07:01,3.65,3.589589,50.79261661,100,1
13:07:02,3.65,3.589589,50.79288,100,1
13:07:03,3.65,3.589589,50.79315305,100,1
13:07:04,3.65,3.589617,50.79343319,100,1
13:07:05,3.65,3.589589,50.79370141,100,1
13:07:06,3.65,3.589646,50.79399347,100,1
13:07:07,3.65,3.589589,50.79426169,100,1
13:07:08,3.65,3.589589,50.79452991,100,1
13:07:09,3.65,3.589589,50.79479814,100,1
13:07:10,3.65,3.589588,50.79506636,100,1
13:07:11,3.65,3.589588,50.79533458,100,1
13:07:12,3.65,3.589588,50.7956028,100,1
13:07:13,3.65,3.589588,50.79587102,100,1
13:07:14,3.65,3.589588,50.79613924,100,1
13:07:15,3.65,3.589588,50.79640746,100,1
13:07:16,3.65,3.589588,50.79667568,100,1
13:07:17,3.65,3.589588,50.7969439,100,1
13:07:18,3.65,3.589588,50.79721212,100,1
13:07:19,3.65,3.589588,50.79748034,100,1
13:07:20,3.65,3.589588,50.79775,100,1
13:07:21,3.65,3.589587,50.79801679,100,1
13:07:22,3.65,3.589587,50.79828501,100,1
13:07:23,3.65,3.589559,50.79854131,100,1
13:07:24,3.65,3.589587,50.79880953,100,1
13:07:25,3.65,3.589559,50.79906583,100,1
13:07:26,3.65,3.589587,50.79933405,100,1
13:07:27,3.65,3.589587,50.79960227,100,1
13:07:28,3.65,3.589587,50.79987049,100,1
13:07:29,3.65,3.589587,50.80013871,100,1
13:07:30,3.65,3.589587,50.80040693,100,1
13:07:31,3.65,3.589587,50.80067515,100,1
13:07:32,3.65,3.589558,50.80093145,100,1
13:07:33,3.65,3.589587,50.80119967,100,1
13:07:34,3.65,3.589587,50.80147,100,1
13:07:35,3.65,3.589558,50.8017242,100,1
13:07:36,3.65,3.589586,50.80199242,100,1
13:07:37,3.65,3.58953,50.80223,100,1
13:07:38,3.65,3.58953,50.80246925,100,1
13:07:39,3.65,3.589558,50.80272555,100,1
13:07:40,3.65,3.589529,50.80296397,100,1
13:07:41,3.65,3.589558,50.80322027,100,1
13:07:42,3.65,3.589557,50.80347657,100,1
13:07:43,3.65,3.589472,50.80369115,100,1
13:07:44,3.65,3.589557,50.80395,100,1
13:07:45,3.65,3.589557,50.80420375,100,1
13:07:46,3.65,3.589557,50.80446005,100,1
13:07:47,3.65,3.589444,50.8046627,100,1
13:07:48,3.65,3.589586,50.80493093,100,1
13:07:49,3.65,3.589557,50.80519,100,1
13:07:50,3.65,3.589472,50.8054018,100,1
13:07:51,3.65,3.589585,50.80567002,100,1
13:07:52,3.65,3.589472,50.8058846,100,1
13:07:53,3.65,3.589471,50.80609918,100,1
13:07:54,3.65,3.589556,50.80635548,100,1
13:07:55,3.65,3.589471,50.80657005,100,1
13:07:56,3.65,3.589528,50.80681,100,1
13:07:57,3.65,3.589499,50.80703497,100,1
13:07:58,3.65,3.589556,50.80729127,100,1
13:07:59,3.65,3.589556,50.80754757,100,1
13:08:00,3.65,3.589499,50.80777407,100,1
13:08:01,3.65,3.589528,50.80801249,100,1
13:08:02,3.65,3.589528,50.8082509,100,1
13:08:03,3.65,3.589442,50.80845356,100,1
13:08:04,3.65,3.589471,50.80866814,100,1
13:08:05,3.65,3.589556,50.80892444,100,1
13:08:06,3.65,3.589442,50.80912709,100,1
13:08:07,3.65,3.589527,50.80936551,100,1
13:08:08,3.65,3.589527,50.80960393,100,1
13:08:09,3.65,3.589527,50.80984235,100,1
13:08:10,3.65,3.589442,50.810045,100,1
13:08:11,3.65,3.58947,50.81025958,100,1
13:08:12,3.65,3.589442,50.81046224,100,1
13:08:13,3.65,3.589555,50.81072,100,1
13:08:14,3.65,3.589442,50.81092119,100,1
13:08:15,3.65,3.58947,50.81113577,100,1
13:08:16,3.65,3.58947,50.81135035,100,1
13:08:17,3.65,3.589441,50.811553,100,1
13:08:18,3.65,3.589441,50.81175566,100,1
13:08:19,3.65,3.589469,50.81197023,100,1
13:08:20,3.65,3.589441,50.81217289,100,1
13:08:21,3.65,3.589526,50.81241131,100,1
13:08:22,3.65,3.589441,50.81261396,100,1
13:08:23,3.65,3.589469,50.81282854,100,1
13:08:24,3.65,3.589441,50.8130312,100,1
13:08:25,3.65,3.589441,50.81323385,100,1
13:08:26,3.65,3.58944,50.81343651,100,1
13:08:27,3.65,3.589469,50.81365108,100,1
13:08:28,3.65,3.589468,50.81387,100,1
13:08:29,3.65,3.589468,50.81408024,100,1
13:08:30,3.65,3.58944,50.81428289,100,1
13:08:31,3.65,3.58944,50.81448555,100,1
13:08:32,3.65,3.58944,50.81468821,100,1
13:08:33,3.65,3.58944,50.81489086,100,1
13:08:34,3.65,3.58944,50.81509352,100,1
13:08:35,3.65,3.58944,50.8153,100,1
13:08:36,3.65,3.589468,50.81551075,100,1
13:08:37,3.65,3.589468,50.81572533,100,1
13:08:38,3.65,3.58944,50.81592798,100,1
13:08:39,3.65,3.58944,50.81613064,100,1
13:08:40,3.65,3.589439,50.81633329,100,1
13:08:41,3.65,3.589439,50.81654,100,1
13:08:42,3.65,3.589439,50.81673861,100,1
13:08:43,3.65,3.589439,50.81694126,100,1
13:08:44,3.65,3.589439,50.81714392,100,1
13:08:45,3.65,3.589439,50.81734657,100,1
13:08:46,3.65,3.589439,50.81754923,100,1
13:08:47,3.65,3.589439,50.81775188,100,1
13:08:48,3.65,3.589439,50.81795454,100,1
13:08:49,3.65,3.589439,50.81816,100,1
13:08:50,3.65,3.589439,50.81835985,100,1
13:08:51,3.65,3.589439,50.81856251,100,1
13:08:52,3.65,3.589439,50.81876516,100,1
13:08:53,3.65,3.589439,50.81896782,100,1
13:08:54,3.65,3.589439,50.81917048,100,1
13:08:55,3.65,3.589439,50.81937313,100,1
13:08:56,3.65,3.589438,50.81957579,100,1
13:08:57,3.65,3.589438,50.81978,100,1
13:08:58,3.65,3.589438,50.8199811,100,1
13:08:59,3.65,3.589438,50.82018375,100,1
13:09:00,3.65,3.589438,50.82038641,100,1
13:09:01,3.65,3.589438,50.82058907,100,1
13:09:02,3.65,3.589438,50.82079172,100,1
13:09:03,3.65,3.589438,50.82099438,100,1
13:09:04,3.65,3.589438,50.82119703,100,1
13:09:05,3.65,3.589438,50.8214,100,1
13:09:06,3.65,3.589438,50.82160234,100,1
13:09:07,3.65,3.589438,50.821805,100,1
13:09:08,3.65,3.589438,50.82200766,100,1
13:09:09,3.65,3.58941,50.82219243,100,1
13:09:10,3.65,3.589438,50.82239509,100,1
13:09:11,3.65,3.589438,50.82259774,100,1
13:09:12,3.65,3.589438,50.8228004,100,1
13:09:13,3.65,3.589438,50.82300305,100,1
13:09:14,3.65,3.589438,50.82320571,100,1
13:09:15,3.65,3.589438,50.82340837,100,1
13:09:16,3.65,3.589438,50.82361102,100,1
13:09:17,3.65,3.589438,50.82381368,100,1
13:09:18,3.65,3.589381,50.82398653,100,1
13:09:19,3.65,3.589438,50.82418919,100,1
13:09:20,3.65,3.589438,50.82439184,100,1
13:09:21,3.65,3.589438,50.8245945,100,1
13:09:22,3.65,3.589438,50.82479715,100,1
13:09:23,3.65,3.589438,50.82499981,100,1
13:09:24,3.65,3.589438,50.82520247,100,1
13:09:25,3.65,3.589409,50.82538724,100,1
13:09:26,3.65,3.589437,50.8255899,100,1
13:09:27,3.65,3.589437,50.82579255,100,1
13:09:28,3.65,3.589409,50.82598,100,1
13:09:29,3.65,3.589437,50.82617998,100,1
13:09:30,3.65,3.589352,50.82634091,100,1
13:09:31,3.65,3.589437,50.82654357,100,1
13:09:32,3.65,3.589437,50.82674623,100,1
13:09:33,3.65,3.589352,50.82690716,100,1
13:09:34,3.65,3.589437,50.82710981,100,1
13:09:35,3.65,3.589437,50.82731,100,1
13:09:36,3.65,3.589352,50.8274734,100,1
13:09:37,3.65,3.589437,50.82767606,100,1
13:09:38,3.65,3.589437,50.82787871,100,1
13:09:39,3.65,3.589437,50.82808137,100,1
13:09:40,3.65,3.589437,50.82828403,100,1
13:09:41,3.65,3.589409,50.8284688,100,1
13:09:42,3.65,3.589409,50.82865357,100,1
13:09:43,3.65,3.589437,50.82885623,100,1
13:09:44,3.65,3.589352,50.82901716,100,1
13:09:45,3.65,3.589437,50.82922,100,1
13:09:46,3.65,3.589352,50.82938075,100,1
13:09:47,3.65,3.589437,50.82958341,100,1
13:09:48,3.65,3.589408,50.82976818,100,1
13:09:49,3.65,3.589351,50.82992911,100,1
13:09:50,3.65,3.589437,50.83013177,100,1
13:09:51,3.65,3.589323,50.83028078,100,1
13:09:52,3.65,3.589351,50.83044171,100,1
13:09:53,3.65,3.589437,50.83064437,100,1
13:09:54,3.65,3.589437,50.83084702,100,1
13:09:55,3.65,3.589408,50.83103,100,1
13:09:56,3.65,3.589351,50.83119273,100,1
13:09:57,3.65,3.589437,50.83139539,100,1
13:09:58,3.65,3.58938,50.83156824,100,1
13:09:59,3.65,3.589323,50.83171725,100,1
13:10:00,3.65,3.589351,50.83187819,100,1
13:10:01,3.65,3.589351,50.83203912,100,1
13:10:02,3.65,3.589351,50.83220005,100,1
13:10:03,3.65,3.589351,50.83236098,100,1
13:10:04,3.65,3.589436,50.83256364,100,1
13:10:05,3.65,3.589407,50.83275,100,1
13:10:06,3.65,3.589322,50.83289742,100,1
13:10:07,3.65,3.589436,50.83310008,100,1
13:10:08,3.65,3.58935,50.83326101,100,1
13:10:09,3.65,3.58935,50.83342195,100,1
13:10:10,3.65,3.589322,50.83357096,100,1
13:10:11,3.65,3.589436,50.83377361,100,1
13:10:12,3.65,3.58935,50.83393455,100,1
13:10:13,3.65,3.589407,50.83411932,100,1
13:10:14,3.65,3.58935,50.83428025,100,1
13:10:15,3.65,3.589322,50.83442926,100,1
13:10:16,3.65,3.589379,50.83460212,100,1
13:10:17,3.65,3.58935,50.83476305,100,1
13:10:18,3.65,3.589322,50.83491206,100,1
13:10:19,3.65,3.589322,50.83506107,100,1
13:10:20,3.65,3.589322,50.83521008,100,1
13:10:21,3.65,3.589407,50.83539486,100,1
13:10:22,3.65,3.58935,50.83555579,100,1
13:10:23,3.65,3.589321,50.8357,100,1
13:10:24,3.65,3.58935,50.83586574,100,1
13:10:25,3.65,3.58935,50.83602667,100,1
13:10:26,3.65,3.58935,50.8361876,100,1
13:10:27,3.65,3.589378,50.83636045,100,1
13:10:28,3.65,3.589321,50.83650947,100,1
13:10:29,3.65,3.589321,50.83666,100,1
13:10:30,3.65,3.589435,50.83686113,100,1
13:10:31,3.65,3.58935,50.83702207,100,1
13:10:32,3.65,3.589321,50.83717108,100,1
13:10:33,3.65,3.589349,50.83733201,100,1
13:10:34,3.65,3.589321,50.83748102,100,1
13:10:35,3.65,3.589321,50.83763003,100,1
13:10:36,3.65,3.589321,50.83777905,100,1
13:10:37,3.65,3.589321,50.83792806,100,1
13:10:38,3.65,3.589349,50.83809,100,1
13:10:39,3.65,3.589321,50.838238,100,1
13:10:40,3.65,3.589349,50.83839893,100,1
13:10:41,3.65,3.589321,50.83854795,100,1
13:10:42,3.65,3.589321,50.83869696,100,1
13:10:43,3.65,3.58932,50.83884597,100,1
13:10:44,3.65,3.589349,50.8390069,100,1
13:10:45,3.65,3.58932,50.83915591,100,1
13:10:46,3.65,3.58932,50.83930492,100,1
13:10:47,3.65,3.58932,50.83945394,100,1
13:10:48,3.65,3.589377,50.83962679,100,1
13:10:49,3.65,3.58932,50.8397758,100,1
13:10:50,3.65,3.58932,50.83992481,100,1
13:10:51,3.65,3.58932,50.84007382,100,1
13:10:52,3.65,3.58932,50.84022284,100,1
13:10:53,3.65,3.58932,50.84037185,100,1
13:10:54,3.65,3.58932,50.84052086,100,1
13:10:55,3.65,3.58932,50.84066987,100,1
13:10:56,3.65,3.58932,50.84081888,100,1
13:10:57,3.65,3.58932,50.84096789,100,1
13:10:58,3.65,3.58932,50.84111691,100,1
13:10:59,3.65,3.58932,50.84126592,100,1
13:11:00,3.65,3.58932,50.84141493,100,1
13:11:01,3.65,3.58932,50.84156394,100,1
13:11:02,3.65,3.58932,50.84171,100,1
13:11:03,3.65,3.58932,50.84186196,100,1
13:11:04,3.65,3.58932,50.84201097,100,1
13:11:05,3.65,3.58932,50.84215999,100,1
13:11:06,3.65,3.58932,50.842309,100,1
13:11:07,3.65,3.58932,50.84245801,100,1
13:11:08,3.65,3.58932,50.84260702,100,1
13:11:09,3.65,3.589319,50.84275603,100,1
13:11:10,3.65,3.589319,50.84290504,100,1
13:11:11,3.65,3.589319,50.84305406,100,1
13:11:12,3.65,3.589319,50.84320307,100,1
13:11:13,3.65,3.589319,50.84335208,100,1
13:11:14,3.65,3.589319,50.84350109,100,1
13:11:15,3.65,3.589319,50.8436501,100,1
13:11:16,3.65,3.589319,50.84379911,100,1
13:11:17,3.65,3.589319,50.84394813,100,1
13:11:18,3.65,3.589319,50.8441,100,1
13:11:19,3.65,3.589319,50.84424615,100,1
13:11:20,3.65,3.589319,50.84439516,100,1
13:11:21,3.65,3.589319,50.84454417,100,1
13:11:22,3.65,3.589319,50.84469318,100,1
13:11:23,3.65,3.589319,50.8448422,100,1
13:11:24,3.65,3.589319,50.84499121,100,1
13:11:25,3.65,3.589319,50.84514022,100,1
13:11:26,3.65,3.589319,50.84528923,100,1
13:11:27,3.65,3.589319,50.84543824,100,1
13:11:28,3.65,3.589319,50.84558725,100,1
13:11:29,3.65,3.589319,50.84573627,100,1
13:11:30,3.65,3.589319,50.84588528,100,1
13:11:31,3.65,3.589319,50.84603429,100,1
13:11:32,3.65,3.589319,50.8461833,100,1
13:11:33,3.65,3.589319,50.84633231,100,1
13:11:34,3.65,3.589319,50.84648,100,1
13:11:35,3.65,3.589319,50.84663033,100,1
13:11:36,3.65,3.589319,50.84677935,100,1
13:11:37,3.65,3.589319,50.84692836,100,1
13:11:38,3.65,3.589319,50.84707737,100,1
13:11:39,3.65,3.589319,50.84722638,100,1
13:11:40,3.65,3.589319,50.84737539,100,1
13:11:41,3.65,3.589319,50.8475244,100,1
13:11:42,3.65,3.589319,50.84767342,100,1
13:11:43,3.65,3.589319,50.84782243,100,1
13:11:44,3.65,3.589319,50.84797144,100,1
13:11:45,3.65,3.589319,50.84812045,100,1
13:11:46,3.65,3.589319,50.84826946,100,1
13:11:47,3.65,3.58929,50.84840059,100,1
13:11:48,3.65,3.58929,50.84853172,100,1
13:11:49,3.65,3.589006,50.84853172,100,1
13:11:50,3.65,3.589006,50.84853172,100,1
13:11:51,3.65,3.589005,50.84853172,100,1
13:11:52,3.65,3.589005,50.84853172,100,1
13:11:53,3.65,3.589005,50.84853172,100,1
13:11:54,3.65,3.589005,50.84853172,100,1
13:11:55,3.65,3.589004,50.84853172,100,1
13:11:56,3.65,3.589004,50.84853172,100,1
13:11:57,3.65,3.589004,50.84853172,100,1
13:11:58,3.644,3.589003,50.84853172,100,1
13:11:59,3.642,3.588925,50.84853172,100,1
13:12:00,3.639,3.588822,50.84853172,100,1
13:12:01,3.639,3.588684,50.84853172,100,1
13:12:02,3.639,3.588549,50.84853172,100,1
13:12:03,3.639,3.588419,50.84853172,100,1
13:12:04,3.639,3.588292,50.84853172,100,1
13:12:05,3.639,3.588168,50.84853172,100,1
13:12:06,3.639,3.588048,50.84853172,100,1
13:12:07,3.639,3.587932,50.84853172,100,1
13:12:08,3.639,3.587819,50.84853172,100,1
13:12:09,3.639,3.587708,50.84853172,100,1
13:12:10,3.639,3.587602,50.84853172,100,1
13:12:11,3.638,3.587498,50.84853172,100,1
13:12:12,3.638,3.587384,50.84853172,100,1
13:12:13,3.638,3.587273,50.84853172,100,1
13:12:14,3.638,3.587165,50.84853172,100,1
13:12:15,3.638,3.587061,50.84853172,100,1
13:12:16,3.638,3.586959,50.84853172,100,1
13:12:17,3.637001,3.58686,50.84853172,100,1
13:12:18,3.635,3.586751,50.84853172,100,1
13:12:19,3.633999,3.586619,50.84853172,100,1
13:12:20,3.632,3.586478,50.84853172,100,1
13:12:21,3.632,3.586315,50.84853172,100,1
13:12:22,3.632,3.586156,50.84853172,100,1
13:12:23,3.632,3.586002,50.84853172,100,1
13:12:24,3.632,3.585852,50.84853172,100,1
13:12:25,3.632,3.585707,50.84853172,100,1
13:12:26,3.632,3.585565,50.84853172,100,1
13:12:27,3.632,3.585428,50.84853172,100,1
13:12:28,3.632,3.585294,50.84853172,100,1
13:12:29,3.632,3.585165,50.84853172,100,1
13:12:31,3.632,3.585038,50.84853172,100,1
13:12:31,3.631,3.584916,50.84853172,100,1
13:12:32,3.631,3.584784,50.84853172,100,1
13:12:33,3.631,3.584656,50.84853172,100,1
13:12:34,3.631,3.584531,50.84853172,100,1
13:12:35,3.631,3.58441,50.84853172,100,1
13:12:36,3.631,3.584292,50.84853172,100,1
13:12:37,3.631,3.584177,50.84853172,100,1
13:12:38,3.63,3.584066,50.84853172,100,1
13:12:39,3.628,3.583945,50.84853172,100,1
13:12:40,3.626,3.583802,50.84853172,100,1
13:12:41,3.625,3.583636,50.84853172,100,1
13:12:42,3.625,3.583462,50.84853172,100,1
13:12:43,3.625,3.583293,50.84853172,100,1
13:12:44,3.625,3.583129,50.84853172,100,1
13:12:45,3.625,3.582969,50.84853172,100,1
13:12:47,3.625,3.582814,50.84853172,100,1
13:12:47,3.625,3.582663,50.84853172,100,1
13:12:48,3.625,3.582517,50.84853172,100,1
13:12:49,3.625,3.582374,50.84853172,100,1
13:12:50,3.625,3.582236,50.84853172,100,1
13:12:51,3.625,3.582102,50.84853172,100,1
13:12:52,3.625,3.581971,50.84853172,100,1
13:12:53,3.625,3.581844,50.84853172,100,1
13:12:54,3.625,3.581721,50.84853172,100,1
13:12:55,3.625,3.581601,50.84853172,100,1
13:12:56,3.625,3.581485,50.84853172,100,1
13:12:57,3.624,3.581372,50.84853172,100,1
13:12:58,3.624,3.581249,50.84853172,100,1
13:12:59,3.624,3.58113,50.84853172,100,1
13:13:00,3.624,3.581013,50.84853172,100,1
13:13:01,3.624,3.580901,50.84853172,100,1
13:13:02,3.624,3.580791,50.84853172,100,1
13:13:03,3.624,3.580684,50.84853172,100,1
13:13:04,3.624,3.580581,50.84853172,100,1
13:13:05,3.623001,3.580481,50.84853172,100,1
13:13:06,3.621,3.58037,50.84853172,100,1
13:13:07,3.619,3.580236,50.84853172,100,1
13:13:08,3.618,3.58008,50.84853172,100,1
13:13:09,3.617,3.579916,50.84853172,100,1
13:13:10,3.617,3.579743,50.84853172,100,1
13:13:11,3.617,3.579575,50.84853172,100,1
13:13:13,3.617,3.579412,50.84853172,100,1
13:13:13,3.617,3.579253,50.84853172,100,1
13:13:15,3.617,3.579099,50.84853172,100,1
13:13:15,3.617,3.578949,50.84853172,100,1
13:13:16,3.617,3.578804,50.84853172,100,1
13:13:17,3.617,3.578662,50.84853172,100,1
13:13:18,3.617,3.578525,50.84853172,100,1
13:13:19,3.617,3.578391,50.84853172,100,1
13:13:20,3.617,3.578262,50.84853172,100,1
13:13:21,3.617,3.578135,50.84853172,100,1
13:13:22,3.617,3.578013,50.84853172,100,1
13:13:23,3.616,3.577894,50.84853172,100,1
13:13:24,3.616,3.577765,50.84853172,100,1
13:13:25,3.616,3.57764,50.84853172,100,1
13:13:26,3.616,3.577519,50.84853172,100,1
13:13:27,3.616,3.577401,50.84853172,100,1
13:13:28,3.616,3.577286,50.84853172,100,1
13:13:29,3.616,3.577175,50.84853172,100,1
13:13:30,3.615,3.577066,50.84853172,100,1
13:13:31,3.615,3.576948,50.84853172,100,1
13:13:32,3.613,3.576833,50.84853172,100,1
13:13:33,3.612,3.576695,50.84853172,100,1
13:13:34,3.611,3.576549,50.84853172,100,1
13:13:35,3.61,3.576393,50.84853172,100,1
13:13:36,3.61,3.576229,50.84853172,100,1
13:13:37,3.61,3.576069,50.84853172,100,1
13:13:38,3.61,3.575914,50.84853172,100,1
13:13:39,3.61,3.575763,50.84853172,100,1
13:13:40,3.61,3.575616,50.84853172,100,1
13:13:41,3.61,3.575474,50.84853172,100,1
13:13:42,3.61,3.575336,50.84853172,100,1
13:13:43,3.61,3.575201,50.84853172,100,1
13:13:44,3.61,3.575071,50.84853172,100,1
13:13:46,3.61,3.574944,50.84853172,100,1
13:13:46,3.61,3.574821,50.84853172,100,1
13:13:47,3.61,3.574701,50.84853172,100,1
13:13:48,3.61,3.574584,50.84853172,100,1
13:13:49,3.61,3.574471,50.84853172,100,1
13:13:50,3.61,3.574361,50.84853172,100,1
13:13:51,3.61,3.574255,50.84853172,100,1
13:13:52,3.61,3.574151,50.84853172,100,1
13:13:53,3.61,3.57405,50.84853172,100,1
13:13:54,3.61,3.573952,50.84853172,100,1
13:13:55,3.61,3.573857,50.84853172,100,1
13:13:56,3.61,3.573764,50.84853172,100,1
13:13:57,3.61,3.573674,50.84853172,100,1
13:13:58,3.61,3.573587,50.84853172,100,1
13:13:59,3.61,3.573502,50.84853172,100,1
13:14:00,3.61,3.573419,50.84853172,100,1
13:14:01,3.61,3.573339,50.84853172,100,1
13:14:02,3.609,3.573261,50.84853172,100,1
13:14:04,3.609,3.573173,50.84853172,100,1
13:14:04,3.609,3.573087,50.84853172,100,1
13:14:05,3.609,3.573003,50.84853172,100,1
13:14:06,3.609,3.572921,50.84853172,100,1
13:14:07,3.609,3.572842,50.84853172,100,1
13:14:08,3.609,3.572765,50.84853172,100,1
13:14:09,3.609,3.572691,50.84853172,100,1
13:14:10,3.609,3.572618,50.84853172,100,1
13:14:11,3.609,3.572548,50.84853172,100,1
13:14:12,3.609,3.572479,50.84853172,100,1
13:14:13,3.608,3.572413,50.84853172,100,1
13:14:14,3.608,3.572335,50.84853172,100,1
13:14:15,3.607,3.572259,50.84853172,100,1
13:14:17,3.605999,3.572173,50.84853172,100,1
13:14:17,3.605,3.572076,50.84853172,100,1
13:14:18,3.605,3.571969,50.84853172,100,1
13:14:19,3.604,3.571865,50.84853172,100,1
13:14:20,3.603,3.57175,50.84853172,100,1
13:14:21,3.603,3.571626,50.84853172,100,1
13:14:22,3.603,3.571506,50.84853172,100,1
13:14:23,3.603,3.571388,50.84853172,100,1
13:14:24,3.603,3.571275,50.84853172,100,1
13:14:25,3.603,3.571164,50.84853172,100,1
13:14:26,3.603,3.571057,50.84853172,100,1
13:14:27,3.603,3.570952,50.84853172,100,1
13:14:28,3.603,3.570851,50.84853172,100,1
13:14:30,3.603,3.570752,50.84853172,100,1
13:14:30,3.603,3.570656,50.84853172,100,1
13:14:31,3.603,3.570563,50.84853172,100,1
13:14:32,3.603,3.570473,50.84853172,100,1
13:14:34,3.603,3.570385,50.84853172,100,1
13:14:34,3.603,3.570299,50.84853172,100,1
13:14:35,3.603,3.570216,50.84853172,100,1
13:14:36,3.603,3.570136,50.84853172,100,1
13:14:38,3.603,3.570057,50.84853172,100,1
13:14:39,3.603,3.569981,50.84853172,100,1
13:14:39,3.603,3.569907,50.84853172,100,1
13:14:40,3.603,3.569835,50.84853172,100,1
13:14:41,3.603,3.569766,50.84853172,100,1
13:14:43,3.603,3.569698,50.84853172,100,1
13:14:43,3.603,3.569632,50.84853172,100,1
13:14:45,3.603,3.569567,50.84853172,100,1
13:14:45,3.603,3.569505,50.84853172,100,1
13:14:47,3.603,3.569445,50.84853172,100,1
13:14:47,3.602,3.569386,50.84853172,100,1
13:14:48,3.602,3.569316,50.84853172,100,1
13:14:49,3.602,3.569247,50.84853172,100,1
13:14:51,3.602,3.569181,50.84853172,100,1
13:14:52,3.602,3.569117,50.84853172,100,1
13:14:52,3.602,3.569054,50.84853172,100,1
13:14:53,3.602,3.568994,50.84853172,100,1
13:14:55,3.602,3.568934,50.84853172,100,1
13:14:56,3.602,3.568877,50.84853172,100,1
13:14:56,3.602,3.568821,50.84853172,100,1
13:14:57,3.602,3.568767,50.84853172,100,1
13:14:58,3.602,3.568715,50.84853172,100,1
13:15:00,3.602,3.568663,50.84853172,100,1
13:15:01,3.601,3.568614,50.84853172,100,1
13:15:01,3.601,3.568552,50.84853172,100,1
13:15:02,3.599,3.568493,50.84853172,100,1
13:15:04,3.599,3.568409,50.84853172,100,1
13:15:05,3.598,3.568327,50.84853172,100,1
13:15:05,3.597,3.568235,50.84853172,100,1
13:15:06,3.596,3.568132,50.84853172,100,1
13:15:08,3.595,3.568019,50.84853172,100,1
13:15:09,3.595,3.567897,50.84853172,100,1
13:15:09,3.595,3.567777,50.84853172,100,1
13:15:10,3.595,3.567662,50.84853172,100,1
13:15:12,3.595,3.567549,50.84853172,100,1
13:15:13,3.595,3.56744,50.84853172,100,1
13:15:14,3.595,3.567333,50.84853172,100,1
13:15:14,3.595,3.56723,50.84853172,100,1
13:15:15,3.595,3.56713,50.84853172,100,1
13:15:17,3.595,3.567032,50.84853172,100,1
13:15:18,3.595,3.566938,50.84853172,100,1
13:15:18,3.595,3.566846,50.84853172,100,1
13:15:20,3.595,3.566756,50.84853172,100,1
13:15:21,3.595,3.566669,50.84853172,100,1
13:15:22,3.595,3.566585,50.84853172,100,1
13:15:23,3.595,3.566503,50.84853172,100,1
13:15:24,3.595,3.566423,50.84853172,100,1
13:15:25,3.595,3.566346,50.84853172,100,1
13:15:26,3.595,3.56627,50.84853172,100,1
13:15:27,3.595,3.566197,50.84853172,100,1
13:15:27,3.595,3.566126,50.84853172,100,1
13:15:28,3.595,3.566057,50.84853172,100,1
13:15:30,3.595,3.56599,50.84853172,100,1
13:15:31,3.595,3.565925,50.84853172,100,1
13:15:32,3.595,3.565861,50.84853172,100,1
13:15:33,3.595,3.5658,50.84853172,100,1
13:15:34,3.595,3.56574,50.84853172,100,1
13:15:35,3.595,3.565682,50.84853172,100,1
13:15:36,3.595,3.565625,50.84853172,100,1
13:15:37,3.595,3.56557,50.84853172,100,1
13:15:38,3.595,3.565517,50.84853172,100,1
13:15:39,3.595,3.565465,50.84853172,100,1
13:15:40,3.595,3.565415,50.84853172,100,1
13:15:40,3.594,3.565366,50.84853172,100,1
13:15:42,3.595,3.565305,50.84853172,100,1
13:15:43,3.595,3.56526,50.84853172,100,1
13:15:44,3.594,3.565215,50.84853172,100,1
13:15:45,3.594,3.565159,50.84853172,100,1
13:15:45,3.594,3.565104,50.84853172,100,1
13:15:47,3.594,3.565051,50.84853172,100,1
13:15:48,3.594,3.564999,50.84853172,100,1
13:15:49,3.594,3.564949,50.84853172,100,1
13:15:49,3.594,3.5649,50.84853172,100,1
13:15:51,3.594,3.564853,50.84853172,100,1
13:15:52,3.594,3.564807,50.84853172,100,1
13:15:53,3.594,3.564762,50.84853172,100,1
13:15:54,3.594,3.564719,50.84853172,100,1
13:15:55,3.594,3.564676,50.84853172,100,1
13:15:56,3.594,3.564635,50.84853172,100,1
13:15:57,3.594,3.564595,50.84853172,100,1
13:15:58,3.594,3.564557,50.84853172,100,1
13:15:58,3.594,3.564519,50.84853172,100,1
13:16:00,3.594,3.564482,50.84853172,100,1
13:16:01,3.594,3.564447,50.84853172,100,1
13:16:02,3.594,3.564412,50.84853172,100,1
13:16:03,3.594,3.564379,50.84853172,100,1
13:16:04,3.594,3.564346,50.84853172,100,1
13:16:05,3.594,3.564314,50.84853172,100,1
13:16:06,3.593,3.564284,50.84853172,100,1
13:16:07,3.592,3.564241,50.84853172,100,1
13:16:08,3.592,3.564186,50.84853172,100,1
13:16:09,3.591,3.564133,50.84853172,100,1
13:16:10,3.59,3.564068,50.84853172,100,1
13:16:11,3.59,3.563992,50.84853172,100,1
13:16:12,3.589,3.563918,50.84853172,100,1
13:16:13,3.589,3.563833,50.84853172,100,1
13:16:14,3.588,3.563751,50.84853172,100,1
13:16:15,3.588,3.563658,50.84853172,100,1
13:16:16,3.588,3.563568,50.84853172,100,1
13:16:17,3.588,3.56348,50.84853172,100,1
13:16:18,3.588,3.563395,50.84853172,100,1
13:16:19,3.588,3.563312,50.84853172,100,1
13:16:20,3.588,3.563231,50.84853172,100,1
13:16:21,3.588,3.563153,50.84853172,100,1
13:16:22,3.588,3.563077,50.84853172,100,1
13:16:23,3.588,3.563003,50.84853172,100,1
13:16:24,3.588,3.562931,50.84853172,100,1
13:16:25,3.588,3.562861,50.84853172,100,1
13:16:26,3.588,3.562793,50.84853172,100,1
13:16:27,3.588,3.562727,50.84853172,100,1
13:16:28,3.588,3.562664,50.84853172,100,1
13:16:29,3.588,3.562601,50.84853172,100,1
13:16:30,3.588,3.562541,50.84853172,100,1
13:16:31,3.588,3.562482,50.84853172,100,1
13:16:32,3.588,3.562425,50.84853172,100,1
13:16:33,3.588,3.56237,50.84853172,100,1
13:16:34,3.588,3.562316,50.84853172,100,1
13:16:35,3.588,3.562263,50.84853172,100,1
13:16:36,3.588,3.562212,50.84853172,100,1
13:16:37,3.588,3.562163,50.84853172,100,1
13:16:38,3.588,3.562115,50.84853172,100,1
13:16:39,3.588,3.562068,50.84853172,100,1
13:16:40,3.588,3.562023,50.84853172,100,1
13:16:41,3.588,3.561979,50.84853172,100,1
13:16:42,3.588,3.561936,50.84853172,100,1
13:16:43,3.588,3.561894,50.84853172,100,1
13:16:44,3.588,3.561854,50.84853172,100,1
13:16:45,3.588,3.561815,50.84853172,100,1
13:16:46,3.588,3.561776,50.84853172,100,1
13:16:47,3.588,3.561739,50.84853172,100,1
13:16:48,3.588,3.561703,50.84853172,100,1
13:16:49,3.588,3.561668,50.84853172,100,1
13:16:50,3.588,3.561634,50.84853172,100,1
13:16:51,3.588,3.561601,50.84853172,100,1
13:16:52,3.588,3.561569,50.84853172,100,1
13:16:53,3.588,3.561538,50.84853172,100,1
13:16:54,3.587,3.561507,50.84853172,100,1
13:16:55,3.588,3.561465,50.84853172,100,1
13:16:56,3.587,3.561436,50.84853172,100,1
13:16:57,3.587,3.561396,50.84853172,100,1
13:16:58,3.587,3.561357,50.84853172,100,1
13:16:59,3.587,3.561318,50.84853172,100,1
13:17:00,3.587,3.561281,50.84853172,100,1
13:17:01,3.587,3.561245,50.84853172,100,1
13:17:02,3.587,3.56121,50.84853172,100,1
13:17:03,3.587,3.561176,50.84853172,100,1
13:17:04,3.587,3.561143,50.84853172,100,1
13:17:05,3.587,3.561111,50.84853172,100,1
13:17:06,3.587,3.561079,50.84853172,100,1
13:17:07,3.587,3.561049,50.84853172,100,1
13:17:08,3.587,3.561019,50.84853172,100,1
13:17:09,3.587,3.560991,50.84853172,100,1
13:17:10,3.587,3.560963,50.84853172,100,1
13:17:11,3.587,3.560936,50.84853172,100,1
13:17:12,3.587,3.56091,50.84853172,100,1
13:17:13,3.587,3.560884,50.84853172,100,1
13:17:14,3.587,3.560859,50.84853172,100,1
13:17:15,3.587,3.560835,50.84853172,100,1
13:17:16,3.587,3.560811,50.84853172,100,1
13:17:17,3.587,3.560789,50.84853172,100,1
13:17:18,3.586,3.560766,50.84853172,100,1
13:17:19,3.586,3.560732,50.84853172,100,1
13:17:20,3.586,3.560698,50.84853172,100,1
13:17:21,3.585,3.560666,50.84853172,100,1
13:17:22,3.584,3.560621,50.84853172,100,1
13:17:23,3.584,3.560564,50.84853172,100,1
13:17:24,3.584,3.560509,50.84853172,100,1
13:17:25,3.583,3.560456,50.84853172,100,1
13:17:26,3.583,3.560391,50.84853172,100,1
13:17:27,3.583,3.560328,50.84853172,100,1
13:17:28,3.582,3.560267,50.84853172,100,1
13:17:29,3.582,3.560194,50.84853172,100,1
13:17:30,3.581,3.560124,50.84853172,100,1
13:17:31,3.581,3.560043,50.84853172,100,1
13:17:32,3.581,3.559963,50.84853172,100,1
13:17:33,3.581,3.559886,50.84853172,100,1
13:17:34,3.581,3.559812,50.84853172,100,1
13:17:35,3.581,3.559739,50.84853172,100,1
13:17:36,3.581,3.559668,50.84853172,100,1
13:17:37,3.581,3.5596,50.84853172,100,1
13:17:38,3.581,3.559533,50.84853172,100,1
13:17:39,3.581,3.559468,50.84853172,100,1
13:17:40,3.581,3.559405,50.84853172,100,1
13:17:41,3.581,3.559344,50.84853172,100,1
13:17:42,3.581,3.559285,50.84853172,100,1
13:17:43,3.581,3.559227,50.84853172,100,1
13:17:44,3.581,3.559171,50.84853172,100,1
13:17:45,3.581,3.559116,50.84853172,100,1
13:17:46,3.581,3.559063,50.84853172,100,1
13:17:47,3.581,3.559012,50.84853172,100,1
13:17:48,3.581,3.558962,50.84853172,100,1
13:17:49,3.581,3.558913,50.84853172,100,1
13:17:50,3.581,3.558866,50.84853172,100,1
13:17:51,3.581,3.55882,50.84853172,100,1
13:17:52,3.581,3.558775,50.84853172,100,1
13:17:53,3.581,3.558732,50.84853172,100,1
13:17:54,3.581,3.55869,50.84853172,100,1
13:17:55,3.581,3.558649,50.84853172,100,1
13:17:56,3.581,3.558609,50.84853172,100,1
13:17:57,3.581,3.558571,50.84853172,100,1
13:17:58,3.581,3.558533,50.84853172,100,1
13:17:59,3.581,3.558497,50.84853172,100,1
13:18:00,3.581,3.558461,50.84853172,100,1
13:18:01,3.581,3.558427,50.84853172,100,1
13:18:02,3.581,3.558393,50.84853172,100,1
13:18:03,3.581,3.558361,50.84853172,100,1
13:18:04,3.581,3.558329,50.84853172,100,1
13:18:05,3.581,3.558299,50.84853172,100,1
13:18:06,3.581,3.558269,50.84853172,100,1
13:18:07,3.581,3.55824,50.84853172,100,1
13:18:08,3.581,3.558212,50.84853172,100,1
13:18:09,3.581,3.558184,50.84853172,100,1
13:18:10,3.581,3.558158,50.84853172,100,1
13:18:11,3.581,3.558132,50.84853172,100,1
13:18:12,3.581,3.558107,50.84853172,100,1
13:18:13,3.581,3.558082,50.84853172,100,1
13:18:14,3.581,3.558059,50.84853172,100,1
13:18:15,3.581,3.558036,50.84853172,100,1
13:18:16,3.581,3.558013,50.84853172,100,1
13:18:17,3.581,3.557992,50.84853172,100,1
13:18:18,3.581,3.55797,50.84853172,100,1
13:18:19,3.581,3.55795,50.84853172,100,1
13:18:20,3.581,3.55793,50.84853172,100,1
13:18:21,3.581,3.55791,50.84853172,100,1
13:18:22,3.581,3.557892,50.84853172,100,1
13:18:23,3.581,3.557873,50.84853172,100,1
13:18:24,3.581,3.557856,50.84853172,100,1
13:18:25,3.581,3.557838,50.84853172,100,1
13:18:26,3.581,3.557822,50.84853172,100,1
13:18:27,3.581,3.557805,50.84853172,100,1
13:18:28,3.581,3.557789,50.84853172,100,1
13:18:29,3.581,3.557774,50.84853172,100,1
13:18:30,3.58,3.557759,50.84853172,100,1
13:18:31,3.58,3.557731,50.84853172,100,1
13:18:32,3.581,3.557704,50.84853172,100,1
13:18:33,3.581,3.557692,50.84853172,100,1
13:18:34,3.581,3.557679,50.84853172,100,1
13:18:35,3.581,3.557667,50.84853172,100,1
13:18:36,3.58,3.557655,50.84853172,100,1
13:18:37,3.58,3.55763,50.84853172,100,1
13:18:38,3.58,3.557606,50.84853172,100,1
13:18:39,3.58,3.557583,50.84853172,100,1
13:18:40,3.58,3.55756,50.84853172,100,1
13:18:41,3.58,3.557538,50.84853172,100,1
13:18:42,3.58,3.557517,50.84853172,100,1
13:18:43,3.58,3.557496,50.84853172,100,1
13:18:44,3.58,3.557476,50.84853172,100,1
13:18:45,3.58,3.557456,50.84853172,100,1
13:18:46,3.58,3.557437,50.84853172,100,1
13:18:47,3.58,3.557419,50.84853172,100,1
13:18:48,3.58,3.557401,50.84853172,100,1
13:18:49,3.58,3.557384,50.84853172,100,1
13:18:50,3.58,3.557367,50.84853172,100,1
13:18:51,3.58,3.55735,50.84853172,100,1
13:18:52,3.58,3.557334,50.84853172,100,1
13:18:53,3.58,3.557319,50.84853172,100,1
13:18:54,3.58,3.557303,50.84853172,100,1
13:18:55,3.58,3.557289,50.84853172,100,1
13:18:56,3.58,3.557275,50.84853172,100,1
13:18:57,3.58,3.557261,50.84853172,100,1
13:18:58,3.58,3.557247,50.84853172,100,1
13:18:59,3.58,3.557234,50.84853172,100,1
13:19:00,3.58,3.557221,50.84853172,100,1
13:19:01,3.58,3.557209,50.84853172,100,1
13:19:02,3.58,3.557197,50.84853172,100,1
13:19:03,3.58,3.557185,50.84853172,100,1
13:19:04,3.58,3.557174,50.84853172,100,1
13:19:05,3.58,3.557163,50.84853172,100,1
13:19:06,3.579,3.557152,50.84853172,100,1
13:19:07,3.579,3.557129,50.84853172,100,1
13:19:08,3.579,3.557106,50.84853172,100,1
13:19:09,3.579,3.557084,50.84853172,100,1
13:19:10,3.578,3.557063,50.84853172,100,1
13:19:11,3.578,3.557029,50.84853172,100,1
13:19:12,3.578,3.556996,50.84853172,100,1
13:19:13,3.578,3.556964,50.84853172,100,1
13:19:14,3.577,3.556932,50.84853172,100,1
13:19:15,3.576,3.556889,50.84853172,100,1
13:19:16,3.576,3.556834,50.84853172,100,1
13:19:17,3.576,3.556781,50.84853172,100,1
13:19:18,3.575,3.556729,50.84853172,100,1
13:19:19,3.575,3.556665,50.84853172,100,1
13:19:20,3.575,3.556603,50.84853172,100,1
13:19:21,3.574,3.556543,50.84853172,100,1
13:19:22,3.574,3.556472,50.84853172,100,1
13:19:23,3.574,3.556403,50.84853172,100,1
13:19:24,3.574,3.556335,50.84853172,100,1
13:19:25,3.574,3.55627,50.84853172,100,1
13:19:26,3.574,3.556206,50.84853172,100,1
13:19:27,3.574,3.556145,50.84853172,100,1
13:19:28,3.574,3.556085,50.84853172,100,1
13:19:29,3.574,3.556026,50.84853172,100,1
13:19:30,3.574,3.555969,50.84853172,100,1
13:19:31,3.574,3.555914,50.84853172,100,1
13:19:32,3.574,3.555861,50.84853172,100,1
13:19:33,3.574,3.555809,50.84853172,100,1
13:19:34,3.574,3.555758,50.84853172,100,1
13:19:35,3.574,3.555709,50.84853172,100,1
13:19:36,3.574,3.555662,50.84853172,100,1
13:19:37,3.574,3.555615,50.84853172,100,1
13:19:38,3.574,3.55557,50.84853172,100,1
13:19:39,3.574,3.555526,50.84853172,100,1
13:19:40,3.574,3.555484,50.84853172,100,1
13:19:41,3.574,3.555443,50.84853172,100,1
13:19:42,3.574,3.555403,50.84853172,100,1
13:19:43,3.574,3.555363,50.84853172,100,1
13:19:44,3.574,3.555326,50.84853172,100,1
13:19:45,3.574,3.555289,50.84853172,100,1
13:19:46,3.574,3.555253,50.84853172,100,1
13:19:47,3.574,3.555218,50.84853172,100,1
13:19:48,3.574,3.555184,50.84853172,100,1
13:19:49,3.574,3.555151,50.84853172,100,1
13:19:50,3.574,3.55512,50.84853172,100,1
13:19:51,3.574,3.555089,50.84853172,100,1
13:19:52,3.574,3.555058,50.84853172,100,1
13:19:53,3.574,3.555029,50.84853172,100,1
13:19:54,3.574,3.555001,50.84853172,100,1
13:19:55,3.574,3.554973,50.84853172,100,1
13:19:56,3.574,3.554946,50.84853172,100,1
13:19:57,3.574,3.55492,50.84853172,100,1
13:19:58,3.574,3.554895,50.84853172,100,1
13:19:59,3.574,3.55487,50.84853172,100,1
13:20:00,3.574,3.554846,50.84853172,100,1
13:20:01,3.574,3.554823,50.84853172,100,1
13:20:02,3.574,3.5548,50.84853172,100,1
13:20:03,3.574,3.554778,50.84853172,100,1
13:20:04,3.574,3.554757,50.84853172,100,1
13:20:05,3.574,3.554736,50.84853172,100,1
13:20:06,3.574,3.554716,50.84853172,100,1
13:20:07,3.574,3.554696,50.84853172,100,1
13:20:08,3.574,3.554677,50.84853172,100,1
13:20:09,3.574,3.554659,50.84853172,100,1
13:20:10,3.574,3.554641,50.84853172,100,1
13:20:11,3.574,3.554623,50.84853172,100,1
13:20:12,3.574,3.554606,50.84853172,100,1
13:20:13,3.574,3.55459,50.84853172,100,1
13:20:14,3.574,3.554574,50.84853172,100,1
13:20:15,3.574,3.554558,50.84853172,100,1
13:20:16,3.574,3.554543,50.84853172,100,1
13:20:17,3.574,3.554528,50.84853172,100,1
13:20:18,3.574,3.554514,50.84853172,100,1
13:20:19,3.574,3.5545,50.84853172,100,1
13:20:20,3.574,3.554487,50.84853172,100,1
13:20:21,3.574,3.554474,50.84853172,100,1
13:20:22,3.574,3.554461,50.84853172,100,1
13:20:23,3.574,3.554449,50.84853172,100,1
13:20:24,3.574,3.554437,50.84853172,100,1
13:20:25,3.574,3.554425,50.84853172,100,1
13:20:26,3.574,3.554414,50.84853172,100,1
13:20:27,3.574,3.554403,50.84853172,100,1
13:20:28,3.574,3.554392,50.84853172,100,1
13:20:29,3.574,3.554381,50.84853172,100,1
13:20:30,3.574,3.554371,50.84853172,100,1
13:20:31,3.574,3.554362,50.84853172,100,1
13:20:32,3.574,3.554352,50.84853172,100,1
13:20:33,3.574,3.554343,50.84853172,100,1
13:20:34,3.574,3.554334,50.84853172,100,1
13:20:35,3.574,3.554325,50.84853172,100,1
13:20:36,3.574,3.554316,50.84853172,100,1
13:20:37,3.573,3.554308,50.84853172,100,1
13:20:38,3.573,3.554287,50.84853172,100,1
13:20:39,3.574,3.554266,50.84853172,100,1
13:20:40,3.574,3.55426,50.84853172,100,1
13:20:41,3.573,3.554253,50.84853172,100,1
13:20:42,3.573,3.554234,50.84853172,100,1
13:20:43,3.573,3.554214,50.84853172,100,1
13:20:44,3.573,3.554196,50.84853172,100,1
13:20:45,3.573,3.554178,50.84853172,100,1
13:20:46,3.573,3.554161,50.84853172,100,1
13:20:47,3.573,3.554144,50.84853172,100,1
13:20:48,3.573,3.554128,50.84853172,100,1
13:20:49,3.573,3.554112,50.84853172,100,1
13:20:50,3.573,3.554096,50.84853172,100,1
13:20:51,3.573,3.554081,50.84853172,100,1
13:20:52,3.573,3.554066,50.84853172,100,1
13:20:53,3.573,3.554052,50.84853172,100,1
13:20:54,3.573,3.554038,50.84853172,100,1
13:20:55,3.573,3.554025,50.84853172,100,1
13:20:56,3.573,3.554012,50.84853172,100,1
13:20:57,3.573,3.553999,50.84853172,100,1
13:20:58,3.573,3.553987,50.84853172,100,1
13:20:59,3.573,3.553975,50.84853172,100,1
13:21:00,3.573,3.553963,50.84853172,100,1
13:21:01,3.573,3.553952,50.84853172,100,1
13:21:02,3.573,3.553941,50.84853172,100,1
13:21:03,3.573,3.55393,50.84853172,100,1
13:21:04,3.573,3.55392,50.84853172,100,1
13:21:05,3.573,3.55391,50.84853172,100,1
13:21:06,3.573,3.5539,50.84853172,100,1
13:21:07,3.573,3.553891,50.84853172,100,1
13:21:08,3.573,3.553881,50.84853172,100,1
13:21:09,3.573,3.553872,50.84853172,100,1
13:21:10,3.573,3.553864,50.84853172,100,1
13:21:11,3.573,3.553855,50.84853172,100,1
13:21:12,3.573,3.553847,50.84853172,100,1
13:21:13,3.573,3.553839,50.84853172,100,1
13:21:14,3.573,3.553831,50.84853172,100,1
13:21:15,3.573,3.553824,50.84853172,100,1
13:21:16,3.573,3.553816,50.84853172,100,1
13:21:17,3.572,3.553809,50.84853172,100,1
13:21:18,3.572,3.553789,50.84853172,100,1
13:21:19,3.572,3.55377,50.84853172,100,1
13:21:20,3.572,3.553751,50.84853172,100,1
13:21:21,3.572,3.553733,50.84853172,100,1
13:21:22,3.572,3.553715,50.84853172,100,1
13:21:23,3.571,3.553698,50.84853172,100,1
13:21:24,3.571,3.553668,50.84853172,100,1
13:21:25,3.571,3.553639,50.84853172,100,1
13:21:26,3.571,3.553611,50.84853172,100,1
13:21:27,3.57,3.553583,50.84853172,100,1
13:21:28,3.57,3.553544,50.84853172,100,1
13:21:29,3.569,3.553505,50.84853172,100,1
13:21:30,3.569,3.553455,50.84853172,100,1
13:21:31,3.569,3.553406,50.84853172,100,1
13:21:32,3.568,3.553358,50.84853172,100,1
13:21:33,3.568,3.553299,50.84853172,100,1
13:21:34,3.568,3.553241,50.84853172,100,1
13:21:35,3.568,3.553185,50.84853172,100,1
13:21:36,3.567,3.553131,50.84853172,100,1
13:21:37,3.567,3.553065,50.84853172,100,1
13:21:38,3.567,3.553001,50.84853172,100,1
13:21:39,3.567,3.552939,50.84853172,100,1
13:21:40,3.566,3.552878,50.84853172,100,1
13:21:41,3.566,3.552806,50.84853172,100,1
13:21:42,3.566,3.552737,50.84853172,100,1
13:21:43,3.566,3.552669,50.84853172,100,1
13:21:44,3.566,3.552603,50.84853172,100,1
13:21:45,3.566,3.552539,50.84853172,100,1
13:21:46,3.566,3.552477,50.84853172,100,1
13:21:47,3.566,3.552417,50.84853172,100,1
13:21:48,3.566,3.552358,50.84853172,100,1
13:21:49,3.566,3.552301,50.84853172,100,1
13:21:50,3.566,3.552245,50.84853172,100,1
13:21:51,3.566,3.552191,50.84853172,100,1
13:21:52,3.566,3.552139,50.84853172,100,1
13:21:53,3.566,3.552088,50.84853172,100,1
13:21:54,3.566,3.552039,50.84853172,100,1
13:21:55,3.566,3.551991,50.84853172,100,1
13:21:56,3.566,3.551944,50.84853172,100,1
13:21:57,3.566,3.551899,50.84853172,100,1
13:21:58,3.566,3.551855,50.84853172,100,1
13:21:59,3.566,3.551812,50.84853172,100,1
13:22:00,3.566,3.55177,50.84853172,100,1
13:22:01,3.566,3.55173,50.84853172,100,1
13:22:02,3.566,3.551691,50.84853172,100,1
13:22:03,3.566,3.551653,50.84853172,100,1
13:22:04,3.566,3.551616,50.84853172,100,1
13:22:05,3.566,3.55158,50.84853172,100,1
13:22:06,3.566,3.551545,50.84853172,100,1
13:22:07,3.566,3.551511,50.84853172,100,1
13:22:08,3.566,3.551478,50.84853172,100,1
13:22:09,3.566,3.551445,50.84853172,100,1
13:22:10,3.566,3.551414,50.84853172,100,1
13:22:11,3.566,3.551384,50.84853172,100,1
13:22:12,3.566,3.551354,50.84853172,100,1
13:22:13,3.566,3.551326,50.84853172,100,1
13:22:14,3.566,3.551298,50.84853172,100,1
13:22:15,3.566,3.551271,50.84853172,100,1
13:22:16,3.566,3.551245,50.84853172,100,1
13:22:17,3.566,3.551219,50.84853172,100,1
13:22:18,3.566,3.551194,50.84853172,100,1
13:22:19,3.566,3.55117,50.84853172,100,1
13:22:20,3.566,3.551147,50.84853172,100,1
13:22:21,3.566,3.551124,50.84853172,100,1
13:22:22,3.566,3.551102,50.84853172,100,1
13:22:23,3.566,3.55108,50.84853172,100,1
13:22:24,3.566,3.55106,50.84853172,100,1
13:22:25,3.566,3.551039,50.84853172,100,1
13:22:26,3.566,3.55102,50.84853172,100,1
13:22:27,3.566,3.551001,50.84853172,100,1
13:22:28,3.566,3.550982,50.84853172,100,1
13:22:29,3.566,3.550964,50.84853172,100,1
13:22:30,3.566,3.550946,50.84853172,100,1
13:22:31,3.566,3.550929,50.84853172,100,1
13:22:32,3.566,3.550913,50.84853172,100,1
13:22:33,3.566,3.550896,50.84853172,100,1
13:22:34,3.566,3.550881,50.84853172,100,1
13:22:35,3.566,3.550866,50.84853172,100,1
13:22:36,3.566,3.550851,50.84853172,100,1
13:22:37,3.566,3.550837,50.84853172,100,1
13:22:38,3.566,3.550822,50.84853172,100,1
13:22:39,3.566,3.550809,50.84853172,100,1
13:22:40,3.566,3.550796,50.84853172,100,1
13:22:41,3.566,3.550783,50.84853172,100,1
13:22:42,3.566,3.550771,50.84853172,100,1
13:22:43,3.566,3.550758,50.84853172,100,1
13:22:44,3.566,3.550747,50.84853172,100,1
13:22:45,3.566,3.550735,50.84853172,100,1
13:22:46,3.566,3.550724,50.84853172,100,1
13:22:47,3.566,3.550713,50.84853172,100,1
13:22:48,3.566,3.550703,50.84853172,100,1
13:22:49,3.566,3.550693,50.84853172,100,1
13:22:50,3.566,3.550683,50.84853172,100,1
13:22:51,3.566,3.550673,50.84853172,100,1
13:22:52,3.566,3.550664,50.84853172,100,1
13:22:53,3.566,3.550655,50.84853172,100,1
13:22:54,3.566,3.550646,50.84853172,100,1
13:22:55,3.566,3.550637,50.84853172,100,1
13:22:56,3.566,3.550629,50.84853172,100,1
13:22:57,3.566,3.550621,50.84853172,100,1
13:22:58,3.566,3.550613,50.84853172,100,1
13:22:59,3.566,3.550606,50.84853172,100,1
13:23:00,3.566,3.550598,50.84853172,100,1
13:23:01,3.566,3.550591,50.84853172,100,1
13:23:02,3.566,3.550584,50.84853172,100,1
13:23:03,3.566,3.550577,50.84853172,100,1
13:23:04,3.566,3.55057,50.84853172,100,1
13:23:05,3.566,3.550564,50.84853172,100,1
13:23:06,3.566,3.550558,50.84853172,100,1
13:23:07,3.566,3.550552,50.84853172,100,1
13:23:08,3.566,3.550546,50.84853172,100,1
13:23:09,3.566,3.55054,50.84853172,100,1
13:23:10,3.566,3.550534,50.84853172,100,1
13:23:11,3.566,3.550529,50.84853172,100,1
13:23:12,3.566,3.550524,50.84853172,100,1
13:23:13,3.566,3.550519,50.84853172,100,1
13:23:14,3.566,3.550514,50.84853172,100,1
13:23:15,3.566,3.550509,50.84853172,100,1
13:23:16,3.566,3.550504,50.84853172,100,1
13:23:17,3.566,3.5505,50.84853172,100,1
13:23:18,3.566,3.550495,50.84853172,100,1
13:23:19,3.566,3.550491,50.84853172,100,1
13:23:20,3.566,3.550487,50.84853172,100,1
13:23:21,3.565,3.550483,50.84853172,100,1
13:23:22,3.565,3.550466,50.84853172,100,1
13:23:23,3.565,3.550449,50.84853172,100,1
13:23:24,3.566,3.550433,50.84853172,100,1
13:23:25,3.565,3.550431,50.84853172,100,1
13:23:26,3.565,3.550415,50.84853172,100,1
13:23:27,3.566,3.5504,50.84853172,100,1
13:23:28,3.565,3.550398,50.84853172,100,1
13:23:29,3.565,3.550384,50.84853172,100,1
13:23:30,3.565,3.55037,50.84853172,100,1
13:23:31,3.565,3.550356,50.84853172,100,1
13:23:32,3.565,3.550343,50.84853172,100,1
13:23:33,3.565,3.550329,50.84853172,100,1
13:23:34,3.565,3.550317,50.84853172,100,1
13:23:35,3.565,3.550305,50.84853172,100,1
13:23:36,3.565,3.550293,50.84853172,100,1
13:23:37,3.565,3.550281,50.84853172,100,1
13:23:38,3.565,3.55027,50.84853172,100,1
13:23:39,3.565,3.550259,50.84853172,100,1
13:23:40,3.565,3.550248,50.84853172,100,1
13:23:41,3.565,3.550238,50.84853172,100,1
13:23:42,3.565,3.550228,50.84853172,100,1
13:23:43,3.565,3.550218,50.84853172,100,1
13:23:44,3.565,3.550209,50.84853172,100,1
13:23:45,3.565,3.5502,50.84853172,100,1
13:23:46,3.565,3.55019,50.84853172,100,1
13:23:47,3.565,3.550182,50.84853172,100,1
13:23:48,3.565,3.550173,50.84853172,100,1
13:23:49,3.565,3.550165,50.84853172,100,1
13:23:50,3.565,3.550157,50.84853172,100,1
13:23:51,3.565,3.550149,50.84853172,100,1
13:23:52,3.565,3.550142,50.84853172,100,1
13:23:53,3.565,3.550134,50.84853172,100,1
13:23:54,3.565,3.550128,50.84853172,100,1
13:23:55,3.565,3.550121,50.84853172,100,1
13:23:56,3.565,3.550114,50.84853172,100,1
13:23:57,3.565,3.550107,50.84853172,100,1
13:23:58,3.565,3.550101,50.84853172,100,1
13:23:59,3.565,3.550095,50.84853172,100,1
13:24:00,3.565,3.550089,50.84853172,100,1
13:24:01,3.565,3.550083,50.84853172,100,1
13:24:02,3.565,3.550077,50.84853172,100,1
13:24:03,3.565,3.550072,50.84853172,100,1
13:24:04,3.565,3.550066,50.84853172,100,1
13:24:05,3.565,3.550061,50.84853172,100,1
13:24:06,3.565,3.550056,50.84853172,100,1
13:24:07,3.565,3.550051,50.84853172,100,1
13:24:08,3.565,3.550046,50.84853172,100,1
13:24:09,3.565,3.550042,50.84853172,100,1
13:24:10,3.565,3.550037,50.84853172,100,1
13:24:11,3.565,3.550033,50.84853172,100,1
13:24:12,3.565,3.550029,50.84853172,100,1
13:24:13,3.565,3.550025,50.84853172,100,1
13:24:14,3.565,3.550021,50.84853172,100,1
13:24:15,3.565,3.550017,50.84853172,100,1
13:24:16,3.565,3.550013,50.84853172,100,1
13:24:17,3.565,3.550009,50.84853172,100,1
13:24:18,3.565,3.550006,50.84853172,100,1
13:24:19,3.565,3.550002,50.84853172,100,1
13:24:20,3.564,3.549999,50.84853172,100,1
13:24:21,3.564,3.549983,50.84853172,100,1
13:24:22,3.564,3.549967,50.84853172,100,1
13:24:23,3.564,3.549951,50.84853172,100,1
13:24:24,3.564,3.549937,50.84853172,100,1
13:24:25,3.564,3.549922,50.84853172,100,1
13:24:26,3.564,3.549908,50.84853172,100,1
13:24:27,3.564,3.549894,50.84853172,100,1
13:24:28,3.564,3.549881,50.84853172,100,1
13:24:29,3.564,3.549868,50.84853172,100,1
13:24:30,3.564,3.549855,50.84853172,100,1
13:24:31,3.563,3.549843,50.84853172,100,1
13:24:32,3.563,3.549818,50.84853172,100,1
13:24:33,3.563,3.549794,50.84853172,100,1
13:24:34,3.563,3.54977,50.84853172,100,1
13:24:35,3.562,3.549747,50.84853172,100,1
13:24:36,3.563,3.549712,50.84853172,100,1
13:24:37,3.562,3.549691,50.84853172,100,1
13:24:38,3.562,3.549657,50.84853172,100,1
13:24:39,3.562,3.549625,50.84853172,100,1
13:24:40,3.561,3.549593,50.84853172,100,1
13:24:41,3.561,3.549549,50.84853172,100,1
13:24:42,3.561,3.549506,50.84853172,100,1
13:24:43,3.561,3.549465,50.84853172,100,1
13:24:44,3.56,3.549425,50.84853172,100,1
13:24:45,3.56,3.549372,50.84853172,100,1
13:24:46,3.56,3.549322,50.84853172,100,1
13:24:47,3.56,3.549273,50.84853172,100,1
13:24:48,3.56,3.549225,50.84853172,100,1
13:24:49,3.56,3.549178,50.84853172,100,1
13:24:50,3.559,3.549133,50.84853172,100,1
13:24:51,3.559,3.549076,50.84853172,100,1
13:24:52,3.559,3.549021,50.84853172,100,1
13:24:53,3.559,3.548967,50.84853172,100,1
13:24:54,3.559,3.548915,50.84853172,100,1
13:24:55,3.559,3.548864,50.84853172,100,1
13:24:56,3.559,3.548815,50.84853172,100,1
13:24:57,3.559,3.548767,50.84853172,100,1
13:24:58,3.559,3.54872,50.84853172,100,1
13:24:59,3.559,3.548675,50.84853172,100,1
13:25:00,3.559,3.548631,50.84853172,100,1
13:25:01,3.559,3.548589,50.84853172,100,1
13:25:02,3.559,3.548547,50.84853172,100,1
13:25:03,3.559,3.548506,50.84853172,100,1
13:25:04,3.559,3.548467,50.84853172,100,1
13:25:05,3.559,3.548429,50.84853172,100,1
13:25:06,3.559,3.548392,50.84853172,100,1
13:25:07,3.559,3.548356,50.84853172,100,1
13:25:08,3.559,3.548321,50.84853172,100,1
13:25:09,3.559,3.548287,50.84853172,100,1
13:25:10,3.559,3.548254,50.84853172,100,1
13:25:11,3.559,3.548223,50.84853172,100,1
13:25:12,3.559,3.548191,50.84853172,100,1
13:25:13,3.559,3.548161,50.84853172,100,1
13:25:14,3.559,3.548132,50.84853172,100,1
13:25:15,3.559,3.548103,50.84853172,100,1
13:25:16,3.559,3.548075,50.84853172,100,1
13:25:17,3.559,3.548048,50.84853172,100,1
13:25:18,3.559,3.548022,50.84853172,100,1
13:25:19,3.559,3.547997,50.84853172,100,1
13:25:20,3.559,3.547972,50.84853172,100,1
13:25:21,3.559,3.547948,50.84853172,100,1
13:25:22,3.559,3.547925,50.84853172,100,1
13:25:23,3.559,3.547902,50.84853172,100,1
13:25:24,3.559,3.54788,50.84853172,100,1
13:25:25,3.559,3.547858,50.84853172,100,1
13:25:26,3.559,3.547837,50.84853172,100,1
13:25:27,3.559,3.547817,50.84853172,100,1
13:25:28,3.559,3.547797,50.84853172,100,1
13:25:29,3.559,3.547778,50.84853172,100,1
13:25:30,3.559,3.54776,50.84853172,100,1
13:25:31,3.559,3.547742,50.84853172,100,1
13:25:32,3.559,3.547724,50.84853172,100,1
13:25:33,3.559,3.547707,50.84853172,100,1
13:25:34,3.559,3.547691,50.84853172,100,1
13:25:35,3.559,3.547675,50.84853172,100,1
13:25:36,3.559,3.547659,50.84853172,100,1
13:25:37,3.559,3.547644,50.84853172,100,1
13:25:38,3.559,3.547629,50.84853172,100,1
13:25:39,3.559,3.547615,50.84853172,100,1
13:25:40,3.559,3.547601,50.84853172,100,1
13:25:41,3.559,3.547587,50.84853172,100,1
13:25:42,3.559,3.547574,50.84853172,100,1
13:25:43,3.559,3.547561,50.84853172,100,1
13:25:44,3.559,3.547549,50.84853172,100,1
13:25:45,3.559,3.547537,50.84853172,100,1
13:25:46,3.559,3.547525,50.84853172,100,1
13:25:47,3.559,3.547513,50.84853172,100,1
13:25:48,3.559,3.547503,50.84853172,100,1
13:25:49,3.559,3.547492,50.84853172,100,1
13:25:50,3.559,3.547481,50.84853172,100,1
13:25:51,3.559,3.547471,50.84853172,100,1
13:25:52,3.559,3.547461,50.84853172,100,1
13:25:53,3.559,3.547452,50.84853172,100,1
13:25:54,3.559,3.547442,50.84853172,100,1
13:25:55,3.559,3.547433,50.84853172,100,1
13:25:56,3.559,3.547425,50.84853172,100,1
13:25:57,3.559,3.547416,50.84853172,100,1
13:25:58,3.559,3.547408,50.84853172,100,1
13:25:59,3.559,3.5474,50.84853172,100,1
13:26:00,3.559,3.547392,50.84853172,100,1
13:26:01,3.559,3.547384,50.84853172,100,1
13:26:02,3.559,3.547377,50.84853172,100,1
13:26:03,3.559,3.547369,50.84853172,100,1
13:26:04,3.559,3.547363,50.84853172,100,1
13:26:05,3.559,3.547356,50.84853172,100,1
13:26:06,3.559,3.547349,50.84853172,100,1
13:26:07,3.559,3.547343,50.84853172,100,1
13:26:08,3.559,3.547336,50.84853172,100,1
13:26:09,3.559,3.54733,50.84853172,100,1
13:26:10,3.559,3.547324,50.84853172,100,1
13:26:11,3.559,3.547319,50.84853172,100,1
13:26:12,3.559,3.547313,50.84853172,100,1
13:26:13,3.559,3.547308,50.84853172,100,1
13:26:14,3.559,3.547302,50.84853172,100,1
13:26:15,3.559,3.547297,50.84853172,100,1
13:26:16,3.559,3.547292,50.84853172,100,1
13:26:17,3.559,3.547288,50.84853172,100,1
13:26:18,3.559,3.547283,50.84853172,100,1
13:26:19,3.559,3.547278,50.84853172,100,1
13:26:20,3.559,3.547274,50.84853172,100,1
13:26:21,3.559,3.54727,50.84853172,100,1
13:26:22,3.559,3.547266,50.84853172,100,1
13:26:23,3.559,3.547261,50.84853172,100,1
13:26:24,3.559,3.547258,50.84853172,100,1
13:26:25,3.559,3.547254,50.84853172,100,1
13:26:26,3.559,3.54725,50.84853172,100,1
13:26:27,3.559,3.547246,50.84853172,100,1
13:26:28,3.559,3.547243,50.84853172,100,1
13:26:29,3.559,3.54724,50.84853172,100,1
13:26:30,3.559,3.547236,50.84853172,100,1
13:26:31,3.559,3.547233,50.84853172,100,1
13:26:32,3.559,3.54723,50.84853172,100,1
13:26:33,3.559,3.547227,50.84853172,100,1
13:26:34,3.559,3.547224,50.84853172,100,1
13:26:35,3.559,3.547221,50.84853172,100,1
13:26:36,3.559,3.547218,50.84853172,100,1
13:26:37,3.559,3.547215,50.84853172,100,1
13:26:38,3.558,3.547213,50.84853172,100,1
13:26:39,3.559,3.547197,50.84853172,100,1
13:26:40,3.558,3.547195,50.84853172,100,1
13:26:41,3.559,3.54718,50.84853172,100,1
13:26:42,3.559,3.547179,50.84853172,100,1
13:26:43,3.558,3.547177,50.84853172,100,1
13:26:44,3.559,3.547162,50.84853172,100,1
13:26:45,3.559,3.547161,50.84853172,100,1
13:26:46,3.559,3.54716,50.84853172,100,1
13:26:47,3.558,3.547159,50.84853172,100,1
13:26:48,3.558,3.547145,50.84853172,100,1
13:26:49,3.559,3.547131,50.84853172,100,1
13:26:50,3.558,3.547131,50.84853172,100,1
13:26:51,3.559,3.547118,50.84853172,100,1
13:26:52,3.558,3.547118,50.84853172,100,1
13:26:53,3.559,3.547105,50.84853172,100,1
13:26:54,3.558,3.547106,50.84853172,100,1
13:26:55,3.559,3.547093,50.84853172,100,1
13:26:56,3.559,3.547094,50.84853172,100,1
13:26:57,3.558,3.547095,50.84853172,100,1
13:26:58,3.559,3.547082,50.84853172,100,1
13:26:59,3.558,3.547083,50.84853172,100,1
13:27:00,3.558,3.547071,50.84853172,100,1
13:27:01,3.558,3.54706,50.84853172,100,1
13:27:02,3.558,3.547049,50.84853172,100,1
13:27:03,3.558,3.547038,50.84853172,100,1
13:27:04,3.558,3.547027,50.84853172,100,1
13:27:05,3.558,3.547017,50.84853172,100,1
13:27:06,3.558,3.547007,50.84853172,100,1
13:27:07,3.558,3.546997,50.84853172,100,1
13:27:08,3.558,3.546988,50.84853172,100,1
13:27:09,3.558,3.546978,50.84853172,100,1
13:27:10,3.558,3.546969,50.84853172,100,1
13:27:11,3.558,3.546961,50.84853172,100,1
13:27:12,3.558,3.546952,50.84853172,100,1
13:27:13,3.558,3.546944,50.84853172,100,1
13:27:14,3.558,3.546936,50.84853172,100,1
13:27:15,3.558,3.546928,50.84853172,100,1
13:27:16,3.558,3.546921,50.84853172,100,1
13:27:17,3.558,3.546914,50.84853172,100,1
13:27:18,3.558,3.546906,50.84853172,100,1
13:27:19,3.558,3.5469,50.84853172,100,1
13:27:20,3.558,3.546893,50.84853172,100,1
13:27:21,3.558,3.546886,50.84853172,100,1
13:27:22,3.558,3.54688,50.84853172,100,1
13:27:23,3.558,3.546874,50.84853172,100,1
13:27:24,3.558,3.546868,50.84853172,100,1
13:27:25,3.558,3.546862,50.84853172,100,1
13:27:26,3.558,3.546856,50.84853172,100,1
13:27:27,3.558,3.546851,50.84853172,100,1
13:27:28,3.558,3.546845,50.84853172,100,1
13:27:29,3.558,3.54684,50.84853172,100,1
13:27:30,3.558,3.546835,50.84853172,100,1
13:27:31,3.558,3.54683,50.84853172,100,1
13:27:32,3.558,3.546826,50.84853172,100,1
13:27:33,3.558,3.546821,50.84853172,100,1
13:27:34,3.558,3.546817,50.84853172,100,1
13:27:35,3.558,3.546812,50.84853172,100,1
13:27:36,3.558,3.546808,50.84853172,100,1
13:27:37,3.558,3.546804,50.84853172,100,1
13:27:38,3.558,3.5468,50.84853172,100,1
13:27:39,3.558,3.546796,50.84853172,100,1
13:27:40,3.558,3.546792,50.84853172,100,1
13:27:41,3.558,3.546788,50.84853172,100,1
13:27:42,3.558,3.546785,50.84853172,100,1
13:27:43,3.558,3.546782,50.84853172,100,1
13:27:44,3.558,3.546778,50.84853172,100,1
13:27:45,3.558,3.546775,50.84853172,100,1
13:27:46,3.557,3.546772,50.84853172,100,1
13:27:47,3.557,3.546756,50.84853172,100,1
13:27:48,3.557,3.54674,50.84853172,100,1
13:27:49,3.557,3.546725,50.84853172,100,1
13:27:50,3.557,3.54671,50.84853172,100,1
13:27:51,3.557,3.546695,50.84853172,100,1
13:27:52,3.557,3.546681,50.84853172,100,1
13:27:53,3.557,3.546668,50.84853172,100,1
13:27:54,3.556,3.546655,50.84853172,100,1
13:27:55,3.556,3.546629,50.84853172,100,1
13:27:56,3.556,3.546604,50.84853172,100,1
13:27:57,3.556,3.546579,50.84853172,100,1
13:27:58,3.556,3.546556,50.84853172,100,1
13:27:59,3.556,3.546533,50.84853172,100,1
13:28:00,3.555,3.54651,50.84853172,100,1
13:28:01,3.555,3.546475,50.84853172,100,1
13:28:02,3.555,3.546442,50.84853172,100,1
13:28:03,3.555,3.546409,50.84853172,100,1
13:28:04,3.554,3.546377,50.84853172,100,1
13:28:05,3.554,3.546333,50.84853172,100,1
13:28:06,3.554,3.54629,50.84853172,100,1
13:28:07,3.554,3.546249,50.84853172,100,1
13:28:08,3.554,3.546208,50.84853172,100,1
13:28:09,3.553,3.546169,50.84853172,100,1
13:28:10,3.553,3.546118,50.84853172,100,1
13:28:11,3.553,3.546068,50.84853172,100,1
13:28:12,3.553,3.54602,50.84853172,100,1
13:28:13,3.553,3.545973,50.84853172,100,1
13:28:14,3.553,3.545927,50.84853172,100,1
13:28:15,3.553,3.545883,50.84853172,100,1
13:28:16,3.553,3.54584,50.84853172,100,1
13:28:17,3.553,3.545798,50.84853172,100,1
13:28:18,3.553,3.545757,50.84853172,100,1
13:28:19,3.553,3.545718,50.84853172,100,1
13:28:20,3.553,3.54568,50.84853172,100,1
13:28:21,3.552,3.545642,50.84853172,100,1
13:28:22,3.552,3.545593,50.84853172,100,1
13:28:23,3.552,3.545545,50.84853172,100,1
13:28:24,3.552,3.545499,50.84853172,100,1
13:28:25,3.552,3.545453,50.84853172,100,1
13:28:26,3.552,3.545409,50.84853172,100,1
13:28:27,3.552,3.545367,50.84853172,100,1
13:28:28,3.552,3.545325,50.84853172,100,1
13:28:29,3.552,3.545285,50.84853172,100,1
13:28:30,3.552,3.545246,50.84853172,100,1
13:28:31,3.552,3.545208,50.84853172,100,1
13:28:32,3.552,3.545171,50.84853172,100,1
13:28:33,3.552,3.545135,50.84853172,100,1
13:28:34,3.552,3.5451,50.84853172,100,1
13:28:35,3.552,3.545066,50.84853172,100,1
13:28:36,3.552,3.545033,50.84853172,100,1
13:28:37,3.552,3.545001,50.84853172,100,1
13:28:38,3.552,3.54497,50.84853172,100,1
13:28:39,3.552,3.54494,50.84853172,100,1
13:28:40,3.552,3.54491,50.84853172,100,1
13:28:41,3.552,3.544882,50.84853172,100,1
13:28:42,3.552,3.544854,50.84853172,100,1
13:28:43,3.552,3.544827,50.84853172,100,1
13:28:44,3.552,3.544801,50.84853172,100,1
13:28:45,3.552,3.544775,50.84853172,100,1
13:28:46,3.552,3.544751,50.84853172,100,1
13:28:47,3.552,3.544727,50.84853172,100,1
13:28:48,3.552,3.544703,50.84853172,100,1
13:28:49,3.552,3.544681,50.84853172,100,1
13:28:50,3.552,3.544658,50.84853172,100,1
13:28:51,3.552,3.544637,50.84853172,100,1
13:28:52,3.552,3.544616,50.84853172,100,1
13:28:53,3.552,3.544596,50.84853172,100,1
13:28:54,3.552,3.544576,50.84853172,100,1
13:28:55,3.552,3.544557,50.84853172,100,1
13:28:56,3.552,3.544539,50.84853172,100,1
13:28:57,3.552,3.544521,50.84853172,100,1
13:28:58,3.552,3.544503,50.84853172,100,1
13:28:59,3.552,3.544486,50.84853172,100,1
13:29:00,3.552,3.54447,50.84853172,100,1
13:29:01,3.552,3.544453,50.84853172,100,1
13:29:02,3.552,3.544438,50.84853172,100,1
13:29:03,3.552,3.544423,50.84853172,100,1
13:29:04,3.552,3.544408,50.84853172,100,1
13:29:05,3.552,3.544394,50.84853172,100,1
13:29:06,3.552,3.54438,50.84853172,100,1
13:29:07,3.552,3.544366,50.84853172,100,1
13:29:08,3.552,3.544353,50.84853172,100,1
13:29:09,3.552,3.54434,50.84853172,100,1
13:29:10,3.552,3.544328,50.84853172,100,1
13:29:11,3.552,3.544316,50.84853172,100,1
13:29:12,3.552,3.544304,50.84853172,100,1
13:29:13,3.552,3.544293,50.84853172,100,1
13:29:14,3.552,3.544281,50.84853172,100,1
13:29:15,3.552,3.544271,50.84853172,100,1
13:29:16,3.552,3.54426,50.84853172,100,1
13:29:17,3.552,3.54425,50.84853172,100,1
13:29:18,3.552,3.54424,50.84853172,100,1
13:29:19,3.552,3.544231,50.84853172,100,1
13:29:20,3.552,3.544221,50.84853172,100,1
13:29:21,3.552,3.544212,50.84853172,100,1
13:29:22,3.552,3.544204,50.84853172,100,1
13:29:23,3.552,3.544195,50.84853172,100,1
13:29:24,3.552,3.544187,50.84853172,100,1
13:29:25,3.552,3.544179,50.84853172,100,1
13:29:26,3.552,3.544171,50.84853172,100,1
13:29:27,3.552,3.544163,50.84853172,100,1
13:29:28,3.552,3.544156,50.84853172,100,1
13:29:29,3.552,3.544149,50.84853172,100,1
13:29:30,3.552,3.544142,50.84853172,100,1
13:29:31,3.552,3.544135,50.84853172,100,1
13:29:32,3.552,3.544128,50.84853172,100,1
13:29:33,3.552,3.544122,50.84853172,100,1
13:29:34,3.552,3.544116,50.84853172,100,1
13:29:35,3.552,3.54411,50.84853172,100,1
13:29:36,3.552,3.544104,50.84853172,100,1
13:29:37,3.552,3.544098,50.84853172,100,1
13:29:38,3.552,3.544092,50.84853172,100,1
13:29:39,3.552,3.544087,50.84853172,100,1
13:29:40,3.552,3.544082,50.84853172,100,1
13:29:41,3.552,3.544077,50.84853172,100,1
13:29:42,3.552,3.544072,50.84853172,100,1
13:29:43,3.552,3.544067,50.84853172,100,1
13:29:44,3.552,3.544062,50.84853172,100,1
13:29:45,3.552,3.544058,50.84853172,100,1
13:29:46,3.552,3.544053,50.84853172,100,1
13:29:47,3.552,3.544049,50.84853172,100,1
13:29:48,3.552,3.544045,50.84853172,100,1
13:29:49,3.552,3.544041,50.84853172,100,1
13:29:50,3.552,3.544037,50.84853172,100,1
13:29:51,3.552,3.544033,50.84853172,100,1
13:29:52,3.552,3.544029,50.84853172,100,1
13:29:53,3.552,3.544026,50.84853172,100,1
13:29:54,3.552,3.544022,50.84853172,100,1
13:29:55,3.552,3.544019,50.84853172,100,1
13:29:56,3.552,3.544015,50.84853172,100,1
13:29:57,3.552,3.544012,50.84853172,100,1
13:29:58,3.552,3.544009,50.84853172,100,1
13:29:59,3.552,3.544006,50.84853172,100,1
13:30:00,3.552,3.544003,50.84853172,100,1
13:30:01,3.552,3.544,50.84853172,100,1
13:30:02,3.552,3.543998,50.84853172,100,1
13:30:03,3.552,3.543995,50.84853172,100,1
13:30:04,3.552,3.543992,50.84853172,100,1
13:30:05,3.552,3.543989,50.84853172,100,1
13:30:06,3.552,3.543987,50.84853172,100,1
13:30:07,3.552,3.543985,50.84853172,100,1
13:30:08,3.552,3.543982,50.84853172,100,1
13:30:09,3.552,3.54398,50.84853172,100,1
13:30:10,3.552,3.543978,50.84853172,100,1
13:30:11,3.552,3.543976,50.84853172,100,1
13:30:12,3.552,3.543973,50.84853172,100,1
13:30:13,3.552,3.543972,50.84853172,100,1
13:30:14,3.552,3.54397,50.84853172,100,1
13:30:15,3.552,3.543967,50.84853172,100,1
13:30:16,3.552,3.543966,50.84853172,100,1
13:30:17,3.552,3.543964,50.84853172,100,1
13:30:18,3.552,3.543962,50.84853172,100,1
13:30:19,3.552,3.54396,50.84853172,100,1
13:30:20,3.552,3.543959,50.84853172,100,1
13:30:21,3.552,3.543957,50.84853172,100,1
13:30:22,3.552,3.543956,50.84853172,100,1
13:30:23,3.552,3.543954,50.84853172,100,1
13:30:24,3.552,3.543953,50.84853172,100,1
13:30:25,3.552,3.543951,50.84853172,100,1
13:30:26,3.552,3.54395,50.84853172,100,1
13:30:27,3.552,3.543948,50.84853172,100,1
13:30:28,3.552,3.543947,50.84853172,100,1
13:30:29,3.552,3.543946,50.84853172,100,1
13:30:30,3.552,3.543945,50.84853172,100,1
13:30:31,3.552,3.543943,50.84853172,100,1
13:30:32,3.552,3.543942,50.84853172,100,1
13:30:33,3.552,3.543941,50.84853172,100,1
13:30:34,3.552,3.54394,50.84853172,100,1
13:30:35,3.552,3.543939,50.84853172,100,1
13:30:36,3.552,3.543938,50.84853172,100,1
13:30:37,3.552,3.543937,50.84853172,100,1
13:30:38,3.552,3.543936,50.84853172,100,1
13:30:39,3.552,3.543935,50.84853172,100,1
13:30:40,3.552,3.543934,50.84853172,100,1
13:30:41,3.552,3.543933,50.84853172,100,1
13:30:42,3.552,3.543932,50.84853172,100,1
13:30:43,3.552,3.543931,50.84853172,100,1
13:30:44,3.552,3.54393,50.84853172,100,1
13:30:45,3.552,3.54393,50.84853172,100,1
13:30:46,3.552,3.543929,50.84853172,100,1
13:30:47,3.552,3.543928,50.84853172,100,1
13:30:48,3.552,3.543927,50.84853172,100,1
13:30:49,3.552,3.543926,50.84853172,100,1
13:30:50,3.552,3.543926,50.84853172,100,1
13:30:51,3.552,3.543925,50.84853172,100,1
13:30:52,3.552,3.543925,50.84853172,100,1
13:30:53,3.552,3.543924,50.84853172,100,1
13:30:54,3.552,3.543923,50.84853172,100,1
13:30:55,3.552,3.543923,50.84853172,100,1
13:30:56,3.552,3.543922,50.84853172,100,1
13:30:57,3.552,3.543921,50.84853172,100,1
13:30:58,3.552,3.543921,50.84853172,100,1
13:30:59,3.552,3.54392,50.84853172,100,1
13:31:00,3.552,3.54392,50.84853172,100,1
13:31:01,3.552,3.543919,50.84853172,100,1
13:31:02,3.552,3.543919,50.84853172,100,1
13:31:03,3.552,3.543918,50.84853172,100,1
13:31:04,3.552,3.543918,50.84853172,100,1
13:31:05,3.552,3.543917,50.84853172,100,1
13:31:06,3.552,3.543917,50.84853172,100,1
13:31:07,3.552,3.543916,50.84853172,100,1
13:31:08,3.552,3.543916,50.84853172,100,1
13:31:09,3.552,3.543916,50.84853172,100,1
13:31:10,3.552,3.543915,50.84853172,100,1
13:31:11,3.552,3.543915,50.84853172,100,1
13:31:12,3.552,3.543915,50.84853172,100,1
13:31:13,3.552,3.543914,50.84853172,100,1
13:31:14,3.552,3.543914,50.84853172,100,1
13:31:15,3.552,3.543913,50.84853172,100,1
13:31:16,3.552,3.543913,50.84853172,100,1
13:31:17,3.552,3.543913,50.84853172,100,1
13:31:18,3.552,3.543912,50.84853172,100,1
13:31:19,3.552,3.543912,50.84853172,100,1
13:31:20,3.552,3.543912,50.84853172,100,1
13:31:21,3.552,3.543912,50.84853172,100,1
13:31:22,3.552,3.543911,50.84853172,100,1
13:31:23,3.552,3.543911,50.84853172,100,1
13:31:24,3.552,3.543911,50.84853172,100,1
13:31:25,3.552,3.543911,50.84853172,100,1
13:31:26,3.552,3.54391,50.84853172,100,1
13:31:27,3.552,3.54391,50.84853172,100,1
13:31:28,3.552,3.54391,50.84853172,100,1
13:31:29,3.551,3.54391,50.84853172,100,1
13:31:30,3.551,3.543896,50.84853172,100,1
13:31:31,3.551,3.543884,50.84853172,100,1
13:31:32,3.551,3.543871,50.84853172,100,1
13:31:33,3.551,3.543859,50.84853172,100,1
13:31:34,3.552,3.543847,50.84853172,100,1
13:31:35,3.552,3.543849,50.84853172,100,1
13:31:36,3.552,3.54385,50.84853172,100,1
13:31:37,3.551,3.543852,50.84853172,100,1
13:31:38,3.552,3.54384,50.84853172,100,1
13:31:39,3.551,3.543842,50.84853172,100,1
13:31:40,3.551,3.54383,50.84853172,100,1
13:31:41,3.551,3.543819,50.84853172,100,1
13:31:42,3.551,3.543809,50.84853172,100,1
13:31:43,3.551,3.543798,50.84853172,100,1
13:31:44,3.551,3.543788,50.84853172,100,1
13:31:45,3.551,3.543778,50.84853172,100,1
13:31:47,3.551,3.543769,50.84853172,100,1
13:31:47,3.552,3.54376,50.84853172,100,1
13:31:48,3.551,3.543764,50.84853172,100,1
13:31:49,3.551,3.543754,50.84853172,100,1
13:31:50,3.551,3.543746,50.84853172,100,1
13:31:51,3.551,3.543737,50.84853172,100,1
13:31:52,3.551,3.543729,50.84853172,100,1
13:31:53,3.551,3.54372,50.84853172,100,1
13:31:54,3.551,3.543713,50.84853172,100,1
13:31:56,3.551,3.543705,50.84853172,100,1
13:31:56,3.551,3.543697,50.84853172,100,1
13:31:57,3.551,3.54369,50.84853172,100,1
13:31:58,3.551,3.543683,50.84853172,100,1
13:31:59,3.551,3.543676,50.84853172,100,1
13:32:00,3.551,3.54367,50.84853172,100,1
13:32:01,3.551,3.543663,50.84853172,100,1
13:32:02,3.551,3.543657,50.84853172,100,1
13:32:03,3.551,3.543651,50.84853172,100,1
13:32:04,3.551,3.543645,50.84853172,100,1
13:32:05,3.551,3.543639,50.84853172,100,1
13:32:06,3.551,3.543634,50.84853172,100,1
13:32:07,3.551,3.543628,50.84853172,100,1
13:32:08,3.551,3.543623,50.84853172,100,1
13:32:09,3.551,3.543618,50.84853172,100,1
13:32:10,3.551,3.543613,50.84853172,100,1
13:32:11,3.551,3.543608,50.84853172,100,1
13:32:12,3.551,3.543603,50.84853172,100,1
13:32:13,3.551,3.543599,50.84853172,100,1
13:32:14,3.551,3.543594,50.84853172,100,1
13:32:15,3.551,3.54359,50.84853172,100,1
13:32:16,3.551,3.543586,50.84853172,100,1
13:32:18,3.551,3.543581,50.84853172,100,1
13:32:18,3.551,3.543578,50.84853172,100,1
13:32:19,3.551,3.543574,50.84853172,100,1
13:32:20,3.551,3.54357,50.84853172,100,1
13:32:21,3.551,3.543566,50.84853172,100,1
13:32:22,3.551,3.543563,50.84853172,100,1
13:32:23,3.551,3.54356,50.84853172,100,1
13:32:24,3.551,3.543556,50.84853172,100,1
13:32:25,3.551,3.543553,50.84853172,100,1
13:32:26,3.551,3.54355,50.84853172,100,1
13:32:27,3.551,3.543547,50.84853172,100,1
13:32:28,3.551,3.543544,50.84853172,100,1
13:32:29,3.551,3.543541,50.84853172,100,1
13:32:30,3.551,3.543538,50.84853172,100,1
13:32:31,3.551,3.543535,50.84853172,100,1
13:32:33,3.551,3.543533,50.84853172,100,1
13:32:33,3.551,3.54353,50.84853172,100,1
13:32:34,3.551,3.543528,50.84853172,100,1
13:32:35,3.551,3.543525,50.84853172,100,1
13:32:36,3.551,3.543523,50.84853172,100,1
13:32:37,3.551,3.54352,50.84853172,100,1
13:32:38,3.551,3.543518,50.84853172,100,1
13:32:39,3.551,3.543516,50.84853172,100,1
13:32:40,3.551,3.543514,50.84853172,100,1
13:32:41,3.551,3.543512,50.84853172,100,1
13:32:42,3.551,3.54351,50.84853172,100,1
13:32:43,3.551,3.543508,50.84853172,100,1
13:32:44,3.551,3.543506,50.84853172,100,1
13:32:45,3.551,3.543504,50.84853172,100,1
13:32:46,3.551,3.543503,50.84853172,100,1
13:32:47,3.551,3.543501,50.84853172,100,1
13:32:48,3.551,3.543499,50.84853172,100,1
13:32:49,3.551,3.543498,50.84853172,100,1
13:32:50,3.551,3.543496,50.84853172,100,1
13:32:51,3.551,3.543494,50.84853172,100,1
13:32:52,3.551,3.543493,50.84853172,100,1
13:32:54,3.551,3.543491,50.84853172,100,1
13:32:54,3.551,3.54349,50.84853172,100,1
13:32:55,3.551,3.543489,50.84853172,100,1
13:32:56,3.551,3.543487,50.84853172,100,1
13:32:57,3.551,3.543486,50.84853172,100,1
13:32:58,3.551,3.543485,50.84853172,100,1
13:32:59,3.551,3.543483,50.84853172,100,1
13:33:00,3.551,3.543482,50.84853172,100,1
13:33:01,3.551,3.543481,50.84853172,100,1
13:33:03,3.551,3.54348,50.84853172,100,1
13:33:03,3.551,3.543479,50.84853172,100,1
13:33:04,3.551,3.543478,50.84853172,100,1
13:33:05,3.551,3.543477,50.84853172,100,1
13:33:06,3.551,3.543476,50.84853172,100,1
13:33:07,3.551,3.543475,50.84853172,100,1
13:33:08,3.551,3.543474,50.84853172,100,1
13:33:09,3.551,3.543473,50.84853172,100,1
13:33:10,3.55,3.543472,50.84853172,100,1
13:33:11,3.551,3.543458,50.84853172,100,1
13:33:12,3.551,3.543458,50.84853172,100,1
13:33:13,3.55,3.543457,50.84853172,100,1
13:33:14,3.55,3.543444,50.84853172,100,1
13:33:16,3.55,3.543431,50.84853172,100,1
13:33:16,3.55,3.543418,50.84853172,100,1
13:33:17,3.55,3.543406,50.84853172,100,1
13:33:18,3.55,3.543394,50.84853172,100,1
13:33:20,3.55,3.543382,50.84853172,100,1
13:33:20,3.55,3.543371,50.84853172,100,1
13:33:21,3.549,3.54336,50.84853172,100,1
13:33:22,3.549,3.543336,50.84853172,100,1
13:33:24,3.549,3.543313,50.84853172,100,1
13:33:25,3.549,3.54329,50.84853172,100,1
13:33:25,3.549,3.543269,50.84853172,100,1
13:33:26,3.549,3.543247,50.84853172,100,1
13:33:27,3.549,3.543227,50.84853172,100,1
13:33:29,3.549,3.543207,50.84853172,100,1
13:33:29,3.548,3.543188,50.84853172,100,1
13:33:30,3.548,3.543156,50.84853172,100,1
13:33:31,3.549,3.543125,50.84853172,100,1
13:33:33,3.548,3.543108,50.84853172,100,1
13:33:34,3.548,3.543078,50.84853172,100,1
13:33:34,3.548,3.543049,50.84853172,100,1
13:33:35,3.548,3.543021,50.84853172,100,1
13:33:37,3.547,3.542994,50.84853172,100,1
13:33:38,3.548,3.542955,50.84853172,100,1
13:33:38,3.547,3.542929,50.84853172,100,1
13:33:39,3.547,3.542892,50.84853172,100,1
13:33:41,3.547,3.542855,50.84853172,100,1
13:33:42,3.547,3.54282,50.84853172,100,1
13:33:42,3.547,3.542785,50.84853172,100,1
13:33:43,3.547,3.542752,50.84853172,100,1
13:33:44,3.546,3.542719,50.84853172,100,1
13:33:46,3.547,3.542674,50.84853172,100,1
13:33:47,3.546,3.542644,50.84853172,100,1
13:33:47,3.546,3.542602,50.84853172,100,1
13:33:48,3.546,3.54256,50.84853172,100,1
13:33:50,3.546,3.54252,50.84853172,100,1
13:33:51,3.546,3.542481,50.84853172,100,1
13:33:51,3.545,3.542443,50.84853172,100,1
13:33:52,3.545,3.542393,50.84853172,100,1
13:33:54,3.545,3.542345,50.84853172,100,1
13:33:55,3.545,3.542298,50.84853172,100,1
13:33:56,3.545,3.542252,50.84853172,100,1
13:33:56,3.545,3.542207,50.84853172,100,1
13:33:57,3.545,3.542164,50.84853172,100,1
13:33:59,3.545,3.542122,50.84853172,100,1
13:34:00,3.545,3.542081,50.84853172,100,1
13:34:00,3.545,3.542042,50.84853172,100,1
13:34:01,3.545,3.542003,50.84853172,100,1
13:34:03,3.544,3.541966,50.84853172,100,1
13:34:04,3.544,3.541916,50.84853172,100,1
13:34:05,3.544,3.541868,50.84853172,100,1
13:34:06,3.544,3.541822,50.84853172,100,1
13:34:07,3.544,3.541776,50.84853172,100,1
13:34:08,3.544,3.541732,50.84853172,100,1
13:34:09,3.544,3.541689,50.84853172,100,1
13:34:09,3.544,3.541648,50.84853172,100,1
13:34:11,3.544,3.541607,50.84853172,100,1
13:34:12,3.544,3.541568,50.84853172,100,1
13:34:13,3.544,3.54153,50.84853172,100,1
13:34:13,3.544,3.541493,50.84853172,100,1
13:34:15,3.544,3.541457,50.84853172,100,1
13:34:16,3.544,3.541422,50.84853172,100,1
13:34:17,3.544,3.541388,50.84853172,100,1
13:34:18,3.544,3.541355,50.84853172,100,1
13:34:18,3.544,3.541323,50.84853172,100,1
13:34:20,3.544,3.541292,50.84853172,100,1
13:34:21,3.544,3.541261,50.84853172,100,1
13:34:22,3.544,3.541232,50.84853172,100,1
13:34:22,3.544,3.541203,50.84853172,100,1
13:34:24,3.544,3.541175,50.84853172,100,1
13:34:25,3.544,3.541148,50.84853172,100,1
13:34:26,3.544,3.541122,50.84853172,100,1
13:34:27,3.544,3.541097,50.84853172,100,1
13:34:28,3.544,3.541072,50.84853172,100,1
13:34:29,3.544,3.541048,50.84853172,100,1
13:34:30,3.544,3.541024,50.84853172,100,1
13:34:31,3.544,3.541002,50.84853172,100,1
13:34:31,3.544,3.540979,50.84853172,100,1
13:34:33,3.544,3.540958,50.84853172,100,1
13:34:34,3.544,3.540937,50.84853172,100,1
13:34:35,3.544,3.540917,50.84853172,100,1
13:34:36,3.544,3.540897,50.84853172,100,1
13:34:37,3.544,3.540878,50.84853172,100,1
13:34:38,3.544,3.540859,50.84853172,100,1
13:34:39,3.544,3.540841,50.84853172,100,1
13:34:40,3.544,3.540824,50.84853172,100,1
13:34:41,3.544,3.540807,50.84853172,100,1
13:34:42,3.544,3.54079,50.84853172,100,1
13:34:43,3.544,3.540774,50.84853172,100,1
13:34:44,3.544,3.540758,50.84853172,100,1
13:34:45,3.544,3.540743,50.84853172,100,1
13:34:46,3.544,3.540728,50.84853172,100,1
13:34:47,3.544,3.540714,50.84853172,100,1
13:34:48,3.544,3.5407,50.84853172,100,1
13:34:49,3.544,3.540686,50.84853172,100,1
13:34:50,3.544,3.540673,50.84853172,100,1
13:34:51,3.544,3.54066,50.84853172,100,1
13:34:52,3.544,3.540648,50.84853172,100,1
13:34:53,3.544,3.540636,50.84853172,100,1
13:34:54,3.544,3.540624,50.84853172,100,1
13:34:55,3.544,3.540613,50.84853172,100,1
13:34:56,3.544,3.540602,50.84853172,100,1
13:34:57,3.544,3.540591,50.84853172,100,1
13:34:58,3.544,3.54058,50.84853172,100,1
13:34:59,3.544,3.54057,50.84853172,100,1
13:35:00,3.544,3.54056,50.84853172,100,1
13:35:01,3.544,3.540551,50.84853172,100,1
13:35:02,3.544,3.540541,50.84853172,100,1
13:35:03,3.544,3.540532,50.84853172,100,1
13:35:04,3.544,3.540524,50.84853172,100,1
13:35:05,3.544,3.540515,50.84853172,100,1
13:35:06,3.544,3.540507,50.84853172,100,1
13:35:07,3.544,3.540498,50.84853172,100,1
13:35:08,3.544,3.540491,50.84853172,100,1
13:35:09,3.544,3.540483,50.84853172,100,1
13:35:10,3.544,3.540476,50.84853172,100,1
13:35:11,3.544,3.540468,50.84853172,100,1
13:35:12,3.544,3.540461,50.84853172,100,1
13:35:13,3.544,3.540455,50.84853172,100,1
13:35:14,3.544,3.540448,50.84853172,100,1
13:35:15,3.544,3.540442,50.84853172,100,1
13:35:16,3.544,3.540435,50.84853172,100,1
13:35:17,3.544,3.540429,50.84853172,100,1
13:35:18,3.544,3.540423,50.84853172,100,1
13:35:19,3.544,3.540417,50.84853172,100,1
13:35:20,3.544,3.540412,50.84853172,100,1
13:35:21,3.544,3.540406,50.84853172,100,1
13:35:22,3.544,3.540401,50.84853172,100,1
13:35:23,3.544,3.540396,50.84853172,100,1
13:35:24,3.544,3.540391,50.84853172,100,1
13:35:25,3.544,3.540386,50.84853172,100,1
13:35:26,3.544,3.540382,50.84853172,100,1
13:35:27,3.544,3.540377,50.84853172,100,1
13:35:28,3.544,3.540373,50.84853172,100,1
13:35:29,3.544,3.540369,50.84853172,100,1
13:35:30,3.544,3.540364,50.84853172,100,1
13:35:31,3.544,3.54036,50.84853172,100,1
13:35:32,3.544,3.540356,50.84853172,100,1
13:35:33,3.544,3.540352,50.84853172,100,1
13:35:34,3.544,3.540349,50.84853172,100,1
13:35:35,3.544,3.540345,50.84853172,100,1
13:35:36,3.544,3.540342,50.84853172,100,1
13:35:37,3.544,3.540338,50.84853172,100,1
13:35:38,3.544,3.540335,50.84853172,100,1
13:35:39,3.544,3.540332,50.84853172,100,1
13:35:40,3.544,3.540329,50.84853172,100,1
13:35:41,3.544,3.540325,50.84853172,100,1
13:35:42,3.544,3.540323,50.84853172,100,1
13:35:43,3.544,3.54032,50.84853172,100,1
13:35:44,3.544,3.540317,50.84853172,100,1
13:35:45,3.544,3.540314,50.84853172,100,1
13:35:46,3.544,3.540311,50.84853172,100,1
13:35:47,3.544,3.540309,50.84853172,100,1
13:35:48,3.544,3.540306,50.84853172,100,1
13:35:49,3.544,3.540304,50.84853172,100,1
13:35:50,3.544,3.540302,50.84853172,100,1
13:35:51,3.544,3.540299,50.84853172,100,1
13:35:52,3.544,3.540297,50.84853172,100,1
13:35:53,3.544,3.540295,50.84853172,100,1
13:35:54,3.544,3.540293,50.84853172,100,1
13:35:55,3.544,3.540291,50.84853172,100,1
13:35:56,3.544,3.540289,50.84853172,100,1
13:35:57,3.544,3.540287,50.84853172,100,1
13:35:58,3.544,3.540285,50.84853172,100,1
13:35:59,3.544,3.540283,50.84853172,100,1
13:36:00,3.544,3.540282,50.84853172,100,1
13:36:01,3.544,3.54028,50.84853172,100,1
13:36:02,3.544,3.540278,50.84853172,100,1
13:36:03,3.544,3.540277,50.84853172,100,1
13:36:04,3.544,3.540275,50.84853172,100,1
13:36:05,3.544,3.540273,50.84853172,100,1
13:36:06,3.544,3.540272,50.84853172,100,1
13:36:07,3.544,3.54027,50.84853172,100,1
13:36:08,3.544,3.540269,50.84853172,100,1
13:36:09,3.544,3.540268,50.84853172,100,1
13:36:10,3.544,3.540266,50.84853172,100,1
13:36:11,3.544,3.540265,50.84853172,100,1
13:36:12,3.544,3.540264,50.84853172,100,1
13:36:13,3.544,3.540262,50.84853172,100,1
13:36:14,3.544,3.540261,50.84853172,100,1
13:36:15,3.544,3.54026,50.84853172,100,1
13:36:16,3.544,3.540259,50.84853172,100,1
13:36:17,3.544,3.540258,50.84853172,100,1
13:36:18,3.544,3.540257,50.84853172,100,1
13:36:19,3.544,3.540256,50.84853172,100,1
13:36:20,3.544,3.540255,50.84853172,100,1
13:36:21,3.544,3.540254,50.84853172,100,1
13:36:22,3.544,3.540253,50.84853172,100,1
13:36:23,3.544,3.540252,50.84853172,100,1
13:36:24,3.544,3.540251,50.84853172,100,1
13:36:25,3.544,3.54025,50.84853172,100,1
13:36:26,3.544,3.54025,50.84853172,100,1
13:36:27,3.544,3.540249,50.84853172,100,1
13:36:28,3.544,3.540248,50.84853172,100,1
13:36:29,3.544,3.540247,50.84853172,100,1
13:36:30,3.544,3.540246,50.84853172,100,1
13:36:31,3.544,3.540246,50.84853172,100,1
13:36:32,3.544,3.540245,50.84853172,100,1
13:36:33,3.544,3.540244,50.84853172,100,1
13:36:34,3.544,3.540244,50.84853172,100,1
13:36:35,3.544,3.540243,50.84853172,100,1
13:36:36,3.544,3.540242,50.84853172,100,1
13:36:37,3.544,3.540242,50.84853172,100,1
13:36:38,3.544,3.540241,50.84853172,100,1
13:36:39,3.544,3.540241,50.84853172,100,1
13:36:40,3.544,3.54024,50.84853172,100,1
13:36:41,3.544,3.54024,50.84853172,100,1
13:36:42,3.544,3.540239,50.84853172,100,1
13:36:43,3.544,3.540238,50.84853172,100,1
13:36:44,3.544,3.540238,50.84853172,100,1
13:36:45,3.544,3.540237,50.84853172,100,1
13:36:46,3.544,3.540237,50.84853172,100,1
13:36:47,3.544,3.540236,50.84853172,100,1
13:36:48,3.544,3.540236,50.84853172,100,1
13:36:49,3.544,3.540236,50.84853172,100,1
13:36:50,3.544,3.540235,50.84853172,100,1
13:36:51,3.544,3.540235,50.84853172,100,1
13:36:52,3.544,3.540235,50.84853172,100,1
13:36:53,3.544,3.540234,50.84853172,100,1
13:36:54,3.544,3.540234,50.84853172,100,1
13:36:55,3.544,3.540233,50.84853172,100,1
13:36:56,3.544,3.540233,50.84853172,100,1
13:36:57,3.544,3.540233,50.84853172,100,1
13:36:58,3.544,3.540232,50.84853172,100,1
13:36:59,3.544,3.540232,50.84853172,100,1
13:37:00,3.544,3.540232,50.84853172,100,1
13:37:01,3.544,3.540231,50.84853172,100,1
13:37:02,3.544,3.540231,50.84853172,100,1
13:37:03,3.543,3.540231,50.84853172,100,1
13:37:04,3.544,3.540217,50.84853172,100,1
13:37:05,3.544,3.540218,50.84853172,100,1
13:37:06,3.544,3.540218,50.84853172,100,1
13:37:07,3.544,3.540218,50.84853172,100,1
13:37:08,3.544,3.540218,50.84853172,100,1
13:37:09,3.544,3.540218,50.84853172,100,1
13:37:10,3.544,3.540218,50.84853172,100,1
13:37:11,3.544,3.540218,50.84853172,100,1
13:37:12,3.544,3.540218,50.84853172,100,1
13:37:13,3.544,3.540218,50.84853172,100,1
13:37:14,3.544,3.540218,50.84853172,100,1
13:37:15,3.544,3.540218,50.84853172,100,1
13:37:16,3.544,3.540218,50.84853172,100,1
13:37:17,3.544,3.540219,50.84853172,100,1
13:37:18,3.544,3.540219,50.84853172,100,1
13:37:19,3.544,3.540219,50.84853172,100,1
13:37:20,3.544,3.540219,50.84853172,100,1
13:37:21,3.544,3.540219,50.84853172,100,1
13:37:22,3.544,3.540219,50.84853172,100,1
13:37:23,3.543,3.540219,50.84853172,100,1
13:37:24,3.543,3.540206,50.84853172,100,1
13:37:25,3.543,3.540193,50.84853172,100,1
13:37:26,3.544,3.540181,50.84853172,100,1
13:37:27,3.544,3.540182,50.84853172,100,1
13:37:28,3.544,3.540183,50.84853172,100,1
13:37:29,3.543,3.540184,50.84853172,100,1
13:37:30,3.543,3.540172,50.84853172,100,1
13:37:31,3.544,3.540161,50.84853172,100,1
13:37:32,3.543,3.540162,50.84853172,100,1
13:37:33,3.544,3.540151,50.84853172,100,1
13:37:34,3.544,3.540153,50.84853172,100,1
13:37:35,3.544,3.540155,50.84853172,100,1
13:37:36,3.543,3.540157,50.84853172,100,1
13:37:37,3.544,3.540146,50.84853172,100,1
13:37:38,3.543,3.540148,50.84853172,100,1
13:37:39,3.543,3.540137,50.84853172,100,1
13:37:40,3.543,3.540126,50.84853172,100,1
13:37:41,3.543,3.540116,50.84853172,100,1
13:37:42,3.543,3.540106,50.84853172,100,1
13:37:43,3.543,3.540096,50.84853172,100,1
13:37:44,3.543,3.540087,50.84853172,100,1
13:37:45,3.544,3.540077,50.84853172,100,1
13:37:46,3.543,3.540081,50.84853172,100,1
13:37:47,3.543,3.540072,50.84853172,100,1
13:37:48,3.543,3.540063,50.84853172,100,1
13:37:49,3.543,3.540055,50.84853172,100,1
13:37:50,3.543,3.540046,50.84853172,100,1
13:37:51,3.543,3.540038,50.84853172,100,1
13:37:52,3.543,3.54003,50.84853172,100,1
13:37:53,3.543,3.540023,50.84853172,100,1
13:37:54,3.543,3.540015,50.84853172,100,1
13:37:55,3.543,3.540008,50.84853172,100,1
13:37:56,3.543,3.540001,50.84853172,100,1
13:37:57,3.543,3.539994,50.84853172,100,1
13:37:58,3.543,3.539988,50.84853172,100,1
13:37:59,3.543,3.539981,50.84853172,100,1
13:38:00,3.543,3.539975,50.84853172,100,1
13:38:01,3.543,3.539969,50.84853172,100,1
13:38:02,3.543,3.539963,50.84853172,100,1
13:38:03,3.543,3.539957,50.84853172,100,1
13:38:04,3.543,3.539952,50.84853172,100,1
13:38:05,3.543,3.539946,50.84853172,100,1
13:38:06,3.543,3.539941,50.84853172,100,1
13:38:07,3.543,3.539936,50.84853172,100,1
13:38:08,3.543,3.539931,50.84853172,100,1
13:38:09,3.543,3.539926,50.84853172,100,1
13:38:10,3.543,3.539922,50.84853172,100,1
13:38:11,3.543,3.539917,50.84853172,100,1
13:38:12,3.543,3.539912,50.84853172,100,1
13:38:13,3.543,3.539908,50.84853172,100,1
13:38:14,3.543,3.539904,50.84853172,100,1
13:38:15,3.543,3.5399,50.84853172,100,1
