elapsed_s,voltage_V,current_A,temp_bat1_C,soc_cc_pct,soc_jk_pct,soc_ekf_pct,err_jk_pct,err_ekf_pct,v_pred_V
1.021,25.884,0.0,28.2,30.0,30.0,29.8782,0.0,0.1218,25.9392
2.045,25.884,0.0,28.2,30.0,30.0,29.8775,0.0,0.1225,25.88572
2.996,25.884,0.0,28.2,30.0,30.0,29.877,0.0,0.123,25.88539
4.0,25.886,0.0,28.2,30.0,30.0,29.8771,0.0,0.1229,25.88545
5.014,25.883,0.0,28.2,30.0,30.0,29.8728,0.0,0.1272,25.88731
6.04,25.883,0.0,28.2,30.0,30.0,29.8722,0.0,0.1278,25.88456
7.064,25.881,0.0,28.2,30.0,30.0,29.8695,0.0,0.1305,25.8845
8.095,25.883,0.0,28.2,30.0,30.0,29.8696,0.0,0.1304,25.88261
9.011,25.883,0.0,28.2,30.0,30.0,29.8692,0.0,0.1308,25.88426
10.034,25.884,0.0,28.2,30.0,30.0,29.8692,0.0,0.1308,25.88449
11.058,25.884,0.0,28.2,30.0,30.0,29.8688,0.0,0.1312,25.88543
12.009,25.884,0.0,28.2,30.0,30.0,29.8684,0.0,0.1316,25.88537
13.016,25.884,0.0,28.2,30.0,30.0,29.868,0.0,0.132,25.88544
14.032,25.884,0.0,28.2,30.0,30.0,29.8675,0.0,0.1325,25.88545
15.158,25.884,0.0,28.2,30.0,30.0,29.867,0.0,0.133,25.8856
16.078,25.884,0.0,28.2,30.0,30.0,29.8667,0.0,0.1333,25.88532
17.102,25.884,0.0,28.2,30.0,30.0,29.8663,0.0,0.1337,25.88545
18.035,25.883,0.0,28.2,30.0,30.0,29.8653,0.0,0.1347,25.88533
19.044,25.883,0.0,28.2,30.0,30.0,29.8649,0.0,0.1351,25.88449
20.072,25.883,0.0,28.2,30.0,30.0,29.8645,0.0,0.1355,25.88449
21.095,25.884,0.0,28.2,30.0,30.0,29.8644,0.0,0.1356,25.88448
22.042,25.884,0.0,28.2,30.0,30.0,29.8641,0.0,0.1359,25.88532
23.04,25.881,0.0,28.2,30.0,30.0,29.8607,0.0,0.1393,25.88541
24.071,25.881,0.0,28.2,30.0,30.0,29.8603,0.0,0.1397,25.88258
25.087,25.884,0.0,28.2,30.0,30.0,29.8606,0.0,0.1394,25.88252
26.11,25.881,0.0,28.2,30.0,30.0,29.8575,0.0,0.1425,25.88534
27.138,25.883,0.0,28.2,30.0,30.0,29.8575,0.0,0.1425,25.88257
28.061,25.883,0.0,28.2,30.0,30.0,29.8573,0.0,0.1427,25.88427
29.086,26.013,4.8,28.2,30.0066,30.0,29.8834,0.0066,0.1232,25.99764
30.104,26.013,4.92,28.2,30.0133,30.0,29.8842,0.0133,0.1291,26.01919
31.128,26.027,4.76,28.2,30.0198,30.0,29.9075,0.0198,0.1123,26.01286
32.058,26.027,4.96,28.2,30.0259,30.0,29.9058,0.0259,0.1202,26.03441
33.077,26.041,5.0,28.2,30.0327,30.0,29.9234,0.0327,0.1093,26.03122
34.11,26.05,4.88,28.2,30.0395,30.0,29.9398,0.0395,0.0997,26.04109
35.123,26.05,4.88,28.2,30.0461,30.0,29.9456,0.0461,0.1005,26.0525
36.071,26.051,4.84,28.2,30.0522,30.0,29.9517,0.0522,0.1005,26.0515
37.17,26.062,4.8,28.2,30.0592,30.0,29.9682,0.0592,0.091,26.05275
38.091,26.068,5.0,28.2,30.0654,30.0,29.9743,0.0654,0.0911,26.06863
39.118,26.071,4.84,28.2,30.072,30.0,29.9835,0.072,0.0885,26.06649
40.152,26.077,4.92,28.2,30.0788,30.0,29.9909,0.0788,0.0879,26.07481
41.081,26.077,4.92,28.2,30.0849,30.0,29.9966,0.0849,0.0883,26.07869
42.09,26.08,4.8,28.2,30.0914,30.0,30.0049,0.0914,0.0865,26.07611
43.113,26.085,4.96,28.2,30.0982,30.0,30.0117,0.0982,0.0865,26.08544
44.136,26.089,4.96,28.2,30.105,30.0,30.019,0.105,0.0859,26.08679
45.157,26.091,4.96,28.2,30.1117,30.0,30.0258,0.1117,0.0859,26.09062
46.095,26.097,4.96,28.2,30.1179,30.0,30.0344,0.1179,0.0836,26.09248
47.209,26.1,4.88,28.2,30.1252,30.0,30.0429,0.1252,0.0823,26.09665
48.131,26.1,4.88,28.2,30.1312,30.0,30.0487,0.1312,0.0825,26.10112
49.155,26.102,4.88,28.2,30.1379,30.0,30.0555,0.1379,0.0824,26.10134
50.102,26.109,4.92,28.2,30.1441,30.0,30.0643,0.1441,0.0798,26.10409
51.105,26.111,4.96,28.2,30.1507,30.0,30.071,0.1507,0.0798,26.11099
52.125,26.108,4.96,28.2,30.1575,30.0,30.0759,0.1575,0.0816,26.11212
53.15,26.117,4.84,28.2,30.1641,30.0,30.0914,0.1641,0.0727,26.10644
54.168,26.117,4.84,28.2,30.1707,30.0,30.0979,0.1707,0.0728,26.11782
55.108,26.12,4.76,28.2,30.1767,30.0,30.1056,0.1767,0.071,26.11591
56.115,26.121,4.84,28.2,30.1832,31.0,30.1119,-0.8168,0.0713,26.12249
57.137,26.127,4.8,28.2,30.1897,31.0,30.1223,-0.8103,0.0675,26.12083
58.162,26.132,4.88,28.2,30.1964,31.0,30.1296,-0.8036,0.0668,26.12939
59.194,26.132,4.92,28.2,30.2032,31.0,30.1362,-0.7968,0.067,26.1334
60.158,26.132,4.92,28.2,30.2095,31.0,30.1425,-0.7905,0.067,26.13255
61.133,26.132,4.92,28.2,30.2159,31.0,30.1489,-0.7841,0.067,26.13255
62.157,26.136,4.88,28.2,30.2226,31.0,30.1574,-0.7774,0.0652,26.13164
63.186,26.141,4.92,28.2,30.2294,31.0,30.1654,-0.7706,0.0639,26.13731
64.129,26.143,4.92,28.2,30.2356,31.0,30.1719,-0.7644,0.0637,26.14125
65.134,26.144,4.96,28.2,30.2422,31.0,30.1786,-0.7578,0.0637,26.14419
66.156,26.147,4.96,28.2,30.249,31.0,30.186,-0.751,0.063,26.14431
67.176,26.147,4.96,28.2,30.2558,31.0,30.1928,-0.7442,0.063,26.14719
68.2,26.15,4.92,28.2,30.2625,31.0,30.2007,-0.7375,0.0618,26.1463
69.144,26.152,4.88,28.2,30.2686,31.0,30.2076,-0.7314,0.061,26.14911
70.146,26.158,4.8,28.2,30.2751,31.0,30.2196,-0.7249,0.0555,26.15008
71.174,26.155,4.96,28.2,30.2819,31.0,30.2227,-0.7181,0.0592,26.16153
72.192,26.158,4.96,28.2,30.2886,31.0,30.2302,-0.7114,0.0585,26.15508
73.219,26.158,4.96,28.2,30.2954,31.0,30.237,-0.7046,0.0585,26.15792
74.15,26.161,4.96,28.2,30.3016,31.0,30.2439,-0.6984,0.0577,26.15797
75.165,26.167,4.88,28.2,30.3082,31.0,30.2558,-0.6918,0.0524,26.15896
76.189,26.168,4.96,28.2,30.315,31.0,30.2626,-0.685,0.0524,26.16852
77.214,26.17,4.8,28.2,30.3216,31.0,30.2722,-0.6784,0.0494,26.16395
78.239,26.17,4.88,28.2,30.3282,31.0,30.2787,-0.6718,0.0495,26.17133
79.162,26.17,4.88,28.2,30.3343,31.0,30.2847,-0.6657,0.0495,26.16965
80.179,26.171,4.96,28.2,30.341,31.0,30.2914,-0.659,0.0496,26.17147
81.206,26.173,4.96,28.2,30.3478,31.0,30.2987,-0.6522,0.0491,26.17067
82.232,26.176,4.8,28.2,30.3544,31.0,30.3093,-0.6456,0.045,26.16879
83.168,26.181,4.96,28.2,30.3606,31.0,30.3158,-0.6394,0.0448,26.17915
84.176,26.179,4.8,28.2,30.367,31.0,30.3227,-0.633,0.0443,26.1766
85.201,26.182,4.96,28.2,30.3738,31.0,30.3295,-0.6262,0.0443,26.18201
86.222,26.182,4.96,28.2,30.3806,31.0,30.3363,-0.6194,0.0443,26.18139
87.248,26.182,4.96,28.2,30.3874,31.0,30.3431,-0.6126,0.0443,26.18138
88.175,26.187,4.8,28.2,30.3933,31.0,30.3547,-0.6067,0.0386,26.17767
89.19,26.19,4.84,28.2,30.3999,31.0,30.3619,-0.6001,0.038,26.18701
90.217,26.193,4.88,28.2,30.4066,31.0,30.3693,-0.5934,0.0373,26.18995
91.247,26.191,4.92,28.2,30.4134,31.0,30.3758,-0.5866,0.0376,26.19291
92.186,26.191,4.92,28.2,30.4195,31.0,30.382,-0.5805,0.0375,26.19023
93.187,26.193,4.92,28.2,30.4261,31.0,30.3892,-0.5739,0.0369,26.19013
94.211,26.194,4.92,28.2,30.4328,31.0,30.3962,-0.5672,0.0366,26.19204
95.233,26.194,4.88,28.2,30.4395,31.0,30.4031,-0.5605,0.0364,26.19208
96.262,26.194,4.96,28.2,30.4463,31.0,30.4099,-0.5537,0.0364,26.19487
97.19,26.203,4.96,28.2,30.4525,31.0,30.4215,-0.5475,0.0309,26.19321
98.311,26.203,4.88,28.2,30.4598,31.0,30.4295,-0.5402,0.0303,26.19985
99.227,26.203,4.88,28.2,30.4657,31.0,30.4356,-0.5343,0.0302,26.20187
100.253,26.206,4.88,28.2,30.4724,31.0,30.4435,-0.5276,0.029,26.20177
101.197,26.203,4.8,28.2,30.4785,31.0,30.4495,-0.5215,0.029,26.20288
102.197,26.206,4.84,28.2,30.4849,31.0,30.4567,-0.5151,0.0282,26.20268
103.226,26.208,4.8,28.2,30.4915,31.0,30.4646,-0.5085,0.027,26.20368
104.251,26.209,4.84,28.2,30.4982,31.0,30.4713,-0.5018,0.0268,26.20748
105.274,26.209,4.84,28.2,30.5048,31.0,30.4781,-0.4952,0.0267,26.20758
106.201,26.211,4.8,28.2,30.5107,31.0,30.4852,-0.4893,0.0255,26.20677
107.214,26.212,4.88,28.2,30.5173,31.0,30.4918,-0.4827,0.0255,26.21138
108.239,26.215,4.84,28.2,30.5239,31.0,30.5003,-0.4761,0.0236,26.20963
109.268,26.217,4.84,28.2,30.5306,31.0,30.5078,-0.4694,0.0228,26.21341
110.29,26.217,4.84,28.2,30.5372,31.0,30.5145,-0.4628,0.0227,26.21537
111.212,26.217,4.84,28.2,30.5432,31.0,30.5206,-0.4568,0.0225,26.21555
112.236,26.217,4.92,28.2,30.5499,31.0,30.5274,-0.4501,0.0225,26.21729
113.259,26.218,4.92,28.2,30.5566,31.0,30.5345,-0.4434,0.0221,26.21553
114.284,26.223,4.92,28.2,30.5633,31.0,30.5438,-0.4367,0.0195,26.21646
115.215,26.22,4.8,28.2,30.5693,31.0,30.5499,-0.4307,0.0194,26.21865
116.231,26.223,4.96,28.2,30.576,31.0,30.5567,-0.424,0.0194,26.22209
117.255,26.226,4.88,28.2,30.5827,31.0,30.5659,-0.4173,0.0168,26.21952
118.276,26.226,4.88,28.2,30.5894,31.0,30.5727,-0.4106,0.0166,26.22422
119.225,26.228,4.84,28.2,30.5955,31.0,30.5801,-0.4045,0.0154,26.22341
120.228,26.229,4.8,28.2,30.6019,31.0,30.5874,-0.3981,0.0146,26.22521
121.246,26.229,4.92,28.2,30.6086,31.0,30.594,-0.3914,0.0146,26.2299
122.271,26.228,4.8,28.2,30.6152,31.0,30.6013,-0.3848,0.0139,26.22441
123.297,26.229,4.84,28.2,30.6218,31.0,30.6082,-0.3782,0.0136,26.22703
124.236,26.229,4.84,28.2,30.6279,31.0,30.6144,-0.3721,0.0135,26.22728
125.237,26.231,4.92,28.2,30.6345,31.0,30.6212,-0.3655,0.0133,26.22907
126.266,26.235,4.92,28.2,30.6412,31.0,30.6299,-0.3588,0.0114,26.22917
127.286,26.235,4.84,28.2,30.6478,31.0,30.6373,-0.3522,0.0105,26.23117
128.237,26.237,4.92,28.2,30.6541,31.0,30.6438,-0.3459,0.0103,26.235
129.241,26.238,4.84,28.2,30.6606,31.0,30.6515,-0.3394,0.0091,26.23317
130.364,26.238,4.92,28.2,30.6679,31.0,30.6589,-0.3321,0.009,26.23759
131.282,26.238,4.92,28.2,30.674,31.0,30.6651,-0.326,0.0089,26.23623
132.304,26.238,4.92,28.2,30.6807,31.0,30.672,-0.3193,0.0087,26.23602
133.256,26.24,4.92,28.2,30.6869,31.0,30.6791,-0.3131,0.0079,26.23615
134.257,26.244,4.92,28.2,30.6935,31.0,30.6875,-0.3065,0.006,26.238
135.273,26.243,4.84,28.2,30.7001,31.0,30.6946,-0.2999,0.0055,26.23998
136.303,26.244,4.84,28.2,30.7068,31.0,30.7018,-0.2932,0.005,26.24078
137.323,26.244,4.84,28.2,30.7133,31.0,30.7086,-0.2867,0.0047,26.24178
138.264,26.246,4.88,28.2,30.7195,31.0,30.7152,-0.2805,0.0042,26.2429
139.272,26.246,4.92,28.2,30.7261,31.0,30.7219,-0.2739,0.0042,26.24475
140.289,26.249,4.84,28.2,30.7327,31.0,30.731,-0.2673,0.0017,26.24196
141.314,26.25,4.88,28.2,30.7394,31.0,30.738,-0.2606,0.0014,26.2476
142.359,26.25,4.92,28.2,30.7462,31.0,30.7449,-0.2538,0.0013,26.24858
143.267,26.25,4.92,28.2,30.7522,31.0,30.7511,-0.2478,0.0011,26.24799
144.29,26.252,4.92,28.2,30.7589,31.0,30.7587,-0.2411,0.0002,26.24774
145.31,26.252,4.84,28.2,30.7655,31.0,30.7662,-0.2345,-0.0007,26.2478
146.335,26.255,4.96,28.2,30.7723,31.0,30.7733,-0.2277,-0.001,26.25243
147.272,26.252,4.92,28.2,30.7785,31.0,30.7794,-0.2215,-0.001,26.25191
148.284,26.256,4.84,28.2,30.785,31.0,30.7891,-0.215,-0.0041,26.24786
149.405,26.253,4.8,28.2,30.7922,31.0,30.7963,-0.2078,-0.0041,26.25233
150.331,26.253,4.8,28.2,30.7981,31.0,30.8025,-0.2019,-0.0044,26.25079
151.35,26.256,4.96,28.2,30.8049,31.0,30.8093,-0.1951,-0.0045,26.25435
152.28,26.258,4.88,28.2,30.8109,31.0,30.8171,-0.1891,-0.0062,26.25199
153.398,26.261,4.92,28.2,30.8183,31.0,30.8255,-0.1817,-0.0072,26.25624
154.318,26.263,4.92,28.2,30.8243,31.0,30.8324,-0.1757,-0.0081,26.25873
155.353,26.263,4.84,28.2,30.831,31.0,30.84,-0.169,-0.009,26.2585
156.29,26.263,4.84,28.2,30.8371,31.0,30.8463,-0.1629,-0.0092,26.26055
157.296,26.263,4.92,28.2,30.8437,31.0,30.8529,-0.1563,-0.0093,26.26228
158.314,26.263,4.88,28.2,30.8503,31.0,30.8601,-0.1497,-0.0098,26.25953
159.339,26.266,4.88,28.2,30.857,31.0,30.8682,-0.143,-0.0112,26.2604
160.364,26.266,4.92,28.2,30.8637,31.0,30.875,-0.1363,-0.0113,26.26426
161.395,26.264,4.84,28.2,30.8704,31.0,30.882,-0.1296,-0.0116,26.26147
162.309,26.264,4.84,28.2,30.8763,31.0,30.8881,-0.1237,-0.0118,26.26162
163.332,26.267,4.92,28.2,30.883,31.0,30.8955,-0.117,-0.0125,26.26325
164.359,26.267,4.84,28.2,30.8897,31.0,30.903,-0.1103,-0.0133,26.26246
165.302,26.269,4.88,28.2,30.8958,31.0,30.9097,-0.1042,-0.0139,26.26542
166.301,26.27,4.88,28.2,30.9023,31.0,30.9168,-0.0977,-0.0144,26.26633
167.327,26.266,4.88,28.2,30.909,31.0,30.9234,-0.091,-0.0144,26.26724
168.357,26.27,4.88,28.2,30.9157,31.0,30.9319,-0.0843,-0.0162,26.26339
169.374,26.27,4.88,28.2,30.9223,31.0,30.9389,-0.0777,-0.0165,26.26728
170.308,26.269,4.88,28.2,30.9284,31.0,30.945,-0.0716,-0.0166,26.2675
171.321,26.272,4.88,28.2,30.935,31.0,30.953,-0.065,-0.0179,26.26634
172.345,26.273,4.84,28.2,30.9417,31.0,30.9605,-0.0583,-0.0188,26.26827
173.37,26.273,4.92,28.2,30.9484,31.0,30.9673,-0.0516,-0.0189,26.27203
174.397,26.276,4.84,28.2,30.955,31.0,30.9762,-0.045,-0.0212,26.26836
175.321,26.276,4.84,28.2,30.961,31.0,30.9825,-0.039,-0.0215,26.27336
176.341,26.276,4.92,28.2,30.9677,31.0,30.9892,-0.0323,-0.0215,26.27498
177.37,26.276,4.92,28.2,30.9745,31.0,30.9963,-0.0255,-0.0219,26.27318
178.39,26.275,4.88,28.2,30.9811,31.0,31.0033,-0.0189,-0.0221,26.27225
179.322,26.279,4.92,28.2,30.9872,31.0,31.0106,-0.0128,-0.0234,26.27337
180.335,26.279,4.92,28.2,30.9939,31.0,31.0176,-0.0061,-0.0237,26.27614
181.463,26.281,4.84,28.2,31.0012,31.0,31.0268,0.0012,-0.0256,26.27393
182.379,26.281,4.84,28.2,31.0071,31.0,31.033,0.0071,-0.0259,26.27828
183.407,26.282,4.92,28.3,31.0139,31.0,31.04,0.0139,-0.0261,26.27986
184.33,26.281,4.92,28.3,31.0199,31.0,31.0461,0.0199,-0.0262,26.27934
185.35,26.281,4.88,28.2,31.0266,31.0,31.0533,0.0266,-0.0268,26.27715
186.373,26.282,4.84,28.2,31.0332,31.0,31.0608,0.0332,-0.0277,26.27709
187.411,26.284,4.92,28.3,31.04,31.0,31.068,0.04,-0.028,26.28082
188.339,26.284,4.92,28.3,31.0461,31.0,31.0744,0.0461,-0.0283,26.28128
189.342,26.285,4.84,28.3,31.0526,31.0,31.0821,0.0526,-0.0296,26.27918
190.368,26.285,4.88,28.3,31.0593,31.0,31.089,0.0593,-0.0297,26.28283
191.389,26.287,4.88,28.2,31.0659,31.0,31.0966,0.0659,-0.0306,26.28196
192.417,26.285,4.92,28.2,31.0727,31.0,31.1033,0.0727,-0.0306,26.28483
193.442,26.285,4.92,28.2,31.0794,31.0,31.1104,0.0794,-0.031,26.28203
194.367,26.285,4.92,28.2,31.0855,31.0,31.1167,0.0855,-0.0312,26.2823
195.384,26.287,4.92,28.3,31.0922,31.0,31.1243,0.0922,-0.0321,26.28204
196.411,26.284,4.92,28.2,31.0989,31.0,31.131,0.0989,-0.0321,26.28395
197.356,26.287,4.92,28.3,31.1051,31.0,31.1384,0.1051,-0.0333,26.2813
198.36,26.29,4.92,28.2,31.1117,31.0,31.1462,0.1117,-0.0345,26.28403
199.379,26.287,4.92,28.2,31.1184,31.0,31.1529,0.1184,-0.0345,26.28691
200.507,26.288,4.88,28.2,31.1258,31.0,31.1613,0.1258,-0.0355,26.28276
201.427,26.288,4.88,28.2,31.1318,31.0,31.1675,0.1318,-0.0357,26.28522
202.365,26.291,4.84,28.3,31.1378,31.0,31.1752,0.1378,-0.0373,26.28423
203.369,26.29,4.92,28.3,31.1444,31.0,31.1818,0.1444,-0.0373,26.28975
204.403,26.291,4.84,28.3,31.1511,32.0,31.1897,-0.8489,-0.0385,26.28502
205.424,26.293,4.84,28.3,31.1577,32.0,31.1972,-0.8423,-0.0395,26.28781
206.447,26.294,4.92,28.3,31.1644,32.0,31.2041,-0.8356,-0.0396,26.29165
207.376,26.294,4.92,28.3,31.1706,32.0,31.2105,-0.8294,-0.0399,26.29112
208.388,26.293,4.88,28.3,31.1771,32.0,31.2174,-0.8229,-0.0402,26.28992
209.414,26.293,4.84,28.3,31.1838,32.0,31.2246,-0.8162,-0.0408,26.28886
210.439,26.296,4.84,28.3,31.1904,32.0,31.2325,-0.8096,-0.0421,26.28976
211.373,26.296,4.84,28.3,31.1964,32.0,31.2388,-0.8036,-0.0424,26.29297
212.387,26.294,4.84,28.3,31.203,32.0,31.2454,-0.797,-0.0424,26.29273
213.406,26.294,4.84,28.3,31.2096,32.0,31.2524,-0.7904,-0.0428,26.29078
214.431,26.299,4.88,28.3,31.2163,32.0,31.2608,-0.7837,-0.0445,26.29171
215.382,26.296,4.88,28.3,31.2225,32.0,31.267,-0.7775,-0.0445,26.29591
216.387,26.302,4.8,28.3,31.2289,32.0,31.2763,-0.7711,-0.0473,26.29095
217.404,26.297,4.8,28.3,31.2354,32.0,31.2827,-0.7646,-0.0473,26.29852
218.425,26.301,4.96,28.3,31.2422,32.0,31.2899,-0.7578,-0.0477,26.29749
219.451,26.301,4.84,28.3,31.2488,32.0,31.2977,-0.7512,-0.0489,26.29488
220.392,26.301,4.84,28.3,31.2549,32.0,31.3041,-0.7451,-0.0492,26.29786
221.401,26.302,4.88,28.3,31.2615,32.0,31.311,-0.7385,-0.0495,26.29859
222.421,26.302,4.96,28.3,31.2682,32.0,31.3178,-0.7318,-0.0496,26.30053
223.445,26.301,4.8,28.3,31.2748,32.0,31.3255,-0.7252,-0.0507,26.29494
224.468,26.299,4.88,28.3,31.2815,32.0,31.3322,-0.7185,-0.0507,26.29946
225.498,26.302,4.88,28.3,31.2882,32.0,31.3401,-0.7118,-0.0519,26.29574
226.412,26.302,4.88,28.3,31.2941,32.0,31.3463,-0.7059,-0.0522,26.299
227.44,26.302,4.92,28.3,31.3009,32.0,31.3533,-0.6991,-0.0524,26.29959
228.464,26.305,4.84,28.3,31.3075,32.0,31.3619,-0.6925,-0.0544,26.29681
229.489,26.304,4.88,28.3,31.3142,32.0,31.3686,-0.6858,-0.0544,26.30247
230.414,26.304,4.88,28.3,31.3202,32.0,31.375,-0.6798,-0.0547,26.30094
231.434,26.305,4.84,28.3,31.3268,32.0,31.3824,-0.6732,-0.0556,26.29968
232.561,26.307,4.92,28.3,31.3342,32.0,31.3903,-0.6658,-0.056,26.3031
233.478,26.307,4.92,28.3,31.3402,32.0,31.3966,-0.6598,-0.0563,26.30393
234.42,26.305,4.88,28.3,31.3464,32.0,31.4028,-0.6536,-0.0564,26.30291
235.426,26.307,4.92,28.3,31.353,32.0,31.41,-0.647,-0.057,26.30262
236.447,26.307,4.92,28.3,31.3597,32.0,31.417,-0.6403,-0.0573,26.30361
237.471,26.307,4.92,28.3,31.3664,32.0,31.4241,-0.6336,-0.0577,26.30361
238.505,26.307,4.92,28.3,31.3732,32.0,31.4312,-0.6268,-0.058,26.30358
239.432,26.307,4.92,28.3,31.3793,32.0,31.4376,-0.6207,-0.0583,26.30393
240.441,26.311,4.88,28.3,31.3859,32.0,31.4461,-0.6141,-0.0602,26.30272
241.467,26.308,4.92,28.3,31.3926,32.0,31.4528,-0.6074,-0.0602,26.30841
242.49,26.311,4.84,28.3,31.3993,32.0,31.4613,-0.6007,-0.0621,26.30273
243.437,26.31,4.84,28.3,31.4054,32.0,31.4676,-0.5946,-0.0622,26.30769
244.451,26.311,4.88,28.3,31.412,32.0,31.4746,-0.588,-0.0626,26.30744
245.459,26.311,4.88,28.3,31.4186,32.0,31.4815,-0.5814,-0.0629,26.30753
246.484,26.311,4.88,28.3,31.4252,32.0,31.4885,-0.5748,-0.0633,26.30748
247.507,26.311,4.92,28.3,31.432,32.0,31.4954,-0.568,-0.0634,26.30844
248.447,26.313,4.92,28.3,31.4381,32.0,31.5023,-0.5619,-0.0642,26.30783
249.462,26.313,4.92,28.3,31.4448,32.0,31.5093,-0.5552,-0.0645,26.30952
250.484,26.314,4.88,28.3,31.4515,32.0,31.5168,-0.5485,-0.0653,26.30856
251.504,26.314,4.92,28.3,31.4582,32.0,31.5237,-0.5418,-0.0655,26.31138
252.524,26.314,4.92,28.3,31.4649,32.0,31.5307,-0.5351,-0.0659,26.3105
253.46,26.314,4.92,28.3,31.471,32.0,31.5371,-0.529,-0.0661,26.31078
254.474,26.316,4.92,28.3,31.4777,32.0,31.5446,-0.5223,-0.0669,26.31053
255.493,26.316,4.92,28.3,31.4844,32.0,31.5517,-0.5156,-0.0673,26.31245
256.526,26.314,4.92,28.3,31.4912,32.0,31.5585,-0.5088,-0.0673,26.31241
257.546,26.316,4.84,28.3,31.4978,32.0,31.5666,-0.5022,-0.0688,26.30863
258.47,26.316,4.84,28.3,31.5037,32.0,31.5728,-0.4963,-0.0691,26.3127
259.491,26.314,4.84,28.3,31.5103,32.0,31.5795,-0.4897,-0.0692,26.31237
260.515,26.316,4.92,28.3,31.5171,32.0,31.5866,-0.4829,-0.0695,26.31233
261.537,26.317,4.92,28.3,31.5238,32.0,31.5938,-0.4762,-0.07,26.31248
262.476,26.317,4.88,28.3,31.5299,32.0,31.6004,-0.4701,-0.0705,26.31278
263.487,26.316,4.88,28.3,31.5365,32.0,31.6072,-0.4635,-0.0707,26.31344
264.504,26.316,4.88,28.3,31.5431,32.0,31.6141,-0.4569,-0.071,26.31246
265.53,26.317,4.92,28.3,31.5499,32.0,31.6212,-0.4501,-0.0713,26.31338
266.557,26.319,4.92,28.3,31.5566,32.0,31.6287,-0.4434,-0.0721,26.31346
267.487,26.317,4.88,28.3,31.5627,32.0,31.6349,-0.4373,-0.0723,26.31478
268.502,26.322,4.88,28.3,31.5693,32.0,31.6433,-0.4307,-0.074,26.31346
269.522,26.319,4.92,28.3,31.576,32.0,31.65,-0.424,-0.074,26.31925
270.556,26.322,4.84,28.3,31.5827,32.0,31.6584,-0.4173,-0.0757,26.31352
271.494,26.322,4.84,28.3,31.5887,32.0,31.6647,-0.4113,-0.076,26.31855
272.5,26.32,4.92,28.3,31.5953,32.0,31.6714,-0.4047,-0.076,26.32021
273.519,26.32,4.88,28.3,31.602,32.0,31.6785,-0.398,-0.0765,26.3155
274.541,26.32,4.84,28.3,31.6086,32.0,31.6856,-0.3914,-0.077,26.31542
275.566,26.322,4.92,28.3,31.6153,32.0,31.6927,-0.3847,-0.0774,26.31822
276.594,26.325,4.92,28.3,31.6221,32.0,31.7006,-0.3779,-0.0785,26.31836
277.513,26.325,4.92,28.3,31.6281,32.0,31.7069,-0.3719,-0.0788,26.32166
278.537,26.323,4.88,28.3,31.6348,32.0,31.7137,-0.3652,-0.0789,26.32034
279.56,26.325,4.92,28.3,31.6415,32.0,31.721,-0.3585,-0.0795,26.32026
280.587,26.323,4.92,28.3,31.6483,32.0,31.7278,-0.3517,-0.0796,26.32129
281.519,26.323,4.88,28.3,31.6543,32.0,31.7343,-0.3457,-0.08,26.31875
282.532,26.323,4.84,28.3,31.6609,32.0,31.7414,-0.3391,-0.0805,26.31841
283.654,26.326,4.92,28.3,31.6683,32.0,31.7494,-0.3317,-0.0812,26.32083
284.576,26.326,4.92,28.3,31.6743,32.0,31.7557,-0.3257,-0.0814,26.32265
285.6,26.326,4.88,28.3,31.681,32.0,31.7629,-0.319,-0.0819,26.32135
286.534,26.325,4.92,28.4,31.6871,32.0,31.7691,-0.3129,-0.082,26.32352
287.547,26.326,4.88,28.3,31.6937,32.0,31.7765,-0.3063,-0.0827,26.32044
288.57,26.326,4.88,28.4,31.7004,32.0,31.7835,-0.2996,-0.0831,26.32226
289.6,26.325,4.92,28.3,31.7072,32.0,31.7903,-0.2928,-0.0831,26.3232
290.537,26.325,4.92,28.3,31.7133,32.0,31.7967,-0.2867,-0.0834,26.32167
291.54,26.328,4.92,28.3,31.7199,32.0,31.8043,-0.2801,-0.0844,26.32143
292.563,26.326,4.84,28.4,31.7265,32.0,31.8112,-0.2735,-0.0847,26.32238
293.59,26.329,4.88,28.3,31.7332,32.0,31.8187,-0.2668,-0.0855,26.32318
294.614,26.328,4.84,28.4,31.7398,32.0,31.8257,-0.2602,-0.0858,26.32425
295.641,26.326,4.88,28.3,31.7465,32.0,31.8324,-0.2535,-0.0858,26.32513
296.563,26.326,4.88,28.3,31.7525,32.0,31.8386,-0.2475,-0.0861,26.32268
297.582,26.331,4.92,28.4,31.7592,32.0,31.8467,-0.2408,-0.0875,26.32329
298.605,26.331,4.84,28.3,31.7658,32.0,31.854,-0.2342,-0.0882,26.32533
299.551,26.329,4.88,28.3,31.772,32.0,31.8602,-0.228,-0.0882,26.32837
300.552,26.328,4.92,28.3,31.7786,32.0,31.8669,-0.2214,-0.0883,26.3263
301.582,26.328,4.88,28.3,31.7853,32.0,31.8741,-0.2147,-0.0888,26.32338
302.708,26.329,4.92,28.3,31.7927,32.0,31.8818,-0.2073,-0.0891,26.32489
303.624,26.329,4.92,28.3,31.7987,32.0,31.8881,-0.2013,-0.0894,26.3257
304.557,26.329,4.88,28.3,31.8048,32.0,31.8946,-0.1952,-0.0898,26.3247
305.57,26.332,4.88,28.3,31.8114,32.0,31.9022,-0.1886,-0.0908,26.32533
306.592,26.332,4.88,28.3,31.8181,32.0,31.9092,-0.1819,-0.0911,26.32821
307.619,26.329,4.88,28.3,31.8248,32.0,31.9159,-0.1752,-0.0911,26.3282
308.649,26.329,4.92,28.4,31.8315,32.0,31.9228,-0.1685,-0.0913,26.32626
309.566,26.329,4.92,28.4,31.8376,32.0,31.9291,-0.1624,-0.0915,26.32575
310.587,26.332,4.88,28.4,31.8442,32.0,31.937,-0.1558,-0.0928,26.32444
311.611,26.334,4.92,28.3,31.8509,32.0,31.9442,-0.1491,-0.0933,26.32919
312.639,26.335,4.92,28.4,31.8577,32.0,31.9515,-0.1423,-0.0938,26.33023
313.576,26.334,4.92,28.4,31.8638,32.0,31.9577,-0.1362,-0.0939,26.33153
314.589,26.338,4.92,28.4,31.8705,32.0,31.9657,-0.1295,-0.0952,26.3303
315.714,26.335,4.92,28.4,31.8779,32.0,31.9731,-0.1221,-0.0952,26.33378
316.631,26.335,4.92,28.4,31.8839,32.0,31.9794,-0.1161,-0.0955,26.33164
317.58,26.335,4.88,28.3,31.8901,32.0,31.986,-0.1099,-0.0959,26.33058
318.588,26.34,4.92,28.4,31.8967,32.0,31.9939,-0.1033,-0.0972,26.33222
319.599,26.338,4.88,28.4,31.9033,32.0,32.0007,-0.0967,-0.0973,26.33522
320.621,26.337,4.92,28.3,31.91,32.0,32.0074,-0.09,-0.0974,26.3351
321.65,26.337,4.84,28.3,31.9167,32.0,32.0148,-0.0833,-0.0981,26.33132
322.593,26.337,4.84,28.3,31.9228,32.0,32.0211,-0.0772,-0.0984,26.33343
323.594,26.338,4.88,28.4,31.9293,32.0,32.028,-0.0707,-0.0987,26.33417
324.617,26.338,4.84,28.4,31.9359,32.0,32.0351,-0.0641,-0.0992,26.33322
325.643,26.338,4.88,28.3,31.9426,32.0,32.0419,-0.0574,-0.0993,26.33507
326.668,26.335,4.84,28.3,31.9492,32.0,32.0486,-0.0508,-0.0994,26.33323
327.7,26.338,4.88,28.4,31.956,32.0,32.0561,-0.044,-0.1001,26.33216
328.613,26.338,4.88,28.4,31.9619,32.0,32.0623,-0.0381,-0.1003,26.3346
329.634,26.338,4.84,28.4,31.9685,32.0,32.0693,-0.0315,-0.1008,26.33327
330.66,26.337,4.88,28.4,31.9752,32.0,32.0761,-0.0248,-0.1009,26.3351
331.603,26.338,4.88,28.4,31.9813,32.0,32.0826,-0.0187,-0.1013,26.33355
332.604,26.342,4.88,28.4,31.9879,32.0,32.0904,-0.0121,-0.1025,26.33431
333.632,26.342,4.92,28.4,31.9946,32.0,32.0973,-0.0054,-0.1027,26.33905
334.756,26.342,4.88,28.4,32.0019,32.0,32.1052,0.0019,-0.1032,26.33686
335.705,26.342,4.88,28.4,32.0081,32.0,32.1116,0.0081,-0.1035,26.33841
336.614,26.34,4.84,28.4,32.014,32.0,32.1176,0.014,-0.1036,26.33762
337.621,26.342,4.88,28.4,32.0206,32.0,32.1246,0.0206,-0.104,26.33717
338.654,26.342,4.88,28.4,32.0273,32.0,32.1317,0.0273,-0.1043,26.33812
339.681,26.34,4.92,28.4,32.0341,32.0,32.1384,0.0341,-0.1044,26.3391
340.698,26.342,4.88,28.4,32.0407,32.0,32.1459,0.0407,-0.1052,26.33537
341.62,26.342,4.88,28.4,32.0467,32.0,32.1522,0.0467,-0.1055,26.33855
342.64,26.343,4.88,28.4,32.0533,32.0,32.1593,0.0533,-0.1059,26.3382
343.668,26.343,4.88,28.4,32.06,32.0,32.1663,0.06,-0.1062,26.33915
344.692,26.342,4.84,28.4,32.0667,32.0,32.1732,0.0667,-0.1065,26.33822
345.622,26.343,4.92,28.4,32.0728,32.0,32.1794,0.0728,-0.1066,26.3404
346.643,26.34,4.92,28.4,32.0795,32.0,32.1861,0.0795,-0.1067,26.33925
347.661,26.34,4.92,28.4,32.0862,32.0,32.1931,0.0862,-0.1069,26.33637
348.685,26.345,4.88,28.4,32.0928,32.0,32.2012,0.0928,-0.1084,26.3354
349.631,26.343,4.92,28.4,32.0991,32.0,32.2075,0.0991,-0.1084,26.34238
350.636,26.343,4.92,28.4,32.1057,32.0,32.2143,0.1057,-0.1087,26.33935
351.654,26.345,4.96,28.4,32.1124,33.0,32.2215,-0.8876,-0.1091,26.34025
352.676,26.343,4.84,28.4,32.119,33.0,32.2285,-0.881,-0.1095,26.33844
353.699,26.345,4.88,28.4,32.1257,33.0,32.2356,-0.8743,-0.11,26.34014
354.638,26.345,4.88,28.4,32.1318,33.0,32.242,-0.8682,-0.1102,26.3415
355.647,26.345,4.92,28.4,32.1384,33.0,32.2488,-0.8616,-0.1104,26.3422
356.668,26.345,4.88,28.4,32.1451,33.0,32.2559,-0.8549,-0.1108,26.34032
357.693,26.343,4.84,28.4,32.1517,33.0,32.2626,-0.8483,-0.1109,26.34026
358.767,26.342,4.88,28.4,32.1587,33.0,32.2697,-0.8413,-0.111,26.34
359.748,26.342,4.92,28.4,32.1652,33.0,32.2763,-0.8348,-0.1111,26.33942
360.665,26.342,4.92,28.4,32.1712,33.0,32.2825,-0.8288,-0.1113,26.33875
361.684,26.349,4.88,28.4,32.1778,33.0,32.2909,-0.8222,-0.1131,26.33745
362.713,26.348,4.88,28.4,32.1845,33.0,32.2977,-0.8155,-0.1132,26.34511
363.662,26.349,4.84,28.4,32.1907,33.0,32.3044,-0.8093,-0.1138,26.3435
364.664,26.348,4.92,28.4,32.1972,33.0,32.311,-0.8028,-0.1138,26.34707
365.693,26.349,4.88,28.4,32.204,33.0,32.3184,-0.796,-0.1144,26.34328
366.814,26.351,4.92,28.4,32.2113,33.0,32.3262,-0.7887,-0.1149,26.34576
367.728,26.351,4.92,28.4,32.2173,33.0,32.3325,-0.7827,-0.1151,26.34756
368.673,26.352,4.84,28.4,32.2234,33.0,32.3393,-0.7766,-0.1159,26.34557
369.674,26.348,4.88,28.4,32.23,33.0,32.3458,-0.77,-0.1159,26.34908
370.703,26.348,4.84,28.4,32.2366,33.0,32.3529,-0.7634,-0.1163,26.34328
371.725,26.351,4.88,28.4,32.2433,33.0,32.3602,-0.7567,-0.1169,26.34513
372.75,26.351,4.92,28.4,32.25,33.0,32.3671,-0.75,-0.1171,26.34809
373.68,26.351,4.92,28.4,32.2561,33.0,32.3734,-0.7439,-0.1173,26.34755
374.693,26.346,4.92,28.4,32.2628,33.0,32.38,-0.7372,-0.1173,26.34726
375.717,26.352,4.88,28.4,32.2694,33.0,32.3882,-0.7306,-0.1188,26.34145
376.738,26.352,4.92,28.4,32.2762,33.0,32.3951,-0.7238,-0.119,26.3491
377.682,26.349,4.88,28.4,32.2823,33.0,32.4013,-0.7177,-0.119,26.34756
378.694,26.354,4.92,28.4,32.289,33.0,32.409,-0.711,-0.1201,26.34626
379.713,26.354,4.92,28.4,32.2957,33.0,32.416,-0.7043,-0.1203,26.35018
380.733,26.351,4.92,28.4,32.3024,33.0,32.4227,-0.6976,-0.1204,26.35019
381.758,26.354,4.88,28.4,32.309,33.0,32.4304,-0.691,-0.1214,26.34633
382.695,26.354,4.92,28.4,32.3152,33.0,32.4367,-0.6848,-0.1215,26.3514
383.702,26.352,4.88,28.4,32.3218,33.0,32.4434,-0.6782,-0.1217,26.34932
384.732,26.354,4.88,28.4,32.3285,33.0,32.4507,-0.6715,-0.1223,26.3482
385.758,26.354,4.92,28.4,32.3352,33.0,32.4576,-0.6648,-0.1224,26.3511
386.774,26.354,4.92,28.4,32.3419,33.0,32.4645,-0.6581,-0.1227,26.35025
387.71,26.354,4.88,28.4,32.348,33.0,32.471,-0.652,-0.123,26.3496
388.721,26.354,4.92,28.4,32.3546,33.0,32.4778,-0.6454,-0.1231,26.35118
389.748,26.354,4.92,28.4,32.3614,33.0,32.4848,-0.6386,-0.1234,26.35024
390.769,26.352,4.88,28.4,32.368,33.0,32.4915,-0.632,-0.1235,26.34932
391.797,26.354,4.88,28.4,32.3747,33.0,32.4988,-0.6253,-0.1241,26.34826
392.725,26.354,4.88,28.4,32.3808,33.0,32.5051,-0.6192,-0.1243,26.35056
393.738,26.355,4.88,28.4,32.3874,33.0,32.5121,-0.6126,-0.1247,26.35026
394.765,26.354,4.92,28.4,32.3941,33.0,32.5189,-0.6059,-0.1247,26.35214
395.787,26.355,4.88,28.4,32.4008,33.0,32.5261,-0.5992,-0.1253,26.34936
396.731,26.355,4.92,28.4,32.407,33.0,32.5324,-0.593,-0.1254,26.35245
397.736,26.355,4.92,28.4,32.4136,33.0,32.5392,-0.5864,-0.1256,26.35135
398.756,26.355,4.92,28.4,32.4203,33.0,32.5462,-0.5797,-0.1259,26.3513
399.787,26.355,4.88,28.4,32.427,33.0,32.5533,-0.573,-0.1263,26.35032
400.805,26.355,4.84,28.4,32.4336,33.0,32.5602,-0.5664,-0.1266,26.35032
401.739,26.355,4.92,28.4,32.4397,33.0,32.5664,-0.5603,-0.1267,26.35342
402.754,26.354,4.88,28.4,32.4464,33.0,32.5732,-0.5536,-0.1269,26.35041
403.773,26.357,4.88,28.4,32.453,33.0,32.5806,-0.547,-0.1277,26.35032
404.804,26.355,4.92,28.4,32.4598,33.0,32.5874,-0.5402,-0.1277,26.35414
405.746,26.355,4.92,28.4,32.466,33.0,32.5938,-0.534,-0.1279,26.35163
406.745,26.357,4.88,28.4,32.4725,33.0,32.601,-0.5275,-0.1286,26.35048
407.768,26.358,4.96,28.4,32.4792,33.0,32.608,-0.5208,-0.1287,26.35513
408.793,26.357,4.84,28.4,32.4859,33.0,32.6151,-0.5141,-0.1292,26.35148
409.816,26.358,4.92,28.4,32.4926,33.0,32.622,-0.5074,-0.1294,26.3551
410.845,26.358,4.84,28.4,32.4992,33.0,32.6291,-0.5008,-0.1299,26.35238
411.765,26.358,4.84,28.4,32.5052,33.0,32.6353,-0.4948,-0.1301,26.35457
412.785,26.358,4.92,28.4,32.5119,33.0,32.642,-0.4881,-0.1302,26.35611
413.814,26.36,4.88,28.4,32.5186,33.0,32.6495,-0.4814,-0.1309,26.35335
414.838,26.358,4.88,28.4,32.5253,33.0,32.6562,-0.4747,-0.1309,26.3562
415.765,26.361,4.92,28.4,32.5314,33.0,32.6628,-0.4686,-0.1314,26.35557
416.787,26.36,4.92,28.4,32.5381,33.0,32.6696,-0.4619,-0.1316,26.35725
417.912,26.36,4.88,28.4,32.5454,33.0,32.6774,-0.4546,-0.132,26.35497
418.826,26.36,4.88,28.4,32.5514,33.0,32.6835,-0.4486,-0.1322,26.35663
419.774,26.355,4.88,28.4,32.5576,33.0,32.6897,-0.4424,-0.1321,26.35652
420.781,26.364,4.92,28.4,32.5642,33.0,32.6978,-0.4358,-0.1336,26.35243
421.796,26.364,4.88,28.4,32.5708,33.0,32.7048,-0.4292,-0.134,26.35927
422.821,26.361,4.88,28.4,32.5775,33.0,32.7115,-0.4225,-0.134,26.36014
423.851,26.363,4.92,28.4,32.5842,33.0,32.7186,-0.4158,-0.1344,26.35818
424.788,26.363,4.92,28.4,32.5904,33.0,32.725,-0.4096,-0.1346,26.35955
425.791,26.36,4.88,28.4,32.5969,33.0,32.7316,-0.4031,-0.1346,26.35838
426.813,26.361,4.84,28.4,32.6035,33.0,32.7387,-0.3965,-0.1351,26.35537
427.838,26.363,4.92,28.4,32.6103,33.0,32.7457,-0.3897,-0.1354,26.35911
428.791,26.363,4.92,28.4,32.6165,33.0,32.7521,-0.3835,-0.1356,26.35953
429.9,26.364,4.88,28.4,32.6238,33.0,32.7599,-0.3762,-0.1362,26.35803
430.812,26.364,4.88,28.4,32.6297,33.0,32.766,-0.3703,-0.1363,26.36061
431.835,26.358,4.92,28.4,32.6364,33.0,32.7726,-0.3636,-0.1362,26.36117
432.856,26.363,4.88,28.4,32.6431,33.0,32.7805,-0.3569,-0.1374,26.35355
433.807,26.363,4.92,28.4,32.6493,33.0,32.7868,-0.3507,-0.1375,26.36046
434.803,26.363,4.92,28.4,32.6559,33.0,32.7936,-0.3441,-0.1377,26.35942
435.826,26.364,4.88,28.4,32.6625,33.0,32.8007,-0.3375,-0.1382,26.35838
436.849,26.363,4.88,28.4,32.6692,33.0,32.8075,-0.3308,-0.1383,26.36025
437.877,26.363,4.88,28.4,32.6759,33.0,32.8144,-0.3241,-0.1385,26.35928
438.809,26.363,4.88,28.4,32.682,33.0,32.8207,-0.318,-0.1387,26.35962
439.822,26.364,4.92,28.4,32.6886,33.0,32.8276,-0.3114,-0.1389,26.36029
440.845,26.364,4.88,28.4,32.6953,33.0,32.8346,-0.3047,-0.1393,26.35939
441.867,26.364,4.92,28.4,32.702,33.0,32.8414,-0.298,-0.1394,26.36124
442.907,26.366,4.88,28.4,32.7088,33.0,32.8489,-0.2912,-0.1401,26.35935
443.819,26.366,4.88,28.4,32.7147,33.0,32.855,-0.2853,-0.1402,26.36265
444.837,26.366,4.88,28.4,32.7214,33.0,32.8618,-0.2786,-0.1405,26.36228
445.864,26.364,4.92,28.4,32.7281,33.0,32.8686,-0.2719,-0.1405,26.3632
446.887,26.364,4.92,28.4,32.7348,33.0,32.8755,-0.2652,-0.1407,26.36039
447.821,26.364,4.92,28.4,32.741,33.0,32.8818,-0.259,-0.1408,26.3607
448.836,26.366,4.88,28.4,32.7476,33.0,32.8891,-0.2524,-0.1415,26.35948
449.962,26.369,4.88,28.4,32.7549,33.0,32.8972,-0.2451,-0.1423,26.36193
450.88,26.369,4.88,28.4,32.7609,33.0,32.9034,-0.2391,-0.1425,26.36559
451.907,26.366,4.92,28.4,32.7677,33.0,32.9101,-0.2323,-0.1425,26.36615
452.833,26.369,4.92,28.4,32.7738,33.0,32.9168,-0.2262,-0.1431,26.36272
453.849,26.366,4.88,28.4,32.7804,33.0,32.9235,-0.2196,-0.1431,26.36437
454.872,26.367,4.88,28.4,32.787,33.0,32.9305,-0.213,-0.1434,26.36234
455.902,26.37,4.92,28.4,32.7938,33.0,32.9378,-0.2062,-0.1439,26.36423
456.835,26.37,4.92,28.4,32.7999,33.0,32.9441,-0.2001,-0.1441,26.3666
457.841,26.369,4.92,28.4,32.8066,33.0,32.9508,-0.1934,-0.1442,26.36635
458.868,26.366,4.88,28.4,32.8132,33.0,32.9575,-0.1868,-0.1443,26.36437
459.891,26.369,4.92,28.4,32.82,33.0,32.9647,-0.18,-0.1448,26.36332
460.916,26.367,4.92,28.4,32.8267,33.0,32.9715,-0.1733,-0.1448,26.36533
461.94,26.367,4.88,28.4,32.8334,33.0,32.9785,-0.1666,-0.1451,26.36246
462.861,26.367,4.88,28.4,32.8394,33.0,32.9847,-0.1606,-0.1453,26.36372
463.885,26.369,4.88,28.4,32.8461,33.0,32.9918,-0.1539,-0.1457,26.36337
464.917,26.366,4.92,28.4,32.8528,33.0,32.9986,-0.1472,-0.1457,26.36623
465.853,26.369,4.92,28.4,32.859,33.0,33.0053,-0.141,-0.1463,26.36277
466.859,26.369,4.88,28.4,32.8655,33.0,33.0122,-0.1345,-0.1466,26.3645
467.884,26.37,4.88,28.4,32.8722,33.0,33.0192,-0.1278,-0.147,26.36533
469.01,26.37,4.88,28.4,32.8796,33.0,33.0268,-0.1204,-0.1472,26.36596
469.926,26.37,4.88,28.4,32.8855,33.0,33.0329,-0.1145,-0.1474,26.3667
470.869,26.372,4.88,28.4,32.8917,33.0,33.0395,-0.1083,-0.1478,26.36662
471.872,26.372,4.92,28.4,32.8983,33.0,33.0462,-0.1017,-0.1479,26.36929
472.899,26.375,4.88,28.4,32.905,33.0,33.0537,-0.095,-0.1488,26.36739
473.92,26.373,4.92,28.4,32.9117,33.0,33.0604,-0.0883,-0.1488,26.37216
474.952,26.373,4.92,28.4,32.9185,33.0,33.0674,-0.0815,-0.149,26.36931
475.881,26.373,4.92,28.4,32.9246,33.0,33.0737,-0.0754,-0.1491,26.36966
476.889,26.37,4.92,28.4,32.9312,33.0,33.0803,-0.0688,-0.1491,26.36939
477.919,26.372,4.88,28.4,32.9379,33.0,33.0877,-0.0621,-0.1498,26.36548
478.941,26.373,4.88,28.4,32.9446,33.0,33.0946,-0.0554,-0.1501,26.36834
479.885,26.372,4.92,28.4,32.9508,33.0,33.1009,-0.0492,-0.1501,26.37053
480.891,26.375,4.92,28.4,32.9574,33.0,33.1081,-0.0426,-0.1507,26.36847
481.907,26.375,4.92,28.4,32.964,33.0,33.115,-0.036,-0.1509,26.37134
482.934,26.37,4.88,28.4,32.9707,33.0,33.1217,-0.0293,-0.1509,26.37037
483.958,26.373,4.88,28.4,32.9774,33.0,33.129,-0.0226,-0.1516,26.36644
484.906,26.373,4.92,28.4,32.9836,33.0,33.1353,-0.0164,-0.1516,26.37055
485.908,26.375,4.88,28.4,32.9902,33.0,33.1424,-0.0098,-0.1523,26.36854
486.923,26.375,4.88,28.4,32.9968,33.0,33.1492,-0.0032,-0.1524,26.37133
487.952,26.376,4.92,28.4,33.0036,33.0,33.1562,0.0036,-0.1527,26.37224
488.973,26.376,4.92,28.4,33.0103,33.0,33.1631,0.0103,-0.1528,26.37235
489.914,26.373,4.88,28.4,33.0164,33.0,33.1693,0.0164,-0.1529,26.3717
490.919,26.375,4.88,28.4,33.0229,33.0,33.1763,0.0229,-0.1533,26.36947
491.943,26.375,4.88,28.4,33.0296,33.0,33.1831,0.0296,-0.1535,26.37134
492.968,26.373,4.88,28.4,33.0363,33.0,33.1898,0.0363,-0.1535,26.37134
493.998,26.376,4.92,28.4,33.0431,33.0,33.1971,0.0431,-0.154,26.37034
494.919,26.376,4.92,28.4,33.0491,33.0,33.2033,0.0491,-0.1542,26.37274
495.94,26.375,4.92,28.4,33.0558,33.0,33.2101,0.0558,-0.1542,26.3724
496.96,26.375,4.88,28.4,33.0625,33.0,33.217,0.0625,-0.1545,26.3705
497.984,26.375,4.88,28.4,33.0691,33.0,33.2239,0.0691,-0.1547,26.37138
498.935,26.375,4.88,28.4,33.0753,34.0,33.2302,-0.9247,-0.1549,26.37164
499.936,26.378,4.88,28.4,33.0819,34.0,33.2374,-0.9181,-0.1555,26.37148
501.056,26.378,4.92,28.4,33.0892,34.0,33.2448,-0.9108,-0.1556,26.37492
501.979,26.378,4.92,28.4,33.0953,34.0,33.2511,-0.9047,-0.1558,26.37473
503.002,26.376,4.88,28.4,33.102,34.0,33.2578,-0.898,-0.1559,26.37345
503.945,26.376,4.88,28.4,33.1081,34.0,33.2641,-0.8919,-0.156,26.37268
504.952,26.376,4.92,28.4,33.1147,34.0,33.2708,-0.8853,-0.1561,26.37341
505.975,26.375,4.88,28.4,33.1214,34.0,33.2777,-0.8786,-0.1563,26.37153
507.003,26.376,4.88,28.4,33.1281,34.0,33.2847,-0.8719,-0.1566,26.37144
508.021,26.376,4.88,28.4,33.1347,34.0,33.2915,-0.8653,-0.1568,26.37245
508.959,26.376,4.88,28.4,33.1408,34.0,33.2977,-0.8592,-0.1569,26.37273
509.966,26.38,4.88,28.4,33.1474,34.0,33.3051,-0.8526,-0.1577,26.3725
510.99,26.376,4.88,28.5,33.1541,34.0,33.3118,-0.8459,-0.1577,26.37633
512.013,26.376,4.88,28.4,33.1607,34.0,33.3186,-0.8393,-0.1579,26.37248
513.04,26.381,4.88,28.5,33.1674,34.0,33.3262,-0.8326,-0.1588,26.37245
513.961,26.381,4.88,28.5,33.1734,34.0,33.3324,-0.8266,-0.159,26.37769
514.985,26.378,4.92,28.4,33.1802,34.0,33.3391,-0.8198,-0.159,26.37828
516.008,26.378,4.92,28.5,33.1869,34.0,33.346,-0.8131,-0.1591,26.3745
517.031,26.381,4.84,28.4,33.1935,34.0,33.3536,-0.8065,-0.1601,26.37261
517.973,26.375,4.88,28.4,33.1996,34.0,33.3595,-0.8004,-0.1599,26.37853
518.98,26.381,4.88,28.4,33.2062,34.0,33.3671,-0.7938,-0.1609,26.37162
520.006,26.378,4.88,28.4,33.2129,34.0,33.3738,-0.7871,-0.1609,26.37736
521.025,26.378,4.88,28.4,33.2195,34.0,33.3806,-0.7805,-0.1611,26.37449
521.976,26.381,4.92,28.4,33.2258,34.0,33.3873,-0.7742,-0.1615,26.37566
522.978,26.38,4.84,28.4,33.2323,34.0,33.394,-0.7677,-0.1617,26.37563
523.993,26.38,4.88,28.5,33.2389,34.0,33.4007,-0.7611,-0.1618,26.37735
525.019,26.381,4.92,28.4,33.2456,34.0,33.4076,-0.7544,-0.162,26.37737
526.048,26.38,4.88,28.4,33.2523,34.0,33.4145,-0.7477,-0.1622,26.37651
526.987,26.38,4.88,28.4,33.2584,34.0,33.4208,-0.7416,-0.1623,26.37674
527.989,26.381,4.88,28.4,33.265,34.0,33.4276,-0.735,-0.1626,26.37653
529.024,26.381,4.88,28.4,33.2717,34.0,33.4345,-0.7283,-0.1628,26.3774
530.041,26.381,4.92,28.4,33.2784,34.0,33.4413,-0.7216,-0.1629,26.37841
531.06,26.381,4.88,28.5,33.285,34.0,33.4482,-0.715,-0.1631,26.37658
531.994,26.383,4.92,28.5,33.2912,34.0,33.4546,-0.7088,-0.1634,26.3787
533.116,26.384,4.92,28.4,33.2986,34.0,33.4623,-0.7014,-0.1637,26.37912
534.031,26.384,4.92,28.4,33.3046,34.0,33.4684,-0.6954,-0.1638,26.3808
535.057,26.381,4.92,28.4,33.3113,34.0,33.4752,-0.6887,-0.1638,26.38044
536.078,26.384,4.88,28.5,33.318,34.0,33.4825,-0.682,-0.1646,26.37662
537.008,26.387,4.88,28.5,33.324,34.0,33.4891,-0.676,-0.1651,26.38073
538.024,26.381,4.92,28.5,33.3307,34.0,33.4957,-0.6693,-0.165,26.3843
539.052,26.384,4.88,28.5,33.3374,34.0,33.5031,-0.6626,-0.1657,26.37663
540.072,26.384,4.88,28.5,33.344,34.0,33.5099,-0.656,-0.1659,26.38044
541.015,26.383,4.92,28.4,33.3502,34.0,33.5161,-0.6498,-0.1659,26.38165
542.018,26.384,4.92,28.5,33.3568,34.0,33.523,-0.6432,-0.1661,26.3796
543.046,26.387,4.92,28.4,33.3636,34.0,33.5303,-0.6364,-0.1667,26.38048
544.068,26.386,4.88,28.5,33.3703,34.0,33.5371,-0.6297,-0.1669,26.38248
545.094,26.386,4.92,28.5,33.377,34.0,33.544,-0.623,-0.167,26.38334
546.028,26.386,4.92,28.5,33.3831,34.0,33.5502,-0.6169,-0.1671,26.38277
547.042,26.384,4.88,28.5,33.3897,34.0,33.5569,-0.6103,-0.1672,26.38157
548.072,26.386,4.92,28.4,33.3965,34.0,33.564,-0.6035,-0.1675,26.38141
549.085,26.387,4.84,28.5,33.4031,34.0,33.571,-0.5969,-0.168,26.38064
550.032,26.386,4.88,28.4,33.4092,34.0,33.5772,-0.5908,-0.168,26.38457
551.036,26.387,4.88,28.4,33.4158,34.0,33.5841,-0.5842,-0.1683,26.38253
552.16,26.386,4.84,28.5,33.423,34.0,33.5915,-0.577,-0.1685,26.38215
553.076,26.386,4.84,28.5,33.429,34.0,33.5976,-0.571,-0.1686,26.38279
554.105,26.386,4.92,28.5,33.4357,34.0,33.6044,-0.5643,-0.1686,26.38429
555.044,26.386,4.88,28.5,33.4418,34.0,33.6107,-0.5582,-0.1689,26.38188
556.045,26.389,4.88,28.5,33.4484,34.0,33.6178,-0.5516,-0.1694,26.38256
557.071,26.389,4.88,28.5,33.4551,34.0,33.6246,-0.5449,-0.1696,26.3854
558.102,26.389,4.84,28.5,33.4617,34.0,33.6316,-0.5383,-0.1698,26.38445
559.044,26.389,4.84,28.5,33.4678,34.0,33.6378,-0.5322,-0.17,26.38566
560.049,26.389,4.88,28.5,33.4744,34.0,33.6444,-0.5256,-0.1701,26.38639
561.064,26.387,4.88,28.5,33.481,34.0,33.6511,-0.519,-0.1701,26.38547
562.089,26.386,4.88,28.5,33.4877,34.0,33.6578,-0.5123,-0.1702,26.38351
563.115,26.389,4.84,28.5,33.4943,34.0,33.6652,-0.5057,-0.1709,26.38159
564.14,26.387,4.84,28.5,33.5009,34.0,33.6718,-0.4991,-0.1709,26.3854
565.059,26.387,4.84,28.5,33.5069,34.0,33.6779,-0.4931,-0.1711,26.38384
566.086,26.389,4.88,28.5,33.5135,34.0,33.6849,-0.4865,-0.1713,26.38441
567.107,26.389,4.88,28.5,33.5202,34.0,33.6917,-0.4798,-0.1715,26.38549
568.053,26.386,4.88,28.5,33.5264,34.0,33.6979,-0.4736,-0.1715,26.38575
569.054,26.389,4.88,28.5,33.5329,34.0,33.7049,-0.4671,-0.172,26.38267
570.074,26.389,4.92,28.5,33.5396,34.0,33.7117,-0.4604,-0.1721,26.38645
571.106,26.389,4.88,28.5,33.5463,34.0,33.7187,-0.4537,-0.1723,26.38459
572.126,26.389,4.88,28.5,33.553,34.0,33.7255,-0.447,-0.1725,26.38553
573.07,26.39,4.88,28.5,33.5591,34.0,33.7318,-0.4409,-0.1727,26.38579
574.085,26.39,4.88,28.5,33.5657,34.0,33.7386,-0.4343,-0.1729,26.38653
575.093,26.39,4.92,28.5,33.5724,34.0,33.7453,-0.4276,-0.173,26.3875
576.118,26.392,4.92,28.5,33.5791,34.0,33.7524,-0.4209,-0.1733,26.38656
577.142,26.392,4.88,28.4,33.5858,34.0,33.7594,-0.4142,-0.1736,26.38757
578.077,26.392,4.88,28.4,33.5919,34.0,33.7656,-0.4081,-0.1737,26.38877
579.089,26.389,4.88,28.4,33.5985,34.0,33.7722,-0.4015,-0.1737,26.38852
580.114,26.393,4.88,28.4,33.6051,34.0,33.7796,-0.3949,-0.1744,26.38558
581.137,26.392,4.88,28.5,33.6118,34.0,33.7863,-0.3882,-0.1745,26.38946
582.083,26.393,4.88,28.4,33.618,34.0,33.7927,-0.382,-0.1747,26.38877
583.087,26.392,4.88,28.4,33.6245,34.0,33.7993,-0.3755,-0.1748,26.38955
584.209,26.395,4.88,28.4,33.6318,34.0,33.8072,-0.3682,-0.1754,26.38819
585.13,26.395,4.88,28.4,33.6378,34.0,33.8133,-0.3622,-0.1755,26.39179
586.157,26.393,4.92,28.5,33.6446,34.0,33.8201,-0.3554,-0.1755,26.39238
587.097,26.395,4.92,28.5,33.6508,34.0,33.8266,-0.3492,-0.1759,26.38984
588.098,26.393,4.88,28.5,33.6573,34.0,33.8332,-0.3427,-0.1759,26.39064
589.122,26.393,4.88,28.4,33.664,34.0,33.84,-0.336,-0.1761,26.38953
590.151,26.39,4.88,28.5,33.6707,34.0,33.8467,-0.3293,-0.1761,26.38951
591.097,26.39,4.88,28.5,33.6768,34.0,33.853,-0.3232,-0.1762,26.38688
592.101,26.395,4.88,28.5,33.6834,34.0,33.8604,-0.3166,-0.177,26.38669
593.117,26.396,4.88,28.4,33.69,34.0,33.8673,-0.31,-0.1773,26.39152
594.146,26.395,4.88,28.5,33.6967,34.0,33.8741,-0.3033,-0.1774,26.39245
595.169,26.393,4.88,28.5,33.7034,34.0,33.8808,-0.2966,-0.1774,26.39152
596.194,26.395,4.88,28.5,33.71,34.0,33.8878,-0.29,-0.1778,26.38958
597.113,26.395,4.88,28.5,33.716,34.0,33.8939,-0.284,-0.1779,26.39187
598.138,26.393,4.88,28.5,33.7227,34.0,33.9006,-0.2773,-0.1779,26.39153
599.162,26.393,4.88,28.4,33.7294,34.0,33.9074,-0.2706,-0.1781,26.3896
600.191,26.396,4.92,28.5,33.7361,34.0,33.9146,-0.2639,-0.1784,26.39052
601.126,26.395,4.88,28.5,33.7422,34.0,33.9208,-0.2578,-0.1786,26.39192
602.136,26.398,4.88,28.4,33.7488,34.0,33.9279,-0.2512,-0.1791,26.3916
603.157,26.395,4.92,28.5,33.7555,34.0,33.9346,-0.2445,-0.1791,26.39542
604.182,26.395,4.92,28.5,33.7623,34.0,33.9415,-0.2377,-0.1792,26.39163
605.204,26.396,4.88,28.5,33.7689,34.0,33.9485,-0.2311,-0.1795,26.39069
606.134,26.395,4.88,28.5,33.775,34.0,33.9546,-0.225,-0.1796,26.39286
607.147,26.398,4.88,28.5,33.7816,34.0,33.9617,-0.2184,-0.1801,26.39163
608.174,26.395,4.88,28.5,33.7883,34.0,33.9684,-0.2117,-0.1801,26.3945
609.199,26.396,4.88,28.5,33.795,34.0,33.9753,-0.205,-0.1803,26.39161
610.225,26.396,4.88,28.5,33.8017,34.0,33.9821,-0.1983,-0.1805,26.39258
611.148,26.398,4.88,28.5,33.8077,34.0,33.9885,-0.1923,-0.1808,26.39292
612.164,26.398,4.88,28.5,33.8143,34.0,33.9952,-0.1857,-0.1809,26.39457
613.192,26.395,4.88,28.5,33.821,34.0,34.0019,-0.179,-0.181,26.39454
614.213,26.396,4.88,28.5,33.8276,34.0,34.0088,-0.1724,-0.1812,26.39166
615.149,26.396,4.88,28.5,33.8337,34.0,34.015,-0.1663,-0.1813,26.3929
616.164,26.396,4.88,28.5,33.8404,34.0,34.0218,-0.1596,-0.1814,26.39266
617.185,26.395,4.92,28.5,33.8471,34.0,34.0285,-0.1529,-0.1815,26.39358
618.207,26.398,4.88,28.5,33.8537,34.0,34.0358,-0.1463,-0.1821,26.39079
619.237,26.395,4.88,28.5,33.8604,34.0,34.0425,-0.1396,-0.1821,26.39457
620.16,26.398,4.88,28.5,33.8665,34.0,34.049,-0.1335,-0.1825,26.39202
621.179,26.398,4.88,28.5,33.8731,34.0,34.0558,-0.1269,-0.1827,26.39462
622.202,26.399,4.88,28.4,33.8798,34.0,34.0627,-0.1202,-0.1829,26.39462
623.229,26.399,4.88,28.4,33.8865,34.0,34.0695,-0.1135,-0.1831,26.39558
624.174,26.401,4.88,28.4,33.8926,34.0,34.076,-0.1074,-0.1834,26.39586
625.169,26.398,4.84,28.5,33.8991,34.0,34.0824,-0.1009,-0.1834,26.39671
626.192,26.399,4.88,28.5,33.9057,34.0,34.0893,-0.0943,-0.1835,26.39554
627.217,26.395,4.88,28.5,33.9124,34.0,34.0959,-0.0876,-0.1835,26.39562
628.244,26.401,4.88,28.5,33.9191,34.0,34.1035,-0.0809,-0.1844,26.39174
629.184,26.401,4.88,28.5,33.9252,34.0,34.1098,-0.0748,-0.1845,26.39784
630.186,26.399,4.92,28.5,33.9318,34.0,34.1164,-0.0682,-0.1846,26.39859
631.211,26.401,4.88,28.5,33.9385,34.0,34.1235,-0.0615,-0.185,26.39477
632.237,26.402,4.88,28.5,33.9452,34.0,34.1304,-0.0548,-0.1853,26.39759
633.185,26.401,4.88,28.5,33.9514,34.0,34.1367,-0.0486,-0.1853,26.39882
634.188,26.401,4.88,28.5,33.9579,34.0,34.1433,-0.0421,-0.1854,26.39768
635.309,26.404,4.88,28.5,33.9652,34.0,34.1512,-0.0348,-0.186,26.39731
636.232,26.404,4.88,28.5,33.9712,34.0,34.1573,-0.0288,-0.1861,26.40087
637.254,26.401,4.88,28.5,33.9779,34.0,34.164,-0.0221,-0.1861,26.40056
638.2,26.398,4.92,28.5,33.9841,34.0,34.1702,-0.0159,-0.1861,26.39884
639.199,26.399,4.92,28.5,33.9907,34.0,34.177,-0.0093,-0.1863,26.39487
640.221,26.401,4.88,28.5,33.9973,34.0,34.1841,-0.0027,-0.1868,26.39482
641.256,26.401,4.88,28.5,34.0041,34.0,34.191,0.0041,-0.1869,26.39762
642.282,26.401,4.88,28.5,34.0107,34.0,34.1978,0.0107,-0.187,26.39766
643.207,26.404,4.92,28.5,34.0168,34.0,34.2042,0.0168,-0.1873,26.39892
644.215,26.404,4.88,28.5,34.0234,34.0,34.2109,0.0234,-0.1876,26.39976
645.239,26.404,4.88,28.5,34.0301,34.0,34.2178,0.0301,-0.1877,26.4006
646.265,26.402,4.88,28.5,34.0368,34.0,34.2245,0.0368,-0.1877,26.40061
647.292,26.404,4.88,28.5,34.0434,35.0,34.2315,-0.9566,-0.188,26.39867
648.217,26.404,4.88,28.5,34.0495,35.0,34.2376,-0.9505,-0.1882,26.40094
649.233,26.402,4.88,28.5,34.0561,35.0,34.2443,-0.9439,-0.1882,26.40066
650.258,26.404,4.88,28.5,34.0628,35.0,34.2513,-0.9372,-0.1885,26.3987
651.283,26.404,4.88,28.5,34.0695,35.0,34.2581,-0.9305,-0.1886,26.40064
652.223,26.404,4.88,28.5,34.0756,35.0,34.2643,-0.9244,-0.1888,26.40092
653.232,26.407,4.88,28.5,34.0822,35.0,34.2714,-0.9178,-0.1892,26.40071
654.256,26.404,4.88,28.5,34.0888,35.0,34.2781,-0.9112,-0.1892,26.40358
655.275,26.404,4.88,28.5,34.0955,35.0,34.2848,-0.9045,-0.1894,26.4007
656.303,26.405,4.88,28.5,34.1022,35.0,34.2918,-0.8978,-0.1896,26.40067
657.245,26.405,4.88,28.5,34.1083,35.0,34.298,-0.8917,-0.1897,26.40192
658.245,26.407,4.88,28.5,34.1148,35.0,34.3049,-0.8852,-0.19,26.40174
659.27,26.405,4.88,28.5,34.1215,35.0,34.3116,-0.8785,-0.19,26.40361
660.298,26.405,4.88,28.5,34.1282,35.0,34.3184,-0.8718,-0.1902,26.40167
661.323,26.405,4.88,28.5,34.1349,35.0,34.3252,-0.8651,-0.1903,26.40168
662.253,26.402,4.88,28.5,34.141,35.0,34.3313,-0.859,-0.1903,26.40199
663.264,26.407,4.92,28.5,34.1476,35.0,34.3385,-0.8524,-0.1909,26.39977
664.288,26.407,4.88,28.5,34.1543,35.0,34.3454,-0.8457,-0.1911,26.40276
665.312,26.405,4.88,28.5,34.1609,35.0,34.3521,-0.8391,-0.1911,26.40366
666.339,26.405,4.88,28.5,34.1676,35.0,34.3589,-0.8324,-0.1913,26.40172
667.362,26.407,4.88,28.5,34.1743,35.0,34.3659,-0.8257,-0.1916,26.40173
668.296,26.407,4.88,28.5,34.1804,35.0,34.3721,-0.8196,-0.1917,26.40396
669.305,26.407,4.88,28.5,34.187,35.0,34.3788,-0.813,-0.1918,26.40373
670.329,26.408,4.88,28.5,34.1936,35.0,34.3857,-0.8064,-0.192,26.40369
671.274,26.408,4.88,28.5,34.1998,35.0,34.392,-0.8002,-0.1922,26.40492
672.278,26.405,4.92,28.5,34.2064,35.0,34.3986,-0.7936,-0.1922,26.40568
673.301,26.408,4.88,28.5,34.2131,35.0,34.4058,-0.7869,-0.1927,26.4009
674.332,26.408,4.88,28.5,34.2198,35.0,34.4127,-0.7802,-0.1929,26.40466
675.348,26.411,4.88,28.5,34.2264,35.0,34.4197,-0.7736,-0.1933,26.40472
676.277,26.408,4.88,28.5,34.2325,35.0,34.4258,-0.7675,-0.1933,26.40793
677.297,26.408,4.88,28.5,34.2391,35.0,34.4326,-0.7609,-0.1934,26.40474
678.316,26.41,4.88,28.5,34.2458,35.0,34.4395,-0.7542,-0.1938,26.40474
679.346,26.407,4.88,28.5,34.2525,35.0,34.4462,-0.7475,-0.1938,26.40665
680.292,26.407,4.88,28.5,34.2586,35.0,34.4525,-0.7414,-0.1939,26.40401
681.292,26.411,4.88,28.5,34.2652,35.0,34.4596,-0.7348,-0.1945,26.40384
682.311,26.408,4.88,28.5,34.2718,35.0,34.4663,-0.7282,-0.1945,26.40767
683.343,26.407,4.88,28.5,34.2785,35.0,34.473,-0.7215,-0.1945,26.40474
684.358,26.41,4.88,28.5,34.2851,35.0,34.4801,-0.7149,-0.195,26.40382
685.292,26.411,4.92,28.5,34.2913,35.0,34.4864,-0.7087,-0.1951,26.40792
686.413,26.411,4.88,28.5,34.2986,35.0,34.4939,-0.7014,-0.1953,26.4065
687.331,26.411,4.88,28.5,34.3046,35.0,34.5,-0.6954,-0.1954,26.40803
688.357,26.41,4.88,28.5,34.3112,35.0,34.5067,-0.6888,-0.1955,26.4077
689.302,26.408,4.88,28.5,34.3174,35.0,34.5129,-0.6826,-0.1955,26.40699
690.303,26.411,4.88,28.5,34.3239,35.0,34.5198,-0.6761,-0.1959,26.40488
691.324,26.41,4.92,28.5,34.3306,35.0,34.5266,-0.6694,-0.1959,26.40866
692.349,26.41,4.88,28.5,34.3373,35.0,34.5335,-0.6627,-0.1961,26.40588
693.371,26.41,4.88,28.5,34.344,35.0,34.5402,-0.656,-0.1962,26.40677
694.315,26.411,4.92,28.5,34.3502,35.0,34.5465,-0.6498,-0.1964,26.40795
695.315,26.413,4.88,28.5,34.3567,35.0,34.5535,-0.6433,-0.1968,26.40694
696.34,26.413,4.92,28.5,34.3634,35.0,34.5603,-0.6366,-0.1968,26.41063
697.362,26.41,4.88,28.5,34.3701,35.0,34.5669,-0.6299,-0.1968,26.40883
698.388,26.41,4.88,28.5,34.3768,35.0,34.5737,-0.6232,-0.197,26.4068
699.418,26.413,4.88,28.5,34.3835,35.0,34.5809,-0.6165,-0.1974,26.40679
700.354,26.413,4.88,28.5,34.3896,35.0,34.5871,-0.6104,-0.1975,26.41
701.357,26.413,4.88,28.5,34.3961,35.0,34.5937,-0.6039,-0.1976,26.40981
702.382,26.411,4.88,28.5,34.4028,35.0,34.6004,-0.5972,-0.1976,26.40974
703.32,26.413,4.88,28.5,34.4089,35.0,34.6068,-0.5911,-0.1979,26.40808
704.331,26.411,4.92,28.5,34.4156,35.0,34.6135,-0.5844,-0.1979,26.41073
705.356,26.413,4.88,28.5,34.4223,35.0,34.6205,-0.5777,-0.1983,26.40694
706.377,26.413,4.88,28.5,34.4289,35.0,34.6273,-0.5711,-0.1984,26.40978
707.401,26.414,4.88,28.5,34.4356,35.0,34.6342,-0.5644,-0.1986,26.40978
708.333,26.413,4.88,28.5,34.4417,35.0,34.6403,-0.5583,-0.1986,26.41104
709.344,26.413,4.88,28.5,34.4482,35.0,34.647,-0.5518,-0.1987,26.40984
710.367,26.413,4.92,28.5,34.455,35.0,34.6538,-0.545,-0.1988,26.41073
711.391,26.414,4.88,28.5,34.4616,35.0,34.6607,-0.5384,-0.1991,26.40892
712.417,26.414,4.88,28.5,34.4683,35.0,34.6675,-0.5317,-0.1992,26.41077
713.351,26.414,4.88,28.5,34.4744,35.0,34.6737,-0.5256,-0.1993,26.41107
714.361,26.416,4.88,28.5,34.481,35.0,34.6806,-0.519,-0.1996,26.41084
715.392,26.413,4.88,28.5,34.4877,35.0,34.6873,-0.5123,-0.1996,26.41272
716.408,26.414,4.88,28.5,34.4943,35.0,34.6941,-0.5057,-0.1997,26.40987
717.36,26.414,4.88,28.5,34.5005,35.0,34.7004,-0.4995,-0.1998,26.41104
718.457,26.413,4.88,28.5,34.5077,35.0,34.7076,-0.4923,-0.1999,26.4106
719.378,26.413,4.88,28.5,34.5137,35.0,34.7137,-0.4863,-0.2,26.41017
720.403,26.414,4.88,28.5,34.5204,35.0,34.7205,-0.4796,-0.2002,26.40986
721.426,26.414,4.88,28.5,34.527,35.0,34.7273,-0.473,-0.2003,26.41084
722.374,26.416,4.88,28.5,34.5332,35.0,34.7337,-0.4668,-0.2005,26.41108
723.377,26.419,4.92,28.5,34.5398,35.0,34.7406,-0.4602,-0.2008,26.4138
724.402,26.414,4.88,28.5,34.5465,35.0,34.7473,-0.4535,-0.2008,26.41483
725.424,26.414,4.88,28.5,34.5532,35.0,34.754,-0.4468,-0.2009,26.41089
726.449,26.414,4.88,28.5,34.5598,35.0,34.7608,-0.4402,-0.201,26.41087
727.4,26.413,4.88,28.5,34.566,35.0,34.7671,-0.434,-0.201,26.4111
728.392,26.416,4.88,28.5,34.5725,35.0,34.7739,-0.4275,-0.2014,26.41002
729.418,26.417,4.88,28.5,34.5792,35.0,34.7808,-0.4208,-0.2016,26.41283
730.445,26.417,4.88,28.5,34.5859,35.0,34.7876,-0.4141,-0.2017,26.41381
731.469,26.414,4.88,28.5,34.5926,35.0,34.7942,-0.4074,-0.2017,26.41383
732.403,26.414,4.88,28.5,34.5986,35.0,34.8004,-0.4014,-0.2018,26.41119
733.41,26.414,4.88,28.5,34.6052,35.0,34.8071,-0.3948,-0.2018,26.41098
734.454,26.419,4.92,28.5,34.6121,35.0,34.8144,-0.3879,-0.2024,26.4118
735.46,26.416,4.88,28.5,34.6186,35.0,34.821,-0.3814,-0.2024,26.41496
736.482,26.419,4.88,28.5,34.6253,35.0,34.828,-0.3747,-0.2028,26.4129
737.505,26.421,4.88,28.5,34.632,35.0,34.835,-0.368,-0.203,26.41581
738.428,26.421,4.88,28.5,34.638,35.0,34.8411,-0.362,-0.2031,26.41808
739.454,26.421,4.88,28.5,34.6447,35.0,34.8479,-0.3553,-0.2032,26.41777
740.478,26.416,4.88,28.5,34.6513,35.0,34.8545,-0.3487,-0.2032,26.41778
741.423,26.419,4.88,28.5,34.6575,35.0,34.861,-0.3425,-0.2035,26.41318
742.425,26.419,4.88,28.5,34.664,35.0,34.8676,-0.336,-0.2036,26.41591
743.448,26.419,4.88,28.5,34.6707,35.0,34.8744,-0.3293,-0.2037,26.41586
744.473,26.419,4.88,28.5,34.6774,35.0,34.8812,-0.3226,-0.2038,26.41586
745.501,26.424,4.88,28.5,34.6841,35.0,34.8885,-0.3159,-0.2044,26.41586
746.429,26.422,4.88,28.5,34.6901,35.0,34.8946,-0.3099,-0.2044,26.42103
747.455,26.419,4.92,28.5,34.6969,35.0,34.9013,-0.3031,-0.2044,26.41973
748.463,26.422,4.88,28.5,34.7034,35.0,34.9083,-0.2966,-0.2049,26.41507
749.484,26.424,4.88,28.5,34.7101,35.0,34.9152,-0.2899,-0.2052,26.41882
750.514,26.422,4.88,28.5,34.7168,35.0,34.922,-0.2832,-0.2052,26.42074
751.459,26.422,4.88,28.5,34.723,35.0,34.9282,-0.277,-0.2053,26.41907
752.456,26.422,4.88,28.5,34.7294,35.0,34.9348,-0.2706,-0.2053,26.41892
753.48,26.424,4.92,28.5,34.7362,35.0,34.9417,-0.2638,-0.2055,26.41977
754.512,26.422,4.88,28.5,34.7429,35.0,34.9485,-0.2571,-0.2056,26.41988
755.527,26.422,4.88,28.5,34.7495,35.0,34.9552,-0.2505,-0.2057,26.41888
756.46,26.424,4.88,28.5,34.7556,35.0,34.9615,-0.2444,-0.2059,26.41913
757.473,26.424,4.88,28.5,34.7622,35.0,34.9682,-0.2378,-0.206,26.42084
758.502,26.422,4.88,28.5,34.7689,35.0,34.9749,-0.2311,-0.206,26.4208
759.527,26.422,4.88,28.5,34.7756,35.0,34.9817,-0.2244,-0.2061,26.41888
760.47,26.422,4.88,28.5,34.7817,35.0,34.9879,-0.2183,-0.2062,26.41913
761.469,26.424,4.88,28.5,34.7882,35.0,34.9946,-0.2118,-0.2064,26.41897
762.489,26.422,4.88,28.5,34.7949,35.0,35.0013,-0.2051,-0.2064,26.42084
763.63,26.424,4.88,28.5,34.8023,35.0,35.009,-0.1977,-0.2067,26.41849
764.541,26.424,4.88,28.5,34.8083,35.0,35.015,-0.1917,-0.2068,26.42112
765.478,26.425,4.88,28.5,34.8144,35.0,35.0213,-0.1856,-0.2069,26.42106
766.487,26.425,4.92,28.5,34.821,35.0,35.028,-0.179,-0.2069,26.42274
767.508,26.424,4.88,28.5,34.8277,35.0,35.0347,-0.1723,-0.207,26.4209
768.532,26.424,4.88,28.5,34.8343,35.0,35.0415,-0.1657,-0.2071,26.4208
769.561,26.424,4.88,28.5,34.841,35.0,35.0483,-0.159,-0.2072,26.42079
770.491,26.424,4.88,28.5,34.8471,35.0,35.0544,-0.1529,-0.2073,26.4211
771.502,26.427,4.88,28.5,34.8537,35.0,35.0613,-0.1463,-0.2076,26.42086
772.526,26.422,4.88,28.5,34.8604,35.0,35.068,-0.1396,-0.2076,26.42373
773.55,26.425,4.88,28.5,34.867,35.0,35.075,-0.133,-0.2079,26.4189
774.499,26.427,4.88,28.5,34.8732,35.0,35.0814,-0.1268,-0.2082,26.42202
775.601,26.427,4.88,28.5,34.8804,35.0,35.0887,-0.1196,-0.2083,26.42351
776.527,26.427,4.88,28.5,34.8864,35.0,35.0948,-0.1136,-0.2084,26.42406
777.547,26.425,4.88,28.5,34.8931,35.0,35.1015,-0.1069,-0.2084,26.42378
778.569,26.427,4.88,28.5,34.8998,35.0,35.1084,-0.1002,-0.2086,26.42183
779.595,26.424,4.88,28.5,34.9064,35.0,35.115,-0.0936,-0.2086,26.42376
780.524,26.424,4.88,28.5,34.9125,35.0,35.1212,-0.0875,-0.2087,26.42115
781.541,26.425,4.88,28.5,34.9191,35.0,35.128,-0.0809,-0.2088,26.42088
782.58,26.427,4.88,28.5,34.9259,35.0,35.135,-0.0741,-0.2091,26.42179
783.587,26.427,4.88,28.5,34.9325,35.0,35.1416,-0.0675,-0.2092,26.42384
784.614,26.427,4.88,28.5,34.9391,35.0,35.1484,-0.0609,-0.2092,26.42379
785.541,26.425,4.88,28.5,34.9452,35.0,35.1544,-0.0548,-0.2093,26.4241
786.556,26.427,4.88,28.5,34.9518,35.0,35.1613,-0.0482,-0.2095,26.42189
787.581,26.428,4.88,28.5,34.9585,35.0,35.1681,-0.0415,-0.2096,26.4238
788.613,26.43,4.88,28.5,34.9652,35.0,35.1751,-0.0348,-0.2099,26.42476
789.54,26.43,4.88,28.5,34.9713,35.0,35.1812,-0.0287,-0.2099,26.42703
790.549,26.425,4.88,28.5,34.9778,35.0,35.1877,-0.0222,-0.2099,26.42679
791.58,26.428,4.88,28.5,34.9846,35.0,35.1948,-0.0154,-0.2102,26.42188
792.598,26.427,4.88,28.5,34.9912,35.0,35.2015,-0.0088,-0.2103,26.42481
793.547,26.428,4.88,28.5,34.9974,35.0,35.2078,-0.0026,-0.2104,26.42407
794.55,26.43,4.88,28.5,35.0039,36.0,35.2145,-0.9961,-0.2106,26.42487
795.675,26.428,4.88,28.5,35.0112,36.0,35.2219,-0.9888,-0.2107,26.42645
796.592,26.428,4.88,28.5,35.0172,36.0,35.2279,-0.9828,-0.2107,26.42515
797.62,26.43,4.92,28.5,35.024,36.0,35.2348,-0.976,-0.2109,26.42575
798.642,26.427,4.88,28.5,35.0306,36.0,35.2415,-0.9694,-0.2109,26.4259
799.568,26.427,4.88,28.5,35.0367,36.0,35.2476,-0.9633,-0.2109,26.42417
800.584,26.431,4.84,28.5,35.0432,36.0,35.2547,-0.9568,-0.2115,26.42296
801.615,26.433,4.88,28.5,35.05,36.0,35.2616,-0.95,-0.2116,26.42861
802.639,26.433,4.88,28.5,35.0566,36.0,35.2684,-0.9434,-0.2117,26.42971
803.578,26.43,4.88,28.5,35.0627,36.0,35.2745,-0.9373,-0.2117,26.42999
804.58,26.43,4.88,28.5,35.0693,36.0,35.2811,-0.9307,-0.2118,26.42689
805.605,26.431,4.88,28.5,35.076,36.0,35.2879,-0.924,-0.212,26.42681
806.628,26.431,4.92,28.5,35.0827,36.0,35.2947,-0.9173,-0.212,26.42872
807.656,26.43,4.88,28.5,35.0894,36.0,35.3015,-0.9106,-0.2121,26.4269
808.584,26.43,4.88,28.5,35.0954,36.0,35.3076,-0.9046,-0.2121,26.42712
809.6,26.43,4.92,28.5,35.1021,36.0,35.3143,-0.8979,-0.2122,26.42778
810.621,26.434,4.88,28.5,35.1088,36.0,35.3215,-0.8912,-0.2127,26.42596
811.646,26.431,4.88,28.5,35.1154,36.0,35.3281,-0.8846,-0.2127,26.43071
812.591,26.431,4.88,28.5,35.1216,36.0,35.3344,-0.8784,-0.2128,26.42807
813.596,26.434,4.92,28.5,35.1282,36.0,35.3412,-0.8718,-0.213,26.42881
814.716,26.43,4.88,28.5,35.1355,36.0,35.3485,-0.8645,-0.213,26.42956
815.642,26.43,4.88,28.5,35.1415,36.0,35.3546,-0.8585,-0.2131,26.42716
816.665,26.433,4.88,28.5,35.1482,36.0,35.3616,-0.8518,-0.2134,26.42686
817.599,26.431,4.88,28.5,35.1543,36.0,35.3677,-0.8457,-0.2134,26.43005
818.612,26.431,4.88,28.5,35.1609,36.0,35.3743,-0.8391,-0.2134,26.42788
819.631,26.433,4.84,28.5,35.1675,36.0,35.3812,-0.8325,-0.2137,26.42693
820.659,26.431,4.88,28.5,35.1742,36.0,35.3879,-0.8258,-0.2137,26.43066
821.608,26.431,4.88,28.5,35.1804,36.0,35.3942,-0.8196,-0.2138,26.42809
822.615,26.431,4.88,28.5,35.1869,36.0,35.4008,-0.8131,-0.2139,26.42791
823.626,26.433,4.88,28.5,35.1935,36.0,35.4076,-0.8065,-0.2141,26.4279
824.653,26.43,4.88,28.5,35.2002,36.0,35.4143,-0.7998,-0.2141,26.4298
825.673,26.43,4.88,28.5,35.2069,36.0,35.421,-0.7931,-0.2141,26.42692
826.704,26.433,4.88,28.5,35.2136,36.0,35.428,-0.7864,-0.2144,26.42688
827.726,26.434,4.92,28.5,35.2203,36.0,35.4348,-0.7797,-0.2145,26.43075
828.644,26.434,4.92,28.5,35.2263,36.0,35.4409,-0.7737,-0.2146,26.43117
829.676,26.436,4.88,28.5,35.2331,36.0,35.4479,-0.7669,-0.2149,26.42991
830.692,26.436,4.88,28.5,35.2397,36.0,35.4546,-0.7603,-0.2149,26.43278
831.628,26.433,4.84,28.5,35.2457,36.0,35.4607,-0.7543,-0.2149,26.43212
832.637,26.434,4.88,28.5,35.2523,36.0,35.4673,-0.7477,-0.215,26.43079
833.669,26.434,4.88,28.5,35.259,36.0,35.4741,-0.741,-0.2151,26.43081
834.688,26.434,4.88,28.5,35.2657,36.0,35.4808,-0.7343,-0.2152,26.43085
835.709,26.436,4.88,28.5,35.2723,36.0,35.4877,-0.7277,-0.2154,26.43085
836.641,26.431,4.88,28.5,35.2784,36.0,35.4937,-0.7216,-0.2153,26.43307
837.66,26.434,4.88,28.5,35.285,36.0,35.5007,-0.715,-0.2156,26.42796
838.678,26.439,4.88,28.5,35.2917,36.0,35.5078,-0.7083,-0.2161,26.43086
839.71,26.433,4.92,28.5,35.2985,36.0,35.5145,-0.7015,-0.216,26.43661
840.65,26.433,4.92,28.5,35.3046,36.0,35.5207,-0.6954,-0.2161,26.43021
841.656,26.436,4.92,28.5,35.3112,36.0,35.5276,-0.6888,-0.2163,26.42999
842.677,26.436,4.88,28.5,35.3179,36.0,35.5344,-0.6821,-0.2165,26.43193
843.704,26.437,4.88,28.5,35.3246,36.0,35.5412,-0.6754,-0.2166,26.43281
844.72,26.434,4.84,28.5,35.3312,36.0,35.5478,-0.6688,-0.2166,26.43289
845.652,26.44,4.88,28.5,35.3372,36.0,35.5543,-0.6628,-0.2171,26.43205
846.775,26.434,4.88,28.5,35.3446,36.0,35.5616,-0.6554,-0.217,26.43641
847.696,26.434,4.88,28.5,35.3506,36.0,35.5676,-0.6494,-0.2171,26.43122
848.714,26.437,4.88,28.5,35.3572,36.0,35.5745,-0.6428,-0.2174,26.43092
849.665,26.439,4.92,28.5,35.3634,36.0,35.5809,-0.6366,-0.2175,26.43496
850.668,26.437,4.88,28.5,35.37,36.0,35.5875,-0.63,-0.2175,26.43495
851.683,26.436,4.92,28.5,35.3766,36.0,35.5942,-0.6234,-0.2175,26.43479
852.713,26.44,4.84,28.5,35.3833,36.0,35.6014,-0.6167,-0.2181,26.43104
853.737,26.44,4.84,28.5,35.3899,36.0,35.6081,-0.6101,-0.2181,26.4367
854.673,26.439,4.88,28.5,35.396,36.0,35.6142,-0.604,-0.2181,26.43792
855.678,26.439,4.92,28.5,35.4026,36.0,35.6208,-0.5974,-0.2182,26.43679
856.704,26.439,4.88,28.5,35.4093,36.0,35.6276,-0.5907,-0.2183,26.43492
857.725,26.44,4.88,28.5,35.416,36.0,35.6344,-0.584,-0.2184,26.43581
858.75,26.443,4.88,28.5,35.4227,36.0,35.6414,-0.5773,-0.2187,26.43678
859.697,26.443,4.88,28.5,35.4288,36.0,35.6476,-0.5712,-0.2188,26.43994
860.695,26.439,4.92,28.5,35.4354,36.0,35.6542,-0.5646,-0.2188,26.44072
861.719,26.44,4.92,28.5,35.4421,36.0,35.661,-0.5579,-0.2189,26.43589
862.743,26.439,4.88,28.5,35.4488,36.0,35.6678,-0.5512,-0.219,26.43592
863.692,26.44,4.88,28.5,35.455,36.0,35.6741,-0.545,-0.2191,26.43606
864.696,26.44,4.92,28.5,35.4616,36.0,35.6807,-0.5384,-0.2191,26.4378
865.718,26.442,4.88,28.5,35.4682,36.0,35.6876,-0.5318,-0.2194,26.43594
866.738,26.442,4.88,28.5,35.4749,36.0,35.6944,-0.5251,-0.2195,26.43877
867.763,26.442,4.88,28.5,35.4816,36.0,35.7011,-0.5184,-0.2196,26.43877
868.706,26.442,4.88,28.5,35.4877,36.0,35.7073,-0.5123,-0.2196,26.43903
869.713,26.443,4.88,28.5,35.4943,36.0,35.714,-0.5057,-0.2198,26.43884
870.729,26.44,4.92,28.5,35.5009,36.0,35.7207,-0.4991,-0.2198,26.44071
871.759,26.445,4.88,28.5,35.5077,36.0,35.728,-0.4923,-0.2203,26.43596
872.779,26.445,4.88,28.5,35.5143,36.0,35.7347,-0.4857,-0.2204,26.44171
873.718,26.442,4.88,28.5,35.5204,36.0,35.7408,-0.4796,-0.2204,26.44199
874.727,26.443,4.92,28.5,35.5271,36.0,35.7475,-0.4729,-0.2205,26.43979
875.752,26.442,4.88,28.5,35.5337,36.0,35.7543,-0.4663,-0.2205,26.4389
876.778,26.442,4.88,28.5,35.5404,36.0,35.761,-0.4596,-0.2206,26.43881
877.795,26.442,4.88,28.5,35.547,36.0,35.7677,-0.453,-0.2207,26.43884
878.82,26.443,4.92,28.5,35.5538,36.0,35.7745,-0.4462,-0.2208,26.43974
879.741,26.443,4.92,28.5,35.5598,36.0,35.7807,-0.4402,-0.2208,26.44016
880.77,26.443,4.88,28.5,35.5665,36.0,35.7875,-0.4335,-0.221,26.43891
881.791,26.443,4.84,28.5,35.5731,36.0,35.7942,-0.4269,-0.2211,26.43889
882.735,26.442,4.88,28.5,35.5793,36.0,35.8004,-0.4207,-0.2211,26.44094
883.741,26.445,4.92,28.5,35.5859,36.0,35.8072,-0.4141,-0.2213,26.43983
884.769,26.445,4.88,28.5,35.5926,36.0,35.814,-0.4074,-0.2214,26.44087
885.784,26.445,4.88,28.5,35.5992,36.0,35.8207,-0.4008,-0.2215,26.4418
886.813,26.443,4.92,28.5,35.606,36.0,35.8275,-0.394,-0.2215,26.44269
887.761,26.446,4.88,28.5,35.6122,36.0,35.834,-0.3878,-0.2218,26.4392
888.755,26.442,4.92,28.5,35.6187,36.0,35.8405,-0.3813,-0.2218,26.44377
889.777,26.445,4.92,28.5,35.6254,36.0,35.8475,-0.3746,-0.2221,26.43894
890.808,26.445,4.88,28.5,35.6321,36.0,35.8544,-0.3679,-0.2222,26.44088
891.829,26.445,4.88,28.5,35.6388,36.0,35.8611,-0.3612,-0.2223,26.44181
892.76,26.443,4.88,28.5,35.6448,36.0,35.8672,-0.3552,-0.2223,26.44209
893.772,26.443,4.88,28.5,35.6514,36.0,35.8738,-0.3486,-0.2224,26.43991
894.796,26.443,4.92,28.5,35.6582,36.0,35.8806,-0.3418,-0.2224,26.44079
895.822,26.445,4.88,28.5,35.6649,36.0,35.8876,-0.3351,-0.2227,26.43899
896.76,26.446,4.88,28.5,35.671,36.0,35.8938,-0.329,-0.2228,26.44208
897.874,26.443,4.84,28.5,35.6782,36.0,35.901,-0.3218,-0.2228,26.4416
898.789,26.443,4.84,28.5,35.6841,36.0,35.907,-0.3159,-0.2229,26.44018
899.815,26.443,4.88,28.5,35.6908,36.0,35.9137,-0.3092,-0.2229,26.44077
900.838,26.445,4.88,28.5,35.6974,36.0,35.9206,-0.3026,-0.2231,26.4399
901.771,26.449,4.88,28.5,35.7035,36.0,35.927,-0.2965,-0.2235,26.44211
902.78,26.446,4.88,28.5,35.7101,36.0,35.9336,-0.2899,-0.2235,26.44578
903.814,26.445,4.88,28.5,35.7168,36.0,35.9404,-0.2832,-0.2235,26.44281
904.831,26.445,4.88,28.5,35.7235,36.0,35.9471,-0.2765,-0.2236,26.44188
905.785,26.448,4.88,28.5,35.7297,36.0,35.9535,-0.2703,-0.2239,26.44207
906.788,26.446,4.88,28.5,35.7362,36.0,35.9601,-0.2638,-0.2239,26.44485
907.801,26.449,4.84,28.5,35.7428,36.0,35.967,-0.2572,-0.2242,26.44196
908.828,26.446,4.88,28.5,35.7495,36.0,35.9737,-0.2505,-0.2242,26.44663
909.878,26.445,4.88,28.5,35.7563,36.0,35.9806,-0.2437,-0.2243,26.44279
910.787,26.445,4.88,28.5,35.7622,36.0,35.9866,-0.2378,-0.2243,26.44223
911.793,26.451,4.88,28.5,35.7688,36.0,35.9937,-0.2312,-0.2249,26.44195
912.817,26.446,4.88,28.5,35.7755,36.0,36.0003,-0.2245,-0.2249,26.44772
913.843,26.445,4.92,28.5,35.7822,36.0,36.0071,-0.2178,-0.2249,26.44381
914.786,26.448,4.88,28.5,35.7884,36.0,36.0136,-0.2116,-0.2252,26.44127
915.792,26.449,4.88,28.5,35.7949,36.0,36.0203,-0.2051,-0.2254,26.44487
916.819,26.446,4.88,28.5,35.8016,36.0,36.027,-0.1984,-0.2254,26.4458
917.835,26.446,4.88,28.5,35.8082,36.0,36.0337,-0.1918,-0.2254,26.44293
918.861,26.451,4.88,28.5,35.8149,36.0,36.0408,-0.1851,-0.2259,26.44289
919.794,26.449,4.88,28.5,35.821,36.0,36.0469,-0.179,-0.2259,26.44804
920.808,26.448,4.84,28.5,35.8275,36.0,36.0535,-0.1725,-0.226,26.44494
921.829,26.449,4.84,28.5,35.8341,36.0,36.0603,-0.1659,-0.2261,26.44482
922.857,26.452,4.88,28.5,35.8408,36.0,36.0672,-0.1592,-0.2264,26.4467
923.889,26.452,4.88,28.5,35.8476,36.0,36.074,-0.1524,-0.2264,26.44873
924.806,26.448,4.92,28.5,35.8536,36.0,36.08,-0.1464,-0.2264,26.45002
925.824,26.451,4.92,28.5,35.8603,36.0,36.087,-0.1397,-0.2267,26.44496
926.847,26.449,4.92,28.5,35.867,36.0,36.0937,-0.133,-0.2267,26.44784
927.873,26.449,4.88,28.5,35.8737,36.0,36.1005,-0.1263,-0.2268,26.44498
928.816,26.451,4.92,28.5,35.8799,36.0,36.1068,-0.1201,-0.2269,26.44702
929.926,26.451,4.84,28.5,35.8871,36.0,36.1142,-0.1129,-0.2271,26.44575
930.841,26.451,4.84,28.5,35.893,36.0,36.1202,-0.107,-0.2272,26.44811
931.868,26.449,4.84,28.5,35.8996,36.0,36.1268,-0.1004,-0.2272,26.44777
932.888,26.452,4.92,28.5,35.9063,36.0,36.1337,-0.0937,-0.2274,26.4477
933.822,26.451,4.92,28.5,35.9125,36.0,36.1399,-0.0875,-0.2274,26.44912
934.834,26.452,4.84,28.5,35.919,36.0,36.1467,-0.081,-0.2277,26.44607
935.863,26.451,4.84,28.5,35.9257,36.0,36.1534,-0.0743,-0.2277,26.44875
936.883,26.451,4.84,28.5,35.9322,36.0,36.16,-0.0678,-0.2278,26.44782
937.831,26.452,4.92,28.5,35.9385,36.0,36.1663,-0.0615,-0.2278,26.44988
938.84,26.449,4.88,28.5,35.9451,36.0,36.1729,-0.0549,-0.2278,26.448
939.853,26.452,4.88,28.5,35.9517,36.0,36.1798,-0.0483,-0.2281,26.44595
940.876,26.452,4.92,28.5,35.9584,36.0,36.1865,-0.0416,-0.2281,26.44975
941.905,26.455,4.88,28.5,35.9651,36.0,36.1936,-0.0349,-0.2285,26.44795
942.845,26.455,4.88,28.5,35.9712,36.0,36.1998,-0.0288,-0.2286,26.45202
943.849,26.452,4.88,28.5,35.9778,37.0,36.2063,-1.0222,-0.2286,26.45184
944.874,26.454,4.92,28.5,35.9845,37.0,36.2132,-1.0155,-0.2287,26.44979
945.898,26.457,4.92,28.5,35.9912,37.0,36.2202,-1.0088,-0.229,26.45085
946.922,26.457,4.88,28.5,35.9979,37.0,36.227,-1.0021,-0.2291,26.45285
947.847,26.454,4.88,28.5,36.0039,37.0,36.2331,-0.9961,-0.2291,26.45405
948.871,26.457,4.88,28.5,36.0106,37.0,36.24,-0.9894,-0.2294,26.45084
949.887,26.457,4.88,28.5,36.0172,37.0,36.2467,-0.9828,-0.2295,26.45376
950.92,26.454,4.88,28.5,36.0239,37.0,36.2535,-0.9761,-0.2295,26.45372
951.862,26.457,4.84,28.5,36.03,37.0,36.2599,-0.97,-0.2299,26.45017
952.869,26.449,4.92,28.5,36.0367,37.0,36.2662,-0.9633,-0.2295,26.4556
953.88,26.455,4.92,28.5,36.0433,37.0,36.2734,-0.9567,-0.2301,26.44609
954.91,26.455,4.88,28.5,36.05,37.0,36.2802,-0.95,-0.2302,26.45091
955.931,26.455,4.88,28.5,36.0567,37.0,36.287,-0.9433,-0.2303,26.45183
956.874,26.458,4.92,28.5,36.0629,37.0,36.2934,-0.9371,-0.2305,26.453
957.88,26.458,4.88,28.5,36.0694,37.0,36.3,-0.9306,-0.2306,26.45393
958.899,26.458,4.84,28.5,36.076,37.0,36.3068,-0.924,-0.2308,26.45385
959.926,26.457,4.88,28.5,36.0827,37.0,36.3135,-0.9173,-0.2308,26.45563
960.955,26.458,4.88,28.5,36.0894,37.0,36.3203,-0.9106,-0.2309,26.45379
961.974,26.455,4.88,28.5,36.096,37.0,36.327,-0.904,-0.2309,26.45479
962.894,26.455,4.88,28.5,36.102,37.0,36.333,-0.898,-0.231,26.45218
963.924,26.457,4.84,28.5,36.1087,37.0,36.34,-0.8913,-0.2313,26.45092
964.942,26.457,4.88,28.5,36.1153,37.0,36.3466,-0.8847,-0.2313,26.4547
965.888,26.457,4.88,28.5,36.1215,37.0,36.3529,-0.8785,-0.2314,26.45406
966.895,26.458,4.88,28.5,36.1281,37.0,36.3596,-0.8719,-0.2315,26.45388
967.916,26.458,4.88,28.5,36.1347,37.0,36.3663,-0.8653,-0.2316,26.45481
968.937,26.458,4.88,28.5,36.1414,37.0,36.373,-0.8586,-0.2316,26.45482
969.958,26.458,4.92,28.5,36.1481,37.0,36.3798,-0.8519,-0.2317,26.45574
970.895,26.462,4.88,28.5,36.1542,37.0,36.3863,-0.8458,-0.2322,26.4542
971.905,26.462,4.92,28.5,36.1608,37.0,36.393,-0.8392,-0.2322,26.45967
972.936,26.458,4.88,28.5,36.1675,37.0,36.3997,-0.8325,-0.2322,26.45782
973.959,26.46,4.88,28.5,36.1742,37.0,36.4066,-0.8258,-0.2324,26.45484
974.901,26.46,4.88,28.5,36.1804,37.0,36.4128,-0.8196,-0.2325,26.45703
975.901,26.46,4.92,28.5,36.1869,37.0,36.4194,-0.8131,-0.2325,26.45778
976.925,26.46,4.88,28.5,36.1936,37.0,36.4262,-0.8064,-0.2326,26.45592
977.947,26.458,4.92,28.5,36.2003,37.0,36.433,-0.7997,-0.2326,26.45772
978.973,26.46,4.88,28.5,36.207,37.0,36.4399,-0.793,-0.2329,26.45398
979.908,26.46,4.88,28.5,36.2131,37.0,36.4461,-0.7869,-0.233,26.45707
981.022,26.462,4.88,28.5,36.2204,37.0,36.4536,-0.7796,-0.2332,26.45653
981.939,26.462,4.88,28.5,36.2263,37.0,36.4596,-0.7737,-0.2333,26.45909
982.968,26.46,4.88,28.5,36.233,37.0,36.4663,-0.767,-0.2333,26.45875
983.916,26.462,4.88,28.5,36.2392,37.0,36.4727,-0.7608,-0.2335,26.45706
984.924,26.46,4.88,28.5,36.2458,37.0,36.4793,-0.7542,-0.2335,26.45882
985.933,26.462,4.88,28.5,36.2524,37.0,36.4861,-0.7476,-0.2337,26.45688
986.965,26.458,4.88,28.5,36.2591,37.0,36.4928,-0.7409,-0.2337,26.45875
987.985,26.458,4.88,28.5,36.2657,37.0,36.4995,-0.7343,-0.2338,26.45492
988.926,26.463,4.92,28.5,36.2719,37.0,36.5061,-0.7281,-0.2341,26.45606
989.933,26.46,4.88,28.5,36.2785,37.0,36.5126,-0.7215,-0.2342,26.45893
990.952,26.462,4.92,28.5,36.2852,37.0,36.5195,-0.7148,-0.2343,26.4578
991.974,26.462,4.92,28.5,36.2919,37.0,36.5263,-0.7081,-0.2344,26.45885
993.003,26.463,4.88,28.5,36.2986,37.0,36.5332,-0.7014,-0.2346,26.45792
993.939,26.463,4.88,28.5,36.3047,37.0,36.5393,-0.6953,-0.2346,26.46005
994.944,26.465,4.88,28.5,36.3113,37.0,36.5461,-0.6887,-0.2348,26.45985
995.974,26.46,4.88,28.5,36.318,37.0,36.5528,-0.682,-0.2348,26.46172
996.993,26.462,4.88,28.5,36.3246,37.0,36.5596,-0.6754,-0.235,26.45691
997.939,26.462,4.88,28.5,36.3308,37.0,36.5659,-0.6692,-0.2351,26.45906
998.944,26.46,4.92,28.5,36.3374,37.0,36.5725,-0.6626,-0.2351,26.45981
999.97,26.463,4.92,28.5,36.3441,37.0,36.5795,-0.6559,-0.2354,26.45694
1000.99,26.463,4.92,28.5,36.3508,37.0,36.5863,-0.6492,-0.2355,26.45986
1002.015,26.463,4.88,28.5,36.3575,37.0,36.5931,-0.6425,-0.2356,26.45894
1002.951,26.465,4.88,28.5,36.3636,37.0,36.5994,-0.6364,-0.2358,26.46009
1003.959,26.463,4.88,28.5,36.3702,37.0,36.6059,-0.6298,-0.2358,26.46182
1004.98,26.465,4.88,28.5,36.3768,37.0,36.6128,-0.6232,-0.236,26.45985
1006.004,26.466,4.88,28.5,36.3835,37.0,36.6196,-0.6165,-0.2361,26.46178
1006.954,26.466,4.88,28.5,36.3897,37.0,36.6259,-0.6103,-0.2362,26.46299
1007.96,26.463,4.92,28.5,36.3963,37.0,36.6325,-0.6037,-0.2362,26.46375
1008.975,26.465,4.92,28.5,36.403,37.0,36.6394,-0.597,-0.2364,26.45994
1010.002,26.462,4.92,28.5,36.4097,37.0,36.6461,-0.5903,-0.2364,26.46183
1011.025,26.466,4.92,28.5,36.4164,37.0,36.6532,-0.5836,-0.2368,26.45895
1011.968,26.466,4.88,28.5,36.4226,37.0,36.6595,-0.5774,-0.2369,26.46215
1013.077,26.465,4.88,28.5,36.4298,37.0,36.6668,-0.5702,-0.2369,26.46253
1013.996,26.465,4.88,28.5,36.4358,37.0,36.6728,-0.5642,-0.237,26.46215
1015.017,26.466,4.88,28.5,36.4425,37.0,36.6796,-0.5575,-0.2371,26.46184
1016.042,26.465,4.88,28.5,36.4491,37.0,36.6863,-0.5509,-0.2372,26.4628
1016.982,26.465,4.88,28.5,36.4553,37.0,36.6925,-0.5447,-0.2372,26.4621
1017.993,26.466,4.92,28.5,36.4619,37.0,36.6992,-0.5381,-0.2373,26.4628
1019.018,26.468,4.88,28.5,36.4686,37.0,36.7062,-0.5314,-0.2376,26.46194
1020.036,26.468,4.88,28.5,36.4752,37.0,36.7129,-0.5248,-0.2377,26.46478
1021.058,26.468,4.92,28.5,36.4819,37.0,36.7197,-0.5181,-0.2377,26.4657
1021.993,26.468,4.88,28.5,36.488,37.0,36.7259,-0.512,-0.2379,26.46418
1023.005,26.468,4.88,28.6,36.4946,37.0,36.7326,-0.5054,-0.2379,26.46482
1024.028,26.469,4.88,28.5,36.5013,37.0,36.7394,-0.4987,-0.2381,26.46479
1025.056,26.471,4.88,28.6,36.508,37.0,36.7463,-0.492,-0.2383,26.46575
1026.083,26.471,4.88,28.6,36.5147,37.0,36.7531,-0.4853,-0.2384,26.46771
1027.013,26.469,4.84,28.5,36.5207,37.0,36.7591,-0.4793,-0.2384,26.46711
1028.027,26.474,4.92,28.5,36.5274,37.0,36.7661,-0.4726,-0.2387,26.46762
1029.048,26.471,4.88,28.5,36.534,37.0,36.7727,-0.466,-0.2387,26.46978
1030.07,26.469,4.88,28.5,36.5407,37.0,36.7794,-0.4593,-0.2387,26.46776
1031.02,26.471,4.92,28.6,36.5469,37.0,36.7858,-0.4531,-0.2389,26.46695
1032.115,26.471,4.88,28.5,36.5541,37.0,36.7931,-0.4459,-0.239,26.46665
1033.046,26.471,4.88,28.5,36.5601,37.0,36.7992,-0.4399,-0.2391,26.46804
1034.067,26.469,4.88,28.5,36.5668,37.0,36.8059,-0.4332,-0.2391,26.46777
1035.093,26.472,4.92,28.6,36.5735,37.0,36.8128,-0.4265,-0.2393,26.46674
1036.027,26.469,4.88,28.5,36.5796,37.0,36.8189,-0.4204,-0.2393,26.46814
1037.032,26.472,4.88,28.5,36.5862,37.0,36.8258,-0.4138,-0.2396,26.46589
1038.057,26.472,4.88,28.5,36.5928,37.0,36.8325,-0.4072,-0.2397,26.46874
1039.081,26.472,4.88,28.5,36.5995,37.0,36.8393,-0.4005,-0.2398,26.46876
1040.105,26.471,4.88,28.5,36.6062,37.0,36.846,-0.3938,-0.2398,26.46876
1041.034,26.472,4.88,28.6,36.6122,37.0,36.8522,-0.3878,-0.2399,26.46809
1042.052,26.474,4.84,28.6,36.6188,37.0,36.8591,-0.3812,-0.2402,26.46787
1043.074,26.471,4.88,28.6,36.6255,37.0,36.8657,-0.3745,-0.2402,26.4716
1044.104,26.472,4.88,28.5,36.6322,37.0,36.8726,-0.3678,-0.2404,26.4678
1045.046,26.472,4.88,28.5,36.6383,37.0,36.8788,-0.3617,-0.2404,26.46903
1046.046,26.474,4.88,28.6,36.6449,37.0,36.8855,-0.3551,-0.2406,26.46886
1047.069,26.472,4.88,28.5,36.6515,37.0,36.8922,-0.3485,-0.2407,26.47074
1048.09,26.471,4.88,28.6,36.6582,37.0,36.8989,-0.3418,-0.2407,26.46881
1049.115,26.471,4.88,28.6,36.6649,37.0,36.9056,-0.3351,-0.2408,26.46782
1050.05,26.472,4.88,28.5,36.671,37.0,36.9118,-0.329,-0.2409,26.4681
1051.166,26.475,4.88,28.6,36.6782,37.0,36.9195,-0.3218,-0.2412,26.46852
1052.091,26.475,4.88,28.6,36.6843,37.0,36.9256,-0.3157,-0.2413,26.47204
1053.108,26.475,4.88,28.5,36.6909,37.0,36.9323,-0.3091,-0.2414,26.47176
1054.134,26.474,4.88,28.6,36.6976,37.0,36.939,-0.3024,-0.2414,26.47174
1055.063,26.474,4.92,28.6,36.7037,37.0,36.9451,-0.2963,-0.2415,26.47199
1056.085,26.472,4.88,28.5,36.7103,37.0,36.9518,-0.2897,-0.2415,26.46991
1057.109,26.472,4.88,28.6,36.717,37.0,36.9586,-0.283,-0.2416,26.46884
1058.133,26.472,4.88,28.6,36.7237,37.0,36.9653,-0.2763,-0.2416,26.46884
1059.079,26.472,4.92,28.6,36.7299,37.0,36.9716,-0.2701,-0.2417,26.46999
1060.081,26.475,4.92,28.6,36.7365,37.0,36.9784,-0.2635,-0.242,26.46896
1061.101,26.474,4.88,28.6,36.7431,37.0,36.9852,-0.2569,-0.242,26.4709
1062.122,26.474,4.88,28.6,36.7498,37.0,36.9919,-0.2502,-0.2421,26.47081
1063.148,26.474,4.88,28.6,36.7565,37.0,36.9987,-0.2435,-0.2422,26.4708
1064.176,26.475,4.88,28.6,36.7632,37.0,37.0055,-0.2368,-0.2423,26.4708
1065.09,26.475,4.88,28.6,36.7691,37.0,37.0115,-0.2309,-0.2424,26.47213
1066.114,26.475,4.92,28.6,36.7759,37.0,37.0183,-0.2241,-0.2424,26.47272
1067.142,26.474,4.92,28.5,36.7826,37.0,37.0251,-0.2174,-0.2425,26.47183
1068.17,26.475,4.88,28.6,36.7893,37.0,37.032,-0.2107,-0.2427,26.46995
1069.098,26.48,4.88,28.6,36.7954,37.0,37.0385,-0.2046,-0.2432,26.4721
1070.115,26.475,4.88,28.6,36.802,37.0,37.0451,-0.198,-0.2432,26.4767
1071.132,26.475,4.88,28.6,36.8086,37.0,37.0519,-0.1914,-0.2432,26.47186
1072.158,26.477,4.88,28.6,36.8153,37.0,37.0588,-0.1847,-0.2434,26.47182
1073.104,26.475,4.88,28.6,36.8215,37.0,37.0649,-0.1785,-0.2435,26.47401
1074.104,26.475,4.88,28.6,36.828,37.0,37.0715,-0.172,-0.2435,26.47191
1075.129,26.478,4.88,28.6,36.8347,37.0,37.0785,-0.1653,-0.2438,26.47183
1076.153,26.478,4.92,28.6,36.8414,37.0,37.0853,-0.1586,-0.2439,26.47567
1077.178,26.478,4.92,28.6,36.8481,37.0,37.0921,-0.1519,-0.244,26.47481
1078.11,26.475,4.88,28.6,36.8542,37.0,37.0982,-0.1458,-0.244,26.47418
1079.124,26.481,4.92,28.5,36.8609,37.0,37.1053,-0.1391,-0.2445,26.47281
1080.145,26.477,4.88,28.6,36.8675,37.0,37.112,-0.1325,-0.2445,26.47683
1081.168,26.475,4.88,28.6,36.8742,37.0,37.1187,-0.1258,-0.2445,26.47383
1082.117,26.475,4.88,28.6,36.8804,37.0,37.1249,-0.1196,-0.2446,26.4721
1083.219,26.478,4.84,28.5,36.8875,37.0,37.1325,-0.1125,-0.245,26.47072
1084.141,26.478,4.84,28.5,36.8935,37.0,37.1385,-0.1065,-0.245,26.47506
1085.162,26.478,4.88,28.6,36.9001,37.0,37.1452,-0.0999,-0.2451,26.47569
1086.19,26.477,4.92,28.5,36.9069,37.0,37.152,-0.0931,-0.2451,26.47572
1087.127,26.48,4.84,28.6,36.9129,37.0,37.1585,-0.0871,-0.2456,26.47232
1088.137,26.48,4.88,28.6,36.9195,37.0,37.1651,-0.0805,-0.2456,26.47767
1089.16,26.48,4.96,28.5,36.9263,37.0,37.1719,-0.0737,-0.2456,26.47861
1090.18,26.48,4.96,28.5,36.933,37.0,37.1787,-0.067,-0.2457,26.47688
1091.206,26.48,4.88,28.6,36.9397,38.0,37.1856,-1.0603,-0.2459,26.47502
1092.134,26.478,4.88,28.6,36.9458,38.0,37.1917,-1.0542,-0.2459,26.47707
1093.149,26.481,4.88,28.6,36.9524,38.0,37.1986,-1.0476,-0.2462,26.47487
1094.172,26.48,4.88,28.6,36.9591,38.0,37.2053,-1.0409,-0.2462,26.47776
1095.206,26.481,4.92,28.5,36.9659,38.0,37.2122,-1.0341,-0.2463,26.47769
1096.228,26.484,4.84,28.6,36.9725,38.0,37.2193,-1.0275,-0.2468,26.47599
1097.146,26.484,4.84,28.6,36.9784,38.0,37.2253,-1.0216,-0.2469,26.48099
1098.171,26.483,4.92,28.6,36.9851,38.0,37.232,-1.0149,-0.2469,26.4825
1099.195,26.483,4.92,28.6,36.9919,38.0,37.2389,-1.0081,-0.247,26.47979
1100.215,26.484,4.88,28.6,36.9985,38.0,37.2457,-1.0015,-0.2472,26.47888
1101.149,26.484,4.88,28.6,37.0046,38.0,37.2519,-0.9954,-0.2473,26.481
1102.168,26.483,4.88,28.6,37.0112,38.0,37.2586,-0.9888,-0.2473,26.48074
1103.189,26.483,4.88,28.6,37.0179,38.0,37.2653,-0.9821,-0.2474,26.47977
1104.212,26.483,4.88,28.6,37.0246,38.0,37.272,-0.9754,-0.2475,26.47976
1105.154,26.483,4.88,28.6,37.0307,38.0,37.2783,-0.9693,-0.2476,26.48002
1106.158,26.484,4.88,28.5,37.0372,38.0,37.2849,-0.9628,-0.2477,26.47983
1107.179,26.481,4.92,28.5,37.0439,38.0,37.2916,-0.9561,-0.2477,26.48167
1108.211,26.484,4.88,28.5,37.0507,38.0,37.2988,-0.9493,-0.2481,26.47694
1109.227,26.484,4.88,28.5,37.0573,38.0,37.3055,-0.9427,-0.2482,26.48077
1110.157,26.484,4.88,28.6,37.0634,38.0,37.3116,-0.9366,-0.2482,26.48105
1111.173,26.486,4.88,28.6,37.07,38.0,37.3184,-0.93,-0.2485,26.48079
1112.194,26.484,4.88,28.6,37.0766,38.0,37.3251,-0.9234,-0.2485,26.48272
1113.226,26.486,4.88,28.6,37.0834,38.0,37.3321,-0.9166,-0.2487,26.48076
1114.163,26.484,4.88,28.6,37.0895,38.0,37.3382,-0.9105,-0.2487,26.48299
1115.274,26.483,4.88,28.6,37.0967,38.0,37.3455,-0.9033,-0.2487,26.48052
1116.189,26.483,4.88,28.6,37.1027,38.0,37.3515,-0.8973,-0.2488,26.48015
1117.214,26.486,4.88,28.6,37.1094,38.0,37.3585,-0.8906,-0.2491,26.47981
1118.238,26.486,4.88,28.6,37.116,38.0,37.3652,-0.884,-0.2492,26.48274
1119.173,26.486,4.92,28.6,37.1222,38.0,37.3714,-0.8778,-0.2492,26.48394
1120.187,26.484,4.88,28.6,37.1288,38.0,37.3781,-0.8712,-0.2493,26.48192
1121.217,26.487,4.92,28.6,37.1355,38.0,37.385,-0.8645,-0.2495,26.48171
1122.233,26.487,4.92,28.6,37.1422,38.0,37.3918,-0.8578,-0.2496,26.4838
1123.177,26.486,4.92,28.6,37.1484,38.0,37.398,-0.8516,-0.2496,26.48403
1124.187,26.486,4.88,28.6,37.155,38.0,37.4048,-0.845,-0.2497,26.48194
1125.201,26.484,4.88,28.6,37.1616,38.0,37.4114,-0.8384,-0.2498,26.4828
1126.23,26.487,4.88,28.6,37.1683,38.0,37.4184,-0.8317,-0.2501,26.48082
1127.254,26.484,4.88,28.6,37.175,38.0,37.4251,-0.825,-0.2501,26.48375
1128.193,26.484,4.88,28.6,37.1811,38.0,37.4312,-0.8189,-0.2501,26.48111
1129.198,26.487,4.88,28.6,37.1877,38.0,37.4381,-0.8123,-0.2504,26.4809
1130.221,26.487,4.88,28.6,37.1943,38.0,37.4448,-0.8057,-0.2505,26.48376
1131.242,26.484,4.88,28.6,37.201,38.0,37.4515,-0.799,-0.2505,26.48378
1132.266,26.484,4.92,28.6,37.2077,38.0,37.4583,-0.7923,-0.2505,26.48178
1133.203,26.484,4.88,28.6,37.2138,38.0,37.4645,-0.7862,-0.2507,26.48025
1134.226,26.489,4.92,28.6,37.2205,38.0,37.4716,-0.7795,-0.2511,26.48178
1135.236,26.489,4.92,28.6,37.2272,38.0,37.4783,-0.7728,-0.2512,26.48581
1136.265,26.487,4.88,28.6,37.2339,38.0,37.4851,-0.7661,-0.2512,26.48486
1137.206,26.489,4.88,28.6,37.24,38.0,37.4914,-0.76,-0.2514,26.48406
1138.212,26.486,4.88,28.6,37.2466,38.0,37.498,-0.7534,-0.2514,26.48581
1139.228,26.489,4.88,28.6,37.2532,38.0,37.5049,-0.7468,-0.2517,26.48287
1140.261,26.486,4.92,28.6,37.26,38.0,37.5117,-0.74,-0.2517,26.48664
1141.284,26.486,4.92,28.6,37.2667,38.0,37.5185,-0.7333,-0.2518,26.4829
1142.215,26.49,4.88,28.6,37.2728,38.0,37.525,-0.7272,-0.2523,26.48225
1143.228,26.489,4.88,28.6,37.2794,38.0,37.5317,-0.7206,-0.2523,26.48677
1144.248,26.489,4.88,28.6,37.286,38.0,37.5384,-0.714,-0.2524,26.4858
1145.277,26.487,4.88,28.6,37.2927,38.0,37.5451,-0.7073,-0.2524,26.48577
1146.298,26.493,4.88,28.6,37.2994,38.0,37.5524,-0.7006,-0.253,26.48386
1147.326,26.492,4.88,28.6,37.3061,38.0,37.5591,-0.6939,-0.253,26.48966
1148.242,26.492,4.88,28.6,37.3121,38.0,37.5651,-0.6879,-0.2531,26.48907
1149.268,26.49,4.88,28.6,37.3187,38.0,37.5718,-0.6813,-0.2531,26.48872
1150.291,26.49,4.88,28.6,37.3254,38.0,37.5786,-0.6746,-0.2532,26.48679
1151.236,26.492,4.88,28.6,37.3316,38.0,37.585,-0.6684,-0.2534,26.48703
1152.245,26.486,4.92,28.6,37.3382,38.0,37.5915,-0.6618,-0.2533,26.4897
1153.266,26.492,4.92,28.6,37.3449,38.0,37.5988,-0.6551,-0.2539,26.48297
1154.293,26.492,4.92,28.6,37.3517,38.0,37.6056,-0.6483,-0.2539,26.48876
1155.309,26.489,4.88,28.6,37.3583,38.0,37.6122,-0.6417,-0.2539,26.48791
1156.242,26.49,4.92,28.6,37.3644,38.0,37.6184,-0.6356,-0.254,26.48703
1157.257,26.492,4.92,28.6,37.3711,38.0,37.6253,-0.6289,-0.2542,26.48688
1158.278,26.495,4.88,28.6,37.3777,38.0,37.6324,-0.6223,-0.2546,26.4879
1159.306,26.489,4.92,28.6,37.3845,38.0,37.639,-0.6155,-0.2545,26.49259
1160.252,26.489,4.92,28.6,37.3907,38.0,37.6453,-0.6093,-0.2546,26.48615
1161.256,26.492,4.92,28.6,37.3973,38.0,37.6522,-0.6027,-0.2549,26.48596
1162.27,26.498,4.88,28.6,37.4039,38.0,37.6595,-0.5961,-0.2555,26.48793
1163.296,26.493,4.92,28.6,37.4107,38.0,37.6661,-0.5893,-0.2555,26.49553
1164.319,26.492,4.88,28.6,37.4173,38.0,37.6729,-0.5827,-0.2556,26.48892
1165.259,26.495,4.88,28.6,37.4235,38.0,37.6793,-0.5765,-0.2558,26.48906
1166.371,26.493,4.92,28.6,37.4308,38.0,37.6866,-0.5692,-0.2559,26.49236
1167.288,26.493,4.92,28.6,37.4368,38.0,37.6927,-0.5632,-0.2559,26.49016
1168.312,26.495,4.88,28.6,37.4435,38.0,37.6997,-0.5565,-0.2562,26.48891
1169.336,26.493,4.88,28.6,37.4501,38.0,37.7064,-0.5499,-0.2562,26.49173
1170.267,26.495,4.88,28.6,37.4562,38.0,37.7126,-0.5438,-0.2564,26.49009
1171.281,26.496,4.88,28.6,37.4628,38.0,37.7194,-0.5372,-0.2566,26.49177
1172.312,26.496,4.88,28.6,37.4695,38.0,37.7262,-0.5305,-0.2567,26.4927
1173.33,26.496,4.88,28.6,37.4762,38.0,37.7329,-0.5238,-0.2567,26.49275
1174.277,26.495,4.88,28.6,37.4823,38.0,37.7391,-0.5177,-0.2568,26.49298
1175.277,26.498,4.88,28.6,37.4889,38.0,37.7459,-0.5111,-0.2571,26.49185
1176.304,26.495,4.88,28.6,37.4955,38.0,37.7526,-0.5045,-0.2571,26.49468
1177.324,26.496,4.92,28.6,37.5023,38.0,37.7594,-0.4977,-0.2572,26.49271
1178.353,26.495,4.88,28.6,37.509,38.0,37.7662,-0.491,-0.2572,26.49187
1179.281,26.495,4.88,28.6,37.515,38.0,37.7723,-0.485,-0.2573,26.49208
1180.297,26.496,4.88,28.6,37.5216,38.0,37.7791,-0.4784,-0.2575,26.49181
1181.316,26.498,4.88,28.6,37.5283,38.0,37.7859,-0.4717,-0.2577,26.49278
1182.34,26.498,4.88,28.6,37.5349,38.0,37.7927,-0.4651,-0.2578,26.49472
1183.284,26.498,4.88,28.6,37.5411,38.0,37.7989,-0.4589,-0.2578,26.49498
1184.293,26.496,4.92,28.6,37.5477,38.0,37.8056,-0.4523,-0.2578,26.49569
1185.328,26.496,4.92,28.6,37.5545,38.0,37.8124,-0.4455,-0.2579,26.4928
1186.336,26.496,4.92,28.6,37.5611,38.0,37.8191,-0.4389,-0.258,26.49288
1187.361,26.498,4.88,28.6,37.5678,38.0,37.8261,-0.4322,-0.2583,26.49192
1188.304,26.498,4.88,28.6,37.574,38.0,37.8323,-0.426,-0.2584,26.49499
1189.307,26.498,4.88,28.6,37.5805,38.0,37.839,-0.4195,-0.2585,26.49482
1190.329,26.498,4.88,28.6,37.5872,38.0,37.8457,-0.4128,-0.2585,26.49476
1191.361,26.496,4.88,28.6,37.5939,38.0,37.8524,-0.4061,-0.2585,26.49474
1192.385,26.496,4.88,28.6,37.6006,38.0,37.8592,-0.3994,-0.2586,26.49282
1193.319,26.498,4.88,28.6,37.6067,38.0,37.8655,-0.3933,-0.2588,26.49309
1194.326,26.498,4.88,28.6,37.6132,38.0,37.8721,-0.3868,-0.2589,26.49482
1195.354,26.5,4.92,28.6,37.62,38.0,37.879,-0.38,-0.2591,26.49568
1196.371,26.5,4.88,28.6,37.6266,38.0,37.8858,-0.3734,-0.2592,26.49588
1197.403,26.501,4.88,28.6,37.6333,38.0,37.8927,-0.3667,-0.2593,26.49671
1198.424,26.496,4.92,28.6,37.64,38.0,37.8993,-0.36,-0.2593,26.49863
1199.341,26.496,4.92,28.6,37.6461,38.0,37.9054,-0.3539,-0.2594,26.49323
1200.366,26.496,4.88,28.6,37.6527,38.0,37.9122,-0.3473,-0.2595,26.49197
1201.392,26.498,4.88,28.6,37.6594,38.0,37.9191,-0.3406,-0.2597,26.49284
1202.332,26.5,4.88,28.6,37.6656,38.0,37.9255,-0.3344,-0.2599,26.49506
1203.339,26.5,4.88,28.6,37.6721,38.0,37.9321,-0.3279,-0.26,26.49681
1204.363,26.501,4.88,28.6,37.6788,38.0,37.9389,-0.3212,-0.2601,26.49677
1205.385,26.501,4.88,28.6,37.6855,38.0,37.9457,-0.3145,-0.2602,26.49775
1206.333,26.501,4.88,28.6,37.6916,38.0,37.9519,-0.3084,-0.2603,26.49799
1207.336,26.503,4.88,28.6,37.6982,38.0,37.9587,-0.3018,-0.2605,26.49782
1208.352,26.5,4.88,28.6,37.7048,38.0,37.9653,-0.2952,-0.2605,26.49973
1209.378,26.501,4.92,28.6,37.7115,38.0,37.9721,-0.2885,-0.2606,26.49771
1210.41,26.501,4.88,28.6,37.7183,38.0,37.979,-0.2817,-0.2607,26.49687
1211.343,26.501,4.88,28.6,37.7243,38.0,37.9851,-0.2757,-0.2608,26.49805
1212.346,26.503,4.88,28.6,37.7309,38.0,37.9919,-0.2691,-0.261,26.49784
1213.374,26.503,4.88,28.6,37.7376,38.0,37.9987,-0.2624,-0.2611,26.49971
1214.395,26.501,4.92,28.6,37.7443,38.0,38.0054,-0.2557,-0.2611,26.50066
1215.422,26.501,4.88,28.6,37.751,38.0,38.0122,-0.249,-0.2612,26.49692
1216.351,26.503,4.88,28.6,37.757,38.0,38.0185,-0.243,-0.2614,26.49808
1217.473,26.506,4.92,28.6,37.7644,38.0,38.0261,-0.2356,-0.2617,26.50035
1218.392,26.506,4.92,28.6,37.7705,38.0,38.0322,-0.2295,-0.2618,26.50304
1219.411,26.504,4.88,28.6,37.7771,38.0,38.0389,-0.2229,-0.2618,26.50183
1220.441,26.501,4.88,28.6,37.7838,38.0,38.0456,-0.2162,-0.2618,26.50072
1221.376,26.503,4.88,28.6,37.7899,38.0,38.0519,-0.2101,-0.262,26.4981
1222.383,26.506,4.92,28.6,37.7965,38.0,38.0587,-0.2035,-0.2622,26.50073
1223.414,26.501,4.92,28.6,37.8033,38.0,38.0655,-0.1967,-0.2622,26.50271
1224.435,26.501,4.92,28.6,37.81,38.0,38.0723,-0.19,-0.2623,26.4979
1225.458,26.506,4.84,28.6,37.8166,38.0,38.0795,-0.1834,-0.2629,26.49605
1226.391,26.507,4.88,28.6,37.8227,38.0,38.0857,-0.1773,-0.263,26.50385
1227.409,26.504,4.88,28.6,37.8293,38.0,38.0923,-0.1707,-0.263,26.50371
1228.425,26.507,4.92,28.6,37.836,38.0,38.0992,-0.164,-0.2632,26.50172
1229.449,26.507,4.88,28.6,37.8427,38.0,38.1061,-0.1573,-0.2634,26.50282
1230.475,26.509,4.88,28.6,37.8494,38.0,38.113,-0.1506,-0.2636,26.5037
1231.396,26.509,4.88,28.6,37.8554,38.0,38.119,-0.1446,-0.2637,26.50598
1232.418,26.504,4.88,28.6,37.862,38.0,38.1257,-0.138,-0.2637,26.50567
1233.445,26.506,4.88,28.6,37.8687,38.0,38.1326,-0.1313,-0.2639,26.5008
1234.47,26.509,4.88,28.6,37.8754,38.0,38.1396,-0.1246,-0.2642,26.50274
1235.4,26.507,4.88,28.6,37.8815,38.0,38.1457,-0.1185,-0.2642,26.50597
1236.421,26.509,4.84,28.6,37.8881,38.0,38.1526,-0.1119,-0.2645,26.50284
1237.437,26.509,4.84,28.6,37.8946,38.0,38.1592,-0.1054,-0.2646,26.50566
1238.46,26.506,4.88,28.6,37.9013,39.0,38.1659,-1.0987,-0.2646,26.50656
1239.403,26.507,4.88,28.6,37.9074,39.0,38.1722,-1.0926,-0.2647,26.50304
1240.409,26.506,4.88,28.6,37.914,39.0,38.1788,-1.086,-0.2648,26.5038
1241.428,26.509,4.92,28.6,37.9207,39.0,38.1857,-1.0793,-0.265,26.50371
1242.461,26.51,4.92,28.6,37.9275,39.0,38.1926,-1.0725,-0.2651,26.50571
1243.478,26.51,4.92,28.6,37.9342,39.0,38.1994,-1.0658,-0.2652,26.50675
1244.42,26.509,4.88,28.6,37.9403,39.0,38.2056,-1.0597,-0.2653,26.50608
1245.426,26.509,4.88,28.6,37.9469,39.0,38.2122,-1.0531,-0.2654,26.50578
1246.455,26.512,4.92,28.6,37.9536,39.0,38.2192,-1.0464,-0.2656,26.50662
1247.473,26.51,4.88,28.6,37.9603,39.0,38.2259,-1.0397,-0.2657,26.5078
1248.419,26.509,4.88,28.6,37.9664,39.0,38.2321,-1.0336,-0.2657,26.50696
1249.523,26.509,4.88,28.6,37.9736,39.0,38.2394,-1.0264,-0.2658,26.50549
1250.444,26.509,4.88,28.6,37.9796,39.0,38.2455,-1.0204,-0.2659,26.50606
1251.464,26.51,4.88,28.6,37.9863,39.0,38.2523,-1.0137,-0.266,26.50576
1252.493,26.509,4.92,28.6,37.993,39.0,38.2591,-1.007,-0.266,26.50762
1253.431,26.509,4.88,28.6,37.9991,39.0,38.2653,-1.0009,-0.2661,26.50516
1254.434,26.51,4.88,28.6,38.0057,39.0,38.272,-0.9943,-0.2663,26.50582
1255.464,26.51,4.88,28.6,38.0124,39.0,38.2788,-0.9876,-0.2664,26.50671
1256.485,26.51,4.88,28.6,38.0191,39.0,38.2855,-0.9809,-0.2665,26.50675
1257.506,26.51,4.88,28.6,38.0257,39.0,38.2923,-0.9743,-0.2665,26.50675
1258.439,26.51,4.88,28.6,38.0318,39.0,38.2984,-0.9682,-0.2666,26.50703
1259.455,26.51,4.88,28.6,38.0384,39.0,38.3051,-0.9616,-0.2667,26.50678
1260.475,26.51,4.92,28.6,38.0451,39.0,38.3119,-0.9549,-0.2667,26.50768
1261.504,26.51,4.88,28.6,38.0518,39.0,38.3187,-0.9482,-0.2669,26.50588
1262.53,26.512,4.88,28.6,38.0585,39.0,38.3256,-0.9415,-0.2671,26.50676
1263.455,26.512,4.88,28.6,38.0645,39.0,38.3317,-0.9355,-0.2672,26.50903
1264.472,26.512,4.88,28.6,38.0712,39.0,38.3384,-0.9288,-0.2673,26.50875
1265.494,26.51,4.88,28.6,38.0778,39.0,38.3451,-0.9222,-0.2673,26.50874
1266.518,26.512,4.88,28.6,38.0845,39.0,38.352,-0.9155,-0.2675,26.50679
1267.463,26.512,4.88,28.6,38.0907,39.0,38.3582,-0.9093,-0.2676,26.50898
1268.471,26.512,4.88,28.6,38.0972,39.0,38.3649,-0.9028,-0.2677,26.50879
1269.488,26.512,4.88,28.6,38.1039,39.0,38.3716,-0.8961,-0.2677,26.50877
1270.51,26.513,4.92,28.6,38.1106,39.0,38.3784,-0.8894,-0.2678,26.50967
1271.541,26.51,4.92,28.6,38.1173,39.0,38.3852,-0.8827,-0.2678,26.50975
1272.482,26.516,4.88,28.6,38.1235,39.0,38.392,-0.8765,-0.2685,26.5062
1273.481,26.512,4.88,28.6,38.13,39.0,38.3985,-0.87,-0.2685,26.51273
1274.51,26.513,4.88,28.6,38.1367,39.0,38.4053,-0.8633,-0.2686,26.50877
1275.531,26.513,4.88,28.6,38.1434,39.0,38.4121,-0.8566,-0.2687,26.50975
1276.554,26.513,4.88,28.6,38.15,39.0,38.4188,-0.85,-0.2688,26.50975
1277.496,26.513,4.92,28.6,38.1562,39.0,38.425,-0.8438,-0.2688,26.51092
1278.499,26.515,4.92,28.6,38.1628,39.0,38.4318,-0.8372,-0.269,26.50987
1279.527,26.512,4.92,28.6,38.1696,39.0,38.4386,-0.8304,-0.269,26.51174
1280.545,26.515,4.88,28.6,38.1762,39.0,38.4456,-0.8238,-0.2694,26.50795
1281.577,26.513,4.92,28.6,38.183,39.0,38.4524,-0.817,-0.2694,26.5126
1282.504,26.513,4.92,28.6,38.1891,39.0,38.4586,-0.8109,-0.2695,26.51013
1283.517,26.512,4.88,28.6,38.1957,39.0,38.4653,-0.8043,-0.2696,26.50895
1284.54,26.513,4.92,28.6,38.2024,39.0,38.4721,-0.7976,-0.2697,26.50972
1285.564,26.516,4.88,28.6,38.2091,39.0,38.4791,-0.7909,-0.2701,26.50892
1286.513,26.516,4.88,28.6,38.2152,39.0,38.4854,-0.7848,-0.2702,26.51294
1287.514,26.515,4.92,28.6,38.2218,39.0,38.492,-0.7782,-0.2702,26.51371
1288.533,26.515,4.92,28.6,38.2285,39.0,38.4988,-0.7715,-0.2703,26.51182
1289.557,26.516,4.84,28.6,38.2351,39.0,38.5057,-0.7649,-0.2706,26.50998
1290.584,26.518,4.92,28.6,38.2419,39.0,38.5125,-0.7581,-0.2707,26.5145
1291.522,26.518,4.88,28.6,38.248,39.0,38.5188,-0.752,-0.2708,26.5141
1292.526,26.518,4.88,28.6,38.2545,39.0,38.5254,-0.7455,-0.2709,26.51476
1293.556,26.519,4.88,28.6,38.2613,39.0,38.5323,-0.7387,-0.271,26.51468
1294.573,26.519,4.88,28.6,38.2679,39.0,38.539,-0.7321,-0.2711,26.5157
1295.526,26.519,4.92,28.6,38.2741,39.0,38.5453,-0.7259,-0.2712,26.51682
1296.529,26.516,4.88,28.6,38.2807,39.0,38.5518,-0.7193,-0.2712,26.51489
1297.55,26.518,4.92,28.6,38.2874,39.0,38.5587,-0.7126,-0.2713,26.51369
1298.571,26.518,4.88,28.6,38.294,39.0,38.5655,-0.706,-0.2715,26.51386
1299.593,26.516,4.88,28.6,38.3007,39.0,38.5722,-0.6993,-0.2715,26.51473
1300.621,26.516,4.88,28.6,38.3074,39.0,38.579,-0.6926,-0.2716,26.51277
1301.546,26.516,4.88,28.6,38.3134,39.0,38.5851,-0.6866,-0.2716,26.51309
1302.562,26.519,4.88,28.6,38.3201,39.0,38.592,-0.6799,-0.2719,26.51281
1303.586,26.519,4.92,28.6,38.3268,39.0,38.5988,-0.6732,-0.272,26.51662
1304.611,26.518,4.88,28.6,38.3335,39.0,38.6055,-0.6665,-0.2721,26.51486
1305.556,26.521,4.88,28.6,38.3396,39.0,38.612,-0.6604,-0.2724,26.515
1306.566,26.518,4.88,28.6,38.3462,39.0,38.6186,-0.6538,-0.2724,26.51772
1307.58,26.518,4.88,28.6,38.3528,39.0,38.6253,-0.6472,-0.2724,26.5148
1308.606,26.521,4.88,28.6,38.3595,39.0,38.6323,-0.6405,-0.2728,26.51476
1309.631,26.521,4.88,28.6,38.3662,39.0,38.639,-0.6338,-0.2729,26.51768
1310.563,26.518,4.88,28.6,38.3723,39.0,38.6451,-0.6277,-0.2729,26.51799
1311.574,26.521,4.88,28.6,38.3788,39.0,38.652,-0.6212,-0.2732,26.51483
1312.606,26.519,4.88,28.6,38.3856,39.0,38.6588,-0.6144,-0.2732,26.51767
1313.631,26.521,4.88,28.6,38.3923,39.0,38.6657,-0.6077,-0.2734,26.51577
1314.57,26.521,4.88,28.6,38.3984,39.0,38.6719,-0.6016,-0.2735,26.51798
1315.573,26.522,4.88,28.6,38.4049,39.0,38.6785,-0.5951,-0.2736,26.51779
1316.598,26.519,4.92,28.6,38.4116,39.0,38.6853,-0.5884,-0.2736,26.5196
1317.617,26.522,4.84,28.6,38.4182,39.0,38.6924,-0.5818,-0.2741,26.51403
1318.64,26.522,4.88,28.6,38.4249,39.0,38.6991,-0.5751,-0.2742,26.51957
1319.665,26.522,4.96,28.6,38.4317,39.0,38.7059,-0.5683,-0.2742,26.52053
1320.589,26.522,4.96,28.6,38.4378,39.0,38.7121,-0.5622,-0.2743,26.51911
1321.614,26.522,4.88,28.6,38.4445,39.0,38.719,-0.5555,-0.2745,26.51699
1322.636,26.522,4.88,28.6,38.4512,39.0,38.7257,-0.5488,-0.2746,26.51873
1323.578,26.519,4.92,28.6,38.4573,39.0,38.7319,-0.5427,-0.2746,26.51989
1324.58,26.519,4.88,28.6,38.4639,39.0,38.7386,-0.5361,-0.2747,26.51502
1325.609,26.522,4.92,28.6,38.4706,39.0,38.7456,-0.5294,-0.2749,26.5167
1326.631,26.522,4.92,28.6,38.4774,39.0,38.7524,-0.5226,-0.275,26.51878
1327.655,26.522,4.88,28.6,38.484,39.0,38.7592,-0.516,-0.2752,26.51788
1328.591,26.524,4.88,28.6,38.4901,39.0,38.7655,-0.5099,-0.2754,26.51902
1329.6,26.524,4.88,28.6,38.4967,39.0,38.7722,-0.5033,-0.2754,26.52075
1330.621,26.522,4.88,28.6,38.5034,39.0,38.7788,-0.4966,-0.2755,26.52072
1336.469,26.522,4.96,28.6,38.5421,39.0,38.8186,-0.4579,-0.2765,26.50662
1336.47,26.522,4.96,28.6,38.5421,39.0,38.8186,-0.4579,-0.2765,26.52191
1336.471,26.522,4.88,28.6,38.5421,39.0,38.8186,-0.4579,-0.2765,26.52022
1336.476,26.522,4.96,28.6,38.5421,39.0,38.8186,-0.4579,-0.2765,26.52375
1336.477,26.524,4.92,28.6,38.5421,39.0,38.8187,-0.4579,-0.2765,26.52112
1336.478,26.522,4.96,28.6,38.5422,39.0,38.8186,-0.4578,-0.2765,26.52487
1336.482,26.522,4.96,28.6,38.5422,39.0,38.8187,-0.4578,-0.2765,26.522
1336.663,26.525,4.88,28.6,38.5434,39.0,38.8201,-0.4566,-0.2767,26.51966
1337.609,26.525,4.88,28.6,38.5495,39.0,38.8263,-0.4505,-0.2768,26.52196
1338.615,26.522,4.88,28.6,38.5561,39.0,38.8329,-0.4439,-0.2768,26.52178
1339.634,26.522,4.88,28.6,38.5627,39.0,38.8396,-0.4373,-0.2769,26.51883
1340.657,26.522,4.92,28.6,38.5694,39.0,38.8464,-0.4306,-0.2769,26.51971
1341.68,26.524,4.88,28.6,38.5761,39.0,38.8533,-0.4239,-0.2772,26.51794
1342.626,26.527,4.88,28.6,38.5823,39.0,38.8598,-0.4177,-0.2775,26.52099
1343.631,26.524,4.88,28.6,38.5888,39.0,38.8663,-0.4112,-0.2775,26.52375
1344.656,26.522,4.88,28.6,38.5955,39.0,38.873,-0.4045,-0.2775,26.52078
1345.837,26.524,4.92,28.6,38.6033,39.0,38.881,-0.3967,-0.2777,26.51926
1346.698,26.524,4.92,28.6,38.6089,39.0,38.8867,-0.3911,-0.2778,26.52131
1347.634,26.527,4.84,28.6,38.615,39.0,38.8932,-0.385,-0.2783,26.51928
1348.644,26.527,4.88,28.6,38.6216,39.0,38.8999,-0.3784,-0.2783,26.52461
1349.666,26.525,4.88,28.6,38.6282,39.0,38.9066,-0.3718,-0.2783,26.52373
1350.702,26.528,4.88,28.6,38.635,39.0,38.9136,-0.365,-0.2787,26.52174
1351.728,26.525,4.88,28.6,38.6417,39.0,38.9203,-0.3583,-0.2787,26.52469
1352.645,26.525,4.88,28.6,38.6476,39.0,38.9264,-0.3524,-0.2787,26.52212
1353.664,26.528,4.88,28.6,38.6543,39.0,38.9333,-0.3457,-0.279,26.5218
1354.687,26.525,4.88,28.6,38.6609,39.0,38.94,-0.3391,-0.279,26.52471
1355.709,26.527,4.88,28.6,38.6676,39.0,38.9469,-0.3324,-0.2793,26.52181
1356.656,26.527,4.88,28.6,38.6738,39.0,38.9531,-0.3262,-0.2793,26.52398
1357.761,26.525,4.92,28.6,38.681,39.0,38.9604,-0.319,-0.2793,26.52441
1358.68,26.525,4.92,28.6,38.6871,39.0,38.9665,-0.3129,-0.2794,26.52217
1359.704,26.524,4.92,28.6,38.6938,39.0,38.9733,-0.3062,-0.2794,26.52185
1360.728,26.524,4.88,28.6,38.7005,39.0,38.9801,-0.2995,-0.2796,26.51997
1361.663,26.528,4.88,28.6,38.7066,39.0,38.9866,-0.2934,-0.28,26.52111
1362.681,26.527,4.88,28.6,38.7132,39.0,38.9932,-0.2868,-0.28,26.52476
1363.7,26.527,4.84,28.6,38.7198,39.0,39.0,-0.2802,-0.2802,26.52289
1364.725,26.528,4.88,28.6,38.7265,39.0,39.0067,-0.2735,-0.2803,26.52464
1365.747,26.528,4.88,28.6,38.7331,39.0,39.0135,-0.2669,-0.2803,26.52477
1366.675,26.528,4.88,28.6,38.7392,39.0,39.0196,-0.2608,-0.2804,26.52506
1367.691,26.531,4.92,28.6,38.7459,39.0,39.0265,-0.2541,-0.2806,26.5257
1368.714,26.527,4.88,28.6,38.7525,39.0,39.0332,-0.2475,-0.2806,26.52683
1369.738,26.528,4.88,28.6,38.7592,39.0,39.04,-0.2408,-0.2808,26.52381
1370.767,26.53,4.88,28.6,38.7659,39.0,39.0469,-0.2341,-0.281,26.52476
1371.684,26.53,4.88,28.6,38.7719,39.0,39.053,-0.2281,-0.2811,26.52707
1372.709,26.53,4.92,28.6,38.7786,39.0,39.0598,-0.2214,-0.2811,26.52765
1373.731,26.528,4.88,28.6,38.7853,39.0,39.0665,-0.2147,-0.2812,26.52589
1374.685,26.533,4.88,28.6,38.7915,39.0,39.0732,-0.2085,-0.2817,26.52502
1375.684,26.53,4.88,28.6,38.798,39.0,39.0797,-0.202,-0.2817,26.52975
1376.706,26.531,4.88,28.6,38.8047,39.0,39.0865,-0.1953,-0.2819,26.52678
1377.726,26.531,4.88,28.6,38.8113,39.0,39.0933,-0.1887,-0.2819,26.52775
1378.754,26.531,4.92,28.6,38.8181,39.0,39.1001,-0.1819,-0.282,26.52864
1379.698,26.533,4.88,28.6,38.8242,39.0,39.1065,-0.1758,-0.2823,26.52713
1380.699,26.533,4.88,28.6,38.8308,39.0,39.1131,-0.1692,-0.2824,26.52977
1381.721,26.531,4.88,28.6,38.8374,39.0,39.1198,-0.1626,-0.2824,26.52972
1382.746,26.531,4.88,28.6,38.8441,39.0,39.1266,-0.1559,-0.2825,26.52776
1383.773,26.536,4.88,28.6,38.8508,39.0,39.1338,-0.1492,-0.283,26.52775
1384.698,26.536,4.88,28.6,38.8568,39.0,39.1399,-0.1432,-0.2831,26.53295
1385.715,26.534,4.88,28.6,38.8634,39.0,39.1465,-0.1366,-0.2831,26.53268
1386.737,26.536,4.88,28.6,38.8701,40.0,39.1534,-1.1299,-0.2833,26.53072
1387.767,26.536,4.88,28.6,38.8768,40.0,39.1602,-1.1232,-0.2834,26.53264
1388.706,26.534,4.88,28.6,38.8829,40.0,39.1664,-1.1171,-0.2834,26.53294
1389.71,26.533,4.84,28.6,38.8894,40.0,39.1729,-1.1106,-0.2835,26.52989
1390.731,26.533,4.84,28.6,38.896,40.0,39.1796,-1.104,-0.2836,26.52972
1391.759,26.534,4.88,28.6,38.9027,40.0,39.1864,-1.0973,-0.2837,26.5306
1392.784,26.534,4.88,28.7,38.9094,40.0,39.1932,-1.0906,-0.2838,26.53073
1393.715,26.536,4.88,28.6,38.9155,40.0,39.1995,-1.0845,-0.284,26.53103
1394.725,26.533,4.88,28.6,38.9221,40.0,39.2061,-1.0779,-0.284,26.53273
1395.754,26.536,4.84,28.7,38.9287,40.0,39.2131,-1.0713,-0.2844,26.52886
1396.78,26.534,4.88,28.7,38.9354,40.0,39.2198,-1.0646,-0.2844,26.53355
1397.725,26.534,4.88,28.7,38.9416,40.0,39.2261,-1.0584,-0.2845,26.53101
1398.732,26.534,4.92,28.6,38.9482,40.0,39.2327,-1.0518,-0.2845,26.53171
1399.744,26.536,4.88,28.6,38.9548,40.0,39.2396,-1.0452,-0.2848,26.52993
1400.767,26.534,4.88,28.6,38.9614,40.0,39.2463,-1.0386,-0.2849,26.53271
1401.791,26.536,4.92,28.7,38.9682,40.0,39.2532,-1.0318,-0.285,26.53168
1402.82,26.536,4.88,28.7,38.9749,40.0,39.26,-1.0251,-0.2852,26.53184
1403.738,26.536,4.88,28.7,38.9809,40.0,39.2661,-1.0191,-0.2852,26.53306
1404.764,26.536,4.92,28.6,38.9876,40.0,39.2729,-1.0124,-0.2853,26.53363
1405.786,26.534,4.88,28.6,38.9943,40.0,39.2796,-1.0057,-0.2853,26.53188
1406.812,26.536,4.88,28.6,39.0009,40.0,39.2865,-0.9991,-0.2855,26.53078
1407.746,26.536,4.88,28.7,39.007,40.0,39.2927,-0.993,-0.2856,26.53302
1408.759,26.536,4.88,28.7,39.0136,40.0,39.2993,-0.9864,-0.2857,26.53278
1409.779,26.536,4.88,28.7,39.0203,40.0,39.3061,-0.9797,-0.2858,26.53276
1410.803,26.539,4.92,28.6,39.027,40.0,39.313,-0.973,-0.286,26.53366
1411.828,26.537,4.88,28.6,39.0337,40.0,39.3198,-0.9663,-0.2861,26.53481
1412.763,26.539,4.88,28.6,39.0398,40.0,39.3261,-0.9602,-0.2863,26.53402
1413.778,26.537,4.88,28.6,39.0464,40.0,39.3327,-0.9536,-0.2863,26.53572
1414.797,26.537,4.88,28.6,39.053,40.0,39.3394,-0.947,-0.2864,26.53377
1415.827,26.536,4.88,28.6,39.0598,40.0,39.3462,-0.9402,-0.2864,26.53373
1416.843,26.536,4.88,28.6,39.0664,40.0,39.3529,-0.9336,-0.2865,26.53281
1417.775,26.542,4.88,28.6,39.0725,40.0,39.3596,-0.9275,-0.2871,26.53307
1418.795,26.537,4.88,28.6,39.0791,40.0,39.3662,-0.9209,-0.2871,26.53864
1419.816,26.539,4.88,28.6,39.0858,40.0,39.3731,-0.9142,-0.2873,26.5338
1420.837,26.541,4.92,28.6,39.0925,40.0,39.3799,-0.9075,-0.2875,26.53663
1421.867,26.537,4.88,28.6,39.0992,40.0,39.3866,-0.9008,-0.2875,26.5368
1422.782,26.537,4.88,28.6,39.1051,40.0,39.3927,-0.8949,-0.2875,26.53413
1423.807,26.539,4.88,28.7,39.1118,40.0,39.3996,-0.8882,-0.2878,26.53378
1424.833,26.537,4.88,28.6,39.1185,40.0,39.4063,-0.8815,-0.2878,26.53573
1425.857,26.539,4.88,28.7,39.1252,40.0,39.4132,-0.8748,-0.288,26.5338
1426.785,26.542,4.88,28.6,39.1312,40.0,39.4195,-0.8688,-0.2883,26.53604
1427.806,26.541,4.92,28.7,39.1379,40.0,39.4263,-0.8621,-0.2883,26.53959
1428.931,26.541,4.88,28.7,39.1453,40.0,39.4338,-0.8547,-0.2885,26.53654
1429.849,26.541,4.88,28.7,39.1513,40.0,39.4398,-0.8487,-0.2886,26.53805
1430.791,26.541,4.84,28.7,39.1573,40.0,39.446,-0.8427,-0.2887,26.53708
1431.799,26.542,4.88,28.6,39.1639,40.0,39.4527,-0.8361,-0.2888,26.53864
1432.819,26.541,4.88,28.6,39.1706,40.0,39.4594,-0.8294,-0.2888,26.53872
1433.843,26.539,4.88,28.7,39.1772,40.0,39.4661,-0.8228,-0.2888,26.53774
1434.874,26.544,4.88,28.7,39.184,40.0,39.4733,-0.816,-0.2894,26.53577
1435.796,26.544,4.88,28.7,39.19,40.0,39.4794,-0.81,-0.2895,26.54098
1436.814,26.542,4.88,28.6,39.1966,40.0,39.4861,-0.8034,-0.2895,26.5407
1437.839,26.542,4.88,28.6,39.2033,40.0,39.4928,-0.7967,-0.2896,26.53873
1438.865,26.542,4.92,28.6,39.21,40.0,39.4996,-0.79,-0.2896,26.53963
1439.796,26.542,4.88,28.6,39.2161,40.0,39.5058,-0.7839,-0.2897,26.53816
1440.815,26.541,4.88,28.6,39.2227,40.0,39.5125,-0.7773,-0.2898,26.53875
1441.832,26.541,4.88,28.6,39.2294,40.0,39.5192,-0.7706,-0.2899,26.53779
1442.857,26.539,4.84,28.7,39.236,40.0,39.5259,-0.764,-0.2899,26.53686
1443.802,26.541,4.88,28.6,39.2421,40.0,39.5322,-0.7579,-0.29,26.53693
1444.818,26.544,4.84,28.6,39.2487,40.0,39.5392,-0.7513,-0.2905,26.53689
1445.825,26.541,4.88,28.7,39.2553,40.0,39.5457,-0.7447,-0.2905,26.54162
1446.858,26.542,4.88,28.6,39.262,40.0,39.5526,-0.738,-0.2906,26.53777
1447.877,26.541,4.84,28.7,39.2686,40.0,39.5593,-0.7314,-0.2907,26.53787
1448.811,26.541,4.84,28.7,39.2746,40.0,39.5654,-0.7254,-0.2907,26.53803
1449.817,26.542,4.88,28.7,39.2812,40.0,39.572,-0.7188,-0.2908,26.53872
1450.841,26.544,4.92,28.7,39.2879,40.0,39.5789,-0.7121,-0.291,26.53968
1451.869,26.545,4.88,28.7,39.2946,40.0,39.5858,-0.7054,-0.2912,26.53985
1452.815,26.544,4.92,28.6,39.3008,40.0,39.592,-0.6992,-0.2912,26.54286
1453.818,26.545,4.88,28.7,39.3074,40.0,39.5988,-0.6926,-0.2914,26.53995
1454.838,26.545,4.88,28.7,39.314,40.0,39.6055,-0.686,-0.2915,26.54173
1455.86,26.545,4.88,28.6,39.3207,40.0,39.6123,-0.6793,-0.2916,26.54173
1456.887,26.542,4.88,28.7,39.3274,40.0,39.619,-0.6726,-0.2916,26.54172
1457.824,26.545,4.88,28.7,39.3335,40.0,39.6253,-0.6665,-0.2919,26.53908
1458.833,26.545,4.92,28.6,39.3401,40.0,39.632,-0.6599,-0.2919,26.54268
1459.854,26.545,4.84,28.6,39.3467,40.0,39.6388,-0.6533,-0.2921,26.53999
1460.882,26.545,4.84,28.6,39.3534,40.0,39.6456,-0.6466,-0.2922,26.54169
1461.829,26.545,4.88,28.7,39.3595,40.0,39.6518,-0.6405,-0.2922,26.54286
1462.836,26.544,4.88,28.7,39.3661,40.0,39.6584,-0.6339,-0.2923,26.54181
1463.851,26.547,4.88,28.7,39.3727,40.0,39.6653,-0.6273,-0.2926,26.54081
1464.871,26.547,4.88,28.6,39.3794,40.0,39.672,-0.6206,-0.2927,26.54372
1465.903,26.547,4.92,28.7,39.3861,40.0,39.6788,-0.6139,-0.2927,26.5446
1466.925,26.545,4.88,28.6,39.3928,40.0,39.6855,-0.6072,-0.2927,26.54287
1467.843,26.545,4.88,28.6,39.3988,40.0,39.6916,-0.6012,-0.2928,26.54211
1468.865,26.547,4.88,28.6,39.4054,40.0,39.6984,-0.5946,-0.293,26.54179
1469.896,26.547,4.88,28.6,39.4122,40.0,39.7052,-0.5878,-0.2931,26.54371
1470.916,26.548,4.88,28.6,39.4188,40.0,39.712,-0.5812,-0.2932,26.54375
1471.849,26.547,4.88,28.7,39.4249,40.0,39.7181,-0.5751,-0.2933,26.545
1472.863,26.547,4.88,28.6,39.4315,40.0,39.7248,-0.5685,-0.2933,26.54379
1473.89,26.547,4.88,28.6,39.4382,40.0,39.7316,-0.5618,-0.2934,26.54374
1474.911,26.548,4.88,28.7,39.4448,40.0,39.7384,-0.5552,-0.2936,26.54377
1475.853,26.548,4.88,28.7,39.451,40.0,39.7446,-0.549,-0.2936,26.54499
1476.858,26.548,4.92,28.6,39.4576,40.0,39.7513,-0.5424,-0.2937,26.5457
1477.876,26.548,4.88,28.7,39.4642,40.0,39.758,-0.5358,-0.2938,26.5439
1478.907,26.55,4.88,28.7,39.4709,40.0,39.7649,-0.5291,-0.294,26.54472
1479.93,26.55,4.88,28.7,39.4776,40.0,39.7717,-0.5224,-0.2941,26.5467
1480.86,26.55,4.88,28.7,39.4837,40.0,39.7778,-0.5163,-0.2941,26.54701
1481.871,26.547,4.92,28.6,39.4903,40.0,39.7845,-0.5097,-0.2941,26.54766
1482.895,26.548,4.88,28.7,39.497,40.0,39.7913,-0.503,-0.2943,26.54294
1483.922,26.547,4.88,28.7,39.5037,40.0,39.798,-0.4963,-0.2944,26.54475
1484.861,26.55,4.84,28.7,39.5098,40.0,39.8045,-0.4902,-0.2947,26.54316
1485.97,26.55,4.88,28.6,39.517,40.0,39.8117,-0.483,-0.2948,26.54731
1486.892,26.55,4.88,28.6,39.523,40.0,39.8178,-0.477,-0.2948,26.54706
1487.925,26.548,4.92,28.7,39.5298,40.0,39.8246,-0.4702,-0.2948,26.54761
1488.937,26.551,4.88,28.7,39.5364,40.0,39.8316,-0.4636,-0.2952,26.54398
1489.876,26.548,4.92,28.7,39.5425,40.0,39.8377,-0.4575,-0.2952,26.54888
1490.88,26.551,4.92,28.7,39.5491,40.0,39.8446,-0.4509,-0.2954,26.54491
1491.912,26.548,4.88,28.7,39.5559,40.0,39.8513,-0.4441,-0.2955,26.54683
1492.933,26.548,4.88,28.7,39.5625,40.0,39.8581,-0.4375,-0.2955,26.54482
1493.962,26.55,4.88,28.7,39.5692,40.0,39.865,-0.4308,-0.2957,26.54479
1494.889,26.548,4.88,28.7,39.5753,40.0,39.871,-0.4247,-0.2957,26.54706
1495.902,26.548,4.92,28.7,39.5819,40.0,39.8777,-0.4181,-0.2958,26.54576
1496.931,26.548,4.92,28.7,39.5887,40.0,39.8845,-0.4113,-0.2958,26.54485
1497.954,26.548,4.88,28.7,39.5954,40.0,39.8913,-0.4046,-0.296,26.54396
1498.976,26.551,4.88,28.7,39.602,40.0,39.8982,-0.398,-0.2962,26.54483
1499.901,26.551,4.88,28.7,39.608,40.0,39.9043,-0.392,-0.2963,26.54806
1500.918,26.55,4.88,28.6,39.6147,40.0,39.911,-0.3853,-0.2963,26.54779
1501.942,26.551,4.88,28.7,39.6213,40.0,39.9178,-0.3787,-0.2964,26.5468
1502.969,26.55,4.84,28.7,39.628,40.0,39.9245,-0.372,-0.2965,26.54686
1503.907,26.551,4.88,28.7,39.6341,40.0,39.9307,-0.3659,-0.2966,26.54793
1504.919,26.554,4.88,28.7,39.6407,40.0,39.9375,-0.3593,-0.2968,26.54782
1505.936,26.554,4.88,28.7,39.6473,40.0,39.9442,-0.3527,-0.2969,26.55073
1506.96,26.553,4.88,28.7,39.654,40.0,39.9509,-0.346,-0.2969,26.55072
1507.909,26.55,4.88,28.7,39.6602,40.0,39.9571,-0.3398,-0.2969,26.54999
1508.91,26.55,4.92,28.7,39.6668,40.0,39.9637,-0.3332,-0.297,26.54781
1509.932,26.553,4.88,28.7,39.6734,40.0,39.9707,-0.3266,-0.2973,26.54597
1510.957,26.554,4.92,28.7,39.6802,40.0,39.9776,-0.3198,-0.2974,26.55064
1511.979,26.554,4.92,28.7,39.6869,40.0,39.9843,-0.3131,-0.2975,26.55078
1512.918,26.554,4.88,28.7,39.693,40.0,39.9906,-0.307,-0.2976,26.55015
1513.921,26.554,4.88,28.7,39.6995,40.0,39.9972,-0.3005,-0.2976,26.55081
1514.951,26.557,4.92,28.7,39.7063,40.0,40.0041,-0.2937,-0.2978,26.5516
1515.971,26.553,4.88,28.7,39.7129,40.0,40.0108,-0.2871,-0.2978,26.55277
1516.999,26.554,4.92,28.7,39.7197,40.0,40.0176,-0.2803,-0.2979,26.55062
1518.022,26.553,4.92,28.7,39.7264,40.0,40.0244,-0.2736,-0.2979,26.55074
1518.949,26.553,4.92,28.7,39.7325,40.0,40.0305,-0.2675,-0.298,26.55007
1519.966,26.551,4.88,28.6,39.7391,40.0,40.0372,-0.2609,-0.298,26.54889
1520.991,26.553,4.88,28.7,39.7458,40.0,40.044,-0.2542,-0.2982,26.54778
1522.019,26.553,4.88,28.7,39.7525,40.0,40.0508,-0.2475,-0.2983,26.54971
1522.95,26.554,4.92,28.7,39.7586,40.0,40.057,-0.2414,-0.2983,26.55092
1523.965,26.554,4.88,28.7,39.7653,40.0,40.0637,-0.2347,-0.2985,26.54988
1524.986,26.554,4.88,28.7,39.7719,40.0,40.0704,-0.2281,-0.2985,26.55072
1526.008,26.554,4.88,28.7,39.7786,40.0,40.0772,-0.2214,-0.2986,26.55073
1527.03,26.554,4.88,28.7,39.7852,40.0,40.0839,-0.2148,-0.2987,26.55073
1527.962,26.557,4.88,28.7,39.7913,40.0,40.0902,-0.2087,-0.2989,26.55101
1528.978,26.556,4.88,28.6,39.7979,40.0,40.0969,-0.2021,-0.2989,26.55367
1530.003,26.556,4.88,28.7,39.8046,40.0,40.1036,-0.1954,-0.299,26.55269
1531.026,26.559,4.88,28.7,39.8113,40.0,40.1105,-0.1887,-0.2992,26.55269
1531.967,26.559,4.88,28.7,39.8174,40.0,40.1167,-0.1826,-0.2993,26.55588
1532.975,26.556,4.88,28.7,39.824,40.0,40.1233,-0.176,-0.2993,26.55568
1533.993,26.559,4.88,28.7,39.8306,41.0,40.1302,-1.1694,-0.2996,26.55273
1535.019,26.556,4.88,28.7,39.8373,41.0,40.1369,-1.1627,-0.2996,26.55561
1535.968,26.559,4.88,28.7,39.8435,41.0,40.1433,-1.1565,-0.2998,26.55295
1537.067,26.557,4.88,28.7,39.8506,41.0,40.1505,-1.1494,-0.2998,26.55538
1537.99,26.557,4.88,28.7,39.8567,41.0,40.1565,-1.1433,-0.2999,26.55401
1539.018,26.556,4.92,28.7,39.8634,41.0,40.1633,-1.1366,-0.2999,26.55457
1540.042,26.557,4.88,28.7,39.8701,41.0,40.1701,-1.1299,-0.3,26.55186
1540.98,26.557,4.88,28.7,39.8762,41.0,40.1763,-1.1238,-0.3001,26.55395
1541.981,26.56,4.88,28.7,39.8827,41.0,40.1831,-1.1173,-0.3003,26.55377
1543.008,26.559,4.88,28.7,39.8894,41.0,40.1898,-1.1106,-0.3004,26.5566
1544.066,26.559,4.88,28.7,39.8963,41.0,40.1968,-1.1037,-0.3004,26.55555
1545.052,26.559,4.88,28.7,39.9027,41.0,40.2033,-1.0973,-0.3005,26.55578
1545.984,26.559,4.88,28.7,39.9088,41.0,40.2094,-1.0912,-0.3006,26.55595
1546.999,26.559,4.88,28.7,39.9154,41.0,40.2161,-1.0846,-0.3006,26.55569
1548.024,26.559,4.88,28.7,39.9221,41.0,40.2228,-1.0779,-0.3007,26.55566
1549.05,26.557,4.88,28.7,39.9288,41.0,40.2295,-1.0712,-0.3007,26.55566
1550.076,26.559,4.88,28.7,39.9355,41.0,40.2364,-1.0645,-0.3009,26.55372
1550.998,26.559,4.88,28.7,39.9415,41.0,40.2424,-1.0585,-0.3009,26.55598
1552.017,26.557,4.92,28.7,39.9482,41.0,40.2491,-1.0518,-0.3009,26.55659
1553.041,26.559,4.88,28.7,39.9549,41.0,40.256,-1.0451,-0.3011,26.55288
1554.066,26.56,4.88,28.7,39.9615,41.0,40.2628,-1.0385,-0.3013,26.55566
1555.004,26.559,4.88,28.7,39.9677,41.0,40.2689,-1.0323,-0.3013,26.55693
1556.014,26.56,4.92,28.7,39.9743,41.0,40.2757,-1.0257,-0.3014,26.55663
1557.043,26.56,4.92,28.7,39.9811,41.0,40.2825,-1.0189,-0.3014,26.55668
1558.059,26.56,4.92,28.7,39.9877,41.0,40.2892,-1.0123,-0.3015,26.55673
1559.011,26.56,4.88,28.7,39.9939,41.0,40.2955,-1.0061,-0.3016,26.55604
1560.016,26.562,4.88,28.7,40.0005,41.0,40.3022,-0.9995,-0.3017,26.55673
1561.032,26.559,4.88,28.7,40.0071,41.0,40.3088,-0.9929,-0.3017,26.55864
1562.058,26.562,4.96,28.7,40.0139,41.0,40.3158,-0.9861,-0.3018,26.5575
1563.183,26.557,4.88,28.7,40.0212,41.0,40.3231,-0.9788,-0.3018,26.55658
1564.104,26.557,4.88,28.7,40.0272,41.0,40.3291,-0.9728,-0.3019,26.55408
1565.032,26.557,4.88,28.7,40.0333,41.0,40.3352,-0.9667,-0.3019,26.55405
1566.046,26.56,4.88,28.7,40.0399,41.0,40.3421,-0.9601,-0.3022,26.55378
1567.075,26.56,4.88,28.7,40.0466,41.0,40.3488,-0.9534,-0.3022,26.55665
1568.096,26.56,4.88,28.7,40.0533,41.0,40.3555,-0.9467,-0.3023,26.5567
1569.128,26.562,4.88,28.7,40.06,41.0,40.3624,-0.94,-0.3024,26.55667
1570.038,26.562,4.88,28.7,40.0659,41.0,40.3684,-0.9341,-0.3025,26.559
1571.065,26.563,4.92,28.7,40.0727,41.0,40.3752,-0.9273,-0.3026,26.55954
1572.091,26.562,4.88,28.7,40.0794,41.0,40.382,-0.9206,-0.3026,26.55876
1573.114,26.56,4.88,28.7,40.086,41.0,40.3887,-0.914,-0.3026,26.55866
1574.047,26.56,4.88,28.7,40.0921,41.0,40.3948,-0.9079,-0.3027,26.557
1575.061,26.562,4.88,28.7,40.0987,41.0,40.4015,-0.9013,-0.3028,26.55674
1576.081,26.562,4.88,28.7,40.1054,41.0,40.4082,-0.8946,-0.3029,26.55867
1577.108,26.56,4.88,28.7,40.1121,41.0,40.415,-0.8879,-0.3029,26.55866
1578.05,26.563,4.92,28.7,40.1182,41.0,40.4213,-0.8818,-0.303,26.55788
1579.051,26.565,4.88,28.7,40.1248,41.0,40.428,-0.8752,-0.3032,26.55885
1580.076,26.562,4.92,28.7,40.1315,41.0,40.4347,-0.8685,-0.3032,26.56248
1581.104,26.562,4.92,28.7,40.1383,41.0,40.4416,-0.8617,-0.3033,26.55872
1582.128,26.563,4.88,28.7,40.1449,41.0,40.4484,-0.8551,-0.3034,26.55782
1583.064,26.563,4.88,28.7,40.151,41.0,40.4545,-0.849,-0.3035,26.55993
1584.074,26.565,4.92,28.7,40.1577,41.0,40.4613,-0.8423,-0.3036,26.5606
1585.095,26.563,4.88,28.7,40.1643,41.0,40.4679,-0.8357,-0.3036,26.56076
1586.121,26.562,4.88,28.7,40.171,41.0,40.4747,-0.829,-0.3036,26.55967
1587.144,26.563,4.88,28.7,40.1777,41.0,40.4814,-0.8223,-0.3037,26.5587
1588.173,26.566,4.88,28.7,40.1844,41.0,40.4883,-0.8156,-0.3039,26.55965
1589.087,26.566,4.88,28.7,40.1903,41.0,40.4943,-0.8097,-0.304,26.56295
1590.112,26.562,4.88,28.7,40.197,41.0,40.501,-0.803,-0.304,26.56261
1591.135,26.566,4.88,28.7,40.2037,41.0,40.508,-0.7963,-0.3043,26.55873
1592.082,26.565,4.88,28.7,40.2099,41.0,40.5142,-0.7901,-0.3043,26.56284
1593.082,26.565,4.88,28.7,40.2164,41.0,40.5207,-0.7836,-0.3043,26.56172
1594.103,26.565,4.92,28.7,40.2231,41.0,40.5275,-0.7769,-0.3044,26.56255
1595.128,26.565,4.92,28.7,40.2298,41.0,40.5343,-0.7702,-0.3044,26.56168
1596.152,26.562,4.88,28.7,40.2365,41.0,40.5409,-0.7635,-0.3044,26.56079
1597.09,26.565,4.84,28.7,40.2426,41.0,40.5472,-0.7574,-0.3047,26.55811
1598.097,26.562,4.88,28.7,40.2491,41.0,40.5538,-0.7509,-0.3047,26.56254
1599.121,26.562,4.88,28.7,40.2558,41.0,40.5605,-0.7442,-0.3047,26.55875
1600.154,26.563,4.92,28.7,40.2626,41.0,40.5674,-0.7374,-0.3048,26.55959
1601.177,26.566,4.88,28.7,40.2693,41.0,40.5743,-0.7307,-0.3051,26.55885
1602.1,26.566,4.88,28.7,40.2753,41.0,40.5804,-0.7247,-0.3051,26.56294
1603.116,26.566,4.92,28.7,40.2819,41.0,40.5871,-0.7181,-0.3051,26.56357
1604.141,26.566,4.88,28.7,40.2886,41.0,40.5939,-0.7114,-0.3052,26.56179
1605.165,26.569,4.88,28.7,40.2953,41.0,40.6007,-0.7047,-0.3054,26.56264
1606.102,26.568,4.88,28.7,40.3014,41.0,40.6069,-0.6986,-0.3055,26.56585
1607.115,26.566,4.92,28.7,40.3081,41.0,40.6135,-0.6919,-0.3055,26.56555
1608.138,26.566,4.92,28.7,40.3148,41.0,40.6203,-0.6852,-0.3055,26.56271
1609.157,26.566,4.88,28.7,40.3214,41.0,40.627,-0.6786,-0.3056,26.56181
1610.109,26.566,4.88,28.7,40.3276,41.0,40.6333,-0.6724,-0.3057,26.56288
1611.113,26.568,4.88,28.7,40.3342,41.0,40.64,-0.6658,-0.3058,26.56273
1612.134,26.571,4.92,28.7,40.3409,41.0,40.6468,-0.6591,-0.306,26.56551
1613.156,26.566,4.92,28.7,40.3476,41.0,40.6535,-0.6524,-0.3059,26.56759
1614.179,26.566,4.92,28.7,40.3543,41.0,40.6603,-0.6457,-0.306,26.56274
1615.128,26.568,4.88,28.7,40.3605,41.0,40.6667,-0.6395,-0.3062,26.56205
1616.13,26.569,4.92,28.7,40.3671,41.0,40.6733,-0.6329,-0.3062,26.56558
1617.152,26.569,4.92,28.7,40.3738,41.0,40.6801,-0.6262,-0.3063,26.56565
1618.176,26.566,4.88,28.7,40.3805,41.0,40.6868,-0.6195,-0.3063,26.56475
1619.194,26.565,4.88,28.7,40.3871,41.0,40.6935,-0.6129,-0.3063,26.56271
1620.221,26.566,4.88,28.7,40.3938,41.0,40.7002,-0.6062,-0.3064,26.5617
1621.142,26.566,4.88,28.7,40.3998,41.0,40.7063,-0.6002,-0.3065,26.56301
1622.164,26.571,4.88,28.7,40.4065,41.0,40.7133,-0.5935,-0.3068,26.5627
1623.187,26.569,4.88,28.7,40.4131,41.0,40.72,-0.5869,-0.3068,26.56755
1624.136,26.568,4.88,28.7,40.4193,41.0,40.7262,-0.5807,-0.3069,26.56588
1625.14,26.571,4.92,28.7,40.4259,41.0,40.7329,-0.5741,-0.307,26.56562
1626.266,26.566,4.92,28.7,40.4333,41.0,40.7403,-0.5667,-0.307,26.56728
1627.185,26.566,4.92,28.7,40.4394,41.0,40.7464,-0.5606,-0.3071,26.5631
1628.206,26.569,4.88,28.7,40.446,41.0,40.7533,-0.554,-0.3073,26.56186
1629.142,26.571,4.88,28.7,40.4521,41.0,40.7596,-0.5479,-0.3075,26.5659
1630.159,26.569,4.88,28.7,40.4587,41.0,40.7662,-0.5413,-0.3075,26.56761
1631.175,26.572,4.88,28.7,40.4654,41.0,40.773,-0.5346,-0.3077,26.56568
1632.201,26.571,4.88,28.7,40.4721,41.0,40.7798,-0.5279,-0.3077,26.56856
1633.227,26.572,4.88,28.7,40.4787,41.0,40.7865,-0.5213,-0.3078,26.56761
1634.155,26.572,4.88,28.7,40.4848,41.0,40.7926,-0.5152,-0.3079,26.56889
1639.768,26.571,4.88,28.7,40.5214,41.0,40.8299,-0.4786,-0.3086,26.55434
1639.791,26.569,4.88,28.7,40.5215,41.0,40.8301,-0.4785,-0.3085,26.57079
1639.793,26.571,4.88,28.7,40.5215,41.0,40.8301,-0.4785,-0.3086,26.56901
1639.795,26.571,4.88,28.7,40.5215,41.0,40.8301,-0.4785,-0.3086,26.57098
1639.807,26.571,4.88,28.7,40.5216,41.0,40.8302,-0.4784,-0.3086,26.57096
1639.809,26.571,4.88,28.7,40.5216,41.0,40.8302,-0.4784,-0.3086,26.57099
1639.811,26.571,4.88,28.7,40.5217,41.0,40.8302,-0.4783,-0.3086,26.57099
1639.812,26.569,4.92,28.7,40.5217,41.0,40.8302,-0.4783,-0.3085,26.57187
1639.817,26.571,4.88,28.7,40.5217,41.0,40.8303,-0.4783,-0.3086,26.56813
1640.185,26.569,4.92,28.7,40.5241,41.0,40.8327,-0.4759,-0.3085,26.57065
1641.209,26.571,4.92,28.7,40.5308,41.0,40.8395,-0.4692,-0.3087,26.56574
1642.234,26.574,4.88,28.7,40.5375,41.0,40.8465,-0.4625,-0.309,26.56676
1643.167,26.572,4.88,28.7,40.5436,41.0,40.8526,-0.4564,-0.309,26.57084
1644.183,26.572,4.88,28.7,40.5502,41.0,40.8593,-0.4498,-0.309,26.56865
1645.21,26.572,4.92,28.7,40.557,41.0,40.866,-0.443,-0.3091,26.5695
1646.227,26.572,4.92,28.7,40.5637,41.0,40.8728,-0.4363,-0.3091,26.56868
1647.176,26.572,4.88,28.7,40.5698,41.0,40.879,-0.4302,-0.3092,26.568
1648.181,26.574,4.88,28.7,40.5764,41.0,40.8857,-0.4236,-0.3094,26.56868
1649.199,26.571,4.88,28.7,40.583,41.0,40.8924,-0.417,-0.3094,26.57059
1650.222,26.571,4.88,28.7,40.5897,41.0,40.8991,-0.4103,-0.3094,26.56767
1651.244,26.572,4.92,28.7,40.5964,41.0,40.9059,-0.4036,-0.3095,26.56855
1652.274,26.574,4.84,28.7,40.6031,41.0,40.9128,-0.3969,-0.3098,26.56686
1653.193,26.574,4.84,28.7,40.609,41.0,40.9188,-0.391,-0.3098,26.57088
1654.215,26.575,4.88,28.7,40.6157,41.0,40.9255,-0.3843,-0.3099,26.57146
1655.238,26.572,4.88,28.7,40.6223,41.0,40.9322,-0.3777,-0.3099,26.57158
1656.271,26.572,4.88,28.7,40.6291,41.0,40.939,-0.3709,-0.3099,26.56863
1657.198,26.572,4.88,28.7,40.6351,41.0,40.9451,-0.3649,-0.31,26.56896
1658.226,26.577,4.92,28.7,40.6419,41.0,40.9521,-0.3581,-0.3103,26.56953
1659.231,26.577,4.92,28.7,40.6485,41.0,40.9588,-0.3515,-0.3103,26.57361
1660.257,26.574,4.88,28.7,40.6552,41.0,40.9655,-0.3448,-0.3104,26.57268
1661.205,26.577,4.84,28.7,40.6613,41.0,40.9719,-0.3387,-0.3106,26.56998
1662.209,26.574,4.92,28.7,40.6679,41.0,40.9785,-0.3321,-0.3106,26.57534
1663.229,26.571,4.88,28.7,40.6745,41.0,40.9851,-0.3255,-0.3106,26.5698
1664.255,26.578,4.92,28.7,40.6813,41.0,40.9923,-0.3187,-0.311,26.56858
1665.279,26.575,4.88,28.7,40.6879,41.0,40.999,-0.3121,-0.311,26.57364
1666.214,26.575,4.88,28.7,40.694,41.0,41.0051,-0.306,-0.3111,26.5719
1667.221,26.578,4.88,28.7,40.7006,41.0,41.0119,-0.2994,-0.3113,26.57166
1668.244,26.572,4.88,28.7,40.7073,41.0,41.0185,-0.2927,-0.3113,26.57453
1669.27,26.577,4.88,28.7,40.714,41.0,41.0256,-0.286,-0.3116,26.56871
1670.218,26.577,4.88,28.7,40.7201,41.0,41.0318,-0.2799,-0.3117,26.57379
1671.223,26.577,4.92,28.7,40.7267,41.0,41.0384,-0.2733,-0.3117,26.57453
1672.238,26.577,4.92,28.7,40.7334,41.0,41.0452,-0.2666,-0.3118,26.57364
1673.262,26.577,4.88,28.7,40.7401,41.0,41.0519,-0.2599,-0.3119,26.57272
1674.286,26.578,4.88,28.7,40.7468,41.0,41.0587,-0.2532,-0.312,26.57357
1675.23,26.577,4.88,28.7,40.7529,41.0,41.0649,-0.2471,-0.312,26.57482
1676.235,26.578,4.84,28.7,40.7594,41.0,41.0715,-0.2406,-0.3121,26.57276
1677.254,26.575,4.88,28.7,40.766,41.0,41.0782,-0.234,-0.3121,26.57542
1678.281,26.575,4.88,28.7,40.7727,41.0,41.0849,-0.2273,-0.3122,26.57165
1679.315,26.577,4.88,28.7,40.7795,41.0,41.0918,-0.2205,-0.3124,26.5716
1680.247,26.578,4.88,28.7,40.7855,41.0,41.098,-0.2145,-0.3125,26.57388
1681.253,26.575,4.88,28.7,40.7921,42.0,41.1046,-1.2079,-0.3125,26.57463
1682.274,26.578,4.92,28.7,40.7988,42.0,41.1114,-1.2012,-0.3126,26.57256
1683.297,26.575,4.88,28.7,40.8055,42.0,41.1181,-1.1945,-0.3126,26.57371
1684.33,26.578,4.88,28.7,40.8122,42.0,41.1251,-1.1878,-0.3128,26.57163
1685.258,26.578,4.88,28.7,40.8183,42.0,41.1312,-1.1817,-0.3129,26.57488
1686.268,26.578,4.88,28.7,40.8248,42.0,41.1378,-1.1752,-0.313,26.57463
1687.291,26.577,4.88,28.7,40.8315,42.0,41.1445,-1.1685,-0.313,26.57459
1688.314,26.578,4.88,28.7,40.8382,42.0,41.1513,-1.1618,-0.3131,26.57362
1689.342,26.578,4.88,28.7,40.8449,42.0,41.158,-1.1551,-0.3132,26.57457
1690.274,26.578,4.92,28.7,40.851,42.0,41.1642,-1.149,-0.3132,26.57579
1691.285,26.578,4.92,28.7,40.8576,42.0,41.1709,-1.1424,-0.3132,26.57468
1692.308,26.578,4.88,28.7,40.8643,42.0,41.1777,-1.1357,-0.3133,26.57375
1693.337,26.577,4.88,28.7,40.871,42.0,41.1844,-1.129,-0.3134,26.57458
1694.277,26.577,4.92,28.7,40.8772,42.0,41.1906,-1.1228,-0.3134,26.5748
1695.279,26.577,4.88,28.7,40.8837,42.0,41.1972,-1.1163,-0.3135,26.57285
1696.311,26.58,4.88,28.7,40.8905,42.0,41.2042,-1.1095,-0.3137,26.5736
1697.437,26.58,4.92,28.7,40.8979,42.0,41.2116,-1.1021,-0.3138,26.57711
1698.352,26.58,4.92,28.7,40.9039,42.0,41.2177,-1.0961,-0.3138,26.57697
1699.291,26.578,4.88,28.7,40.91,42.0,41.2238,-1.09,-0.3138,26.576
1700.302,26.578,4.92,28.7,40.9166,42.0,41.2305,-1.0834,-0.3139,26.57556
1701.326,26.58,4.92,28.7,40.9234,42.0,41.2374,-1.0766,-0.314,26.57466
1702.362,26.58,4.88,28.7,40.9301,42.0,41.2442,-1.0699,-0.3141,26.57567
1703.376,26.578,4.88,28.7,40.9367,42.0,41.2509,-1.0633,-0.3141,26.57661
1704.305,26.578,4.88,28.7,40.9428,42.0,41.257,-1.0572,-0.3142,26.57495
1705.317,26.582,4.88,28.7,40.9494,42.0,41.2639,-1.0506,-0.3145,26.57467
1706.341,26.58,4.88,28.7,40.956,42.0,41.2705,-1.044,-0.3145,26.57852
1707.364,26.58,4.92,28.7,40.9628,42.0,41.2773,-1.0372,-0.3145,26.5775
1708.387,26.578,4.88,28.7,40.9694,42.0,41.284,-1.0306,-0.3146,26.57575
1709.413,26.582,4.88,28.7,40.9761,42.0,41.291,-1.0239,-0.3149,26.57464
1710.334,26.582,4.88,28.7,40.9821,42.0,41.297,-1.0179,-0.3149,26.57887
1711.365,26.578,4.88,28.7,40.9888,42.0,41.3038,-1.0112,-0.3149,26.57854
1712.381,26.582,4.88,28.7,40.9955,42.0,41.3107,-1.0045,-0.3152,26.5747
1713.32,26.582,4.88,28.7,41.0016,42.0,41.3168,-0.9984,-0.3153,26.57882
1714.331,26.58,4.92,28.7,41.0082,42.0,41.3235,-0.9918,-0.3153,26.5795
1715.353,26.582,4.88,28.7,41.0149,42.0,41.3304,-0.9851,-0.3155,26.57578
1716.378,26.583,4.88,28.7,41.0216,42.0,41.3372,-0.9784,-0.3156,26.57855
1717.398,26.583,4.88,28.7,41.0282,42.0,41.3439,-0.9718,-0.3156,26.57956
1718.332,26.585,4.88,28.7,41.0343,42.0,41.3501,-0.9657,-0.3158,26.57985
1719.342,26.582,4.88,28.7,41.0409,42.0,41.3567,-0.9591,-0.3158,26.58155
1720.367,26.582,4.92,28.7,41.0476,42.0,41.3635,-0.9524,-0.3158,26.57949
1721.393,26.582,4.88,28.7,41.0543,42.0,41.3702,-0.9457,-0.3159,26.57773
1722.422,26.583,4.88,28.7,41.061,42.0,41.3771,-0.939,-0.316,26.57857
1723.344,26.583,4.88,28.7,41.067,42.0,41.3831,-0.933,-0.3161,26.5799
1724.365,26.58,4.88,28.7,41.0737,42.0,41.3898,-0.9263,-0.3161,26.57958
1725.389,26.582,4.88,28.7,41.0804,42.0,41.3966,-0.9196,-0.3163,26.57666
1726.411,26.585,4.88,28.7,41.087,42.0,41.4035,-0.913,-0.3165,26.57859
1727.35,26.583,4.92,28.7,41.0932,42.0,41.4097,-0.9068,-0.3165,26.58269
1728.362,26.578,4.88,28.7,41.0998,42.0,41.4163,-0.9002,-0.3165,26.57879
1729.488,26.58,4.88,28.7,41.1071,42.0,41.4238,-0.8929,-0.3166,26.5744
1730.405,26.58,4.88,28.7,41.1131,42.0,41.4298,-0.8869,-0.3167,26.57698
1731.435,26.582,4.92,28.7,41.1199,42.0,41.4367,-0.8801,-0.3168,26.57753
1732.362,26.585,4.88,28.7,41.1259,42.0,41.443,-0.8741,-0.3171,26.57806
1733.373,26.582,4.92,28.7,41.1325,42.0,41.4496,-0.8675,-0.3171,26.58246
1734.397,26.586,4.88,28.7,41.1392,42.0,41.4567,-0.8608,-0.3174,26.57779
1735.427,26.583,4.88,28.7,41.1459,42.0,41.4634,-0.8541,-0.3174,26.58248
1736.368,26.583,4.88,28.7,41.1521,42.0,41.4696,-0.8479,-0.3175,26.57989
1737.367,26.583,4.88,28.7,41.1586,42.0,41.4761,-0.8414,-0.3176,26.57969
1738.394,26.582,4.92,28.7,41.1653,42.0,41.4829,-0.8347,-0.3176,26.58049
1739.421,26.585,4.88,28.7,41.172,42.0,41.4899,-0.828,-0.3179,26.57778
1740.438,26.585,4.88,28.7,41.1787,42.0,41.4966,-0.8213,-0.3179,26.58157
1741.467,26.588,4.88,28.7,41.1854,42.0,41.5035,-0.8146,-0.3182,26.58155
1742.386,26.588,4.88,28.7,41.1913,42.0,41.5096,-0.8087,-0.3182,26.58484
1743.41,26.585,4.88,28.7,41.198,42.0,41.5162,-0.802,-0.3182,26.58451
1744.431,26.585,4.88,28.7,41.2047,42.0,41.523,-0.7953,-0.3183,26.58161
1745.378,26.586,4.88,28.7,41.2108,42.0,41.5292,-0.7892,-0.3184,26.58183
1746.381,26.585,4.92,28.7,41.2174,42.0,41.5358,-0.7826,-0.3184,26.58351
1747.408,26.586,4.88,28.7,41.2241,42.0,41.5427,-0.7759,-0.3185,26.58073
1748.533,26.583,4.88,28.7,41.2315,42.0,41.55,-0.7685,-0.3186,26.58222
1749.451,26.583,4.88,28.7,41.2374,42.0,41.556,-0.7626,-0.3186,26.57999
1750.395,26.585,4.88,28.7,41.2436,42.0,41.5623,-0.7564,-0.3187,26.5799
1751.397,26.586,4.88,28.7,41.2501,42.0,41.569,-0.7499,-0.3189,26.58166
1752.424,26.585,4.88,28.7,41.2568,42.0,41.5757,-0.7432,-0.3189,26.58256
1753.446,26.586,4.92,28.7,41.2635,42.0,41.5825,-0.7365,-0.319,26.5825
1754.476,26.591,4.88,28.7,41.2703,42.0,41.5896,-0.7297,-0.3194,26.58171
1755.398,26.591,4.88,28.7,41.2763,42.0,41.5957,-0.7237,-0.3194,26.58778
1756.419,26.586,4.88,28.7,41.2829,42.0,41.6023,-0.7171,-0.3194,26.58749
1757.44,26.585,4.88,28.7,41.2896,42.0,41.609,-0.7104,-0.3195,26.58263
1758.47,26.589,4.88,28.7,41.2963,42.0,41.616,-0.7037,-0.3198,26.5816
1759.404,26.588,4.92,28.7,41.3024,42.0,41.6222,-0.6976,-0.3198,26.58669
1760.515,26.589,4.88,28.7,41.3097,42.0,41.6296,-0.6903,-0.3199,26.58343
1761.435,26.589,4.88,28.7,41.3157,42.0,41.6357,-0.6843,-0.32,26.58587
1762.458,26.586,4.88,28.7,41.3223,42.0,41.6423,-0.6777,-0.32,26.58554
1763.486,26.588,4.88,28.7,41.329,42.0,41.6492,-0.671,-0.3202,26.58261
1764.417,26.592,4.88,28.7,41.3351,42.0,41.6555,-0.6649,-0.3205,26.58486
1765.429,26.586,4.92,28.7,41.3417,42.0,41.6621,-0.6583,-0.3204,26.58939
1766.457,26.589,4.88,28.7,41.3484,42.0,41.6691,-0.6516,-0.3207,26.58179
1767.478,26.588,4.88,28.7,41.3551,42.0,41.6758,-0.6449,-0.3207,26.58553
1768.421,26.588,4.88,28.7,41.3612,42.0,41.682,-0.6388,-0.3208,26.58484
1769.421,26.589,4.88,28.7,41.3678,42.0,41.6886,-0.6322,-0.3209,26.58465
1770.444,26.591,4.88,28.7,41.3744,42.0,41.6955,-0.6256,-0.321,26.58555
1771.467,26.589,4.88,28.7,41.3811,42.0,41.7022,-0.6189,-0.3211,26.58751
1772.491,26.588,4.88,28.7,41.3878,42.0,41.7089,-0.6122,-0.3211,26.58557
1773.531,26.592,4.88,28.7,41.3945,42.0,41.716,-0.6055,-0.3214,26.58454
1774.438,26.592,4.88,28.7,41.4005,42.0,41.7219,-0.5995,-0.3215,26.58887
1775.463,26.589,4.88,28.7,41.4071,42.0,41.7286,-0.5929,-0.3215,26.5885
1776.491,26.589,4.88,28.7,41.4138,42.0,41.7354,-0.5862,-0.3215,26.58558
1777.511,26.591,4.88,28.7,41.4205,42.0,41.7422,-0.5795,-0.3217,26.58559
1778.445,26.588,4.88,28.7,41.4266,42.0,41.7483,-0.5734,-0.3217,26.58782
1779.46,26.591,4.88,28.7,41.4332,42.0,41.7551,-0.5668,-0.3219,26.58465
1780.588,26.588,4.88,28.7,41.4405,42.0,41.7625,-0.5595,-0.3219,26.58717
1781.506,26.588,4.88,28.7,41.4465,42.0,41.7685,-0.5535,-0.322,26.58497
1782.449,26.591,4.88,28.7,41.4527,42.0,41.7749,-0.5473,-0.3222,26.58487
1783.452,26.589,4.88,28.7,41.4592,42.0,41.7814,-0.5408,-0.3222,26.5876
1784.475,26.592,4.88,28.7,41.4659,42.0,41.7883,-0.5341,-0.3224,26.58561
1785.51,26.591,4.88,28.7,41.4726,42.0,41.7951,-0.5274,-0.3225,26.58847
1786.525,26.591,4.88,28.7,41.4792,42.0,41.8018,-0.5208,-0.3225,26.58759
1787.455,26.591,4.88,28.7,41.4853,42.0,41.8079,-0.5147,-0.3226,26.58786
1788.468,26.591,4.88,28.7,41.4919,42.0,41.8146,-0.5081,-0.3227,26.58759
1789.498,26.592,4.88,28.7,41.4986,42.0,41.8214,-0.5014,-0.3228,26.58754
1790.516,26.591,4.88,28.7,41.5052,42.0,41.8281,-0.4948,-0.3228,26.58855
1791.466,26.591,4.88,28.7,41.5114,42.0,41.8343,-0.4886,-0.3229,26.58781
1792.469,26.594,4.88,28.7,41.518,42.0,41.8411,-0.482,-0.3231,26.58764
1793.483,26.594,4.88,28.7,41.5246,42.0,41.8478,-0.4754,-0.3232,26.59052
1794.511,26.591,4.88,28.7,41.5313,42.0,41.8545,-0.4687,-0.3232,26.59049
1795.533,26.591,4.88,28.7,41.5379,42.0,41.8612,-0.4621,-0.3232,26.5876
1796.473,26.592,4.88,28.7,41.5441,42.0,41.8674,-0.4559,-0.3233,26.58785
1797.479,26.592,4.88,28.7,41.5506,42.0,41.874,-0.4494,-0.3234,26.58861
1798.508,26.591,4.88,28.7,41.5573,42.0,41.8808,-0.4427,-0.3234,26.58854
1799.637,26.591,4.88,28.7,41.5647,42.0,41.8882,-0.4353,-0.3235,26.58725
1800.555,26.591,4.88,28.7,41.5707,42.0,41.8943,-0.4293,-0.3236,26.58793
1801.494,26.589,4.88,28.7,41.5768,42.0,41.9004,-0.4232,-0.3236,26.58787
1802.496,26.595,4.92,28.7,41.5834,42.0,41.9074,-0.4166,-0.324,26.58661
1803.525,26.592,4.88,28.7,41.5901,42.0,41.9141,-0.4099,-0.324,26.59061
1804.544,26.589,4.88,28.7,41.5967,42.0,41.9207,-0.4033,-0.324,26.5886
1805.575,26.595,4.92,28.7,41.6035,42.0,41.9279,-0.3965,-0.3244,26.58653
1806.501,26.595,4.92,28.7,41.6096,42.0,41.934,-0.3904,-0.3244,26.59184
1807.515,26.595,4.92,28.7,41.6163,42.0,41.9408,-0.3837,-0.3245,26.59159
1808.54,26.595,4.88,28.7,41.6229,42.0,41.9475,-0.3771,-0.3246,26.59066
1809.566,26.594,4.88,28.7,41.6296,42.0,41.9543,-0.3704,-0.3246,26.59151
1810.507,26.594,4.92,28.7,41.6358,42.0,41.9605,-0.3642,-0.3247,26.59171
1811.515,26.594,4.88,28.7,41.6424,42.0,41.9672,-0.3576,-0.3248,26.58976
1812.531,26.594,4.88,28.7,41.649,42.0,41.9738,-0.351,-0.3248,26.59057
1813.559,26.591,4.88,28.7,41.6557,42.0,41.9805,-0.3443,-0.3248,26.59054
1814.582,26.595,4.88,28.7,41.6624,42.0,41.9875,-0.3376,-0.3252,26.58764
1815.514,26.595,4.92,28.7,41.6685,42.0,41.9937,-0.3315,-0.3252,26.5927
1816.538,26.594,4.88,28.7,41.6752,42.0,42.0004,-0.3248,-0.3253,26.5907
1817.549,26.594,4.88,28.7,41.6817,42.0,42.0071,-0.3183,-0.3253,26.59061
1818.58,26.597,4.88,28.7,41.6885,42.0,42.014,-0.3115,-0.3256,26.59054
1819.599,26.597,4.88,28.7,41.6951,42.0,42.0207,-0.3049,-0.3256,26.5935
1820.529,26.597,4.88,28.7,41.7012,42.0,42.0269,-0.2988,-0.3257,26.59382
1821.545,26.598,4.88,28.7,41.7078,42.0,42.0336,-0.2922,-0.3258,26.59354
1822.575,26.597,4.88,28.7,41.7145,42.0,42.0404,-0.2855,-0.3258,26.59446
1823.592,26.595,4.92,28.7,41.7212,42.0,42.047,-0.2788,-0.3258,26.59443
1824.621,26.594,4.92,28.7,41.728,42.0,42.0538,-0.272,-0.3259,26.5916
1825.541,26.594,4.92,28.7,41.734,42.0,42.0599,-0.266,-0.3259,26.59096
1826.566,26.595,4.88,28.7,41.7407,42.0,42.0668,-0.2593,-0.3261,26.58973
1827.589,26.595,4.88,28.7,41.7473,42.0,42.0735,-0.2527,-0.3262,26.59156
1828.609,26.598,4.92,28.7,41.754,42.0,42.0804,-0.246,-0.3263,26.59247
1829.549,26.597,4.88,28.7,41.7602,43.0,42.0866,-1.2398,-0.3264,26.59392
1830.561,26.598,4.88,28.7,41.7668,43.0,42.0933,-1.2332,-0.3265,26.59357
1831.688,26.6,4.92,28.7,41.7742,43.0,42.1008,-1.2258,-0.3267,26.59505
1832.604,26.6,4.92,28.7,41.7802,43.0,42.1069,-1.2198,-0.3267,26.59686
1833.555,26.597,4.88,28.7,41.7864,43.0,42.1131,-1.2136,-0.3267,26.59587
1834.556,26.595,4.88,28.7,41.7929,43.0,42.1196,-1.2071,-0.3267,26.59363
1835.578,26.598,4.88,28.7,41.7996,43.0,42.1265,-1.2004,-0.327,26.59161
1836.598,26.597,4.88,28.7,41.8062,43.0,42.1332,-1.1938,-0.327,26.59452
1837.627,26.597,4.88,28.7,41.8129,43.0,42.14,-1.1871,-0.3271,26.59354
1838.562,26.597,4.88,28.7,41.819,43.0,42.1462,-1.181,-0.3271,26.59385
1839.566,26.597,4.88,28.7,41.8256,43.0,42.1528,-1.1744,-0.3272,26.59362
1840.591,26.598,4.88,28.7,41.8322,43.0,42.1596,-1.1678,-0.3273,26.59355
1841.619,26.597,4.88,28.7,41.8389,43.0,42.1663,-1.1611,-0.3274,26.59452
1842.644,26.598,4.88,28.7,41.8456,43.0,42.1731,-1.1544,-0.3275,26.59356
1843.666,26.595,4.88,28.7,41.8523,43.0,42.1798,-1.1477,-0.3275,26.59454
1844.586,26.595,4.88,28.7,41.8583,43.0,42.1858,-1.1417,-0.3275,26.59197
1845.613,26.597,4.88,28.7,41.865,43.0,42.1927,-1.135,-0.3277,26.5916
1846.64,26.598,4.88,28.7,41.8717,43.0,42.1995,-1.1283,-0.3278,26.59355
1847.584,26.598,4.92,28.7,41.8779,43.0,42.2057,-1.1221,-0.3278,26.59569
1848.585,26.597,4.88,28.7,41.8844,43.0,42.2123,-1.1156,-0.3279,26.59379
1849.617,26.598,4.92,28.7,41.8912,43.0,42.2192,-1.1088,-0.328,26.59444
1850.636,26.597,4.88,28.7,41.8978,43.0,42.2259,-1.1022,-0.328,26.59372
1851.656,26.597,4.88,28.7,41.9045,43.0,42.2326,-1.0955,-0.3281,26.5936
1852.592,26.597,4.88,28.7,41.9106,43.0,42.2387,-1.0894,-0.3282,26.59387
1853.596,26.598,4.88,28.7,41.9171,43.0,42.2454,-1.0829,-0.3283,26.59365
1854.627,26.6,4.92,28.7,41.9239,43.0,42.2523,-1.0761,-0.3284,26.59543
1855.646,26.601,4.92,28.7,41.9306,43.0,42.2591,-1.0694,-0.3285,26.59657
1856.677,26.6,4.88,28.7,41.9373,43.0,42.2659,-1.0627,-0.3286,26.59663
1857.604,26.6,4.88,28.7,41.9433,43.0,42.272,-1.0567,-0.3286,26.59686
1858.616,26.598,4.88,28.7,41.9499,43.0,42.2786,-1.0501,-0.3287,26.59658
1859.659,26.6,4.92,28.7,41.9568,43.0,42.2856,-1.0432,-0.3288,26.59542
1860.662,26.598,4.92,28.7,41.9634,43.0,42.2922,-1.0366,-0.3288,26.59664
1861.605,26.598,4.88,28.7,41.9695,43.0,42.2984,-1.0305,-0.3289,26.59401
1862.615,26.603,4.88,28.7,41.9761,43.0,42.3054,-1.0239,-0.3293,26.59463
1863.742,26.598,4.88,28.7,41.9835,43.0,42.3127,-1.0165,-0.3293,26.59911
1864.658,26.598,4.88,28.7,41.9894,43.0,42.3188,-1.0106,-0.3293,26.59498
1865.679,26.6,4.88,28.7,41.9961,43.0,42.3256,-1.0039,-0.3295,26.59461
1866.621,26.598,4.92,28.7,42.0023,43.0,42.3318,-0.9977,-0.3295,26.5977
1867.624,26.603,4.88,28.7,42.0088,43.0,42.3387,-0.9912,-0.3299,26.59384
1868.647,26.603,4.88,28.7,42.0155,43.0,42.3455,-0.9845,-0.33,26.59947
1869.678,26.6,4.88,28.7,42.0222,43.0,42.3522,-0.9778,-0.33,26.59948
1870.62,26.6,4.88,28.7,42.0283,43.0,42.3584,-0.9717,-0.3301,26.59685
1871.628,26.6,4.92,28.7,42.035,43.0,42.3651,-0.965,-0.3301,26.59751
1872.644,26.601,4.88,28.7,42.0416,43.0,42.3718,-0.9584,-0.3303,26.59575
1873.666,26.601,4.88,28.7,42.0482,43.0,42.3786,-0.9518,-0.3303,26.59755
1874.694,26.6,4.88,28.7,42.0549,43.0,42.3853,-0.9451,-0.3304,26.59754
1875.722,26.601,4.88,28.7,42.0616,43.0,42.3921,-0.9384,-0.3305,26.59657
1876.642,26.601,4.88,28.7,42.0676,43.0,42.3982,-0.9324,-0.3305,26.5979
1877.666,26.601,4.88,28.7,42.0743,43.0,42.4049,-0.9257,-0.3306,26.59756
1878.684,26.601,4.88,28.7,42.081,43.0,42.4116,-0.919,-0.3307,26.59758
1879.634,26.603,4.92,28.7,42.0872,43.0,42.418,-0.9128,-0.3308,26.59869
1880.64,26.603,4.88,28.7,42.0937,43.0,42.4247,-0.9063,-0.3309,26.59873
1881.659,26.604,4.88,28.7,42.1004,43.0,42.4314,-0.8996,-0.331,26.59954
1882.784,26.603,4.88,28.7,42.1077,43.0,42.4388,-0.8923,-0.3311,26.60017
1883.703,26.603,4.88,28.7,42.1137,43.0,42.4448,-0.8863,-0.3311,26.59989
1884.73,26.603,4.88,28.7,42.1204,43.0,42.4516,-0.8796,-0.3312,26.59953
1885.662,26.606,4.88,28.7,42.1265,43.0,42.4579,-0.8735,-0.3314,26.59984
1886.672,26.601,4.92,28.7,42.1331,43.0,42.4645,-0.8669,-0.3314,26.60339
1887.7,26.606,4.88,28.7,42.1398,43.0,42.4716,-0.8602,-0.3318,26.59676
1888.724,26.601,4.88,28.7,42.1465,43.0,42.4783,-0.8535,-0.3318,26.60245
1889.66,26.601,4.88,28.7,42.1526,43.0,42.4845,-0.8474,-0.3319,26.59791
1890.669,26.606,4.88,28.7,42.1592,43.0,42.4914,-0.8408,-0.3323,26.59764
1891.691,26.603,4.88,28.7,42.1658,43.0,42.4981,-0.8342,-0.3323,26.60247
1892.714,26.606,4.92,28.7,42.1726,43.0,42.505,-0.8274,-0.3325,26.60046
1893.738,26.604,4.92,28.7,42.1793,43.0,42.5118,-0.8207,-0.3325,26.60252
1894.769,26.604,4.88,28.8,42.186,43.0,42.5186,-0.814,-0.3326,26.59968
1895.69,26.604,4.88,28.8,42.192,43.0,42.5246,-0.808,-0.3326,26.60088
1896.708,26.604,4.88,28.7,42.1986,43.0,42.5314,-0.8014,-0.3327,26.60057
1897.732,26.606,4.88,28.7,42.2053,43.0,42.5382,-0.7947,-0.3329,26.60055
1898.675,26.603,4.92,28.7,42.2115,43.0,42.5444,-0.7885,-0.3329,26.60365
1899.681,26.606,4.88,28.8,42.2181,43.0,42.5513,-0.7819,-0.3332,26.59881
1900.706,26.604,4.88,28.7,42.2247,43.0,42.558,-0.7753,-0.3332,26.60249
1901.729,26.604,4.88,28.7,42.2314,43.0,42.5647,-0.7686,-0.3333,26.60057
1902.751,26.604,4.88,28.7,42.2381,43.0,42.5714,-0.7619,-0.3334,26.60056
1903.685,26.604,4.88,28.7,42.2442,43.0,42.5776,-0.7558,-0.3334,26.60086
1904.695,26.604,4.92,28.7,42.2508,43.0,42.5842,-0.7492,-0.3335,26.60149
1905.72,26.607,4.92,28.7,42.2575,43.0,42.5912,-0.7425,-0.3337,26.6006
1906.742,26.604,4.92,28.7,42.2642,43.0,42.5979,-0.7358,-0.3337,26.60353
1907.775,26.606,4.88,28.7,42.271,43.0,42.6049,-0.729,-0.3339,26.59971
1908.689,26.606,4.88,28.7,42.2769,43.0,42.6109,-0.7231,-0.334,26.60288
1909.717,26.604,4.88,28.7,42.2836,43.0,42.6176,-0.7164,-0.334,26.60252
1910.739,26.606,4.88,28.7,42.2903,43.0,42.6245,-0.7097,-0.3342,26.6006
1911.761,26.604,4.92,28.7,42.297,43.0,42.6312,-0.703,-0.3342,26.60342
1912.696,26.606,4.92,28.7,42.3032,43.0,42.6375,-0.6968,-0.3343,26.60092
1913.712,26.607,4.88,28.7,42.3098,43.0,42.6443,-0.6902,-0.3345,26.60171
1914.838,26.607,4.88,28.7,42.3171,43.0,42.6517,-0.6829,-0.3346,26.60317
1915.755,26.607,4.88,28.7,42.3231,43.0,42.6578,-0.6769,-0.3347,26.60388
1916.706,26.607,4.88,28.7,42.3293,43.0,42.664,-0.6707,-0.3347,26.60377
1917.709,26.606,4.88,28.7,42.3358,43.0,42.6706,-0.6642,-0.3348,26.6036
1918.728,26.609,4.92,28.7,42.3425,43.0,42.6775,-0.6575,-0.3349,26.60346
1919.75,26.607,4.88,28.7,42.3492,43.0,42.6842,-0.6508,-0.335,26.60464
1920.78,26.606,4.88,28.7,42.3559,43.0,42.6909,-0.6441,-0.335,26.60353
1921.709,26.606,4.88,28.7,42.362,43.0,42.697,-0.638,-0.3351,26.60288
1922.719,26.607,4.88,28.7,42.3685,43.0,42.7037,-0.6315,-0.3352,26.60261
1923.746,26.609,4.88,28.7,42.3752,43.0,42.7106,-0.6248,-0.3354,26.60353
1924.767,26.609,4.92,28.7,42.3819,43.0,42.7174,-0.6181,-0.3354,26.60639
1925.716,26.607,4.88,28.7,42.3881,43.0,42.7236,-0.6119,-0.3354,26.60492
1926.82,26.607,4.88,28.7,42.3953,43.0,42.7308,-0.6047,-0.3355,26.6033
1927.747,26.607,4.88,28.7,42.4014,43.0,42.7369,-0.5986,-0.3356,26.60387
1928.76,26.607,4.88,28.7,42.408,43.0,42.7436,-0.592,-0.3357,26.6036
1929.79,26.607,4.88,28.7,42.4147,43.0,42.7504,-0.5853,-0.3357,26.60354
1930.729,26.609,4.92,28.7,42.4208,43.0,42.7567,-0.5792,-0.3358,26.60472
1931.732,26.609,4.88,28.7,42.4274,43.0,42.7633,-0.5726,-0.3359,26.60474
1932.759,26.609,4.88,28.7,42.4341,43.0,42.7701,-0.5659,-0.336,26.60551
1933.794,26.607,4.88,28.7,42.4408,43.0,42.7769,-0.5592,-0.336,26.60549
1934.807,26.607,4.88,28.7,42.4474,43.0,42.7835,-0.5526,-0.3361,26.60362
1935.746,26.609,4.88,28.7,42.4535,43.0,42.7898,-0.5465,-0.3363,26.60385
1936.751,26.61,4.88,28.7,42.4601,43.0,42.7965,-0.5399,-0.3364,26.60559
1937.771,26.609,4.92,28.7,42.4668,43.0,42.8032,-0.5332,-0.3364,26.60741
1938.794,26.612,4.88,28.7,42.4735,43.0,42.8102,-0.5265,-0.3367,26.60471
1939.827,26.61,4.88,28.7,42.4802,43.0,42.8169,-0.5198,-0.3367,26.60843
1940.751,26.61,4.88,28.7,42.4862,43.0,42.823,-0.5138,-0.3368,26.60687
1941.77,26.61,4.88,28.7,42.4929,43.0,42.8297,-0.5071,-0.3369,26.60655
1942.79,26.612,4.88,28.7,42.4995,43.0,42.8366,-0.5005,-0.3371,26.60654
1943.814,26.613,4.92,28.7,42.5062,43.0,42.8434,-0.4938,-0.3371,26.60936
1944.758,26.609,4.88,28.7,42.5124,43.0,42.8495,-0.4876,-0.3371,26.60889
1945.766,26.612,4.88,28.7,42.519,43.0,42.8563,-0.481,-0.3374,26.60563
1946.787,26.612,4.88,28.7,42.5256,43.0,42.8631,-0.4744,-0.3375,26.60849
1947.808,26.607,4.88,28.7,42.5323,43.0,42.8697,-0.4677,-0.3374,26.60851
1948.833,26.612,4.92,28.7,42.539,43.0,42.8768,-0.461,-0.3378,26.60452
1949.766,26.612,4.88,28.7,42.5451,43.0,42.883,-0.4549,-0.3379,26.60794
1950.781,26.612,4.92,28.7,42.5518,43.0,42.8897,-0.4482,-0.3379,26.60942
1951.804,26.607,4.88,28.7,42.5584,43.0,42.8963,-0.4416,-0.3379,26.60767
1952.831,26.612,4.92,28.7,42.5652,43.0,42.9034,-0.4348,-0.3383,26.60451
1953.773,26.612,4.92,28.7,42.5714,43.0,42.9097,-0.4286,-0.3383,26.6088
1954.775,26.613,4.88,28.7,42.5779,43.0,42.9164,-0.4221,-0.3385,26.60774
1955.8,26.612,4.88,28.7,42.5846,43.0,42.9231,-0.4154,-0.3385,26.60948
1956.823,26.612,4.92,28.8,42.5913,43.0,42.9299,-0.4087,-0.3386,26.60941
1957.844,26.612,4.92,28.7,42.598,43.0,42.9367,-0.402,-0.3387,26.60857
1958.873,26.612,4.88,28.7,42.6047,43.0,42.9435,-0.3953,-0.3388,26.60766
1959.799,26.612,4.88,28.7,42.6107,43.0,42.9496,-0.3893,-0.3388,26.60885
1960.812,26.612,4.88,28.7,42.6173,43.0,42.9562,-0.3827,-0.3389,26.60857
1961.84,26.615,4.88,28.7,42.624,43.0,42.9632,-0.376,-0.3392,26.60852
1962.863,26.612,4.88,28.7,42.6307,43.0,42.9699,-0.3693,-0.3392,26.61146
1963.793,26.613,4.88,28.7,42.6368,43.0,42.976,-0.3632,-0.3393,26.60887
1964.809,26.613,4.88,28.7,42.6434,43.0,42.9827,-0.3566,-0.3393,26.60954
1965.937,26.615,4.88,28.8,42.6507,43.0,42.9903,-0.3493,-0.3395,26.60918
1966.853,26.615,4.88,28.8,42.6567,43.0,42.9963,-0.3433,-0.3396,26.61183
1967.802,26.613,4.88,28.7,42.6629,43.0,43.0025,-0.3371,-0.3396,26.61174
1968.807,26.613,4.88,28.7,42.6695,43.0,43.0091,-0.3305,-0.3397,26.60961
1969.824,26.615,4.88,28.7,42.6761,43.0,43.016,-0.3239,-0.3399,26.60956
1970.848,26.613,4.88,28.8,42.6828,43.0,43.0226,-0.3172,-0.3399,26.61148
1971.879,26.613,4.88,28.7,42.6895,43.0,43.0294,-0.3105,-0.34,26.60953
1972.806,26.613,4.88,28.7,42.6955,43.0,43.0355,-0.3045,-0.34,26.60986
1973.817,26.615,4.88,28.7,42.7021,43.0,43.0423,-0.2979,-0.3402,26.60959
1974.843,26.615,4.88,28.7,42.7088,43.0,43.0491,-0.2912,-0.3403,26.61148
1975.865,26.616,4.88,28.7,42.7155,43.0,43.0559,-0.2845,-0.3404,26.61151
1976.805,26.615,4.88,28.7,42.7216,44.0,43.062,-1.2784,-0.3404,26.61276
1977.815,26.615,4.88,28.7,42.7282,44.0,43.0687,-1.2718,-0.3405,26.61156
1978.84,26.615,4.88,28.7,42.7348,44.0,43.0754,-1.2652,-0.3406,26.61151
1979.863,26.613,4.88,28.8,42.7415,44.0,43.0821,-1.2585,-0.3406,26.61152
1980.883,26.613,4.88,28.7,42.7482,44.0,43.0888,-1.2518,-0.3407,26.60958
1981.818,26.616,4.88,28.7,42.7543,44.0,43.0952,-1.2457,-0.3409,26.60985
1982.83,26.616,4.92,28.7,42.7609,44.0,43.1018,-1.2391,-0.3409,26.61341
1983.858,26.615,4.88,28.8,42.7676,44.0,43.1086,-1.2324,-0.341,26.61165
1984.878,26.612,4.88,28.7,42.7743,44.0,43.1153,-1.2257,-0.341,26.61154
1985.827,26.612,4.88,28.7,42.7804,44.0,43.1215,-1.2196,-0.3411,26.60885
1986.833,26.616,4.88,28.7,42.787,44.0,43.1284,-1.213,-0.3414,26.60865
1987.848,26.616,4.88,28.7,42.7936,44.0,43.1351,-1.2064,-0.3415,26.61252
1988.871,26.613,4.88,28.7,42.8003,44.0,43.1418,-1.1997,-0.3415,26.61252
1989.901,26.616,4.88,28.7,42.807,44.0,43.1487,-1.193,-0.3417,26.60958
1990.925,26.618,4.88,28.8,42.8137,44.0,43.1556,-1.1863,-0.3419,26.6125
1991.842,26.618,4.88,28.8,42.8196,44.0,43.1616,-1.1804,-0.342,26.61483
1992.865,26.616,4.88,28.7,42.8263,44.0,43.1683,-1.1737,-0.342,26.61449
1993.889,26.616,4.88,28.8,42.833,44.0,43.1751,-1.167,-0.3421,26.61254
1994.832,26.618,4.88,28.8,42.8391,44.0,43.1814,-1.1609,-0.3423,26.6128
1995.836,26.619,4.88,28.7,42.8457,44.0,43.188,-1.1543,-0.3424,26.61454
1996.865,26.613,4.88,28.8,42.8524,44.0,43.1947,-1.1476,-0.3423,26.61544
1997.883,26.613,4.88,28.8,42.859,44.0,43.2014,-1.141,-0.3424,26.60965
1998.907,26.616,4.88,28.8,42.8657,44.0,43.2084,-1.1343,-0.3427,26.60959
1999.847,26.616,4.88,28.8,42.8718,44.0,43.2145,-1.1282,-0.3427,26.61279
2000.853,26.618,4.92,28.8,42.8784,44.0,43.2213,-1.1216,-0.3429,26.61348
2001.875,26.619,4.92,28.8,42.8851,44.0,43.2281,-1.1149,-0.343,26.61453
2002.903,26.621,4.88,28.8,42.8918,44.0,43.2351,-1.1082,-0.3432,26.61461
2003.929,26.618,4.88,28.8,42.8985,44.0,43.2418,-1.1015,-0.3432,26.61741
2004.864,26.618,4.88,28.8,42.9046,44.0,43.2479,-1.0954,-0.3433,26.61482
2005.869,26.616,4.88,28.8,42.9112,44.0,43.2545,-1.0888,-0.3433,26.61457
2006.918,26.618,4.88,28.7,42.918,44.0,43.2615,-1.082,-0.3435,26.61247
2007.917,26.618,4.92,28.7,42.9246,44.0,43.2681,-1.0754,-0.3435,26.61545
2008.946,26.619,4.88,28.8,42.9313,44.0,43.275,-1.0687,-0.3437,26.61365
2009.975,26.621,4.88,28.8,42.938,44.0,43.2819,-1.062,-0.3439,26.61546
2010.888,26.621,4.88,28.8,42.9439,44.0,43.2879,-1.0561,-0.344,26.61781
2011.912,26.619,4.92,28.8,42.9507,44.0,43.2946,-1.0493,-0.344,26.61833
2012.936,26.619,4.84,28.7,42.9573,44.0,43.3014,-1.0427,-0.3442,26.61379
2013.959,26.619,4.88,28.8,42.964,44.0,43.3081,-1.036,-0.3442,26.61633
2014.896,26.619,4.88,28.8,42.9701,44.0,43.3143,-1.0299,-0.3443,26.61579
2015.909,26.621,4.88,28.8,42.9767,44.0,43.3211,-1.0233,-0.3444,26.61554
2016.936,26.618,4.84,28.7,42.9833,44.0,43.3278,-1.0167,-0.3445,26.61655
2017.963,26.618,4.84,28.7,42.9899,44.0,43.3345,-1.0101,-0.3445,26.61449
2018.981,26.619,4.88,28.7,42.9966,44.0,43.3412,-1.0034,-0.3446,26.61539
2019.909,26.621,4.88,28.8,43.0026,44.0,43.3474,-0.9974,-0.3448,26.61582
2020.93,26.619,4.88,28.7,43.0093,44.0,43.3541,-0.9907,-0.3448,26.61746
2021.951,26.619,4.92,28.8,43.016,44.0,43.3608,-0.984,-0.3448,26.61641
2022.976,26.619,4.88,28.8,43.0227,44.0,43.3676,-0.9773,-0.345,26.61466
2023.913,26.619,4.88,28.8,43.0288,44.0,43.3738,-0.9712,-0.345,26.61579
2024.924,26.619,4.92,28.7,43.0354,44.0,43.3805,-0.9646,-0.3451,26.61643
2025.943,26.619,4.92,28.8,43.0421,44.0,43.3873,-0.9579,-0.3451,26.61557
2026.965,26.621,4.88,28.8,43.0488,44.0,43.3942,-0.9512,-0.3454,26.61467
2027.992,26.621,4.92,28.8,43.0555,44.0,43.401,-0.9445,-0.3454,26.61832
2029.016,26.623,4.88,28.8,43.0622,44.0,43.4079,-0.9378,-0.3457,26.61664
2029.938,26.623,4.88,28.8,43.0682,44.0,43.414,-0.9318,-0.3458,26.61977
2030.959,26.618,4.84,28.8,43.0748,44.0,43.4206,-0.9252,-0.3458,26.61857
2031.991,26.621,4.88,28.8,43.0815,44.0,43.4275,-0.9185,-0.346,26.61538
2032.934,26.621,4.88,28.8,43.0877,44.0,43.4337,-0.9123,-0.346,26.61774
2033.94,26.621,4.88,28.7,43.0942,44.0,43.4403,-0.9058,-0.3461,26.61754
2034.957,26.621,4.92,28.7,43.1009,44.0,43.4471,-0.8991,-0.3461,26.61838
2035.982,26.623,4.88,28.8,43.1076,44.0,43.454,-0.8924,-0.3464,26.61664
2037.0,26.623,4.88,28.8,43.1142,44.0,43.4607,-0.8858,-0.3465,26.61945
2037.948,26.623,4.88,28.7,43.1204,44.0,43.467,-0.8796,-0.3465,26.61971
2038.947,26.623,4.88,28.7,43.1269,44.0,43.4735,-0.8731,-0.3466,26.61954
2039.976,26.624,4.88,28.7,43.1336,44.0,43.4804,-0.8664,-0.3468,26.61943
2040.994,26.623,4.92,28.8,43.1403,44.0,43.4871,-0.8597,-0.3468,26.62132
2042.024,26.621,4.88,28.7,43.147,44.0,43.4938,-0.853,-0.3468,26.6186
2042.951,26.621,4.88,28.7,43.1531,44.0,43.4999,-0.8469,-0.3469,26.61783
2043.974,26.621,4.84,28.7,43.1597,44.0,43.5067,-0.8403,-0.347,26.61663
2044.989,26.623,4.84,28.8,43.1662,44.0,43.5134,-0.8338,-0.3472,26.61749
2046.015,26.623,4.92,28.7,43.173,44.0,43.5202,-0.827,-0.3472,26.62116
2046.972,26.623,4.92,28.7,43.1793,44.0,43.5266,-0.8207,-0.3473,26.61973
2048.089,26.623,4.88,28.7,43.1866,44.0,43.534,-0.8134,-0.3474,26.61831
2049.091,26.621,4.88,28.7,43.1931,44.0,43.5405,-0.8069,-0.3474,26.61953
2050.009,26.621,4.88,28.7,43.1991,44.0,43.5466,-0.8009,-0.3475,26.61787
2051.03,26.624,4.88,28.7,43.2057,44.0,43.5535,-0.7943,-0.3478,26.61752
2051.964,26.624,4.92,28.7,43.2119,44.0,43.5597,-0.7881,-0.3478,26.62161
2052.985,26.626,4.92,28.7,43.2186,44.0,43.5666,-0.7814,-0.348,26.6205
2054.0,26.624,4.88,28.7,43.2252,44.0,43.5732,-0.7748,-0.348,26.62158
2055.031,26.624,4.88,28.8,43.2319,44.0,43.58,-0.7681,-0.3481,26.62043
2055.977,26.624,4.88,28.8,43.2381,44.0,43.5862,-0.7619,-0.3482,26.62072
2056.98,26.623,4.88,28.7,43.2446,44.0,43.5928,-0.7554,-0.3482,26.62053
2057.994,26.626,4.88,28.7,43.2512,44.0,43.5997,-0.7488,-0.3485,26.61952
2059.018,26.623,4.88,28.7,43.2579,44.0,43.6064,-0.7421,-0.3485,26.6224
2060.048,26.626,4.92,28.7,43.2647,44.0,43.6133,-0.7353,-0.3487,26.62035
2061.069,26.619,4.88,28.8,43.2713,44.0,43.62,-0.7287,-0.3486,26.62157
2061.995,26.619,4.88,28.8,43.2773,44.0,43.626,-0.7227,-0.3487,26.61593
2063.013,26.626,4.84,28.7,43.2839,44.0,43.6332,-0.7161,-0.3493,26.61471
2064.043,26.624,4.88,28.7,43.2906,44.0,43.6399,-0.7094,-0.3493,26.6232
2065.068,26.623,4.88,28.7,43.2973,44.0,43.6466,-0.7027,-0.3493,26.62048
2065.996,26.624,4.84,28.8,43.3033,44.0,43.6528,-0.6967,-0.3495,26.61894
2067.01,26.624,4.88,28.8,43.3099,44.0,43.6595,-0.6901,-0.3495,26.62134
2068.032,26.624,4.92,28.7,43.3166,44.0,43.6662,-0.6834,-0.3496,26.62136
2069.054,26.624,4.92,28.7,43.3234,44.0,43.673,-0.6766,-0.3497,26.62052
2070.007,26.624,4.88,28.7,43.3296,44.0,43.6793,-0.6704,-0.3498,26.61987
2071.001,26.626,4.92,28.7,43.3361,44.0,43.686,-0.6639,-0.3499,26.62145
2072.023,26.626,4.88,28.7,43.3428,44.0,43.6928,-0.6572,-0.35,26.62159
2073.046,26.627,4.92,28.8,43.3495,44.0,43.6996,-0.6505,-0.3501,26.62331
2074.075,26.627,4.88,28.8,43.3562,44.0,43.7064,-0.6438,-0.3502,26.62256
2075.017,26.627,4.88,28.8,43.3623,44.0,43.7126,-0.6377,-0.3503,26.6237
2076.018,26.627,4.88,28.7,43.3689,44.0,43.7192,-0.6311,-0.3504,26.6235
2077.045,26.629,4.88,28.8,43.3755,44.0,43.7261,-0.6245,-0.3506,26.62341
2078.065,26.629,4.88,28.7,43.3822,44.0,43.7329,-0.6178,-0.3507,26.62538
2079.089,26.629,4.88,28.8,43.3889,44.0,43.7396,-0.6111,-0.3507,26.62538
2080.022,26.627,4.84,28.8,43.3949,44.0,43.7457,-0.6051,-0.3508,26.62483
2081.141,26.627,4.88,28.8,43.4022,44.0,43.753,-0.5978,-0.3508,26.62395
2082.062,26.627,4.88,28.8,43.4082,44.0,43.7591,-0.5918,-0.3509,26.62379
2083.088,26.626,4.88,28.8,43.4149,44.0,43.7658,-0.5851,-0.3509,26.62343
2084.033,26.627,4.88,28.8,43.421,44.0,43.7721,-0.579,-0.3511,26.62273
2085.042,26.626,4.88,28.7,43.4276,44.0,43.7787,-0.5724,-0.3511,26.62348
2086.057,26.629,4.92,28.7,43.4343,44.0,43.7856,-0.5657,-0.3513,26.62337
2087.082,26.629,4.84,28.8,43.4409,44.0,43.7924,-0.5591,-0.3515,26.62366
2088.104,26.629,4.84,28.8,43.4475,44.0,43.7991,-0.5525,-0.3516,26.62536
2089.047,26.627,4.88,28.8,43.4537,44.0,43.8052,-0.5463,-0.3516,26.62652
2090.046,26.629,4.88,28.8,43.4602,44.0,43.8119,-0.5398,-0.3518,26.62355
2091.076,26.633,4.92,28.8,43.4669,44.0,43.819,-0.5331,-0.3521,26.62624
2092.097,26.627,4.92,28.7,43.4737,44.0,43.8257,-0.5263,-0.352,26.62935
2093.125,26.629,4.88,28.8,43.4804,44.0,43.8326,-0.5196,-0.3523,26.62263
2094.047,26.629,4.88,28.8,43.4864,44.0,43.8387,-0.5136,-0.3524,26.62574
2095.072,26.626,4.88,28.8,43.493,44.0,43.8454,-0.507,-0.3524,26.62541
2096.093,26.627,4.88,28.8,43.4997,44.0,43.8522,-0.5003,-0.3525,26.6225
2097.115,26.629,4.88,28.7,43.5064,44.0,43.859,-0.4936,-0.3527,26.62345
2098.052,26.63,4.88,28.7,43.5125,44.0,43.8653,-0.4875,-0.3528,26.6257
2099.066,26.629,4.88,28.8,43.5191,44.0,43.8719,-0.4809,-0.3528,26.62642
2100.194,26.63,4.88,28.8,43.5264,44.0,43.8794,-0.4736,-0.353,26.62507
2101.109,26.63,4.88,28.8,43.5324,44.0,43.8855,-0.4676,-0.3531,26.62676
2102.138,26.63,4.92,28.7,43.5392,44.0,43.8923,-0.4608,-0.3531,26.62726
2103.062,26.63,4.92,28.8,43.5452,44.0,43.8984,-0.4548,-0.3532,26.62678
2104.075,26.629,4.88,28.8,43.5518,44.0,43.9051,-0.4482,-0.3533,26.6256
2105.103,26.63,4.92,28.8,43.5586,44.0,43.9119,-0.4414,-0.3533,26.62628
2106.138,26.63,4.84,28.8,43.5653,44.0,43.9188,-0.4347,-0.3535,26.62465
2107.07,26.63,4.84,28.8,43.5713,44.0,43.9249,-0.4287,-0.3536,26.62668
2108.069,26.633,4.92,28.8,43.5779,44.0,43.9316,-0.4221,-0.3538,26.62821
2109.1,26.633,4.88,28.8,43.5846,44.0,43.9385,-0.4154,-0.3539,26.62848
2110.121,26.63,4.88,28.8,43.5912,44.0,43.9451,-0.4088,-0.3539,26.62935
2111.148,26.627,4.88,28.8,43.5979,44.0,43.9518,-0.4021,-0.3539,26.62642
2112.168,26.629,4.88,28.8,43.6046,44.0,43.9587,-0.3954,-0.3541,26.62351
2113.089,26.629,4.88,28.8,43.6106,44.0,43.9647,-0.3894,-0.3542,26.62578
2114.113,26.63,4.88,28.8,43.6173,44.0,43.9715,-0.3827,-0.3543,26.62544
2115.143,26.632,4.88,28.8,43.624,44.0,43.9785,-0.376,-0.3545,26.62639
2116.081,26.632,4.88,28.8,43.6301,44.0,43.9846,-0.3699,-0.3546,26.62866
2117.082,26.632,4.88,28.7,43.6366,44.0,43.9912,-0.3634,-0.3546,26.62846
2118.109,26.63,4.88,28.8,43.6433,44.0,43.998,-0.3567,-0.3547,26.62837
2119.141,26.635,4.88,28.8,43.65,44.0,44.0051,-0.35,-0.3551,26.62641
2120.155,26.635,4.88,28.8,43.6566,44.0,44.0118,-0.3434,-0.3552,26.63133
2121.09,26.632,4.92,28.8,43.6628,44.0,44.018,-0.3372,-0.3552,26.63251
2122.103,26.633,4.92,28.8,43.6694,44.0,44.0248,-0.3306,-0.3553,26.62849
2123.125,26.63,4.92,28.8,43.6761,44.0,44.0315,-0.3239,-0.3553,26.6294
2124.149,26.63,4.88,28.8,43.6828,44.0,44.0383,-0.3172,-0.3555,26.62561
2125.18,26.632,4.88,28.8,43.6895,45.0,44.0452,-1.3105,-0.3557,26.6264
2126.101,26.632,4.88,28.8,43.6955,45.0,44.0513,-1.3045,-0.3557,26.62874
2127.117,26.635,4.88,28.8,43.7022,45.0,44.0582,-1.2978,-0.356,26.62842
2128.14,26.632,4.88,28.8,43.7088,45.0,44.0648,-1.2912,-0.356,26.63132
2129.168,26.636,4.92,28.8,43.7156,45.0,44.0719,-1.2844,-0.3563,26.62928
2130.108,26.633,4.84,28.8,43.7217,45.0,44.078,-1.2783,-0.3563,26.63088
2131.121,26.633,4.92,28.7,43.7283,45.0,44.0847,-1.2717,-0.3564,26.63114
2132.242,26.633,4.92,28.8,43.7357,45.0,44.0921,-1.2643,-0.3565,26.62909
2133.157,26.633,4.92,28.8,43.7417,45.0,44.0982,-1.2583,-0.3565,26.62979
2134.186,26.635,4.88,28.8,43.7484,45.0,44.1052,-1.2516,-0.3568,26.62853
2135.115,26.635,4.88,28.8,43.7545,45.0,44.1113,-1.2455,-0.3569,26.63166
2136.129,26.633,4.92,28.8,43.7611,45.0,44.118,-1.2389,-0.3569,26.63226
2137.162,26.638,4.88,28.8,43.7679,45.0,44.1252,-1.2321,-0.3574,26.62854
2138.18,26.636,4.92,28.8,43.7745,45.0,44.1319,-1.2255,-0.3574,26.63515
2139.202,26.636,4.92,28.8,43.7813,45.0,44.1387,-1.2187,-0.3575,26.63239
2140.129,26.633,4.88,28.8,43.7873,45.0,44.1448,-1.2127,-0.3575,26.63183
2141.146,26.633,4.88,28.8,43.7939,45.0,44.1515,-1.2061,-0.3575,26.62944
2142.177,26.636,4.92,28.8,43.8007,45.0,44.1585,-1.1993,-0.3578,26.63024
2143.193,26.636,4.88,28.8,43.8073,45.0,44.1652,-1.1927,-0.3579,26.63151
2144.22,26.636,4.92,28.8,43.8141,45.0,44.172,-1.1859,-0.3579,26.63319
2145.143,26.636,4.92,28.8,43.8201,45.0,44.1782,-1.1799,-0.358,26.63273
2146.165,26.635,4.88,28.8,43.8268,45.0,44.1849,-1.1732,-0.3581,26.63151
2147.191,26.638,4.92,28.8,43.8335,45.0,44.1919,-1.1665,-0.3583,26.63223
2148.216,26.636,4.88,28.8,43.8402,45.0,44.1986,-1.1598,-0.3584,26.63345
2149.148,26.638,4.88,28.8,43.8463,45.0,44.2048,-1.1537,-0.3585,26.63267
2150.161,26.635,4.92,28.8,43.853,45.0,44.2115,-1.147,-0.3585,26.63521
2151.286,26.635,4.88,28.7,43.8603,45.0,44.219,-1.1397,-0.3587,26.63021
2152.207,26.635,4.88,28.7,43.8663,45.0,44.2251,-1.1337,-0.3588,26.63172
2153.23,26.635,4.92,28.8,43.873,45.0,44.2318,-1.127,-0.3588,26.63225
2154.163,26.636,4.92,28.8,43.8791,45.0,44.2381,-1.1209,-0.3589,26.63173
2155.174,26.633,4.88,28.8,43.8857,45.0,44.2447,-1.1143,-0.3589,26.63156
2156.203,26.638,4.88,28.8,43.8924,45.0,44.2518,-1.1076,-0.3594,26.62941
2157.228,26.636,4.88,28.8,43.8991,45.0,44.2585,-1.1009,-0.3594,26.63428
2158.169,26.636,4.88,28.8,43.9053,45.0,44.2647,-1.0947,-0.3595,26.63266
2159.175,26.636,4.88,28.8,43.9118,45.0,44.2714,-1.0882,-0.3596,26.63243
2160.193,26.638,4.88,28.8,43.9184,45.0,44.2782,-1.0816,-0.3598,26.63238
2161.223,26.638,4.88,28.8,43.9252,45.0,44.285,-1.0748,-0.3599,26.63429
2162.242,26.638,4.88,28.8,43.9318,45.0,44.2918,-1.0682,-0.36,26.63434
2163.185,26.636,4.92,28.8,43.938,45.0,44.298,-1.062,-0.36,26.63548
2164.192,26.636,4.92,28.8,43.9446,45.0,44.3047,-1.0554,-0.36,26.63248
2165.219,26.638,4.88,28.8,43.9513,45.0,44.3116,-1.0487,-0.3603,26.63152
2166.235,26.636,4.88,28.8,43.9579,45.0,44.3183,-1.0421,-0.3603,26.63434
2167.258,26.638,4.88,28.8,43.9646,45.0,44.3251,-1.0354,-0.3605,26.63239
2168.194,26.638,4.88,28.8,43.9707,45.0,44.3313,-1.0293,-0.3606,26.63463
2169.224,26.638,4.88,28.8,43.9774,45.0,44.3381,-1.0226,-0.3607,26.63432
2170.232,26.638,4.88,28.8,43.984,45.0,44.3448,-1.016,-0.3608,26.63439
2171.254,26.638,4.88,28.8,43.9906,45.0,44.3515,-1.0094,-0.3609,26.63434
2172.199,26.639,4.88,28.8,43.9968,45.0,44.3578,-1.0032,-0.361,26.63462
2173.206,26.638,4.88,28.8,44.0034,45.0,44.3644,-0.9966,-0.3611,26.63538
2174.223,26.638,4.88,28.8,44.01,45.0,44.3711,-0.99,-0.3611,26.63437
2175.247,26.638,4.88,28.8,44.0167,45.0,44.3779,-0.9833,-0.3612,26.63434
2176.274,26.638,4.88,28.8,44.0234,45.0,44.3847,-0.9766,-0.3613,26.63433
2177.219,26.638,4.88,28.8,44.0295,45.0,44.3909,-0.9705,-0.3614,26.63462
2178.219,26.638,4.88,28.8,44.036,45.0,44.3975,-0.964,-0.3615,26.63443
2179.251,26.641,4.88,28.8,44.0428,45.0,44.4045,-0.9572,-0.3618,26.63432
2180.264,26.638,4.88,28.8,44.0494,45.0,44.4111,-0.9506,-0.3618,26.63731
2181.289,26.638,4.84,28.8,44.056,45.0,44.4179,-0.944,-0.3619,26.6335
2182.227,26.639,4.92,28.8,44.0622,45.0,44.4241,-0.9378,-0.362,26.63635
2183.343,26.638,4.88,28.8,44.0694,45.0,44.4315,-0.9306,-0.362,26.63418
2184.261,26.638,4.88,28.8,44.0754,45.0,44.4375,-0.9246,-0.3621,26.63473
2185.281,26.638,4.88,28.8,44.0821,45.0,44.4443,-0.9179,-0.3622,26.63437
2186.234,26.638,4.88,28.8,44.0883,45.0,44.4505,-0.9117,-0.3623,26.63461
2187.243,26.639,4.84,28.8,44.0948,45.0,44.4573,-0.9052,-0.3625,26.63355
2188.256,26.636,4.88,28.8,44.1014,45.0,44.4639,-0.8986,-0.3625,26.63621
2189.279,26.639,4.92,28.8,44.1081,45.0,44.4708,-0.8919,-0.3627,26.6333
2190.301,26.639,4.92,28.8,44.1148,45.0,44.4776,-0.8852,-0.3628,26.63537
2191.242,26.639,4.88,28.8,44.121,45.0,44.4839,-0.879,-0.3629,26.6348
2192.247,26.638,4.92,28.8,44.1276,45.0,44.4905,-0.8724,-0.3629,26.63628
2193.269,26.639,4.88,28.8,44.1342,45.0,44.4973,-0.8658,-0.3631,26.63355
2194.293,26.638,4.88,28.8,44.1409,45.0,44.5041,-0.8591,-0.3632,26.63534
2195.325,26.638,4.92,28.8,44.1477,45.0,44.5109,-0.8523,-0.3632,26.63522
2196.27,26.638,4.92,28.8,44.1539,45.0,44.5172,-0.8461,-0.3633,26.63469
2197.262,26.638,4.88,28.8,44.1604,45.0,44.5238,-0.8396,-0.3634,26.63365
2198.289,26.641,4.88,28.8,44.1671,45.0,44.5307,-0.8329,-0.3637,26.63436
2199.316,26.639,4.88,28.8,44.1737,45.0,44.5375,-0.8263,-0.3637,26.63729
2200.264,26.639,4.92,28.8,44.18,45.0,44.5437,-0.82,-0.3638,26.63651
2201.266,26.638,4.88,28.8,44.1865,45.0,44.5503,-0.8135,-0.3638,26.63461
2202.288,26.641,4.92,28.8,44.1932,45.0,44.5573,-0.8068,-0.364,26.63526
2203.306,26.641,4.92,28.8,44.1999,45.0,44.564,-0.8001,-0.3641,26.63736
2204.328,26.639,4.88,28.8,44.2066,45.0,44.5707,-0.7934,-0.3642,26.6365
2205.272,26.642,4.84,28.8,44.2127,45.0,44.5772,-0.7873,-0.3645,26.63479
2206.281,26.641,4.92,28.8,44.2193,45.0,44.5838,-0.7807,-0.3645,26.64004
2207.301,26.641,4.88,28.8,44.2259,45.0,44.5906,-0.7741,-0.3646,26.63653
2208.336,26.641,4.88,28.8,44.2327,45.0,44.5974,-0.7673,-0.3647,26.63729
2209.348,26.641,4.88,28.8,44.2393,45.0,44.6041,-0.7607,-0.3648,26.63737
2210.28,26.639,4.88,28.8,44.2454,45.0,44.6102,-0.7546,-0.3648,26.63766
2211.297,26.641,4.88,28.8,44.252,45.0,44.617,-0.748,-0.365,26.63542
2212.32,26.642,4.96,28.8,44.2588,45.0,44.6238,-0.7412,-0.3651,26.63906
2213.345,26.639,4.88,28.8,44.2655,45.0,44.6305,-0.7345,-0.3651,26.63665
2214.288,26.644,4.88,28.8,44.2716,45.0,44.6371,-0.7284,-0.3655,26.63567
2215.392,26.641,4.88,28.8,44.2788,45.0,44.6443,-0.7212,-0.3655,26.63996
2216.311,26.641,4.88,28.8,44.2848,45.0,44.6504,-0.7152,-0.3656,26.63773
2217.34,26.641,4.88,28.8,44.2915,45.0,44.6571,-0.7085,-0.3657,26.63733
2218.361,26.644,4.84,28.8,44.2981,45.0,44.6641,-0.7019,-0.366,26.63649
2219.296,26.644,4.92,28.8,44.3042,45.0,44.6703,-0.6958,-0.366,26.64228
2220.308,26.642,4.88,28.8,44.3108,45.0,44.6769,-0.6892,-0.3661,26.63951
2221.332,26.642,4.88,28.8,44.3175,45.0,44.6836,-0.6825,-0.3661,26.63834
2222.354,26.642,4.88,28.8,44.3242,45.0,44.6904,-0.6758,-0.3662,26.63834
2223.383,26.644,4.88,28.8,44.3309,45.0,44.6973,-0.6691,-0.3664,26.63831
2224.313,26.642,4.92,28.8,44.337,45.0,44.7034,-0.663,-0.3664,26.64148
2225.323,26.641,4.92,28.8,44.3436,45.0,44.7101,-0.6564,-0.3665,26.63844
2226.347,26.641,4.84,28.8,44.3502,45.0,44.7169,-0.6498,-0.3666,26.63566
2227.374,26.642,4.88,28.8,44.3569,45.0,44.7236,-0.6431,-0.3667,26.63817
2228.323,26.642,4.88,28.8,44.3631,45.0,44.7299,-0.6369,-0.3668,26.6386
2229.336,26.644,4.88,28.8,44.3697,45.0,44.7367,-0.6303,-0.367,26.63838
2230.342,26.647,4.84,28.8,44.3762,45.0,44.7435,-0.6238,-0.3673,26.63948
2231.364,26.642,4.88,28.8,44.3829,45.0,44.7502,-0.6171,-0.3673,26.64405
2232.393,26.645,4.88,28.8,44.3896,45.0,44.7571,-0.6104,-0.3675,26.63837
2233.331,26.645,4.92,28.8,44.3958,45.0,44.7633,-0.6042,-0.3676,26.64243
2234.438,26.644,4.96,28.8,44.4031,45.0,44.7707,-0.5969,-0.3676,26.6419
2235.36,26.644,4.96,28.8,44.4092,45.0,44.7768,-0.5908,-0.3676,26.64074
2236.382,26.644,4.88,28.8,44.4159,45.0,44.7837,-0.5841,-0.3678,26.63865
2237.415,26.645,4.92,28.8,44.4226,45.0,44.7905,-0.5774,-0.3679,26.64113
2238.347,26.645,4.88,28.8,44.4287,45.0,44.7967,-0.5713,-0.368,26.64078
2239.35,26.645,4.88,28.8,44.4353,45.0,44.8033,-0.5647,-0.3681,26.64136
2240.381,26.645,4.92,28.8,44.442,45.0,44.8101,-0.558,-0.3681,26.64213
2241.4,26.645,4.92,28.8,44.4487,45.0,44.8169,-0.5513,-0.3682,26.64135
2242.352,26.644,4.92,28.8,44.455,45.0,44.8232,-0.545,-0.3682,26.64158
2243.354,26.645,4.88,28.8,44.4615,45.0,44.8299,-0.5385,-0.3684,26.63957
2244.432,26.647,4.88,28.8,44.4685,45.0,44.8371,-0.5315,-0.3686,26.64109
2245.394,26.647,4.88,28.8,44.4748,45.0,44.8435,-0.5252,-0.3686,26.64346
2246.421,26.645,4.92,28.8,44.4816,45.0,44.8502,-0.5184,-0.3687,26.64412
2247.444,26.648,4.88,28.8,44.4882,45.0,44.8572,-0.5118,-0.369,26.6405
2248.371,26.648,4.88,28.8,44.4943,45.0,44.8633,-0.5057,-0.369,26.64456
2249.386,26.642,4.92,28.8,44.5009,45.0,44.8699,-0.4991,-0.369,26.64514
2250.413,26.647,4.88,28.8,44.5076,45.0,44.877,-0.4924,-0.3694,26.63758
2251.446,26.645,4.88,28.8,44.5144,45.0,44.8838,-0.4856,-0.3694,26.64319
2252.376,26.644,4.84,28.8,44.5204,45.0,44.8898,-0.4796,-0.3695,26.64079
2253.386,26.645,4.92,28.8,44.527,45.0,44.8965,-0.473,-0.3695,26.64208
2254.405,26.645,4.92,28.8,44.5337,45.0,44.9033,-0.4663,-0.3696,26.64137
2255.428,26.642,4.92,28.8,44.5404,45.0,44.91,-0.4596,-0.3696,26.64135
2256.452,26.644,4.88,28.8,44.5471,45.0,44.9169,-0.4529,-0.3698,26.63757
2257.391,26.647,4.88,28.8,44.5532,45.0,44.9232,-0.4468,-0.37,26.64061
2258.399,26.645,4.92,28.8,44.5598,45.0,44.9298,-0.4402,-0.37,26.64418
2259.422,26.645,4.92,28.8,44.5666,45.0,44.9366,-0.4334,-0.3701,26.64138
2260.447,26.645,4.92,28.8,44.5733,45.0,44.9434,-0.4267,-0.3701,26.64135
2261.472,26.644,4.92,28.8,44.58,45.0,44.9502,-0.42,-0.3702,26.64135
2262.403,26.645,4.92,28.8,44.5862,45.0,44.9564,-0.4138,-0.3703,26.64071
2263.417,26.648,4.92,28.8,44.5928,45.0,44.9633,-0.4072,-0.3705,26.64139
2264.44,26.644,4.88,28.8,44.5995,45.0,44.97,-0.4005,-0.3705,26.64341
2265.465,26.647,4.88,28.8,44.6062,45.0,44.9769,-0.3938,-0.3707,26.64037
2266.494,26.647,5.0,28.8,44.613,45.0,44.9838,-0.387,-0.3707,26.64584
2267.431,26.647,5.0,28.8,44.6193,45.0,44.9901,-0.3807,-0.3708,26.64371
2268.434,26.647,4.88,28.8,44.6258,45.0,44.9968,-0.3742,-0.371,26.64087
2269.463,26.648,4.88,28.8,44.6325,45.0,45.0036,-0.3675,-0.3711,26.64323
2270.484,26.648,4.92,28.8,44.6392,45.0,45.0104,-0.3608,-0.3711,26.64509
2271.433,26.647,4.88,28.8,44.6454,45.0,45.0166,-0.3546,-0.3712,26.64367
2272.532,26.648,4.88,28.8,44.6526,46.0,45.0239,-1.3474,-0.3713,26.64298
2273.453,26.648,4.88,28.8,44.6586,46.0,45.03,-1.3414,-0.3714,26.64459
2274.475,26.647,4.84,28.8,44.6652,46.0,45.0366,-1.3348,-0.3714,26.64338
2275.499,26.648,4.84,28.8,44.6718,46.0,45.0434,-1.3282,-0.3715,26.64322
2276.446,26.65,4.92,28.8,44.678,46.0,45.0496,-1.322,-0.3716,26.64619
2277.451,26.647,4.92,28.8,44.6846,46.0,45.0563,-1.3154,-0.3716,26.64629
2278.476,26.648,4.88,28.8,44.6913,46.0,45.0631,-1.3087,-0.3718,26.64244
2279.595,26.647,4.92,28.8,44.6987,46.0,45.0705,-1.3013,-0.3718,26.64474
2280.518,26.647,4.92,28.8,44.7047,46.0,45.0766,-1.2953,-0.3718,26.64366
2281.46,26.65,4.88,28.8,44.7109,46.0,45.083,-1.2891,-0.3721,26.64272
2282.466,26.65,4.84,28.8,44.7174,46.0,45.0896,-1.2826,-0.3722,26.64536
2283.492,26.648,4.88,28.8,44.7241,46.0,45.0963,-1.2759,-0.3722,26.64701
2284.51,26.645,4.92,28.8,44.7308,46.0,45.1029,-1.2692,-0.3722,26.64514
2285.541,26.648,4.92,28.8,44.7375,46.0,45.1099,-1.2625,-0.3724,26.64134
2286.477,26.648,4.92,28.8,44.7437,46.0,45.1161,-1.2563,-0.3724,26.64455
2287.485,26.648,4.92,28.8,44.7503,46.0,45.1228,-1.2497,-0.3725,26.64433
2288.505,26.648,4.92,28.8,44.757,46.0,45.1296,-1.243,-0.3726,26.64428
2289.531,26.648,4.88,28.8,44.7637,46.0,45.1364,-1.2363,-0.3727,26.6434
2290.473,26.65,4.88,28.8,44.7698,46.0,45.1426,-1.2302,-0.3728,26.64452
2291.481,26.648,4.92,28.8,44.7765,46.0,45.1493,-1.2235,-0.3728,26.6471
2292.499,26.648,4.92,28.8,44.7832,46.0,45.156,-1.2168,-0.3729,26.64432
2293.523,26.65,4.88,28.8,44.7898,46.0,45.1629,-1.2102,-0.3731,26.64341
2294.549,26.651,4.92,28.8,44.7966,46.0,45.1697,-1.2034,-0.3731,26.64702
2295.48,26.651,4.92,28.8,44.8027,46.0,45.1759,-1.1973,-0.3732,26.64754
2296.498,26.653,4.88,28.8,44.8093,46.0,45.1827,-1.1907,-0.3734,26.64637
2297.517,26.651,4.88,28.8,44.816,46.0,45.1893,-1.184,-0.3734,26.64913
2298.555,26.647,4.92,28.8,44.8228,46.0,45.1962,-1.1772,-0.3734,26.64801
2299.493,26.647,4.92,28.8,44.8289,46.0,45.2024,-1.1711,-0.3734,26.64365
2300.494,26.653,4.88,28.8,44.8355,46.0,45.2093,-1.1645,-0.3738,26.64252
2301.512,26.654,4.92,28.8,44.8422,46.0,45.216,-1.1578,-0.3739,26.64995
2302.539,26.654,4.92,28.8,44.8489,46.0,45.2228,-1.1511,-0.3739,26.65014
2303.562,26.65,4.88,28.8,44.8556,46.0,45.2295,-1.1444,-0.3739,26.64929
2304.591,26.651,4.84,28.8,44.8622,46.0,45.2363,-1.1378,-0.3741,26.64535
2305.507,26.651,4.84,28.8,44.8682,46.0,45.2423,-1.1318,-0.3741,26.64752
2306.529,26.648,4.92,28.8,44.8749,46.0,45.249,-1.1251,-0.3741,26.64888
2307.556,26.654,4.88,28.8,44.8816,46.0,45.256,-1.1184,-0.3745,26.64345
2308.576,26.653,4.88,28.8,44.8882,46.0,45.2627,-1.1118,-0.3745,26.65006
2309.509,26.651,4.88,28.8,44.8943,46.0,45.2688,-1.1057,-0.3745,26.64948
2310.527,26.653,4.88,28.8,44.9009,46.0,45.2756,-1.0991,-0.3746,26.64723
2311.655,26.653,4.92,28.8,44.9083,46.0,45.283,-1.0917,-0.3747,26.6496
2312.571,26.653,4.92,28.8,44.9144,46.0,45.2891,-1.0856,-0.3747,26.64957
2313.63,26.654,4.92,28.8,44.9213,46.0,45.2961,-1.0787,-0.3748,26.64905
2314.535,26.654,4.88,28.8,44.9272,46.0,45.3021,-1.0728,-0.3749,26.64972
2315.543,26.653,4.88,28.8,44.9338,46.0,45.3087,-1.0662,-0.3749,26.65018
2316.565,26.651,4.92,28.8,44.9405,46.0,45.3154,-1.0595,-0.3749,26.65002
2317.591,26.651,4.88,28.8,44.9472,46.0,45.3222,-1.0528,-0.375,26.64638
2318.616,26.651,4.88,28.8,44.9539,46.0,45.3289,-1.0461,-0.3751,26.64717
2319.547,26.651,4.92,28.8,44.96,46.0,45.3351,-1.04,-0.3751,26.64838
2320.566,26.653,4.88,28.8,44.9666,46.0,45.3419,-1.0334,-0.3753,26.64639
2321.585,26.654,4.92,28.8,44.9733,46.0,45.3486,-1.0267,-0.3753,26.64999
2322.606,26.654,4.92,28.8,44.98,46.0,45.3554,-1.02,-0.3754,26.65017
2323.633,26.653,4.84,28.8,44.9867,46.0,45.3621,-1.0133,-0.3755,26.64842
2324.554,26.653,4.84,28.8,44.9926,46.0,45.3681,-1.0074,-0.3755,26.64949
2325.576,26.653,4.92,28.8,44.9993,46.0,45.3749,-1.0007,-0.3755,26.65085
2326.61,26.653,4.88,28.8,45.0061,46.0,45.3817,-0.9939,-0.3756,26.6483
2327.628,26.653,4.88,28.8,45.0127,46.0,45.3884,-0.9873,-0.3757,26.64916
2328.562,26.654,4.88,28.8,45.0188,46.0,45.3945,-0.9812,-0.3757,26.64948
2329.572,26.656,4.88,28.8,45.0254,46.0,45.4012,-0.9746,-0.3759,26.65017
2330.597,26.653,4.92,28.8,45.0321,46.0,45.408,-0.9679,-0.3759,26.65292
2331.617,26.653,4.92,28.8,45.0388,46.0,45.4147,-0.9612,-0.3759,26.64924
2332.663,26.654,4.92,28.8,45.0457,46.0,45.4217,-0.9543,-0.376,26.6491
2333.577,26.65,4.92,28.8,45.0517,46.0,45.4277,-0.9483,-0.376,26.65055
2334.621,26.654,4.88,28.8,45.0585,46.0,45.4347,-0.9415,-0.3762,26.64536
2335.614,26.654,4.92,28.8,45.065,46.0,45.4413,-0.935,-0.3763,26.65104
2336.641,26.656,4.92,28.8,45.0718,46.0,45.4482,-0.9282,-0.3764,26.65016
2337.576,26.656,4.92,28.8,45.0779,46.0,45.4543,-0.9221,-0.3764,26.65242
2338.581,26.654,4.92,28.8,45.0845,46.0,45.461,-0.9155,-0.3764,26.65219
2339.606,26.653,4.92,28.8,45.0913,46.0,45.4677,-0.9087,-0.3765,26.65018
2340.631,26.654,4.88,28.8,45.0979,46.0,45.4745,-0.9021,-0.3766,26.64833
2341.657,26.653,4.88,28.8,45.1046,46.0,45.4812,-0.8954,-0.3766,26.6501
2342.581,26.654,4.88,28.8,45.1106,46.0,45.4873,-0.8894,-0.3767,26.64953
2343.706,26.654,4.88,28.8,45.118,46.0,45.4947,-0.882,-0.3767,26.64975
2344.622,26.654,4.88,28.8,45.1239,46.0,45.5007,-0.8761,-0.3768,26.65052
2345.649,26.651,4.88,28.8,45.1306,46.0,45.5074,-0.8694,-0.3768,26.65012
2346.589,26.654,4.92,28.8,45.1368,46.0,45.5137,-0.8632,-0.3769,26.6484
2347.592,26.654,4.92,28.8,45.1434,46.0,45.5203,-0.8566,-0.3769,26.65022
2348.616,26.654,4.96,28.8,45.1502,46.0,45.5271,-0.8498,-0.3769,26.65103
2349.648,26.654,4.92,28.8,45.157,46.0,45.534,-0.843,-0.377,26.64932
2350.664,26.654,4.92,28.8,45.1637,46.0,45.5407,-0.8363,-0.3771,26.65018
2351.602,26.656,4.92,28.8,45.1698,46.0,45.547,-0.8302,-0.3772,26.65048
2352.613,26.653,4.88,28.8,45.1764,46.0,45.5536,-0.8236,-0.3772,26.65129
2353.634,26.656,4.88,28.8,45.1831,46.0,45.5604,-0.8169,-0.3773,26.64919
2354.658,26.654,4.88,28.8,45.1897,46.0,45.5671,-0.8103,-0.3773,26.65205
2355.716,26.656,4.92,28.8,45.1967,46.0,45.5741,-0.8033,-0.3774,26.6509
2356.615,26.656,4.92,28.8,45.2026,46.0,45.5801,-0.7974,-0.3775,26.65257
2357.629,26.654,4.88,28.8,45.2092,46.0,45.5867,-0.7908,-0.3775,26.65131
2358.654,26.656,4.88,28.8,45.2159,46.0,45.5935,-0.7841,-0.3776,26.65015
2359.676,26.656,4.92,28.8,45.2226,46.0,45.6002,-0.7774,-0.3776,26.65294
2360.611,26.653,4.92,28.8,45.2287,46.0,45.6064,-0.7713,-0.3776,26.65247
2361.627,26.654,4.88,28.8,45.2354,46.0,45.6131,-0.7646,-0.3777,26.64841
2362.65,26.654,4.92,28.8,45.2421,46.0,45.6198,-0.7579,-0.3778,26.65098
2363.674,26.654,4.92,28.8,45.2488,46.0,45.6266,-0.7512,-0.3778,26.65018
2364.619,26.656,4.88,28.8,45.255,46.0,45.6329,-0.745,-0.378,26.6496
2365.625,26.654,4.88,28.8,45.2615,46.0,45.6395,-0.7385,-0.378,26.65213
2366.638,26.656,4.88,28.8,45.2681,46.0,45.6462,-0.7319,-0.3781,26.65021
2367.663,26.654,4.88,28.8,45.2748,46.0,45.6529,-0.7252,-0.3781,26.65207
2368.7,26.656,4.92,28.8,45.2816,46.0,45.6598,-0.7184,-0.3782,26.65098
2369.634,26.656,4.92,28.8,45.2878,46.0,45.666,-0.7122,-0.3782,26.65245
2370.634,26.656,4.92,28.8,45.2943,46.0,45.6726,-0.7057,-0.3783,26.65223
2371.661,26.659,4.92,28.8,45.3011,46.0,45.6795,-0.6989,-0.3784,26.65213
2372.684,26.656,4.92,28.8,45.3078,46.0,45.6862,-0.6922,-0.3784,26.65504
2373.71,26.654,4.88,28.8,45.3145,46.0,45.6929,-0.6855,-0.3784,26.65131
2374.736,26.654,4.88,28.8,45.3212,46.0,45.6997,-0.6788,-0.3785,26.65016
2375.759,26.657,4.92,28.8,45.3279,46.0,45.7065,-0.6721,-0.3786,26.65101
2376.681,26.657,4.92,28.8,45.334,46.0,45.7126,-0.666,-0.3787,26.65347
2377.699,26.656,4.88,28.8,45.3406,46.0,45.7193,-0.6594,-0.3787,26.65229
2378.723,26.654,4.88,28.8,45.3473,46.0,45.726,-0.6527,-0.3787,26.65211
2379.657,26.657,4.88,28.8,45.3534,46.0,45.7322,-0.6466,-0.3789,26.65051
2380.673,26.657,4.88,28.8,45.36,46.0,45.7389,-0.64,-0.3789,26.65308
2381.701,26.656,4.88,28.8,45.3667,46.0,45.7456,-0.6333,-0.3789,26.65307
2382.717,26.656,4.88,28.8,45.3733,46.0,45.7523,-0.6267,-0.379,26.65215
2383.746,26.657,4.92,28.8,45.3801,46.0,45.7591,-0.6199,-0.379,26.65295
2384.679,26.659,4.88,28.8,45.3861,46.0,45.7653,-0.6139,-0.3792,26.6526
2385.69,26.661,4.88,28.8,45.3927,46.0,45.772,-0.6073,-0.3793,26.65507
2386.711,26.656,4.88,28.8,45.3994,46.0,45.7787,-0.6006,-0.3793,26.65699
2387.737,26.659,4.88,28.8,45.4061,46.0,45.7855,-0.5939,-0.3794,26.65217
2388.684,26.659,4.88,28.8,45.4122,46.0,45.7917,-0.5878,-0.3795,26.6553
2389.7,26.661,4.92,28.9,45.4189,46.0,45.7985,-0.5811,-0.3796,26.65594
2390.704,26.661,4.92,28.8,45.4255,46.0,45.8051,-0.5745,-0.3796,26.6571
2391.727,26.659,4.88,28.8,45.4322,46.0,45.8118,-0.5678,-0.3797,26.65619
2392.753,26.662,4.88,28.8,45.4389,46.0,45.8187,-0.5611,-0.3798,26.65506
2393.692,26.661,4.92,28.8,45.445,46.0,45.8249,-0.555,-0.3798,26.65913
2394.805,26.661,4.88,28.8,45.4523,46.0,45.8322,-0.5477,-0.3799,26.65588
2395.726,26.661,4.88,28.8,45.4583,46.0,45.8383,-0.5417,-0.38,26.65739
2396.749,26.657,4.88,28.8,45.465,46.0,45.8449,-0.535,-0.38,26.65702
2397.773,26.661,4.92,28.8,45.4717,46.0,45.8518,-0.5283,-0.3801,26.65401
2398.702,26.659,4.88,28.8,45.4777,46.0,45.8579,-0.5223,-0.3801,26.65651
2399.721,26.656,4.84,28.8,45.4843,46.0,45.8645,-0.5157,-0.3802,26.65424
2400.739,26.657,4.92,28.9,45.491,46.0,45.8712,-0.509,-0.3802,26.65385
2401.766,26.657,4.92,28.9,45.4978,46.0,45.878,-0.5022,-0.3802,26.65313
2402.789,26.661,4.92,28.8,45.5045,46.0,45.8849,-0.4955,-0.3804,26.65314
2403.717,26.661,4.88,28.8,45.5105,46.0,45.8911,-0.4895,-0.3805,26.65651
2404.734,26.659,4.92,28.8,45.5172,46.0,45.8977,-0.4828,-0.3805,26.6579
2405.756,26.661,4.88,28.8,45.5239,46.0,45.9046,-0.4761,-0.3807,26.65428
2406.788,26.662,4.88,28.8,45.5306,46.0,45.9114,-0.4694,-0.3808,26.65695
2407.724,26.662,4.88,28.8,45.5367,46.0,45.9175,-0.4633,-0.3808,26.65832
2408.726,26.659,4.88,28.9,45.5432,46.0,45.9241,-0.4568,-0.3808,26.65809
2409.754,26.662,4.88,28.9,45.5499,46.0,45.9309,-0.4501,-0.381,26.65509
2410.776,26.661,4.88,28.9,45.5566,46.0,45.9376,-0.4434,-0.381,26.65797
2411.804,26.661,4.92,28.9,45.5634,46.0,45.9444,-0.4366,-0.381,26.65788
2412.731,26.661,4.88,28.8,45.5694,46.0,45.9505,-0.4306,-0.3811,26.65658
2413.752,26.656,4.88,28.8,45.5761,46.0,45.9572,-0.4239,-0.3811,26.65703
2414.771,26.656,4.88,28.8,45.5827,46.0,45.9638,-0.4173,-0.3811,26.65221
2415.796,26.661,4.92,28.9,45.5894,46.0,45.9708,-0.4106,-0.3814,26.65298
2416.741,26.662,4.88,28.9,45.5956,46.0,45.9771,-0.4044,-0.3815,26.65645
2417.738,26.664,4.92,28.9,45.6021,46.0,45.9837,-0.3979,-0.3816,26.65894
2418.766,26.662,4.92,28.9,45.6089,46.0,45.9905,-0.3911,-0.3816,26.65997
2419.791,26.662,4.88,28.9,45.6156,47.0,45.9972,-1.3844,-0.3816,26.65721
2420.811,26.662,4.88,28.9,45.6222,47.0,46.0039,-1.3778,-0.3817,26.65801
2421.749,26.661,4.88,28.9,45.6283,47.0,46.0101,-1.3717,-0.3817,26.65834
2422.757,26.664,4.88,28.8,45.6349,47.0,46.0168,-1.3651,-0.3819,26.65711
2423.783,26.661,4.88,28.9,45.6416,47.0,46.0235,-1.3584,-0.3819,26.65992
2424.807,26.662,4.88,28.9,45.6483,47.0,46.0302,-1.3517,-0.382,26.65707
2425.748,26.661,4.88,28.8,45.6544,47.0,46.0364,-1.3456,-0.382,26.65831
2426.857,26.662,4.88,28.9,45.6616,47.0,46.0437,-1.3384,-0.3821,26.65673
2427.774,26.662,4.88,28.9,45.6676,47.0,46.0497,-1.3324,-0.3821,26.6584
2428.797,26.661,4.92,28.9,45.6743,47.0,46.0565,-1.3257,-0.3822,26.65888
2429.825,26.662,4.88,28.9,45.681,47.0,46.0633,-1.319,-0.3823,26.65622
2430.77,26.664,4.88,28.9,45.6872,47.0,46.0696,-1.3128,-0.3824,26.65829
2431.776,26.662,4.88,28.8,45.6937,47.0,46.0761,-1.3063,-0.3824,26.66002
2432.798,26.661,4.88,28.9,45.7004,47.0,46.0828,-1.2996,-0.3824,26.65805
2433.817,26.661,4.88,28.9,45.707,47.0,46.0895,-1.293,-0.3825,26.65707
2434.844,26.665,4.88,28.9,45.7137,47.0,46.0964,-1.2863,-0.3827,26.65703
2435.789,26.661,4.88,28.9,45.7199,47.0,46.1026,-1.2801,-0.3827,26.66121
2436.792,26.662,4.88,28.9,45.7264,47.0,46.1092,-1.2736,-0.3828,26.65717
2437.81,26.662,4.88,28.9,45.7331,47.0,46.1159,-1.2669,-0.3828,26.65803
2438.845,26.662,4.88,28.8,45.7398,47.0,46.1227,-1.2602,-0.3829,26.65798
2439.862,26.662,4.88,28.8,45.7464,47.0,46.1294,-1.2536,-0.3829,26.65804
2440.8,26.662,4.84,28.9,45.7525,47.0,46.1355,-1.2475,-0.383,26.65749
2441.807,26.661,4.92,28.9,45.7591,47.0,46.1421,-1.2409,-0.383,26.65975
2442.83,26.662,4.88,28.9,45.7658,47.0,46.1489,-1.2342,-0.3831,26.65626
2443.856,26.667,4.88,28.9,45.7725,47.0,46.1559,-1.2275,-0.3834,26.65799
2444.803,26.664,4.92,28.9,45.7787,47.0,46.1621,-1.2213,-0.3834,26.66401
2445.898,26.662,4.88,28.9,45.7858,47.0,46.1693,-1.2142,-0.3834,26.65894
2446.821,26.662,4.88,28.9,45.7919,47.0,46.1753,-1.2081,-0.3835,26.65842
2447.845,26.662,4.92,28.9,45.7986,47.0,46.1821,-1.2014,-0.3835,26.65888
2448.869,26.668,4.96,28.9,45.8054,47.0,46.1891,-1.1946,-0.3837,26.65892
2449.811,26.665,4.92,28.9,45.8116,47.0,46.1953,-1.1884,-0.3838,26.66336
2450.818,26.665,4.88,28.9,45.8181,47.0,46.202,-1.1819,-0.3838,26.66024
2451.845,26.665,4.88,28.9,45.8248,47.0,46.2087,-1.1752,-0.3839,26.66094
2452.867,26.665,4.88,28.9,45.8315,47.0,46.2154,-1.1685,-0.3839,26.66097
2453.89,26.665,4.88,28.9,45.8381,47.0,46.2221,-1.1619,-0.384,26.66097
2454.818,26.667,4.96,28.9,45.8443,47.0,46.2283,-1.1557,-0.3841,26.66304
2455.834,26.665,4.92,28.9,45.851,47.0,46.235,-1.149,-0.3841,26.66217
2456.857,26.665,4.88,28.9,45.8576,47.0,46.2418,-1.1424,-0.3842,26.66017
2457.884,26.664,4.84,28.9,45.8643,47.0,46.2485,-1.1357,-0.3842,26.66009
2458.819,26.664,4.84,28.9,45.8703,47.0,46.2546,-1.1297,-0.3843,26.6603
2459.828,26.664,4.88,28.9,45.8769,47.0,46.2612,-1.1231,-0.3843,26.66087
2460.859,26.665,4.92,28.9,45.8837,47.0,46.268,-1.1163,-0.3844,26.66083
2461.875,26.668,4.84,28.9,45.8902,47.0,46.2748,-1.1098,-0.3846,26.65932
2462.826,26.665,4.88,28.9,45.8964,47.0,46.281,-1.1036,-0.3846,26.66495
2463.833,26.662,4.88,28.9,45.903,47.0,46.2876,-1.097,-0.3846,26.66109
2464.952,26.662,4.88,28.9,45.9103,47.0,46.295,-1.0897,-0.3847,26.65772
2465.868,26.662,4.88,28.9,45.9163,47.0,46.301,-1.0837,-0.3847,26.65844
2466.922,26.664,4.84,28.9,45.9231,47.0,46.308,-1.0769,-0.3849,26.65707
2467.838,26.665,4.88,28.9,45.929,47.0,46.314,-1.071,-0.3849,26.66119
2468.843,26.665,4.88,28.9,45.9356,47.0,46.3206,-1.0644,-0.385,26.66105
2469.872,26.664,4.88,28.9,45.9423,47.0,46.3273,-1.0577,-0.385,26.66096
2470.89,26.668,4.88,28.9,45.9489,47.0,46.3342,-1.0511,-0.3852,26.66003
2471.913,26.668,4.88,28.9,45.9556,47.0,46.3409,-1.0444,-0.3853,26.66387
2472.846,26.667,4.92,28.9,45.9617,47.0,46.347,-1.0383,-0.3853,26.66512
2473.856,26.667,4.92,28.9,45.9684,47.0,46.3537,-1.0316,-0.3854,26.66305
2474.881,26.665,4.84,28.9,45.975,47.0,46.3604,-1.025,-0.3854,26.66126
2475.908,26.665,4.88,28.9,45.9817,47.0,46.3671,-1.0183,-0.3855,26.66179
2476.928,26.667,4.88,28.9,45.9883,47.0,46.3739,-1.0117,-0.3856,26.661
2477.955,26.67,4.88,28.9,45.995,47.0,46.3808,-1.005,-0.3858,26.6629
2478.875,26.67,4.88,28.9,46.001,47.0,46.3868,-0.999,-0.3858,26.66624
2479.898,26.665,4.88,28.9,46.0077,47.0,46.3935,-0.9923,-0.3858,26.66589
2480.921,26.665,4.88,28.9,46.0144,47.0,46.4002,-0.9856,-0.3859,26.66105
2481.946,26.668,4.88,28.9,46.021,47.0,46.4071,-0.979,-0.386,26.66098
2482.878,26.664,4.88,28.9,46.0271,47.0,46.4131,-0.9729,-0.386,26.66424
2483.897,26.668,4.88,28.9,46.0338,47.0,46.42,-0.9662,-0.3863,26.66008
2484.919,26.668,4.88,28.9,46.0404,47.0,46.4267,-0.9596,-0.3863,26.66388
2485.939,26.67,4.88,28.9,46.0471,47.0,46.4335,-0.9529,-0.3864,26.66394
2486.886,26.667,4.88,28.9,46.0532,47.0,46.4397,-0.9468,-0.3864,26.66616
2487.885,26.668,4.96,28.9,46.0599,47.0,46.4463,-0.9401,-0.3865,26.66479
2488.911,26.668,4.88,28.9,46.0665,47.0,46.4531,-0.9335,-0.3866,26.66229
2489.939,26.668,4.92,28.9,46.0733,47.0,46.4599,-0.9267,-0.3866,26.66474
2490.962,26.67,4.88,28.9,46.08,47.0,46.4668,-0.92,-0.3868,26.66312
2491.901,26.67,4.88,28.9,46.0861,47.0,46.4729,-0.9139,-0.3869,26.66618
2492.904,26.668,4.88,28.9,46.0926,47.0,46.4795,-0.9074,-0.3869,26.66597
2493.929,26.668,4.88,28.9,46.0993,47.0,46.4862,-0.9007,-0.3869,26.66395
2494.95,26.668,4.88,28.9,46.106,47.0,46.4929,-0.894,-0.387,26.66394
2495.979,26.67,4.88,28.9,46.1127,47.0,46.4998,-0.8873,-0.3871,26.66391
2497.004,26.67,4.92,28.9,46.1194,47.0,46.5066,-0.8806,-0.3872,26.66671
2497.925,26.67,4.92,28.9,46.1255,47.0,46.5127,-0.8745,-0.3872,26.66633
2498.944,26.667,4.88,28.9,46.1321,47.0,46.5193,-0.8679,-0.3872,26.66509
2499.972,26.667,4.92,28.9,46.1388,47.0,46.5261,-0.8612,-0.3873,26.66382
2500.914,26.671,4.88,28.9,46.145,47.0,46.5325,-0.855,-0.3875,26.66246
2501.914,26.665,4.88,28.9,46.1515,47.0,46.539,-0.8485,-0.3875,26.6669
2502.943,26.671,4.88,28.9,46.1582,47.0,46.546,-0.8418,-0.3878,26.66105
2503.964,26.671,4.88,28.9,46.1649,47.0,46.5527,-0.8351,-0.3878,26.6668
2504.99,26.67,4.88,28.9,46.1716,47.0,46.5594,-0.8284,-0.3879,26.66686
2505.931,26.668,4.92,28.9,46.1777,47.0,46.5656,-0.8223,-0.3879,26.66708
2506.931,26.668,4.88,28.9,46.1843,47.0,46.5722,-0.8157,-0.3879,26.66325
2507.96,26.67,4.92,28.9,46.191,47.0,46.5791,-0.809,-0.388,26.66476
2508.996,26.67,4.88,28.9,46.1978,47.0,46.5859,-0.8022,-0.3881,26.66501
2510.011,26.673,4.88,28.9,46.2044,47.0,46.5927,-0.7956,-0.3883,26.66592
2510.931,26.673,4.88,28.9,46.2104,47.0,46.5987,-0.7896,-0.3884,26.66921
2511.951,26.67,4.88,28.9,46.217,47.0,46.6054,-0.783,-0.3884,26.66885
2512.977,26.668,4.88,28.9,46.2237,47.0,46.6121,-0.7763,-0.3884,26.66593
2514.001,26.67,4.88,28.9,46.2304,47.0,46.6189,-0.7696,-0.3885,26.66396
2514.939,26.671,4.88,28.9,46.2365,47.0,46.6251,-0.7635,-0.3886,26.66621
2515.947,26.67,4.88,28.9,46.2431,47.0,46.6317,-0.7569,-0.3886,26.66693
2516.971,26.67,4.88,28.9,46.2497,47.0,46.6384,-0.7503,-0.3887,26.66591
2517.99,26.671,4.88,28.9,46.2564,47.0,46.6452,-0.7436,-0.3888,26.66592
2519.014,26.671,4.92,28.9,46.2631,47.0,46.6519,-0.7369,-0.3888,26.66772
2519.949,26.671,4.88,28.9,46.2692,47.0,46.6581,-0.7308,-0.3889,26.66642
2520.961,26.67,4.92,28.9,46.2759,47.0,46.6648,-0.7241,-0.3889,26.66777
2521.991,26.671,4.92,28.9,46.2826,47.0,46.6716,-0.7174,-0.389,26.66594
2523.017,26.671,4.92,28.9,46.2894,47.0,46.6784,-0.7106,-0.3891,26.66689
2523.956,26.671,4.88,28.9,46.2955,47.0,46.6846,-0.7045,-0.3891,26.6664
2524.959,26.671,4.92,28.9,46.3021,47.0,46.6913,-0.6979,-0.3892,26.66781
2525.978,26.673,4.88,28.9,46.3087,47.0,46.6981,-0.6913,-0.3894,26.6661
2527.003,26.667,4.88,28.9,46.3154,47.0,46.7047,-0.6846,-0.3893,26.6688
2528.027,26.668,4.88,28.8,46.3221,47.0,46.7115,-0.6779,-0.3894,26.66305
2529.055,26.671,4.88,28.9,46.3288,47.0,46.7184,-0.6712,-0.3896,26.66392
2529.976,26.671,4.88,28.9,46.3348,47.0,46.7244,-0.6652,-0.3897,26.66725
2531.0,26.671,4.88,28.8,46.3415,47.0,46.7312,-0.6585,-0.3897,26.66689
2532.024,26.67,4.92,28.8,46.3482,47.0,46.7379,-0.6518,-0.3897,26.66774
2532.97,26.673,4.92,28.9,46.3544,47.0,46.7443,-0.6456,-0.3899,26.66627
2533.974,26.67,4.92,28.9,46.361,47.0,46.7509,-0.639,-0.3899,26.66892
2534.994,26.67,4.92,28.9,46.3677,47.0,46.7577,-0.6323,-0.39,26.666
2536.016,26.67,4.92,28.9,46.3744,47.0,46.7644,-0.6256,-0.39,26.66595
2537.044,26.673,4.88,28.9,46.3811,47.0,46.7714,-0.6189,-0.3903,26.66508
2537.986,26.671,4.88,28.9,46.3873,47.0,46.7775,-0.6127,-0.3903,26.66912
2538.985,26.671,4.88,28.9,46.3938,47.0,46.7841,-0.6062,-0.3903,26.66702
2540.009,26.67,4.88,28.9,46.4004,47.0,46.7908,-0.5996,-0.3904,26.66689
2541.035,26.668,4.88,28.9,46.4071,47.0,46.7975,-0.5929,-0.3904,26.66592
2542.06,26.668,4.88,28.9,46.4138,47.0,46.8042,-0.5862,-0.3904,26.66398
2542.989,26.674,4.88,28.9,46.4199,47.0,46.8106,-0.5801,-0.3907,26.66432
2544.002,26.671,4.88,28.9,46.4265,47.0,46.8172,-0.5735,-0.3907,26.6698
2545.027,26.67,4.92,28.9,46.4332,47.0,46.8239,-0.5668,-0.3907,26.66778
2546.053,26.668,4.88,28.9,46.4399,47.0,46.8307,-0.5601,-0.3908,26.66512
2546.998,26.671,4.92,28.9,46.4461,47.0,46.837,-0.5539,-0.3909,26.66513
2548.0,26.671,4.92,28.9,46.4527,47.0,46.8436,-0.5473,-0.391,26.66699
2549.019,26.671,4.92,28.9,46.4594,47.0,46.8504,-0.5406,-0.391,26.66695
2550.044,26.671,4.88,28.9,46.4661,47.0,46.8572,-0.5339,-0.3911,26.66608
2551.072,26.671,4.88,28.9,46.4728,47.0,46.8639,-0.5272,-0.3912,26.66687
2551.998,26.671,4.88,28.9,46.4788,47.0,46.87,-0.5212,-0.3912,26.66728
2553.02,26.674,4.88,28.9,46.4854,47.0,46.8768,-0.5146,-0.3914,26.66691
2554.041,26.671,4.92,28.9,46.4922,47.0,46.8836,-0.5078,-0.3914,26.67066
2555.062,26.671,4.92,28.9,46.4989,47.0,46.8903,-0.5011,-0.3915,26.66699
2556.01,26.673,4.88,28.9,46.505,47.0,46.8967,-0.495,-0.3916,26.66638
2557.012,26.673,4.88,28.9,46.5116,47.0,46.9033,-0.4884,-0.3917,26.66891
2558.033,26.671,4.92,28.9,46.5183,47.0,46.91,-0.4817,-0.3917,26.66972
2559.058,26.67,4.92,28.9,46.525,47.0,46.9167,-0.475,-0.3917,26.66697
2560.085,26.674,4.92,28.9,46.5318,47.0,46.9237,-0.4682,-0.392,26.66596
2561.109,26.67,4.92,28.9,46.5385,47.0,46.9304,-0.4615,-0.392,26.66982
2562.026,26.67,4.92,28.9,46.5445,47.0,46.9365,-0.4555,-0.392,26.66642
2563.052,26.671,4.88,28.9,46.5512,47.0,46.9433,-0.4488,-0.3921,26.66511
2564.076,26.67,4.88,28.9,46.5579,47.0,46.95,-0.4421,-0.3922,26.66688
2565.022,26.673,4.88,28.9,46.5641,47.0,46.9564,-0.4359,-0.3923,26.66624
2566.026,26.671,4.88,28.9,46.5706,47.0,46.9629,-0.4294,-0.3923,26.66891
2567.052,26.674,4.92,28.9,46.5773,48.0,46.9698,-1.4227,-0.3925,26.66777
2568.067,26.674,4.92,28.9,46.584,48.0,46.9766,-1.416,-0.3925,26.66989
2569.091,26.673,4.92,28.9,46.5907,48.0,46.9833,-1.4093,-0.3926,26.66988
2570.04,26.671,4.84,28.9,46.5969,48.0,46.9895,-1.4031,-0.3926,26.66751
2571.04,26.671,4.92,28.9,46.6034,48.0,46.9961,-1.3966,-0.3926,26.66867
2572.064,26.671,4.88,28.9,46.6101,48.0,47.0029,-1.3899,-0.3927,26.66612
2573.088,26.673,4.92,28.8,46.6168,48.0,47.0097,-1.3832,-0.3928,26.66775
2574.112,26.673,4.92,28.8,46.6236,48.0,47.0165,-1.3764,-0.3929,26.66889
2575.046,26.67,4.92,28.9,46.6297,48.0,47.0226,-1.3703,-0.3929,26.66925
2576.057,26.671,4.84,28.9,46.6362,48.0,47.0293,-1.3638,-0.3931,26.66437
2577.077,26.671,4.88,28.9,46.6429,48.0,47.036,-1.3571,-0.3931,26.66771
2578.103,26.671,4.88,28.9,46.6496,48.0,47.0427,-1.3504,-0.3932,26.66692
2579.126,26.674,4.92,28.9,46.6563,48.0,47.0496,-1.3437,-0.3933,26.66777
2580.155,26.676,4.92,28.8,46.6631,48.0,47.0565,-1.3369,-0.3935,26.66984
2581.072,26.676,4.92,28.8,46.6691,48.0,47.0626,-1.3309,-0.3935,26.67224
2582.101,26.673,4.96,28.9,46.6759,48.0,47.0694,-1.3241,-0.3935,26.67268
2583.124,26.677,4.84,28.9,46.6825,48.0,47.0763,-1.3175,-0.3938,26.66645
2584.07,26.676,4.88,28.9,46.6887,48.0,47.0825,-1.3113,-0.3938,26.67384
2585.074,26.673,4.92,28.9,46.6953,48.0,47.0891,-1.3047,-0.3938,26.67277
2586.095,26.673,4.88,28.9,46.7019,48.0,47.0959,-1.2981,-0.3939,26.66813
2587.124,26.673,4.88,28.9,46.7086,48.0,47.1026,-1.2914,-0.394,26.66885
2588.141,26.67,4.84,28.9,46.7152,48.0,47.1092,-1.2848,-0.394,26.66806
2589.075,26.674,4.88,28.9,46.7213,48.0,47.1155,-1.2787,-0.3942,26.66713
2590.087,26.676,4.92,28.9,46.728,48.0,47.1222,-1.272,-0.3943,26.67072
2591.107,26.671,4.92,28.8,46.7347,48.0,47.1289,-1.2653,-0.3943,26.67185
2592.134,26.673,4.92,28.8,46.7414,48.0,47.1358,-1.2586,-0.3944,26.66701
2593.078,26.673,4.92,28.8,46.7476,48.0,47.1421,-1.2524,-0.3945,26.6692
2594.079,26.674,4.88,28.9,46.7541,48.0,47.1487,-1.2459,-0.3946,26.66816
2595.102,26.676,4.92,28.9,46.7609,48.0,47.1555,-1.2391,-0.3947,26.67069
2596.125,26.676,4.88,28.9,46.7675,48.0,47.1623,-1.2325,-0.3948,26.671
2597.156,26.674,4.92,28.9,46.7743,48.0,47.1691,-1.2257,-0.3948,26.67263
2598.083,26.673,4.88,28.9,46.7803,48.0,47.1752,-1.2197,-0.3948,26.66947
2599.101,26.674,4.88,28.9,46.787,48.0,47.1819,-1.213,-0.3949,26.66892
2600.119,26.674,4.88,28.9,46.7936,48.0,47.1886,-1.2064,-0.395,26.66987
2601.142,26.674,4.92,28.9,46.8003,48.0,47.1954,-1.1997,-0.395,26.67071
2602.096,26.676,4.84,28.8,46.8065,48.0,47.2017,-1.1935,-0.3953,26.66849
2603.099,26.677,4.92,28.9,46.8131,48.0,47.2084,-1.1869,-0.3953,26.67352
2604.113,26.676,4.88,28.9,46.8197,48.0,47.215,-1.1803,-0.3954,26.67204
2605.145,26.674,4.88,28.9,46.8264,48.0,47.2218,-1.1736,-0.3954,26.6718
2606.164,26.674,4.88,28.9,46.8331,48.0,47.2285,-1.1669,-0.3954,26.66991
2607.105,26.674,4.88,28.9,46.8392,48.0,47.2347,-1.1608,-0.3955,26.6702
2608.114,26.677,4.92,28.9,46.8458,48.0,47.2415,-1.1542,-0.3956,26.67078
2609.129,26.674,4.88,28.9,46.8524,48.0,47.2481,-1.1476,-0.3957,26.672
2610.154,26.677,4.88,28.9,46.8591,48.0,47.255,-1.1409,-0.3958,26.66989
2611.179,26.676,4.96,28.9,46.8659,48.0,47.2618,-1.1341,-0.3958,26.67446
2612.203,26.677,4.92,28.9,46.8726,48.0,47.2686,-1.1274,-0.396,26.67108
2613.125,26.677,4.92,28.9,46.8787,48.0,47.2747,-1.1213,-0.396,26.67322
2614.155,26.676,4.88,28.9,46.8854,48.0,47.2815,-1.1146,-0.3961,26.67198
2615.171,26.674,4.88,28.9,46.892,48.0,47.2881,-1.108,-0.3961,26.67186
2616.124,26.677,4.92,28.9,46.8983,48.0,47.2945,-1.1017,-0.3962,26.67102
2617.125,26.674,4.88,28.9,46.9048,48.0,47.3011,-1.0952,-0.3963,26.67207
2618.147,26.679,4.92,28.9,46.9115,48.0,47.308,-1.0885,-0.3965,26.67076
2619.171,26.679,4.92,28.9,46.9183,48.0,47.3148,-1.0817,-0.3966,26.67475
2620.196,26.677,4.88,28.9,46.9249,48.0,47.3216,-1.0751,-0.3966,26.67395
2621.127,26.676,4.92,28.9,46.9311,48.0,47.3277,-1.0689,-0.3966,26.67404
2622.138,26.677,4.92,28.9,46.9377,48.0,47.3344,-1.0623,-0.3967,26.67195
2623.159,26.679,4.88,28.9,46.9444,48.0,47.3413,-1.0556,-0.3969,26.672
2624.186,26.676,4.96,28.9,46.9512,48.0,47.3481,-1.0488,-0.3969,26.67641
2625.209,26.676,4.96,28.9,46.9579,48.0,47.3549,-1.0421,-0.397,26.67197
2626.144,26.677,4.88,28.9,46.964,48.0,47.3612,-1.036,-0.3971,26.67057
2627.157,26.676,4.88,28.9,46.9706,48.0,47.3678,-1.0294,-0.3972,26.67283
2628.179,26.679,4.88,28.9,46.9773,48.0,47.3746,-1.0227,-0.3974,26.67186
2629.2,26.677,4.92,28.9,46.984,48.0,47.3814,-1.016,-0.3974,26.67559
2630.152,26.677,4.88,28.9,46.9902,48.0,47.3877,-1.0098,-0.3974,26.67233
2631.254,26.68,4.88,28.9,46.9974,48.0,47.395,-1.0026,-0.3977,26.6725
2632.175,26.68,4.88,28.9,47.0034,48.0,47.4011,-0.9966,-0.3977,26.67613
2633.196,26.674,4.96,28.9,47.0102,48.0,47.4078,-0.9898,-0.3977,26.67746
2634.219,26.676,4.88,28.9,47.0168,48.0,47.4147,-0.9832,-0.3979,26.66837
2635.159,26.68,4.88,28.9,47.023,48.0,47.4211,-0.977,-0.3981,26.67213
2636.165,26.68,4.88,28.9,47.0295,48.0,47.4277,-0.9705,-0.3982,26.67578
2637.188,26.677,4.92,28.9,47.0362,48.0,47.4344,-0.9638,-0.3982,26.67661
2638.213,26.677,4.92,28.9,47.043,48.0,47.4412,-0.957,-0.3983,26.6729
2639.238,26.68,4.88,28.9,47.0496,48.0,47.4481,-0.9504,-0.3985,26.67201
2640.173,26.679,4.88,28.9,47.0557,48.0,47.4543,-0.9443,-0.3985,26.67607
2641.184,26.677,4.88,28.9,47.0623,48.0,47.4609,-0.9377,-0.3985,26.67485
2642.211,26.677,4.92,28.9,47.0691,48.0,47.4677,-0.9309,-0.3986,26.67369
2643.24,26.677,4.92,28.9,47.0758,48.0,47.4745,-0.9242,-0.3987,26.67285
2644.26,26.679,4.92,28.9,47.0825,48.0,47.4813,-0.9175,-0.3988,26.67288
2645.192,26.679,4.92,28.9,47.0887,48.0,47.4875,-0.9113,-0.3989,26.67516
2646.202,26.679,4.88,28.9,47.0952,48.0,47.4942,-0.9048,-0.3989,26.67404
2647.224,26.679,4.88,28.9,47.1019,48.0,47.5009,-0.8981,-0.399,26.67479
2648.252,26.679,4.88,28.9,47.1086,48.0,47.5077,-0.8914,-0.3991,26.67477
2649.197,26.677,4.92,28.9,47.1148,48.0,47.5139,-0.8852,-0.3991,26.67595
2650.305,26.679,4.92,28.9,47.1221,48.0,47.5213,-0.8779,-0.3992,26.67258
2651.217,26.679,4.92,28.9,47.1281,48.0,47.5274,-0.8719,-0.3993,26.67524
2652.244,26.679,4.84,28.9,47.1347,48.0,47.5342,-0.8653,-0.3994,26.67313
2653.272,26.679,4.88,28.9,47.1414,48.0,47.5409,-0.8586,-0.3995,26.67556
2654.207,26.68,4.92,28.9,47.1476,48.0,47.5471,-0.8524,-0.3995,26.676
2655.212,26.68,4.84,28.9,47.1541,48.0,47.5537,-0.8459,-0.3997,26.6742
2656.242,26.68,4.88,28.9,47.1608,48.0,47.5605,-0.8392,-0.3997,26.67654
2657.26,26.68,4.88,28.9,47.1674,48.0,47.5672,-0.8326,-0.3998,26.67581
2658.287,26.679,4.88,28.9,47.1741,48.0,47.5739,-0.8259,-0.3998,26.67576
2659.216,26.677,4.96,28.9,47.1803,48.0,47.5801,-0.8197,-0.3998,26.67687
2660.233,26.68,4.88,28.9,47.1869,48.0,47.587,-0.8131,-0.4001,26.6713
2661.253,26.68,4.92,28.9,47.1936,48.0,47.5937,-0.8064,-0.4001,26.67657
2662.277,26.682,4.88,28.9,47.2003,48.0,47.6006,-0.7997,-0.4003,26.67498
2663.305,26.682,4.88,28.9,47.207,48.0,47.6074,-0.793,-0.4004,26.67768
2664.232,26.682,4.88,28.9,47.213,48.0,47.6135,-0.787,-0.4005,26.67813
2665.248,26.68,4.88,28.9,47.2196,48.0,47.6201,-0.7804,-0.4005,26.67777
2666.273,26.68,4.92,28.9,47.2264,48.0,47.6269,-0.7736,-0.4005,26.67664
2667.294,26.68,4.96,28.9,47.2331,48.0,47.6337,-0.7669,-0.4006,26.67668
2668.24,26.677,4.84,28.9,47.2392,48.0,47.6398,-0.7608,-0.4006,26.67364
2669.25,26.677,4.96,28.9,47.2459,48.0,47.6465,-0.7541,-0.4006,26.6754
2670.268,26.677,4.96,28.9,47.2527,48.0,47.6534,-0.7473,-0.4007,26.67297
2671.293,26.682,4.84,28.9,47.2593,48.0,47.6603,-0.7407,-0.401,26.67038
2672.315,26.679,4.84,28.9,47.2659,48.0,47.667,-0.7341,-0.401,26.67762
2673.249,26.682,4.92,28.9,47.2721,48.0,47.6732,-0.7279,-0.4011,26.67685
2674.257,26.677,4.88,28.9,47.2786,48.0,47.6798,-0.7214,-0.4011,26.67698
2675.288,26.68,4.88,28.9,47.2853,48.0,47.6867,-0.7147,-0.4013,26.67287
2676.414,26.677,4.92,28.9,47.2927,48.0,47.6941,-0.7073,-0.4013,26.67618
2677.33,26.677,4.92,28.9,47.2988,48.0,47.7001,-0.7012,-0.4014,26.67335
2678.26,26.68,4.92,28.9,47.3049,48.0,47.7064,-0.6951,-0.4016,26.67326
2679.276,26.68,4.92,28.9,47.3115,48.0,47.7132,-0.6885,-0.4016,26.67582
2680.305,26.68,4.88,28.9,47.3183,48.0,47.72,-0.6817,-0.4017,26.67496
2681.327,26.68,4.84,28.9,47.3249,48.0,47.7267,-0.6751,-0.4018,26.67494
2682.357,26.68,4.96,28.9,47.3317,48.0,47.7335,-0.6683,-0.4018,26.67824
2683.273,26.68,4.96,28.9,47.3378,48.0,47.7396,-0.6622,-0.4019,26.67631
2684.293,26.68,4.88,28.9,47.3444,48.0,47.7464,-0.6556,-0.402,26.6742
2685.325,26.677,4.88,28.9,47.3511,48.0,47.7532,-0.6489,-0.402,26.67574
2686.344,26.682,4.92,28.9,47.3578,48.0,47.7601,-0.6422,-0.4023,26.67375
2687.282,26.68,4.92,28.9,47.364,48.0,47.7663,-0.636,-0.4023,26.67807
2688.292,26.68,4.88,28.9,47.3706,48.0,47.773,-0.6294,-0.4024,26.67507
2689.312,26.68,4.88,28.9,47.3772,48.0,47.7797,-0.6228,-0.4025,26.6758
2690.335,26.68,4.88,28.9,47.3839,48.0,47.7864,-0.6161,-0.4025,26.6758
2691.36,26.68,4.88,28.9,47.3906,48.0,47.7932,-0.6094,-0.4026,26.67579
2692.296,26.682,4.88,28.9,47.3967,48.0,47.7994,-0.6033,-0.4027,26.67615
2693.308,26.682,4.88,28.9,47.4033,48.0,47.8061,-0.5967,-0.4028,26.67778
2694.329,26.682,4.88,28.9,47.4099,48.0,47.8128,-0.5901,-0.4029,26.67776
2695.358,26.68,4.88,28.9,47.4166,48.0,47.8195,-0.5834,-0.4029,26.67773
2696.3,26.68,4.88,28.9,47.4228,48.0,47.8257,-0.5772,-0.403,26.67615
2697.302,26.68,4.92,28.9,47.4293,48.0,47.8323,-0.5707,-0.403,26.67673
2698.323,26.679,4.92,28.9,47.4361,48.0,47.8391,-0.5639,-0.403,26.67585
2699.35,26.68,4.92,28.9,47.4428,48.0,47.8459,-0.5572,-0.4031,26.67485
2700.375,26.683,4.88,28.9,47.4495,48.0,47.8529,-0.5505,-0.4034,26.67497
2701.401,26.68,4.88,28.9,47.4562,48.0,47.8596,-0.5438,-0.4034,26.67868
2702.319,26.68,4.88,28.9,47.4622,48.0,47.8656,-0.5378,-0.4034,26.67626
2703.34,26.679,4.88,28.9,47.4688,48.0,47.8723,-0.5312,-0.4035,26.67582
2704.363,26.677,4.88,28.9,47.4755,48.0,47.879,-0.5245,-0.4035,26.67484
2705.315,26.68,4.88,28.9,47.4817,48.0,47.8854,-0.5183,-0.4037,26.67317
2706.318,26.682,4.88,28.9,47.4882,48.0,47.8921,-0.5118,-0.4038,26.67585
2707.341,26.68,4.84,28.9,47.4948,48.0,47.8987,-0.5052,-0.4039,26.6769
2708.466,26.682,4.88,28.9,47.5022,48.0,47.9062,-0.4978,-0.404,26.67622
2709.386,26.682,4.88,28.9,47.5082,48.0,47.9122,-0.4918,-0.4041,26.67816
2710.327,26.68,4.92,28.9,47.5143,48.0,47.9184,-0.4857,-0.4041,26.67894
2711.329,26.68,4.88,28.9,47.5209,48.0,47.925,-0.4791,-0.4042,26.67513
2712.353,26.68,4.92,28.9,47.5276,48.0,47.9318,-0.4724,-0.4042,26.67664
2713.376,26.68,4.88,28.9,47.5343,48.0,47.9386,-0.4657,-0.4043,26.67501
2714.407,26.68,4.88,28.9,47.541,48.0,47.9454,-0.459,-0.4044,26.67577
2715.342,26.68,4.88,28.9,47.5471,48.0,47.9515,-0.4529,-0.4044,26.67616
2716.344,26.682,4.88,28.9,47.5536,49.0,47.9582,-1.4464,-0.4046,26.6759
2717.368,26.68,4.88,28.9,47.5603,49.0,47.9649,-1.4397,-0.4046,26.67774
2718.393,26.68,4.88,28.9,47.567,49.0,47.9716,-1.433,-0.4047,26.67583
2719.347,26.68,4.92,28.9,47.5732,49.0,47.9779,-1.4268,-0.4047,26.67693
2720.447,26.68,4.88,28.9,47.5804,49.0,47.9852,-1.4196,-0.4048,26.67472
2721.366,26.68,4.88,28.9,47.5864,49.0,47.9913,-1.4136,-0.4049,26.67621
2722.389,26.68,4.96,28.9,47.5932,49.0,47.9981,-1.4068,-0.4049,26.6775
2723.416,26.682,4.84,28.9,47.5998,49.0,48.005,-1.4002,-0.4052,26.67337
2724.364,26.682,4.96,28.9,47.6061,49.0,48.0113,-1.3939,-0.4052,26.6805
2725.36,26.685,4.96,28.9,47.6127,49.0,48.0181,-1.3873,-0.4054,26.67799
2726.389,26.68,4.84,28.9,47.6193,49.0,48.0247,-1.3807,-0.4054,26.6782
2727.411,26.682,4.92,28.9,47.6261,49.0,48.0315,-1.3739,-0.4055,26.6775
2728.437,26.682,4.92,28.9,47.6328,49.0,48.0383,-1.3672,-0.4055,26.67779
2729.371,26.683,4.84,28.9,47.6388,49.0,48.0445,-1.3612,-0.4057,26.67649
2730.375,26.683,4.88,28.9,47.6454,49.0,48.0511,-1.3546,-0.4057,26.67961
2731.399,26.683,4.88,28.9,47.652,49.0,48.0579,-1.348,-0.4058,26.67876
2732.424,26.682,4.92,28.9,47.6588,49.0,48.0646,-1.3412,-0.4058,26.67959
2733.447,26.685,4.84,28.9,47.6654,49.0,48.0715,-1.3346,-0.4061,26.67616
2734.37,26.685,4.84,28.9,47.6714,49.0,48.0775,-1.3286,-0.4062,26.68104
2735.397,26.682,4.84,28.9,47.678,49.0,48.0842,-1.322,-0.4062,26.68067
2736.419,26.68,4.88,28.9,47.6847,49.0,48.0909,-1.3153,-0.4062,26.67863
2737.444,26.683,4.92,28.9,47.6914,49.0,48.0978,-1.3086,-0.4064,26.67669
2738.373,26.68,4.88,28.9,47.6975,49.0,48.1038,-1.3025,-0.4064,26.67831
2739.391,26.682,4.92,28.9,47.7041,49.0,48.1106,-1.2959,-0.4065,26.67672
2740.415,26.682,4.92,28.9,47.7109,49.0,48.1174,-1.2891,-0.4065,26.6778
2741.436,26.682,4.92,28.9,47.7176,49.0,48.1242,-1.2824,-0.4066,26.67783
2742.389,26.683,4.88,28.9,47.7238,49.0,48.1305,-1.2762,-0.4067,26.67726
2743.388,26.682,4.84,28.9,47.7302,49.0,48.1371,-1.2698,-0.4068,26.678
2744.409,26.683,4.92,28.9,47.737,49.0,48.1438,-1.263,-0.4069,26.67944
2745.44,26.683,4.84,28.9,47.7436,49.0,48.1506,-1.2564,-0.407,26.6771
2746.463,26.685,4.84,28.9,47.7502,49.0,48.1574,-1.2498,-0.4072,26.67871
2747.39,26.685,4.84,28.9,47.7562,49.0,48.1634,-1.2438,-0.4072,26.68106
2748.403,26.683,4.92,28.9,47.7629,49.0,48.1701,-1.2371,-0.4072,26.68241
2749.422,26.685,4.96,28.9,47.7696,49.0,48.177,-1.2304,-0.4073,26.6797
2750.451,26.685,4.88,28.9,47.7763,49.0,48.1838,-1.2237,-0.4075,26.67908
2751.396,26.683,4.88,28.9,47.7825,49.0,48.19,-1.2175,-0.4075,26.68102
2752.499,26.685,4.96,28.9,47.7898,49.0,48.1974,-1.2102,-0.4076,26.68016
2753.418,26.685,4.96,28.9,47.7959,49.0,48.2035,-1.2041,-0.4076,26.6812
2754.442,26.685,4.92,28.9,47.8026,49.0,48.2104,-1.1974,-0.4077,26.67996
2755.464,26.686,4.88,28.9,47.8093,49.0,48.2172,-1.1907,-0.4079,26.67992
2756.407,26.683,4.88,28.9,47.8154,49.0,48.2233,-1.1846,-0.4079,26.68201
2757.42,26.685,4.92,28.9,47.8221,49.0,48.2301,-1.1779,-0.408,26.67969
2758.439,26.683,4.88,28.9,47.8287,49.0,48.2368,-1.1713,-0.408,26.67993
2759.458,26.683,4.88,28.9,47.8354,49.0,48.2435,-1.1646,-0.4081,26.67881
2760.484,26.685,4.88,28.9,47.8421,49.0,48.2503,-1.1579,-0.4083,26.67876
2761.417,26.683,4.84,28.9,47.8481,49.0,48.2564,-1.1519,-0.4083,26.68024
2762.425,26.683,4.92,28.9,47.8547,49.0,48.263,-1.1453,-0.4083,26.6805
2763.536,26.685,4.84,28.9,47.8619,49.0,48.2705,-1.1381,-0.4086,26.6768
2764.483,26.686,4.92,28.9,47.8681,49.0,48.2767,-1.1319,-0.4086,26.68263
2765.505,26.682,4.92,28.9,47.8748,49.0,48.2835,-1.1252,-0.4086,26.68176
2766.424,26.682,4.92,28.9,47.8809,49.0,48.2896,-1.1191,-0.4087,26.6783
2767.446,26.686,4.88,28.9,47.8875,49.0,48.2965,-1.1125,-0.409,26.67701
2768.47,26.686,4.84,28.9,47.8941,49.0,48.3032,-1.1059,-0.4091,26.68081
2769.42,26.682,4.84,28.9,47.9003,49.0,48.3094,-1.0997,-0.4091,26.68197
2770.423,26.682,4.92,28.9,47.9069,49.0,48.316,-1.0931,-0.4091,26.67958
2771.546,26.685,4.88,28.9,47.9142,49.0,48.3236,-1.0858,-0.4094,26.67662
2772.467,26.685,4.88,28.9,47.9202,49.0,48.3296,-1.0798,-0.4094,26.6811
2773.492,26.682,4.92,28.9,47.9269,49.0,48.3364,-1.0731,-0.4094,26.68157
2774.424,26.685,4.88,28.9,47.933,49.0,48.3427,-1.067,-0.4097,26.67741
2775.433,26.685,4.88,28.9,47.9396,49.0,48.3493,-1.0604,-0.4097,26.68076
2776.461,26.685,4.92,28.9,47.9463,49.0,48.3561,-1.0537,-0.4098,26.68156
2777.493,26.686,4.96,28.9,47.9532,49.0,48.363,-1.0468,-0.4099,26.68159
2778.511,26.685,4.84,28.9,47.9598,49.0,48.3698,-1.0402,-0.41,26.6793
2779.437,26.685,4.84,28.9,47.9657,49.0,48.3758,-1.0343,-0.4101,26.68109
2780.452,26.686,4.84,28.9,47.9723,49.0,48.3825,-1.0277,-0.4102,26.68075
2781.475,26.685,5.0,28.9,47.9791,49.0,48.3893,-1.0209,-0.4102,26.68502
2782.498,26.685,4.96,28.9,47.9859,49.0,48.3962,-1.0141,-0.4103,26.68007
2783.444,26.685,4.96,28.9,47.9922,49.0,48.4025,-1.0078,-0.4103,26.68111
2784.45,26.683,4.84,28.9,47.9987,49.0,48.4091,-1.0013,-0.4104,26.67838
2785.473,26.683,4.84,28.9,48.0053,49.0,48.4158,-0.9947,-0.4105,26.67875
2786.498,26.686,4.92,28.9,48.012,49.0,48.4227,-0.988,-0.4106,26.68042
2787.52,26.683,4.88,28.9,48.0187,49.0,48.4293,-0.9813,-0.4106,26.68091
2788.45,26.685,4.84,28.9,48.0247,49.0,48.4355,-0.9753,-0.4108,26.67836
2789.462,26.685,4.84,28.9,48.0312,49.0,48.4421,-0.9688,-0.4109,26.68073
2790.489,26.688,4.84,28.9,48.0379,49.0,48.449,-0.9621,-0.4111,26.6807
2791.509,26.688,4.84,28.9,48.0445,49.0,48.4557,-0.9555,-0.4112,26.68363
2792.459,26.685,4.84,28.9,48.0506,49.0,48.4618,-0.9494,-0.4112,26.68396
2793.465,26.683,4.96,28.9,48.0573,49.0,48.4685,-0.9427,-0.4112,26.68334
2794.48,26.686,4.96,28.9,48.064,49.0,48.4754,-0.936,-0.4114,26.67895
2795.505,26.685,4.84,28.9,48.0706,49.0,48.4822,-0.9294,-0.4115,26.67925
2796.529,26.683,4.88,28.9,48.0773,49.0,48.4888,-0.9227,-0.4115,26.68153
2797.555,26.685,4.88,28.9,48.084,49.0,48.4957,-0.916,-0.4117,26.67882
2798.477,26.685,4.88,28.9,48.09,49.0,48.5018,-0.91,-0.4117,26.68114
2799.5,26.685,4.88,28.9,48.0967,49.0,48.5085,-0.9033,-0.4118,26.68076
2800.53,26.688,4.92,28.9,48.1034,49.0,48.5154,-0.8966,-0.412,26.68156
2801.551,26.685,4.92,28.9,48.1101,49.0,48.5221,-0.8899,-0.412,26.68371
2802.472,26.683,4.88,28.9,48.1162,49.0,48.5282,-0.8838,-0.412,26.68041
2803.496,26.685,4.96,28.9,48.1229,49.0,48.535,-0.8771,-0.4121,26.68049
2804.516,26.685,4.96,28.9,48.1297,49.0,48.5419,-0.8703,-0.4122,26.68083
2805.542,26.683,5.0,28.9,48.1365,49.0,48.5487,-0.8635,-0.4122,26.68165
2806.481,26.683,4.84,28.9,48.1426,49.0,48.555,-0.8574,-0.4124,26.67593
2807.487,26.685,4.84,28.9,48.1491,49.0,48.5617,-0.8509,-0.4125,26.6788
2808.51,26.686,4.84,28.9,48.1557,49.0,48.5684,-0.8443,-0.4127,26.6807
2809.535,26.686,4.84,28.9,48.1624,49.0,48.5751,-0.8376,-0.4127,26.68169
2810.562,26.685,4.92,28.9,48.1691,49.0,48.5818,-0.8309,-0.4127,26.68336
2811.487,26.685,4.92,28.9,48.1752,49.0,48.588,-0.8248,-0.4128,26.68122
2812.505,26.686,4.96,28.9,48.1819,49.0,48.5948,-0.8181,-0.4129,26.68166
2813.526,26.685,4.84,28.9,48.1885,49.0,48.6015,-0.8115,-0.413,26.67931
2814.552,26.685,4.92,28.9,48.1953,49.0,48.6083,-0.8047,-0.413,26.68237
2815.494,26.685,4.84,28.9,48.2014,49.0,48.6145,-0.7986,-0.4132,26.67948
2816.502,26.685,4.88,28.9,48.2079,49.0,48.6211,-0.7921,-0.4132,26.68161
2817.52,26.685,4.88,28.9,48.2146,49.0,48.6278,-0.7854,-0.4133,26.6808
2818.545,26.685,4.88,28.9,48.2212,49.0,48.6346,-0.7788,-0.4134,26.68076
2819.571,26.685,4.96,28.9,48.228,49.0,48.6414,-0.772,-0.4134,26.68242
2820.505,26.686,4.96,28.9,48.2342,49.0,48.6477,-0.7658,-0.4135,26.68121
2821.519,26.685,4.88,28.9,48.2408,49.0,48.6544,-0.7592,-0.4136,26.68018
2822.541,26.685,4.88,28.9,48.2475,49.0,48.6611,-0.7525,-0.4136,26.68077
2823.568,26.685,4.88,28.9,48.2542,49.0,48.6679,-0.7458,-0.4137,26.68075
2824.592,26.688,4.84,29.0,48.2608,49.0,48.6748,-0.7392,-0.414,26.67993
2825.528,26.685,4.96,29.0,48.267,49.0,48.681,-0.733,-0.414,26.68648
2826.534,26.685,4.84,28.9,48.2735,49.0,48.6877,-0.7265,-0.4142,26.67848
2827.559,26.688,4.92,29.0,48.2802,49.0,48.6945,-0.7198,-0.4143,26.68237
2828.583,26.689,4.84,28.9,48.2869,49.0,48.7013,-0.7131,-0.4145,26.68205
2829.61,26.683,4.92,28.9,48.2936,49.0,48.7081,-0.7064,-0.4144,26.68627
2830.534,26.683,4.92,28.9,48.2997,49.0,48.7142,-0.7003,-0.4145,26.67934
2831.554,26.688,5.0,28.9,48.3065,49.0,48.7212,-0.6935,-0.4147,26.68054
2832.574,26.688,4.84,28.9,48.3131,49.0,48.728,-0.6869,-0.415,26.68045
2833.598,26.688,4.88,28.9,48.3198,49.0,48.7348,-0.6802,-0.415,26.68447
2834.543,26.686,4.84,28.9,48.3259,49.0,48.7409,-0.6741,-0.415,26.68321
2835.549,26.685,4.88,28.9,48.3324,49.0,48.7475,-0.6676,-0.4151,26.68265
2836.572,26.685,4.88,28.9,48.3391,49.0,48.7542,-0.6609,-0.4151,26.6808
2837.595,26.686,4.84,28.9,48.3457,49.0,48.761,-0.6543,-0.4153,26.67995
2838.622,26.688,4.92,28.9,48.3525,49.0,48.7678,-0.6475,-0.4154,26.68335
2839.55,26.688,4.84,28.9,48.3585,49.0,48.774,-0.6415,-0.4155,26.68247
2840.562,26.689,4.84,28.9,48.365,49.0,48.7806,-0.635,-0.4156,26.68371
2841.589,26.688,4.84,28.9,48.3716,49.0,48.7873,-0.6284,-0.4157,26.68463
2842.61,26.688,4.84,28.9,48.3782,49.0,48.794,-0.6218,-0.4157,26.68371
2843.635,26.689,4.92,28.9,48.385,49.0,48.8008,-0.615,-0.4158,26.68534
2844.558,26.685,5.0,28.9,48.3911,49.0,48.8069,-0.6089,-0.4158,26.68681
2845.584,26.686,4.92,28.9,48.3979,49.0,48.8139,-0.6021,-0.416,26.67929
2846.605,26.688,4.92,28.9,48.4046,49.0,48.8207,-0.5954,-0.4161,26.68177
2847.628,26.688,4.88,28.9,48.4113,49.0,48.8275,-0.5887,-0.4162,26.6829
2848.66,26.686,4.96,28.9,48.4181,49.0,48.8343,-0.5819,-0.4162,26.68534
2849.575,26.686,4.96,28.9,48.4242,49.0,48.8405,-0.5758,-0.4163,26.68231
2850.601,26.688,4.84,28.9,48.4308,49.0,48.8474,-0.5692,-0.4166,26.67933
2851.623,26.686,4.84,28.9,48.4374,49.0,48.854,-0.5626,-0.4166,26.68364
2852.569,26.688,4.84,28.9,48.4435,49.0,48.8603,-0.5565,-0.4168,26.68207
2853.568,26.689,4.92,28.9,48.4501,49.0,48.8669,-0.5499,-0.4168,26.68543
2854.597,26.688,4.88,28.9,48.4568,49.0,48.8737,-0.5432,-0.4169,26.68389
2855.619,26.688,4.88,28.9,48.4634,49.0,48.8804,-0.5366,-0.417,26.68373
2856.639,26.688,4.92,28.9,48.4701,49.0,48.8871,-0.5299,-0.417,26.68457
2857.574,26.688,4.92,28.9,48.4763,49.0,48.8934,-0.5237,-0.4171,26.68413
2858.584,26.689,4.84,28.9,48.4828,49.0,48.9001,-0.5172,-0.4173,26.68216
2859.615,26.688,4.84,28.9,48.4895,49.0,48.9068,-0.5105,-0.4173,26.68461
2860.638,26.688,4.96,28.9,48.4963,49.0,48.9136,-0.5037,-0.4173,26.6862
2861.664,26.689,4.84,28.9,48.5029,49.0,48.9205,-0.4971,-0.4176,26.68132
2862.58,26.689,4.84,28.9,48.5088,49.0,48.9264,-0.4912,-0.4176,26.68507
2863.608,26.688,5.0,28.9,48.5157,50.0,48.9333,-1.4843,-0.4176,26.68799
2864.629,26.688,4.96,28.9,48.5224,50.0,48.9402,-1.4776,-0.4177,26.68306
2865.655,26.685,4.88,28.9,48.5291,50.0,48.9469,-1.4709,-0.4178,26.68211
2866.593,26.686,4.96,28.9,48.5353,50.0,48.9531,-1.4647,-0.4178,26.68282
2867.601,26.689,4.84,28.9,48.5419,50.0,48.96,-1.4581,-0.4181,26.67942
2868.621,26.689,4.84,28.9,48.5484,50.0,48.9667,-1.4516,-0.4182,26.68462
2869.645,26.689,4.88,28.9,48.5551,50.0,48.9734,-1.4449,-0.4183,26.68551
2870.672,26.686,5.0,28.9,48.562,50.0,48.9802,-1.438,-0.4183,26.6872
2871.606,26.691,4.88,28.9,48.5681,50.0,48.9867,-1.4319,-0.4186,26.67981
2872.615,26.685,4.88,28.9,48.5746,50.0,48.9933,-1.4254,-0.4186,26.68664
2873.643,26.689,4.84,28.9,48.5813,50.0,49.0002,-1.4187,-0.4189,26.68003
2874.665,26.689,4.84,28.9,48.5879,50.0,49.0069,-1.4121,-0.419,26.68463
2875.613,26.689,4.84,28.9,48.594,50.0,49.0131,-1.406,-0.4191,26.68499
2876.623,26.691,4.96,28.9,48.6007,50.0,49.0198,-1.3993,-0.4191,26.68723
2877.633,26.689,4.84,28.9,48.6072,50.0,49.0265,-1.3928,-0.4192,26.68431
2878.657,26.689,4.84,28.9,48.6139,50.0,49.0332,-1.3861,-0.4193,26.68468
2879.679,26.689,4.96,28.9,48.6206,50.0,49.0399,-1.3794,-0.4193,26.68718
2880.707,26.689,4.96,29.0,48.6274,50.0,49.0468,-1.3726,-0.4194,26.6848
2881.627,26.689,4.96,29.0,48.6335,50.0,49.053,-1.3665,-0.4194,26.6852
2882.65,26.688,4.84,28.9,48.6401,50.0,49.0597,-1.3599,-0.4196,26.6823
2883.678,26.686,4.84,29.0,48.6468,50.0,49.0664,-1.3532,-0.4196,26.68367
2884.699,26.688,4.88,28.9,48.6534,50.0,49.0732,-1.3466,-0.4197,26.68262
2885.632,26.688,4.92,28.9,48.6596,50.0,49.0793,-1.3404,-0.4198,26.68492
2886.65,26.688,4.88,28.9,48.6662,50.0,49.0861,-1.3338,-0.4199,26.68298
2887.683,26.688,4.88,28.9,48.6729,50.0,49.0929,-1.3271,-0.42,26.6837
2888.693,26.691,4.88,28.9,48.6795,50.0,49.0997,-1.3205,-0.4202,26.6838
2889.635,26.689,4.96,28.9,48.6858,50.0,49.1059,-1.3142,-0.4202,26.68864
2890.64,26.691,4.88,28.9,48.6923,50.0,49.1127,-1.3077,-0.4204,26.68326
2891.663,26.691,4.96,28.9,48.6991,50.0,49.1195,-1.3009,-0.4205,26.6883
2892.69,26.692,4.88,28.9,48.7058,50.0,49.1264,-1.2942,-0.4207,26.6851
2893.719,26.692,4.88,28.9,48.7125,50.0,49.1332,-1.2875,-0.4207,26.68761
2894.648,26.691,4.92,28.9,48.7186,50.0,49.1394,-1.2814,-0.4208,26.68888
2895.656,26.692,4.88,28.9,48.7252,50.0,49.1461,-1.2748,-0.4209,26.68598
2896.684,26.689,4.96,28.9,48.732,50.0,49.1529,-1.268,-0.4209,26.68928
2897.704,26.691,4.88,28.9,48.7386,50.0,49.1598,-1.2614,-0.4212,26.68321
2898.653,26.692,4.84,28.9,48.7448,50.0,49.1661,-1.2552,-0.4213,26.68612
2899.762,26.695,4.88,28.9,48.752,50.0,49.1735,-1.248,-0.4215,26.68809
2900.672,26.695,4.88,28.9,48.7579,50.0,49.1795,-1.2421,-0.4216,26.69105
2901.698,26.692,4.88,29.0,48.7646,50.0,49.1862,-1.2354,-0.4216,26.6906
2902.721,26.692,5.0,28.9,48.7714,50.0,49.193,-1.2286,-0.4216,26.6902
2903.662,26.692,4.88,28.9,48.7776,50.0,49.1993,-1.2224,-0.4218,26.68565
2904.671,26.692,4.88,28.9,48.7841,50.0,49.206,-1.2159,-0.4219,26.6877
2905.693,26.691,4.88,29.0,48.7908,50.0,49.2127,-1.2092,-0.4219,26.68768
2906.721,26.691,4.88,29.0,48.7975,50.0,49.2195,-1.2025,-0.422,26.68669
2907.748,26.689,4.88,29.0,48.8042,50.0,49.2262,-1.1958,-0.422,26.68668
2908.669,26.689,4.92,28.9,48.8103,50.0,49.2323,-1.1897,-0.422,26.68601
2909.684,26.692,4.88,29.0,48.8169,50.0,49.2392,-1.1831,-0.4223,26.68399
2910.708,26.691,4.96,28.9,48.8237,50.0,49.246,-1.1763,-0.4223,26.68928
2911.738,26.692,4.88,28.9,48.8304,50.0,49.2529,-1.1696,-0.4225,26.68511
2912.764,26.692,4.84,29.0,48.837,50.0,49.2596,-1.163,-0.4226,26.6868
2913.68,26.692,4.84,29.0,48.8429,50.0,49.2656,-1.1571,-0.4227,26.68808
2914.707,26.692,4.88,29.0,48.8496,50.0,49.2724,-1.1504,-0.4228,26.68846
2915.732,26.691,4.92,28.9,48.8563,50.0,49.2791,-1.1437,-0.4228,26.68851
2916.752,26.694,4.88,29.0,48.863,50.0,49.2861,-1.137,-0.4231,26.68594
2917.697,26.692,4.92,29.0,48.8692,50.0,49.2923,-1.1308,-0.4231,26.69074
2918.798,26.694,4.92,29.0,48.8764,50.0,49.2997,-1.1236,-0.4232,26.68744
2919.723,26.694,4.92,29.0,48.8825,50.0,49.3058,-1.1175,-0.4233,26.69005
2920.742,26.691,5.0,29.0,48.8893,50.0,49.3126,-1.1107,-0.4233,26.69135
2921.769,26.694,4.96,29.0,48.8961,50.0,49.3197,-1.1039,-0.4236,26.68602
2922.793,26.692,4.88,29.0,48.9028,50.0,49.3265,-1.0972,-0.4237,26.688
2923.718,26.691,4.88,29.0,48.9088,50.0,49.3325,-1.0912,-0.4237,26.68809
2924.741,26.692,4.96,28.9,48.9156,50.0,49.3394,-1.0844,-0.4237,26.68838
2925.766,26.692,4.96,28.9,48.9224,50.0,49.3462,-1.0776,-0.4238,26.68775
2926.788,26.689,4.88,29.0,48.9291,50.0,49.3529,-1.0709,-0.4239,26.6861
2927.722,26.691,4.92,28.9,48.9352,50.0,49.3592,-1.0648,-0.424,26.68595
2928.735,26.692,4.84,28.9,48.9417,50.0,49.3659,-1.0583,-0.4242,26.68512
2929.757,26.694,4.84,29.0,48.9483,50.0,49.3727,-1.0517,-0.4243,26.68762
2930.779,26.689,4.88,29.0,48.955,50.0,49.3793,-1.045,-0.4243,26.69042
2931.807,26.694,4.96,29.0,48.9618,50.0,49.3864,-1.0382,-0.4246,26.68646
2932.737,26.694,4.96,29.0,48.968,50.0,49.3926,-1.032,-0.4246,26.69005
2933.749,26.692,4.92,29.0,48.9746,50.0,49.3993,-1.0254,-0.4247,26.68894
2934.773,26.691,4.84,29.0,48.9812,50.0,49.406,-1.0188,-0.4248,26.68608
2935.804,26.691,4.88,29.0,48.988,50.0,49.4128,-1.012,-0.4248,26.68746
2936.74,26.691,4.84,29.0,48.994,50.0,49.419,-1.006,-0.4249,26.68625
2937.75,26.692,4.92,29.0,49.0007,50.0,49.4257,-0.9993,-0.425,26.68838
2938.767,26.692,4.92,29.0,49.0073,50.0,49.4324,-0.9927,-0.4251,26.68776
2939.794,26.695,5.0,28.9,49.0142,50.0,49.4394,-0.9858,-0.4252,26.68937
2940.818,26.691,4.88,29.0,49.0209,50.0,49.4461,-0.9791,-0.4252,26.68823
2941.76,26.692,4.88,29.0,49.027,50.0,49.4524,-0.973,-0.4253,26.68707
2942.764,26.694,4.84,29.0,49.0335,50.0,49.4591,-0.9665,-0.4256,26.68694
2943.795,26.692,4.88,28.9,49.0402,50.0,49.4658,-0.9598,-0.4256,26.69038
2944.813,26.692,4.88,29.0,49.0469,50.0,49.4725,-0.9531,-0.4257,26.68775
2945.835,26.692,4.88,29.0,49.0535,50.0,49.4792,-0.9465,-0.4257,26.6877
2946.772,26.692,4.88,29.0,49.0596,50.0,49.4854,-0.9404,-0.4258,26.68805
2947.779,26.697,4.84,29.0,49.0661,50.0,49.4923,-0.9339,-0.4261,26.68694
2948.803,26.694,4.96,29.0,49.0729,50.0,49.4991,-0.9271,-0.4261,26.69496
2949.829,26.692,4.88,29.0,49.0796,50.0,49.5058,-0.9204,-0.4262,26.68813
2950.855,26.692,4.88,29.0,49.0863,50.0,49.5126,-0.9137,-0.4263,26.68769
2951.779,26.692,4.88,29.0,49.0923,50.0,49.5187,-0.9077,-0.4263,26.68811
2952.797,26.694,4.88,29.0,49.0989,50.0,49.5255,-0.9011,-0.4265,26.68773
2953.821,26.694,4.96,29.0,49.1057,50.0,49.5323,-0.8943,-0.4265,26.69128
2954.845,26.694,4.88,29.0,49.1124,50.0,49.5391,-0.8876,-0.4267,26.68809
2955.784,26.695,4.92,29.0,49.1186,50.0,49.5453,-0.8814,-0.4268,26.69081
2956.795,26.695,4.84,29.0,49.1251,50.0,49.552,-0.8749,-0.4269,26.68907
2957.818,26.695,4.84,29.0,49.1317,50.0,49.5587,-0.8683,-0.427,26.69058
2958.838,26.692,4.92,29.0,49.1384,50.0,49.5654,-0.8616,-0.427,26.69227
2959.863,26.691,4.88,29.0,49.1451,50.0,49.5722,-0.8549,-0.4271,26.68696
2960.794,26.694,4.88,29.0,49.1512,50.0,49.5784,-0.8488,-0.4273,26.6871
2961.813,26.692,4.92,29.0,49.1579,50.0,49.5851,-0.8421,-0.4273,26.69047
2962.836,26.695,4.84,29.0,49.1645,50.0,49.592,-0.8355,-0.4275,26.68612
2963.861,26.691,4.88,29.0,49.1712,50.0,49.5987,-0.8288,-0.4275,26.69136
2964.803,26.691,4.88,29.0,49.1773,50.0,49.6049,-0.8227,-0.4276,26.68712
2965.808,26.695,4.92,29.0,49.1839,50.0,49.6117,-0.8161,-0.4278,26.68763
2966.83,26.694,4.96,29.0,49.1907,50.0,49.6185,-0.8093,-0.4278,26.69146
2967.852,26.692,4.88,29.0,49.1973,50.0,49.6252,-0.8027,-0.4279,26.68811
2968.898,26.692,4.88,29.0,49.2042,50.0,49.6321,-0.7958,-0.428,26.68762
2969.901,26.694,4.84,29.0,49.2106,50.0,49.6388,-0.7894,-0.4282,26.68696
2970.818,26.694,4.84,29.0,49.2166,50.0,49.6448,-0.7834,-0.4282,26.69003
2971.846,26.695,4.88,29.0,49.2233,50.0,49.6516,-0.7767,-0.4283,26.69044
2972.87,26.695,4.84,29.0,49.2299,50.0,49.6583,-0.7701,-0.4284,26.68981
2973.891,26.694,4.92,29.0,49.2366,50.0,49.665,-0.7634,-0.4284,26.69226
2974.821,26.694,4.84,29.0,49.2426,50.0,49.6711,-0.7574,-0.4285,26.68847
2975.843,26.695,4.96,29.0,49.2494,50.0,49.678,-0.7506,-0.4286,26.69209
2976.967,26.689,4.88,29.0,49.2567,50.0,49.6853,-0.7433,-0.4286,26.68867
2977.885,26.689,4.88,29.0,49.2627,50.0,49.6913,-0.7373,-0.4286,26.68525
2978.829,26.694,4.92,29.0,49.2689,50.0,49.6978,-0.7311,-0.4289,26.68592
2979.836,26.698,4.88,29.0,49.2754,50.0,49.7046,-0.7246,-0.4291,26.68888
2980.854,26.697,4.92,29.0,49.2821,50.0,49.7113,-0.7179,-0.4292,26.69435
2981.881,26.694,4.88,29.0,49.2888,50.0,49.718,-0.7112,-0.4292,26.69182
2982.908,26.695,4.84,29.0,49.2955,50.0,49.7248,-0.7045,-0.4293,26.68886
2983.836,26.695,4.84,29.0,49.3015,50.0,49.7308,-0.6985,-0.4294,26.69098
2984.849,26.697,4.92,29.0,49.3081,50.0,49.7376,-0.6919,-0.4295,26.69231
2985.874,26.695,4.84,29.0,49.3147,50.0,49.7443,-0.6853,-0.4295,26.69097
2986.9,26.694,4.88,29.0,49.3214,50.0,49.751,-0.6786,-0.4295,26.69143
2987.845,26.697,4.88,29.0,49.3276,50.0,49.7573,-0.6724,-0.4297,26.69002
2988.856,26.692,4.88,29.0,49.3342,50.0,49.7639,-0.6658,-0.4297,26.69261
2989.868,26.692,4.88,29.0,49.3408,50.0,49.7705,-0.6592,-0.4298,26.68783
2990.9,26.694,4.92,29.0,49.3476,50.0,49.7774,-0.6524,-0.4299,26.6885
2991.92,26.698,4.84,29.0,49.3542,50.0,49.7843,-0.6458,-0.4301,26.68804
2992.866,26.694,4.96,29.0,49.3604,50.0,49.7905,-0.6396,-0.4301,26.69625
2993.867,26.7,4.84,29.0,49.3669,50.0,49.7974,-0.6331,-0.4305,26.68746
2994.891,26.695,4.92,29.0,49.3736,50.0,49.8041,-0.6264,-0.4305,26.69702
2995.912,26.692,4.88,29.0,49.3803,50.0,49.8107,-0.6197,-0.4305,26.68997
2996.936,26.692,4.88,29.0,49.3869,50.0,49.8175,-0.6131,-0.4305,26.68775
2997.875,26.694,4.92,29.0,49.3931,50.0,49.8237,-0.6069,-0.4306,26.68888
2998.878,26.692,4.92,29.0,49.3997,50.0,49.8303,-0.6003,-0.4306,26.68977
2999.901,26.692,4.84,29.0,49.4063,50.0,49.8371,-0.5937,-0.4307,26.68613
3000.93,26.694,4.92,29.0,49.4131,50.0,49.8439,-0.5869,-0.4308,26.68927
3001.954,26.694,4.84,29.0,49.4197,50.0,49.8506,-0.5803,-0.4309,26.68804
3002.888,26.694,4.84,29.0,49.4257,50.0,49.8567,-0.5743,-0.431,26.68998
3003.902,26.697,4.96,29.0,49.4325,50.0,49.8635,-0.5675,-0.4311,26.69215
3004.921,26.695,4.84,29.0,49.439,50.0,49.8702,-0.561,-0.4311,26.69021
3005.944,26.698,4.88,29.0,49.4457,50.0,49.877,-0.5543,-0.4313,26.69143
3006.889,26.697,4.92,29.0,49.4519,50.0,49.8832,-0.5481,-0.4313,26.69469
3007.896,26.698,4.92,29.0,49.4585,50.0,49.8899,-0.5415,-0.4314,26.69274
3009.027,26.695,4.88,29.0,49.4659,50.0,49.8973,-0.5341,-0.4314,26.69233
3009.941,26.695,4.88,29.0,49.4719,50.0,49.9033,-0.5281,-0.4314,26.69113
3010.964,26.695,4.84,29.0,49.4785,51.0,49.91,-1.5215,-0.4315,26.68983
3011.892,26.694,4.92,29.0,49.4846,51.0,49.9161,-1.5154,-0.4315,26.69264
3012.907,26.697,4.88,29.0,49.4912,51.0,49.9229,-1.5088,-0.4317,26.68897
3013.93,26.695,4.88,29.0,49.4979,51.0,49.9296,-1.5021,-0.4317,26.69254
3014.958,26.695,4.92,29.0,49.5046,51.0,49.9364,-1.4954,-0.4318,26.69149
3015.897,26.695,4.92,29.0,49.5108,51.0,49.9426,-1.4892,-0.4318,26.69104
3016.905,26.698,4.84,29.0,49.5173,51.0,49.9493,-1.4827,-0.432,26.6891
3017.929,26.695,4.88,29.0,49.524,51.0,49.956,-1.476,-0.432,26.69428
3018.953,26.695,4.84,29.0,49.5306,51.0,49.9627,-1.4694,-0.4321,26.68989
3019.973,26.698,4.88,29.0,49.5372,51.0,49.9695,-1.4628,-0.4322,26.69144
3021.003,26.698,4.84,29.0,49.5439,51.0,49.9762,-1.4561,-0.4323,26.69269
3021.921,26.698,4.84,29.0,49.5498,51.0,49.9822,-1.4502,-0.4323,26.69398
3022.944,26.698,4.96,29.0,49.5566,51.0,49.989,-1.4434,-0.4323,26.69603
3023.967,26.698,4.88,29.0,49.5633,51.0,49.9957,-1.4367,-0.4324,26.69205
3024.917,26.694,4.92,29.0,49.5695,51.0,50.002,-1.4305,-0.4324,26.69467
3025.922,26.698,4.92,29.0,49.5761,51.0,50.0087,-1.4239,-0.4326,26.68985
3026.941,26.7,4.84,29.0,49.5827,51.0,50.0155,-1.4173,-0.4328,26.69188
3028.076,26.698,4.88,29.0,49.5901,51.0,50.0229,-1.4099,-0.4328,26.69575
3028.987,26.698,4.88,29.0,49.596,51.0,50.0289,-1.404,-0.4328,26.69407
3029.937,26.694,4.84,29.0,49.6022,51.0,50.035,-1.3978,-0.4329,26.69305
3030.935,26.698,4.92,29.0,49.6087,51.0,50.0417,-1.3913,-0.433,26.69142
3031.958,26.697,4.92,29.0,49.6155,51.0,50.0485,-1.3845,-0.433,26.69354
3032.977,26.698,4.88,29.0,49.6221,51.0,50.0552,-1.3779,-0.4331,26.69182
3034.006,26.698,4.92,29.0,49.6289,51.0,50.062,-1.3711,-0.4331,26.69431
3034.945,26.698,4.92,29.0,49.635,51.0,50.0682,-1.365,-0.4332,26.69395
3035.952,26.698,4.92,29.0,49.6417,51.0,50.0749,-1.3583,-0.4332,26.69366
3036.977,26.7,4.96,29.0,49.6484,51.0,50.0817,-1.3516,-0.4333,26.69439
3038.0,26.698,4.92,29.0,49.6552,51.0,50.0885,-1.3448,-0.4333,26.69472
3039.02,26.7,4.84,29.0,49.6618,51.0,50.0952,-1.3382,-0.4335,26.69197
3040.052,26.695,4.84,29.0,49.6684,51.0,50.1019,-1.3316,-0.4335,26.69535
3040.967,26.695,4.84,29.0,49.6743,51.0,50.1079,-1.3257,-0.4335,26.69114
3041.991,26.698,4.88,29.0,49.681,51.0,50.1146,-1.319,-0.4336,26.6914
3043.015,26.698,4.88,29.0,49.6877,51.0,50.1214,-1.3123,-0.4337,26.69348
3044.038,26.698,4.92,29.0,49.6944,51.0,50.1281,-1.3056,-0.4337,26.69436
3044.972,26.698,4.84,29.0,49.7005,51.0,50.1342,-1.2995,-0.4338,26.69232
3045.988,26.7,4.92,29.0,49.7071,51.0,50.141,-1.2929,-0.4338,26.69515
3047.011,26.697,4.88,29.0,49.7138,51.0,50.1476,-1.2862,-0.4338,26.6947
3048.032,26.697,4.88,29.0,49.7205,51.0,50.1543,-1.2795,-0.4339,26.69262
3048.981,26.698,4.92,29.0,49.7267,51.0,50.1606,-1.2733,-0.4339,26.69369
3049.983,26.697,4.84,29.0,49.7332,51.0,50.1671,-1.2668,-0.434,26.69202
3051.01,26.697,4.88,29.0,49.7399,51.0,50.1739,-1.2601,-0.434,26.69331
3052.025,26.697,4.84,29.0,49.7464,51.0,50.1805,-1.2536,-0.4341,26.69178
3053.053,26.698,4.88,29.0,49.7531,51.0,50.1872,-1.2469,-0.4341,26.6933
3053.987,26.698,4.88,29.0,49.7592,51.0,50.1934,-1.2408,-0.4341,26.6939
3054.995,26.695,4.88,29.0,49.7658,51.0,50.1999,-1.2342,-0.4341,26.6936
3056.02,26.698,4.84,29.0,49.7724,51.0,50.2067,-1.2276,-0.4343,26.68984
3057.044,26.698,4.92,29.0,49.7791,51.0,50.2134,-1.2209,-0.4343,26.69503
3058.067,26.702,4.88,29.0,49.7858,51.0,50.2202,-1.2142,-0.4344,26.69278
3058.999,26.698,4.88,29.0,49.7919,51.0,50.2263,-1.2081,-0.4344,26.6977
3060.115,26.698,4.84,29.0,49.7991,51.0,50.2336,-1.2009,-0.4345,26.69243
3061.036,26.698,4.84,29.0,49.805,51.0,50.2396,-1.195,-0.4345,26.69389
3062.064,26.702,4.88,29.0,49.8117,51.0,50.2464,-1.1883,-0.4347,26.6943
3063.003,26.7,4.84,29.0,49.8178,51.0,50.2525,-1.1822,-0.4347,26.69688
3064.01,26.7,4.88,29.0,49.8244,51.0,50.2591,-1.1756,-0.4347,26.69637
3065.035,26.7,4.84,29.0,49.831,51.0,50.2658,-1.169,-0.4348,26.69467
3066.059,26.702,4.88,29.0,49.8377,51.0,50.2725,-1.1623,-0.4348,26.69623
3067.087,26.702,4.88,29.0,49.8444,51.0,50.2792,-1.1556,-0.4349,26.69737
3068.014,26.702,4.88,29.0,49.8504,51.0,50.2853,-1.1496,-0.4349,26.69783
3069.024,26.698,4.92,29.0,49.8571,51.0,50.2919,-1.1429,-0.4349,26.69831
3070.049,26.7,4.96,29.0,49.8638,51.0,50.2988,-1.1362,-0.4349,26.6945
3071.074,26.702,4.84,29.0,49.8705,51.0,50.3055,-1.1295,-0.4351,26.69303
3072.106,26.7,4.88,29.0,49.8772,51.0,50.3123,-1.1228,-0.4351,26.69802
3073.025,26.7,4.88,29.0,49.8832,51.0,50.3183,-1.1168,-0.4351,26.69598
3074.045,26.7,4.92,29.0,49.8899,51.0,50.325,-1.1101,-0.4351,26.69631
3075.07,26.698,4.88,29.0,49.8966,51.0,50.3317,-1.1034,-0.4351,26.69469
3076.093,26.698,4.92,29.0,49.9033,51.0,50.3384,-1.0967,-0.4352,26.69435
3077.028,26.7,4.92,29.0,49.9094,51.0,50.3447,-1.0906,-0.4352,26.69392
3078.04,26.702,4.88,29.0,49.916,51.0,50.3513,-1.084,-0.4353,26.69466
3079.064,26.7,4.92,29.0,49.9228,51.0,50.3581,-1.0772,-0.4353,26.69812
3080.085,26.7,4.92,29.0,49.9295,51.0,50.3648,-1.0705,-0.4353,26.69558
3081.111,26.7,4.88,29.0,49.9362,51.0,50.3715,-1.0638,-0.4354,26.69465
3082.038,26.702,4.88,29.0,49.9422,51.0,50.3776,-1.0578,-0.4354,26.69582
3083.054,26.7,4.92,29.0,49.9489,51.0,50.3843,-1.0511,-0.4354,26.69819
3084.079,26.702,4.84,29.0,49.9555,51.0,50.391,-1.0445,-0.4355,26.69392
3085.104,26.698,4.88,29.0,49.9622,51.0,50.3977,-1.0378,-0.4355,26.69804
3086.039,26.698,4.88,29.0,49.9683,51.0,50.4038,-1.0317,-0.4356,26.69402
3087.047,26.7,4.92,29.0,49.9749,51.0,50.4105,-1.0251,-0.4356,26.69437
3088.075,26.702,4.96,29.0,49.9817,51.0,50.4174,-1.0183,-0.4356,26.69621
3089.099,26.702,4.84,29.0,49.9883,51.0,50.424,-1.0117,-0.4357,26.69494
3090.045,26.7,4.88,29.0,49.9945,51.0,50.4302,-1.0055,-0.4357,26.69839
3091.048,26.7,4.88,29.0,50.001,51.0,50.4368,-0.999,-0.4357,26.69562
3092.064,26.7,4.88,29.0,50.0077,51.0,50.4434,-0.9923,-0.4358,26.69545
3093.09,26.7,4.84,29.0,50.0143,51.0,50.4501,-0.9857,-0.4358,26.69458
3094.117,26.702,4.96,29.0,50.0211,51.0,50.4569,-0.9789,-0.4358,26.69778
3095.05,26.7,4.92,29.0,50.0272,51.0,50.4631,-0.9728,-0.4358,26.69701
3096.059,26.702,4.96,29.0,50.0339,51.0,50.4698,-0.9661,-0.4359,26.69638
3097.086,26.702,4.88,29.0,50.0406,51.0,50.4765,-0.9594,-0.4359,26.69572
3098.112,26.698,4.84,29.0,50.0472,51.0,50.4831,-0.9528,-0.4359,26.69644
3099.135,26.698,4.84,29.0,50.0538,51.0,50.4898,-0.9462,-0.4359,26.69354
3100.062,26.698,4.84,29.0,50.0598,51.0,50.4958,-0.9402,-0.436,26.69381
3101.076,26.702,4.88,29.0,50.0664,51.0,50.5025,-0.9336,-0.436,26.69427
3102.105,26.702,4.88,29.0,50.0731,51.0,50.5092,-0.9269,-0.4361,26.69716
3103.13,26.7,4.88,29.0,50.0798,51.0,50.5159,-0.9202,-0.4361,26.69732
3104.154,26.7,4.84,29.0,50.0864,51.0,50.5225,-0.9136,-0.4361,26.69465
3105.074,26.7,4.84,29.0,50.0924,51.0,50.5285,-0.9076,-0.4361,26.69575
3106.094,26.702,4.88,29.0,50.099,51.0,50.5352,-0.901,-0.4361,26.6962
3107.118,26.702,4.88,29.0,50.1057,51.0,50.5419,-0.8943,-0.4362,26.69727
3108.143,26.702,4.88,29.0,50.1124,51.0,50.5486,-0.8876,-0.4362,26.69732
3109.078,26.7,4.92,29.0,50.1185,51.0,50.5547,-0.8815,-0.4362,26.69853
3110.092,26.702,4.92,29.0,50.1252,51.0,50.5614,-0.8748,-0.4362,26.6956
3111.117,26.702,4.92,29.0,50.1319,51.0,50.5682,-0.8681,-0.4363,26.69727
3112.137,26.702,4.84,29.0,50.1385,51.0,50.5748,-0.8615,-0.4363,26.69574
3113.083,26.702,4.88,29.0,50.1447,51.0,50.581,-0.8553,-0.4363,26.69837
3114.088,26.702,4.84,29.0,50.1512,51.0,50.5875,-0.8488,-0.4364,26.69665
3115.108,26.702,4.88,29.0,50.1578,51.0,50.5942,-0.8422,-0.4364,26.6981
3116.133,26.702,4.88,29.0,50.1645,51.0,50.6009,-0.8355,-0.4364,26.69736
3117.159,26.7,4.88,29.0,50.1712,51.0,50.6076,-0.8288,-0.4364,26.69732
3118.095,26.7,4.88,29.0,50.1773,51.0,50.6137,-0.8227,-0.4364,26.69584
3119.103,26.702,4.96,29.0,50.184,51.0,50.6204,-0.816,-0.4364,26.6971
3120.124,26.7,4.92,29.0,50.1907,51.0,50.6272,-0.8093,-0.4365,26.69658
3121.148,26.702,4.88,29.0,50.1974,51.0,50.6339,-0.8026,-0.4365,26.69465
3122.098,26.702,4.88,29.0,50.2036,51.0,50.6401,-0.7964,-0.4365,26.69752
3123.109,26.703,4.88,29.0,50.2102,51.0,50.6467,-0.7898,-0.4366,26.69739
3124.119,26.703,4.88,29.0,50.2167,51.0,50.6533,-0.7833,-0.4366,26.69832
3125.142,26.702,4.92,29.0,50.2235,51.0,50.6601,-0.7765,-0.4366,26.69913
3126.168,26.703,4.92,29.0,50.2302,51.0,50.6668,-0.7698,-0.4366,26.69744
3127.112,26.702,4.88,29.0,50.2363,51.0,50.673,-0.7637,-0.4367,26.69782
3128.111,26.7,4.84,29.0,50.2428,51.0,50.6795,-0.7572,-0.4367,26.69664
3129.138,26.702,4.88,29.0,50.2495,51.0,50.6862,-0.7505,-0.4367,26.69621
3130.166,26.702,4.92,29.0,50.2563,51.0,50.693,-0.7437,-0.4367,26.69807
3131.188,26.702,4.92,29.0,50.263,51.0,50.6997,-0.737,-0.4367,26.69741
3132.123,26.703,4.92,29.0,50.2691,51.0,50.7059,-0.7309,-0.4368,26.69774
3133.133,26.702,4.92,29.0,50.2758,51.0,50.7125,-0.7242,-0.4368,26.69837
3134.155,26.702,4.92,29.0,50.2825,51.0,50.7193,-0.7175,-0.4368,26.69742
3135.176,26.702,4.88,29.0,50.2891,51.0,50.726,-0.7109,-0.4368,26.69656
3136.206,26.7,4.96,29.0,50.2959,51.0,50.7328,-0.7041,-0.4368,26.6989
3137.188,26.7,4.96,29.0,50.3025,51.0,50.7393,-0.6975,-0.4369,26.69579
3138.152,26.702,4.92,29.0,50.3088,51.0,50.7457,-0.6912,-0.4369,26.6949
3139.172,26.7,4.92,29.0,50.3155,51.0,50.7524,-0.6845,-0.4369,26.69726
3140.195,26.7,4.96,29.0,50.3223,51.0,50.7592,-0.6777,-0.4369,26.69632
3141.141,26.702,4.84,29.0,50.3284,51.0,50.7654,-0.6716,-0.437,26.69337
3142.147,26.703,4.88,29.0,50.3349,51.0,50.772,-0.6651,-0.437,26.698
3143.271,26.702,4.88,29.0,50.3423,51.0,50.7793,-0.6577,-0.4371,26.69786
3144.188,26.702,4.88,29.0,50.3482,51.0,50.7853,-0.6518,-0.4371,26.69781
3145.213,26.703,4.88,29.0,50.3549,51.0,50.792,-0.6451,-0.4371,26.69735
3146.151,26.702,4.88,29.0,50.361,51.0,50.7982,-0.639,-0.4371,26.69863
3147.159,26.702,4.92,29.0,50.3677,51.0,50.8048,-0.6323,-0.4371,26.69828
3148.184,26.7,4.92,29.0,50.3744,51.0,50.8115,-0.6256,-0.4372,26.6974
3149.208,26.703,4.92,29.0,50.3811,51.0,50.8183,-0.6189,-0.4372,26.69551
3150.154,26.703,4.92,29.0,50.3873,51.0,50.8246,-0.6127,-0.4372,26.69854
3151.157,26.702,4.96,29.1,50.394,51.0,50.8312,-0.606,-0.4372,26.69926
3152.179,26.702,4.88,29.0,50.4006,51.0,50.8379,-0.5994,-0.4373,26.69587
3153.199,26.7,4.88,29.0,50.4073,51.0,50.8446,-0.5927,-0.4373,26.69727
3154.227,26.703,4.88,29.0,50.414,51.0,50.8513,-0.586,-0.4374,26.69545
3155.158,26.702,4.84,29.0,50.42,51.0,50.8574,-0.58,-0.4374,26.69775
3156.173,26.702,4.84,29.0,50.4266,51.0,50.864,-0.5734,-0.4374,26.69736
3157.195,26.7,4.88,29.0,50.4332,51.0,50.8706,-0.5668,-0.4374,26.69812
3158.22,26.703,4.88,29.0,50.4399,52.0,50.8774,-1.5601,-0.4375,26.6955
3159.165,26.703,4.84,29.0,50.446,52.0,50.8835,-1.554,-0.4375,26.6977
3160.164,26.703,4.84,29.0,50.4525,52.0,50.89,-1.5475,-0.4375,26.69835
3161.192,26.7,4.84,29.0,50.4591,52.0,50.8966,-1.5409,-0.4375,26.69826
3162.318,26.702,4.88,29.0,50.4665,52.0,50.904,-1.5335,-0.4376,26.69586
3163.234,26.702,4.88,29.0,50.4724,52.0,50.91,-1.5276,-0.4376,26.69772
3164.166,26.702,4.88,29.0,50.4785,52.0,50.9161,-1.5215,-0.4376,26.69774
3165.187,26.702,4.88,29.0,50.4852,52.0,50.9228,-1.5148,-0.4376,26.69736
3166.207,26.705,4.88,29.0,50.4918,52.0,50.9295,-1.5082,-0.4377,26.69735
3167.229,26.7,4.96,29.0,50.4986,52.0,50.9363,-1.5014,-0.4377,26.70176
3168.259,26.703,4.88,29.0,50.5053,52.0,50.9431,-1.4947,-0.4378,26.6941
3169.177,26.703,4.88,29.0,50.5113,52.0,50.9491,-1.4887,-0.4378,26.69856
3170.199,26.702,4.84,29.0,50.5179,52.0,50.9557,-1.4821,-0.4378,26.69751
3171.224,26.703,4.84,29.0,50.5245,52.0,50.9624,-1.4755,-0.4379,26.6973
3172.247,26.702,4.92,29.0,50.5312,52.0,50.9691,-1.4688,-0.4379,26.69986
3173.19,26.703,4.96,29.0,50.5375,52.0,50.9753,-1.4625,-0.4379,26.69864
3174.199,26.702,4.88,29.0,50.544,52.0,50.982,-1.456,-0.4379,26.69683
3175.218,26.702,4.88,29.0,50.5507,52.0,50.9886,-1.4493,-0.4379,26.69733
3176.241,26.703,4.88,29.0,50.5574,52.0,50.9953,-1.4426,-0.438,26.69733
3177.189,26.703,4.92,29.0,50.5636,52.0,51.0016,-1.4364,-0.438,26.6994
3178.194,26.702,4.92,29.0,50.5702,52.0,51.0082,-1.4298,-0.438,26.69848
3179.21,26.703,4.84,29.0,50.5768,52.0,51.0148,-1.4232,-0.4381,26.69582
3180.243,26.703,4.88,29.0,50.5835,52.0,51.0216,-1.4165,-0.4381,26.69893
3181.264,26.703,4.88,29.0,50.5901,52.0,51.0282,-1.4099,-0.4381,26.69835
3182.204,26.703,4.88,29.0,50.5963,52.0,51.0344,-1.4037,-0.4381,26.69867
3183.205,26.702,4.88,29.0,50.6028,52.0,51.0409,-1.3972,-0.4381,26.69842
3184.227,26.702,4.92,29.0,50.6095,52.0,51.0477,-1.3905,-0.4381,26.69821
3185.253,26.7,4.92,29.0,50.6163,52.0,51.0544,-1.3837,-0.4382,26.6974
3186.276,26.7,4.96,29.0,50.623,52.0,51.0612,-1.377,-0.4382,26.69632
3187.304,26.703,4.92,29.0,50.6298,52.0,51.068,-1.3702,-0.4382,26.69465
3188.222,26.703,4.92,29.0,50.6358,52.0,51.0741,-1.3642,-0.4383,26.69861
3189.246,26.702,4.84,29.0,50.6424,52.0,51.0807,-1.3576,-0.4383,26.69673
3190.271,26.702,4.88,29.0,50.6491,52.0,51.0874,-1.3509,-0.4383,26.69808
3191.219,26.702,4.84,29.0,50.6552,52.0,51.0936,-1.3448,-0.4383,26.69688
3192.217,26.702,4.92,29.0,50.6618,52.0,51.1002,-1.3382,-0.4384,26.69901
3193.246,26.7,4.96,29.0,50.6686,52.0,51.107,-1.3314,-0.4384,26.69824
3194.371,26.705,4.96,29.0,50.6761,52.0,51.1145,-1.3239,-0.4384,26.69516
3195.289,26.705,4.96,29.0,50.6822,52.0,51.1206,-1.3178,-0.4385,26.70053
3196.237,26.703,4.92,29.0,50.6884,52.0,51.1269,-1.3116,-0.4385,26.69986
3197.241,26.7,4.92,29.0,50.695,52.0,51.1335,-1.305,-0.4385,26.6985
3198.257,26.702,4.88,29.1,50.7016,52.0,51.1401,-1.2984,-0.4385,26.69478
3199.283,26.702,4.88,29.0,50.7083,52.0,51.1469,-1.2917,-0.4386,26.6972
3200.308,26.702,4.92,29.0,50.715,52.0,51.1536,-1.285,-0.4386,26.69813
3201.245,26.702,4.92,29.0,50.7212,52.0,51.1598,-1.2788,-0.4386,26.69777
3202.251,26.703,4.88,29.0,50.7277,52.0,51.1664,-1.2723,-0.4386,26.69665
3203.28,26.702,4.88,29.0,50.7344,52.0,51.1731,-1.2656,-0.4387,26.6982
3204.303,26.703,4.84,29.0,50.7411,52.0,51.1798,-1.2589,-0.4387,26.69656
3205.325,26.702,4.88,29.0,50.7477,52.0,51.1864,-1.2523,-0.4387,26.69901
3206.353,26.703,4.92,29.1,50.7545,52.0,51.1932,-1.2455,-0.4387,26.69821
3207.269,26.703,4.92,29.1,50.7605,52.0,51.1993,-1.2395,-0.4388,26.6988
3208.293,26.703,4.92,29.1,50.7672,52.0,51.206,-1.2328,-0.4388,26.69836
3209.318,26.7,4.92,29.0,50.774,52.0,51.2127,-1.226,-0.4388,26.69834
3210.263,26.702,4.88,29.0,50.7801,52.0,51.219,-1.2199,-0.4388,26.69507
3211.273,26.705,4.88,29.1,50.7867,52.0,51.2256,-1.2133,-0.4389,26.69728
3212.292,26.702,4.88,29.0,50.7933,52.0,51.2323,-1.2067,-0.4389,26.70014
3213.318,26.705,4.84,29.1,50.8,52.0,51.239,-1.2,-0.439,26.69665
3214.333,26.705,4.84,29.1,50.8065,52.0,51.2456,-1.1935,-0.439,26.70009
3215.269,26.702,4.92,29.0,50.8127,52.0,51.2517,-1.1873,-0.439,26.70223
3216.28,26.705,4.96,29.1,50.8194,52.0,51.2584,-1.1806,-0.4391,26.69847
3217.304,26.702,4.88,29.0,50.8261,52.0,51.2651,-1.1739,-0.4391,26.69862
3218.331,26.705,4.88,29.1,50.8327,52.0,51.2719,-1.1673,-0.4391,26.69738
3219.357,26.7,4.88,29.1,50.8394,52.0,51.2786,-1.1606,-0.4391,26.70011
3220.279,26.7,4.88,29.1,50.8454,52.0,51.2846,-1.1546,-0.4392,26.69604
3221.303,26.703,4.88,29.0,50.8521,52.0,51.2913,-1.1479,-0.4392,26.69541
3222.322,26.705,4.92,29.0,50.8588,52.0,51.2981,-1.1412,-0.4393,26.699
3223.355,26.706,4.84,29.0,50.8655,52.0,51.3048,-1.1345,-0.4393,26.69857
3224.28,26.703,4.84,29.1,50.8715,52.0,51.3108,-1.1285,-0.4393,26.70151
3225.298,26.702,4.84,29.1,50.8781,52.0,51.3174,-1.1219,-0.4393,26.69846
3226.321,26.702,4.84,29.1,50.8847,52.0,51.324,-1.1153,-0.4394,26.69736
3227.34,26.702,4.84,29.0,50.8913,52.0,51.3306,-1.1087,-0.4394,26.69732
3228.367,26.703,4.88,29.0,50.8979,52.0,51.3374,-1.1021,-0.4394,26.69809
3229.295,26.702,4.88,29.0,50.904,52.0,51.3434,-1.096,-0.4394,26.69871
3230.31,26.703,4.88,29.1,50.9106,52.0,51.3501,-1.0894,-0.4395,26.69744
3231.338,26.703,4.96,29.1,50.9174,52.0,51.3569,-1.0826,-0.4395,26.69987
3232.358,26.702,4.92,29.1,50.9241,52.0,51.3636,-1.0759,-0.4395,26.69765
3233.308,26.702,4.92,29.1,50.9304,52.0,51.3699,-1.0696,-0.4395,26.69769
3234.311,26.705,4.92,29.1,50.937,52.0,51.3765,-1.063,-0.4396,26.69747
3235.327,26.703,4.92,29.1,50.9436,52.0,51.3832,-1.0564,-0.4396,26.70019
3236.355,26.702,4.92,29.0,50.9504,52.0,51.39,-1.0496,-0.4396,26.69841
3237.382,26.705,4.88,29.0,50.9571,52.0,51.3968,-1.0429,-0.4397,26.69659
3238.408,26.702,4.84,29.0,50.9637,52.0,51.4034,-1.0363,-0.4397,26.69926
3239.325,26.702,4.84,29.0,50.9696,52.0,51.4094,-1.0304,-0.4397,26.69785
3240.346,26.705,4.84,29.0,50.9762,52.0,51.416,-1.0238,-0.4398,26.69733
3241.375,26.703,4.88,29.1,50.9829,52.0,51.4227,-1.0171,-0.4398,26.70088
3242.403,26.706,4.92,29.1,50.9897,52.0,51.4295,-1.0103,-0.4398,26.69923
3243.323,26.705,4.88,29.1,50.9957,52.0,51.4356,-1.0043,-0.4399,26.70082
3244.413,26.705,4.96,29.1,51.0029,52.0,51.4428,-0.9971,-0.4399,26.70163
3245.47,26.706,4.92,29.1,51.0099,52.0,51.4498,-0.9901,-0.4399,26.69944
3246.39,26.706,4.92,29.1,51.0159,52.0,51.4559,-0.9841,-0.4399,26.70164
3247.337,26.706,4.88,29.0,51.0221,52.0,51.4621,-0.9779,-0.44,26.70082
3248.339,26.705,4.84,29.1,51.0286,52.0,51.4686,-0.9714,-0.44,26.70051
3249.359,26.706,4.88,29.1,51.0352,52.0,51.4752,-0.9648,-0.44,26.70107
3250.382,26.705,4.88,29.0,51.0419,52.0,51.4819,-0.9581,-0.44,26.70124
3251.406,26.702,4.88,29.1,51.0485,52.0,51.4886,-0.9515,-0.4401,26.70031
3252.338,26.702,4.88,29.1,51.0546,52.0,51.4947,-0.9454,-0.4401,26.69787
3253.355,26.705,5.0,29.1,51.0614,52.0,51.5015,-0.9386,-0.4401,26.69982
3254.379,26.706,4.88,29.1,51.0681,52.0,51.5083,-0.9319,-0.4402,26.69791
3255.408,26.705,4.84,29.1,51.0747,52.0,51.5149,-0.9253,-0.4402,26.70025
3256.343,26.706,4.88,29.1,51.0808,52.0,51.5211,-0.9192,-0.4402,26.70143
3257.354,26.706,4.88,29.1,51.0874,52.0,51.5277,-0.9126,-0.4403,26.70131
3258.369,26.706,4.88,29.1,51.094,52.0,51.5343,-0.906,-0.4403,26.70128
3259.395,26.703,4.88,29.1,51.1007,52.0,51.541,-0.8993,-0.4403,26.70123
3260.419,26.706,4.88,29.1,51.1074,52.0,51.5477,-0.8926,-0.4403,26.69845
3261.353,26.705,4.88,29.1,51.1135,52.0,51.5538,-0.8865,-0.4404,26.7015
3262.365,26.705,4.84,29.1,51.12,52.0,51.5604,-0.88,-0.4404,26.69957
3263.39,26.706,4.88,29.1,51.1267,52.0,51.5671,-0.8733,-0.4404,26.701
3264.416,26.706,4.92,29.1,51.1334,52.0,51.5739,-0.8666,-0.4404,26.70203
3265.359,26.706,4.92,29.1,51.1396,52.0,51.5801,-0.8604,-0.4405,26.70166
3266.362,26.706,4.88,29.0,51.1462,52.0,51.5867,-0.8538,-0.4405,26.70058
3267.382,26.706,4.84,29.1,51.1528,52.0,51.5933,-0.8472,-0.4405,26.70042
3268.411,26.706,4.96,29.1,51.1596,52.0,51.6001,-0.8404,-0.4405,26.70357
3269.431,26.705,4.88,29.1,51.1662,52.0,51.6068,-0.8338,-0.4406,26.69982
3270.462,26.708,4.84,29.1,51.1729,52.0,51.6136,-0.8271,-0.4407,26.6994
3271.375,26.708,4.84,29.1,51.1788,52.0,51.6195,-0.8212,-0.4407,26.70347
3272.4,26.705,4.92,29.1,51.1855,52.0,51.6262,-0.8145,-0.4407,26.70479
3273.424,26.703,4.92,29.1,51.1923,52.0,51.6329,-0.8077,-0.4407,26.70052
3274.445,26.705,4.92,29.1,51.199,52.0,51.6397,-0.801,-0.4407,26.69846
3275.383,26.708,4.84,29.1,51.205,52.0,51.6459,-0.795,-0.4408,26.69896
3276.398,26.705,4.88,29.1,51.2117,52.0,51.6525,-0.7883,-0.4408,26.7038
3277.416,26.705,4.88,29.1,51.2183,52.0,51.6591,-0.7817,-0.4408,26.70046
3278.444,26.706,4.84,29.1,51.2249,52.0,51.6658,-0.7751,-0.4409,26.69945
3279.391,26.706,4.88,29.1,51.2311,52.0,51.672,-0.7689,-0.4409,26.70226
3280.398,26.708,4.92,29.1,51.2377,52.0,51.6787,-0.7623,-0.4409,26.70217
3281.415,26.706,4.88,29.1,51.2444,52.0,51.6853,-0.7556,-0.441,26.7024
3282.438,26.706,4.92,29.1,51.2511,52.0,51.6921,-0.7489,-0.441,26.70211
3283.467,26.706,4.96,29.1,51.2579,52.0,51.6989,-0.7421,-0.441,26.7021
3284.41,26.706,4.96,29.1,51.2641,52.0,51.7052,-0.7359,-0.441,26.7017
3285.41,26.706,4.84,29.1,51.2706,52.0,51.7117,-0.7294,-0.4411,26.69901
3286.431,26.706,4.96,29.1,51.2774,52.0,51.7184,-0.7226,-0.4411,26.70354
3287.457,26.706,4.88,29.1,51.2841,52.0,51.7252,-0.7159,-0.4411,26.69979
3288.479,26.706,4.84,29.1,51.2907,52.0,51.7318,-0.7093,-0.4412,26.70037
3289.504,26.708,4.84,29.1,51.2973,52.0,51.7385,-0.7027,-0.4412,26.70116
3290.435,26.708,4.84,29.1,51.3033,52.0,51.7445,-0.6967,-0.4412,26.70348
3291.445,26.708,4.96,29.1,51.31,52.0,51.7512,-0.69,-0.4412,26.70566
3292.469,26.703,4.88,29.1,51.3167,52.0,51.7579,-0.6833,-0.4413,26.70177
3293.417,26.705,4.96,29.1,51.3229,52.0,51.7642,-0.6771,-0.4413,26.70042
3294.421,26.705,4.92,29.1,51.3295,52.0,51.7709,-0.6705,-0.4413,26.69961
3295.445,26.705,4.92,29.1,51.3363,52.0,51.7776,-0.6637,-0.4413,26.70026
3296.569,26.703,4.92,29.1,51.3437,52.0,51.785,-0.6563,-0.4413,26.69986
3297.498,26.703,4.92,29.1,51.3498,52.0,51.7911,-0.6502,-0.4414,26.69882
3298.428,26.705,5.0,29.1,51.356,52.0,51.7974,-0.644,-0.4414,26.70038
3299.441,26.708,4.92,29.1,51.3626,52.0,51.8041,-0.6374,-0.4415,26.6988
3300.456,26.706,4.88,29.0,51.3692,52.0,51.8107,-0.6308,-0.4415,26.70225
3301.485,26.705,4.88,29.1,51.376,52.0,51.8175,-0.624,-0.4415,26.70127
3302.508,26.705,4.92,29.1,51.3827,52.0,51.8242,-0.6173,-0.4415,26.70112
3303.435,26.705,4.92,29.1,51.3888,52.0,51.8303,-0.6112,-0.4416,26.70076
3304.452,26.709,4.88,29.1,51.3954,52.0,51.837,-0.6046,-0.4416,26.69954
3305.479,26.705,4.88,29.1,51.4021,52.0,51.8437,-0.5979,-0.4416,26.70393
3306.499,26.708,4.88,29.1,51.4087,53.0,51.8504,-1.5913,-0.4417,26.70046
3307.433,26.708,4.92,29.1,51.4149,53.0,51.8566,-1.5851,-0.4417,26.70426
3308.448,26.706,4.84,29.1,51.4214,53.0,51.8632,-1.5786,-0.4417,26.70171
3309.49,26.706,4.84,29.1,51.4282,53.0,51.8699,-1.5718,-0.4418,26.70115
3310.492,26.706,4.84,29.1,51.4346,53.0,51.8764,-1.5654,-0.4418,26.7013
3311.44,26.703,4.84,29.0,51.4408,53.0,51.8826,-1.5592,-0.4418,26.70154
3312.441,26.708,4.84,29.1,51.4472,53.0,51.8891,-1.5528,-0.4419,26.69853
3313.461,26.706,4.84,29.1,51.4538,53.0,51.8957,-1.5462,-0.4419,26.70295
3314.49,26.705,4.92,29.1,51.4606,53.0,51.9025,-1.5394,-0.4419,26.70288
3315.522,26.703,4.92,29.1,51.4674,53.0,51.9093,-1.5326,-0.4419,26.70039
3316.449,26.703,4.92,29.1,51.4735,53.0,51.9154,-1.5265,-0.4419,26.69886
3317.456,26.706,4.84,29.1,51.48,53.0,51.922,-1.52,-0.442,26.69683
3318.48,26.706,4.88,29.1,51.4867,53.0,51.9287,-1.5133,-0.442,26.7018
3319.505,26.705,4.88,29.1,51.4933,53.0,51.9354,-1.5067,-0.4421,26.70126
3320.531,26.706,4.84,29.1,51.5,53.0,51.9421,-1.5,-0.4421,26.6995
3321.557,26.705,4.96,29.1,51.5068,53.0,51.9489,-1.4932,-0.4421,26.70353
3322.476,26.705,4.96,29.1,51.5129,53.0,51.955,-1.4871,-0.4421,26.70094
3323.497,26.705,4.84,29.1,51.5195,53.0,51.9616,-1.4805,-0.4422,26.69796
3324.525,26.705,4.88,29.1,51.5262,53.0,51.9684,-1.4738,-0.4422,26.7009
3325.462,26.708,4.84,29.1,51.5322,53.0,51.9745,-1.4678,-0.4423,26.69987
3326.467,26.708,4.92,29.1,51.5388,53.0,51.9811,-1.4612,-0.4423,26.7047
3327.498,26.706,4.92,29.1,51.5456,53.0,51.9879,-1.4544,-0.4423,26.70327
3328.622,26.706,4.92,29.1,51.553,53.0,51.9953,-1.447,-0.4423,26.70094
3329.543,26.706,4.92,29.1,51.559,53.0,52.0014,-1.441,-0.4424,26.7017
3330.478,26.706,4.88,29.1,51.5651,53.0,52.0075,-1.4349,-0.4424,26.70088
3331.49,26.706,4.96,29.1,51.5718,53.0,52.0142,-1.4282,-0.4424,26.70289
3332.51,26.706,4.96,29.1,51.5786,53.0,52.021,-1.4214,-0.4424,26.7014
3333.534,26.708,4.88,29.1,51.5853,53.0,52.0278,-1.4147,-0.4425,26.6997
3334.565,26.708,4.92,29.1,51.592,53.0,52.0346,-1.408,-0.4425,26.7038
3335.478,26.708,4.92,29.1,51.598,53.0,52.0406,-1.402,-0.4426,26.70374
3336.502,26.705,4.88,29.1,51.6047,53.0,52.0473,-1.3953,-0.4426,26.70245
3337.527,26.708,4.92,29.1,51.6114,53.0,52.0541,-1.3886,-0.4426,26.70117
3338.559,26.708,4.92,29.1,51.6182,53.0,52.0609,-1.3818,-0.4426,26.70309
3339.482,26.705,4.88,29.1,51.6242,53.0,52.0669,-1.3758,-0.4426,26.70286
3340.502,26.708,4.84,29.1,51.6308,53.0,52.0736,-1.3692,-0.4427,26.6996
3341.524,26.708,4.84,29.1,51.6374,53.0,52.0802,-1.3626,-0.4428,26.70299
3342.545,26.706,4.96,29.1,51.6442,53.0,52.087,-1.3558,-0.4428,26.70558
3343.489,26.708,4.92,29.1,51.6504,53.0,52.0932,-1.3496,-0.4428,26.70106
3344.497,26.706,4.92,29.1,51.657,53.0,52.0999,-1.343,-0.4428,26.70319
3345.517,26.709,4.88,29.1,51.6637,53.0,52.1066,-1.3363,-0.4429,26.70058
3346.55,26.708,4.92,29.1,51.6705,53.0,52.1134,-1.3295,-0.4429,26.70476
3347.567,26.705,4.96,29.1,51.6772,53.0,52.1201,-1.3228,-0.4429,26.70414
3348.501,26.705,4.96,29.1,51.6834,53.0,52.1263,-1.3166,-0.4429,26.7009
3349.508,26.709,4.92,29.1,51.69,53.0,52.133,-1.31,-0.443,26.69963
3350.532,26.706,4.88,29.1,51.6967,53.0,52.1397,-1.3033,-0.443,26.70318
3351.553,26.709,4.84,29.1,51.7033,53.0,52.1464,-1.2967,-0.4431,26.70054
3352.507,26.706,4.88,29.1,51.7095,53.0,52.1526,-1.2905,-0.4431,26.70508
3353.609,26.711,4.88,29.1,51.7167,53.0,52.1599,-1.2833,-0.4432,26.70109
3354.53,26.711,4.88,29.1,51.7227,53.0,52.1659,-1.2773,-0.4432,26.70634
3355.549,26.709,4.88,29.1,51.7293,53.0,52.1726,-1.2707,-0.4433,26.70616
3356.576,26.706,4.92,29.1,51.7361,53.0,52.1793,-1.2639,-0.4433,26.70506
3357.518,26.706,4.96,29.1,51.7423,53.0,52.1856,-1.2577,-0.4433,26.70262
3358.521,26.706,4.88,29.1,51.7488,53.0,52.1922,-1.2512,-0.4433,26.69985
3359.55,26.706,4.84,29.1,51.7555,53.0,52.1988,-1.2445,-0.4433,26.70035
3360.57,26.706,4.84,29.1,51.7621,53.0,52.2055,-1.2379,-0.4434,26.70118
3361.595,26.709,5.0,29.1,51.7689,53.0,52.2123,-1.2311,-0.4434,26.70442
3362.534,26.709,4.84,29.1,51.775,53.0,52.2185,-1.225,-0.4435,26.70144
3363.538,26.712,4.92,29.1,51.7816,53.0,52.2251,-1.2184,-0.4435,26.7057
3364.567,26.709,4.88,29.1,51.7883,53.0,52.2318,-1.2117,-0.4435,26.70624
3365.586,26.708,4.88,29.1,51.795,53.0,52.2385,-1.205,-0.4435,26.7043
3366.609,26.709,4.92,29.1,51.8017,53.0,52.2452,-1.1983,-0.4436,26.70406
3367.544,26.709,4.92,29.1,51.8078,53.0,52.2514,-1.1922,-0.4436,26.70459
3368.564,26.708,4.88,29.1,51.8145,53.0,52.2581,-1.1855,-0.4436,26.70344
3369.58,26.711,4.92,29.1,51.8211,53.0,52.2648,-1.1789,-0.4437,26.70405
3370.602,26.708,4.92,29.1,51.8279,53.0,52.2715,-1.1721,-0.4437,26.70607
3371.547,26.705,4.96,29.1,51.8341,53.0,52.2778,-1.1659,-0.4437,26.70452
3372.658,26.708,4.88,29.1,51.8414,53.0,52.2851,-1.1586,-0.4438,26.69855
3373.573,26.708,4.88,29.1,51.8473,53.0,52.2911,-1.1527,-0.4438,26.70345
3374.597,26.706,4.92,29.1,51.854,53.0,52.2979,-1.146,-0.4438,26.70401
3375.621,26.706,4.96,29.1,51.8608,53.0,52.3047,-1.1392,-0.4438,26.70221
3376.618,26.709,4.88,29.1,51.8673,53.0,52.3112,-1.1327,-0.4439,26.69986
3377.575,26.708,4.84,29.1,51.8735,53.0,52.3175,-1.1265,-0.4439,26.70346
3378.596,26.711,4.96,29.1,51.8803,53.0,52.3243,-1.1197,-0.444,26.7056
3379.618,26.711,4.96,29.1,51.8871,53.0,52.3311,-1.1129,-0.444,26.70618
3380.645,26.708,4.88,29.1,51.8937,53.0,52.3378,-1.1063,-0.444,26.70458
3381.574,26.708,4.92,29.1,51.8998,53.0,52.3439,-1.1002,-0.444,26.70448
3382.583,26.711,4.96,29.1,51.9065,53.0,52.3506,-1.0935,-0.4441,26.70416
3383.609,26.706,4.92,29.1,51.9133,53.0,52.3574,-1.0867,-0.4441,26.70529
3384.64,26.708,4.84,29.1,51.9199,53.0,52.3641,-1.0801,-0.4442,26.69983
3385.661,26.709,4.88,29.1,51.9266,53.0,52.3708,-1.0734,-0.4442,26.70381
3386.585,26.709,4.88,29.1,51.9326,53.0,52.3768,-1.0674,-0.4442,26.7046
3387.603,26.708,4.84,29.1,51.9392,53.0,52.3834,-1.0608,-0.4442,26.70342
3388.63,26.709,4.92,29.1,51.9459,53.0,52.3902,-1.0541,-0.4443,26.70476
3389.65,26.708,4.84,29.1,51.9525,53.0,52.3968,-1.0475,-0.4443,26.70265
3390.598,26.708,4.92,29.1,51.9588,53.0,52.4031,-1.0412,-0.4443,26.70507
3391.707,26.709,4.88,29.1,51.966,53.0,52.4104,-1.034,-0.4444,26.70214
3392.622,26.709,4.88,29.1,51.972,53.0,52.4164,-1.028,-0.4444,26.70455
3393.644,26.709,4.96,29.1,51.9787,53.0,52.4231,-1.0213,-0.4444,26.7058
3394.67,26.706,4.88,29.1,51.9854,53.0,52.4298,-1.0146,-0.4444,26.7027
3395.602,26.709,4.84,29.1,51.9914,53.0,52.4359,-1.0086,-0.4445,26.70091
3396.612,26.706,4.88,29.1,51.998,53.0,52.4425,-1.002,-0.4445,26.70484
3397.645,26.712,4.84,29.1,52.0047,53.0,52.4493,-0.9953,-0.4446,26.70057
3398.669,26.712,4.92,29.1,52.0114,53.0,52.4561,-0.9886,-0.4446,26.70836
3399.609,26.712,4.92,29.1,52.0176,53.0,52.4623,-0.9824,-0.4447,26.70757
3400.61,26.708,4.84,29.1,52.0241,53.0,52.4687,-0.9759,-0.4447,26.70566
3401.632,26.709,4.84,29.1,52.0307,53.0,52.4754,-0.9693,-0.4447,26.70329
3402.655,26.709,4.96,29.1,52.0375,53.0,52.4822,-0.9625,-0.4447,26.70651
3403.682,26.712,4.92,29.1,52.0442,53.0,52.489,-0.9558,-0.4448,26.70354
3404.715,26.706,4.88,29.1,52.0509,53.0,52.4957,-0.9491,-0.4448,26.70612
3405.624,26.706,4.88,29.1,52.0569,53.0,52.5017,-0.9431,-0.4448,26.70198
3406.652,26.706,4.88,29.1,52.0636,53.0,52.5084,-0.9364,-0.4448,26.70126
3407.675,26.712,4.88,29.1,52.0702,53.0,52.5152,-0.9298,-0.4449,26.70124
3408.62,26.706,4.92,29.1,52.0764,53.0,52.5214,-0.9236,-0.4449,26.70797
3409.625,26.706,4.84,29.1,52.0829,53.0,52.5279,-0.9171,-0.445,26.70008
3410.65,26.709,4.84,29.1,52.0896,53.0,52.5346,-0.9104,-0.4451,26.70114
3411.772,26.712,4.88,29.1,52.0969,53.0,52.542,-0.9031,-0.4451,26.70436
3412.691,26.712,4.88,29.1,52.1029,53.0,52.548,-0.8971,-0.4452,26.70744
3413.632,26.709,4.92,29.1,52.109,53.0,52.5542,-0.891,-0.4452,26.70829
3414.64,26.708,5.0,29.1,52.1158,53.0,52.5609,-0.8842,-0.4452,26.70608
3415.66,26.714,4.92,29.1,52.1225,53.0,52.5678,-0.8775,-0.4453,26.70185
3416.685,26.711,4.88,29.1,52.1292,53.0,52.5745,-0.8708,-0.4453,26.70794
3417.713,26.711,4.96,29.1,52.136,53.0,52.5813,-0.864,-0.4453,26.7078
3418.639,26.711,4.96,29.1,52.1421,53.0,52.5874,-0.8579,-0.4453,26.70671
3419.654,26.709,4.96,29.1,52.1488,53.0,52.5942,-0.8512,-0.4453,26.70626
3420.679,26.709,4.92,29.1,52.1556,53.0,52.6009,-0.8444,-0.4454,26.70353
3421.703,26.711,4.96,29.1,52.1623,53.0,52.6078,-0.8377,-0.4454,26.70497
3422.647,26.706,4.92,29.1,52.1686,53.0,52.614,-0.8314,-0.4454,26.70569
3423.656,26.706,4.96,29.1,52.1752,53.0,52.6207,-0.8248,-0.4454,26.70235
3424.673,26.706,4.96,29.1,52.182,53.0,52.6274,-0.818,-0.4455,26.70139
3425.697,26.709,4.96,29.1,52.1888,53.0,52.6343,-0.8112,-0.4455,26.70131
3426.724,26.709,4.88,29.1,52.1955,53.0,52.641,-0.8045,-0.4456,26.70248
3427.665,26.708,4.88,29.1,52.2016,53.0,52.6472,-0.7984,-0.4456,26.70446
3428.672,26.709,4.92,29.1,52.2082,53.0,52.6538,-0.7918,-0.4456,26.70413
3429.693,26.712,4.92,29.1,52.2149,53.0,52.6606,-0.7851,-0.4457,26.70422
3430.824,26.711,4.96,29.1,52.2224,53.0,52.6681,-0.7776,-0.4457,26.70732
3431.737,26.711,4.96,29.1,52.2285,53.0,52.6742,-0.7715,-0.4457,26.70674
3432.683,26.709,4.92,29.1,52.2347,53.0,52.6804,-0.7653,-0.4458,26.70577
3433.684,26.709,4.92,29.1,52.2412,53.0,52.687,-0.7588,-0.4458,26.70438
3434.711,26.711,4.96,29.1,52.248,53.0,52.6939,-0.752,-0.4458,26.705
3435.733,26.711,4.88,29.1,52.2547,53.0,52.7006,-0.7453,-0.4459,26.70455
3436.757,26.712,4.92,29.1,52.2614,53.0,52.7074,-0.7386,-0.4459,26.70685
3437.689,26.712,4.92,29.1,52.2676,53.0,52.7135,-0.7324,-0.4459,26.70754
3438.701,26.709,4.92,29.2,52.2742,53.0,52.7202,-0.7258,-0.4459,26.70721
3444.848,26.709,4.96,29.1,52.3149,53.0,52.7611,-0.6851,-0.4462,26.68387
3444.849,26.709,4.92,29.1,52.3149,53.0,52.7611,-0.6851,-0.4462,26.7069
3444.859,26.708,4.88,29.1,52.315,53.0,52.7612,-0.685,-0.4462,26.70807
3444.86,26.709,4.96,29.1,52.315,53.0,52.7612,-0.685,-0.4462,26.70956
3444.863,26.709,4.96,29.1,52.315,53.0,52.7612,-0.685,-0.4462,26.70901
3444.989,26.712,4.96,29.1,52.3159,53.0,52.7621,-0.6841,-0.4462,26.70844
3445.906,26.712,4.96,29.1,52.3219,53.0,52.7682,-0.6781,-0.4462,26.70772
3446.9,26.714,4.92,29.1,52.3285,53.0,52.7748,-0.6715,-0.4463,26.70653
3447.919,26.709,4.96,29.1,52.3352,53.0,52.7815,-0.6648,-0.4463,26.70979
3448.948,26.708,4.96,29.1,52.342,53.0,52.7884,-0.658,-0.4463,26.70449
3449.965,26.711,4.88,29.1,52.3487,53.0,52.7951,-0.6513,-0.4464,26.70175
3450.993,26.712,4.84,29.1,52.3553,53.0,52.8018,-0.6447,-0.4465,26.7051
3451.916,26.712,4.84,29.1,52.3613,53.0,52.8078,-0.6387,-0.4465,26.70743
3452.94,26.711,4.88,29.1,52.368,53.0,52.8145,-0.632,-0.4465,26.70789
3453.96,26.714,4.84,29.1,52.3745,54.0,52.8211,-1.6255,-0.4466,26.70543
3454.906,26.711,4.8,29.1,52.3806,54.0,52.8272,-1.6194,-0.4466,26.70841
3455.912,26.709,4.88,29.2,52.3872,54.0,52.8338,-1.6128,-0.4466,26.70785
3456.935,26.708,4.96,29.1,52.3939,54.0,52.8406,-1.6061,-0.4466,26.70595
3457.955,26.708,4.96,29.1,52.4007,54.0,52.8473,-1.5993,-0.4466,26.70341
3458.982,26.709,4.92,29.1,52.4074,54.0,52.8541,-1.5926,-0.4467,26.70246
3459.918,26.711,4.96,29.1,52.4136,54.0,52.8604,-1.5864,-0.4467,26.7053
3460.922,26.711,4.88,29.1,52.4202,54.0,52.867,-1.5798,-0.4468,26.70464
3461.952,26.709,4.88,29.1,52.4269,54.0,52.8737,-1.5731,-0.4468,26.70603
3462.971,26.712,4.92,29.1,52.4336,54.0,52.8805,-1.5664,-0.4469,26.70508
3464.005,26.709,4.92,29.2,52.4404,54.0,52.8873,-1.5596,-0.4469,26.70699
3464.93,26.709,4.92,29.2,52.4465,54.0,52.8934,-1.5535,-0.4469,26.70478
3465.944,26.711,5.0,29.1,52.4532,54.0,52.9002,-1.5468,-0.4469,26.70587
3466.965,26.712,4.96,29.1,52.46,54.0,52.907,-1.54,-0.447,26.70543
3467.988,26.711,4.88,29.1,52.4667,54.0,52.9137,-1.5333,-0.447,26.7055
3468.931,26.708,4.92,29.1,52.4729,54.0,52.9199,-1.5271,-0.447,26.70725
3470.039,26.712,4.96,29.2,52.4802,54.0,52.9273,-1.5198,-0.4471,26.70386
3470.958,26.712,4.96,29.2,52.4863,54.0,52.9334,-1.5137,-0.4471,26.70747
3471.985,26.709,4.88,29.2,52.493,54.0,52.9401,-1.507,-0.4471,26.70558
3473.007,26.709,4.84,29.2,52.4996,54.0,52.9468,-1.5004,-0.4472,26.70345
3473.943,26.714,4.84,29.2,52.5056,54.0,52.9529,-1.4944,-0.4473,26.7045
3474.954,26.714,4.96,29.2,52.5123,54.0,52.9596,-1.4877,-0.4473,26.71126
3475.984,26.715,4.88,29.2,52.5191,54.0,52.9664,-1.4809,-0.4473,26.70761
3477.006,26.715,4.88,29.2,52.5257,54.0,52.9731,-1.4743,-0.4474,26.70993
3477.949,26.711,4.88,29.2,52.5319,54.0,52.9792,-1.4681,-0.4474,26.7104
3478.953,26.711,4.88,29.2,52.5384,54.0,52.9858,-1.4616,-0.4474,26.70643
3479.972,26.712,4.84,29.2,52.545,54.0,52.9925,-1.455,-0.4475,26.70537
3480.993,26.709,4.84,29.2,52.5516,54.0,52.9991,-1.4484,-0.4475,26.707
3482.019,26.717,5.0,29.2,52.5584,54.0,53.006,-1.4416,-0.4476,26.70746
3483.046,26.714,4.96,29.2,52.5653,54.0,53.0128,-1.4347,-0.4476,26.71106
3483.964,26.714,4.96,29.2,52.5713,54.0,53.0189,-1.4287,-0.4476,26.7097
3484.993,26.711,4.92,29.1,52.5781,54.0,53.0257,-1.4219,-0.4476,26.70834
3486.012,26.715,4.92,29.1,52.5848,54.0,53.0325,-1.4152,-0.4477,26.70629
3486.96,26.712,4.84,29.2,52.5909,54.0,53.0386,-1.4091,-0.4477,26.70864
3487.964,26.708,4.88,29.2,52.5975,54.0,53.0452,-1.4025,-0.4477,26.70803
3488.987,26.712,4.88,29.2,52.6041,54.0,53.0519,-1.3959,-0.4478,26.70343
3490.01,26.712,4.88,29.2,52.6108,54.0,53.0586,-1.3892,-0.4478,26.70693
3491.031,26.714,4.96,29.2,52.6176,54.0,53.0654,-1.3824,-0.4479,26.7087
3491.968,26.715,4.88,29.2,52.6237,54.0,53.0716,-1.3763,-0.4479,26.70791
3492.977,26.711,4.84,29.2,52.6302,54.0,53.0781,-1.3698,-0.4479,26.70921
3493.999,26.715,4.92,29.2,52.6369,54.0,53.0849,-1.3631,-0.448,26.70785
3495.029,26.714,4.92,29.2,52.6437,54.0,53.0917,-1.3563,-0.448,26.70994
3495.974,26.714,4.92,29.2,52.6499,54.0,53.0979,-1.3501,-0.448,26.70949
3496.977,26.711,4.92,29.1,52.6565,54.0,53.1045,-1.3435,-0.448,26.70921
3497.994,26.711,5.0,29.2,52.6633,54.0,53.1113,-1.3367,-0.4481,26.70793
3499.022,26.712,4.88,29.2,52.67,54.0,53.1181,-1.33,-0.4481,26.70391
3500.044,26.714,4.88,29.2,52.6766,54.0,53.1248,-1.3234,-0.4482,26.70696
3500.987,26.709,4.92,29.2,52.6828,54.0,53.131,-1.3172,-0.4482,26.71012
3502.093,26.715,4.96,29.2,52.6901,54.0,53.1385,-1.3099,-0.4483,26.70493
3503.01,26.715,4.96,29.2,52.6962,54.0,53.1446,-1.3038,-0.4483,26.71033
3504.035,26.711,4.84,29.2,52.7028,54.0,53.1512,-1.2972,-0.4483,26.70772
3505.061,26.714,4.92,29.2,52.7096,54.0,53.158,-1.2904,-0.4484,26.70775
3506.0,26.715,4.88,29.2,52.7157,54.0,53.1642,-1.2843,-0.4484,26.70862
3507.004,26.714,4.84,29.1,52.7222,54.0,53.1707,-1.2778,-0.4485,26.70926
3508.036,26.715,4.96,29.2,52.729,54.0,53.1775,-1.271,-0.4485,26.71139
3509.054,26.715,4.96,29.2,52.7358,54.0,53.1843,-1.2642,-0.4485,26.7102
3510.002,26.714,4.92,29.2,52.742,54.0,53.1906,-1.258,-0.4485,26.70966
3511.003,26.714,4.88,29.1,52.7485,54.0,53.1971,-1.2515,-0.4486,26.70843
3512.023,26.714,4.92,29.2,52.7552,54.0,53.2038,-1.2448,-0.4486,26.70984
3513.048,26.715,4.84,29.2,52.7619,54.0,53.2105,-1.2381,-0.4487,26.70753
3514.08,26.712,4.88,29.2,52.7686,54.0,53.2173,-1.2314,-0.4487,26.71064
3515.101,26.717,4.88,29.2,52.7752,54.0,53.224,-1.2248,-0.4488,26.70729
3516.02,26.717,4.88,29.2,52.7812,54.0,53.23,-1.2188,-0.4488,26.71224
3517.069,26.715,4.88,29.2,52.7881,54.0,53.2369,-1.2119,-0.4488,26.71189
3518.065,26.714,4.84,29.2,52.7945,54.0,53.2434,-1.2055,-0.4488,26.70946
3519.086,26.712,5.0,29.2,52.8013,54.0,53.2502,-1.1987,-0.4488,26.71224
3520.017,26.715,4.84,29.2,52.8073,54.0,53.2563,-1.1927,-0.449,26.70469
3521.043,26.712,4.84,29.2,52.814,54.0,53.2629,-1.186,-0.449,26.70973
3522.058,26.712,4.84,29.2,52.8205,54.0,53.2695,-1.1795,-0.449,26.70724
3523.085,26.714,4.84,29.2,52.8272,54.0,53.2762,-1.1728,-0.4491,26.70706
3524.028,26.714,4.84,29.2,52.8333,54.0,53.2824,-1.1667,-0.4491,26.7093
3525.04,26.712,4.84,29.2,52.8398,54.0,53.2889,-1.1602,-0.4491,26.70909
3526.052,26.714,4.84,29.2,52.8464,54.0,53.2955,-1.1536,-0.4491,26.70722
3527.083,26.714,4.92,29.2,52.8531,54.0,53.3023,-1.1469,-0.4492,26.71049
3528.103,26.714,4.92,29.2,52.8598,54.0,53.309,-1.1402,-0.4492,26.70918
3529.049,26.717,4.84,29.2,52.8659,54.0,53.3152,-1.1341,-0.4493,26.70786
3530.047,26.714,4.92,29.2,52.8725,54.0,53.3218,-1.1275,-0.4493,26.71347
3531.083,26.715,4.88,29.2,52.8793,54.0,53.3286,-1.1207,-0.4493,26.70846
3532.094,26.715,4.84,29.2,52.8858,54.0,53.3352,-1.1142,-0.4494,26.70922
3533.126,26.715,4.84,29.2,52.8925,54.0,53.3419,-1.1075,-0.4494,26.70993
3534.148,26.715,4.88,29.2,52.8991,54.0,53.3486,-1.1009,-0.4494,26.7108
3535.063,26.715,4.88,29.2,52.9051,54.0,53.3546,-1.0949,-0.4495,26.71057
3536.088,26.715,4.84,29.2,52.9117,54.0,53.3612,-1.0883,-0.4495,26.70926
3537.11,26.715,5.0,29.2,52.9185,54.0,53.3681,-1.0815,-0.4495,26.71315
3538.053,26.714,4.88,29.2,52.9247,54.0,53.3742,-1.0753,-0.4496,26.70827
3539.055,26.714,4.96,29.2,52.9313,54.0,53.3809,-1.0687,-0.4496,26.71071
3540.106,26.714,4.88,29.2,52.9382,54.0,53.3878,-1.0618,-0.4496,26.70749
3541.106,26.714,4.88,29.2,52.9447,54.0,53.3943,-1.0553,-0.4497,26.70909
3542.129,26.715,4.88,29.2,52.9514,54.0,53.4011,-1.0486,-0.4497,26.70906
3543.059,26.714,4.88,29.2,52.9574,54.0,53.4071,-1.0426,-0.4497,26.71042
3544.076,26.717,4.88,29.2,52.964,54.0,53.4138,-1.036,-0.4498,26.70916
3545.104,26.714,4.96,29.2,52.9709,54.0,53.4207,-1.0291,-0.4498,26.71342
3546.127,26.714,4.88,29.2,52.9775,54.0,53.4274,-1.0225,-0.4498,26.70775
3547.151,26.714,4.88,29.2,52.9842,54.0,53.4341,-1.0158,-0.4499,26.70899
3548.075,26.715,4.84,29.2,52.9902,54.0,53.4401,-1.0098,-0.4499,26.70872
3549.099,26.714,4.92,29.2,52.9969,54.0,53.4468,-1.0031,-0.4499,26.71153
3550.117,26.714,4.88,29.2,53.0035,54.0,53.4535,-0.9965,-0.45,26.70845
3551.143,26.717,4.96,29.2,53.0103,54.0,53.4604,-0.9897,-0.45,26.71061
3552.08,26.714,4.92,29.2,53.0165,54.0,53.4665,-0.9835,-0.45,26.71159
3553.196,26.717,4.88,29.2,53.0238,54.0,53.4739,-0.9762,-0.4501,26.70801
3554.111,26.717,4.88,29.2,53.0297,54.0,53.4799,-0.9703,-0.4502,26.7123
3555.135,26.714,4.96,29.2,53.0365,54.0,53.4867,-0.9635,-0.4502,26.71359
3556.168,26.715,4.88,29.2,53.0432,54.0,53.4935,-0.9568,-0.4502,26.70772
3557.089,26.714,4.84,29.2,53.0492,54.0,53.4995,-0.9508,-0.4503,26.7096
3558.11,26.715,4.88,29.2,53.0558,54.0,53.5061,-0.9442,-0.4503,26.70986
3559.128,26.717,4.96,29.2,53.0626,54.0,53.5129,-0.9374,-0.4503,26.71164
3560.153,26.717,4.96,29.2,53.0694,54.0,53.5197,-0.9306,-0.4504,26.71204
3561.185,26.715,4.84,29.2,53.0761,54.0,53.5265,-0.9239,-0.4504,26.70964
3562.109,26.717,4.96,29.2,53.0822,54.0,53.5326,-0.9178,-0.4504,26.71282
3563.123,26.712,4.92,29.2,53.0888,54.0,53.5393,-0.9112,-0.4504,26.71135
3564.146,26.717,4.84,29.2,53.0954,54.0,53.546,-0.9046,-0.4505,26.70576
3565.173,26.712,4.84,29.2,53.1021,54.0,53.5526,-0.8979,-0.4505,26.71164
3566.2,26.714,4.88,29.2,53.1088,54.0,53.5594,-0.8912,-0.4506,26.70807
3567.118,26.714,4.88,29.2,53.1148,54.0,53.5654,-0.8852,-0.4506,26.70949
3568.141,26.715,4.96,29.2,53.1215,54.0,53.5722,-0.8785,-0.4506,26.71067
3569.17,26.717,4.92,29.2,53.1283,54.0,53.579,-0.8717,-0.4507,26.70932
3570.189,26.714,4.96,29.2,53.1351,54.0,53.5858,-0.8649,-0.4507,26.71271
3571.124,26.714,4.92,29.2,53.1412,54.0,53.5919,-0.8588,-0.4508,26.70891
3572.137,26.715,4.92,29.2,53.1479,54.0,53.5986,-0.8521,-0.4508,26.70913
3573.157,26.715,4.92,29.2,53.1546,54.0,53.6054,-0.8454,-0.4508,26.71004
3574.182,26.717,4.96,29.2,53.1613,54.0,53.6122,-0.8387,-0.4509,26.71086
3575.208,26.714,5.0,29.2,53.1682,54.0,53.6191,-0.8318,-0.4509,26.71278
3576.138,26.717,4.88,29.2,53.1743,54.0,53.6252,-0.8257,-0.451,26.70738
3577.152,26.714,4.88,29.2,53.1809,54.0,53.6319,-0.8191,-0.451,26.71181
3578.182,26.715,4.96,29.2,53.1877,54.0,53.6387,-0.8123,-0.451,26.71075
3579.204,26.715,4.96,29.2,53.1945,54.0,53.6455,-0.8055,-0.451,26.71015
3580.144,26.717,4.88,29.2,53.2006,54.0,53.6517,-0.7994,-0.4511,26.7089
3581.146,26.714,4.88,29.2,53.2071,54.0,53.6582,-0.7929,-0.4511,26.71194
3582.174,26.717,4.88,29.2,53.2138,54.0,53.665,-0.7862,-0.4512,26.70918
3583.197,26.717,4.84,29.2,53.2204,54.0,53.6717,-0.7796,-0.4513,26.71107
3584.218,26.717,4.84,29.2,53.227,54.0,53.6783,-0.773,-0.4513,26.71193
3585.247,26.714,4.88,29.2,53.2337,54.0,53.685,-0.7663,-0.4513,26.71272
3586.165,26.714,4.88,29.2,53.2397,54.0,53.691,-0.7603,-0.4513,26.70972
3587.188,26.717,4.88,29.2,53.2464,54.0,53.6978,-0.7536,-0.4514,26.7091
3588.263,26.715,4.84,29.2,53.2533,54.0,53.7048,-0.7467,-0.4514,26.71082
3589.162,26.714,4.88,29.2,53.2592,54.0,53.7106,-0.7408,-0.4514,26.7114
3590.163,26.712,4.84,29.2,53.2657,54.0,53.7171,-0.7343,-0.4514,26.70849
3591.189,26.718,4.88,29.2,53.2724,54.0,53.7239,-0.7276,-0.4516,26.70792
3592.205,26.718,4.88,29.2,53.279,54.0,53.7306,-0.721,-0.4516,26.71276
3593.229,26.714,4.88,29.2,53.2856,54.0,53.7372,-0.7144,-0.4516,26.71296
3594.167,26.714,4.88,29.2,53.2918,54.0,53.7434,-0.7082,-0.4516,26.70964
3595.177,26.715,4.88,29.2,53.2983,54.0,53.75,-0.7017,-0.4517,26.70915
3596.206,26.717,4.84,29.2,53.305,54.0,53.7567,-0.695,-0.4517,26.70918
3597.235,26.717,4.88,29.2,53.3117,54.0,53.7635,-0.6883,-0.4518,26.71259
3598.255,26.717,4.88,29.2,53.3184,54.0,53.7702,-0.6816,-0.4518,26.71204
3599.179,26.717,4.88,29.2,53.3244,54.0,53.7762,-0.6756,-0.4518,26.71245
3600.192,26.717,4.88,29.2,53.331,54.0,53.7828,-0.669,-0.4519,26.71206
3601.218,26.717,4.88,29.2,53.3377,55.0,53.7896,-1.6623,-0.4519,26.71199
3602.247,26.717,4.84,29.2,53.3443,55.0,53.7963,-1.6557,-0.4519,26.71118
3603.188,26.714,4.84,29.2,53.3504,55.0,53.8023,-1.6496,-0.4519,26.7123
3604.29,26.718,4.88,29.2,53.3576,55.0,53.8096,-1.6424,-0.452,26.70962
3605.215,26.718,4.88,29.2,53.3636,55.0,53.8157,-1.6364,-0.4521,26.71326
3606.236,26.715,4.88,29.2,53.3703,55.0,53.8223,-1.6297,-0.4521,26.713
3607.258,26.718,4.84,29.2,53.3769,55.0,53.829,-1.6231,-0.4522,26.7094
3608.205,26.718,4.88,29.2,53.383,55.0,53.8352,-1.617,-0.4522,26.71391
3609.209,26.715,4.84,29.2,53.3895,55.0,53.8417,-1.6105,-0.4522,26.71232
3610.23,26.715,4.96,29.2,53.3963,55.0,53.8485,-1.6037,-0.4522,26.7125
3611.252,26.715,4.96,29.2,53.4031,55.0,53.8553,-1.5969,-0.4522,26.71023
3612.279,26.714,5.0,29.2,53.4099,55.0,53.8622,-1.5901,-0.4522,26.71089
3613.224,26.718,4.88,29.2,53.4161,55.0,53.8684,-1.5839,-0.4524,26.70723
3614.222,26.717,4.96,29.2,53.4227,55.0,53.8751,-1.5773,-0.4524,26.71439
3615.249,26.714,4.84,29.2,53.4293,55.0,53.8817,-1.5707,-0.4524,26.70979
3616.274,26.715,4.88,29.2,53.436,55.0,53.8884,-1.564,-0.4524,26.70985
3617.305,26.715,4.84,29.2,53.4427,55.0,53.8951,-1.5573,-0.4525,26.7092
3618.236,26.715,4.84,29.2,53.4487,55.0,53.9012,-1.5513,-0.4525,26.71039
3619.241,26.715,4.84,29.2,53.4552,55.0,53.9077,-1.5448,-0.4525,26.71011
3620.266,26.718,4.88,29.2,53.4619,55.0,53.9145,-1.5381,-0.4526,26.71079
3621.29,26.718,4.88,29.2,53.4685,55.0,53.9212,-1.5315,-0.4526,26.71286
3622.239,26.714,4.88,29.2,53.4747,55.0,53.9274,-1.5253,-0.4526,26.71331
3623.34,26.717,4.88,29.2,53.4819,55.0,53.9346,-1.5181,-0.4527,26.70892
3624.258,26.717,4.88,29.2,53.4879,55.0,53.9406,-1.5121,-0.4527,26.71233
3625.282,26.717,4.92,29.2,53.4946,55.0,53.9474,-1.5054,-0.4528,26.7128
3626.308,26.715,4.96,29.3,53.5014,55.0,53.9542,-1.4986,-0.4528,26.71284
3627.257,26.718,4.92,29.2,53.5077,55.0,53.9605,-1.4923,-0.4529,26.70979
3628.256,26.715,4.96,29.3,53.5143,55.0,53.9671,-1.4857,-0.4529,26.71375
3629.279,26.718,4.88,29.2,53.5209,55.0,53.9739,-1.4791,-0.453,26.70871
3630.404,26.714,4.84,29.2,53.5282,55.0,53.9812,-1.4718,-0.453,26.7115
3631.325,26.714,4.84,29.2,53.5342,55.0,53.9872,-1.4658,-0.453,26.70961
3632.259,26.717,4.84,29.2,53.5402,55.0,53.9933,-1.4598,-0.4531,26.70946
3633.269,26.717,4.88,29.2,53.5468,55.0,53.9999,-1.4532,-0.4531,26.71269
3634.315,26.715,4.92,29.2,53.5537,55.0,54.0068,-1.4463,-0.4531,26.71271
3635.317,26.714,4.84,29.3,53.5601,55.0,54.0133,-1.4399,-0.4531,26.70872
3636.344,26.717,5.0,29.2,53.567,55.0,54.0202,-1.433,-0.4532,26.71215
3637.262,26.717,5.0,29.2,53.5731,55.0,54.0263,-1.4269,-0.4532,26.71257
3638.286,26.715,4.92,29.2,53.5798,55.0,54.0331,-1.4202,-0.4532,26.71054
3639.316,26.715,5.0,29.2,53.5867,55.0,54.04,-1.4133,-0.4532,26.71164
3640.338,26.715,4.96,29.2,53.5935,55.0,54.0468,-1.4065,-0.4533,26.70943
3641.267,26.715,4.88,29.2,53.5996,55.0,54.0529,-1.4004,-0.4533,26.70892
3642.29,26.717,4.84,29.2,53.6062,55.0,54.0596,-1.3938,-0.4534,26.7092
3643.304,26.717,4.84,29.2,53.6127,55.0,54.0662,-1.3873,-0.4535,26.71187
3644.332,26.714,4.96,29.2,53.6195,55.0,54.073,-1.3805,-0.4535,26.7143
3645.275,26.715,4.88,29.2,53.6257,55.0,54.0792,-1.3743,-0.4535,26.70817
3646.279,26.715,4.96,29.2,53.6323,55.0,54.0859,-1.3677,-0.4535,26.71161
3647.297,26.718,4.88,29.2,53.639,55.0,54.0926,-1.361,-0.4536,26.70863
3648.328,26.718,4.84,29.2,53.6456,55.0,54.0993,-1.3544,-0.4537,26.71193
3649.349,26.717,4.92,29.2,53.6523,55.0,54.106,-1.3477,-0.4537,26.71447
3650.286,26.717,4.92,29.2,53.6585,55.0,54.1122,-1.3415,-0.4537,26.71254
3651.293,26.717,4.84,29.2,53.665,55.0,54.1188,-1.335,-0.4538,26.71055
3652.316,26.717,4.92,29.2,53.6717,55.0,54.1255,-1.3283,-0.4538,26.71347
3653.342,26.717,4.92,29.2,53.6785,55.0,54.1323,-1.3215,-0.4538,26.71209
3654.288,26.718,4.84,29.2,53.6846,55.0,54.1385,-1.3154,-0.4539,26.71081
3655.393,26.72,4.92,29.2,53.6918,55.0,54.1458,-1.3082,-0.4539,26.71403
3656.313,26.72,4.92,29.2,53.6979,55.0,54.1519,-1.3021,-0.454,26.71539
3657.339,26.718,4.88,29.2,53.7046,55.0,54.1586,-1.2954,-0.454,26.71418
3658.358,26.718,4.92,29.2,53.7113,55.0,54.1653,-1.2887,-0.454,26.71384
3659.305,26.717,4.88,29.2,53.7174,55.0,54.1715,-1.2826,-0.454,26.71261
3660.302,26.715,4.92,29.2,53.724,55.0,54.178,-1.276,-0.454,26.71293
3661.333,26.717,4.84,29.2,53.7307,55.0,54.1848,-1.2693,-0.4541,26.7086
3662.351,26.717,4.84,29.2,53.7372,55.0,54.1914,-1.2628,-0.4542,26.71182
3663.302,26.717,4.96,29.2,53.7435,55.0,54.1977,-1.2565,-0.4542,26.71465
3664.304,26.714,4.92,29.2,53.7501,55.0,54.2043,-1.2499,-0.4542,26.7115
3665.319,26.718,4.96,29.2,53.7568,55.0,54.2111,-1.2432,-0.4543,26.71004
3666.345,26.717,4.92,29.2,53.7636,55.0,54.2179,-1.2364,-0.4543,26.71209
3667.37,26.717,4.88,29.2,53.7703,55.0,54.2246,-1.2297,-0.4543,26.71124
3668.399,26.717,4.8,29.2,53.7769,55.0,54.2313,-1.2231,-0.4544,26.71035
3669.318,26.717,4.8,29.2,53.7828,55.0,54.2372,-1.2172,-0.4544,26.71233
3670.34,26.715,4.92,29.2,53.7895,55.0,54.2439,-1.2105,-0.4544,26.71431
3671.363,26.718,4.92,29.2,53.7962,55.0,54.2507,-1.2038,-0.4545,26.71028
3672.391,26.717,4.92,29.2,53.8029,55.0,54.2575,-1.1971,-0.4545,26.71285
3673.321,26.715,4.92,29.2,53.8091,55.0,54.2636,-1.1909,-0.4546,26.71249
3674.44,26.715,4.88,29.2,53.8164,55.0,54.271,-1.1836,-0.4546,26.70897
3675.357,26.715,4.88,29.2,53.8223,55.0,54.277,-1.1777,-0.4546,26.71047
3676.384,26.717,4.92,29.2,53.8291,55.0,54.2838,-1.1709,-0.4547,26.71083
3677.408,26.718,4.96,29.2,53.8359,55.0,54.2906,-1.1641,-0.4547,26.71275
3678.339,26.717,4.88,29.2,53.8419,55.0,54.2967,-1.1581,-0.4548,26.71187
3679.354,26.718,4.92,29.2,53.8486,55.0,54.3034,-1.1514,-0.4548,26.71281
3680.378,26.718,5.0,29.2,53.8554,55.0,54.3102,-1.1446,-0.4548,26.71457
3681.405,26.72,4.92,29.2,53.8622,55.0,54.3171,-1.1378,-0.4549,26.71156
3682.342,26.72,4.92,29.2,53.8683,55.0,54.3233,-1.1317,-0.4549,26.71519
3683.344,26.717,4.96,29.2,53.875,55.0,54.3299,-1.125,-0.4549,26.71586
3684.376,26.717,5.0,29.2,53.8819,55.0,54.3368,-1.1181,-0.455,26.71299
3685.393,26.717,4.96,29.2,53.8886,55.0,54.3436,-1.1114,-0.455,26.71138
3686.418,26.718,4.92,29.2,53.8953,55.0,54.3504,-1.1047,-0.4551,26.71123
3687.447,26.718,4.88,29.2,53.902,55.0,54.3572,-1.098,-0.4551,26.71211
3688.363,26.718,4.88,29.2,53.908,55.0,54.3632,-1.092,-0.4551,26.71342
3689.389,26.715,4.88,29.2,53.9147,55.0,54.3698,-1.0853,-0.4551,26.71298
3690.411,26.715,4.84,29.2,53.9213,55.0,54.3765,-1.0787,-0.4552,26.7094
3691.359,26.717,4.92,29.2,53.9275,55.0,54.3828,-1.0725,-0.4552,26.71189
3692.359,26.717,4.88,29.2,53.9341,55.0,54.3893,-1.0659,-0.4553,26.71134
3693.383,26.715,4.88,29.2,53.9407,55.0,54.396,-1.0593,-0.4553,26.71196
3694.405,26.715,4.88,29.2,53.9474,55.0,54.4027,-1.0526,-0.4553,26.71014
3695.428,26.717,4.92,29.2,53.9541,55.0,54.4095,-1.0459,-0.4554,26.71083
3696.364,26.718,4.88,29.2,53.9602,55.0,54.4156,-1.0398,-0.4554,26.71158
3697.374,26.717,4.92,29.2,53.9669,55.0,54.4223,-1.0331,-0.4554,26.71375
3698.4,26.717,4.88,29.2,53.9735,55.0,54.429,-1.0265,-0.4555,26.71131
3699.422,26.718,4.92,29.2,53.9803,55.0,54.4358,-1.0197,-0.4555,26.71275
3700.451,26.717,4.88,29.2,53.987,55.0,54.4425,-1.013,-0.4555,26.71218
3701.38,26.717,4.88,29.2,53.993,55.0,54.4486,-1.007,-0.4556,26.71243
3702.391,26.717,4.84,29.2,53.9996,55.0,54.4552,-1.0004,-0.4556,26.71129
3703.414,26.718,4.88,29.2,54.0062,55.0,54.4619,-0.9938,-0.4557,26.71271
3704.441,26.718,4.88,29.2,54.0129,55.0,54.4686,-0.9871,-0.4557,26.71294
3705.39,26.717,4.88,29.2,54.0191,55.0,54.4748,-0.9809,-0.4557,26.71331
3706.39,26.718,4.96,29.2,54.0257,55.0,54.4815,-0.9743,-0.4557,26.71373
3707.413,26.718,4.96,29.2,54.0325,55.0,54.4883,-0.9675,-0.4558,26.71307
3708.433,26.717,4.88,29.2,54.0391,55.0,54.495,-0.9609,-0.4558,26.71149
3709.457,26.72,4.84,29.2,54.0458,55.0,54.5017,-0.9542,-0.4559,26.71118
3710.39,26.72,4.88,29.2,54.0518,55.0,54.5078,-0.9482,-0.4559,26.71591
3711.402,26.721,4.92,29.2,54.0585,55.0,54.5145,-0.9415,-0.456,26.71581
3712.432,26.717,4.96,29.2,54.0653,55.0,54.5213,-0.9347,-0.456,26.71668
3713.56,26.715,4.88,29.2,54.0727,55.0,54.5287,-0.9273,-0.456,26.71024
3714.48,26.715,4.88,29.2,54.0787,55.0,54.5347,-0.9213,-0.456,26.71051
3715.415,26.72,4.88,29.2,54.0848,55.0,54.5409,-0.9152,-0.4561,26.71045
3716.425,26.717,4.88,29.2,54.0913,55.0,54.5475,-0.9087,-0.4561,26.71475
3717.446,26.715,4.88,29.2,54.098,55.0,54.5541,-0.902,-0.4561,26.71215
3718.471,26.717,4.84,29.2,54.1046,55.0,54.5608,-0.8954,-0.4562,26.70936
3719.501,26.717,4.84,29.2,54.1113,55.0,54.5675,-0.8887,-0.4562,26.71179
3720.423,26.717,4.84,29.2,54.1172,55.0,54.5735,-0.8828,-0.4563,26.71241
3721.441,26.718,4.92,29.2,54.1239,55.0,54.5802,-0.8761,-0.4563,26.71357
3722.466,26.717,4.92,29.2,54.1307,55.0,54.587,-0.8693,-0.4563,26.71302
3723.49,26.717,4.84,29.2,54.1373,55.0,54.5937,-0.8627,-0.4564,26.7105
3724.436,26.717,4.96,29.2,54.1436,55.0,54.5999,-0.8564,-0.4564,26.71457
3725.439,26.72,4.88,29.2,54.1501,55.0,54.6066,-0.8499,-0.4565,26.71071
3726.456,26.72,4.88,29.2,54.1567,55.0,54.6132,-0.8433,-0.4565,26.7147
3727.481,26.721,4.84,29.2,54.1633,55.0,54.6199,-0.8367,-0.4566,26.7141
3728.507,26.718,4.96,29.2,54.1701,55.0,54.6267,-0.8299,-0.4566,26.71809
3729.439,26.717,4.88,29.2,54.1762,55.0,54.6328,-0.8238,-0.4566,26.71215
3730.451,26.718,4.84,29.2,54.1828,55.0,54.6394,-0.8172,-0.4566,26.71124
3731.477,26.717,4.88,29.2,54.1894,55.0,54.6461,-0.8106,-0.4566,26.71358
3732.505,26.717,4.92,29.2,54.1962,55.0,54.6529,-0.8038,-0.4567,26.71282
3733.444,26.717,4.92,29.2,54.2024,55.0,54.6591,-0.7976,-0.4567,26.71242
3734.452,26.718,4.84,29.2,54.2089,55.0,54.6656,-0.7911,-0.4567,26.71051
3735.47,26.718,4.88,29.2,54.2155,55.0,54.6723,-0.7845,-0.4568,26.71356
3736.492,26.721,4.88,29.2,54.2222,55.0,54.679,-0.7778,-0.4568,26.71297
3737.516,26.721,4.96,29.2,54.229,55.0,54.6858,-0.771,-0.4569,26.71724
3738.542,26.717,4.88,29.2,54.2357,55.0,54.6925,-0.7643,-0.4569,26.71441
3739.462,26.717,4.88,29.2,54.2416,55.0,54.6985,-0.7584,-0.4569,26.71256
3740.485,26.718,4.88,29.2,54.2483,55.0,54.7052,-0.7517,-0.4569,26.71197
3741.509,26.72,4.88,29.2,54.255,55.0,54.712,-0.745,-0.457,26.71284
3746.631,26.721,4.88,29.2,54.2884,55.0,54.7455,-0.7116,-0.4572,26.69644
3746.632,26.72,4.88,29.2,54.2884,55.0,54.7455,-0.7116,-0.4572,26.71935
3746.633,26.721,4.88,29.2,54.2884,55.0,54.7455,-0.7116,-0.4572,26.71995
3746.639,26.72,4.84,29.2,54.2884,55.0,54.7456,-0.7116,-0.4572,26.72013
3746.641,26.721,4.88,29.2,54.2884,55.0,54.7456,-0.7116,-0.4572,26.72077
3746.642,26.721,4.88,29.2,54.2884,55.0,54.7456,-0.7116,-0.4572,26.72098
3746.644,26.721,4.88,29.2,54.2885,55.0,54.7456,-0.7115,-0.4572,26.72099
3747.468,26.72,4.92,29.2,54.2939,55.0,54.751,-0.7061,-0.4572,26.71787
3748.476,26.72,4.96,29.2,54.3005,56.0,54.7577,-1.6995,-0.4572,26.71593
3749.496,26.72,4.92,29.2,54.3073,56.0,54.7645,-1.6927,-0.4572,26.7142
3750.522,26.72,4.96,29.2,54.314,56.0,54.7713,-1.686,-0.4572,26.71559
3751.548,26.721,4.92,29.2,54.3208,56.0,54.7781,-1.6792,-0.4573,26.71414
3752.484,26.721,4.92,29.2,54.3269,56.0,54.7842,-1.6731,-0.4573,26.71611
3753.492,26.718,4.92,29.2,54.3336,56.0,54.7909,-1.6664,-0.4573,26.71591
3754.514,26.72,4.96,29.2,54.3403,56.0,54.7977,-1.6597,-0.4573,26.7139
3755.542,26.721,4.92,29.2,54.3471,56.0,54.8045,-1.6529,-0.4574,26.71399
3756.488,26.721,4.92,29.2,54.3533,56.0,54.8107,-1.6467,-0.4574,26.71603
3757.591,26.72,4.88,29.2,54.3605,56.0,54.8179,-1.6395,-0.4574,26.71466
3758.514,26.72,4.88,29.2,54.3665,56.0,54.8239,-1.6335,-0.4574,26.71525
3759.532,26.718,4.96,29.2,54.3733,56.0,54.8307,-1.6267,-0.4574,26.71642
3760.559,26.721,4.92,29.2,54.38,56.0,54.8375,-1.62,-0.4575,26.71236
3761.498,26.718,4.96,29.2,54.3862,56.0,54.8437,-1.6138,-0.4575,26.7167
3762.503,26.723,4.84,29.2,54.3927,56.0,54.8503,-1.6073,-0.4576,26.7109
3763.54,26.724,4.84,29.2,54.3994,56.0,54.857,-1.6006,-0.4576,26.71705
3764.655,26.72,4.84,29.2,54.4066,56.0,54.8642,-1.5934,-0.4576,26.71806
3765.585,26.72,4.84,29.2,54.4126,56.0,54.8702,-1.5874,-0.4576,26.71542
3766.508,26.72,4.88,29.2,54.4187,56.0,54.8763,-1.5813,-0.4576,26.71602
3767.519,26.721,4.88,29.2,54.4252,56.0,54.8829,-1.5748,-0.4576,26.7149
3768.543,26.721,4.84,29.2,54.4319,56.0,54.8895,-1.5681,-0.4577,26.71484
3769.568,26.721,4.88,29.2,54.4385,56.0,54.8962,-1.5615,-0.4577,26.71637
3770.597,26.718,4.88,29.2,54.4453,56.0,54.9029,-1.5547,-0.4577,26.71572
3771.519,26.718,4.88,29.2,54.4513,56.0,54.909,-1.5487,-0.4577,26.71349
3772.54,26.718,4.92,29.2,54.458,56.0,54.9157,-1.542,-0.4577,26.71361
3773.563,26.72,4.88,29.2,54.4646,56.0,54.9224,-1.5354,-0.4578,26.71207
3774.589,26.721,4.92,29.2,54.4714,56.0,54.9292,-1.5286,-0.4578,26.71522
3775.522,26.718,4.96,29.2,54.4776,56.0,54.9353,-1.5224,-0.4578,26.71686
3776.533,26.721,4.96,29.2,54.4843,56.0,54.9421,-1.5157,-0.4578,26.71323
3777.562,26.721,4.96,29.2,54.4911,56.0,54.9489,-1.5089,-0.4578,26.71545
3778.582,26.72,4.88,29.2,54.4977,56.0,54.9556,-1.5023,-0.4578,26.71411
3779.523,26.718,4.84,29.2,54.5038,56.0,54.9617,-1.4962,-0.4579,26.71419
3780.526,26.721,4.88,29.2,54.5103,56.0,54.9682,-1.4897,-0.4579,26.71369
3781.55,26.72,4.96,29.2,54.5171,56.0,54.975,-1.4829,-0.4579,26.71699
3782.578,26.718,4.84,29.2,54.5238,56.0,54.9817,-1.4762,-0.4579,26.71253
3783.604,26.72,4.92,29.2,54.5305,56.0,54.9884,-1.4695,-0.4579,26.71418
3784.541,26.72,4.92,29.2,54.5367,56.0,54.9946,-1.4633,-0.4579,26.71499
3785.543,26.721,4.92,29.2,54.5433,56.0,55.0012,-1.4567,-0.458,26.71476
3786.569,26.72,4.88,29.2,54.5499,56.0,55.0079,-1.4501,-0.458,26.71468
3787.59,26.721,4.96,29.2,54.5567,56.0,55.0147,-1.4433,-0.458,26.71616
3788.618,26.721,4.88,29.2,54.5634,56.0,55.0214,-1.4366,-0.458,26.71405
3789.643,26.721,4.88,29.2,54.5701,56.0,55.0281,-1.4299,-0.458,26.71532
3790.565,26.721,4.88,29.2,54.5761,56.0,55.0341,-1.4239,-0.458,26.71594
3791.585,26.721,4.88,29.2,54.5827,56.0,55.0408,-1.4173,-0.458,26.71554
3792.608,26.718,4.88,29.2,54.5894,56.0,55.0474,-1.4106,-0.458,26.71547
3793.558,26.721,4.92,29.2,54.5957,56.0,55.0537,-1.4043,-0.4581,26.71402
3794.56,26.72,4.92,29.2,54.6022,56.0,55.0603,-1.3978,-0.4581,26.71538
3795.586,26.72,4.84,29.2,54.6089,56.0,55.067,-1.3911,-0.4581,26.713
3796.602,26.72,4.84,29.2,54.6154,56.0,55.0735,-1.3846,-0.4581,26.71423
3797.629,26.721,4.88,29.2,54.6221,56.0,55.0802,-1.3779,-0.4581,26.71512
3798.57,26.72,4.84,29.2,54.6282,56.0,55.0863,-1.3718,-0.4581,26.71492
3799.572,26.721,4.96,29.2,54.6348,56.0,55.093,-1.3652,-0.4581,26.71688
3800.604,26.72,4.88,29.2,54.6416,56.0,55.0997,-1.3584,-0.4581,26.71398
3801.621,26.72,4.84,29.2,54.6481,56.0,55.1063,-1.3519,-0.4581,26.71351
3802.649,26.72,4.84,29.2,54.6548,56.0,55.113,-1.3452,-0.4582,26.71413
3803.574,26.72,4.84,29.2,54.6608,56.0,55.1189,-1.3392,-0.4582,26.71468
3804.589,26.721,4.84,29.2,54.6673,56.0,55.1255,-1.3327,-0.4582,26.71432
3805.622,26.721,4.88,29.2,54.6741,56.0,55.1323,-1.3259,-0.4582,26.71577
3806.641,26.718,4.96,29.2,54.6808,56.0,55.139,-1.3192,-0.4582,26.71688
3807.578,26.721,5.0,29.2,54.6871,56.0,55.1453,-1.3129,-0.4582,26.71426
3808.599,26.723,4.96,29.2,54.6938,56.0,55.152,-1.3062,-0.4582,26.71428
3809.611,26.723,4.96,29.2,54.7005,56.0,55.1588,-1.2995,-0.4582,26.71665
3810.635,26.723,4.96,29.2,54.7073,56.0,55.1656,-1.2927,-0.4582,26.71699
3811.656,26.726,4.88,29.2,54.714,56.0,55.1722,-1.286,-0.4582,26.71544
3812.595,26.723,4.84,29.2,54.72,56.0,55.1783,-1.28,-0.4582,26.71858
3813.601,26.718,4.84,29.2,54.7266,56.0,55.1848,-1.2734,-0.4582,26.71725
3814.63,26.72,4.88,29.2,54.7333,56.0,55.1915,-1.2667,-0.4583,26.71377
3815.648,26.723,4.88,29.2,54.7399,56.0,55.1982,-1.2601,-0.4583,26.71384
3816.674,26.723,4.88,29.2,54.7466,56.0,55.2049,-1.2534,-0.4583,26.71605
3817.605,26.724,4.84,29.2,54.7526,56.0,55.2109,-1.2474,-0.4583,26.71614
3818.618,26.718,4.84,29.2,54.7591,56.0,55.2174,-1.2409,-0.4583,26.71722
3819.644,26.721,4.84,29.2,54.7658,56.0,55.2241,-1.2342,-0.4583,26.71295
3820.666,26.721,4.84,29.2,54.7724,56.0,55.2307,-1.2276,-0.4583,26.71404
3821.694,26.72,4.88,29.2,54.7791,56.0,55.2374,-1.2209,-0.4583,26.71501
3822.614,26.72,4.88,29.2,54.7851,56.0,55.2434,-1.2149,-0.4583,26.71424
3823.64,26.721,4.92,29.2,54.7918,56.0,55.2501,-1.2082,-0.4583,26.71426
3824.66,26.721,4.88,29.2,54.7985,56.0,55.2568,-1.2015,-0.4583,26.71332
3825.689,26.723,4.84,29.2,54.8051,56.0,55.2634,-1.1949,-0.4583,26.71283
3826.624,26.72,4.88,29.2,54.8112,56.0,55.2695,-1.1888,-0.4583,26.7158
3827.635,26.72,4.92,29.2,54.8179,56.0,55.2762,-1.1821,-0.4583,26.71449
3828.653,26.72,4.92,29.2,54.8245,56.0,55.2829,-1.1755,-0.4583,26.71308
3829.678,26.72,4.96,29.2,54.8313,56.0,55.2896,-1.1687,-0.4583,26.71311
3830.629,26.723,4.96,29.2,54.8376,56.0,55.296,-1.1624,-0.4583,26.71245
3831.632,26.721,4.96,29.2,54.8443,56.0,55.3026,-1.1557,-0.4583,26.7131
3832.649,26.718,4.96,29.2,54.851,56.0,55.3093,-1.149,-0.4583,26.71193
3833.672,26.724,4.84,29.2,54.8576,56.0,55.3159,-1.1424,-0.4583,26.7071
3834.695,26.718,4.84,29.2,54.8642,56.0,55.3226,-1.1358,-0.4583,26.70655
3835.638,26.718,4.84,29.2,54.8703,56.0,55.3287,-1.1297,-0.4583,26.70607
3836.648,26.721,4.88,29.2,54.8769,56.0,55.3352,-1.1231,-0.4583,26.70777
3837.669,26.721,4.92,29.2,54.8836,56.0,55.3419,-1.1164,-0.4583,26.7108
3838.689,26.72,4.84,29.2,54.8902,56.0,55.3485,-1.1098,-0.4583,26.7102
3839.636,26.724,4.88,29.2,54.8964,56.0,55.3547,-1.1036,-0.4583,26.71231
3840.743,26.723,4.96,29.2,54.9037,56.0,55.3621,-1.0963,-0.4583,26.71579
3841.661,26.723,4.96,29.2,54.9098,56.0,55.3681,-1.0902,-0.4583,26.71606
3842.689,26.724,4.84,29.2,54.9165,56.0,55.3748,-1.0835,-0.4583,26.71337
3843.709,26.72,4.92,29.2,54.9232,56.0,55.3815,-1.0768,-0.4583,26.7172
3844.651,26.718,4.84,29.2,54.9293,56.0,55.3876,-1.0707,-0.4583,26.7131
3845.654,26.724,4.88,29.2,54.9358,56.0,55.3941,-1.0642,-0.4583,26.71259
3846.682,26.723,4.84,29.2,54.9424,56.0,55.4008,-1.0576,-0.4583,26.71503
3847.705,26.723,4.84,29.2,54.949,56.0,55.4074,-1.051,-0.4583,26.7159
3848.728,26.721,4.88,29.2,54.9557,56.0,55.4141,-1.0443,-0.4583,26.717
3849.655,26.723,4.96,29.2,54.9619,56.0,55.4202,-1.0381,-0.4584,26.71716
3850.672,26.72,4.92,29.2,54.9685,56.0,55.4269,-1.0315,-0.4584,26.71597
3851.698,26.721,4.96,29.2,54.9753,56.0,55.4337,-1.0247,-0.4584,26.71502
3852.722,26.721,4.84,29.2,54.982,56.0,55.4403,-1.018,-0.4584,26.71245
3853.75,26.72,4.88,29.2,54.9887,56.0,55.447,-1.0113,-0.4584,26.71501
3854.665,26.72,4.88,29.2,54.9946,56.0,55.453,-1.0054,-0.4584,26.7146
3855.687,26.72,5.0,29.2,55.0014,56.0,55.4598,-0.9986,-0.4584,26.71643
3856.712,26.718,4.92,29.2,55.0082,56.0,55.4666,-0.9918,-0.4584,26.71292
3857.663,26.718,4.96,29.2,55.0145,56.0,55.4729,-0.9855,-0.4584,26.71337
3858.663,26.721,4.96,29.3,55.0211,56.0,55.4795,-0.9789,-0.4584,26.71248
3859.693,26.723,4.84,29.2,55.0278,56.0,55.4862,-0.9722,-0.4584,26.71221
3860.706,26.723,4.84,29.2,55.0343,56.0,55.4927,-0.9657,-0.4584,26.71619
3861.736,26.724,4.84,29.2,55.041,56.0,55.4994,-0.959,-0.4584,26.71683
3862.678,26.724,5.0,29.2,55.0473,56.0,55.5057,-0.9527,-0.4585,26.72139
3863.683,26.724,4.88,29.2,55.0538,56.0,55.5123,-0.9462,-0.4585,26.71639
3864.7,26.726,4.88,29.3,55.0604,56.0,55.5189,-0.9396,-0.4585,26.7178
3865.724,26.72,4.88,29.2,55.0671,56.0,55.5256,-0.9329,-0.4585,26.71962
3866.758,26.72,4.88,29.2,55.0738,56.0,55.5323,-0.9262,-0.4585,26.715
3867.693,26.72,4.92,29.3,55.08,56.0,55.5385,-0.92,-0.4585,26.7155
3868.694,26.724,4.88,29.3,55.0865,56.0,55.545,-0.9135,-0.4585,26.71371
3869.718,26.72,5.0,29.2,55.0934,56.0,55.5519,-0.9066,-0.4585,26.71971
3870.745,26.723,4.92,29.3,55.1001,56.0,55.5586,-0.8999,-0.4585,26.71355
3871.77,26.72,4.92,29.3,55.1068,56.0,55.5654,-0.8932,-0.4585,26.71651
3872.793,26.718,4.84,29.3,55.1134,56.0,55.572,-0.8866,-0.4585,26.71297
3873.71,26.718,4.84,29.3,55.1194,56.0,55.5779,-0.8806,-0.4586,26.71279
3874.735,26.721,4.92,29.2,55.1261,56.0,55.5847,-0.8739,-0.4586,26.71385
3875.76,26.723,5.0,29.3,55.133,56.0,55.5915,-0.867,-0.4586,26.71653
3876.707,26.721,4.88,29.2,55.1391,56.0,55.5977,-0.8609,-0.4586,26.71504
3877.711,26.721,4.92,29.3,55.1457,56.0,55.6043,-0.8543,-0.4586,26.71599
3878.735,26.721,4.96,29.2,55.1525,56.0,55.6111,-0.8475,-0.4586,26.71609
3879.753,26.721,4.96,29.2,55.1593,56.0,55.6179,-0.8407,-0.4586,26.71536
3880.779,26.723,4.84,29.3,55.1659,56.0,55.6245,-0.8341,-0.4586,26.71281
3881.717,26.723,4.88,29.2,55.172,56.0,55.6306,-0.828,-0.4586,26.71753
3882.721,26.724,4.84,29.3,55.1785,56.0,55.6371,-0.8215,-0.4586,26.71643
3883.747,26.727,4.84,29.3,55.1851,56.0,55.6438,-0.8149,-0.4587,26.71772
3884.776,26.723,4.92,29.2,55.1919,56.0,55.6505,-0.8081,-0.4587,26.72195
3885.801,26.72,4.88,29.3,55.1986,56.0,55.6572,-0.8014,-0.4587,26.71709
3886.735,26.72,4.88,29.3,55.2046,56.0,55.6633,-0.7954,-0.4587,26.71505
3887.74,26.726,4.88,29.3,55.2112,56.0,55.6699,-0.7888,-0.4587,26.71437
3888.769,26.723,4.96,29.3,55.218,56.0,55.6767,-0.782,-0.4587,26.72062
3889.793,26.721,4.96,29.2,55.2248,56.0,55.6835,-0.7752,-0.4587,26.71771
3890.813,26.723,4.88,29.3,55.2314,56.0,55.6902,-0.7686,-0.4587,26.71402
3891.84,26.723,4.84,29.3,55.2381,56.0,55.6968,-0.7619,-0.4587,26.71573
3892.761,26.723,4.84,29.3,55.244,56.0,55.7028,-0.756,-0.4587,26.71729
3893.783,26.721,4.88,29.3,55.2507,56.0,55.7094,-0.7493,-0.4587,26.71786
3894.808,26.724,4.88,29.3,55.2574,56.0,55.7161,-0.7426,-0.4588,26.71555
3895.754,26.723,4.88,29.3,55.2635,57.0,55.7223,-1.7365,-0.4588,26.71798
3896.757,26.724,4.92,29.2,55.2701,57.0,55.7289,-1.7299,-0.4588,26.7181
3897.781,26.72,4.88,29.3,55.2768,57.0,55.7356,-1.7232,-0.4588,26.71726
3898.906,26.723,4.92,29.3,55.2842,57.0,55.743,-1.7158,-0.4588,26.71497
3899.824,26.723,4.92,29.3,55.2902,57.0,55.749,-1.7098,-0.4588,26.71723
3900.763,26.724,4.84,29.3,55.2963,57.0,55.7551,-1.7037,-0.4588,26.71591
3901.769,26.724,4.88,29.3,55.3029,57.0,55.7617,-1.6971,-0.4588,26.71852
3902.797,26.723,4.84,29.3,55.3095,57.0,55.7683,-1.6905,-0.4588,26.71727
3903.819,26.724,4.88,29.3,55.3162,57.0,55.775,-1.6838,-0.4588,26.71785
3904.845,26.723,4.84,29.3,55.3228,57.0,55.7817,-1.6772,-0.4589,26.71717
3905.772,26.723,4.84,29.3,55.3288,57.0,55.7877,-1.6712,-0.4589,26.71749
3906.788,26.723,4.88,29.3,55.3354,57.0,55.7943,-1.6646,-0.4589,26.71792
3907.817,26.724,4.88,29.3,55.3421,57.0,55.801,-1.6579,-0.4589,26.71716
3908.836,26.724,4.92,29.3,55.3488,57.0,55.8077,-1.6512,-0.4589,26.71869
3909.861,26.724,4.84,29.3,55.3554,57.0,55.8143,-1.6446,-0.4589,26.71654
3910.886,26.723,4.88,29.3,55.3621,57.0,55.821,-1.6379,-0.4589,26.71853
3911.811,26.723,4.88,29.3,55.3682,57.0,55.8271,-1.6318,-0.4589,26.71776
3912.829,26.721,4.96,29.3,55.3749,57.0,55.8338,-1.6251,-0.4589,26.71879
3913.853,26.723,4.88,29.3,55.3816,57.0,55.8405,-1.6184,-0.4589,26.71416
3914.79,26.723,4.84,29.3,55.3876,57.0,55.8466,-1.6124,-0.4589,26.71617
3915.798,26.721,4.84,29.3,55.3941,57.0,55.8531,-1.6059,-0.459,26.71693
3916.827,26.724,4.96,29.3,55.401,57.0,55.8599,-1.599,-0.459,26.71774
3917.85,26.724,4.84,29.3,55.4076,57.0,55.8666,-1.5924,-0.459,26.71562
3918.798,26.724,4.84,29.3,55.4137,57.0,55.8727,-1.5863,-0.459,26.71794
3919.799,26.724,5.0,29.3,55.4204,57.0,55.8794,-1.5796,-0.459,26.72128
3920.82,26.721,4.92,29.3,55.4271,57.0,55.8861,-1.5729,-0.459,26.71705
3921.842,26.726,4.88,29.3,55.4338,57.0,55.8928,-1.5662,-0.459,26.71465
3922.868,26.72,4.84,29.3,55.4404,57.0,55.8994,-1.5596,-0.459,26.71825
3923.894,26.723,4.92,29.3,55.4471,57.0,55.9062,-1.5529,-0.459,26.71636
3924.814,26.723,4.92,29.3,55.4532,57.0,55.9122,-1.5468,-0.459,26.71744
3925.837,26.726,4.96,29.3,55.4599,57.0,55.919,-1.5401,-0.4591,26.71794
3926.86,26.724,4.88,29.3,55.4666,57.0,55.9257,-1.5334,-0.4591,26.71807
3927.803,26.724,4.84,29.3,55.4727,57.0,55.9318,-1.5273,-0.4591,26.7176
3928.81,26.726,4.96,29.3,55.4794,57.0,55.9385,-1.5206,-0.4591,26.72039
3929.833,26.723,4.88,29.3,55.4861,57.0,55.9451,-1.5139,-0.4591,26.71848
3930.854,26.723,4.88,29.3,55.4927,57.0,55.9518,-1.5073,-0.4591,26.71728
3931.876,26.724,4.96,29.3,55.4995,57.0,55.9586,-1.5005,-0.4591,26.71868
3932.819,26.726,4.96,29.3,55.5057,57.0,55.9648,-1.4943,-0.4591,26.71856
3933.823,26.718,4.96,29.3,55.5124,57.0,55.9715,-1.4876,-0.4591,26.71987
3934.846,26.726,4.84,29.3,55.519,57.0,55.9781,-1.481,-0.4591,26.71109
3935.872,26.723,4.88,29.3,55.5257,57.0,55.9848,-1.4743,-0.4592,26.71923
3936.9,26.726,4.84,29.3,55.5323,57.0,55.9915,-1.4677,-0.4592,26.71656
3937.825,26.726,4.84,29.3,55.5383,57.0,55.9975,-1.4617,-0.4592,26.71983
3938.845,26.723,4.88,29.3,55.5449,57.0,56.0041,-1.4551,-0.4592,26.72071
3939.864,26.726,4.96,29.3,55.5517,57.0,56.0109,-1.4483,-0.4592,26.71926
3940.897,26.726,4.88,29.3,55.5584,57.0,56.0176,-1.4416,-0.4592,26.71824
3941.831,26.724,4.92,29.3,55.5646,57.0,56.0238,-1.4354,-0.4592,26.72089
3942.843,26.723,4.84,29.3,55.5711,57.0,56.0303,-1.4289,-0.4592,26.71695
3943.858,26.723,4.84,29.3,55.5777,57.0,56.0369,-1.4223,-0.4592,26.71701
3944.886,26.721,4.92,29.3,55.5844,57.0,56.0437,-1.4156,-0.4592,26.71857
3945.905,26.724,4.84,29.3,55.591,57.0,56.0503,-1.409,-0.4593,26.71409
3946.844,26.724,4.88,29.3,55.5971,57.0,56.0564,-1.4029,-0.4593,26.71852
3947.854,26.724,4.88,29.3,55.6037,57.0,56.063,-1.3963,-0.4593,26.71814
3948.875,26.726,4.96,29.3,55.6105,57.0,56.0698,-1.3895,-0.4593,26.71963
3949.902,26.724,4.88,29.3,55.6172,57.0,56.0765,-1.3828,-0.4593,26.71832
3950.928,26.724,4.88,29.3,55.6239,57.0,56.0832,-1.3761,-0.4593,26.71803
3951.862,26.724,4.84,29.3,55.6299,57.0,56.0892,-1.3701,-0.4593,26.71762
3952.868,26.724,4.84,29.3,55.6364,57.0,56.0957,-1.3636,-0.4593,26.71797
3953.892,26.724,4.88,29.3,55.6431,57.0,56.1024,-1.3569,-0.4593,26.71875
3954.921,26.723,4.84,29.3,55.6497,57.0,56.1091,-1.3503,-0.4593,26.71727
3955.945,26.726,4.84,29.3,55.6563,57.0,56.1157,-1.3437,-0.4594,26.71701
3956.868,26.726,4.84,29.3,55.6623,57.0,56.1217,-1.3377,-0.4594,26.7199
3957.885,26.723,4.88,29.3,55.6689,57.0,56.1283,-1.3311,-0.4594,26.72072
3958.913,26.726,4.84,29.3,55.6756,57.0,56.135,-1.3244,-0.4594,26.71679
3959.936,26.723,4.88,29.3,55.6822,57.0,56.1416,-1.3178,-0.4594,26.72018
3960.874,26.721,4.92,29.3,55.6884,57.0,56.1478,-1.3116,-0.4594,26.71875
3961.89,26.726,5.0,29.3,55.6952,57.0,56.1546,-1.3048,-0.4594,26.71735
3962.908,26.726,5.0,29.3,55.702,57.0,56.1614,-1.298,-0.4594,26.71963
3963.932,26.724,4.88,29.3,55.7087,57.0,56.1681,-1.2913,-0.4594,26.71755
3964.953,26.723,4.88,29.3,55.7153,57.0,56.1748,-1.2847,-0.4594,26.71791
3965.884,26.721,4.96,29.3,55.7215,57.0,56.1809,-1.2785,-0.4594,26.71921
3966.899,26.724,4.84,29.3,55.7281,57.0,56.1875,-1.2719,-0.4595,26.71343
3967.923,26.723,4.84,29.3,55.7347,57.0,56.1941,-1.2653,-0.4595,26.71718
3968.95,26.726,4.88,29.3,55.7414,57.0,56.2008,-1.2586,-0.4595,26.71778
3969.891,26.726,4.88,29.3,55.7475,57.0,56.207,-1.2525,-0.4595,26.71997
3970.893,26.724,4.84,29.3,55.754,57.0,56.2135,-1.246,-0.4595,26.71922
3971.915,26.727,4.88,29.3,55.7606,57.0,56.2202,-1.2394,-0.4595,26.71896
3972.941,26.724,4.84,29.3,55.7673,57.0,56.2268,-1.2327,-0.4595,26.71975
3973.967,26.724,4.96,29.3,55.7741,57.0,56.2336,-1.2259,-0.4595,26.72064
3974.995,26.724,4.96,29.3,55.7809,57.0,56.2404,-1.2191,-0.4595,26.71846
3975.909,26.724,4.96,29.3,55.7869,57.0,56.2465,-1.2131,-0.4595,26.71864
3976.933,26.724,4.88,29.3,55.7936,57.0,56.2532,-1.2064,-0.4596,26.71652
3977.957,26.727,4.88,29.3,55.8003,57.0,56.2599,-1.1997,-0.4596,26.71772
3978.981,26.724,4.88,29.3,55.807,57.0,56.2665,-1.193,-0.4596,26.72036
3979.912,26.727,4.96,29.3,55.8131,57.0,56.2727,-1.1869,-0.4596,26.72043
3980.932,26.721,4.88,29.3,55.8198,57.0,56.2794,-1.1802,-0.4596,26.71927
3982.059,26.727,4.92,29.3,55.8272,57.0,56.2868,-1.1728,-0.4596,26.71606
3982.977,26.727,4.92,29.3,55.8332,57.0,56.2928,-1.1668,-0.4596,26.72063
3983.921,26.724,4.88,29.3,55.8394,57.0,56.299,-1.1606,-0.4596,26.72045
3984.922,26.724,4.96,29.3,55.846,57.0,56.3056,-1.154,-0.4596,26.7201
3985.947,26.724,4.84,29.3,55.8526,57.0,56.3123,-1.1474,-0.4596,26.71595
3986.968,26.724,4.92,29.3,55.8593,57.0,56.319,-1.1407,-0.4597,26.71922
3987.996,26.724,4.88,29.3,55.866,57.0,56.3257,-1.134,-0.4597,26.71737
3988.928,26.724,4.88,29.3,55.8721,57.0,56.3318,-1.1279,-0.4597,26.7183
3989.938,26.727,4.84,29.3,55.8786,57.0,56.3383,-1.1214,-0.4597,26.71727
3990.963,26.724,4.84,29.3,55.8853,57.0,56.345,-1.1147,-0.4597,26.72023
3991.99,26.729,4.92,29.3,55.892,57.0,56.3517,-1.108,-0.4597,26.7199
3992.929,26.723,4.84,29.3,55.8981,57.0,56.3578,-1.1019,-0.4597,26.72117
3993.94,26.724,4.96,29.3,55.9048,57.0,56.3645,-1.0952,-0.4597,26.72013
3994.957,26.724,4.96,29.3,55.9115,57.0,56.3712,-1.0885,-0.4597,26.71841
3995.985,26.723,4.88,29.3,55.9182,57.0,56.3779,-1.0818,-0.4597,26.71645
3997.006,26.726,4.88,29.3,55.9249,57.0,56.3846,-1.0751,-0.4598,26.7169
3997.948,26.729,4.88,29.3,55.931,57.0,56.3908,-1.069,-0.4598,26.7198
3998.953,26.726,4.92,29.3,55.9376,57.0,56.3974,-1.0624,-0.4598,26.72322
3999.979,26.726,4.84,29.3,55.9442,57.0,56.404,-1.0558,-0.4598,26.71885
4001.001,26.724,4.92,29.3,55.9509,57.0,56.4107,-1.0491,-0.4598,26.72132
4002.024,26.724,4.92,29.3,55.9577,57.0,56.4175,-1.0423,-0.4598,26.71854
4002.954,26.724,4.84,29.3,55.9637,57.0,56.4235,-1.0363,-0.4598,26.71691
4003.971,26.727,4.88,29.3,55.9703,57.0,56.4302,-1.0297,-0.4598,26.71858
4004.993,26.723,4.92,29.3,55.977,57.0,56.4369,-1.023,-0.4598,26.72131
4006.015,26.724,4.84,29.3,55.9836,57.0,56.4435,-1.0164,-0.4599,26.71611
4007.043,26.724,4.96,29.3,55.9904,57.0,56.4503,-1.0096,-0.4599,26.72002
4007.963,26.724,4.96,29.3,55.9965,57.0,56.4564,-1.0035,-0.4599,26.71886
4008.985,26.727,4.92,29.3,56.0033,57.0,56.4631,-0.9967,-0.4599,26.71736
4010.01,26.726,4.92,29.3,56.01,57.0,56.4699,-0.99,-0.4599,26.72031
4011.035,26.724,4.88,29.3,56.0167,57.0,56.4766,-0.9833,-0.4599,26.71917
4011.964,26.726,4.88,29.3,56.0227,57.0,56.4826,-0.9773,-0.4599,26.71861
4012.985,26.726,4.84,29.3,56.0293,57.0,56.4893,-0.9707,-0.4599,26.71887
4014.004,26.726,4.84,29.3,56.0359,57.0,56.4959,-0.9641,-0.4599,26.71971
4015.027,26.726,4.92,29.3,56.0426,57.0,56.5026,-0.9574,-0.4599,26.72145
4015.971,26.727,4.84,29.3,56.0487,57.0,56.5087,-0.9513,-0.46,26.71894
4016.976,26.727,4.84,29.3,56.0552,57.0,56.5152,-0.9448,-0.46,26.7206
4018.001,26.724,4.96,29.3,56.062,57.0,56.522,-0.938,-0.46,26.72321
4019.021,26.727,4.84,29.4,56.0686,57.0,56.5286,-0.9314,-0.46,26.71646
4020.047,26.727,4.96,29.3,56.0754,57.0,56.5354,-0.9246,-0.46,26.72252
4020.979,26.727,4.96,29.3,56.0816,57.0,56.5416,-0.9184,-0.46,26.72165
4021.99,26.726,4.92,29.4,56.0882,57.0,56.5482,-0.9118,-0.46,26.7203
4023.018,26.727,5.0,29.4,56.0951,57.0,56.5551,-0.9049,-0.46,26.72159
4024.038,26.724,4.96,29.4,56.1019,57.0,56.5619,-0.8981,-0.46,26.72028
4024.987,26.729,4.96,29.4,56.1081,57.0,56.5682,-0.8919,-0.4601,26.71875
4026.096,26.727,5.0,29.3,56.1155,57.0,56.5756,-0.8845,-0.4601,26.72259
4027.012,26.727,5.0,29.3,56.1217,57.0,56.5817,-0.8783,-0.4601,26.72177
4028.039,26.727,5.0,29.4,56.1285,57.0,56.5886,-0.8715,-0.4601,26.72109
4029.056,26.726,4.84,29.4,56.1351,57.0,56.5952,-0.8649,-0.4601,26.71777
4029.996,26.726,4.84,29.4,56.1412,57.0,56.6013,-0.8588,-0.4601,26.7199
4031.005,26.724,4.84,29.3,56.1477,57.0,56.6078,-0.8523,-0.4601,26.71992
4032.031,26.726,4.84,29.3,56.1543,57.0,56.6144,-0.8457,-0.4601,26.71821
4033.054,26.726,4.84,29.3,56.1609,57.0,56.6211,-0.8391,-0.4601,26.71956
4034.075,26.726,4.88,29.4,56.1676,57.0,56.6277,-0.8324,-0.4601,26.72061
4035.01,26.729,4.88,29.4,56.1737,57.0,56.6338,-0.8263,-0.4602,26.72043
4036.021,26.724,4.88,29.4,56.1803,57.0,56.6404,-0.8197,-0.4602,26.72246
4037.046,26.726,4.88,29.4,56.187,57.0,56.6471,-0.813,-0.4602,26.71867
4038.07,26.724,4.88,29.3,56.1936,57.0,56.6538,-0.8064,-0.4602,26.71967
4039.097,26.727,4.84,29.3,56.2003,57.0,56.6605,-0.7997,-0.4602,26.71738
4040.016,26.727,4.84,29.3,56.2062,57.0,56.6664,-0.7938,-0.4602,26.72075
4041.037,26.726,4.88,29.4,56.2129,57.0,56.6731,-0.7871,-0.4602,26.72162
4042.062,26.724,4.92,29.4,56.2196,57.0,56.6798,-0.7804,-0.4602,26.72096
4043.085,26.726,4.92,29.4,56.2263,57.0,56.6866,-0.7737,-0.4602,26.71846
4044.019,26.724,4.92,29.4,56.2325,58.0,56.6927,-1.7675,-0.4602,26.72011
4045.037,26.727,4.96,29.4,56.2392,58.0,56.6995,-1.7608,-0.4603,26.71916
4046.062,26.727,4.96,29.4,56.246,58.0,56.7063,-1.754,-0.4603,26.72062
4047.079,26.726,4.92,29.4,56.2527,58.0,56.7129,-1.7473,-0.4603,26.72009
4048.105,26.727,4.84,29.4,56.2593,58.0,56.7196,-1.7407,-0.4603,26.71829
4049.035,26.726,4.96,29.4,56.2655,58.0,56.7258,-1.7345,-0.4603,26.72329
4050.048,26.726,4.88,29.4,56.2721,58.0,56.7324,-1.7279,-0.4603,26.71892
4051.072,26.727,4.88,29.4,56.2787,58.0,56.7391,-1.7213,-0.4603,26.7197
4052.105,26.726,4.88,29.4,56.2855,58.0,56.7458,-1.7145,-0.4603,26.7206
4053.039,26.726,4.88,29.4,56.2916,58.0,56.7519,-1.7084,-0.4603,26.72042
4054.044,26.726,4.92,29.4,56.2982,58.0,56.7585,-1.7018,-0.4603,26.72086
4055.066,26.729,4.88,29.4,56.3048,58.0,56.7652,-1.6952,-0.4604,26.71925
4056.092,26.723,4.92,29.4,56.3116,58.0,56.7719,-1.6884,-0.4604,26.72299
4057.118,26.727,4.96,29.4,56.3184,58.0,56.7788,-1.6816,-0.4604,26.71878
4058.141,26.727,4.84,29.4,56.325,58.0,56.7854,-1.675,-0.4604,26.71811
4059.06,26.727,4.84,29.4,56.3309,58.0,56.7913,-1.6691,-0.4604,26.72086
4060.089,26.726,4.84,29.4,56.3376,58.0,56.798,-1.6624,-0.4604,26.72077
4061.108,26.724,4.84,29.4,56.3442,58.0,56.8046,-1.6558,-0.4604,26.71999
4062.059,26.726,4.92,29.4,56.3504,58.0,56.8108,-1.6496,-0.4604,26.72021
4063.063,26.727,4.92,29.4,56.357,58.0,56.8175,-1.643,-0.4604,26.72004
4064.085,26.729,4.92,29.4,56.3637,58.0,56.8242,-1.6363,-0.4605,26.72074
4065.1,26.729,4.92,29.4,56.3704,58.0,56.8309,-1.6296,-0.4605,26.72251
4066.13,26.727,4.88,29.4,56.3771,58.0,56.8376,-1.6229,-0.4605,26.72191
4067.078,26.729,4.92,29.4,56.3833,58.0,56.8438,-1.6167,-0.4605,26.72219
4068.073,26.724,4.84,29.4,56.3898,58.0,56.8503,-1.6102,-0.4605,26.72121
4069.099,26.729,4.96,29.4,56.3966,58.0,56.8571,-1.6034,-0.4605,26.72086
4070.122,26.729,4.92,29.4,56.4033,58.0,56.8638,-1.5967,-0.4605,26.7217
4071.143,26.729,4.88,29.4,56.4099,58.0,56.8705,-1.5901,-0.4605,26.72182
4072.086,26.729,4.88,29.4,56.4161,58.0,56.8766,-1.5839,-0.4606,26.72301
4073.093,26.726,4.88,29.4,56.4226,58.0,56.8832,-1.5774,-0.4606,26.72289
4074.117,26.727,4.84,29.4,56.4293,58.0,56.8898,-1.5707,-0.4606,26.71953
4075.137,26.727,4.92,29.4,56.436,58.0,56.8965,-1.564,-0.4606,26.72222
4076.162,26.727,4.84,29.4,56.4426,58.0,56.9032,-1.5574,-0.4606,26.71944
4077.19,26.724,4.84,29.4,56.4492,58.0,56.9098,-1.5508,-0.4606,26.72053
4078.108,26.724,4.84,29.4,56.4552,58.0,56.9158,-1.5448,-0.4606,26.71882
4079.131,26.727,4.92,29.4,56.4619,58.0,56.9225,-1.5381,-0.4606,26.71965
4080.156,26.729,4.92,29.4,56.4686,58.0,56.9293,-1.5314,-0.4606,26.72065
4081.107,26.726,4.84,29.4,56.4748,58.0,56.9354,-1.5252,-0.4606,26.72117
4082.102,26.73,4.84,29.4,56.4812,58.0,56.9419,-1.5188,-0.4607,26.72016
4083.126,26.729,4.88,29.4,56.4879,58.0,56.9486,-1.5121,-0.4607,26.72392
4084.153,26.729,4.84,29.4,56.4945,58.0,56.9552,-1.5055,-0.4607,26.72211
4085.172,26.729,4.84,29.4,56.5011,58.0,56.9618,-1.4989,-0.4607,26.72264
4086.11,26.726,4.92,29.4,56.5073,58.0,56.968,-1.4927,-0.4607,26.72477
4087.118,26.727,4.88,29.4,56.5138,58.0,56.9746,-1.4862,-0.4607,26.71994
4088.146,26.726,4.92,29.4,56.5206,58.0,56.9813,-1.4794,-0.4607,26.72146
4089.167,26.73,4.88,29.4,56.5272,58.0,56.988,-1.4728,-0.4607,26.71933
4090.198,26.727,4.88,29.4,56.534,58.0,56.9947,-1.466,-0.4607,26.72296
4091.115,26.727,4.88,29.4,56.5399,58.0,57.0007,-1.4601,-0.4608,26.72169
4092.136,26.73,4.88,29.4,56.5466,58.0,57.0074,-1.4534,-0.4608,26.72096
4093.161,26.726,4.96,29.4,56.5534,58.0,57.0142,-1.4466,-0.4608,26.7249
4094.186,26.73,4.92,29.4,56.5601,58.0,57.0209,-1.4399,-0.4608,26.71991
4095.126,26.727,4.92,29.4,56.5663,58.0,57.0271,-1.4337,-0.4608,26.72354
4096.238,26.726,4.88,29.4,56.5735,58.0,57.0344,-1.4265,-0.4608,26.72003
4097.155,26.726,4.88,29.4,56.5795,58.0,57.0403,-1.4205,-0.4608,26.72039
4098.178,26.73,4.92,29.4,56.5862,58.0,57.0471,-1.4138,-0.4608,26.72074
4099.203,26.727,4.84,29.4,56.5929,58.0,57.0537,-1.4071,-0.4608,26.72161
4100.141,26.729,4.84,29.4,56.5989,58.0,57.0598,-1.4011,-0.4609,26.72133
4101.148,26.727,4.88,29.4,56.6055,58.0,57.0664,-1.3945,-0.4609,26.72338
4102.179,26.726,4.88,29.4,56.6122,58.0,57.0731,-1.3878,-0.4609,26.72119
4103.2,26.729,4.92,29.4,56.6189,58.0,57.0798,-1.3811,-0.4609,26.72088
4104.219,26.729,4.92,29.4,56.6256,58.0,57.0865,-1.3744,-0.4609,26.72249
4105.153,26.729,4.88,29.4,56.6317,58.0,57.0926,-1.3683,-0.4609,26.72236
4106.169,26.729,4.92,29.5,56.6384,58.0,57.0993,-1.3616,-0.4609,26.72354
4107.188,26.729,4.84,29.4,56.645,58.0,57.1059,-1.355,-0.4609,26.72129
4108.219,26.729,4.88,29.4,56.6517,58.0,57.1126,-1.3483,-0.4609,26.72325
4109.246,26.727,4.88,29.4,56.6584,58.0,57.1193,-1.3416,-0.461,26.7228
4110.16,26.727,4.88,29.4,56.6643,58.0,57.1253,-1.3357,-0.461,26.72167
4111.181,26.729,4.92,29.4,56.6711,58.0,57.132,-1.3289,-0.461,26.72177
4112.208,26.726,4.96,29.4,56.6779,58.0,57.1388,-1.3221,-0.461,26.72342
4113.25,26.727,4.88,29.4,56.6846,58.0,57.1456,-1.3154,-0.461,26.71875
4114.181,26.727,4.96,29.4,56.6908,58.0,57.1518,-1.3092,-0.461,26.72255
4115.18,26.726,4.88,29.4,56.6973,58.0,57.1583,-1.3027,-0.461,26.71963
4116.302,26.732,4.84,29.4,56.7046,58.0,57.1656,-1.2954,-0.461,26.71847
4117.225,26.732,4.84,29.4,56.7105,58.0,57.1716,-1.2895,-0.4611,26.72494
4118.258,26.729,4.84,29.4,56.7172,58.0,57.1783,-1.2828,-0.4611,26.72545
4119.183,26.732,4.88,29.4,56.7233,58.0,57.1843,-1.2767,-0.4611,26.72447
4120.194,26.727,4.96,29.4,56.7299,58.0,57.191,-1.2701,-0.4611,26.72716
4121.22,26.73,4.88,29.4,56.7366,58.0,57.1977,-1.2634,-0.4611,26.72025
4122.243,26.729,4.88,29.4,56.7433,58.0,57.2044,-1.2567,-0.4611,26.72313
4123.187,26.729,4.88,29.4,56.7495,58.0,57.2106,-1.2505,-0.4611,26.7232
4124.19,26.727,4.84,29.4,56.7559,58.0,57.2171,-1.2441,-0.4611,26.72208
4125.212,26.726,4.92,29.4,56.7627,58.0,57.2238,-1.2373,-0.4611,26.72261
4126.239,26.73,4.88,29.4,56.7693,58.0,57.2305,-1.2307,-0.4611,26.71947
4127.262,26.729,4.92,29.4,56.7761,58.0,57.2372,-1.2239,-0.4612,26.72382
4128.289,26.727,4.88,29.4,56.7828,58.0,57.2439,-1.2172,-0.4612,26.7221
4129.208,26.727,4.88,29.4,56.7888,58.0,57.2499,-1.2112,-0.4612,26.72152
4130.23,26.729,4.84,29.4,56.7954,58.0,57.2566,-1.2046,-0.4612,26.72008
4131.254,26.73,4.88,29.4,56.802,58.0,57.2632,-1.198,-0.4612,26.72307
4132.278,26.73,4.92,29.4,56.8088,58.0,57.27,-1.1912,-0.4612,26.72441
4133.21,26.73,4.96,29.4,56.8149,58.0,57.2762,-1.1851,-0.4612,26.72513
4134.233,26.729,4.84,29.4,56.8216,58.0,57.2828,-1.1784,-0.4612,26.72153
4135.253,26.73,4.88,29.4,56.8282,58.0,57.2894,-1.1718,-0.4612,26.72333
4136.273,26.73,4.88,29.4,56.8348,58.0,57.2961,-1.1652,-0.4613,26.72365
4137.222,26.73,4.88,29.4,56.841,58.0,57.3023,-1.159,-0.4613,26.72406
4138.227,26.729,4.92,29.4,56.8476,58.0,57.3089,-1.1524,-0.4613,26.72467
4139.242,26.729,4.88,29.4,56.8543,58.0,57.3155,-1.1457,-0.4613,26.72229
4140.265,26.729,4.88,29.4,56.8609,58.0,57.3222,-1.1391,-0.4613,26.72265
4141.287,26.729,4.88,29.4,56.8676,58.0,57.3289,-1.1324,-0.4613,26.72271
4142.241,26.729,4.88,29.4,56.8738,58.0,57.3351,-1.1262,-0.4613,26.72306
4143.245,26.727,4.88,29.4,56.8803,58.0,57.3417,-1.1197,-0.4613,26.72287
4144.261,26.73,4.84,29.4,56.8869,58.0,57.3483,-1.1131,-0.4613,26.72033
4145.286,26.73,4.88,29.4,56.8936,58.0,57.3549,-1.1064,-0.4614,26.72391
4146.309,26.727,4.88,29.4,56.9003,58.0,57.3616,-1.0997,-0.4614,26.72372
4147.249,26.727,4.88,29.4,56.9064,58.0,57.3677,-1.0936,-0.4614,26.72167
4148.357,26.729,4.84,29.4,56.9135,58.0,57.3749,-1.0865,-0.4614,26.71966
4149.278,26.729,4.84,29.4,56.9195,58.0,57.3809,-1.0805,-0.4614,26.72269
4150.3,26.729,4.92,29.4,56.9262,58.0,57.3876,-1.0738,-0.4614,26.72433
4151.329,26.729,4.84,29.4,56.9329,58.0,57.3943,-1.0671,-0.4614,26.72133
4152.254,26.729,4.96,29.5,56.939,58.0,57.4004,-1.061,-0.4614,26.72542
4153.278,26.729,4.88,29.4,56.9457,58.0,57.4071,-1.0543,-0.4614,26.72157
4154.3,26.73,4.92,29.4,56.9524,58.0,57.4138,-1.0476,-0.4614,26.72335
4155.335,26.73,4.92,29.4,56.9592,58.0,57.4206,-1.0408,-0.4615,26.7236
4156.267,26.73,4.96,29.4,56.9654,58.0,57.4268,-1.0346,-0.4615,26.72499
4157.27,26.727,4.96,29.4,56.972,58.0,57.4335,-1.028,-0.4615,26.72407
4158.291,26.729,4.92,29.4,56.9787,58.0,57.4402,-1.0213,-0.4615,26.72056
4159.311,26.729,4.88,29.5,56.9854,58.0,57.4469,-1.0146,-0.4615,26.72157
4160.338,26.73,4.88,29.5,56.9921,58.0,57.4536,-1.0079,-0.4615,26.7225
4161.277,26.73,4.88,29.5,56.9982,58.0,57.4597,-1.0018,-0.4615,26.72391
4162.282,26.729,4.88,29.4,57.0047,58.0,57.4663,-0.9953,-0.4615,26.7238
4163.311,26.732,4.88,29.4,57.0114,58.0,57.473,-0.9886,-0.4616,26.72285
4164.335,26.729,4.84,29.4,57.018,58.0,57.4796,-0.982,-0.4616,26.72433
4165.282,26.73,4.92,29.5,57.0243,58.0,57.4858,-0.9757,-0.4616,26.72497
4166.282,26.729,4.88,29.4,57.0308,58.0,57.4924,-0.9692,-0.4616,26.72321
4167.405,26.729,4.88,29.4,57.0381,58.0,57.4997,-0.9619,-0.4616,26.72228
4168.323,26.729,4.88,29.4,57.0441,58.0,57.5057,-0.9559,-0.4616,26.72316
4169.347,26.732,4.92,29.4,57.0508,58.0,57.5124,-0.9492,-0.4616,26.72359
4170.288,26.73,4.88,29.4,57.057,58.0,57.5186,-0.943,-0.4616,26.72491
4171.298,26.729,4.96,29.4,57.0636,58.0,57.5253,-0.9364,-0.4616,26.72559
4172.316,26.729,4.96,29.4,57.0704,58.0,57.532,-0.9296,-0.4616,26.72327
4173.35,26.729,4.88,29.4,57.0771,58.0,57.5388,-0.9229,-0.4617,26.72115
4174.293,26.729,4.88,29.4,57.0833,58.0,57.5449,-0.9167,-0.4617,26.72284
4175.295,26.729,4.92,29.4,57.0899,58.0,57.5515,-0.9101,-0.4617,26.72365
4176.312,26.73,4.88,29.4,57.0965,58.0,57.5582,-0.9035,-0.4617,26.72209
4177.336,26.73,4.88,29.5,57.1032,58.0,57.5649,-0.8968,-0.4617,26.7234
4178.361,26.73,4.88,29.4,57.1098,58.0,57.5716,-0.8902,-0.4617,26.72361
4179.385,26.73,4.84,29.4,57.1165,58.0,57.5782,-0.8835,-0.4617,26.72282
4180.41,26.732,4.88,29.4,57.1231,58.0,57.5849,-0.8769,-0.4618,26.7243
4181.329,26.732,4.88,29.4,57.1291,58.0,57.5909,-0.8709,-0.4618,26.72592
4182.357,26.727,4.88,29.4,57.1358,58.0,57.5976,-0.8642,-0.4618,26.72563
4183.377,26.73,4.92,29.4,57.1425,58.0,57.6043,-0.8575,-0.4618,26.7224
4184.401,26.73,4.92,29.4,57.1493,58.0,57.611,-0.8507,-0.4618,26.72348
4185.322,26.732,4.88,29.4,57.1553,58.0,57.6171,-0.8447,-0.4618,26.72335
4186.352,26.729,4.88,29.4,57.162,58.0,57.6238,-0.838,-0.4618,26.72519
4187.371,26.729,4.88,29.4,57.1686,58.0,57.6304,-0.8314,-0.4618,26.72312
4188.396,26.732,4.88,29.4,57.1753,58.0,57.6371,-0.8247,-0.4618,26.72274
4189.33,26.729,4.92,29.4,57.1814,58.0,57.6433,-0.8186,-0.4618,26.72641
4190.339,26.73,4.84,29.4,57.188,58.0,57.6498,-0.812,-0.4619,26.72175
4191.367,26.732,4.96,29.4,57.1948,59.0,57.6566,-1.8052,-0.4619,26.72576
4192.399,26.732,4.88,29.4,57.2015,59.0,57.6634,-1.7985,-0.4619,26.72399
4193.332,26.732,4.88,29.4,57.2076,59.0,57.6695,-1.7924,-0.4619,26.72579
4194.339,26.732,4.88,29.4,57.2141,59.0,57.6761,-1.7859,-0.4619,26.72571
4195.36,26.73,4.92,29.4,57.2208,59.0,57.6828,-1.7792,-0.4619,26.72645
4196.391,26.729,4.96,29.5,57.2277,59.0,57.6896,-1.7723,-0.4619,26.72494
4197.413,26.733,4.84,29.4,57.2343,59.0,57.6962,-1.7657,-0.462,26.72064
4198.348,26.729,4.92,29.4,57.2404,59.0,57.7024,-1.7596,-0.462,26.72766
4199.459,26.73,4.88,29.4,57.2477,59.0,57.7096,-1.7523,-0.462,26.72226
4200.38,26.73,4.88,29.4,57.2537,59.0,57.7156,-1.7463,-0.462,26.72394
4201.402,26.73,4.84,29.4,57.2603,59.0,57.7223,-1.7397,-0.462,26.72287
4202.423,26.73,4.92,29.4,57.267,59.0,57.729,-1.733,-0.462,26.72515
4203.358,26.727,4.88,29.4,57.2731,59.0,57.7351,-1.7269,-0.462,26.72355
4204.371,26.73,4.88,29.4,57.2797,59.0,57.7417,-1.7203,-0.462,26.72124
4205.398,26.733,4.88,29.4,57.2864,59.0,57.7484,-1.7136,-0.462,26.72322
4206.419,26.733,4.88,29.4,57.293,59.0,57.7551,-1.707,-0.4621,26.72602
4207.446,26.729,4.88,29.4,57.2997,59.0,57.7618,-1.7003,-0.4621,26.72645
4208.369,26.73,4.96,29.4,57.3058,59.0,57.7679,-1.6942,-0.4621,26.72546
4209.392,26.729,4.88,29.4,57.3125,59.0,57.7746,-1.6875,-0.4621,26.72235
4210.412,26.732,4.88,29.4,57.3192,59.0,57.7813,-1.6808,-0.4621,26.72263
4211.436,26.73,4.88,29.4,57.3258,59.0,57.7879,-1.6742,-0.4621,26.72509
4212.378,26.73,4.88,29.4,57.332,59.0,57.7941,-1.668,-0.4621,26.72429
4213.381,26.732,4.84,29.4,57.3384,59.0,57.8006,-1.6616,-0.4621,26.72302
4214.406,26.729,4.84,29.5,57.3451,59.0,57.8072,-1.6549,-0.4621,26.72511
4215.433,26.729,4.84,29.4,57.3517,59.0,57.8139,-1.6483,-0.4622,26.72301
4216.456,26.73,4.88,29.4,57.3584,59.0,57.8205,-1.6416,-0.4622,26.72351
4217.386,26.732,4.84,29.4,57.3644,59.0,57.8266,-1.6356,-0.4622,26.72326
4218.513,26.73,4.88,29.5,57.3717,59.0,57.8339,-1.6283,-0.4622,26.72545
4219.422,26.73,4.88,29.5,57.3777,59.0,57.8399,-1.6223,-0.4622,26.72452
4220.45,26.73,4.88,29.4,57.3844,59.0,57.8466,-1.6156,-0.4622,26.72375
4221.396,26.732,4.96,29.4,57.3906,59.0,57.8528,-1.6094,-0.4622,26.72571
4222.403,26.73,4.84,29.5,57.3971,59.0,57.8594,-1.6029,-0.4622,26.72325
4223.415,26.732,4.88,29.4,57.4037,59.0,57.866,-1.5963,-0.4623,26.72442
4224.443,26.73,4.84,29.4,57.4104,59.0,57.8726,-1.5896,-0.4623,26.72452
4225.471,26.73,4.84,29.4,57.417,59.0,57.8793,-1.583,-0.4623,26.72371
4226.409,26.73,4.88,29.4,57.4231,59.0,57.8854,-1.5769,-0.4623,26.72487
4227.414,26.73,4.84,29.4,57.4296,59.0,57.8919,-1.5704,-0.4623,26.72309
4228.438,26.73,4.92,29.4,57.4364,59.0,57.8987,-1.5636,-0.4623,26.72516
4229.457,26.732,4.92,29.4,57.4431,59.0,57.9054,-1.5569,-0.4623,26.72394
4230.483,26.732,4.92,29.4,57.4498,59.0,57.9121,-1.5502,-0.4623,26.72532
4231.509,26.732,4.92,29.4,57.4565,59.0,57.9189,-1.5435,-0.4623,26.72555
4232.43,26.732,4.92,29.4,57.4626,59.0,57.9249,-1.5374,-0.4624,26.72612
4233.451,26.73,4.88,29.4,57.4692,59.0,57.9316,-1.5308,-0.4624,26.72487
4234.476,26.732,4.88,29.4,57.4759,59.0,57.9383,-1.5241,-0.4624,26.72382
4235.424,26.733,4.92,29.4,57.4822,59.0,57.9445,-1.5178,-0.4624,26.72649
4236.427,26.732,4.88,29.4,57.4887,59.0,57.9511,-1.5113,-0.4624,26.72584
4237.454,26.73,4.92,29.4,57.4954,59.0,57.9578,-1.5046,-0.4624,26.72642
4238.473,26.73,4.92,29.4,57.5021,59.0,57.9646,-1.4979,-0.4624,26.72414
4239.558,26.733,4.88,29.4,57.5092,59.0,57.9716,-1.4908,-0.4624,26.72259
4240.438,26.732,4.92,29.4,57.515,59.0,57.9774,-1.485,-0.4624,26.72745
4241.443,26.732,4.92,29.4,57.5216,59.0,57.9841,-1.4784,-0.4625,26.726
4242.464,26.732,4.96,29.4,57.5284,59.0,57.9908,-1.4716,-0.4625,26.72651
4243.494,26.733,4.84,29.4,57.535,59.0,57.9975,-1.465,-0.4625,26.72325
4244.438,26.733,4.84,29.4,57.5411,59.0,58.0036,-1.4589,-0.4625,26.72636
4245.442,26.732,4.88,29.4,57.5477,59.0,58.0102,-1.4523,-0.4625,26.7274
4246.46,26.732,4.88,29.4,57.5543,59.0,58.0168,-1.4457,-0.4625,26.72589
4247.482,26.729,4.88,29.4,57.561,59.0,58.0235,-1.439,-0.4625,26.72562
4248.509,26.73,4.92,29.5,57.5677,59.0,58.0302,-1.4323,-0.4625,26.72394
4249.445,26.732,4.88,29.4,57.5738,59.0,58.0364,-1.4262,-0.4625,26.72331
4250.556,26.732,4.88,29.4,57.581,59.0,58.0436,-1.419,-0.4626,26.72473
4251.479,26.732,4.88,29.4,57.5871,59.0,58.0496,-1.4129,-0.4626,26.72593
4252.5,26.729,4.92,29.4,57.5938,59.0,58.0564,-1.4062,-0.4626,26.72646
4253.449,26.735,4.96,29.4,57.6001,59.0,58.0627,-1.3999,-0.4626,26.72452
4254.451,26.733,4.92,29.4,57.6066,59.0,58.0693,-1.3934,-0.4626,26.72716
4255.468,26.732,4.88,29.4,57.6133,59.0,58.0759,-1.3867,-0.4626,26.72586
4256.497,26.733,4.92,29.4,57.62,59.0,58.0827,-1.38,-0.4626,26.7264
4257.518,26.733,4.92,29.4,57.6267,59.0,58.0894,-1.3733,-0.4626,26.72655
4258.462,26.733,4.92,29.4,57.6329,59.0,58.0956,-1.3671,-0.4627,26.72697
4259.462,26.732,4.88,29.4,57.6395,59.0,58.1021,-1.3605,-0.4627,26.72591
4260.485,26.732,4.92,29.4,57.6462,59.0,58.1089,-1.3538,-0.4627,26.72644
4261.514,26.73,4.92,29.4,57.6529,59.0,58.1156,-1.3471,-0.4627,26.7257
4262.538,26.732,4.92,29.4,57.6597,59.0,58.1224,-1.3403,-0.4627,26.72398
4263.465,26.732,4.92,29.4,57.6658,59.0,58.1285,-1.3342,-0.4627,26.72582
4264.48,26.735,4.88,29.4,57.6724,59.0,58.1351,-1.3276,-0.4627,26.72483
4265.504,26.733,4.88,29.5,57.6791,59.0,58.1418,-1.3209,-0.4627,26.72785
4266.531,26.73,4.88,29.4,57.6858,59.0,58.1485,-1.3142,-0.4627,26.72671
4267.475,26.732,4.92,29.4,57.692,59.0,58.1547,-1.308,-0.4628,26.72536
4268.482,26.73,4.84,29.4,57.6985,59.0,58.1612,-1.3015,-0.4628,26.72395
4269.603,26.732,4.84,29.4,57.7057,59.0,58.1685,-1.2943,-0.4628,26.72311
4270.524,26.732,4.84,29.4,57.7117,59.0,58.1745,-1.2883,-0.4628,26.72563
4271.556,26.73,4.88,29.4,57.7184,59.0,58.1812,-1.2816,-0.4628,26.7263
4272.487,26.733,4.92,29.4,57.7245,59.0,58.1873,-1.2755,-0.4628,26.72535
4273.514,26.73,4.88,29.4,57.7312,59.0,58.194,-1.2688,-0.4628,26.72549
4274.514,26.732,4.92,29.4,57.7378,59.0,58.2006,-1.2622,-0.4628,26.72486
4275.548,26.732,4.88,29.4,57.7445,59.0,58.2074,-1.2555,-0.4629,26.72456
4276.491,26.732,4.88,29.4,57.7507,59.0,58.2135,-1.2493,-0.4629,26.72579
4277.495,26.73,4.88,29.4,57.7572,59.0,58.2201,-1.2428,-0.4629,26.72567
4278.51,26.736,4.92,29.4,57.7639,59.0,58.2268,-1.2361,-0.4629,26.72481
4279.533,26.733,4.88,29.4,57.7705,59.0,58.2334,-1.2295,-0.4629,26.72786
4280.557,26.735,4.92,29.4,57.7773,59.0,58.2402,-1.2227,-0.4629,26.72756
4281.508,26.733,4.88,29.4,57.7835,59.0,58.2464,-1.2165,-0.4629,26.72788
4282.61,26.732,4.84,29.4,57.7906,59.0,58.2535,-1.2094,-0.4629,26.72548
4283.526,26.732,4.84,29.4,57.7965,59.0,58.2595,-1.2035,-0.463,26.72604
4284.551,26.733,4.92,29.5,57.8032,59.0,58.2662,-1.1968,-0.463,26.72724
4285.579,26.732,4.96,29.5,57.8101,59.0,58.273,-1.1899,-0.463,26.72747
4286.519,26.732,4.84,29.4,57.8161,59.0,58.2791,-1.1839,-0.463,26.72384
4287.523,26.732,4.84,29.5,57.8226,59.0,58.2856,-1.1774,-0.463,26.72531
4288.548,26.733,4.92,29.4,57.8294,59.0,58.2924,-1.1706,-0.463,26.72712
4289.568,26.733,4.92,29.4,57.8361,59.0,58.2991,-1.1639,-0.463,26.72665
4290.52,26.73,4.92,29.5,57.8423,59.0,58.3053,-1.1577,-0.463,26.72693
4291.526,26.732,4.92,29.4,57.8489,59.0,58.312,-1.1511,-0.463,26.72426
4292.542,26.735,4.88,29.4,57.8555,59.0,58.3186,-1.1445,-0.4631,26.72455
4293.566,26.733,4.92,29.4,57.8623,59.0,58.3253,-1.1377,-0.4631,26.72862
4294.593,26.733,4.96,29.4,57.8691,59.0,58.3322,-1.1309,-0.4631,26.7277
4295.527,26.733,4.96,29.4,57.8753,59.0,58.3384,-1.1247,-0.4631,26.72723
4296.534,26.732,4.88,29.5,57.8818,59.0,58.3449,-1.1182,-0.4631,26.72509
4297.562,26.733,4.84,29.5,57.8885,59.0,58.3516,-1.1115,-0.4631,26.72458
4298.583,26.732,4.84,29.4,57.8951,59.0,58.3582,-1.1049,-0.4631,26.72615
4299.608,26.733,4.84,29.5,57.9017,59.0,58.3649,-1.0983,-0.4632,26.72557
4300.544,26.733,4.84,29.4,57.9077,59.0,58.3709,-1.0923,-0.4632,26.72676
4301.657,26.733,4.92,29.4,57.9151,59.0,58.3782,-1.0849,-0.4632,26.7277
4302.577,26.733,4.92,29.4,57.9211,59.0,58.3843,-1.0789,-0.4632,26.72726
4303.597,26.732,4.88,29.5,57.9278,59.0,58.3909,-1.0722,-0.4632,26.72583
4304.623,26.735,5.0,29.5,57.9346,59.0,58.3978,-1.0654,-0.4632,26.72807
4305.552,26.733,4.88,29.4,57.9407,59.0,58.4039,-1.0593,-0.4632,26.72645
4306.57,26.735,4.96,29.4,57.9474,59.0,58.4106,-1.0526,-0.4632,26.72818
4307.595,26.732,4.84,29.4,57.954,59.0,58.4173,-1.046,-0.4632,26.72593
4308.618,26.732,4.84,29.4,57.9606,59.0,58.4239,-1.0394,-0.4633,26.72554
4309.567,26.733,4.96,29.5,57.9669,59.0,58.4302,-1.0331,-0.4633,26.72838
4310.569,26.735,4.84,29.5,57.9734,59.0,58.4367,-1.0266,-0.4633,26.72446
4311.585,26.732,4.92,29.5,57.9801,59.0,58.4434,-1.0199,-0.4633,26.72945
4312.613,26.732,4.84,29.5,57.9867,59.0,58.45,-1.0133,-0.4633,26.72449
4313.64,26.735,4.84,29.5,57.9934,59.0,58.4567,-1.0066,-0.4633,26.72528
4314.667,26.733,4.92,29.5,58.0001,59.0,58.4634,-0.9999,-0.4633,26.72952
4315.585,26.733,4.92,29.5,58.0061,59.0,58.4695,-0.9939,-0.4633,26.72757
4316.605,26.736,4.88,29.5,58.0128,59.0,58.4762,-0.9872,-0.4634,26.72587
4317.627,26.735,4.88,29.5,58.0195,59.0,58.4828,-0.9805,-0.4634,26.72881
4318.652,26.735,4.84,29.5,58.0261,59.0,58.4895,-0.9739,-0.4634,26.72763
4319.583,26.732,4.88,29.5,58.0321,59.0,58.4955,-0.9679,-0.4634,26.72958
4320.601,26.732,4.88,29.5,58.0388,59.0,58.5022,-0.9612,-0.4634,26.7262
4321.619,26.732,4.88,29.5,58.0454,59.0,58.5088,-0.9546,-0.4634,26.72564
4322.645,26.736,4.92,29.5,58.0522,59.0,58.5156,-0.9478,-0.4634,26.72635
4323.597,26.732,4.84,29.5,58.0583,59.0,58.5218,-0.9417,-0.4634,26.72761
4324.597,26.736,4.88,29.4,58.0648,59.0,58.5283,-0.9352,-0.4635,26.72677
4325.618,26.732,4.92,29.5,58.0715,59.0,58.535,-0.9285,-0.4635,26.7298
4326.644,26.735,4.96,29.5,58.0783,59.0,58.5418,-0.9217,-0.4635,26.72707
4327.662,26.735,4.96,29.5,58.0851,59.0,58.5486,-0.9149,-0.4635,26.72829
4328.602,26.733,4.84,29.5,58.0912,59.0,58.5547,-0.9088,-0.4635,26.72637
4329.607,26.733,4.88,29.5,58.0977,59.0,58.5612,-0.9023,-0.4635,26.72735
4330.633,26.733,4.92,29.5,58.1044,59.0,58.568,-0.8956,-0.4635,26.72744
4331.66,26.735,4.88,29.5,58.1111,59.0,58.5747,-0.8889,-0.4636,26.7258
4332.603,26.733,4.92,29.5,58.1173,59.0,58.5809,-0.8827,-0.4636,26.72924
4333.707,26.729,4.96,29.5,58.1247,59.0,58.5882,-0.8753,-0.4636,26.72738
4334.625,26.729,4.96,29.5,58.1307,59.0,58.5943,-0.8693,-0.4636,26.72398
4335.65,26.736,4.84,29.5,58.1374,59.0,58.601,-0.8626,-0.4636,26.72034
4336.674,26.733,4.84,29.5,58.144,59.0,58.6076,-0.856,-0.4636,26.72783
4337.623,26.735,4.92,29.5,58.1502,59.0,58.6138,-0.8498,-0.4636,26.72872
4338.625,26.73,4.88,29.5,58.1567,60.0,58.6204,-1.8433,-0.4636,26.72776
4339.65,26.733,4.88,29.5,58.1634,60.0,58.6271,-1.8366,-0.4636,26.72423
4340.668,26.733,4.88,29.5,58.1701,60.0,58.6337,-1.8299,-0.4637,26.72611
4341.691,26.733,4.92,29.5,58.1768,60.0,58.6405,-1.8232,-0.4637,26.72724
4342.635,26.736,4.92,29.5,58.183,60.0,58.6467,-1.817,-0.4637,26.72703
4343.642,26.735,4.84,29.5,58.1895,60.0,58.6532,-1.8105,-0.4637,26.72742
4344.664,26.733,4.88,29.5,58.1962,60.0,58.6599,-1.8038,-0.4637,26.72905
4345.689,26.735,4.96,29.5,58.2029,60.0,58.6667,-1.7971,-0.4637,26.72856
4346.712,26.735,4.92,29.5,58.2097,60.0,58.6734,-1.7903,-0.4637,26.72765
4347.644,26.735,4.92,29.5,58.2158,60.0,58.6795,-1.7842,-0.4637,26.72879
4348.655,26.735,4.84,29.5,58.2223,60.0,58.6861,-1.7777,-0.4638,26.72687
4349.684,26.733,4.84,29.5,58.229,60.0,58.6928,-1.771,-0.4638,26.72807
4350.702,26.735,4.96,29.5,58.2357,60.0,58.6995,-1.7643,-0.4638,26.72924
4351.653,26.732,4.92,29.5,58.242,60.0,58.7058,-1.758,-0.4638,26.72814
4352.758,26.735,4.92,29.5,58.2492,60.0,58.713,-1.7508,-0.4638,26.72552
4353.673,26.735,4.92,29.5,58.2552,60.0,58.7191,-1.7448,-0.4638,26.72852
4354.699,26.733,4.84,29.5,58.2619,60.0,58.7257,-1.7381,-0.4638,26.72674
4355.721,26.736,4.88,29.5,58.2685,60.0,58.7324,-1.7315,-0.4639,26.7273
4356.666,26.735,4.96,29.5,58.2748,60.0,58.7387,-1.7252,-0.4639,26.73112
4357.669,26.733,4.92,29.5,58.2814,60.0,58.7453,-1.7186,-0.4639,26.72817
4358.695,26.735,4.84,29.5,58.288,60.0,58.7519,-1.712,-0.4639,26.72506
4359.715,26.735,4.84,29.5,58.2946,60.0,58.7585,-1.7054,-0.4639,26.72781
4360.738,26.735,4.88,29.5,58.3013,60.0,58.7652,-1.6987,-0.4639,26.7291
4361.679,26.733,4.84,29.5,58.3074,60.0,58.7713,-1.6926,-0.4639,26.72809
4362.685,26.736,4.96,29.5,58.314,60.0,58.778,-1.686,-0.4639,26.7293
4363.71,26.735,4.96,29.5,58.3208,60.0,58.7848,-1.6792,-0.4639,26.72941
4364.73,26.733,4.96,29.5,58.3276,60.0,58.7915,-1.6724,-0.464,26.72864
4365.755,26.735,4.88,29.5,58.3343,60.0,58.7982,-1.6657,-0.464,26.72517
4366.684,26.735,4.88,29.5,58.3403,60.0,58.8043,-1.6597,-0.464,26.72835
4367.701,26.733,4.84,29.5,58.3469,60.0,58.8109,-1.6531,-0.464,26.72756
4368.729,26.733,4.92,29.4,58.3536,60.0,58.8176,-1.6464,-0.464,26.72825
4369.756,26.736,4.84,29.5,58.3603,60.0,58.8243,-1.6397,-0.464,26.72506
4370.69,26.736,4.84,29.5,58.3663,60.0,58.8304,-1.6337,-0.464,26.72908
4371.698,26.735,4.88,29.5,58.3729,60.0,58.8369,-1.6271,-0.4641,26.73019
4372.719,26.735,4.88,29.5,58.3795,60.0,58.8436,-1.6205,-0.4641,26.72868
4373.742,26.733,4.96,29.5,58.3863,60.0,58.8504,-1.6137,-0.4641,26.73012
4374.694,26.735,4.92,29.5,58.3926,60.0,58.8567,-1.6074,-0.4641,26.72664
4375.695,26.735,4.84,29.5,58.399,60.0,58.8632,-1.601,-0.4641,26.72654
4376.716,26.732,4.92,29.5,58.4058,60.0,58.8699,-1.5942,-0.4641,26.72973
4377.739,26.735,4.88,29.5,58.4124,60.0,58.8766,-1.5876,-0.4641,26.72535
4378.769,26.735,4.88,29.5,58.4191,60.0,58.8833,-1.5809,-0.4641,26.72783
4379.706,26.733,4.84,29.5,58.4252,60.0,58.8893,-1.5748,-0.4642,26.72789
4380.711,26.735,4.84,29.5,58.4317,60.0,58.8959,-1.5683,-0.4642,26.72672
4381.735,26.738,4.88,29.5,58.4384,60.0,58.9026,-1.5616,-0.4642,26.7289
4382.755,26.736,4.92,29.5,58.4451,60.0,58.9093,-1.5549,-0.4642,26.73175
4383.779,26.735,4.84,29.5,58.4517,60.0,58.9159,-1.5483,-0.4642,26.72807
4384.808,26.736,4.84,29.5,58.4583,60.0,58.9226,-1.5417,-0.4642,26.72825
4385.725,26.736,4.84,29.5,58.4643,60.0,58.9285,-1.5357,-0.4642,26.72969
4386.749,26.735,4.84,29.5,58.4709,60.0,58.9351,-1.5291,-0.4643,26.72935
4387.777,26.733,4.84,29.5,58.4775,60.0,58.9418,-1.5225,-0.4643,26.72846
4388.799,26.735,4.84,29.5,58.4841,60.0,58.9484,-1.5159,-0.4643,26.72672
4389.726,26.735,4.88,29.5,58.4902,60.0,58.9545,-1.5098,-0.4643,26.72941
4390.746,26.733,4.92,29.5,58.4969,60.0,58.9612,-1.5031,-0.4643,26.7294
4391.767,26.733,4.92,29.5,58.5036,60.0,58.9679,-1.4964,-0.4643,26.72696
4392.796,26.735,4.88,29.5,58.5103,60.0,58.9746,-1.4897,-0.4643,26.72566
4393.741,26.736,4.88,29.5,58.5165,60.0,58.9808,-1.4835,-0.4643,26.72833
4394.75,26.735,5.0,29.5,58.5232,60.0,58.9875,-1.4768,-0.4644,26.73178
4395.76,26.735,4.96,29.5,58.5299,60.0,58.9942,-1.4701,-0.4644,26.72826
4396.793,26.735,4.84,29.5,58.5366,60.0,59.0009,-1.4634,-0.4644,26.72581
4397.812,26.735,4.96,29.5,58.5433,60.0,59.0077,-1.4567,-0.4644,26.73046
4398.753,26.735,4.96,29.5,58.5495,60.0,59.0139,-1.4505,-0.4644,26.72921
4399.755,26.736,4.88,29.5,58.5561,60.0,59.0205,-1.4439,-0.4644,26.72698
4400.778,26.733,4.92,29.5,58.5628,60.0,59.0272,-1.4372,-0.4644,26.72978
4401.8,26.736,4.84,29.5,58.5694,60.0,59.0339,-1.4306,-0.4645,26.72531
4402.825,26.735,4.84,29.5,58.576,60.0,59.0405,-1.424,-0.4645,26.72861
4403.853,26.735,4.88,29.5,58.5827,60.0,59.0472,-1.4173,-0.4645,26.72918
4404.775,26.735,4.88,29.5,58.5887,60.0,59.0532,-1.4113,-0.4645,26.72903
4405.796,26.736,4.88,29.5,58.5954,60.0,59.0599,-1.4046,-0.4645,26.72847
4406.818,26.738,4.88,29.5,58.602,60.0,59.0666,-1.398,-0.4645,26.72918
4407.844,26.735,4.96,29.5,58.6088,60.0,59.0734,-1.3912,-0.4645,26.7326
4408.777,26.733,4.88,29.5,58.6149,60.0,59.0795,-1.3851,-0.4645,26.72791
4409.797,26.736,4.92,29.5,58.6216,60.0,59.0862,-1.3784,-0.4646,26.72751
4410.814,26.736,4.92,29.5,58.6283,60.0,59.0929,-1.3717,-0.4646,26.72909
4411.838,26.736,5.0,29.5,58.6352,60.0,59.0997,-1.3648,-0.4646,26.73101
4412.778,26.736,4.8,29.5,58.6412,60.0,59.1058,-1.3588,-0.4646,26.7259
4413.783,26.736,4.88,29.5,58.6477,60.0,59.1123,-1.3523,-0.4646,26.73047
4414.812,26.738,4.84,29.5,58.6544,60.0,59.119,-1.3456,-0.4646,26.72862
4415.831,26.738,5.0,29.5,58.6612,60.0,59.1258,-1.3388,-0.4646,26.7342
4416.858,26.736,4.84,29.5,58.6678,60.0,59.1325,-1.3322,-0.4647,26.72843
4417.792,26.736,4.84,29.5,58.6739,60.0,59.1385,-1.3261,-0.4647,26.72961
4418.804,26.739,4.84,29.5,58.6804,60.0,59.1451,-1.3196,-0.4647,26.72938
4419.829,26.736,4.84,29.5,58.687,60.0,59.1517,-1.313,-0.4647,26.7317
4420.848,26.736,4.92,29.5,58.6937,60.0,59.1584,-1.3063,-0.4647,26.73139
4421.878,26.733,4.84,29.5,58.7004,60.0,59.1651,-1.2996,-0.4647,26.72795
4422.912,26.738,4.84,29.5,58.7071,60.0,59.1718,-1.2929,-0.4647,26.72655
4423.82,26.738,4.84,29.5,58.7129,60.0,59.1777,-1.2871,-0.4648,26.73106
4424.844,26.738,4.88,29.5,58.7196,60.0,59.1844,-1.2804,-0.4648,26.73202
4425.868,26.736,4.96,29.5,58.7264,60.0,59.1912,-1.2736,-0.4648,26.73307
4426.81,26.738,4.84,29.5,58.7325,60.0,59.1973,-1.2675,-0.4648,26.72788
4427.816,26.736,4.8,29.5,58.7389,60.0,59.2037,-1.2611,-0.4648,26.72989
4428.844,26.739,4.96,29.5,58.7457,60.0,59.2106,-1.2543,-0.4648,26.7327
4429.969,26.738,5.0,29.5,58.7533,60.0,59.2181,-1.2467,-0.4648,26.73268
4430.884,26.738,5.0,29.5,58.7594,60.0,59.2242,-1.2406,-0.4648,26.73217
4431.825,26.736,4.92,29.5,58.7655,60.0,59.2304,-1.2345,-0.4648,26.73024
4432.836,26.739,4.84,29.5,58.7721,60.0,59.237,-1.2279,-0.4649,26.72785
4433.852,26.735,4.96,29.5,58.7788,60.0,59.2437,-1.2212,-0.4649,26.73404
4434.877,26.738,4.8,29.5,58.7854,60.0,59.2503,-1.2146,-0.4649,26.72593
4435.905,26.738,4.84,29.5,58.792,60.0,59.2569,-1.208,-0.4649,26.73111
4436.836,26.738,4.84,29.5,58.798,60.0,59.263,-1.202,-0.4649,26.73168
4437.854,26.736,5.0,29.5,58.8048,60.0,59.2698,-1.1952,-0.4649,26.73471
4438.872,26.738,4.96,29.5,58.8116,60.0,59.2765,-1.1884,-0.4649,26.72948
4439.898,26.736,4.88,29.5,58.8183,60.0,59.2832,-1.1817,-0.465,26.7293
4440.847,26.736,4.8,29.5,58.8244,60.0,59.2893,-1.1756,-0.465,26.72799
4441.848,26.738,5.0,29.5,58.831,60.0,59.296,-1.169,-0.465,26.73338
4442.868,26.738,5.0,29.5,58.8379,60.0,59.3029,-1.1621,-0.465,26.73172
4443.888,26.735,4.96,29.5,58.8446,60.0,59.3096,-1.1554,-0.465,26.73059
4444.912,26.735,5.0,29.5,58.8514,60.0,59.3165,-1.1486,-0.465,26.72961
4445.857,26.738,4.84,29.5,58.8576,60.0,59.3226,-1.1424,-0.465,26.72565
4446.859,26.738,4.8,29.5,58.864,60.0,59.329,-1.136,-0.4651,26.72953
4447.888,26.738,5.0,29.5,58.8709,60.0,59.3359,-1.1291,-0.4651,26.7351
4448.913,26.736,4.84,29.5,58.8775,60.0,59.3426,-1.1225,-0.4651,26.72856
4449.858,26.736,4.84,29.5,58.8836,60.0,59.3487,-1.1164,-0.4651,26.72955
4450.862,26.736,4.96,29.5,58.8902,60.0,59.3553,-1.1098,-0.4651,26.73195
4451.877,26.735,4.84,29.5,58.8968,60.0,59.3619,-1.1032,-0.4651,26.72728
4452.904,26.735,4.84,29.5,58.9034,60.0,59.3686,-1.0966,-0.4651,26.72808
4453.928,26.736,4.92,29.5,58.9102,60.0,59.3753,-1.0898,-0.4651,26.72993
4454.954,26.738,4.92,29.5,58.9169,60.0,59.3821,-1.0831,-0.4652,26.72941
4455.87,26.738,4.92,29.5,58.9229,60.0,59.3881,-1.0771,-0.4652,26.73154
4456.898,26.736,4.8,29.5,58.9295,60.0,59.3947,-1.0705,-0.4652,26.72872
4457.918,26.736,5.0,29.5,58.9363,60.0,59.4015,-1.0637,-0.4652,26.73339
4458.868,26.736,4.8,29.5,58.9424,60.0,59.4076,-1.0576,-0.4652,26.72619
4459.871,26.738,4.84,29.5,58.9489,60.0,59.4141,-1.0511,-0.4652,26.72965
4460.902,26.738,4.88,29.5,58.9556,60.0,59.4209,-1.0444,-0.4653,26.73173
4462.018,26.736,4.92,29.5,58.963,60.0,59.4282,-1.037,-0.4653,26.73165
4462.943,26.736,4.92,29.5,58.969,60.0,59.4343,-1.031,-0.4653,26.73023
4463.876,26.741,4.88,29.5,58.9751,60.0,59.4404,-1.0249,-0.4653,26.7291
4464.881,26.736,4.96,29.5,58.9818,60.0,59.4471,-1.0182,-0.4653,26.7351
4465.908,26.736,4.88,29.5,58.9885,60.0,59.4538,-1.0115,-0.4653,26.72858
4466.93,26.738,4.92,29.5,58.9952,60.0,59.4605,-1.0048,-0.4653,26.73001
4467.959,26.738,4.92,29.5,59.0019,60.0,59.4673,-0.9981,-0.4654,26.73102
4468.883,26.738,4.92,29.5,59.008,60.0,59.4734,-0.992,-0.4654,26.73175
4469.899,26.735,4.84,29.5,59.0146,60.0,59.48,-0.9854,-0.4654,26.72966
4470.922,26.738,4.92,29.5,59.0213,60.0,59.4867,-0.9787,-0.4654,26.73019
4471.947,26.738,4.96,29.5,59.0281,60.0,59.4935,-0.9719,-0.4654,26.73192
4472.89,26.736,4.88,29.5,59.0342,60.0,59.4997,-0.9658,-0.4654,26.73012
4473.899,26.735,4.88,29.5,59.0408,60.0,59.5062,-0.9592,-0.4654,26.72948
4474.918,26.735,4.88,29.5,59.0475,60.0,59.5129,-0.9525,-0.4654,26.72849
4475.95,26.735,5.0,29.5,59.0543,60.0,59.5198,-0.9457,-0.4654,26.7308
4476.975,26.739,4.84,29.5,59.061,60.0,59.5264,-0.939,-0.4655,26.72534
4477.91,26.735,4.88,29.5,59.0671,60.0,59.5325,-0.9329,-0.4655,26.73215
4478.912,26.735,4.88,29.5,59.0736,60.0,59.5391,-0.9264,-0.4655,26.72899
4479.939,26.738,4.88,29.5,59.0803,60.0,59.5458,-0.9197,-0.4655,26.72825
4480.966,26.736,4.88,29.5,59.087,60.0,59.5525,-0.913,-0.4655,26.73044
4481.987,26.736,4.88,29.5,59.0936,60.0,59.5592,-0.9064,-0.4655,26.7293
4482.922,26.739,4.92,29.5,59.0998,60.0,59.5653,-0.9002,-0.4655,26.73037
4483.931,26.736,4.92,29.5,59.1064,60.0,59.5719,-0.8936,-0.4655,26.73165
4484.952,26.738,4.96,29.5,59.1132,60.0,59.5787,-0.8868,-0.4655,26.73037
4485.979,26.739,4.84,29.5,59.1198,61.0,59.5854,-1.8802,-0.4656,26.72817
4487.003,26.738,4.84,29.5,59.1264,61.0,59.592,-1.8736,-0.4656,26.73088
4487.925,26.738,4.84,29.5,59.1324,61.0,59.598,-1.8676,-0.4656,26.73124
4488.947,26.739,4.96,29.5,59.1392,61.0,59.6047,-1.8608,-0.4656,26.7333
4489.983,26.739,4.92,29.5,59.146,61.0,59.6116,-1.854,-0.4656,26.73109
4490.999,26.735,4.88,29.5,59.1526,61.0,59.6182,-1.8474,-0.4656,26.73059
4491.929,26.738,4.84,29.5,59.1586,61.0,59.6242,-1.8414,-0.4656,26.72793
4492.953,26.739,4.84,29.5,59.1652,61.0,59.6308,-1.8348,-0.4656,26.72968
4493.964,26.739,4.84,29.5,59.1718,61.0,59.6374,-1.8282,-0.4656,26.73084
4494.987,26.736,4.84,29.5,59.1784,61.0,59.644,-1.8216,-0.4656,26.73102
4495.937,26.739,5.0,29.5,59.1847,61.0,59.6503,-1.8153,-0.4656,26.73274
4496.941,26.738,4.96,29.5,59.1914,61.0,59.657,-1.8086,-0.4656,26.73082
4497.96,26.736,4.84,29.5,59.198,61.0,59.6636,-1.802,-0.4656,26.72766
4498.983,26.738,4.88,29.5,59.2046,61.0,59.6703,-1.7954,-0.4656,26.72855
4500.014,26.739,5.0,29.4,59.2115,61.0,59.6772,-1.7885,-0.4656,26.73174
4500.949,26.739,5.0,29.4,59.2178,61.0,59.6834,-1.7822,-0.4656,26.73139
4501.955,26.738,4.96,29.4,59.2244,61.0,59.6901,-1.7756,-0.4657,26.72992
4502.975,26.738,4.88,29.5,59.2311,61.0,59.6967,-1.7689,-0.4657,26.72766
4504.0,26.738,4.92,29.4,59.2378,61.0,59.7035,-1.7622,-0.4657,26.72909
4505.029,26.739,4.84,29.5,59.2444,61.0,59.7101,-1.7556,-0.4657,26.72689
4506.053,26.738,4.84,29.4,59.2511,61.0,59.7167,-1.7489,-0.4657,26.72791
4506.967,26.738,4.84,29.4,59.257,61.0,59.7226,-1.743,-0.4657,26.72813
4507.992,26.736,4.88,29.5,59.2637,61.0,59.7293,-1.7363,-0.4657,26.7282
4509.019,26.736,4.92,29.5,59.2704,61.0,59.7361,-1.7296,-0.4657,26.72697
4509.962,26.741,4.88,29.5,59.2766,61.0,59.7422,-1.7234,-0.4657,26.72459
4510.964,26.739,4.84,29.4,59.283,61.0,59.7487,-1.717,-0.4657,26.72369
4511.991,26.738,4.96,29.5,59.2898,61.0,59.7555,-1.7102,-0.4657,26.7242
4513.119,26.736,4.92,29.4,59.2972,61.0,59.7629,-1.7028,-0.4657,26.72211
4514.038,26.736,4.92,29.4,59.3033,61.0,59.7689,-1.6967,-0.4657,26.72355
4514.969,26.738,4.96,29.5,59.3095,61.0,59.7751,-1.6905,-0.4657,26.72558
4515.982,26.738,4.96,29.5,59.3162,61.0,59.7818,-1.6838,-0.4657,26.72663
4517.005,26.741,4.84,29.5,59.3228,61.0,59.7884,-1.6772,-0.4657,26.72478
4518.031,26.739,4.88,29.5,59.3295,61.0,59.7951,-1.6705,-0.4657,26.72923
4519.061,26.738,4.96,29.5,59.3363,61.0,59.802,-1.6637,-0.4657,26.73106
4519.986,26.738,4.96,29.5,59.3424,61.0,59.8081,-1.6576,-0.4657,26.73027
4521.002,26.738,4.84,29.4,59.349,61.0,59.8147,-1.651,-0.4657,26.72701
4522.022,26.738,4.92,29.5,59.3557,61.0,59.8214,-1.6443,-0.4657,26.73015
4523.05,26.739,4.84,29.4,59.3623,61.0,59.828,-1.6377,-0.4657,26.72795
4524.076,26.741,4.88,29.5,59.369,61.0,59.8347,-1.631,-0.4657,26.73051
4525.001,26.738,4.96,29.4,59.3751,61.0,59.8408,-1.6249,-0.4657,26.73423
4526.021,26.738,4.96,29.4,59.3819,61.0,59.8476,-1.6181,-0.4657,26.73125
4527.04,26.739,4.88,29.5,59.3885,61.0,59.8543,-1.6115,-0.4657,26.72871
4528.067,26.739,4.84,29.5,59.3952,61.0,59.8609,-1.6048,-0.4657,26.7295
4529.007,26.736,4.84,29.4,59.4013,61.0,59.867,-1.5987,-0.4657,26.73111
4530.013,26.741,4.84,29.4,59.4078,61.0,59.8735,-1.5922,-0.4657,26.7291
4531.038,26.741,4.84,29.4,59.4144,61.0,59.8801,-1.5856,-0.4657,26.73212
4532.065,26.738,4.92,29.4,59.4211,61.0,59.8869,-1.5789,-0.4657,26.73467
4533.082,26.738,4.92,29.4,59.4278,61.0,59.8936,-1.5722,-0.4658,26.73155
4534.018,26.741,4.88,29.4,59.4339,61.0,59.8997,-1.5661,-0.4658,26.73042
4535.032,26.738,4.92,29.5,59.4406,61.0,59.9063,-1.5594,-0.4658,26.7337
4536.05,26.743,4.96,29.4,59.4473,61.0,59.9131,-1.5527,-0.4658,26.73225
4537.08,26.738,4.84,29.5,59.454,61.0,59.9198,-1.546,-0.4658,26.73227
4538.108,26.738,4.84,29.4,59.4606,61.0,59.9264,-1.5394,-0.4658,26.731
4539.031,26.738,4.84,29.4,59.4666,61.0,59.9324,-1.5334,-0.4658,26.73134
4540.045,26.741,4.92,29.4,59.4733,61.0,59.9391,-1.5267,-0.4658,26.73266
4541.069,26.738,4.84,29.5,59.4799,61.0,59.9457,-1.5201,-0.4658,26.73186
4542.097,26.741,4.92,29.5,59.4866,61.0,59.9525,-1.5134,-0.4658,26.73275
4543.044,26.739,4.92,29.5,59.4929,61.0,59.9587,-1.5071,-0.4659,26.7341
4544.044,26.738,4.8,29.4,59.4993,61.0,59.9651,-1.5007,-0.4659,26.72992
4545.063,26.738,4.8,29.4,59.5058,61.0,59.9717,-1.4942,-0.4659,26.73075
4546.088,26.739,4.92,29.4,59.5125,61.0,59.9784,-1.4875,-0.4659,26.73348
4547.112,26.739,4.88,29.5,59.5192,61.0,59.9851,-1.4808,-0.4659,26.73145
4548.05,26.738,4.88,29.5,59.5253,61.0,59.9912,-1.4747,-0.4659,26.73242
4549.055,26.741,5.0,29.4,59.532,61.0,59.998,-1.468,-0.4659,26.73402
4550.079,26.743,4.84,29.5,59.5386,61.0,60.0046,-1.4614,-0.466,26.73071
4551.104,26.738,4.84,29.5,59.5453,61.0,60.0112,-1.4547,-0.466,26.73511
4552.052,26.738,4.84,29.5,59.5514,61.0,60.0174,-1.4486,-0.466,26.7322
4553.051,26.739,4.84,29.4,59.5579,61.0,60.0239,-1.4421,-0.466,26.73146
4554.08,26.739,4.8,29.5,59.5645,61.0,60.0305,-1.4355,-0.466,26.73115
4555.1,26.739,4.92,29.5,59.5712,61.0,60.0372,-1.4288,-0.466,26.73459
4556.122,26.738,4.92,29.4,59.5779,61.0,60.0439,-1.4221,-0.466,26.73264
4557.153,26.741,4.92,29.4,59.5846,61.0,60.0507,-1.4154,-0.4661,26.73149
4558.072,26.741,4.92,29.4,59.5907,61.0,60.0568,-1.4093,-0.4661,26.73445
4559.092,26.739,4.84,29.5,59.5973,61.0,60.0634,-1.4027,-0.4661,26.7326
4560.118,26.741,4.88,29.5,59.604,61.0,60.0701,-1.396,-0.4661,26.73316
4561.146,26.743,4.88,29.5,59.6107,61.0,60.0768,-1.3893,-0.4662,26.73409
4562.068,26.743,4.96,29.5,59.6168,61.0,60.0829,-1.3832,-0.4662,26.73824
4563.095,26.741,4.88,29.5,59.6235,61.0,60.0897,-1.3765,-0.4662,26.73484
4564.213,26.743,4.92,29.5,59.6308,61.0,60.097,-1.3692,-0.4662,26.73473
4565.136,26.743,4.92,29.5,59.6369,61.0,60.1031,-1.3631,-0.4662,26.73668
4566.076,26.738,4.84,29.5,59.643,61.0,60.1092,-1.357,-0.4662,26.73512
4567.085,26.744,4.96,29.5,59.6496,61.0,60.1159,-1.3504,-0.4663,26.73454
4568.126,26.738,4.84,29.5,59.6564,61.0,60.1227,-1.3436,-0.4663,26.73433
4569.127,26.743,5.0,29.5,59.6631,61.0,60.1294,-1.3369,-0.4663,26.73536
4570.16,26.739,4.84,29.4,59.6697,61.0,60.1361,-1.3303,-0.4663,26.73282
4571.084,26.739,4.84,29.4,59.6757,61.0,60.1421,-1.3243,-0.4664,26.73302
4572.097,26.739,4.92,29.5,59.6824,61.0,60.1487,-1.3176,-0.4664,26.73429
4573.128,26.741,4.84,29.5,59.689,61.0,60.1554,-1.311,-0.4664,26.73096
4574.144,26.741,4.84,29.5,59.6956,61.0,60.162,-1.3044,-0.4664,26.73404
4575.169,26.744,4.92,29.4,59.7023,61.0,60.1688,-1.2977,-0.4665,26.73608
4576.2,26.736,4.88,29.5,59.709,61.0,60.1755,-1.291,-0.4665,26.73636
4577.121,26.736,4.88,29.5,59.715,61.0,60.1815,-1.285,-0.4665,26.73092
4578.143,26.739,4.88,29.5,59.7217,61.0,60.1883,-1.2783,-0.4665,26.72976
4579.162,26.736,4.84,29.5,59.7283,61.0,60.1949,-1.2717,-0.4666,26.7314
4580.111,26.738,4.96,29.5,59.7346,61.0,60.2012,-1.2654,-0.4666,26.73279
4581.112,26.739,4.96,29.5,59.7412,61.0,60.2078,-1.2588,-0.4666,26.73191
4582.135,26.741,4.84,29.5,59.7478,61.0,60.2145,-1.2522,-0.4667,26.72998
4583.164,26.739,4.92,29.5,59.7546,61.0,60.2213,-1.2454,-0.4667,26.73571
4584.181,26.739,4.92,29.5,59.7613,61.0,60.228,-1.2387,-0.4667,26.73298
4585.117,26.635,0.0,29.5,59.7613,61.0,60.228,-1.2387,-0.4667,26.62676
4586.126,26.618,0.0,29.5,59.7613,61.0,60.228,-1.2387,-0.4667,26.62632
4587.155,26.61,0.0,29.5,59.7613,61.0,60.228,-1.2387,-0.4667,26.61111
4588.175,26.603,0.0,29.5,59.7613,61.0,60.228,-1.2387,-0.4667,26.6027
4589.206,26.601,0.0,29.5,59.7613,61.0,60.228,-1.2387,-0.4667,26.59566
4590.13,26.601,0.0,29.5,59.7613,61.0,60.228,-1.2387,-0.4668,26.59398
4591.143,26.594,0.0,29.5,59.7613,61.0,60.228,-1.2387,-0.4668,26.59321
4592.169,26.591,0.0,29.5,59.7613,61.0,60.228,-1.2387,-0.4668,26.58687
4593.196,26.589,0.0,29.5,59.7613,61.0,60.2281,-1.2387,-0.4668,26.58362
4594.136,26.583,0.0,29.5,59.7613,61.0,60.2281,-1.2387,-0.4668,26.58214
4595.144,26.58,0.0,29.5,59.7613,61.0,60.2281,-1.2387,-0.4668,26.57624
4596.269,26.577,0.0,29.5,59.7613,61.0,60.2281,-1.2387,-0.4668,26.57229
4597.188,26.577,0.0,29.5,59.7613,61.0,60.2281,-1.2387,-0.4668,26.5706
4598.214,26.577,0.0,29.5,59.7613,61.0,60.2282,-1.2387,-0.4669,26.56976
4599.144,26.571,0.0,29.5,59.7613,61.0,60.2282,-1.2387,-0.4669,26.57029
4600.155,26.566,0.0,29.5,59.7613,61.0,60.2282,-1.2387,-0.4669,26.56452
4601.179,26.565,0.0,29.5,59.7613,61.0,60.2282,-1.2387,-0.4669,26.55949
4602.208,26.56,0.0,29.5,59.7613,61.0,60.2282,-1.2387,-0.4669,26.55811
4603.18,26.56,0.0,29.5,59.7613,61.0,60.2282,-1.2387,-0.4669,26.55391
4604.15,26.557,0.0,29.5,59.7613,61.0,60.2282,-1.2387,-0.4669,26.55353
4605.18,26.556,0.0,29.5,59.7613,61.0,60.2282,-1.2387,-0.467,26.55049
4606.198,26.556,0.0,29.5,59.7613,61.0,60.2283,-1.2387,-0.467,26.5494
4607.221,26.554,0.0,29.5,59.7613,61.0,60.2283,-1.2387,-0.467,26.54926
4608.248,26.553,0.0,29.5,59.7613,61.0,60.2283,-1.2387,-0.467,26.54746
4609.167,26.553,0.0,29.5,59.7613,61.0,60.2283,-1.2387,-0.4671,26.54704
4610.192,26.551,0.0,29.5,59.7613,61.0,60.2283,-1.2387,-0.4671,26.54639
4611.214,26.548,0.0,29.5,59.7613,61.0,60.2284,-1.2387,-0.4671,26.54458
4612.243,26.544,0.0,29.5,59.7613,61.0,60.2284,-1.2387,-0.4671,26.54172
4613.185,26.544,0.0,29.5,59.7613,61.0,60.2284,-1.2387,-0.4671,26.53841
4614.192,26.544,0.0,29.5,59.7613,61.0,60.2284,-1.2387,-0.4671,26.53774
4615.219,26.541,0.0,29.5,59.7613,61.0,60.2284,-1.2387,-0.4671,26.53756
4616.235,26.541,0.0,29.5,59.7613,61.0,60.2284,-1.2387,-0.4672,26.53496
4617.267,26.539,0.0,29.5,59.7613,61.0,60.2285,-1.2387,-0.4672,26.53463
4618.198,26.537,0.0,29.5,59.7613,61.0,60.2285,-1.2387,-0.4672,26.53339
4619.21,26.536,0.0,29.5,59.7613,61.0,60.2285,-1.2387,-0.4672,26.53106
4620.225,26.534,0.0,29.5,59.7613,61.0,60.2285,-1.2387,-0.4672,26.52995
4621.26,26.533,0.0,29.5,59.7613,61.0,60.2285,-1.2387,-0.4672,26.52797
4622.278,26.533,0.0,29.5,59.7613,61.0,60.2285,-1.2387,-0.4673,26.52699
4623.206,26.533,0.0,29.5,59.7613,61.0,60.2286,-1.2387,-0.4673,26.52739
4624.23,26.531,0.0,29.5,59.7613,61.0,60.2286,-1.2387,-0.4673,26.52691
4625.249,26.531,0.0,29.5,59.7613,61.0,60.2286,-1.2387,-0.4673,26.52512
4626.266,26.527,0.0,29.5,59.7613,61.0,60.2286,-1.2387,-0.4673,26.52497
4627.209,26.528,0.0,29.5,59.7613,61.0,60.2286,-1.2387,-0.4674,26.522
4628.322,26.525,0.0,29.5,59.7613,61.0,60.2286,-1.2387,-0.4674,26.52208
4629.236,26.525,0.0,29.5,59.7613,61.0,60.2287,-1.2387,-0.4674,26.52019
4630.265,26.525,0.0,29.5,59.7613,61.0,60.2287,-1.2387,-0.4674,26.51959
4631.289,26.524,0.0,29.5,59.7613,61.0,60.2287,-1.2387,-0.4674,26.51962
4632.222,26.519,0.0,29.5,59.7613,61.0,60.2287,-1.2387,-0.4674,26.51911
4633.235,26.522,0.0,29.5,59.7613,61.0,60.2288,-1.2387,-0.4675,26.51382
4634.259,26.519,0.0,29.5,59.7613,61.0,60.2288,-1.2387,-0.4675,26.51669
4635.279,26.519,0.0,29.5,59.7613,61.0,60.2288,-1.2387,-0.4675,26.51378
4636.222,26.519,0.0,29.5,59.7613,61.0,60.2288,-1.2387,-0.4675,26.51417
4637.23,26.518,0.0,29.5,59.7613,61.0,60.2288,-1.2387,-0.4676,26.51384
4638.253,26.519,0.0,29.5,59.7613,61.0,60.2289,-1.2387,-0.4676,26.51279
4639.277,26.516,0.0,29.5,59.7613,61.0,60.2289,-1.2387,-0.4676,26.51376
4640.302,26.518,0.0,29.5,59.7613,61.0,60.2289,-1.2387,-0.4676,26.51083
4641.231,26.518,0.0,29.5,59.7613,61.0,60.2289,-1.2387,-0.4677,26.51326
4642.243,26.516,0.0,29.5,59.7613,61.0,60.2289,-1.2387,-0.4677,26.51285
4643.271,26.516,0.0,29.5,59.7613,61.0,60.229,-1.2387,-0.4677,26.51082
4644.294,26.515,0.0,29.5,59.7613,61.0,60.229,-1.2387,-0.4677,26.51084
4645.236,26.509,0.0,29.5,59.7613,61.0,60.229,-1.2387,-0.4677,26.51027
4646.243,26.512,0.0,29.5,59.7613,61.0,60.229,-1.2387,-0.4678,26.50409
4647.372,26.509,0.0,29.5,59.7613,61.0,60.229,-1.2387,-0.4678,26.50642
4648.284,26.509,0.0,29.5,59.7613,61.0,60.2291,-1.2387,-0.4678,26.50455
4649.308,26.507,0.0,29.5,59.7613,61.0,60.2291,-1.2387,-0.4678,26.504
4650.242,26.507,0.0,29.5,59.7613,61.0,60.2291,-1.2387,-0.4678,26.50248
4651.255,26.507,0.0,29.5,59.7613,61.0,60.2291,-1.2387,-0.4678,26.5021
4652.278,26.507,0.0,29.5,59.7613,61.0,60.2291,-1.2387,-0.4678,26.50206
4653.306,26.506,0.0,29.5,59.7613,61.0,60.2291,-1.2387,-0.4679,26.50203
4654.245,26.506,0.0,29.5,59.7613,61.0,60.2292,-1.2387,-0.4679,26.50148
4655.248,26.506,0.0,29.5,59.7613,61.0,60.2292,-1.2387,-0.4679,26.50118
4656.276,26.506,0.0,29.5,59.7613,61.0,60.2292,-1.2387,-0.4679,26.50106
4657.298,26.504,0.0,29.5,59.7613,61.0,60.2292,-1.2387,-0.4679,26.50109
4658.323,26.504,0.0,29.5,59.7613,61.0,60.2292,-1.2387,-0.468,26.49912
4659.348,26.506,0.0,29.5,59.7613,61.0,60.2293,-1.2387,-0.468,26.49912
4660.266,26.506,0.0,29.5,59.7613,61.0,60.2293,-1.2387,-0.468,26.50158
4661.289,26.506,0.0,29.5,59.7613,61.0,60.2293,-1.2387,-0.468,26.50108
4662.315,26.503,0.0,29.5,59.7613,61.0,60.2293,-1.2387,-0.468,26.50107
4663.263,26.503,0.0,29.5,59.7613,61.0,60.2293,-1.2387,-0.4681,26.49851
4664.266,26.503,0.0,29.5,59.7613,61.0,60.2293,-1.2387,-0.4681,26.49825
4665.288,26.503,0.0,29.5,59.7613,61.0,60.2294,-1.2387,-0.4681,26.49816
4666.318,26.5,0.0,29.5,59.7613,61.0,60.2294,-1.2387,-0.4681,26.49812
4667.333,26.5,0.0,29.5,59.7613,61.0,60.2294,-1.2387,-0.4681,26.49527
4668.276,26.5,0.0,29.5,59.7613,61.0,60.2294,-1.2387,-0.4681,26.49559
4669.279,26.496,0.0,29.5,59.7613,61.0,60.2294,-1.2387,-0.4681,26.49532
4670.304,26.496,0.0,29.5,59.7613,61.0,60.2294,-1.2387,-0.4682,26.49132
4671.325,26.498,0.0,29.5,59.7613,61.0,60.2295,-1.2387,-0.4682,26.49133
4672.356,26.495,0.0,29.5,59.7613,61.0,60.2295,-1.2387,-0.4682,26.49324
4673.283,26.495,0.0,29.5,59.7613,61.0,60.2295,-1.2387,-0.4682,26.49078
4674.294,26.498,0.0,29.5,59.7613,61.0,60.2295,-1.2387,-0.4683,26.4904
4675.318,26.496,0.0,29.5,59.7613,61.0,60.2295,-1.2387,-0.4683,26.49327
4676.349,26.493,0.0,29.5,59.7613,61.0,60.2295,-1.2387,-0.4683,26.49129
4677.289,26.495,0.0,29.5,59.7613,61.0,60.2296,-1.2387,-0.4683,26.48877
4678.293,26.493,0.0,29.5,59.7613,61.0,60.2296,-1.2387,-0.4683,26.49043
4679.424,26.493,0.0,29.5,59.7613,61.0,60.2296,-1.2387,-0.4683,26.48792
4680.338,26.493,0.0,29.5,59.7613,61.0,60.2296,-1.2387,-0.4683,26.48888
4681.362,26.493,0.0,29.5,59.7613,61.0,60.2296,-1.2387,-0.4684,26.48839
4682.296,26.493,0.0,29.5,59.7613,61.0,60.2297,-1.2387,-0.4684,26.48879
4683.307,26.493,0.0,29.5,59.7613,61.0,60.2297,-1.2387,-0.4684,26.48845
4684.33,26.493,0.0,29.5,59.7613,61.0,60.2297,-1.2387,-0.4684,26.4884
4685.36,26.493,0.0,29.5,59.7613,61.0,60.2297,-1.2387,-0.4684,26.48836
4686.305,26.493,0.0,29.5,59.7613,61.0,60.2297,-1.2387,-0.4685,26.48874
4687.306,26.493,0.0,29.5,59.7613,61.0,60.2297,-1.2387,-0.4685,26.48849
4688.324,26.493,0.0,29.5,59.7613,61.0,60.2298,-1.2387,-0.4685,26.48842
4689.356,26.493,0.0,29.5,59.7613,61.0,60.2298,-1.2387,-0.4685,26.48836
4690.376,26.492,0.0,29.5,59.7613,61.0,60.2298,-1.2387,-0.4685,26.48841
4691.403,26.492,0.0,29.5,59.7613,61.0,60.2298,-1.2387,-0.4685,26.4874
4692.319,26.492,0.0,29.5,59.7613,61.0,60.2298,-1.2387,-0.4686,26.48789
4693.344,26.49,0.0,29.5,59.7613,61.0,60.2298,-1.2387,-0.4686,26.48741
4694.365,26.493,0.0,29.5,59.7613,61.0,60.2299,-1.2387,-0.4686,26.48548
4695.314,26.49,0.0,29.5,59.7613,61.0,60.2299,-1.2387,-0.4686,26.48872
4696.32,26.49,0.0,29.5,59.7613,61.0,60.2299,-1.2387,-0.4686,26.48555
4697.34,26.49,0.0,29.5,59.7613,61.0,60.2299,-1.2387,-0.4687,26.48548
4698.469,26.489,0.0,29.5,59.7613,61.0,60.2299,-1.2387,-0.4687,26.48501
4699.388,26.489,0.0,29.5,59.7613,61.0,60.23,-1.2387,-0.4687,26.48495
4700.329,26.489,0.0,29.5,59.7613,61.0,60.23,-1.2387,-0.4687,26.48485
4701.336,26.489,0.0,29.5,59.7613,61.0,60.23,-1.2387,-0.4687,26.48456
4702.364,26.489,0.0,29.5,59.7613,61.0,60.23,-1.2387,-0.4687,26.48447
4703.377,26.489,0.0,29.5,59.7613,61.0,60.23,-1.2387,-0.4687,26.48454
4704.402,26.486,0.0,29.5,59.7613,61.0,60.23,-1.2387,-0.4687,26.48448
4705.333,26.486,0.0,29.5,59.7613,61.0,60.23,-1.2387,-0.4688,26.48196
4706.347,26.487,0.0,29.5,59.7613,61.0,60.2301,-1.2387,-0.4688,26.4816
4707.37,26.486,0.0,29.5,59.7613,61.0,60.2301,-1.2387,-0.4688,26.48254
4708.396,26.484,0.0,29.5,59.7613,61.0,60.2301,-1.2387,-0.4688,26.48155
4709.342,26.484,0.0,29.5,59.7613,61.0,60.2301,-1.2387,-0.4688,26.47994
4710.345,26.486,0.0,29.5,59.7613,61.0,60.2301,-1.2387,-0.4689,26.4797
4711.374,26.486,0.0,29.5,59.7613,61.0,60.2301,-1.2387,-0.4689,26.48154
4712.39,26.483,0.0,29.5,59.7613,61.0,60.2301,-1.2387,-0.4689,26.48159
4713.415,26.484,0.0,29.5,59.7613,61.0,60.2302,-1.2387,-0.4689,26.47863
4714.352,26.484,0.0,29.5,59.7613,61.0,60.2302,-1.2387,-0.4689,26.47998
4715.362,26.483,0.0,29.5,59.7613,61.0,60.2302,-1.2387,-0.4689,26.47967
4716.388,26.481,0.0,29.5,59.7613,61.0,60.2302,-1.2387,-0.4689,26.47863
4717.417,26.481,0.0,29.5,59.7613,61.0,60.2302,-1.2387,-0.4689,26.47666
4718.359,26.481,0.0,29.5,59.7613,61.0,60.2302,-1.2387,-0.469,26.47702
4719.36,26.481,0.0,29.5,59.7613,61.0,60.2303,-1.2387,-0.469,26.47678
4720.377,26.481,0.0,29.5,59.7613,61.0,60.2303,-1.2387,-0.469,26.47671
4721.4,26.483,0.0,29.5,59.7613,61.0,60.2303,-1.2387,-0.469,26.47669
4722.425,26.481,0.0,29.5,59.7613,61.0,60.2303,-1.2387,-0.469,26.47863
4723.454,26.481,0.0,29.5,59.7613,61.0,60.2303,-1.2387,-0.4691,26.47666
4724.373,26.481,0.0,29.5,59.7613,61.0,60.2303,-1.2387,-0.4691,26.47712
4725.393,26.481,0.0,29.5,59.7613,61.0,60.2304,-1.2387,-0.4691,26.4767
4726.419,26.481,0.0,29.5,59.7613,61.0,60.2304,-1.2387,-0.4691,26.47667
4727.442,26.478,0.0,29.5,59.7613,61.0,60.2304,-1.2387,-0.4691,26.47669
4728.377,26.481,0.0,29.5,59.7613,61.0,60.2304,-1.2387,-0.4691,26.47412
4729.41,26.48,0.0,29.5,59.7613,61.0,60.2304,-1.2387,-0.4692,26.47664
4730.524,26.481,0.0,29.5,59.7613,61.0,60.2305,-1.2387,-0.4692,26.47533
4731.441,26.481,0.0,29.5,59.7613,61.0,60.2305,-1.2387,-0.4692,26.47713
4732.466,26.481,0.0,29.5,59.7613,61.0,60.2305,-1.2387,-0.4692,26.47668
4733.393,26.481,0.0,29.5,59.7613,61.0,60.2305,-1.2387,-0.4692,26.47709
4734.406,26.48,0.0,29.5,59.7613,61.0,60.2305,-1.2387,-0.4692,26.47673
4735.43,26.477,0.0,29.5,59.7613,61.0,60.2305,-1.2387,-0.4692,26.47571
4736.457,26.478,0.0,29.5,59.7613,61.0,60.2305,-1.2387,-0.4693,26.47277
4737.4,26.478,0.0,29.5,59.7613,61.0,60.2305,-1.2387,-0.4693,26.47408
4738.407,26.481,0.0,29.5,59.7613,61.0,60.2306,-1.2387,-0.4693,26.47382
4739.425,26.477,0.0,29.5,59.7613,61.0,60.2306,-1.2387,-0.4693,26.4767
4740.451,26.474,0.0,29.5,59.7613,61.0,60.2306,-1.2387,-0.4693,26.47277
4741.474,26.48,0.0,29.5,59.7613,61.0,60.2307,-1.2387,-0.4694,26.46986
4742.503,26.474,0.0,29.5,59.7613,61.0,60.2307,-1.2387,-0.4694,26.47568
4743.417,26.474,0.0,29.5,59.7613,61.0,60.2307,-1.2387,-0.4694,26.4703
4744.448,26.478,0.0,29.5,59.7613,61.0,60.2307,-1.2387,-0.4695,26.46982
4745.469,26.475,0.0,29.5,59.7613,61.0,60.2307,-1.2387,-0.4695,26.47376
4746.489,26.477,0.0,29.5,59.7613,61.0,60.2308,-1.2387,-0.4695,26.47085
4747.422,26.472,0.0,29.5,59.7613,61.0,60.2308,-1.2387,-0.4695,26.47315
4748.437,26.477,0.0,29.5,59.7613,61.0,60.2308,-1.2387,-0.4696,26.46794
4749.466,26.475,0.0,29.5,59.7613,61.0,60.2308,-1.2387,-0.4696,26.47275
4750.487,26.475,0.0,29.5,59.7613,61.0,60.2309,-1.2387,-0.4696,26.47084
4751.429,26.472,0.0,29.5,59.7613,61.0,60.2309,-1.2387,-0.4696,26.47116
4752.428,26.474,0.0,29.5,59.7613,61.0,60.2309,-1.2387,-0.4696,26.468
4753.457,26.472,0.0,29.4,59.7613,61.0,60.2309,-1.2387,-0.4696,26.46983
4754.481,26.475,0.0,29.4,59.7613,61.0,60.2309,-1.2387,-0.4697,26.4679
4755.51,26.471,0.0,29.4,59.7613,61.0,60.2309,-1.2387,-0.4697,26.4708
4756.434,26.471,0.0,29.4,59.7613,61.0,60.231,-1.2387,-0.4697,26.46732
4757.446,26.471,0.0,29.4,59.7613,61.0,60.231,-1.2387,-0.4697,26.46697
4758.489,26.474,0.0,29.4,59.7613,61.0,60.231,-1.2387,-0.4697,26.46685
4759.494,26.474,0.0,29.4,59.7613,61.0,60.231,-1.2387,-0.4698,26.46992
4760.438,26.472,0.0,29.4,59.7613,61.0,60.231,-1.2387,-0.4698,26.47017
4761.447,26.474,0.0,29.4,59.7613,61.0,60.2311,-1.2387,-0.4698,26.46796
4762.463,26.474,0.0,29.4,59.7613,61.0,60.2311,-1.2387,-0.4698,26.46988
4763.491,26.469,0.0,29.4,59.7613,61.0,60.2311,-1.2387,-0.4698,26.46983
4764.512,26.471,0.0,29.4,59.7613,61.0,60.2311,-1.2387,-0.4698,26.46499
4765.451,26.469,0.0,29.5,59.7613,61.0,60.2311,-1.2387,-0.4698,26.46726
4766.462,26.471,0.0,29.4,59.7613,61.0,60.2311,-1.2387,-0.4699,26.46502
4767.481,26.471,0.0,29.4,59.7613,61.0,60.2312,-1.2387,-0.4699,26.46694
4768.511,26.472,0.0,29.4,59.7613,61.0,60.2312,-1.2387,-0.4699,26.4669
4769.527,26.472,0.0,29.4,59.7613,61.0,60.2312,-1.2387,-0.4699,26.46793
4770.46,26.471,0.0,29.4,59.7613,61.0,60.2312,-1.2387,-0.4699,26.46826
4771.48,26.471,0.0,29.4,59.7613,61.0,60.2312,-1.2387,-0.47,26.46694
4772.499,26.469,0.0,29.4,59.7613,61.0,60.2312,-1.2387,-0.47,26.46694
4773.524,26.469,0.0,29.4,59.7613,61.0,60.2312,-1.2387,-0.47,26.46497
4774.552,26.471,0.0,29.4,59.7613,61.0,60.2313,-1.2387,-0.47,26.46496
4775.467,26.471,0.0,29.4,59.7613,61.0,60.2313,-1.2387,-0.47,26.46735
4776.494,26.472,0.0,29.4,59.7613,61.0,60.2313,-1.2387,-0.47,26.46691
4777.52,26.471,0.0,29.4,59.7613,61.0,60.2313,-1.2387,-0.4701,26.46789
4778.542,26.471,0.0,29.4,59.7613,61.0,60.2313,-1.2387,-0.4701,26.46693
4779.474,26.471,0.0,29.4,59.7613,61.0,60.2313,-1.2387,-0.4701,26.46729
4780.491,26.469,0.0,29.4,59.7613,61.0,60.2314,-1.2387,-0.4701,26.46695
4781.616,26.471,0.0,29.4,59.7613,61.0,60.2314,-1.2387,-0.4701,26.46458
4782.537,26.471,0.0,29.4,59.7613,61.0,60.2314,-1.2387,-0.4701,26.46733
4783.561,26.469,0.0,29.4,59.7613,61.0,60.2314,-1.2387,-0.4701,26.46692
4784.489,26.469,0.0,29.4,59.7613,61.0,60.2314,-1.2387,-0.4701,26.46535
4785.502,26.469,0.0,29.4,59.7613,61.0,60.2314,-1.2387,-0.4702,26.46501
4786.531,26.471,0.0,29.4,59.7613,61.0,60.2315,-1.2387,-0.4702,26.46495
4787.556,26.469,0.0,29.4,59.7613,61.0,60.2315,-1.2387,-0.4702,26.46692
4788.492,26.469,0.0,29.4,59.7613,61.0,60.2315,-1.2387,-0.4702,26.46532
4789.507,26.469,0.0,29.4,59.7613,61.0,60.2315,-1.2387,-0.4702,26.46501
4790.527,26.468,0.0,29.4,59.7613,61.0,60.2315,-1.2387,-0.4702,26.46499
4791.557,26.469,0.0,29.4,59.7613,61.0,60.2315,-1.2387,-0.4703,26.46397
4792.498,26.469,0.0,29.4,59.7613,61.0,60.2315,-1.2387,-0.4703,26.46529
4793.602,26.468,0.0,29.4,59.7613,61.0,60.2316,-1.2387,-0.4703,26.46466
4794.524,26.468,0.0,29.4,59.7613,61.0,60.2316,-1.2387,-0.4703,26.46439
4795.541,26.469,0.0,29.4,59.7613,61.0,60.2316,-1.2387,-0.4703,26.46402
4796.566,26.466,0.0,29.4,59.7613,61.0,60.2316,-1.2387,-0.4703,26.46497
4797.513,26.466,0.0,29.4,59.7613,61.0,60.2316,-1.2387,-0.4703,26.46234
4798.517,26.469,0.0,29.4,59.7613,61.0,60.2316,-1.2387,-0.4704,26.46212
4799.535,26.469,0.0,29.4,59.7613,61.0,60.2317,-1.2387,-0.4704,26.46499
4800.562,26.466,0.0,29.4,59.7613,61.0,60.2317,-1.2387,-0.4704,26.46496
4801.58,26.466,0.0,29.4,59.7613,61.0,60.2317,-1.2387,-0.4704,26.46207
4802.523,26.465,0.0,29.4,59.7613,61.0,60.2317,-1.2387,-0.4704,26.46235
4803.531,26.468,0.0,29.4,59.7613,61.0,60.2317,-1.2387,-0.4705,26.46113
4804.551,26.466,0.0,29.4,59.7613,61.0,60.2317,-1.2387,-0.4705,26.46401
4805.577,26.468,0.0,29.4,59.7613,61.0,60.2318,-1.2387,-0.4705,26.46204
4806.602,26.468,0.0,29.4,59.7613,61.0,60.2318,-1.2387,-0.4705,26.46399
4807.537,26.468,0.0,29.4,59.7613,61.0,60.2318,-1.2387,-0.4705,26.46434
4808.55,26.469,0.0,29.4,59.7613,61.0,60.2318,-1.2387,-0.4705,26.46404
4809.573,26.468,0.0,29.4,59.7613,61.0,60.2318,-1.2387,-0.4705,26.46497
4810.596,26.466,0.0,29.4,59.7613,61.0,60.2318,-1.2387,-0.4706,26.464
4811.617,26.466,0.0,29.4,59.7613,61.0,60.2318,-1.2387,-0.4706,26.46206
4812.546,26.466,0.0,29.4,59.7613,61.0,60.2318,-1.2387,-0.4706,26.46241
4813.671,26.466,0.0,29.4,59.7613,61.0,60.2319,-1.2387,-0.4706,26.46166
4814.587,26.466,0.0,29.4,59.7613,61.0,60.2319,-1.2387,-0.4706,26.46246
4815.618,26.468,0.0,29.4,59.7613,61.0,60.2319,-1.2387,-0.4706,26.46202
4816.558,26.466,0.0,29.4,59.7613,61.0,60.2319,-1.2387,-0.4706,26.46432
4817.562,26.468,0.0,29.4,59.7613,61.0,60.2319,-1.2387,-0.4707,26.46212
4818.58,26.463,0.0,29.4,59.7613,61.0,60.2319,-1.2387,-0.4707,26.46402
4819.61,26.465,0.0,29.4,59.7613,61.0,60.232,-1.2387,-0.4707,26.4591
4820.631,26.465,0.0,29.4,59.7613,61.0,60.232,-1.2387,-0.4707,26.46108
4821.567,26.465,0.0,29.4,59.7613,61.0,60.232,-1.2387,-0.4707,26.4614
4822.574,26.463,0.0,29.4,59.7613,61.0,60.232,-1.2387,-0.4707,26.46113
4823.599,26.466,0.0,29.4,59.7613,61.0,60.232,-1.2387,-0.4708,26.45912
4824.622,26.462,0.0,29.4,59.7613,61.0,60.232,-1.2387,-0.4708,26.46205
4825.655,26.465,0.0,29.4,59.7613,61.0,60.2321,-1.2387,-0.4708,26.45811
4826.579,26.465,0.0,29.4,59.7613,61.0,60.2321,-1.2387,-0.4708,26.46145
4827.592,26.462,0.0,29.4,59.7613,61.0,60.2321,-1.2387,-0.4708,26.46111
4828.615,26.463,0.0,29.4,59.7613,61.0,60.2321,-1.2387,-0.4709,26.45815
4829.64,26.462,0.0,29.4,59.7613,61.0,60.2321,-1.2387,-0.4709,26.45911
4830.589,26.465,0.0,29.4,59.7613,61.0,60.2322,-1.2387,-0.4709,26.45842
4831.592,26.463,0.0,29.4,59.7613,61.0,60.2322,-1.2387,-0.4709,26.46115
4832.724,26.463,0.0,29.4,59.7613,61.0,60.2322,-1.2387,-0.4709,26.45872
4833.633,26.463,0.0,29.4,59.7613,61.0,60.2322,-1.2387,-0.4709,26.45955
4834.659,26.463,0.0,29.4,59.7613,61.0,60.2322,-1.2387,-0.4709,26.45911
4835.594,26.46,0.0,29.4,59.7613,61.0,60.2322,-1.2387,-0.4709,26.45945
4836.605,26.463,0.0,29.4,59.7613,61.0,60.2323,-1.2387,-0.471,26.45624
4837.627,26.46,0.0,29.4,59.7613,61.0,60.2323,-1.2387,-0.471,26.45912
4838.654,26.462,0.0,29.4,59.7613,61.0,60.2323,-1.2387,-0.471,26.45618
4839.597,26.462,0.0,29.4,59.7613,61.0,60.2323,-1.2387,-0.471,26.45844
4840.604,26.462,0.0,29.4,59.7613,61.0,60.2323,-1.2387,-0.471,26.4582
4841.621,26.463,0.0,29.4,59.7613,61.0,60.2323,-1.2387,-0.4711,26.45817
4842.648,26.463,0.0,29.4,59.7613,61.0,60.2324,-1.2387,-0.4711,26.4591
4843.67,26.462,0.0,29.4,59.7613,61.0,60.2324,-1.2387,-0.4711,26.45912
4844.698,26.462,0.0,29.4,59.7613,61.0,60.2324,-1.2387,-0.4711,26.45813
4845.619,26.462,0.0,29.4,59.7613,61.0,60.2324,-1.2387,-0.4711,26.45852
4846.643,26.46,0.0,29.4,59.7613,61.0,60.2324,-1.2387,-0.4711,26.45814
4847.663,26.457,0.0,29.4,59.7613,61.0,60.2324,-1.2387,-0.4711,26.45621
4848.693,26.458,0.0,29.4,59.7613,61.0,60.2324,-1.2387,-0.4711,26.45324
4849.621,26.463,0.0,29.4,59.7613,61.0,60.2325,-1.2387,-0.4712,26.45459
4850.637,26.46,0.0,29.4,59.7613,61.0,60.2325,-1.2387,-0.4712,26.45914
4851.655,26.462,0.0,29.4,59.7613,61.0,60.2325,-1.2387,-0.4712,26.45621
4852.68,26.462,0.0,29.4,59.7613,61.0,60.2325,-1.2387,-0.4713,26.45814
4853.626,26.463,0.0,29.4,59.7613,61.0,60.2325,-1.2387,-0.4713,26.45843
4854.629,26.457,0.0,29.4,59.7613,61.0,60.2325,-1.2387,-0.4713,26.4592
4855.652,26.458,0.0,29.4,59.7613,61.0,60.2326,-1.2387,-0.4713,26.45327
4856.678,26.46,0.0,29.4,59.7613,61.0,60.2326,-1.2387,-0.4713,26.45423
4857.698,26.457,0.0,29.4,59.7613,61.0,60.2326,-1.2387,-0.4713,26.4562
4858.631,26.457,0.0,29.4,59.7613,61.0,60.2326,-1.2387,-0.4713,26.45359
4859.644,26.46,0.0,29.4,59.7613,61.0,60.2326,-1.2387,-0.4714,26.4533
4860.668,26.46,0.0,29.4,59.7613,61.0,60.2327,-1.2387,-0.4714,26.45619
4861.693,26.457,0.0,29.4,59.7613,61.0,60.2327,-1.2387,-0.4714,26.45619
4862.641,26.457,0.0,29.4,59.7613,61.0,60.2327,-1.2387,-0.4714,26.45354
4863.645,26.457,0.0,29.4,59.7613,61.0,60.2327,-1.2387,-0.4714,26.45333
4864.77,26.457,0.0,29.4,59.7613,61.0,60.2327,-1.2387,-0.4714,26.4529
4865.686,26.457,0.0,29.4,59.7613,61.0,60.2327,-1.2387,-0.4714,26.45365
4866.713,26.457,0.0,29.4,59.7613,61.0,60.2327,-1.2387,-0.4714,26.45325
4867.655,26.458,0.0,29.4,59.7613,61.0,60.2327,-1.2387,-0.4715,26.45356
4868.656,26.458,0.0,29.3,59.7613,61.0,60.2328,-1.2387,-0.4715,26.45432
4869.678,26.458,0.0,29.4,59.7613,61.0,60.2328,-1.2387,-0.4715,26.45425
4870.707,26.457,0.0,29.3,59.7613,61.0,60.2328,-1.2387,-0.4715,26.45422
4871.739,26.457,0.0,29.3,59.7613,61.0,60.2328,-1.2387,-0.4715,26.45323
4872.661,26.46,0.0,29.3,59.7613,61.0,60.2328,-1.2387,-0.4716,26.45363
4873.673,26.455,0.0,29.3,59.7613,61.0,60.2328,-1.2387,-0.4716,26.45623
4874.702,26.457,0.0,29.3,59.7613,61.0,60.2329,-1.2387,-0.4716,26.4513
4875.733,26.458,0.0,29.4,59.7613,61.0,60.2329,-1.2387,-0.4716,26.45324
4876.752,26.457,0.0,29.3,59.7613,61.0,60.2329,-1.2387,-0.4716,26.45426
4877.673,26.457,0.0,29.3,59.7613,61.0,60.2329,-1.2387,-0.4716,26.45363
4878.693,26.458,0.0,29.3,59.7613,61.0,60.2329,-1.2387,-0.4716,26.45328
4879.719,26.458,0.0,29.3,59.7613,61.0,60.2329,-1.2387,-0.4717,26.45423
4880.738,26.457,0.0,29.3,59.7613,61.0,60.2329,-1.2387,-0.4717,26.45426
4881.678,26.457,0.0,29.3,59.7613,61.0,60.2329,-1.2387,-0.4717,26.45357
4882.699,26.457,0.0,29.3,59.7613,61.0,60.233,-1.2387,-0.4717,26.45327
4883.82,26.46,0.0,29.3,59.7613,61.0,60.233,-1.2387,-0.4717,26.45291
4884.732,26.46,0.0,29.3,59.7613,61.0,60.233,-1.2387,-0.4717,26.4566
4885.684,26.457,0.0,29.3,59.7613,61.0,60.233,-1.2387,-0.4717,26.45645
4886.691,26.46,0.0,29.3,59.7613,61.0,60.2331,-1.2387,-0.4718,26.45333
4887.703,26.457,0.0,29.3,59.7613,61.0,60.2331,-1.2387,-0.4718,26.45623
4888.726,26.457,0.0,29.3,59.7613,61.0,60.2331,-1.2387,-0.4718,26.45327
4889.755,26.455,0.0,29.3,59.7613,61.0,60.2331,-1.2387,-0.4718,26.45324
4890.688,26.455,0.0,29.3,59.7613,61.0,60.2331,-1.2387,-0.4718,26.45164
4891.696,26.457,0.0,29.3,59.7613,61.0,60.2331,-1.2387,-0.4718,26.45137
4892.72,26.455,0.0,29.3,59.7613,61.0,60.2331,-1.2387,-0.4718,26.45326
4893.744,26.457,0.0,29.4,59.7613,61.0,60.2331,-1.2387,-0.4719,26.45131
4894.692,26.457,0.0,29.3,59.7613,61.0,60.2332,-1.2387,-0.4719,26.45353
4895.695,26.457,0.0,29.3,59.7613,61.0,60.2332,-1.2387,-0.4719,26.45334
4896.713,26.457,0.0,29.3,59.7613,61.0,60.2332,-1.2387,-0.4719,26.45328
4897.739,26.457,0.0,29.3,59.7613,61.0,60.2332,-1.2387,-0.4719,26.45326
4898.87,26.458,0.0,29.3,59.7613,61.0,60.2332,-1.2387,-0.472,26.45288
4899.709,26.457,0.0,29.3,59.7613,61.0,60.2332,-1.2387,-0.472,26.45491
4900.714,26.455,0.0,29.3,59.7613,61.0,60.2332,-1.2387,-0.472,26.45333
4901.73,26.452,0.0,29.3,59.7613,61.0,60.2332,-1.2387,-0.472,26.45134
4902.766,26.457,0.0,29.3,59.7613,61.0,60.2333,-1.2387,-0.472,26.44834
4903.779,26.457,0.0,29.3,59.7613,61.0,60.2333,-1.2387,-0.472,26.4533
4904.722,26.455,0.0,29.3,59.7613,61.0,60.2333,-1.2387,-0.472,26.45355
4905.727,26.455,0.0,29.3,59.7613,61.0,60.2333,-1.2387,-0.4721,26.45138
4906.75,26.457,0.0,29.3,59.7613,61.0,60.2334,-1.2387,-0.4721,26.45131
4907.774,26.457,0.0,29.3,59.7613,61.0,60.2334,-1.2387,-0.4721,26.45326
4908.802,26.457,0.0,29.3,59.7613,61.0,60.2334,-1.2387,-0.4721,26.45325
4909.734,26.457,0.0,29.3,59.7613,61.0,60.2334,-1.2387,-0.4721,26.45359
4910.746,26.457,0.0,29.3,59.7613,61.0,60.2334,-1.2387,-0.4721,26.45331
4911.768,26.455,0.0,29.3,59.7613,61.0,60.2334,-1.2387,-0.4721,26.45327
4912.796,26.455,0.0,29.3,59.7613,61.0,60.2334,-1.2387,-0.4721,26.4513
4913.74,26.457,0.0,29.3,59.7613,61.0,60.2334,-1.2387,-0.4722,26.4516
4914.742,26.452,0.0,29.3,59.7613,61.0,60.2334,-1.2387,-0.4722,26.45334
4915.868,26.457,0.0,29.3,59.7613,61.0,60.2335,-1.2387,-0.4722,26.44803
4916.784,26.457,0.0,29.3,59.7613,61.0,60.2335,-1.2387,-0.4723,26.45365
4917.809,26.455,0.0,29.3,59.7613,61.0,60.2335,-1.2387,-0.4723,26.45326
4918.75,26.454,0.0,29.4,59.7613,61.0,60.2335,-1.2387,-0.4723,26.45161
4919.756,26.455,0.0,29.3,59.7613,61.0,60.2336,-1.2387,-0.4723,26.4504
4920.779,26.455,0.0,29.3,59.7613,61.0,60.2336,-1.2387,-0.4723,26.45131
4921.805,26.454,0.0,29.3,59.7613,61.0,60.2336,-1.2387,-0.4723,26.4513
4922.754,26.454,0.0,29.3,59.7613,61.0,60.2336,-1.2387,-0.4723,26.4506
4923.76,26.455,0.0,29.3,59.7613,61.0,60.2336,-1.2387,-0.4723,26.4504
4924.772,26.452,0.0,29.3,59.7613,61.0,60.2336,-1.2387,-0.4723,26.45135
4925.8,26.455,0.0,29.3,59.7613,61.0,60.2336,-1.2387,-0.4724,26.44837
4926.82,26.454,0.0,29.4,59.7613,61.0,60.2337,-1.2387,-0.4724,26.45132
4927.853,26.454,0.0,29.3,59.7613,61.0,60.2337,-1.2387,-0.4724,26.4503
4928.773,26.454,0.0,29.3,59.7613,61.0,60.2337,-1.2387,-0.4724,26.4507
4929.789,26.454,0.0,29.4,59.7613,61.0,60.2337,-1.2387,-0.4724,26.45036
4930.818,26.452,0.0,29.3,59.7613,61.0,60.2337,-1.2387,-0.4724,26.45032
4931.84,26.454,0.0,29.3,59.7613,61.0,60.2337,-1.2387,-0.4725,26.44839
4932.768,26.452,0.0,29.4,59.7613,61.0,60.2337,-1.2387,-0.4725,26.45067
4933.789,26.454,0.0,29.3,59.7613,61.0,60.2338,-1.2387,-0.4725,26.4484
4934.813,26.452,0.0,29.3,59.7613,61.0,60.2338,-1.2387,-0.4725,26.45033
4935.833,26.452,0.0,29.3,59.7613,61.0,60.2338,-1.2387,-0.4725,26.4484
4936.856,26.452,0.0,29.3,59.7613,61.0,60.2338,-1.2387,-0.4725,26.44839
4937.786,26.452,0.0,29.3,59.7613,61.0,60.2338,-1.2387,-0.4725,26.44871
4938.806,26.454,0.0,29.3,59.7613,61.0,60.2338,-1.2387,-0.4726,26.4484
4939.827,26.451,0.0,29.3,59.7613,61.0,60.2338,-1.2387,-0.4726,26.45034
4940.856,26.454,0.0,29.3,59.7613,61.0,60.2339,-1.2387,-0.4726,26.44739
4941.793,26.454,0.0,29.3,59.7613,61.0,60.2339,-1.2387,-0.4726,26.45064
4942.798,26.454,0.0,29.3,59.7613,61.0,60.2339,-1.2387,-0.4726,26.4504
4943.825,26.452,0.0,29.3,59.7613,61.0,60.2339,-1.2387,-0.4726,26.45032
4944.844,26.452,0.0,29.3,59.7613,61.0,60.2339,-1.2387,-0.4726,26.4484
4945.868,26.451,0.0,29.3,59.7613,61.0,60.2339,-1.2387,-0.4726,26.44838
4946.804,26.452,0.0,29.3,59.7613,61.0,60.2339,-1.2387,-0.4727,26.44771
4947.92,26.451,0.0,29.3,59.7613,61.0,60.2339,-1.2387,-0.4727,26.44806
4948.844,26.451,0.0,29.3,59.7613,61.0,60.2339,-1.2387,-0.4727,26.44775
4949.862,26.451,0.0,29.3,59.7613,61.0,60.234,-1.2387,-0.4727,26.44743
4950.809,26.452,0.0,29.3,59.7613,61.0,60.234,-1.2387,-0.4727,26.44767
4951.818,26.448,0.0,29.3,59.7613,61.0,60.234,-1.2387,-0.4727,26.44843
4952.832,26.451,0.0,29.3,59.7613,61.0,60.234,-1.2387,-0.4727,26.44452
4953.86,26.451,0.0,29.3,59.7613,61.0,60.234,-1.2387,-0.4728,26.44739
4954.879,26.451,0.0,29.3,59.7613,61.0,60.234,-1.2387,-0.4728,26.44742
4955.818,26.451,0.0,29.3,59.7613,61.0,60.2341,-1.2387,-0.4728,26.4477
4956.825,26.451,0.0,29.3,59.7613,61.0,60.2341,-1.2387,-0.4728,26.44747
4957.852,26.448,0.0,29.3,59.7613,61.0,60.2341,-1.2387,-0.4728,26.4474
4958.875,26.452,0.0,29.3,59.7613,61.0,60.2341,-1.2387,-0.4728,26.44449
4959.899,26.451,0.0,29.3,59.7613,61.0,60.2341,-1.2387,-0.4729,26.44838
4960.831,26.451,0.0,29.3,59.7613,61.0,60.2341,-1.2387,-0.4729,26.44773
4961.841,26.449,0.0,29.3,59.7613,61.0,60.2341,-1.2387,-0.4729,26.44746
4962.867,26.452,0.0,29.3,59.7613,61.0,60.2342,-1.2387,-0.4729,26.44545
4963.889,26.452,0.0,29.3,59.7613,61.0,60.2342,-1.2387,-0.4729,26.44839
4964.835,26.449,0.0,29.3,59.7613,61.0,60.2342,-1.2387,-0.4729,26.44866
4965.844,26.452,0.0,29.3,59.7613,61.0,60.2342,-1.2387,-0.473,26.44551
4966.965,26.451,0.0,29.3,59.7613,61.0,60.2342,-1.2387,-0.473,26.44804
4967.884,26.451,0.0,29.3,59.7613,61.0,60.2342,-1.2387,-0.473,26.44777
4968.907,26.449,0.0,29.3,59.7613,61.0,60.2343,-1.2387,-0.473,26.44741
4969.849,26.451,0.0,29.3,59.7613,61.0,60.2343,-1.2387,-0.473,26.44574
4970.857,26.449,0.0,29.3,59.7613,61.0,60.2343,-1.2387,-0.473,26.44746
4971.878,26.451,0.0,29.3,59.7613,61.0,60.2343,-1.2387,-0.473,26.44547
4972.912,26.451,0.0,29.3,59.7613,61.0,60.2343,-1.2387,-0.4731,26.44737
4973.929,26.451,0.0,29.3,59.7613,61.0,60.2343,-1.2387,-0.4731,26.44743
4974.864,26.451,0.0,29.3,59.7613,61.0,60.2343,-1.2387,-0.4731,26.44772
4975.902,26.449,0.0,29.3,59.7613,61.0,60.2343,-1.2387,-0.4731,26.44736
4976.895,26.448,0.0,29.3,59.7613,61.0,60.2344,-1.2387,-0.4731,26.44556
4977.916,26.448,0.0,29.3,59.7613,61.0,60.2344,-1.2387,-0.4731,26.44449
4978.949,26.449,0.0,29.3,59.7613,61.0,60.2344,-1.2387,-0.4731,26.44445
4979.972,26.449,0.0,29.3,59.7613,61.0,60.2344,-1.2387,-0.4731,26.44546
4980.892,26.449,0.0,29.3,59.7613,61.0,60.2344,-1.2387,-0.4731,26.44581
4981.916,26.448,0.0,29.3,59.7613,61.0,60.2344,-1.2387,-0.4731,26.44546
4982.939,26.448,0.0,29.3,59.7613,61.0,60.2344,-1.2387,-0.4732,26.44448
