-----------EB Tester Software-----------,,,
*Step,Mode,Capacity,Energy
*1-1,D-CC,0.118,0.309
*1-2,Wait,0,0
*1-3,C-CV,20.87,69.97
*1-4,Wait,0,0
*1-5,D-CC,20.8,66.82
Title:EB Tester Software,,,
------------www.zketech.com--------------,,,
Time(S),Cur(A),Vol(V),
0,4.4,3.553,
2,4.4,3.536,
4,4.4,3.522,
6,4.4,3.507,
8,4.4,3.493,
10,4.4,3.486,
12,4.4,3.479,
14,4.4,3.471,
16,4.4,3.464,
18,4.4,3.461,
20,4.4,3.457,
22,4.4,3.45,
24,4.4,3.45,
26,4.4,3.442,
28,4.4,3.441,
30,4.4,3.436,
32,4.4,3.435,
34,4.4,3.434,
36,4.4,3.428,
38,4.4,3.428,
40,4.4,3.427,
42,4.4,3.42,
44,4.4,3.42,
46,4.4,3.42,
48,4.4,3.414,
50,4.4,3.413,
52,4.4,3.412,
54,4.4,3.41,
56,4.4,3.406,
58,4.4,3.406,
60,4.4,3.405,
62,4.4,3.403,
64,4.4,3.399,
66,4.4,3.399,
68,4.4,3.398,
70,4.4,3.397,
72,4.4,3.391,
74,4.4,3.391,
76,4.4,3.391,
78,4.4,3.39,
80,4.4,3.388,
82,4.4,3.384,
84,4.4,3.384,
86,4.4,3.383,
88,4.4,3.381,
90,4.4,3.377,
92,4.4,3.377,
94,4.4,3.377,
96,4.4,3.377,
98,4.4,3.376,
100,4.4,3.374,
102,4.4,3.369,
104,4.4,3.369,
106,4.4,3.369,
108,4.4,3.369,
110,4.4,3.369,
112,4.4,3.365,
114,4.4,3.362,
116,4.4,3.362,
118,4.4,3.362,
120,4.4,3.362,
122,4.4,3.361,
124,4.4,3.359,
126,4.4,3.355,
128,4.4,3.355,
130,4.4,3.355,
132,4.4,3.355,
134,4.4,3.354,
136,4.4,3.354,
138,4.4,3.349,
140,4.4,3.348,
142,4.4,3.348,
144,4.4,3.348,
146,4.4,3.348,
148,4.4,3.347,
150,4.4,3.347,
152,4.4,3.345,
154,4.4,3.341,
156,4.4,3.34,
158,4.4,3.34,
160,4.4,3.34,
162,4.4,3.339,
164,4.4,3.339,
166,4.4,3.339,
168,4.4,3.336,
170,4.4,3.333,
172,4.4,3.333,
174,4.4,3.333,
176,4.4,3.333,
178,4.4,3.333,
180,4.4,3.332,
182,4.4,3.332,
184,4.4,3.331,
186,4.4,3.328,
188,4.4,3.326,
190,4.4,3.326,
192,4.4,3.326,
194,4.4,3.326,
196,4.4,3.326,
198,4.4,3.326,
200,4.4,3.325,
202,4.4,3.325,
204,4.4,3.321,
206,4.4,3.319,
208,4.4,3.318,
210,4.4,3.318,
212,4.4,3.318,
214,4.4,3.318,
216,4.4,3.318,
218,4.4,3.318,
220,4.4,3.317,
222,4.4,3.317,
224,4.4,3.317,
226,4.4,3.317,
228,4.4,3.315,
230,4.4,3.313,
232,4.4,3.311,
234,4.4,3.311,
236,4.4,3.311,
238,4.4,3.311,
240,4.4,3.311,
242,4.4,3.311,
244,4.4,3.311,
246,4.4,3.311,
248,4.4,3.31,
250,4.4,3.31,
252,4.4,3.31,
254,4.4,3.309,
256,4.4,3.307,
258,4.4,3.306,
260,4.4,3.304,
262,4.4,3.304,
264,4.4,3.304,
266,4.4,3.304,
268,4.4,3.304,
270,4.4,3.304,
272,4.4,3.304,
274,4.4,3.304,
276,4.4,3.304,
278,4.4,3.304,
280,4.4,3.303,
282,4.4,3.303,
284,4.4,3.303,
286,4.4,3.303,
288,4.4,3.303,
290,4.4,3.303,
292,4.4,3.302,
294,4.4,3.301,
296,4.4,3.299,
298,4.4,3.298,
300,4.4,3.297,
302,4.4,3.297,
304,4.4,3.297,
306,4.4,3.297,
308,4.4,3.297,
310,4.4,3.297,
312,4.4,3.297,
314,4.4,3.297,
316,4.4,3.297,
318,4.4,3.297,
320,4.4,3.297,
322,4.4,3.297,
324,4.4,3.297,
326,4.4,3.297,
328,4.4,3.297,
330,4.4,3.297,
332,4.4,3.297,
334,4.4,3.297,
336,4.4,3.297,
338,4.4,3.297,
340,4.4,3.296,
342,4.4,3.297,
344,4.4,3.297,
346,4.4,3.296,
348,4.4,3.296,
350,4.4,3.296,
352,4.4,3.296,
354,4.4,3.296,
356,4.4,3.296,
358,4.4,3.296,
360,4.4,3.296,
362,4.4,3.296,
364,4.4,3.296,
366,4.4,3.296,
368,4.4,3.295,
370,4.4,3.295,
372,4.4,3.295,
374,4.4,3.294,
376,4.4,3.294,
378,4.4,3.294,
380,4.4,3.293,
382,4.4,3.293,
384,4.4,3.293,
386,4.4,3.293,
388,4.4,3.292,
390,4.4,3.291,
392,4.4,3.292,
394,4.4,3.291,
396,4.4,3.291,
398,4.4,3.291,
400,4.4,3.29,
402,4.4,3.29,
404,4.4,3.29,
406,4.4,3.29,
408,4.4,3.29,
410,4.4,3.29,
412,4.4,3.29,
414,4.4,3.29,
416,4.4,3.289,
418,4.4,3.289,
420,4.4,3.289,
422,4.4,3.289,
424,4.4,3.289,
426,4.4,3.289,
428,4.4,3.289,
430,4.4,3.289,
432,4.4,3.289,
434,4.4,3.289,
436,4.4,3.289,
438,4.4,3.289,
440,4.4,3.289,
442,4.4,3.289,
444,4.4,3.289,
446,4.4,3.289,
448,4.4,3.289,
450,4.4,3.289,
452,4.4,3.289,
454,4.4,3.289,
456,4.4,3.289,
458,4.4,3.289,
460,4.4,3.289,
462,4.4,3.289,
464,4.4,3.289,
466,4.4,3.289,
468,4.4,3.289,
470,4.4,3.289,
472,4.4,3.289,
474,4.4,3.289,
476,4.4,3.289,
478,4.4,3.289,
480,4.4,3.289,
482,4.4,3.289,
484,4.4,3.289,
486,4.4,3.289,
488,4.4,3.289,
490,4.4,3.289,
492,4.4,3.289,
494,4.4,3.289,
496,4.4,3.289,
498,4.4,3.289,
500,4.4,3.289,
502,4.4,3.289,
504,4.4,3.289,
506,4.4,3.289,
508,4.4,3.289,
510,4.4,3.289,
512,4.4,3.289,
514,4.4,3.289,
516,4.4,3.289,
518,4.4,3.289,
520,4.4,3.289,
522,4.4,3.289,
524,4.4,3.289,
526,4.4,3.289,
528,4.4,3.289,
530,4.4,3.289,
532,4.4,3.289,
534,4.4,3.289,
536,4.4,3.289,
538,4.4,3.289,
540,4.4,3.289,
542,4.4,3.289,
544,4.4,3.289,
546,4.4,3.289,
548,4.4,3.289,
550,4.4,3.289,
552,4.4,3.289,
554,4.4,3.289,
556,4.4,3.289,
558,4.4,3.289,
560,4.4,3.289,
562,4.4,3.289,
564,4.4,3.289,
566,4.4,3.289,
568,4.4,3.289,
570,4.4,3.289,
572,4.4,3.289,
574,4.4,3.289,
576,4.4,3.289,
578,4.4,3.289,
580,4.4,3.289,
582,4.4,3.289,
584,4.4,3.289,
586,4.4,3.289,
588,4.4,3.289,
590,4.4,3.289,
592,4.4,3.289,
594,4.4,3.289,
596,4.4,3.289,
598,4.4,3.289,
600,4.4,3.289,
602,4.4,3.289,
604,4.4,3.289,
606,4.4,3.289,
608,4.4,3.289,
610,4.4,3.289,
612,4.4,3.289,
614,4.4,3.289,
616,4.4,3.289,
618,4.4,3.289,
620,4.4,3.289,
622,4.4,3.289,
624,4.4,3.289,
626,4.4,3.289,
628,4.4,3.289,
630,4.4,3.289,
632,4.4,3.289,
634,4.4,3.289,
636,4.4,3.289,
638,4.4,3.289,
640,4.4,3.289,
642,4.4,3.289,
644,4.4,3.289,
646,4.4,3.289,
648,4.4,3.289,
650,4.4,3.289,
652,4.4,3.289,
654,4.4,3.289,
656,4.4,3.289,
658,4.4,3.289,
660,4.4,3.289,
662,4.4,3.289,
664,4.4,3.289,
666,4.4,3.289,
668,4.4,3.289,
670,4.4,3.289,
672,4.4,3.289,
674,4.4,3.289,
676,4.4,3.289,
678,4.4,3.289,
680,4.4,3.289,
682,4.4,3.289,
684,4.4,3.289,
686,4.4,3.289,
688,4.4,3.289,
690,4.4,3.289,
692,4.4,3.289,
694,4.4,3.289,
696,4.4,3.289,
698,4.4,3.289,
700,4.4,3.289,
702,4.4,3.289,
704,4.4,3.289,
706,4.4,3.289,
708,4.4,3.289,
710,4.4,3.289,
712,4.4,3.289,
714,4.4,3.289,
716,4.4,3.289,
718,4.4,3.289,
720,4.4,3.289,
722,4.4,3.289,
724,4.4,3.289,
726,4.4,3.289,
728,4.4,3.289,
730,4.4,3.289,
732,4.4,3.289,
734,4.4,3.289,
736,4.4,3.289,
738,4.4,3.289,
740,4.4,3.289,
742,4.4,3.289,
744,4.4,3.289,
746,4.4,3.289,
748,4.4,3.289,
750,4.4,3.289,
752,4.4,3.289,
754,4.4,3.289,
756,4.4,3.289,
758,4.4,3.289,
760,4.4,3.289,
762,4.4,3.289,
764,4.4,3.289,
766,4.4,3.289,
768,4.4,3.289,
770,4.4,3.289,
772,4.4,3.289,
774,4.4,3.289,
776,4.4,3.289,
778,4.4,3.289,
780,4.4,3.289,
782,4.4,3.289,
784,4.4,3.289,
786,4.4,3.289,
788,4.4,3.289,
790,4.4,3.289,
792,4.4,3.289,
794,4.4,3.289,
796,4.4,3.289,
798,4.4,3.289,
800,4.4,3.289,
802,4.4,3.289,
804,4.4,3.289,
806,4.4,3.289,
808,4.4,3.289,
810,4.4,3.289,
812,4.4,3.289,
814,4.4,3.289,
816,4.4,3.289,
818,4.4,3.289,
820,4.4,3.289,
822,4.4,3.289,
824,4.4,3.289,
826,4.4,3.289,
828,4.4,3.289,
830,4.4,3.289,
832,4.4,3.289,
834,4.4,3.289,
836,4.4,3.289,
838,4.4,3.289,
840,4.4,3.289,
842,4.4,3.289,
844,4.4,3.289,
846,4.4,3.289,
848,4.4,3.289,
850,4.4,3.289,
852,4.4,3.289,
854,4.4,3.289,
856,4.4,3.289,
858,4.4,3.289,
860,4.4,3.289,
862,4.4,3.289,
864,4.4,3.289,
866,4.4,3.289,
868,4.4,3.289,
870,4.4,3.289,
872,4.4,3.289,
874,4.4,3.289,
876,4.4,3.289,
878,4.4,3.289,
880,4.4,3.289,
882,4.4,3.289,
884,4.4,3.289,
886,4.4,3.289,
888,4.4,3.289,
890,4.4,3.289,
892,4.4,3.289,
894,4.4,3.289,
896,4.4,3.289,
898,4.4,3.289,
900,4.4,3.289,
902,4.4,3.289,
904,4.4,3.289,
906,4.4,3.289,
908,4.4,3.289,
910,4.4,3.289,
912,4.4,3.289,
914,4.4,3.289,
916,4.4,3.289,
918,4.4,3.289,
920,4.4,3.289,
922,4.4,3.289,
924,4.4,3.289,
926,4.4,3.289,
928,4.4,3.289,
930,4.4,3.289,
932,4.4,3.289,
934,4.4,3.289,
936,4.4,3.289,
938,4.4,3.289,
940,4.4,3.289,
942,4.4,3.289,
944,4.4,3.289,
946,4.4,3.289,
948,4.4,3.289,
950,4.4,3.289,
952,4.4,3.289,
954,4.4,3.289,
956,4.4,3.289,
958,4.4,3.289,
960,4.4,3.289,
962,4.4,3.289,
964,4.4,3.289,
966,4.4,3.289,
968,4.4,3.289,
970,4.4,3.289,
972,4.4,3.289,
974,4.4,3.289,
976,4.4,3.289,
978,4.4,3.289,
980,4.4,3.289,
982,4.4,3.289,
984,4.4,3.289,
986,4.4,3.289,
988,4.4,3.289,
990,4.4,3.289,
992,4.4,3.289,
994,4.4,3.289,
996,4.4,3.289,
998,4.4,3.289,
1000,4.4,3.289,
1002,4.4,3.289,
1004,4.4,3.289,
1006,4.4,3.289,
1008,4.4,3.289,
1010,4.4,3.289,
1012,4.4,3.289,
1014,4.4,3.289,
1016,4.4,3.289,
1018,4.4,3.289,
1020,4.4,3.289,
1022,4.4,3.289,
1024,4.4,3.289,
1026,4.4,3.289,
1028,4.4,3.289,
1030,4.4,3.289,
1032,4.4,3.289,
1034,4.4,3.289,
1036,4.4,3.289,
1038,4.4,3.289,
1040,4.4,3.289,
1042,4.4,3.289,
1044,4.4,3.289,
1046,4.4,3.289,
1048,4.4,3.289,
1050,4.4,3.289,
1052,4.4,3.289,
1054,4.4,3.289,
1056,4.4,3.289,
1058,4.4,3.289,
1060,4.4,3.289,
1062,4.4,3.289,
1064,4.4,3.289,
1066,4.4,3.289,
1068,4.4,3.289,
1070,4.4,3.289,
1072,4.4,3.289,
1074,4.4,3.289,
1076,4.4,3.289,
1078,4.4,3.289,
1080,4.4,3.289,
1082,4.4,3.289,
1084,4.4,3.289,
1086,4.4,3.289,
1088,4.4,3.289,
1090,4.4,3.289,
1092,4.4,3.289,
1094,4.4,3.289,
1096,4.4,3.289,
1098,4.4,3.289,
1100,4.4,3.289,
1102,4.4,3.289,
1104,4.4,3.289,
1106,4.4,3.289,
1108,4.4,3.289,
1110,4.4,3.289,
1112,4.4,3.289,
1114,4.4,3.289,
1116,4.4,3.289,
1118,4.4,3.289,
1120,4.4,3.289,
1122,4.4,3.289,
1124,4.4,3.289,
1126,4.4,3.289,
1128,4.4,3.289,
1130,4.4,3.289,
1132,4.4,3.289,
1134,4.4,3.289,
1136,4.4,3.289,
1138,4.4,3.289,
1140,4.4,3.289,
1142,4.4,3.289,
1144,4.4,3.288,
1146,4.4,3.289,
1148,4.4,3.289,
1150,4.4,3.289,
1152,4.4,3.289,
1154,4.4,3.289,
1156,4.4,3.289,
1158,4.4,3.289,
1160,4.4,3.289,
1162,4.4,3.289,
1164,4.4,3.289,
1166,4.4,3.289,
1168,4.4,3.288,
1170,4.4,3.289,
1172,4.4,3.289,
1174,4.4,3.289,
1176,4.4,3.289,
1178,4.4,3.289,
1180,4.4,3.289,
1182,4.4,3.288,
1184,4.4,3.289,
1186,4.4,3.288,
1188,4.4,3.288,
1190,4.4,3.289,
1192,4.4,3.288,
1194,4.4,3.289,
1196,4.4,3.289,
1198,4.4,3.288,
1200,4.4,3.289,
1202,4.4,3.288,
1204,4.4,3.288,
1206,4.4,3.288,
1208,4.4,3.289,
1210,4.4,3.289,
1212,4.4,3.288,
1214,4.4,3.288,
1216,4.4,3.288,
1218,4.4,3.289,
1220,4.4,3.288,
1222,4.4,3.288,
1224,4.4,3.289,
1226,4.4,3.288,
1228,4.4,3.288,
1230,4.4,3.288,
1232,4.4,3.288,
1234,4.4,3.288,
1236,4.4,3.288,
1238,4.4,3.288,
1240,4.4,3.288,
1242,4.4,3.289,
1244,4.4,3.288,
1246,4.4,3.288,
1248,4.4,3.288,
1250,4.4,3.288,
1252,4.4,3.288,
1254,4.4,3.288,
1256,4.4,3.288,
1258,4.4,3.288,
1260,4.4,3.288,
1262,4.4,3.288,
1264,4.4,3.288,
1266,4.4,3.288,
1268,4.4,3.288,
1270,4.4,3.288,
1272,4.4,3.288,
1274,4.4,3.288,
1276,4.4,3.288,
1278,4.4,3.288,
1280,4.4,3.288,
1282,4.4,3.288,
1284,4.4,3.288,
1286,4.4,3.288,
1288,4.4,3.288,
1290,4.4,3.288,
1292,4.4,3.288,
1294,4.4,3.288,
1296,4.4,3.288,
1298,4.4,3.288,
1300,4.4,3.288,
1302,4.4,3.288,
1304,4.4,3.288,
1306,4.4,3.288,
1308,4.4,3.288,
1310,4.4,3.288,
1312,4.4,3.288,
1314,4.4,3.288,
1316,4.4,3.288,
1318,4.4,3.288,
1320,4.4,3.288,
1322,4.4,3.288,
1324,4.4,3.288,
1326,4.4,3.288,
1328,4.4,3.288,
1330,4.4,3.288,
1332,4.4,3.288,
1334,4.4,3.288,
1336,4.4,3.288,
1338,4.4,3.288,
1340,4.4,3.288,
1342,4.4,3.288,
1344,4.4,3.288,
1346,4.4,3.288,
1348,4.4,3.288,
1350,4.4,3.288,
1352,4.4,3.288,
1354,4.4,3.288,
1356,4.4,3.288,
1358,4.4,3.288,
1360,4.4,3.288,
1362,4.4,3.288,
1364,4.4,3.288,
1366,4.4,3.288,
1368,4.4,3.288,
1370,4.4,3.288,
1372,4.4,3.288,
1374,4.4,3.288,
1376,4.4,3.288,
1378,4.4,3.288,
1380,4.4,3.288,
1382,4.4,3.288,
1384,4.4,3.288,
1386,4.4,3.288,
1388,4.4,3.288,
1390,4.4,3.288,
1392,4.4,3.288,
1394,4.4,3.288,
1396,4.4,3.288,
1398,4.4,3.288,
1400,4.4,3.288,
1402,4.4,3.288,
1404,4.4,3.288,
1406,4.4,3.288,
1408,4.4,3.288,
1410,4.4,3.288,
1412,4.4,3.288,
1414,4.4,3.288,
1416,4.4,3.288,
1418,4.4,3.288,
1420,4.4,3.288,
1422,4.4,3.288,
1424,4.4,3.288,
1426,4.4,3.287,
1428,4.4,3.288,
1430,4.4,3.288,
1432,4.4,3.287,
1434,4.4,3.287,
1436,4.4,3.287,
1438,4.4,3.287,
1440,4.4,3.287,
1442,4.4,3.287,
1444,4.4,3.287,
1446,4.4,3.287,
1448,4.4,3.287,
1450,4.4,3.287,
1452,4.4,3.287,
1454,4.4,3.287,
1456,4.4,3.286,
1458,4.4,3.287,
1460,4.4,3.287,
1462,4.4,3.287,
1464,4.4,3.286,
1466,4.4,3.286,
1468,4.4,3.286,
1470,4.4,3.286,
1472,4.4,3.286,
1474,4.4,3.286,
1476,4.4,3.286,
1478,4.4,3.286,
1480,4.4,3.286,
1482,4.4,3.286,
1484,4.4,3.286,
1486,4.4,3.286,
1488,4.4,3.286,
1490,4.4,3.286,
1492,4.4,3.286,
1494,4.4,3.286,
1496,4.4,3.286,
1498,4.4,3.286,
1500,4.4,3.286,
1502,4.4,3.286,
1504,4.4,3.286,
1506,4.4,3.285,
1508,4.4,3.285,
1510,4.4,3.285,
1512,4.4,3.285,
1514,4.4,3.285,
1516,4.4,3.285,
1518,4.4,3.285,
1520,4.4,3.285,
1522,4.4,3.285,
1524,4.4,3.285,
1526,4.4,3.285,
1528,4.4,3.284,
1530,4.4,3.284,
1532,4.4,3.284,
1534,4.4,3.284,
1536,4.4,3.284,
1538,4.4,3.284,
1540,4.4,3.284,
1542,4.4,3.284,
1544,4.4,3.284,
1546,4.4,3.284,
1548,4.4,3.284,
1550,4.4,3.284,
1552,4.4,3.283,
1554,4.4,3.283,
1556,4.4,3.283,
1558,4.4,3.283,
1560,4.4,3.283,
1562,4.4,3.283,
1564,4.4,3.283,
1566,4.4,3.283,
1568,4.4,3.283,
1570,4.4,3.283,
1572,4.4,3.283,
1574,4.4,3.283,
1576,4.4,3.283,
1578,4.4,3.283,
1580,4.4,3.283,
1582,4.4,3.282,
1584,4.4,3.283,
1586,4.4,3.282,
1588,4.4,3.282,
1590,4.4,3.282,
1592,4.4,3.282,
1594,4.4,3.282,
1596,4.4,3.282,
1598,4.4,3.282,
1600,4.4,3.282,
1602,4.4,3.282,
1604,4.4,3.282,
1606,4.4,3.282,
1608,4.4,3.282,
1610,4.4,3.282,
1612,4.4,3.282,
1614,4.4,3.282,
1616,4.4,3.282,
1618,4.4,3.282,
1620,4.4,3.282,
1622,4.4,3.282,
1624,4.4,3.282,
1626,4.4,3.282,
1628,4.4,3.282,
1630,4.4,3.282,
1632,4.4,3.282,
1634,4.4,3.282,
1636,4.4,3.282,
1638,4.4,3.282,
1640,4.4,3.282,
1642,4.4,3.282,
1644,4.4,3.282,
1646,4.4,3.282,
1648,4.4,3.282,
1650,4.4,3.282,
1652,4.4,3.282,
1654,4.4,3.282,
1656,4.4,3.282,
1658,4.4,3.282,
1660,4.4,3.282,
1662,4.4,3.282,
1664,4.4,3.282,
1666,4.4,3.282,
1668,4.4,3.282,
1670,4.4,3.282,
1672,4.4,3.282,
1674,4.4,3.282,
1676,4.4,3.282,
1678,4.4,3.282,
1680,4.4,3.282,
1682,4.4,3.282,
1684,4.4,3.282,
1686,4.4,3.282,
1688,4.4,3.282,
1690,4.4,3.282,
1692,4.4,3.282,
1694,4.4,3.282,
1696,4.4,3.282,
1698,4.4,3.282,
1700,4.4,3.282,
1702,4.4,3.282,
1704,4.4,3.282,
1706,4.4,3.282,
1708,4.4,3.282,
1710,4.4,3.282,
1712,4.4,3.282,
1714,4.4,3.282,
1716,4.4,3.282,
1718,4.4,3.282,
1720,4.4,3.282,
1722,4.4,3.282,
1724,4.4,3.282,
1726,4.4,3.282,
1728,4.4,3.282,
1730,4.4,3.282,
1732,4.4,3.282,
1734,4.4,3.282,
1736,4.4,3.282,
1738,4.4,3.282,
1740,4.4,3.282,
1742,4.4,3.282,
1744,4.4,3.282,
1746,4.4,3.282,
1748,4.4,3.282,
1750,4.4,3.282,
1752,4.4,3.282,
1754,4.4,3.282,
1756,4.4,3.282,
1758,4.4,3.282,
1760,4.4,3.282,
1762,4.4,3.282,
1764,4.4,3.282,
1766,4.4,3.282,
1768,4.4,3.282,
1770,4.4,3.282,
1772,4.4,3.282,
1774,4.4,3.282,
1776,4.4,3.282,
1778,4.4,3.282,
1780,4.4,3.282,
1782,4.4,3.282,
1784,4.4,3.282,
1786,4.4,3.282,
1788,4.4,3.282,
1790,4.4,3.282,
1792,4.4,3.282,
1794,4.4,3.282,
1796,4.4,3.282,
1798,4.4,3.282,
1800,4.4,3.282,
1802,4.4,3.282,
1804,4.4,3.282,
1806,4.4,3.282,
1808,4.4,3.282,
1810,4.4,3.282,
1812,4.4,3.282,
1814,4.4,3.282,
1816,4.4,3.282,
1818,4.4,3.282,
1820,4.4,3.282,
1822,4.4,3.282,
1824,4.4,3.282,
1826,4.4,3.282,
1828,4.4,3.282,
1830,4.4,3.282,
1832,4.4,3.282,
1834,4.4,3.281,
1836,4.4,3.282,
1838,4.4,3.282,
1840,4.4,3.282,
1842,4.4,3.282,
1844,4.4,3.282,
1846,4.4,3.282,
1848,4.4,3.282,
1850,4.4,3.282,
1852,4.4,3.282,
1854,4.4,3.282,
1856,4.4,3.282,
1858,4.4,3.281,
1860,4.4,3.281,
1862,4.4,3.282,
1864,4.4,3.281,
1866,4.4,3.282,
1868,4.4,3.281,
1870,4.4,3.281,
1872,4.4,3.282,
1874,4.4,3.281,
1876,4.4,3.281,
1878,4.4,3.281,
1880,4.4,3.282,
1882,4.4,3.281,
1884,4.4,3.281,
1886,4.4,3.281,
1888,4.4,3.281,
1890,4.4,3.282,
1892,4.4,3.281,
1894,4.4,3.282,
1896,4.4,3.281,
1898,4.4,3.281,
1900,4.4,3.281,
1902,4.4,3.281,
1904,4.4,3.281,
1906,4.4,3.281,
1908,4.4,3.281,
1910,4.4,3.281,
1912,4.4,3.281,
1914,4.4,3.281,
1916,4.4,3.281,
1918,4.4,3.281,
1920,4.4,3.281,
1922,4.4,3.281,
1924,4.4,3.281,
1926,4.4,3.281,
1928,4.4,3.281,
1930,4.4,3.281,
1932,4.4,3.281,
1934,4.4,3.281,
1936,4.4,3.281,
1938,4.4,3.281,
1940,4.4,3.281,
1942,4.4,3.281,
1944,4.4,3.281,
1946,4.4,3.281,
1948,4.4,3.281,
1950,4.4,3.281,
1952,4.4,3.281,
1954,4.4,3.281,
1956,4.4,3.281,
1958,4.4,3.281,
1960,4.4,3.281,
1962,4.4,3.281,
1964,4.4,3.281,
1966,4.4,3.281,
1968,4.4,3.281,
1970,4.4,3.281,
1972,4.4,3.281,
1974,4.4,3.281,
1976,4.4,3.281,
1978,4.4,3.281,
1980,4.4,3.281,
1982,4.4,3.281,
1984,4.4,3.281,
1986,4.4,3.281,
1988,4.4,3.281,
1990,4.4,3.281,
1992,4.4,3.281,
1994,4.4,3.28,
1996,4.4,3.28,
1998,4.4,3.28,
2000,4.4,3.28,
2002,4.4,3.28,
2004,4.4,3.28,
2006,4.4,3.28,
2008,4.4,3.28,
2010,4.4,3.279,
2012,4.4,3.279,
2014,4.4,3.279,
2016,4.4,3.279,
2018,4.4,3.279,
2020,4.4,3.279,
2022,4.4,3.279,
2024,4.4,3.278,
2026,4.4,3.278,
2028,4.4,3.278,
2030,4.4,3.278,
2032,4.4,3.278,
2034,4.4,3.278,
2036,4.4,3.277,
2038,4.4,3.277,
2040,4.4,3.277,
2042,4.4,3.277,
2044,4.4,3.277,
2046,4.4,3.277,
2048,4.4,3.277,
2050,4.4,3.276,
2052,4.4,3.277,
2054,4.4,3.276,
2056,4.4,3.276,
2058,4.4,3.276,
2060,4.4,3.276,
2062,4.4,3.276,
2064,4.4,3.276,
2066,4.4,3.276,
2068,4.4,3.276,
2070,4.4,3.276,
2072,4.4,3.276,
2074,4.4,3.276,
2076,4.4,3.276,
2078,4.4,3.276,
2080,4.4,3.276,
2082,4.4,3.276,
2084,4.4,3.276,
2086,4.4,3.276,
2088,4.4,3.275,
2090,4.4,3.275,
2092,4.4,3.275,
2094,4.4,3.275,
2096,4.4,3.275,
2098,4.4,3.275,
2100,4.4,3.275,
2102,4.4,3.275,
2104,4.4,3.275,
2106,4.4,3.275,
2108,4.4,3.275,
2110,4.4,3.275,
2112,4.4,3.275,
2114,4.4,3.275,
2116,4.4,3.275,
2118,4.4,3.275,
2120,4.4,3.275,
2122,4.4,3.275,
2124,4.4,3.275,
2126,4.4,3.275,
2128,4.4,3.275,
2130,4.4,3.275,
2132,4.4,3.275,
2134,4.4,3.275,
2136,4.4,3.275,
2138,4.4,3.275,
2140,4.4,3.275,
2142,4.4,3.275,
2144,4.4,3.275,
2146,4.4,3.275,
2148,4.4,3.275,
2150,4.4,3.275,
2152,4.4,3.275,
2154,4.4,3.275,
2156,4.4,3.275,
2158,4.4,3.275,
2160,4.4,3.275,
2162,4.4,3.275,
2164,4.4,3.275,
2166,4.4,3.275,
2168,4.4,3.275,
2170,4.4,3.275,
2172,4.4,3.275,
2174,4.4,3.275,
2176,4.4,3.275,
2178,4.4,3.275,
2180,4.4,3.275,
2182,4.4,3.275,
2184,4.4,3.275,
2186,4.4,3.275,
2188,4.4,3.275,
2190,4.4,3.275,
2192,4.4,3.275,
2194,4.4,3.275,
2196,4.4,3.275,
2198,4.4,3.275,
2200,4.4,3.275,
2202,4.4,3.275,
2204,4.4,3.275,
2206,4.4,3.275,
2208,4.4,3.275,
2210,4.4,3.275,
2212,4.4,3.275,
2214,4.4,3.275,
2216,4.4,3.275,
2218,4.4,3.275,
2220,4.4,3.275,
2222,4.4,3.275,
2224,4.4,3.275,
2226,4.4,3.275,
2228,4.4,3.275,
2230,4.4,3.275,
2232,4.4,3.275,
2234,4.4,3.275,
2236,4.4,3.275,
2238,4.4,3.275,
2240,4.4,3.275,
2242,4.4,3.275,
2244,4.4,3.275,
2246,4.4,3.275,
2248,4.4,3.275,
2250,4.4,3.275,
2252,4.4,3.275,
2254,4.4,3.275,
2256,4.4,3.275,
2258,4.4,3.275,
2260,4.4,3.275,
2262,4.4,3.275,
2264,4.4,3.275,
2266,4.4,3.275,
2268,4.4,3.275,
2270,4.4,3.275,
2272,4.4,3.275,
2274,4.4,3.275,
2276,4.4,3.275,
2278,4.4,3.275,
2280,4.4,3.275,
2282,4.4,3.275,
2284,4.4,3.275,
2286,4.4,3.275,
2288,4.4,3.275,
2290,4.4,3.275,
2292,4.4,3.275,
2294,4.4,3.275,
2296,4.4,3.275,
2298,4.4,3.275,
2300,4.4,3.275,
2302,4.4,3.275,
2304,4.4,3.275,
2306,4.4,3.275,
2308,4.4,3.275,
2310,4.4,3.275,
2312,4.4,3.275,
2314,4.4,3.275,
2316,4.4,3.275,
2318,4.4,3.275,
2320,4.4,3.275,
2322,4.4,3.275,
2324,4.4,3.275,
2326,4.4,3.275,
2328,4.4,3.275,
2330,4.4,3.274,
2332,4.4,3.275,
2334,4.4,3.274,
2336,4.4,3.275,
2338,4.4,3.275,
2340,4.4,3.275,
2342,4.4,3.274,
2344,4.4,3.275,
2346,4.4,3.274,
2348,4.4,3.275,
2350,4.4,3.274,
2352,4.4,3.275,
2354,4.4,3.274,
2356,4.4,3.275,
2358,4.4,3.274,
2360,4.4,3.274,
2362,4.4,3.275,
2364,4.4,3.274,
2366,4.4,3.274,
2368,4.4,3.275,
2370,4.4,3.274,
2372,4.4,3.274,
2374,4.4,3.274,
2376,4.4,3.274,
2378,4.4,3.274,
2380,4.4,3.274,
2382,4.4,3.274,
2384,4.4,3.274,
2386,4.4,3.274,
2388,4.4,3.274,
2390,4.4,3.274,
2392,4.4,3.274,
2394,4.4,3.274,
2396,4.4,3.274,
2398,4.4,3.274,
2400,4.4,3.274,
2402,4.4,3.274,
2404,4.4,3.274,
2406,4.4,3.274,
2408,4.4,3.274,
2410,4.4,3.274,
2412,4.4,3.274,
2414,4.4,3.274,
2416,4.4,3.274,
2418,4.4,3.274,
2420,4.4,3.274,
2422,4.4,3.274,
2424,4.4,3.274,
2426,4.4,3.274,
2428,4.4,3.274,
2430,4.4,3.274,
2432,4.4,3.274,
2434,4.4,3.274,
2436,4.4,3.274,
2438,4.4,3.274,
2440,4.4,3.274,
2442,4.4,3.274,
2444,4.4,3.274,
2446,4.4,3.274,
2448,4.4,3.274,
2450,4.4,3.274,
2452,4.4,3.274,
2454,4.4,3.274,
2456,4.4,3.274,
2458,4.4,3.274,
2460,4.4,3.274,
2462,4.4,3.274,
2464,4.4,3.274,
2466,4.4,3.274,
2468,4.4,3.274,
2470,4.4,3.274,
2472,4.4,3.274,
2474,4.4,3.274,
2476,4.4,3.274,
2478,4.4,3.274,
2480,4.4,3.274,
2482,4.4,3.274,
2484,4.4,3.274,
2486,4.4,3.274,
2488,4.4,3.274,
2490,4.4,3.274,
2492,4.4,3.273,
2494,4.4,3.273,
2496,4.4,3.273,
2498,4.4,3.273,
2500,4.4,3.273,
2502,4.4,3.273,
2504,4.4,3.273,
2506,4.4,3.273,
2508,4.4,3.273,
2510,4.4,3.273,
2512,4.4,3.273,
2514,4.4,3.273,
2516,4.4,3.272,
2518,4.4,3.273,
2520,4.4,3.272,
2522,4.4,3.272,
2524,4.4,3.272,
2526,4.4,3.272,
2528,4.4,3.272,
2530,4.4,3.272,
2532,4.4,3.271,
2534,4.4,3.271,
2536,4.4,3.271,
2538,4.4,3.271,
2540,4.4,3.271,
2542,4.4,3.271,
2544,4.4,3.271,
2546,4.4,3.271,
2548,4.4,3.271,
2550,4.4,3.27,
2552,4.4,3.271,
2554,4.4,3.27,
2556,4.4,3.27,
2558,4.4,3.27,
2560,4.4,3.27,
2562,4.4,3.27,
2564,4.4,3.27,
2566,4.4,3.27,
2568,4.4,3.269,
2570,4.4,3.269,
2572,4.4,3.269,
2574,4.4,3.269,
2576,4.4,3.269,
2578,4.4,3.269,
2580,4.4,3.269,
2582,4.4,3.269,
2584,4.4,3.269,
2586,4.4,3.269,
2588,4.4,3.269,
2590,4.4,3.268,
2592,4.4,3.268,
2594,4.4,3.268,
2596,4.4,3.268,
2598,4.4,3.268,
2600,4.4,3.268,
2602,4.4,3.268,
2604,4.4,3.268,
2606,4.4,3.268,
2608,4.4,3.268,
2610,4.4,3.268,
2612,4.4,3.268,
2614,4.4,3.268,
2616,4.4,3.267,
2618,4.4,3.268,
2620,4.4,3.268,
2622,4.4,3.268,
2624,4.4,3.268,
2626,4.4,3.267,
2628,4.4,3.268,
2630,4.4,3.267,
2632,4.4,3.267,
2634,4.4,3.267,
2636,4.4,3.267,
2638,4.4,3.267,
2640,4.4,3.267,
2642,4.4,3.267,
2644,4.4,3.267,
2646,4.4,3.267,
2648,4.4,3.267,
2650,4.4,3.267,
2652,4.4,3.267,
2654,4.4,3.267,
2656,4.4,3.267,
2658,4.4,3.267,
2660,4.4,3.267,
2662,4.4,3.267,
2664,4.4,3.267,
2666,4.4,3.267,
2668,4.4,3.267,
2670,4.4,3.267,
2672,4.4,3.267,
2674,4.4,3.267,
2676,4.4,3.267,
2678,4.4,3.267,
2680,4.4,3.267,
2682,4.4,3.267,
2684,4.4,3.267,
2686,4.4,3.267,
2688,4.4,3.267,
2690,4.4,3.267,
2692,4.4,3.267,
2694,4.4,3.267,
2696,4.4,3.267,
2698,4.4,3.267,
2700,4.4,3.267,
2702,4.4,3.267,
2704,4.4,3.267,
2706,4.4,3.267,
2708,4.4,3.267,
2710,4.4,3.267,
2712,4.4,3.267,
2714,4.4,3.267,
2716,4.4,3.267,
2718,4.4,3.267,
2720,4.4,3.267,
2722,4.4,3.267,
2724,4.4,3.267,
2726,4.4,3.267,
2728,4.4,3.267,
2730,4.4,3.267,
2732,4.4,3.267,
2734,4.4,3.267,
2736,4.4,3.267,
2738,4.4,3.267,
2740,4.4,3.267,
2742,4.4,3.267,
2744,4.4,3.267,
2746,4.4,3.267,
2748,4.4,3.267,
2750,4.4,3.267,
2752,4.4,3.267,
2754,4.4,3.267,
2756,4.4,3.267,
2758,4.4,3.267,
2760,4.4,3.267,
2762,4.4,3.267,
2764,4.4,3.267,
2766,4.4,3.267,
2768,4.4,3.267,
2770,4.4,3.267,
2772,4.4,3.267,
2774,4.4,3.267,
2776,4.4,3.267,
2778,4.4,3.267,
2780,4.4,3.267,
2782,4.4,3.267,
2784,4.4,3.267,
2786,4.4,3.267,
2788,4.4,3.267,
2790,4.4,3.266,
2792,4.4,3.267,
2794,4.4,3.267,
2796,4.4,3.267,
2798,4.4,3.267,
2800,4.4,3.267,
2802,4.4,3.267,
2804,4.4,3.267,
2806,4.4,3.267,
2808,4.4,3.267,
2810,4.4,3.267,
2812,4.4,3.267,
2814,4.4,3.267,
2816,4.4,3.267,
2818,4.4,3.267,
2820,4.4,3.267,
2822,4.4,3.267,
2824,4.4,3.267,
2826,4.4,3.267,
2828,4.4,3.267,
2830,4.4,3.267,
2832,4.4,3.267,
2834,4.4,3.267,
2836,4.4,3.267,
2838,4.4,3.267,
2840,4.4,3.267,
2842,4.4,3.267,
2844,4.4,3.267,
2846,4.4,3.267,
2848,4.4,3.267,
2850,4.4,3.267,
2852,4.4,3.267,
2854,4.4,3.266,
2856,4.4,3.267,
2858,4.4,3.266,
2860,4.4,3.267,
2862,4.4,3.266,
2864,4.4,3.267,
2866,4.4,3.267,
2868,4.4,3.267,
2870,4.4,3.266,
2872,4.4,3.266,
2874,4.4,3.267,
2876,4.4,3.267,
2878,4.4,3.267,
2880,4.4,3.267,
2882,4.4,3.267,
2884,4.4,3.266,
2886,4.4,3.267,
2888,4.4,3.266,
2890,4.4,3.267,
2892,4.4,3.267,
2894,4.4,3.267,
2896,4.4,3.267,
2898,4.4,3.266,
2900,4.4,3.266,
2902,4.4,3.267,
2904,4.4,3.267,
2906,4.4,3.267,
2908,4.4,3.267,
2910,4.4,3.267,
2912,4.4,3.266,
2914,4.4,3.267,
2916,4.4,3.267,
2918,4.4,3.267,
2920,4.4,3.267,
2922,4.4,3.267,
2924,4.4,3.267,
2926,4.4,3.266,
2928,4.4,3.266,
2930,4.4,3.267,
2932,4.4,3.266,
2934,4.4,3.266,
2936,4.4,3.267,
2938,4.4,3.267,
2940,4.4,3.266,
2942,4.4,3.266,
2944,4.4,3.267,
2946,4.4,3.267,
2948,4.4,3.266,
2950,4.4,3.266,
2952,4.4,3.266,
2954,4.4,3.267,
2956,4.4,3.267,
2958,4.4,3.266,
2960,4.4,3.266,
2962,4.4,3.266,
2964,4.4,3.266,
2966,4.4,3.266,
2968,4.4,3.266,
2970,4.4,3.266,
2972,4.4,3.266,
2974,4.4,3.266,
2976,4.4,3.266,
2978,4.4,3.266,
2980,4.4,3.266,
2982,4.4,3.266,
2984,4.4,3.266,
2986,4.4,3.266,
2988,4.4,3.266,
2990,4.4,3.266,
2992,4.4,3.266,
2994,4.4,3.266,
2996,4.4,3.266,
2998,4.4,3.266,
3000,4.4,3.266,
3002,4.4,3.266,
3004,4.4,3.266,
3006,4.4,3.266,
3008,4.4,3.266,
3010,4.4,3.266,
3012,4.4,3.266,
3014,4.4,3.266,
3016,4.4,3.266,
3018,4.4,3.266,
3020,4.4,3.266,
3022,4.4,3.266,
3024,4.4,3.266,
3026,4.4,3.266,
3028,4.4,3.266,
3030,4.4,3.266,
3032,4.4,3.266,
3034,4.4,3.266,
3036,4.4,3.266,
3038,4.4,3.266,
3040,4.4,3.266,
3042,4.4,3.266,
3044,4.4,3.266,
3046,4.4,3.266,
3048,4.4,3.266,
3050,4.4,3.266,
3052,4.4,3.266,
3054,4.4,3.266,
3056,4.4,3.266,
3058,4.4,3.266,
3060,4.4,3.266,
3062,4.4,3.266,
3064,4.4,3.266,
3066,4.4,3.266,
3068,4.4,3.266,
3070,4.4,3.266,
3072,4.4,3.266,
3074,4.4,3.266,
3076,4.4,3.266,
3078,4.4,3.266,
3080,4.4,3.266,
3082,4.4,3.266,
3084,4.4,3.266,
3086,4.4,3.266,
3088,4.4,3.266,
3090,4.4,3.266,
3092,4.4,3.266,
3094,4.4,3.266,
3096,4.4,3.266,
3098,4.4,3.266,
3100,4.4,3.266,
3102,4.4,3.266,
3104,4.4,3.266,
3106,4.4,3.266,
3108,4.4,3.266,
3110,4.4,3.266,
3112,4.4,3.266,
3114,4.4,3.266,
3116,4.4,3.266,
3118,4.4,3.266,
3120,4.4,3.266,
3122,4.4,3.266,
3124,4.4,3.266,
3126,4.4,3.266,
3128,4.4,3.266,
3130,4.4,3.266,
3132,4.4,3.266,
3134,4.4,3.266,
3136,4.4,3.266,
3138,4.4,3.266,
3140,4.4,3.266,
3142,4.4,3.266,
3144,4.4,3.266,
3146,4.4,3.266,
3148,4.4,3.266,
3150,4.4,3.266,
3152,4.4,3.266,
3154,4.4,3.266,
3156,4.4,3.266,
3158,4.4,3.266,
3160,4.4,3.266,
3162,4.4,3.266,
3164,4.4,3.266,
3166,4.4,3.265,
3168,4.4,3.266,
3170,4.4,3.266,
3172,4.4,3.265,
3174,4.4,3.265,
3176,4.4,3.265,
3178,4.4,3.265,
3180,4.4,3.265,
3182,4.4,3.265,
3184,4.4,3.265,
3186,4.4,3.265,
3188,4.4,3.265,
3190,4.4,3.265,
3192,4.4,3.265,
3194,4.4,3.265,
3196,4.4,3.265,
3198,4.4,3.264,
3200,4.4,3.265,
3202,4.4,3.265,
3204,4.4,3.264,
3206,4.4,3.264,
3208,4.4,3.264,
3210,4.4,3.264,
3212,4.4,3.264,
3214,4.4,3.264,
3216,4.4,3.264,
3218,4.4,3.264,
3220,4.4,3.264,
3222,4.4,3.264,
3224,4.4,3.264,
3226,4.4,3.264,
3228,4.4,3.264,
3230,4.4,3.264,
3232,4.4,3.264,
3234,4.4,3.264,
3236,4.4,3.264,
3238,4.4,3.264,
3240,4.4,3.263,
3242,4.4,3.263,
3244,4.4,3.263,
3246,4.4,3.263,
3248,4.4,3.263,
3250,4.4,3.263,
3252,4.4,3.263,
3254,4.4,3.263,
3256,4.4,3.263,
3258,4.4,3.263,
3260,4.4,3.263,
3262,4.4,3.263,
3264,4.4,3.263,
3266,4.4,3.263,
3268,4.4,3.263,
3270,4.4,3.263,
3272,4.4,3.263,
3274,4.4,3.263,
3276,4.4,3.262,
3278,4.4,3.262,
3280,4.4,3.262,
3282,4.4,3.262,
3284,4.4,3.262,
3286,4.4,3.262,
3288,4.4,3.262,
3290,4.4,3.262,
3292,4.4,3.262,
3294,4.4,3.262,
3296,4.4,3.262,
3298,4.4,3.262,
3300,4.4,3.262,
3302,4.4,3.262,
3304,4.4,3.262,
3306,4.4,3.262,
3308,4.4,3.262,
3310,4.4,3.262,
3312,4.4,3.262,
3314,4.4,3.262,
3316,4.4,3.261,
3318,4.4,3.262,
3320,4.4,3.262,
3322,4.4,3.262,
3324,4.4,3.261,
3326,4.4,3.261,
3328,4.4,3.262,
3330,4.4,3.261,
3332,4.4,3.261,
3334,4.4,3.261,
3336,4.4,3.261,
3338,4.4,3.261,
3340,4.4,3.261,
3342,4.4,3.261,
3344,4.4,3.261,
3346,4.4,3.261,
3348,4.4,3.261,
3350,4.4,3.261,
3352,4.4,3.261,
3354,4.4,3.261,
3356,4.4,3.261,
3358,4.4,3.261,
3360,4.4,3.261,
3362,4.4,3.261,
3364,4.4,3.261,
3366,4.4,3.261,
3368,4.4,3.261,
3370,4.4,3.261,
3372,4.4,3.261,
3374,4.4,3.261,
3376,4.4,3.261,
3378,4.4,3.261,
3380,4.4,3.261,
3382,4.4,3.261,
3384,4.4,3.26,
3386,4.4,3.261,
3388,4.4,3.26,
3390,4.4,3.261,
3392,4.4,3.26,
3394,4.4,3.26,
3396,4.4,3.26,
3398,4.4,3.26,
3400,4.4,3.26,
3402,4.4,3.26,
3404,4.4,3.26,
3406,4.4,3.26,
3408,4.4,3.26,
3410,4.4,3.26,
3412,4.4,3.26,
3414,4.4,3.26,
3416,4.4,3.26,
3418,4.4,3.26,
3420,4.4,3.26,
3422,4.4,3.26,
3424,4.4,3.26,
3426,4.4,3.26,
3428,4.4,3.26,
3430,4.4,3.26,
3432,4.4,3.26,
3434,4.4,3.26,
3436,4.4,3.26,
3438,4.4,3.26,
3440,4.4,3.26,
3442,4.4,3.26,
3444,4.4,3.26,
3446,4.4,3.26,
3448,4.4,3.26,
3450,4.4,3.26,
3452,4.4,3.26,
3454,4.4,3.26,
3456,4.4,3.26,
3458,4.4,3.26,
3460,4.4,3.26,
3462,4.4,3.26,
3464,4.4,3.26,
3466,4.4,3.26,
3468,4.4,3.26,
3470,4.4,3.26,
3472,4.4,3.26,
3474,4.4,3.26,
3476,4.4,3.26,
3478,4.4,3.26,
3480,4.4,3.26,
3482,4.4,3.26,
3484,4.4,3.26,
3486,4.4,3.26,
3488,4.4,3.26,
3490,4.4,3.26,
3492,4.4,3.26,
3494,4.4,3.26,
3496,4.4,3.26,
3498,4.4,3.26,
3500,4.4,3.26,
3502,4.4,3.26,
3504,4.4,3.26,
3506,4.4,3.26,
3508,4.4,3.26,
3510,4.4,3.26,
3512,4.4,3.26,
3514,4.4,3.26,
3516,4.4,3.26,
3518,4.4,3.26,
3520,4.4,3.26,
3522,4.4,3.26,
3524,4.4,3.26,
3526,4.4,3.26,
3528,4.4,3.26,
3530,4.4,3.26,
3532,4.4,3.26,
3534,4.4,3.26,
3536,4.4,3.26,
3538,4.4,3.26,
3540,4.4,3.26,
3542,4.4,3.26,
3544,4.4,3.26,
3546,4.4,3.26,
3548,4.4,3.26,
3550,4.4,3.26,
3552,4.4,3.26,
3554,4.4,3.26,
3556,4.4,3.26,
3558,4.4,3.26,
3560,4.4,3.26,
3562,4.4,3.26,
3564,4.4,3.26,
3566,4.4,3.26,
3568,4.4,3.26,
3570,4.4,3.26,
3572,4.4,3.26,
3574,4.4,3.26,
3576,4.4,3.26,
3578,4.4,3.26,
3580,4.4,3.26,
3582,4.4,3.26,
3584,4.4,3.26,
3586,4.4,3.26,
3588,4.4,3.26,
3590,4.4,3.26,
3592,4.4,3.26,
3594,4.4,3.26,
3596,4.4,3.26,
3598,4.4,3.26,
3600,4.4,3.26,
3602,4.4,3.26,
3604,4.4,3.26,
3606,4.4,3.26,
3608,4.4,3.26,
3610,4.4,3.26,
3612,4.4,3.26,
3614,4.4,3.26,
3616,4.4,3.26,
3618,4.4,3.26,
3620,4.4,3.26,
3622,4.4,3.26,
3624,4.4,3.26,
3626,4.4,3.26,
3628,4.4,3.26,
3630,4.4,3.26,
3632,4.4,3.26,
3634,4.4,3.26,
3636,4.4,3.26,
3638,4.4,3.26,
3640,4.4,3.26,
3642,4.4,3.26,
3644,4.4,3.26,
3646,4.4,3.26,
3648,4.4,3.26,
3650,4.4,3.26,
3652,4.4,3.26,
3654,4.4,3.26,
3656,4.4,3.26,
3658,4.4,3.26,
3660,4.4,3.26,
3662,4.4,3.26,
3664,4.4,3.26,
3666,4.4,3.26,
3668,4.4,3.26,
3670,4.4,3.26,
3672,4.4,3.26,
3674,4.4,3.26,
3676,4.4,3.26,
3678,4.4,3.26,
3680,4.4,3.26,
3682,4.4,3.26,
3684,4.4,3.26,
3686,4.4,3.26,
3688,4.4,3.26,
3690,4.4,3.26,
3692,4.4,3.26,
3694,4.4,3.26,
3696,4.4,3.26,
3698,4.4,3.26,
3700,4.4,3.26,
3702,4.4,3.26,
3704,4.4,3.26,
3706,4.4,3.26,
3708,4.4,3.26,
3710,4.4,3.26,
3712,4.4,3.26,
3714,4.4,3.26,
3716,4.4,3.26,
3718,4.4,3.26,
3720,4.4,3.26,
3722,4.4,3.26,
3724,4.4,3.26,
3726,4.4,3.26,
3728,4.4,3.26,
3730,4.4,3.26,
3732,4.4,3.26,
3734,4.4,3.26,
3736,4.4,3.26,
3738,4.4,3.26,
3740,4.4,3.26,
3742,4.4,3.26,
3744,4.4,3.26,
3746,4.4,3.26,
3748,4.4,3.26,
3750,4.4,3.26,
3752,4.4,3.26,
3754,4.4,3.26,
3756,4.4,3.26,
3758,4.4,3.26,
3760,4.4,3.26,
3762,4.4,3.26,
3764,4.4,3.26,
3766,4.4,3.26,
3768,4.4,3.26,
3770,4.4,3.26,
3772,4.4,3.26,
3774,4.4,3.26,
3776,4.4,3.26,
3778,4.4,3.26,
3780,4.4,3.26,
3782,4.4,3.26,
3784,4.4,3.26,
3786,4.4,3.26,
3788,4.4,3.26,
3790,4.4,3.26,
3792,4.4,3.26,
3794,4.4,3.26,
3796,4.4,3.26,
3798,4.4,3.26,
3800,4.4,3.26,
3802,4.4,3.26,
3804,4.4,3.26,
3806,4.4,3.26,
3808,4.4,3.26,
3810,4.4,3.26,
3812,4.4,3.26,
3814,4.4,3.26,
3816,4.4,3.26,
3818,4.4,3.26,
3820,4.4,3.26,
3822,4.4,3.26,
3824,4.4,3.26,
3826,4.4,3.26,
3828,4.4,3.26,
3830,4.4,3.26,
3832,4.4,3.26,
3834,4.4,3.26,
3836,4.4,3.26,
3838,4.4,3.26,
3840,4.4,3.26,
3842,4.4,3.26,
3844,4.4,3.26,
3846,4.4,3.26,
3848,4.4,3.26,
3850,4.4,3.26,
3852,4.4,3.26,
3854,4.4,3.26,
3856,4.4,3.26,
3858,4.4,3.26,
3860,4.4,3.26,
3862,4.4,3.26,
3864,4.4,3.26,
3866,4.4,3.26,
3868,4.4,3.26,
3870,4.4,3.26,
3872,4.4,3.26,
3874,4.4,3.26,
3876,4.4,3.26,
3878,4.4,3.26,
3880,4.4,3.26,
3882,4.4,3.26,
3884,4.4,3.26,
3886,4.4,3.26,
3888,4.4,3.26,
3890,4.4,3.26,
3892,4.4,3.26,
3894,4.4,3.26,
3896,4.4,3.26,
3898,4.4,3.26,
3900,4.4,3.26,
3902,4.4,3.26,
3904,4.4,3.26,
3906,4.4,3.26,
3908,4.4,3.26,
3910,4.4,3.26,
3912,4.4,3.26,
3914,4.4,3.26,
3916,4.4,3.26,
3918,4.4,3.26,
3920,4.4,3.26,
3922,4.4,3.26,
3924,4.4,3.26,
3926,4.4,3.26,
3928,4.4,3.26,
3930,4.4,3.26,
3932,4.4,3.26,
3934,4.4,3.26,
3936,4.4,3.26,
3938,4.4,3.26,
3940,4.4,3.26,
3942,4.4,3.26,
3944,4.4,3.26,
3946,4.4,3.26,
3948,4.4,3.26,
3950,4.4,3.26,
3952,4.4,3.26,
3954,4.4,3.26,
3956,4.4,3.26,
3958,4.4,3.26,
3960,4.4,3.26,
3962,4.4,3.26,
3964,4.4,3.26,
3966,4.4,3.26,
3968,4.4,3.26,
3970,4.4,3.26,
3972,4.4,3.26,
3974,4.4,3.26,
3976,4.4,3.26,
3978,4.4,3.26,
3980,4.4,3.26,
3982,4.4,3.26,
3984,4.4,3.26,
3986,4.4,3.26,
3988,4.4,3.26,
3990,4.4,3.26,
3992,4.4,3.26,
3994,4.4,3.26,
3996,4.4,3.26,
3998,4.4,3.26,
4000,4.4,3.26,
4002,4.4,3.26,
4004,4.4,3.26,
4006,4.4,3.26,
4008,4.4,3.26,
4010,4.4,3.26,
4012,4.4,3.26,
4014,4.4,3.26,
4016,4.4,3.26,
4018,4.4,3.26,
4020,4.4,3.26,
4022,4.4,3.26,
4024,4.4,3.26,
4026,4.4,3.26,
4028,4.4,3.26,
4030,4.4,3.26,
4032,4.4,3.26,
4034,4.4,3.26,
4036,4.4,3.26,
4038,4.4,3.26,
4040,4.4,3.26,
4042,4.4,3.26,
4044,4.4,3.26,
4046,4.4,3.26,
4048,4.4,3.26,
4050,4.4,3.26,
4052,4.4,3.26,
4054,4.4,3.26,
4056,4.4,3.26,
4058,4.4,3.26,
4060,4.4,3.26,
4062,4.4,3.26,
4064,4.4,3.26,
4066,4.4,3.26,
4068,4.4,3.26,
4070,4.4,3.26,
4072,4.4,3.26,
4074,4.4,3.26,
4076,4.4,3.26,
4078,4.4,3.26,
4080,4.4,3.26,
4082,4.4,3.26,
4084,4.4,3.26,
4086,4.4,3.26,
4088,4.4,3.26,
4090,4.4,3.26,
4092,4.4,3.26,
4094,4.4,3.26,
4096,4.4,3.26,
4098,4.4,3.26,
4100,4.4,3.26,
4102,4.4,3.26,
4104,4.4,3.26,
4106,4.4,3.26,
4108,4.4,3.26,
4110,4.4,3.26,
4112,4.4,3.26,
4114,4.4,3.26,
4116,4.4,3.26,
4118,4.4,3.26,
4120,4.4,3.26,
4122,4.4,3.26,
4124,4.4,3.26,
4126,4.4,3.26,
4128,4.4,3.26,
4130,4.4,3.26,
4132,4.4,3.26,
4134,4.4,3.26,
4136,4.4,3.26,
4138,4.4,3.26,
4140,4.4,3.26,
4142,4.4,3.26,
4144,4.4,3.26,
4146,4.4,3.26,
4148,4.4,3.26,
4150,4.4,3.26,
4152,4.4,3.26,
4154,4.4,3.26,
4156,4.4,3.26,
4158,4.4,3.26,
4160,4.4,3.26,
4162,4.4,3.26,
4164,4.4,3.26,
4166,4.4,3.26,
4168,4.4,3.26,
4170,4.4,3.26,
4172,4.4,3.26,
4174,4.4,3.26,
4176,4.4,3.26,
4178,4.4,3.26,
4180,4.4,3.26,
4182,4.4,3.26,
4184,4.4,3.26,
4186,4.4,3.26,
4188,4.4,3.26,
4190,4.4,3.26,
4192,4.4,3.26,
4194,4.4,3.26,
4196,4.4,3.26,
4198,4.4,3.26,
4200,4.4,3.26,
4202,4.4,3.26,
4204,4.4,3.26,
4206,4.4,3.26,
4208,4.4,3.26,
4210,4.4,3.26,
4212,4.4,3.26,
4214,4.4,3.26,
4216,4.4,3.26,
4218,4.4,3.26,
4220,4.4,3.26,
4222,4.4,3.26,
4224,4.4,3.26,
4226,4.4,3.26,
4228,4.4,3.26,
4230,4.4,3.26,
4232,4.4,3.26,
4234,4.4,3.26,
4236,4.4,3.26,
4238,4.4,3.26,
4240,4.4,3.26,
4242,4.4,3.26,
4244,4.4,3.26,
4246,4.4,3.26,
4248,4.4,3.26,
4250,4.4,3.26,
4252,4.4,3.26,
4254,4.4,3.26,
4256,4.4,3.26,
4258,4.4,3.26,
4260,4.4,3.26,
4262,4.4,3.26,
4264,4.4,3.26,
4266,4.4,3.26,
4268,4.4,3.26,
4270,4.4,3.26,
4272,4.4,3.26,
4274,4.4,3.26,
4276,4.4,3.26,
4278,4.4,3.26,
4280,4.4,3.26,
4282,4.4,3.26,
4284,4.4,3.26,
4286,4.4,3.26,
4288,4.4,3.26,
4290,4.4,3.26,
4292,4.4,3.26,
4294,4.4,3.26,
4296,4.4,3.26,
4298,4.4,3.26,
4300,4.4,3.26,
4302,4.4,3.26,
4304,4.4,3.26,
4306,4.4,3.26,
4308,4.4,3.26,
4310,4.4,3.26,
4312,4.4,3.26,
4314,4.4,3.26,
4316,4.4,3.26,
4318,4.4,3.26,
4320,4.4,3.26,
4322,4.4,3.26,
4324,4.4,3.26,
4326,4.4,3.26,
4328,4.4,3.26,
4330,4.4,3.26,
4332,4.4,3.26,
4334,4.4,3.26,
4336,4.4,3.26,
4338,4.4,3.26,
4340,4.4,3.26,
4342,4.4,3.26,
4344,4.4,3.26,
4346,4.4,3.26,
4348,4.4,3.26,
4350,4.4,3.26,
4352,4.4,3.26,
4354,4.4,3.26,
4356,4.4,3.26,
4358,4.4,3.26,
4360,4.4,3.26,
4362,4.4,3.26,
4364,4.4,3.26,
4366,4.4,3.26,
4368,4.4,3.26,
4370,4.4,3.26,
4372,4.4,3.26,
4374,4.4,3.26,
4376,4.4,3.26,
4378,4.4,3.26,
4380,4.4,3.26,
4382,4.4,3.26,
4384,4.4,3.26,
4386,4.4,3.26,
4388,4.4,3.26,
4390,4.4,3.26,
4392,4.4,3.26,
4394,4.4,3.26,
4396,4.4,3.26,
4398,4.4,3.26,
4400,4.4,3.26,
4402,4.4,3.26,
4404,4.4,3.26,
4406,4.4,3.26,
4408,4.4,3.26,
4410,4.4,3.26,
4412,4.4,3.26,
4414,4.4,3.26,
4416,4.4,3.26,
4418,4.4,3.26,
4420,4.4,3.26,
4422,4.4,3.26,
4424,4.4,3.26,
4426,4.4,3.26,
4428,4.4,3.26,
4430,4.4,3.26,
4432,4.4,3.26,
4434,4.4,3.26,
4436,4.4,3.26,
4438,4.4,3.26,
4440,4.4,3.26,
4442,4.4,3.26,
4444,4.4,3.26,
4446,4.4,3.26,
4448,4.4,3.26,
4450,4.4,3.26,
4452,4.4,3.26,
4454,4.4,3.26,
4456,4.4,3.26,
4458,4.4,3.26,
4460,4.4,3.26,
4462,4.4,3.26,
4464,4.4,3.26,
4466,4.4,3.26,
4468,4.4,3.26,
4470,4.4,3.26,
4472,4.4,3.26,
4474,4.4,3.26,
4476,4.4,3.26,
4478,4.4,3.26,
4480,4.4,3.26,
4482,4.4,3.26,
4484,4.4,3.26,
4486,4.4,3.26,
4488,4.4,3.26,
4490,4.4,3.26,
4492,4.4,3.26,
4494,4.4,3.26,
4496,4.4,3.26,
4498,4.4,3.26,
4500,4.4,3.26,
4502,4.4,3.26,
4504,4.4,3.26,
4506,4.4,3.26,
4508,4.4,3.26,
4510,4.4,3.26,
4512,4.4,3.26,
4514,4.4,3.26,
4516,4.4,3.26,
4518,4.4,3.26,
4520,4.4,3.26,
4522,4.4,3.26,
4524,4.4,3.26,
4526,4.4,3.26,
4528,4.4,3.26,
4530,4.4,3.26,
4532,4.4,3.26,
4534,4.4,3.26,
4536,4.4,3.26,
4538,4.4,3.26,
4540,4.4,3.26,
4542,4.4,3.26,
4544,4.4,3.26,
4546,4.4,3.26,
4548,4.4,3.26,
4550,4.4,3.26,
4552,4.4,3.26,
4554,4.4,3.26,
4556,4.4,3.26,
4558,4.4,3.26,
4560,4.4,3.26,
4562,4.4,3.26,
4564,4.4,3.26,
4566,4.4,3.26,
4568,4.4,3.26,
4570,4.4,3.26,
4572,4.4,3.26,
4574,4.4,3.26,
4576,4.4,3.26,
4578,4.4,3.26,
4580,4.4,3.26,
4582,4.4,3.26,
4584,4.4,3.26,
4586,4.4,3.26,
4588,4.4,3.26,
4590,4.4,3.26,
4592,4.4,3.259,
4594,4.4,3.26,
4596,4.4,3.26,
4598,4.4,3.26,
4600,4.4,3.26,
4602,4.4,3.26,
4604,4.4,3.26,
4606,4.4,3.26,
4608,4.4,3.26,
4610,4.4,3.26,
4612,4.4,3.26,
4614,4.4,3.26,
4616,4.4,3.26,
4618,4.4,3.26,
4620,4.4,3.26,
4622,4.4,3.26,
4624,4.4,3.26,
4626,4.4,3.26,
4628,4.4,3.26,
4630,4.4,3.26,
4632,4.4,3.26,
4634,4.4,3.26,
4636,4.4,3.259,
4638,4.4,3.26,
4640,4.4,3.26,
4642,4.4,3.26,
4644,4.4,3.26,
4646,4.4,3.26,
4648,4.4,3.26,
4650,4.4,3.259,
4652,4.4,3.26,
4654,4.4,3.26,
4656,4.4,3.26,
4658,4.4,3.26,
4660,4.4,3.26,
4662,4.4,3.26,
4664,4.4,3.26,
4666,4.4,3.26,
4668,4.4,3.26,
4670,4.4,3.26,
4672,4.4,3.26,
4674,4.4,3.26,
4676,4.4,3.26,
4678,4.4,3.26,
4680,4.4,3.26,
4682,4.4,3.26,
4684,4.4,3.26,
4686,4.4,3.26,
4688,4.4,3.26,
4690,4.4,3.259,
4692,4.4,3.26,
4694,4.4,3.26,
4696,4.4,3.26,
4698,4.4,3.259,
4700,4.4,3.26,
4702,4.4,3.26,
4704,4.4,3.26,
4706,4.4,3.26,
4708,4.4,3.26,
4710,4.4,3.26,
4712,4.4,3.26,
4714,4.4,3.26,
4716,4.4,3.259,
4718,4.4,3.259,
4720,4.4,3.26,
4722,4.4,3.26,
4724,4.4,3.26,
4726,4.4,3.26,
4728,4.4,3.26,
4730,4.4,3.26,
4732,4.4,3.26,
4734,4.4,3.259,
4736,4.4,3.26,
4738,4.4,3.259,
4740,4.4,3.26,
4742,4.4,3.26,
4744,4.4,3.26,
4746,4.4,3.26,
4748,4.4,3.26,
4750,4.4,3.259,
4752,4.4,3.26,
4754,4.4,3.259,
4756,4.4,3.259,
4758,4.4,3.26,
4760,4.4,3.26,
4762,4.4,3.26,
4764,4.4,3.259,
4766,4.4,3.26,
4768,4.4,3.26,
4770,4.4,3.259,
4772,4.4,3.259,
4774,4.4,3.26,
4776,4.4,3.26,
4778,4.4,3.259,
4780,4.4,3.259,
4782,4.4,3.26,
4784,4.4,3.26,
4786,4.4,3.26,
4788,4.4,3.26,
4790,4.4,3.26,
4792,4.4,3.26,
4794,4.4,3.26,
4796,4.4,3.259,
4798,4.4,3.26,
4800,4.4,3.259,
4802,4.4,3.26,
4804,4.4,3.259,
4806,4.4,3.259,
4808,4.4,3.26,
4810,4.4,3.259,
4812,4.4,3.259,
4814,4.4,3.26,
4816,4.4,3.259,
4818,4.4,3.259,
4820,4.4,3.26,
4822,4.4,3.259,
4824,4.4,3.259,
4826,4.4,3.26,
4828,4.4,3.26,
4830,4.4,3.26,
4832,4.4,3.26,
4834,4.4,3.26,
4836,4.4,3.259,
4838,4.4,3.26,
4840,4.4,3.26,
4842,4.4,3.26,
4844,4.4,3.26,
4846,4.4,3.26,
4848,4.4,3.259,
4850,4.4,3.259,
4852,4.4,3.26,
4854,4.4,3.259,
4856,4.4,3.259,
4858,4.4,3.259,
4860,4.4,3.259,
4862,4.4,3.259,
4864,4.4,3.26,
4866,4.4,3.259,
4868,4.4,3.26,
4870,4.4,3.259,
4872,4.4,3.259,
4874,4.4,3.26,
4876,4.4,3.259,
4878,4.4,3.259,
4880,4.4,3.26,
4882,4.4,3.259,
4884,4.4,3.26,
4886,4.4,3.259,
4888,4.4,3.259,
4890,4.4,3.259,
4892,4.4,3.259,
4894,4.4,3.259,
4896,4.4,3.26,
4898,4.4,3.259,
4900,4.4,3.259,
4902,4.4,3.259,
4904,4.4,3.259,
4906,4.4,3.259,
4908,4.4,3.26,
4910,4.4,3.26,
4912,4.4,3.259,
4914,4.4,3.259,
4916,4.4,3.259,
4918,4.4,3.259,
4920,4.4,3.259,
4922,4.4,3.26,
4924,4.4,3.259,
4926,4.4,3.259,
4928,4.4,3.259,
4930,4.4,3.259,
4932,4.4,3.259,
4934,4.4,3.259,
4936,4.4,3.259,
4938,4.4,3.259,
4940,4.4,3.259,
4942,4.4,3.259,
4944,4.4,3.259,
4946,4.4,3.259,
4948,4.4,3.259,
4950,4.4,3.259,
4952,4.4,3.259,
4954,4.4,3.26,
4956,4.4,3.259,
4958,4.4,3.259,
4960,4.4,3.259,
4962,4.4,3.259,
4964,4.4,3.259,
4966,4.4,3.259,
4968,4.4,3.259,
4970,4.4,3.259,
4972,4.4,3.259,
4974,4.4,3.259,
4976,4.4,3.259,
4978,4.4,3.259,
4980,4.4,3.259,
4982,4.4,3.259,
4984,4.4,3.259,
4986,4.4,3.259,
4988,4.4,3.259,
4990,4.4,3.259,
4992,4.4,3.259,
4994,4.4,3.259,
4996,4.4,3.259,
4998,4.4,3.259,
5000,4.4,3.259,
5002,4.4,3.259,
5004,4.4,3.259,
5006,4.4,3.259,
5008,4.4,3.259,
5010,4.4,3.259,
5012,4.4,3.259,
5014,4.4,3.259,
5016,4.4,3.259,
5018,4.4,3.259,
5020,4.4,3.259,
5022,4.4,3.259,
5024,4.4,3.259,
5026,4.4,3.259,
5028,4.4,3.259,
5030,4.4,3.259,
5032,4.4,3.259,
5034,4.4,3.259,
5036,4.4,3.259,
5038,4.4,3.259,
5040,4.4,3.259,
5042,4.4,3.259,
5044,4.4,3.259,
5046,4.4,3.259,
5048,4.4,3.259,
5050,4.4,3.259,
5052,4.4,3.259,
5054,4.4,3.259,
5056,4.4,3.259,
5058,4.4,3.259,
5060,4.4,3.259,
5062,4.4,3.259,
5064,4.4,3.259,
5066,4.4,3.259,
5068,4.4,3.259,
5070,4.4,3.259,
5072,4.4,3.259,
5074,4.4,3.259,
5076,4.4,3.259,
5078,4.4,3.259,
5080,4.4,3.259,
5082,4.4,3.259,
5084,4.4,3.259,
5086,4.4,3.259,
5088,4.4,3.259,
5090,4.4,3.259,
5092,4.4,3.259,
5094,4.4,3.259,
5096,4.4,3.259,
5098,4.4,3.259,
5100,4.4,3.259,
5102,4.4,3.259,
5104,4.4,3.259,
5106,4.4,3.259,
5108,4.4,3.259,
5110,4.4,3.259,
5112,4.4,3.259,
5114,4.4,3.259,
5116,4.4,3.259,
5118,4.4,3.259,
5120,4.4,3.259,
5122,4.4,3.259,
5124,4.4,3.259,
5126,4.4,3.259,
5128,4.4,3.259,
5130,4.4,3.259,
5132,4.4,3.259,
5134,4.4,3.259,
5136,4.4,3.259,
5138,4.4,3.259,
5140,4.4,3.259,
5142,4.4,3.259,
5144,4.4,3.259,
5146,4.4,3.259,
5148,4.4,3.259,
5150,4.4,3.259,
5152,4.4,3.259,
5154,4.4,3.259,
5156,4.4,3.259,
5158,4.4,3.259,
5160,4.4,3.259,
5162,4.4,3.259,
5164,4.4,3.259,
5166,4.4,3.259,
5168,4.4,3.259,
5170,4.4,3.259,
5172,4.4,3.259,
5174,4.4,3.259,
5176,4.4,3.259,
5178,4.4,3.259,
5180,4.4,3.259,
5182,4.4,3.259,
5184,4.4,3.259,
5186,4.4,3.259,
5188,4.4,3.259,
5190,4.4,3.259,
5192,4.4,3.259,
5194,4.4,3.259,
5196,4.4,3.259,
5198,4.4,3.259,
5200,4.4,3.259,
5202,4.4,3.259,
5204,4.4,3.259,
5206,4.4,3.259,
5208,4.4,3.259,
5210,4.4,3.259,
5212,4.4,3.259,
5214,4.4,3.259,
5216,4.4,3.259,
5218,4.4,3.259,
5220,4.4,3.259,
5222,4.4,3.259,
5224,4.4,3.259,
5226,4.4,3.259,
5228,4.4,3.259,
5230,4.4,3.259,
5232,4.4,3.259,
5234,4.4,3.259,
5236,4.4,3.259,
5238,4.4,3.259,
5240,4.4,3.259,
5242,4.4,3.259,
5244,4.4,3.259,
5246,4.4,3.259,
5248,4.4,3.259,
5250,4.4,3.259,
5252,4.4,3.259,
5254,4.4,3.259,
5256,4.4,3.259,
5258,4.4,3.259,
5260,4.4,3.259,
5262,4.4,3.259,
5264,4.4,3.259,
5266,4.4,3.259,
5268,4.4,3.259,
5270,4.4,3.259,
5272,4.4,3.259,
5274,4.4,3.259,
5276,4.4,3.259,
5278,4.4,3.259,
5280,4.4,3.259,
5282,4.4,3.259,
5284,4.4,3.259,
5286,4.4,3.259,
5288,4.4,3.259,
5290,4.4,3.259,
5292,4.4,3.259,
5294,4.4,3.259,
5296,4.4,3.259,
5298,4.4,3.259,
5300,4.4,3.259,
5302,4.4,3.259,
5304,4.4,3.259,
5306,4.4,3.259,
5308,4.4,3.259,
5310,4.4,3.259,
5312,4.4,3.259,
5314,4.4,3.259,
5316,4.4,3.259,
5318,4.4,3.259,
5320,4.4,3.259,
5322,4.4,3.259,
5324,4.4,3.259,
5326,4.4,3.259,
5328,4.4,3.259,
5330,4.4,3.259,
5332,4.4,3.259,
5334,4.4,3.259,
5336,4.4,3.259,
5338,4.4,3.259,
5340,4.4,3.259,
5342,4.4,3.259,
5344,4.4,3.259,
5346,4.4,3.259,
5348,4.4,3.259,
5350,4.4,3.259,
5352,4.4,3.259,
5354,4.4,3.259,
5356,4.4,3.259,
5358,4.4,3.259,
5360,4.4,3.259,
5362,4.4,3.259,
5364,4.4,3.259,
5366,4.4,3.259,
5368,4.4,3.259,
5370,4.4,3.259,
5372,4.4,3.259,
5374,4.4,3.259,
5376,4.4,3.259,
5378,4.4,3.259,
5380,4.4,3.259,
5382,4.4,3.259,
5384,4.4,3.259,
5386,4.4,3.259,
5388,4.4,3.259,
5390,4.4,3.259,
5392,4.4,3.259,
5394,4.4,3.259,
5396,4.4,3.259,
5398,4.4,3.259,
5400,4.4,3.259,
5402,4.4,3.259,
5404,4.4,3.259,
5406,4.4,3.259,
5408,4.4,3.259,
5410,4.4,3.259,
5412,4.4,3.259,
5414,4.4,3.259,
5416,4.4,3.259,
5418,4.4,3.259,
5420,4.4,3.259,
5422,4.4,3.259,
5424,4.4,3.259,
5426,4.4,3.259,
5428,4.4,3.259,
5430,4.4,3.259,
5432,4.4,3.259,
5434,4.4,3.259,
5436,4.4,3.259,
5438,4.4,3.259,
5440,4.4,3.259,
5442,4.4,3.259,
5444,4.4,3.259,
5446,4.4,3.259,
5448,4.4,3.259,
5450,4.4,3.259,
5452,4.4,3.259,
5454,4.4,3.259,
5456,4.4,3.259,
5458,4.4,3.259,
5460,4.4,3.259,
5462,4.4,3.259,
5464,4.4,3.258,
5466,4.4,3.259,
5468,4.4,3.258,
5470,4.4,3.258,
5472,4.4,3.259,
5474,4.4,3.259,
5476,4.4,3.259,
5478,4.4,3.258,
5480,4.4,3.258,
5482,4.4,3.258,
5484,4.4,3.258,
5486,4.4,3.258,
5488,4.4,3.258,
5490,4.4,3.258,
5492,4.4,3.258,
5494,4.4,3.258,
5496,4.4,3.258,
5498,4.4,3.258,
5500,4.4,3.258,
5502,4.4,3.258,
5504,4.4,3.258,
5506,4.4,3.258,
5508,4.4,3.258,
5510,4.4,3.258,
5512,4.4,3.258,
5514,4.4,3.258,
5516,4.4,3.258,
5518,4.4,3.258,
5520,4.4,3.258,
5522,4.4,3.258,
5524,4.4,3.258,
5526,4.4,3.258,
5528,4.4,3.258,
5530,4.4,3.258,
5532,4.4,3.258,
5534,4.4,3.258,
5536,4.4,3.258,
5538,4.4,3.258,
5540,4.4,3.258,
5542,4.4,3.258,
5544,4.4,3.258,
5546,4.4,3.258,
5548,4.4,3.258,
5550,4.4,3.258,
5552,4.4,3.258,
5554,4.4,3.258,
5556,4.4,3.258,
5558,4.4,3.258,
5560,4.4,3.258,
5562,4.4,3.258,
5564,4.4,3.258,
5566,4.4,3.258,
5568,4.4,3.258,
5570,4.4,3.257,
5572,4.4,3.258,
5574,4.4,3.258,
5576,4.4,3.258,
5578,4.4,3.257,
5580,4.4,3.257,
5582,4.4,3.258,
5584,4.4,3.258,
5586,4.4,3.257,
5588,4.4,3.257,
5590,4.4,3.257,
5592,4.4,3.257,
5594,4.4,3.257,
5596,4.4,3.258,
5598,4.4,3.257,
5600,4.4,3.257,
5602,4.4,3.257,
5604,4.4,3.257,
5606,4.4,3.257,
5608,4.4,3.257,
5610,4.4,3.257,
5612,4.4,3.257,
5614,4.4,3.257,
5616,4.4,3.257,
5618,4.4,3.257,
5620,4.4,3.257,
5622,4.4,3.257,
5624,4.4,3.257,
5626,4.4,3.257,
5628,4.4,3.257,
5630,4.4,3.257,
5632,4.4,3.257,
5634,4.4,3.257,
5636,4.4,3.257,
5638,4.4,3.257,
5640,4.4,3.257,
5642,4.4,3.257,
5644,4.4,3.257,
5646,4.4,3.257,
5648,4.4,3.257,
5650,4.4,3.256,
5652,4.4,3.257,
5654,4.4,3.257,
5656,4.4,3.257,
5658,4.4,3.256,
5660,4.4,3.256,
5662,4.4,3.257,
5664,4.4,3.257,
5666,4.4,3.257,
5668,4.4,3.256,
5670,4.4,3.256,
5672,4.4,3.256,
5674,4.4,3.256,
5676,4.4,3.256,
5678,4.4,3.256,
5680,4.4,3.256,
5682,4.4,3.256,
5684,4.4,3.256,
5686,4.4,3.256,
5688,4.4,3.256,
5690,4.4,3.256,
5692,4.4,3.256,
5694,4.4,3.256,
5696,4.4,3.256,
5698,4.4,3.256,
5700,4.4,3.256,
5702,4.4,3.256,
5704,4.4,3.256,
5706,4.4,3.256,
5708,4.4,3.256,
5710,4.4,3.256,
5712,4.4,3.256,
5714,4.4,3.256,
5716,4.4,3.256,
5718,4.4,3.256,
5720,4.4,3.256,
5722,4.4,3.256,
5724,4.4,3.256,
5726,4.4,3.256,
5728,4.4,3.256,
5730,4.4,3.256,
5732,4.4,3.256,
5734,4.4,3.256,
5736,4.4,3.256,
5738,4.4,3.256,
5740,4.4,3.256,
5742,4.4,3.256,
5744,4.4,3.256,
5746,4.4,3.256,
5748,4.4,3.256,
5750,4.4,3.256,
5752,4.4,3.256,
5754,4.4,3.256,
5756,4.4,3.256,
5758,4.4,3.256,
5760,4.4,3.256,
5762,4.4,3.256,
5764,4.4,3.256,
5766,4.4,3.256,
5768,4.4,3.256,
5770,4.4,3.256,
5772,4.4,3.256,
5774,4.4,3.256,
5776,4.4,3.256,
5778,4.4,3.256,
5780,4.4,3.256,
5782,4.4,3.256,
5784,4.4,3.256,
5786,4.4,3.256,
5788,4.4,3.256,
5790,4.4,3.256,
5792,4.4,3.256,
5794,4.4,3.256,
5796,4.4,3.256,
5798,4.4,3.256,
5800,4.4,3.256,
5802,4.4,3.256,
5804,4.4,3.256,
5806,4.4,3.256,
5808,4.4,3.256,
5810,4.4,3.256,
5812,4.4,3.256,
5814,4.4,3.255,
5816,4.4,3.255,
5818,4.4,3.255,
5820,4.4,3.255,
5822,4.4,3.256,
5824,4.4,3.255,
5826,4.4,3.255,
5828,4.4,3.255,
5830,4.4,3.255,
5832,4.4,3.255,
5834,4.4,3.256,
5836,4.4,3.256,
5838,4.4,3.255,
5840,4.4,3.255,
5842,4.4,3.256,
5844,4.4,3.255,
5846,4.4,3.255,
5848,4.4,3.255,
5850,4.4,3.255,
5852,4.4,3.255,
5854,4.4,3.255,
5856,4.4,3.255,
5858,4.4,3.255,
5860,4.4,3.255,
5862,4.4,3.255,
5864,4.4,3.255,
5866,4.4,3.255,
5868,4.4,3.255,
5870,4.4,3.255,
5872,4.4,3.255,
5874,4.4,3.255,
5876,4.4,3.255,
5878,4.4,3.255,
5880,4.4,3.255,
5882,4.4,3.255,
5884,4.4,3.255,
5886,4.4,3.255,
5888,4.4,3.255,
5890,4.4,3.255,
5892,4.4,3.255,
5894,4.4,3.255,
5896,4.4,3.255,
5898,4.4,3.255,
5900,4.4,3.255,
5902,4.4,3.255,
5904,4.4,3.255,
5906,4.4,3.254,
5908,4.4,3.254,
5910,4.4,3.254,
5912,4.4,3.254,
5914,4.4,3.254,
5916,4.4,3.254,
5918,4.4,3.254,
5920,4.4,3.254,
5922,4.4,3.254,
5924,4.4,3.254,
5926,4.4,3.254,
5928,4.4,3.254,
5930,4.4,3.254,
5932,4.4,3.254,
5934,4.4,3.254,
5936,4.4,3.254,
5938,4.4,3.254,
5940,4.4,3.254,
5942,4.4,3.254,
5944,4.4,3.254,
5946,4.4,3.254,
5948,4.4,3.254,
5950,4.4,3.254,
5952,4.4,3.254,
5954,4.4,3.254,
5956,4.4,3.254,
5958,4.4,3.254,
5960,4.4,3.254,
5962,4.4,3.254,
5964,4.4,3.254,
5966,4.4,3.254,
5968,4.4,3.254,
5970,4.4,3.254,
5972,4.4,3.254,
5974,4.4,3.254,
5976,4.4,3.254,
5978,4.4,3.254,
5980,4.4,3.254,
5982,4.4,3.254,
5984,4.4,3.254,
5986,4.4,3.254,
5988,4.4,3.254,
5990,4.4,3.254,
5992,4.4,3.254,
5994,4.4,3.254,
5996,4.4,3.254,
5998,4.4,3.254,
6000,4.4,3.254,
6002,4.4,3.254,
6004,4.4,3.254,
6006,4.4,3.254,
6008,4.4,3.254,
6010,4.4,3.254,
6012,4.4,3.254,
6014,4.4,3.254,
6016,4.4,3.254,
6018,4.4,3.254,
6020,4.4,3.254,
6022,4.4,3.254,
6024,4.4,3.254,
6026,4.4,3.254,
6028,4.4,3.254,
6030,4.4,3.254,
6032,4.4,3.254,
6034,4.4,3.254,
6036,4.4,3.254,
6038,4.4,3.254,
6040,4.4,3.254,
6042,4.4,3.253,
6044,4.4,3.253,
6046,4.4,3.253,
6048,4.4,3.254,
6050,4.4,3.254,
6052,4.4,3.253,
6054,4.4,3.254,
6056,4.4,3.254,
6058,4.4,3.253,
6060,4.4,3.253,
6062,4.4,3.253,
6064,4.4,3.253,
6066,4.4,3.253,
6068,4.4,3.253,
6070,4.4,3.253,
6072,4.4,3.253,
6074,4.4,3.253,
6076,4.4,3.253,
6078,4.4,3.253,
6080,4.4,3.253,
6082,4.4,3.253,
6084,4.4,3.253,
6086,4.4,3.253,
6088,4.4,3.253,
6090,4.4,3.253,
6092,4.4,3.253,
6094,4.4,3.253,
6096,4.4,3.253,
6098,4.4,3.253,
6100,4.4,3.253,
6102,4.4,3.253,
6104,4.4,3.253,
6106,4.4,3.253,
6108,4.4,3.253,
6110,4.4,3.253,
6112,4.4,3.253,
6114,4.4,3.253,
6116,4.4,3.253,
6118,4.4,3.253,
6120,4.4,3.253,
6122,4.4,3.253,
6124,4.4,3.253,
6126,4.4,3.253,
6128,4.4,3.253,
6130,4.4,3.253,
6132,4.4,3.253,
6134,4.4,3.253,
6136,4.4,3.253,
6138,4.4,3.253,
6140,4.4,3.253,
6142,4.4,3.253,
6144,4.4,3.253,
6146,4.4,3.253,
6148,4.4,3.253,
6150,4.4,3.253,
6152,4.4,3.253,
6154,4.4,3.253,
6156,4.4,3.253,
6158,4.4,3.253,
6160,4.4,3.253,
6162,4.4,3.253,
6164,4.4,3.253,
6166,4.4,3.253,
6168,4.4,3.253,
6170,4.4,3.253,
6172,4.4,3.253,
6174,4.4,3.253,
6176,4.4,3.253,
6178,4.4,3.253,
6180,4.4,3.253,
6182,4.4,3.253,
6184,4.4,3.253,
6186,4.4,3.253,
6188,4.4,3.253,
6190,4.4,3.253,
6192,4.4,3.253,
6194,4.4,3.253,
6196,4.4,3.253,
6198,4.4,3.253,
6200,4.4,3.253,
6202,4.4,3.253,
6204,4.4,3.253,
6206,4.4,3.253,
6208,4.4,3.253,
6210,4.4,3.253,
6212,4.4,3.253,
6214,4.4,3.253,
6216,4.4,3.253,
6218,4.4,3.253,
6220,4.4,3.253,
6222,4.4,3.253,
6224,4.4,3.253,
6226,4.4,3.253,
6228,4.4,3.253,
6230,4.4,3.253,
6232,4.4,3.253,
6234,4.4,3.253,
6236,4.4,3.253,
6238,4.4,3.253,
6240,4.4,3.253,
6242,4.4,3.253,
6244,4.4,3.253,
6246,4.4,3.253,
6248,4.4,3.253,
6250,4.4,3.253,
6252,4.4,3.253,
6254,4.4,3.253,
6256,4.4,3.253,
6258,4.4,3.253,
6260,4.4,3.253,
6262,4.4,3.253,
6264,4.4,3.253,
6266,4.4,3.253,
6268,4.4,3.253,
6270,4.4,3.253,
6272,4.4,3.253,
6274,4.4,3.253,
6276,4.4,3.253,
6278,4.4,3.253,
6280,4.4,3.253,
6282,4.4,3.253,
6284,4.4,3.253,
6286,4.4,3.253,
6288,4.4,3.253,
6290,4.4,3.253,
6292,4.4,3.253,
6294,4.4,3.253,
6296,4.4,3.253,
6298,4.4,3.253,
6300,4.4,3.253,
6302,4.4,3.253,
6304,4.4,3.253,
6306,4.4,3.253,
6308,4.4,3.253,
6310,4.4,3.253,
6312,4.4,3.253,
6314,4.4,3.253,
6316,4.4,3.253,
6318,4.4,3.253,
6320,4.4,3.253,
6322,4.4,3.253,
6324,4.4,3.253,
6326,4.4,3.253,
6328,4.4,3.253,
6330,4.4,3.253,
6332,4.4,3.253,
6334,4.4,3.253,
6336,4.4,3.253,
6338,4.4,3.253,
6340,4.4,3.253,
6342,4.4,3.253,
6344,4.4,3.253,
6346,4.4,3.253,
6348,4.4,3.253,
6350,4.4,3.253,
6352,4.4,3.253,
6354,4.4,3.253,
6356,4.4,3.253,
6358,4.4,3.253,
6360,4.4,3.253,
6362,4.4,3.253,
6364,4.4,3.253,
6366,4.4,3.253,
6368,4.4,3.253,
6370,4.4,3.253,
6372,4.4,3.253,
6374,4.4,3.253,
6376,4.4,3.253,
6378,4.4,3.253,
6380,4.4,3.253,
6382,4.4,3.253,
6384,4.4,3.253,
6386,4.4,3.253,
6388,4.4,3.253,
6390,4.4,3.253,
6392,4.4,3.253,
6394,4.4,3.253,
6396,4.4,3.253,
6398,4.4,3.253,
6400,4.4,3.253,
6402,4.4,3.253,
6404,4.4,3.253,
6406,4.4,3.253,
6408,4.4,3.253,
6410,4.4,3.253,
6412,4.4,3.253,
6414,4.4,3.253,
6416,4.4,3.253,
6418,4.4,3.253,
6420,4.4,3.253,
6422,4.4,3.253,
6424,4.4,3.253,
6426,4.4,3.253,
6428,4.4,3.253,
6430,4.4,3.253,
6432,4.4,3.253,
6434,4.4,3.253,
6436,4.4,3.253,
6438,4.4,3.253,
6440,4.4,3.253,
6442,4.4,3.253,
6444,4.4,3.253,
6446,4.4,3.253,
6448,4.4,3.253,
6450,4.4,3.253,
6452,4.4,3.253,
6454,4.4,3.253,
6456,4.4,3.253,
6458,4.4,3.253,
6460,4.4,3.253,
6462,4.4,3.253,
6464,4.4,3.253,
6466,4.4,3.253,
6468,4.4,3.253,
6470,4.4,3.253,
6472,4.4,3.253,
6474,4.4,3.253,
6476,4.4,3.253,
6478,4.4,3.253,
6480,4.4,3.253,
6482,4.4,3.253,
6484,4.4,3.253,
6486,4.4,3.253,
6488,4.4,3.253,
6490,4.4,3.253,
6492,4.4,3.253,
6494,4.4,3.253,
6496,4.4,3.253,
6498,4.4,3.253,
6500,4.4,3.253,
6502,4.4,3.253,
6504,4.4,3.253,
6506,4.4,3.253,
6508,4.4,3.253,
6510,4.4,3.253,
6512,4.4,3.253,
6514,4.4,3.253,
6516,4.4,3.253,
6518,4.4,3.253,
6520,4.4,3.253,
6522,4.4,3.253,
6524,4.4,3.253,
6526,4.4,3.253,
6528,4.4,3.253,
6530,4.4,3.253,
6532,4.4,3.253,
6534,4.4,3.253,
6536,4.4,3.253,
6538,4.4,3.253,
6540,4.4,3.253,
6542,4.4,3.253,
6544,4.4,3.253,
6546,4.4,3.253,
6548,4.4,3.253,
6550,4.4,3.253,
6552,4.4,3.253,
6554,4.4,3.253,
6556,4.4,3.253,
6558,4.4,3.253,
6560,4.4,3.253,
6562,4.4,3.253,
6564,4.4,3.253,
6566,4.4,3.253,
6568,4.4,3.253,
6570,4.4,3.253,
6572,4.4,3.253,
6574,4.4,3.253,
6576,4.4,3.253,
6578,4.4,3.253,
6580,4.4,3.253,
6582,4.4,3.253,
6584,4.4,3.253,
6586,4.4,3.253,
6588,4.4,3.253,
6590,4.4,3.253,
6592,4.4,3.253,
6594,4.4,3.253,
6596,4.4,3.253,
6598,4.4,3.253,
6600,4.4,3.253,
6602,4.4,3.253,
6604,4.4,3.253,
6606,4.4,3.253,
6608,4.4,3.253,
6610,4.4,3.253,
6612,4.4,3.253,
6614,4.4,3.253,
6616,4.4,3.253,
6618,4.4,3.253,
6620,4.4,3.253,
6622,4.4,3.253,
6624,4.4,3.253,
6626,4.4,3.253,
6628,4.4,3.253,
6630,4.4,3.253,
6632,4.4,3.253,
6634,4.4,3.253,
6636,4.4,3.253,
6638,4.4,3.253,
6640,4.4,3.253,
6642,4.4,3.253,
6644,4.4,3.253,
6646,4.4,3.253,
6648,4.4,3.253,
6650,4.4,3.253,
6652,4.4,3.253,
6654,4.4,3.253,
6656,4.4,3.253,
6658,4.4,3.253,
6660,4.4,3.253,
6662,4.4,3.253,
6664,4.4,3.253,
6666,4.4,3.253,
6668,4.4,3.253,
6670,4.4,3.253,
6672,4.4,3.253,
6674,4.4,3.253,
6676,4.4,3.253,
6678,4.4,3.253,
6680,4.4,3.253,
6682,4.4,3.253,
6684,4.4,3.253,
6686,4.4,3.253,
6688,4.4,3.253,
6690,4.4,3.253,
6692,4.4,3.253,
6694,4.4,3.253,
6696,4.4,3.253,
6698,4.4,3.253,
6700,4.4,3.253,
6702,4.4,3.253,
6704,4.4,3.253,
6706,4.4,3.253,
6708,4.4,3.253,
6710,4.4,3.253,
6712,4.4,3.253,
6714,4.4,3.253,
6716,4.4,3.253,
6718,4.4,3.253,
6720,4.4,3.253,
6722,4.4,3.253,
6724,4.4,3.253,
6726,4.4,3.253,
6728,4.4,3.253,
6730,4.4,3.253,
6732,4.4,3.253,
6734,4.4,3.253,
6736,4.4,3.253,
6738,4.4,3.253,
6740,4.4,3.253,
6742,4.4,3.253,
6744,4.4,3.253,
6746,4.4,3.253,
6748,4.4,3.253,
6750,4.4,3.253,
6752,4.4,3.253,
6754,4.4,3.253,
6756,4.4,3.253,
6758,4.4,3.253,
6760,4.4,3.253,
6762,4.4,3.253,
6764,4.4,3.253,
6766,4.4,3.253,
6768,4.4,3.253,
6770,4.4,3.253,
6772,4.4,3.253,
6774,4.4,3.253,
6776,4.4,3.253,
6778,4.4,3.253,
6780,4.4,3.253,
6782,4.4,3.253,
6784,4.4,3.253,
6786,4.4,3.253,
6788,4.4,3.253,
6790,4.4,3.253,
6792,4.4,3.253,
6794,4.4,3.253,
6796,4.4,3.253,
6798,4.4,3.253,
6800,4.4,3.253,
6802,4.4,3.253,
6804,4.4,3.253,
6806,4.4,3.253,
6808,4.4,3.253,
6810,4.4,3.253,
6812,4.4,3.253,
6814,4.4,3.253,
6816,4.4,3.253,
6818,4.4,3.253,
6820,4.4,3.253,
6822,4.4,3.253,
6824,4.4,3.253,
6826,4.4,3.253,
6828,4.4,3.253,
6830,4.4,3.253,
6832,4.4,3.253,
6834,4.4,3.253,
6836,4.4,3.253,
6838,4.4,3.253,
6840,4.4,3.253,
6842,4.4,3.253,
6844,4.4,3.253,
6846,4.4,3.253,
6848,4.4,3.253,
6850,4.4,3.253,
6852,4.4,3.253,
6854,4.4,3.253,
6856,4.4,3.253,
6858,4.4,3.253,
6860,4.4,3.253,
6862,4.4,3.253,
6864,4.4,3.253,
6866,4.4,3.253,
6868,4.4,3.253,
6870,4.4,3.253,
6872,4.4,3.253,
6874,4.4,3.253,
6876,4.4,3.253,
6878,4.4,3.253,
6880,4.4,3.253,
6882,4.4,3.253,
6884,4.4,3.253,
6886,4.4,3.253,
6888,4.4,3.253,
6890,4.4,3.253,
6892,4.4,3.253,
6894,4.4,3.253,
6896,4.4,3.253,
6898,4.4,3.253,
6900,4.4,3.253,
6902,4.4,3.253,
6904,4.4,3.253,
6906,4.4,3.253,
6908,4.4,3.253,
6910,4.4,3.253,
6912,4.4,3.253,
6914,4.4,3.253,
6916,4.4,3.253,
6918,4.4,3.253,
6920,4.4,3.253,
6922,4.4,3.253,
6924,4.4,3.253,
6926,4.4,3.253,
6928,4.4,3.253,
6930,4.4,3.253,
6932,4.4,3.253,
6934,4.4,3.253,
6936,4.4,3.253,
6938,4.4,3.253,
6940,4.4,3.253,
6942,4.4,3.253,
6944,4.4,3.253,
6946,4.4,3.253,
6948,4.4,3.253,
6950,4.4,3.253,
6952,4.4,3.253,
6954,4.4,3.253,
6956,4.4,3.253,
6958,4.4,3.253,
6960,4.4,3.253,
6962,4.4,3.253,
6964,4.4,3.253,
6966,4.4,3.253,
6968,4.4,3.253,
6970,4.4,3.253,
6972,4.4,3.253,
6974,4.4,3.253,
6976,4.4,3.253,
6978,4.4,3.253,
6980,4.4,3.253,
6982,4.4,3.253,
6984,4.4,3.253,
6986,4.4,3.253,
6988,4.4,3.253,
6990,4.4,3.253,
6992,4.4,3.253,
6994,4.4,3.253,
6996,4.4,3.253,
6998,4.4,3.253,
7000,4.4,3.253,
7002,4.4,3.253,
7004,4.4,3.252,
7006,4.4,3.253,
7008,4.4,3.253,
7010,4.4,3.253,
7012,4.4,3.253,
7014,4.4,3.253,
7016,4.4,3.253,
7018,4.4,3.253,
7020,4.4,3.253,
7022,4.4,3.253,
7024,4.4,3.253,
7026,4.4,3.253,
7028,4.4,3.253,
7030,4.4,3.253,
7032,4.4,3.253,
7034,4.4,3.253,
7036,4.4,3.253,
7038,4.4,3.253,
7040,4.4,3.253,
7042,4.4,3.253,
7044,4.4,3.253,
7046,4.4,3.253,
7048,4.4,3.253,
7050,4.4,3.253,
7052,4.4,3.253,
7054,4.4,3.253,
7056,4.4,3.253,
7058,4.4,3.253,
7060,4.4,3.253,
7062,4.4,3.253,
7064,4.4,3.253,
7066,4.4,3.253,
7068,4.4,3.253,
7070,4.4,3.253,
7072,4.4,3.253,
7074,4.4,3.253,
7076,4.4,3.253,
7078,4.4,3.253,
7080,4.4,3.253,
7082,4.4,3.253,
7084,4.4,3.253,
7086,4.4,3.253,
7088,4.4,3.253,
7090,4.4,3.253,
7092,4.4,3.253,
7094,4.4,3.253,
7096,4.4,3.253,
7098,4.4,3.253,
7100,4.4,3.253,
7102,4.4,3.253,
7104,4.4,3.253,
7106,4.4,3.253,
7108,4.4,3.253,
7110,4.4,3.253,
7112,4.4,3.253,
7114,4.4,3.253,
7116,4.4,3.253,
7118,4.4,3.253,
7120,4.4,3.253,
7122,4.4,3.253,
7124,4.4,3.253,
7126,4.4,3.253,
7128,4.4,3.253,
7130,4.4,3.253,
7132,4.4,3.253,
7134,4.4,3.253,
7136,4.4,3.253,
7138,4.4,3.253,
7140,4.4,3.253,
7142,4.4,3.253,
7144,4.4,3.253,
7146,4.4,3.253,
7148,4.4,3.253,
7150,4.4,3.253,
7152,4.4,3.253,
7154,4.4,3.253,
7156,4.4,3.253,
7158,4.4,3.253,
7160,4.4,3.253,
7162,4.4,3.253,
7164,4.4,3.253,
7166,4.4,3.253,
7168,4.4,3.253,
7170,4.4,3.253,
7172,4.4,3.253,
7174,4.4,3.253,
7176,4.4,3.253,
7178,4.4,3.253,
7180,4.4,3.253,
7182,4.4,3.253,
7184,4.4,3.253,
7186,4.4,3.252,
7188,4.4,3.253,
7190,4.4,3.253,
7192,4.4,3.253,
7194,4.4,3.253,
7196,4.4,3.253,
7198,4.4,3.253,
7200,4.4,3.253,
7202,4.4,3.253,
7204,4.4,3.253,
7206,4.4,3.253,
7208,4.4,3.253,
7210,4.4,3.253,
7212,4.4,3.252,
7214,4.4,3.253,
7216,4.4,3.253,
7218,4.4,3.253,
7220,4.4,3.253,
7222,4.4,3.253,
7224,4.4,3.253,
7226,4.4,3.253,
7228,4.4,3.253,
7230,4.4,3.252,
7232,4.4,3.253,
7234,4.4,3.253,
7236,4.4,3.252,
7238,4.4,3.253,
7240,4.4,3.253,
7242,4.4,3.253,
7244,4.4,3.253,
7246,4.4,3.253,
7248,4.4,3.253,
7250,4.4,3.252,
7252,4.4,3.253,
7254,4.4,3.253,
7256,4.4,3.253,
7258,4.4,3.253,
7260,4.4,3.253,
7262,4.4,3.253,
7264,4.4,3.253,
7266,4.4,3.253,
7268,4.4,3.253,
7270,4.4,3.253,
7272,4.4,3.253,
7274,4.4,3.253,
7276,4.4,3.253,
7278,4.4,3.253,
7280,4.4,3.253,
7282,4.4,3.253,
7284,4.4,3.253,
7286,4.4,3.252,
7288,4.4,3.253,
7290,4.4,3.252,
7292,4.4,3.253,
7294,4.4,3.253,
7296,4.4,3.253,
7298,4.4,3.252,
7300,4.4,3.253,
7302,4.4,3.253,
7304,4.4,3.253,
7306,4.4,3.253,
7308,4.4,3.253,
7310,4.4,3.253,
7312,4.4,3.253,
7314,4.4,3.253,
7316,4.4,3.253,
7318,4.4,3.253,
7320,4.4,3.253,
7322,4.4,3.253,
7324,4.4,3.253,
7326,4.4,3.253,
7328,4.4,3.252,
7330,4.4,3.252,
7332,4.4,3.252,
7334,4.4,3.252,
7336,4.4,3.252,
7338,4.4,3.253,
7340,4.4,3.253,
7342,4.4,3.253,
7344,4.4,3.253,
7346,4.4,3.253,
7348,4.4,3.253,
7350,4.4,3.253,
7352,4.4,3.252,
7354,4.4,3.253,
7356,4.4,3.252,
7358,4.4,3.253,
7360,4.4,3.253,
7362,4.4,3.252,
7364,4.4,3.253,
7366,4.4,3.252,
7368,4.4,3.253,
7370,4.4,3.252,
7372,4.4,3.252,
7374,4.4,3.252,
7376,4.4,3.252,
7378,4.4,3.252,
7380,4.4,3.252,
7382,4.4,3.252,
7384,4.4,3.252,
7386,4.4,3.252,
7388,4.4,3.252,
7390,4.4,3.252,
7392,4.4,3.252,
7394,4.4,3.252,
7396,4.4,3.252,
7398,4.4,3.252,
7400,4.4,3.253,
7402,4.4,3.253,
7404,4.4,3.252,
7406,4.4,3.252,
7408,4.4,3.252,
7410,4.4,3.253,
7412,4.4,3.252,
7414,4.4,3.252,
7416,4.4,3.253,
7418,4.4,3.252,
7420,4.4,3.252,
7422,4.4,3.252,
7424,4.4,3.253,
7426,4.4,3.253,
7428,4.4,3.252,
7430,4.4,3.252,
7432,4.4,3.252,
7434,4.4,3.252,
7436,4.4,3.252,
7438,4.4,3.252,
7440,4.4,3.252,
7442,4.4,3.252,
7444,4.4,3.252,
7446,4.4,3.252,
7448,4.4,3.252,
7450,4.4,3.252,
7452,4.4,3.252,
7454,4.4,3.252,
7456,4.4,3.252,
7458,4.4,3.252,
7460,4.4,3.252,
7462,4.4,3.252,
7464,4.4,3.252,
7466,4.4,3.252,
7468,4.4,3.252,
7470,4.4,3.252,
7472,4.4,3.252,
7474,4.4,3.252,
7476,4.4,3.252,
7478,4.4,3.252,
7480,4.4,3.252,
7482,4.4,3.252,
7484,4.4,3.252,
7486,4.4,3.252,
7488,4.4,3.252,
7490,4.4,3.252,
7492,4.4,3.252,
7494,4.4,3.252,
7496,4.4,3.252,
7498,4.4,3.252,
7500,4.4,3.252,
7502,4.4,3.252,
7504,4.4,3.252,
7506,4.4,3.252,
7508,4.4,3.252,
7510,4.4,3.252,
7512,4.4,3.252,
7514,4.4,3.252,
7516,4.4,3.252,
7518,4.4,3.252,
7520,4.4,3.252,
7522,4.4,3.252,
7524,4.4,3.252,
7526,4.4,3.252,
7528,4.4,3.252,
7530,4.4,3.252,
7532,4.4,3.252,
7534,4.4,3.252,
7536,4.4,3.252,
7538,4.4,3.252,
7540,4.4,3.252,
7542,4.4,3.252,
7544,4.4,3.252,
7546,4.4,3.252,
7548,4.4,3.252,
7550,4.4,3.252,
7552,4.4,3.252,
7554,4.4,3.252,
7556,4.4,3.252,
7558,4.4,3.252,
7560,4.4,3.252,
7562,4.4,3.252,
7564,4.4,3.252,
7566,4.4,3.252,
7568,4.4,3.252,
7570,4.4,3.252,
7572,4.4,3.252,
7574,4.4,3.252,
7576,4.4,3.252,
7578,4.4,3.252,
7580,4.4,3.252,
7582,4.4,3.252,
7584,4.4,3.252,
7586,4.4,3.252,
7588,4.4,3.252,
7590,4.4,3.252,
7592,4.4,3.252,
7594,4.4,3.252,
7596,4.4,3.252,
7598,4.4,3.252,
7600,4.4,3.252,
7602,4.4,3.252,
7604,4.4,3.252,
7606,4.4,3.252,
7608,4.4,3.252,
7610,4.4,3.252,
7612,4.4,3.252,
7614,4.4,3.252,
7616,4.4,3.252,
7618,4.4,3.252,
7620,4.4,3.252,
7622,4.4,3.252,
7624,4.4,3.252,
7626,4.4,3.252,
7628,4.4,3.252,
7630,4.4,3.252,
7632,4.4,3.252,
7634,4.4,3.252,
7636,4.4,3.252,
7638,4.4,3.252,
7640,4.4,3.252,
7642,4.4,3.252,
7644,4.4,3.252,
7646,4.4,3.252,
7648,4.4,3.252,
7650,4.4,3.252,
7652,4.4,3.252,
7654,4.4,3.252,
7656,4.4,3.252,
7658,4.4,3.252,
7660,4.4,3.252,
7662,4.4,3.252,
7664,4.4,3.252,
7666,4.4,3.252,
7668,4.4,3.252,
7670,4.4,3.252,
7672,4.4,3.252,
7674,4.4,3.252,
7676,4.4,3.252,
7678,4.4,3.252,
7680,4.4,3.252,
7682,4.4,3.252,
7684,4.4,3.252,
7686,4.4,3.252,
7688,4.4,3.252,
7690,4.4,3.252,
7692,4.4,3.252,
7694,4.4,3.252,
7696,4.4,3.252,
7698,4.4,3.252,
7700,4.4,3.252,
7702,4.4,3.252,
7704,4.4,3.252,
7706,4.4,3.252,
7708,4.4,3.252,
7710,4.4,3.252,
7712,4.4,3.252,
7714,4.4,3.252,
7716,4.4,3.252,
7718,4.4,3.252,
7720,4.4,3.252,
7722,4.4,3.252,
7724,4.4,3.252,
7726,4.4,3.252,
7728,4.4,3.252,
7730,4.4,3.252,
7732,4.4,3.252,
7734,4.4,3.252,
7736,4.4,3.252,
7738,4.4,3.252,
7740,4.4,3.252,
7742,4.4,3.252,
7744,4.4,3.252,
7746,4.4,3.252,
7748,4.4,3.252,
7750,4.4,3.252,
7752,4.4,3.252,
7754,4.4,3.252,
7756,4.4,3.252,
7758,4.4,3.252,
7760,4.4,3.252,
7762,4.4,3.252,
7764,4.4,3.252,
7766,4.4,3.252,
7768,4.4,3.252,
7770,4.4,3.252,
7772,4.4,3.252,
7774,4.4,3.252,
7776,4.4,3.252,
7778,4.4,3.252,
7780,4.4,3.252,
7782,4.4,3.252,
7784,4.4,3.252,
7786,4.4,3.252,
7788,4.4,3.252,
7790,4.4,3.252,
7792,4.4,3.252,
7794,4.4,3.252,
7796,4.4,3.252,
7798,4.4,3.252,
7800,4.4,3.252,
7802,4.4,3.252,
7804,4.4,3.252,
7806,4.4,3.252,
7808,4.4,3.252,
7810,4.4,3.252,
7812,4.4,3.252,
7814,4.4,3.252,
7816,4.4,3.252,
7818,4.4,3.252,
7820,4.4,3.252,
7822,4.4,3.252,
7824,4.4,3.252,
7826,4.4,3.252,
7828,4.4,3.252,
7830,4.4,3.252,
7832,4.4,3.252,
7834,4.4,3.252,
7836,4.4,3.252,
7838,4.4,3.252,
7840,4.4,3.251,
7842,4.4,3.252,
7844,4.4,3.252,
7846,4.4,3.251,
7848,4.4,3.252,
7850,4.4,3.251,
7852,4.4,3.252,
7854,4.4,3.251,
7856,4.4,3.251,
7858,4.4,3.251,
7860,4.4,3.251,
7862,4.4,3.251,
7864,4.4,3.251,
7866,4.4,3.251,
7868,4.4,3.251,
7870,4.4,3.251,
7872,4.4,3.251,
7874,4.4,3.251,
7876,4.4,3.251,
7878,4.4,3.251,
7880,4.4,3.251,
7882,4.4,3.251,
7884,4.4,3.251,
7886,4.4,3.251,
7888,4.4,3.251,
7890,4.4,3.251,
7892,4.4,3.251,
7894,4.4,3.251,
7896,4.4,3.251,
7898,4.4,3.251,
7900,4.4,3.251,
7902,4.4,3.251,
7904,4.4,3.251,
7906,4.4,3.251,
7908,4.4,3.251,
7910,4.4,3.25,
7912,4.4,3.251,
7914,4.4,3.25,
7916,4.4,3.25,
7918,4.4,3.25,
7920,4.4,3.25,
7922,4.4,3.25,
7924,4.4,3.25,
7926,4.4,3.25,
7928,4.4,3.25,
7930,4.4,3.25,
7932,4.4,3.25,
7934,4.4,3.25,
7936,4.4,3.25,
7938,4.4,3.25,
7940,4.4,3.25,
7942,4.4,3.25,
7944,4.4,3.25,
7946,4.4,3.25,
7948,4.4,3.25,
7950,4.4,3.25,
7952,4.4,3.25,
7954,4.4,3.25,
7956,4.4,3.25,
7958,4.4,3.25,
7960,4.4,3.25,
7962,4.4,3.25,
7964,4.4,3.25,
7966,4.4,3.25,
7968,4.4,3.25,
7970,4.4,3.249,
7972,4.4,3.25,
7974,4.4,3.249,
7976,4.4,3.249,
7978,4.4,3.249,
7980,4.4,3.249,
7982,4.4,3.249,
7984,4.4,3.249,
7986,4.4,3.249,
7988,4.4,3.249,
7990,4.4,3.249,
7992,4.4,3.249,
7994,4.4,3.249,
7996,4.4,3.249,
7998,4.4,3.249,
8000,4.4,3.249,
8002,4.4,3.249,
8004,4.4,3.249,
8006,4.4,3.249,
8008,4.4,3.249,
8010,4.4,3.248,
8012,4.4,3.249,
8014,4.4,3.249,
8016,4.4,3.248,
8018,4.4,3.248,
8020,4.4,3.248,
8022,4.4,3.248,
8024,4.4,3.248,
8026,4.4,3.248,
8028,4.4,3.248,
8030,4.4,3.248,
8032,4.4,3.248,
8034,4.4,3.248,
8036,4.4,3.248,
8038,4.4,3.248,
8040,4.4,3.248,
8042,4.4,3.248,
8044,4.4,3.248,
8046,4.4,3.248,
8048,4.4,3.248,
8050,4.4,3.248,
8052,4.4,3.248,
8054,4.4,3.248,
8056,4.4,3.248,
8058,4.4,3.248,
8060,4.4,3.247,
8062,4.4,3.248,
8064,4.4,3.248,
8066,4.4,3.248,
8068,4.4,3.248,
8070,4.4,3.247,
8072,4.4,3.247,
8074,4.4,3.247,
8076,4.4,3.247,
8078,4.4,3.247,
8080,4.4,3.247,
8082,4.4,3.247,
8084,4.4,3.247,
8086,4.4,3.247,
8088,4.4,3.247,
8090,4.4,3.247,
8092,4.4,3.247,
8094,4.4,3.247,
8096,4.4,3.247,
8098,4.4,3.247,
8100,4.4,3.247,
8102,4.4,3.247,
8104,4.4,3.247,
8106,4.4,3.247,
8108,4.4,3.247,
8110,4.4,3.247,
8112,4.4,3.247,
8114,4.4,3.247,
8116,4.4,3.247,
8118,4.4,3.247,
8120,4.4,3.247,
8122,4.4,3.247,
8124,4.4,3.247,
8126,4.4,3.246,
8128,4.4,3.246,
8130,4.4,3.246,
8132,4.4,3.246,
8134,4.4,3.246,
8136,4.4,3.246,
8138,4.4,3.246,
8140,4.4,3.246,
8142,4.4,3.246,
8144,4.4,3.246,
8146,4.4,3.246,
8148,4.4,3.246,
8150,4.4,3.246,
8152,4.4,3.246,
8154,4.4,3.246,
8156,4.4,3.246,
8158,4.4,3.246,
8160,4.4,3.246,
8162,4.4,3.246,
8164,4.4,3.246,
8166,4.4,3.246,
8168,4.4,3.246,
8170,4.4,3.246,
8172,4.4,3.246,
8174,4.4,3.246,
8176,4.4,3.246,
8178,4.4,3.246,
8180,4.4,3.246,
8182,4.4,3.246,
8184,4.4,3.246,
8186,4.4,3.246,
8188,4.4,3.246,
8190,4.4,3.246,
8192,4.4,3.246,
8194,4.4,3.246,
8196,4.4,3.246,
8198,4.4,3.246,
8200,4.4,3.245,
8202,4.4,3.246,
8204,4.4,3.246,
8206,4.4,3.245,
8208,4.4,3.245,
8210,4.4,3.245,
8212,4.4,3.245,
8214,4.4,3.245,
8216,4.4,3.245,
8218,4.4,3.245,
8220,4.4,3.245,
8222,4.4,3.245,
8224,4.4,3.245,
8226,4.4,3.245,
8228,4.4,3.245,
8230,4.4,3.245,
8232,4.4,3.245,
8234,4.4,3.245,
8236,4.4,3.245,
8238,4.4,3.245,
8240,4.4,3.245,
8242,4.4,3.245,
8244,4.4,3.245,
8246,4.4,3.245,
8248,4.4,3.245,
8250,4.4,3.245,
8252,4.4,3.245,
8254,4.4,3.245,
8256,4.4,3.245,
8258,4.4,3.245,
8260,4.4,3.245,
8262,4.4,3.245,
8264,4.4,3.245,
8266,4.4,3.245,
8268,4.4,3.245,
8270,4.4,3.245,
8272,4.4,3.245,
8274,4.4,3.245,
8276,4.4,3.245,
8278,4.4,3.245,
8280,4.4,3.245,
8282,4.4,3.245,
8284,4.4,3.245,
8286,4.4,3.245,
8288,4.4,3.245,
8290,4.4,3.245,
8292,4.4,3.245,
8294,4.4,3.245,
8296,4.4,3.245,
8298,4.4,3.245,
8300,4.4,3.245,
8302,4.4,3.245,
8304,4.4,3.245,
8306,4.4,3.245,
8308,4.4,3.245,
8310,4.4,3.245,
8312,4.4,3.245,
8314,4.4,3.245,
8316,4.4,3.245,
8318,4.4,3.245,
8320,4.4,3.245,
8322,4.4,3.245,
8324,4.4,3.245,
8326,4.4,3.245,
8328,4.4,3.245,
8330,4.4,3.245,
8332,4.4,3.245,
8334,4.4,3.245,
8336,4.4,3.245,
8338,4.4,3.245,
8340,4.4,3.245,
8342,4.4,3.245,
8344,4.4,3.245,
8346,4.4,3.245,
8348,4.4,3.245,
8350,4.4,3.245,
8352,4.4,3.245,
8354,4.4,3.245,
8356,4.4,3.245,
8358,4.4,3.245,
8360,4.4,3.245,
8362,4.4,3.245,
8364,4.4,3.245,
8366,4.4,3.245,
8368,4.4,3.245,
8370,4.4,3.245,
8372,4.4,3.245,
8374,4.4,3.245,
8376,4.4,3.245,
8378,4.4,3.245,
8380,4.4,3.245,
8382,4.4,3.245,
8384,4.4,3.245,
8386,4.4,3.245,
8388,4.4,3.245,
8390,4.4,3.245,
8392,4.4,3.245,
8394,4.4,3.245,
8396,4.4,3.245,
8398,4.4,3.245,
8400,4.4,3.245,
8402,4.4,3.245,
8404,4.4,3.245,
8406,4.4,3.245,
8408,4.4,3.245,
8410,4.4,3.245,
8412,4.4,3.245,
8414,4.4,3.245,
8416,4.4,3.245,
8418,4.4,3.245,
8420,4.4,3.245,
8422,4.4,3.245,
8424,4.4,3.245,
8426,4.4,3.245,
8428,4.4,3.245,
8430,4.4,3.245,
8432,4.4,3.245,
8434,4.4,3.245,
8436,4.4,3.245,
8438,4.4,3.245,
8440,4.4,3.245,
8442,4.4,3.245,
8444,4.4,3.245,
8446,4.4,3.245,
8448,4.4,3.245,
8450,4.4,3.245,
8452,4.4,3.245,
8454,4.4,3.245,
8456,4.4,3.245,
8458,4.4,3.245,
8460,4.4,3.245,
8462,4.4,3.245,
8464,4.4,3.245,
8466,4.4,3.245,
8468,4.4,3.245,
8470,4.4,3.245,
8472,4.4,3.245,
8474,4.4,3.245,
8476,4.4,3.245,
8478,4.4,3.245,
8480,4.4,3.245,
8482,4.4,3.245,
8484,4.4,3.245,
8486,4.4,3.245,
8488,4.4,3.245,
8490,4.4,3.245,
8492,4.4,3.245,
8494,4.4,3.245,
8496,4.4,3.245,
8498,4.4,3.245,
8500,4.4,3.245,
8502,4.4,3.245,
8504,4.4,3.245,
8506,4.4,3.245,
8508,4.4,3.245,
8510,4.4,3.245,
8512,4.4,3.245,
8514,4.4,3.245,
8516,4.4,3.245,
8518,4.4,3.245,
8520,4.4,3.245,
8522,4.4,3.245,
8524,4.4,3.245,
8526,4.4,3.245,
8528,4.4,3.245,
8530,4.4,3.245,
8532,4.4,3.245,
8534,4.4,3.245,
8536,4.4,3.245,
8538,4.4,3.245,
8540,4.4,3.245,
8542,4.4,3.245,
8544,4.4,3.245,
8546,4.4,3.245,
8548,4.4,3.245,
8550,4.4,3.245,
8552,4.4,3.245,
8554,4.4,3.245,
8556,4.4,3.245,
8558,4.4,3.245,
8560,4.4,3.245,
8562,4.4,3.245,
8564,4.4,3.245,
8566,4.4,3.245,
8568,4.4,3.245,
8570,4.4,3.245,
8572,4.4,3.245,
8574,4.4,3.245,
8576,4.4,3.245,
8578,4.4,3.245,
8580,4.4,3.245,
8582,4.4,3.245,
8584,4.4,3.245,
8586,4.4,3.245,
8588,4.4,3.245,
8590,4.4,3.245,
8592,4.4,3.245,
8594,4.4,3.245,
8596,4.4,3.245,
8598,4.4,3.245,
8600,4.4,3.245,
8602,4.4,3.245,
8604,4.4,3.245,
8606,4.4,3.245,
8608,4.4,3.245,
8610,4.4,3.245,
8612,4.4,3.245,
8614,4.4,3.245,
8616,4.4,3.245,
8618,4.4,3.245,
8620,4.4,3.245,
8622,4.4,3.245,
8624,4.4,3.245,
8626,4.4,3.245,
8628,4.4,3.245,
8630,4.4,3.245,
8632,4.4,3.245,
8634,4.4,3.245,
8636,4.4,3.245,
8638,4.4,3.245,
8640,4.4,3.245,
8642,4.4,3.245,
8644,4.4,3.245,
8646,4.4,3.245,
8648,4.4,3.245,
8650,4.4,3.245,
8652,4.4,3.245,
8654,4.4,3.245,
8656,4.4,3.245,
8658,4.4,3.245,
8660,4.4,3.245,
8662,4.4,3.245,
8664,4.4,3.245,
8666,4.4,3.245,
8668,4.4,3.245,
8670,4.4,3.245,
8672,4.4,3.245,
8674,4.4,3.245,
8676,4.4,3.245,
8678,4.4,3.245,
8680,4.4,3.245,
8682,4.4,3.245,
8684,4.4,3.245,
8686,4.4,3.245,
8688,4.4,3.245,
8690,4.4,3.245,
8692,4.4,3.245,
8694,4.4,3.245,
8696,4.4,3.245,
8698,4.4,3.245,
8700,4.4,3.245,
8702,4.4,3.245,
8704,4.4,3.245,
8706,4.4,3.245,
8708,4.4,3.245,
8710,4.4,3.245,
8712,4.4,3.245,
8714,4.4,3.245,
8716,4.4,3.245,
8718,4.4,3.245,
8720,4.4,3.245,
8722,4.4,3.245,
8724,4.4,3.245,
8726,4.4,3.245,
8728,4.4,3.245,
8730,4.4,3.245,
8732,4.4,3.245,
8734,4.4,3.245,
8736,4.4,3.245,
8738,4.4,3.245,
8740,4.4,3.245,
8742,4.4,3.245,
8744,4.4,3.245,
8746,4.4,3.245,
8748,4.4,3.245,
8750,4.4,3.245,
8752,4.4,3.245,
8754,4.4,3.245,
8756,4.4,3.245,
8758,4.4,3.245,
8760,4.4,3.245,
8762,4.4,3.245,
8764,4.4,3.245,
8766,4.4,3.245,
8768,4.4,3.245,
8770,4.4,3.245,
8772,4.4,3.245,
8774,4.4,3.245,
8776,4.4,3.245,
8778,4.4,3.245,
8780,4.4,3.245,
8782,4.4,3.245,
8784,4.4,3.245,
8786,4.4,3.245,
8788,4.4,3.245,
8790,4.4,3.245,
8792,4.4,3.245,
8794,4.4,3.245,
8796,4.4,3.245,
8798,4.4,3.245,
8800,4.4,3.245,
8802,4.4,3.245,
8804,4.4,3.245,
8806,4.4,3.245,
8808,4.4,3.245,
8810,4.4,3.245,
8812,4.4,3.245,
8814,4.4,3.245,
8816,4.4,3.245,
8818,4.4,3.245,
8820,4.4,3.245,
8822,4.4,3.245,
8824,4.4,3.245,
8826,4.4,3.245,
8828,4.4,3.245,
8830,4.4,3.245,
8832,4.4,3.245,
8834,4.4,3.245,
8836,4.4,3.245,
8838,4.4,3.245,
8840,4.4,3.245,
8842,4.4,3.245,
8844,4.4,3.245,
8846,4.4,3.245,
8848,4.4,3.245,
8850,4.4,3.245,
8852,4.4,3.245,
8854,4.4,3.245,
8856,4.4,3.245,
8858,4.4,3.245,
8860,4.4,3.245,
8862,4.4,3.245,
8864,4.4,3.245,
8866,4.4,3.245,
8868,4.4,3.245,
8870,4.4,3.245,
8872,4.4,3.245,
8874,4.4,3.245,
8876,4.4,3.245,
8878,4.4,3.245,
8880,4.4,3.245,
8882,4.4,3.245,
8884,4.4,3.245,
8886,4.4,3.245,
8888,4.4,3.245,
8890,4.4,3.245,
8892,4.4,3.245,
8894,4.4,3.245,
8896,4.4,3.245,
8898,4.4,3.245,
8900,4.4,3.245,
8902,4.4,3.245,
8904,4.4,3.245,
8906,4.4,3.245,
8908,4.4,3.245,
8910,4.4,3.245,
8912,4.4,3.245,
8914,4.4,3.245,
8916,4.4,3.245,
8918,4.4,3.245,
8920,4.4,3.245,
8922,4.4,3.245,
8924,4.4,3.245,
8926,4.4,3.245,
8928,4.4,3.245,
8930,4.4,3.245,
8932,4.4,3.245,
8934,4.4,3.245,
8936,4.4,3.245,
8938,4.4,3.245,
8940,4.4,3.245,
8942,4.4,3.245,
8944,4.4,3.245,
8946,4.4,3.245,
8948,4.4,3.245,
8950,4.4,3.245,
8952,4.4,3.245,
8954,4.4,3.245,
8956,4.4,3.245,
8958,4.4,3.245,
8960,4.4,3.245,
8962,4.4,3.245,
8964,4.4,3.245,
8966,4.4,3.245,
8968,4.4,3.245,
8970,4.4,3.245,
8972,4.4,3.245,
8974,4.4,3.245,
8976,4.4,3.245,
8978,4.4,3.245,
8980,4.4,3.245,
8982,4.4,3.245,
8984,4.4,3.245,
8986,4.4,3.245,
8988,4.4,3.245,
8990,4.4,3.245,
8992,4.4,3.245,
8994,4.4,3.245,
8996,4.4,3.245,
8998,4.4,3.245,
9000,4.4,3.245,
9002,4.4,3.245,
9004,4.4,3.245,
9006,4.4,3.245,
9008,4.4,3.245,
9010,4.4,3.245,
9012,4.4,3.245,
9014,4.4,3.245,
9016,4.4,3.245,
9018,4.4,3.245,
9020,4.4,3.245,
9022,4.4,3.245,
9024,4.4,3.245,
9026,4.4,3.245,
9028,4.4,3.245,
9030,4.4,3.245,
9032,4.4,3.245,
9034,4.4,3.245,
9036,4.4,3.245,
9038,4.4,3.245,
9040,4.4,3.245,
9042,4.4,3.245,
9044,4.4,3.245,
9046,4.4,3.245,
9048,4.4,3.245,
9050,4.4,3.245,
9052,4.4,3.245,
9054,4.4,3.245,
9056,4.4,3.245,
9058,4.4,3.245,
9060,4.4,3.245,
9062,4.4,3.245,
9064,4.4,3.245,
9066,4.4,3.245,
9068,4.4,3.245,
9070,4.4,3.245,
9072,4.4,3.245,
9074,4.4,3.245,
9076,4.4,3.245,
9078,4.4,3.245,
9080,4.4,3.245,
9082,4.4,3.245,
9084,4.4,3.245,
9086,4.4,3.245,
9088,4.4,3.245,
9090,4.4,3.245,
9092,4.4,3.245,
9094,4.4,3.245,
9096,4.4,3.245,
9098,4.4,3.245,
9100,4.4,3.245,
9102,4.4,3.245,
9104,4.4,3.245,
9106,4.4,3.245,
9108,4.4,3.245,
9110,4.4,3.245,
9112,4.4,3.245,
9114,4.4,3.245,
9116,4.4,3.245,
9118,4.4,3.245,
9120,4.4,3.245,
9122,4.4,3.245,
9124,4.4,3.245,
9126,4.4,3.245,
9128,4.4,3.245,
9130,4.4,3.245,
9132,4.4,3.245,
9134,4.4,3.245,
9136,4.4,3.245,
9138,4.4,3.245,
9140,4.4,3.245,
9142,4.4,3.244,
9144,4.4,3.245,
9146,4.4,3.244,
9148,4.4,3.244,
9150,4.4,3.245,
9152,4.4,3.244,
9154,4.4,3.244,
9156,4.4,3.244,
9158,4.4,3.244,
9160,4.4,3.244,
9162,4.4,3.244,
9164,4.4,3.244,
9166,4.4,3.244,
9168,4.4,3.244,
9170,4.4,3.244,
9172,4.4,3.244,
9174,4.4,3.244,
9176,4.4,3.244,
9178,4.4,3.244,
9180,4.4,3.244,
9182,4.4,3.243,
9184,4.4,3.244,
9186,4.4,3.243,
9188,4.4,3.243,
9190,4.4,3.243,
9192,4.4,3.243,
9194,4.4,3.243,
9196,4.4,3.243,
9198,4.4,3.243,
9200,4.4,3.243,
9202,4.4,3.243,
9204,4.4,3.243,
9206,4.4,3.242,
9208,4.4,3.243,
9210,4.4,3.243,
9212,4.4,3.242,
9214,4.4,3.242,
9216,4.4,3.242,
9218,4.4,3.242,
9220,4.4,3.242,
9222,4.4,3.242,
9224,4.4,3.242,
9226,4.4,3.242,
9228,4.4,3.242,
9230,4.4,3.242,
9232,4.4,3.242,
9234,4.4,3.241,
9236,4.4,3.241,
9238,4.4,3.241,
9240,4.4,3.241,
9242,4.4,3.241,
9244,4.4,3.241,
9246,4.4,3.241,
9248,4.4,3.241,
9250,4.4,3.241,
9252,4.4,3.241,
9254,4.4,3.241,
9256,4.4,3.241,
9258,4.4,3.241,
9260,4.4,3.241,
9262,4.4,3.24,
9264,4.4,3.24,
9266,4.4,3.24,
9268,4.4,3.24,
9270,4.4,3.24,
9272,4.4,3.24,
9274,4.4,3.24,
9276,4.4,3.24,
9278,4.4,3.24,
9280,4.4,3.24,
9282,4.4,3.24,
9284,4.4,3.24,
9286,4.4,3.239,
9288,4.4,3.24,
9290,4.4,3.24,
9292,4.4,3.239,
9294,4.4,3.239,
9296,4.4,3.239,
9298,4.4,3.239,
9300,4.4,3.239,
9302,4.4,3.239,
9304,4.4,3.239,
9306,4.4,3.239,
9308,4.4,3.239,
9310,4.4,3.239,
9312,4.4,3.239,
9314,4.4,3.239,
9316,4.4,3.239,
9318,4.4,3.239,
9320,4.4,3.239,
9322,4.4,3.239,
9324,4.4,3.239,
9326,4.4,3.239,
9328,4.4,3.239,
9330,4.4,3.239,
9332,4.4,3.239,
9334,4.4,3.239,
9336,4.4,3.238,
9338,4.4,3.238,
9340,4.4,3.238,
9342,4.4,3.238,
9344,4.4,3.238,
9346,4.4,3.238,
9348,4.4,3.238,
9350,4.4,3.238,
9352,4.4,3.238,
9354,4.4,3.238,
9356,4.4,3.238,
9358,4.4,3.238,
9360,4.4,3.238,
9362,4.4,3.238,
9364,4.4,3.238,
9366,4.4,3.238,
9368,4.4,3.238,
9370,4.4,3.238,
9372,4.4,3.238,
9374,4.4,3.238,
9376,4.4,3.238,
9378,4.4,3.238,
9380,4.4,3.238,
9382,4.4,3.238,
9384,4.4,3.238,
9386,4.4,3.238,
9388,4.4,3.238,
9390,4.4,3.238,
9392,4.4,3.238,
9394,4.4,3.238,
9396,4.4,3.238,
9398,4.4,3.238,
9400,4.4,3.238,
9402,4.4,3.238,
9404,4.4,3.238,
9406,4.4,3.238,
9408,4.4,3.238,
9410,4.4,3.238,
9412,4.4,3.238,
9414,4.4,3.238,
9416,4.4,3.238,
9418,4.4,3.238,
9420,4.4,3.238,
9422,4.4,3.238,
9424,4.4,3.238,
9426,4.4,3.238,
9428,4.4,3.238,
9430,4.4,3.238,
9432,4.4,3.238,
9434,4.4,3.238,
9436,4.4,3.238,
9438,4.4,3.238,
9440,4.4,3.238,
9442,4.4,3.238,
9444,4.4,3.238,
9446,4.4,3.238,
9448,4.4,3.238,
9450,4.4,3.238,
9452,4.4,3.238,
9454,4.4,3.238,
9456,4.4,3.238,
9458,4.4,3.238,
9460,4.4,3.238,
9462,4.4,3.238,
9464,4.4,3.238,
9466,4.4,3.238,
9468,4.4,3.238,
9470,4.4,3.238,
9472,4.4,3.238,
9474,4.4,3.238,
9476,4.4,3.238,
9478,4.4,3.238,
9480,4.4,3.238,
9482,4.4,3.238,
9484,4.4,3.238,
9486,4.4,3.238,
9488,4.4,3.238,
9490,4.4,3.238,
9492,4.4,3.238,
9494,4.4,3.238,
9496,4.4,3.238,
9498,4.4,3.238,
9500,4.4,3.238,
9502,4.4,3.238,
9504,4.4,3.238,
9506,4.4,3.238,
9508,4.4,3.238,
9510,4.4,3.238,
9512,4.4,3.238,
9514,4.4,3.238,
9516,4.4,3.238,
9518,4.4,3.238,
9520,4.4,3.238,
9522,4.4,3.238,
9524,4.4,3.238,
9526,4.4,3.238,
9528,4.4,3.238,
9530,4.4,3.238,
9532,4.4,3.238,
9534,4.4,3.238,
9536,4.4,3.238,
9538,4.4,3.238,
9540,4.4,3.238,
9542,4.4,3.238,
9544,4.4,3.238,
9546,4.4,3.238,
9548,4.4,3.238,
9550,4.4,3.238,
9552,4.4,3.238,
9554,4.4,3.238,
9556,4.4,3.238,
9558,4.4,3.238,
9560,4.4,3.238,
9562,4.4,3.238,
9564,4.4,3.238,
9566,4.4,3.238,
9568,4.4,3.238,
9570,4.4,3.238,
9572,4.4,3.238,
9574,4.4,3.238,
9576,4.4,3.238,
9578,4.4,3.238,
9580,4.4,3.238,
9582,4.4,3.238,
9584,4.4,3.238,
9586,4.4,3.238,
9588,4.4,3.238,
9590,4.4,3.238,
9592,4.4,3.238,
9594,4.4,3.238,
9596,4.4,3.238,
9598,4.4,3.238,
9600,4.4,3.238,
9602,4.4,3.238,
9604,4.4,3.238,
9606,4.4,3.238,
9608,4.4,3.238,
9610,4.4,3.238,
9612,4.4,3.238,
9614,4.4,3.238,
9616,4.4,3.238,
9618,4.4,3.238,
9620,4.4,3.238,
9622,4.4,3.238,
9624,4.4,3.238,
9626,4.4,3.238,
9628,4.4,3.238,
9630,4.4,3.238,
9632,4.4,3.238,
9634,4.4,3.238,
9636,4.4,3.238,
9638,4.4,3.238,
9640,4.4,3.238,
9642,4.4,3.238,
9644,4.4,3.238,
9646,4.4,3.238,
9648,4.4,3.238,
9650,4.4,3.238,
9652,4.4,3.238,
9654,4.4,3.238,
9656,4.4,3.237,
9658,4.4,3.238,
9660,4.4,3.238,
9662,4.4,3.238,
9664,4.4,3.238,
9666,4.4,3.238,
9668,4.4,3.238,
9670,4.4,3.238,
9672,4.4,3.238,
9674,4.4,3.238,
9676,4.4,3.238,
9678,4.4,3.238,
9680,4.4,3.238,
9682,4.4,3.238,
9684,4.4,3.238,
9686,4.4,3.238,
9688,4.4,3.238,
9690,4.4,3.238,
9692,4.4,3.238,
9694,4.4,3.237,
9696,4.4,3.238,
9698,4.4,3.238,
9700,4.4,3.238,
9702,4.4,3.238,
9704,4.4,3.238,
9706,4.4,3.238,
9708,4.4,3.238,
9710,4.4,3.238,
9712,4.4,3.237,
9714,4.4,3.238,
9716,4.4,3.237,
9718,4.4,3.237,
9720,4.4,3.238,
9722,4.4,3.237,
9724,4.4,3.238,
9726,4.4,3.238,
9728,4.4,3.237,
9730,4.4,3.238,
9732,4.4,3.237,
9734,4.4,3.237,
9736,4.4,3.238,
9738,4.4,3.237,
9740,4.4,3.238,
9742,4.4,3.237,
9744,4.4,3.238,
9746,4.4,3.238,
9748,4.4,3.238,
9750,4.4,3.238,
9752,4.4,3.237,
9754,4.4,3.237,
9756,4.4,3.237,
9758,4.4,3.237,
9760,4.4,3.237,
9762,4.4,3.237,
9764,4.4,3.237,
9766,4.4,3.237,
9768,4.4,3.237,
9770,4.4,3.237,
9772,4.4,3.237,
9774,4.4,3.237,
9776,4.4,3.237,
9778,4.4,3.237,
9780,4.4,3.237,
9782,4.4,3.237,
9784,4.4,3.237,
9786,4.4,3.237,
9788,4.4,3.237,
9790,4.4,3.237,
9792,4.4,3.237,
9794,4.4,3.237,
9796,4.4,3.237,
9798,4.4,3.237,
9800,4.4,3.237,
9802,4.4,3.237,
9804,4.4,3.237,
9806,4.4,3.237,
9808,4.4,3.237,
9810,4.4,3.237,
9812,4.4,3.237,
9814,4.4,3.237,
9816,4.4,3.237,
9818,4.4,3.237,
9820,4.4,3.237,
9822,4.4,3.237,
9824,4.4,3.237,
9826,4.4,3.237,
9828,4.4,3.237,
9830,4.4,3.237,
9832,4.4,3.237,
9834,4.4,3.237,
9836,4.4,3.237,
9838,4.4,3.237,
9840,4.4,3.237,
9842,4.4,3.237,
9844,4.4,3.237,
9846,4.4,3.237,
9848,4.4,3.237,
9850,4.4,3.237,
9852,4.4,3.237,
9854,4.4,3.237,
9856,4.4,3.237,
9858,4.4,3.237,
9860,4.4,3.237,
9862,4.4,3.237,
9864,4.4,3.237,
9866,4.4,3.237,
9868,4.4,3.237,
9870,4.4,3.237,
9872,4.4,3.237,
9874,4.4,3.237,
9876,4.4,3.237,
9878,4.4,3.237,
9880,4.4,3.237,
9882,4.4,3.237,
9884,4.4,3.237,
9886,4.4,3.237,
9888,4.4,3.237,
9890,4.4,3.236,
9892,4.4,3.236,
9894,4.4,3.237,
9896,4.4,3.236,
9898,4.4,3.236,
9900,4.4,3.236,
9902,4.4,3.236,
9904,4.4,3.236,
9906,4.4,3.236,
9908,4.4,3.236,
9910,4.4,3.236,
9912,4.4,3.236,
9914,4.4,3.236,
9916,4.4,3.235,
9918,4.4,3.236,
9920,4.4,3.235,
9922,4.4,3.235,
9924,4.4,3.235,
9926,4.4,3.235,
9928,4.4,3.235,
9930,4.4,3.235,
9932,4.4,3.235,
9934,4.4,3.235,
9936,4.4,3.235,
9938,4.4,3.235,
9940,4.4,3.235,
9942,4.4,3.235,
9944,4.4,3.235,
9946,4.4,3.235,
9948,4.4,3.235,
9950,4.4,3.235,
9952,4.4,3.234,
9954,4.4,3.235,
9956,4.4,3.234,
9958,4.4,3.234,
9960,4.4,3.234,
9962,4.4,3.234,
9964,4.4,3.234,
9966,4.4,3.234,
9968,4.4,3.234,
9970,4.4,3.234,
9972,4.4,3.234,
9974,4.4,3.234,
9976,4.4,3.233,
9978,4.4,3.233,
9980,4.4,3.233,
9982,4.4,3.233,
9984,4.4,3.233,
9986,4.4,3.233,
9988,4.4,3.233,
9990,4.4,3.233,
9992,4.4,3.233,
9994,4.4,3.233,
9996,4.4,3.233,
9998,4.4,3.232,
10000,4.4,3.232,
10002,4.4,3.232,
10004,4.4,3.232,
10006,4.4,3.232,
10008,4.4,3.232,
10010,4.4,3.232,
10012,4.4,3.232,
10014,4.4,3.232,
10016,4.4,3.232,
10018,4.4,3.232,
10020,4.4,3.232,
10022,4.4,3.232,
10024,4.4,3.232,
10026,4.4,3.232,
10028,4.4,3.232,
10030,4.4,3.231,
10032,4.4,3.231,
10034,4.4,3.231,
10036,4.4,3.231,
10038,4.4,3.231,
10040,4.4,3.231,
10042,4.4,3.231,
10044,4.4,3.231,
10046,4.4,3.231,
10048,4.4,3.231,
10050,4.4,3.231,
10052,4.4,3.231,
10054,4.4,3.231,
10056,4.4,3.231,
10058,4.4,3.231,
10060,4.4,3.231,
10062,4.4,3.231,
10064,4.4,3.231,
10066,4.4,3.231,
10068,4.4,3.231,
10070,4.4,3.231,
10072,4.4,3.231,
10074,4.4,3.231,
10076,4.4,3.231,
10078,4.4,3.231,
10080,4.4,3.231,
10082,4.4,3.231,
10084,4.4,3.231,
10086,4.4,3.231,
10088,4.4,3.231,
10090,4.4,3.231,
10092,4.4,3.231,
10094,4.4,3.231,
10096,4.4,3.231,
10098,4.4,3.231,
10100,4.4,3.231,
10102,4.4,3.231,
10104,4.4,3.231,
10106,4.4,3.231,
10108,4.4,3.231,
10110,4.4,3.231,
10112,4.4,3.231,
10114,4.4,3.231,
10116,4.4,3.231,
10118,4.4,3.231,
10120,4.4,3.231,
10122,4.4,3.231,
10124,4.4,3.231,
10126,4.4,3.231,
10128,4.4,3.231,
10130,4.4,3.231,
10132,4.4,3.231,
10134,4.4,3.231,
10136,4.4,3.231,
10138,4.4,3.231,
10140,4.4,3.231,
10142,4.4,3.231,
10144,4.4,3.231,
10146,4.4,3.231,
10148,4.4,3.231,
10150,4.4,3.231,
10152,4.4,3.231,
10154,4.4,3.231,
10156,4.4,3.231,
10158,4.4,3.231,
10160,4.4,3.231,
10162,4.4,3.231,
10164,4.4,3.231,
10166,4.4,3.231,
10168,4.4,3.231,
10170,4.4,3.231,
10172,4.4,3.231,
10174,4.4,3.231,
10176,4.4,3.231,
10178,4.4,3.231,
10180,4.4,3.231,
10182,4.4,3.231,
10184,4.4,3.231,
10186,4.4,3.231,
10188,4.4,3.231,
10190,4.4,3.231,
10192,4.4,3.231,
10194,4.4,3.231,
10196,4.4,3.231,
10198,4.4,3.231,
10200,4.4,3.231,
10202,4.4,3.231,
10204,4.4,3.231,
10206,4.4,3.231,
10208,4.4,3.231,
10210,4.4,3.231,
10212,4.4,3.231,
10214,4.4,3.231,
10216,4.4,3.231,
10218,4.4,3.231,
10220,4.4,3.231,
10222,4.4,3.231,
10224,4.4,3.231,
10226,4.4,3.231,
10228,4.4,3.231,
10230,4.4,3.231,
10232,4.4,3.231,
10234,4.4,3.231,
10236,4.4,3.231,
10238,4.4,3.231,
10240,4.4,3.231,
10242,4.4,3.231,
10244,4.4,3.231,
10246,4.4,3.231,
10248,4.4,3.231,
10250,4.4,3.231,
10252,4.4,3.231,
10254,4.4,3.231,
10256,4.4,3.231,
10258,4.4,3.231,
10260,4.4,3.231,
10262,4.4,3.231,
10264,4.4,3.231,
10266,4.4,3.231,
10268,4.4,3.231,
10270,4.4,3.231,
10272,4.4,3.231,
10274,4.4,3.231,
10276,4.4,3.231,
10278,4.4,3.231,
10280,4.4,3.231,
10282,4.4,3.231,
10284,4.4,3.231,
10286,4.4,3.231,
10288,4.4,3.231,
10290,4.4,3.231,
10292,4.4,3.231,
10294,4.4,3.231,
10296,4.4,3.231,
10298,4.4,3.231,
10300,4.4,3.231,
10302,4.4,3.231,
10304,4.4,3.231,
10306,4.4,3.231,
10308,4.4,3.231,
10310,4.4,3.231,
10312,4.4,3.231,
10314,4.4,3.231,
10316,4.4,3.231,
10318,4.4,3.231,
10320,4.4,3.231,
10322,4.4,3.231,
10324,4.4,3.231,
10326,4.4,3.231,
10328,4.4,3.231,
10330,4.4,3.231,
10332,4.4,3.231,
10334,4.4,3.231,
10336,4.4,3.231,
10338,4.4,3.231,
10340,4.4,3.231,
10342,4.4,3.231,
10344,4.4,3.231,
10346,4.4,3.23,
10348,4.4,3.231,
10350,4.4,3.231,
10352,4.4,3.231,
10354,4.4,3.231,
10356,4.4,3.231,
10358,4.4,3.23,
10360,4.4,3.231,
10362,4.4,3.231,
10364,4.4,3.231,
10366,4.4,3.23,
10368,4.4,3.23,
10370,4.4,3.231,
10372,4.4,3.231,
10374,4.4,3.231,
10376,4.4,3.231,
10378,4.4,3.231,
10380,4.4,3.231,
10382,4.4,3.231,
10384,4.4,3.23,
10386,4.4,3.23,
10388,4.4,3.231,
10390,4.4,3.23,
10392,4.4,3.23,
10394,4.4,3.231,
10396,4.4,3.231,
10398,4.4,3.23,
10400,4.4,3.231,
10402,4.4,3.23,
10404,4.4,3.23,
10406,4.4,3.23,
10408,4.4,3.23,
10410,4.4,3.23,
10412,4.4,3.23,
10414,4.4,3.23,
10416,4.4,3.23,
10418,4.4,3.23,
10420,4.4,3.23,
10422,4.4,3.23,
10424,4.4,3.23,
10426,4.4,3.23,
10428,4.4,3.23,
10430,4.4,3.23,
10432,4.4,3.23,
10434,4.4,3.23,
10436,4.4,3.23,
10438,4.4,3.23,
10440,4.4,3.23,
10442,4.4,3.23,
10444,4.4,3.23,
10446,4.4,3.23,
10448,4.4,3.23,
10450,4.4,3.23,
10452,4.4,3.23,
10454,4.4,3.23,
10456,4.4,3.23,
10458,4.4,3.23,
10460,4.4,3.23,
10462,4.4,3.23,
10464,4.4,3.23,
10466,4.4,3.23,
10468,4.4,3.23,
10470,4.4,3.23,
10472,4.4,3.23,
10474,4.4,3.23,
10476,4.4,3.23,
10478,4.4,3.23,
10480,4.4,3.23,
10482,4.4,3.23,
10484,4.4,3.23,
10486,4.4,3.23,
10488,4.4,3.23,
10490,4.4,3.23,
10492,4.4,3.23,
10494,4.4,3.23,
10496,4.4,3.23,
10498,4.4,3.23,
10500,4.4,3.23,
10502,4.4,3.23,
10504,4.4,3.23,
10506,4.4,3.23,
10508,4.4,3.23,
10510,4.4,3.23,
10512,4.4,3.23,
10514,4.4,3.23,
10516,4.4,3.23,
10518,4.4,3.23,
10520,4.4,3.23,
10522,4.4,3.23,
10524,4.4,3.23,
10526,4.4,3.23,
10528,4.4,3.23,
10530,4.4,3.23,
10532,4.4,3.23,
10534,4.4,3.229,
10536,4.4,3.229,
10538,4.4,3.229,
10540,4.4,3.229,
10542,4.4,3.229,
10544,4.4,3.229,
10546,4.4,3.229,
10548,4.4,3.229,
10550,4.4,3.229,
10552,4.4,3.229,
10554,4.4,3.229,
10556,4.4,3.229,
10558,4.4,3.228,
10560,4.4,3.229,
10562,4.4,3.228,
10564,4.4,3.228,
10566,4.4,3.228,
10568,4.4,3.228,
10570,4.4,3.228,
10572,4.4,3.228,
10574,4.4,3.227,
10576,4.4,3.228,
10578,4.4,3.227,
10580,4.4,3.227,
10582,4.4,3.227,
10584,4.4,3.227,
10586,4.4,3.227,
10588,4.4,3.226,
10590,4.4,3.227,
10592,4.4,3.226,
10594,4.4,3.226,
10596,4.4,3.226,
10598,4.4,3.226,
10600,4.4,3.226,
10602,4.4,3.226,
10604,4.4,3.225,
10606,4.4,3.226,
10608,4.4,3.225,
10610,4.4,3.225,
10612,4.4,3.225,
10614,4.4,3.225,
10616,4.4,3.225,
10618,4.4,3.225,
10620,4.4,3.225,
10622,4.4,3.225,
10624,4.4,3.225,
10626,4.4,3.225,
10628,4.4,3.225,
10630,4.4,3.225,
10632,4.4,3.225,
10634,4.4,3.225,
10636,4.4,3.225,
10638,4.4,3.225,
10640,4.4,3.225,
10642,4.4,3.225,
10644,4.4,3.225,
10646,4.4,3.225,
10648,4.4,3.225,
10650,4.4,3.225,
10652,4.4,3.225,
10654,4.4,3.224,
10656,4.4,3.225,
10658,4.4,3.224,
10660,4.4,3.224,
10662,4.4,3.224,
10664,4.4,3.224,
10666,4.4,3.224,
10668,4.4,3.224,
10670,4.4,3.224,
10672,4.4,3.224,
10674,4.4,3.224,
10676,4.4,3.224,
10678,4.4,3.224,
10680,4.4,3.224,
10682,4.4,3.224,
10684,4.4,3.224,
10686,4.4,3.224,
10688,4.4,3.224,
10690,4.4,3.224,
10692,4.4,3.224,
10694,4.4,3.224,
10696,4.4,3.224,
10698,4.4,3.224,
10700,4.4,3.224,
10702,4.4,3.224,
10704,4.4,3.224,
10706,4.4,3.224,
10708,4.4,3.224,
10710,4.4,3.224,
10712,4.4,3.224,
10714,4.4,3.224,
10716,4.4,3.224,
10718,4.4,3.224,
10720,4.4,3.224,
10722,4.4,3.224,
10724,4.4,3.224,
10726,4.4,3.224,
10728,4.4,3.224,
10730,4.4,3.224,
10732,4.4,3.224,
10734,4.4,3.224,
10736,4.4,3.224,
10738,4.4,3.224,
10740,4.4,3.224,
10742,4.4,3.224,
10744,4.4,3.224,
10746,4.4,3.224,
10748,4.4,3.224,
10750,4.4,3.224,
10752,4.4,3.224,
10754,4.4,3.224,
10756,4.4,3.224,
10758,4.4,3.224,
10760,4.4,3.224,
10762,4.4,3.224,
10764,4.4,3.224,
10766,4.4,3.224,
10768,4.4,3.224,
10770,4.4,3.224,
10772,4.4,3.224,
10774,4.4,3.224,
10776,4.4,3.224,
10778,4.4,3.224,
10780,4.4,3.224,
10782,4.4,3.224,
10784,4.4,3.224,
10786,4.4,3.224,
10788,4.4,3.224,
10790,4.4,3.224,
10792,4.4,3.224,
10794,4.4,3.224,
10796,4.4,3.224,
10798,4.4,3.224,
10800,4.4,3.224,
10802,4.4,3.224,
10804,4.4,3.224,
10806,4.4,3.224,
10808,4.4,3.224,
10810,4.4,3.224,
10812,4.4,3.224,
10814,4.4,3.224,
10816,4.4,3.224,
10818,4.4,3.224,
10820,4.4,3.224,
10822,4.4,3.224,
10824,4.4,3.224,
10826,4.4,3.224,
10828,4.4,3.224,
10830,4.4,3.224,
10832,4.4,3.224,
10834,4.4,3.224,
10836,4.4,3.224,
10838,4.4,3.224,
10840,4.4,3.224,
10842,4.4,3.224,
10844,4.4,3.224,
10846,4.4,3.224,
10848,4.4,3.224,
10850,4.4,3.224,
10852,4.4,3.224,
10854,4.4,3.224,
10856,4.4,3.224,
10858,4.4,3.224,
10860,4.4,3.224,
10862,4.4,3.224,
10864,4.4,3.224,
10866,4.4,3.224,
10868,4.4,3.224,
10870,4.4,3.224,
10872,4.4,3.224,
10874,4.4,3.224,
10876,4.4,3.224,
10878,4.4,3.224,
10880,4.4,3.224,
10882,4.4,3.224,
10884,4.4,3.224,
10886,4.4,3.224,
10888,4.4,3.224,
10890,4.4,3.224,
10892,4.4,3.224,
10894,4.4,3.224,
10896,4.4,3.224,
10898,4.4,3.224,
10900,4.4,3.224,
10902,4.4,3.224,
10904,4.4,3.224,
10906,4.4,3.224,
10908,4.4,3.224,
10910,4.4,3.224,
10912,4.4,3.224,
10914,4.4,3.224,
10916,4.4,3.224,
10918,4.4,3.224,
10920,4.4,3.224,
10922,4.4,3.224,
10924,4.4,3.224,
10926,4.4,3.224,
10928,4.4,3.224,
10930,4.4,3.224,
10932,4.4,3.224,
10934,4.4,3.224,
10936,4.4,3.224,
10938,4.4,3.224,
10940,4.4,3.223,
10942,4.4,3.224,
10944,4.4,3.224,
10946,4.4,3.224,
10948,4.4,3.224,
10950,4.4,3.224,
10952,4.4,3.224,
10954,4.4,3.223,
10956,4.4,3.224,
10958,4.4,3.223,
10960,4.4,3.224,
10962,4.4,3.224,
10964,4.4,3.224,
10966,4.4,3.224,
10968,4.4,3.223,
10970,4.4,3.224,
10972,4.4,3.224,
10974,4.4,3.224,
10976,4.4,3.224,
10978,4.4,3.224,
10980,4.4,3.223,
10982,4.4,3.223,
10984,4.4,3.223,
10986,4.4,3.224,
10988,4.4,3.223,
10990,4.4,3.223,
10992,4.4,3.223,
10994,4.4,3.223,
10996,4.4,3.223,
10998,4.4,3.223,
11000,4.4,3.223,
11002,4.4,3.223,
11004,4.4,3.223,
11006,4.4,3.223,
11008,4.4,3.223,
11010,4.4,3.223,
11012,4.4,3.223,
11014,4.4,3.223,
11016,4.4,3.223,
11018,4.4,3.224,
11020,4.4,3.223,
11022,4.4,3.223,
11024,4.4,3.223,
11026,4.4,3.223,
11028,4.4,3.223,
11030,4.4,3.223,
11032,4.4,3.223,
11034,4.4,3.223,
11036,4.4,3.223,
11038,4.4,3.223,
11040,4.4,3.223,
11042,4.4,3.223,
11044,4.4,3.223,
11046,4.4,3.223,
11048,4.4,3.223,
11050,4.4,3.223,
11052,4.4,3.223,
11054,4.4,3.223,
11056,4.4,3.223,
11058,4.4,3.223,
11060,4.4,3.223,
11062,4.4,3.223,
11064,4.4,3.223,
11066,4.4,3.223,
11068,4.4,3.223,
11070,4.4,3.223,
11072,4.4,3.223,
11074,4.4,3.223,
11076,4.4,3.223,
11078,4.4,3.223,
11080,4.4,3.223,
11082,4.4,3.223,
11084,4.4,3.223,
11086,4.4,3.223,
11088,4.4,3.223,
11090,4.4,3.223,
11092,4.4,3.223,
11094,4.4,3.223,
11096,4.4,3.223,
11098,4.4,3.223,
11100,4.4,3.223,
11102,4.4,3.223,
11104,4.4,3.223,
11106,4.4,3.223,
11108,4.4,3.223,
11110,4.4,3.223,
11112,4.4,3.223,
11114,4.4,3.222,
11116,4.4,3.223,
11118,4.4,3.222,
11120,4.4,3.222,
11122,4.4,3.222,
11124,4.4,3.222,
11126,4.4,3.222,
11128,4.4,3.222,
11130,4.4,3.222,
11132,4.4,3.222,
11134,4.4,3.222,
11136,4.4,3.222,
11138,4.4,3.221,
11140,4.4,3.221,
11142,4.4,3.221,
11144,4.4,3.221,
11146,4.4,3.221,
11148,4.4,3.221,
11150,4.4,3.221,
11152,4.4,3.221,
11154,4.4,3.221,
11156,4.4,3.221,
11158,4.4,3.221,
11160,4.4,3.221,
11162,4.4,3.22,
11164,4.4,3.22,
11166,4.4,3.22,
11168,4.4,3.22,
11170,4.4,3.22,
11172,4.4,3.22,
11174,4.4,3.219,
11176,4.4,3.219,
11178,4.4,3.22,
11180,4.4,3.219,
11182,4.4,3.219,
11184,4.4,3.219,
11186,4.4,3.219,
11188,4.4,3.219,
11190,4.4,3.219,
11192,4.4,3.219,
11194,4.4,3.218,
11196,4.4,3.219,
11198,4.4,3.218,
11200,4.4,3.218,
11202,4.4,3.218,
11204,4.4,3.218,
11206,4.4,3.218,
11208,4.4,3.218,
11210,4.4,3.218,
11212,4.4,3.218,
11214,4.4,3.217,
11216,4.4,3.217,
11218,4.4,3.217,
11220,4.4,3.217,
11222,4.4,3.217,
11224,4.4,3.217,
11226,4.4,3.217,
11228,4.4,3.217,
11230,4.4,3.217,
11232,4.4,3.217,
11234,4.4,3.217,
11236,4.4,3.217,
11238,4.4,3.217,
11240,4.4,3.217,
11242,4.4,3.217,
11244,4.4,3.216,
11246,4.4,3.217,
11248,4.4,3.216,
11250,4.4,3.216,
11252,4.4,3.216,
11254,4.4,3.216,
11256,4.4,3.216,
11258,4.4,3.216,
11260,4.4,3.216,
11262,4.4,3.216,
11264,4.4,3.216,
11266,4.4,3.216,
11268,4.4,3.216,
11270,4.4,3.216,
11272,4.4,3.216,
11274,4.4,3.216,
11276,4.4,3.216,
11278,4.4,3.216,
11280,4.4,3.216,
11282,4.4,3.216,
11284,4.4,3.216,
11286,4.4,3.216,
11288,4.4,3.216,
11290,4.4,3.216,
11292,4.4,3.216,
11294,4.4,3.216,
11296,4.4,3.216,
11298,4.4,3.216,
11300,4.4,3.216,
11302,4.4,3.216,
11304,4.4,3.216,
11306,4.4,3.216,
11308,4.4,3.216,
11310,4.4,3.216,
11312,4.4,3.216,
11314,4.4,3.216,
11316,4.4,3.216,
11318,4.4,3.216,
11320,4.4,3.216,
11322,4.4,3.216,
11324,4.4,3.216,
11326,4.4,3.216,
11328,4.4,3.216,
11330,4.4,3.216,
11332,4.4,3.216,
11334,4.4,3.216,
11336,4.4,3.216,
11338,4.4,3.216,
11340,4.4,3.216,
11342,4.4,3.216,
11344,4.4,3.216,
11346,4.4,3.216,
11348,4.4,3.216,
11350,4.4,3.216,
11352,4.4,3.216,
11354,4.4,3.216,
11356,4.4,3.216,
11358,4.4,3.216,
11360,4.4,3.216,
11362,4.4,3.216,
11364,4.4,3.216,
11366,4.4,3.216,
11368,4.4,3.216,
11370,4.4,3.216,
11372,4.4,3.216,
11374,4.4,3.216,
11376,4.4,3.216,
11378,4.4,3.216,
11380,4.4,3.216,
11382,4.4,3.216,
11384,4.4,3.216,
11386,4.4,3.216,
11388,4.4,3.216,
11390,4.4,3.216,
11392,4.4,3.216,
11394,4.4,3.216,
11396,4.4,3.216,
11398,4.4,3.216,
11400,4.4,3.216,
11402,4.4,3.216,
11404,4.4,3.216,
11406,4.4,3.216,
11408,4.4,3.216,
11410,4.4,3.216,
11412,4.4,3.216,
11414,4.4,3.216,
11416,4.4,3.216,
11418,4.4,3.216,
11420,4.4,3.216,
11422,4.4,3.216,
11424,4.4,3.216,
11426,4.4,3.216,
11428,4.4,3.216,
11430,4.4,3.216,
11432,4.4,3.216,
11434,4.4,3.216,
11436,4.4,3.216,
11438,4.4,3.216,
11440,4.4,3.216,
11442,4.4,3.216,
11444,4.4,3.216,
11446,4.4,3.216,
11448,4.4,3.216,
11450,4.4,3.216,
11452,4.4,3.216,
11454,4.4,3.216,
11456,4.4,3.216,
11458,4.4,3.216,
11460,4.4,3.216,
11462,4.4,3.216,
11464,4.4,3.216,
11466,4.4,3.216,
11468,4.4,3.216,
11470,4.4,3.216,
11472,4.4,3.216,
11474,4.4,3.216,
11476,4.4,3.216,
11478,4.4,3.216,
11480,4.4,3.216,
11482,4.4,3.216,
11484,4.4,3.216,
11486,4.4,3.216,
11488,4.4,3.216,
11490,4.4,3.216,
11492,4.4,3.216,
11494,4.4,3.216,
11496,4.4,3.216,
11498,4.4,3.216,
11500,4.4,3.216,
11502,4.4,3.216,
11504,4.4,3.216,
11506,4.4,3.216,
11508,4.4,3.216,
11510,4.4,3.216,
11512,4.4,3.216,
11514,4.4,3.216,
11516,4.4,3.216,
11518,4.4,3.216,
11520,4.4,3.216,
11522,4.4,3.216,
11524,4.4,3.215,
11526,4.4,3.216,
11528,4.4,3.216,
11530,4.4,3.216,
11532,4.4,3.216,
11534,4.4,3.216,
11536,4.4,3.216,
11538,4.4,3.216,
11540,4.4,3.216,
11542,4.4,3.216,
11544,4.4,3.216,
11546,4.4,3.216,
11548,4.4,3.216,
11550,4.4,3.216,
11552,4.4,3.216,
11554,4.4,3.216,
11556,4.4,3.216,
11558,4.4,3.216,
11560,4.4,3.216,
11562,4.4,3.216,
11564,4.4,3.216,
11566,4.4,3.216,
11568,4.4,3.216,
11570,4.4,3.216,
11572,4.4,3.216,
11574,4.4,3.216,
11576,4.4,3.216,
11578,4.4,3.215,
11580,4.4,3.216,
11582,4.4,3.216,
11584,4.4,3.215,
11586,4.4,3.216,
11588,4.4,3.216,
11590,4.4,3.216,
11592,4.4,3.216,
11594,4.4,3.215,
11596,4.4,3.215,
11598,4.4,3.215,
11600,4.4,3.216,
11602,4.4,3.215,
11604,4.4,3.215,
11606,4.4,3.216,
11608,4.4,3.215,
11610,4.4,3.215,
11612,4.4,3.215,
11614,4.4,3.215,
11616,4.4,3.215,
11618,4.4,3.215,
11620,4.4,3.215,
11622,4.4,3.215,
11624,4.4,3.215,
11626,4.4,3.215,
11628,4.4,3.215,
11630,4.4,3.215,
11632,4.4,3.215,
11634,4.4,3.215,
11636,4.4,3.215,
11638,4.4,3.215,
11640,4.4,3.215,
11642,4.4,3.215,
11644,4.4,3.215,
11646,4.4,3.215,
11648,4.4,3.215,
11650,4.4,3.215,
11652,4.4,3.215,
11654,4.4,3.215,
11656,4.4,3.215,
11658,4.4,3.215,
11660,4.4,3.215,
11662,4.4,3.215,
11664,4.4,3.215,
11666,4.4,3.215,
11668,4.4,3.215,
11670,4.4,3.215,
11672,4.4,3.215,
11674,4.4,3.215,
11676,4.4,3.215,
11678,4.4,3.215,
11680,4.4,3.215,
11682,4.4,3.215,
11684,4.4,3.215,
11686,4.4,3.215,
11688,4.4,3.215,
11690,4.4,3.215,
11692,4.4,3.215,
11694,4.4,3.215,
11696,4.4,3.215,
11698,4.4,3.215,
11700,4.4,3.215,
11702,4.4,3.215,
11704,4.4,3.215,
11706,4.4,3.215,
11708,4.4,3.215,
11710,4.4,3.215,
11712,4.4,3.215,
11714,4.4,3.215,
11716,4.4,3.215,
11718,4.4,3.215,
11720,4.4,3.215,
11722,4.4,3.215,
11724,4.4,3.215,
11726,4.4,3.215,
11728,4.4,3.215,
11730,4.4,3.215,
11732,4.4,3.215,
11734,4.4,3.215,
11736,4.4,3.215,
11738,4.4,3.215,
11740,4.4,3.215,
11742,4.4,3.215,
11744,4.4,3.215,
11746,4.4,3.215,
11748,4.4,3.215,
11750,4.4,3.215,
11752,4.4,3.215,
11754,4.4,3.215,
11756,4.4,3.214,
11758,4.4,3.214,
11760,4.4,3.214,
11762,4.4,3.214,
11764,4.4,3.214,
11766,4.4,3.213,
11768,4.4,3.213,
11770,4.4,3.213,
11772,4.4,3.213,
11774,4.4,3.213,
11776,4.4,3.213,
11778,4.4,3.213,
11780,4.4,3.213,
11782,4.4,3.213,
11784,4.4,3.212,
11786,4.4,3.212,
11788,4.4,3.212,
11790,4.4,3.212,
11792,4.4,3.212,
11794,4.4,3.212,
11796,4.4,3.212,
11798,4.4,3.211,
11800,4.4,3.212,
11802,4.4,3.212,
11804,4.4,3.211,
11806,4.4,3.211,
11808,4.4,3.211,
11810,4.4,3.211,
11812,4.4,3.211,
11814,4.4,3.211,
11816,4.4,3.211,
11818,4.4,3.21,
11820,4.4,3.21,
11822,4.4,3.21,
11824,4.4,3.21,
11826,4.4,3.21,
11828,4.4,3.21,
11830,4.4,3.21,
11832,4.4,3.21,
11834,4.4,3.21,
11836,4.4,3.21,
11838,4.4,3.21,
11840,4.4,3.21,
11842,4.4,3.21,
11844,4.4,3.209,
11846,4.4,3.209,
11848,4.4,3.209,
11850,4.4,3.209,
11852,4.4,3.209,
11854,4.4,3.209,
11856,4.4,3.209,
11858,4.4,3.209,
11860,4.4,3.209,
11862,4.4,3.209,
11864,4.4,3.209,
11866,4.4,3.209,
11868,4.4,3.209,
11870,4.4,3.209,
11872,4.4,3.209,
11874,4.4,3.209,
11876,4.4,3.209,
11878,4.4,3.209,
11880,4.4,3.209,
11882,4.4,3.209,
11884,4.4,3.209,
11886,4.4,3.209,
11888,4.4,3.209,
11890,4.4,3.209,
11892,4.4,3.209,
11894,4.4,3.209,
11896,4.4,3.209,
11898,4.4,3.209,
11900,4.4,3.209,
11902,4.4,3.209,
11904,4.4,3.209,
11906,4.4,3.209,
11908,4.4,3.209,
11910,4.4,3.209,
11912,4.4,3.209,
11914,4.4,3.209,
11916,4.4,3.209,
11918,4.4,3.209,
11920,4.4,3.209,
11922,4.4,3.209,
11924,4.4,3.209,
11926,4.4,3.209,
11928,4.4,3.209,
11930,4.4,3.209,
11932,4.4,3.209,
11934,4.4,3.209,
11936,4.4,3.209,
11938,4.4,3.209,
11940,4.4,3.209,
11942,4.4,3.209,
11944,4.4,3.209,
11946,4.4,3.209,
11948,4.4,3.209,
11950,4.4,3.209,
11952,4.4,3.209,
11954,4.4,3.209,
11956,4.4,3.209,
11958,4.4,3.209,
11960,4.4,3.209,
11962,4.4,3.209,
11964,4.4,3.209,
11966,4.4,3.209,
11968,4.4,3.209,
11970,4.4,3.209,
11972,4.4,3.209,
11974,4.4,3.209,
11976,4.4,3.209,
11978,4.4,3.209,
11980,4.4,3.209,
11982,4.4,3.209,
11984,4.4,3.209,
11986,4.4,3.209,
11988,4.4,3.209,
11990,4.4,3.209,
11992,4.4,3.209,
11994,4.4,3.209,
11996,4.4,3.209,
11998,4.4,3.209,
12000,4.4,3.209,
12002,4.4,3.209,
12004,4.4,3.209,
12006,4.4,3.209,
12008,4.4,3.209,
12010,4.4,3.209,
12012,4.4,3.209,
12014,4.4,3.209,
12016,4.4,3.209,
12018,4.4,3.209,
12020,4.4,3.209,
12022,4.4,3.209,
12024,4.4,3.209,
12026,4.4,3.209,
12028,4.4,3.209,
12030,4.4,3.209,
12032,4.4,3.209,
12034,4.4,3.209,
12036,4.4,3.209,
12038,4.4,3.209,
12040,4.4,3.209,
12042,4.4,3.209,
12044,4.4,3.209,
12046,4.4,3.209,
12048,4.4,3.209,
12050,4.4,3.209,
12052,4.4,3.209,
12054,4.4,3.209,
12056,4.4,3.209,
12058,4.4,3.209,
12060,4.4,3.209,
12062,4.4,3.209,
12064,4.4,3.209,
12066,4.4,3.209,
12068,4.4,3.209,
12070,4.4,3.209,
12072,4.4,3.209,
12074,4.4,3.209,
12076,4.4,3.209,
12078,4.4,3.208,
12080,4.4,3.209,
12082,4.4,3.209,
12084,4.4,3.209,
12086,4.4,3.209,
12088,4.4,3.208,
12090,4.4,3.209,
12092,4.4,3.208,
12094,4.4,3.208,
12096,4.4,3.208,
12098,4.4,3.208,
12100,4.4,3.208,
12102,4.4,3.208,
12104,4.4,3.208,
12106,4.4,3.208,
12108,4.4,3.208,
12110,4.4,3.208,
12112,4.4,3.208,
12114,4.4,3.208,
12116,4.4,3.208,
12118,4.4,3.208,
12120,4.4,3.208,
12122,4.4,3.208,
12124,4.4,3.208,
12126,4.4,3.208,
12128,4.4,3.208,
12130,4.4,3.208,
12132,4.4,3.208,
12134,4.4,3.208,
12136,4.4,3.208,
12138,4.4,3.208,
12140,4.4,3.208,
12142,4.4,3.208,
12144,4.4,3.208,
12146,4.4,3.208,
12148,4.4,3.208,
12150,4.4,3.208,
12152,4.4,3.208,
12154,4.4,3.208,
12156,4.4,3.208,
12158,4.4,3.208,
12160,4.4,3.208,
12162,4.4,3.208,
12164,4.4,3.208,
12166,4.4,3.208,
12168,4.4,3.208,
12170,4.4,3.207,
12172,4.4,3.207,
12174,4.4,3.207,
12176,4.4,3.207,
12178,4.4,3.207,
12180,4.4,3.207,
12182,4.4,3.207,
12184,4.4,3.207,
12186,4.4,3.206,
12188,4.4,3.206,
12190,4.4,3.206,
12192,4.4,3.206,
12194,4.4,3.206,
12196,4.4,3.206,
12198,4.4,3.205,
12200,4.4,3.205,
12202,4.4,3.205,
12204,4.4,3.205,
12206,4.4,3.205,
12208,4.4,3.204,
12210,4.4,3.204,
12212,4.4,3.204,
12214,4.4,3.204,
12216,4.4,3.204,
12218,4.4,3.204,
12220,4.4,3.204,
12222,4.4,3.204,
12224,4.4,3.204,
12226,4.4,3.204,
12228,4.4,3.204,
12230,4.4,3.204,
12232,4.4,3.203,
12234,4.4,3.203,
12236,4.4,3.203,
12238,4.4,3.203,
12240,4.4,3.203,
12242,4.4,3.203,
12244,4.4,3.203,
12246,4.4,3.203,
12248,4.4,3.203,
12250,4.4,3.203,
12252,4.4,3.203,
12254,4.4,3.202,
12256,4.4,3.202,
12258,4.4,3.202,
12260,4.4,3.202,
12262,4.4,3.202,
12264,4.4,3.202,
12266,4.4,3.202,
12268,4.4,3.202,
12270,4.4,3.202,
12272,4.4,3.202,
12274,4.4,3.202,
12276,4.4,3.202,
12278,4.4,3.202,
12280,4.4,3.202,
12282,4.4,3.202,
12284,4.4,3.202,
12286,4.4,3.202,
12288,4.4,3.202,
12290,4.4,3.202,
12292,4.4,3.202,
12294,4.4,3.202,
12296,4.4,3.202,
12298,4.4,3.202,
12300,4.4,3.202,
12302,4.4,3.202,
12304,4.4,3.202,
12306,4.4,3.202,
12308,4.4,3.202,
12310,4.4,3.202,
12312,4.4,3.202,
12314,4.4,3.202,
12316,4.4,3.202,
12318,4.4,3.202,
12320,4.4,3.202,
12322,4.4,3.202,
12324,4.4,3.202,
12326,4.4,3.202,
12328,4.4,3.202,
12330,4.4,3.202,
12332,4.4,3.202,
12334,4.4,3.202,
12336,4.4,3.202,
12338,4.4,3.202,
12340,4.4,3.202,
12342,4.4,3.202,
12344,4.4,3.202,
12346,4.4,3.202,
12348,4.4,3.202,
12350,4.4,3.202,
12352,4.4,3.202,
12354,4.4,3.202,
12356,4.4,3.202,
12358,4.4,3.202,
12360,4.4,3.202,
12362,4.4,3.202,
12364,4.4,3.202,
12366,4.4,3.202,
12368,4.4,3.202,
12370,4.4,3.202,
12372,4.4,3.202,
12374,4.4,3.202,
12376,4.4,3.202,
12378,4.4,3.202,
12380,4.4,3.202,
12382,4.4,3.202,
12384,4.4,3.202,
12386,4.4,3.202,
12388,4.4,3.202,
12390,4.4,3.202,
12392,4.4,3.202,
12394,4.4,3.202,
12396,4.4,3.202,
12398,4.4,3.202,
12400,4.4,3.202,
12402,4.4,3.202,
12404,4.4,3.202,
12406,4.4,3.202,
12408,4.4,3.202,
12410,4.4,3.202,
12412,4.4,3.202,
12414,4.4,3.202,
12416,4.4,3.202,
12418,4.4,3.202,
12420,4.4,3.202,
12422,4.4,3.202,
12424,4.4,3.202,
12426,4.4,3.201,
12428,4.4,3.202,
12430,4.4,3.202,
12432,4.4,3.202,
12434,4.4,3.202,
12436,4.4,3.202,
12438,4.4,3.202,
12440,4.4,3.202,
12442,4.4,3.202,
12444,4.4,3.202,
12446,4.4,3.202,
12448,4.4,3.202,
12450,4.4,3.202,
12452,4.4,3.202,
12454,4.4,3.202,
12456,4.4,3.201,
12458,4.4,3.202,
12460,4.4,3.201,
12462,4.4,3.201,
12464,4.4,3.202,
12466,4.4,3.202,
12468,4.4,3.202,
12470,4.4,3.201,
12472,4.4,3.201,
12474,4.4,3.201,
12476,4.4,3.202,
12478,4.4,3.202,
12480,4.4,3.201,
12482,4.4,3.201,
12484,4.4,3.201,
12486,4.4,3.201,
12488,4.4,3.201,
12490,4.4,3.201,
12492,4.4,3.201,
12494,4.4,3.201,
12496,4.4,3.201,
12498,4.4,3.201,
12500,4.4,3.201,
12502,4.4,3.201,
12504,4.4,3.201,
12506,4.4,3.201,
12508,4.4,3.201,
12510,4.4,3.201,
12512,4.4,3.201,
12514,4.4,3.201,
12516,4.4,3.201,
12518,4.4,3.201,
12520,4.4,3.201,
12522,4.4,3.201,
12524,4.4,3.201,
12526,4.4,3.201,
12528,4.4,3.201,
12530,4.4,3.201,
12532,4.4,3.201,
12534,4.4,3.201,
12536,4.4,3.201,
12538,4.4,3.201,
12540,4.4,3.201,
12542,4.4,3.201,
12544,4.4,3.201,
12546,4.4,3.201,
12548,4.4,3.201,
12550,4.4,3.201,
12552,4.4,3.201,
12554,4.4,3.201,
12556,4.4,3.201,
12558,4.4,3.201,
12560,4.4,3.201,
12562,4.4,3.201,
12564,4.4,3.2,
12566,4.4,3.2,
12568,4.4,3.2,
12570,4.4,3.2,
12572,4.4,3.2,
12574,4.4,3.2,
12576,4.4,3.2,
12578,4.4,3.199,
12580,4.4,3.199,
12582,4.4,3.199,
12584,4.4,3.199,
12586,4.4,3.199,
12588,4.4,3.199,
12590,4.4,3.198,
12592,4.4,3.198,
12594,4.4,3.198,
12596,4.4,3.198,
12598,4.4,3.197,
12600,4.4,3.197,
12602,4.4,3.197,
12604,4.4,3.197,
12606,4.4,3.197,
12608,4.4,3.197,
12610,4.4,3.196,
12612,4.4,3.196,
12614,4.4,3.196,
12616,4.4,3.196,
12618,4.4,3.196,
12620,4.4,3.195,
12622,4.4,3.195,
12624,4.4,3.195,
12626,4.4,3.195,
12628,4.4,3.195,
12630,4.4,3.195,
12632,4.4,3.195,
12634,4.4,3.195,
12636,4.4,3.195,
12638,4.4,3.195,
12640,4.4,3.194,
12642,4.4,3.194,
12644,4.4,3.194,
12646,4.4,3.194,
12648,4.4,3.194,
12650,4.4,3.194,
12652,4.4,3.194,
12654,4.4,3.194,
12656,4.4,3.194,
12658,4.4,3.194,
12660,4.4,3.194,
12662,4.4,3.194,
12664,4.4,3.194,
12666,4.4,3.194,
12668,4.4,3.194,
12670,4.4,3.194,
12672,4.4,3.194,
12674,4.4,3.194,
12676,4.4,3.194,
12678,4.4,3.194,
12680,4.4,3.194,
12682,4.4,3.194,
12684,4.4,3.194,
12686,4.4,3.194,
12688,4.4,3.194,
12690,4.4,3.194,
12692,4.4,3.194,
12694,4.4,3.194,
12696,4.4,3.194,
12698,4.4,3.194,
12700,4.4,3.194,
12702,4.4,3.194,
12704,4.4,3.194,
12706,4.4,3.194,
12708,4.4,3.194,
12710,4.4,3.194,
12712,4.4,3.194,
12714,4.4,3.194,
12716,4.4,3.194,
12718,4.4,3.194,
12720,4.4,3.194,
12722,4.4,3.194,
12724,4.4,3.194,
12726,4.4,3.194,
12728,4.4,3.194,
12730,4.4,3.194,
12732,4.4,3.194,
12734,4.4,3.194,
12736,4.4,3.194,
12738,4.4,3.194,
12740,4.4,3.194,
12742,4.4,3.194,
12744,4.4,3.194,
12746,4.4,3.194,
12748,4.4,3.194,
12750,4.4,3.194,
12752,4.4,3.194,
12754,4.4,3.194,
12756,4.4,3.194,
12758,4.4,3.194,
12760,4.4,3.194,
12762,4.4,3.194,
12764,4.4,3.194,
12766,4.4,3.194,
12768,4.4,3.194,
12770,4.4,3.194,
12772,4.4,3.194,
12774,4.4,3.194,
12776,4.4,3.194,
12778,4.4,3.194,
12780,4.4,3.194,
12782,4.4,3.194,
12784,4.4,3.194,
12786,4.4,3.194,
12788,4.4,3.194,
12790,4.4,3.194,
12792,4.4,3.194,
12794,4.4,3.194,
12796,4.4,3.194,
12798,4.4,3.194,
12800,4.4,3.194,
12802,4.4,3.194,
12804,4.4,3.194,
12806,4.4,3.194,
12808,4.4,3.194,
12810,4.4,3.194,
12812,4.4,3.194,
12814,4.4,3.194,
12816,4.4,3.194,
12818,4.4,3.194,
12820,4.4,3.194,
12822,4.4,3.194,
12824,4.4,3.194,
12826,4.4,3.194,
12828,4.4,3.194,
12830,4.4,3.194,
12832,4.4,3.194,
12834,4.4,3.194,
12836,4.4,3.194,
12838,4.4,3.194,
12840,4.4,3.194,
12842,4.4,3.194,
12844,4.4,3.194,
12846,4.4,3.194,
12848,4.4,3.194,
12850,4.4,3.194,
12852,4.4,3.194,
12854,4.4,3.194,
12856,4.4,3.194,
12858,4.4,3.194,
12860,4.4,3.194,
12862,4.4,3.194,
12864,4.4,3.194,
12866,4.4,3.194,
12868,4.4,3.194,
12870,4.4,3.194,
12872,4.4,3.194,
12874,4.4,3.194,
12876,4.4,3.194,
12878,4.4,3.194,
12880,4.4,3.194,
12882,4.4,3.194,
12884,4.4,3.194,
12886,4.4,3.194,
12888,4.4,3.194,
12890,4.4,3.194,
12892,4.4,3.194,
12894,4.4,3.194,
12896,4.4,3.194,
12898,4.4,3.194,
12900,4.4,3.194,
12902,4.4,3.194,
12904,4.4,3.194,
12906,4.4,3.194,
12908,4.4,3.194,
12910,4.4,3.194,
12912,4.4,3.193,
12914,4.4,3.193,
12916,4.4,3.193,
12918,4.4,3.193,
12920,4.4,3.193,
12922,4.4,3.193,
12924,4.4,3.193,
12926,4.4,3.192,
12928,4.4,3.192,
12930,4.4,3.192,
12932,4.4,3.192,
12934,4.4,3.192,
12936,4.4,3.192,
12938,4.4,3.191,
12940,4.4,3.191,
12942,4.4,3.191,
12944,4.4,3.191,
12946,4.4,3.191,
12948,4.4,3.191,
12950,4.4,3.19,
12952,4.4,3.19,
12954,4.4,3.19,
12956,4.4,3.19,
12958,4.4,3.19,
12960,4.4,3.189,
12962,4.4,3.189,
12964,4.4,3.189,
12966,4.4,3.189,
12968,4.4,3.189,
12970,4.4,3.188,
12972,4.4,3.189,
12974,4.4,3.188,
12976,4.4,3.188,
12978,4.4,3.188,
12980,4.4,3.188,
12982,4.4,3.188,
12984,4.4,3.188,
12986,4.4,3.188,
12988,4.4,3.188,
12990,4.4,3.187,
12992,4.4,3.187,
12994,4.4,3.187,
12996,4.4,3.187,
12998,4.4,3.187,
13000,4.4,3.187,
13002,4.4,3.187,
13004,4.4,3.187,
13006,4.4,3.187,
13008,4.4,3.187,
13010,4.4,3.187,
13012,4.4,3.187,
13014,4.4,3.187,
13016,4.4,3.187,
13018,4.4,3.187,
13020,4.4,3.187,
13022,4.4,3.187,
13024,4.4,3.187,
13026,4.4,3.187,
13028,4.4,3.187,
13030,4.4,3.187,
13032,4.4,3.187,
13034,4.4,3.187,
13036,4.4,3.187,
13038,4.4,3.187,
13040,4.4,3.187,
13042,4.4,3.187,
13044,4.4,3.187,
13046,4.4,3.187,
13048,4.4,3.187,
13050,4.4,3.187,
13052,4.4,3.187,
13054,4.4,3.187,
13056,4.4,3.187,
13058,4.4,3.187,
13060,4.4,3.187,
13062,4.4,3.187,
13064,4.4,3.187,
13066,4.4,3.187,
13068,4.4,3.187,
13070,4.4,3.187,
13072,4.4,3.187,
13074,4.4,3.187,
13076,4.4,3.187,
13078,4.4,3.187,
13080,4.4,3.187,
13082,4.4,3.187,
13084,4.4,3.187,
13086,4.4,3.187,
13088,4.4,3.187,
13090,4.4,3.187,
13092,4.4,3.187,
13094,4.4,3.187,
13096,4.4,3.187,
13098,4.4,3.187,
13100,4.4,3.187,
13102,4.4,3.187,
13104,4.4,3.187,
13106,4.4,3.187,
13108,4.4,3.187,
13110,4.4,3.187,
13112,4.4,3.187,
13114,4.4,3.187,
13116,4.4,3.187,
13118,4.4,3.187,
13120,4.4,3.187,
13122,4.4,3.187,
13124,4.4,3.187,
13126,4.4,3.187,
13128,4.4,3.187,
13130,4.4,3.187,
13132,4.4,3.187,
13134,4.4,3.187,
13136,4.4,3.187,
13138,4.4,3.187,
13140,4.4,3.187,
13142,4.4,3.187,
13144,4.4,3.187,
13146,4.4,3.187,
13148,4.4,3.187,
13150,4.4,3.187,
13152,4.4,3.187,
13154,4.4,3.187,
13156,4.4,3.187,
13158,4.4,3.187,
13160,4.4,3.187,
13162,4.4,3.187,
13164,4.4,3.186,
13166,4.4,3.187,
13168,4.4,3.187,
13170,4.4,3.187,
13172,4.4,3.187,
13174,4.4,3.187,
13176,4.4,3.187,
13178,4.4,3.187,
13180,4.4,3.187,
13182,4.4,3.187,
13184,4.4,3.187,
13186,4.4,3.187,
13188,4.4,3.186,
13190,4.4,3.186,
13192,4.4,3.186,
13194,4.4,3.186,
13196,4.4,3.186,
13198,4.4,3.186,
13200,4.4,3.186,
13202,4.4,3.186,
13204,4.4,3.186,
13206,4.4,3.186,
13208,4.4,3.186,
13210,4.4,3.186,
13212,4.4,3.186,
13214,4.4,3.186,
13216,4.4,3.186,
13218,4.4,3.186,
13220,4.4,3.186,
13222,4.4,3.186,
13224,4.4,3.186,
13226,4.4,3.186,
13228,4.4,3.186,
13230,4.4,3.186,
13232,4.4,3.186,
13234,4.4,3.186,
13236,4.4,3.186,
13238,4.4,3.186,
13240,4.4,3.186,
13242,4.4,3.186,
13244,4.4,3.186,
13246,4.4,3.186,
13248,4.4,3.186,
13250,4.4,3.186,
13252,4.4,3.186,
13254,4.4,3.186,
13256,4.4,3.186,
13258,4.4,3.186,
13260,4.4,3.186,
13262,4.4,3.186,
13264,4.4,3.186,
13266,4.4,3.186,
13268,4.4,3.186,
13270,4.4,3.186,
13272,4.4,3.186,
13274,4.4,3.186,
13276,4.4,3.185,
13278,4.4,3.185,
13280,4.4,3.185,
13282,4.4,3.185,
13284,4.4,3.185,
13286,4.4,3.185,
13288,4.4,3.184,
13290,4.4,3.184,
13292,4.4,3.184,
13294,4.4,3.184,
13296,4.4,3.184,
13298,4.4,3.184,
13300,4.4,3.184,
13302,4.4,3.184,
13304,4.4,3.184,
13306,4.4,3.183,
13308,4.4,3.183,
13310,4.4,3.183,
13312,4.4,3.183,
13314,4.4,3.183,
13316,4.4,3.182,
13318,4.4,3.182,
13320,4.4,3.182,
13322,4.4,3.182,
13324,4.4,3.182,
13326,4.4,3.181,
13328,4.4,3.181,
13330,4.4,3.181,
13332,4.4,3.181,
13334,4.4,3.181,
13336,4.4,3.181,
13338,4.4,3.181,
13340,4.4,3.18,
13342,4.4,3.18,
13344,4.4,3.18,
13346,4.4,3.18,
13348,4.4,3.18,
13350,4.4,3.18,
13352,4.4,3.18,
13354,4.4,3.18,
13356,4.4,3.18,
13358,4.4,3.18,
13360,4.4,3.18,
13362,4.4,3.18,
13364,4.4,3.18,
13366,4.4,3.18,
13368,4.4,3.18,
13370,4.4,3.18,
13372,4.4,3.18,
13374,4.4,3.18,
13376,4.4,3.18,
13378,4.4,3.18,
13380,4.4,3.18,
13382,4.4,3.18,
13384,4.4,3.18,
13386,4.4,3.18,
13388,4.4,3.18,
13390,4.4,3.18,
13392,4.4,3.18,
13394,4.4,3.18,
13396,4.4,3.18,
13398,4.4,3.18,
13400,4.4,3.18,
13402,4.4,3.18,
13404,4.4,3.18,
13406,4.4,3.18,
13408,4.4,3.18,
13410,4.4,3.18,
13412,4.4,3.18,
13414,4.4,3.18,
13416,4.4,3.18,
13418,4.4,3.18,
13420,4.4,3.18,
13422,4.4,3.18,
13424,4.4,3.18,
13426,4.4,3.18,
13428,4.4,3.18,
13430,4.4,3.18,
13432,4.4,3.18,
13434,4.4,3.18,
13436,4.4,3.18,
13438,4.4,3.18,
13440,4.4,3.18,
13442,4.4,3.18,
13444,4.4,3.18,
13446,4.4,3.18,
13448,4.4,3.18,
13450,4.4,3.18,
13452,4.4,3.18,
13454,4.4,3.18,
13456,4.4,3.18,
13458,4.4,3.18,
13460,4.4,3.18,
13462,4.4,3.18,
13464,4.4,3.18,
13466,4.4,3.18,
13468,4.4,3.18,
13470,4.4,3.18,
13472,4.4,3.18,
13474,4.4,3.18,
13476,4.4,3.18,
13478,4.4,3.18,
13480,4.4,3.18,
13482,4.4,3.18,
13484,4.4,3.18,
13486,4.4,3.18,
13488,4.4,3.18,
13490,4.4,3.179,
13492,4.4,3.18,
13494,4.4,3.179,
13496,4.4,3.179,
13498,4.4,3.18,
13500,4.4,3.179,
13502,4.4,3.179,
13504,4.4,3.179,
13506,4.4,3.179,
13508,4.4,3.179,
13510,4.4,3.179,
13512,4.4,3.179,
13514,4.4,3.179,
13516,4.4,3.179,
13518,4.4,3.179,
13520,4.4,3.179,
13522,4.4,3.179,
13524,4.4,3.179,
13526,4.4,3.179,
13528,4.4,3.179,
13530,4.4,3.179,
13532,4.4,3.179,
13534,4.4,3.179,
13536,4.4,3.179,
13538,4.4,3.179,
13540,4.4,3.179,
13542,4.4,3.179,
13544,4.4,3.179,
13546,4.4,3.178,
13548,4.4,3.178,
13550,4.4,3.178,
13552,4.4,3.178,
13554,4.4,3.178,
13556,4.4,3.177,
13558,4.4,3.177,
13560,4.4,3.177,
13562,4.4,3.177,
13564,4.4,3.176,
13566,4.4,3.176,
13568,4.4,3.176,
13570,4.4,3.176,
13572,4.4,3.175,
13574,4.4,3.175,
13576,4.4,3.175,
13578,4.4,3.174,
13580,4.4,3.174,
13582,4.4,3.174,
13584,4.4,3.174,
13586,4.4,3.174,
13588,4.4,3.174,
13590,4.4,3.174,
13592,4.4,3.174,
13594,4.4,3.174,
13596,4.4,3.174,
13598,4.4,3.174,
13600,4.4,3.173,
13602,4.4,3.173,
13604,4.4,3.173,
13606,4.4,3.173,
13608,4.4,3.173,
13610,4.4,3.173,
13612,4.4,3.173,
13614,4.4,3.173,
13616,4.4,3.173,
13618,4.4,3.173,
13620,4.4,3.173,
13622,4.4,3.173,
13624,4.4,3.173,
13626,4.4,3.173,
13628,4.4,3.173,
13630,4.4,3.173,
13632,4.4,3.173,
13634,4.4,3.173,
13636,4.4,3.173,
13638,4.4,3.173,
13640,4.4,3.173,
13642,4.4,3.173,
13644,4.4,3.173,
13646,4.4,3.173,
13648,4.4,3.173,
13650,4.4,3.173,
13652,4.4,3.173,
13654,4.4,3.173,
13656,4.4,3.173,
13658,4.4,3.173,
13660,4.4,3.173,
13662,4.4,3.173,
13664,4.4,3.173,
13666,4.4,3.173,
13668,4.4,3.173,
13670,4.4,3.173,
13672,4.4,3.173,
13674,4.4,3.173,
13676,4.4,3.173,
13678,4.4,3.173,
13680,4.4,3.173,
13682,4.4,3.173,
13684,4.4,3.173,
13686,4.4,3.173,
13688,4.4,3.173,
13690,4.4,3.173,
13692,4.4,3.173,
13694,4.4,3.173,
13696,4.4,3.173,
13698,4.4,3.173,
13700,4.4,3.173,
13702,4.4,3.173,
13704,4.4,3.173,
13706,4.4,3.173,
13708,4.4,3.173,
13710,4.4,3.173,
13712,4.4,3.173,
13714,4.4,3.173,
13716,4.4,3.173,
13718,4.4,3.173,
13720,4.4,3.173,
13722,4.4,3.173,
13724,4.4,3.173,
13726,4.4,3.173,
13728,4.4,3.173,
13730,4.4,3.173,
13732,4.4,3.172,
13734,4.4,3.173,
13736,4.4,3.172,
13738,4.4,3.173,
13740,4.4,3.173,
13742,4.4,3.173,
13744,4.4,3.172,
13746,4.4,3.172,
13748,4.4,3.173,
13750,4.4,3.172,
13752,4.4,3.172,
13754,4.4,3.172,
13756,4.4,3.172,
13758,4.4,3.172,
13760,4.4,3.172,
13762,4.4,3.172,
13764,4.4,3.172,
13766,4.4,3.172,
13768,4.4,3.172,
13770,4.4,3.172,
13772,4.4,3.172,
13774,4.4,3.172,
13776,4.4,3.172,
13778,4.4,3.172,
13780,4.4,3.172,
13782,4.4,3.172,
13784,4.4,3.172,
13786,4.4,3.172,
13788,4.4,3.172,
13790,4.4,3.172,
13792,4.4,3.172,
13794,4.4,3.172,
13796,4.4,3.172,
13798,4.4,3.172,
13800,4.4,3.172,
13802,4.4,3.172,
13804,4.4,3.172,
13806,4.4,3.172,
13808,4.4,3.172,
13810,4.4,3.171,
13812,4.4,3.171,
13814,4.4,3.171,
13816,4.4,3.171,
13818,4.4,3.171,
13820,4.4,3.17,
13822,4.4,3.17,
13824,4.4,3.17,
13826,4.4,3.17,
13828,4.4,3.169,
13830,4.4,3.169,
13832,4.4,3.169,
13834,4.4,3.169,
13836,4.4,3.168,
13838,4.4,3.168,
13840,4.4,3.168,
13842,4.4,3.168,
13844,4.4,3.167,
13846,4.4,3.167,
13848,4.4,3.167,
13850,4.4,3.167,
13852,4.4,3.167,
13854,4.4,3.167,
13856,4.4,3.167,
13858,4.4,3.166,
13860,4.4,3.166,
13862,4.4,3.166,
13864,4.4,3.166,
13866,4.4,3.166,
13868,4.4,3.166,
13870,4.4,3.165,
13872,4.4,3.165,
13874,4.4,3.165,
13876,4.4,3.165,
13878,4.4,3.165,
13880,4.4,3.165,
13882,4.4,3.165,
13884,4.4,3.165,
13886,4.4,3.165,
13888,4.4,3.165,
13890,4.4,3.165,
13892,4.4,3.165,
13894,4.4,3.165,
13896,4.4,3.165,
13898,4.4,3.165,
13900,4.4,3.165,
13902,4.4,3.165,
13904,4.4,3.165,
13906,4.4,3.165,
13908,4.4,3.165,
13910,4.4,3.165,
13912,4.4,3.165,
13914,4.4,3.165,
13916,4.4,3.165,
13918,4.4,3.165,
13920,4.4,3.165,
13922,4.4,3.165,
13924,4.4,3.165,
13926,4.4,3.165,
13928,4.4,3.165,
13930,4.4,3.165,
13932,4.4,3.165,
13934,4.4,3.165,
13936,4.4,3.165,
13938,4.4,3.165,
13940,4.4,3.165,
13942,4.4,3.165,
13944,4.4,3.165,
13946,4.4,3.165,
13948,4.4,3.165,
13950,4.4,3.165,
13952,4.4,3.165,
13954,4.4,3.165,
13956,4.4,3.165,
13958,4.4,3.165,
13960,4.4,3.165,
13962,4.4,3.165,
13964,4.4,3.165,
13966,4.4,3.165,
13968,4.4,3.165,
13970,4.4,3.165,
13972,4.4,3.165,
13974,4.4,3.165,
13976,4.4,3.165,
13978,4.4,3.165,
13980,4.4,3.165,
13982,4.4,3.165,
13984,4.4,3.165,
13986,4.4,3.165,
13988,4.4,3.165,
13990,4.4,3.165,
13992,4.4,3.165,
13994,4.4,3.165,
13996,4.4,3.165,
13998,4.4,3.165,
14000,4.4,3.165,
14002,4.4,3.165,
14004,4.4,3.165,
14006,4.4,3.165,
14008,4.4,3.165,
14010,4.4,3.165,
14012,4.4,3.165,
14014,4.4,3.165,
14016,4.4,3.165,
14018,4.4,3.165,
14020,4.4,3.165,
14022,4.4,3.165,
14024,4.4,3.165,
14026,4.4,3.165,
14028,4.4,3.165,
14030,4.4,3.165,
14032,4.4,3.165,
14034,4.4,3.165,
14036,4.4,3.165,
14038,4.4,3.165,
14040,4.4,3.165,
14042,4.4,3.165,
14044,4.4,3.165,
14046,4.4,3.165,
14048,4.4,3.165,
14050,4.4,3.165,
14052,4.4,3.165,
14054,4.4,3.165,
14056,4.4,3.165,
14058,4.4,3.165,
14060,4.4,3.165,
14062,4.4,3.165,
14064,4.4,3.165,
14066,4.4,3.165,
14068,4.4,3.165,
14070,4.4,3.164,
14072,4.4,3.164,
14074,4.4,3.165,
14076,4.4,3.165,
14078,4.4,3.165,
14080,4.4,3.165,
14082,4.4,3.165,
14084,4.4,3.165,
14086,4.4,3.165,
14088,4.4,3.165,
14090,4.4,3.165,
14092,4.4,3.164,
14094,4.4,3.165,
14096,4.4,3.164,
14098,4.4,3.165,
14100,4.4,3.164,
14102,4.4,3.165,
14104,4.4,3.165,
14106,4.4,3.164,
14108,4.4,3.164,
14110,4.4,3.164,
14112,4.4,3.164,
14114,4.4,3.165,
14116,4.4,3.164,
14118,4.4,3.165,
14120,4.4,3.164,
14122,4.4,3.164,
14124,4.4,3.164,
14126,4.4,3.165,
14128,4.4,3.165,
14130,4.4,3.164,
14132,4.4,3.164,
14134,4.4,3.164,
14136,4.4,3.165,
14138,4.4,3.164,
14140,4.4,3.164,
14142,4.4,3.164,
14144,4.4,3.164,
14146,4.4,3.164,
14148,4.4,3.164,
14150,4.4,3.164,
14152,4.4,3.164,
14154,4.4,3.164,
14156,4.4,3.164,
14158,4.4,3.164,
14160,4.4,3.164,
14162,4.4,3.164,
14164,4.4,3.164,
14166,4.4,3.164,
14168,4.4,3.164,
14170,4.4,3.164,
14172,4.4,3.164,
14174,4.4,3.164,
14176,4.4,3.164,
14178,4.4,3.164,
14180,4.4,3.164,
14182,4.4,3.164,
14184,4.4,3.164,
14186,4.4,3.164,
14188,4.4,3.164,
14190,4.4,3.164,
14192,4.4,3.164,
14194,4.4,3.164,
14196,4.4,3.164,
14198,4.4,3.164,
14200,4.4,3.164,
14202,4.4,3.164,
14204,4.4,3.164,
14206,4.4,3.164,
14208,4.4,3.164,
14210,4.4,3.164,
14212,4.4,3.164,
14214,4.4,3.164,
14216,4.4,3.164,
14218,4.4,3.164,
14220,4.4,3.164,
14222,4.4,3.164,
14224,4.4,3.164,
14226,4.4,3.164,
14228,4.4,3.164,
14230,4.4,3.164,
14232,4.4,3.164,
14234,4.4,3.164,
14236,4.4,3.164,
14238,4.4,3.164,
14240,4.4,3.164,
14242,4.4,3.164,
14244,4.4,3.164,
14246,4.4,3.164,
14248,4.4,3.164,
14250,4.4,3.164,
14252,4.4,3.164,
14254,4.4,3.164,
14256,4.4,3.164,
14258,4.4,3.164,
14260,4.4,3.164,
14262,4.4,3.164,
14264,4.4,3.164,
14266,4.4,3.164,
14268,4.4,3.164,
14270,4.4,3.164,
14272,4.4,3.164,
14274,4.4,3.164,
14276,4.4,3.164,
14278,4.4,3.164,
14280,4.4,3.164,
14282,4.4,3.164,
14284,4.4,3.164,
14286,4.4,3.164,
14288,4.4,3.164,
14290,4.4,3.163,
14292,4.4,3.163,
14294,4.4,3.163,
14296,4.4,3.163,
14298,4.4,3.163,
14300,4.4,3.163,
14302,4.4,3.163,
14304,4.4,3.163,
14306,4.4,3.163,
14308,4.4,3.163,
14310,4.4,3.163,
14312,4.4,3.163,
14314,4.4,3.163,
14316,4.4,3.163,
14318,4.4,3.163,
14320,4.4,3.163,
14322,4.4,3.163,
14324,4.4,3.163,
14326,4.4,3.163,
14328,4.4,3.163,
14330,4.4,3.163,
14332,4.4,3.163,
14334,4.4,3.163,
14336,4.4,3.163,
14338,4.4,3.163,
14340,4.4,3.163,
14342,4.4,3.163,
14344,4.4,3.162,
14346,4.4,3.162,
14348,4.4,3.162,
14350,4.4,3.162,
14352,4.4,3.162,
14354,4.4,3.162,
14356,4.4,3.162,
14358,4.4,3.162,
14360,4.4,3.162,
14362,4.4,3.162,
14364,4.4,3.162,
14366,4.4,3.162,
14368,4.4,3.162,
14370,4.4,3.161,
14372,4.4,3.161,
14374,4.4,3.161,
14376,4.4,3.161,
14378,4.4,3.161,
14380,4.4,3.161,
14382,4.4,3.161,
14384,4.4,3.161,
14386,4.4,3.161,
14388,4.4,3.161,
14390,4.4,3.161,
14392,4.4,3.161,
14394,4.4,3.16,
14396,4.4,3.16,
14398,4.4,3.16,
14400,4.4,3.16,
14402,4.4,3.16,
14404,4.4,3.16,
14406,4.4,3.16,
14408,4.4,3.16,
14410,4.4,3.16,
14412,4.4,3.16,
14414,4.4,3.16,
14416,4.4,3.16,
14418,4.4,3.16,
14420,4.4,3.159,
14422,4.4,3.16,
14424,4.4,3.16,
14426,4.4,3.16,
14428,4.4,3.16,
14430,4.4,3.159,
14432,4.4,3.159,
14434,4.4,3.159,
14436,4.4,3.159,
14438,4.4,3.159,
14440,4.4,3.159,
14442,4.4,3.159,
14444,4.4,3.159,
14446,4.4,3.159,
14448,4.4,3.159,
14450,4.4,3.159,
14452,4.4,3.159,
14454,4.4,3.159,
14456,4.4,3.159,
14458,4.4,3.159,
14460,4.4,3.159,
14462,4.4,3.159,
14464,4.4,3.158,
14466,4.4,3.159,
14468,4.4,3.159,
14470,4.4,3.158,
14472,4.4,3.158,
14474,4.4,3.158,
14476,4.4,3.158,
14478,4.4,3.158,
14480,4.4,3.158,
14482,4.4,3.158,
14484,4.4,3.158,
14486,4.4,3.158,
14488,4.4,3.158,
14490,4.4,3.158,
14492,4.4,3.158,
14494,4.4,3.158,
14496,4.4,3.158,
14498,4.4,3.158,
14500,4.4,3.158,
14502,4.4,3.158,
14504,4.4,3.158,
14506,4.4,3.158,
14508,4.4,3.158,
14510,4.4,3.158,
14512,4.4,3.158,
14514,4.4,3.158,
14516,4.4,3.158,
14518,4.4,3.158,
14520,4.4,3.158,
14522,4.4,3.158,
14524,4.4,3.158,
14526,4.4,3.158,
14528,4.4,3.158,
14530,4.4,3.158,
14532,4.4,3.158,
14534,4.4,3.158,
14536,4.4,3.158,
14538,4.4,3.158,
14540,4.4,3.158,
14542,4.4,3.158,
14544,4.4,3.158,
14546,4.4,3.158,
14548,4.4,3.158,
14550,4.4,3.158,
14552,4.4,3.158,
14554,4.4,3.158,
14556,4.4,3.158,
14558,4.4,3.158,
14560,4.4,3.158,
14562,4.4,3.158,
14564,4.4,3.158,
14566,4.4,3.158,
14568,4.4,3.158,
14570,4.4,3.158,
14572,4.4,3.158,
14574,4.4,3.158,
14576,4.4,3.158,
14578,4.4,3.158,
14580,4.4,3.158,
14582,4.4,3.158,
14584,4.4,3.158,
14586,4.4,3.158,
14588,4.4,3.158,
14590,4.4,3.158,
14592,4.4,3.158,
14594,4.4,3.158,
14596,4.4,3.158,
14598,4.4,3.158,
14600,4.4,3.158,
14602,4.4,3.158,
14604,4.4,3.158,
14606,4.4,3.158,
14608,4.4,3.158,
14610,4.4,3.158,
14612,4.4,3.158,
14614,4.4,3.158,
14616,4.4,3.158,
14618,4.4,3.158,
14620,4.4,3.158,
14622,4.4,3.158,
14624,4.4,3.158,
14626,4.4,3.158,
14628,4.4,3.158,
14630,4.4,3.158,
14632,4.4,3.158,
14634,4.4,3.158,
14636,4.4,3.158,
14638,4.4,3.158,
14640,4.4,3.158,
14642,4.4,3.158,
14644,4.4,3.158,
14646,4.4,3.158,
14648,4.4,3.158,
14650,4.4,3.158,
14652,4.4,3.158,
14654,4.4,3.158,
14656,4.4,3.158,
14658,4.4,3.158,
14660,4.4,3.158,
14662,4.4,3.158,
14664,4.4,3.158,
14666,4.4,3.158,
14668,4.4,3.158,
14670,4.4,3.158,
14672,4.4,3.158,
14674,4.4,3.158,
14676,4.4,3.158,
14678,4.4,3.158,
14680,4.4,3.158,
14682,4.4,3.158,
14684,4.4,3.158,
14686,4.4,3.158,
14688,4.4,3.158,
14690,4.4,3.158,
14692,4.4,3.158,
14694,4.4,3.158,
14696,4.4,3.158,
14698,4.4,3.158,
14700,4.4,3.158,
14702,4.4,3.158,
14704,4.4,3.158,
14706,4.4,3.158,
14708,4.4,3.158,
14710,4.4,3.158,
14712,4.4,3.158,
14714,4.4,3.158,
14716,4.4,3.158,
14718,4.4,3.158,
14720,4.4,3.158,
14722,4.4,3.158,
14724,4.4,3.158,
14726,4.4,3.158,
14728,4.4,3.158,
14730,4.4,3.158,
14732,4.4,3.158,
14734,4.4,3.158,
14736,4.4,3.158,
14738,4.4,3.158,
14740,4.4,3.158,
14742,4.4,3.158,
14744,4.4,3.158,
14746,4.4,3.158,
14748,4.4,3.158,
14750,4.4,3.158,
14752,4.4,3.158,
14754,4.4,3.158,
14756,4.4,3.158,
14758,4.4,3.158,
14760,4.4,3.158,
14762,4.4,3.158,
14764,4.4,3.158,
14766,4.4,3.158,
14768,4.4,3.158,
14770,4.4,3.158,
14772,4.4,3.158,
14774,4.4,3.158,
14776,4.4,3.158,
14778,4.4,3.158,
14780,4.4,3.158,
14782,4.4,3.158,
14784,4.4,3.158,
14786,4.4,3.158,
14788,4.4,3.158,
14790,4.4,3.158,
14792,4.4,3.158,
14794,4.4,3.158,
14796,4.4,3.158,
14798,4.4,3.158,
14800,4.4,3.158,
14802,4.4,3.158,
14804,4.4,3.158,
14806,4.4,3.158,
14808,4.4,3.158,
14810,4.4,3.158,
14812,4.4,3.158,
14814,4.4,3.158,
14816,4.4,3.158,
14818,4.4,3.158,
14820,4.4,3.158,
14822,4.4,3.158,
14824,4.4,3.158,
14826,4.4,3.158,
14828,4.4,3.158,
14830,4.4,3.158,
14832,4.4,3.158,
14834,4.4,3.157,
14836,4.4,3.158,
14838,4.4,3.158,
14840,4.4,3.158,
14842,4.4,3.158,
14844,4.4,3.157,
14846,4.4,3.158,
14848,4.4,3.158,
14850,4.4,3.158,
14852,4.4,3.158,
14854,4.4,3.158,
14856,4.4,3.158,
14858,4.4,3.157,
14860,4.4,3.158,
14862,4.4,3.158,
14864,4.4,3.158,
14866,4.4,3.157,
14868,4.4,3.158,
14870,4.4,3.158,
14872,4.4,3.158,
14874,4.4,3.157,
14876,4.4,3.158,
14878,4.4,3.157,
14880,4.4,3.157,
14882,4.4,3.157,
14884,4.4,3.157,
14886,4.4,3.157,
14888,4.4,3.157,
14890,4.4,3.157,
14892,4.4,3.157,
14894,4.4,3.157,
14896,4.4,3.157,
14898,4.4,3.157,
14900,4.4,3.157,
14902,4.4,3.157,
14904,4.4,3.157,
14906,4.4,3.157,
14908,4.4,3.157,
14910,4.4,3.157,
14912,4.4,3.157,
14914,4.4,3.157,
14916,4.4,3.157,
14918,4.4,3.157,
14920,4.4,3.157,
14922,4.4,3.157,
14924,4.4,3.157,
14926,4.4,3.157,
14928,4.4,3.157,
14930,4.4,3.157,
14932,4.4,3.157,
14934,4.4,3.157,
14936,4.4,3.157,
14938,4.4,3.157,
14940,4.4,3.157,
14942,4.4,3.157,
14944,4.4,3.157,
14946,4.4,3.157,
14948,4.4,3.157,
14950,4.4,3.157,
14952,4.4,3.157,
14954,4.4,3.157,
14956,4.4,3.157,
14958,4.4,3.157,
14960,4.4,3.157,
14962,4.4,3.157,
14964,4.4,3.157,
14966,4.4,3.157,
14968,4.4,3.157,
14970,4.4,3.157,
14972,4.4,3.157,
14974,4.4,3.157,
14976,4.4,3.157,
14978,4.4,3.157,
14980,4.4,3.157,
14982,4.4,3.157,
14984,4.4,3.157,
14986,4.4,3.157,
14988,4.4,3.157,
14990,4.4,3.157,
14992,4.4,3.157,
14994,4.4,3.156,
14996,4.4,3.156,
14998,4.4,3.156,
15000,4.4,3.156,
15002,4.4,3.156,
15004,4.4,3.156,
15006,4.4,3.156,
15008,4.4,3.156,
15010,4.4,3.156,
15012,4.4,3.156,
15014,4.4,3.155,
15016,4.4,3.155,
15018,4.4,3.155,
15020,4.4,3.155,
15022,4.4,3.155,
15024,4.4,3.155,
15026,4.4,3.155,
15028,4.4,3.154,
15030,4.4,3.154,
15032,4.4,3.154,
15034,4.4,3.154,
15036,4.4,3.154,
15038,4.4,3.154,
15040,4.4,3.153,
15042,4.4,3.153,
15044,4.4,3.153,
15046,4.4,3.153,
15048,4.4,3.153,
15050,4.4,3.153,
15052,4.4,3.153,
15054,4.4,3.153,
15056,4.4,3.153,
15058,4.4,3.153,
15060,4.4,3.153,
15062,4.4,3.153,
15064,4.4,3.152,
15066,4.4,3.152,
15068,4.4,3.152,
15070,4.4,3.152,
15072,4.4,3.152,
15074,4.4,3.152,
15076,4.4,3.152,
15078,4.4,3.151,
15080,4.4,3.151,
15082,4.4,3.151,
15084,4.4,3.151,
15086,4.4,3.151,
15088,4.4,3.151,
15090,4.4,3.151,
15092,4.4,3.151,
15094,4.4,3.151,
15096,4.4,3.151,
15098,4.4,3.151,
15100,4.4,3.151,
15102,4.4,3.151,
15104,4.4,3.151,
15106,4.4,3.151,
15108,4.4,3.151,
15110,4.4,3.151,
15112,4.4,3.151,
15114,4.4,3.151,
15116,4.4,3.151,
15118,4.4,3.151,
15120,4.4,3.151,
15122,4.4,3.151,
15124,4.4,3.151,
15126,4.4,3.151,
15128,4.4,3.151,
15130,4.4,3.151,
15132,4.4,3.151,
15134,4.4,3.151,
15136,4.4,3.151,
15138,4.4,3.151,
15140,4.4,3.151,
15142,4.4,3.151,
15144,4.4,3.151,
15146,4.4,3.151,
15148,4.4,3.151,
15150,4.4,3.151,
15152,4.4,3.151,
15154,4.4,3.151,
15156,4.4,3.151,
15158,4.4,3.151,
15160,4.4,3.151,
15162,4.4,3.151,
15164,4.4,3.151,
15166,4.4,3.151,
15168,4.4,3.151,
15170,4.4,3.151,
15172,4.4,3.151,
15174,4.4,3.151,
15176,4.4,3.151,
15178,4.4,3.151,
15180,4.4,3.151,
15182,4.4,3.151,
15184,4.4,3.151,
15186,4.4,3.151,
15188,4.4,3.151,
15190,4.4,3.151,
15192,4.4,3.151,
15194,4.4,3.151,
15196,4.4,3.151,
15198,4.4,3.151,
15200,4.4,3.151,
15202,4.4,3.151,
15204,4.4,3.151,
15206,4.4,3.15,
15208,4.4,3.15,
15210,4.4,3.151,
15212,4.4,3.151,
15214,4.4,3.151,
15216,4.4,3.15,
15218,4.4,3.15,
15220,4.4,3.15,
15222,4.4,3.15,
15224,4.4,3.15,
15226,4.4,3.15,
15228,4.4,3.15,
15230,4.4,3.15,
15232,4.4,3.15,
15234,4.4,3.15,
15236,4.4,3.15,
15238,4.4,3.15,
15240,4.4,3.15,
15242,4.4,3.15,
15244,4.4,3.15,
15246,4.4,3.15,
15248,4.4,3.15,
15250,4.4,3.15,
15252,4.4,3.15,
15254,4.4,3.149,
15256,4.4,3.149,
15258,4.4,3.149,
15260,4.4,3.148,
15262,4.4,3.148,
15264,4.4,3.148,
15266,4.4,3.148,
15268,4.4,3.147,
15270,4.4,3.147,
15272,4.4,3.146,
15274,4.4,3.146,
15276,4.4,3.146,
15278,4.4,3.145,
15280,4.4,3.145,
15282,4.4,3.145,
15284,4.4,3.144,
15286,4.4,3.144,
15288,4.4,3.144,
15290,4.4,3.144,
15292,4.4,3.143,
15294,4.4,3.143,
15296,4.4,3.143,
15298,4.4,3.143,
15300,4.4,3.143,
15302,4.4,3.143,
15304,4.4,3.143,
15306,4.4,3.143,
15308,4.4,3.143,
15310,4.4,3.143,
15312,4.4,3.143,
15314,4.4,3.143,
15316,4.4,3.143,
15318,4.4,3.143,
15320,4.4,3.143,
15322,4.4,3.143,
15324,4.4,3.143,
15326,4.4,3.143,
15328,4.4,3.143,
15330,4.4,3.143,
15332,4.4,3.143,
15334,4.4,3.143,
15336,4.4,3.143,
15338,4.4,3.143,
15340,4.4,3.143,
15342,4.4,3.143,
15344,4.4,3.143,
15346,4.4,3.143,
15348,4.4,3.143,
15350,4.4,3.143,
15352,4.4,3.143,
15354,4.4,3.143,
15356,4.4,3.143,
15358,4.4,3.143,
15360,4.4,3.143,
15362,4.4,3.143,
15364,4.4,3.143,
15366,4.4,3.143,
15368,4.4,3.143,
15370,4.4,3.143,
15372,4.4,3.143,
15374,4.4,3.143,
15376,4.4,3.143,
15378,4.4,3.143,
15380,4.4,3.143,
15382,4.4,3.143,
15384,4.4,3.143,
15386,4.4,3.143,
15388,4.4,3.143,
15390,4.4,3.143,
15392,4.4,3.143,
15394,4.4,3.143,
15396,4.4,3.143,
15398,4.4,3.143,
15400,4.4,3.143,
15402,4.4,3.143,
15404,4.4,3.143,
15406,4.4,3.143,
15408,4.4,3.142,
15410,4.4,3.142,
15412,4.4,3.142,
15414,4.4,3.141,
15416,4.4,3.14,
15418,4.4,3.14,
15420,4.4,3.139,
15422,4.4,3.139,
15424,4.4,3.138,
15426,4.4,3.138,
15428,4.4,3.137,
15430,4.4,3.137,
15432,4.4,3.136,
15434,4.4,3.136,
15436,4.4,3.136,
15438,4.4,3.136,
15440,4.4,3.136,
15442,4.4,3.136,
15444,4.4,3.136,
15446,4.4,3.136,
15448,4.4,3.136,
15450,4.4,3.136,
15452,4.4,3.136,
15454,4.4,3.136,
15456,4.4,3.136,
15458,4.4,3.136,
15460,4.4,3.136,
15462,4.4,3.136,
15464,4.4,3.136,
15466,4.4,3.136,
15468,4.4,3.136,
15470,4.4,3.136,
15472,4.4,3.136,
15474,4.4,3.136,
15476,4.4,3.135,
15478,4.4,3.135,
15480,4.4,3.136,
15482,4.4,3.135,
15484,4.4,3.135,
15486,4.4,3.135,
15488,4.4,3.135,
15490,4.4,3.135,
15492,4.4,3.135,
15494,4.4,3.135,
15496,4.4,3.135,
15498,4.4,3.134,
15500,4.4,3.134,
15502,4.4,3.133,
15504,4.4,3.133,
15506,4.4,3.132,
15508,4.4,3.131,
15510,4.4,3.131,
15512,4.4,3.13,
15514,4.4,3.129,
15516,4.4,3.129,
15518,4.4,3.129,
15520,4.4,3.129,
15522,4.4,3.129,
15524,4.4,3.129,
15526,4.4,3.129,
15528,4.4,3.129,
15530,4.4,3.129,
15532,4.4,3.129,
15534,4.4,3.129,
15536,4.4,3.129,
15538,4.4,3.129,
15540,4.4,3.129,
15542,4.4,3.129,
15544,4.4,3.129,
15546,4.4,3.129,
15548,4.4,3.129,
15550,4.4,3.129,
15552,4.4,3.129,
15554,4.4,3.128,
15556,4.4,3.128,
15558,4.4,3.129,
15560,4.4,3.128,
15562,4.4,3.128,
15564,4.4,3.128,
15566,4.4,3.128,
15568,4.4,3.128,
15570,4.4,3.128,
15572,4.4,3.127,
15574,4.4,3.126,
15576,4.4,3.125,
15578,4.4,3.124,
15580,4.4,3.123,
15582,4.4,3.122,
15584,4.4,3.122,
15586,4.4,3.122,
15588,4.4,3.122,
15590,4.4,3.122,
15592,4.4,3.122,
15594,4.4,3.122,
15596,4.4,3.122,
15598,4.4,3.122,
15600,4.4,3.122,
15602,4.4,3.122,
15604,4.4,3.122,
15606,4.4,3.122,
15608,4.4,3.122,
15610,4.4,3.122,
15612,4.4,3.122,
15614,4.4,3.122,
15616,4.4,3.121,
15618,4.4,3.121,
15620,4.4,3.121,
15622,4.4,3.121,
15624,4.4,3.121,
15626,4.4,3.121,
15628,4.4,3.12,
15630,4.4,3.119,
15632,4.4,3.118,
15634,4.4,3.117,
15636,4.4,3.116,
15638,4.4,3.115,
15640,4.4,3.114,
15642,4.4,3.114,
15644,4.4,3.114,
15646,4.4,3.114,
15648,4.4,3.114,
15650,4.4,3.114,
15652,4.4,3.114,
15654,4.4,3.114,
15656,4.4,3.114,
15658,4.4,3.114,
15660,4.4,3.114,
15662,4.4,3.114,
15664,4.4,3.114,
15666,4.4,3.114,
15668,4.4,3.114,
15670,4.4,3.113,
15672,4.4,3.113,
15674,4.4,3.113,
15676,4.4,3.113,
15678,4.4,3.113,
15680,4.4,3.113,
15682,4.4,3.113,
15684,4.4,3.112,
15686,4.4,3.112,
15688,4.4,3.11,
15690,4.4,3.109,
15692,4.4,3.108,
15694,4.4,3.107,
15696,4.4,3.107,
15698,4.4,3.107,
15700,4.4,3.107,
15702,4.4,3.107,
15704,4.4,3.107,
15706,4.4,3.107,
15708,4.4,3.107,
15710,4.4,3.107,
15712,4.4,3.107,
15714,4.4,3.106,
15716,4.4,3.107,
15718,4.4,3.107,
15720,4.4,3.107,
15722,4.4,3.106,
15724,4.4,3.106,
15726,4.4,3.106,
15728,4.4,3.106,
15730,4.4,3.106,
15732,4.4,3.104,
15734,4.4,3.103,
15736,4.4,3.102,
15738,4.4,3.101,
15740,4.4,3.101,
15742,4.4,3.1,
15744,4.4,3.1,
15746,4.4,3.1,
15748,4.4,3.1,
15750,4.4,3.1,
15752,4.4,3.1,
15754,4.4,3.1,
15756,4.4,3.1,
15758,4.4,3.1,
15760,4.4,3.1,
15762,4.4,3.099,
15764,4.4,3.1,
15766,4.4,3.099,
15768,4.4,3.099,
15770,4.4,3.099,
15772,4.4,3.099,
15774,4.4,3.099,
15776,4.4,3.099,
15778,4.4,3.097,
15780,4.4,3.096,
15782,4.4,3.094,
15784,4.4,3.093,
15786,4.4,3.092,
15788,4.4,3.092,
15790,4.4,3.092,
15792,4.4,3.092,
15794,4.4,3.092,
15796,4.4,3.092,
15798,4.4,3.092,
15800,4.4,3.092,
15802,4.4,3.092,
15804,4.4,3.092,
15806,4.4,3.092,
15808,4.4,3.091,
15810,4.4,3.091,
15812,4.4,3.091,
15814,4.4,3.091,
15816,4.4,3.091,
15818,4.4,3.091,
15820,4.4,3.089,
15822,4.4,3.088,
15824,4.4,3.086,
15826,4.4,3.085,
15828,4.4,3.085,
15830,4.4,3.085,
15832,4.4,3.085,
15834,4.4,3.085,
15836,4.4,3.085,
15838,4.4,3.085,
15840,4.4,3.085,
15842,4.4,3.085,
15844,4.4,3.085,
15846,4.4,3.085,
15848,4.4,3.085,
15850,4.4,3.084,
15852,4.4,3.085,
15854,4.4,3.084,
15856,4.4,3.084,
15858,4.4,3.084,
15860,4.4,3.084,
15862,4.4,3.083,
15864,4.4,3.081,
15866,4.4,3.081,
15868,4.4,3.079,
15870,4.4,3.078,
15872,4.4,3.078,
15874,4.4,3.078,
15876,4.4,3.078,
15878,4.4,3.078,
15880,4.4,3.078,
15882,4.4,3.078,
15884,4.4,3.078,
15886,4.4,3.078,
15888,4.4,3.078,
15890,4.4,3.078,
15892,4.4,3.078,
15894,4.4,3.077,
15896,4.4,3.077,
15898,4.4,3.077,
15900,4.4,3.076,
15902,4.4,3.075,
15904,4.4,3.074,
15906,4.4,3.072,
15908,4.4,3.071,
15910,4.4,3.071,
15912,4.4,3.071,
15914,4.4,3.071,
15916,4.4,3.071,
15918,4.4,3.071,
15920,4.4,3.071,
15922,4.4,3.071,
15924,4.4,3.071,
15926,4.4,3.071,
15928,4.4,3.071,
15930,4.4,3.07,
15932,4.4,3.071,
15934,4.4,3.07,
15936,4.4,3.07,
15938,4.4,3.07,
15940,4.4,3.069,
15942,4.4,3.067,
15944,4.4,3.065,
15946,4.4,3.064,
15948,4.4,3.063,
15950,4.4,3.063,
15952,4.4,3.063,
15954,4.4,3.063,
15956,4.4,3.063,
15958,4.4,3.063,
15960,4.4,3.063,
15962,4.4,3.063,
15964,4.4,3.063,
15966,4.4,3.062,
15968,4.4,3.062,
15970,4.4,3.062,
15972,4.4,3.062,
15974,4.4,3.062,
15976,4.4,3.061,
15978,4.4,3.059,
15980,4.4,3.058,
15982,4.4,3.056,
15984,4.4,3.056,
15986,4.4,3.056,
15988,4.4,3.056,
15990,4.4,3.056,
15992,4.4,3.056,
15994,4.4,3.056,
15996,4.4,3.056,
15998,4.4,3.056,
16000,4.4,3.056,
16002,4.4,3.056,
16004,4.4,3.055,
16006,4.4,3.055,
16008,4.4,3.055,
16010,4.4,3.055,
16012,4.4,3.054,
16014,4.4,3.052,
16016,4.4,3.05,
16018,4.4,3.05,
16020,4.4,3.049,
16022,4.4,3.049,
16024,4.4,3.049,
16026,4.4,3.049,
16028,4.4,3.049,
16030,4.4,3.049,
16032,4.4,3.049,
16034,4.4,3.049,
16036,4.4,3.049,
16038,4.4,3.048,
16040,4.4,3.048,
16042,4.4,3.048,
16044,4.4,3.048,
16046,4.4,3.047,
16048,4.4,3.044,
16050,4.4,3.042,
16052,4.4,3.041,
16054,4.4,3.041,
16056,4.4,3.041,
16058,4.4,3.041,
16060,4.4,3.041,
16062,4.4,3.041,
16064,4.4,3.041,
16066,4.4,3.041,
16068,4.4,3.041,
16070,4.4,3.041,
16072,4.4,3.04,
16074,4.4,3.04,
16076,4.4,3.04,
16078,4.4,3.04,
16080,4.4,3.039,
16082,4.4,3.037,
16084,4.4,3.035,
16086,4.4,3.034,
16088,4.4,3.034,
16090,4.4,3.034,
16092,4.4,3.034,
16094,4.4,3.034,
16096,4.4,3.034,
16098,4.4,3.034,
16100,4.4,3.034,
16102,4.4,3.034,
16104,4.4,3.033,
16106,4.4,3.033,
16108,4.4,3.032,
16110,4.4,3.03,
16112,4.4,3.028,
16114,4.4,3.028,
16116,4.4,3.027,
16118,4.4,3.027,
16120,4.4,3.027,
16122,4.4,3.027,
16124,4.4,3.027,
16126,4.4,3.027,
16128,4.4,3.027,
16130,4.4,3.027,
16132,4.4,3.027,
16134,4.4,3.026,
16136,4.4,3.026,
16138,4.4,3.026,
16140,4.4,3.026,
16142,4.4,3.025,
16144,4.4,3.022,
16146,4.4,3.02,
16148,4.4,3.02,
16150,4.4,3.02,
16152,4.4,3.02,
16154,4.4,3.02,
16156,4.4,3.02,
16158,4.4,3.02,
16160,4.4,3.02,
16162,4.4,3.02,
16164,4.4,3.02,
16166,4.4,3.019,
16168,4.4,3.019,
16170,4.4,3.018,
16172,4.4,3.016,
16174,4.4,3.014,
16176,4.4,3.012,
16178,4.4,3.012,
16180,4.4,3.012,
16182,4.4,3.012,
16184,4.4,3.012,
16186,4.4,3.012,
16188,4.4,3.012,
16190,4.4,3.012,
16192,4.4,3.012,
16194,4.4,3.011,
16196,4.4,3.011,
16198,4.4,3.011,
16200,4.4,3.01,
16202,4.4,3.009,
16204,4.4,3.006,
16206,4.4,3.005,
16208,4.4,3.005,
16210,4.4,3.005,
16212,4.4,3.005,
16214,4.4,3.005,
16216,4.4,3.005,
16218,4.4,3.005,
16220,4.4,3.004,
16222,4.4,3.005,
16224,4.4,3.004,
16226,4.4,3.004,
16228,4.4,3.002,
16230,4.4,3,
16232,4.4,2.999,
16234,4.4,2.998,
16236,4.4,2.998,
16238,4.4,2.998,
16240,4.4,2.998,
16242,4.4,2.998,
16244,4.4,2.998,
16246,4.4,2.998,
16248,4.4,2.998,
16250,4.4,2.997,
16252,4.4,2.997,
16254,4.4,2.997,
16256,4.4,2.995,
16258,4.4,2.993,
16260,4.4,2.991,
16262,4.4,2.99,
16264,4.4,2.99,
16266,4.4,2.99,
16268,4.4,2.99,
16270,4.4,2.99,
16272,4.4,2.99,
16274,4.4,2.99,
16276,4.4,2.989,
16278,4.4,2.989,
16280,4.4,2.989,
16282,4.4,2.989,
16284,4.4,2.986,
16286,4.4,2.984,
16288,4.4,2.983,
16290,4.4,2.983,
16292,4.4,2.983,
16294,4.4,2.983,
16296,4.4,2.983,
16298,4.4,2.983,
16300,4.4,2.983,
16302,4.4,2.982,
16304,4.4,2.982,
16306,4.4,2.982,
16308,4.4,2.981,
16310,4.4,2.979,
16312,4.4,2.977,
16314,4.4,2.976,
16316,4.4,2.976,
16318,4.4,2.976,
16320,4.4,2.976,
16322,4.4,2.976,
16324,4.4,2.976,
16326,4.4,2.975,
16328,4.4,2.975,
16330,4.4,2.975,
16332,4.4,2.973,
16334,4.4,2.97,
16336,4.4,2.968,
16338,4.4,2.968,
16340,4.4,2.968,
16342,4.4,2.968,
16344,4.4,2.968,
16346,4.4,2.968,
16348,4.4,2.968,
16350,4.4,2.968,
16352,4.4,2.968,
16354,4.4,2.968,
16356,4.4,2.968,
16358,4.4,2.965,
16360,4.4,2.962,
16362,4.4,2.961,
16364,4.4,2.961,
16366,4.4,2.961,
16368,4.4,2.961,
16370,4.4,2.961,
16372,4.4,2.961,
16374,4.4,2.961,
16376,4.4,2.96,
16378,4.4,2.96,
16380,4.4,2.959,
16382,4.4,2.957,
16384,4.4,2.955,
16386,4.4,2.954,
16388,4.4,2.954,
16390,4.4,2.954,
16392,4.4,2.954,
16394,4.4,2.954,
16396,4.4,2.954,
16398,4.4,2.953,
16400,4.4,2.953,
16402,4.4,2.953,
16404,4.4,2.951,
16406,4.4,2.948,
16408,4.4,2.947,
16410,4.4,2.947,
16412,4.4,2.947,
16414,4.4,2.947,
16416,4.4,2.947,
16418,4.4,2.946,
16420,4.4,2.946,
16422,4.4,2.946,
16424,4.4,2.945,
16426,4.4,2.943,
16428,4.4,2.94,
16430,4.4,2.939,
16432,4.4,2.939,
16434,4.4,2.939,
16436,4.4,2.939,
16438,4.4,2.939,
16440,4.4,2.939,
16442,4.4,2.938,
16444,4.4,2.938,
16446,4.4,2.938,
16448,4.4,2.936,
16450,4.4,2.933,
16452,4.4,2.932,
16454,4.4,2.932,
16456,4.4,2.932,
16458,4.4,2.932,
16460,4.4,2.932,
16462,4.4,2.932,
16464,4.4,2.931,
16466,4.4,2.931,
16468,4.4,2.929,
16470,4.4,2.927,
16472,4.4,2.925,
16474,4.4,2.925,
16476,4.4,2.925,
16478,4.4,2.925,
16480,4.4,2.925,
16482,4.4,2.925,
16484,4.4,2.924,
16486,4.4,2.924,
16488,4.4,2.923,
16490,4.4,2.92,
16492,4.4,2.917,
16494,4.4,2.917,
16496,4.4,2.917,
16498,4.4,2.917,
16500,4.4,2.917,
16502,4.4,2.917,
16504,4.4,2.917,
16506,4.4,2.916,
16508,4.4,2.913,
16510,4.4,2.91,
16512,4.4,2.91,
16514,4.4,2.91,
16516,4.4,2.91,
16518,4.4,2.91,
16520,4.4,2.91,
16522,4.4,2.91,
16524,4.4,2.909,
16526,4.4,2.908,
16528,4.4,2.906,
16530,4.4,2.903,
16532,4.4,2.903,
16534,4.4,2.903,
16536,4.4,2.903,
16538,4.4,2.903,
16540,4.4,2.903,
16542,4.4,2.902,
16544,4.4,2.902,
16546,4.4,2.899,
16548,4.4,2.896,
16550,4.4,2.896,
16552,4.4,2.896,
16554,4.4,2.896,
16556,4.4,2.896,
16558,4.4,2.896,
16560,4.4,2.895,
16562,4.4,2.895,
16564,4.4,2.892,
16566,4.4,2.889,
16568,4.4,2.888,
16570,4.4,2.888,
16572,4.4,2.888,
16574,4.4,2.888,
16576,4.4,2.888,
16578,4.4,2.887,
16580,4.4,2.886,
16582,4.4,2.883,
16584,4.4,2.881,
16586,4.4,2.881,
16588,4.4,2.881,
16590,4.4,2.881,
16592,4.4,2.881,
16594,4.4,2.88,
16596,4.4,2.88,
16598,4.4,2.878,
16600,4.4,2.875,
16602,4.4,2.874,
16604,4.4,2.874,
16606,4.4,2.874,
16608,4.4,2.874,
16610,4.4,2.874,
16612,4.4,2.873,
16614,4.4,2.871,
16616,4.4,2.867,
16618,4.4,2.866,
16620,4.4,2.866,
16622,4.4,2.866,
16624,4.4,2.866,
16626,4.4,2.866,
16628,4.4,2.866,
16630,4.4,2.864,
16632,4.4,2.86,
16634,4.4,2.859,
16636,4.4,2.859,
16638,4.4,2.859,
16640,4.4,2.859,
16642,4.4,2.858,
16644,4.4,2.858,
16646,4.4,2.854,
16648,4.4,2.852,
16650,4.4,2.852,
16652,4.4,2.852,
16654,4.4,2.852,
16656,4.4,2.852,
16658,4.4,2.851,
16660,4.4,2.85,
16662,4.4,2.845,
16664,4.4,2.845,
16666,4.4,2.845,
16668,4.4,2.845,
16670,4.4,2.845,
16672,4.4,2.844,
16674,4.4,2.844,
16676,4.4,2.839,
16678,4.4,2.837,
16680,4.4,2.837,
16682,4.4,2.837,
16684,4.4,2.837,
16686,4.4,2.836,
16688,4.4,2.836,
16690,4.4,2.833,
16692,4.4,2.83,
16694,4.4,2.83,
16696,4.4,2.83,
16698,4.4,2.83,
16700,4.4,2.829,
16702,4.4,2.828,
16704,4.4,2.824,
16706,4.4,2.823,
16708,4.4,2.823,
16710,4.4,2.823,
16712,4.4,2.822,
16714,4.4,2.822,
16716,4.4,2.82,
16718,4.4,2.816,
16720,4.4,2.815,
16722,4.4,2.815,
16724,4.4,2.815,
16726,4.4,2.814,
16728,4.4,2.814,
16730,4.4,2.81,
16732,4.4,2.808,
16734,4.4,2.808,
16736,4.4,2.808,
16738,4.4,2.808,
16740,4.4,2.807,
16742,4.4,2.804,
16744,4.4,2.801,
16746,4.4,2.801,
16748,4.4,2.8,
16750,4.4,2.8,
16752,4.4,2.796,
16754,4.4,2.794,
16756,4.4,2.794,
16758,4.4,2.794,
16760,4.4,2.794,
16762,4.4,2.793,
16764,4.4,2.793,
16766,4.4,2.787,
16768,4.4,2.786,
16770,4.4,2.786,
16772,4.4,2.786,
16774,4.4,2.785,
16776,4.4,2.784,
16778,4.4,2.779,
16780,4.4,2.779,
16782,4.4,2.779,
16784,4.4,2.778,
16786,4.4,2.778,
16788,4.4,2.773,
16790,4.4,2.772,
16792,4.4,2.772,
16794,4.4,2.771,
16796,4.4,2.771,
16798,4.4,2.766,
16800,4.4,2.764,
16802,4.4,2.764,
16804,4.4,2.764,
16806,4.4,2.763,
16808,4.4,2.762,
16810,4.4,2.757,
16812,4.4,2.757,
16814,4.4,2.756,
16816,4.4,2.756,
16818,4.4,2.755,
16820,4.4,2.75,
16822,4.4,2.75,
16824,4.4,2.75,
16826,4.4,2.749,
16828,4.4,2.747,
16830,4.4,2.742,
16832,4.4,2.742,
16834,4.4,2.742,
16836,4.4,2.742,
16838,4.4,2.736,
16840,4.4,2.735,
16842,4.4,2.735,
16844,4.4,2.734,
16846,4.4,2.734,
16848,4.4,2.728,
16850,4.4,2.728,
16852,4.4,2.728,
16854,4.4,2.727,
16856,4.4,2.723,
16858,4.4,2.721,
16860,4.4,2.721,
16862,4.4,2.72,
16864,4.4,2.718,
16866,4.4,2.713,
16868,4.4,2.713,
16870,4.4,2.713,
16872,4.4,2.712,
16874,4.4,2.706,
16876,4.4,2.706,
16878,4.4,2.706,
16880,4.4,2.705,
16882,4.4,2.699,
16884,4.4,2.699,
16886,4.4,2.699,
16888,4.4,2.697,
16890,4.4,2.691,
16892,4.4,2.691,
16894,4.4,2.691,
16896,4.4,2.688,
16898,4.4,2.684,
16900,4.4,2.684,
16902,4.4,2.683,
16904,4.4,2.677,
16906,4.4,2.677,
16908,4.4,2.676,
16910,4.4,2.673,
16912,4.4,2.67,
16914,4.4,2.67,
16916,4.4,2.668,
16918,4.4,2.662,
16920,4.4,2.662,
16922,4.4,2.661,
16924,4.4,2.655,
16926,4.4,2.655,
16928,4.4,2.654,
16930,4.4,2.648,
16932,4.4,2.648,
16934,4.4,2.647,
16936,4.4,2.64,
16938,4.4,2.64,
16940,4.4,2.639,
16942,4.4,2.633,
16944,4.4,2.633,
16946,4.4,2.629,
16948,4.4,2.626,
16950,4.4,2.625,
16952,4.4,2.619,
16954,4.4,2.619,
16956,4.4,2.615,
16958,4.4,2.611,
16960,4.4,2.61,
16962,4.4,2.604,
16964,4.4,2.604,
16966,4.4,2.598,
16968,4.4,2.597,
16970,4.4,2.593,
16972,4.4,2.589,
16974,4.4,2.589,
16976,4.4,2.582,
16978,4.4,2.581,
16980,4.4,2.575,
16982,4.4,2.574,
16984,4.4,2.568,
16986,4.4,2.567,
16988,4.4,2.56,
16990,4.4,2.56,
16992,4.4,2.553,
16994,4.4,2.552,
16996,4.4,2.546,
16998,4.4,2.545,
17000,4.4,2.538,
17002,4.4,2.536,
17004,4.4,2.531,
17006,4.4,2.525,
17008,4.4,2.524,
17010,4.4,2.517,
17012,4.4,2.515,
17014,4.4,2.509,
17016,4.4,2.502,
17018,4.4,2.501,
17020,4.4,2.499,
17022,4.4,2.499,
