Timestamp,V_Meas(Avg),V_Pred(EKF),SoC_CC(%),SoC_EKF(%),dt
17:07:00,2.487,2.655,0,0,1
17:07:01,2.487,2.649633,0,0,1
17:07:02,2.517,2.675239,0.006677814,0,1
17:07:03,2.531,2.669126,0.013355628,0,1
17:07:04,2.545,2.663059,0.020033443,0,1
17:07:05,2.553,2.657469,0.026711257,0,1
17:07:06,2.56,2.652262,0.033389073,0,1
17:07:07,2.568,2.647499,0.040066888,0,1
17:07:08,2.575,2.643309,0.046744704,0,1
17:07:09,2.582,2.639667,0.05342252,0,1
17:07:10,2.589,2.6366,0.060100335,0,1
17:07:11,2.597,2.634123,0.066778151,0,1
17:07:12,2.603,2.632314,0.073455967,0,1
17:07:13,2.61,2.631021,0.080133782,0,1
17:07:14,2.611,2.630318,0.086811598,0,1
17:07:15,2.619,2.629708,0.093489414,0,1
17:07:16,2.625,2.629775,0.100167224,0,1
17:07:17,2.629,2.630324,0.106845039,0,1
17:07:18,2.633,2.631162,0.113522855,0.021949194,1
17:07:19,2.64,2.633432,0.120200671,0.082915043,1
17:07:20,2.645,2.63819,0.126878486,0.145566952,1
17:07:21,2.648,2.643059,0.133556302,0.192640442,1
17:07:22,2.654,2.646924,0.140234118,0.256868196,1
17:07:23,2.655,2.651902,0.146911934,0.28861172,1
17:07:24,2.662,2.654761,0.153589749,0.353578804,1
17:07:25,2.668,2.659797,0.160267565,0.425973255,1
17:07:26,2.67,2.665325,0.166945381,0.469914591,1
17:07:27,2.676,2.668969,0.173623196,0.532369269,1
17:07:28,2.677,2.673846,0.180301012,0.563972164,1
17:07:29,2.683,2.676656,0.186978828,0.620482164,1
17:07:30,2.684,2.681141,0.193656643,0.649517868,1
17:07:31,2.691,2.683767,0.200334447,0.712507777,1
17:07:32,2.691,2.688695,0.207012263,0.73704808,1
17:07:33,2.699,2.691,0.213690079,0.805459265,1
17:07:34,2.701,2.696307,0.220367895,0.848193653,1
17:07:35,2.706,2.699847,0.22704571,0.901942234,1
17:07:36,2.706,2.704146,0.233723526,0.922742207,1
17:07:37,2.713,2.706156,0.240401342,0.98134391,1
17:07:38,2.713,2.710797,0.247079157,1.004667953,1
17:07:39,2.721,2.712965,0.253756973,1.071804017,1
17:07:40,2.721,2.718211,0.260434789,1.099387,1
17:07:41,2.727,2.720663,0.267112604,1.153369434,1
17:07:42,2.728,2.724982,0.27379042,1.182491332,1
17:07:43,2.734,2.72753,0.280468236,1.237096917,1
17:07:44,2.735,2.731894,0.287146051,1.266716048,1
17:07:45,2.735,2.734463,0.293823867,1.277344674,1
17:07:46,2.742,2.735662,0.300501683,1.33041814,1
17:07:47,2.742,2.739925,0.307179498,1.352235302,1
17:07:48,2.749,2.741917,0.313857314,1.410409249,1
17:07:49,2.75,2.746551,0.32053513,1.442075,1
17:07:50,2.75,2.749245,0.327212946,1.454202272,1
17:07:51,2.756,2.750502,0.333890761,1.500434522,1
17:07:52,2.757,2.754265,0.340568577,1.526720263,1
17:07:53,2.758,2.756551,0.347246393,1.543753222,1
17:07:54,2.763,2.758147,0.353924208,1.584986225,1
17:07:55,2.764,2.761539,0.360602024,1.609130949,1
17:07:56,2.766,2.763651,0.36727984,1.63242314,1
17:07:57,2.771,2.765696,0.373957655,1.676491275,1
17:07:58,2.772,2.769297,0.380635471,1.70216,1
17:07:59,2.774,2.771508,0.387313287,1.726294309,1
17:08:00,2.779,2.773598,0.393991079,1.770683564,1
17:08:01,2.779,2.777221,0.400668895,1.789742149,1
17:08:02,2.78,2.778912,0.407346711,1.803973131,1
17:08:03,2.786,2.78023,0.414024526,1.850554,1
17:08:04,2.786,2.784022,0.420702342,1.870881207,1
17:08:05,2.787,2.785792,0.427380158,1.885860413,1
17:08:06,2.793,2.787147,0.434057973,1.932645589,1
17:08:07,2.794,2.790957,0.440735789,1.960116997,1
17:08:08,2.794,2.793265,0.447413605,1.971806586,1
17:08:09,2.795,2.79434,0.45409142,1.982964762,1
17:08:10,2.8,2.795372,0.460769,2.021016367,1
17:08:11,2.801,2.798501,0.467447052,2.044566721,1
17:08:12,2.805,2.800491,0.474124867,2.081610076,1
17:08:13,2.807,2.803538,0.480802683,2.11154148,1
17:08:14,2.808,2.806019,0.487480499,2.131491713,1
17:08:15,2.808,2.807706,0.494158315,2.140135132,1
17:08:16,2.814,2.808493,0.50083613,2.183500677,1
17:08:17,2.815,2.812038,0.507513946,2.209859714,1
17:08:18,2.815,2.814222,0.514191762,2.221696638,1
17:08:19,2.816,2.81524,0.520869577,2.233396843,1
17:08:20,2.822,2.816244,0.527547393,2.278015576,1
17:08:21,2.823,2.819893,0.534225209,2.305126935,1
17:08:22,2.823,2.822124,0.540903024,2.317555062,1
17:08:23,2.825,2.823164,0.54758084,2.336244844,1
17:08:24,2.829,2.824709,0.554258656,2.370923944,1
17:08:25,2.83,2.827549,0.560936471,2.393555455,1
17:08:26,2.83,2.829403,0.567614287,2.404108644,1
17:08:27,2.834,2.830268,0.574292103,2.434960939,1
17:08:28,2.836,2.832791,0.580969919,2.46239379,1
17:08:29,2.837,2.835028,0.587647734,2.48179324,1
17:08:30,2.837,2.8366,0.59432555,2.491041087,1
17:08:31,2.839,2.837334,0.601003366,2.508408949,1
17:08:32,2.844,2.838736,0.607681181,2.548776753,1
17:08:33,2.845,2.84204,0.614358997,2.574358881,1
17:08:34,2.845,2.84411,0.621036813,2.586711757,1
17:08:35,2.845,2.845075,0.627714628,2.59290915,1
17:08:36,2.851,2.845525,0.634392444,2.634308115,1
17:08:37,2.852,2.848917,0.64107026,2.66050119,1
17:08:38,2.852,2.851027,0.647748075,2.673323452,1
17:08:39,2.852,2.85201,0.654425891,2.679933608,1
17:08:40,2.856,2.85247,0.661103707,2.708811313,1
17:08:41,2.859,2.854805,0.667781522,2.741814777,1
17:08:42,2.859,2.857483,0.674459,2.757989243,1
17:08:43,2.859,2.858732,0.681137154,2.766340412,1
17:08:44,2.86,2.859314,0.68781497,2.777295746,1
17:08:45,2.866,2.860116,0.694492785,2.820581943,1
17:08:46,2.866,2.863672,0.701170601,2.841717,1
17:08:47,2.866,2.865329,0.707848417,2.852553874,1
17:08:48,2.866,2.866101,0.714526232,2.858604863,1
17:08:49,2.871,2.866461,0.721204048,2.8933011,1
17:08:50,2.873,2.869282,0.727881864,2.922890149,1
17:08:51,2.874,2.871656,0.734559679,2.943995595,1
17:08:52,2.874,2.873293,0.741237495,2.955011651,1
17:08:53,2.874,2.874056,0.747915311,2.961347625,1
17:08:54,2.88,2.874413,0.754593126,3.002186306,1
17:08:55,2.88,2.877761,0.761270942,3.02252993,1
17:08:56,2.881,2.879321,0.767948758,3.039442934,1
17:08:57,2.881,2.880579,0.774626574,3.048686311,1
17:08:58,2.881,2.881165,0.781304389,3.054363,1
17:08:59,2.886,2.881439,0.787982158,3.088672645,1
17:09:00,2.887,2.88422,0.794659927,3.112167306,1
17:09:01,2.887,2.886046,0.801337697,3.124608286,1
17:09:02,2.888,2.886896,0.808015,3.137946501,1
17:09:03,2.888,2.887824,0.814693235,3.145684302,1
17:09:04,2.893,2.888257,0.821371004,3.180842474,1
17:09:05,2.895,2.891111,0.828048773,3.210837021,1
17:09:06,2.896,2.893502,0.834726542,3.232472017,1
17:09:07,2.896,2.895146,0.841404311,3.244257,1
17:09:08,2.896,2.895912,0.84808208,3.251460195,1
17:09:09,2.897,2.89627,0.85475985,3.262485936,1
17:09:10,2.902,2.896968,0.861438,3.299090266,1
17:09:11,2.903,2.899947,0.868115388,3.323899955,1
17:09:12,2.903,2.901864,0.874793157,3.337313607,1
17:09:13,2.903,2.902758,0.881470926,3.345424309,1
17:09:14,2.903,2.903175,0.888148695,3.351067752,1
17:09:15,2.909,2.903371,0.894826464,3.390962,1
17:09:16,2.909,2.906646,0.901504233,3.411510959,1
17:09:17,2.91,2.908171,0.908182003,3.428952768,1
17:09:18,2.91,2.909412,0.91486,3.439085558,1
17:09:19,2.91,2.909991,0.921537541,3.445813805,1
17:09:20,2.91,2.910262,0.92821531,3.450956941,1
17:09:21,2.916,2.91039,0.934893079,3.490438685,1
17:09:22,2.917,2.913634,0.941570848,3.516776487,1
17:09:23,2.917,2.915674,0.948248617,3.531186655,1
17:09:24,2.917,2.916625,0.954926386,3.540047631,1
17:09:25,2.917,2.917069,0.961604156,3.546324745,1
17:09:26,2.919,2.917277,0.968282,3.563006967,1
17:09:27,2.924,2.918437,0.974959694,3.601939976,1
17:09:28,2.925,2.92163,0.981637463,3.628135,1
17:09:29,2.925,2.923647,0.988315232,3.642641008,1
17:09:30,2.925,2.924587,0.994993001,3.651705012,1
17:09:31,2.925,2.925025,1.00167077,3.658235818,1
17:09:32,2.927,2.925231,1.008348539,3.675103933,1
17:09:33,2.931,2.92639,1.015026309,3.7083067,1
17:09:34,2.931,2.929053,1.021704,3.726176172,1
17:09:35,2.932,2.930292,1.028381847,3.742658347,1
17:09:36,2.932,2.931401,1.035059616,3.752770275,1
17:09:37,2.932,2.931919,1.041737385,3.759913892,1
17:09:38,2.933,2.932161,1.048415154,3.771389276,1
17:09:39,2.938,2.932807,1.055092923,3.807719797,1
17:09:40,2.938,2.935761,1.061770692,3.827167302,1
17:09:41,2.939,2.937136,1.068448462,3.84446308,1
17:09:42,2.939,2.938308,1.075126231,3.855078295,1
17:09:43,2.939,2.938855,1.081804,3.862579167,1
17:09:44,2.939,2.939111,1.088481769,3.868626431,1
17:09:45,2.942,2.939232,1.095159538,3.890995309,1
17:09:46,2.946,2.940883,1.101837307,3.926653415,1
17:09:47,2.946,2.943774,1.108515076,3.945929185,1
17:09:48,2.947,2.94512,1.115192845,3.963238746,1
17:09:49,2.947,2.946277,1.121870615,3.973999247,1
17:09:50,2.947,2.946818,1.128548,3.981707245,1
17:09:51,2.947,2.947071,1.135226153,3.987984732,1
17:09:52,2.952,2.947191,1.141903922,4.021717235,1
17:09:53,2.953,2.949902,1.148581691,4.045810923,1
17:09:54,2.954,2.951694,1.15525946,4.065438733,1
17:09:55,2.954,2.953059,1.161937229,4.077395052,1
17:09:56,2.954,2.953696,1.168614998,4.085774347,1
17:09:57,2.954,2.953995,1.175292768,4.09248285,1
17:09:58,2.954,2.954136,1.181970537,4.098401964,1
17:09:59,2.959,2.954204,1.188648306,4.131869227,1
17:10:00,2.96,2.95689,1.195326075,4.15590331,1
17:10:01,2.961,2.958671,1.202003844,4.175568745,1
17:10:02,2.961,2.960032,1.208681613,4.187644273,1
17:10:03,2.961,2.960666,1.215359382,4.196184501,1
17:10:04,2.961,2.960963,1.222037151,4.2030707,1
17:10:05,2.961,2.961103,1.228714921,4.209175333,1
17:10:06,2.967,2.961172,1.235393,4.248186573,1
17:10:07,2.968,2.964389,1.242070459,4.274886101,1
17:10:08,2.968,2.966416,1.248748228,4.290342,1
17:10:09,2.968,2.96736,1.255425997,4.300566018,1
17:10:10,2.968,2.967801,1.262103766,4.308347777,1
17:10:11,2.968,2.968008,1.268781535,4.314981028,1
17:10:12,2.968,2.968107,1.275459304,4.321068153,1
17:10:13,2.969,2.968156,1.282137074,4.332397878,1
17:10:14,2.975,2.968712,1.288814843,4.373706132,1
17:10:15,2.975,2.972156,1.295492612,4.39604111,1
17:10:16,2.976,2.973758,1.302170381,4.415056854,1
17:10:17,2.976,2.975034,1.30884815,4.427046329,1
17:10:18,2.976,2.97563,1.315525919,4.435759783,1
17:10:19,2.976,2.975909,1.322203688,4.442937672,1
17:10:20,2.977,2.976041,1.328881457,4.454870522,1
17:10:21,2.981,2.976636,1.335559227,4.48545143,1
17:10:22,2.982,2.979037,1.342237,4.508350417,1
17:10:23,2.983,2.980685,1.348914765,4.527693987,1
17:10:24,2.983,2.981983,1.355592534,4.539932311,1
17:10:25,2.983,2.982589,1.362270303,4.548856243,1
17:10:26,2.983,2.982873,1.368948072,4.556227848,1
17:10:27,2.983,2.983008,1.375625841,4.562862962,1
17:10:28,2.984,2.983073,1.38230361,4.574589059,1
17:10:29,2.989,2.983637,1.38898138,4.610461742,1
17:10:30,2.989,2.986554,1.395659149,4.630449042,1
17:10:31,2.989,2.987911,1.402336918,4.643055424,1
17:10:32,2.99,2.988544,1.409014687,4.657647014,1
17:10:33,2.99,2.989371,1.415692456,4.667742923,1
17:10:34,2.99,2.989757,1.422370225,4.675738141,1
17:10:35,2.99,2.98994,1.429047994,4.682740569,1
17:10:36,2.991,2.990028,1.435725763,4.694684222,1
17:10:37,2.996,2.990602,1.442403533,4.730580002,1
17:10:38,2.997,2.993524,1.449081,4.756066576,1
17:10:39,2.997,2.995413,1.455759071,4.771327227,1
17:10:40,2.998,2.996293,1.46243684,4.787234962,1
17:10:41,2.998,2.997235,1.469114609,4.798048362,1
17:10:42,2.998,2.997675,1.475792378,4.806482419,1
17:10:43,2.998,2.997882,1.482470147,4.813795909,1
17:10:44,2.998,2.997982,1.489147916,4.820574075,1
17:10:45,2.999,2.998031,1.495825686,4.832471907,1
17:10:46,3.003,2.998587,1.502503455,4.862897471,1
17:10:47,3.004,3.00097,1.509181224,4.885873944,1
17:10:48,3.005,3.00261,1.515858993,4.905405268,1
17:10:49,3.005,3.003903,1.522536762,4.917977005,1
17:10:50,3.005,3.004507,1.529214531,4.927301779,1
17:10:51,3.005,3.00479,1.5358923,4.935103655,1
17:10:52,3.005,3.004925,1.542570069,4.942183197,1
17:10:53,3.006,3.004991,1.549247839,4.954274371,1
17:10:54,3.009,3.005555,1.555926,4.979407042,1
17:10:55,3.011,3.007411,1.562603377,5.005301908,1
17:10:56,3.012,3.009336,1.569281146,5.026242509,1
17:10:57,3.012,3.010763,1.575958915,5.039542168,1
17:10:58,3.012,3.011428,1.582636684,5.049280077,1
17:10:59,3.012,3.01174,1.589314453,5.057348683,1
17:11:00,3.012,3.011888,1.595992222,5.064627901,1
17:11:01,3.012,3.01196,1.602669992,5.071521,1
17:11:02,3.012,3.011997,1.609347761,5.07821776,1
17:11:03,3.017,3.012017,1.61602553,5.11145778,1
17:11:04,3.019,3.014681,1.622703299,5.141147599,1
17:11:05,3.019,3.016981,1.629381068,5.158581585,1
17:11:06,3.02,3.018051,1.636058837,5.175642669,1
17:11:07,3.02,3.019082,1.642736606,5.187213,1
17:11:08,3.02,3.019563,1.649414375,5.196220428,1
17:11:09,3.02,3.019789,1.656092145,5.20401895,1
17:11:10,3.02,3.019898,1.66277,5.211242288,1
17:11:11,3.02,3.019952,1.669447683,5.218178779,1
17:11:12,3.024,3.01998,1.676125452,5.246188119,1
17:11:13,3.026,3.022118,1.682803221,5.273478478,1
17:11:14,3.026,3.024173,1.68948099,5.289853364,1
17:11:15,3.027,3.02513,1.696158759,5.306455493,1
17:11:16,3.027,3.026107,1.702836528,5.317870155,1
17:11:17,3.027,3.026565,1.709514298,5.32685779,1
17:11:18,3.027,3.026779,1.716192067,5.334705859,1
17:11:19,3.027,3.026883,1.722869836,5.342005193,1
17:11:20,3.027,3.026934,1.729547605,5.349031463,1
17:11:21,3.027,3.026962,1.736225374,5.355913565,1
17:11:22,3.03,3.026978,1.742903143,5.378563702,1
17:11:23,3.032,3.02858,1.749580912,5.403309315,1
17:11:24,3.033,3.030386,1.756258681,5.423797667,1
17:11:25,3.034,3.031758,1.762936451,5.442316458,1
17:11:26,3.034,3.032928,1.769614,5.454657972,1
17:11:27,3.034,3.033474,1.776291989,5.464113504,1
17:11:28,3.034,3.033731,1.782969758,5.472214893,1
17:11:29,3.034,3.033853,1.789647527,5.479669943,1
17:11:30,3.034,3.033913,1.796325296,5.486805364,1
17:11:31,3.037,3.033945,1.803003065,5.509577319,1
17:11:32,3.04,3.035554,1.809680834,5.539668,1
17:11:33,3.04,3.037894,1.816358604,5.557434633,1
17:11:34,3.04,3.038983,1.823036373,5.569468439,1
17:11:35,3.041,3.039491,1.829714142,5.584092811,1
17:11:36,3.041,3.04026,1.836391911,5.59466444,1
17:11:37,3.041,3.040621,1.84306968,5.603338033,1
17:11:38,3.041,3.040792,1.849747449,5.611113459,1
17:11:39,3.041,3.040874,1.856425218,5.618452653,1
17:11:40,3.041,3.040916,1.863102987,5.625571311,1
17:11:41,3.042,3.040939,1.869780757,5.637815967,1
17:11:42,3.047,3.041484,1.876459,5.673432723,1
17:11:43,3.048,3.044391,1.883136295,5.699044839,1
17:11:46,3.048,3.046273,1.889814064,5.714787915,1
17:11:46,3.049,3.047148,1.896491833,5.731182918,1
17:11:47,3.049,3.048088,1.903169602,5.742645,1
17:11:48,3.049,3.048527,1.909847371,5.7518024,1
17:11:49,3.049,3.048735,1.91652514,5.759870633,1
17:11:49,3.049,3.048834,1.92320291,5.767415836,1
17:11:50,3.049,3.048884,1.929880679,5.774699524,1
17:11:51,3.049,3.048911,1.936558448,5.781840533,1
17:11:52,3.052,3.048927,1.943236217,5.804594979,1
17:11:53,3.055,3.050529,1.949913986,5.834660307,1
17:11:54,3.055,3.052866,1.956591755,5.85250482,1
17:11:55,3.055,3.053953,1.963269524,5.864663422,1
17:11:56,3.056,3.05446,1.969947293,5.879397318,1
17:11:57,3.056,3.055229,1.976625063,5.890107527,1
17:11:58,3.056,3.055589,1.983303,5.898933858,1
17:11:59,3.056,3.05576,1.989980601,5.906866863,1
17:12:00,3.056,3.055843,1.99665837,5.914363265,1
17:12:01,3.056,3.055885,2.003336139,5.921642482,1
17:12:02,3.056,3.055908,2.010013908,5.928798392,1
17:12:03,3.059,3.055923,2.016691677,5.951526016,1
17:12:04,3.062,3.057524,2.023369446,5.981548131,1
17:12:05,3.062,3.05986,2.030047216,5.999389291,1
17:12:06,3.062,3.060946,2.036724985,6.011562422,1
17:12:07,3.063,3.061454,2.043402754,6.026310474,1
17:12:08,3.063,3.062222,2.050080523,6.037046015,1
17:12:09,3.063,3.062583,2.056758292,6.045899913,1
17:12:10,3.063,3.062753,2.063436061,6.053864211,1
17:12:11,3.063,3.062836,2.07011383,6.061394513,1
17:12:12,3.063,3.062879,2.076791599,6.06870465,1
17:12:13,3.063,3.062902,2.083469369,6.075892597,1
17:12:14,3.066,3.062917,2.090147138,6.098612398,1
17:12:15,3.069,3.064517,2.096824907,6.128609,1
17:12:16,3.07,3.066853,2.103502676,6.151662767,1
17:12:17,3.07,3.06847,2.110180445,6.166307628,1
17:12:18,3.071,3.069222,2.116858214,6.182243302,1
17:12:19,3.071,3.070105,2.123535983,6.193581596,1
17:12:20,3.071,3.070518,2.130213752,6.202770397,1
17:12:21,3.071,3.070713,2.136891522,6.210942194,1
17:12:22,3.071,3.070808,2.143569291,6.218621135,1
17:12:23,3.071,3.070855,2.15024706,6.226051599,1
17:12:24,3.071,3.070881,2.156924829,6.23334907,1
17:12:25,3.071,3.070897,2.163602598,6.240560859,1
17:12:26,3.074,3.070908,2.170280367,6.26328811,1
17:12:27,3.077,3.072507,2.176958136,6.293290854,1
17:12:28,3.077,3.074842,2.183635905,6.311181933,1
17:12:29,3.077,3.075928,2.190313675,6.323428452,1
17:12:30,3.077,3.076435,2.196991,6.333042681,1
17:12:31,3.078,3.076673,2.203669213,6.346613169,1
17:12:32,3.078,3.077318,2.210346982,6.356835,1
17:12:33,3.078,3.077621,2.217024751,6.365482509,1
17:12:34,3.078,3.077765,2.22370252,6.373382,1
17:12:35,3.078,3.077836,2.230380289,6.380911916,1
17:12:36,3.078,3.077872,2.237058058,6.388252228,1
17:12:37,3.078,3.077893,2.243735828,6.395483762,1
17:12:38,3.081,3.077907,2.250413597,6.418187916,1
17:12:39,3.084,3.079507,2.257091366,6.4481318,1
17:12:40,3.084,3.081842,2.263769135,6.465994567,1
17:12:41,3.084,3.082927,2.270446904,6.47823438,1
17:12:42,3.085,3.083434,2.277124673,6.493031234,1
17:12:43,3.085,3.084203,2.283802442,6.503841281,1
17:12:44,3.085,3.084563,2.290480211,6.512786448,1
17:12:45,3.085,3.084734,2.297157981,6.520844,1
17:12:46,3.085,3.084817,2.30383575,6.528469175,1
17:12:47,3.085,3.08486,2.310513519,6.535872072,1
17:12:48,3.085,3.084883,2.317191288,6.543153524,1
17:12:49,3.085,3.084899,2.323869057,6.550356001,1
17:12:50,3.085,3.084909,2.330546826,6.557502598,1
17:12:51,3.087,3.084918,2.337224595,6.574939191,1
17:12:52,3.091,3.085986,2.343902364,6.607530266,1
17:12:53,3.091,3.088604,2.350580133,6.626597792,1
17:12:54,3.091,3.089821,2.357257903,6.639380008,1
17:12:55,3.092,3.090388,2.363935672,6.654398143,1
17:12:56,3.092,3.091185,2.370613441,6.665294617,1
17:12:57,3.092,3.091558,2.37729121,6.674258411,1
17:12:58,3.092,3.091735,2.383968979,6.682306528,1
17:12:59,3.092,3.091821,2.390646748,6.689909101,1
17:13:00,3.092,3.091865,2.397324517,6.69728443,1
17:13:01,3.092,3.091889,2.404002286,6.704533845,1
17:13:02,3.092,3.091905,2.41068,6.711703539,1
17:13:03,3.095,3.091916,2.417357825,6.734304875,1
17:13:04,3.098,3.093515,2.424035594,6.764145195,1
17:13:05,3.099,3.095848,2.430713363,6.787110865,1
17:13:06,3.099,3.097462,2.437391132,6.801739335,1
17:13:07,3.099,3.098214,2.444068901,6.812480837,1
17:13:08,3.1,3.098567,2.45074667,6.826574355,1
17:13:09,3.1,3.099264,2.457424439,6.837059557,1
17:13:10,3.1,3.099591,2.464102209,6.845853478,1
17:13:11,3.1,3.099746,2.470779978,6.85384348,1
17:13:12,3.1,3.099823,2.477457747,6.861438602,1
17:13:13,3.1,3.099862,2.484135516,6.868829578,1
17:13:14,3.1,3.099885,2.490813285,6.87610209,1
17:13:15,3.1,3.099899,2.497491054,6.883300841,1
17:13:16,3.101,3.09991,2.504168823,6.895602494,1
17:13:17,3.103,3.100449,2.510846592,6.9154419,1
17:13:18,3.106,3.101762,2.517524362,6.943986565,1
17:13:19,3.106,3.103963,2.524202131,6.961182505,1
17:13:20,3.106,3.104986,2.5308799,6.973097473,1
17:13:21,3.107,3.105464,2.537557669,6.987711042,1
17:13:22,3.107,3.10622,2.544235438,6.998421252,1
17:13:23,3.107,3.106573,2.550913207,7.007306814,1
17:13:24,3.107,3.106742,2.557590976,7.015319169,1
17:13:25,3.107,3.106824,2.564268745,7.02290833,1
17:13:26,3.107,3.106866,2.570946515,7.030279189,1
17:13:27,3.107,3.106889,2.577624284,7.037527859,1
17:13:28,3.107,3.106905,2.584302053,7.044697,1
17:13:29,3.107,3.106916,2.590979822,7.051807642,1
17:13:30,3.11,3.106926,2.597657591,7.074329257,1
17:13:31,3.112,3.108523,2.60433536,7.098931074,1
17:13:32,3.113,3.110325,2.611013129,7.11940676,1
17:13:33,3.113,3.111694,2.617690898,7.132831216,1
17:13:34,3.113,3.112331,2.624369,7.14296177,1
17:13:35,3.114,3.112631,2.631046437,7.156705111,1
17:13:36,3.114,3.113304,2.637724206,7.166977972,1
17:13:37,3.114,3.113619,2.644401975,7.17562139,1
17:13:38,3.114,3.11377,2.651079744,7.183486968,1
17:13:39,3.114,3.113844,2.657757513,7.190971822,1
17:13:40,3.114,3.113882,2.664435282,7.198259979,1
17:13:41,3.114,3.113904,2.671113051,7.205431163,1
17:13:42,3.114,3.113919,2.677790821,7.212527841,1
17:13:43,3.114,3.11393,2.68446859,7.219567895,1
17:13:44,3.115,3.113939,2.691146359,7.231707871,1
17:13:45,3.117,3.114477,2.697824128,7.251377404,1
17:13:46,3.12,3.115789,2.704501897,7.279738039,1
17:13:47,3.121,3.117989,2.711179666,7.301934808,1
17:13:48,3.121,3.119541,2.717857435,7.316140085,1
17:13:49,3.121,3.120264,2.724535204,7.326617837,1
17:13:50,3.122,3.120602,2.731212974,7.340507954,1
17:13:51,3.122,3.121293,2.737890743,7.350832969,1
17:13:52,3.122,3.121617,2.744568512,7.359486073,1
17:13:53,3.122,3.121772,2.751246281,7.36734122,1
17:13:54,3.122,3.121847,2.75792405,7.374806702,1
17:13:55,3.122,3.121887,2.764601819,7.382067293,1
17:13:56,3.122,3.12191,2.771279588,7.389210165,1
17:13:57,3.122,3.121925,2.777957357,7.396276295,1
17:13:58,3.122,3.121936,2.784635127,7.403285801,1
17:13:59,3.124,3.121945,2.791312896,7.420542091,1
17:14:00,3.127,3.123012,2.797990665,7.447753102,1
17:14:01,3.128,3.125099,2.804668434,7.469378412,1
17:14:02,3.128,3.126598,2.811346203,7.483287156,1
17:14:03,3.128,3.127296,2.818023972,7.493595779,1
17:14:04,3.128,3.127624,2.824701741,7.502216846,1
17:14:05,3.129,3.12778,2.83137951,7.515186816,1
17:14:06,3.129,3.128386,2.838057,7.525032759,1
17:14:07,3.129,3.12867,2.844735049,7.533410192,1
17:14:08,3.129,3.128807,2.851412818,7.541084,1
17:14:09,3.129,3.128874,2.858090587,7.548411191,1
17:14:10,3.129,3.12891,2.864768356,7.555551827,1
17:14:12,3.129,3.128931,2.871446125,7.56258443,1
17:14:12,3.129,3.128945,2.878123894,7.569546252,1
17:14:13,3.129,3.128956,2.884801663,7.576451451,1
17:14:14,3.13,3.128966,2.891479433,7.588449866,1
17:14:15,3.132,3.129503,2.898157202,7.607973367,1
17:14:16,3.134,3.130815,2.904834971,7.631049305,1
17:14:17,3.135,3.132484,2.91151274,7.65067935,1
17:14:18,3.135,3.13379,2.918190509,7.663591951,1
17:14:19,3.135,3.134399,2.924868278,7.673366368,1
17:14:20,3.135,3.134686,2.931546047,7.681664079,1
17:14:21,3.136,3.134822,2.938223816,7.694412023,1
17:14:22,3.136,3.13542,2.944901586,7.704081386,1
17:14:23,3.136,3.1357,2.951579355,7.712303847,1
17:14:24,3.136,3.135835,2.958257124,7.719831914,1
17:14:25,3.136,3.135901,2.964934893,7.727019489,1
17:14:26,3.136,3.135936,2.971612662,7.73402378,1
17:14:27,3.136,3.135958,2.978290431,7.740919292,1
17:14:28,3.136,3.135972,2.9849682,7.747743279,1
17:14:29,3.136,3.135983,2.991645969,7.754510641,1
17:14:30,3.138,3.135992,2.998323739,7.771512121,1
17:14:31,3.14,3.137059,3.005001508,7.79331103,1
17:14:32,3.142,3.138615,3.011679277,7.817406952,1
17:14:33,3.143,3.140397,3.018357046,7.837490737,1
17:14:34,3.143,3.141755,3.025034815,7.850585133,1
17:14:35,3.143,3.142388,3.031712584,7.860419154,1
17:14:36,3.143,3.142685,3.038390353,7.868719,1
17:14:37,3.143,3.142828,3.045068122,7.876285911,1
17:14:38,3.143,3.142898,3.051746,7.883491367,1
17:14:39,3.143,3.142935,3.058423661,7.890503854,1
17:14:40,3.143,3.142957,3.06510143,7.897404581,1
17:14:41,3.143,3.142972,3.071779199,7.904228568,1
17:14:42,3.143,3.142983,3.078456968,7.910993695,1
17:14:43,3.143,3.142992,3.085134737,7.917709649,1
17:14:44,3.143,3.143001,3.091812506,7.924380153,1
17:14:45,3.143,3.14301,3.098490275,7.93100521,1
17:14:46,3.143,3.143019,3.105168045,7.937586,1
17:14:47,3.143,3.143027,3.111845814,7.944125682,1
17:14:48,3.144,3.143035,3.118523583,7.955754548,1
17:14:49,3.146,3.143572,3.125201538,7.974899,1
17:14:50,3.149,3.144883,3.131879494,8.002725989,1
17:14:51,3.15,3.14708,3.138557449,8.024419844,1
17:14:52,3.15,3.148629,3.145235404,8.038154244,1
17:14:53,3.15,3.149351,3.15191336,8.048175275,1
17:14:54,3.15,3.149689,3.158591315,8.056455106,1
17:14:55,3.151,3.14985,3.165269271,8.069059998,1
17:14:56,3.151,3.150458,3.171947226,8.078528196,1
17:14:57,3.151,3.150744,3.178625181,8.086525649,1
17:14:59,3.151,3.150881,3.185303137,8.093817532,1
17:15:00,3.151,3.150949,3.191981092,8.100759238,1
17:15:01,3.151,3.150985,3.198659047,8.107515424,1
17:15:01,3.151,3.151006,3.205337003,8.114162832,1
17:15:02,3.151,3.151021,3.212014958,8.12073499,1
17:15:03,3.152,3.151032,3.218692914,8.132392913,1
17:15:04,3.153,3.15157,3.225370869,8.146423101,1
17:15:05,3.156,3.152353,3.232048824,8.171856403,1
17:15:06,3.157,3.154304,3.23872678,8.1924133,1
17:15:07,3.157,3.15574,3.245404735,8.205578476,1
17:15:08,3.157,3.156409,3.252082691,8.215301484,1
17:15:10,3.157,3.156723,3.258760646,8.223406225,1
17:15:10,3.158,3.156873,3.265438601,8.235894889,1
17:15:11,3.158,3.157476,3.272116557,8.24527666,1
17:15:12,3.158,3.15776,3.278794512,8.253195882,1
17:15:13,3.158,3.157896,3.285472468,8.260414749,1
17:15:15,3.158,3.157963,3.292150423,8.267285675,1
17:15:15,3.158,3.157999,3.298828378,8.273971081,1
17:15:16,3.158,3.15802,3.305506334,8.280546963,1
17:15:17,3.158,3.158035,3.312184289,8.28704685,1
17:15:18,3.158,3.158046,3.318862244,8.293489367,1
17:15:19,3.158,3.158056,3.3255402,8.299880475,1
17:15:20,3.158,3.158065,3.332218155,8.306225389,1
17:15:21,3.159,3.158074,3.338896111,8.317662776,1
17:15:22,3.161,3.158611,3.345574066,8.336608857,1
17:15:23,3.163,3.159921,3.352252021,8.359113336,1
17:15:24,3.164,3.161588,3.358929977,8.378200233,1
17:15:25,3.164,3.162891,3.365607932,8.390589803,1
17:15:26,3.164,3.163499,3.372285888,8.39984715,1
17:15:28,3.164,3.163785,3.378963843,8.407634497,1
17:15:28,3.165,3.163922,3.385641798,8.419869095,1
17:15:29,3.165,3.164518,3.392319754,8.429030329,1
17:15:30,3.165,3.164799,3.398997709,8.436745405,1
17:15:32,3.165,3.164933,3.405675665,8.443767577,1
17:15:32,3.165,3.165,3.41235362,8.450444043,1
17:15:33,3.165,3.165035,3.419031575,8.456939459,1
17:15:34,3.165,3.165057,3.425709531,8.463323861,1
17:15:35,3.165,3.165072,3.432387486,8.469633013,1
17:15:37,3.165,3.165083,3.439065441,8.475883305,1
17:15:37,3.165,3.165093,3.445743397,8.482083678,1
17:15:39,3.165,3.165102,3.452421352,8.488234878,1
17:15:40,3.166,3.165111,3.459099308,8.499478549,1
17:15:41,3.168,3.165648,3.465777263,8.518239856,1
17:15:41,3.171,3.166958,3.472455218,8.545680344,1
17:15:42,3.172,3.169152,3.479133174,8.567012846,1
17:15:43,3.172,3.170699,3.485811129,8.580392599,1
17:15:45,3.172,3.17142,3.492489085,8.590064198,1
17:15:45,3.172,3.171757,3.49916704,8.597996086,1
17:15:46,3.173,3.171918,3.505844995,8.610252291,1
17:15:47,3.173,3.172526,3.512522951,8.619375527,1
17:15:49,3.173,3.172811,3.519200906,8.627028018,1
17:15:50,3.173,3.172948,3.525878862,8.633972704,1
17:15:51,3.173,3.173016,3.532556817,8.640567213,1
17:15:51,3.173,3.173053,3.539234772,8.646970987,1
17:15:52,3.173,3.173074,3.545912728,8.653265983,1
17:15:54,3.173,3.173089,3.552590683,8.659484982,1
17:15:54,3.173,3.173101,3.559268638,8.665642887,1
17:15:55,3.173,3.173111,3.565946594,8.671747893,1
17:15:57,3.173,3.173121,3.572624549,8.677805215,1
17:15:58,3.173,3.17313,3.579302505,8.683817089,1
17:15:59,3.173,3.173139,3.58598046,8.689782023,1
17:15:59,3.174,3.173148,3.592658415,8.70083496,1
17:16:00,3.175,3.173684,3.599336371,8.714265376,1
17:16:02,3.177,3.174465,3.606014326,8.733960986,1
17:16:03,3.179,3.175886,3.612692282,8.756639808,1
17:16:03,3.179,3.177603,3.619370237,8.770502359,1
17:16:04,3.179,3.178402,3.626048192,8.780256659,1
17:16:06,3.179,3.178776,3.632726148,8.788087964,1
17:16:07,3.18,3.178954,3.639404103,8.800154924,1
17:16:08,3.18,3.179569,3.646082059,8.809053898,1
17:16:08,3.18,3.179858,3.652760014,8.816464245,1
17:16:09,3.18,3.179997,3.659437969,8.823159337,1
17:16:11,3.18,3.180066,3.666115925,8.829497546,1
17:16:12,3.18,3.180102,3.67279388,8.835648745,1
17:16:12,3.18,3.180124,3.679471835,8.841687441,1
17:16:13,3.18,3.180139,3.686149791,8.847649395,1
17:16:15,3.18,3.180151,3.692827746,8.853550255,1
17:16:16,3.18,3.180161,3.699505702,8.859400451,1
17:16:16,3.18,3.180171,3.706183657,8.865201473,1
17:16:17,3.18,3.18018,3.712861612,8.870955557,1
17:16:19,3.181,3.180189,3.719539568,8.881794661,1
17:16:20,3.183,3.180726,3.726217523,8.900143206,1
17:16:21,3.185,3.182034,3.732895479,8.922047913,1
17:16:21,3.186,3.183698,3.739573434,8.940559626,1
17:16:22,3.186,3.184999,3.746251389,8.952388167,1
17:16:24,3.186,3.185606,3.752929345,8.961096406,1
17:16:25,3.186,3.185891,3.7596073,8.968339115,1
17:16:25,3.187,3.186028,3.766285256,8.980023116,1
17:16:27,3.186,3.186623,3.772963211,8.983492106,1
17:16:28,3.187,3.186376,3.779641166,8.993381262,1
17:16:29,3.187,3.186794,3.786319122,9.00111869,1
17:16:30,3.187,3.186992,3.792997077,9.007836133,1
17:16:30,3.187,3.187089,3.799675032,9.014056623,1
17:16:32,3.187,3.187139,3.806352988,9.020022303,1
17:16:33,3.187,3.187166,3.813030943,9.025845677,1
17:16:34,3.187,3.187184,3.819708899,9.031576663,1
17:16:34,3.187,3.187197,3.826386854,9.037240595,1
17:16:36,3.187,3.187208,3.833064809,9.042850882,1
17:16:37,3.187,3.187218,3.839742765,9.048411995,1
17:16:38,3.187,3.187227,3.84642072,9.05392319,1
17:16:38,3.187,3.187236,3.853098676,9.059390426,1
17:16:39,3.188,3.187245,3.859776631,9.069934487,1
17:16:41,3.19,3.187782,3.866454586,9.087977558,1
17:16:42,3.192,3.189089,3.873132542,9.109579027,1
17:16:43,3.194,3.190789,3.879810497,9.132712334,1
17:16:43,3.194,3.192644,3.886488453,9.146334231,1
17:16:45,3.194,3.193492,3.893166408,9.155611694,1
17:16:46,3.194,3.193882,3.899844363,9.162893891,1
17:16:47,3.194,3.194065,3.906522319,9.169241041,1
17:16:47,3.194,3.194153,3.913200274,9.17513743,1
17:16:49,3.194,3.194199,3.919878229,9.180800617,1
17:16:50,3.194,3.194226,3.926556185,9.186329693,1
17:16:51,3.194,3.194244,3.93323414,9.191770107,1
17:16:52,3.194,3.194257,3.939912096,9.19714272,1
17:16:53,3.194,3.194269,3.946590051,9.202457964,1
17:16:54,3.194,3.19428,3.953268006,9.207720309,1
17:16:55,3.194,3.19429,3.959945962,9.212930501,1
17:16:56,3.194,3.1943,3.966623917,9.218091518,1
17:16:57,3.194,3.19431,3.973301873,9.223202616,1
17:16:58,3.194,3.19432,3.979979828,9.228267521,1
17:16:59,3.194,3.19433,3.986657783,9.233284742,1
17:17:00,3.194,3.194339,3.993335739,9.238256514,1
17:17:01,3.195,3.194349,4.000013694,9.248208255,1
17:17:02,3.197,3.194895,4.00669165,9.265461564,1
17:17:03,3.199,3.196222,4.013369605,9.286078811,1
17:17:04,3.201,3.197903,4.02004756,9.308285266,1
17:17:05,3.201,3.199744,4.026725516,9.321253747,1
17:17:06,3.201,3.200585,4.033403471,9.330008924,1
17:17:07,3.201,3.200972,4.040081427,9.336827695,1
17:17:08,3.201,3.201152,4.046759382,9.342744201,1
17:17:09,3.201,3.20124,4.053437337,9.348226339,1
17:17:09,3.202,3.201285,4.060115293,9.358472377,1
17:17:11,3.202,3.201847,4.066793248,9.365911037,1
17:17:12,3.202,3.202108,4.073471203,9.37205106,1
17:17:13,3.202,3.202231,4.080149159,9.377578646,1
17:17:14,3.202,3.202292,4.086827114,9.382802993,1
17:17:15,3.202,3.202325,4.09350507,9.387864172,1
17:17:16,3.202,3.202345,4.100183025,9.392827004,1
17:17:17,3.202,3.202359,4.10686098,9.397721,1
17:17:18,3.202,3.202371,4.113538936,9.402558953,1
17:17:19,3.202,3.202381,4.120216891,9.407348931,1
17:17:20,3.202,3.202391,4.126894847,9.41209048,1
17:17:21,3.202,3.2024,4.133572802,9.416789562,1
17:17:22,3.202,3.202409,4.140250757,9.421443194,1
17:17:23,3.202,3.202418,4.146928713,9.426055849,1
17:17:24,3.202,3.202427,4.153606668,9.43062529,1
17:17:25,3.203,3.202435,4.160284624,9.440088,1
17:17:26,3.204,3.202981,4.166962579,9.451795369,1
17:17:27,3.206,3.20377,4.173640534,9.469474852,1
17:17:28,3.207,3.205206,4.18031849,9.484995902,1
17:17:29,3.208,3.206399,4.186996445,9.499561787,1
17:17:30,3.208,3.207482,4.1936744,9.508791566,1
17:17:31,3.208,3.207978,4.200352356,9.51557979,1
17:17:32,3.208,3.208208,4.207030311,9.521237761,1
17:17:33,3.208,3.208317,4.213708267,9.52635929,1
17:17:34,3.209,3.208371,4.220386222,9.536125511,1
17:17:35,3.209,3.208937,4.227064177,9.543111175,1
17:17:36,3.209,3.209199,4.233742133,9.548813105,1
17:17:37,3.209,3.209322,4.240420088,9.553910047,1
17:17:38,3.209,3.209383,4.247098044,9.558708966,1
17:17:39,3.209,3.209415,4.253775999,9.563351,1
17:17:40,3.209,3.209435,4.260453954,9.567900002,1
17:17:41,3.209,3.209448,4.26713191,9.572383761,1
17:17:42,3.209,3.209459,4.273809865,9.576816857,1
17:17:43,3.209,3.209468,4.280487821,9.581203759,1
17:17:44,3.209,3.209477,4.287165776,9.585549682,1
17:17:45,3.209,3.209486,4.293843731,9.589853883,1
17:17:46,3.209,3.209494,4.300521687,9.594118595,1
17:17:47,3.211,3.209502,4.307199642,9.608113766,1
17:17:48,3.213,3.210584,4.313877597,9.626586735,1
17:17:49,3.214,3.212152,4.320555553,9.642285109,1
17:17:50,3.215,3.213404,4.327233508,9.656748176,1
17:17:51,3.215,3.214514,4.333911464,9.665796161,1
17:17:52,3.215,3.215022,4.340589419,9.672368318,1
17:17:53,3.215,3.215256,4.347267374,9.677796066,1
17:17:54,3.215,3.215368,4.35394533,9.682682157,1
17:17:55,3.215,3.215423,4.360623285,9.687300026,1
17:17:56,3.215,3.215452,4.367301241,9.691776335,1
17:17:57,3.216,3.21547,4.373979196,9.701029956,1
17:17:58,3.216,3.216019,4.380657151,9.707612544,1
17:17:59,3.216,3.216273,4.387335107,9.712960571,1
17:18:00,3.216,3.216393,4.394013062,9.717729688,1
17:18:01,3.216,3.216451,4.400691018,9.722213447,1
17:18:02,3.216,3.216482,4.407368973,9.726548,1
17:18:03,3.216,3.216501,4.414046928,9.730794281,1
17:18:04,3.216,3.216513,4.420724884,9.734978527,1
17:18:05,3.216,3.216523,4.427402839,9.739115089,1
17:18:06,3.216,3.216532,4.434080794,9.743208438,1
17:18:07,3.216,3.216541,4.44075875,9.747263044,1
17:18:08,3.216,3.216548,4.447436705,9.751279652,1
17:18:09,3.216,3.216556,4.454114661,9.755259752,1
17:18:10,3.216,3.216564,4.460792616,9.759203345,1
17:18:11,3.216,3.216571,4.467470571,9.763111919,1
17:18:12,3.217,3.216579,4.474148527,9.771828353,1
17:18:13,3.219,3.217122,4.480826482,9.787600487,1
17:18:14,3.221,3.218446,4.487504438,9.798084199,1
17:18:15,3.222,3.220107,4.494182393,9.803621471,1
17:18:16,3.223,3.221376,4.500860348,9.810514748,1
17:18:17,3.223,3.222491,4.507538304,9.817122668,1
17:18:18,3.223,3.223008,4.514216259,9.823802859,1
17:18:19,3.223,3.223255,4.520894215,9.830601513,1
17:18:20,3.223,3.223379,4.52757217,9.837556,1
17:18:21,3.223,3.223447,4.534250125,9.844698757,1
17:18:22,3.223,3.223491,4.540928081,9.852059931,1
17:18:23,3.224,3.223524,4.547606036,9.85789001,1
17:18:24,3.224,3.224026,4.554283991,9.864606708,1
17:18:25,3.224,3.224288,4.560961947,9.871797264,1
17:18:26,3.224,3.224431,4.567639902,9.879462421,1
17:18:27,3.224,3.224455,4.574317858,9.887455404,1
17:18:28,3.224,3.224134,4.580995813,9.894599766,1
17:18:29,3.224,3.224002,4.587673768,9.901287407,1
17:18:30,3.224,3.22395,4.594351724,9.907796234,1
17:18:31,3.224,3.223929,4.601029679,9.914231,1
17:18:32,3.224,3.22392,4.607707635,9.920626879,1
17:18:33,3.224,3.223916,4.61438559,9.92699638,1
17:18:34,3.224,3.223914,4.621063545,9.93334353,1
17:18:35,3.224,3.223913,4.627741501,9.939671308,1
17:18:36,3.224,3.223913,4.634419456,9.945979714,1
17:18:37,3.224,3.223913,4.641097412,9.952269495,1
17:18:38,3.224,3.223912,4.647775367,9.958539903,1
17:18:39,3.225,3.223912,4.654453322,9.959926456,1
17:18:40,3.226,3.224428,4.661131278,9.962474555,1
17:18:41,3.228,3.225158,4.667809233,9.963041544,1
17:18:42,3.229,3.226496,4.674487188,9.96735841,1
17:18:43,3.23,3.227626,4.681165144,9.968523681,1
17:18:44,3.23,3.228679,4.687843099,9.973317385,1
17:18:45,3.23,3.229188,4.694521055,9.977603704,1
17:18:46,3.23,3.229441,4.70119901,9.982313216,1
17:18:47,3.23,3.229563,4.707876965,9.988160431,1
17:18:48,3.230999,3.229623,4.714554921,9.993766248,1
17:18:49,3.23,3.230137,4.721232876,10.00047401,1
17:18:50,3.230999,3.229908,4.727910832,10.00721827,1
17:18:51,3.230999,3.230278,4.734588787,10.01403853,1
17:18:52,3.230999,3.230463,4.741266742,10.02086103,1
17:18:53,3.230999,3.230555,4.747944698,10.02767533,1
17:18:54,3.230999,3.230601,4.754622653,10.03448367,1
17:18:55,3.230999,3.230624,4.761300609,10.04128829,1
17:18:56,3.230999,3.230636,4.767978564,10.04809216,1
17:18:57,3.230999,3.230642,4.774656519,10.05489528,1
17:18:58,3.230999,3.230645,4.781334475,10.06169841,1
17:18:59,3.230999,3.230647,4.78801243,10.06850153,1
17:19:00,3.230999,3.230649,4.794690385,10.07530466,1
17:19:01,3.230999,3.23065,4.801368341,10.08210778,1
17:19:02,3.230999,3.23065,4.808046296,10.08891165,1
17:19:03,3.230999,3.230651,4.814724252,10.09571776,1
17:19:04,3.230999,3.230652,4.821402207,10.10252386,1
17:19:05,3.230999,3.230653,4.828080162,10.10933071,1
17:19:06,3.230999,3.230653,4.834758118,10.11613756,1
17:19:07,3.230999,3.230654,4.841436073,10.12294516,1
17:19:08,3.230999,3.230654,4.848114029,10.1297535,1
17:19:09,3.230999,3.230655,4.854791984,10.13656184,1
17:19:10,3.230999,3.230656,4.861469939,10.14337018,1
17:19:11,3.232,3.230656,4.868147895,10.15056297,1
17:19:12,3.233,3.231142,4.87482585,10.15795842,1
17:19:13,3.235,3.231868,4.881503806,10.16586423,1
17:19:14,3.235,3.233197,4.888181761,10.17325073,1
17:19:15,3.236,3.233858,4.894859716,10.18076763,1
17:19:16,3.237,3.23467,4.901537672,10.18837392,1
17:19:17,3.237,3.235559,4.908215627,10.19562334,1
17:19:18,3.237,3.236,4.914893582,10.20270437,1
17:19:19,3.237,3.23622,4.921571538,10.20969823,1
17:19:20,3.237,3.236329,4.928249493,10.21664888,1
17:19:21,3.237,3.236383,4.934927449,10.22357866,1
17:19:22,3.237,3.236411,4.941605404,10.23049653,1
17:19:23,3.238,3.236425,4.948283359,10.23782268,1
17:19:24,3.237,3.236917,4.954961315,10.24453565,1
17:19:25,3.238,3.236677,4.96163927,10.25176868,1
17:19:26,3.238,3.237043,4.968317226,10.25885046,1
17:19:27,3.238,3.237225,4.974995181,10.26585698,1
17:19:28,3.238,3.237315,4.981673136,10.27282625,1
17:19:29,3.238,3.237361,4.988351092,10.27977765,1
17:19:30,3.238,3.237384,4.995029047,10.28672084,1
17:19:31,3.238,3.237396,5.001707003,10.29366031,1
17:19:32,3.238,3.237401,5.008384958,10.30059904,1
17:19:33,3.238,3.237405,5.015062913,10.30753776,1
17:19:34,3.238,3.237407,5.021740869,10.31447425,1
17:19:35,3.238,3.237408,5.028418824,10.32141522,1
17:19:36,3.238,3.237409,5.035096779,10.32835692,1
17:19:37,3.238,3.23741,5.041774735,10.33529714,1
17:19:38,3.238,3.237411,5.04845269,10.34224108,1
17:19:39,3.238,3.237411,5.055130646,10.34918576,1
17:19:40,3.238,3.237412,5.061808601,10.35612896,1
17:19:41,3.238,3.237413,5.068486556,10.36307663,1
17:19:42,3.238,3.237413,5.075164512,10.37002504,1
17:19:43,3.238,3.237414,5.081842467,10.3769742,1
17:19:44,3.238,3.237415,5.088520423,10.3839241,1
17:19:45,3.238,3.237416,5.095198378,10.39087251,1
17:19:46,3.238,3.237416,5.101876333,10.39782539,1
17:19:47,3.238,3.237417,5.108554289,10.40477678,1
17:19:48,3.238,3.237418,5.115232244,10.4117319,1
17:19:49,3.238,3.237418,5.1219102,10.41868776,1
17:19:50,3.238,3.237419,5.128588155,10.42564437,1
17:19:51,3.238,3.23742,5.13526611,10.43260172,1
17:19:52,3.239,3.23742,5.141944066,10.44004336,1
17:19:53,3.239,3.237905,5.148622021,10.44724807,1
17:19:54,3.24,3.238146,5.155299976,10.454835,1
17:19:55,3.24,3.238751,5.161977932,10.46212688,1
17:19:56,3.241,3.239051,5.168655887,10.46976596,1
17:19:57,3.242,3.239685,5.175333843,10.47759131,1
17:19:58,3.243,3.240485,5.182011798,10.48552096,1
17:19:59,3.243,3.241367,5.188689753,10.49300805,1
17:20:00,3.243,3.241805,5.195367709,10.50028875,1
17:20:01,3.244,3.242023,5.202045664,10.50796658,1
17:20:02,3.244,3.242616,5.20872362,10.51534712,1
17:20:03,3.244999,3.242911,5.215401575,10.52308977,1
17:20:04,3.244999,3.243542,5.22207953,10.53051427,1
17:20:05,3.244999,3.243856,5.228757486,10.53778082,1
17:20:06,3.244999,3.244012,5.235435441,10.54496914,1
17:20:07,3.244999,3.24409,5.242113397,10.55211946,1
17:20:08,3.244999,3.244129,5.248791352,10.55925116,1
17:20:09,3.244999,3.244148,5.255469307,10.56637466,1
17:20:10,3.244999,3.244159,5.262147263,10.57349071,1
17:20:11,3.244999,3.244164,5.268825218,10.58061197,1
17:20:12,3.244999,3.244167,5.275503173,10.58773324,1
17:20:13,3.244999,3.244169,5.282181129,10.5948545,1
17:20:14,3.244999,3.24417,5.288859084,10.60197279,1
17:20:15,3.244999,3.244171,5.29553704,10.60909852,1
17:20:16,3.244999,3.244172,5.302214995,10.616225,1
17:20:17,3.244999,3.244173,5.30889295,10.62335223,1
17:20:18,3.244999,3.244174,5.315570906,10.63048095,1
17:20:19,3.244999,3.244174,5.322248861,10.63761115,1
17:20:20,3.244999,3.244175,5.328926817,10.64474285,1
17:20:21,3.244999,3.244176,5.335604772,10.65187603,1
17:20:22,3.244999,3.244176,5.342282727,10.65901071,1
17:20:23,3.244999,3.244177,5.348960683,10.6661424,1
17:20:24,3.244999,3.244178,5.355638638,10.6732823,1
17:20:25,3.244999,3.244178,5.362316594,10.68042293,1
17:20:26,3.244999,3.244179,5.368994549,10.68756431,1
17:20:27,3.244999,3.24418,5.375672504,10.69470719,1
17:20:28,3.244999,3.244181,5.38235046,10.70185155,1
17:20:29,3.244999,3.244181,5.389028415,10.7089974,1
17:20:30,3.244999,3.244182,5.39570637,10.71614474,1
17:20:31,3.244999,3.244183,5.402384326,10.72329357,1
17:20:32,3.244999,3.244183,5.409062281,10.73044389,1
17:20:33,3.244999,3.244184,5.415740237,10.73759124,1
17:20:34,3.244999,3.244185,5.422418192,10.74474677,1
17:20:35,3.244999,3.244185,5.429096147,10.75190306,1
17:20:36,3.244999,3.244186,5.435774103,10.75906008,1
17:20:37,3.244999,3.244187,5.442452058,10.7662186,1
17:20:38,3.244999,3.244188,5.449130014,10.7733734,1
17:20:39,3.244999,3.244188,5.455807969,10.78053713,1
17:20:40,3.244999,3.244189,5.462485924,10.78770086,1
17:20:41,3.244999,3.24419,5.46916388,10.79486534,1
17:20:42,3.244999,3.24419,5.475841835,10.80203131,1
17:20:43,3.244999,3.244191,5.482519791,10.80919877,1
17:20:44,3.244999,3.244192,5.489197746,10.81636772,1
17:20:45,3.244999,3.244192,5.495875701,10.82353815,1
17:20:46,3.244999,3.244193,5.502553657,10.83071008,1
17:20:47,3.244999,3.244194,5.509231612,10.83788276,1
17:20:48,3.244999,3.244195,5.515909567,10.84505692,1
17:20:49,3.244999,3.244195,5.522587523,10.85223258,1
17:20:50,3.244999,3.244196,5.529265478,10.85941046,1
17:20:51,3.244999,3.244197,5.535943434,10.86658463,1
17:20:52,3.244999,3.244197,5.542621389,10.87376773,1
17:20:53,3.244999,3.244198,5.549299344,10.88095084,1
17:20:54,3.244999,3.244199,5.5559773,10.88813469,1
17:20:55,3.244999,3.244199,5.562655255,10.89532003,1
17:20:56,3.244999,3.2442,5.569333211,10.90250611,1
17:20:57,3.244999,3.244201,5.576011166,10.90969369,1
17:20:58,3.244999,3.244201,5.582689121,10.91688275,1
17:20:59,3.244999,3.244202,5.589367077,10.92407331,1
17:21:00,3.244999,3.244203,5.596045032,10.93126535,1
17:21:01,3.244999,3.244203,5.602722988,10.93845889,1
17:21:02,3.244999,3.244204,5.609400943,10.94565,1
17:21:03,3.244999,3.244205,5.616078898,10.95285043,1
17:21:04,3.244999,3.244205,5.622756854,10.96004844,1
17:21:05,3.244999,3.244206,5.629434809,10.96724793,1
17:21:06,3.244999,3.244207,5.636112764,10.97444817,1
17:21:07,3.244999,3.244208,5.64279072,10.98164469,1
17:21:08,3.244999,3.244209,5.649468675,10.98884493,1
17:21:09,3.244999,3.244209,5.656146631,10.99605337,1
17:21:10,3.244999,3.24421,5.662824586,11.0032618,1
17:21:11,3.244999,3.24421,5.669502541,11.01047024,1
17:21:12,3.244999,3.244211,5.676180497,11.01767942,1
17:21:13,3.244999,3.244212,5.682858452,11.02488488,1
17:21:14,3.244999,3.244213,5.689536408,11.03209928,1
17:21:15,3.244999,3.244213,5.696214363,11.03931367,1
17:21:16,3.244999,3.244214,5.702892318,11.04653,1
17:21:17,3.244999,3.244215,5.709570274,11.05373949,1
17:21:18,3.244999,3.244215,5.716248229,11.0609591,1
17:21:19,3.244999,3.244216,5.722926185,11.06817946,1
17:21:20,3.244999,3.244216,5.72960414,11.07540056,1
17:21:21,3.244999,3.244217,5.736282095,11.08261645,1
17:21:22,3.244999,3.244218,5.742960051,11.08984202,1
17:21:23,3.244999,3.244219,5.749638006,11.09706759,1
17:21:24,3.244999,3.24422,5.756315961,11.10429391,1
17:21:25,3.244999,3.24422,5.762993917,11.11152098,1
17:21:26,3.244999,3.244221,5.769671872,11.11874357,1
17:21:27,3.244999,3.244222,5.776349828,11.12597585,1
17:21:28,3.244999,3.244222,5.783027783,11.13320813,1
17:21:29,3.244999,3.244223,5.789705738,11.14044115,1
17:21:30,3.244999,3.244224,5.796383694,11.14767492,1
17:21:31,3.244999,3.244224,5.803061649,11.15490422,1
17:21:32,3.244999,3.244225,5.809739605,11.1621432,1
17:21:33,3.244999,3.244226,5.81641756,11.16937622,1
17:21:34,3.244999,3.244226,5.823095515,11.17661819,1
17:21:35,3.244999,3.244227,5.829773471,11.18385419,1
17:21:36,3.244999,3.244228,5.836451426,11.19109914,1
17:21:37,3.244999,3.244229,5.843129382,11.19834334,1
17:21:38,3.244999,3.244229,5.849807337,11.20558828,1
17:21:39,3.244999,3.24423,5.856485292,11.21283397,1
17:21:40,3.244999,3.244231,5.863163248,11.22008041,1
17:21:41,3.244999,3.244231,5.869841203,11.22732833,1
17:21:42,3.244999,3.244232,5.876519158,11.23457104,1
17:21:43,3.244999,3.244233,5.883197114,11.24182418,1
17:21:44,3.244999,3.244233,5.889875069,11.24907732,1
17:21:45,3.244999,3.244234,5.896553025,11.25632524,1
17:21:46,3.244999,3.244235,5.90323098,11.26358286,1
17:21:47,3.244999,3.244236,5.909908935,11.27083972,1
17:21:48,3.244999,3.244236,5.916586891,11.27809063,1
17:21:49,3.244999,3.244237,5.923264846,11.28535196,1
17:21:50,3.244999,3.244238,5.929942802,11.29261255,1
17:21:51,3.244999,3.244238,5.936620757,11.29987389,1
17:21:52,3.244999,3.244239,5.943298712,11.30713001,1
17:21:53,3.244999,3.24424,5.949976668,11.31439582,1
17:21:54,3.244999,3.244241,5.956654623,11.32166162,1
17:21:55,3.244999,3.244241,5.963332579,11.32892817,1
17:21:56,3.244999,3.244242,5.970010534,11.33619472,1
17:21:57,3.244999,3.244242,5.976688489,11.3434568,1
17:21:58,3.244999,3.244243,5.983366445,11.35072932,1
17:21:59,3.244999,3.244244,5.9900444,11.35800108,1
17:22:00,3.244999,3.244245,5.996722355,11.36527359,1
17:22:01,3.244999,3.244245,6.003400311,11.37254685,1
17:22:02,3.244999,3.244246,6.010078266,11.37982085,1
17:22:03,3.244999,3.244247,6.016756222,11.38709635,1
17:22:04,3.244999,3.244247,6.023434177,11.39436662,1
17:22:05,3.244999,3.244248,6.030112132,11.40164733,1
17:22:06,3.244999,3.244249,6.036790088,11.40892729,1
17:22:07,3.244999,3.244249,6.043468043,11.416208,1
17:22:08,3.244999,3.24425,6.050145999,11.42348945,1
17:22:09,3.244999,3.244251,6.056823954,11.43077165,1
17:22:10,3.244999,3.244251,6.063501909,11.43805534,1
17:22:11,3.244999,3.244252,6.070179865,11.44533977,1
17:22:12,3.244999,3.244253,6.07685782,11.45262569,1
17:22:13,3.244999,3.244254,6.083535776,11.45991236,1
17:22:14,3.244999,3.244254,6.090213731,11.46720052,1
17:22:15,3.244999,3.244255,6.096891686,11.47448942,1
17:22:16,3.244999,3.244256,6.103569642,11.48177311,1
17:22:17,3.244999,3.244256,6.110247597,11.48906127,1
17:22:18,3.244999,3.244257,6.116925552,11.4963524,1
17:22:19,3.244999,3.244258,6.123603508,11.50364503,1
17:22:20,3.244999,3.244259,6.130281463,11.51094586,1
17:22:21,3.244999,3.244259,6.136959419,11.51824445,1
17:22:22,3.244999,3.24426,6.143637374,11.52554303,1
17:22:23,3.244999,3.244261,6.150315329,11.53284237,1
17:22:24,3.244999,3.244261,6.156993285,11.54014245,1
17:22:25,3.244999,3.244262,6.16367124,11.54743657,1
17:22:26,3.244999,3.244263,6.170349196,11.55474,1
17:22:27,3.244999,3.244263,6.177027151,11.56204641,1
17:22:28,3.244999,3.244264,6.183705106,11.56935096,1
17:22:29,3.244999,3.244265,6.190383062,11.57665625,1
17:22:30,3.244999,3.244266,6.197061017,11.58395559,1
17:22:31,3.244999,3.244266,6.203738973,11.5912661,1
17:22:32,3.244999,3.244267,6.210416928,11.59857586,1
17:22:33,3.244999,3.244267,6.217094883,11.60588637,1
17:22:34,3.244999,3.244268,6.223772839,11.61319017,1
17:22:35,3.244999,3.244269,6.230450794,11.62050515,1
17:22:36,3.244999,3.24427,6.237128749,11.62781939,1
17:22:37,3.244999,3.24427,6.243806705,11.63512766,1
17:22:38,3.244999,3.244271,6.250484288,11.64244637,1
17:22:39,3.244999,3.244272,6.257162243,11.64976433,1
17:22:40,3.244999,3.244272,6.26384,11.65707558,1
17:22:41,3.244999,3.244273,6.270518154,11.66439727,1
17:22:42,3.244999,3.244274,6.277196109,11.67171821,1
17:22:43,3.244999,3.244275,6.283874065,11.67903244,1
17:22:44,3.244999,3.244275,6.29055202,11.68635711,1
17:22:45,3.244999,3.244276,6.297229975,11.69368103,1
17:22:46,3.244999,3.244277,6.303907931,11.70100495,1
17:22:47,3.244999,3.244277,6.310585886,11.70832962,1
17:22:48,3.244999,3.244278,6.317263842,11.71565503,1
17:22:49,3.244999,3.244279,6.323941797,11.72298118,1
17:22:50,3.244999,3.24428,6.330619752,11.73030138,1
17:22:51,3.244999,3.24428,6.337297708,11.7376335,1
17:22:52,3.244999,3.244281,6.343975663,11.74495742,1
17:22:53,3.244999,3.244282,6.350653619,11.75229177,1
17:22:54,3.244999,3.244282,6.357331574,11.75961867,1
17:22:55,3.244999,3.244283,6.364009529,11.766956,1
17:22:56,3.244999,3.244284,6.370687,11.77428439,1
17:22:57,3.244999,3.244284,6.37736544,11.78162321,1
17:22:58,3.244999,3.244285,6.384043396,11.78895384,1
17:22:59,3.244999,3.244286,6.390721351,11.7962949,1
17:23:00,3.244999,3.244287,6.397399306,11.80363446,1
17:23:01,3.244999,3.244287,6.404077262,11.81097403,1
17:23:02,3.244999,3.244288,6.410755217,11.81831434,1
17:23:03,3.244999,3.244288,6.417433172,11.82564795,1
17:23:04,3.244999,3.244289,6.424111128,11.83299273,1
17:23:05,3.244999,3.24429,6.430789083,11.84033677,1
17:23:06,3.244999,3.244291,6.437467039,11.84768155,1
17:23:07,3.244999,3.244292,6.444144994,11.85502633,1
17:23:08,3.244999,3.244292,6.450822949,11.86237186,1
17:23:09,3.244999,3.244293,6.457500905,11.86971813,1
17:23:10,3.244999,3.244293,6.46417886,11.87706515,1
17:23:11,3.244999,3.244294,6.470856816,11.88441291,1
17:23:12,3.244999,3.244295,6.477535,11.89176217,1
17:23:13,3.244999,3.244296,6.484212726,11.89911216,1
17:23:14,3.244999,3.244296,6.490890682,11.90646291,1
17:23:15,3.244999,3.244297,6.497568637,11.91380769,1
17:23:16,3.244999,3.244298,6.504246593,11.92116439,1
17:23:17,3.244999,3.244298,6.510924548,11.92851961,1
17:23:18,3.244999,3.244299,6.517602503,11.93587556,1
17:23:19,3.244999,3.2443,6.524280459,11.94322482,1
17:23:20,3.244999,3.244301,6.530958414,11.95058525,1
17:23:21,3.244999,3.244301,6.537636369,11.95794418,1
17:23:22,3.244999,3.244302,6.544314325,11.96530387,1
17:23:23,3.244999,3.244303,6.55099228,11.9726561,1
17:23:24,3.244999,3.244303,6.557670236,11.98002025,1
17:23:25,3.244999,3.244304,6.564348191,11.98738366,1
17:23:26,3.244999,3.244305,6.571026146,11.99474707,1
17:23:27,3.244999,3.244306,6.577704102,12.00211,1
17:23:28,3.244999,3.244306,6.584382,12.00947464,1
17:23:29,3.244999,3.244307,6.591060013,12.01683208,1
17:23:30,3.244999,3.244308,6.597737968,12.02420145,1
17:23:31,3.244999,3.244308,6.604415923,12.03157008,1
17:23:32,3.244999,3.244309,6.611093879,12.03893796,1
17:23:33,3.246,3.24431,6.617771834,12.04730868,1
17:23:34,3.246,3.244795,6.62444979,12.05519512,1
17:23:35,3.246,3.245037,6.631127745,12.06284165,1
17:23:36,3.246,3.245157,6.6378057,12.07036898,1
17:23:37,3.246,3.245217,6.644483656,12.07783744,1
17:23:38,3.246,3.245248,6.651161611,12.08527684,1
17:23:39,3.246,3.245263,6.657839566,12.09270284,1
17:23:40,3.246,3.245271,6.664517522,12.10012212,1
17:23:41,3.246,3.245275,6.671195477,12.10753843,1
17:23:42,3.246,3.245278,6.677873433,12.11495,1
17:23:43,3.246,3.245279,6.684551388,12.12236956,1
17:23:44,3.246,3.245281,6.691229,12.12977767,1
17:23:45,3.247,3.245281,6.697907299,12.13823184,1
17:23:46,3.247,3.245767,6.704585254,12.14616969,1
17:23:47,3.247,3.246008,6.71126321,12.15386689,1
17:23:48,3.247,3.246129,6.717941165,12.16145456,1
17:23:49,3.247,3.246189,6.72461912,12.16897741,1
17:23:50,3.247,3.246219,6.731297076,12.17646897,1
17:23:51,3.247,3.246234,6.737975031,12.18394563,1
17:23:52,3.247,3.246242,6.744652987,12.19141,1
17:23:53,3.247,3.246246,6.751330942,12.19888106,1
17:23:54,3.247,3.246249,6.758008897,12.20634654,1
17:23:55,3.248001,3.246251,6.764686853,12.2148633,1
17:23:56,3.248001,3.246737,6.771364808,12.22287193,1
17:23:57,3.248001,3.246979,6.778042763,12.23062798,1
17:23:58,3.248001,3.247099,6.784720719,12.23825961,1
17:23:59,3.248001,3.247159,6.791398674,12.2458294,1
17:24:00,3.248001,3.247189,6.798077,12.25336865,1
17:24:01,3.248001,3.247205,6.804754585,12.26088405,1
17:24:02,3.249,3.247213,6.81143254,12.26947829,1
17:24:03,3.249,3.247702,6.818110496,12.27754727,1
17:24:04,3.249,3.247945,6.824788451,12.28535697,1
17:24:05,3.249,3.248066,6.831466407,12.29303852,1
17:24:06,3.249,3.248126,6.838144362,12.30065674,1
17:24:07,3.249,3.248157,6.844822317,12.30824366,1
17:24:08,3.249,3.248172,6.851500273,12.31581569,1
17:24:09,3.249,3.24818,6.858178228,12.32338101,1
17:24:10,3.249,3.248184,6.864856184,12.33094335,1
17:24:11,3.25,3.248187,6.871534139,12.33959123,1
17:24:12,3.25,3.248673,6.878212094,12.34771386,1
17:24:13,3.25,3.248915,6.88489005,12.35557571,1
17:24:14,3.25,3.249036,6.891568005,12.36330792,1
17:24:15,3.25,3.249096,6.89824596,12.37097681,1
17:24:16,3.25,3.249126,6.904924,12.3786144,1
17:24:17,3.25,3.249142,6.911601871,12.38623634,1
17:24:18,3.25,3.249149,6.918279827,12.39385232,1
17:24:19,3.251,3.249154,6.924957782,12.4025695,1
17:24:20,3.251,3.249641,6.931635737,12.41075173,1
17:24:21,3.251,3.249883,6.938313693,12.41866797,1
17:24:22,3.251,3.250004,6.944991648,12.42645234,1
17:24:23,3.251,3.250064,6.951669604,12.43417189,1
17:24:24,3.251,3.250095,6.958347559,12.44185939,1
17:24:25,3.251,3.25011,6.965025514,12.449532,1
17:24:26,3.251,3.250118,6.97170347,12.4571979,1
17:24:27,3.251,3.250122,6.978381425,12.46486083,1
17:24:28,3.252,3.250125,6.985059381,12.47364804,1
17:24:29,3.252,3.250612,6.991737336,12.48187348,1
17:24:30,3.252,3.250854,6.998415291,12.48983815,1
17:24:31,3.251,3.250974,7.005093247,12.49654517,1
17:24:32,3.252,3.25055,7.011771,12.50487417,1
17:24:33,3.252,3.250824,7.018449157,12.51289099,1
17:24:34,3.252,3.250961,7.025127113,12.52075285,1
17:24:35,3.252,3.251029,7.031805068,12.52854,1
17:24:36,3.252,3.251063,7.038483024,12.53629,1
17:24:37,3.252,3.251081,7.045160979,12.54401803,1
17:24:38,3.252,3.251089,7.051838934,12.55173981,1
17:24:39,3.252,3.251094,7.05851689,12.55945861,1
17:24:40,3.252,3.251097,7.065194845,12.56717592,1
17:24:41,3.252,3.251099,7.071872801,12.57489324,1
17:24:42,3.252,3.2511,7.078550756,12.58261055,1
17:24:43,3.252,3.251101,7.085228711,12.59032935,1
17:24:44,3.252,3.251102,7.091906667,12.59804964,1
17:24:45,3.252,3.251103,7.098584622,12.60576993,1
17:24:46,3.252,3.251103,7.105262578,12.61349171,1
17:24:47,3.252,3.251104,7.111940533,12.62121499,1
17:24:48,3.252,3.251105,7.118618,12.62893975,1
17:24:49,3.252,3.251106,7.125296444,12.63665259,1
17:24:50,3.252,3.251107,7.131974399,12.6443848,1
17:24:51,3.252,3.251107,7.138652354,12.65211552,1
17:24:52,3.252,3.251108,7.14533031,12.65984476,1
17:24:53,3.252,3.251109,7.152008265,12.66757548,1
17:24:54,3.252,3.251109,7.158686221,12.6753062,1
17:24:55,3.252,3.25111,7.165364176,12.68303841,1
17:24:56,3.252,3.251111,7.172042131,12.69077212,1
17:24:57,3.252,3.251112,7.178720087,12.69850582,1
17:24:58,3.252,3.251112,7.185398042,12.70622909,1
17:24:59,3.252,3.251113,7.192075998,12.71397173,1
17:25:00,3.252,3.251114,7.198753953,12.7217114,1
17:25:01,3.252,3.251115,7.205431908,12.72945106,1
17:25:02,3.252,3.251115,7.212109864,12.73719221,1
17:25:03,3.252,3.251116,7.218787819,12.74493337,1
17:25:04,3.252,3.251117,7.225466,12.75267452,1
17:25:05,3.252,3.251118,7.23214373,12.76040524,1
17:25:06,3.252,3.251118,7.238821685,12.76815534,1
17:25:07,3.252,3.251119,7.245499641,12.77590394,1
17:25:08,3.252,3.25112,7.252177596,12.78365105,1
17:25:09,3.252,3.251121,7.258855551,12.79139817,1
17:25:10,3.252,3.251121,7.265533507,12.79914677,1
17:25:11,3.252,3.251122,7.272211462,12.80689538,1
17:25:12,3.252,3.251123,7.278889418,12.81464547,1
17:25:13,3.252,3.251124,7.285567373,12.82239705,1
17:25:14,3.252,3.251124,7.292245328,12.83015013,1
17:25:15,3.252,3.251125,7.298923284,12.8379032,1
17:25:16,3.252,3.251126,7.305601239,12.84565777,1
17:25:17,3.252,3.251127,7.312279195,12.85341233,1
17:25:18,3.252,3.251127,7.31895715,12.86116838,1
17:25:19,3.252,3.251128,7.325635105,12.86892593,1
17:25:20,3.252,3.251129,7.332313,12.87667155,1
17:25:21,3.252,3.251129,7.338991016,12.88443655,1
17:25:22,3.252,3.25113,7.345668972,12.89218664,1
17:25:23,3.252,3.251131,7.352346927,12.8999427,1
17:25:24,3.252,3.251132,7.359024882,12.90771514,1
17:25:25,3.252,3.251132,7.365702838,12.91548312,1
17:25:26,3.252,3.251133,7.372380793,12.9232496,1
17:25:27,3.252,3.251134,7.379058748,12.93101609,1
17:25:28,3.252,3.251135,7.385736704,12.93878257,1
17:25:29,3.252,3.251136,7.392414659,12.94653714,1
17:25:30,3.253,3.251136,7.399092615,12.95555383,1
17:25:31,3.252,3.251621,7.40577057,12.96271384,1
17:25:32,3.252,3.251378,7.412448525,12.9701823,1
17:25:33,3.252,3.251258,7.419126481,12.97780275,1
17:25:34,3.252,3.251198,7.425804436,12.98548877,1
17:25:35,3.252,3.251169,7.432482392,12.99322993,1
17:25:36,3.252,3.251155,7.43916,13.00098747,1
17:25:37,3.252,3.251149,7.445838302,13.00875396,1
17:25:38,3.252,3.251146,7.452516258,13.0165264,1
17:25:39,3.252,3.251144,7.459194213,13.02430183,1
17:25:40,3.252,3.251144,7.465872169,13.03208,1
17:25:41,3.252,3.251145,7.472550124,13.03985715,1
17:25:42,3.252,3.251145,7.479228079,13.04763705,1
17:25:43,3.252,3.251146,7.485906035,13.05541694,1
17:25:44,3.253,3.251147,7.49258399,13.06446344,1
17:25:45,3.252,3.251632,7.499261945,13.0716145,1
17:25:46,3.252,3.251389,7.505939901,13.07909191,1
17:25:47,3.253,3.251268,7.512617856,13.08802813,1
17:25:48,3.253,3.251693,7.519295812,13.09641004,1
17:25:49,3.253,3.251905,7.525973767,13.10449988,1
17:25:50,3.253,3.25201,7.532651722,13.11247796,1
17:25:51,3.252,3.252063,7.539329678,13.11907321,1
17:25:52,3.253,3.251605,7.546008,13.12758178,1
17:25:53,3.253,3.251863,7.552685589,13.13575357,1
17:25:54,3.253,3.251991,7.559363544,13.14375848,1
17:25:55,3.253,3.252055,7.566041499,13.15167993,1
17:25:56,3.253,3.252087,7.572719455,13.15954775,1
17:25:57,3.253,3.252104,7.57939741,13.16741556,1
17:25:58,3.253,3.252112,7.586075366,13.17527145,1
17:25:59,3.253,3.252117,7.592753321,13.18312138,1
17:26:00,3.253,3.252119,7.599431276,13.19096833,1
17:26:01,3.253,3.252121,7.606109232,13.19881529,1
17:26:02,3.252,3.252122,7.612787187,13.20533007,1
17:26:03,3.253,3.251639,7.619465142,13.21382374,1
17:26:04,3.253,3.251884,7.626143098,13.22199255,1
17:26:05,3.253,3.252005,7.632821053,13.22998703,1
17:26:06,3.252,3.252066,7.639499009,13.23657483,1
17:26:07,3.253,3.251612,7.646176964,13.24512064,1
17:26:08,3.253,3.251872,7.652855,13.25331777,1
17:26:09,3.253,3.252001,7.659532875,13.26134,1
17:26:10,3.253,3.252066,7.66621083,13.2692799,1
17:26:11,3.253,3.252098,7.672888786,13.27717602,1
17:26:12,3.253,3.252115,7.679566741,13.28505278,1
17:26:13,3.253,3.252123,7.686244696,13.2929191,1
17:26:14,3.253,3.252128,7.692922652,13.30078095,1
17:26:15,3.253,3.252131,7.699600607,13.30864131,1
17:26:16,3.253,3.252132,7.706278563,13.31650168,1
17:26:17,3.253,3.252134,7.712956518,13.32434714,1
17:26:18,3.253,3.252135,7.719634473,13.3322,1
17:26:19,3.253,3.252135,7.726312429,13.34007084,1
17:26:20,3.253,3.252136,7.732990384,13.34793717,1
17:26:21,3.253,3.252137,7.739668339,13.355802,1
17:26:22,3.253,3.252138,7.746346295,13.36365342,1
17:26:23,3.253,3.252138,7.75302425,13.3715108,1
17:26:24,3.253,3.252139,7.759702,13.37938607,1
17:26:25,3.253,3.25214,7.766380161,13.38725686,1
17:26:26,3.253,3.252141,7.773058116,13.39512616,1
17:26:27,3.253,3.252141,7.779736072,13.40298057,1
17:26:28,3.253,3.252142,7.786414027,13.41085583,1
17:26:29,3.253,3.252143,7.793091983,13.41872811,1
17:26:30,3.253,3.252143,7.799769938,13.4266004,1
17:26:31,3.253,3.252145,7.806447893,13.43446,1
17:26:32,3.253,3.252145,7.813125849,13.44233602,1
17:26:33,3.253,3.252146,7.819803804,13.45021129,1
17:26:34,3.253,3.252146,7.82648176,13.45807314,1
17:26:35,3.253,3.252147,7.833159715,13.46595436,1
17:26:36,3.253,3.252148,7.83983767,13.47383261,1
17:26:37,3.253,3.252149,7.846515626,13.48170936,1
17:26:38,3.253,3.25215,7.853193581,13.48958611,1
17:26:39,3.253,3.25215,7.859871536,13.49746436,1
17:26:40,3.253,3.252151,7.866549,13.50532919,1
17:26:41,3.253,3.252152,7.873227447,13.51321489,1
17:26:42,3.253,3.252152,7.879905403,13.5210976,1
17:26:43,3.253,3.252153,7.886583358,13.52896541,1
17:26:44,3.253,3.252154,7.893261313,13.53685409,1
17:26:45,3.253,3.252155,7.899939269,13.54473978,1
17:26:46,3.253,3.252156,7.906617224,13.55262399,1
17:26:47,3.253,3.252156,7.91329518,13.56050819,1
17:26:48,3.253,3.252157,7.919973135,13.5683924,1
17:26:49,3.253,3.252158,7.92665109,13.5762766,1
17:26:50,3.253,3.252158,7.933329046,13.58414888,1
17:26:51,3.253,3.252159,7.940007001,13.59204203,1
17:26:52,3.253,3.25216,7.946684957,13.59993219,1
17:26:53,3.253,3.252161,7.953362912,13.60782087,1
17:26:54,3.253,3.252162,7.960040867,13.61570954,1
17:26:55,3.253,3.252162,7.966718823,13.62359822,1
17:26:56,3.253,3.252163,7.973397,13.63148838,1
17:26:57,3.253,3.252164,7.980074733,13.63938,1
17:26:58,3.253,3.252164,7.986752689,13.64727,1
17:26:59,3.253,3.252165,7.993430644,13.65516,1
17:27:00,3.253,3.252166,8.0001086,13.66305,1
17:27:01,3.253,3.252167,8.006786555,13.67094666,1
17:27:02,3.253,3.252167,8.01346451,13.6788398,1
17:27:03,3.253,3.252168,8.020142466,13.68673444,1
17:27:04,3.253,3.252169,8.026820421,13.69462907,1
17:27:05,3.253,3.25217,8.033498377,13.7025252,1
17:27:06,3.253,3.25217,8.040176332,13.71040791,1
17:27:07,3.253,3.252171,8.046854287,13.71831149,1
17:27:08,3.253,3.252172,8.053532243,13.72619867,1
17:27:09,3.253,3.252173,8.060210198,13.73410523,1
17:27:10,3.253,3.252173,8.066888154,13.74200881,1
17:27:11,3.253,3.252174,8.073566109,13.74991089,1
17:27:12,3.253,3.252175,8.080244,13.75781298,1
17:27:13,3.253,3.252176,8.08692202,13.76570016,1
17:27:14,3.253,3.252177,8.093599975,13.77361,1
17:27:15,3.253,3.252177,8.10027793,13.78151327,1
17:27:16,3.253,3.252178,8.106955886,13.78941834,1
17:27:17,3.253,3.252179,8.113633841,13.79732341,1
17:27:18,3.253,3.25218,8.120311797,13.80522698,1
17:27:19,3.253,3.25218,8.126989752,13.81313205,1
17:27:20,3.253,3.252181,8.133667707,13.82103711,1
17:27:21,3.253,3.252182,8.140345663,13.82894367,1
17:27:22,3.253,3.252182,8.147023618,13.83685023,1
17:27:23,3.253,3.252183,8.153701574,13.84475678,1
17:27:24,3.253,3.252184,8.160379529,13.85266483,1
17:27:25,3.253,3.252185,8.167057484,13.86057287,1
17:27:26,3.253,3.252185,8.17373544,13.86848241,1
17:27:27,3.253,3.252186,8.180413395,13.87639195,1
17:27:28,3.253,3.252187,8.187091351,13.88428807,1
17:27:29,3.253,3.252188,8.193769306,13.89220506,1
17:27:30,3.253,3.252188,8.200447261,13.90011907,1
17:27:31,3.253,3.252189,8.207125217,13.90801817,1
17:27:32,3.253,3.25219,8.213803172,13.91593814,1
17:27:33,3.253,3.252191,8.220481128,13.92385513,1
17:27:34,3.253,3.252192,8.227159083,13.93177062,1
17:27:35,3.253,3.252192,8.233837038,13.93967122,1
17:27:36,3.253,3.252193,8.240514994,13.94759268,1
17:27:37,3.253,3.252194,8.247192949,13.95551115,1
17:27:38,3.253,3.252194,8.253870904,13.96342814,1
17:27:39,3.253,3.252195,8.26054886,13.97133172,1
17:27:40,3.253,3.252196,8.267226815,13.97925615,1
17:27:41,3.253,3.252197,8.273904771,13.98717761,1
17:27:42,3.253,3.252197,8.280582726,13.99509758,1
17:27:43,3.253,3.252198,8.287260681,14.00301605,1
17:27:44,3.253,3.252199,8.293939,14.01092112,1
17:27:45,3.253,3.252199,8.300616592,14.01884854,1
17:27:46,3.253,3.2522,8.307294548,14.02677149,1
17:27:47,3.253,3.252201,8.313972503,14.03469443,1
17:27:48,3.253,3.252202,8.320650458,14.04262,1
17:27:49,3.253,3.252202,8.327328414,14.05052394,1
17:27:50,3.253,3.252203,8.334006369,14.05845284,1
17:27:51,3.253,3.252204,8.340684325,14.06637877,1
17:27:52,3.253,3.252205,8.34736228,14.07430321,1
17:27:53,3.253,3.252206,8.354040235,14.08222765,1
17:27:54,3.253,3.252206,8.360718191,14.09015208,1
17:27:55,3.253,3.252207,8.367396146,14.09806162,1
17:27:56,3.253,3.252208,8.374074101,14.10599351,1
17:27:57,3.253,3.252208,8.380752057,14.11392242,1
17:27:58,3.253,3.252209,8.387430012,14.12184983,1
17:27:59,3.253,3.25221,8.394107968,14.12977725,1
17:28:00,3.253,3.252211,8.400785923,14.13770467,1
17:28:01,3.253,3.252212,8.407463878,14.14563209,1
17:28:02,3.253,3.252212,8.414141834,14.15355951,1
17:28:03,3.253,3.252213,8.420819789,14.16147351,1
17:28:04,3.253,3.252213,8.427497745,14.16940987,1
17:28:05,3.253,3.252214,8.4341757,14.17734325,1
17:28:06,3.253,3.252215,8.440853655,14.18527514,1
17:28:07,3.253,3.252216,8.447531611,14.19320554,1
17:28:08,3.253,3.252217,8.454209566,14.20113593,1
17:28:09,3.253,3.252217,8.460887522,14.20906782,1
17:28:10,3.253,3.252218,8.467565477,14.21699971,1
17:28:11,3.253,3.252219,8.474243432,14.2249316,1
17:28:12,3.254,3.25222,8.480921388,14.23447281,1
17:28:13,3.254,3.252705,8.487599343,14.24323469,1
17:28:14,3.254,3.252947,8.494277298,14.25161064,1
17:28:15,3.254,3.253067,8.500955254,14.25979435,1
17:28:16,3.254,3.253127,8.507633,14.2678827,1
17:28:17,3.254,3.253158,8.514311165,14.27592337,1
17:28:18,3.255,3.253173,8.52098912,14.28556144,1
17:28:19,3.255,3.253666,8.527667075,14.29440379,1
17:28:20,3.255,3.253911,8.534345031,14.30285,1
17:28:21,3.255,3.254033,8.541022986,14.3111,1
17:28:22,3.255,3.254094,8.547700942,14.31925148,1
17:28:23,3.255,3.254125,8.554378897,14.32735473,1
17:28:24,3.256,3.25414,8.561056852,14.3370688,1
17:28:25,3.256,3.254634,8.567734808,14.34598,1
17:28:26,3.256,3.254879,8.574412763,14.35449272,1
17:28:27,3.256,3.255002,8.581090719,14.36280757,1
17:28:28,3.256,3.255063,8.587768674,14.37100619,1
17:28:29,3.256,3.255093,8.594446629,14.37918246,1
17:28:30,3.256,3.255109,8.601124585,14.38733041,1
17:28:31,3.256,3.255117,8.60780254,14.39546496,1
17:28:32,3.257,3.255122,8.614480495,14.4052431,1
17:28:33,3.257,3.255609,8.621158451,14.41421807,1
17:28:34,3.257,3.255852,8.627836406,14.42279518,1
17:28:35,3.258,3.255972,8.634514362,14.43282962,1
17:28:36,3.258,3.256518,8.641192317,14.44196403,1
17:28:37,3.258,3.256789,8.647870272,14.45065141,1
17:28:38,3.258,3.256924,8.654548228,14.45911676,1
17:28:39,3.258,3.256991,8.661226183,14.46747184,1
17:28:40,3.258,3.257025,8.667904139,14.47577327,1
17:28:41,3.258999,3.257043,8.674582094,14.48571384,1
17:28:42,3.258999,3.257536,8.681260049,14.49483484,1
17:28:43,3.258999,3.257782,8.687938005,14.50354755,1
17:28:44,3.258999,3.257904,8.69461596,14.5120576,1
17:28:45,3.258999,3.257965,8.701293916,14.52046782,1
17:28:46,3.258999,3.257996,8.707971871,14.52882886,1
17:28:47,3.258999,3.258012,8.714649826,14.53716606,1
17:28:48,3.258999,3.25802,8.721328,14.54548985,1
17:28:49,3.258999,3.258024,8.728005737,14.55381,1
17:28:50,3.258999,3.258027,8.734683692,14.5621255,1
17:28:51,3.258999,3.258029,8.741361648,14.57044184,1
17:28:52,3.258999,3.25803,8.748039603,14.57875818,1
17:28:53,3.258999,3.258031,8.754717559,14.58707452,1
17:28:54,3.258999,3.258032,8.761395514,14.59539086,1
17:28:55,3.258999,3.258033,8.768073469,14.60370719,1
17:28:56,3.258999,3.258034,8.774751425,14.61202502,1
17:28:57,3.258999,3.258034,8.78142938,14.62034285,1
17:28:58,3.258999,3.258035,8.788107336,14.62866217,1
17:28:59,3.258999,3.258036,8.794785291,14.63696212,1
17:29:00,3.258999,3.258037,8.801463246,14.64529186,1
17:29:01,3.258999,3.258038,8.808141202,14.65359777,1
17:29:02,3.258999,3.258039,8.814819157,14.66191113,1
17:29:03,3.258999,3.258039,8.821497113,14.67023,1
17:29:04,3.258999,3.25804,8.828175068,14.67856765,1
17:29:05,3.258999,3.25804,8.834853023,14.68689889,1
17:29:06,3.258999,3.258041,8.841530979,14.69522715,1
17:29:07,3.258999,3.258042,8.848208934,14.70355392,1
17:29:08,3.258999,3.258043,8.854886889,14.71186131,1
17:29:09,3.258999,3.258044,8.861564845,14.72018,1
17:29:10,3.258999,3.258045,8.8682428,14.7285,1
17:29:11,3.258999,3.258045,8.874920756,14.73684162,1
17:29:12,3.258999,3.258046,8.881598711,14.74517733,1
17:29:13,3.258999,3.258047,8.888276666,14.75351006,1
17:29:14,3.258999,3.258048,8.894954622,14.76182193,1
17:29:15,3.258999,3.258049,8.901632577,14.77014124,1
17:29:16,3.258999,3.258049,8.908310533,14.77846503,1
17:29:17,3.258999,3.25805,8.914988488,14.78681266,1
17:29:18,3.258999,3.258051,8.921666443,14.79515135,1
17:29:19,3.258999,3.258052,8.928344399,14.80346769,1
17:29:20,3.258999,3.258052,8.935022,14.81179148,1
17:29:21,3.258999,3.258053,8.94170031,14.82013911,1
17:29:22,3.258999,3.258054,8.948378265,14.82847929,1
17:29:23,3.26,3.258055,8.95505622,14.83857483,1
17:29:24,3.258999,3.258541,8.961734176,14.84604925,1
17:29:25,3.258999,3.258297,8.968412131,14.85395283,1
17:29:26,3.26,3.258177,8.975090086,14.86386657,1
17:29:27,3.26,3.258603,8.981768042,14.87301588,1
17:29:28,3.26,3.258815,8.988445997,14.88178819,1
17:29:29,3.26,3.25892,8.995123953,14.89037424,1
17:29:30,3.258999,3.258973,9.001801908,14.89709765,1
17:29:31,3.26,3.258514,9.008479863,14.90640342,1
17:29:32,3.26,3.258772,9.015157819,14.91525471,1
17:29:33,3.26,3.258901,9.021835774,14.92386,1
17:29:34,3.26,3.258965,9.02851373,14.9323836,1
17:29:35,3.26,3.258997,9.035191685,14.94084746,1
17:29:36,3.26,3.259014,9.04186964,14.94928151,1
17:29:37,3.26,3.259022,9.048547596,14.95770216,1
17:29:38,3.26,3.259027,9.055225551,14.96611536,1
17:29:39,3.26,3.25903,9.061903507,14.97452557,1
17:29:40,3.26,3.259031,9.068581462,14.9829343,1
17:29:41,3.26,3.259033,9.075259417,14.99134302,1
17:29:42,3.26,3.259034,9.081937373,14.99973089,1
17:29:43,3.26,3.259035,9.088615328,15.00814855,1
17:29:44,3.26,3.259035,9.095293283,15.01656324,1
17:29:45,3.26,3.259037,9.101971239,15.02495408,1
17:29:46,3.26,3.259037,9.108649194,15.03337473,1
17:29:47,3.26,3.259038,9.11532715,15.04177004,1
17:29:48,3.26,3.259039,9.122005105,15.05017,1
17:29:49,3.26,3.259039,9.12868306,15.05858004,1
17:29:50,3.26,3.25904,9.135361016,15.06699026,1
17:29:51,3.26,3.259041,9.142038971,15.07540047,1
17:29:52,3.26,3.259042,9.148717,15.08381218,1
17:29:53,3.26,3.259043,9.155394882,15.09224474,1
17:29:54,3.26,3.259043,9.162072837,15.10066837,1
17:29:55,3.26,3.259044,9.168750793,15.10908753,1
17:29:56,3.26,3.259045,9.175428748,15.11750519,1
17:29:57,3.26,3.259046,9.182106704,15.12590051,1
17:29:58,3.26,3.259047,9.188784659,15.13432711,1
17:29:59,3.26,3.259048,9.195462614,15.14274776,1
17:30:00,3.26,3.259048,9.20214057,15.15117,1
17:30:01,3.26,3.259049,9.208818525,15.15958458,1
17:30:02,3.26,3.25905,9.21549648,15.16800225,1
17:30:03,3.26,3.259051,9.222174436,15.17641991,1
17:30:04,3.26,3.259051,9.228852391,15.18481821,1
17:30:05,3.26,3.259052,9.235530347,15.1932463,1
17:30:06,3.26,3.259053,9.242208302,15.20166993,1
17:30:07,3.26,3.259054,9.248886257,15.21009207,1
17:30:08,3.26,3.259055,9.255564213,15.21851271,1
17:30:09,3.26,3.259055,9.262242168,15.22693336,1
17:30:10,3.26,3.259056,9.268920124,15.23535401,1
17:30:11,3.26,3.259057,9.275598079,15.24375379,1
17:30:12,3.26,3.259058,9.282276034,15.2521655,1
17:30:13,3.26,3.259058,9.28895399,15.26058167,1
17:30:14,3.26,3.259059,9.295631945,15.26902169,1
17:30:15,3.26,3.25906,9.302309901,15.27745277,1
17:30:16,3.26,3.259061,9.308987856,15.28588086,1
17:30:17,3.26,3.259062,9.315665811,15.29430598,1
17:30:18,3.26,3.259062,9.322343767,15.3027311,1
17:30:19,3.26,3.259063,9.329021722,15.31115621,1
17:30:20,3.26,3.259064,9.335699677,15.31958133,1
17:30:21,3.26,3.259065,9.342377633,15.32798558,1
17:30:22,3.26,3.259066,9.349055588,15.33640027,1
17:30:23,3.26,3.259066,9.355733544,15.34484029,1
17:30:24,3.26,3.259067,9.362411,15.35327,1
17:30:25,3.26,3.259068,9.369089454,15.36170393,1
17:30:26,3.26,3.259069,9.37576741,15.37013203,1
17:30:27,3.26,3.259069,9.382445365,15.37856013,1
17:30:28,3.26,3.25907,9.389123321,15.38698822,1
17:30:29,3.26,3.259071,9.395801276,15.39541632,1
17:30:30,3.26,3.259072,9.402479231,15.40384442,1
17:30:31,3.26,3.259073,9.409157187,15.41227251,1
17:30:32,3.26,3.259073,9.415835142,15.42070061,1
17:30:33,3.26,3.259074,9.422513098,15.42910933,1
17:30:34,3.26,3.259075,9.429191053,15.43752849,1
17:30:35,3.26,3.259076,9.435869008,15.44597298,1
17:30:36,3.26,3.259077,9.442546964,15.45441002,1
17:30:37,3.26,3.259077,9.449224919,15.46282321,1
17:30:38,3.26,3.259078,9.455902874,15.47124535,1
17:30:39,3.26,3.259079,9.46258083,15.47969282,1
17:30:40,3.26,3.25908,9.469258785,15.48813134,1
17:30:41,3.26,3.259081,9.475936741,15.49654603,1
17:30:42,3.26,3.259081,9.482614696,15.50498903,1
17:30:43,3.26,3.259082,9.489292651,15.51342756,1
17:30:44,3.26,3.259083,9.495970607,15.52184224,1
17:30:45,3.26,3.259084,9.502648562,15.53026587,1
17:30:46,3.26,3.259084,9.509326518,15.53871483,1
17:30:47,3.26,3.259085,9.516004473,15.54716,1
17:30:48,3.26,3.259086,9.522682428,15.55559337,1
17:30:49,3.26,3.259087,9.529360384,15.56402892,1
17:30:50,3.26,3.259088,9.536038339,15.57246447,1
17:30:51,3.26,3.259089,9.542716295,15.58089852,1
17:30:52,3.26,3.259089,9.54939425,15.58933407,1
17:30:53,3.26,3.25909,9.556072205,15.59776962,1
17:30:54,3.26,3.259091,9.562750161,15.60620368,1
17:30:55,3.26,3.259091,9.569428116,15.61463922,1
17:30:56,3.26,3.259092,9.576106,15.62307477,1
17:30:57,3.26,3.259093,9.582784027,15.63151032,1
17:30:58,3.26,3.259094,9.589461982,15.63994586,1
17:30:59,3.26,3.259095,9.596139938,15.64838141,1
17:31:00,3.26,3.259096,9.602817893,15.65681696,1
17:31:01,3.26,3.259096,9.609495848,15.665254,1
17:31:02,3.26,3.259097,9.616173804,15.67369103,1
17:31:03,3.26,3.259098,9.622851759,15.68212807,1
17:31:04,3.26,3.259099,9.629529715,15.69057,1
17:31:05,3.26,3.259099,9.63620767,15.69900215,1
17:31:06,3.26,3.2591,9.642885625,15.70743918,1
17:31:07,3.26,3.259101,9.649563581,15.71587771,1
17:31:08,3.26,3.259102,9.656241536,15.72429538,1
17:31:09,3.26,3.259103,9.662919492,15.73274285,1
17:31:10,3.26,3.259103,9.669597447,15.74118584,1
17:31:11,3.26,3.259104,9.676275402,15.74960649,1
17:31:12,3.26,3.259105,9.682953358,15.75805694,1
17:31:13,3.26,3.259106,9.689631313,15.7665,1
17:31:14,3.26,3.259107,9.696309268,15.77494293,1
17:31:15,3.26,3.259107,9.702987224,15.78338444,1
17:31:16,3.26,3.259108,9.709665179,15.79182446,1
17:31:17,3.26,3.259109,9.716343135,15.80026448,1
17:31:18,3.26,3.259109,9.72302109,15.8087045,1
17:31:19,3.26,3.25911,9.729699045,15.81712365,1
17:31:20,3.26,3.259111,9.736377001,15.8255741,1
17:31:21,3.26,3.259112,9.743054956,15.83402008,1
17:31:22,3.26,3.259113,9.749732912,15.84246308,1
17:31:23,3.26,3.259114,9.756410867,15.85090458,1
17:31:24,3.26,3.259114,9.763088822,15.85932523,1
17:31:25,3.26,3.259115,9.769766778,15.86777568,1
17:31:26,3.26,3.259116,9.776444733,15.87622,1
17:31:27,3.26,3.259117,9.783122689,15.88464379,1
17:31:28,3.261,3.259117,9.789801,15.89510888,1
17:31:29,3.261,3.259603,9.796478599,15.904589,1
17:31:30,3.261,3.259845,9.803156555,15.91358334,1
17:31:31,3.261,3.259966,9.80983451,15.92233479,1
17:31:32,3.261,3.260026,9.816512465,15.93094468,1
17:31:33,3.262001,3.260056,9.823190421,15.94154984,1
17:31:34,3.262001,3.260557,9.829868376,15.95113873,1
17:31:35,3.262001,3.260806,9.836546332,15.96022248,1
17:31:36,3.263,3.26093,9.843224287,15.97107202,1
17:31:37,3.263,3.261477,9.849902242,15.98082036,1
17:31:38,3.264,3.26175,9.856580198,15.99203944,1
17:31:39,3.264,3.26237,9.863258153,16.00200832,1
17:31:40,3.264,3.262679,9.869936109,16.01135731,1
17:31:41,3.265,3.262832,9.876614064,16.02241993,1
17:31:42,3.265,3.263394,9.883292019,16.03234857,1
17:31:43,3.265,3.263673,9.889969975,16.04168266,1
17:31:44,3.266,3.263813,9.89664793,16.05277,1
17:31:45,3.266,3.264367,9.903325886,16.06279314,1
17:31:46,3.266,3.264644,9.910003841,16.0722062,1
17:31:47,3.266,3.264781,9.916681796,16.08138382,1
17:31:48,3.266,3.26485,9.923359752,16.09041244,1
17:31:49,3.266,3.264884,9.930037707,16.09936953,1
17:31:50,3.266,3.264902,9.936715662,16.10828936,1
17:31:51,3.266,3.264911,9.943393618,16.11719,1
17:31:52,3.266,3.264916,9.950071573,16.12608582,1
17:31:53,3.266,3.264919,9.956749529,16.13497585,1
17:31:54,3.266,3.264921,9.963427484,16.14383757,1
17:31:55,3.266,3.264922,9.970105439,16.15271121,1
17:31:56,3.266,3.264924,9.976783395,16.16159081,1
17:31:57,3.266,3.264924,9.98346135,16.17050022,1
17:31:58,3.266,3.264925,9.990139306,16.17939919,1
17:31:59,3.266,3.264926,9.996817261,16.18829221,1
17:32:00,3.266,3.264927,10.0035,16.19715542,1
17:32:01,3.266,3.264928,10.01017317,16.20603055,1
17:32:03,3.266,3.264929,10.01685113,16.21491164,1
17:32:04,3.266,3.264929,10.02352908,16.22382253,1
17:32:05,3.266,3.26493,10.03020704,16.232723,1
17:32:06,3.266,3.264931,10.03688499,16.2416175,1
17:32:07,3.266,3.264932,10.04356295,16.25050902,1
17:32:09,3.266,3.264933,10.0502409,16.25940055,1
17:32:09,3.266,3.264934,10.05691886,16.26829058,1
17:32:10,3.266,3.264934,10.06359681,16.27718061,1
17:32:11,3.267,3.264935,10.07027477,16.2880972,1
17:32:12,3.266,3.265421,10.07695273,16.29598588,1
17:32:13,3.267,3.265178,10.08363068,16.30646735,1
17:32:14,3.267,3.265542,10.09030864,16.31618589,1
17:32:15,3.266,3.265724,10.09698659,16.32343978,1
17:32:16,3.267,3.265329,10.10366455,16.33360535,1
17:32:17,3.267,3.265619,10.1103425,16.34316742,1
17:32:18,3.266,3.265763,10.11702046,16.35034084,1
17:32:19,3.267,3.26535,10.12369841,16.36047065,1
17:32:20,3.267,3.26563,10.13037637,16.36998206,1
17:32:21,3.267,3.26577,10.13705432,16.37925208,1
17:32:22,3.267,3.26584,10.14373228,16.38834178,1
17:32:23,3.267,3.265875,10.15041023,16.39739871,1
17:32:23,3.267,3.265893,10.15708819,16.40641242,1
17:32:24,3.267,3.265902,10.16376615,16.41540378,1
17:32:25,3.267,3.265907,10.1704441,16.42438471,1
17:32:26,3.267,3.26591,10.17712206,16.43335968,1
17:32:27,3.267,3.265912,10.18380001,16.44233316,1
17:32:28,3.267,3.265913,10.19047797,16.45130515,1
17:32:29,3.267,3.265914,10.19715592,16.46027714,1
17:32:30,3.267,3.265915,10.20383388,16.46924913,1
17:32:31,3.267,3.265916,10.21051183,16.47822112,1
17:32:32,3.267,3.265917,10.21719,16.4871648,1
17:32:34,3.267,3.265918,10.22386774,16.4961502,1
17:32:35,3.267,3.265919,10.2305457,16.50510132,1
17:32:36,3.267,3.26592,10.23722365,16.5140897,1
17:32:37,3.267,3.265921,10.24390161,16.52304232,1
17:32:37,3.267,3.265921,10.25057957,16.53203368,1
17:32:38,3.267,3.265922,10.25725752,16.54101461,1
17:32:39,3.267,3.265923,10.26393548,16.54999256,1
17:32:40,3.267,3.265924,10.27061343,16.55896902,1
17:32:41,3.267,3.265925,10.27729139,16.56794399,1
17:32:42,3.267,3.265925,10.28396934,16.57691896,1
17:32:43,3.267,3.265926,10.2906473,16.58589244,1
17:32:44,3.267,3.265927,10.29732525,16.59484,1
17:32:45,3.267,3.265928,10.30400321,16.60382748,1
17:32:46,3.267,3.265929,10.31068116,16.61278009,1
17:32:47,3.267,3.26593,10.31735912,16.62177145,1
17:32:48,3.267,3.265931,10.32403708,16.63075387,1
17:32:49,3.267,3.265931,10.33071503,16.63973331,1
17:32:50,3.267,3.265932,10.33739299,16.64871126,1
17:32:51,3.267,3.265933,10.34407094,16.65768772,1
17:32:52,3.267,3.265934,10.3507489,16.66666418,1
17:32:53,3.267,3.265935,10.35742685,16.67561233,1
17:32:54,3.267,3.265936,10.36410481,16.6846022,1
17:32:55,3.267,3.265937,10.37078276,16.69355631,1
17:32:56,3.267,3.265937,10.37746072,16.70252234,1
17:32:57,3.267,3.265938,10.38413867,16.71149284,1
17:32:58,3.267,3.265939,10.39081663,16.72046483,1
17:32:59,3.267,3.26594,10.39749458,16.7294398,1
17:33:00,3.267,3.265941,10.40417254,16.73844308,1
17:33:01,3.267,3.265941,10.4108505,16.74743295,1
17:33:02,3.267,3.265942,10.41752845,16.75641686,1
17:33:03,3.267,3.265943,10.42420641,16.7653963,1
17:33:04,3.267,3.265944,10.43088,16.77437425,1
17:33:05,3.268,3.265945,10.43756232,16.78553224,1
17:33:06,3.268,3.266431,10.44424027,16.79563373,1
17:33:07,3.268,3.266673,10.45091823,16.80517346,1
17:33:08,3.268,3.266793,10.45759618,16.81450307,1
17:33:09,3.269,3.266853,10.46427414,16.82588756,1
17:33:10,3.269,3.267369,10.47095209,16.83609635,1
17:33:11,3.269,3.267625,10.47763005,16.84580445,1
17:33:12,3.27,3.267753,10.484308,16.85742438,1
17:33:13,3.27,3.268302,10.49098596,16.86783284,1
17:33:14,3.27,3.268576,10.49766392,16.87764078,1
17:33:15,3.271,3.268712,10.50434187,16.88934863,1
17:33:16,3.271,3.269265,10.51101983,16.89984351,1
17:33:17,3.272,3.26954,10.51769778,16.91187024,1
17:33:18,3.272,3.270162,10.52437574,16.92261994,1
17:33:19,3.272,3.270472,10.53105369,16.93263501,1
17:33:20,3.273,3.270626,10.53773165,16.94458872,1
17:33:22,3.273,3.271189,10.5444096,16.95528179,1
17:33:23,3.273,3.271468,10.55108756,16.965352,1
17:33:23,3.274,3.271608,10.55776551,16.97732508,1
17:33:24,3.274,3.272162,10.56444347,16.9880718,1
17:33:25,3.274,3.272439,10.57112142,16.99820906,1
17:33:26,3.274,3.272576,10.57779938,17.00804383,1
17:33:27,3.274,3.272645,10.58447734,17.01772809,1
17:33:28,3.274,3.272679,10.59115529,17.02733934,1
17:33:29,3.274,3.272697,10.59783325,17.03691185,1
17:33:32,3.274,3.272706,10.6045112,17.0464322,1
17:33:32,3.274,3.272711,10.61118916,17.05599576,1
17:33:32,3.274,3.272714,10.61786711,17.06554592,1
17:33:33,3.274,3.272716,10.62454507,17.07509011,1
17:33:34,3.274,3.272717,10.63122302,17.08463132,1
17:33:35,3.274,3.272719,10.63790098,17.09413677,1
17:33:36,3.274,3.27272,10.64458,17.10369289,1
17:33:37,3.274,3.272721,10.65125689,17.11320579,1
17:33:38,3.274,3.272722,10.65793484,17.1227321,1
17:33:39,3.274,3.272722,10.6646128,17.13226438,1
17:33:40,3.274,3.272724,10.67129076,17.14179963,1
17:33:41,3.274,3.272724,10.67796871,17.15137213,1
17:33:42,3.274,3.272725,10.68464667,17.16092825,1
17:33:43,3.274,3.272726,10.69132462,17.17044264,1
17:33:44,3.274,3.272727,10.69800258,17.17997044,1
17:33:45,3.274,3.272728,10.70468053,17.18950421,1
17:33:46,3.274,3.272729,10.71135849,17.19904095,1
17:33:47,3.274,3.27273,10.71803644,17.20861495,1
17:33:48,3.275,3.272731,10.7247144,17.220442,1
17:33:49,3.274,3.273217,10.73139235,17.22889245,1
17:33:50,3.274,3.272973,10.73807031,17.23789424,1
17:33:51,3.274,3.272853,10.74474826,17.24716872,1
17:33:52,3.274,3.272794,10.75142622,17.2565788,1
17:33:53,3.275,3.272765,10.75810418,17.26832241,1
17:33:54,3.275,3.273236,10.76478213,17.27900058,1
17:33:55,3.275,3.27347,10.77146009,17.28914976,1
17:33:56,3.275,3.273587,10.77813804,17.29903519,1
17:33:57,3.275,3.273646,10.784816,17.30875224,1
17:33:58,3.275,3.273675,10.79149395,17.31842458,1
17:33:59,3.275,3.27369,10.79817191,17.32811034,1
17:34:00,3.275,3.273699,10.80484986,17.3377648,1
17:34:01,3.275,3.273703,10.81152782,17.34740585,1
17:34:02,3.275,3.273705,10.81820577,17.35700369,1
17:34:03,3.275,3.273707,10.82488373,17.36665219,1
17:34:04,3.275,3.273709,10.83156168,17.37629026,1
17:34:05,3.275,3.27371,10.83823964,17.38592237,1
17:34:06,3.275,3.27371,10.8449176,17.39555299,1
17:34:07,3.275,3.273712,10.85159555,17.40518212,1
17:34:08,3.275,3.273712,10.85827,17.41481125,1
17:34:09,3.275,3.273713,10.86495146,17.42444,1
17:34:11,3.275,3.273714,10.87162942,17.43403375,1
17:34:11,3.275,3.273715,10.87830737,17.44368076,1
17:34:12,3.275,3.273716,10.88498533,17.45328158,1
17:34:13,3.275,3.273717,10.89166328,17.46293306,1
17:34:14,3.275,3.273718,10.89834124,17.47257262,1
17:34:15,3.275,3.273719,10.90501919,17.48220772,1
17:34:16,3.275,3.27372,10.91169715,17.49183983,1
17:34:18,3.275,3.273721,10.9183751,17.50147194,1
17:34:18,3.275,3.273721,10.92505306,17.51106679,1
17:34:19,3.275,3.273722,10.93173102,17.5207153,1
17:34:20,3.275,3.273723,10.93840897,17.53031909,1
17:34:21,3.275,3.273724,10.94508693,17.53997207,1
17:34:22,3.275,3.273725,10.95176488,17.54961312,1
17:34:23,3.275,3.273726,10.95844284,17.5592497,1
17:34:24,3.275,3.273727,10.96512079,17.5688833,1
17:34:25,3.275,3.273728,10.97179875,17.57851541,1
17:34:26,3.275,3.273729,10.9784767,17.58811176,1
17:34:27,3.275,3.27373,10.98515466,17.59776175,1
17:34:28,3.275,3.273731,10.99183261,17.60736555,1
17:34:29,3.275,3.273731,10.99851057,17.61698276,1
17:34:31,3.275,3.273732,11.00518852,17.62660742,1
17:34:31,3.275,3.273733,11.01186648,17.63623506,1
17:34:32,3.275,3.273734,11.01854444,17.64586419,1
17:34:34,3.275,3.273735,11.02522239,17.65553057,1
17:34:35,3.275,3.273736,11.03190035,17.66518056,1
17:34:35,3.275,3.273737,11.0385783,17.67478585,1
17:34:36,3.275,3.273737,11.04525626,17.68440455,1
17:34:37,3.275,3.273739,11.05193421,17.69402921,1
17:34:39,3.275,3.27374,11.05861217,17.70365685,1
17:34:40,3.275,3.273741,11.06529012,17.71332324,1
17:34:41,3.275,3.273741,11.07197,17.72297323,1
17:34:41,3.275,3.273742,11.07864603,17.73257852,1
17:34:43,3.275,3.273743,11.08532399,17.74223298,1
17:34:44,3.275,3.273744,11.09200194,17.75187701,1
17:34:45,3.275,3.273745,11.0986799,17.76152,1
17:34:45,3.275,3.273746,11.10535786,17.77115315,1
17:34:47,3.275,3.273747,11.11203581,17.78075248,1
17:34:48,3.275,3.273747,11.11871377,17.79040545,1
17:34:49,3.275,3.273749,11.12539172,17.80001223,1
17:34:49,3.275,3.273749,11.13206968,17.80963242,1
17:34:51,3.275,3.27375,11.13874763,17.81925857,1
17:34:52,3.275,3.273751,11.14542559,17.8288877,1
17:34:53,3.275,3.273752,11.15210354,17.83855408,1
17:34:54,3.275,3.273753,11.1587815,17.84820408,1
17:34:54,3.275,3.273754,11.16545945,17.85781085,1
17:34:58,3.275,3.273755,11.17213741,17.86743104,1
17:34:58,3.275,3.273756,11.17881536,17.87705719,1
17:34:59,3.275,3.273757,11.18549332,17.88669,1
17:34:59,3.275,3.273757,11.19217128,17.8963542,1
17:35:00,3.275,3.273758,11.19884923,17.90600568,1
17:35:01,3.275,3.273759,11.20552719,17.91561097,1
17:35:02,3.275,3.27376,11.21220514,17.92523116,1
17:35:02,3.275,3.273761,11.2188831,17.93485731,1
17:35:03,3.275,3.273762,11.22556105,17.94448644,1
17:35:05,3.276,3.273763,11.23223901,17.95657277,1
17:35:06,3.276,3.274249,11.23891696,17.96746,1
17:35:07,3.276,3.274491,11.24559492,17.97776,1
17:35:07,3.276,3.274612,11.25227287,17.98776984,1
17:35:09,3.276,3.274673,11.25895083,17.99763292,1
17:35:11,3.276,3.274703,11.26562878,18.00742298,1
17:35:12,3.277,3.274719,11.27230674,18.01957786,1
17:35:12,3.277,3.275212,11.2789847,18.03055108,1
17:35:13,3.278,3.275457,11.28566,18.04334223,1
17:35:14,3.278,3.276065,11.29234061,18.05467457,1
17:35:15,3.278,3.276367,11.29901856,18.0652827,1
17:35:15,3.279,3.276518,11.30569652,18.07793826,1
17:35:16,3.279,3.277078,11.31237447,18.08925,1
17:35:18,3.28,3.277357,11.31905243,18.10230166,1
17:35:19,3.28,3.277982,11.32573038,18.11385304,1
17:35:19,3.28,3.278292,11.33240834,18.12465638,1
17:35:20,3.28,3.278447,11.33908629,18.13508868,1
17:35:22,3.281,3.278524,11.34576425,18.14775,1
17:35:23,3.281,3.279048,11.3524422,18.15909892,1
17:35:24,3.281,3.279309,11.35912016,18.1698963,1
17:35:24,3.281,3.279439,11.36579812,18.18032,1
17:35:25,3.281,3.279504,11.37247607,18.19065511,1
17:35:27,3.281,3.279537,11.37915403,18.20089668,1
17:35:28,3.281,3.279554,11.38583198,18.21105033,1
17:35:28,3.281,3.279562,11.39250994,18.22124571,1
17:35:29,3.281,3.279567,11.39918789,18.23137701,1
17:35:31,3.281,3.27957,11.40586585,18.24156046,1
17:35:32,3.281,3.279572,11.4125438,18.25172901,1
17:35:33,3.281,3.279574,11.41922176,18.26189011,1
17:35:33,3.281,3.279575,11.42589971,18.27204674,1
17:35:35,3.281,3.279576,11.43257767,18.28216016,1
17:35:36,3.281,3.279577,11.43925563,18.29233468,1
17:35:37,3.281,3.279578,11.44593358,18.30249876,1
17:35:37,3.281,3.279579,11.45261154,18.31265688,1
17:35:39,3.281,3.27958,11.45928949,18.32281351,1
17:35:40,3.281,3.279581,11.46596745,18.33296865,1
17:35:41,3.281,3.279582,11.4726454,18.3431223,1
17:35:42,3.281,3.279583,11.47932336,18.35327595,1
17:35:43,3.281,3.279583,11.48600131,18.3634311,1
17:35:44,3.281,3.279585,11.49267927,18.37358,1
17:35:45,3.281,3.279586,11.49936,18.3837384,1
17:35:46,3.281,3.279587,11.50603518,18.39385,1
17:35:46,3.281,3.279587,11.51271313,18.40402484,1
17:35:48,3.282,3.279588,11.51939109,18.41665953,1
17:35:49,3.281,3.280075,11.52606905,18.42562109,1
17:35:50,3.282,3.279831,11.532747,18.4376508,1
17:35:50,3.281,3.280196,11.53942496,18.44631284,1
17:35:52,3.282,3.279893,11.54610291,18.45819503,1
17:35:53,3.282,3.280228,11.55278087,18.46925318,1
17:35:54,3.282,3.280395,11.55945882,18.47990155,1
17:35:55,3.282,3.280478,11.56613678,18.49029958,1
17:35:56,3.282,3.28052,11.57281473,18.50066334,1
17:35:57,3.282,3.280541,11.57949269,18.510966,1
17:35:58,3.282,3.280552,11.58617064,18.52123886,1
17:35:59,3.282,3.280558,11.5928486,18.53149682,1
17:36:00,3.282,3.280561,11.59952655,18.54174733,1
17:36:01,3.282,3.280564,11.60620451,18.55199337,1
17:36:02,3.282,3.280565,11.61288247,18.56219471,1
17:36:03,3.282,3.280567,11.61956042,18.57246011,1
17:36:04,3.282,3.280568,11.62623838,18.5827136,1
17:36:05,3.282,3.280569,11.63291633,18.59291792,1
17:36:06,3.282,3.28057,11.63959429,18.60318482,1
17:36:06,3.282,3.280571,11.64627224,18.6134398,1
17:36:08,3.282,3.280571,11.6529502,18.6236456,1
17:36:09,3.282,3.280573,11.65962815,18.6339125,1
17:36:10,3.282,3.280574,11.66630611,18.64416748,1
17:36:11,3.282,3.280575,11.67298406,18.6543718,1
17:36:12,3.282,3.280575,11.67966202,18.6646387,1
17:36:13,3.282,3.280576,11.68633997,18.67489368,1
17:36:14,3.282,3.280577,11.69301793,18.68509799,1
17:36:15,3.282,3.280578,11.69969589,18.69536489,1
17:36:16,3.282,3.280579,11.70637384,18.70561987,1
17:36:17,3.282,3.28058,11.71305,18.71586889,1
17:36:18,3.282,3.280581,11.71972975,18.72611493,1
17:36:19,3.282,3.280582,11.72640771,18.73635948,1
17:36:20,3.282,3.280583,11.73308566,18.74660254,1
17:36:21,3.282,3.280584,11.73976362,18.75680238,1
17:36:22,3.282,3.280585,11.74644157,18.7670663,1
17:36:23,3.282,3.280586,11.75311953,18.77731979,1
17:36:24,3.282,3.280587,11.75979748,18.7875241,1
17:36:25,3.282,3.280588,11.76647544,18.79778951,1
17:36:26,3.282,3.280589,11.77315339,18.80804449,1
17:36:27,3.282,3.28059,11.77983135,18.81824881,1
17:36:28,3.282,3.280591,11.78650931,18.82851571,1
17:36:29,3.282,3.280592,11.79318726,18.8387692,1
17:36:30,3.282,3.280593,11.79986522,18.84897351,1
17:36:31,3.282,3.280593,11.80654317,18.85924041,1
17:36:32,3.282,3.280594,11.81322113,18.8695,1
17:36:33,3.282,3.280596,11.81989908,18.8797,1
17:36:34,3.282,3.280596,11.82657704,18.88996661,1
17:36:35,3.282,3.280597,11.83325499,18.9002201,1
17:36:36,3.282,3.280598,11.83993295,18.91046762,1
17:36:37,3.282,3.280599,11.8466109,18.92071217,1
17:36:38,3.282,3.2806,11.85328886,18.93095523,1
17:36:39,3.282,3.280601,11.85996681,18.9411968,1
17:36:40,3.282,3.280602,11.86664477,18.95139515,1
17:36:41,3.282,3.280603,11.87332273,18.96165758,1
17:36:42,3.282,3.280604,11.88000068,18.97186488,1
17:36:43,3.282,3.280605,11.88667864,18.98213178,1
17:36:44,3.282,3.280606,11.89335659,18.99238527,1
17:36:45,3.282,3.280607,11.90003455,19.00258809,1
17:36:46,3.282,3.280608,11.9067125,19.0128535,1
17:36:47,3.282,3.280609,11.91339046,19.0231055,1
17:36:48,3.282,3.28061,11.92006841,19.03330833,1
17:36:49,3.282,3.280611,11.92675,19.04357225,1
17:36:50,3.282,3.280612,11.93342432,19.05382425,1
17:36:51,3.282,3.280613,11.94010228,19.06402558,1
17:36:52,3.282,3.280613,11.94678023,19.0742895,1
17:36:53,3.282,3.280614,11.95345819,19.08454001,1
17:36:54,3.282,3.280615,11.96013615,19.09474134,1
17:36:55,3.282,3.280616,11.9668141,19.10500377,1
17:36:56,3.282,3.280617,11.97349206,19.11525428,1
17:36:57,3.283,3.280618,11.98017001,19.12808269,1
17:36:58,3.283,3.281105,11.98684797,19.13965195,1
17:36:59,3.283,3.281347,11.99352592,19.15059835,1
17:37:00,3.284,3.281468,12.00020388,19.16381717,1
17:37:01,3.284,3.282013,12.00688183,19.17556524,1
17:37:02,3.284,3.282285,12.01355979,19.18670386,1
17:37:03,3.285,3.28242,12.02023774,19.19999272,1
17:37:04,3.285,3.282973,12.0269157,19.21195537,1
17:37:05,3.286,3.283248,12.03359365,19.22578663,1
17:37:06,3.286,3.283871,12.04027161,19.23799217,1
17:37:07,3.286,3.284181,12.04694957,19.24939,1
17:37:08,3.286,3.284335,12.05362752,19.26039159,1
17:37:09,3.286,3.284412,12.06030548,19.27119195,1
17:37:10,3.287,3.284451,12.06698343,19.28449422,1
17:37:11,3.287,3.284956,12.07366139,19.29648519,1
17:37:12,3.287,3.285208,12.08033934,19.30782497,1
17:37:13,3.287,3.285333,12.0870173,19.3188414,1
17:37:14,3.288,3.285396,12.09369525,19.33230162,1
17:37:15,3.288,3.285913,12.10037321,19.34441924,1
17:37:16,3.288,3.28617,12.10705116,19.35580969,1
17:37:17,3.288,3.286299,12.11372912,19.36689913,1
17:37:18,3.288,3.286363,12.12040707,19.37789023,1
17:37:19,3.288,3.286396,12.12708503,19.38877851,1
17:37:20,3.288,3.286412,12.13376299,19.39956546,1
17:37:21,3.288,3.286421,12.14044,19.41040307,1
17:37:22,3.288,3.286426,12.1471189,19.42121685,1
17:37:23,3.288,3.286428,12.15379685,19.43201721,1
17:37:24,3.288,3.286431,12.16047481,19.44281161,1
17:37:25,3.288,3.286432,12.16715276,19.45360303,1
17:37:26,3.288,3.286433,12.17383072,19.46439296,1
17:37:27,3.288,3.286434,12.18050867,19.4751814,1
17:37:28,3.288,3.286436,12.18718663,19.48596835,1
17:37:29,3.288,3.286436,12.19386458,19.49675679,1
17:37:30,3.288,3.286438,12.20054254,19.50754374,1
17:37:31,3.288,3.286438,12.20722049,19.51828152,1
17:37:32,3.288,3.286439,12.21389845,19.52904314,1
17:37:33,3.288,3.286441,12.22057641,19.53986734,1
17:37:34,3.288,3.286442,12.22725436,19.55062151,1
17:37:35,3.288,3.286443,12.23393232,19.56144124,1
17:37:36,3.288,3.286443,12.24061027,19.57224458,1
17:37:37,3.289,3.286444,12.24728823,19.58568543,1
17:37:38,3.288,3.286931,12.25396618,19.59519237,1
17:37:39,3.289,3.286688,12.26064414,19.607988,1
17:37:40,3.288,3.287052,12.26732209,19.61717308,1
17:37:41,3.288,3.286749,12.27400005,19.62712258,1
17:37:42,3.289,3.286599,12.280678,19.64019984,1
17:37:43,3.289,3.28701,12.28735596,19.65216845,1
17:37:44,3.289,3.287215,12.29403391,19.6635887,1
17:37:45,3.288,3.287317,12.30071187,19.67205852,1
17:37:46,3.289,3.286883,12.30738983,19.6843937,1
17:37:47,3.289,3.287153,12.31406778,19.69599426,1
17:37:48,3.289,3.287288,12.32074574,19.7071746,1
17:37:49,3.289,3.287355,12.32742369,19.71825808,1
17:37:50,3.289,3.287389,12.33410165,19.72923726,1
17:37:51,3.289,3.287407,12.3407796,19.74011213,1
17:37:52,3.289,3.287416,12.34745756,19.75104064,1
17:37:53,3.289,3.287421,12.35414,19.76194,1
17:37:54,3.289,3.287424,12.36081347,19.77283359,1
17:37:55,3.289,3.287426,12.36749142,19.78366524,1
17:37:56,3.289,3.287427,12.37416938,19.79451925,1
17:37:57,3.289,3.287429,12.38084733,19.80543435,1
17:37:58,3.289,3.28743,12.38752529,19.81627792,1
17:37:59,3.289,3.287431,12.39420325,19.82718855,1
17:38:00,3.289,3.287432,12.4008812,19.83803064,1
17:38:01,3.289,3.287433,12.40755916,19.84894127,1
17:38:02,3.289,3.287434,12.41423711,19.85978186,1
17:38:03,3.289,3.287435,12.42091507,19.87063885,1
17:38:04,3.289,3.287436,12.42759302,19.88155544,1
17:38:05,3.289,3.287437,12.43427098,19.89245117,1
17:38:06,3.289,3.287438,12.44094893,19.90328431,1
17:38:07,3.289,3.287439,12.44762689,19.91413832,1
17:38:08,3.289,3.28744,12.45430484,19.92505193,1
17:38:09,3.289,3.287441,12.4609828,19.93589,1
17:38:10,3.289,3.287442,12.46766075,19.94680315,1
17:38:11,3.289,3.287443,12.47433871,19.95764226,1
17:38:12,3.289,3.287444,12.48101667,19.96849775,1
17:38:13,3.289,3.287445,12.48769462,19.97941285,1
17:38:14,3.289,3.287446,12.49437258,19.99030709,1
17:38:15,3.289,3.287447,12.50105053,20.00118941,1
17:38:16,3.289,3.287448,12.50772774,20.01206726,1
17:38:17,3.289,3.287449,12.51440495,20.02294213,1
17:38:18,3.289,3.28745,12.52108216,20.0338155,1
17:38:19,3.289,3.287451,12.52775937,20.04468739,1
17:38:20,3.289,3.287452,12.53443658,20.05555779,1
17:38:21,3.289,3.287453,12.54111379,20.06642818,1
17:38:22,3.289,3.287454,12.547791,20.07724643,1
17:38:23,3.289,3.287455,12.55446821,20.08814216,1
17:38:24,3.289,3.287456,12.56114542,20.09902447,1
17:38:25,3.289,3.287457,12.56782264,20.10989934,1
17:38:26,3.289,3.287458,12.57449985,20.12077123,1
17:38:27,3.289,3.287459,12.58117706,20.13158947,1
17:38:28,3.289,3.28746,12.58785427,20.14248371,1
17:38:29,3.289,3.287461,12.59453148,20.15336454,1
17:38:30,3.289,3.287462,12.60121,20.16418576,1
17:38:31,3.289,3.287463,12.6078859,20.17502934,1
17:38:32,3.289,3.287464,12.61456311,20.18588334,1
17:38:33,3.289,3.287465,12.62124032,20.19679397,1
17:38:34,3.289,3.287466,12.62791753,20.20768225,1
17:38:35,3.289,3.287467,12.63459474,20.21855861,1
17:38:36,3.289,3.287468,12.64127195,20.22942901,1
17:38:37,3.289,3.287469,12.64794916,20.24029791,1
17:38:38,3.289,3.28747,12.65462637,20.25111318,1
17:38:39,3.289,3.287471,12.66130358,20.262,1
17:38:40,3.289,3.287472,12.66798079,20.2728793,1
17:38:41,3.289,3.287473,12.674658,20.28369755,1
17:38:42,3.289,3.287474,12.68133521,20.2945888,1
17:38:43,3.289,3.287475,12.68801242,20.30546516,1
17:38:44,3.289,3.287476,12.69468963,20.31633407,1
17:38:45,3.289,3.287477,12.70136684,20.3272,1
17:38:46,3.289,3.287478,12.70804,20.33806294,1
17:38:47,3.289,3.287479,12.71472126,20.34887373,1
17:38:48,3.289,3.28748,12.72139847,20.35976052,1
17:38:49,3.289,3.287481,12.72807568,20.3706339,1
17:38:50,3.289,3.287482,12.73475289,20.38149983,1
17:38:51,3.289,3.287483,12.7414301,20.39236128,1
17:38:52,3.289,3.287484,12.74810731,20.40322125,1
17:38:53,3.289,3.287485,12.75478452,20.41408122,1
17:38:54,3.289,3.287486,12.76146173,20.42488754,1
17:38:55,3.289,3.287487,12.76813895,20.43577135,1
17:38:56,3.289,3.287488,12.77481616,20.44664174,1
17:38:57,3.289,3.287489,12.78149337,20.45750469,1
17:38:58,3.289,3.28749,12.78817058,20.4683125,1
17:38:59,3.29,3.287491,12.79484779,20.48198432,1
17:39:00,3.29,3.287978,12.801525,20.49428523,1
17:39:01,3.29,3.288219,12.80820221,20.50585002,1
17:39:02,3.29,3.28834,12.81488,20.51717043,1
17:39:03,3.29,3.2884,12.82155663,20.52825689,1
17:39:04,3.291,3.28843,12.82823384,20.54214031,1
17:39:05,3.291,3.28893,12.83491105,20.55460364,1
17:39:06,3.291,3.289179,12.84158826,20.56637,1
17:39:07,3.292,3.289303,12.84826547,20.58057934,1
17:39:08,3.292,3.28985,12.85494268,20.59319168,1
17:39:09,3.293,3.290122,12.86161989,20.60796767,1
17:39:10,3.293,3.290742,12.8682971,20.62098384,1
17:39:11,3.293,3.29105,12.87497431,20.63313127,1
17:39:12,3.294,3.291203,12.88165152,20.64765841,1
17:39:13,3.294,3.291765,12.88832873,20.66061199,1
17:39:14,3.295,3.292045,12.89500594,20.6755951,1
17:39:15,3.295,3.292669,12.90168315,20.68883181,1
17:39:16,3.295,3.292979,12.90836036,20.70120126,1
17:39:17,3.295,3.293133,12.91503757,20.71314156,1
17:39:18,3.296,3.29321,12.92171,20.72769254,1
17:39:19,3.296,3.293733,12.92839199,20.74077129,1
17:39:20,3.296,3.293993,12.9350692,20.75312138,1
17:39:21,3.296,3.294123,12.94174641,20.76511085,1
17:39:22,3.296,3.294187,12.94842362,20.776923,1
17:39:23,3.296,3.294219,12.95510083,20.78864872,1
17:39:24,3.296,3.294236,12.96177804,20.80033273,1
17:39:25,3.296,3.294244,12.96845526,20.81199884,1
17:39:26,3.296,3.294248,12.97513247,20.823659,1
17:39:27,3.296,3.29425,12.98180968,20.83531618,1
17:39:28,3.296,3.294252,12.98848689,20.84691226,1
17:39:29,3.296,3.294253,12.9951641,20.85860223,1
17:39:30,3.296,3.294253,13.00184131,20.87028027,1
17:39:31,3.296,3.294254,13.00851852,20.88195384,1
17:39:32,3.296,3.294254,13.01519573,20.89362741,1
17:39:33,3.296,3.294255,13.02187294,20.90530246,1
17:39:34,3.296,3.294255,13.02855,20.9169805,1
17:39:35,3.296,3.294255,13.03522736,20.92866153,1
17:39:36,3.296,3.294256,13.04190457,20.94034553,1
17:39:37,3.296,3.294256,13.04858178,20.95203251,1
17:39:38,3.296,3.294256,13.05525899,20.96366286,1
17:39:39,3.296,3.294257,13.0619362,20.9753871,1
17:39:40,3.296,3.294257,13.06861341,20.98703831,1
17:39:41,3.296,3.294258,13.07529062,20.99877745,1
17:39:42,3.296,3.294258,13.08196783,21.01050019,1
17:39:43,3.296,3.294259,13.08864504,21.02215588,1
17:39:44,3.297,3.294259,13.09532225,21.03672,1
17:39:45,3.296,3.294744,13.10199946,21.04706615,1
17:39:46,3.296,3.294501,13.10867667,21.05810791,1
17:39:47,3.296,3.29438,13.11535388,21.06943876,1
17:39:48,3.296,3.29432,13.12203109,21.08102739,1
17:39:49,3.297,3.294291,13.1287083,21.09560668,1
17:39:50,3.296,3.294761,13.13539,21.10589296,1
17:39:51,3.296,3.29451,13.14206272,21.11691236,1
17:39:52,3.297,3.294385,13.14873993,21.1312145,1
17:39:53,3.297,3.294809,13.15541714,21.1442858,1
17:39:54,3.297,3.29502,13.16209435,21.15695924,1
17:39:55,3.297,3.295125,13.16877156,21.16955668,1
17:39:56,3.297,3.295177,13.17544878,21.18204981,1
17:39:57,3.297,3.295203,13.18212599,21.19455934,1
17:39:58,3.297,3.295216,13.1888032,21.20702267,1
17:39:59,3.297,3.295223,13.19548041,21.21953219,1
17:40:00,3.297,3.295226,13.20215762,21.23207301,1
17:40:01,3.297,3.295228,13.20883483,21.24457,1
17:40:02,3.297,3.29523,13.21551204,21.25712186,1
17:40:03,3.297,3.295231,13.22218925,21.26963735,1
17:40:04,3.297,3.295233,13.22886646,21.28220499,1
17:40:05,3.297,3.295233,13.23554367,21.29480839,1
17:40:06,3.297,3.295234,13.24222,21.30743563,1
17:40:07,3.297,3.295234,13.24889809,21.32002115,1
17:40:08,3.297,3.295234,13.2555753,21.33265585,1
17:40:09,3.297,3.295235,13.26225251,21.34525925,1
17:40:10,3.297,3.295235,13.26892972,21.35773,1
17:40:11,3.297,3.295236,13.27560693,21.3700071,1
17:40:12,3.297,3.295236,13.28228414,21.38219476,1
17:40:13,3.297,3.295237,13.28896135,21.39433771,1
17:40:14,3.297,3.295237,13.29563856,21.4064613,1
17:40:15,3.297,3.295237,13.30231577,21.41857743,1
17:40:16,3.297,3.295238,13.30899298,21.43069208,1
17:40:17,3.297,3.295238,13.31567019,21.44280672,1
17:40:18,3.297,3.295239,13.3223474,21.45492285,1
17:40:19,3.297,3.295239,13.32902461,21.46704197,1
17:40:20,3.297,3.295239,13.33570182,21.47916555,1
17:40:21,3.297,3.29524,13.34237903,21.49122804,1
17:40:22,3.297,3.295241,13.34906,21.50338739,1
17:40:23,3.297,3.295241,13.35573345,21.51553631,1
17:40:24,3.297,3.295241,13.36241066,21.52768075,1
17:40:25,3.297,3.295242,13.36908787,21.5398252,1
17:40:26,3.297,3.295243,13.37576509,21.55190706,1
17:40:27,3.297,3.295243,13.3824423,21.56408578,1
17:40:28,3.297,3.295243,13.38911951,21.57625258,1
17:40:29,3.297,3.295244,13.39579672,21.58841491,1
17:40:30,3.297,3.295244,13.40247393,21.60057724,1
17:40:31,3.297,3.295245,13.40915114,21.61274,1
17:40:32,3.297,3.295245,13.41582835,21.62490636,1
17:40:33,3.297,3.295245,13.42250556,21.63707614,1
17:40:34,3.297,3.295246,13.42918277,21.6492489,1
17:40:35,3.297,3.295246,13.43585998,21.66142,1
17:40:36,3.297,3.295247,13.44253719,21.67360336,1
17:40:37,3.297,3.295247,13.4492144,21.68578655,1
17:40:38,3.297,3.295248,13.45589,21.69797271,1
17:40:39,3.297,3.295248,13.46256882,21.71016186,1
17:40:40,3.297,3.295249,13.46924603,21.72235548,1
17:40:41,3.297,3.295249,13.47592324,21.73455209,1
17:40:42,3.297,3.295249,13.48260045,21.74675316,1
17:40:43,3.297,3.29525,13.48927766,21.7589587,1
17:40:44,3.297,3.29525,13.49595487,21.77116573,1
17:40:45,3.297,3.295251,13.50263208,21.78337723,1
17:40:46,3.297,3.295251,13.50930929,21.79559171,1
17:40:47,3.297,3.295252,13.5159865,21.80781066,1
17:40:48,3.297,3.295252,13.52266371,21.8200326,1
17:40:49,3.297,3.295253,13.52934092,21.832259,1
17:40:50,3.297,3.295253,13.53601813,21.84442431,1
17:40:51,3.297,3.295254,13.54269534,21.85668796,1
17:40:52,3.297,3.295254,13.54937255,21.8689397,1
17:40:53,3.297,3.295255,13.55604976,21.88118696,1
17:40:54,3.297,3.295255,13.56273,21.89343423,1
17:40:55,3.297,3.295255,13.56940418,21.90568298,1
17:40:56,3.297,3.295256,13.5760814,21.91793323,1
17:40:57,3.297,3.295256,13.58275861,21.93018794,1
17:40:58,3.297,3.295257,13.58943582,21.94238156,1
17:40:59,3.297,3.295257,13.59611303,21.95467353,1
17:41:00,3.297,3.295258,13.60279024,21.96695358,1
17:41:01,3.297,3.295258,13.60946745,21.97922915,1
17:41:02,3.297,3.295259,13.61614466,21.99150324,1
17:41:03,3.297,3.295259,13.62282187,22.00378031,1
17:41:04,3.297,3.295259,13.62949908,22.01606035,1
17:41:05,3.297,3.29526,13.63617629,22.02834189,1
17:41:06,3.297,3.295261,13.6428535,22.04062641,1
17:41:07,3.297,3.295261,13.64953071,22.05291539,1
17:41:08,3.297,3.295261,13.65620792,22.06520736,1
17:41:09,3.297,3.295262,13.66288513,22.07743824,1
17:41:10,3.297,3.295263,13.66956,22.08977,1
17:41:11,3.298,3.295263,13.67623955,22.10533023,1
17:41:12,3.298,3.295748,13.68291676,22.11931646,1
17:41:13,3.298,3.295989,13.68959397,22.13252187,1
17:41:14,3.299,3.296108,13.69627118,22.14858979,1
17:41:15,3.299,3.296653,13.70294839,22.16289639,1
17:41:16,3.299,3.296923,13.7096256,22.1763283,1
17:41:17,3.3,3.297058,13.71630281,22.19258547,1
17:41:18,3.3,3.297609,13.72298002,22.2070545,1
17:41:19,3.3,3.297883,13.72965723,22.22063839,1
17:41:20,3.301,3.298019,13.73633444,22.23694026,1
17:41:21,3.301,3.298572,13.74301165,22.25160003,1
17:41:22,3.301,3.298846,13.74968886,22.26534337,1
17:41:23,3.302,3.298983,13.75636607,22.28191644,1
17:41:24,3.302,3.299535,13.76304328,22.29658961,1
17:41:25,3.302,3.299809,13.76972049,22.31049687,1
17:41:26,3.302,3.299946,13.7764,22.32394069,1
17:41:27,3.303,3.300014,13.78307492,22.34044969,1
17:41:28,3.302,3.300532,13.78975213,22.35196084,1
17:41:29,3.303,3.300305,13.79642934,22.36741781,1
17:41:30,3.303,3.300677,13.80310655,22.38179743,1
17:41:31,3.303,3.300862,13.80978376,22.3955512,1
17:41:32,3.303,3.300954,13.81646097,22.40892202,1
17:41:33,3.303,3.301,13.82313818,22.42225409,1
17:41:34,3.303,3.301022,13.82981539,22.43549675,1
17:41:35,3.303,3.301034,13.8364926,22.4486962,1
17:41:36,3.303,3.30104,13.84316981,22.46187627,1
17:41:37,3.303,3.301043,13.84984702,22.47505039,1
17:41:38,3.303,3.301045,13.85652423,22.48822153,1
17:41:39,3.303,3.301046,13.86320144,22.50139564,1
17:41:40,3.303,3.301047,13.86987865,22.51457125,1
17:41:41,3.303,3.301047,13.87655586,22.52775282,1
17:41:42,3.303,3.301048,13.88323,22.54093736,1
17:41:43,3.303,3.301049,13.88991028,22.55412638,1
17:41:44,3.303,3.301049,13.89658749,22.56732,1
17:41:45,3.303,3.301049,13.9032647,22.58051783,1
17:41:46,3.303,3.30105,13.90994191,22.59372026,1
17:41:47,3.303,3.30105,13.91661912,22.60692716,1
17:41:48,3.303,3.30105,13.92329633,22.62013853,1
17:41:49,3.303,3.301051,13.92997354,22.63335437,1
17:41:50,3.303,3.301051,13.93665075,22.64657468,1
17:41:51,3.303,3.301052,13.94332796,22.65979946,1
17:41:52,3.303,3.301052,13.95000517,22.67302871,1
17:41:53,3.303,3.301053,13.95668238,22.68626243,1
17:41:54,3.303,3.301053,13.96335959,22.69950211,1
17:41:55,3.303,3.301054,13.9700368,22.71274477,1
17:41:56,3.303,3.301054,13.97671402,22.7259919,1
17:41:57,3.303,3.301054,13.98339123,22.73924351,1
17:41:58,3.303,3.301054,13.99007,22.75250107,1
17:41:59,3.304,3.301055,13.99674565,22.76914865,1
17:42:00,3.303,3.30154,14.00342286,22.78077155,1
17:42:01,3.303,3.301296,14.01010007,22.79316187,1
17:42:02,3.303,3.301176,14.01677728,22.80606478,1
17:42:03,3.303,3.301116,14.02345449,22.81915992,1
17:42:04,3.303,3.301087,14.0301317,22.83235192,1
17:42:05,3.303,3.301072,14.03680891,22.84559458,1
17:42:06,3.303,3.301065,14.04348612,22.85886407,1
17:42:07,3.304,3.301062,14.05016333,22.87556082,1
17:42:08,3.303,3.301545,14.05684054,22.8872031,1
17:42:09,3.303,3.301301,14.06351775,22.8996858,1
17:42:10,3.304,3.301179,14.07019496,22.91600853,1
17:42:11,3.304,3.301604,14.07687217,22.93088585,1
17:42:12,3.304,3.301815,14.08354938,22.94504941,1
17:42:13,3.304,3.30192,14.09022659,22.9588598,1
17:42:14,3.304,3.301972,14.0969,22.97249734,1
17:42:15,3.304,3.301998,14.10358101,22.98605144,1
17:42:16,3.304,3.302011,14.11025822,22.99956828,1
17:42:17,3.304,3.302018,14.11693543,23.01307,1
17:42:18,3.304,3.302021,14.12361264,23.02656025,1
17:42:19,3.303,3.302024,14.13028985,23.03660214,1
17:42:20,3.304,3.30154,14.13696706,23.05176556,1
17:42:21,3.304,3.301785,14.14364427,23.06609303,1
17:42:22,3.304,3.301907,14.15032148,23.08000624,1
17:42:23,3.304,3.301967,14.15699869,23.09371531,1
17:42:24,3.304,3.301998,14.1636759,23.10732603,1
17:42:25,3.304,3.302013,14.17035311,23.12081456,1
17:42:26,3.304,3.302021,14.17703032,23.13439548,1
17:42:27,3.304,3.302024,14.18370754,23.14787507,1
17:42:28,3.304,3.302027,14.19038475,23.1614545,1
17:42:29,3.304,3.302028,14.19706196,23.17501307,1
17:42:30,3.304,3.302029,14.20374,23.18848819,1
17:42:31,3.304,3.30203,14.21041638,23.20207357,1
17:42:32,3.304,3.30203,14.21709359,23.21564108,1
17:42:33,3.304,3.302031,14.2237708,23.22920263,1
17:42:34,3.304,3.302031,14.23044801,23.24276417,1
17:42:35,3.304,3.302032,14.23712522,23.2563287,1
17:42:36,3.304,3.302032,14.24380243,23.26989621,1
17:42:37,3.304,3.302033,14.25047964,23.2834667,1
17:42:38,3.304,3.302033,14.25715685,23.29704165,1
17:42:39,3.304,3.302033,14.26383406,23.31054658,1
17:42:40,3.304,3.302034,14.27051127,23.32416624,1
17:42:41,3.304,3.302034,14.27718848,23.33777249,1
17:42:42,3.304,3.302035,14.28386569,23.35137427,1
17:42:43,3.304,3.302035,14.2905429,23.36497754,1
17:42:44,3.304,3.302036,14.29722011,23.3785823,1
17:42:45,3.304,3.302036,14.30389732,23.39219004,1
17:42:46,3.304,3.302037,14.31057,23.40580225,1
17:42:48,3.304,3.302037,14.31725174,23.41934443,1
17:42:50,3.304,3.302037,14.32392895,23.43292534,1
17:42:50,3.304,3.302037,14.33060616,23.4466061,1
17:42:51,3.304,3.302038,14.33728337,23.46026301,1
17:42:51,3.304,3.302038,14.34396058,23.47391099,1
17:42:52,3.304,3.302039,14.35063779,23.48755598,1
17:42:53,3.304,3.302039,14.357315,23.50120395,1
17:42:54,3.304,3.30204,14.36399221,23.51477742,1
17:42:55,3.304,3.30204,14.37066942,23.52846712,1
17:42:56,3.304,3.302041,14.37734663,23.54206741,1
17:42:57,3.304,3.302041,14.38402385,23.55577499,1
17:42:58,3.304,3.302042,14.39070106,23.56946319,1
17:42:59,3.304,3.302042,14.39737827,23.58314544,1
17:43:00,3.304,3.302042,14.40405548,23.5968262,1
17:43:01,3.304,3.302043,14.41073269,23.61050993,1
17:43:02,3.304,3.302043,14.41741,23.62412065,1
17:43:03,3.304,3.302044,14.42408711,23.6378476,1
17:43:04,3.304,3.302044,14.43076432,23.65156114,1
17:43:05,3.304,3.302045,14.43744153,23.66526872,1
17:43:06,3.304,3.302045,14.44411874,23.6789763,1
17:43:07,3.304,3.302046,14.45079595,23.69268686,1
17:43:08,3.304,3.302046,14.45747316,23.70640039,1
17:43:09,3.304,3.302046,14.46415037,23.7201184,1
17:43:10,3.304,3.302047,14.47082758,23.73383939,1
17:43:11,3.304,3.302047,14.47750479,23.74756634,1
17:43:12,3.304,3.302048,14.484182,23.76129627,1
17:43:13,3.304,3.302048,14.49085921,23.77503216,1
17:43:14,3.304,3.302049,14.49753642,23.78877252,1
17:43:15,3.304,3.302049,14.50421363,23.80251735,1
17:43:16,3.304,3.30205,14.51089084,23.81626666,1
17:43:17,3.304,3.30205,14.51756805,23.83002043,1
17:43:18,3.304,3.302051,14.52425,23.84377867,1
17:43:19,3.304,3.302051,14.53092247,23.85754138,1
17:43:20,3.304,3.302051,14.53759968,23.87123257,1
17:43:21,3.304,3.302052,14.54427689,23.88504148,1
17:43:22,3.304,3.302052,14.5509541,23.89883548,1
17:43:23,3.304,3.302053,14.55763131,23.91262501,1
17:43:24,3.304,3.302053,14.56430852,23.92641455,1
17:43:25,3.304,3.302054,14.57098573,23.94020706,1
17:43:26,3.304,3.302054,14.57766294,23.95400256,1
17:43:27,3.304,3.302054,14.58434016,23.96780252,1
17:43:28,3.304,3.302055,14.59101737,23.98160547,1
17:43:29,3.304,3.302055,14.59769458,23.99541438,1
17:43:30,3.304,3.302056,14.60437179,24.00923,1
17:43:31,3.304,3.302057,14.611049,24.02304411,1
17:43:32,3.304,3.302057,14.61772621,24.03686643,1
17:43:33,3.304,3.302057,14.62440342,24.05069321,1
17:43:34,3.304,3.302058,14.63108,24.06444848,1
17:43:35,3.304,3.302058,14.63775784,24.07831997,1
17:43:36,3.304,3.302059,14.64443505,24.09217805,1
17:43:37,3.304,3.302059,14.65111226,24.10603166,1
17:43:38,3.304,3.30206,14.65778947,24.11988527,1
17:43:39,3.304,3.30206,14.66446668,24.13374037,1
17:43:40,3.304,3.30206,14.67114389,24.14759994,1
17:43:41,3.304,3.302061,14.6778211,24.16146249,1
17:43:42,3.304,3.302061,14.68449831,24.17532951,1
17:43:43,3.304,3.302062,14.69117552,24.189201,1
17:43:44,3.304,3.302062,14.69785273,24.20307696,1
17:43:45,3.304,3.302063,14.70452994,24.2169559,1
17:43:46,3.304,3.302063,14.71120715,24.23083931,1
17:43:47,3.304,3.302064,14.71788436,24.24472868,1
17:43:48,3.304,3.302064,14.72456157,24.25862253,1
17:43:49,3.304,3.302065,14.73123878,24.27252084,1
17:43:50,3.304,3.302065,14.73792,24.28642213,1
17:43:51,3.305,3.302066,14.7445932,24.30406511,1
17:43:52,3.305,3.302549,14.75127041,24.31990951,1
17:43:53,3.305,3.302789,14.75794762,24.33486283,1
17:43:54,3.305,3.302909,14.76462483,24.34937656,1
17:43:55,3.305,3.302968,14.77130204,24.36367422,1
17:43:56,3.305,3.302998,14.77797925,24.37786758,1
17:43:57,3.306,3.303013,14.78465647,24.39576983,1
17:43:58,3.306,3.303504,14.79133368,24.41183478,1
17:43:59,3.306,3.303747,14.79801089,24.42699224,1
17:44:00,3.306,3.303869,14.8046881,24.44170117,1
17:44:01,3.306,3.303929,14.81136531,24.45618808,1
17:44:02,3.307,3.303959,14.81804252,24.47434366,1
17:44:03,3.307,3.304457,14.82471973,24.49062765,1
17:44:04,3.307,3.304705,14.83139694,24.50598478,1
17:44:05,3.307,3.304827,14.83807415,24.52088594,1
17:44:06,3.307,3.304888,14.84475,24.5355621,1
17:44:07,3.307,3.304919,14.85142857,24.55012947,1
17:44:08,3.307,3.304935,14.85810578,24.56464469,1
17:44:09,3.308,3.304942,14.86478299,24.58294034,1
17:44:10,3.308,3.30543,14.8714602,24.59928989,1
17:44:11,3.308,3.305672,14.87813741,24.61487353,1
17:44:12,3.308,3.305792,14.88481462,24.62998629,1
17:44:13,3.309,3.305852,14.89149183,24.64868128,1
17:44:14,3.309,3.306365,14.89816904,24.66542274,1
17:44:15,3.309,3.306619,14.90484625,24.6811986,1
17:44:16,3.309,3.306745,14.91152346,24.69649911,1
17:44:17,3.309,3.306808,14.91820067,24.71156567,1
17:44:18,3.31,3.30684,14.92487788,24.73035008,1
17:44:19,3.31,3.307339,14.93155509,24.74723309,1
17:44:20,3.31,3.307586,14.9382323,24.76317585,1
17:44:21,3.31,3.307709,14.94490951,24.77865666,1
17:44:22,3.31,3.30777,14.95159,24.79390949,1
17:44:23,3.31,3.307801,14.95826393,24.80905205,1
17:44:24,3.31,3.307816,14.96494114,24.82414395,1
17:44:25,3.31,3.307824,14.97161835,24.83921349,1
17:44:26,3.31,3.307828,14.97829556,24.85427409,1
17:44:27,3.31,3.30783,14.98497277,24.8693347,1
17:44:28,3.31,3.307831,14.99164999,24.88439679,1
17:44:29,3.31,3.307832,14.9983272,24.89937693,1
17:44:30,3.31,3.307832,15.00500441,24.91449267,1
17:44:31,3.31,3.307833,15.01168162,24.92959052,1
17:44:32,3.31,3.307833,15.01835883,24.9446854,1
17:44:33,3.31,3.307834,15.02503604,24.95978028,1
17:44:34,3.31,3.307835,15.03171325,24.97487664,1
17:44:35,3.31,3.307835,15.03839046,24.98997748,1
17:44:36,3.31,3.307835,15.04506767,25.00508428,1
17:44:37,3.31,3.307836,15.05174488,25.02020001,1
17:44:38,3.31,3.307836,15.05842,25.03532171,1
17:44:39,3.31,3.307836,15.0650993,25.05045,1
17:44:40,3.31,3.307837,15.07177651,25.06558299,1
17:44:41,3.31,3.307837,15.07845372,25.08071959,1
17:44:42,3.31,3.307838,15.08513093,25.09586215,1
17:44:43,3.31,3.307837,15.09180814,25.11101663,1
17:44:44,3.31,3.307838,15.09848535,25.12617409,1
17:44:45,3.31,3.307839,15.10516256,25.14133751,1
17:44:46,3.31,3.307839,15.11183977,25.15650392,1
17:44:47,3.31,3.30784,15.11851698,25.17167628,1
17:44:48,3.31,3.30784,15.12519419,25.18685758,1
17:44:49,3.31,3.30784,15.1318714,25.20195544,1
17:44:50,3.31,3.307841,15.13854861,25.21719038,1
17:44:51,3.31,3.307841,15.14522582,25.23240745,1
17:44:52,3.31,3.307841,15.15190303,25.24762,1
17:44:53,3.31,3.307842,15.15858024,25.26283562,1
17:44:54,3.311,3.307842,15.16526,25.28201342,1
17:44:55,3.31,3.308326,15.17193466,25.29532313,1
17:44:56,3.311,3.308083,15.17861187,25.31357,1
17:44:57,3.311,3.308445,15.18528908,25.33028424,1
17:44:58,3.311,3.308625,15.1919663,25.34644306,1
17:44:59,3.311,3.308715,15.19864351,25.36222935,1
17:45:00,3.31,3.308759,15.20532072,25.37384927,1
17:45:01,3.31,3.308298,15.21199793,25.387308,1
17:45:02,3.311,3.30807,15.21867514,25.40555,1
17:45:03,3.311,3.30844,15.22535235,25.42238832,1
17:45:04,3.311,3.308624,15.23202956,25.4386276,1
17:45:05,3.311,3.308715,15.23870677,25.45447,1
17:45:06,3.31,3.308761,15.24538398,25.46611726,1
17:45:07,3.31,3.3083,15.25206119,25.47960579,1
17:45:08,3.311,3.308072,15.2587384,25.49802065,1
17:45:09,3.311,3.308442,15.26541561,25.51496029,1
17:45:10,3.311,3.308626,15.27209,25.53116977,1
17:45:11,3.311,3.308717,15.27877003,25.54702163,1
17:45:12,3.31,3.308763,15.28544724,25.55867434,1
17:45:13,3.311,3.308302,15.29212445,25.576213,1
17:45:14,3.311,3.308558,15.29880166,25.59273243,1
17:45:15,3.311,3.308684,15.30547887,25.60875118,1
17:45:16,3.311,3.308747,15.31215608,25.62452257,1
17:45:17,3.311,3.308779,15.31883329,25.64017475,1
17:45:18,3.311,3.308794,15.3255105,25.65577328,1
17:45:19,3.311,3.308802,15.33218771,25.67134798,1
17:45:20,3.311,3.308806,15.33886492,25.68682432,1
17:45:21,3.311,3.308809,15.34554213,25.70243,1
17:45:22,3.311,3.30881,15.35221934,25.71801841,1
17:45:23,3.311,3.308811,15.35889655,25.73350966,1
17:45:24,3.311,3.308811,15.36557376,25.74913502,1
17:45:25,3.311,3.308812,15.37225097,25.76473951,1
17:45:26,3.311,3.308812,15.37893,25.78033805,1
17:45:27,3.311,3.308813,15.38560539,25.79594,1
17:45:28,3.311,3.308813,15.39228261,25.8115381,1
17:45:29,3.311,3.308814,15.39895982,25.82714558,1
17:45:30,3.311,3.308814,15.40563703,25.84275901,1
17:45:31,3.311,3.308815,15.41231424,25.858289,1
17:45:32,3.311,3.308815,15.41899145,25.87395608,1
17:45:33,3.311,3.308815,15.42566866,25.88960826,1
17:45:34,3.311,3.308816,15.43234587,25.90525448,1
17:45:35,3.311,3.308816,15.43902308,25.92090368,1
17:45:36,3.311,3.308816,15.44570029,25.93656,1
17:45:37,3.311,3.308817,15.4523775,25.952214,1
17:45:38,3.311,3.308817,15.45905471,25.9678781,1
17:45:39,3.311,3.308818,15.46573192,25.98354518,1
17:45:40,3.311,3.308818,15.47240913,25.99922121,1
17:45:41,3.311,3.308819,15.47908634,26.01490319,1
17:45:42,3.311,3.308819,15.48576,26.03059113,1
17:45:43,3.311,3.308819,15.49244076,26.04628503,1
17:45:44,3.311,3.30882,15.49911797,26.06189549,1
17:45:45,3.311,3.30882,15.50579518,26.07756,1
17:45:46,3.311,3.30882,15.51247239,26.09333396,1
17:45:47,3.311,3.308821,15.5191496,26.10908449,1
17:45:48,3.311,3.308821,15.52582681,26.12482607,1
17:45:49,3.311,3.308822,15.53250402,26.14056468,1
17:45:50,3.311,3.308822,15.53918123,26.15630627,1
17:45:51,3.311,3.308823,15.54585844,26.17196143,1
17:45:52,3.311,3.308823,15.55253565,26.18775666,1
17:45:53,3.311,3.308823,15.55921286,26.20353401,1
17:45:54,3.311,3.308824,15.56589007,26.21930838,1
17:45:55,3.311,3.308825,15.57256728,26.23499334,1
17:45:56,3.311,3.308825,15.57924449,26.25081539,1
17:45:57,3.311,3.308825,15.5859217,26.26661956,1
17:45:58,3.311,3.308825,15.5926,26.28241777,1
17:45:59,3.311,3.308826,15.59927613,26.29821599,1
17:46:00,3.311,3.308826,15.60595334,26.31402,1
17:46:01,3.311,3.308827,15.61263055,26.32982731,1
17:46:02,3.311,3.308827,15.61930776,26.34564042,1
17:46:03,3.311,3.308828,15.62598497,26.36145949,1
17:46:04,3.311,3.308828,15.63266218,26.37719512,1
17:46:05,3.311,3.308829,15.63933939,26.39306784,1
17:46:06,3.311,3.308829,15.6460166,26.40892565,1
17:46:07,3.311,3.308829,15.65269381,26.42478049,1
17:46:08,3.311,3.30883,15.65937102,26.44063532,1
17:46:09,3.311,3.30883,15.66604823,26.45649314,1
17:46:10,3.311,3.30883,15.67272544,26.47235692,1
17:46:11,3.311,3.308831,15.67940265,26.48822665,1
17:46:12,3.311,3.308831,15.68607986,26.50410235,1
17:46:13,3.311,3.308832,15.69275707,26.51998401,1
17:46:14,3.311,3.308832,15.69943,26.53587162,1
17:46:15,3.311,3.308833,15.70611149,26.5517652,1
17:46:16,3.311,3.308833,15.7127887,26.56766474,1
17:46:17,3.311,3.308834,15.71946591,26.58357024,1
17:46:18,3.311,3.308834,15.72614312,26.5994817,1
17:46:19,3.311,3.308835,15.73282033,26.61539912,1
17:46:20,3.311,3.308835,15.73949754,26.6313225,1
17:46:21,3.311,3.308835,15.74617475,26.64725482,1
17:46:22,3.311,3.308836,15.75285196,26.66319311,1
17:46:23,3.311,3.308836,15.75952917,26.67904794,1
17:46:24,3.311,3.308837,15.76620638,26.69503987,1
17:46:25,3.311,3.308837,15.77288359,26.71101689,1
17:46:26,3.311,3.308837,15.7795608,26.72699094,1
17:46:27,3.311,3.308838,15.78623801,26.742962,1
17:46:28,3.311,3.308838,15.79291523,26.75893903,1
17:46:29,3.311,3.308839,15.79959244,26.77492201,1
17:46:30,3.311,3.308839,15.80627,26.79090798,1
17:46:31,3.311,3.30884,15.81294686,26.8068105,1
17:46:32,3.311,3.30884,15.81962407,26.82285,1
17:46:33,3.311,3.30884,15.82630128,26.83879137,1
17:46:34,3.311,3.308841,15.83297849,26.8548578,1
17:46:35,3.311,3.308841,15.8396557,26.87090337,1
17:46:36,3.311,3.308842,15.84633291,26.88694,1
17:46:37,3.311,3.308842,15.85301012,26.90288723,1
17:46:38,3.311,3.308843,15.85968733,26.91896856,1
17:46:39,3.312,3.308843,15.86636454,26.93938315,1
17:46:40,3.312,3.309325,15.87304175,26.95758641,1
17:46:41,3.312,3.309564,15.87971896,26.97492,1
17:46:42,3.312,3.309682,15.88639617,26.99171007,1
17:46:43,3.312,3.309741,15.89307338,27.00824142,1
17:46:44,3.312,3.309771,15.89975059,27.02456,1
17:46:45,3.313,3.309786,15.9064278,27.04533339,1
17:46:46,3.313,3.310275,15.91311,27.0639509,1
17:46:47,3.313,3.310517,15.91978222,27.08150148,1
17:46:48,3.314,3.310637,15.92645943,27.10290849,1
17:46:49,3.314,3.311178,15.93313664,27.12195516,1
17:46:50,3.314,3.311446,15.93981385,27.13983655,1
17:46:51,3.314,3.311579,15.94649106,27.15704441,1
17:46:52,3.315,3.311646,15.95316827,27.17853487,1
17:46:53,3.315,3.31216,15.95984548,27.1977365,1
17:46:54,3.316,3.312415,15.96652269,27.22022235,1
17:46:55,3.316,3.313023,15.9731999,27.24003494,1
17:46:56,3.316,3.313324,15.97987711,27.25852728,1
17:46:57,3.316,3.313473,15.98655432,27.2762686,1
17:46:58,3.316,3.313547,15.99323153,27.29384601,1
17:46:59,3.316,3.313584,15.99990875,27.31124163,1
17:47:00,3.317,3.313603,16.00658596,27.33284831,1
17:47:01,3.317,3.314093,16.01326317,27.35248506,1
17:47:02,3.317,3.314336,16.01994038,27.37091184,1
17:47:03,3.317,3.314457,16.02661759,27.38895714,1
17:47:04,3.317,3.314517,16.0332948,27.40661204,1
17:47:05,3.317,3.314546,16.03997201,27.42428184,1
17:47:06,3.317,3.314561,16.04664922,27.44186223,1
17:47:07,3.317,3.314569,16.05332643,27.45940387,1
17:47:08,3.317,3.314572,16.06000364,27.47693,1
17:47:09,3.317,3.314574,16.06668085,27.49445438,1
17:47:10,3.317,3.314576,16.07335806,27.51198113,1
17:47:11,3.317,3.314577,16.08003527,27.52951086,1
17:47:12,3.317,3.314577,16.08671248,27.54704952,1
17:47:13,3.317,3.314577,16.09338969,27.56459713,1
17:47:14,3.317,3.314578,16.1000669,27.58204937,1
17:47:15,3.317,3.314578,16.10674411,27.59966254,1
17:47:16,3.317,3.314579,16.11342132,27.61725783,1
17:47:17,3.317,3.314579,16.12009853,27.63485014,1
17:47:18,3.317,3.314579,16.12678,27.65244544,1
17:47:19,3.317,3.314579,16.13345295,27.67004669,1
17:47:20,3.317,3.31458,16.14013016,27.6876539,1
17:47:21,3.317,3.31458,16.14680737,27.70527005,1
17:47:22,3.317,3.31458,16.15348458,27.72289515,1
17:47:23,3.317,3.31458,16.16016179,27.74052918,1
17:47:24,3.317,3.314581,16.166839,27.75817,1
17:47:25,3.317,3.314581,16.17351621,27.77581811,1
17:47:26,3.317,3.314581,16.18019342,27.79347599,1
17:47:27,3.317,3.314582,16.18687063,27.8111428,1
17:47:28,3.317,3.314582,16.19354784,27.82881856,1
17:47:29,3.317,3.314583,16.20022506,27.84650326,1
17:47:30,3.317,3.314583,16.20690227,27.8641969,1
17:47:31,3.317,3.314583,16.21357948,27.88189948,1
17:47:32,3.317,3.314583,16.22025669,27.899611,1
17:47:33,3.317,3.314584,16.2269339,27.91733146,1
17:47:34,3.317,3.314584,16.23361111,27.93505788,1
17:47:35,3.317,3.314584,16.24028832,27.95279622,1
17:47:36,3.317,3.314584,16.24696553,27.97044218,1
17:47:37,3.317,3.314585,16.25364274,27.98824608,1
17:47:38,3.318,3.314585,16.26031995,28.01063657,1
17:47:39,3.317,3.315066,16.26699716,28.02621126,1
17:47:40,3.317,3.314824,16.27367437,28.04290354,1
17:47:41,3.317,3.314704,16.28035158,28.06015313,1
17:47:42,3.318,3.314645,16.28702879,28.08229625,1
17:47:43,3.318,3.315096,16.293706,28.1023711,1
17:47:44,3.317,3.31532,16.30038321,28.11680436,1
17:47:45,3.318,3.31495,16.30706042,28.13757658,1
17:47:46,3.318,3.315248,16.31373763,28.15698683,1
17:47:47,3.318,3.315396,16.32041484,28.17572653,1
17:47:48,3.318,3.315469,16.32709205,28.1940341,1
17:47:49,3.318,3.315505,16.33376926,28.21233869,1
17:47:50,3.318,3.315523,16.34045,28.23054492,1
17:47:51,3.317,3.315532,16.34712368,28.24405134,1
17:47:52,3.318,3.315057,16.35380089,28.26430798,1
17:47:53,3.317,3.315301,16.3604781,28.27893198,1
17:47:54,3.318,3.314943,16.36715531,28.29989195,1
17:47:55,3.318,3.315245,16.37383252,28.31943631,1
17:47:56,3.318,3.315396,16.38050973,28.3382833,1
17:47:57,3.318,3.31547,16.38718694,28.35668325,1
17:47:58,3.318,3.315507,16.39386415,28.37507725,1
17:47:59,3.318,3.315526,16.40054137,28.39336991,1
17:48:00,3.318,3.315535,16.40721858,28.41161788,1
17:48:01,3.318,3.31554,16.41389579,28.42984796,1
17:48:02,3.318,3.315542,16.420573,28.44807208,1
17:48:03,3.318,3.315543,16.42725021,28.46629918,1
17:48:04,3.318,3.315544,16.43392742,28.48453224,1
17:48:05,3.318,3.315545,16.44060463,28.50277424,1
17:48:06,3.318,3.315545,16.44728184,28.52102518,1
17:48:07,3.318,3.315546,16.45395905,28.53928506,1
17:48:08,3.318,3.315546,16.46063626,28.55744958,1
17:48:09,3.318,3.315546,16.46731347,28.57577503,1
17:48:10,3.318,3.315547,16.47399068,28.59408557,1
17:48:11,3.318,3.315547,16.48066789,28.61239314,1
17:48:12,3.318,3.315547,16.4873451,28.63060236,1
17:48:13,3.318,3.315547,16.49402231,28.64896953,1
17:48:14,3.318,3.315548,16.50069952,28.66731882,1
17:48:15,3.318,3.315548,16.50737673,28.68567,1
17:48:16,3.318,3.315548,16.51405394,28.70401442,1
17:48:17,3.318,3.315549,16.52073115,28.72236967,1
17:48:18,3.318,3.315549,16.52740836,28.74073386,1
17:48:19,3.318,3.315549,16.53408557,28.759,1
17:48:20,3.318,3.31555,16.54076278,28.77743244,1
17:48:21,3.318,3.31555,16.54743999,28.79585028,1
17:48:22,3.318,3.31555,16.55412,28.81426215,1
17:48:23,3.318,3.31555,16.56079441,28.83267701,1
17:48:24,3.318,3.315551,16.56747162,28.8511008,1
17:48:25,3.318,3.315551,16.57414883,28.86953056,1
17:48:26,3.318,3.315551,16.58082604,28.88786793,1
17:48:27,3.318,3.315552,16.58750325,28.90636623,1
17:48:28,3.318,3.315552,16.59418046,28.92485,1
17:48:29,3.318,3.315552,16.60085768,28.94332707,1
17:48:30,3.318,3.315553,16.60753489,28.96180749,1
17:48:31,3.318,3.315553,16.6142121,28.98029685,1
17:48:32,3.318,3.315553,16.62088931,28.99879217,1
17:48:33,3.318,3.315554,16.62756652,29.01729643,1
17:48:34,3.318,3.315554,16.63424373,29.03581262,1
17:48:35,3.318,3.315554,16.64092094,29.05433476,1
17:48:36,3.318,3.315554,16.64759815,29.07286882,1
17:48:37,3.318,3.315555,16.65427536,29.09141183,1
17:48:38,3.318,3.315555,16.66095257,29.10996377,1
17:48:39,3.318,3.315555,16.66762978,29.12852466,1
17:48:40,3.318,3.315556,16.67430699,29.14709747,1
17:48:41,3.318,3.315556,16.6809842,29.16567624,1
17:48:42,3.318,3.315556,16.68766141,29.18426692,1
17:48:43,3.318,3.315557,16.69433862,29.20276523,1
17:48:44,3.318,3.315557,16.70101583,29.22132313,1
17:48:45,3.318,3.315557,16.70769304,29.24001515,1
17:48:46,3.318,3.315558,16.71437025,29.25868,1
17:48:47,3.318,3.315558,16.72104746,29.2773366,1
17:48:48,3.318,3.315558,16.72772467,29.29599285,1
17:48:49,3.318,3.315558,16.73440188,29.31465507,1
17:48:50,3.318,3.315559,16.74107909,29.33332622,1
17:48:51,3.318,3.315559,16.7477563,29.35200334,1
17:48:52,3.318,3.315559,16.75443351,29.37069237,1
17:48:53,3.318,3.31556,16.76111072,29.38939035,1
17:48:54,3.318,3.31556,16.76779,29.40809727,1
17:48:55,3.318,3.315561,16.77446514,29.4267118,1
17:48:56,3.318,3.315561,16.78114235,29.44548428,1
17:48:57,3.318,3.315561,16.78781956,29.46424186,1
17:48:58,3.318,3.315562,16.79449677,29.48289514,1
17:48:59,3.318,3.315562,16.80117399,29.50170338,1
17:49:00,3.318,3.315562,16.8078512,29.52039242,1
17:49:01,3.318,3.315562,16.81452841,29.53922749,1
17:49:02,3.318,3.315563,16.82120562,29.55804169,1
17:49:03,3.318,3.315563,16.82788283,29.57684994,1
17:49:04,3.318,3.315564,16.83456004,29.59565818,1
17:49:05,3.318,3.315564,16.84123725,29.61437106,1
17:49:06,3.318,3.315564,16.84791446,29.63324487,1
17:49:07,3.318,3.315565,16.85459167,29.6521008,1
17:49:08,3.318,3.315565,16.86126888,29.67095,1
17:49:09,3.318,3.315565,16.86794609,29.68980968,1
17:49:10,3.318,3.315565,16.8746233,29.70867455,1
17:49:11,3.318,3.315566,16.88130051,29.72754538,1
17:49:12,3.318,3.315566,16.88797772,29.74642813,1
17:49:13,3.318,3.315567,16.89465493,29.76532,1
17:49:14,3.318,3.315567,16.90133214,29.78422046,1
17:49:15,3.318,3.315567,16.90800935,29.80313003,1
17:49:16,3.318,3.315567,16.91468656,29.82204854,1
17:49:17,3.318,3.315568,16.92136377,29.84097898,1
17:49:18,3.318,3.315568,16.92804098,29.85981405,1
17:49:19,3.318,3.315568,16.93471819,29.87881303,1
17:49:20,3.318,3.315569,16.9413954,29.89779413,1
17:49:21,3.318,3.315569,16.94807261,29.91677523,1
17:49:22,3.318,3.31557,16.95474982,29.93575931,1
17:49:23,3.318,3.31557,16.96142703,29.95474935,1
17:49:24,3.318,3.31557,16.96810424,29.97374833,1
17:49:25,3.318,3.315571,16.97478145,29.99265194,1
17:49:26,3.318,3.315571,16.98146,30.01171649,1
17:49:27,3.318,3.315571,16.98813587,30.03076911,1
17:49:28,3.318,3.315572,16.99481308,30.04981875,1
17:49:29,3.318,3.315572,17.00149029,30.06887138,1
17:49:30,3.318,3.315573,17.00816751,30.08782864,1
17:49:31,3.318,3.315573,17.01484472,30.10684252,1
17:49:32,3.318,3.315573,17.02152193,30.12599051,1
17:49:33,3.319,3.315573,17.02819914,30.15023768,1
17:49:34,3.319,3.316052,17.03487635,30.17202616,1
17:49:35,3.319,3.316289,17.04155356,30.19260466,1
17:49:36,3.319,3.316406,17.04823077,30.2125901,1
17:49:37,3.319,3.316465,17.05490798,30.23229,1
17:49:38,3.319,3.316494,17.06158519,30.25184572,1
17:49:39,3.32,3.316508,17.0682624,30.27648628,1
17:49:40,3.32,3.316994,17.07493961,30.29864728,1
17:49:41,3.32,3.317234,17.08161682,30.3195864,1
17:49:42,3.32,3.317353,17.08829403,30.33992648,1
17:49:43,3.321,3.317412,17.09497124,30.36513925,1
17:49:44,3.321,3.317919,17.10164845,30.38775027,1
17:49:45,3.321,3.31817,17.10832566,30.40896058,1
17:49:46,3.321,3.318295,17.11500287,30.4296,1
17:49:47,3.322,3.318356,17.12168008,30.45530021,1
17:49:48,3.322,3.318865,17.12835729,30.47831357,1
17:49:49,3.322,3.319117,17.1350345,30.50000966,1
17:49:50,3.322,3.319241,17.14171171,30.52106202,1
17:49:51,3.323,3.319303,17.14838892,30.54686487,1
17:49:52,3.323,3.319812,17.15506613,30.57025075,1
17:49:53,3.323,3.320063,17.16174334,30.59218228,1
17:49:54,3.323,3.320187,17.16842055,30.6135267,1
17:49:55,3.324,3.320249,17.17509776,30.63996434,1
17:49:56,3.324,3.320757,17.18177497,30.66369295,1
17:49:57,3.324,3.321008,17.18845218,30.68609536,1
17:49:58,3.324,3.321133,17.19513,30.70784807,1
17:49:59,3.324,3.321194,17.2018066,30.72929084,1
17:50:00,3.324,3.321224,17.20848382,30.75047135,1
17:50:01,3.325,3.321239,17.21516103,30.77705503,1
17:50:02,3.325,3.321725,17.22183824,30.80105186,1
17:50:03,3.325,3.321965,17.22851545,30.82378209,1
17:50:04,3.325,3.322083,17.23519266,30.84589839,1
17:50:05,3.325,3.322142,17.24186987,30.86759448,1
17:50:06,3.325,3.322171,17.24854708,30.88932931,1
17:50:07,3.325,3.322186,17.25522429,30.91097474,1
17:50:08,3.325,3.322192,17.2619015,30.93246818,1
17:50:09,3.325,3.322196,17.26857871,30.95412552,1
17:50:10,3.325,3.322198,17.27525592,30.97563982,1
17:50:11,3.325,3.322199,17.28193313,30.99732101,1
17:50:12,3.325,3.322199,17.28861034,31.01898134,1
17:50:14,3.325,3.322199,17.29528755,31.04063869,1
17:50:14,3.325,3.322199,17.30196476,31.06230497,1
17:50:15,3.325,3.322199,17.30864197,31.0839802,1
17:50:16,3.325,3.3222,17.31531918,31.10566735,1
17:50:17,3.325,3.3222,17.32199639,31.12725317,1
17:50:18,3.325,3.3222,17.3286736,31.14902675,1
17:50:19,3.325,3.3222,17.33535081,31.17078841,1
17:50:20,3.325,3.322199,17.34202802,31.19255304,1
17:50:21,3.325,3.3222,17.34870523,31.21432364,1
17:50:22,3.325,3.322199,17.35538244,31.23610914,1
17:50:23,3.325,3.3222,17.36205965,31.25790656,1
17:50:24,3.325,3.322199,17.36873686,31.27972186,1
17:50:25,3.325,3.3222,17.37541407,31.30155206,1
17:50:26,3.325,3.3222,17.38209128,31.32339716,1
17:50:27,3.325,3.3222,17.38876849,31.34525716,1
17:50:28,3.325,3.322199,17.3954457,31.36713505,1
17:50:29,3.325,3.322199,17.40212291,31.3889116,1
17:50:30,3.325,3.3222,17.4088,31.4108789,1
17:50:31,3.325,3.322199,17.41547734,31.43283427,1
17:50:32,3.325,3.322199,17.42215455,31.45479262,1
17:50:33,3.326,3.3222,17.42883176,31.48221374,1
17:50:34,3.325,3.322676,17.43550897,31.50149286,1
17:50:35,3.325,3.322435,17.44218618,31.52225018,1
17:50:36,3.326,3.322316,17.44886339,31.54913187,1
17:50:37,3.325,3.322734,17.4555406,31.5682441,1
17:50:38,3.325,3.322463,17.46221781,31.58884645,1
17:50:39,3.325,3.32233,17.46889502,31.61019385,1
17:50:40,3.326,3.322264,17.47557223,31.63741529,1
17:50:41,3.325,3.322708,17.48224944,31.65671229,1
17:50:42,3.326,3.32245,17.48892665,31.68294728,1
17:50:43,3.326,3.3228,17.49560386,31.70714,1
17:50:44,3.325,3.322973,17.50228107,31.72498,1
17:50:45,3.326,3.322581,17.50895828,31.75065815,1
17:50:46,3.326,3.322865,17.51563549,31.77473545,1
17:50:47,3.326,3.323004,17.5223127,31.79790974,1
17:50:48,3.326,3.323073,17.52898991,31.82089329,1
17:50:49,3.326,3.323107,17.53566712,31.8436563,1
17:50:50,3.326,3.323126,17.54234433,31.86629415,1
17:50:51,3.326,3.323139,17.54902154,31.88884258,1
17:50:52,3.326,3.323148,17.55569875,31.91132247,1
17:50:53,3.326,3.323156,17.56237596,31.93374276,1
17:50:54,3.325,3.323162,17.56905317,31.95058405,1
17:50:55,3.326,3.322692,17.57573038,31.97553456,1
17:50:56,3.326,3.322939,17.58240759,31.99910522,1
17:50:57,3.326,3.323064,17.5890848,32.02196956,1
17:50:58,3.326,3.323129,17.59576201,32.04445839,1
17:50:59,3.326,3.323164,17.60243922,32.06673861,1
17:51:00,3.326,3.323184,17.60911644,32.08889365,1
17:51:01,3.326,3.323197,17.61579365,32.11096227,1
17:51:02,3.326,3.323207,17.62247,32.13296235,1
17:51:03,3.326,3.323214,17.62914807,32.1549058,1
17:51:04,3.326,3.323221,17.63582528,32.17668235,1
17:51:05,3.326,3.323227,17.64250249,32.1985811,1
17:51:06,3.326,3.323233,17.6491797,32.22040534,1
17:51:07,3.326,3.323239,17.65585691,32.24216998,1
17:51:08,3.326,3.323244,17.66253412,32.26388395,1
17:51:09,3.326,3.32325,17.66921133,32.28554726,1
17:51:10,3.326,3.323256,17.67588854,32.30716288,1
17:51:11,3.326,3.323261,17.68256575,32.32862055,1
17:51:12,3.326,3.323267,17.68924296,32.35020041,1
17:51:13,3.326,3.323272,17.69592017,32.37170875,1
17:51:14,3.326,3.323278,17.70259738,32.39304721,1
17:51:15,3.326,3.323284,17.70927459,32.41449893,1
17:51:16,3.326,3.323289,17.7159518,32.43587911,1
17:51:17,3.326,3.323294,17.72262901,32.45708942,1
17:51:18,3.326,3.3233,17.72930622,32.47830272,1
17:51:19,3.326,3.323305,17.73598343,32.49949515,1
17:51:20,3.326,3.323311,17.74266064,32.52054453,1
17:51:21,3.326,3.323316,17.74933785,32.54071474,1
17:51:22,3.326,3.323321,17.75601506,32.56052434,1
17:51:23,3.326,3.323327,17.76269227,32.58000016,1
17:51:24,3.326,3.323332,17.76936948,32.59949088,1
17:51:25,3.326,3.323336,17.77604669,32.61884451,1
17:51:26,3.326,3.32334,17.7827239,32.63798654,1
17:51:27,3.326,3.323345,17.78940111,32.65708983,1
17:51:28,3.326,3.323349,17.79607832,32.67624974,1
17:51:29,3.326,3.323354,17.80275553,32.6951772,1
17:51:30,3.326,3.323359,17.80943274,32.7141732,1
17:51:31,3.326,3.323364,17.81610996,32.73393214,1
17:51:32,3.326,3.323368,17.82278717,32.75383711,1
17:51:33,3.326,3.323373,17.82946438,32.7740103,1
17:51:34,3.326,3.323378,17.83614,32.79408216,1
17:51:35,3.326,3.323383,17.8428188,32.81418979,1
17:51:36,3.326,3.323388,17.84949601,32.83429742,1
17:51:37,3.326,3.323393,17.85617322,32.85438716,1
17:51:38,3.326,3.323398,17.86285043,32.87445307,1
17:51:39,3.326,3.323403,17.86952764,32.89448619,1
17:51:40,3.326,3.323407,17.87620485,32.91448653,1
17:51:41,3.326,3.323412,17.88288206,32.9344511,1
17:51:42,3.326,3.323417,17.88955927,32.95437992,1
17:51:43,3.326,3.323422,17.89623648,32.97438323,1
17:51:45,3.326,3.323427,17.90291369,32.99419284,1
17:51:45,3.326,3.323432,17.9095909,33.0139935,1
17:51:46,3.326,3.323437,17.91626811,33.03377032,1
17:51:47,3.326,3.323441,17.92294532,33.05352032,1
17:51:48,3.326,3.323446,17.92962253,33.07324052,1
17:51:49,3.326,3.323451,17.93629974,33.09292495,1
17:51:50,3.326,3.323456,17.94297695,33.11257958,1
17:51:51,3.326,3.32346,17.94965416,33.13220143,1
17:51:53,3.326,3.323465,17.95633137,33.15178752,1
17:51:54,3.326,3.32347,17.96300858,33.17134082,1
17:51:54,3.326,3.323474,17.96968579,33.19086134,1
17:51:56,3.326,3.323479,17.976363,33.21045339,1
17:51:56,3.326,3.323483,17.98304021,33.22996199,1
17:51:57,3.326,3.323488,17.98971742,33.24941099,1
17:51:58,3.326,3.323493,17.99639463,33.26871097,1
17:52:00,3.326,3.323497,18.00307184,33.28802288,1
17:52:00,3.326,3.323502,18.00974905,33.30732286,1
17:52:01,3.326,3.323507,18.01642627,33.32670629,1
17:52:02,3.326,3.323511,18.02310348,33.34591091,1
17:52:03,3.326,3.323516,18.02978069,33.36510956,1
17:52:04,3.326,3.32352,18.0364579,33.38429034,1
17:52:06,3.326,3.323525,18.04313511,33.40344727,1
17:52:06,3.326,3.323529,18.04981,33.4225744,1
17:52:07,3.326,3.323534,18.05648953,33.44177604,1
17:52:09,3.326,3.323538,18.06316674,33.4607929,1
17:52:09,3.326,3.323543,18.06984395,33.4798038,1
17:52:10,3.326,3.323547,18.07652116,33.49879682,1
17:52:11,3.326,3.323551,18.08319837,33.517766,1
17:52:13,3.326,3.323556,18.08987558,33.53670537,1
17:52:13,3.326,3.32356,18.09655279,33.55571926,1
17:52:14,3.326,3.323565,18.10323,33.57455134,1
17:52:15,3.326,3.323569,18.10990721,33.59338045,1
17:52:16,3.326,3.323573,18.11658442,33.61219168,1
17:52:18,3.326,3.323578,18.12326163,33.63108039,1
17:52:18,3.326,3.323582,18.12993884,33.64979327,1
17:52:19,3.326,3.323586,18.13661605,33.66850019,1
17:52:21,3.326,3.323591,18.14329326,33.68718922,1
17:52:22,3.326,3.323595,18.14997047,33.7058574,1
17:52:23,3.326,3.3236,18.15664768,33.72449577,1
17:52:23,3.326,3.323603,18.16332489,33.7431103,1
17:52:25,3.326,3.323608,18.1700021,33.76169503,1
17:52:26,3.326,3.323612,18.17667931,33.7803483,1
17:52:27,3.326,3.323616,18.18335652,33.79882872,1
17:52:28,3.326,3.323621,18.19003373,33.81730318,1
17:52:28,3.326,3.323625,18.19671094,33.83575976,1
17:52:30,3.326,3.323629,18.20338815,33.8541925,1
17:52:31,3.326,3.323633,18.21006536,33.87260139,1
17:52:31,3.326,3.323637,18.21674258,33.89098346,1
17:52:33,3.326,3.323642,18.22341979,33.90933871,1
17:52:34,3.326,3.323646,18.230097,33.92766416,1
17:52:35,3.326,3.32365,18.23677421,33.94596279,1
17:52:36,3.326,3.323654,18.24345142,33.96423459,1
17:52:36,3.326,3.323658,18.25012863,33.98247659,1
17:52:38,3.326,3.323662,18.25680584,34.00069177,1
17:52:39,3.326,3.323666,18.26348,34.01897848,1
17:52:40,3.326,3.32367,18.27016026,34.03719068,1
17:52:40,3.326,3.323674,18.27683747,34.05525386,1
17:52:41,3.326,3.323678,18.28351468,34.07332599,1
17:52:43,3.326,3.323683,18.29019189,34.09138918,1
17:52:44,3.326,3.323687,18.2968691,34.10943151,1
17:52:44,3.326,3.32369,18.30354631,34.12745297,1
17:52:45,3.326,3.323695,18.31022352,34.14544761,1
17:52:47,3.326,3.323699,18.31690073,34.16341841,1
17:52:48,3.326,3.323703,18.32357794,34.18136239,1
17:52:49,3.326,3.323707,18.33025515,34.19937491,1
17:52:49,3.326,3.323711,18.33693236,34.21722054,1
17:52:50,3.326,3.323714,18.34360957,34.2350632,1
17:52:52,3.326,3.323719,18.35028678,34.25289094,1
17:52:53,3.326,3.323723,18.35696399,34.27069783,1
17:52:53,3.326,3.323726,18.3636412,34.28848386,1
17:52:54,3.326,3.32373,18.37031841,34.30633843,1
17:52:56,3.326,3.323734,18.37699562,34.32402909,1
17:52:57,3.326,3.323738,18.38367283,34.34171379,1
17:52:58,3.326,3.323742,18.39035004,34.35938656,1
17:52:58,3.326,3.323746,18.39702725,34.37703848,1
17:53:00,3.326,3.32375,18.40370446,34.39466953,1
17:53:01,3.327,3.323754,18.41038167,34.41714048,1
17:53:02,3.327,3.324236,18.41705889,34.43725705,1
17:53:02,3.327,3.324477,18.4237361,34.45619345,1
17:53:04,3.327,3.324599,18.43041331,34.47453082,1
17:53:05,3.327,3.324661,18.43709052,34.49256122,1
17:53:06,3.327,3.324694,18.44376773,34.51042473,1
17:53:07,3.327,3.324712,18.45044494,34.52819288,1
17:53:08,3.327,3.324723,18.45712215,34.54590142,1
17:53:09,3.327,3.32473,18.46379936,34.56356823,1
17:53:10,3.328,3.324736,18.47047657,34.58603621,1
17:53:11,3.328,3.325219,18.47715,34.60615873,1
17:53:11,3.328,3.325461,18.48383099,34.62510407,1
17:53:13,3.328,3.325582,18.4905082,34.64345336,1
17:53:14,3.328,3.325644,18.49718541,34.66149569,1
17:53:15,3.328,3.325678,18.50386262,34.67937112,1
17:53:16,3.328,3.325696,18.51053983,34.69715416,1
17:53:17,3.328,3.325706,18.51721704,34.71487761,1
17:53:18,3.328,3.325714,18.52389425,34.73255932,1
17:53:19,3.328,3.32572,18.53057146,34.75020826,1
17:53:20,3.328,3.325724,18.53724867,34.76782739,1
17:53:20,3.328,3.325729,18.54392588,34.78541672,1
17:53:22,3.328,3.325732,18.55060309,34.80307758,1
17:53:23,3.328,3.325737,18.5572803,34.82057452,1
17:53:24,3.328,3.32574,18.56395751,34.83806849,1
17:53:24,3.329,3.325744,18.57063472,34.86034274,1
17:53:26,3.329,3.326227,18.57731193,34.88030136,1
17:53:27,3.329,3.326468,18.58398914,34.89910066,1
17:53:28,3.329,3.32659,18.59066635,34.91731286,1
17:53:29,3.33,3.326652,18.59734356,34.94000137,1
17:53:30,3.33,3.327164,18.60402077,34.96023417,1
17:53:31,3.33,3.32742,18.61069798,34.97923613,1
17:53:32,3.33,3.327548,18.6173752,34.9976182,1
17:53:33,3.33,3.327614,18.62405241,35.01568,1
17:53:34,3.33,3.327649,18.63072962,35.03356576,1
17:53:35,3.33,3.327668,18.63740683,35.05135775,1
17:53:36,3.331,3.327679,18.64408404,35.07384956,1
17:53:37,3.331,3.328166,18.65076125,35.09401679,1
17:53:38,3.33,3.328409,18.65743846,35.1082623,1
17:53:39,3.331,3.328053,18.66411567,35.12895107,1
17:53:40,3.331,3.328357,18.67079288,35.14818847,1
17:53:41,3.331,3.328509,18.67747009,35.16669273,1
17:53:42,3.331,3.328587,18.6841473,35.18481851,1
17:53:43,3.331,3.328628,18.69082,35.20274758,1
17:53:44,3.331,3.32865,18.69750172,35.22066474,1
17:53:45,3.331,3.328662,18.70417893,35.23846567,1
17:53:46,3.331,3.328671,18.71085614,35.2561,1
17:53:47,3.331,3.328677,18.71753335,35.27373672,1
17:53:48,3.332,3.328682,18.72421056,35.29608548,1
17:53:49,3.332,3.329165,18.73088777,35.31615138,1
17:53:50,3.332,3.329407,18.73756498,35.33507288,1
17:53:51,3.332,3.329529,18.74424219,35.35351753,1
17:53:52,3.332,3.329592,18.7509194,35.37150919,1
17:53:53,3.332,3.329624,18.75759661,35.38936675,1
17:53:54,3.332,3.329643,18.76427382,35.40714383,1
17:53:55,3.332,3.329654,18.77095103,35.42487025,1
17:53:56,3.332,3.329661,18.77762824,35.44255793,1
17:53:57,3.332,3.329667,18.78430545,35.46021283,1
17:53:58,3.332,3.329671,18.79098266,35.47794223,1
17:53:59,3.332,3.329675,18.79765987,35.49559712,1
17:54:00,3.332,3.329679,18.80433708,35.51310897,1
17:54:01,3.332,3.329683,18.81101429,35.53062975,1
17:54:02,3.332,3.329687,18.8176915,35.54814458,1
17:54:03,3.332,3.32969,18.82436872,35.56564748,1
17:54:04,3.332,3.329695,18.83104593,35.58312953,1
17:54:05,3.332,3.329698,18.83772314,35.60059071,1
17:54:06,3.332,3.329702,18.84440035,35.61803102,1
17:54:07,3.332,3.329705,18.85107756,35.6354475,1
17:54:08,3.332,3.329709,18.85775477,35.65284312,1
17:54:09,3.332,3.329713,18.86443198,35.67021489,1
17:54:10,3.332,3.329716,18.87110919,35.6875658,1
17:54:11,3.332,3.32972,18.8777864,35.70489287,1
17:54:12,3.332,3.329724,18.88446361,35.72219908,1
17:54:13,3.332,3.329727,18.89114082,35.73948145,1
17:54:14,3.332,3.329731,18.89781803,35.75673997,1
17:54:15,3.332,3.329735,18.9045,35.77397764,1
17:54:16,3.332,3.329738,18.91117245,35.79119444,1
17:54:17,3.332,3.329742,18.91784966,35.8083874,1
17:54:18,3.332,3.329746,18.92452687,35.8255595,1
17:54:19,3.332,3.329749,18.93120408,35.84280312,1
17:54:20,3.332,3.329753,18.93788129,35.85988581,1
17:54:21,3.332,3.329756,18.9445585,35.8769685,1
17:54:22,3.332,3.32976,18.95123571,35.89404225,1
17:54:23,3.332,3.329763,18.95791292,35.91109812,1
17:54:24,3.332,3.329767,18.96459013,35.92813611,1
17:54:25,3.332,3.32977,18.97126734,35.94515622,1
17:54:26,3.332,3.329774,18.97794455,35.96215248,1
17:54:27,3.332,3.329778,18.98462176,35.97912788,1
17:54:28,3.332,3.329781,18.99129897,35.99608243,1
17:54:29,3.332,3.329784,18.99797618,36.01301908,1
17:54:30,3.332,3.329788,19.00465339,36.0299319,1
17:54:31,3.332,3.329792,19.0113306,36.04691625,1
17:54:32,3.332,3.329795,19.01800781,36.06383502,1
17:54:33,3.332,3.329798,19.02468503,36.08061969,1
17:54:34,3.332,3.329802,19.03136224,36.09741628,1
17:54:35,3.332,3.329805,19.03803945,36.11420989,1
17:54:36,3.332,3.329809,19.04471666,36.13108099,1
17:54:37,3.332,3.329813,19.05139387,36.14780009,1
17:54:38,3.332,3.329816,19.05807108,36.16461456,1
17:54:39,3.332,3.329819,19.06474829,36.18128598,1
17:54:40,3.332,3.329823,19.0714255,36.19796634,1
17:54:41,3.332,3.329826,19.07810271,36.21464,1
17:54:42,3.332,3.329829,19.08477992,36.23129725,1
17:54:43,3.332,3.329833,19.09145713,36.24793887,1
17:54:44,3.332,3.329836,19.09813434,36.26456261,1
17:54:45,3.332,3.32984,19.10481155,36.28116548,1
17:54:46,3.332,3.329843,19.11148876,36.29775047,1
17:54:47,3.332,3.329846,19.11817,36.3143146,1
17:54:48,3.332,3.329849,19.12484318,36.33086085,1
17:54:49,3.332,3.329853,19.13152039,36.34738624,1
17:54:50,3.332,3.329856,19.1381976,36.36389375,1
17:54:51,3.332,3.32986,19.14487481,36.38038039,1
17:54:52,3.332,3.329863,19.15155202,36.39684916,1
17:54:53,3.332,3.329866,19.15822923,36.41329706,1
17:54:54,3.332,3.32987,19.16490644,36.4298135,1
17:54:55,3.332,3.329873,19.17158365,36.44626737,1
17:54:56,3.332,3.329876,19.17826086,36.46259,1
17:54:57,3.332,3.32988,19.18493807,36.47893071,1
17:54:58,3.332,3.329883,19.19161528,36.49526536,1
17:54:59,3.333,3.329886,19.19829249,36.51615083,1
17:55:00,3.332,3.330369,19.2049697,36.53026819,1
17:55:01,3.332,3.330131,19.21164691,36.54547334,1
17:55:02,3.332,3.330014,19.21832412,36.56120598,1
17:55:03,3.332,3.329958,19.22500134,36.57727838,1
17:55:04,3.332,3.329931,19.23167855,36.59333885,1
17:55:05,3.333,3.32992,19.23835576,36.61401272,1
17:55:06,3.332,3.330396,19.24503297,36.62798405,1
17:55:07,3.332,3.330154,19.25171018,36.64305806,1
17:55:08,3.333,3.330035,19.25838739,36.66321635,1
17:55:09,3.332,3.330458,19.2650646,36.67690456,1
17:55:10,3.332,3.330189,19.27174181,36.69181168,1
17:55:11,3.333,3.330058,19.27841902,36.71185374,1
17:55:12,3.332,3.330474,19.28509623,36.72546148,1
17:55:13,3.333,3.330202,19.29177344,36.74483597,1
17:55:14,3.333,3.330549,19.29845065,36.76263094,1
17:55:15,3.333,3.330723,19.30512786,36.77963614,1
17:55:16,3.333,3.330811,19.31180507,36.79623604,1
17:55:17,3.333,3.330856,19.31848228,36.81262732,1
17:55:18,3.333,3.330879,19.32515949,36.82890832,1
17:55:19,3.333,3.330893,19.33184,36.84512079,1
17:55:20,3.333,3.330901,19.33851391,36.86129451,1
17:55:21,3.333,3.330907,19.34519112,36.87743545,1
17:55:22,3.333,3.330912,19.35186833,36.89355254,1
17:55:23,3.333,3.330915,19.35854554,36.90965176,1
17:55:24,3.333,3.330919,19.36522275,36.92573011,1
17:55:25,3.333,3.330922,19.37189996,36.94179058,1
17:55:26,3.333,3.330925,19.37857717,36.95783317,1
17:55:27,3.333,3.330928,19.38525438,36.97386,1
17:55:28,3.333,3.330932,19.39193159,36.98986173,1
17:55:29,3.333,3.330935,19.3986088,37.00584769,1
17:55:30,3.333,3.330938,19.40528601,37.02181578,1
17:55:31,3.333,3.330941,19.41196322,37.03776598,1
17:55:32,3.333,3.330944,19.41864043,37.05370128,1
17:55:33,3.333,3.330947,19.42531765,37.0696187,1
17:55:34,3.333,3.33095,19.43199486,37.08560467,1
17:55:35,3.333,3.330953,19.43867207,37.1014446,1
17:55:36,3.333,3.330957,19.44534928,37.11737394,1
17:55:37,3.333,3.33096,19.45202649,37.13316619,1
17:55:38,3.333,3.330963,19.4587037,37.14905679,1
17:55:39,3.333,3.330966,19.46538091,37.16481626,1
17:55:40,3.333,3.330969,19.47205812,37.18058467,1
17:55:41,3.333,3.330972,19.47873533,37.19635,1
17:55:42,3.333,3.330975,19.48541254,37.21218705,1
17:55:43,3.333,3.330978,19.49208975,37.22788393,1
17:55:44,3.333,3.330981,19.49876696,37.24367321,1
17:55:45,3.333,3.330984,19.50544417,37.25933135,1
17:55:46,3.333,3.330987,19.51212138,37.27508187,1
17:55:47,3.333,3.33099,19.51879859,37.29070127,1
17:55:48,3.333,3.330993,19.5254758,37.30633259,1
17:55:49,3.333,3.330996,19.53215301,37.32196093,1
17:55:50,3.333,3.330999,19.53883022,37.33757734,1
17:55:51,3.333,3.331002,19.54551,37.35318184,1
17:55:52,3.333,3.331005,19.55218464,37.36877143,1
17:55:53,3.333,3.331008,19.55886185,37.38434315,1
17:55:54,3.333,3.331011,19.56553906,37.39989996,1
17:55:55,3.333,3.331014,19.57221627,37.41544187,1
17:55:56,3.333,3.331017,19.57889348,37.4309659,1
17:55:57,3.333,3.33102,19.58557069,37.44647205,1
17:55:58,3.333,3.331023,19.5922479,37.4619633,1
17:55:59,3.333,3.331025,19.59892511,37.47743964,1
17:56:00,3.333,3.331028,19.60560232,37.49289811,1
17:56:01,3.333,3.331032,19.61227953,37.50834167,1
17:56:02,3.333,3.331034,19.61895674,37.52377033,1
17:56:03,3.333,3.331037,19.62563396,37.53918111,1
17:56:04,3.333,3.33104,19.63231117,37.55457401,1
17:56:05,3.333,3.331043,19.63898838,37.56995201,1
17:56:06,3.333,3.331046,19.64566559,37.58531511,1
17:56:07,3.333,3.331049,19.6523428,37.6006633,1
17:56:08,3.333,3.331052,19.65902001,37.61599362,1
17:56:09,3.333,3.331055,19.66569722,37.63130903,1
17:56:10,3.333,3.331057,19.67237443,37.64669001,1
17:56:11,3.333,3.33106,19.67905164,37.66193,1
17:56:12,3.333,3.331063,19.68572885,37.67718077,1
17:56:13,3.333,3.331066,19.69240606,37.69242167,1
17:56:14,3.333,3.331069,19.69908327,37.70765364,1
17:56:15,3.333,3.331072,19.70576048,37.72287071,1
17:56:16,3.333,3.331074,19.71243769,37.73807585,1
17:56:17,3.333,3.331077,19.7191149,37.7532661,1
17:56:18,3.333,3.33108,19.72579211,37.76843846,1
17:56:19,3.333,3.331083,19.73246932,37.78359592,1
17:56:20,3.333,3.331086,19.73914653,37.79873848,1
17:56:21,3.333,3.331088,19.74582374,37.81386912,1
17:56:22,3.333,3.331091,19.75250095,37.82898188,1
17:56:23,3.333,3.331094,19.75918,37.84407973,1
17:56:24,3.333,3.331097,19.76585537,37.85924315,1
17:56:25,3.333,3.3311,19.77253258,37.87427247,1
17:56:26,3.333,3.331103,19.77920979,37.88930476,1
17:56:27,3.333,3.331105,19.785887,37.90433109,1
17:56:28,3.333,3.331108,19.79256421,37.91934848,1
17:56:29,3.333,3.331111,19.79924142,37.93435395,1
17:56:30,3.333,3.331114,19.80591863,37.94934452,1
17:56:31,3.333,3.331116,19.81259584,37.96440065,1
17:56:32,3.333,3.331119,19.81927305,37.97932267,1
17:56:33,3.333,3.331122,19.82595026,37.99425066,1
17:56:34,3.333,3.331125,19.83262748,38.00917268,1
17:56:35,3.333,3.331127,19.83930469,38.02408576,1
17:56:36,3.333,3.33113,19.8459819,38.03898692,1
17:56:37,3.333,3.331133,19.85265911,38.05387318,1
17:56:38,3.333,3.331136,19.85933632,38.06874752,1
17:56:39,3.333,3.331138,19.86601353,38.08360696,1
17:56:40,3.333,3.331141,19.87269074,38.09844851,1
17:56:41,3.333,3.331144,19.87936795,38.11327815,1
17:56:42,3.333,3.331146,19.88604516,38.12809289,1
17:56:43,3.333,3.331149,19.89272237,38.14289272,1
17:56:44,3.333,3.331151,19.89939958,38.15775812,1
17:56:45,3.333,3.331154,19.90607679,38.17249238,1
17:56:46,3.333,3.331157,19.912754,38.18723261,1
17:56:47,3.333,3.33116,19.91943121,38.20196688,1
17:56:48,3.333,3.331162,19.92610842,38.2167697,1
17:56:49,3.333,3.331165,19.93278563,38.23144436,1
17:56:50,3.333,3.331168,19.93946284,38.24612498,1
17:56:51,3.333,3.33117,19.94614005,38.26080263,1
17:56:52,3.333,3.331173,19.95281726,38.27546835,1
17:56:53,3.333,3.331176,19.95949447,38.29012513,1
17:56:54,3.333,3.331178,19.96617168,38.30476999,1
17:56:55,3.333,3.331181,19.97285,38.31939995,1
17:56:56,3.333,3.331183,19.9795261,38.33401799,1
17:56:57,3.333,3.331186,19.98620331,38.34862113,1
17:56:58,3.333,3.331189,19.99288052,38.36320937,1
17:56:59,3.333,3.331191,19.99955773,38.37778568,1
17:57:00,3.333,3.331194,20.00623494,38.3923471,1
17:57:01,3.333,3.331196,20.01291215,38.40689659,1
17:57:02,3.333,3.331199,20.01958936,38.42150867,1
17:57:03,3.333,3.331202,20.02626657,38.43598962,1
17:57:04,3.333,3.331204,20.03294379,38.45047951,1
17:57:05,3.333,3.331207,20.039621,38.46504092,1
17:57:06,3.333,3.331209,20.04629821,38.47948015,1
17:57:07,3.333,3.331212,20.05297542,38.49392533,1
17:57:08,3.333,3.331214,20.05965263,38.50836754,1
17:57:09,3.333,3.331217,20.06632984,38.5228008,1
17:57:10,3.333,3.33122,20.07300705,38.53729963,1
17:57:11,3.333,3.331222,20.07968426,38.55167329,1
17:57:12,3.333,3.331225,20.08636147,38.56605291,1
17:57:13,3.333,3.331228,20.09303868,38.58042955,1
17:57:14,3.333,3.33123,20.09971589,38.59479725,1
17:57:15,3.333,3.331232,20.1063931,38.60915303,1
17:57:16,3.333,3.331235,20.11307031,38.62349689,1
17:57:17,3.333,3.331238,20.11974752,38.63790333,1
17:57:18,3.333,3.33124,20.12642473,38.65218759,1
17:57:19,3.333,3.331243,20.13310194,38.66647482,1
17:57:20,3.333,3.331245,20.13977915,38.68075907,1
17:57:21,3.333,3.331248,20.14645636,38.69503438,1
17:57:22,3.333,3.33125,20.15313357,38.70930076,1
17:57:23,3.333,3.331253,20.15981078,38.72355223,1
17:57:24,3.333,3.331255,20.16648799,38.73779178,1
17:57:25,3.333,3.331258,20.1731652,38.75201941,1
17:57:26,3.333,3.33126,20.17984241,38.76623511,1
17:57:27,3.333,3.331262,20.18652,38.7804389,1
17:57:28,3.333,3.331265,20.19319683,38.79462779,1
17:57:29,3.333,3.331267,20.19987404,38.80880475,1
17:57:30,3.333,3.33127,20.20655125,38.82296681,1
17:57:31,3.333,3.331272,20.21322846,38.83711696,1
17:57:32,3.333,3.331275,20.21990567,38.85125518,1
17:57:33,3.333,3.331277,20.22658288,38.86538148,1
17:57:34,3.333,3.33128,20.2332601,38.87956738,1
17:57:35,3.333,3.331282,20.23993731,38.89370561,1
17:57:36,3.333,3.331285,20.24661452,38.90773952,1
17:57:37,3.333,3.331287,20.25329173,38.92186284,1
17:57:38,3.333,3.331289,20.25996894,38.93587887,1
17:57:39,3.333,3.331292,20.26664615,38.94990683,1
17:57:40,3.333,3.331294,20.27332336,38.9639318,1
17:57:41,3.333,3.331297,20.28000057,38.97795081,1
17:57:42,3.333,3.331299,20.28667778,38.99196088,1
17:57:43,3.333,3.331301,20.29335499,39.00595903,1
17:57:44,3.333,3.331304,20.3000322,39.01994824,1
17:57:45,3.333,3.331306,20.30670941,39.03392255,1
17:57:46,3.333,3.331309,20.31338662,39.04788494,1
17:57:47,3.333,3.331311,20.32006383,39.06183541,1
17:57:48,3.333,3.331313,20.32674104,39.07577395,1
17:57:49,3.333,3.331316,20.33341825,39.08970058,1
17:57:50,3.333,3.331318,20.34009546,39.10361528,1
17:57:51,3.333,3.331321,20.34677267,39.11751807,1
17:57:52,3.333,3.331323,20.35344988,39.13140893,1
17:57:53,3.333,3.331325,20.36012709,39.14528787,1
17:57:54,3.333,3.331328,20.3668043,39.15915489,1
17:57:55,3.333,3.33133,20.37348151,39.17308152,1
17:57:56,3.333,3.331332,20.38015872,39.18688893,1
17:57:57,3.333,3.331335,20.38683593,39.20070231,1
17:57:58,3.333,3.331337,20.39351314,39.21451271,1
17:57:59,3.333,3.33134,20.40019,39.22831416,1
17:58:00,3.333,3.331342,20.40686756,39.24210668,1
17:58:01,3.333,3.331344,20.41354477,39.25596178,1
17:58:02,3.333,3.331346,20.42022198,39.26969767,1
17:58:03,3.333,3.331349,20.42689919,39.28343952,1
17:58:04,3.333,3.331351,20.43357641,39.29717839,1
17:58:05,3.333,3.331353,20.44025362,39.3109113,1
17:58:06,3.333,3.331356,20.44693083,39.32463229,1
17:58:07,3.333,3.331358,20.45360804,39.33834434,1
17:58:08,3.333,3.33136,20.46028525,39.35204446,1
17:58:09,3.333,3.331363,20.46696246,39.3658042,1
17:58:10,3.333,3.331365,20.47363967,39.3794477,1
17:58:11,3.333,3.331367,20.48031688,39.39309716,1
17:58:12,3.333,3.331369,20.48699409,39.40681517,1
17:58:13,3.333,3.331372,20.4936713,39.42049146,1
17:58:14,3.333,3.331374,20.50034851,39.4340694,1
17:58:15,3.333,3.331377,20.50702572,39.44773376,1
17:58:16,3.333,3.331379,20.51370293,39.46129382,1
17:58:17,3.333,3.331381,20.52038014,39.47486579,1
17:58:18,3.333,3.331383,20.52705735,39.48844075,1
17:58:19,3.333,3.331386,20.53373456,39.50200975,1
17:58:20,3.333,3.331388,20.54041177,39.51564133,1
17:58:21,3.333,3.33139,20.54708898,39.52915967,1
17:58:22,3.333,3.331392,20.55376619,39.5427525,1
17:58:23,3.333,3.331394,20.5604434,39.55624104,1
17:58:24,3.333,3.331397,20.56712061,39.56973851,1
17:58:25,3.333,3.331399,20.57379782,39.58323598,1
17:58:26,3.333,3.331401,20.58047503,39.59672749,1
17:58:27,3.333,3.331403,20.58715224,39.61027861,1
17:58:28,3.333,3.331406,20.59382945,39.62371647,1
17:58:29,3.333,3.331408,20.60050666,39.63716328,1
17:58:30,3.333,3.33141,20.60718387,39.65060711,1
17:58:31,3.333,3.331412,20.61386,39.664042,1
17:58:32,3.333,3.331414,20.62053829,39.67746794,1
17:58:33,3.333,3.331417,20.6272155,39.69088495,1
17:58:34,3.333,3.331419,20.63389271,39.70435858,1
17:58:35,3.333,3.331421,20.64056993,39.71772194,1
17:58:36,3.333,3.331424,20.64724714,39.73109126,1
17:58:37,3.333,3.331425,20.65392435,39.7444576,1
17:58:38,3.333,3.331428,20.66060156,39.75788653,1
17:58:39,3.333,3.33143,20.66727877,39.77127373,1
17:58:40,3.333,3.331432,20.67395598,39.78456557,1
17:58:41,3.333,3.331434,20.68063319,39.7978723,1
17:58:42,3.333,3.331436,20.6873104,39.81118202,1
17:58:43,3.333,3.331439,20.69398761,39.82455432,1
17:58:44,3.333,3.331441,20.70066482,39.83781636,1
17:58:45,3.333,3.331443,20.70734203,39.85108733,1
17:58:46,3.333,3.331445,20.71401924,39.86435533,1
17:58:47,3.333,3.331447,20.72069645,39.87761736,1
17:58:48,3.333,3.33145,20.72737366,39.890939,1
17:58:49,3.333,3.331452,20.73405087,39.90415037,1
17:58:50,3.333,3.331454,20.74072808,39.91737068,1
17:58:51,3.333,3.331456,20.74740529,39.93065357,1
17:58:52,3.333,3.331458,20.7540825,39.94382918,1
17:58:53,3.333,3.33146,20.76075971,39.95701373,1
17:58:54,3.333,3.331462,20.76743692,39.97019827,1
17:58:55,3.333,3.331465,20.77411413,39.98344243,1
17:58:56,3.333,3.331467,20.78079134,39.99664783,1
17:58:57,3.333,3.331469,20.78746855,40.00976086,1
17:58:58,3.333,3.331471,20.79414576,40.02295434,1
17:58:59,3.333,3.331473,20.80082297,40.03604949,1
17:59:00,3.333,3.331475,20.80750018,40.04915655,1
17:59:01,3.333,3.331477,20.81417739,40.06226659,1
17:59:02,3.333,3.331479,20.8208546,40.07537067,1
17:59:03,3.333,3.331481,20.82753,40.08853436,1
17:59:04,3.333,3.331484,20.83420902,40.10159075,1
17:59:05,3.333,3.331486,20.84088624,40.11471868,1
17:59:06,3.333,3.331488,20.84756345,40.12774527,1
17:59:07,3.333,3.33149,20.85424066,40.14078379,1
17:59:08,3.333,3.331492,20.86091787,40.15388787,1
17:59:09,3.333,3.331494,20.86759508,40.16688764,1
17:59:10,3.333,3.331496,20.87427229,40.17989635,1
17:59:11,3.333,3.331498,20.8809495,40.19290507,1
17:59:12,3.333,3.3315,20.88762671,40.20590782,1
17:59:13,3.333,3.331502,20.89430392,40.21890163,1
17:59:14,3.333,3.331504,20.90098113,40.23188949,1
17:59:15,3.334,3.331506,20.90765834,40.24908245,1
17:59:16,3.334,3.331991,20.91433555,40.26423097,1
17:59:17,3.334,3.332232,20.92101276,40.27836025,1
17:59:18,3.334,3.332353,20.92768997,40.29198,1
17:59:19,3.334,3.332414,20.93436718,40.30533433,1
17:59:20,3.334,3.332446,20.94104439,40.31855762,1
17:59:21,3.334,3.332462,20.9477216,40.33177793,1
17:59:22,3.334,3.332472,20.95439881,40.34485817,1
17:59:23,3.334,3.332477,20.96107602,40.35792947,1
17:59:24,3.334,3.332481,20.96775323,40.37099183,1
17:59:25,3.334,3.332484,20.97443044,40.38404226,1
17:59:26,3.334,3.332487,20.98110765,40.39708376,1
17:59:27,3.334,3.332489,20.98778486,40.41011631,1
17:59:28,3.334,3.332491,20.99446207,40.42313695,1
17:59:29,3.334,3.332493,21.00113928,40.43614864,1
17:59:30,3.334,3.332495,21.00781649,40.4491514,1
17:59:31,3.334,3.332497,21.0144937,40.46214521,1
17:59:32,3.334,3.3325,21.02117091,40.4751271,1
17:59:33,3.334,3.332502,21.02784812,40.48809707,1
17:59:34,3.335,3.332504,21.03452533,40.50525725,1
17:59:35,3.334,3.332988,21.0412,40.51618278,1
17:59:36,3.335,3.332747,21.04787976,40.53231478,1
17:59:37,3.335,3.333111,21.05455697,40.54691792,1
17:59:38,3.335,3.333292,21.06123418,40.5608356,1
17:59:39,3.335,3.333384,21.06791139,40.57425559,1
17:59:40,3.335,3.33343,21.0745886,40.58756828,1
17:59:41,3.335,3.333454,21.08126581,40.60068429,1
17:59:42,3.335,3.333467,21.08794302,40.61376452,1
17:59:43,3.335,3.333475,21.09462023,40.6268239,1
17:59:44,3.335,3.333479,21.10129744,40.6398654,1
17:59:45,3.335,3.333483,21.10797465,40.65296352,1
17:59:46,3.335,3.333485,21.11465186,40.66594839,1
17:59:47,3.335,3.333488,21.12132907,40.67893922,1
17:59:48,3.335,3.33349,21.12800628,40.69192708,1
17:59:49,3.335,3.333492,21.13468349,40.70497751,1
17:59:50,3.335,3.333494,21.1413607,40.71792066,1
17:59:51,3.335,3.333496,21.14803791,40.73087275,1
17:59:52,3.336,3.333498,21.15471512,40.74800313,1
17:59:53,3.336,3.333983,21.16139233,40.76310992,1
17:59:54,3.336,3.334225,21.16806954,40.77721,1
17:59:55,3.335,3.334347,21.17474675,40.78661501,1
17:59:56,3.336,3.333925,21.18142396,40.80196619,1
17:59:57,3.336,3.334199,21.18810117,40.81616998,1
17:59:58,3.336,3.334336,21.19477838,40.82979858,1
17:59:59,3.336,3.334406,21.20145559,40.84313512,1
18:00:00,3.336,3.334441,21.2081328,40.85632265,1
18:00:01,3.336,3.33446,21.21481001,40.86942971,1
18:00:02,3.336,3.33447,21.22148722,40.88256359,1
18:00:03,3.336,3.334476,21.22816443,40.89556932,1
18:00:04,3.336,3.33448,21.23484164,40.90857506,1
18:00:05,3.336,3.334483,21.24151886,40.92157483,1
18:00:06,3.336,3.334486,21.24819607,40.93456,1
18:00:07,3.336,3.334488,21.25487,40.94761014,1
18:00:08,3.336,3.33449,21.26155049,40.96055031,1
18:00:09,3.336,3.334492,21.2682277,40.97349644,1
18:00:10,3.336,3.334495,21.27490491,40.98643959,1
18:00:11,3.336,3.334496,21.28158212,40.99937975,1
18:00:12,3.337,3.334499,21.28825933,41.01647437,1
18:00:13,3.337,3.334983,21.29493654,41.03155,1
18:00:16,3.337,3.335225,21.30161375,41.04562104,1
18:00:17,3.337,3.335346,21.30829096,41.05925858,1
18:00:17,3.337,3.335407,21.31496817,41.07253253,1
18:00:17,3.337,3.335438,21.32164538,41.08569026,1
18:00:18,3.337,3.335455,21.32832259,41.09878838,1
18:00:21,3.337,3.335465,21.3349998,41.11184776,1
18:00:21,3.337,3.33547,21.34167701,41.12488627,1
18:00:22,3.337,3.335474,21.34835422,41.13790989,1
18:00:22,3.338,3.335477,21.35503143,41.1551863,1
18:00:23,3.337,3.335962,21.36170864,41.16615653,1
18:00:24,3.337,3.335721,21.36838585,41.17813408,1
18:00:25,3.337,3.335603,21.37506306,41.19067192,1
18:00:26,3.337,3.335545,21.38174027,41.20335877,1
18:00:27,3.338,3.335517,21.38841748,41.22031629,1
18:00:28,3.338,3.335987,21.39509469,41.23542905,1
18:00:29,3.338,3.336221,21.4017719,41.24952257,1
18:00:30,3.338,3.336339,21.40844911,41.26310945,1
18:00:31,3.338,3.336398,21.41512632,41.27637148,1
18:00:32,3.338,3.336429,21.42180353,41.28953815,1
18:00:33,3.338,3.336445,21.42848074,41.30264819,1
18:00:34,3.338,3.336454,21.43515795,41.31572843,1
18:00:35,3.338,3.336459,21.44183517,41.3287878,1
18:00:36,3.338,3.336463,21.44851238,41.34183228,1
18:00:37,3.338,3.336466,21.45518959,41.35486484,1
18:00:38,3.338,3.336469,21.4618668,41.36788547,1
18:00:39,3.338,3.336471,21.46854,41.38089716,1
18:00:40,3.338,3.336473,21.47522122,41.39389992,1
18:00:41,3.338,3.336475,21.48189843,41.40689075,1
18:00:42,3.338,3.336477,21.48857564,41.41987264,1
18:00:43,3.338,3.336479,21.49525285,41.43284559,1
18:00:44,3.338,3.336481,21.50193006,41.4458096,1
18:00:45,3.338,3.336483,21.50860727,41.45876467,1
18:00:46,3.338,3.336485,21.51528448,41.47170782,1
18:00:47,3.338,3.336487,21.52196169,41.48464,1
18:00:48,3.338,3.336489,21.5286389,41.4975673,1
18:00:49,3.338,3.336491,21.53531611,41.51055217,1
18:00:50,3.338,3.336493,21.54199332,41.52342677,1
18:00:51,3.338,3.336495,21.54867053,41.53630733,1
18:00:52,3.338,3.336497,21.55534774,41.5491879,1
18:00:53,3.338,3.336499,21.56202495,41.5620625,1
18:00:54,3.338,3.336501,21.56870216,41.57493114,1
18:00:55,3.338,3.336503,21.57537937,41.58785641,1
18:00:56,3.338,3.336505,21.58205658,41.60067439,1
18:00:57,3.338,3.336507,21.58873379,41.61350131,1
18:00:58,3.338,3.336509,21.595411,41.62632525,1
18:00:59,3.338,3.336511,21.60208821,41.63914323,1
18:01:00,3.338,3.336513,21.60876542,41.65195525,1
18:01:01,3.338,3.336514,21.61544263,41.6647613,1
18:01:02,3.338,3.336517,21.62211984,41.67755544,1
18:01:03,3.338,3.336519,21.62879705,41.69034064,1
18:01:04,3.338,3.33652,21.63547426,41.70311987,1
18:01:05,3.338,3.336523,21.64215147,41.71588719,1
18:01:06,3.338,3.336524,21.64882869,41.72864854,1
18:01:07,3.338,3.336526,21.6555059,41.74139798,1
18:01:08,3.338,3.336529,21.66218311,41.75413847,1
18:01:09,3.338,3.33653,21.66886032,41.76687002,1
18:01:10,3.338,3.336532,21.67553753,41.77959263,1
18:01:11,3.338,3.336534,21.68221,41.7923063,1
18:01:12,3.338,3.336536,21.68889195,41.80501401,1
18:01:13,3.338,3.336538,21.69556916,41.8177098,1
18:01:14,3.338,3.33654,21.70224637,41.83039665,1
18:01:15,3.338,3.336542,21.70892358,41.84307456,1
18:01:16,3.338,3.336544,21.71560079,41.85574651,1
18:01:17,3.338,3.336546,21.722278,41.86840653,1
18:01:18,3.338,3.336548,21.72895521,41.88105762,1
18:01:19,3.338,3.336549,21.73563242,41.89370275,1
18:01:20,3.338,3.336551,21.74230963,41.90633595,1
18:01:21,3.338,3.336553,21.74898684,41.91896021,1
18:01:22,3.338,3.336555,21.75566405,41.93157554,1
18:01:23,3.338,3.336557,21.76234126,41.9441849,1
18:01:24,3.339,3.336559,21.76901847,41.96089506,1
18:01:25,3.339,3.337044,21.77569568,41.97569788,1
18:01:26,3.339,3.337286,21.78237289,41.98937714,1
18:01:27,3.339,3.337407,21.7890501,42.00257957,1
18:01:28,3.338,3.337469,21.79572731,42.01143682,1
18:01:29,3.339,3.337016,21.80240452,42.02625453,1
18:01:30,3.339,3.337276,21.80908173,42.04000831,1
18:01:31,3.339,3.337406,21.81575894,42.05322564,1
18:01:32,3.339,3.337472,21.82243615,42.06617475,1
18:01:33,3.339,3.337505,21.82911336,42.07898676,1
18:01:34,3.339,3.337523,21.83579057,42.09172428,1
18:01:35,3.339,3.337533,21.84246778,42.10442007,1
18:01:36,3.339,3.337538,21.849145,42.11709201,1
18:01:37,3.339,3.337542,21.85582221,42.12974608,1
18:01:38,3.339,3.337545,21.86249942,42.14238822,1
18:01:39,3.339,3.337548,21.86917663,42.15502143,1
18:01:40,3.339,3.33755,21.87585384,42.16764271,1
18:01:41,3.339,3.337551,21.88253105,42.18025804,1
18:01:42,3.339,3.337554,21.88920826,42.19286144,1
18:01:43,3.339,3.337556,21.89589,42.2054559,1
18:01:44,3.339,3.337557,21.90256268,42.2180444,1
18:01:45,3.339,3.337559,21.90923989,42.23062396,1
18:01:46,3.339,3.337561,21.9159171,42.24319,1
18:01:47,3.339,3.337563,21.92259431,42.25582182,1
18:01:48,3.339,3.337565,21.92927152,42.26834178,1
18:01:49,3.339,3.337567,21.93594873,42.28087068,1
18:01:50,3.339,3.337569,21.94262594,42.29339659,1
18:01:51,3.339,3.33757,21.94930315,42.30598509,1
18:01:52,3.339,3.337572,21.95598036,42.31847227,1
18:01:53,3.339,3.337574,21.96265757,42.3309654,1
18:01:54,3.339,3.337576,21.96933478,42.34345853,1
18:01:55,3.339,3.337578,21.97601199,42.35594869,1
18:01:56,3.339,3.337579,21.9826892,42.36843288,1
18:01:57,3.339,3.337581,21.98936641,42.3809737,1
18:01:58,3.339,3.337583,21.99604362,42.39341021,1
18:01:59,3.339,3.337585,22.00272083,42.40585268,1
18:02:00,3.339,3.337587,22.00939804,42.41836071,1
18:02:01,3.339,3.337589,22.01607525,42.43083298,1
18:02:02,3.339,3.337591,22.02275246,42.44321883,1
18:02:03,3.339,3.337592,22.02942967,42.45562255,1
18:02:04,3.339,3.337594,22.03610688,42.46802926,1
18:02:05,3.339,3.337596,22.04278409,42.48043299,1
18:02:06,3.339,3.337598,22.04946131,42.49283075,1
18:02:07,3.339,3.3376,22.05613852,42.50528514,1
18:02:08,3.339,3.337602,22.06281573,42.51763821,1
18:02:09,3.339,3.337604,22.06949294,42.52999723,1
18:02:10,3.339,3.337605,22.07617015,42.54235923,1
18:02:11,3.339,3.337607,22.08284736,42.55471528,1
18:02:12,3.339,3.337609,22.08952457,42.56706536,1
18:02:13,3.339,3.337611,22.09620178,42.5794065,1
18:02:14,3.339,3.337613,22.10287899,42.59174168,1
18:02:15,3.339,3.337614,22.10956,42.60413349,1
18:02:16,3.339,3.337616,22.11623341,42.61642098,1
18:02:17,3.339,3.337618,22.12291062,42.62871742,1
18:02:18,3.339,3.33762,22.12958783,42.64101386,1
18:02:19,3.339,3.337621,22.13626504,42.65336692,1
18:02:20,3.339,3.337623,22.14294225,42.66562164,1
18:02:21,3.339,3.337625,22.14961946,42.67788231,1
18:02:22,3.339,3.337627,22.15629667,42.69020557,1
18:02:23,3.339,3.337628,22.16297388,42.70243347,1
18:02:24,3.339,3.33763,22.16965109,42.7146703,1
18:02:25,3.339,3.337632,22.1763283,42.72691011,1
18:02:26,3.339,3.337634,22.18300551,42.73914397,1
18:02:27,3.339,3.337636,22.18968272,42.75137186,1
18:02:28,3.339,3.337638,22.19635993,42.76359081,1
18:02:29,3.339,3.337639,22.20303714,42.77580678,1
18:02:30,3.339,3.337641,22.20971435,42.78801382,1
18:02:31,3.339,3.337643,22.21639156,42.80021191,1
18:02:32,3.339,3.337645,22.22306877,42.81240106,1
18:02:33,3.339,3.337646,22.22974598,42.82458425,1
18:02:34,3.339,3.337648,22.23642319,42.83682108,1
18:02:35,3.339,3.33765,22.2431004,42.84895957,1
18:02:36,3.339,3.337651,22.24977762,42.86110401,1
18:02:37,3.339,3.337653,22.25645483,42.87324846,1
18:02:38,3.339,3.337655,22.26313204,42.88538694,1
18:02:39,3.339,3.337657,22.26980925,42.89751947,1
18:02:40,3.339,3.337658,22.27648646,42.90964603,1
18:02:41,3.339,3.33766,22.28316367,42.92176366,1
18:02:42,3.339,3.337662,22.28984088,42.9338783,1
18:02:43,3.339,3.337664,22.29651809,42.94598103,1
18:02:44,3.339,3.337665,22.3031953,42.95807779,1
18:02:45,3.339,3.337667,22.30987251,42.97016561,1
18:02:46,3.339,3.337668,22.31654972,42.98224747,1
18:02:47,3.339,3.337671,22.32323,42.99432039,1
18:02:48,3.339,3.337672,22.32990414,43.00638735,1
18:02:49,3.339,3.337674,22.33658135,43.01844537,1
18:02:50,3.339,3.337676,22.34325856,43.03049743,1
18:02:51,3.339,3.337677,22.34993577,43.04254055,1
18:02:52,3.339,3.337679,22.35661298,43.05457473,1
18:02:53,3.339,3.337681,22.36329019,43.06660295,1
18:02:54,3.339,3.337682,22.3699674,43.0786252,1
18:02:55,3.339,3.337684,22.37664461,43.09063852,1
18:02:56,3.339,3.337686,22.38332182,43.1027025,1
18:02:57,3.339,3.337687,22.38999903,43.11467111,1
18:02:58,3.339,3.337689,22.39667624,43.12664568,1
18:02:59,3.339,3.337691,22.40335345,43.13862026,1
18:03:00,3.339,3.337693,22.41003066,43.15059185,1
18:03:01,3.339,3.337694,22.41670787,43.16255748,1
18:03:02,3.339,3.337696,22.42338508,43.17451715,1
18:03:03,3.339,3.337697,22.43006229,43.18647087,1
18:03:04,3.339,3.337698,22.4367395,43.1984812,1
18:03:05,3.339,3.337699,22.44341671,43.21039915,1
18:03:06,3.339,3.3377,22.45009392,43.22232902,1
18:03:07,3.339,3.337701,22.45677114,43.23426485,1
18:03:08,3.339,3.337703,22.46344835,43.24620068,1
18:03:09,3.339,3.337704,22.47012556,43.25819314,1
18:03:10,3.339,3.337705,22.47680277,43.2700932,1
18:03:11,3.339,3.337706,22.48347998,43.28206778,1
18:03:12,3.339,3.337707,22.49015719,43.2939589,1
18:03:13,3.339,3.337708,22.4968344,43.30586195,1
18:03:14,3.339,3.337709,22.50351161,43.31777096,1
18:03:15,3.339,3.33771,22.51018882,43.32974255,1
18:03:16,3.339,3.337712,22.51686603,43.34162474,1
18:03:17,3.339,3.337713,22.52354324,43.35351884,1
18:03:18,3.339,3.337713,22.53022045,43.36548,1
18:03:19,3.339,3.337715,22.5369,43.37734878,1
18:03:20,3.339,3.337716,22.54357487,43.38923395,1
18:03:21,3.339,3.337717,22.55025208,43.40112209,1
18:03:22,3.339,3.337718,22.55692929,43.41301322,1
18:03:23,3.339,3.337719,22.5636065,43.42490137,1
18:03:24,3.339,3.33772,22.57028371,43.43678653,1
18:03:25,3.339,3.337721,22.57696092,43.4486717,1
18:03:26,3.339,3.337723,22.58363813,43.4605509,1
18:03:27,3.339,3.337724,22.59031534,43.47248673,1
18:03:28,3.339,3.337725,22.59699255,43.48433316,1
18:03:29,3.339,3.337726,22.60366976,43.49618852,1
18:03:30,3.339,3.337727,22.61034697,43.50804985,1
18:03:31,3.339,3.337728,22.61702418,43.51991117,1
18:03:32,3.339,3.337729,22.62370139,43.5318321,1
18:03:33,3.339,3.33773,22.6303786,43.54366064,1
18:03:34,3.339,3.337732,22.63705581,43.5555011,1
18:03:35,3.339,3.337733,22.64373302,43.56734455,1
18:03:36,3.339,3.337734,22.65041023,43.57919097,1
18:03:37,3.339,3.337735,22.65708745,43.59103441,1
18:03:38,3.339,3.337736,22.66376466,43.60287488,1
18:03:39,3.339,3.337737,22.67044187,43.61477196,1
18:03:40,3.339,3.337738,22.67711908,43.62657666,1
18:03:41,3.339,3.337739,22.68379629,43.63845289,1
18:03:42,3.339,3.33774,22.6904735,43.65025,1
18:03:43,3.339,3.337741,22.69715071,43.66205335,1
18:03:44,3.339,3.337743,22.70382792,43.67386699,1
18:03:45,3.339,3.337744,22.71050513,43.68568361,1
18:03:46,3.339,3.337745,22.71718234,43.69749725,1
18:03:47,3.339,3.337746,22.72385955,43.70936751,1
18:03:48,3.339,3.337747,22.73053676,43.72114837,1
18:03:49,3.339,3.337748,22.73721397,43.73294115,1
18:03:50,3.339,3.337749,22.74389118,43.74473691,1
18:03:51,3.339,3.33775,22.75057,43.75653267,1
18:03:52,3.339,3.337751,22.7572456,43.76832843,1
18:03:53,3.339,3.337753,22.76392281,43.78017783,1
18:03:54,3.339,3.337753,22.77060002,43.79199743,1
18:03:55,3.339,3.337755,22.77727723,43.80373955,1
18:03:56,3.339,3.337755,22.78395444,43.81550252,1
18:03:57,3.339,3.337757,22.79063165,43.82727146,1
18:03:58,3.339,3.337758,22.79730886,43.83904338,1
18:03:59,3.339,3.337759,22.80398607,43.8508153,1
18:04:00,3.339,3.33776,22.81066328,43.85945499,1
18:04:01,3.339,3.337762,22.81734049,43.86531413,1
18:04:02,3.339,3.337762,22.8240177,43.87109876,1
18:04:03,3.339,3.337763,22.83069491,43.87684464,1
18:04:04,3.339,3.337764,22.83737212,43.88257265,1
18:04:05,3.339,3.337764,22.84404933,43.88811588,1
18:04:06,3.339,3.337765,22.85072654,43.89373958,1
18:04:07,3.339,3.337765,22.85740376,43.89923215,1
18:04:08,3.339,3.337765,22.86408097,43.90465915,1
18:04:09,3.339,3.337766,22.87075818,43.91005635,1
18:04:10,3.339,3.337766,22.87743539,43.91538203,1
18:04:11,3.339,3.337766,22.8841126,43.92067492,1
18:04:12,3.339,3.337767,22.89078981,43.92589927,1
18:04:13,3.339,3.337767,22.89746702,43.93103421,1
18:04:14,3.339,3.337767,22.90414423,43.93618703,1
18:04:15,3.339,3.337767,22.91082144,43.94123852,1
18:04:16,3.339,3.337768,22.91749865,43.94624233,1
18:04:17,3.339,3.337764,22.92417586,43.95116866,1
18:04:18,3.339,3.337756,22.93085307,43.95605028,1
18:04:19,3.339,3.337752,22.93753028,43.960917,1
18:04:20,3.339,3.33775,22.94420749,43.96572709,1
18:04:21,3.339,3.337749,22.9508847,43.97040009,1
18:04:22,3.339,3.337749,22.95756191,43.97512972,1
18:04:23,3.339,3.337749,22.96424,43.97977889,1
18:04:24,3.339,3.337748,22.97091633,43.98439825,1
18:04:25,3.339,3.337748,22.97759354,43.9889,1
18:04:26,3.339,3.337748,22.98427075,43.99339855,1
18:04:27,3.339,3.337748,22.99094796,43.99786,1
18:04:28,3.339,3.337748,22.99762517,44.00225282,1
18:04:29,3.339,3.337748,23.00430238,44.00656521,1
18:04:30,3.339,3.337748,23.01097959,44.01090741,1
18:04:31,3.339,3.337748,23.0176568,44.0151006,1
18:04:32,3.339,3.337747,23.02433401,44.01935041,1
18:04:33,3.339,3.337748,23.03101122,44.02352571,1
18:04:34,3.339,3.337748,23.03768843,44.02761757,1
18:04:35,3.339,3.337747,23.04436564,44.03168261,1
18:04:36,3.339,3.337747,23.05104285,44.03569102,1
18:04:37,3.339,3.337747,23.05772007,44.03974712,1
18:04:38,3.339,3.337747,23.06439728,44.04366612,1
18:04:39,3.339,3.337747,23.07107449,44.04759109,1
18:04:40,3.339,3.337746,23.0777517,44.05309856,1
18:04:41,3.339,3.337746,23.08442891,44.05974448,1
18:04:42,3.339,3.337746,23.09110612,44.06689703,1
18:04:43,3.339,3.337746,23.09778333,44.07435954,1
18:04:44,3.339,3.337746,23.10446054,44.08203661,1
18:04:45,3.339,3.337746,23.11113775,44.08976138,1
18:04:46,3.339,3.337746,23.11781496,44.09750998,1
18:04:47,3.339,3.337746,23.12449217,44.10527349,1
18:04:48,3.339,3.337746,23.13116938,44.11298037,1
18:04:49,3.339,3.337746,23.13784659,44.12072003,1
18:04:50,3.339,3.337746,23.1445238,44.12847757,1
18:04:51,3.339,3.337746,23.15120101,44.13630366,1
18:04:52,3.339,3.337746,23.15787822,44.14410591,1
18:04:53,3.339,3.337746,23.16455543,44.15183365,1
18:04:54,3.339,3.337747,23.17123264,44.15958524,1
18:04:55,3.339,3.337747,23.17791,44.16734874,1
18:04:56,3.339,3.337747,23.18458706,44.17518079,1
18:04:57,3.339,3.337747,23.19126427,44.18298602,1
18:04:58,3.339,3.337747,23.19794148,44.19071972,1
18:04:59,3.339,3.337747,23.20461869,44.19847429,1
18:05:00,3.339,3.337747,23.2112959,44.20624077,1
18:05:01,3.339,3.337747,23.21797311,44.2140758,1
18:05:02,3.339,3.337747,23.22465032,44.22188401,1
18:05:03,3.339,3.337748,23.23132753,44.22961771,1
18:05:04,3.339,3.337748,23.23800474,44.23737526,1
18:05:05,3.339,3.337748,23.24468195,44.24520731,1
18:05:06,3.339,3.337748,23.25135916,44.25301552,1
18:05:07,3.339,3.337748,23.25803638,44.2607522,1
18:05:08,3.339,3.337748,23.26471359,44.26851,1
18:05:09,3.339,3.337748,23.2713908,44.27628517,1
18:05:10,3.339,3.337748,23.27806801,44.28412616,1
18:05:11,3.339,3.337749,23.28474522,44.29194033,1
18:05:12,3.339,3.337748,23.29142243,44.29967999,1
18:05:13,3.339,3.337749,23.29809964,44.3074435,1
18:05:14,3.339,3.337749,23.30477685,44.31528151,1
18:05:15,3.339,3.337749,23.31145406,44.32309568,1
18:05:16,3.339,3.337749,23.31813127,44.33083534,1
18:05:17,3.339,3.337749,23.32480848,44.33860183,1
18:05:18,3.339,3.337749,23.33148569,44.34643984,1
18:05:19,3.339,3.337749,23.3381629,44.35425699,1
18:05:20,3.339,3.337749,23.34484011,44.36199963,1
18:05:21,3.339,3.337749,23.35151732,44.36976612,1
18:05:22,3.339,3.337749,23.35819453,44.37760711,1
18:05:23,3.339,3.33775,23.36487174,44.38542426,1
18:05:24,3.339,3.33775,23.37154895,44.39316988,1
18:05:25,3.339,3.337749,23.37822616,44.40093935,1
18:05:26,3.339,3.33775,23.38490337,44.40878332,1
18:05:27,3.339,3.33775,23.39158,44.41660345,1
18:05:28,3.339,3.33775,23.39825779,44.42435205,1
18:05:29,3.339,3.33775,23.404935,44.4321245,1
18:05:30,3.339,3.33775,23.41161221,44.43997145,1
18:05:31,3.339,3.33775,23.41828942,44.44779456,1
18:05:32,3.339,3.33775,23.42496663,44.45554316,1
18:05:33,3.339,3.33775,23.43164384,44.46331859,1
18:05:34,3.339,3.33775,23.43832105,44.47117,1
18:05:35,3.339,3.337751,23.44499826,44.47899461,1
18:05:36,3.339,3.337751,23.45167547,44.48674619,1
18:05:37,3.339,3.337751,23.45835268,44.49452162,1
18:05:38,3.339,3.337751,23.4650299,44.50237155,1
18:05:39,3.339,3.337751,23.47170711,44.51019764,1
18:05:40,3.339,3.337751,23.47838432,44.5179522,1
18:05:41,3.339,3.337751,23.48506153,44.52573061,1
18:05:42,3.339,3.337751,23.49173874,44.53358352,1
18:05:43,3.339,3.337752,23.49841595,44.54141259,1
18:05:44,3.339,3.337751,23.50509316,44.54917014,1
18:05:45,3.339,3.337752,23.51177037,44.55701411,1
18:05:46,3.339,3.337752,23.51844758,44.5648402,1
18:05:47,3.339,3.337752,23.52512479,44.57259476,1
18:05:48,3.339,3.337752,23.531802,44.58037615,1
18:05:49,3.339,3.337752,23.53847921,44.58823204,1
18:05:50,3.339,3.337752,23.54515642,44.59606707,1
18:05:51,3.339,3.337752,23.55183363,44.6038276,1
18:05:52,3.339,3.337753,23.55851084,44.61167455,1
18:05:53,3.339,3.337753,23.56518805,44.61950362,1
18:05:54,3.339,3.337753,23.57186526,44.62726414,1
18:05:55,3.339,3.337753,23.57854247,44.63504851,1
18:05:56,3.339,3.337753,23.58521968,44.64291036,1
18:05:57,3.339,3.337753,23.59189689,44.65074837,1
18:05:58,3.339,3.337753,23.5985741,44.65851188,1
18:05:59,3.339,3.337753,23.60525,44.66636479,1
18:06:00,3.339,3.337754,23.61192852,44.67419982,1
18:06:01,3.339,3.337753,23.61860573,44.68196332,1
18:06:02,3.339,3.337753,23.62528294,44.68975365,1
18:06:03,3.339,3.337754,23.63196015,44.69761848,1
18:06:04,3.339,3.337754,23.63863736,44.70545948,1
18:06:05,3.339,3.337754,23.64531457,44.71322894,1
18:06:06,3.339,3.337754,23.65199178,44.72108483,1
18:06:07,3.339,3.337754,23.65866899,44.72892284,1
18:06:08,3.339,3.337754,23.66534621,44.73668933,1
18:06:09,3.339,3.337754,23.67202342,44.74454522,1
18:06:10,3.339,3.337754,23.67870063,44.75238323,1
18:06:11,3.339,3.337754,23.68537784,44.7601527,1
18:06:12,3.339,3.337754,23.69205505,44.76794899,1
18:06:13,3.339,3.337754,23.69873226,44.77581978,1
18:06:14,3.339,3.337755,23.70540947,44.78360415,1
18:06:15,3.339,3.337755,23.71208668,44.79140937,1
18:06:16,3.339,3.337755,23.71876389,44.79928613,1
18:06:17,3.339,3.337755,23.7254411,44.80713606,1
18:06:18,3.339,3.337755,23.73211831,44.81491148,1
18:06:19,3.339,3.337755,23.73879552,44.82277632,1
18:06:20,3.339,3.337755,23.74547273,44.83062327,1
18:06:21,3.339,3.337755,23.75214994,44.83839869,1
18:06:22,3.339,3.337755,23.75882715,44.84626353,1
18:06:23,3.339,3.337756,23.76550436,44.85411048,1
18:06:24,3.339,3.337756,23.77218157,44.86188591,1
18:06:25,3.339,3.337756,23.77885878,44.86975074,1
18:06:26,3.339,3.337756,23.78553599,44.87759769,1
18:06:27,3.339,3.337756,23.7922132,44.88537312,1
18:06:28,3.339,3.337756,23.79889041,44.89324093,1
18:06:29,3.339,3.337756,23.80556762,44.90109086,1
18:06:30,3.339,3.337756,23.81224483,44.90886927,1
18:06:31,3.339,3.337756,23.81892,44.91673708,1
18:06:32,3.339,3.337757,23.82559925,44.92458999,1
18:06:33,3.339,3.337757,23.83227646,44.93237138,1
18:06:34,3.339,3.337757,23.83895367,44.94024217,1
18:06:35,3.339,3.337757,23.84563088,44.94809508,1
18:06:36,3.339,3.337757,23.85230809,44.95587647,1
18:06:37,3.339,3.337757,23.8589853,44.96375024,1
18:06:38,3.339,3.337757,23.86566252,44.97160614,1
18:06:39,3.339,3.337757,23.87233973,44.9793905,1
18:06:40,3.339,3.337757,23.87901694,44.98726428,1
18:06:41,3.339,3.337758,23.88569415,44.99512017,1
18:06:42,3.339,3.337757,23.89237136,45.00290453,1
18:06:43,3.339,3.337758,23.89904857,45.01078129,1
18:06:44,3.339,3.337758,23.90572578,45.01864016,1
18:06:45,3.339,3.337758,23.91240299,45.02642751,1
18:06:46,3.339,3.337758,23.9190802,45.03430426,1
18:06:47,3.339,3.337758,23.92575741,45.04210055,1
18:06:48,3.339,3.337758,23.93243462,45.04992068,1
18:06:49,3.339,3.337758,23.93911183,45.05781531,1
18:06:50,3.339,3.337759,23.94578904,45.06562054,1
18:06:51,3.339,3.337758,23.95246625,45.07344663,1
18:06:52,3.339,3.337759,23.95914346,45.08134425,1
18:06:53,3.339,3.337759,23.96582067,45.08915246,1
18:06:54,3.339,3.337759,23.97249788,45.09697855,1
18:06:55,3.339,3.337759,23.97917509,45.10487914,1
18:06:56,3.339,3.337759,23.9858523,45.11269033,1
18:06:57,3.339,3.337759,23.99252951,45.12058198,1
18:06:58,3.339,3.337759,23.99920672,45.12845278,1
18:06:59,3.339,3.337759,24.00588393,45.13624907,1
18:07:00,3.339,3.337759,24.01256114,45.14413774,1
18:07:01,3.339,3.33776,24.01923835,45.15194297,1
18:07:02,3.339,3.337759,24.02591556,45.15976906,1
18:07:03,3.339,3.33776,24.03259,45.16767263,1
18:07:04,3.339,3.33776,24.03926998,45.1754868,1
18:07:05,3.339,3.33776,24.04594719,45.18338442,1
18:07:06,3.339,3.33776,24.0526244,45.19126117,1
18:07:07,3.339,3.33776,24.05930161,45.19906044,1
18:07:08,3.339,3.33776,24.06597883,45.2069521,1
18:07:09,3.339,3.33776,24.07265604,45.2147603,1
18:07:10,3.34,3.33776,24.07933325,45.22352,1
18:07:11,3.339,3.338244,24.08601046,45.23095191,1
18:07:12,3.339,3.338001,24.09268767,45.23854852,1
18:07:13,3.339,3.33788,24.09936488,45.24627328,1
18:07:14,3.339,3.33782,24.10604209,45.25406361,1
18:07:15,3.339,3.33779,24.1127193,45.26188672,1
18:07:16,3.339,3.337776,24.11939651,45.26979327,1
18:07:17,3.339,3.337768,24.12607372,45.27761042,1
18:07:18,3.339,3.337765,24.13275093,45.285514,1
18:07:19,3.339,3.337763,24.13942814,45.29339671,1
18:07:20,3.339,3.337762,24.14610535,45.30120492,1
18:07:21,3.339,3.337762,24.15278256,45.30910552,1
18:07:24,3.339,3.337762,24.15945977,45.31692266,1
18:07:25,3.339,3.337762,24.16613698,45.32482624,1
18:07:25,3.339,3.337762,24.17281419,45.33270895,1
18:07:25,3.34,3.337762,24.1794914,45.34143209,1
18:07:26,3.339,3.338245,24.18616861,45.34885585,1
18:07:29,3.339,3.338002,24.19284582,45.35645247,1
18:07:29,3.339,3.337881,24.19952303,45.36424279,1
18:07:30,3.339,3.337822,24.20620024,45.37201,1
18:07:30,3.339,3.337792,24.21287745,45.37982643,1
18:07:31,3.339,3.337777,24.21955466,45.38773298,1
18:07:32,3.34,3.33777,24.22623187,45.39648592,1
18:07:33,3.339,3.338249,24.23290908,45.40391266,1
18:07:34,3.339,3.338005,24.23958629,45.41156888,1
18:07:35,3.339,3.337883,24.24626,45.41933239,1
18:07:36,3.339,3.337823,24.25294071,45.42708993,1
18:07:37,3.339,3.337793,24.25961792,45.4349041,1
18:07:38,3.339,3.337778,24.26629514,45.44281065,1
18:07:39,3.34,3.337771,24.27297235,45.45156658,1
18:07:40,3.34,3.33825,24.27964956,45.45990527,1
18:07:41,3.339,3.338489,24.28632677,45.46709955,1
18:07:42,3.339,3.338124,24.29300398,45.4746455,1
18:07:43,3.34,3.337942,24.29968119,45.48333585,1
18:07:44,3.339,3.338336,24.3063584,45.49066126,1
18:07:45,3.339,3.338048,24.31303561,45.49826384,1
18:07:46,3.339,3.337905,24.31971282,45.50600648,1
18:07:47,3.34,3.337834,24.32639003,45.51478624,1
18:07:48,3.34,3.338282,24.33306724,45.52304149,1
18:07:49,3.34,3.338505,24.33974445,45.5312103,1
18:07:50,3.339,3.338615,24.34642166,45.53826749,1
18:07:51,3.339,3.338187,24.35309887,45.54569721,1
18:07:52,3.339,3.337975,24.35977608,45.55340409,1
18:07:53,3.339,3.337869,24.36645329,45.56120038,1
18:07:54,3.339,3.337817,24.3731305,45.56897581,1
18:07:55,3.34,3.337791,24.37980771,45.57775259,1
18:07:56,3.34,3.338261,24.38648492,45.58619559,1
18:07:57,3.34,3.338495,24.39316213,45.59429288,1
18:07:58,3.339,3.338611,24.39983934,45.60134411,1
18:07:59,3.339,3.338185,24.40651655,45.60885429,1
18:08:00,3.34,3.337974,24.41319376,45.61755657,1
18:08:01,3.34,3.338352,24.41987097,45.62586248,1
18:08:02,3.34,3.33854,24.42654818,45.63389719,1
18:08:03,3.339,3.338634,24.43322539,45.64095,1
18:08:04,3.34,3.338197,24.4399026,45.64941525,1
18:08:05,3.339,3.338463,24.44657981,45.65659463,1
18:08:06,3.34,3.338112,24.45325702,45.66507638,1
18:08:07,3.339,3.338422,24.45993,45.67234516,1
18:08:08,3.34,3.338092,24.46661144,45.68093419,1
18:08:09,3.339,3.338411,24.47328866,45.68819702,1
18:08:10,3.339,3.338087,24.47996587,45.69572806,1
18:08:11,3.339,3.337926,24.48664308,45.70349455,1
18:08:12,3.34,3.337846,24.49332029,45.712322,1
18:08:13,3.339,3.338289,24.4999975,45.71970403,1
18:08:14,3.339,3.338027,24.50667471,45.72734535,1
18:08:15,3.34,3.337896,24.51335192,45.73609829,1
18:08:16,3.339,3.338315,24.52002913,45.74341476,1
18:08:17,3.34,3.338039,24.52670634,45.75197399,1
18:08:18,3.34,3.338386,24.53338355,45.76022029,1
18:08:19,3.339,3.338557,24.54006076,45.76735497,1
18:08:20,3.339,3.33816,24.54673797,45.77483535,1
18:08:21,3.34,3.337963,24.55341518,45.78360319,1
18:08:22,3.339,3.338348,24.56009239,45.79090476,1
18:08:23,3.339,3.338056,24.5667696,45.79849839,1
18:08:24,3.339,3.337911,24.57344681,45.80624402,1
18:08:25,3.34,3.337839,24.58012402,45.81504762,1
18:08:26,3.34,3.338287,24.58680123,45.8235085,1
18:08:27,3.34,3.338509,24.59347844,45.83170116,1
18:08:28,3.339,3.338619,24.60015565,45.83876133,1
18:08:29,3.34,3.338191,24.60683286,45.8471477,1
18:08:30,3.34,3.338462,24.61351007,45.85539997,1
18:08:31,3.34,3.338596,24.62018728,45.86341679,1
18:08:32,3.34,3.338663,24.62686449,45.87146938,1
18:08:33,3.34,3.338696,24.6335417,45.87946534,1
18:08:34,3.339,3.338713,24.64021891,45.88641822,1
18:08:35,3.34,3.338238,24.64689612,45.89490592,1
18:08:36,3.34,3.338485,24.65357333,45.90311646,1
18:08:37,3.34,3.338608,24.66025054,45.91119289,1
18:08:38,3.339,3.338669,24.66692775,45.9182024,1
18:08:39,3.34,3.338217,24.6736,45.92656493,1
18:08:40,3.339,3.338475,24.68028218,45.93378305,1
18:08:41,3.339,3.33812,24.68695939,45.94135,1
18:08:42,3.34,3.337944,24.6936366,45.94998658,1
18:08:43,3.339,3.33834,24.70031381,45.95730901,1
18:08:44,3.34,3.338053,24.70699102,45.96601725,1
18:08:45,3.34,3.338394,24.71366823,45.97433507,1
18:08:46,3.34,3.338563,24.72034544,45.98238766,1
18:08:47,3.34,3.338647,24.72702265,45.99038959,1
18:08:48,3.339,3.338689,24.73369986,45.99739313,1
18:08:49,3.339,3.338227,24.74037707,46.00482285,1
18:08:50,3.339,3.337997,24.74705428,46.01254463,1
18:08:51,3.339,3.337883,24.75373149,46.02036476,1
18:08:52,3.34,3.337827,24.7604087,46.02912664,1
18:08:53,3.34,3.338282,24.76708591,46.03758454,1
18:08:54,3.34,3.338508,24.77376312,46.04570568,1
18:08:55,3.339,3.33862,24.78044033,46.05275989,1
18:08:56,3.34,3.338193,24.78711754,46.06133699,1
18:08:57,3.34,3.338464,24.79379475,46.06959522,1
18:08:58,3.34,3.338599,24.80047196,46.07762396,1
18:08:59,3.34,3.338665,24.80714917,46.08569145,1
18:09:00,3.34,3.338699,24.81382638,46.0937053,1
18:09:01,3.34,3.338715,24.82050359,46.10162079,1
18:09:02,3.339,3.338724,24.8271808,46.10858858,1
18:09:03,3.34,3.338245,24.83385801,46.11696899,1
18:09:04,3.339,3.33849,24.84053522,46.12418115,1
18:09:05,3.34,3.338129,24.84721243,46.13278508,1
18:09:06,3.34,3.338433,24.85388964,46.14106417,1
18:09:07,3.34,3.338583,24.86056685,46.14910483,1
18:09:08,3.339,3.338659,24.86724406,46.15612,1
18:09:09,3.339,3.338212,24.87392128,46.16363049,1
18:09:10,3.339,3.337991,24.88059849,46.17129564,1
18:09:11,3.34,3.337882,24.88728,46.18008435,1
18:09:12,3.34,3.33831,24.89395291,46.18855715,1
18:09:13,3.34,3.338523,24.90063012,46.19668722,1
18:09:14,3.34,3.338629,24.90730733,46.20473683,1
18:09:15,3.34,3.338681,24.91398454,46.21274471,1
18:09:16,3.34,3.338708,24.92066175,46.22080326,1
18:09:17,3.34,3.33872,24.92733896,46.22881711,1
18:09:18,3.339,3.338727,24.93401617,46.23576105,1
18:09:19,3.34,3.338247,24.94069338,46.24428451,1
18:09:20,3.34,3.338492,24.94737059,46.25252485,1
18:09:21,3.34,3.338614,24.9540478,46.2606281,1
18:09:22,3.34,3.338674,24.96072501,46.26866579,1
18:09:23,3.34,3.338704,24.96740222,46.27667069,1
18:09:24,3.34,3.338719,24.97407943,46.28458619,1
18:09:25,3.34,3.338727,24.98075664,46.29260302,1
18:09:26,3.339,3.33873,24.98743385,46.29956186,1
18:09:27,3.34,3.33825,24.99411106,46.3080436,1
18:09:28,3.34,3.338494,25.00078976,46.31626904,1
18:09:29,3.339,3.338615,25.00746846,46.32334411,1
18:09:30,3.34,3.338192,25.01414716,46.33187652,1
18:09:31,3.34,3.338465,25.02082586,46.34012878,1
18:09:32,3.34,3.338601,25.02750456,46.34824395,1
18:09:33,3.34,3.338668,25.03418326,46.35629058,1
18:09:34,3.34,3.338702,25.04086196,46.36430144,1
18:09:35,3.34,3.338719,25.04754,46.37222588,1
18:09:36,3.34,3.338727,25.05421937,46.38024867,1
18:09:37,3.34,3.338731,25.06089807,46.38825059,1
18:09:38,3.34,3.338734,25.06757677,46.39616907,1
18:09:39,3.34,3.338735,25.07425547,46.40418887,1
18:09:40,3.339,3.338735,25.08093417,46.41114473,1
18:09:41,3.34,3.338253,25.08761287,46.4196384,1
18:09:42,3.34,3.338495,25.09429157,46.42787576,1
18:09:43,3.34,3.338617,25.10097027,46.43598497,1
18:09:44,3.34,3.338677,25.10764897,46.4440316,1
18:09:45,3.34,3.338707,25.11432767,46.45204842,1
18:09:46,3.34,3.338722,25.12100637,46.45997584,1
18:09:47,3.34,3.338729,25.12768507,46.46800458,1
18:09:48,3.34,3.338732,25.13436377,46.47601247,1
18:09:49,3.34,3.338735,25.14104247,46.48400843,1
18:09:50,3.339,3.338736,25.14772117,46.49094641,1
18:09:51,3.34,3.338253,25.1544,46.49948776,1
18:09:52,3.34,3.338497,25.16107857,46.50766253,1
18:09:53,3.34,3.338618,25.16775727,46.51582241,1
18:09:54,3.34,3.338678,25.17443597,46.52389586,1
18:09:55,3.34,3.338708,25.18111467,46.53185308,1
18:09:56,3.34,3.338723,25.18779337,46.53989971,1
18:09:57,3.34,3.33873,25.19447207,46.54791951,1
18:09:58,3.34,3.338734,25.20115077,46.55592442,1
18:09:59,3.34,3.338736,25.20782948,46.56385183,1
18:10:00,3.34,3.338737,25.21450818,46.57188356,1
18:10:01,3.34,3.338737,25.22118688,46.5798974,1
18:10:02,3.339,3.338738,25.22786558,46.58683538,1
18:10:03,3.34,3.338255,25.23454428,46.59538865,1
18:10:04,3.34,3.338498,25.24122298,46.6036588,1
18:10:05,3.34,3.338619,25.24790168,46.61178887,1
18:10:06,3.339,3.338679,25.25458038,46.61880434,1
18:10:08,3.34,3.338226,25.26126,46.62723839,1
18:10:08,3.34,3.338484,25.26793778,46.63545787,1
18:10:09,3.339,3.338612,25.27461648,46.64253592,1
18:10:10,3.34,3.338193,25.28129518,46.6511935,1
18:10:12,3.34,3.338468,25.28797388,46.6594249,1
18:10:12,3.34,3.338604,25.29465258,46.66754007,1
18:10:13,3.34,3.338672,25.30133128,46.67559862,1
18:10:14,3.34,3.338706,25.30800998,46.68362737,1
18:10:16,3.34,3.338723,25.31468868,46.69171572,1
18:10:16,3.34,3.338731,25.32136738,46.69975936,1
18:10:17,3.34,3.338735,25.32804608,46.70778215,1
18:10:18,3.34,3.338738,25.33472478,46.71572149,1
18:10:19,3.34,3.338739,25.34140348,46.72376513,1
18:10:21,3.34,3.338739,25.34808218,46.7317909,1
18:10:21,3.34,3.33874,25.35476089,46.73980474,1
18:10:22,3.34,3.33874,25.36143959,46.7477411,1
18:10:23,3.34,3.33874,25.36812,46.75578475,1
18:10:25,3.34,3.33874,25.37479699,46.76381052,1
18:10:25,3.34,3.33874,25.38147569,46.77175283,1
18:10:27,3.34,3.33874,25.38815439,46.77979946,1
18:10:27,3.34,3.33874,25.39483309,46.78782821,1
18:10:29,3.34,3.338741,25.40151179,46.79584801,1
18:10:30,3.34,3.338741,25.40819049,46.80379033,1
18:10:30,3.34,3.338741,25.41486919,46.81183696,1
18:10:31,3.34,3.338741,25.42154789,46.8198657,1
18:10:33,3.34,3.338741,25.42822659,46.82781398,1
18:10:34,3.34,3.338741,25.43490529,46.83586657,1
18:10:34,3.34,3.338741,25.44158399,46.8438983,1
18:10:35,3.34,3.338741,25.44826269,46.85192,1
18:10:36,3.34,3.338742,25.45494139,46.85986638,1
18:10:38,3.34,3.338742,25.46162009,46.86791897,1
18:10:39,3.34,3.338742,25.46829879,46.87595,1
18:10:39,3.34,3.338742,25.47498,46.88397944,1
18:10:40,3.34,3.338742,25.48165619,46.89192772,1
18:10:42,3.34,3.338742,25.48833489,46.89998031,1
18:10:43,3.34,3.338742,25.49501359,46.90801501,1
18:10:43,3.34,3.338742,25.5016923,46.91596925,1
18:10:44,3.34,3.338742,25.508371,46.92395329,1
18:10:46,3.34,3.338742,25.5150497,46.93202674,1
18:10:47,3.34,3.338742,25.5217284,46.94007337,1
18:10:47,3.34,3.338742,25.5284071,46.94803357,1
18:10:48,3.34,3.338743,25.5350858,46.9560951,1
18:10:49,3.34,3.338743,25.5417645,46.96413577,1
18:10:51,3.34,3.338743,25.5484432,46.97216749,1
18:10:52,3.34,3.338743,25.5551219,46.98012173,1
18:10:52,3.34,3.338743,25.5618006,46.98818326,1
18:10:53,3.34,3.338743,25.5684793,46.99622393,1
18:10:55,3.34,3.338743,25.575158,47.00425863,1
18:10:56,3.34,3.338743,25.58184,47.01221287,1
18:10:56,3.34,3.338744,25.5885154,47.0202744,1
18:10:57,3.34,3.338744,25.5951941,47.02831805,1
18:10:59,3.34,3.338743,25.6018728,47.03635275,1
18:11:00,3.34,3.338744,25.6085515,47.04430997,1
18:11:01,3.34,3.338744,25.6152302,47.05229998,1
18:11:01,3.34,3.338744,25.6219089,47.06038237,1
18:11:03,3.34,3.338744,25.6285876,47.06843793,1
18:11:04,3.34,3.338744,25.6352663,47.07640707,1
18:11:05,3.34,3.338745,25.641945,47.08440602,1
18:11:05,3.34,3.338744,25.6486237,47.09249437,1
18:11:07,3.34,3.338745,25.65530241,47.10055292,1
18:11:08,3.34,3.338745,25.66198111,47.10859954,1
18:11:09,3.34,3.338745,25.66865981,47.11656272,1
18:11:09,3.34,3.338745,25.67533851,47.12463319,1
18:11:10,3.34,3.338745,25.68201721,47.13268578,1
18:11:12,3.34,3.338745,25.6887,47.14072943,1
18:11:13,3.34,3.338745,25.69537461,47.14869261,1
18:11:14,3.34,3.338745,25.70205331,47.15669155,1
18:11:14,3.34,3.338745,25.70873201,47.16478288,1
18:11:16,3.34,3.338746,25.71541071,47.17284441,1
18:11:17,3.34,3.338746,25.72208941,47.18089402,1
18:11:18,3.34,3.338746,25.72876811,47.18886316,1
18:11:18,3.34,3.338746,25.73544681,47.19693959,1
18:11:20,3.34,3.338746,25.74212551,47.20499814,1
18:11:21,3.34,3.338746,25.74880421,47.21304476,1
18:11:22,3.34,3.338746,25.75548291,47.2210139,1
18:11:23,3.34,3.338746,25.76216161,47.22901583,1
18:11:23,3.34,3.338747,25.76884031,47.23711,1
18:11:25,3.34,3.338746,25.77551901,47.24517763,1
18:11:26,3.34,3.338747,25.78219771,47.25323319,1
18:11:27,3.34,3.338747,25.78887641,47.2612083,1
18:11:27,3.34,3.338747,25.79556,47.26929069,1
18:11:29,3.34,3.338747,25.80223382,47.27735221,1
18:11:30,3.34,3.338747,25.80891252,47.2854048,1
18:11:31,3.34,3.338747,25.81559122,47.29345441,1
18:11:32,3.34,3.338747,25.82226992,47.30142653,1
18:11:33,3.34,3.338747,25.82894862,47.30950892,1
18:11:34,3.34,3.338748,25.83562732,47.31757343,1
18:11:35,3.34,3.338748,25.84230602,47.325629,1
18:11:36,3.34,3.338748,25.84898472,47.33368158,1
18:11:37,3.34,3.338748,25.85566342,47.34165668,1
18:11:38,3.34,3.338748,25.86234212,47.34966755,1
18:11:39,3.34,3.338748,25.86902082,47.3577708,1
18:11:40,3.34,3.338748,25.87569952,47.36584723,1
18:11:41,3.34,3.338748,25.88237822,47.37391174,1
18:11:42,3.34,3.338748,25.88905692,47.3818928,1
18:11:43,3.34,3.338748,25.89573562,47.38990664,1
18:11:44,3.34,3.338748,25.90241,47.39801288,1
18:11:45,3.34,3.338749,25.90909302,47.40609229,1
18:11:46,3.34,3.338748,25.91577172,47.41415977,1
18:11:47,3.34,3.338749,25.92245042,47.42222,1
18:11:48,3.34,3.338749,25.92912912,47.43019938,1
18:11:49,3.34,3.338749,25.93580782,47.43829072,1
18:11:50,3.34,3.338749,25.94248652,47.44636416,1
18:11:51,3.34,3.338749,25.94916523,47.45442867,1
18:11:52,3.34,3.338749,25.95584393,47.4624902,1
18:11:53,3.34,3.338749,25.96252263,47.47047,1
18:11:54,3.34,3.33875,25.96920133,47.47849405,1
18:11:55,3.34,3.33875,25.97588003,47.48660624,1
18:11:56,3.34,3.33875,25.98255873,47.49469161,1
18:11:57,3.34,3.33875,25.98923743,47.50276506,1
18:11:58,3.34,3.33875,25.99591613,47.51082957,1
18:11:59,3.34,3.33875,26.00259483,47.51881659,1
18:12:00,3.34,3.33875,26.00927,47.52683938,1
18:12:01,3.34,3.338751,26.01595223,47.53495455,1
18:12:02,3.34,3.33875,26.02263093,47.5430429,1
18:12:03,3.34,3.33875,26.02930963,47.55111933,1
18:12:04,3.34,3.33875,26.03598833,47.5591898,1
18:12:05,3.34,3.338751,26.04266703,47.5671798,1
18:12:06,3.34,3.338751,26.04934573,47.57520556,1
18:12:07,3.34,3.338751,26.05602443,47.5833267,1
18:12:08,3.34,3.338751,26.06270313,47.59141803,1
18:12:09,3.34,3.338751,26.06938183,47.59949744,1
18:12:10,3.34,3.338751,26.07606053,47.60757089,1
18:12:11,3.34,3.338751,26.08273923,47.61564136,1
18:12:12,3.34,3.338752,26.08941793,47.62363,1
18:12:13,3.34,3.338752,26.09609663,47.63166308,1
18:12:14,3.34,3.338752,26.10277534,47.6397872,1
18:12:15,3.34,3.338752,26.10945404,47.64788449,1
18:12:16,3.34,3.338752,26.11613,47.65596688,1
18:12:17,3.34,3.338752,26.12281144,47.66404331,1
18:12:18,3.34,3.338752,26.12949014,47.67211676,1
18:12:19,3.34,3.338752,26.13616884,47.68011272,1
18:12:20,3.34,3.338753,26.14284754,47.68814445,1
18:12:21,3.34,3.338753,26.14952624,47.69627154,1
18:12:22,3.34,3.338753,26.15620494,47.70437181,1
18:12:23,3.34,3.338752,26.16288364,47.71246016,1
18:12:24,3.34,3.338753,26.16956234,47.72053957,1
18:12:25,3.34,3.338753,26.17624104,47.728616,1
18:12:26,3.34,3.338753,26.18291974,47.73661494,1
18:12:27,3.34,3.338753,26.18959844,47.74465263,1
18:12:28,3.34,3.338753,26.19627714,47.7527827,1
18:12:29,3.34,3.338753,26.20295584,47.76088595,1
18:12:30,3.34,3.338753,26.20963454,47.76897728,1
18:12:31,3.34,3.338753,26.21631324,47.77706265,1
18:12:32,3.34,3.338753,26.22299,47.78514504,1
18:12:33,3.34,3.338754,26.22967064,47.79322445,1
18:12:34,3.34,3.338754,26.23634934,47.80122638,1
18:12:35,3.34,3.338754,26.24302804,47.80926704,1
18:12:36,3.34,3.338754,26.24970675,47.81740308,1
18:12:37,3.34,3.338754,26.25638545,47.82551229,1
18:12:38,3.34,3.338754,26.26306415,47.8336066,1
18:12:39,3.34,3.338754,26.26974285,47.84169495,1
18:12:40,3.34,3.338754,26.27642155,47.84978032,1
18:12:41,3.34,3.338755,26.28310025,47.85786569,1
18:12:42,3.34,3.338755,26.28977895,47.86587358,1
18:12:43,3.34,3.338755,26.29645765,47.87391722,1
18:12:44,3.34,3.338755,26.30313635,47.88205922,1
18:12:45,3.34,3.338755,26.30981505,47.89017141,1
18:12:46,3.34,3.338755,26.31649375,47.89827168,1
18:12:47,3.34,3.338755,26.32317245,47.90636599,1
18:12:48,3.34,3.338755,26.32985,47.91445732,1
18:12:49,3.34,3.338755,26.33652985,47.92254567,1
18:12:50,3.34,3.338756,26.34320855,47.93063402,1
18:12:51,3.34,3.338756,26.34988725,47.93864489,1
18:12:52,3.34,3.338756,26.35656595,47.94669449,1
18:12:53,3.34,3.338756,26.36324465,47.95483947,1
18:12:54,3.34,3.338756,26.36992335,47.96295762,1
18:12:55,3.34,3.338756,26.37660205,47.97106087,1
18:12:56,3.34,3.338756,26.38328075,47.97915816,1
18:12:57,3.34,3.338756,26.38995945,47.98725247,1
18:12:58,3.34,3.338756,26.39663815,47.99534678,1
18:12:59,3.34,3.338756,26.40331686,48.0034411,1
18:13:00,3.34,3.338757,26.40999556,48.01153541,1
18:13:01,3.34,3.338757,26.41667426,48.01955223,1
18:13:02,3.34,3.338757,26.42335296,48.0276078,1
18:13:03,3.34,3.338757,26.43003166,48.03575873,1
18:13:04,3.34,3.338757,26.43671,48.04380536,1
18:13:05,3.34,3.338757,26.44338906,48.05195332,1
18:13:06,3.34,3.338757,26.45006776,48.06007445,1
18:13:07,3.34,3.338757,26.45674646,48.06818366,1
18:13:08,3.34,3.338757,26.46342516,48.07628691,1
18:13:09,3.34,3.338758,26.47010386,48.08438718,1
18:13:10,3.34,3.338758,26.47678256,48.09248745,1
18:13:11,3.34,3.338758,26.48346126,48.10058773,1
18:13:12,3.34,3.338758,26.49013996,48.108688,1
18:13:13,3.34,3.338758,26.49681866,48.11671078,1
18:13:14,3.34,3.338758,26.50349736,48.12477231,1
18:13:15,3.34,3.338758,26.51017606,48.13292921,1
18:13:16,3.34,3.338758,26.51685476,48.14098179,1
18:13:17,3.34,3.338758,26.52353346,48.14913571,1
18:13:18,3.34,3.338758,26.53021216,48.15726578,1
18:13:19,3.34,3.338759,26.53689086,48.16538095,1
18:13:20,3.34,3.338758,26.54357,48.17349315,1
18:13:21,3.34,3.338759,26.55024827,48.18160236,1
18:13:22,3.34,3.338759,26.55692697,48.18970859,1
18:13:23,3.34,3.338759,26.56360567,48.19781482,1
18:13:24,3.34,3.338759,26.57028437,48.20592105,1
18:13:25,3.34,3.338759,26.57696307,48.21402729,1
18:13:26,3.34,3.338759,26.58364177,48.2221365,1
18:13:27,3.34,3.338759,26.59032047,48.23024571,1
18:13:28,3.34,3.33876,26.59699917,48.23828,1
18:13:29,3.34,3.33876,26.60367787,48.24634492,1
18:13:30,3.34,3.33876,26.61035657,48.25443327,1
18:13:31,3.34,3.33876,26.61703527,48.26261103,1
18:13:32,3.34,3.33876,26.62371397,48.27067554,1
18:13:33,3.34,3.33876,26.63039267,48.27884138,1
18:13:34,3.34,3.33876,26.63707137,48.28698039,1
18:13:35,3.34,3.33876,26.64375007,48.29510748,1
18:13:36,3.34,3.338761,26.65043,48.30322564,1
18:13:37,3.34,3.33876,26.65710747,48.31134379,1
18:13:38,3.34,3.338761,26.66378617,48.31945896,1
18:13:39,3.34,3.338761,26.67046487,48.32757413,1
18:13:40,3.34,3.338761,26.67714357,48.33568931,1
18:13:41,3.34,3.338761,26.68382227,48.34380448,1
18:13:42,3.34,3.338761,26.69050097,48.35192263,1
18:13:43,3.34,3.338761,26.69717968,48.36004078,1
18:13:44,3.34,3.338761,26.70385838,48.36815894,1
18:13:45,3.34,3.338761,26.71053708,48.37627709,1
18:13:46,3.34,3.338762,26.71721578,48.38439524,1
18:13:47,3.34,3.338761,26.72389448,48.39251339,1
18:13:48,3.34,3.338762,26.73057318,48.40063453,1
18:13:49,3.34,3.338762,26.73725188,48.40875566,1
18:13:50,3.34,3.338762,26.74393058,48.41687679,1
18:13:51,3.34,3.338762,26.75060928,48.42492044,1
18:13:52,3.34,3.338762,26.75729,48.43299985,1
18:13:53,3.34,3.338762,26.76396668,48.44110012,1
18:13:54,3.34,3.338762,26.77064538,48.44920933,1
18:13:55,3.34,3.338762,26.77732408,48.45740497,1
18:13:56,3.34,3.338763,26.78400278,48.46548438,1
18:13:57,3.34,3.338763,26.79068148,48.47366512,1
18:13:58,3.34,3.338763,26.79736018,48.48173857,1
18:13:59,3.34,3.338763,26.80403888,48.48991632,1
18:14:00,3.34,3.338763,26.81071758,48.49798977,1
18:14:01,3.34,3.338763,26.81739628,48.50616753,1
18:14:02,3.34,3.338763,26.82407498,48.51432145,1
18:14:03,3.34,3.338763,26.83075368,48.52238297,1
18:14:04,3.34,3.338763,26.83743238,48.53055477,1
18:14:05,3.34,3.338763,26.84411108,48.53870571,1
18:14:06,3.34,3.338764,26.85078979,48.54676723,1
18:14:07,3.34,3.338763,26.85746849,48.55494201,1
18:14:08,3.34,3.338764,26.86415,48.56309295,1
18:14:09,3.34,3.338764,26.87082589,48.57123494,1
18:14:10,3.34,3.338764,26.87750459,48.57937098,1
18:14:11,3.34,3.338764,26.88418329,48.58750701,1
18:14:12,3.34,3.338764,26.89086199,48.59564006,1
18:14:13,3.34,3.338764,26.89754069,48.60377312,1
18:14:14,3.34,3.338764,26.90421939,48.61190617,1
18:14:15,3.34,3.338764,26.91089809,48.6200422,1
18:14:16,3.34,3.338765,26.91757679,48.62817824,1
18:14:17,3.34,3.338765,26.92425549,48.63631427,1
18:14:18,3.34,3.338765,26.93093419,48.64436984,1
18:14:19,3.34,3.338765,26.93761289,48.65254462,1
18:14:20,3.34,3.338765,26.94429159,48.66070151,1
18:14:21,3.34,3.338765,26.95097029,48.66884947,1
18:14:22,3.34,3.338765,26.95764899,48.67699146,1
18:14:23,3.34,3.338765,26.96432769,48.68505299,1
18:14:24,3.34,3.338766,26.97101,48.69323075,1
18:14:25,3.34,3.338765,26.97768509,48.70139062,1
18:14:26,3.34,3.338766,26.98436379,48.70946109,1
18:14:27,3.34,3.338766,26.99104249,48.71764481,1
18:14:28,3.34,3.338766,26.9977212,48.72580767,1
18:14:29,3.34,3.338766,27.0043999,48.73388112,1
18:14:30,3.34,3.338766,27.0110786,48.74206781,1
18:14:31,3.34,3.338766,27.0177573,48.75015318,1
18:14:32,3.34,3.338766,27.024436,48.75834584,1
18:14:33,3.34,3.338766,27.0311147,48.76643419,1
18:14:34,3.34,3.338767,27.0377934,48.77462983,1
18:14:35,3.34,3.338767,27.0444721,48.78272116,1
18:14:36,3.34,3.338767,27.0511508,48.7909168,1
18:14:37,3.34,3.338767,27.0578295,48.79900813,1
18:14:38,3.34,3.338767,27.0645082,48.80712628,1
18:14:39,3.34,3.338767,27.0711869,48.81533682,1
18:14:40,3.34,3.338767,27.07787,48.82343709,1
18:14:41,3.34,3.338767,27.0845443,48.83156121,1
18:14:42,3.34,3.338768,27.091223,48.83969426,1
18:14:43,3.34,3.338767,27.0979017,48.84783626,1
18:14:44,3.34,3.338768,27.1045804,48.85598123,1
18:14:45,3.34,3.338768,27.1112591,48.86412621,1
18:14:46,3.34,3.338768,27.1179378,48.87227416,1
18:14:47,3.34,3.338768,27.1246165,48.88042212,1
18:14:48,3.34,3.338768,27.1312952,48.88857007,1
18:14:49,3.34,3.338768,27.1379739,48.89672101,1
18:14:50,3.34,3.338768,27.14465261,48.90487194,1
18:14:51,3.34,3.338768,27.15133131,48.91302288,1
18:14:52,3.34,3.338768,27.15801001,48.92117381,1
18:14:53,3.34,3.338768,27.16468871,48.92932475,1
18:14:54,3.34,3.338769,27.17136741,48.93747568,1
18:14:55,3.34,3.338769,27.17804611,48.94571006,1
18:14:56,3.34,3.338769,27.18472,48.9539057,1
18:14:57,3.34,3.338769,27.19140351,48.96208346,1
18:14:58,3.34,3.338769,27.19808221,48.9702493,1
18:14:59,3.34,3.338769,27.20476091,48.97841215,1
18:15:00,3.34,3.338769,27.21143961,48.98649156,1
18:15:01,3.34,3.338769,27.21811831,48.99469018,1
18:15:02,3.34,3.338769,27.22479701,49.00279045,1
18:15:03,3.34,3.33877,27.23147571,49.01100099,1
18:15:04,3.34,3.33877,27.23815441,49.01910424,1
18:15:05,3.34,3.33877,27.24483311,49.0272373,1
18:15:06,3.34,3.33877,27.25151181,49.03538227,1
18:15:07,3.34,3.33877,27.25819051,49.04353619,1
18:15:08,3.34,3.33877,27.26486921,49.05169308,1
18:15:09,3.34,3.33877,27.27154791,49.05985296,1
18:15:10,3.34,3.338771,27.27822661,49.06801283,1
18:15:11,3.34,3.33877,27.28490531,49.07617271,1
18:15:12,3.34,3.338771,27.29158,49.08433557,1
18:15:13,3.34,3.338771,27.29826272,49.09258,1
18:15:14,3.34,3.338771,27.30494142,49.10078347,1
18:15:15,3.34,3.338771,27.31162012,49.10897017,1
18:15:16,3.34,3.338771,27.31829882,49.11714792,1
18:15:17,3.34,3.338771,27.32497752,49.12523925,1
18:15:18,3.34,3.338771,27.33165622,49.13344979,1
18:15:19,3.34,3.338771,27.33833492,49.141559,1
18:15:20,3.34,3.338771,27.34501362,49.14969802,1
18:15:21,3.34,3.338772,27.35169232,49.15785193,1
18:15:22,3.34,3.338772,27.35837102,49.16601,1
18:15:23,3.34,3.338772,27.36504972,49.17417467,1
18:15:24,3.34,3.338772,27.37172842,49.1823405,1
18:15:25,3.34,3.338772,27.37840712,49.19050932,1
18:15:26,3.34,3.338772,27.38508582,49.19867814,1
18:15:27,3.34,3.338772,27.39176452,49.2069304,1
18:15:28,3.34,3.338772,27.39844,49.21514392,1
18:15:29,3.34,3.338773,27.40512192,49.22333658,1
18:15:30,3.34,3.338773,27.41180062,49.23143983,1
18:15:31,3.34,3.338773,27.41847932,49.23965931,1
18:15:32,3.34,3.338773,27.42515802,49.24777448,1
18:15:33,3.34,3.338773,27.43183672,49.25591946,1
18:15:34,3.34,3.338773,27.43851542,49.26407933,1
18:15:35,3.34,3.338773,27.44519413,49.27224517,1
18:15:36,3.34,3.338773,27.45187283,49.28041697,1
18:15:37,3.34,3.338773,27.45855153,49.28859174,1
18:15:38,3.34,3.338773,27.46523023,49.29684997,1
18:15:39,3.34,3.338773,27.47190893,49.30506945,1
18:15:40,3.34,3.338774,27.47858763,49.31326807,1
18:15:41,3.34,3.338774,27.48526633,49.32137728,1
18:15:42,3.34,3.338774,27.49194503,49.32960272,1
18:15:43,3.34,3.338774,27.49862373,49.33772385,1
18:15:44,3.34,3.338774,27.5053,49.34587,1
18:15:45,3.34,3.338774,27.51198113,49.35404062,1
18:15:46,3.34,3.338774,27.51865983,49.36221242,1
18:15:47,3.34,3.338774,27.52533853,49.37039018,1
18:15:48,3.34,3.338774,27.53201723,49.37865138,1
18:15:49,3.34,3.338775,27.53869593,49.38687384,1
18:15:50,3.34,3.338775,27.54537463,49.39507842,1
18:15:51,3.34,3.338775,27.55205333,49.40319,1
18:15:52,3.34,3.338775,27.55873203,49.41133857,1
18:15:53,3.34,3.338775,27.56541073,49.4195044,1
18:15:54,3.34,3.338775,27.57208943,49.42767918,1
18:15:55,3.34,3.338775,27.57876813,49.43585992,1
18:15:56,3.34,3.338775,27.58544683,49.44404364,1
18:15:57,3.34,3.338775,27.59212554,49.4523108,1
18:15:58,3.34,3.338775,27.59880424,49.46053922,1
18:15:59,3.34,3.338776,27.60548294,49.46874976,1
18:16:00,3.34,3.338776,27.61216,49.47686791,1
18:16:01,3.34,3.338776,27.61884034,49.48502183,1
18:16:02,3.34,3.338776,27.62551904,49.49319363,1
18:16:03,3.34,3.338776,27.63219774,49.50137436,1
18:16:04,3.34,3.338776,27.63887644,49.50956106,1
18:16:05,3.34,3.338776,27.64555514,49.51783121,1
18:16:06,3.34,3.338777,27.65223384,49.52606261,1
18:16:07,3.34,3.338777,27.65891254,49.53427613,1
18:16:08,3.34,3.338777,27.66559124,49.54239726,1
18:16:09,3.34,3.338777,27.67226994,49.55055416,1
18:16:10,3.34,3.338777,27.67894864,49.55872893,1
18:16:11,3.34,3.338777,27.68562734,49.56691265,1
18:16:12,3.34,3.338777,27.69230604,49.57510233,1
18:16:13,3.34,3.338777,27.69898474,49.58337843,1
18:16:14,3.34,3.338777,27.70566344,49.5916158,1
18:16:15,3.34,3.338777,27.71234214,49.59975183,1
18:16:16,3.34,3.338778,27.71902,49.60791767,1
18:16:17,3.34,3.338778,27.72569954,49.6160984,1
18:16:18,3.34,3.338778,27.73237824,49.62428808,1
18:16:19,3.34,3.338778,27.73905694,49.63248074,1
18:16:20,3.34,3.338778,27.74573565,49.64075983,1
18:16:21,3.34,3.338778,27.75241435,49.64900017,1
18:16:22,3.34,3.338778,27.75909305,49.65722263,1
18:16:23,3.34,3.338778,27.76577175,49.6653527,1
18:16:24,3.34,3.338778,27.77245045,49.67351854,1
18:16:25,3.34,3.338778,27.77912915,49.68170226,1
18:16:26,3.34,3.338779,27.78580785,49.68989491,1
18:16:27,3.34,3.338778,27.79248655,49.69817698,1
18:16:28,3.34,3.338779,27.79916525,49.7064203,1
18:16:29,3.34,3.338779,27.80584395,49.7145623,1
18:16:30,3.34,3.338779,27.81252265,49.72273409,1
18:16:31,3.34,3.338779,27.81920135,49.73092377,1
18:16:32,3.34,3.338779,27.82588,49.73911941,1
18:16:33,3.34,3.338779,27.83255875,49.74732101,1
18:16:34,3.34,3.338779,27.83923745,49.75560904,1
18:16:35,3.34,3.33878,27.84591615,49.76385534,1
18:16:36,3.34,3.338779,27.85259485,49.77200031,1
18:16:37,3.34,3.33878,27.85927355,49.78018,1
18:16:38,3.34,3.33878,27.86595225,49.78837073,1
18:16:39,3.34,3.33878,27.87263095,49.79657233,1
18:16:40,3.34,3.33878,27.87930965,49.80486035,1
18:16:41,3.34,3.33878,27.88598835,49.81310964,1
18:16:42,3.34,3.33878,27.89266706,49.82125759,1
18:16:43,3.34,3.33878,27.89934576,49.82943833,1
18:16:44,3.34,3.338781,27.90602446,49.83763397,1
18:16:45,3.34,3.33878,27.91270316,49.84592199,1
18:16:46,3.34,3.338781,27.91938186,49.85417426,1
18:16:47,3.34,3.338781,27.92606056,49.86232519,1
18:16:48,3.34,3.338781,27.93274,49.87050593,1
18:16:49,3.34,3.338781,27.93941796,49.87870455,1
18:16:50,3.34,3.338781,27.94609666,49.88690913,1
18:16:51,3.34,3.338781,27.95277536,49.89520311,1
18:16:52,3.34,3.338781,27.95945406,49.90345836,1
18:16:53,3.34,3.338782,27.96613276,49.91161227,1
18:16:54,3.34,3.338781,27.97281146,49.9198,1
18:16:55,3.34,3.338782,27.97949016,49.928,1
18:16:56,3.34,3.338782,27.98616886,49.93620813,1
18:16:57,3.34,3.338782,27.99284756,49.9445051,1
18:16:58,3.34,3.338782,27.99952626,49.95276332,1
18:16:59,3.34,3.338782,28.00620496,49.96092021,1
18:17:00,3.34,3.338782,28.01288366,49.96910989,1
18:17:01,3.34,3.338782,28.01956236,49.97731447,1
18:17:02,3.34,3.338782,28.02624106,49.98561144,1
18:17:03,3.34,3.338783,28.03291976,49.99387264,1
18:17:04,3.34,3.338783,28.0396,50.00202656,1
18:17:05,3.34,3.338783,28.04627717,50.01021624,1
18:17:06,3.34,3.338783,28.05295587,50.01841784,1
18:17:07,3.34,3.338783,28.05963457,50.0267148,1
18:17:08,3.34,3.338783,28.06631327,50.03497601,1
18:17:09,3.34,3.338783,28.07299197,50.04313588,1
18:17:10,3.34,3.338783,28.07967067,50.05132556,1
18:17:11,3.34,3.338783,28.08634937,50.05953312,1
18:17:12,3.34,3.338784,28.09302807,50.06783009,1
18:17:13,3.34,3.338784,28.09970677,50.07609129,1
18:17:14,3.34,3.338784,28.10638547,50.08425117,1
18:17:15,3.34,3.338784,28.11306417,50.09244084,1
18:17:16,3.34,3.338784,28.11974287,50.1006484,1
18:17:17,3.34,3.338784,28.12642157,50.10895133,1
18:17:18,3.34,3.338784,28.13310027,50.11721849,1
18:17:19,3.34,3.338784,28.13977897,50.12537837,1
18:17:20,3.34,3.338784,28.14646,50.13357401,1
18:17:21,3.34,3.338785,28.15313637,50.14178753,1
18:17:22,3.34,3.338784,28.15981507,50.15009046,1
18:17:23,3.34,3.338785,28.16649377,50.15835762,1
18:17:24,3.34,3.338785,28.17317247,50.16652346,1
18:17:25,3.34,3.338785,28.17985117,50.1747191,1
18:17:26,3.34,3.338785,28.18652987,50.18293262,1
18:17:27,3.34,3.338785,28.19320858,50.1912415,1
18:17:28,3.34,3.338785,28.19988728,50.19951463,1
18:17:29,3.34,3.338785,28.20656598,50.20768046,1
18:17:30,3.34,3.338786,28.21324468,50.21588206,1
18:17:31,3.34,3.338785,28.21992338,50.22418499,1
18:17:32,3.34,3.338786,28.22660208,50.23245215,1
18:17:33,3.34,3.338786,28.23328078,50.24061799,1
18:17:34,3.34,3.338786,28.23995948,50.24881959,1
18:17:35,3.34,3.338786,28.24663818,50.25703907,1
18:17:36,3.34,3.338786,28.25332,50.26535392,1
18:17:37,3.34,3.338787,28.25999558,50.27362704,1
18:17:38,3.34,3.338786,28.26667428,50.28179884,1
18:17:39,3.34,3.338786,28.27335298,50.2900064,1
18:17:40,3.34,3.338787,28.28003168,50.29831529,1
18:17:41,3.34,3.338787,28.28671038,50.30658841,1
18:17:42,3.34,3.338787,28.29338908,50.31476021,1
18:17:43,3.34,3.338787,28.30006778,50.32296777,1
18:17:44,3.34,3.338787,28.30674648,50.33127666,1
18:17:45,3.34,3.338787,28.31342518,50.33954978,1
18:17:46,3.34,3.338787,28.32010388,50.34772158,1
18:17:47,3.34,3.338787,28.32678258,50.35592914,1
18:17:48,3.34,3.338788,28.33346128,50.36415458,1
18:17:49,3.34,3.338787,28.34013999,50.37247539,1
18:17:50,3.34,3.338788,28.34681869,50.38075447,1
18:17:51,3.34,3.338788,28.35349739,50.38893223,1
18:17:52,3.34,3.338788,28.36018,50.39714575,1
18:17:53,3.34,3.338788,28.36685479,50.4054606,1
18:17:54,3.34,3.338788,28.37353349,50.41373968,1
18:17:55,3.34,3.338788,28.38021219,50.42191744,1
18:17:56,3.34,3.338788,28.38689089,50.43013096,1
18:17:57,3.34,3.338788,28.39356959,50.43844581,1
18:17:58,3.34,3.338789,28.40024829,50.44672489,1
18:17:59,3.34,3.338789,28.40692699,50.4549,1
18:18:00,3.34,3.338789,28.41360569,50.46311617,1
18:18:01,3.34,3.338789,28.42028439,50.47143102,1
18:18:02,3.34,3.338789,28.42696309,50.47971606,1
18:18:03,3.34,3.338789,28.43364179,50.4879,1
18:18:04,3.34,3.338789,28.44032049,50.4961133,1
18:18:05,3.34,3.338789,28.44699919,50.50443411,1
18:18:06,3.34,3.338789,28.45367789,50.51271915,1
18:18:07,3.34,3.33879,28.46035659,50.52090287,1
18:18:08,3.34,3.338789,28.46704,50.5292058,1
18:18:09,3.34,3.33879,28.47371399,50.53748488,1
18:18:10,3.34,3.33879,28.48039269,50.5456686,1
18:18:11,3.34,3.33879,28.48707139,50.55388808,1
18:18:12,3.34,3.33879,28.4937501,50.56220889,1
18:18:13,3.34,3.33879,28.5004288,50.5704999,1
18:18:14,3.34,3.33879,28.5071075,50.57869,1
18:18:15,3.34,3.33879,28.5137862,50.58690906,1
18:18:16,3.34,3.33879,28.5204649,50.59523582,1
18:18:17,3.34,3.338791,28.5271436,50.60352683,1
18:18:18,3.34,3.338791,28.5338223,50.61171651,1
18:18:19,3.34,3.338791,28.540501,50.61994195,1
18:18:20,3.34,3.338791,28.5471797,50.62826872,1
18:18:21,3.34,3.338791,28.5538584,50.63647628,1
18:18:22,3.34,3.338791,28.5605371,50.64470768,1
18:18:23,3.34,3.338791,28.5672158,50.652951,1
18:18:24,3.34,3.338791,28.57389,50.66128969,1
18:18:25,3.34,3.338792,28.5805732,50.66950321,1
18:18:26,3.34,3.338792,28.5872519,50.67774057,1
18:18:27,3.34,3.338792,28.5939306,50.68607926,1
18:18:28,3.34,3.338792,28.6006093,50.69438219,1
18:18:29,3.34,3.338792,28.607288,50.70257783,1
18:18:30,3.34,3.338792,28.6139667,50.71089268,1
18:18:31,3.34,3.338792,28.6206454,50.71918368,1
18:18:32,3.34,3.338792,28.6273241,50.72737336,1
18:18:33,3.34,3.338792,28.6340028,50.73560476,1
18:18:34,3.34,3.338792,28.64068151,50.74393749,1
18:18:35,3.34,3.338793,28.64736021,50.75224042,1
18:18:36,3.34,3.338793,28.65403891,50.76043606,1
18:18:37,3.34,3.338793,28.66071761,50.76876,1
18:18:38,3.34,3.338793,28.66739631,50.77705,1
18:18:39,3.34,3.338793,28.67407501,50.78524947,1
18:18:40,3.34,3.338793,28.68075,50.79348087,1
18:18:41,3.34,3.338793,28.68743241,50.80181956,1
18:18:42,3.34,3.338794,28.69411111,50.81003904,1
18:18:43,3.34,3.338793,28.70078981,50.81828237,1
18:18:44,3.34,3.338794,28.70746851,50.82662702,1
18:18:45,3.34,3.338794,28.71414721,50.8349359,1
18:18:46,3.34,3.338794,28.72082591,50.8431375,1
18:18:47,3.34,3.338794,28.72750461,50.85146427,1
18:18:48,3.34,3.338794,28.73418331,50.8597672,1
18:18:49,3.34,3.338794,28.74086201,50.8679688,1
18:18:50,3.34,3.338794,28.74754071,50.87629557,1
18:18:51,3.34,3.338795,28.75421941,50.88459253,1
18:18:52,3.34,3.338794,28.76089811,50.89279413,1
18:18:53,3.34,3.338795,28.76757681,50.90103,1
18:18:54,3.34,3.338794,28.77425551,50.90937614,1
18:18:55,3.34,3.338795,28.78093421,50.91760159,1
18:18:56,3.34,3.338795,28.78761,50.92585087,1
18:18:57,3.34,3.338795,28.79429162,50.93420148,1
18:18:58,3.34,3.338795,28.80097032,50.94242692,1
18:18:59,3.34,3.338795,28.80764902,50.95068216,1
18:19:00,3.34,3.338795,28.81432772,50.95903277,1
18:19:01,3.34,3.338795,28.82100642,50.96734762,1
18:19:02,3.34,3.338795,28.82768512,50.97556114,1
18:19:03,3.34,3.338796,28.83436382,50.98389387,1
18:19:04,3.34,3.338796,28.84104252,50.99211335,1
18:19:05,3.34,3.338796,28.84772122,51.00036263,1
18:19:06,3.34,3.338796,28.85439992,51.00871921,1
18:19:07,3.34,3.338796,28.86107862,51.01704001,1
18:19:08,3.34,3.338796,28.86775732,51.02525353,1
18:19:09,3.34,3.338796,28.87443602,51.03359,1
18:19:10,3.34,3.338797,28.88111472,51.04190111,1
18:19:11,3.34,3.338796,28.88779342,51.05011463,1
18:19:12,3.34,3.338797,28.89447,51.05844736,1
18:19:13,3.34,3.338797,28.90115082,51.06675625,1
18:19:14,3.34,3.338797,28.90782952,51.07496977,1
18:19:15,3.34,3.338797,28.91450822,51.08330846,1
18:19:16,3.34,3.338797,28.92118692,51.09162331,1
18:19:17,3.34,3.338797,28.92786562,51.09983683,1
18:19:18,3.34,3.338797,28.93454432,51.10817552,1
18:19:19,3.34,3.338797,28.94122303,51.11640096,1
18:19:20,3.34,3.338798,28.94790173,51.1246562,1
18:19:21,3.34,3.338798,28.95458043,51.13301873,1
18:19:22,3.34,3.338798,28.96125913,51.14125609,1
18:19:23,3.34,3.338798,28.96793783,51.14952326,1
18:19:24,3.34,3.338798,28.97461653,51.15788579,1
18:19:25,3.34,3.338798,28.98129523,51.16612911,1
18:19:26,3.34,3.338798,28.98797393,51.17439628,1
18:19:27,3.34,3.338798,28.99465263,51.18276477,1
18:19:28,3.34,3.338799,29.00133,51.19100809,1
18:19:29,3.34,3.338799,29.00801003,51.19927526,1
18:19:30,3.34,3.338799,29.01468873,51.20764375,1
18:19:31,3.34,3.338799,29.02136743,51.21588707,1
18:19:32,3.34,3.338799,29.02804613,51.22415423,1
18:19:33,3.34,3.338799,29.03472483,51.23252273,1
18:19:34,3.34,3.338799,29.04140353,51.24076605,1
18:19:35,3.34,3.338799,29.04808223,51.24912,1
18:19:36,3.34,3.338799,29.05476093,51.25744939,1
18:19:37,3.34,3.338799,29.06143963,51.26567483,1
18:19:38,3.34,3.338799,29.06811833,51.27402544,1
18:19:39,3.34,3.3388,29.07479703,51.2822628,1
18:19:40,3.34,3.3388,29.08147573,51.29052997,1
18:19:41,3.34,3.3388,29.08815444,51.2989,1
18:19:42,3.34,3.3388,29.09483314,51.3071537,1
18:19:43,3.34,3.3388,29.10151184,51.31542683,1
18:19:44,3.34,3.3388,29.10819,51.32380128,1
18:19:45,3.34,3.3388,29.11486924,51.33205056,1
18:19:46,3.34,3.3388,29.12154794,51.34041309,1
18:19:47,3.34,3.3388,29.12822664,51.34874582,1
18:19:48,3.34,3.3388,29.13490534,51.35697722,1
18:19:49,3.34,3.338801,29.14158404,51.3653338,1
18:19:50,3.34,3.338801,29.14826274,51.37358,1
18:19:51,3.34,3.338801,29.15494144,51.38185024,1
18:19:52,3.34,3.338801,29.16162014,51.39023066,1
18:19:53,3.34,3.338801,29.16829884,51.3984859,1
18:19:54,3.34,3.338801,29.17497754,51.40685439,1
18:19:55,3.34,3.338801,29.18165624,51.41519308,1
18:19:56,3.34,3.338802,29.18833494,51.42351389,1
18:19:57,3.34,3.338802,29.19501364,51.43182874,1
18:19:58,3.34,3.338802,29.20169234,51.44005418,1
18:19:59,3.34,3.338802,29.20837104,51.44841075,1
18:20:00,3.34,3.338802,29.21505,51.45674348,1
18:20:01,3.34,3.338802,29.22172844,51.46497488,1
18:20:02,3.34,3.338802,29.22840714,51.47333741,1
18:20:03,3.34,3.338802,29.23508584,51.48158669,1
18:20:04,3.34,3.338802,29.24176455,51.48986578,1
18:20:05,3.34,3.338802,29.24844325,51.49825215,1
18:20:06,3.34,3.338803,29.25512195,51.50651336,1
18:20:07,3.34,3.338803,29.26180065,51.51488781,1
18:20:08,3.34,3.338803,29.26847935,51.52314305,1
18:20:09,3.34,3.338803,29.27515805,51.5314281,1
18:20:10,3.34,3.338803,29.28183675,51.53981447,1
18:20:11,3.34,3.338803,29.28851545,51.54807568,1
18:20:12,3.34,3.338803,29.29519415,51.55645609,1
18:20:13,3.34,3.338803,29.30187285,51.56471729,1
18:20:14,3.34,3.338804,29.30855155,51.57300234,1
18:20:15,3.34,3.338804,29.31523025,51.58139467,1
18:20:16,3.34,3.338804,29.32191,51.58966184,1
18:20:17,3.34,3.338804,29.32858765,51.59804225,1
18:20:18,3.34,3.338804,29.33526635,51.60630345,1
18:20:19,3.34,3.338804,29.34194505,51.61459446,1
18:20:20,3.34,3.338804,29.34862375,51.62298679,1
18:20:21,3.34,3.338804,29.35530245,51.63125396,1
18:20:22,3.34,3.338804,29.36198115,51.63963437,1
18:20:23,3.34,3.338804,29.36865985,51.64789557,1
18:20:24,3.34,3.338805,29.37533855,51.65618658,1
18:20:25,3.34,3.338805,29.38201725,51.66458488,1
18:20:26,3.34,3.338805,29.38869596,51.672858,1
18:20:27,3.34,3.338805,29.39537466,51.68124437,1
18:20:28,3.34,3.338805,29.40205336,51.68951154,1
18:20:29,3.34,3.338805,29.40873206,51.69789791,1
18:20:30,3.34,3.338805,29.41541076,51.70616508,1
18:20:31,3.34,3.338805,29.42208946,51.71446204,1
18:20:32,3.34,3.338805,29.42877,51.72286034,1
18:20:33,3.34,3.338805,29.43544686,51.73113346,1
18:20:34,3.34,3.338806,29.44212556,51.73951983,1
18:20:35,3.34,3.338806,29.44880426,51.747787,1
18:20:36,3.34,3.338806,29.45548296,51.75617337,1
18:20:37,3.34,3.338806,29.46216166,51.76452994,1
18:20:38,3.34,3.338806,29.46884036,51.77287459,1
18:20:39,3.34,3.338806,29.47551906,51.78121328,1
18:20:40,3.34,3.338806,29.48219776,51.78945661,1
18:20:41,3.34,3.338806,29.48887646,51.79783106,1
18:20:42,3.34,3.338807,29.49555516,51.80609822,1
18:20:43,3.34,3.338807,29.50223386,51.8144846,1
18:20:44,3.34,3.338807,29.50891256,51.82275176,1
18:20:45,3.34,3.338807,29.51559126,51.83105,1
18:20:46,3.34,3.338807,29.52226996,51.83945894,1
18:20:47,3.34,3.338807,29.52894866,51.84773803,1
18:20:48,3.34,3.338807,29.53563,51.85614,1
18:20:49,3.34,3.338808,29.54230607,51.86440945,1
18:20:50,3.34,3.338807,29.54898477,51.87280178,1
18:20:51,3.34,3.338808,29.55566347,51.88107491,1
18:20:52,3.34,3.338808,29.56234217,51.88937783,1
18:20:53,3.34,3.338808,29.56902087,51.89778805,1
18:20:54,3.34,3.338808,29.57569957,51.90607309,1
18:20:55,3.34,3.338808,29.58237827,51.91447139,1
18:20:56,3.34,3.338808,29.58905697,51.92275047,1
18:20:57,3.34,3.338808,29.59573567,51.93114877,1
18:20:58,3.34,3.338808,29.60241437,51.93942785,1
18:20:59,3.34,3.338809,29.60909307,51.94782615,1
18:21:00,3.34,3.338809,29.61577177,51.95610523,1
18:21:01,3.34,3.338809,29.62245047,51.96450353,1
18:21:02,3.34,3.338809,29.62912917,51.97278261,1
18:21:03,3.34,3.338809,29.63580787,51.9810915,1
18:21:04,3.34,3.338809,29.64249,51.98950768,1
18:21:05,3.34,3.338809,29.64916527,51.99779868,1
18:21:06,3.34,3.338809,29.65584397,52.00620294,1
18:21:07,3.34,3.338809,29.66252267,52.01448798,1
18:21:08,3.34,3.338809,29.66920137,52.02289224,1
18:21:09,3.34,3.338809,29.67588007,52.03117728,1
18:21:10,3.34,3.33881,29.68255877,52.03958154,1
18:21:11,3.34,3.33881,29.68923748,52.04786658,1
18:21:12,3.34,3.33881,29.69591618,52.05627084,1
18:21:13,3.34,3.33881,29.70259488,52.06455588,1
18:21:14,3.34,3.33881,29.70927358,52.07296014,1
18:21:15,3.34,3.33881,29.71595228,52.08124518,1
18:21:16,3.34,3.33881,29.72263098,52.08956003,1
18:21:17,3.34,3.33881,29.72930968,52.09798217,1
18:21:18,3.34,3.338811,29.73598838,52.10627913,1
18:21:19,3.34,3.338811,29.74266708,52.11468935,1
18:21:20,3.34,3.338811,29.74935,52.12298036,1
18:21:21,3.34,3.338811,29.75602448,52.13139057,1
18:21:22,3.34,3.338811,29.76270318,52.13968158,1
18:21:23,3.34,3.338811,29.76938188,52.14809179,1
18:21:24,3.34,3.338811,29.77606058,52.1563828,1
18:21:25,3.34,3.338811,29.78273928,52.16479301,1
18:21:26,3.34,3.338812,29.78941798,52.17308402,1
18:21:27,3.34,3.338811,29.79609668,52.18149424,1
18:21:28,3.34,3.338812,29.80277538,52.18978524,1
18:21:29,3.34,3.338812,29.80945408,52.19820142,1
18:21:30,3.34,3.338812,29.81613278,52.20649242,1
18:21:31,3.34,3.338812,29.82281148,52.21491,1
18:21:32,3.34,3.338812,29.82949018,52.22321,1
18:21:33,3.34,3.338812,29.83616889,52.23162174,1
18:21:34,3.34,3.338812,29.84284759,52.23991871,1
18:21:35,3.34,3.338812,29.84952629,52.24833488,1
18:21:36,3.34,3.338813,29.8562,52.25663185,1
18:21:37,3.34,3.338813,29.86288369,52.26504803,1
18:21:38,3.34,3.338813,29.86956239,52.27334499,1
18:21:39,3.34,3.338813,29.87624109,52.28176,1
18:21:40,3.34,3.338813,29.88291979,52.29006,1
18:21:41,3.34,3.338813,29.88959849,52.29848027,1
18:21:42,3.34,3.338813,29.89627719,52.30677724,1
18:21:43,3.34,3.338813,29.90295589,52.31519938,1
18:21:44,3.34,3.338814,29.90963459,52.32349634,1
18:21:45,3.34,3.338814,29.91631329,52.33191848,1
18:21:46,3.34,3.338814,29.92299199,52.34022,1
18:21:47,3.34,3.338814,29.92967069,52.34864354,1
18:21:48,3.34,3.338814,29.93634939,52.35694647,1
18:21:49,3.34,3.338814,29.94302809,52.3653686,1
18:21:50,3.34,3.338814,29.94970679,52.37367153,1
18:21:51,3.34,3.338814,29.95638549,52.38209367,1
18:21:52,3.34,3.338814,29.96306,52.3903966,1
18:21:53,3.34,3.338814,29.96974289,52.39882469,1
18:21:54,3.34,3.338814,29.97642159,52.40712762,1
18:21:55,3.34,3.338815,29.9831003,52.41555572,1
18:21:56,3.34,3.338815,29.989779,52.42386,1
18:21:57,3.34,3.338815,29.9964577,52.43228674,1
18:21:58,3.34,3.338815,30.0031364,52.44059563,1
18:21:59,3.34,3.338815,30.0098151,52.44902372,1
18:22:00,3.34,3.338815,30.0164938,52.45733,1
18:22:01,3.34,3.338815,30.0231725,52.46576071,1
18:22:02,3.34,3.338815,30.0298512,52.4740696,1
18:22:03,3.34,3.338815,30.0365299,52.48249769,1
18:22:04,3.34,3.338816,30.0432086,52.49081,1
18:22:05,3.34,3.338816,30.0498873,52.49924064,1
18:22:06,3.34,3.338816,30.056566,52.50754952,1
18:22:07,3.34,3.338816,30.0632447,52.51598,1
18:22:08,3.34,3.338816,30.06992,52.52429247,1
18:22:09,3.34,3.338816,30.0766021,52.53272653,1
18:22:10,3.34,3.338816,30.0832808,52.54113078,1
18:22:11,3.34,3.338817,30.0899595,52.54942775,1
18:22:12,3.34,3.338816,30.0966382,52.55776048,1
18:22:13,3.34,3.338817,30.1033169,52.56620646,1
18:22:14,3.34,3.338817,30.1099956,52.57461667,1
18:22:15,3.34,3.338817,30.1166743,52.5829196,1
18:22:16,3.34,3.338817,30.123353,52.59134769,1
18:22:17,3.34,3.338817,30.1300317,52.59966254,1
18:22:18,3.34,3.338817,30.13671041,52.6080966,1
18:22:19,3.34,3.338817,30.14338911,52.61641145,1
18:22:20,3.34,3.338817,30.15006781,52.62485147,1
18:22:21,3.34,3.338818,30.15674651,52.63316631,1
18:22:22,3.34,3.338818,30.16342521,52.64160633,1
18:22:23,3.34,3.338818,30.17010391,52.64992714,1
18:22:24,3.34,3.338818,30.17678,52.65837,1
18:22:25,3.34,3.338818,30.18346131,52.66677737,1
18:22:26,3.34,3.338818,30.19014001,52.6750803,1
18:22:27,3.34,3.338818,30.19681871,52.68351436,1
18:22:28,3.34,3.338818,30.20349741,52.6918292,1
18:22:29,3.34,3.338818,30.21017611,52.70026922,1
18:22:30,3.34,3.338819,30.21685481,52.70859003,1
18:22:31,3.34,3.338819,30.22353351,52.71703601,1
18:22:32,3.34,3.338819,30.23021221,52.72535682,1
18:22:33,3.34,3.338819,30.23689091,52.7338,1
18:22:34,3.34,3.338819,30.24356961,52.7421236,1
18:22:35,3.34,3.338819,30.25024831,52.75056958,1
18:22:36,3.34,3.338819,30.25692701,52.75898576,1
18:22:37,3.34,3.33882,30.26360571,52.76729465,1
18:22:38,3.34,3.33882,30.27028441,52.77573466,1
18:22:39,3.34,3.33882,30.27696311,52.78405547,1
18:22:40,3.34,3.33882,30.28364,52.79250145,1
18:22:41,3.34,3.33882,30.29032052,52.80082822,1
18:22:42,3.34,3.33882,30.29699922,52.80928016,1
18:22:43,3.34,3.33882,30.30367792,52.81770229,1
18:22:44,3.34,3.33882,30.31035662,52.82601714,1
18:22:45,3.34,3.33882,30.31703532,52.83446312,1
18:22:46,3.34,3.33882,30.32371402,52.84278989,1
18:22:47,3.34,3.33882,30.33039272,52.85124183,1
18:22:48,3.34,3.338821,30.33707142,52.8595686,1
18:22:49,3.34,3.338821,30.34375012,52.86802053,1
18:22:50,3.34,3.338821,30.35042882,52.87644267,1
18:22:51,3.34,3.338821,30.35710752,52.88475752,1
18:22:52,3.34,3.338821,30.36378622,52.8932035,1
18:22:53,3.34,3.338821,30.37046492,52.90153027,1
18:22:54,3.34,3.338821,30.37714362,52.9099822,1
18:22:55,3.34,3.338822,30.38382232,52.91831493,1
18:22:56,3.34,3.338822,30.3905,52.92677283,1
18:22:57,3.34,3.338821,30.39717972,52.93520093,1
18:22:58,3.34,3.338822,30.40385842,52.94352174,1
18:22:59,3.34,3.338822,30.41053712,52.95197368,1
18:23:00,3.34,3.338822,30.41721582,52.96030641,1
18:23:01,3.34,3.338822,30.42389452,52.96876431,1
18:23:02,3.34,3.338822,30.43057323,52.97709703,1
18:23:03,3.34,3.338822,30.43725193,52.98555493,1
18:23:04,3.34,3.338822,30.44393063,52.99398303,1
18:23:05,3.34,3.338822,30.45060933,53.00230384,1
18:23:06,3.34,3.338823,30.45728803,53.01075578,1
18:23:07,3.34,3.338823,30.46396673,53.01908851,1
18:23:08,3.34,3.338823,30.47064543,53.02754641,1
18:23:09,3.34,3.338823,30.47732413,53.03598046,1
18:23:10,3.34,3.338823,30.48400283,53.04430723,1
18:23:11,3.34,3.338823,30.49068153,53.05276513,1
18:23:12,3.34,3.338823,30.49736,53.0611,1
18:23:13,3.34,3.338823,30.50403893,53.06956768,1
18:23:14,3.34,3.338823,30.51071763,53.07800174,1
18:23:15,3.34,3.338824,30.51739633,53.08632851,1
18:23:16,3.34,3.338824,30.52407503,53.09478641,1
18:23:17,3.34,3.338824,30.53075373,53.1031251,1
18:23:18,3.34,3.338824,30.53743243,53.11158895,1
18:23:19,3.34,3.338824,30.54411113,53.12002301,1
18:23:20,3.34,3.338824,30.55078983,53.12834978,1
18:23:21,3.34,3.338824,30.55746853,53.13681364,1
18:23:22,3.34,3.338825,30.56414723,53.14515233,1
18:23:23,3.34,3.338824,30.57082593,53.15362215,1
18:23:24,3.34,3.338825,30.57750463,53.16206217,1
18:23:25,3.34,3.338825,30.58418334,53.17039,1
18:23:26,3.34,3.338825,30.59086204,53.17885876,1
18:23:27,3.34,3.338825,30.59754074,53.18720341,1
18:23:28,3.34,3.338825,30.60422,53.19567323,1
18:23:29,3.34,3.338825,30.61089814,53.20411325,1
18:23:30,3.34,3.338825,30.61757684,53.21244597,1
18:23:31,3.34,3.338825,30.62425554,53.22090983,1
18:23:32,3.34,3.338826,30.63093424,53.22925448,1
18:23:33,3.34,3.338826,30.63761294,53.23772,1
18:23:34,3.34,3.338826,30.64429164,53.24617028,1
18:23:35,3.341,3.338826,30.65097034,53.2559216,1
18:23:36,3.341,3.339309,30.65764904,53.2651782,1
18:23:37,3.341,3.339549,30.66432774,53.2739222,1
18:23:38,3.341,3.339668,30.67100644,53.28264,1
18:23:39,3.34,3.339727,30.67768514,53.28972936,1
18:23:40,3.34,3.339273,30.68436384,53.29748988,1
18:23:41,3.341,3.339049,30.69104254,53.30707431,1
18:23:42,3.341,3.33942,30.69772124,53.31597328,1
18:23:43,3.341,3.339604,30.70439994,53.32477689,1
18:23:44,3.341,3.339696,30.71108,53.33331227,1
18:23:45,3.341,3.339741,30.71775734,53.34181786,1
18:23:46,3.341,3.339764,30.72443604,53.35041285,1
18:23:47,3.341,3.339775,30.73111475,53.35894823,1
18:23:48,3.341,3.339781,30.73779345,53.36745977,1
18:23:49,3.341,3.339783,30.74447215,53.3759594,1
18:23:50,3.341,3.339785,30.75115085,53.3844471,1
18:23:51,3.341,3.339786,30.75782955,53.39283347,1
18:23:52,3.341,3.339786,30.76450825,53.40136886,1
18:23:53,3.341,3.339787,30.77118695,53.4098804,1
18:23:54,3.341,3.339787,30.77786565,53.41838002,1
18:23:55,3.341,3.339787,30.78454435,53.42677236,1
18:23:56,3.341,3.339787,30.79122305,53.43530774,1
18:23:57,3.341,3.339787,30.79790175,53.44381928,1
18:23:58,3.341,3.339787,30.80458045,53.45231891,1
18:23:59,3.341,3.339788,30.81125915,53.46081257,1
18:24:00,3.341,3.339788,30.81794,53.4692049,1
18:24:01,3.341,3.339788,30.82461655,53.47774029,1
18:24:02,3.341,3.339788,30.83129525,53.48625,1
18:24:03,3.341,3.339788,30.83797395,53.49475145,1
18:24:04,3.341,3.339788,30.84465265,53.50314975,1
18:24:05,3.341,3.339788,30.85133135,53.51169109,1
18:24:06,3.341,3.339789,30.85801005,53.5202086,1
18:24:07,3.341,3.339788,30.86468875,53.52871418,1
18:24:08,3.341,3.339788,30.87136745,53.5372138,1
18:24:09,3.341,3.339789,30.87804615,53.5456121,1
18:24:10,3.341,3.339789,30.88472486,53.55415,1
18:24:11,3.341,3.339789,30.89140356,53.56267095,1
18:24:12,3.342,3.339789,30.89808226,53.57269049,1
18:24:13,3.342,3.340272,30.90476096,53.58197093,1
18:24:14,3.342,3.340512,30.91143966,53.59076262,1
18:24:15,3.341,3.340631,30.91811836,53.59801054,1
18:24:16,3.342,3.340207,30.9248,53.60741615,1
18:24:17,3.342,3.34048,30.93147576,53.61639261,1
18:24:18,3.342,3.340615,30.93815446,53.62516046,1
18:24:19,3.342,3.340683,30.94483316,53.63382101,1
18:24:20,3.342,3.340716,30.95151186,53.64232659,1
18:24:21,3.342,3.340732,30.95819056,53.65096331,1
18:24:22,3.342,3.340741,30.96486926,53.65945697,1
18:24:23,3.342,3.340745,30.97154796,53.66808772,1
18:24:24,3.342,3.340747,30.97822666,53.67668271,1
18:24:25,3.342,3.340748,30.98490536,53.68525982,1
18:24:26,3.342,3.340749,30.99158406,53.69383097,1
18:24:27,3.342,3.340749,30.99826276,53.70239615,1
18:24:28,3.342,3.340749,31.00494146,53.71096134,1
18:24:29,3.342,3.34075,31.01162016,53.71952653,1
18:24:30,3.342,3.34075,31.01829886,53.72809172,1
18:24:31,3.342,3.34075,31.02497756,53.7366569,1
18:24:32,3.342,3.34075,31.03166,53.74522209,1
18:24:33,3.342,3.34075,31.03833497,53.75378728,1
18:24:34,3.342,3.34075,31.04501367,53.76235247,1
18:24:35,3.342,3.34075,31.05169237,53.77091765,1
18:24:36,3.342,3.34075,31.05837107,53.77948284,1
18:24:37,3.342,3.340751,31.06504977,53.7879467,1
18:24:38,3.343,3.340751,31.07172847,53.79793644,1
18:24:39,3.343,3.341234,31.07840717,53.80725265,1
18:24:40,3.343,3.341474,31.08508587,53.81634831,1
18:24:41,3.343,3.341593,31.09176457,53.82509,1
18:24:42,3.343,3.341652,31.09844327,53.83378267,1
18:24:43,3.343,3.341682,31.10512197,53.84255052,1
18:24:44,3.343,3.341697,31.11180067,53.85125279,1
18:24:45,3.343,3.341704,31.11847937,53.85981202,1
18:24:46,3.343,3.341707,31.12515807,53.86840701,1
18:24:47,3.343,3.34171,31.13183677,53.87701988,1
18:24:48,3.343,3.341711,31.13852,53.88564467,1
18:24:49,3.343,3.341711,31.14519417,53.89427543,1
18:24:50,3.343,3.341711,31.15187287,53.90301347,1
18:24:51,3.343,3.341712,31.15855157,53.91169786,1
18:24:52,3.343,3.341712,31.16523027,53.92025709,1
18:24:53,3.343,3.341712,31.17190897,53.92895937,1
18:24:54,3.343,3.341712,31.17858768,53.93752456,1
18:24:55,3.343,3.341712,31.18526638,53.94612551,1
18:24:56,3.343,3.341712,31.19194508,53.95474434,1
18:24:57,3.343,3.341712,31.19862378,53.96338,1
18:24:58,3.343,3.341712,31.20530248,53.97200584,1
18:24:59,3.343,3.341713,31.21198118,53.98074985,1
18:25:00,3.343,3.341713,31.21865988,53.9894402,1
18:25:01,3.344,3.341713,31.22533858,53.9994657,1
18:25:02,3.344,3.342196,31.23201728,54.00884151,1
18:25:03,3.344,3.342436,31.23869598,54.01800871,1
18:25:04,3.343,3.342555,31.24537,54.02534604,1
18:25:05,3.343,3.342131,31.25205338,54.03339863,1
18:25:06,3.344,3.341921,31.25873208,54.04314399,1
18:25:07,3.344,3.342299,31.26541078,54.05251384,1
18:25:08,3.344,3.342487,31.27208948,54.0615499,1
18:25:09,3.344,3.34258,31.27876818,54.07041907,1
18:25:10,3.344,3.342627,31.28544688,54.07909751,1
18:25:11,3.344,3.34265,31.29212558,54.08790112,1
18:25:12,3.344,3.342662,31.29880428,54.09665704,1
18:25:13,3.344,3.342667,31.30548298,54.10528,1
18:25:14,3.344,3.34267,31.31216168,54.11394835,1
18:25:15,3.344,3.342672,31.31884038,54.12274599,1
18:25:16,3.344,3.342673,31.32551908,54.13139462,1
18:25:17,3.344,3.342673,31.33219779,54.14007306,1
18:25:18,3.344,3.342673,31.33887649,54.14877,1
18:25:19,3.344,3.342673,31.34555519,54.15758491,1
18:25:20,3.344,3.342674,31.35223,54.1662395,1
18:25:21,3.344,3.342674,31.35891259,54.1749239,1
18:25:22,3.344,3.342674,31.36559129,54.18373346,1
18:25:23,3.345,3.342674,31.37226999,54.19407,1
18:25:24,3.345,3.343157,31.37894869,54.20361757,1
18:25:25,3.344,3.343397,31.38562739,54.21122909,1
18:25:26,3.344,3.343033,31.39230609,54.21940088,1
18:25:27,3.344,3.342853,31.39898479,54.22784686,1
18:25:28,3.345,3.342763,31.40566349,54.23797369,1
18:25:29,3.345,3.343201,31.41234219,54.24727798,1
18:25:30,3.345,3.343419,31.41902089,54.25645709,1
18:25:31,3.345,3.343527,31.42569959,54.26543951,1
18:25:32,3.345,3.343581,31.43237829,54.2743206,1
18:25:33,3.345,3.343608,31.43905699,54.28315401,1
18:25:34,3.345,3.343621,31.44573569,54.29185033,1
18:25:35,3.345,3.343628,31.45241439,54.30058837,1
18:25:36,3.345,3.343631,31.45909,54.30946,1
18:25:37,3.345,3.343633,31.46577179,54.31818366,1
18:25:38,3.345,3.343634,31.47245049,54.32705283,1
18:25:39,3.345,3.343634,31.4791292,54.33576703,1
18:25:40,3.345,3.343635,31.4858079,54.34463024,1
18:25:41,3.345,3.343635,31.4924866,54.35334444,1
18:25:42,3.345,3.343635,31.4991653,54.3620944,1
18:25:43,3.345,3.343635,31.505844,54.37098145,1
18:25:44,3.345,3.343635,31.5125227,54.37970757,1
18:25:45,3.345,3.343635,31.5192014,54.38857675,1
18:25:46,3.345,3.343636,31.5258801,54.3973,1
18:25:47,3.345,3.343636,31.5325588,54.40617,1
18:25:48,3.345,3.343636,31.5392375,54.41488624,1
18:25:49,3.345,3.343636,31.5459162,54.42375541,1
18:25:50,3.346,3.343636,31.5525949,54.43397164,1
18:25:51,3.346,3.344119,31.5592736,54.44367528,1
18:25:52,3.346,3.344359,31.56595,54.45281267,1
18:25:53,3.346,3.344478,31.572631,54.46193814,1
18:25:55,3.345,3.344537,31.5793097,54.469347,1
18:25:55,3.346,3.344084,31.5859884,54.47887182,1
18:25:56,3.346,3.344342,31.5926671,54.48806882,1
18:25:57,3.346,3.34447,31.5993458,54.49723005,1
18:25:58,3.346,3.344533,31.6060245,54.50624228,1
18:25:59,3.346,3.344565,31.6127032,54.51517701,1
18:26:00,3.346,3.344581,31.6193819,54.52407598,1
18:26:01,3.346,3.344589,31.62606061,54.53284383,1
18:26:02,3.346,3.344593,31.63273931,54.54178,1
18:26:03,3.346,3.344595,31.63941801,54.55055833,1
18:26:04,3.346,3.344599,31.64609671,54.55949903,1
18:26:05,3.346,3.344601,31.65277541,54.568398,1
18:26:06,3.346,3.344602,31.65945411,54.57716,1
18:26:07,3.346,3.344602,31.66613281,54.58608866,1
18:26:08,3.346,3.344602,31.67281,54.59486842,1
18:26:09,3.346,3.344603,31.67949021,54.60380912,1
18:26:10,3.346,3.344602,31.68616891,54.61271405,1
18:26:11,3.346,3.344603,31.69284761,54.6214819,1
18:26:12,3.346,3.344603,31.69952631,54.63041663,1
18:26:13,3.346,3.344603,31.70620501,54.63932157,1
18:26:14,3.346,3.344603,31.71288371,54.64808941,1
18:26:15,3.346,3.344603,31.71956241,54.65702415,1
18:26:16,3.346,3.344603,31.72624111,54.66580987,1
18:26:17,3.346,3.344603,31.73291981,54.67475653,1
18:26:18,3.347,3.344603,31.73959851,54.68527079,1
18:26:19,3.346,3.345086,31.74627721,54.69340086,1
18:26:20,3.347,3.344842,31.75295591,54.70349193,1
18:26:21,3.346,3.345205,31.75963461,54.71135974,1
18:26:22,3.346,3.344901,31.76631331,54.71981764,1
18:26:23,3.346,3.344751,31.77299201,54.72838283,1
18:26:24,3.347,3.344676,31.77967,54.73865271,1
18:26:25,3.347,3.345122,31.78634942,54.74842191,1
18:26:26,3.347,3.345344,31.79302812,54.75776792,1
18:26:27,3.347,3.345453,31.79970682,54.7667861,1
18:26:28,3.347,3.345508,31.80638552,54.77576852,1
18:26:29,3.347,3.345535,31.81306422,54.78473306,1
18:26:30,3.346,3.345548,31.81974292,54.7921598,1
18:26:31,3.347,3.345071,31.82642162,54.80179787,1
18:26:32,3.347,3.345319,31.83310032,54.81123924,1
18:26:33,3.347,3.34544,31.83977902,54.82043624,1
18:26:34,3.347,3.345501,31.84645772,54.82951403,1
18:26:35,3.347,3.345531,31.85313642,54.83840704,1
18:26:36,3.347,3.345546,31.85981512,54.84745502,1
18:26:37,3.347,3.345554,31.86649382,54.85646129,1
18:26:38,3.347,3.345557,31.87317252,54.86544967,1
18:26:39,3.347,3.345559,31.87985122,54.87442613,1
18:26:40,3.347,3.34556,31.88653,54.88339663,1
18:26:41,3.347,3.345561,31.89320862,54.89224195,1
18:26:42,3.347,3.345561,31.89988732,54.90127206,1
18:26:43,3.347,3.345561,31.90656602,54.91027236,1
18:26:44,3.347,3.345561,31.91324472,54.91926074,1
18:26:45,3.347,3.345561,31.91992342,54.92824316,1
18:26:46,3.347,3.345561,31.92660213,54.93721962,1
18:26:47,3.347,3.345561,31.93328083,54.94607091,1
18:26:48,3.347,3.345561,31.93995953,54.95510697,1
18:26:49,3.347,3.345561,31.94663823,54.96411324,1
18:26:50,3.347,3.345561,31.95331693,54.97310758,1
18:26:51,3.347,3.345561,31.95999563,54.98209596,1
18:26:52,3.347,3.345561,31.96667433,54.99107838,1
18:26:53,3.347,3.345561,31.97335303,55.0000608,1
18:26:54,3.347,3.345561,31.98003173,55.00904322,1
18:26:55,3.347,3.345561,31.98671043,55.01790643,1
18:26:56,3.347,3.345561,31.99339,55.02695441,1
18:26:57,3.347,3.345561,32.00006783,55.03597,1
18:26:58,3.347,3.345561,32.00674653,55.0449729,1
18:26:59,3.347,3.345561,32.01342523,55.05396724,1
18:27:00,3.347,3.345561,32.02010393,55.06296,1
18:27:01,3.347,3.34556,32.02678263,55.07195592,1
18:27:02,3.347,3.345561,32.03346133,55.08095026,1
18:27:03,3.347,3.345561,32.04014003,55.0899446,1
18:27:04,3.347,3.345561,32.04681873,55.09881377,1
18:27:05,3.347,3.345561,32.05349743,55.10786772,1
18:27:06,3.347,3.345561,32.06017613,55.11677265,1
18:27:07,3.347,3.345561,32.06685483,55.12584448,1
18:27:08,3.347,3.345561,32.07353354,55.13488054,1
18:27:09,3.347,3.345561,32.08021224,55.14389873,1
18:27:10,3.347,3.345561,32.08689094,55.15291095,1
18:27:11,3.347,3.34556,32.09356964,55.16191721,1
18:27:12,3.347,3.34556,32.10024834,55.17092347,1
18:27:13,3.347,3.345561,32.10692704,55.17992973,1
18:27:14,3.347,3.345561,32.11360574,55.188936,1
18:27:15,3.347,3.34556,32.12028444,55.19794226,1
18:27:16,3.347,3.345561,32.12696314,55.20682931,1
18:27:17,3.347,3.345561,32.13364184,55.21577597,1
18:27:18,3.347,3.345561,32.14032054,55.2248776,1
18:27:19,3.347,3.34556,32.14699924,55.23207188,1
18:27:20,3.347,3.34556,32.15367794,55.23852706,1
18:27:21,3.347,3.34556,32.16035664,55.24457693,1
18:27:22,3.347,3.345559,32.16703534,55.25064,1
18:27:23,3.347,3.345559,32.17371404,55.25681376,1
18:27:24,3.347,3.345559,32.18039274,55.26276,1
18:27:25,3.347,3.345559,32.18707144,55.26868105,1
18:27:26,3.347,3.345559,32.19375014,55.27456403,1
18:27:27,3.347,3.345559,32.20042884,55.2804,1
18:27:28,3.347,3.345559,32.20711,55.28618097,1
18:27:29,3.347,3.345559,32.21378624,55.29203,1
18:27:30,3.347,3.345558,32.22046494,55.29776812,1
18:27:31,3.347,3.345559,32.22714365,55.30341268,1
18:27:32,3.347,3.345559,32.23382235,55.30911088,1
18:27:33,3.347,3.345558,32.24050105,55.31468391,1
18:27:34,3.347,3.345558,32.24717975,55.32028675,1
18:27:35,3.347,3.345557,32.25385845,55.3257525,1
18:27:36,3.347,3.345555,32.26053715,55.33124804,1
18:27:37,3.347,3.345554,32.26721585,55.33673167,1
18:27:38,3.347,3.345553,32.27389455,55.34217954,1
18:27:39,3.347,3.345553,32.28057325,55.34757972,1
18:27:40,3.347,3.345553,32.28725195,55.35293221,1
18:27:41,3.347,3.345553,32.29393065,55.35823703,1
18:27:42,3.347,3.345553,32.30060935,55.3634882,1
18:27:43,3.347,3.345552,32.30728805,55.36881089,1
18:27:44,3.347,3.345552,32.31396675,55.37402034,1
18:27:45,3.347,3.345552,32.32064545,55.37914038,1
18:27:46,3.347,3.345552,32.32732415,55.38432002,1
18:27:47,3.347,3.345552,32.33400285,55.38950562,1
18:27:48,3.347,3.345552,32.34068155,55.39454222,1
18:27:49,3.347,3.345552,32.34736025,55.39960265,1
18:27:50,3.347,3.345551,32.35403895,55.404526,1
18:27:51,3.347,3.345551,32.36071765,55.40947318,1
18:27:52,3.347,3.345551,32.36739635,55.41441441,1
18:27:53,3.347,3.345551,32.37407506,55.41932583,1
18:27:54,3.347,3.345551,32.38075376,55.4248333,1
18:27:55,3.347,3.345551,32.38743246,55.43112755,1
18:27:56,3.347,3.345551,32.39411116,55.43781519,1
18:27:57,3.347,3.345551,32.40078986,55.44457436,1
18:27:58,3.347,3.345551,32.40746856,55.45161366,1
18:27:59,3.347,3.345551,32.41414726,55.45867085,1
18:28:00,3.347,3.345551,32.42083,55.46573997,1
18:28:01,3.347,3.345551,32.42750466,55.47281504,1
18:28:02,3.347,3.345551,32.43418336,55.47976494,1
18:28:03,3.347,3.34555,32.44086206,55.48689961,1
18:28:04,3.347,3.34555,32.44754076,55.49400449,1
18:28:05,3.347,3.34555,32.45421946,55.50109744,1
18:28:07,3.347,3.34555,32.46089816,55.50818443,1
18:28:07,3.347,3.34555,32.46757686,55.5151403,1
18:28:08,3.347,3.34555,32.47425556,55.52228093,1
18:28:09,3.347,3.34555,32.48093426,55.52939177,1
18:28:10,3.347,3.345549,32.48761296,55.53635955,1
18:28:11,3.347,3.345549,32.49429166,55.54350615,1
18:28:12,3.347,3.345549,32.50097036,55.55049181,1
18:28:13,3.347,3.345549,32.50764906,55.55765033,1
18:28:14,3.347,3.345549,32.51432776,55.56476712,1
18:28:15,3.347,3.345549,32.52100646,55.57174087,1
18:28:16,3.347,3.345549,32.52768517,55.57889342,1
18:28:17,3.347,3.345548,32.53436387,55.58587909,1
18:28:18,3.347,3.345548,32.54104257,55.59303761,1
18:28:19,3.347,3.345548,32.54772127,55.60016036,1
18:28:20,3.347,3.345548,32.55439997,55.6071341,1
18:28:21,3.347,3.345548,32.56107867,55.61428666,1
18:28:22,3.347,3.345548,32.56775737,55.62140346,1
18:28:23,3.347,3.345547,32.57443607,55.62850237,1
18:28:24,3.347,3.345547,32.58111477,55.63559532,1
18:28:25,3.347,3.345548,32.58779347,55.64255118,1
18:28:26,3.347,3.345547,32.59447217,55.64969778,1
18:28:28,3.347,3.345547,32.60115087,55.65681,1
18:28:28,3.347,3.345547,32.60782957,55.66391349,1
18:28:29,3.347,3.345547,32.61450827,55.67100644,1
18:28:30,3.347,3.345546,32.62118697,55.6779623,1
18:28:32,3.347,3.345546,32.62786567,55.6851089,1
18:28:32,3.347,3.345546,32.63454,55.69222569,1
18:28:33,3.347,3.345546,32.64122307,55.69919944,1
18:28:34,3.347,3.345546,32.64790177,55.706352,1
18:28:35,3.347,3.345546,32.65458047,55.71334362,1
18:28:36,3.347,3.345546,32.66125917,55.7205081,1
18:28:37,3.347,3.345546,32.66793787,55.72763085,1
18:28:38,3.347,3.345545,32.67461658,55.7346046,1
18:28:39,3.347,3.345545,32.68129528,55.74176311,1
18:28:40,3.347,3.345545,32.68797398,55.74888587,1
18:28:41,3.347,3.345545,32.69465268,55.75599074,1
18:28:42,3.347,3.345545,32.70133138,55.7630837,1
18:28:43,3.347,3.345545,32.70801008,55.77004552,1
18:28:45,3.347,3.345544,32.71468878,55.77719808,1
18:28:45,3.347,3.345545,32.72136748,55.78431487,1
18:28:46,3.347,3.345544,32.72804618,55.79141974,1
18:28:47,3.347,3.345544,32.73472488,55.7985127,1
18:28:48,3.347,3.345544,32.74140358,55.80547452,1
18:28:49,3.347,3.345544,32.74808228,55.81262708,1
18:28:50,3.347,3.345544,32.75476098,55.81974983,1
18:28:51,3.347,3.345543,32.76143968,55.82672358,1
18:28:52,3.347,3.345544,32.76811838,55.83388209,1
18:28:54,3.347,3.345543,32.77479708,55.84087,1
18:28:54,3.347,3.345543,32.78147578,55.84804416,1
18:28:55,3.347,3.345543,32.78815448,55.85517287,1
18:28:56,3.347,3.345543,32.79483318,55.86215258,1
18:28:58,3.347,3.345542,32.80151188,55.86931705,1
18:28:58,3.347,3.345543,32.80819058,55.87645,1
18:28:59,3.347,3.345542,32.81486928,55.8835566,1
18:29:00,3.347,3.345542,32.82154799,55.89066,1
18:29:02,3.347,3.345542,32.82822669,55.8976233,1
18:29:03,3.347,3.345542,32.83490539,55.90478182,1
18:29:03,3.347,3.345542,32.84158409,55.91190457,1
18:29:04,3.347,3.345541,32.84826,55.91888,1
18:29:05,3.347,3.345541,32.85494149,55.92604876,1
18:29:07,3.347,3.345541,32.86162019,55.93304634,1
18:29:07,3.347,3.345541,32.86829889,55.94021678,1
18:29:08,3.347,3.345541,32.87497759,55.94735146,1
18:29:09,3.347,3.345541,32.88165629,55.95433116,1
18:29:11,3.347,3.345541,32.88833499,55.96149564,1
18:29:11,3.347,3.345541,32.89501369,55.96862435,1
18:29:12,3.347,3.34554,32.90169239,55.97573519,1
18:29:13,3.347,3.34554,32.90837109,55.98284006,1
18:29:15,3.347,3.34554,32.91504979,55.98980784,1
18:29:16,3.347,3.34554,32.92172849,55.99696636,1
18:29:16,3.347,3.34554,32.92840719,56.00409508,1
18:29:17,3.347,3.34554,32.93508589,56.01107478,1
18:29:18,3.347,3.34554,32.94176459,56.01823926,1
18:29:20,3.347,3.34554,32.94844329,56.02523685,1
18:29:20,3.347,3.345539,32.95512199,56.03241324,1
18:29:21,3.347,3.345539,32.96180069,56.03954792,1
18:29:22,3.347,3.345539,32.96847939,56.04653358,1
18:29:24,3.347,3.345539,32.9751581,56.05370402,1
18:29:25,3.347,3.345539,32.9818368,56.0608387,1
18:29:25,3.347,3.345538,32.9885155,56.06795549,1
18:29:26,3.347,3.345538,32.9951942,56.07506037,1
18:29:28,3.347,3.345538,33.0018729,56.08202815,1
18:29:29,3.347,3.345538,33.0085516,56.08919263,1
18:29:29,3.347,3.345538,33.0152303,56.09632134,1
18:29:30,3.347,3.345538,33.021909,56.10343814,1
18:29:32,3.347,3.345537,33.0285877,56.11054301,1
18:29:33,3.347,3.345538,33.0352664,56.1175108,1
18:29:34,3.347,3.345537,33.0419451,56.12467527,1
18:29:34,3.347,3.345537,33.0486238,56.13180995,1
18:29:36,3.347,3.345537,33.0553025,56.13879561,1
18:29:37,3.347,3.345537,33.06198,56.14596605,1
18:29:38,3.347,3.345537,33.0686599,56.15310073,1
18:29:38,3.347,3.345536,33.0753386,56.16021752,1
18:29:40,3.347,3.345537,33.0820173,56.16732836,1
18:29:41,3.347,3.345536,33.088696,56.1743021,1
18:29:42,3.347,3.345536,33.0953747,56.18146658,1
18:29:43,3.347,3.345536,33.1020534,56.18860126,1
18:29:43,3.347,3.345536,33.1087321,56.19558692,1
18:29:45,3.347,3.345536,33.1154108,56.20276332,1
18:29:46,3.347,3.345536,33.12208951,56.20976686,1
18:29:47,3.347,3.345535,33.12876821,56.21694922,1
18:29:47,3.347,3.345535,33.13544691,56.22408986,1
18:29:49,3.347,3.345535,33.14212561,56.23108149,1
18:29:50,3.347,3.345535,33.14880431,56.23825788,1
18:29:51,3.348,3.345535,33.15548301,56.24571443,1
18:29:52,3.347,3.346017,33.16216171,56.25259876,1
18:29:53,3.347,3.345774,33.16884041,56.25969172,1
18:29:54,3.348,3.345653,33.17551911,56.26689792,1
18:29:55,3.348,3.346075,33.18219781,56.27424717,1
18:29:56,3.347,3.346285,33.18887651,56.28114939,1
18:29:56,3.347,3.345906,33.19555521,56.28806353,1
18:29:58,3.348,3.345718,33.20223391,56.29552007,1
18:29:59,3.348,3.346107,33.20891261,56.30279779,1
18:30:00,3.347,3.3463,33.21559131,56.30962253,1
18:30:00,3.347,3.345914,33.22227001,56.31667376,1
18:30:02,3.348,3.345722,33.22894871,56.32386804,1
18:30:03,3.348,3.346109,33.23562741,56.33120537,1
18:30:04,3.347,3.346301,33.24230611,56.33810759,1
18:30:05,3.347,3.345913,33.24898481,56.34501576,1
18:30:06,3.347,3.345722,33.25566351,56.35213256,1
18:30:07,3.347,3.345626,33.26234221,56.35924935,1
18:30:08,3.347,3.345579,33.26902092,56.36636019,1
18:30:09,3.347,3.345555,33.2757,56.37347102,1
18:30:10,3.348,3.345544,33.28237832,56.38065,1
18:30:11,3.347,3.34602,33.28905702,56.38766289,1
18:30:12,3.348,3.345774,33.29573572,56.3950479,1
18:30:13,3.347,3.346134,33.30241442,56.4019084,1
18:30:14,3.347,3.34583,33.30909312,56.40898943,1
18:30:15,3.347,3.34568,33.31577182,56.41596913,1
18:30:16,3.348,3.345604,33.32245052,56.42348528,1
18:30:17,3.347,3.34605,33.32912922,56.43047094,1
18:30:18,3.347,3.345788,33.33580792,56.43740892,1
18:30:19,3.348,3.345658,33.34248662,56.44489527,1
18:30:20,3.348,3.346076,33.34916532,56.45219088,1
18:30:21,3.348,3.346283,33.35584402,56.45924,1
18:30:22,3.348,3.346386,33.36252272,56.46647215,1
18:30:23,3.348,3.346437,33.36920142,56.47364855,1
18:30:24,3.348,3.346462,33.37588012,56.48065805,1
18:30:25,3.347,3.346474,33.38255882,56.48751855,1
18:30:26,3.348,3.345998,33.38923752,56.49465322,1
18:30:27,3.348,3.346244,33.39591622,56.50194883,1
18:30:28,3.348,3.346366,33.40259492,56.50915504,1
18:30:29,3.347,3.346426,33.40927362,56.51595592,1
18:30:30,3.347,3.345974,33.41595232,56.52298927,1
18:30:31,3.347,3.34575,33.42263103,56.5299511,1
18:30:32,3.348,3.345638,33.42930973,56.53746724,1
18:30:33,3.348,3.346065,33.43598843,56.54477477,1
18:30:34,3.348,3.346277,33.44266713,56.55198693,1
18:30:35,3.347,3.346381,33.44934583,56.55885339,1
18:30:36,3.348,3.345952,33.45602453,56.566149,1
18:30:37,3.348,3.34622,33.46270323,56.57319427,1
18:30:38,3.347,3.346353,33.46938193,56.58009052,1
18:30:39,3.348,3.345937,33.47606063,56.58742785,1
18:30:40,3.347,3.346213,33.48273933,56.59428,1
18:30:41,3.347,3.345867,33.48942,56.60134554,1
18:30:42,3.348,3.345696,33.49609673,56.60855174,1
18:30:43,3.348,3.346092,33.50277543,56.61590695,1
18:30:44,3.348,3.34629,33.50945413,56.62314296,1
18:30:45,3.347,3.346387,33.51613283,56.62995577,1
18:30:46,3.348,3.345953,33.52281153,56.63735271,1
18:30:47,3.347,3.34622,33.52949023,56.64428473,1
18:30:48,3.348,3.34587,33.53616893,56.65162802,1
18:30:49,3.347,3.346179,33.54284763,56.65855,1
18:30:50,3.348,3.34585,33.54952633,56.66568279,1
18:30:51,3.348,3.346169,33.55620503,56.67299032,1
18:30:52,3.348,3.346327,33.56288373,56.68020844,1
18:30:53,3.348,3.346405,33.56956244,56.68723583,1
18:30:54,3.348,3.346443,33.57624114,56.69445992,1
18:30:55,3.348,3.346463,33.58291984,56.70163631,1
18:30:56,3.348,3.346472,33.58959854,56.70865178,1
18:30:57,3.348,3.346477,33.59627724,56.71586394,1
18:30:58,3.347,3.346479,33.60295594,56.72271252,1
18:30:59,3.348,3.345998,33.60963464,56.73001409,1
18:31:00,3.348,3.346241,33.61631334,56.73723,1
18:31:01,3.348,3.346362,33.62299204,56.74425364,1
18:31:02,3.348,3.346421,33.62967074,56.75147772,1
18:31:03,3.348,3.346451,33.63634944,56.75865412,1
18:31:04,3.348,3.346466,33.64302814,56.76566958,1
18:31:05,3.348,3.346473,33.64970684,56.77288175,1
18:31:06,3.348,3.346477,33.65638554,56.78005815,1
18:31:07,3.348,3.346478,33.66306424,56.78707361,1
18:31:08,3.348,3.346479,33.66974294,56.79428577,1
18:31:09,3.348,3.346479,33.67642164,56.80132,1
18:31:10,3.348,3.346479,33.68310034,56.80854321,1
18:31:11,3.348,3.346479,33.68977904,56.81572556,1
18:31:12,3.347,3.346479,33.69645774,56.82252049,1
18:31:13,3.348,3.345997,33.70314,56.82990551,1
18:31:14,3.348,3.34624,33.70981514,56.8371594,1
18:31:15,3.348,3.34636,33.71649384,56.8441987,1
18:31:16,3.348,3.346419,33.72317255,56.85143471,1
18:31:17,3.348,3.346449,33.72985125,56.85862303,1
18:31:18,3.348,3.346464,33.73652995,56.86579,1
18:31:19,3.348,3.346471,33.74320865,56.87294,1
18:31:20,3.348,3.346474,33.74988735,56.87994361,1
18:31:21,3.348,3.346476,33.75656605,56.88715577,1
18:31:22,3.348,3.346477,33.76324475,56.89433217,1
18:31:23,3.348,3.346477,33.76992345,56.90134764,1
18:31:24,3.348,3.346477,33.77660215,56.90856576,1
18:31:25,3.348,3.346477,33.78328085,56.91574216,1
18:31:26,3.348,3.346477,33.78995955,56.92275763,1
18:31:27,3.348,3.346477,33.79663825,56.92997575,1
18:31:28,3.348,3.346477,33.80331695,56.93701506,1
18:31:29,3.348,3.346476,33.80999565,56.9442451,1
18:31:30,3.348,3.346476,33.81667435,56.95143342,1
18:31:31,3.348,3.346476,33.82335305,56.95845485,1
18:31:32,3.348,3.346476,33.83003175,56.96567893,1
18:31:33,3.348,3.346476,33.83671045,56.97286129,1
18:31:34,3.348,3.346475,33.84338915,56.97988272,1
18:31:35,3.348,3.346475,33.85006785,56.9871068,1
18:31:36,3.348,3.346475,33.85674655,56.99428916,1
18:31:37,3.348,3.346475,33.86342525,57.00145364,1
18:31:38,3.348,3.346475,33.87010396,57.0086062,1
18:31:39,3.348,3.346475,33.87678266,57.01561,1
18:31:40,3.348,3.346474,33.88346136,57.02282786,1
18:31:41,3.348,3.346474,33.89014006,57.03001,1
18:31:42,3.348,3.346474,33.89681876,57.03703165,1
18:31:43,3.348,3.346474,33.90349746,57.04425573,1
18:31:44,3.348,3.346474,33.91017616,57.05143809,1
18:31:45,3.348,3.346474,33.91685,57.05845952,1
18:31:46,3.348,3.346474,33.92353356,57.0656836,1
18:31:47,3.348,3.346473,33.93021226,57.07287192,1
18:31:48,3.348,3.346473,33.93689096,57.0800364,1
18:31:49,3.348,3.346473,33.94356966,57.08719492,1
18:31:50,3.348,3.346473,33.95024836,57.09420443,1
18:31:51,3.348,3.346473,33.95692706,57.10142255,1
18:31:52,3.348,3.346473,33.96360576,57.10860491,1
18:31:53,3.348,3.346472,33.97028446,57.11562634,1
18:31:54,3.348,3.346472,33.97696316,57.12285042,1
18:31:55,3.348,3.346472,33.98364186,57.13003874,1
18:31:56,3.348,3.346472,33.99032056,57.13706017,1
18:31:57,3.348,3.346472,33.99699926,57.14429021,1
18:31:58,3.348,3.346472,34.00367796,57.15133548,1
18:31:59,3.348,3.346471,34.01035666,57.15857744,1
18:32:00,3.348,3.346471,34.01703537,57.16577172,1
18:32:01,3.348,3.346471,34.02371407,57.17279911,1
18:32:02,3.348,3.346471,34.03039277,57.18002915,1
18:32:03,3.348,3.346471,34.03707147,57.18721747,1
18:32:04,3.348,3.34647,34.04375017,57.19424486,1
18:32:05,3.348,3.346471,34.05042887,57.20147491,1
18:32:06,3.348,3.34647,34.05710757,57.20866919,1
18:32:07,3.348,3.34647,34.06378627,57.21569657,1
18:32:08,3.348,3.34647,34.07046497,57.22292662,1
18:32:09,3.348,3.34647,34.07714367,57.22997189,1
18:32:10,3.348,3.34647,34.08382237,57.23721385,1
18:32:11,3.348,3.346469,34.09050107,57.24441409,1
18:32:12,3.348,3.34647,34.09717977,57.25144148,1
18:32:13,3.348,3.346469,34.10385847,57.25867748,1
18:32:14,3.348,3.346469,34.11053717,57.26587176,1
18:32:15,3.348,3.346469,34.11721587,57.27289915,1
18:32:16,3.348,3.346469,34.12389457,57.28013515,1
18:32:17,3.348,3.346469,34.13057,57.28732944,1
18:32:18,3.348,3.346468,34.13725197,57.29450583,1
18:32:19,3.348,3.346468,34.14393067,57.30167031,1
18:32:20,3.348,3.346468,34.15060937,57.30882883,1
18:32:21,3.348,3.346468,34.15728807,57.31598735,1
18:32:22,3.348,3.346468,34.16396677,57.32314587,1
18:32:23,3.348,3.346468,34.17064548,57.33015537,1
18:32:24,3.348,3.346467,34.17732418,57.33738542,1
18:32:25,3.348,3.346467,34.18400288,57.3445797,1
18:32:26,3.348,3.346467,34.19068158,57.35160708,1
18:32:27,3.348,3.346467,34.19736028,57.35884309,1
18:32:28,3.348,3.346467,34.20403898,57.36603737,1
18:32:29,3.348,3.346467,34.21071768,57.37307072,1
18:32:30,3.348,3.346466,34.21739638,57.38030672,1
18:32:31,3.348,3.346467,34.22407508,57.38735795,1
18:32:32,3.348,3.346466,34.23075378,57.39460588,1
18:32:33,3.348,3.346466,34.23743248,57.40181208,1
18:32:34,3.348,3.346466,34.24411118,57.40884542,1
18:32:35,3.348,3.346466,34.25078988,57.41608739,1
18:32:36,3.348,3.346466,34.25746858,57.42328763,1
18:32:37,3.348,3.346465,34.26414728,57.43032098,1
18:32:38,3.348,3.346465,34.27082598,57.43756294,1
18:32:39,3.348,3.346465,34.27750468,57.44476,1
18:32:40,3.348,3.346465,34.28418338,57.45179653,1
18:32:41,3.348,3.346465,34.29086208,57.4590385,1
18:32:42,3.348,3.346465,34.29754078,57.46623874,1
18:32:43,3.348,3.346464,34.30421948,57.4734211,1
18:32:44,3.348,3.346464,34.31089818,57.48059154,1
18:32:45,3.348,3.346464,34.31757689,57.48761296,1
18:32:46,3.348,3.346464,34.32425559,57.49484897,1
18:32:47,3.348,3.346464,34.33093429,57.50204921,1
18:32:48,3.348,3.346463,34.33761299,57.50908256,1
18:32:49,3.348,3.346463,34.34429,57.51632452,1
18:32:50,3.348,3.346463,34.35097039,57.52353072,1
18:32:51,3.348,3.346463,34.35764909,57.53056407,1
18:32:52,3.348,3.346463,34.36432779,57.53781199,1
18:32:53,3.348,3.346463,34.37100649,57.5450182,1
18:32:54,3.348,3.346462,34.37768519,57.55220056,1
18:32:55,3.348,3.346462,34.38436389,57.55937696,1
18:32:56,3.348,3.346462,34.39104259,57.56639838,1
18:32:57,3.348,3.346462,34.39772129,57.57364035,1
18:32:58,3.348,3.346462,34.40439999,57.58084059,1
18:32:59,3.348,3.346462,34.41107869,57.58787394,1
18:33:00,3.348,3.346461,34.41775739,57.59512186,1
18:33:01,3.348,3.346462,34.42443609,57.60232806,1
18:33:02,3.348,3.346461,34.43111479,57.60937,1
18:33:03,3.348,3.346461,34.43779349,57.61662,1
18:33:04,3.348,3.346461,34.44447219,57.6238215,1
18:33:05,3.348,3.34646,34.45115089,57.63086081,1
18:33:06,3.348,3.346461,34.45782959,57.63810873,1
18:33:07,3.348,3.34646,34.4645083,57.64532,1
18:33:08,3.348,3.34646,34.471187,57.65250921,1
18:33:09,3.348,3.34646,34.4778657,57.65969157,1
18:33:10,3.348,3.34646,34.4845444,57.66671896,1
18:33:11,3.348,3.34646,34.4912231,57.67396092,1
18:33:12,3.348,3.346459,34.4979018,57.68116713,1
18:33:13,3.348,3.346459,34.5045805,57.68820643,1
18:33:14,3.348,3.346459,34.5112592,57.69546032,1
18:33:15,3.348,3.346459,34.5179379,57.70267248,1
18:33:16,3.348,3.346459,34.5246166,57.70971179,1
18:33:17,3.348,3.346459,34.5312953,57.71696568,1
18:33:18,3.348,3.346459,34.537974,57.72417784,1
18:33:19,3.348,3.346458,34.5446527,57.73122311,1
18:33:20,3.348,3.346458,34.5513314,57.73847699,1
18:33:21,3.348,3.346458,34.55801,57.74568915,1
18:33:22,3.348,3.346458,34.5646888,57.75288343,1
18:33:23,3.348,3.346457,34.5713675,57.76006579,1
18:33:24,3.348,3.346458,34.5780462,57.76709318,1
18:33:25,3.348,3.346457,34.5847249,57.77434111,1
18:33:26,3.348,3.346457,34.5914036,57.78155327,1
18:33:27,3.348,3.346457,34.5980823,57.78859854,1
18:33:28,3.348,3.346457,34.604761,57.79585242,1
18:33:29,3.348,3.346457,34.6114397,57.80307055,1
18:33:30,3.348,3.346456,34.61811841,57.81012,1
18:33:31,3.348,3.346456,34.62479711,57.81737566,1
18:33:32,3.348,3.346457,34.63147581,57.82459378,1
18:33:33,3.348,3.346456,34.63815451,57.83163905,1
18:33:34,3.348,3.346456,34.64483321,57.8388989,1
18:33:35,3.348,3.346456,34.65151191,57.84611702,1
18:33:36,3.348,3.346456,34.65819061,57.85332,1
18:33:37,3.348,3.346456,34.66486931,57.86050558,1
18:33:38,3.348,3.346455,34.67154801,57.86753893,1
18:33:39,3.348,3.346455,34.67822671,57.87479281,1
18:33:40,3.348,3.346455,34.68490541,57.88201094,1
18:33:41,3.348,3.346455,34.69158411,57.88905621,1
18:33:42,3.348,3.346454,34.69826281,57.89631605,1
18:33:43,3.348,3.346454,34.70494151,57.90353417,1
18:33:44,3.348,3.346454,34.71162021,57.91057944,1
18:33:45,3.348,3.346454,34.71829891,57.91784525,1
18:33:46,3.348,3.346454,34.72497761,57.92506933,1
18:33:47,3.348,3.346454,34.73165631,57.93212056,1
18:33:48,3.348,3.346453,34.73833501,57.93938637,1
18:33:49,3.348,3.346453,34.74501371,57.94661045,1
18:33:50,3.348,3.346453,34.75169241,57.95366168,1
18:33:51,3.348,3.346453,34.75837111,57.96092749,1
18:33:52,3.348,3.346453,34.76504982,57.96815157,1
18:33:53,3.348,3.346452,34.77173,57.97535181,1
18:33:54,3.348,3.346452,34.77840722,57.98254609,1
18:33:55,3.348,3.346452,34.78508592,57.98957944,1
18:33:56,3.348,3.346452,34.79176462,57.99683928,1
18:33:57,3.348,3.346452,34.79844332,58.00405741,1
18:33:58,3.348,3.346452,34.80512202,58.01110864,1
18:33:59,3.348,3.346452,34.81180072,58.01837444,1
18:34:00,3.348,3.346452,34.81847942,58.02559853,1
18:34:01,3.348,3.346451,34.82515812,58.03264976,1
18:34:02,3.348,3.346451,34.83183682,58.03991556,1
18:34:03,3.348,3.346451,34.83851552,58.04713964,1
18:34:04,3.348,3.346451,34.84519422,58.05419087,1
18:34:05,3.348,3.346451,34.85187292,58.06146264,1
18:34:06,3.348,3.34645,34.85855162,58.06869268,1
18:34:07,3.348,3.34645,34.86523032,58.07574391,1
18:34:08,3.348,3.34645,34.87190902,58.08301568,1
18:34:09,3.348,3.34645,34.87858772,58.09024572,1
18:34:10,3.348,3.34645,34.88526642,58.09745193,1
18:34:11,3.348,3.34645,34.89194512,58.10465217,1
18:34:12,3.348,3.34645,34.89862382,58.11169147,1
18:34:13,3.348,3.346449,34.90530252,58.11895728,1
18:34:14,3.348,3.346449,34.91198123,58.12618136,1
18:34:15,3.348,3.346449,34.91865993,58.13323259,1
18:34:16,3.348,3.346449,34.92533863,58.14050436,1
18:34:17,3.348,3.346449,34.93201733,58.1477344,1
18:34:18,3.348,3.346449,34.93869603,58.15479159,1
18:34:19,3.348,3.346448,34.94537473,58.16206336,1
18:34:20,3.348,3.346448,34.95205343,58.1692934,1
18:34:21,3.348,3.346448,34.95873213,58.17635059,1
18:34:22,3.348,3.346448,34.96541083,58.18362832,1
18:34:23,3.348,3.346448,34.97208953,58.19085836,1
18:34:24,3.348,3.346447,34.97876823,58.19791555,1
18:34:25,3.348,3.346447,34.98545,58.20519328,1
18:34:26,3.348,3.346447,34.99212563,58.21242929,1
18:34:27,3.348,3.346447,34.99880433,58.21964145,1
18:34:28,3.348,3.346447,35.00548303,58.22684169,1
18:34:29,3.348,3.346447,35.01216173,58.23404193,1
18:34:30,3.348,3.346446,35.01884043,58.24123621,1
18:34:31,3.348,3.346446,35.02551913,58.24843049,1
18:34:32,3.348,3.346446,35.03219783,58.2554698,1
18:34:33,3.348,3.346446,35.03887653,58.26273561,1
18:34:34,3.348,3.346446,35.04555523,58.26996565,1
18:34:35,3.348,3.346446,35.05223393,58.27702284,1
18:34:36,3.348,3.346445,35.05891263,58.28430057,1
18:34:37,3.348,3.346445,35.06559134,58.29153657,1
18:34:38,3.348,3.346445,35.07227004,58.29859972,1
18:34:39,3.348,3.346445,35.07894874,58.30587745,1
18:34:40,3.348,3.346445,35.08562744,58.31311345,1
18:34:41,3.348,3.346444,35.09230614,58.3201766,1
18:34:42,3.348,3.346444,35.09898484,58.32746029,1
18:34:43,3.348,3.346444,35.10566354,58.33470225,1
18:34:44,3.348,3.346444,35.11234224,58.3417654,1
18:34:45,3.348,3.346444,35.11902094,58.34904909,1
18:34:46,3.348,3.346444,35.12569964,58.35629106,1
18:34:47,3.348,3.346443,35.13237834,58.36335421,1
18:34:48,3.348,3.346443,35.13905704,58.37063789,1
18:34:49,3.348,3.346443,35.14573574,58.37787986,1
18:34:50,3.348,3.346443,35.15241444,58.38509798,1
18:34:51,3.348,3.346443,35.15909314,58.39231014,1
18:34:52,3.348,3.346443,35.16577184,58.39951634,1
18:34:53,3.348,3.346442,35.17245054,58.40671659,1
18:34:54,3.348,3.346442,35.17912924,58.41391683,1
18:34:55,3.348,3.346442,35.18580794,58.4209621,1
18:34:56,3.348,3.346442,35.19248664,58.42823982,1
18:34:57,3.348,3.346442,35.19917,58.43547583,1
18:34:58,3.348,3.346442,35.20584404,58.44253898,1
18:34:59,3.348,3.346441,35.21252275,58.44982266,1
18:35:00,3.348,3.346441,35.21920145,58.45706463,1
18:35:01,3.348,3.346441,35.22588015,58.46413374,1
18:35:02,3.348,3.346441,35.23255885,58.47142339,1
18:35:03,3.348,3.346441,35.23923755,58.47867131,1
18:35:04,3.348,3.34644,35.24591625,58.48574042,1
18:35:05,3.348,3.346441,35.25259495,58.49303007,1
18:35:06,3.348,3.34644,35.25927365,58.500278,1
18:35:07,3.348,3.34644,35.26595235,58.50735,1
18:35:08,3.348,3.34644,35.27263105,58.51463675,1
18:35:09,3.348,3.34644,35.27930975,58.52188468,1
18:35:10,3.348,3.346439,35.28598845,58.52895379,1
18:35:11,3.348,3.346439,35.29266715,58.53624,1
18:35:12,3.348,3.346439,35.29934585,58.54349,1
18:35:13,3.348,3.346439,35.30602455,58.55056047,1
18:35:14,3.348,3.346439,35.31270325,58.55785012,1
18:35:15,3.348,3.346439,35.31938195,58.56509805,1
18:35:16,3.348,3.346438,35.32606065,58.57232809,1
18:35:17,3.348,3.346438,35.33273935,58.57954621,1
18:35:18,3.348,3.346438,35.33941805,58.58675838,1
18:35:19,3.348,3.346438,35.34609675,58.59397054,1
18:35:20,3.348,3.346438,35.35277545,58.6011827,1
18:35:21,3.348,3.346438,35.35945415,58.60823393,1
18:35:22,3.348,3.346437,35.36613286,58.61551762,1
18:35:23,3.348,3.346437,35.37281156,58.62276554,1
18:35:24,3.348,3.346437,35.37949026,58.62983465,1
18:35:25,3.348,3.346437,35.38616896,58.63713026,1
18:35:26,3.348,3.346437,35.39284766,58.64438415,1
18:35:27,3.348,3.346437,35.39952636,58.65145922,1
18:35:28,3.348,3.346437,35.40620506,58.65875483,1
18:35:29,3.348,3.346436,35.41288,58.66600871,1
18:35:30,3.348,3.346436,35.41956246,58.67308378,1
18:35:31,3.348,3.346436,35.42624116,58.68037939,1
18:35:32,3.348,3.346436,35.43291986,58.68763328,1
18:35:33,3.348,3.346436,35.43959856,58.69470835,1
18:35:34,3.348,3.346435,35.44627726,58.70200992,1
18:35:35,3.348,3.346435,35.45295596,58.7092638,1
18:35:36,3.348,3.346435,35.45963466,58.71633887,1
18:35:37,3.348,3.346435,35.46631336,58.72364,1
18:35:38,3.348,3.346435,35.47299206,58.73089433,1
18:35:39,3.348,3.346434,35.47967076,58.7379694,1
18:35:40,3.348,3.346434,35.48634946,58.74527097,1
18:35:41,3.348,3.346434,35.49302816,58.75253081,1
18:35:42,3.348,3.346434,35.49970686,58.75960588,1
18:35:43,3.348,3.346434,35.50638556,58.76690745,1
18:35:44,3.348,3.346434,35.51306427,58.7741673,1
18:35:45,3.348,3.346433,35.51974297,58.78124,1
18:35:46,3.348,3.346433,35.52642167,58.78854394,1
18:35:47,3.348,3.346433,35.53310037,58.79580379,1
18:35:48,3.348,3.346433,35.53977907,58.80288482,1
18:35:49,3.348,3.346433,35.54645777,58.81018639,1
18:35:50,3.348,3.346433,35.55313647,58.81744623,1
18:35:51,3.348,3.346432,35.55981517,58.8246882,1
18:35:52,3.348,3.346432,35.56649387,58.83191824,1
18:35:53,3.348,3.346432,35.57317257,58.83914232,1
18:35:54,3.348,3.346432,35.57985127,58.84636641,1
18:35:55,3.348,3.346432,35.58652997,58.85358453,1
18:35:56,3.348,3.346432,35.59320867,58.86080265,1
18:35:57,3.348,3.346431,35.59988737,58.86802077,1
18:35:58,3.348,3.346431,35.60656607,58.8752389,1
18:35:59,3.348,3.346431,35.61324477,58.88245702,1
18:36:00,3.348,3.346431,35.61992347,58.88968,1
18:36:01,3.348,3.346431,35.6266,58.89689326,1
18:36:02,3.348,3.346431,35.63328087,58.90395641,1
18:36:03,3.348,3.34643,35.63995957,58.91125798,1
18:36:04,3.348,3.34643,35.64663827,58.91851783,1
18:36:05,3.348,3.34643,35.65331697,58.92559886,1
18:36:06,3.348,3.34643,35.65999568,58.93290639,1
18:36:07,3.348,3.34643,35.66667438,58.9401722,1
18:36:08,3.348,3.346429,35.67335308,58.94725323,1
18:36:09,3.348,3.346429,35.68003178,58.95456672,1
18:36:10,3.348,3.346429,35.68671048,58.96183252,1
18:36:11,3.348,3.346429,35.69338918,58.96891952,1
18:36:12,3.348,3.346429,35.70006788,58.97623301,1
18:36:13,3.348,3.346429,35.70674658,58.98349881,1
18:36:14,3.348,3.346428,35.71342528,58.9905858,1
18:36:15,3.348,3.346428,35.72010398,58.99789929,1
18:36:16,3.348,3.346428,35.72678268,59.00517106,1
18:36:17,3.348,3.346428,35.73346138,59.01225805,1
18:36:18,3.348,3.346428,35.74014008,59.01957154,1
18:36:19,3.348,3.346428,35.74681878,59.02684331,1
18:36:20,3.348,3.346427,35.75349748,59.0339303,1
18:36:21,3.348,3.346427,35.76017618,59.04124379,1
18:36:22,3.348,3.346427,35.76685488,59.04851556,1
18:36:23,3.348,3.346427,35.77353358,59.05560255,1
18:36:24,3.348,3.346427,35.78021228,59.062922,1
18:36:25,3.348,3.346426,35.78689098,59.07019377,1
18:36:26,3.348,3.346426,35.79356968,59.07728076,1
18:36:27,3.348,3.346426,35.80024838,59.08460021,1
18:36:28,3.348,3.346426,35.80692708,59.09187198,1
18:36:29,3.348,3.346426,35.81360579,59.09895897,1
18:36:30,3.348,3.346426,35.82028449,59.10627842,1
18:36:31,3.348,3.346425,35.82696319,59.11355019,1
18:36:32,3.348,3.346425,35.83364189,59.12064314,1
18:36:33,3.348,3.346425,35.84032,59.12796259,1
18:36:34,3.348,3.346425,35.84699929,59.13524032,1
18:36:35,3.348,3.346425,35.85367799,59.14233327,1
18:36:36,3.348,3.346425,35.86035669,59.14965272,1
18:36:37,3.348,3.346424,35.86703539,59.15693045,1
18:36:38,3.348,3.346424,35.87371409,59.1640234,1
18:36:39,3.348,3.346424,35.88039279,59.17134285,1
18:36:40,3.348,3.346424,35.88707149,59.17862058,1
18:36:41,3.348,3.346424,35.89375019,59.18571353,1
18:36:42,3.348,3.346423,35.90042889,59.19304,1
18:36:43,3.348,3.346423,35.90710759,59.20031667,1
18:36:44,3.348,3.346423,35.91378629,59.20740962,1
18:36:45,3.348,3.346423,35.92046499,59.21473503,1
18:36:46,3.348,3.346423,35.92714369,59.22201276,1
18:36:47,3.348,3.346422,35.93382239,59.22910571,1
18:36:48,3.348,3.346422,35.94050109,59.23643,1
18:36:49,3.348,3.346422,35.94717979,59.24370885,1
18:36:50,3.348,3.346422,35.95385849,59.2508018,1
18:36:51,3.348,3.346422,35.9605372,59.25812721,1
18:36:52,3.348,3.346422,35.9672159,59.2654109,1
18:36:53,3.348,3.346421,35.9738946,59.27250385,1
18:36:54,3.348,3.346421,35.9805733,59.27982926,1
18:36:55,3.348,3.346421,35.987252,59.28711295,1
18:36:56,3.348,3.346421,35.9939307,59.29421186,1
18:36:57,3.348,3.346421,36.0006094,59.30154324,1
18:36:58,3.348,3.346421,36.0072881,59.30882692,1
18:36:59,3.348,3.34642,36.0139668,59.31592584,1
18:37:00,3.348,3.34642,36.0206455,59.32325721,1
18:37:01,3.348,3.34642,36.0273242,59.3305409,1
18:37:02,3.348,3.34642,36.0340029,59.33763981,1
18:37:03,3.348,3.34642,36.0406816,59.34497118,1
18:37:04,3.348,3.34642,36.0473603,59.35225487,1
18:37:05,3.348,3.346419,36.05404,59.35935378,1
18:37:06,3.348,3.346419,36.0607177,59.36668515,1
18:37:07,3.348,3.346419,36.0673964,59.37396884,1
18:37:08,3.348,3.346419,36.0740751,59.38106775,1
18:37:09,3.348,3.346418,36.0807538,59.38839912,1
18:37:10,3.348,3.346419,36.0874325,59.39568877,1
18:37:11,3.348,3.346418,36.0941112,59.40278769,1
18:37:12,3.348,3.346418,36.1007899,59.41011906,1
18:37:13,3.348,3.346418,36.10746861,59.4174087,1
18:37:14,3.348,3.346418,36.11414731,59.42450762,1
18:37:15,3.348,3.346417,36.12082601,59.43184495,1
18:37:16,3.348,3.346417,36.12750471,59.4391346,1
18:37:17,3.348,3.346417,36.13418341,59.44623351,1
18:37:18,3.348,3.346417,36.14086211,59.45357084,1
18:37:19,3.348,3.346417,36.14754081,59.46086049,1
18:37:20,3.348,3.346417,36.15421951,59.46796536,1
18:37:21,3.348,3.346416,36.16089821,59.4753027,1
18:37:22,3.348,3.346416,36.16757691,59.48259234,1
18:37:23,3.348,3.346416,36.17425561,59.48969722,1
18:37:24,3.348,3.346416,36.18093431,59.49703455,1
18:37:25,3.348,3.346416,36.18761301,59.50433016,1
18:37:26,3.348,3.346416,36.19429171,59.51143503,1
18:37:27,3.348,3.346415,36.20097041,59.51877236,1
18:37:28,3.348,3.346415,36.20764911,59.52606797,1
18:37:29,3.348,3.346415,36.21432781,59.53317285,1
18:37:30,3.348,3.346415,36.22100651,59.54051614,1
18:37:31,3.348,3.346415,36.22768521,59.54781175,1
18:37:32,3.348,3.346415,36.23436391,59.55491662,1
18:37:33,3.348,3.346414,36.24104261,59.56225991,1
18:37:34,3.348,3.346414,36.24772131,59.56955552,1
18:37:35,3.348,3.346414,36.25440001,59.57666039,1
18:37:36,3.348,3.346414,36.26107872,59.58400369,1
18:37:37,3.348,3.346414,36.26776,59.5912993,1
18:37:38,3.348,3.346414,36.27443612,59.59840417,1
18:37:39,3.348,3.346413,36.28111482,59.60574746,1
18:37:40,3.348,3.346413,36.28779352,59.61304307,1
18:37:41,3.348,3.346413,36.29447222,59.6201539,1
18:37:42,3.348,3.346413,36.30115092,59.6274972,1
18:37:43,3.348,3.346412,36.30782962,59.63479877,1
18:37:44,3.348,3.346412,36.31450832,59.6419096,1
18:37:45,3.348,3.346412,36.32118702,59.64925289,1
18:37:46,3.348,3.346412,36.32786572,59.65655446,1
18:37:47,3.348,3.346412,36.33454442,59.66383219,1
18:37:48,3.348,3.346411,36.34122312,59.67109799,1
18:37:49,3.348,3.346411,36.34790182,59.67835784,1
18:37:50,3.348,3.346411,36.35458052,59.68561769,1
18:37:51,3.348,3.346411,36.36125922,59.69287753,1
18:37:52,3.348,3.346411,36.36793792,59.70013738,1
18:37:53,3.348,3.346411,36.37461662,59.70739722,1
18:37:54,3.348,3.34641,36.38129532,59.71448421,1
18:37:55,3.348,3.34641,36.38797402,59.72182155,1
18:37:56,3.348,3.34641,36.39465272,59.72911716,1
18:37:57,3.349,3.34641,36.40133142,59.73650217,1
18:37:58,3.349,3.34689,36.40801013,59.74407,1
18:37:59,3.349,3.347129,36.41468883,59.75148678,1
18:38:00,3.349,3.347247,36.42136753,59.7586453,1
18:38:01,3.349,3.347305,36.42804623,59.76604223,1
18:38:02,3.349,3.347334,36.43472493,59.77337956,1
18:38:03,3.349,3.347348,36.44140363,59.78068709,1
18:38:04,3.349,3.347355,36.44808233,59.78780389,1
18:38:05,3.349,3.347358,36.45476103,59.79517102,1
18:38:06,3.349,3.34736,36.46143973,59.80249643,1
18:38:07,3.349,3.34736,36.46811843,59.80962515,1
18:38:08,3.35,3.347361,36.47479713,59.8174274,1
18:38:09,3.35,3.347842,36.48148,59.82496142,1
18:38:10,3.35,3.34808,36.48815453,59.83237028,1
18:38:11,3.35,3.348198,36.49483323,59.8395288,1
18:38:12,3.35,3.348257,36.50151193,59.84694362,1
18:38:13,3.35,3.348286,36.50819063,59.85429883,1
18:38:14,3.35,3.3483,36.51486933,59.86144543,1
18:38:15,3.35,3.348307,36.52154803,59.86884236,1
18:38:16,3.35,3.34831,36.52822673,59.87619162,1
18:38:17,3.35,3.348312,36.53490543,59.88333821,1
18:38:18,3.35,3.348312,36.54158413,59.89073515,1
18:38:19,3.351,3.348313,36.54826283,59.89848375,1
18:38:20,3.351,3.348794,36.55494153,59.90601,1
18:38:21,3.351,3.349032,36.56162024,59.91321802,1
18:38:22,3.351,3.349149,36.56829894,59.92068052,1
18:38:23,3.351,3.349208,36.57497764,59.9280715,1
18:38:24,3.351,3.349237,36.58165634,59.93542671,1
18:38:25,3.351,3.349251,36.58833504,59.94257927,1
18:38:26,3.351,3.349258,36.59501374,59.94999409,1
18:38:27,3.351,3.349262,36.60169244,59.95736122,1
18:38:28,3.352,3.349263,36.60837114,59.96479988,1
18:38:29,3.352,3.349744,36.61504984,59.97244716,1
18:38:30,3.352,3.349983,36.62172854,59.9799335,1
18:38:31,3.352,3.350101,36.62840724,59.98734236,1
18:38:32,3.352,3.35016,36.63508594,59.99451876,1
18:38:33,3.352,3.350188,36.64176464,60.00196934,1
18:38:34,3.352,3.350202,36.64844334,60.00936627,1
18:38:35,3.352,3.350209,36.65512204,60.01673341,1
18:38:36,3.352,3.350213,36.66180074,60.02389789,1
18:38:37,3.352,3.350214,36.66847944,60.03133655,1
18:38:38,3.352,3.350215,36.67515814,60.03872752,1
18:38:39,3.352,3.350215,36.68183684,60.04590392,1
18:38:40,3.352,3.350215,36.68851554,60.05335,1
18:38:41,3.353,3.350215,36.69519,60.06114483,1
18:38:42,3.353,3.350696,36.70187294,60.06871462,1
18:38:43,3.353,3.350934,36.70855165,60.07595658,1
18:38:44,3.353,3.351052,36.71523035,60.08346677,1
18:38:45,3.353,3.35111,36.72190905,60.09089947,1
18:38:46,3.353,3.351139,36.72858775,60.0982964,1
18:38:47,3.353,3.351153,36.73526645,60.10547876,1
18:38:48,3.353,3.35116,36.74194515,60.11294723,1
18:38:49,3.353,3.351164,36.74862385,60.12036204,1
18:38:50,3.353,3.351165,36.75530255,60.12755632,1
18:38:51,3.353,3.351166,36.76198125,60.13503075,1
18:38:52,3.353,3.351166,36.76865995,60.14245152,1
18:38:53,3.353,3.351166,36.77533865,60.1498425,1
18:38:54,3.353,3.351166,36.78201735,60.15702486,1
18:38:55,3.353,3.351166,36.78869605,60.16449332,1
18:38:56,3.354,3.351166,36.79537475,60.17231345,1
18:38:57,3.354,3.351646,36.80205345,60.17990708,1
18:38:58,3.354,3.351884,36.80873215,60.18716693,1
18:38:59,3.354,3.352001,36.81541085,60.19470692,1
18:39:00,3.354,3.35206,36.82208955,60.20216942,1
18:39:01,3.354,3.352088,36.82876825,60.2095902,1
18:39:02,3.354,3.352103,36.83544695,60.21679044,1
18:39:03,3.354,3.352109,36.84212565,60.22428274,1
18:39:04,3.354,3.352113,36.84880435,60.2317214,1
18:39:05,3.354,3.352114,36.85548306,60.23913622,1
18:39:06,3.354,3.352115,36.86216176,60.24633646,1
18:39:07,3.354,3.352115,36.86884046,60.25382876,1
18:39:08,3.354,3.352115,36.87551916,60.26126742,1
18:39:09,3.354,3.352115,36.88219786,60.26847959,1
18:39:10,3.354,3.352115,36.88887656,60.27597785,1
18:39:11,3.354,3.352115,36.89555526,60.28342247,1
18:39:12,3.354,3.352114,36.90223396,60.29083729,1
18:39:13,3.354,3.352114,36.90891,60.29803753,1
18:39:14,3.354,3.352114,36.91559136,60.30553579,1
18:39:15,3.354,3.352114,36.92227006,60.31298041,1
18:39:16,3.354,3.352113,36.92894876,60.32019258,1
18:39:17,3.354,3.352113,36.93562746,60.3276968,1
18:39:18,3.354,3.352113,36.94230616,60.33514738,1
18:39:19,3.354,3.352113,36.94898486,60.34256816,1
18:39:20,3.354,3.352113,36.95566356,60.3497684,1
18:39:21,3.354,3.352112,36.96234226,60.35726666,1
18:39:22,3.354,3.352112,36.96902096,60.36471128,1
18:39:23,3.354,3.352112,36.97569966,60.37213206,1
18:39:24,3.354,3.352112,36.98237836,60.37933826,1
18:39:25,3.354,3.352111,36.98905706,60.38683653,1
18:39:26,3.354,3.352111,36.99573576,60.39429,1
18:39:27,3.354,3.352111,37.00241446,60.40150523,1
18:39:28,3.354,3.35211,37.00909317,60.40901542,1
18:39:29,3.354,3.35211,37.01577187,60.416466,1
18:39:30,3.354,3.35211,37.02245057,60.42389274,1
18:39:31,3.354,3.35211,37.02912927,60.4311,1
18:39:32,3.354,3.352109,37.03580797,60.43860316,1
18:39:33,3.354,3.352109,37.04248667,60.44605374,1
18:39:34,3.354,3.352109,37.04916537,60.45348048,1
18:39:35,3.354,3.352109,37.05584407,60.46068668,1
18:39:36,3.354,3.352108,37.06252277,60.46819091,1
18:39:37,3.354,3.352108,37.06920147,60.47564149,1
18:39:38,3.354,3.352108,37.07588017,60.48286557,1
18:39:39,3.354,3.352108,37.08255887,60.49038172,1
18:39:40,3.354,3.352108,37.08923757,60.49783826,1
18:39:41,3.354,3.352108,37.09591627,60.50527096,1
18:39:42,3.354,3.352107,37.10259497,60.51248312,1
18:39:43,3.354,3.352107,37.10927367,60.51999331,1
18:39:44,3.354,3.352107,37.11595237,60.52744985,1
18:39:45,3.354,3.352107,37.12263,60.53488255,1
18:39:46,3.354,3.352106,37.12930977,60.54209471,1
18:39:47,3.354,3.352106,37.13598847,60.54960489,1
18:39:48,3.354,3.352106,37.14266717,60.55706143,1
18:39:49,3.354,3.352106,37.14934587,60.56428552,1
18:39:50,3.354,3.352105,37.15602458,60.57180166,1
18:39:51,3.354,3.352105,37.16270328,60.57926416,1
18:39:52,3.354,3.352105,37.16938198,60.58669686,1
18:39:53,3.354,3.352104,37.17606068,60.59390903,1
18:39:54,3.354,3.352104,37.18273938,60.60143,1
18:39:55,3.354,3.352104,37.18941808,60.60888767,1
18:39:56,3.354,3.352104,37.19609678,60.61632037,1
18:39:57,3.354,3.352103,37.20277548,60.62353253,1
18:39:58,3.354,3.352103,37.20945418,60.63104868,1
18:39:59,3.354,3.352103,37.21613288,60.63851118,1
18:40:00,3.354,3.352103,37.22281158,60.64574122,1
18:40:01,3.354,3.352103,37.22949028,60.65326333,1
18:40:02,3.354,3.352102,37.23616898,60.66073179,1
18:40:03,3.354,3.352102,37.24284768,60.66817045,1
18:40:04,3.354,3.352102,37.24952638,60.67538857,1
18:40:05,3.354,3.352101,37.25620508,60.68291068,1
18:40:06,3.354,3.352101,37.26288378,60.69037914,1
18:40:07,3.354,3.352101,37.26956248,60.6978178,1
18:40:08,3.354,3.352101,37.27624118,60.70503592,1
18:40:09,3.354,3.3521,37.28291988,60.71255803,1
18:40:10,3.354,3.3521,37.28959858,60.72002649,1
18:40:11,3.354,3.3521,37.29627728,60.7272625,1
18:40:12,3.354,3.3521,37.30295599,60.73479056,1
18:40:13,3.354,3.3521,37.30963469,60.74226499,1
18:40:14,3.354,3.352099,37.31631339,60.74970961,1
18:40:15,3.354,3.352099,37.32299209,60.75693369,1
18:40:16,3.354,3.352098,37.32967079,60.76446176,1
18:40:17,3.354,3.352098,37.33635,60.77193022,1
18:40:18,3.354,3.352098,37.34302819,60.77937484,1
18:40:19,3.354,3.352098,37.34970689,60.78659892,1
18:40:20,3.354,3.352098,37.35638559,60.79412699,1
18:40:21,3.354,3.352098,37.36306429,60.8016,1
18:40:22,3.354,3.352097,37.36974299,60.80904603,1
18:40:23,3.354,3.352097,37.37642169,60.81627011,1
18:40:24,3.354,3.352097,37.38310039,60.82379818,1
18:40:25,3.355,3.352097,37.38977909,60.83168983,1
18:40:26,3.355,3.352577,37.39645779,60.83934903,1
18:40:27,3.355,3.352814,37.40313649,60.84665656,1
18:40:28,3.354,3.352932,37.40981519,60.85380912,1
18:40:29,3.354,3.35251,37.41649389,60.86111,1
18:40:30,3.354,3.352301,37.42317259,60.86847782,1
18:40:31,3.354,3.352197,37.42985129,60.87587476,1
18:40:32,3.354,3.352145,37.43652999,60.88328362,1
18:40:33,3.355,3.35212,37.44320869,60.89109778,1
18:40:34,3.355,3.352587,37.44988739,60.89872718,1
18:40:35,3.354,3.352819,37.4565661,60.90573668,1
18:40:36,3.355,3.352453,37.4632448,60.91355085,1
18:40:37,3.355,3.352752,37.4699235,60.92117429,1
18:40:38,3.354,3.3529,37.4766022,60.92829704,1
18:40:39,3.355,3.352493,37.4832809,60.93569994,1
18:40:40,3.355,3.352771,37.4899596,60.94338298,1
18:40:41,3.354,3.352909,37.4966383,60.95051765,1
18:40:42,3.355,3.352497,37.503317,60.95793843,1
18:40:43,3.355,3.352773,37.5099957,60.96562743,1
18:40:44,3.355,3.35291,37.5166744,60.97319126,1
18:40:45,3.354,3.352977,37.5233531,60.98028421,1
18:40:46,3.355,3.35253,37.5300318,60.98768115,1
18:40:47,3.355,3.352789,37.5367105,60.99535823,1
18:40:48,3.354,3.352917,37.5433892,61.0024929,1
18:40:49,3.354,3.3525,37.55007,61.00978255,1
18:40:50,3.355,3.352293,37.5567466,61.01725101,1
18:40:51,3.354,3.352671,37.5634253,61.02452874,1
18:40:52,3.355,3.352378,37.570104,61.03231907,1
18:40:53,3.355,3.352713,37.5767827,61.03993654,1
18:40:54,3.355,3.352878,37.5834614,61.04723215,1
18:40:55,3.355,3.35296,37.5901401,61.05483174,1
18:40:56,3.355,3.353001,37.5968188,61.06235981,1
18:40:57,3.355,3.353021,37.60349751,61.06985211,1
18:40:58,3.355,3.353031,37.61017621,61.077106,1
18:40:59,3.355,3.353035,37.61685491,61.08467579,1
18:41:00,3.355,3.353038,37.62353361,61.09219,1
18:41:01,3.355,3.353039,37.63021231,61.09967232,1
18:41:02,3.355,3.353039,37.63689101,61.1069262,1
18:41:03,3.355,3.353039,37.64356971,61.11449599,1
18:41:04,3.355,3.353039,37.65024841,61.12201214,1
18:41:05,3.355,3.353039,37.65692711,61.12949848,1
18:41:06,3.355,3.353038,37.66360581,61.13675237,1
18:41:07,3.355,3.353038,37.67028451,61.14432216,1
18:41:08,3.355,3.353038,37.67696321,61.1518383,1
18:41:09,3.355,3.353038,37.68364191,61.15932,1
18:41:10,3.355,3.353038,37.69032061,61.16657853,1
18:41:11,3.355,3.353037,37.69699931,61.17415428,1
18:41:12,3.355,3.353037,37.70367801,61.18167043,1
18:41:13,3.355,3.353037,37.71035671,61.18916273,1
18:41:14,3.355,3.353036,37.71703541,61.19641662,1
18:41:15,3.355,3.353036,37.72371411,61.20399237,1
18:41:16,3.355,3.353036,37.73039281,61.21150851,1
18:41:17,3.355,3.353036,37.73707151,61.21900082,1
18:41:18,3.355,3.353035,37.74375021,61.22626066,1
18:41:19,3.355,3.353035,37.75042892,61.23383641,1
18:41:20,3.355,3.353035,37.75710762,61.24135852,1
18:41:21,3.355,3.353034,37.76379,61.24885082,1
18:41:22,3.355,3.353034,37.77046502,61.25611067,1
18:41:23,3.355,3.353034,37.77714372,61.26369238,1
18:41:24,3.355,3.353034,37.78382242,61.27121449,1
18:41:25,3.355,3.353034,37.79050112,61.27870679,1
18:41:26,3.355,3.353033,37.79717982,61.28596663,1
18:41:27,3.355,3.353033,37.80385852,61.29354835,1
18:41:28,3.355,3.353033,37.81053722,61.30107045,1
18:41:29,3.355,3.353033,37.81721592,61.30856872,1
18:41:30,3.355,3.353032,37.82389462,61.31583452,1
18:41:31,3.355,3.353032,37.83057332,61.32341623,1
18:41:32,3.355,3.353032,37.83725202,61.3309443,1
18:41:33,3.355,3.353031,37.84393072,61.33844256,1
18:41:34,3.355,3.353031,37.85060942,61.34570837,1
18:41:35,3.355,3.353031,37.85728812,61.35329604,1
18:41:36,3.355,3.35303,37.86396682,61.36082411,1
18:41:37,3.355,3.35303,37.87064552,61.36832237,1
18:41:38,3.355,3.35303,37.87732422,61.37558818,1
18:41:39,3.355,3.35303,37.88400292,61.38317585,1
18:41:40,3.355,3.353029,37.89068162,61.39070392,1
18:41:41,3.355,3.353029,37.89736032,61.39820814,1
18:41:42,3.355,3.353029,37.90403903,61.40547395,1
18:41:43,3.355,3.353028,37.91071773,61.41306162,1
18:41:44,3.355,3.353028,37.91739643,61.42059565,1
18:41:45,3.355,3.353028,37.92407513,61.42809987,1
18:41:46,3.355,3.353028,37.93075383,61.43537164,1
18:41:47,3.355,3.353028,37.93743253,61.44296527,1
18:41:48,3.355,3.353027,37.94411123,61.4504993,1
18:41:49,3.355,3.353027,37.95078993,61.45800352,1
18:41:50,3.355,3.353027,37.95746863,61.46549582,1
18:41:51,3.355,3.353027,37.96414733,61.47276163,1
18:41:52,3.355,3.353026,37.97082603,61.4803493,1
18:41:53,3.355,3.353026,37.9775,61.48788333,1
18:41:54,3.355,3.353026,37.98418343,61.49539351,1
18:41:55,3.355,3.353025,37.99086213,61.50266528,1
18:41:56,3.355,3.353025,37.99754083,61.51025891,1
18:41:57,3.355,3.353025,38.00421953,61.5177989,1
18:41:58,3.355,3.353025,38.01089823,61.52530909,1
18:41:59,3.355,3.353024,38.01757693,61.53258085,1
18:42:00,3.355,3.353024,38.02425563,61.54018044,1
18:42:01,3.355,3.353024,38.03093433,61.54772043,1
18:42:02,3.355,3.353024,38.03761303,61.55523062,1
18:42:03,3.355,3.353023,38.04429173,61.56250834,1
18:42:04,3.355,3.353023,38.05097044,61.57010794,1
18:42:05,3.355,3.353023,38.05764914,61.57764792,1
18:42:06,3.355,3.353023,38.06432784,61.58516407,1
18:42:07,3.355,3.353023,38.07100654,61.5924418,1
18:42:08,3.355,3.353022,38.07768524,61.60004139,1
18:42:09,3.355,3.353022,38.08436394,61.60758734,1
18:42:10,3.355,3.353022,38.09104264,61.61510348,1
18:42:11,3.355,3.353021,38.09772134,61.62238121,1
18:42:12,3.355,3.353021,38.10440004,61.62998676,1
18:42:13,3.355,3.353021,38.11107874,61.63753271,1
18:42:14,3.355,3.35302,38.11775744,61.64504886,1
18:42:15,3.355,3.35302,38.12443614,61.65232658,1
18:42:16,3.355,3.35302,38.13111484,61.65993214,1
18:42:17,3.355,3.35302,38.13779354,61.66747808,1
18:42:18,3.355,3.353019,38.14447224,61.67500019,1
18:42:19,3.355,3.353019,38.15115094,61.68228388,1
18:42:20,3.355,3.353019,38.15782964,61.68989539,1
18:42:21,3.355,3.353019,38.16450834,61.6974473,1
18:42:22,3.355,3.353018,38.17118704,61.70496941,1
18:42:23,3.355,3.353018,38.17786574,61.71247959,1
18:42:24,3.355,3.353018,38.18454444,61.71975732,1
18:42:25,3.355,3.353018,38.19122,61.72736287,1
18:42:26,3.355,3.353017,38.19790184,61.73491478,1
18:42:27,3.355,3.353017,38.20458055,61.74243689,1
18:42:28,3.355,3.353017,38.21125925,61.74972057,1
18:42:29,3.355,3.353016,38.21793795,61.75733209,1
18:42:30,3.355,3.353016,38.22461665,61.76488996,1
18:42:31,3.355,3.353016,38.23129535,61.77241802,1
18:42:32,3.355,3.353016,38.23797405,61.77970767,1
18:42:33,3.355,3.353015,38.24465275,61.78732514,1
18:42:34,3.355,3.353015,38.25133145,61.79488301,1
18:42:35,3.355,3.353015,38.25801015,61.80241108,1
18:42:36,3.355,3.353014,38.26468885,61.80970073,1
18:42:37,3.355,3.353014,38.27136755,61.8173182,1
18:42:38,3.355,3.353014,38.27804625,61.82487607,1
18:42:39,3.355,3.353014,38.28472495,61.83240414,1
18:42:40,3.355,3.353014,38.29140365,61.83992028,1
18:42:41,3.355,3.353013,38.29808235,61.84720397,1
18:42:42,3.355,3.353013,38.30476105,61.85482144,1
18:42:43,3.355,3.353013,38.31143975,61.86237931,1
18:42:44,3.355,3.353013,38.31811845,61.86991334,1
18:42:45,3.355,3.353012,38.32479715,61.87720299,1
18:42:46,3.355,3.353012,38.33147585,61.88482642,1
18:42:47,3.355,3.353012,38.33815455,61.89239025,1
18:42:48,3.355,3.353011,38.34483325,61.89992428,1
18:42:49,3.355,3.353011,38.35151196,61.90721989,1
18:42:50,3.355,3.35301,38.35819066,61.91484332,1
18:42:51,3.355,3.35301,38.36486936,61.92240715,1
18:42:52,3.355,3.35301,38.37154806,61.92994714,1
18:42:53,3.355,3.35301,38.37822676,61.93724275,1
18:42:54,3.355,3.35301,38.38490546,61.94487,1
18:42:55,3.355,3.353009,38.39158416,61.95243597,1
18:42:56,3.355,3.353009,38.39826286,61.95997596,1
18:42:57,3.355,3.353009,38.40494,61.96750402,1
18:42:58,3.355,3.353009,38.41162026,61.97479367,1
18:42:59,3.355,3.353008,38.41829896,61.98241711,1
18:43:00,3.355,3.353008,38.42497766,61.9899869,1
18:43:01,3.355,3.353008,38.43165636,61.99752688,1
18:43:02,3.355,3.353008,38.43833506,62.00482249,1
18:43:03,3.355,3.353007,38.44501376,62.01245189,1
18:43:04,3.355,3.353007,38.45169246,62.02002168,1
18:43:05,3.355,3.353007,38.45837116,62.02756763,1
18:43:06,3.355,3.353006,38.46504986,62.03486919,1
18:43:07,3.355,3.353006,38.47172856,62.04250455,1
18:43:08,3.355,3.353006,38.47840726,62.0500803,1
18:43:09,3.355,3.353006,38.48508596,62.05762625,1
18:43:10,3.355,3.353005,38.49176466,62.06516027,1
18:43:11,3.355,3.353005,38.49844337,62.07245588,1
18:43:12,3.355,3.353005,38.50512207,62.08008528,1
18:43:13,3.355,3.353004,38.51180077,62.08766103,1
18:43:14,3.355,3.353004,38.51847947,62.09520698,1
18:43:15,3.355,3.353004,38.52515817,62.10251,1
18:43:16,3.355,3.353003,38.53183687,62.1101439,1
18:43:17,3.355,3.353003,38.53851557,62.11772561,1
18:43:18,3.355,3.353003,38.54519427,62.12527752,1
18:43:19,3.355,3.353003,38.55187297,62.13258505,1
18:43:20,3.355,3.353002,38.55855167,62.14022636,1
18:43:21,3.355,3.353002,38.56523037,62.14781,1
18:43:22,3.355,3.353002,38.57190907,62.15535998,1
18:43:23,3.355,3.353002,38.57858777,62.16289997,1
18:43:24,3.355,3.353001,38.58526647,62.17020154,1
18:43:25,3.355,3.353001,38.59194517,62.17784286,1
18:43:26,3.355,3.353001,38.59862387,62.18542457,1
18:43:27,3.355,3.353001,38.60530257,62.19297647,1
18:43:28,3.355,3.353,38.61198127,62.200284,1
18:43:29,3.355,3.353,38.61866,62.20793128,1
18:43:30,3.355,3.353,38.62533867,62.21552,1
18:43:31,3.355,3.352999,38.63201737,62.22307682,1
18:43:32,3.355,3.352999,38.63869607,62.23061681,1
18:43:33,3.355,3.352999,38.64537477,62.23791838,1
18:43:34,3.355,3.352999,38.65205348,62.24556565,1
18:43:35,3.355,3.352998,38.65873218,62.25315332,1
18:43:36,3.355,3.352998,38.66541088,62.26071119,1
18:43:37,3.355,3.352998,38.67208958,62.26802468,1
18:43:38,3.355,3.352998,38.67876828,62.27567196,1
18:43:39,3.355,3.352997,38.68544698,62.28326559,1
18:43:40,3.355,3.352997,38.69212568,62.29082942,1
18:43:41,3.355,3.352997,38.69880438,62.29814291,1
18:43:42,3.355,3.352996,38.70548308,62.30579615,1
18:43:43,3.355,3.352996,38.71216178,62.31338978,1
18:43:44,3.355,3.352996,38.71884048,62.32095361,1
18:43:45,3.355,3.352996,38.72551918,62.32850552,1
18:43:46,3.355,3.352995,38.73219788,62.33581305,1
18:43:47,3.355,3.352995,38.73887658,62.34346628,1
18:43:48,3.355,3.352995,38.74555528,62.35105991,1
18:43:49,3.355,3.352995,38.75223398,62.35862374,1
18:43:50,3.355,3.352994,38.75891268,62.36594319,1
18:43:51,3.355,3.352994,38.76559138,62.37360239,1
18:43:52,3.355,3.352994,38.77227008,62.38120198,1
18:43:53,3.355,3.352993,38.77894878,62.38877177,1
18:43:54,3.355,3.352993,38.78562748,62.39632368,1
18:43:55,3.355,3.352993,38.79230618,62.40363717,1
18:43:56,3.355,3.352993,38.79898489,62.41129637,1
18:43:57,3.355,3.352992,38.80566359,62.41889596,1
18:43:58,3.355,3.352992,38.81234229,62.42646575,1
18:43:59,3.355,3.352992,38.81902099,62.4337852,1
18:44:00,3.355,3.352991,38.82569969,62.44145036,1
18:44:01,3.355,3.352991,38.83238,62.44904995,1
18:44:02,3.355,3.352991,38.83905709,62.4566257,1
18:44:03,3.355,3.352991,38.84573579,62.46418357,1
18:44:04,3.355,3.35299,38.85241449,62.47150302,1
18:44:05,3.355999,3.35299,38.85909319,62.47965693,1
18:44:06,3.355999,3.353469,38.86577189,62.48750091,1
18:44:07,3.355999,3.353707,38.87245059,62.49520183,1
18:44:08,3.355999,3.353824,38.87912929,62.50283718,1
18:44:09,3.355999,3.353882,38.88580799,62.51043677,1
18:44:10,3.355999,3.35391,38.89248669,62.51778007,1
18:44:11,3.355999,3.353924,38.89916539,62.52547503,1
18:44:12,3.355999,3.353931,38.90584409,62.53310442,1
18:44:13,3.355999,3.353935,38.91252279,62.54070401,1
18:44:14,3.357,3.353936,38.91920149,62.54873,1
18:44:15,3.357,3.354416,38.92588019,62.55654097,1
18:44:16,3.357,3.354654,38.93255889,62.5639677,1
18:44:17,3.357,3.354772,38.93923759,62.57174015,1
18:44:18,3.357,3.35483,38.9459163,62.57942319,1
18:44:19,3.357,3.354859,38.952595,62.58705854,1
18:44:20,3.357,3.354873,38.9592737,62.59467602,1
18:44:21,3.358,3.35488,38.9659524,62.6023531,1
18:44:22,3.358,3.355362,38.9726311,62.61002421,1
18:44:24,3.358,3.355601,38.9793098,62.61795163,1
18:44:24,3.358,3.355719,38.9859885,62.62571812,1
18:44:25,3.358,3.355778,38.9926672,62.63341308,1
18:44:26,3.358,3.355807,38.9993459,62.64107227,1
18:44:27,3.358,3.355821,39.0060246,62.64871359,1
18:44:28,3.358,3.355828,39.0127033,62.65608668,1
18:44:29,3.358,3.355831,39.019382,62.66383529,1
18:44:30,3.358,3.355832,39.0260607,62.67152429,1
18:44:31,3.358,3.355833,39.0327394,62.67917752,1
18:44:32,3.359,3.355833,39.0394181,62.68725991,1
18:44:33,3.359,3.356312,39.0461,62.69512,1
18:44:34,3.359,3.356549,39.0527755,62.70287633,1
18:44:35,3.359,3.356667,39.0594542,62.71030307,1
18:44:36,3.359,3.356725,39.0661329,62.71811,1
18:44:37,3.36,3.356753,39.0728116,62.72629499,1
18:44:38,3.36,3.357247,39.0794903,62.73421645,1
18:44:39,3.36,3.357491,39.086169,62.74201274,1
18:44:40,3.36,3.357612,39.0928477,62.74974346,1
18:44:41,3.36,3.357672,39.09952641,62.75744438,1
18:44:42,3.36,3.357701,39.10620511,62.7648592,1
18:44:43,3.36,3.357715,39.11288381,62.77267337,1
18:44:44,3.36,3.357723,39.11956251,62.78041601,1
18:44:45,3.36,3.357726,39.12624121,62.78812289,1
18:44:46,3.36,3.357728,39.13291991,62.79581785,1
18:44:47,3.36,3.357728,39.13959861,62.80350089,1
18:44:48,3.361,3.357728,39.14627731,62.81123757,1
18:44:49,3.361,3.358207,39.15295601,62.81897426,1
18:44:50,3.361,3.358444,39.15963471,62.82699704,1
18:44:51,3.361,3.358562,39.16631341,62.83485293,1
18:44:52,3.361,3.35862,39.17299211,62.84263134,1
18:44:53,3.361,3.358648,39.17967081,62.85037398,1
18:44:54,3.361,3.358662,39.18634951,62.85809875,1
18:44:55,3.361,3.358669,39.19302821,62.86581159,1
18:44:56,3.361,3.358672,39.19970691,62.87324429,1
18:44:57,3.361,3.358673,39.20638561,62.8810823,1
18:44:58,3.361,3.358674,39.21306431,62.88885474,1
18:44:59,3.361,3.358674,39.21974301,62.89659142,1
18:45:00,3.361,3.358674,39.22642171,62.90431619,1
18:45:01,3.361,3.358674,39.23310041,62.91203499,1
18:45:02,3.361,3.358674,39.23977911,62.91947365,1
18:45:03,3.361,3.358673,39.24645782,62.92731762,1
18:45:04,3.361,3.358673,39.25313652,62.93509603,1
18:45:05,3.361,3.358672,39.25982,62.94283867,1
18:45:06,3.361,3.358672,39.26649392,62.95056343,1
18:45:07,3.361,3.358672,39.27317262,62.95828223,1
18:45:08,3.361,3.358671,39.27985132,62.96600103,1
18:45:09,3.361,3.358671,39.28653002,62.97343969,1
18:45:10,3.361,3.358671,39.29320872,62.98128963,1
18:45:11,3.361,3.35867,39.29988742,62.98906803,1
18:45:12,3.361,3.35867,39.30656612,62.99681664,1
18:45:13,3.361,3.35867,39.31324482,63.00454736,1
18:45:14,3.361,3.358669,39.31992352,63.01227212,1
18:45:15,3.361,3.358669,39.32660222,63.01971674,1
18:45:16,3.361,3.358668,39.33328092,63.02756667,1
18:45:17,3.361,3.358668,39.33995962,63.03535104,1
18:45:18,3.361,3.358668,39.34663832,63.0431056,1
18:45:19,3.361,3.358668,39.35331702,63.05084,1
18:45:21,3.361,3.358667,39.35999572,63.05857301,1
18:45:22,3.361,3.358667,39.36667442,63.06601763,1
18:45:23,3.361,3.358666,39.37335312,63.07359338,1
18:45:23,3.361,3.358666,39.38003182,63.08151484,1
18:45:24,3.361,3.358666,39.38671052,63.08933496,1
18:45:25,3.361,3.358665,39.39338923,63.09710741,1
18:45:26,3.361,3.358665,39.40006793,63.10485601,1
18:45:27,3.361,3.358665,39.40674663,63.1125927,1
18:45:28,3.361,3.358664,39.41342533,63.12004328,1
18:45:29,3.361,3.358664,39.42010403,63.12790513,1
18:45:31,3.361,3.358664,39.42678273,63.13570142,1
18:45:31,3.361,3.358663,39.43346143,63.14346194,1
18:45:32,3.361,3.358663,39.44014013,63.15120459,1
18:45:33,3.361,3.358663,39.44681883,63.15894127,1
18:45:34,3.361,3.358662,39.45349753,63.16639185,1
18:45:35,3.361,3.358662,39.46017623,63.17397952,1
18:45:36,3.361,3.358661,39.46685493,63.1819129,1
18:45:37,3.361,3.358661,39.47353,63.18974495,1
18:45:38,3.361,3.358661,39.48021233,63.19752336,1
18:45:39,3.361,3.358661,39.48689103,63.20527792,1
18:45:40,3.361,3.35866,39.49356973,63.21302056,1
18:45:41,3.361,3.35866,39.50024843,63.2204771,1
18:45:42,3.361,3.358659,39.50692713,63.22835088,1
18:45:44,3.362,3.358659,39.51360583,63.23663592,1
18:45:44,3.361,3.359138,39.52028453,63.24418187,1
18:45:45,3.361,3.358896,39.52696323,63.25182319,1
18:45:46,3.361,3.358776,39.53364193,63.25951219,1
18:45:47,3.361,3.358716,39.54032063,63.26722503,1
18:45:48,3.361,3.358686,39.54699934,63.27467561,1
18:45:49,3.362,3.358671,39.55367804,63.28305602,1
18:45:50,3.361,3.359142,39.56035674,63.29041,1
18:45:51,3.362,3.358897,39.56703544,63.29871416,1
18:45:53,3.361,3.359254,39.57371414,63.30624223,1
18:45:53,3.362,3.358952,39.58039284,63.31435442,1
18:45:54,3.361,3.359281,39.58707154,63.32182884,1
18:45:55,3.362,3.358965,39.59375024,63.32989931,1
18:45:57,3.362,3.359287,39.60042894,63.33748698,1
18:45:57,3.362,3.359446,39.60710764,63.34517002,1
18:45:58,3.362,3.359525,39.61378634,63.35318685,1
18:45:59,3.362,3.359564,39.62046504,63.3610785,1
18:46:00,3.361,3.359583,39.62714374,63.36842775,1
18:46:02,3.362,3.359113,39.63382244,63.37645054,1
18:46:02,3.362,3.359359,39.64050114,63.38434,1
18:46:03,3.362,3.359481,39.64717984,63.39217424,1
18:46:04,3.362,3.359541,39.65385854,63.39967847,1
18:46:06,3.362,3.359571,39.66053724,63.40760589,1
18:46:06,3.362,3.359585,39.66721594,63.41545582,1
18:46:07,3.362,3.359592,39.67389464,63.42326403,1
18:46:08,3.362,3.359595,39.68057334,63.43105435,1
18:46:10,3.362,3.359597,39.68725,63.43883872,1
18:46:10,3.362,3.359597,39.69393075,63.44662,1
18:46:11,3.362,3.359597,39.70060945,63.45439553,1
18:46:12,3.362,3.359597,39.70728815,63.46188188,1
18:46:13,3.362,3.359597,39.71396685,63.46979737,1
18:46:15,3.362,3.359596,39.72064555,63.47764134,1
18:46:15,3.362,3.359596,39.72732425,63.48545551,1
18:46:16,3.362,3.359596,39.73400295,63.49325,1
18:46:18,3.362,3.359596,39.74068165,63.50104213,1
18:46:19,3.362,3.359595,39.74736035,63.50882649,1
18:46:19,3.362,3.359595,39.75403905,63.5163188,1
18:46:20,3.362,3.359594,39.76071775,63.52424026,1
18:46:21,3.362,3.359594,39.76739645,63.53209019,1
18:46:23,3.362,3.359594,39.77407515,63.53991032,1
18:46:24,3.362,3.359593,39.78075385,63.54771256,1
18:46:24,3.362,3.359593,39.78743255,63.55550289,1
18:46:26,3.362,3.359592,39.79411125,63.56329322,1
18:46:27,3.362,3.359592,39.80078995,63.57108355,1
18:46:28,3.362,3.359592,39.80746865,63.57857585,1
18:46:28,3.362,3.359591,39.81414735,63.58650327,1
18:46:29,3.362,3.359591,39.82082605,63.59435916,1
18:46:31,3.362,3.359591,39.82750475,63.60217929,1
18:46:32,3.362,3.35959,39.83418345,63.6099875,1
18:46:33,3.362,3.35959,39.84086215,63.61778378,1
18:46:33,3.362,3.35959,39.84754086,63.62558007,1
18:46:34,3.362,3.359589,39.85421956,63.63307834,1
18:46:36,3.362,3.359589,39.86089826,63.64071965,1
18:46:37,3.362,3.359588,39.86757696,63.64872456,1
18:46:37,3.362,3.359588,39.87425566,63.65662217,1
18:46:39,3.362,3.359588,39.88093436,63.66446614,1
18:46:40,3.362,3.359587,39.88761306,63.67228627,1
18:46:41,3.362,3.359587,39.89429176,63.68009448,1
18:46:42,3.362,3.359587,39.90097,63.6879,1
18:46:42,3.362,3.359586,39.90764916,63.69540095,1
18:46:44,3.362,3.359586,39.91432786,63.70334029,1
18:46:45,3.362,3.359585,39.92100656,63.71120811,1
18:46:46,3.362,3.359585,39.92768526,63.71904016,1
18:46:46,3.362,3.359585,39.93436396,63.72685432,1
18:46:48,3.362,3.359584,39.94104266,63.73466253,1
18:46:49,3.362,3.359584,39.94772136,63.74246478,1
18:46:50,3.362,3.359583,39.95440006,63.75027,1
18:46:51,3.362,3.359583,39.96107876,63.75777721,1
18:46:51,3.362,3.359582,39.96775746,63.76572251,1
18:46:53,3.362,3.359582,39.97443616,63.77359629,1
18:46:54,3.362,3.359582,39.98111486,63.7814343,1
18:46:55,3.362,3.359581,39.98779356,63.78925443,1
18:46:56,3.362,3.359581,39.99447227,63.7970686,1
18:46:57,3.362,3.359581,40.00115097,63.8048768,1
18:46:58,3.362,3.359581,40.00782967,63.81268501,1
18:46:59,3.362,3.35958,40.01450837,63.8201952,1
18:46:59,3.362,3.35958,40.02118707,63.82814646,1
18:47:01,3.362,3.359579,40.02786577,63.83602619,1
18:47:02,3.362,3.359579,40.03454447,63.84387016,1
18:47:03,3.362,3.359579,40.04122317,63.85169625,1
18:47:04,3.362,3.359578,40.04790187,63.85951638,1
18:47:05,3.362,3.359578,40.05458057,63.86733055,1
18:47:06,3.362,3.359577,40.06125927,63.87514472,1
18:47:07,3.362,3.359577,40.06793797,63.88266087,1
18:47:08,3.362,3.359576,40.07461667,63.89032006,1
18:47:09,3.362,3.359576,40.08129537,63.89834881,1
18:47:10,3.362,3.359576,40.08797407,63.90627027,1
18:47:11,3.362,3.359576,40.09465277,63.91413808,1
18:47:12,3.362,3.359575,40.10133147,63.92198205,1
18:47:13,3.362,3.359575,40.10801017,63.9298141,1
18:47:14,3.362,3.359574,40.11469,63.93764019,1
18:47:15,3.362,3.359574,40.12136757,63.9451623,1
18:47:16,3.362,3.359573,40.12804627,63.95283,1
18:47:17,3.362,3.359573,40.13472497,63.96086216,1
18:47:18,3.362,3.359573,40.14140368,63.96878958,1
18:47:19,3.362,3.359573,40.14808238,63.97666335,1
18:47:20,3.362,3.359572,40.15476108,63.98451328,1
18:47:21,3.362,3.359572,40.16143978,63.99235129,1
18:47:22,3.362,3.359571,40.16811848,64.00018334,1
18:47:23,3.362,3.359571,40.17479718,64.00800943,1
18:47:24,3.362,3.359571,40.18147588,64.0155375,1
18:47:25,3.362,3.35957,40.18815458,64.02350664,1
18:47:26,3.362,3.35957,40.19483328,64.03140426,1
18:47:27,3.362,3.359569,40.20151198,64.03926611,1
18:47:28,3.362,3.359569,40.20819068,64.04711008,1
18:47:29,3.362,3.359569,40.21486938,64.05494809,1
18:47:30,3.362,3.359568,40.22154808,64.06278014,1
18:47:31,3.362,3.359568,40.22822678,64.07061219,1
18:47:32,3.362,3.359567,40.23490548,64.07844424,1
18:47:33,3.362,3.359567,40.24158418,64.08597827,1
18:47:34,3.362,3.359567,40.24826288,64.09395337,1
18:47:35,3.362,3.359566,40.25494158,64.10185695,1
18:47:36,3.362,3.359566,40.26162028,64.10972476,1
18:47:37,3.362,3.359566,40.26829898,64.11757469,1
18:47:38,3.362,3.359565,40.27497768,64.12541866,1
18:47:39,3.362,3.359565,40.28165638,64.13325667,1
18:47:40,3.362,3.359564,40.28833508,64.14109468,1
18:47:41,3.362,3.359564,40.29501379,64.14862871,1
18:47:42,3.362,3.359563,40.30169249,64.15631175,1
18:47:43,3.362,3.359563,40.30837119,64.16436434,1
18:47:44,3.362,3.359563,40.31504989,64.17230964,1
18:47:45,3.362,3.359562,40.32172859,64.18020129,1
18:47:46,3.362,3.359562,40.32841,64.18806911,1
18:47:47,3.362,3.359562,40.33508599,64.195925,1
18:47:48,3.362,3.359561,40.34176469,64.20377493,1
18:47:49,3.362,3.359561,40.34844339,64.2116189,1
18:47:50,3.362,3.35956,40.35512209,64.21915889,1
18:47:51,3.362,3.35956,40.36180079,64.22684789,1
18:47:52,3.362,3.35956,40.36847949,64.23490644,1
18:47:53,3.362,3.35956,40.37515819,64.24285769,1
18:47:54,3.362,3.359559,40.38183689,64.25076,1
18:47:55,3.362,3.359559,40.38851559,64.25862908,1
18:47:56,3.362,3.359558,40.39519429,64.26649094,1
18:47:57,3.362,3.359558,40.40187299,64.27434683,1
18:47:58,3.362,3.359557,40.40855169,64.28219676,1
18:47:59,3.362,3.359557,40.41523039,64.29005,1
18:48:00,3.363,3.359557,40.42190909,64.29795027,1
18:48:01,3.363,3.360035,40.42858779,64.3058598,1
18:48:02,3.363,3.360271,40.43526649,64.31375146,1
18:48:03,3.363,3.360389,40.4419452,64.32195306,1
18:48:04,3.363,3.360447,40.4486239,64.32998776,1
18:48:05,3.364,3.360475,40.4553026,64.33845162,1
18:48:06,3.364,3.360967,40.4619813,64.34624791,1
18:48:07,3.364,3.361211,40.46866,64.35444951,1
18:48:08,3.364,3.361331,40.4753387,64.3625021,1
18:48:09,3.365,3.361391,40.4820174,64.37097788,1
18:48:10,3.365,3.361898,40.4886961,64.37879205,1
18:48:11,3.365,3.362149,40.4953748,64.38702345,1
18:48:12,3.365,3.362274,40.5020535,64.39509988,1
18:48:13,3.366,3.362335,40.5087322,64.40360546,1
18:48:14,3.366,3.362843,40.5154109,64.41143751,1
18:48:15,3.367,3.363095,40.5220896,64.42025304,1
18:48:16,3.367,3.363698,40.5287683,64.42822218,1
18:48:17,3.367,3.363997,40.535447,64.43620324,1
18:48:18,3.367,3.364144,40.54213,64.4441843,1
18:48:19,3.367,3.364217,40.5488044,64.45251107,1
18:48:20,3.367,3.364253,40.5554831,64.46032524,1
18:48:21,3.368,3.36427,40.5621618,64.46912885,1
18:48:22,3.368,3.364757,40.5688405,64.47710991,1
18:48:23,3.368,3.364998,40.5755192,64.48510885,1
18:48:24,3.368,3.365117,40.5821979,64.49311376,1
18:48:25,3.368,3.365176,40.58887661,64.50111866,1
18:48:26,3.369,3.365204,40.59555531,64.51007128,1
18:48:27,3.369,3.365697,40.60223401,64.51812983,1
18:48:28,3.369,3.365941,40.60891271,64.52618241,1
18:48:29,3.369,3.36606,40.61559141,64.53422308,1
18:48:30,3.369,3.36612,40.62227011,64.54226375,1
18:48:31,3.369,3.366149,40.62894881,64.55029845,1
18:48:32,3.369,3.366163,40.63562751,64.55833316,1
18:48:33,3.369,3.36617,40.64230621,64.56636786,1
18:48:34,3.369,3.366173,40.64898491,64.57440257,1
18:48:35,3.369,3.366174,40.65566361,64.5827949,1
18:48:36,3.369,3.366175,40.66234231,64.59066272,1
18:48:37,3.369,3.366175,40.66902101,64.59897161,1
18:48:38,3.369,3.366175,40.67569971,64.6067977,1
18:48:39,3.369,3.366174,40.68237841,64.6150887,1
18:48:40,3.369,3.366174,40.68905711,64.62326,1
18:48:41,3.369,3.366173,40.69573581,64.63137865,1
18:48:42,3.369,3.366173,40.70241451,64.639467,1
18:48:43,3.369,3.366172,40.70909321,64.64754343,1
18:48:44,3.369,3.366172,40.71577191,64.6556139,1
18:48:45,3.369,3.366171,40.72245061,64.66367841,1
18:48:46,3.369,3.366171,40.72912931,64.67174292,1
18:48:47,3.369,3.36617,40.73580801,64.67980742,1
18:48:48,3.369,3.36617,40.74248672,64.68787193,1
18:48:49,3.369,3.366169,40.74916542,64.69593644,1
18:48:50,3.369,3.366169,40.75584,64.70400691,1
18:48:51,3.369,3.366168,40.76252282,64.71207738,1
18:48:52,3.369,3.366168,40.76920152,64.72014785,1
18:48:53,3.369,3.366168,40.77588022,64.72821832,1
18:48:54,3.369,3.366167,40.78255892,64.73628879,1
18:48:55,3.369,3.366166,40.78923762,64.74435925,1
18:48:56,3.369,3.366166,40.79591632,64.75242972,1
18:48:57,3.369,3.366165,40.80259502,64.76050615,1
18:48:58,3.369,3.366165,40.80927372,64.76858258,1
18:48:59,3.369,3.366165,40.81595242,64.77665901,1
18:49:00,3.369,3.366164,40.82263112,64.78473544,1
18:49:01,3.369,3.366163,40.82930982,64.79281187,1
18:49:02,3.369,3.366163,40.83598852,64.8008883,1
18:49:03,3.369,3.366163,40.84266722,64.80896473,1
18:49:04,3.369,3.366162,40.84934592,64.81705,1
18:49:05,3.369,3.366162,40.85602462,64.82512951,1
18:49:06,3.369,3.366161,40.86270332,64.8332119,1
18:49:07,3.369,3.366161,40.86938202,64.84129429,1
18:49:08,3.369,3.36616,40.87606072,64.84937668,1
18:49:09,3.369,3.36616,40.88273942,64.85745907,1
18:49:10,3.369,3.366159,40.88941813,64.86554146,1
18:49:11,3.369,3.366158,40.89609683,64.87362981,1
18:49:12,3.369,3.366158,40.90277553,64.88171816,1
18:49:13,3.369,3.366158,40.90945423,64.88944888,1
18:49:14,3.369,3.366157,40.91613293,64.89735246,1
18:49:15,3.369,3.366157,40.92281163,64.90533948,1
18:49:16,3.369,3.366156,40.92949033,64.91372585,1
18:49:17,3.369,3.366156,40.93616903,64.92160559,1
18:49:18,3.369,3.366155,40.94284773,64.92994428,1
18:49:19,3.369,3.366155,40.94952643,64.93780017,1
18:49:20,3.369,3.366154,40.95620513,64.94612694,1
18:49:21,3.369,3.366154,40.96288383,64.95397687,1
18:49:22,3.369,3.366153,40.96956,64.96230364,1
18:49:23,3.369,3.366153,40.97624123,64.9705112,1
18:49:24,3.369,3.366152,40.98291993,64.97866511,1
18:49:25,3.369,3.366152,40.98959863,64.98678923,1
18:49:26,3.369,3.366151,40.99627733,64.99490142,1
18:49:27,3.369,3.366151,41.00295603,65.00300765,1
18:49:28,3.369,3.36615,41.00963473,65.01111388,1
18:49:29,3.369,3.36615,41.01631343,65.01922011,1
18:49:30,3.369,3.366149,41.02299213,65.02732635,1
18:49:31,3.369,3.366148,41.02967083,65.03543258,1
18:49:32,3.369,3.366148,41.03634953,65.04353881,1
18:49:33,3.369,3.366148,41.04302824,65.05164504,1
18:49:34,3.369,3.366147,41.04970694,65.05975127,1
18:49:35,3.369,3.366147,41.05638564,65.0678575,1
18:49:36,3.369,3.366146,41.06306434,65.07596374,1
18:49:37,3.369,3.366146,41.06974304,65.08406997,1
18:49:38,3.369,3.366145,41.07642174,65.09218216,1
18:49:39,3.369,3.366145,41.08310044,65.10029435,1
18:49:40,3.369,3.366144,41.08977914,65.10840654,1
18:49:41,3.369,3.366144,41.09645784,65.11651874,1
18:49:42,3.369,3.366143,41.10313654,65.12463093,1
18:49:43,3.369,3.366143,41.10981524,65.13274312,1
18:49:44,3.369,3.366142,41.11649394,65.14086127,1
18:49:45,3.369,3.366142,41.12317264,65.14897943,1
18:49:46,3.369,3.366141,41.12985134,65.15709758,1
18:49:47,3.369,3.366141,41.13653004,65.16521573,1
18:49:48,3.369,3.36614,41.14320874,65.17333388,1
18:49:49,3.369,3.36614,41.14988744,65.18145204,1
18:49:50,3.369,3.366139,41.15656614,65.18957019,1
18:49:51,3.369,3.366139,41.16324484,65.1976943,1
18:49:52,3.369,3.366138,41.16992354,65.20581841,1
18:49:53,3.369,3.366138,41.17660224,65.21394253,1
18:49:54,3.369,3.366137,41.18328,65.22206664,1
18:49:55,3.369,3.366137,41.18995965,65.23019075,1
18:49:56,3.369,3.366136,41.19663835,65.23831487,1
18:49:57,3.369,3.366136,41.20331705,65.24644494,1
18:49:58,3.369,3.366135,41.20999575,65.25457501,1
18:49:59,3.369,3.366135,41.21667445,65.26270509,1
18:50:00,3.369,3.366134,41.22335315,65.27083516,1
18:50:01,3.369,3.366134,41.23003185,65.27896523,1
18:50:02,3.369,3.366133,41.23671055,65.28709531,1
18:50:03,3.369,3.366133,41.24338925,65.29522538,1
18:50:04,3.369,3.366132,41.25006795,65.30336142,1
18:50:05,3.369,3.366132,41.25674665,65.31149745,1
18:50:06,3.369,3.366131,41.26342535,65.31963,1
18:50:07,3.369,3.366131,41.27010405,65.32776952,1
18:50:08,3.369,3.36613,41.27678275,65.33590555,1
18:50:09,3.369,3.36613,41.28346145,65.34404159,1
18:50:10,3.369,3.366129,41.29014015,65.35218358,1
18:50:11,3.369,3.366129,41.29681885,65.36032557,1
18:50:12,3.369,3.366128,41.30349755,65.36846757,1
18:50:13,3.369,3.366128,41.31017625,65.37660956,1
18:50:14,3.369,3.366127,41.31685495,65.38475156,1
18:50:15,3.369,3.366127,41.32353365,65.39289355,1
18:50:16,3.369,3.366126,41.33021235,65.40103555,1
18:50:17,3.369,3.366126,41.33689106,65.4091835,1
18:50:18,3.369,3.366125,41.34356976,65.41733146,1
18:50:19,3.369,3.366125,41.35024846,65.42547941,1
18:50:20,3.369,3.366124,41.35692716,65.43362737,1
18:50:21,3.369,3.366123,41.36360586,65.44177532,1
18:50:22,3.369,3.366123,41.37028456,65.44992328,1
18:50:23,3.369,3.366122,41.37696326,65.45807719,1
18:50:24,3.369,3.366122,41.38364196,65.46623111,1
18:50:25,3.369,3.366122,41.39032066,65.47438502,1
18:50:26,3.369,3.366121,41.397,65.48253894,1
18:50:27,3.369,3.366121,41.40367806,65.49069285,1
18:50:28,3.369,3.36612,41.41035676,65.49884677,1
18:50:29,3.369,3.366119,41.41703546,65.50700068,1
18:50:30,3.369,3.366119,41.42371416,65.51516056,1
18:50:31,3.369999,3.366118,41.43039286,65.52383304,1
18:50:32,3.369999,3.366596,41.43707156,65.53226113,1
18:50:33,3.369999,3.366831,41.44375026,65.54015875,1
18:50:34,3.369999,3.366948,41.45042896,65.54859281,1
18:50:35,3.369999,3.367005,41.45710766,65.55652022,1
18:50:36,3.371,3.367034,41.46378636,65.56554437,1
18:50:37,3.371,3.367526,41.47046506,65.57414532,1
18:50:38,3.371,3.367769,41.47714376,65.58254957,1
18:50:39,3.372,3.367889,41.48382246,65.59138894,1
18:50:40,3.372,3.368426,41.49050117,65.59993029,1
18:50:41,3.372,3.368691,41.49717987,65.60832262,1
18:50:42,3.373001,3.368822,41.50385857,65.61662555,1
18:50:43,3.373001,3.369365,41.51053727,65.6249404,1
18:50:44,3.373001,3.369633,41.51721597,65.63323736,1
18:50:45,3.374,3.369766,41.52389467,65.64201713,1
18:50:46,3.374,3.370309,41.53057337,65.65102935,1
18:50:47,3.374,3.370577,41.53725207,65.65967202,1
18:50:48,3.375,3.37071,41.54393077,65.66814184,1
18:50:49,3.375,3.371253,41.55060947,65.67656398,1
18:50:50,3.375,3.371521,41.55728817,65.68493843,1
18:50:51,3.375,3.371654,41.56396687,65.69372416,1
18:50:52,3.376,3.371719,41.57064557,65.70286155,1
18:50:53,3.376,3.372229,41.57732427,65.71159959,1
18:50:54,3.376,3.372481,41.58400297,65.71969986,1
18:50:55,3.376,3.372605,41.59068167,65.72793722,1
18:50:56,3.376,3.372667,41.59736037,65.73623419,1
18:50:57,3.376,3.372697,41.60403907,65.74456096,1
18:50:58,3.376,3.372711,41.61072,65.7533288,1
18:50:59,3.376,3.372718,41.61739647,65.76190591,1
18:51:00,3.376,3.372721,41.62407517,65.77038765,1
18:51:01,3.376,3.372722,41.63075387,65.77882171,1
18:51:02,3.376,3.372723,41.63743258,65.78723192,1
18:51:03,3.376,3.372723,41.64411128,65.79520702,1
18:51:04,3.376,3.372722,41.65078998,65.80380201,1
18:51:05,3.376,3.372722,41.65746868,65.81187248,1
18:51:06,3.376,3.372721,41.66414738,65.82009196,1
18:51:07,3.376,3.37272,41.67082608,65.82838893,1
18:51:08,3.376,3.37272,41.67750478,65.83672166,1
18:51:09,3.376,3.372719,41.68418348,65.84507227,1
18:51:10,3.376,3.372719,41.69086218,65.85386395,1
18:51:11,3.376,3.372718,41.69754088,65.86245298,1
18:51:12,3.376,3.372717,41.70421958,65.87094665,1
18:51:13,3.376,3.372717,41.71089828,65.87939262,1
18:51:14,3.376,3.372716,41.71757698,65.88739157,1
18:51:15,3.376,3.372715,41.72425568,65.8960104,1
18:51:16,3.376,3.372715,41.73093438,65.90409279,1
18:51:17,3.376,3.372714,41.73761308,65.91232419,1
18:51:18,3.376,3.372711,41.74429178,65.92063308,1
18:51:19,3.376,3.372708,41.75097048,65.92898369,1
18:51:20,3.376,3.372707,41.75764918,65.93778133,1
18:51:21,3.376,3.372706,41.76432788,65.94638228,1
18:51:22,3.376,3.372705,41.77100658,65.95488787,1
18:51:23,3.376,3.372705,41.77768528,65.96334577,1
18:51:24,3.377,3.372705,41.78436399,65.97231627,1
18:51:25,3.377,3.373183,41.79104269,65.98051786,1
18:51:26,3.377,3.37342,41.79772139,65.98884463,1
18:51:27,3.376,3.373537,41.80440009,65.99704623,1
18:51:28,3.376,3.373117,41.81107879,66.005373,1
18:51:29,3.377,3.37291,41.81775749,66.01430178,1
18:51:30,3.376,3.373285,41.82444,66.02243781,1
18:51:31,3.377,3.372993,41.83111489,66.03124738,1
18:51:32,3.376,3.373326,41.83779359,66.03934169,1
18:51:33,3.377,3.373013,41.84447229,66.04812741,1
18:51:34,3.377,3.373336,41.85115099,66.05625749,1
18:51:35,3.377,3.373496,41.85782969,66.06454253,1
18:51:36,3.377,3.373575,41.86450839,66.0728991,1
18:51:37,3.377,3.373615,41.87118709,66.08172655,1
18:51:38,3.377,3.373634,41.87786579,66.0903573,1
18:51:39,3.377,3.373644,41.88454449,66.09889269,1
18:51:40,3.377,3.373648,41.89122319,66.10738039,1
18:51:41,3.377,3.373651,41.89790189,66.11540914,1
18:51:42,3.377,3.373652,41.90458059,66.12407565,1
18:51:43,3.377,3.373653,41.91125929,66.13218784,1
18:51:46,3.377,3.373654,41.91793799,66.14045501,1
18:51:47,3.377,3.373654,41.92461669,66.14879966,1
18:51:47,3.377,3.373654,41.93129539,66.15762115,1
18:51:47,3.377,3.373654,41.9379741,66.1662519,1
18:51:48,3.377,3.373654,41.9446528,66.17478728,1
18:51:51,3.377,3.373654,41.9513315,66.18328,1
18:51:51,3.377,3.373654,41.9580102,66.19130969,1
18:51:52,3.377,3.373654,41.9646889,66.19997621,1
18:51:52,3.377,3.373654,41.9713676,66.20809436,1
18:51:53,3.377,3.373655,41.9780463,66.21636748,1
18:51:54,3.377,3.373655,41.984725,66.22471809,1
18:51:55,3.377,3.373654,41.9914037,66.23354554,1
18:51:56,3.377,3.373655,41.9980824,66.24218225,1
18:51:57,3.377,3.373655,42.0047611,66.2507236,1
18:51:58,3.377,3.373655,42.0114398,66.25921726,1
18:51:59,3.377,3.373655,42.0181185,66.26724601,1
18:52:00,3.377,3.373655,42.0247972,66.27591252,1
18:52:01,3.377,3.373655,42.0314759,66.28403068,1
18:52:02,3.377,3.373655,42.03815,66.2923038,1
18:52:03,3.377,3.373655,42.0448333,66.30065441,1
18:52:04,3.377,3.373655,42.051512,66.30904078,1
18:52:05,3.377,3.373655,42.0581907,66.31788611,1
18:52:06,3.377,3.373655,42.0648694,66.32653475,1
18:52:07,3.377,3.373656,42.0715481,66.33508205,1
18:52:08,3.377,3.373656,42.0782268,66.34358168,1
18:52:09,3.377,3.373656,42.08490551,66.35161638,1
18:52:10,3.377,3.373656,42.09158421,66.35984778,1
18:52:11,3.377,3.373656,42.09826291,66.36818051,1
18:52:12,3.377,3.373656,42.10494161,66.37656093,1
18:52:13,3.377,3.373656,42.11162031,66.38496518,1
18:52:14,3.377,3.373656,42.11829901,66.39382243,1
18:52:15,3.377,3.373656,42.12497771,66.40247703,1
18:52:16,3.377,3.373656,42.13165641,66.41103029,1
18:52:17,3.377,3.373656,42.13833511,66.41952991,1
18:52:18,3.377,3.373656,42.14501381,66.42756462,1
18:52:19,3.377,3.373657,42.15169251,66.43580198,1
18:52:20,3.377,3.373657,42.15837121,66.44413471,1
18:52:21,3.377,3.373657,42.16504991,66.45251513,1
18:52:22,3.377,3.373657,42.17172861,66.46091938,1
18:52:23,3.377,3.373657,42.17840731,66.46977663,1
18:52:24,3.377,3.373657,42.18508601,66.47843122,1
18:52:25,3.377,3.373657,42.19176471,66.48698449,1
18:52:26,3.377,3.373657,42.19844341,66.49549007,1
18:52:27,3.377,3.373657,42.20512211,66.50352,1
18:52:28,3.377,3.373657,42.21180081,66.51176214,1
18:52:29,3.377,3.373658,42.21847951,66.52009487,1
18:52:30,3.377,3.373658,42.22515821,66.52848125,1
18:52:31,3.377,3.373658,42.23183692,66.53689146,1
18:52:32,3.377,3.373658,42.23851562,66.54575467,1
18:52:33,3.377,3.373658,42.24519432,66.55441523,1
18:52:34,3.377,3.373658,42.25187,66.56297445,1
18:52:35,3.377,3.373658,42.25855172,66.57148004,1
18:52:36,3.377,3.373658,42.26523042,66.5795207,1
18:52:37,3.377,3.373658,42.27190912,66.58775806,1
18:52:39,3.377,3.373658,42.27858782,66.59609675,1
18:52:40,3.377,3.373659,42.28526652,66.60581231,1
18:52:40,3.377,3.373658,42.29194522,66.62642956,1
18:52:41,3.377,3.373655,42.29862392,66.6647315,1
18:52:44,3.377,3.373646,42.30530262,66.73279405,1
18:52:45,3.377,3.373651,42.31198132,66.84968472,1
18:52:45,3.377,3.373667,42.31866002,66.98425412,1
18:52:45,3.377,3.373658,42.32533872,67.06069112,1
18:52:46,3.377,3.373657,42.33201742,67.10923314,1
18:52:47,3.377,3.373662,42.33869612,67.1431005,1
18:52:48,3.377,3.373668,42.34537482,67.17011333,1
18:52:49,3.377,3.373673,42.35205352,67.1941638,1
18:52:50,3.377,3.373677,42.35873222,67.21632481,1
18:52:51,3.377,3.37368,42.36541092,67.23712087,1
18:52:52,3.377,3.373682,42.37208962,67.25808382,1
18:52:53,3.377,3.373683,42.37876832,67.27870703,1
18:52:54,3.377,3.373685,42.38544703,67.29916334,1
18:52:55,3.377,3.373686,42.39212573,67.31953025,1
18:52:56,3.377,3.373687,42.39880443,67.33943224,1
18:52:57,3.377,3.373688,42.40548313,67.35993624,1
18:52:58,3.377,3.373689,42.41216183,67.37989783,1
18:52:59,3.377,3.37369,42.41884053,67.40000248,1
18:53:00,3.377,3.373691,42.42551923,67.42060184,1
18:53:01,3.377,3.373691,42.43219793,67.44061,1
18:53:02,3.377,3.373693,42.43887663,67.46072173,1
18:53:03,3.377,3.373693,42.44555533,67.4813211,1
18:53:04,3.377,3.373694,42.45223403,67.50174165,1
18:53:05,3.377,3.373695,42.45891273,67.5216496,1
18:53:06,3.378,3.373696,42.46559,67.546314,1
18:53:07,3.378,3.374173,42.47227013,67.5688386,1
18:53:08,3.378,3.374411,42.47894883,67.58984923,1
18:53:09,3.378,3.374529,42.48562753,67.61056781,1
18:53:10,3.379,3.374588,42.49230623,67.63520837,1
18:53:11,3.379,3.375095,42.49898493,67.65783429,1
18:53:12,3.379,3.375347,42.50566363,67.67992377,1
18:53:13,3.379,3.375472,42.51234233,67.70082116,1
18:53:14,3.379,3.375535,42.51902103,67.72202253,1
18:53:15,3.379,3.375566,42.52569973,67.74249673,1
18:53:16,3.379,3.375583,42.53237844,67.76347756,1
18:53:17,3.38,3.375591,42.53905714,67.78841615,1
18:53:18,3.38,3.376072,42.54573584,67.81077385,1
18:53:19,3.38,3.376312,42.55241454,67.83236265,1
18:53:20,3.381,3.376431,42.55909324,67.85762906,1
18:53:21,3.381,3.376967,42.56577194,67.88128018,1
18:53:22,3.381,3.377234,42.57245064,67.90360212,1
18:53:23,3.381,3.377367,42.57912934,67.9248035,1
18:53:24,3.382,3.377434,42.58580804,67.9499507,1
18:53:25,3.382,3.377944,42.59248674,67.97313094,1
18:53:26,3.382,3.378198,42.59916544,67.99581051,1
18:53:27,3.382,3.378324,42.60584414,68.01775098,1
18:53:28,3.383,3.378387,42.61252284,68.04286242,1
18:53:29,3.383,3.378896,42.61920154,68.06666255,1
18:53:30,3.383,3.379149,42.62588024,68.08925867,1
18:53:31,3.383,3.379275,42.63255894,68.11126471,1
18:53:32,3.383,3.379338,42.63923764,68.13297,1
18:53:33,3.383,3.37937,42.64591634,68.15453768,1
18:53:34,3.383,3.379386,42.65259504,68.17556024,1
18:53:35,3.383,3.379395,42.65927374,68.19676757,1
18:53:36,3.383,3.3794,42.66595244,68.21805835,1
18:53:37,3.383,3.379402,42.67263114,68.23985577,1
18:53:38,3.383,3.379404,42.67931,68.26098561,1
18:53:39,3.383,3.379406,42.68598855,68.28269362,1
18:53:40,3.383,3.379407,42.69266725,68.3042407,1
18:53:41,3.383,3.379408,42.69934595,68.32523942,1
18:53:42,3.383,3.379409,42.70602465,68.34641695,1
18:53:43,3.383,3.37941,42.71270335,68.36814284,1
18:53:44,3.383,3.379411,42.71938205,68.38968396,1
18:53:45,3.383,3.379411,42.72606075,68.41113567,1
18:53:46,3.383,3.379413,42.73273945,68.43253374,1
18:53:47,3.383,3.379414,42.73941815,68.45344901,1
18:53:48,3.383,3.379415,42.74609685,68.47502589,1
18:53:49,3.383,3.379416,42.75277555,68.49648356,1
18:53:50,3.383,3.379417,42.75945425,68.51788163,1
18:53:51,3.383,3.379417,42.76613295,68.53878498,1
18:53:52,3.383,3.379419,42.77281165,68.56034994,1
18:53:53,3.383,3.379419,42.77949035,68.58133078,1
18:53:54,3.383,3.379421,42.78616905,68.60246658,1
18:53:55,3.383,3.379422,42.79284775,68.62413883,1
18:53:56,3.383,3.379422,42.79952645,68.64562631,1
18:53:57,3.383999,3.379423,42.80620515,68.67054105,1
18:53:58,3.383999,3.379901,42.81288385,68.69428158,1
18:53:59,3.383999,3.380138,42.81956255,68.71688962,1
18:54:00,3.383,3.380257,42.82624125,68.73483062,1
18:54:01,3.383999,3.379839,42.83291996,68.75855327,1
18:54:02,3.383,3.380109,42.83959866,68.77706051,1
18:54:03,3.383999,3.379767,42.84627736,68.80050302,1
18:54:04,3.383999,3.380075,42.85295606,68.82296205,1
18:54:05,3.383,3.380228,42.85963476,68.84122491,1
18:54:06,3.383999,3.379827,42.86631346,68.86514425,1
18:54:07,3.383999,3.380106,42.87299216,68.88732314,1
18:54:08,3.383999,3.380244,42.87967086,68.90962124,1
18:54:09,3.383999,3.380314,42.88634956,68.93149614,1
18:54:10,3.383999,3.380349,42.89303,68.95268559,1
18:54:11,3.383999,3.380367,42.89970696,68.97445917,1
18:54:12,3.383999,3.380376,42.90638566,68.99560094,1
18:54:13,3.383999,3.380381,42.91306436,69.0168798,1
18:54:14,3.383999,3.380384,42.91974306,69.03822422,1
18:54:15,3.383999,3.380386,42.92642176,69.05959845,1
18:54:16,3.383999,3.380388,42.93310046,69.08098459,1
18:54:17,3.383999,3.380388,42.93977916,69.10284162,1
18:54:18,3.383999,3.38039,42.94645786,69.12400723,1
18:54:19,3.383999,3.380391,42.95313656,69.145751,1
18:54:20,3.383999,3.380392,42.95981526,69.16732192,1
18:54:21,3.383999,3.380393,42.96649396,69.18834448,1
18:54:22,3.383999,3.380394,42.97317266,69.21000481,1
18:54:23,3.383999,3.380394,42.97985137,69.23106313,1
18:54:24,3.383999,3.380396,42.98653007,69.25274134,1
18:54:25,3.383999,3.380396,42.99320877,69.27427053,1
18:54:26,3.383999,3.380398,42.99988747,69.29525733,1
18:54:27,3.383999,3.380399,43.00656617,69.31642294,1
18:54:28,3.383999,3.380399,43.01324487,69.33814287,1
18:54:29,3.383999,3.3804,43.01992357,69.35968399,1
18:54:30,3.383999,3.380401,43.02660227,69.38066483,1
18:54:31,3.383999,3.380402,43.03328097,69.40181851,1
18:54:32,3.383999,3.380403,43.03995967,69.42352057,1
18:54:33,3.383999,3.380404,43.04663837,69.4450438,1
18:54:34,3.383999,3.380405,43.05331707,69.46600676,1
18:54:35,3.383999,3.380406,43.05999577,69.48714256,1
18:54:36,3.383999,3.380407,43.06667447,69.50882673,1
18:54:37,3.383999,3.380408,43.07335317,69.53033209,1
18:54:38,3.383999,3.380409,43.08003187,69.55128,1
18:54:39,3.383999,3.38041,43.08671057,69.57239509,1
18:54:40,3.383999,3.380411,43.09338927,69.59359646,1
18:54:41,3.383999,3.380412,43.10006797,69.61483955,1
18:54:42,3.383999,3.380413,43.10675,69.63655949,1
18:54:43,3.383999,3.380414,43.11342537,69.65806484,1
18:54:44,3.383999,3.380414,43.12010407,69.67899799,1
18:54:45,3.383999,3.380415,43.12678277,69.70009804,1
18:54:46,3.383999,3.380416,43.13346148,69.72127557,1
18:54:47,3.383999,3.380417,43.14014018,69.74295378,1
18:54:48,3.383999,3.380418,43.14681888,69.76442933,1
18:54:49,3.383999,3.380419,43.15349758,69.78533268,1
18:54:50,3.383999,3.38042,43.16017628,69.80640292,1
18:54:51,3.383999,3.380421,43.16685498,69.82755661,1
18:54:52,3.383999,3.380422,43.17353368,69.84921098,1
18:54:53,3.383999,3.380423,43.18021238,69.87066269,1
18:54:54,3.383999,3.380424,43.18689108,69.8915422,1
18:54:55,3.383999,3.380425,43.19356978,69.91305351,1
18:54:56,3.383999,3.380426,43.20024848,69.93396282,1
18:54:57,3.383999,3.380427,43.20692718,69.9554801,1
18:54:58,3.383999,3.380427,43.21360588,69.97638941,1
18:54:59,3.383999,3.380429,43.22028458,69.99744177,1
18:55:00,3.383999,3.38043,43.22696328,70.01856565,1
18:55:01,3.383999,3.38043,43.23364198,70.04018426,1
18:55:02,3.383999,3.380431,43.24032068,70.06112933,1
18:55:03,3.383999,3.380432,43.24699938,70.08219361,1
18:55:04,3.383999,3.380433,43.25367808,70.10377049,1
18:55:05,3.383999,3.380434,43.26035678,70.12469172,1
18:55:06,3.383999,3.380435,43.26703548,70.14573216,1
18:55:07,3.383999,3.380436,43.27371418,70.16683221,1
18:55:08,3.383999,3.380437,43.28039289,70.18796206,1
18:55:09,3.383999,3.380438,43.28707159,70.20956278,1
18:55:10,3.383999,3.380439,43.29375029,70.23094296,1
18:55:11,3.383999,3.38044,43.30042899,70.25221586,1
18:55:12,3.383999,3.38044,43.30710769,70.2729702,1
18:55:13,3.383999,3.380442,43.31378639,70.29437423,1
18:55:14,3.383999,3.380443,43.32047,70.31564713,1
18:55:15,3.383999,3.380443,43.32714379,70.33685446,1
18:55:16,3.383999,3.380444,43.33382249,70.35756707,1
18:55:17,3.383999,3.380445,43.34050119,70.3789413,1
18:55:18,3.383999,3.380446,43.34717989,70.40019631,1
18:55:19,3.383999,3.380447,43.35385859,70.42092085,1
18:55:20,3.383999,3.380448,43.36053729,70.44229507,1
18:55:21,3.383999,3.380449,43.36721599,70.46353817,1
18:55:22,3.383999,3.38045,43.37389469,70.48425674,1
18:55:23,3.383999,3.380451,43.38057339,70.50561905,1
18:55:24,3.383999,3.380452,43.38725209,70.52685022,1
18:55:25,3.383999,3.380453,43.39393079,70.54755688,1
18:55:26,3.383999,3.380454,43.40060949,70.56844234,1
18:55:27,3.383999,3.380455,43.40728819,70.58941722,1
18:55:28,3.383999,3.380455,43.41396689,70.61043382,1
18:55:29,3.383999,3.380456,43.42064559,70.6314683,1
18:55:30,3.383999,3.380457,43.4273243,70.6525147,1
18:55:31,3.383999,3.380458,43.434003,70.67356,1
18:55:32,3.383999,3.380459,43.4406817,70.6946075,1
18:55:33,3.383999,3.38046,43.4473604,70.71610689,1
18:55:34,3.383999,3.380461,43.4540391,70.73692679,1
18:55:35,3.383999,3.380462,43.4607178,70.75831294,1
18:55:36,3.383999,3.380463,43.4673965,70.77952623,1
18:55:37,3.383999,3.380464,43.4740752,70.80019712,1
18:55:38,3.383999,3.380465,43.4807539,70.82104087,1
18:55:39,3.383999,3.380466,43.4874326,70.84242702,1
18:55:40,3.383999,3.380466,43.4941113,70.86317539,1
18:55:41,3.383999,3.380467,43.50079,70.88404894,1
18:55:42,3.383999,3.380468,43.5074687,70.90544701,1
18:55:43,3.383999,3.380469,43.5141474,70.92618942,1
18:55:44,3.383999,3.38047,43.5208261,70.94705701,1
18:55:45,3.383999,3.380471,43.5275048,70.96844316,1
18:55:46,3.383999,3.380472,43.53418,70.98917961,1
18:55:47,3.383999,3.380473,43.5408622,71.01003528,1
18:55:48,3.383999,3.380474,43.5475409,71.03140354,1
18:55:49,3.383999,3.380475,43.5542196,71.05258107,1
18:55:50,3.385,3.380475,43.5608983,71.07716203,1
18:55:51,3.385,3.380954,43.567577,71.10005021,1
18:55:52,3.385,3.381192,43.5742557,71.12256885,1
18:55:53,3.385,3.381311,43.58093441,71.14393115,1
18:55:54,3.385,3.38137,43.58761311,71.16518617,1
18:55:55,3.385,3.3814,43.59429181,71.18685842,1
18:55:56,3.385,3.381415,43.60097051,71.20827436,1
18:55:57,3.386,3.381423,43.60764921,71.23305202,1
18:55:58,3.386,3.381905,43.61432791,71.25612497,1
18:55:59,3.386,3.382145,43.62100661,71.27833366,1
18:56:00,3.386,3.382264,43.62768531,71.30010128,1
18:56:01,3.386,3.382324,43.63436401,71.32164836,1
18:56:02,3.386,3.382354,43.64104271,71.34355903,1
18:56:03,3.387001,3.382369,43.64772141,71.36930823,1
18:56:04,3.387001,3.382855,43.65440011,71.39292955,1
18:56:05,3.387001,3.383097,43.66107881,71.41499519,1
18:56:06,3.387001,3.383218,43.66775751,71.43679261,1
18:56:07,3.387001,3.383278,43.67443621,71.45892978,1
18:56:08,3.387001,3.383308,43.68111491,71.48028016,1
18:56:09,3.387001,3.383324,43.68779361,71.50170803,1
18:56:10,3.388,3.383332,43.69447231,71.52720094,1
18:56:11,3.388,3.383814,43.70115101,71.55133486,1
18:56:12,3.388,3.384053,43.70782971,71.57372832,1
18:56:13,3.388,3.384173,43.71450841,71.59577608,1
18:56:14,3.389,3.384233,43.72118711,71.6216743,1
18:56:15,3.389,3.38474,43.72786582,71.64612,1
18:56:16,3.389,3.384992,43.73454452,71.66927457,1
18:56:17,3.389,3.385118,43.74122322,71.69129252,1
18:56:18,3.389,3.385181,43.7479,71.71324492,1
18:56:19,3.389,3.385213,43.75458062,71.73515558,1
18:56:20,3.389,3.385229,43.76125932,71.75753713,1
18:56:21,3.389,3.385238,43.76793802,71.77966833,1
18:56:22,3.389,3.385242,43.77461672,71.80119,1
18:56:23,3.389,3.385245,43.78129542,71.8233645,1
18:56:24,3.389,3.385247,43.78797412,71.84489965,1
18:56:25,3.389,3.385249,43.79465282,71.86707854,1
18:56:26,3.389,3.38525,43.80133152,71.8886137,1
18:56:27,3.389,3.385251,43.80801022,71.91078663,1
18:56:28,3.39,3.385252,43.81468892,71.93627357,1
18:56:29,3.389,3.38573,43.82136762,71.95603848,1
18:56:30,3.39,3.385491,43.82804632,71.98144197,1
18:56:31,3.39,3.38585,43.83472502,72.00514078,1
18:56:32,3.39,3.386028,43.84140372,72.02800512,1
18:56:33,3.39,3.386118,43.84808242,72.04994559,1
18:56:34,3.39,3.386163,43.85476112,72.07192183,1
18:56:35,3.39,3.386185,43.86143982,72.09391594,1
18:56:38,3.39,3.386197,43.86811852,72.11640477,1
18:56:38,3.39,3.386203,43.87479722,72.13816643,1
18:56:39,3.39,3.386207,43.88147593,72.16053605,1
18:56:39,3.39,3.386209,43.88815463,72.18272686,1
18:56:40,3.39,3.386211,43.89483333,72.20432758,1
18:56:43,3.39,3.386213,43.90151203,72.22661376,1
18:56:44,3.39,3.386213,43.90819073,72.24875093,1
18:56:44,3.39,3.386214,43.91486943,72.27032185,1
18:56:44,3.39,3.386215,43.92154813,72.29258418,1
18:56:45,3.39,3.386216,43.92822683,72.31420875,1
18:56:46,3.39,3.386218,43.93490553,72.3360002,1
18:56:47,3.39,3.386219,43.94158423,72.35836387,1
18:56:48,3.39,3.38622,43.94826293,72.38052487,1
18:56:49,3.39,3.386221,43.95494163,72.40208983,1
18:56:50,3.39,3.386222,43.96162,72.42433429,1
18:56:51,3.39,3.386222,43.96829903,72.44594097,1
18:56:52,3.39,3.386223,43.97497773,72.46770263,1
18:56:53,3.39,3.386225,43.98165643,72.48954177,1
18:56:54,3.39,3.386225,43.98833513,72.51191139,1
18:56:55,3.39,3.386226,43.99501383,72.53356576,1
18:56:56,3.39,3.386227,44.00169253,72.55584002,1
18:56:57,3.39,3.386228,44.00837123,72.57793546,1
18:56:58,3.39,3.386229,44.01504993,72.59994149,1
18:56:59,3.39,3.38623,44.02172863,72.62189984,1
18:57:00,3.39,3.386231,44.02840734,72.64383435,1
18:57:01,3.39,3.386232,44.03508604,72.66525626,1
18:57:02,3.39,3.386233,44.04176474,72.68739939,1
18:57:03,3.39,3.386234,44.04844344,72.70892262,1
18:57:04,3.39,3.386235,44.05512214,72.73110747,1
18:57:05,3.39,3.386236,44.06180084,72.75264859,1
18:57:06,3.39,3.386237,44.06847954,72.7748394,1
18:57:07,3.39,3.386238,44.07515824,72.79638052,1
18:57:08,3.39,3.386239,44.08183694,72.81857,1
18:57:09,3.39,3.38624,44.08851564,72.84009457,1
18:57:10,3.39,3.386241,44.09519434,72.86226749,1
18:57:11,3.39,3.386242,44.10187304,72.88379073,1
18:57:12,3.39,3.386243,44.10855174,72.9059577,1
18:57:13,3.39,3.386244,44.11523044,72.92746902,1
18:57:14,3.39,3.386245,44.12190914,72.94962406,1
18:57:15,3.39,3.386245,44.12858784,72.97112942,1
18:57:16,3.39,3.386247,44.13526654,72.99328,1
18:57:17,3.39,3.386248,44.14194524,73.01477194,1
18:57:18,3.39,3.386249,44.14862394,73.0369091,1
18:57:19,3.39,3.38625,44.15530264,73.05839062,1
18:57:20,3.39,3.38625,44.16198134,73.0800271,1
18:57:21,3.39,3.386252,44.16866004,73.10173512,1
18:57:22,3.39,3.386253,44.17534,73.12347889,1
18:57:23,3.39,3.386253,44.18201745,73.1457293,1
18:57:24,3.39,3.386254,44.18869615,73.1672585,1
18:57:25,3.39,3.386256,44.19537485,73.18939567,1
18:57:26,3.39,3.386256,44.20205355,73.21086526,1
18:57:27,3.39,3.386257,44.20873225,73.23296666,1
18:57:28,3.39,3.386258,44.21541095,73.25490117,1
18:57:29,3.39,3.386259,44.22208965,73.27675223,1
18:57:30,3.39,3.38626,44.22876835,73.29806685,1
18:57:31,3.39,3.386261,44.23544705,73.31959605,1
18:57:32,3.39,3.386262,44.24212575,73.34171534,1
18:57:33,3.39,3.386263,44.24880445,73.36364985,1
18:57:34,3.39,3.386264,44.25548315,73.38548899,1
18:57:35,3.39,3.386265,44.26216185,73.40678573,1
18:57:36,3.39,3.386266,44.26884055,73.42829108,1
18:57:37,3.391,3.386267,44.27551925,73.45452309,1
18:57:38,3.39,3.386746,44.28219795,73.47447872,1
18:57:39,3.39,3.386506,44.28887665,73.49532843,1
18:57:40,3.391,3.386387,44.29555535,73.52005839,1
18:57:41,3.39,3.386807,44.30223405,73.53941202,1
18:57:42,3.39,3.386538,44.30891275,73.5603869,1
18:57:43,3.391,3.386405,44.31559145,73.58581424,1
18:57:44,3.39,3.386817,44.32227015,73.60540032,1
18:57:45,3.391,3.386544,44.32894886,73.6295104,1
18:57:46,3.39,3.386887,44.33562756,73.64894748,1
18:57:47,3.391,3.38658,44.34230626,73.67301583,1
18:57:48,3.391,3.386906,44.34898496,73.69598746,1
18:57:49,3.391,3.387069,44.35566366,73.71891737,1
18:57:50,3.391,3.387149,44.36234236,73.74131083,1
18:57:51,3.391,3.38719,44.36902106,73.76344204,1
18:57:52,3.391,3.387211,44.37569976,73.78494143,1
18:57:53,3.391,3.387222,44.38237846,73.80660772,1
18:57:54,3.391,3.387228,44.38906,73.82835746,1
18:57:55,3.391,3.387231,44.39573586,73.85064363,1
18:57:56,3.391,3.387233,44.40241456,73.87221456,1
18:57:57,3.39,3.387235,44.40909326,73.88991714,1
18:57:58,3.391,3.386758,44.41577196,73.91358614,1
18:57:59,3.391,3.387,44.42245066,73.93631935,1
18:58:00,3.391,3.38712,44.42912936,73.95858169,1
18:58:01,3.391,3.387181,44.43580806,73.98061156,1
18:58:02,3.391,3.387211,44.44248676,74.00252223,1
18:58:03,3.391,3.387227,44.44916546,74.02486801,1
18:58:04,3.391,3.387235,44.45584416,74.04694557,1
18:58:05,3.391,3.387239,44.46252286,74.06839132,1
18:58:06,3.391,3.387242,44.46920156,74.09,1
18:58:07,3.391,3.387244,44.47588027,74.1116941,1
18:58:08,3.391,3.387245,44.48255897,74.13341999,1
18:58:09,3.391,3.387247,44.48923767,74.15516376,1
18:58:10,3.391,3.387248,44.49591637,74.17740822,1
18:58:11,3.391,3.387249,44.50259507,74.19891953,1
18:58:12,3.391,3.387249,44.50927377,74.22104478,1
18:58:13,3.391,3.387251,44.51595247,74.24249649,1
18:58:14,3.391,3.387251,44.52263117,74.26409125,1
18:58:15,3.391,3.387253,44.52930987,74.28575754,1
18:58:16,3.391,3.387254,44.53598857,74.30745363,1
18:58:17,3.391,3.387254,44.54266727,74.32916164,1
18:58:18,3.391,3.387255,44.54934597,74.35087562,1
18:58:19,3.391,3.387256,44.55602467,74.37258959,1
18:58:20,3.391,3.387257,44.56270337,74.39430356,1
18:58:21,3.391,3.387258,44.56938207,74.41650629,1
18:58:22,3.391,3.387259,44.57606077,74.43797588,1
18:58:23,3.391,3.38726,44.58273947,74.46004748,1
18:58:24,3.391,3.387261,44.58941817,74.48194027,1
18:58:25,3.391,3.387262,44.59609687,74.50324893,1
18:58:26,3.391,3.387263,44.60278,74.52474833,1
18:58:27,3.391,3.387264,44.60945427,74.54682589,1
18:58:28,3.391,3.387265,44.61613297,74.56871271,1
18:58:29,3.391,3.387266,44.62281168,74.59000945,1
18:58:30,3.391,3.387267,44.62949038,74.61149096,1
18:58:31,3.391,3.387268,44.63616908,74.63355064,1
18:58:32,3.391,3.387269,44.64284778,74.65541959,1
18:58:33,3.391,3.387269,44.64952648,74.67669845,1
18:58:34,3.391,3.38727,44.65620518,74.69816208,1
18:58:35,3.391,3.387271,44.66288388,74.72020388,1
18:58:36,3.391,3.387272,44.66956258,74.74205494,1
18:58:37,3.391,3.387273,44.67624128,74.76331592,1
18:58:38,3.391,3.387274,44.68291998,74.78476167,1
18:58:39,3.391,3.387275,44.68959868,74.80629683,1
18:58:40,3.391,3.387276,44.69627738,74.82836246,1
18:58:41,3.391,3.387277,44.70295608,74.84971881,1
18:58:42,3.391,3.387278,44.70963478,74.87120032,1
18:58:43,3.391,3.387279,44.71631348,74.89323616,1
18:58:44,3.391,3.38728,44.72299218,74.91506338,1
18:58:45,3.391,3.387281,44.72967088,74.93629,1
18:58:46,3.391,3.387282,44.73634958,74.95819926,1
18:58:47,3.391,3.387282,44.74302828,74.9794662,1
18:58:48,3.391,3.387284,44.74970698,75.00088811,1
18:58:49,3.391,3.387285,44.75638568,75.0223875,1
18:58:50,3.391,3.387285,44.76306438,75.04441142,1
18:58:51,3.391,3.387286,44.76974308,75.0662148,1
18:58:52,3.391,3.387287,44.77642179,75.08742213,1
18:58:53,3.391,3.387288,44.78310049,75.10929704,1
18:58:54,3.391,3.387289,44.78977919,75.13102293,1
18:58:55,3.391,3.38729,44.79645789,75.15267134,1
18:58:56,3.391,3.387291,44.80313659,75.17427802,1
18:58:57,3.391,3.387292,44.80981529,75.1953721,1
18:58:58,3.391,3.387293,44.81649,75.21718144,1
18:58:59,3.391,3.387294,44.82317269,75.2383709,1
18:59:00,3.391,3.387295,44.82985139,75.26022196,1
18:59:01,3.391,3.387296,44.83653009,75.28142929,1
18:59:02,3.391,3.387297,44.84320879,75.30328035,1
18:59:03,3.391,3.387297,44.84988749,75.32448173,1
18:59:04,3.391,3.387299,44.85656619,75.34632683,1
18:59:05,3.391,3.387299,44.86324489,75.36752224,1
18:59:06,3.391,3.3873,44.86992359,75.38936138,1
18:59:07,3.391,3.387301,44.87660229,75.41055083,1
18:59:08,3.391,3.387302,44.88328099,75.43237805,1
18:59:09,3.391,3.387303,44.88995969,75.45355558,1
18:59:10,3.391,3.387304,44.89663839,75.47537088,1
18:59:11,3.391,3.387305,44.90331709,75.49654245,1
18:59:12,3.391,3.387306,44.90999579,75.51835179,1
18:59:13,3.391,3.387307,44.91667449,75.53951144,1
18:59:14,3.391,3.387308,44.9233532,75.56131482,1
18:59:15,3.391,3.387309,44.9300319,75.58246851,1
18:59:16,3.391,3.38731,44.9367106,75.60425997,1
18:59:17,3.391,3.387311,44.9433893,75.62589049,1
18:59:18,3.391,3.387311,44.950068,75.64744353,1
18:59:19,3.391,3.387312,44.9567467,75.66846013,1
18:59:20,3.391,3.387313,44.9634254,75.68969131,1
18:59:21,3.391,3.387314,44.9701041,75.71102381,1
18:59:22,3.391,3.387315,44.9767828,75.73240399,1
18:59:23,3.391,3.387316,44.9834615,75.75380206,1
18:59:24,3.391,3.387317,44.9901402,75.77521205,1
18:59:25,3.391,3.387318,44.9968189,75.7971108,1
18:59:26,3.391,3.387319,45.0034976,75.81828833,1
18:59:27,3.391,3.38732,45.0101763,75.84006786,1
18:59:28,3.391,3.387321,45.016855,75.86117983,1
18:59:29,3.391,3.387321,45.0235337,75.88243484,1
18:59:30,3.391,3.387322,45.03021,75.90376139,1
18:59:31,3.391,3.387323,45.0368911,75.92511773,1
18:59:32,3.391,3.387324,45.0435698,75.946486,1
18:59:33,3.391,3.387325,45.0502485,75.96786022,1
18:59:34,3.391,3.387326,45.0569272,75.98923445,1
18:59:35,3.391,3.387327,45.0636059,76.01060271,1
18:59:36,3.391,3.387328,45.07028461,76.03245974,1
18:59:37,3.391,3.387329,45.07696331,76.05358958,1
18:59:38,3.391,3.38733,45.08364201,76.07483268,1
18:59:39,3.391,3.387331,45.09032071,76.09612942,1
18:59:40,3.391,3.387332,45.09699941,76.11745,1
18:59:41,3.391,3.387332,45.10367811,76.1387825,1
18:59:42,3.391,3.387333,45.11035681,76.16060376,1
18:59:43,3.391,3.387334,45.11703551,76.18170381,1
18:59:44,3.391,3.387335,45.12371421,76.20340586,1
18:59:45,3.391,3.387336,45.13039291,76.22492909,1
18:59:46,3.391,3.387337,45.13707161,76.24588,1
18:59:47,3.391,3.387338,45.14375031,76.26701593,1
18:59:48,3.391,3.387339,45.15042901,76.28872395,1
18:59:49,3.391,3.387339,45.15710771,76.31024122,1
18:59:50,3.391,3.387341,45.16378641,76.33117437,1
18:59:51,3.391,3.387342,45.17046511,76.3522923,1
18:59:52,3.391,3.387342,45.17714381,76.37349963,1
18:59:53,3.391,3.387343,45.18382251,76.39523149,1
18:59:54,3.391,3.387344,45.19050121,76.41626596,1
18:59:55,3.391,3.387345,45.19717991,76.43742561,1
18:59:56,3.391,3.387346,45.20385861,76.45912766,1
18:59:57,3.391,3.387347,45.21053731,76.48062706,1
18:59:58,3.391,3.387348,45.21721601,76.50153637,1
18:59:59,3.391,3.387349,45.22389472,76.52310729,1
19:00:00,3.391,3.387349,45.23057342,76.54453516,1
19:00:01,3.391,3.38735,45.23725212,76.5658915,1
19:00:02,3.391,3.387352,45.24393,76.58720613,1
19:00:03,3.391,3.387352,45.25060952,76.6084969,1
19:00:04,3.391,3.387353,45.25728822,76.62977576,1
19:00:05,3.391,3.387354,45.26396692,76.65104866,1
19:00:06,3.391,3.387355,45.27064562,76.67182684,1
19:00:08,3.391,3.387356,45.27732432,76.69332027,1
19:00:08,3.391,3.387357,45.28400302,76.71420574,1
19:00:11,3.391,3.387358,45.29068172,76.7357409,1
19:00:12,3.391,3.387358,45.29736042,76.75664425,1
19:00:12,3.391,3.387359,45.30403912,76.77770257,1
19:00:12,3.391,3.38736,45.31071782,76.79883838,1
19:00:13,3.391,3.387361,45.31739652,76.82049274,1
19:00:15,3.391,3.387362,45.32407522,76.84193254,1
19:00:15,3.391,3.387363,45.33075392,76.86325908,1
19:00:16,3.391,3.387364,45.33743262,76.88453197,1
19:00:17,3.391,3.387365,45.34411132,76.90577507,1
19:00:18,3.391,3.387366,45.35079002,76.92651749,1
19:00:19,3.391,3.387367,45.35746872,76.94796324,1
19:00:20,3.391,3.387367,45.36414742,76.96880102,1
19:00:21,3.391,3.387368,45.37082613,76.9902885,1
19:00:22,3.391,3.387369,45.37750483,77.01162696,1
19:00:23,3.391,3.38737,45.38418353,77.03288794,1
19:00:24,3.391,3.387371,45.39086223,77.05410719,1
19:00:25,3.391,3.387372,45.39754093,77.07482576,1
19:00:26,3.391,3.387373,45.40421963,77.09624171,1
19:00:27,3.391,3.387374,45.41089833,77.11753249,1
19:00:28,3.391,3.387374,45.41757703,77.13875771,1
19:00:29,3.391,3.387375,45.42425573,77.15947032,1
19:00:30,3.391,3.387376,45.43093443,77.18039155,1
19:00:31,3.391,3.387378,45.43761313,77.20141411,1
19:00:32,3.391,3.387378,45.44429183,77.22249031,1
19:00:33,3.391,3.387379,45.45097053,77.24406719,1
19:00:34,3.391,3.38738,45.45765,77.26494074,1
19:00:35,3.391,3.387381,45.46432793,77.28641629,1
19:00:36,3.391,3.387387,45.47100663,77.30721235,1
19:00:37,3.391,3.387399,45.47768533,77.32857466,1
19:00:38,3.391,3.387409,45.48436403,77.34973431,1
19:00:39,3.391,3.387416,45.49104273,77.37029195,1
19:00:40,3.391,3.387422,45.49772143,77.3914814,1
19:00:41,3.391,3.387427,45.50440013,77.41202712,1
19:00:42,3.391,3.387433,45.51107883,77.43269801,1
19:00:43,3.391,3.387438,45.51775753,77.45341659,1
19:00:44,3.391,3.387443,45.52443624,77.47414112,1
19:00:45,3.391,3.387448,45.53111494,77.49484777,1
19:00:46,3.392,3.387453,45.53779364,77.52008438,1
19:00:47,3.392,3.387939,45.54447234,77.54252553,1
19:00:48,3.392,3.388181,45.55115104,77.56413221,1
19:00:49,3.392,3.388304,45.55782974,77.58530378,1
19:00:50,3.392,3.388367,45.56450844,77.60672569,1
19:00:51,3.392,3.388402,45.57118714,77.62777805,1
19:00:52,3.392,3.388421,45.57786584,77.64815688,1
19:00:53,3.392,3.388432,45.58454454,77.66865492,1
19:00:54,3.393,3.388441,45.59122324,77.69369483,1
19:00:55,3.393,3.388929,45.59790194,77.71654129,1
19:00:56,3.393,3.389173,45.60458064,77.73779631,1
19:00:57,3.393,3.389296,45.61125934,77.75924802,1
19:00:58,3.393,3.389359,45.61793804,77.77980566,1
19:00:59,3.393,3.389393,45.62461674,77.80086398,1
19:01:00,3.394,3.389412,45.63129544,77.82500982,1
19:01:01,3.394,3.389905,45.63797414,77.84743905,1
19:01:02,3.394,3.390152,45.64465284,77.86949873,1
19:01:03,3.394,3.390277,45.65133154,77.89084911,1
19:01:04,3.394,3.390341,45.65801024,77.91182995,1
19:01:05,3.395,3.390375,45.66468894,77.93651223,1
19:01:06,3.395,3.390876,45.67137,77.95919776,1
19:01:07,3.395,3.391127,45.67804635,77.98088789,1
19:01:08,3.395,3.391253,45.68472505,78.08206677,1
19:01:09,3.395,3.391382,45.69140375,78.47053409,1
19:01:10,3.396,3.392032,45.69808245,78.9124608,1
19:01:11,3.396,3.392727,45.70476115,79.10611629,1
19:01:12,3.396,3.392823,45.71143985,79.21713591,1
19:01:13,3.396,3.392822,45.71811855,79.29008007,1
19:01:14,3.396,3.39281,45.72479725,79.34500575,1
19:01:15,3.397,3.392804,45.73147595,79.40244079,1
19:01:16,3.397,3.393291,45.73815465,79.44870591,1
19:01:17,3.397,3.393534,45.74483335,79.48987484,1
19:01:18,3.397,3.39366,45.75151205,79.52888012,1
19:01:19,3.397,3.393727,45.75819075,79.56613898,1
19:01:20,3.397,3.393765,45.76486945,79.60307002,1
19:01:21,3.397,3.393789,45.77154815,79.63945866,1
19:01:22,3.397,3.393806,45.77822685,79.67548966,1
19:01:23,3.398,3.39382,45.78490555,79.72003222,1
19:01:24,3.398,3.394317,45.79158425,79.76045609,1
19:01:25,3.398,3.394569,45.79826295,79.79807854,1
19:01:26,3.398,3.394698,45.80494165,79.83486652,1
19:01:27,3.398,3.394767,45.81162035,79.87055779,1
19:01:28,3.398,3.394806,45.81829906,79.90621924,1
19:01:29,3.398,3.394831,45.82497776,79.94119525,1
19:01:30,3.398,3.394848,45.83165646,79.97605205,1
19:01:31,3.398,3.394861,45.83833516,80.01076579,1
19:01:32,3.398,3.394872,45.84501386,80.04563451,1
19:01:33,3.398,3.394883,45.85169256,80.0802052,1
19:01:34,3.398,3.394893,45.85837126,80.11426926,1
19:01:35,3.398,3.394903,45.86504996,80.14858365,1
19:01:36,3.398,3.394913,45.87172866,80.18237352,1
19:01:37,3.398,3.394922,45.87840736,80.21611571,1
19:01:38,3.398,3.394932,45.88509,80.24976254,1
19:01:39,3.398,3.394941,45.89176476,80.28329015,1
19:01:40,3.398,3.39495,45.89844346,80.31697273,1
19:01:41,3.398,3.394959,45.90512216,80.35010099,1
19:01:42,3.398,3.394968,45.91180086,80.38344383,1
19:01:43,3.398,3.394977,45.91847956,80.41626811,1
19:01:44,3.398,3.394986,45.92515826,80.44903874,1
19:01:45,3.398,3.394995,45.93183696,80.48200011,1
19:01:46,3.398,3.395004,45.93851566,80.51443696,1
19:01:47,3.398,3.395013,45.94519436,80.54682016,1
19:01:48,3.398,3.395021,45.95187306,80.57938814,1
19:01:49,3.398,3.39503,45.95855176,80.61143756,1
19:01:50,3.398,3.395039,45.96523046,80.64343333,1
19:01:51,3.398,3.395047,45.97190917,80.6753397,1
19:01:52,3.398,3.395056,45.97858787,80.70741296,1
19:01:53,3.398,3.395064,45.98526657,80.73923588,1
19:01:54,3.398,3.395072,45.99194527,80.7706058,1
19:01:55,3.398,3.395081,45.99862397,80.80222011,1
19:01:56,3.398,3.395089,46.00530267,80.83363771,1
19:01:57,3.398,3.395097,46.01198137,80.86462617,1
19:01:58,3.398,3.395106,46.01866007,80.89560866,1
19:01:59,3.398,3.395114,46.02533877,80.92678785,1
19:02:00,3.398,3.395122,46.03201747,80.95748425,1
19:02:01,3.398,3.39513,46.03869617,80.98840714,1
19:02:02,3.398,3.395138,46.04537487,81.01886511,1
19:02:03,3.398,3.395146,46.05205357,81.04929328,1
19:02:04,3.398,3.395153,46.05873227,81.07991219,1
19:02:05,3.398,3.395161,46.06541097,81.11004829,1
19:02:06,3.398,3.395169,46.07208967,81.1404109,1
19:02:07,3.398,3.395177,46.07876837,81.17031455,1
19:02:08,3.398,3.395184,46.08544707,81.20019436,1
19:02:09,3.398,3.395192,46.09212577,81.23000264,1
19:02:10,3.398,3.3952,46.0988,81.25997782,1
19:02:11,3.399,3.395207,46.10548317,81.29764795,1
19:02:12,3.398,3.395701,46.11216187,81.32312894,1
19:02:13,3.399,3.395463,46.11884058,81.35872483,1
19:02:14,3.399,3.395835,46.12551928,81.39153123,1
19:02:15,3.399,3.396023,46.13219798,81.42260909,1
19:02:16,3.398,3.396119,46.13887668,81.44446611,1
19:02:17,3.398,3.395685,46.14555538,81.46987557,1
19:02:18,3.398,3.395473,46.15223408,81.49722815,1
19:02:19,3.398,3.395372,46.15891278,81.52504,1
19:02:20,3.399,3.395325,46.16559148,81.56164885,1
19:02:21,3.399,3.395793,46.17227018,81.59400821,1
19:02:22,3.399,3.396027,46.17894888,81.62479,1
19:02:23,3.399,3.396147,46.18562758,81.65447712,1
19:02:24,3.399,3.39621,46.19230628,81.68331981,1
19:02:25,3.399,3.396244,46.19898498,81.71195388,1
19:02:26,3.399,3.396265,46.20566368,81.74042702,1
19:02:27,3.399,3.396279,46.21234238,81.76902533,1
19:02:28,3.399,3.396289,46.21902108,81.79739118,1
19:02:29,3.399,3.396298,46.22569978,81.82535768,1
19:02:30,3.399,3.396305,46.23237848,81.85331821,1
19:02:31,3.399,3.396312,46.23905718,81.88123107,1
19:02:32,3.399,3.396319,46.24573588,81.9090724,1
19:02:33,3.399,3.396326,46.25241458,81.93707466,1
19:02:34,3.399,3.396333,46.25909328,81.96463585,1
19:02:35,3.399,3.396339,46.26577199,81.99217319,1
19:02:36,3.399,3.396347,46.27245069,82.01988339,1
19:02:37,3.399,3.396353,46.27912939,82.0471704,1
19:02:38,3.399,3.396359,46.28580809,82.07443953,1
19:02:39,3.399,3.396366,46.29248679,82.10189342,1
19:02:40,3.399,3.396373,46.29916549,82.12891817,1
19:02:41,3.399,3.396379,46.30584419,82.155931,1
19:02:42,3.399,3.396385,46.31252,82.18289018,1
19:02:43,3.399,3.396391,46.31920159,82.21001625,1
19:02:44,3.399,3.396398,46.32588029,82.23671913,1
19:02:46,3.399,3.396404,46.33255899,82.26363659,1
19:02:46,3.399,3.396411,46.33923769,82.29038715,1
19:02:47,3.399,3.396417,46.34591639,82.31701255,1
19:02:48,3.399,3.396423,46.35259509,82.34331012,1
19:02:49,3.399,3.396429,46.35927379,82.36985803,1
19:02:50,3.399,3.396435,46.36595249,82.39626884,1
19:02:51,3.399,3.396442,46.37263119,82.42233992,1
19:02:52,3.399,3.396447,46.37930989,82.44843483,1
19:02:53,3.399,3.396454,46.38598859,82.47449398,1
19:02:55,3.399,3.39646,46.39266729,82.50050545,1
19:02:55,3.399,3.396466,46.39934599,82.52644539,1
19:02:56,3.399,3.396472,46.40602469,82.55254626,1
19:02:57,3.399,3.396477,46.41270339,82.57824183,1
19:02:58,3.399,3.396484,46.4193821,82.60414004,1
19:02:59,3.399,3.39649,46.4260608,82.62988329,1
19:03:00,3.399,3.396495,46.4327395,82.65528679,1
19:03:01,3.399,3.396501,46.4394182,82.68070817,1
19:03:02,3.399,3.396507,46.4460969,82.70609975,1
19:03:03,3.399,3.396513,46.4527756,82.73166418,1
19:03:04,3.399,3.396518,46.4594543,82.75683522,1
19:03:05,3.399,3.396524,46.466133,82.78199434,1
19:03:06,3.399,3.39653,46.4728117,82.8071177,1
19:03:07,3.399,3.396535,46.4794904,82.83218145,1
19:03:08,3.399,3.396541,46.4861691,82.85717964,1
19:03:09,3.399,3.396546,46.4928478,82.88233876,1
19:03:10,3.399,3.396552,46.4995265,82.90731907,1
19:03:11,3.399,3.396558,46.5062052,82.93196559,1
19:03:12,3.399,3.396563,46.5128839,82.95683861,1
19:03:13,3.399,3.396569,46.5195626,82.9815805,1
19:03:14,3.399,3.396574,46.52624,83.00600648,1
19:03:15,3.399,3.39658,46.53292,83.03067088,1
19:03:17,3.399,3.396585,46.5395987,83.05499554,1
19:03:17,3.399,3.39659,46.5462774,83.07954073,1
19:03:18,3.399,3.396596,46.5529561,83.10374022,1
19:03:19,3.399,3.396601,46.5596348,83.12794566,1
19:03:20,3.399,3.396606,46.56631351,83.15212131,1
19:03:21,3.399,3.396612,46.57299221,83.17646384,1
19:03:22,3.399,3.396617,46.57967091,83.20043683,1
19:03:23,3.399,3.396622,46.58634961,83.22440386,1
19:03:24,3.399,3.396628,46.59302831,83.24854374,1
19:03:25,3.399,3.396633,46.59970701,83.27232599,1
19:03:26,3.399,3.396638,46.60638571,83.29610229,1
19:03:27,3.399,3.396643,46.61306441,83.32005739,1
19:03:28,3.399,3.396648,46.61974311,83.34365487,1
19:03:30,3.399,3.396653,46.62642181,83.36724639,1
19:03:30,3.399,3.396658,46.63310051,83.39101672,1
19:03:31,3.399,3.396663,46.63977921,83.41443539,1
19:03:32,3.399,3.396669,46.64645791,83.43805075,1
19:03:34,3.399,3.396674,46.65313661,83.46133232,1
19:03:34,3.399,3.396678,46.65981531,83.48461986,1
19:03:35,3.399,3.396683,46.66649401,83.50788355,1
19:03:37,3.399,3.396688,46.67317271,83.53110552,1
19:03:37,3.399,3.396693,46.67985141,83.5544765,1
19:03:39,3.399,3.396698,46.68653011,83.57769847,1
19:03:39,3.399,3.396703,46.69320881,83.60062,1
19:03:40,3.399,3.396708,46.69988751,83.62355232,1
19:03:41,3.399,3.396713,46.70656621,83.64646435,1
19:03:42,3.399,3.396718,46.71324492,83.66954327,1
19:03:43,3.399,3.396723,46.71992362,83.69227648,1
19:03:44,3.399,3.396728,46.72660232,83.71520638,1
19:03:45,3.399,3.396732,46.73328102,83.73781443,1
19:03:47,3.399,3.396737,46.73996,83.76062512,1
19:03:48,3.399,3.396741,46.74663842,83.78331661,1
19:03:48,3.399,3.396746,46.75331712,83.80572796,1
19:03:49,3.399,3.396751,46.75999582,83.82816,1
19:03:50,3.399,3.396755,46.76667452,83.85058641,1
19:03:52,3.399,3.39676,46.77335322,83.87297392,1
19:03:52,3.399,3.396765,46.78003192,83.89551044,1
19:03:53,3.399,3.39677,46.78671062,83.91790986,1
19:03:54,3.399,3.396774,46.79338932,83.94001722,1
19:03:56,3.399,3.396779,46.80006802,83.96233916,1
19:03:57,3.399,3.396783,46.80674672,83.98435712,1
19:03:57,3.399,3.396788,46.81342542,84.00639296,1
19:03:58,3.399,3.396792,46.82010412,84.02859569,1
19:04:00,3.4,3.396797,46.82678282,84.05738473,1
19:04:01,3.4,3.397289,46.83346152,84.08282399,1
19:04:01,3.4,3.397535,46.84014022,84.10655856,1
19:04:02,3.401,3.397659,46.84681892,84.13635492,1
19:04:03,3.401,3.398211,46.85349762,84.16231275,1
19:04:05,3.401,3.398487,46.86017632,84.18655992,1
19:04:05,3.401,3.398625,46.86685503,84.20951366,1
19:04:06,3.402,3.398696,46.87353373,84.23886895,1
19:04:07,3.402,3.399222,46.88021243,84.26462412,1
19:04:09,3.403,3.399484,46.88689113,84.2954278,1
19:04:10,3.403,3.400104,46.89356983,84.32195783,1
19:04:10,3.403,3.400414,46.90024853,84.34634209,1
19:04:11,3.404,3.400569,46.90692723,84.37647223,1
19:04:12,3.404,3.401136,46.91360593,84.40269828,1
19:04:14,3.404,3.401419,46.92028463,84.42696929,1
19:04:14,3.404,3.401562,46.92696333,84.45045352,1
19:04:15,3.404,3.401635,46.93364203,84.4733119,1
19:04:16,3.405,3.401673,46.94032073,84.50236917,1
19:04:18,3.405,3.402183,46.94699943,84.52806473,1
19:04:19,3.405,3.402437,46.95368,84.5520556,1
19:04:19,3.405,3.402566,46.96035683,84.57538486,1
19:04:20,3.405,3.402632,46.96703553,84.59795117,1
19:04:22,3.405,3.402667,46.97371423,84.62051749,1
19:04:23,3.405,3.402686,46.98039293,84.64266062,1
19:04:23,3.405,3.402699,46.98707163,84.66496468,1
19:04:24,3.405,3.402707,46.99375033,84.68692899,1
19:04:26,3.405,3.402713,47.00042903,84.7088933,1
19:04:27,3.405,3.402718,47.00710773,84.73083973,1
19:04:28,3.405,3.402723,47.01378644,84.7527504,1
19:04:28,3.405,3.402728,47.02046514,84.77461934,1
19:04:30,3.405,3.402732,47.02714384,84.7964406,1
19:04:31,3.405,3.402737,47.03382254,84.81841683,1
19:04:32,3.405,3.402741,47.04050124,84.84025002,1
19:04:32,3.405,3.402746,47.04717994,84.86179113,1
19:04:34,3.405,3.40275,47.05385864,84.88355279,1
19:04:35,3.405,3.402754,47.06053734,84.90521312,1
19:04:36,3.405,3.402759,47.06721604,84.92661,1
19:04:37,3.405,3.402762,47.07389474,84.94803309,1
19:04:37,3.405,3.402767,47.08057344,84.96944904,1
19:04:39,3.405,3.402771,47.08725214,84.99084115,1
19:04:40,3.405,3.402776,47.09393084,85.01219749,1
19:04:41,3.405,3.40278,47.10060954,85.03370881,1
19:04:42,3.405,3.402784,47.10728824,85.05508304,1
19:04:43,3.405,3.402788,47.11396694,85.07617712,1
19:04:44,3.406,3.402792,47.12064564,85.10383964,1
19:04:45,3.405,3.403285,47.12732434,85.12175083,1
19:04:45,3.405,3.403043,47.13400304,85.14142036,1
19:04:46,3.405,3.402925,47.14068174,85.1616025,1
19:04:48,3.406,3.402868,47.14736044,85.18870473,1
19:04:49,3.406,3.403331,47.15403914,85.21302938,1
19:04:50,3.406,3.403562,47.16071784,85.2355063,1
19:04:50,3.406,3.403679,47.1674,85.25726795,1
19:04:52,3.406,3.403738,47.17407525,85.27864814,1
19:04:53,3.406,3.40377,47.18075395,85.29981971,1
19:04:54,3.406,3.403788,47.18743265,85.32086611,1
19:04:54,3.406,3.403799,47.19411135,85.34201384,1
19:04:56,3.406,3.403806,47.20079005,85.36301255,1
19:04:57,3.406,3.403812,47.20746875,85.38372517,1
19:04:58,3.406,3.403816,47.21414745,85.40446162,1
19:04:59,3.406,3.403821,47.22082615,85.42537093,1
19:04:59,3.406,3.403826,47.22750485,85.44598,1
19:05:01,3.406,3.40383,47.23418355,85.46678424,1
19:05:02,3.406,3.403834,47.24086225,85.48730016,1
19:05:03,3.406,3.403837,47.24754095,85.50783992,1
19:05:03,3.406,3.403841,47.25421965,85.52854657,1
19:05:05,3.406,3.403845,47.26089835,85.5489552,1
19:05:06,3.406,3.40385,47.26757705,85.56937575,1
19:05:07,3.406,3.403853,47.27425575,85.58996916,1
19:05:08,3.406,3.403857,47.28093445,85.61025858,1
19:05:09,3.406,3.403861,47.28761315,85.63055992,1
19:05:10,3.406,3.403865,47.29429185,85.65084934,1
19:05:11,3.406,3.403869,47.30097055,85.67111492,1
19:05:12,3.406,3.403872,47.30764925,85.69134474,1
19:05:13,3.406,3.403877,47.31432796,85.71172357,1
19:05:14,3.406,3.40388,47.32100666,85.73197722,1
19:05:15,3.406,3.403884,47.32768536,85.75196862,1
19:05:16,3.406,3.403888,47.33436406,85.77198982,1
19:05:17,3.406,3.403892,47.34104276,85.79200506,1
19:05:18,3.406,3.403896,47.34772146,85.812,1
19:05:19,3.406,3.403899,47.35440016,85.83196402,1
19:05:20,3.406,3.403903,47.36107886,85.85207462,1
19:05:21,3.406,3.403907,47.36775756,85.87206006,1
19:05:22,3.406,3.403911,47.37443626,85.89196801,1
19:05:23,3.406,3.403914,47.38111,85.91181636,1
19:05:24,3.406,3.403918,47.38779366,85.93144417,1
19:05:25,3.406,3.403922,47.39447236,85.95129251,1
19:05:26,3.406,3.403925,47.40115106,85.97088456,1
19:05:27,3.406,3.403929,47.40782976,85.99067926,1
19:05:28,3.406,3.403933,47.41450846,86.01020575,1
19:05:29,3.406,3.403936,47.42118716,86.02975607,1
19:05:30,3.406,3.40394,47.42786586,86.04930043,1
19:05:31,3.406,3.403944,47.43454456,86.06899977,1
19:05:32,3.406,3.403947,47.44122326,86.088413,1
19:05:33,3.406,3.40395,47.44790196,86.10783815,1
19:05:34,3.406,3.403955,47.45458066,86.12741828,1
19:05:35,3.406,3.403958,47.46125937,86.14671826,1
19:05:36,3.406,3.403961,47.46793807,86.16620898,1
19:05:37,3.406,3.403965,47.47461677,86.18543148,1
19:05:38,3.406,3.403969,47.48129547,86.20484471,1
19:05:39,3.406,3.403972,47.48797417,86.22399569,1
19:05:40,3.406,3.403975,47.49465287,86.2431705,1
19:05:41,3.406,3.403979,47.50133157,86.26233935,1
19:05:42,3.406,3.403982,47.50801027,86.28148437,1
19:05:43,3.406,3.403986,47.51468897,86.30060554,1
19:05:44,3.406,3.403989,47.52136767,86.31986976,1
19:05:45,3.406,3.403993,47.52804637,86.33901477,1
19:05:46,3.406,3.403996,47.53472507,86.35808825,1
19:05:47,3.406,3.404,47.54140377,86.3771081,1
19:05:48,3.406,3.404003,47.54808247,86.39591932,1
19:05:49,3.406,3.404007,47.55476117,86.41477227,1
19:05:50,3.406,3.40401,47.56143987,86.43363118,1
19:05:51,3.406,3.404013,47.56811857,86.45264506,1
19:05:52,3.406,3.404017,47.57479727,86.47139072,1
19:05:53,3.406,3.40402,47.58147597,86.4903152,1
19:05:54,3.407,3.404024,47.58815467,86.51505,1
19:05:55,3.407,3.404516,47.59483,86.5370512,1
19:05:56,3.407,3.404761,47.60151207,86.55727506,1
19:05:57,3.408,3.404885,47.60819077,86.58287525,1
19:05:58,3.408,3.405437,47.61486948,86.60513759,1
19:05:59,3.409,3.405712,47.62154818,86.63181067,1
19:06:00,3.409,3.406339,47.62822688,86.65488362,1
19:06:01,3.41,3.406651,47.63490558,86.6817534,1
19:06:02,3.41,3.407297,47.64158428,86.70477271,1
19:06:03,3.41,3.407619,47.64826298,86.72585487,1
19:06:04,3.411,3.40778,47.65494168,86.75227761,1
19:06:05,3.411,3.40835,47.66162038,86.77485585,1
19:06:06,3.411,3.408635,47.66829908,86.79596782,1
19:06:07,3.412,3.408778,47.67497778,86.82219386,1
19:06:08,3.412,3.409339,47.68165648,86.84473038,1
19:06:09,3.412,3.40962,47.68833518,86.86565757,1
19:06:10,3.412,3.40976,47.69501388,86.88576818,1
19:06:11,3.412,3.409832,47.70169258,86.90545559,1
19:06:12,3.412,3.409869,47.70837128,86.92509532,1
19:06:13,3.412,3.409889,47.71504998,86.94434166,1
19:06:14,3.412,3.409901,47.72172868,86.96372509,1
19:06:15,3.412,3.409909,47.72840738,86.9828105,1
19:06:16,3.412,3.409914,47.73508608,87.00190783,1
19:06:17,3.412,3.409918,47.74176478,87.02117205,1
19:06:18,3.412,3.409923,47.74844348,87.04033,1
19:06:19,3.412,3.409926,47.75512218,87.05941439,1
19:06:20,3.412,3.40993,47.76180089,87.07845211,1
19:06:21,3.413,3.409933,47.76847959,87.10315228,1
19:06:22,3.413,3.410425,47.77515829,87.12525964,1
19:06:23,3.413,3.410671,47.78183699,87.14563251,1
19:06:24,3.413,3.410795,47.78851569,87.16533184,1
19:06:25,3.413,3.410858,47.79519439,87.18485832,1
19:06:26,3.412,3.410891,47.80187309,87.1981442,1
19:06:27,3.413,3.41042,47.80855,87.22014427,1
19:06:28,3.413,3.410677,47.81523049,87.24039197,1
19:06:29,3.413,3.410806,47.82190919,87.26013899,1
19:06:30,3.413,3.410872,47.82858789,87.27943301,1
19:06:31,3.413,3.410907,47.83526659,87.2983098,1
19:06:32,3.413,3.410925,47.84194529,87.31714487,1
19:06:33,3.413,3.410936,47.84862399,87.33611107,1
19:06:34,3.413,3.410943,47.85530269,87.35495806,1
19:06:35,3.413,3.410949,47.86198139,87.37356067,1
19:06:36,3.413,3.410952,47.86866009,87.39219904,1
19:06:37,3.413,3.410956,47.87533879,87.41083741,1
19:06:38,3.413,3.41096,47.88201749,87.42963076,1
19:06:39,3.413,3.410963,47.88869619,87.44814992,1
19:06:40,3.413,3.410967,47.89537489,87.466681,1
19:06:41,3.413,3.41097,47.90205359,87.48520613,1
19:06:42,3.413,3.410973,47.9087323,87.50371933,1
19:06:43,3.413,3.410976,47.915411,87.52220869,1
19:06:44,3.413,3.41098,47.9220897,87.54066825,1
19:06:45,3.413,3.410983,47.9287684,87.55927086,1
19:06:46,3.413,3.410986,47.9354471,87.57776618,1
19:06:47,3.413,3.41099,47.9421258,87.59601712,1
19:06:48,3.413,3.410992,47.9488045,87.61447668,1
19:06:49,3.413,3.410996,47.9554832,87.6326859,1
19:06:50,3.413,3.410999,47.9621619,87.65092492,1
19:06:51,3.413,3.411002,47.9688406,87.66916394,1
19:06:52,3.413,3.411005,47.9755193,87.68739104,1
19:06:53,3.413,3.411008,47.982198,87.7055943,1
19:06:54,3.413,3.411012,47.9888767,87.72394061,1
19:06:55,3.413,3.411015,47.9955554,87.74201274,1
19:06:56,3.413,3.411018,48.0022341,87.76009679,1
19:06:57,3.413,3.411021,48.0089128,87.77834177,1
19:06:58,3.413,3.411024,48.0155915,87.79632449,1
19:06:59,3.413,3.411027,48.02227,87.81432509,1
19:07:00,3.413,3.41103,48.0289489,87.83231974,1
19:07:01,3.413,3.411033,48.0356276,87.85030246,1
19:07:02,3.414,3.411036,48.0423063,87.8742516,1
19:07:03,3.414,3.411529,48.048985,87.89501786,1
19:07:04,3.415,3.411774,48.0556637,87.92014122,1
19:07:05,3.416,3.412387,48.06234241,87.94779181,1
19:07:06,3.417,3.413182,48.06902111,87.97647357,1
19:07:07,3.418,3.414067,48.07569981,88.00539374,1
19:07:08,3.418,3.414997,48.08237851,88.02938461,1
19:07:09,3.419,3.41546,48.08905721,88.05606365,1
19:07:10,3.419,3.41618,48.09573591,88.07896972,1
19:07:11,3.42,3.416539,48.10241461,88.10545206,1
19:07:12,3.42,3.417208,48.10909331,88.12781572,1
19:07:13,3.42,3.417542,48.11577201,88.14837337,1
19:07:14,3.42,3.417709,48.12245071,88.1680131,1
19:07:15,3.42,3.417793,48.12912941,88.18718791,1
19:07:16,3.42,3.417837,48.13580811,88.20611238,1
19:07:17,3.42,3.41786,48.14248681,88.22489977,1
19:07:18,3.42,3.417873,48.14916551,88.24378252,1
19:07:19,3.42,3.417881,48.15584421,88.26252222,1
19:07:20,3.42,3.417887,48.16252291,88.28099966,1
19:07:21,3.42,3.417892,48.16920161,88.2995069,1
19:07:22,3.42,3.417896,48.17588031,88.31802011,1
19:07:24,3.42,3.417899,48.18255901,88.33651543,1
19:07:25,3.42,3.417902,48.18923771,88.35517168,1
19:07:26,3.42,3.417906,48.19591641,88.37353587,1
19:07:26,3.42,3.417909,48.20259511,88.39209676,1
19:07:29,3.42,3.417912,48.20927382,88.41038942,1
19:07:29,3.42,3.417915,48.21595252,88.42871189,1
19:07:30,3.42,3.417919,48.22263122,88.44703436,1
19:07:30,3.42,3.417922,48.22930992,88.46534491,1
19:07:31,3.42,3.417925,48.23599,88.48363161,1
19:07:32,3.42,3.417928,48.24266732,88.50189447,1
19:07:33,3.42,3.417931,48.24934602,88.52030635,1
19:07:34,3.42,3.417934,48.25602472,88.53861094,1
19:07:35,3.42,3.417937,48.26270342,88.556844,1
19:07:36,3.42,3.417941,48.26938212,88.57502937,1
19:07:37,3.42,3.417943,48.27606082,88.59301209,1
19:07:38,3.42,3.417947,48.28273952,88.61121535,1
19:07:39,3.42,3.41795,48.28941822,88.62917423,1
19:07:40,3.42,3.417953,48.29609692,88.64717484,1
19:07:41,3.42,3.417954,48.30277562,88.66518736,1
19:07:42,3.42,3.417953,48.30945432,88.68339062,1
19:07:43,3.42,3.417952,48.31613302,88.70134354,1
19:07:44,3.42,3.417953,48.32281172,88.71933818,1
19:07:45,3.42,3.417954,48.32949042,88.73752356,1
19:07:46,3.42,3.417955,48.33616912,88.75545859,1
19:07:47,3.42,3.417956,48.34284782,88.77342939,1
19:07:48,3.42,3.417958,48.34952652,88.79141808,1
19:07:49,3.42,3.417959,48.35620522,88.80957961,1
19:07:50,3.42,3.41796,48.36288393,88.82748485,1
19:07:51,3.42,3.417962,48.36956263,88.84559274,1
19:07:52,3.42,3.417963,48.37624133,88.86346221,1
19:07:53,3.421,3.417964,48.38292003,88.88715506,1
19:07:54,3.422,3.418454,48.38959873,88.91331553,1
19:07:55,3.423,3.419186,48.39627743,88.94136548,1
19:07:56,3.424,3.420038,48.40295613,88.97013068,1
19:07:57,3.425,3.420951,48.40963483,88.99932504,1
19:07:58,3.426,3.421893,48.41631353,89.02881742,1
19:07:59,3.427,3.422851,48.42299223,89.05818462,1
19:08:00,3.427,3.423815,48.42967093,89.08239603,1
19:08:01,3.427,3.424296,48.43634963,89.10401464,1
19:08:02,3.427,3.424535,48.44302833,89.12453651,1
19:08:03,3.427,3.424655,48.44971,89.14410472,1
19:08:04,3.427,3.424716,48.45638573,89.16358352,1
19:08:05,3.427,3.424746,48.46306443,89.18263912,1
19:08:06,3.427,3.424762,48.46974313,89.2018497,1
19:08:07,3.427,3.424771,48.47642183,89.22076225,1
19:08:08,3.427,3.424776,48.48310053,89.23988938,1
19:08:09,3.428,3.424779,48.48977923,89.26423788,1
19:08:10,3.428,3.42527,48.49645793,89.28619623,1
19:08:11,3.428,3.425514,48.50313663,89.30650949,1
19:08:12,3.428,3.425636,48.50981534,89.32641149,1
19:08:13,3.428,3.425698,48.51649404,89.34590816,1
19:08:14,3.428,3.425729,48.52317274,89.54534531,1
19:08:15,3.428,3.42763,48.52985144,89.57275748,1
19:08:16,3.428,3.427025,48.53653014,89.60216045,1
19:08:17,3.428,3.426659,48.54320884,89.62503672,1
19:08:18,3.428,3.426426,48.54988754,89.64285254,1
19:08:19,3.428,3.426296,48.55656624,89.65753317,1
19:08:20,3.428,3.426229,48.56324494,89.67049122,1
19:08:21,3.428,3.426198,48.56992364,89.6825552,1
19:08:22,3.428,3.426186,48.57660234,89.6941781,1
19:08:23,3.428,3.426183,48.58328104,89.70558047,1
19:08:24,3.428,3.426185,48.58995974,89.71688151,1
19:08:25,3.428,3.426189,48.59663844,89.72812891,1
19:08:26,3.428,3.426194,48.60331714,89.73936439,1
19:08:27,3.428,3.4262,48.60999584,89.75058198,1
19:08:28,3.428,3.426207,48.61667454,89.76179361,1
19:08:29,3.428,3.426214,48.62335324,89.77300525,1
19:08:30,3.429,3.42622,48.63003194,89.78677988,1
19:08:31,3.43,3.426722,48.63671064,89.80184793,1
19:08:32,3.431,3.427468,48.64338934,89.8176074,1
19:08:33,3.432,3.428332,48.65006804,89.83376622,1
19:08:34,3.433,3.429255,48.65674675,89.85016346,1
19:08:35,3.434,3.430207,48.66343,89.86672163,1
19:08:36,3.434,3.431174,48.67010415,89.88078237,1
19:08:37,3.434,3.431652,48.67678285,89.89362121,1
19:08:38,3.434,3.43189,48.68346155,89.90585804,1
19:08:39,3.434,3.43201,48.69014025,89.91780281,1
19:08:40,3.434,3.432073,48.69681895,89.92959857,1
19:08:41,3.435,3.432107,48.70349765,89.94400501,1
19:08:42,3.434,3.432623,48.71017635,89.95437026,1
19:08:43,3.435,3.432384,48.71685505,89.96807933,1
19:08:44,3.435,3.432766,48.72353375,89.980793,1
19:08:45,3.435,3.432957,48.73021245,89.99300003,1
19:08:46,3.435,3.433055,48.73689115,90.0049746,1
19:08:47,3.435,3.433106,48.74356985,90.01682401,1
19:08:48,3.435,3.433135,48.75024855,90.02861381,1
19:08:49,3.435,3.433153,48.75692725,90.04037976,1
19:08:50,3.435,3.433165,48.76360595,90.05212784,1
19:08:51,3.435,3.433174,48.77028465,90.06386399,1
19:08:52,3.435,3.433183,48.77696335,90.07559419,1
19:08:53,3.435,3.433191,48.78364205,90.08732438,1
19:08:54,3.435,3.433197,48.79032075,90.09905457,1
19:08:55,3.435,3.433205,48.79699945,90.11078477,1
19:08:56,3.435,3.433212,48.80367815,90.12251496,1
19:08:57,3.435,3.433219,48.81035686,90.13424516,1
19:08:58,3.435,3.433226,48.81703556,90.14596939,1
19:08:59,3.435,3.433233,48.82371426,90.15768766,1
19:09:00,3.435,3.43324,48.83039296,90.16940594,1
19:09:01,3.436,3.433247,48.83707166,90.18399715,1
19:09:02,3.438,3.43375,48.84375036,90.20292163,1
19:09:03,3.44,3.434992,48.85042906,90.22411108,1
19:09:04,3.441,3.436596,48.85710776,90.243572,1
19:09:05,3.441,3.437882,48.86378646,90.25934339,1
19:09:06,3.441,3.438518,48.87046516,90.27327299,1
19:09:07,3.441,3.438833,48.87714,90.28630257,1
19:09:08,3.441,3.438992,48.88382256,90.29889107,1
19:09:09,3.441,3.439074,48.89050126,90.31126499,1
19:09:10,3.442,3.439117,48.89717996,90.32648802,1
19:09:11,3.442,3.439638,48.90385866,90.3401792,1
19:09:12,3.442,3.439898,48.91053736,90.35312533,1
19:09:13,3.442,3.440029,48.91721606,90.36570191,1
19:09:14,3.442,3.440097,48.92389476,90.37809968,1
19:09:15,3.442,3.440134,48.93057346,90.3904,1
19:09:16,3.442,3.440156,48.93725216,90.40263891,1
19:09:17,3.442,3.44017,48.94393086,90.41486382,1
19:09:18,3.442,3.440181,48.95060956,90.4270649,1
19:09:19,3.442,3.440191,48.95728827,90.43925405,1
19:09:20,3.442,3.440198,48.96396697,90.45144916,1
19:09:21,3.442,3.440206,48.97064567,90.46363235,1
19:09:22,3.443,3.440214,48.97732437,90.47887325,1
19:09:23,3.445,3.440717,48.98400307,90.49876332,1
19:09:24,3.447,3.441959,48.99068177,90.52106142,1
19:09:25,3.449,3.443564,48.99736047,90.54459929,1
19:09:26,3.449,3.445347,49.00403917,90.56264758,1
19:09:27,3.449,3.446226,49.01071787,90.57799578,1
19:09:28,3.449,3.446661,49.01739657,90.592,1
19:09:29,3.449,3.446879,49.02407527,90.60533643,1
19:09:30,3.449,3.44699,49.03075397,90.61834216,1
19:09:31,3.45,3.447047,49.03743267,90.63435,1
19:09:32,3.45,3.447576,49.04411137,90.64869881,1
19:09:33,3.45,3.447839,49.05079007,90.66224694,1
19:09:34,3.45,3.447973,49.05746877,90.67538977,1
19:09:35,3.45,3.448042,49.06414747,90.68831801,1
19:09:36,3.45,3.44808,49.07082617,90.70114493,1
19:09:37,3.45,3.448102,49.07750487,90.71391821,1
19:09:38,3.45,3.448117,49.08418357,90.72665572,1
19:09:39,3.45,3.448128,49.09086,90.73938727,1
19:09:40,3.45,3.448138,49.09754097,90.75208902,1
19:09:41,3.45,3.448146,49.10421968,90.76479077,1
19:09:42,3.451,3.448154,49.11089838,90.78073502,1
19:09:43,3.452,3.448658,49.11757708,90.79832435,1
19:09:44,3.455,3.449404,49.12425578,90.82331657,1
19:09:45,3.456,3.451262,49.13093448,90.84553719,1
19:09:46,3.456,3.452674,49.13761318,90.86315036,1
19:09:47,3.456,3.453371,49.14429188,90.87848067,1
19:09:48,3.456,3.453717,49.15097058,90.8927083,1
19:09:49,3.457,3.453891,49.15764928,90.90969563,1
19:09:50,3.457,3.454477,49.16432798,90.9247458,1
19:09:51,3.457,3.454768,49.17100668,90.93885422,1
19:09:52,3.457,3.454915,49.17768538,90.95249,1
19:09:53,3.457,3.454991,49.18436408,90.96589088,1
19:09:54,3.457,3.455033,49.19104278,90.97917676,1
19:09:55,3.457,3.455057,49.19772148,90.99238515,1
19:09:56,3.457,3.455073,49.20440018,91.00556374,1
19:09:57,3.457,3.455085,49.21107888,91.01871848,1
19:09:58,3.457,3.455095,49.21775758,91.03184342,1
19:09:59,3.459,3.455104,49.22443628,91.0517633,1
19:10:00,3.461,3.456104,49.23111498,91.0751164,1
19:10:01,3.463,3.45759,49.23779368,91.10025167,1
19:10:02,3.463,3.459316,49.24447238,91.11952782,1
19:10:03,3.463,3.460167,49.25115108,91.13591313,1
19:10:04,3.463,3.460589,49.25782979,91.1508739,1
19:10:05,3.463,3.4608,49.26450849,91.16511345,1
19:10:06,3.464,3.460908,49.27118719,91.18245244,1
19:10:07,3.464,3.461461,49.27786589,91.19790792,1
19:10:08,3.464,3.461737,49.28454459,91.21242762,1
19:10:09,3.464,3.461877,49.29122329,91.22649431,1
19:10:10,3.464,3.461949,49.29790199,91.24030471,1
19:10:11,3.464,3.461989,49.30458,91.2539959,1
19:10:12,3.464,3.462013,49.31125939,91.26763344,1
19:10:13,3.464,3.462029,49.31793809,91.28121734,1
19:10:14,3.464,3.46204,49.32461679,91.29477143,1
19:10:15,3.467,3.46205,49.33129549,91.31886363,1
19:10:16,3.47,3.463547,49.33797419,91.34833217,1
19:10:17,3.471,3.465774,49.34465289,91.37349725,1
19:10:18,3.471,3.467367,49.35133159,91.39302969,1
19:10:19,3.471,3.468153,49.35801029,91.40980244,1
19:10:20,3.471,3.468544,49.36468899,91.42521024,1
19:10:21,3.471,3.46874,49.37136769,91.43993855,1
19:10:22,3.471,3.468841,49.37804639,91.45432711,1
19:10:23,3.471,3.468894,49.38472509,91.46854281,1
19:10:24,3.471,3.468925,49.39140379,91.48266315,1
19:10:25,3.471,3.468945,49.39808249,91.49672389,1
19:10:26,3.471,3.468958,49.4047612,91.51075482,1
19:10:27,3.473,3.468969,49.4114399,91.53197408,1
19:10:28,3.477,3.46997,49.4181186,91.56409502,1
19:10:29,3.478,3.47245,49.4247973,91.59085751,1
19:10:30,3.478,3.474168,49.431476,91.61145687,1
19:10:31,3.478,3.475016,49.4381547,91.6289866,1
19:10:32,3.479,3.475437,49.4448334,91.64862633,1
19:10:33,3.479,3.476143,49.4515121,91.66572094,1
19:10:34,3.479,3.476495,49.4581908,91.68155193,1
19:10:35,3.479,3.476672,49.4648695,91.696769,1
19:10:36,3.479,3.476763,49.4715482,91.71165824,1
19:10:37,3.479,3.476813,49.4782269,91.72636867,1
19:10:38,3.479,3.476841,49.4849056,91.74100757,1
19:10:39,3.480999,3.47686,49.4915843,91.76296592,1
19:10:40,3.484,3.477865,49.498263,91.7923,1
19:10:41,3.485,3.479851,49.5049417,91.81803465,1
19:10:42,3.485,3.481327,49.5116204,91.83833599,1
19:10:43,3.485,3.482056,49.5183,91.85597301,1
19:10:44,3.486,3.482419,49.5249778,91.87597632,1
19:10:45,3.486,3.483097,49.5316565,91.89347625,1
19:10:46,3.486,3.483435,49.5383352,91.90974832,1
19:10:47,3.486,3.483605,49.5450139,91.92538261,1
19:10:48,3.486,3.483694,49.55169261,91.94070697,1
19:10:49,3.487,3.483742,49.55837131,91.95961952,1
19:10:50,3.491,3.484266,49.56505001,91.99166894,1
19:10:51,3.492,3.486511,49.57172871,92.01902151,1
19:10:52,3.492,3.488115,49.57840741,92.04038382,1
19:10:53,3.493,3.488908,49.58508611,92.06254482,1
19:10:54,3.493,3.489797,49.59176481,92.08136201,1
19:10:55,3.493,3.490238,49.59844351,92.0985043,1
19:10:56,3.493,3.49046,49.60512221,92.11484194,1
19:10:57,3.493,3.490573,49.61180091,92.13075042,1
19:10:58,3.493,3.490633,49.61847961,92.14644432,1
19:10:59,3.493,3.490668,49.62515831,92.16202497,1
19:11:00,3.493,3.49069,49.63183701,92.17755198,1
19:11:01,3.497,3.490705,49.63851571,92.20836759,1
19:11:02,3.5,3.492702,49.64519441,92.24306345,1
19:11:03,3.5,3.495175,49.65187311,92.26826429,1
19:11:04,3.5,3.496394,49.65855181,92.28883386,1
19:11:05,3.501,3.496997,49.66523051,92.3109293,1
19:11:06,3.501,3.497794,49.67190921,92.32998,1
19:11:07,3.501,3.498191,49.67858791,92.34752059,1
19:11:08,3.504,3.49839,49.68526661,92.37592816,1
19:11:09,3.507,3.499981,49.69194531,92.40983725,1
19:11:10,3.507,3.502256,49.69862401,92.43497252,1
19:11:11,3.508,3.503377,49.70530272,92.45964885,1
19:11:12,3.508,3.50443,49.71198142,92.48022437,1
19:11:13,3.508,3.504951,49.71866012,92.49879718,1
19:11:14,3.508,3.505212,49.72533882,92.51638651,1
19:11:15,3.508,3.505345,49.73202,92.53344536,1
19:11:16,3.51,3.505416,49.73869622,92.55811572,1
19:11:17,3.514,3.506448,49.74537492,92.59446263,1
19:11:18,3.514,3.508944,49.75205362,92.62099266,1
19:11:19,3.515,3.510175,49.75873232,92.64665842,1
19:11:20,3.515,3.51128,49.76541102,92.66801476,1
19:11:21,3.515,3.511828,49.77208972,92.6872015,1
19:11:22,3.515,3.512102,49.77876842,92.70535,1
19:11:23,3.516,3.512242,49.78544712,92.72691011,1
19:11:24,3.521,3.512812,49.79212582,92.76605844,1
19:11:25,3.522,3.515578,49.79880452,92.79823899,1
19:11:26,3.522,3.517438,49.80548322,92.82303,1
19:11:27,3.523,3.518356,49.81216192,92.84818172,1
19:11:28,3.523,3.519308,49.81884062,92.86959171,1
19:11:29,3.523,3.519781,49.82551932,92.88912416,1
19:11:30,3.523,3.520019,49.83219802,92.90770292,1
19:11:31,3.527,3.520141,49.83887672,92.94182062,1
19:11:32,3.529,3.522191,49.84555542,92.97581911,1
19:11:33,3.529,3.524195,49.85223413,93.00175905,1
19:11:34,3.53,3.525185,49.85891283,93.02780628,1
19:11:35,3.53,3.526173,49.86559153,93.04987192,1
19:11:36,3.53,3.526663,49.87227023,93.06998849,1
19:11:37,3.534,3.526909,49.87894893,93.1053102,1
19:11:38,3.536,3.529021,49.88562763,93.14015508,1
19:11:39,3.537,3.531055,49.89230633,93.17090511,1
19:11:40,3.537,3.532556,49.89898503,93.19555759,1
19:11:41,3.537,3.533298,49.90566373,93.21725965,1
19:11:42,3.537,3.533669,49.91234243,93.23744774,1
19:11:43,3.542,3.533856,49.91902113,93.27725768,1
19:11:44,3.543,3.536435,49.92569983,93.31062436,1
19:11:45,3.544,3.538203,49.93237853,93.34090948,1
19:11:46,3.544,3.539573,49.93905723,93.36567,1
19:11:47,3.544,3.540252,49.94574,93.38763952,1
19:11:48,3.545,3.540591,49.95241463,93.41233969,1
19:11:49,3.551,3.54126,49.95909333,93.45895052,1
19:11:50,3.552,3.544571,49.96577203,93.49605441,1
19:11:51,3.552,3.5467,49.97245073,93.52447391,1
19:11:52,3.552,3.54775,49.97912943,93.54860783,1
19:11:53,3.552,3.548272,49.98580813,93.57061386,1
19:11:54,3.556,3.548535,49.99248683,93.60803366,1
19:11:55,3.558,3.550655,49.99916553,93.64504218,1
19:11:56,3.559,3.552694,50.00584126,93.67772341,1
19:11:57,3.559,3.554198,50.01251698,93.70426536,1
19:11:58,3.562,3.554942,50.0191927,93.74015927,1
19:11:59,3.565,3.556803,50.02586842,93.78074408,1
19:12:00,3.566,3.559211,50.03254414,93.81559491,1
19:12:01,3.566,3.560897,50.03921986,93.84346604,1
19:12:02,3.566,3.56173,50.04589558,93.86786222,1
19:12:03,3.573,3.562146,50.0525713,93.91966462,1
19:12:04,3.574,3.565831,50.05924702,93.9604044,1
19:12:05,3.574,3.568142,50.06592274,93.9914763,1
19:12:06,3.574,3.569284,50.07259846,94.01785731,1
19:12:07,3.58,3.569851,50.07927418,94.06689405,1
19:12:08,3.581,3.573114,50.0859499,94.10659075,1
19:12:09,3.581,3.575219,50.09262562,94.13748384,1
19:12:10,3.581,3.576259,50.09930134,94.1640079,1
19:12:11,3.587,3.576776,50.10597706,94.21361685,1
19:12:12,3.588,3.580015,50.11265278,94.25379038,1
19:12:13,3.588,3.582108,50.1193285,94.28526163,1
19:12:14,3.592,3.583143,50.12600422,94.32917237,1
19:12:15,3.594,3.585643,50.13267994,94.37109232,1
19:12:16,3.595,3.58787,50.13935566,94.40780282,1
19:12:17,3.595,3.589467,50.14603138,94.43782568,1
19:12:18,3.602,3.590258,50.1527071,94.49418187,1
19:12:19,3.603,3.594128,50.15938282,94.53840852,1
19:12:20,3.603,3.596532,50.16605854,94.57243681,1
19:12:21,3.609,3.597719,50.17273426,94.62689161,1
19:12:22,3.61,3.601287,50.17940998,94.67051625,1
19:12:23,3.61,3.603544,50.1860857,94.70460415,1
19:12:24,3.611,3.604658,50.19276142,94.73823309,1
19:12:25,3.616,3.605709,50.19943714,94.78868842,1
19:12:26,3.617,3.608715,50.20611286,94.8307,1
19:12:27,3.624,3.610695,50.21278858,94.89405155,1
19:12:28,3.625,3.615149,50.2194643,94.94274259,1
19:12:31,3.625,3.61784,50.22614002,94.98003721,1
19:12:32,3.631,3.619169,50.23281574,95.03732324,1
19:12:32,3.632,3.622807,50.23949146,95.08328438,1
19:12:33,3.636,3.625098,50.24616718,95.13661861,1
19:12:33,3.639,3.628216,50.2528429,95.18950582,1
19:12:36,3.639,3.631244,50.25951862,95.22950053,1
19:12:37,3.65,3.632739,50.26619434,95.31034827,1
19:12:38,3.65,3.638942,50.27287006,95.36457,1
19:12:38,3.65,3.641623,50.27937293,95.40706277,1
19:12:38,3.65,3.641901,50.28522015,95.4478085,1
19:12:41,3.65,3.643057,50.29091239,95.4834342,1
19:12:42,3.65,3.643707,50.29647946,95.51615119,1
19:12:42,3.65,3.643996,50.30191541,95.54750919,1
19:12:43,3.65,3.644222,50.30725598,95.57777643,1
19:12:43,3.65,3.644278,50.31247735,95.60772181,1
19:12:46,3.65,3.64439,50.31762123,95.63717246,1
19:12:46,3.65,3.644418,50.32266974,95.6664145,1
19:12:47,3.65,3.644491,50.32765269,95.69525123,1
19:12:47,3.65,3.644472,50.33254027,95.72411,1
19:12:48,3.65,3.644493,50.33735037,95.75285912,1
19:12:49,3.65,3.644534,50.34208894,95.78136802,1
19:12:50,3.65,3.644586,50.34677386,95.8096087,1
19:12:51,3.65,3.644558,50.3513813,95.83790898,1
19:12:52,3.65,3.644575,50.35592318,95.86604834,1
19:12:53,3.65,3.644558,50.3603816,95.89421749,1
19:12:54,3.65,3.644609,50.36478639,95.92214227,1
19:12:55,3.65,3.644609,50.3691256,95.95001936,1
19:12:56,3.65,3.644613,50.37339926,95.97783685,1
19:12:57,3.65,3.644703,50.37764907,96.00525498,1
19:12:58,3.65,3.644667,50.38182735,96.03281021,1
19:12:59,3.65,3.644681,50.38595,96.06025219,1
19:13:00,3.65,3.644635,50.38999915,96.08783126,1
19:13:01,3.65,3.6447,50.39400458,96.11505866,1
19:13:02,3.65,3.644708,50.39795637,96.14226818,1
19:13:03,3.65,3.644717,50.40185452,96.16935849,1
19:13:04,3.65,3.644695,50.40568709,96.19654417,1
19:13:05,3.65,3.644745,50.40947795,96.22343779,1
19:13:06,3.65,3.644746,50.41321516,96.25033736,1
19:13:07,3.65,3.64475,50.41689873,96.27713561,1
19:13:08,3.65,3.644756,50.42052865,96.30388618,1
19:13:09,3.65,3.644791,50.42412281,96.33049965,1
19:13:10,3.65,3.644756,50.42765141,96.35720849,1
19:13:11,3.65,3.644827,50.4311502,96.38354182,1
19:13:12,3.65,3.644839,50.43460727,96.40981555,1
19:13:13,3.65,3.644821,50.43801069,96.43613696,1
19:13:14,3.65,3.644845,50.44137836,96.46237493,1
19:13:15,3.65,3.644832,50.44469237,96.48861289,1
19:13:16,3.65,3.644916,50.44798851,96.51446939,1
19:13:17,3.65,3.644877,50.451231,96.54042125,1
19:13:18,3.65,3.644834,50.45440793,96.56653404,1
19:13:19,3.65,3.644986,50.45760274,96.59204483,1
19:13:20,3.65,3.644898,50.46072602,96.61784172,1
19:13:21,3.65,3.644915,50.46381354,96.64359093,1
19:13:22,3.65,3.644956,50.46687126,96.66913152,1
19:13:23,3.65,3.644896,50.46986341,96.69484496,1
19:13:24,3.65,3.644955,50.47282577,96.72029614,1
19:13:25,3.65,3.644932,50.47573447,96.74581885,1
19:13:26,3.65,3.645038,50.47864318,96.77091837,1
19:13:27,3.65,3.645013,50.48151612,96.79609537,1
19:13:28,3.65,3.644975,50.48433542,96.82136178,1
19:13:29,3.65,3.645018,50.48712492,96.84646726,1
19:13:30,3.65,3.645044,50.48989058,96.87139988,1
19:13:31,3.65,3.645034,50.49261451,96.89639807,1
19:13:32,3.65,3.645062,50.4953146,96.92121744,1
19:13:33,3.65,3.645081,50.49798489,96.94594741,1
19:13:34,3.65,3.645096,50.50063133,96.97060585,1
19:13:35,3.65,3.645108,50.50324798,96.99519873,1
19:13:36,3.65,3.645062,50.50581098,97.01996,1
19:13:37,3.65,3.645129,50.50836205,97.04445004,1
19:13:38,3.65,3.645139,50.51088,97.06882834,1
19:13:39,3.65,3.645149,50.51338077,97.09319472,1
19:13:40,3.65,3.645131,50.51583648,97.11756706,1
19:13:41,3.65,3.645126,50.51825643,97.14195132,1
19:13:42,3.65,3.645185,50.52065849,97.16610312,1
19:13:43,3.65,3.645163,50.5230248,97.19028,1
19:13:44,3.65,3.645214,50.52537322,97.2142458,1
19:13:45,3.65,3.645216,50.5276978,97.23821878,1
19:13:46,3.65,3.645193,50.52998066,97.26225138,1
19:13:47,3.65,3.645244,50.5322516,97.28605151,1
19:13:48,3.65,3.645217,50.53448081,97.30990529,1
19:13:49,3.65,3.645294,50.53671002,97.33346701,1
19:13:50,3.65,3.645282,50.5389154,97.35703468,1
19:13:51,3.65,3.645281,50.54109097,97.38060236,1
19:13:52,3.65,3.645285,50.54324269,97.40414023,1
19:13:53,3.65,3.645293,50.54536462,97.42766619,1
19:13:54,3.65,3.645301,50.5474627,97.45112658,1
19:13:55,3.65,3.645339,50.54954886,97.47440815,1
19:13:56,3.65,3.645363,50.55161715,97.49757051,1
19:13:57,3.65,3.645295,50.55363178,97.52095938,1
19:13:58,3.65,3.64535,50.5556345,97.54415154,1
19:13:59,3.65,3.645412,50.55763721,97.56702781,1
19:14:00,3.65,3.645335,50.55958629,97.59022593,1
19:14:01,3.65,3.645414,50.56153536,97.61307836,1
19:14:02,3.65,3.645346,50.56343,97.63620496,1
19:14:03,3.65,3.645429,50.56532621,97.65896797,1
19:14:04,3.65,3.64542,50.5671978,97.68175483,1
19:14:05,3.65,3.645506,50.56908131,97.7042079,1
19:14:06,3.65,3.645442,50.57092309,97.72687554,1
19:14:07,3.65,3.645471,50.57275295,97.74944782,1
19:14:08,3.65,3.645491,50.57457089,97.77191877,1
19:14:09,3.65,3.645478,50.57635903,97.79438972,1
19:14:10,3.65,3.645505,50.57813525,97.81674743,1
19:14:11,3.65,3.645495,50.57988763,97.83914089,1
19:14:12,3.65,3.645495,50.5816102,97.86152244,1
19:14:13,3.65,3.645586,50.5833447,97.88351059,1
19:14:14,3.65,3.645551,50.58505535,97.90567756,1
19:14:15,3.65,3.64554,50.5867362,97.92786,1
19:14:16,3.65,3.645567,50.58840513,97.9498744,1
19:14:17,3.65,3.645586,50.59006214,97.97184467,1
19:14:18,3.65,3.645601,50.59170723,97.99373746,1
19:14:19,3.65,3.645557,50.59331059,98.01579714,1
19:14:20,3.65,3.645595,50.5949,98.03767204,1
19:14:21,3.65,3.645678,50.5965054,98.05918932,1
19:14:22,3.65,3.645611,50.59806705,98.08095098,1
19:14:23,3.65,3.645668,50.59962869,98.10250401,1
19:14:24,3.65,3.645644,50.60116649,98.1241107,1
19:14:25,3.65,3.645637,50.60267448,98.14574122,1
19:14:26,3.65,3.645724,50.6041944,98.16702604,1
19:14:27,3.65,3.645688,50.60569048,98.18841815,1
19:14:28,3.65,3.645733,50.60718656,98.20965528,1
19:14:29,3.65,3.645646,50.60862899,98.23120832,1
19:14:30,3.65,3.645721,50.61007142,98.25243354,1
19:14:31,3.65,3.645763,50.61151385,98.27350974,1
19:14:32,3.65,3.645791,50.61295629,98.29445,1
19:14:33,3.65,3.645782,50.6143868,98.31539392,1
19:14:34,3.65,3.645726,50.61577559,98.33660722,1
19:14:35,3.65,3.645787,50.61716437,98.35750461,1
19:14:36,3.65,3.645824,50.61855,98.37825298,1
19:14:37,3.65,3.645848,50.61994195,98.39892983,1
19:14:38,3.65,3.645751,50.62127709,98.42000008,1
19:14:39,3.65,3.645792,50.62260032,98.44083786,1
19:14:40,3.65,3.645875,50.62393546,98.46132398,1
19:14:41,3.65,3.645808,50.62523,98.4820962,1
19:14:42,3.65,3.645893,50.62654018,98.50252867,1
19:14:43,3.65,3.645856,50.62782168,98.52306843,1
19:14:44,3.65,3.645871,50.62909126,98.54354262,1
19:14:45,3.65,3.645911,50.63036084,98.56387377,1
19:14:46,3.65,3.645938,50.63163042,98.58404398,1
19:14:47,3.65,3.645957,50.6329,98.60414267,1
19:14:48,3.65,3.645915,50.63413978,98.62442,1
19:14:49,3.65,3.645927,50.63536763,98.64464,1
19:14:50,3.65,3.645938,50.63658357,98.66480231,1
19:14:51,3.65,3.645949,50.63778758,98.68494272,1
19:14:52,3.65,3.646016,50.63900352,98.70474339,1
19:14:53,3.65,3.645942,50.64017773,98.72489572,1
19:14:54,3.65,3.645965,50.64134002,98.74489307,1
19:14:55,3.65,3.64601,50.64250231,98.76472354,1
19:14:56,3.65,3.646039,50.6436646,98.78438711,1
19:14:57,3.65,3.646001,50.64479709,98.80421758,1
19:14:58,3.65,3.646073,50.64594746,98.82374,1
19:14:59,3.65,3.646,50.6470561,98.84359837,1
19:15:00,3.65,3.646053,50.64816475,98.86320233,1
19:15:01,3.65,3.646085,50.6492734,98.88262749,1
19:15:02,3.65,3.646107,50.65038204,98.901999,1
19:15:03,3.65,3.646095,50.65147877,98.92141223,1
19:15:04,3.65,3.646065,50.65254569,98.94090891,1
19:15:05,3.65,3.646083,50.65360069,98.9603579,1
19:15:06,3.65,3.646125,50.65465569,98.9795804,1
19:15:07,3.65,3.646123,50.65569878,98.99884462,1
19:15:08,3.65,3.646184,50.65675378,99.01780486,1
19:15:09,3.65,3.646163,50.65779686,99.03689027,1
19:15:10,3.65,3.646158,50.65882802,99.0559876,1
19:15:11,3.65,3.64616,50.6598413,99.07503128,1
19:15:12,3.65,3.646166,50.66084266,99.09405112,1
19:15:13,3.65,3.646174,50.66183209,99.113065,1
19:15:14,3.65,3.64621,50.66282153,99.13190007,1
19:15:15,3.65,3.646235,50.66381097,99.15062189,1
19:15:16,3.65,3.646252,50.66480041,99.16926622,1
19:15:17,3.65,3.646237,50.66577792,99.18797612,1
19:15:18,3.65,3.646235,50.66673756,99.20665026,1
19:15:19,3.65,3.646267,50.66769719,99.22522306,1
19:15:20,3.65,3.64626,50.66864491,99.24381971,1
19:15:21,3.65,3.646232,50.66956878,99.26249385,1
19:15:22,3.65,3.646337,50.67051649,99.28074479,1
19:15:23,3.65,3.646281,50.67144036,99.29923415,1
19:15:24,3.65,3.646343,50.67237616,99.31741357,1
19:15:25,3.65,3.646352,50.67331195,99.33556914,1
19:15:26,3.65,3.646333,50.67423582,99.35384393,1
19:15:27,3.65,3.646328,50.67514181,99.37208891,1
19:15:28,3.65,3.646301,50.67602396,99.3904531,1
19:15:29,3.65,3.646349,50.67690611,99.40862656,1
19:15:30,3.65,3.646378,50.67778826,99.42662716,1
19:15:31,3.65,3.646369,50.67865849,99.44469929,1
19:15:32,3.65,3.646426,50.67954063,99.46251,1
19:15:33,3.65,3.646403,50.68041086,99.48039055,1
19:15:34,3.65,3.646454,50.68129301,99.49805737,1
19:15:35,3.65,3.646399,50.68214536,99.51596856,1
19:15:36,3.65,3.646376,50.68297386,99.53399897,1
19:15:37,3.65,3.646454,50.68381429,99.55166578,1
19:15:38,3.65,3.646441,50.68464,99.56938028,1
19:15:39,3.65,3.646467,50.6854713,99.58694577,1
19:15:40,3.65,3.646486,50.6862998,99.60443974,1
19:15:41,3.65,3.646472,50.68711638,99.62202311,1
19:15:42,3.65,3.646498,50.68793297,99.6394515,1
19:15:43,3.65,3.646516,50.68874955,99.65680838,1
19:15:44,3.65,3.646501,50.68954825,99.67423081,1
19:15:45,3.65,3.64647,50.69032311,99.69178438,1
19:15:46,3.65,3.646515,50.69109797,99.70915318,1
19:15:47,3.65,3.646513,50.69186091,99.72649,1
19:15:48,3.65,3.646546,50.69262385,99.74367619,1
19:15:49,3.65,3.646595,50.69339871,99.76067543,1
19:15:50,3.65,3.646568,50.69416165,99.77775812,1
19:15:51,3.65,3.646588,50.69492459,99.79475737,1
19:15:52,3.65,3.646603,50.69568753,99.81171489,1
19:15:53,3.65,3.646587,50.69643259,99.82870221,1
19:15:54,3.65,3.646611,50.69717765,99.84558225,1
19:15:55,3.65,3.646629,50.69792271,99.8624146,1
19:15:56,3.65,3.646642,50.69866776,99.87915158,1
19:15:57,3.65,3.646597,50.69938898,99.89609122,1
19:15:58,3.65,3.646635,50.7001102,99.91288781,1
19:15:59,3.65,3.64663,50.70081949,99.92966652,1
19:16:00,3.65,3.64666,50.70152879,99.94630218,1
19:16:01,3.65,3.64668,50.70223808,99.96287823,1
19:16:02,3.65,3.646695,50.70294738,99.97937679,1
19:16:03,3.65,3.646707,50.70365667,99.99579191,1
19:16:04,3.65,3.646718,50.70436597,100,1
19:16:05,3.65,3.646414,50.70504546,100,1
19:16:06,3.65,3.64628,50.70575476,100,1
19:16:07,3.65,3.646061,50.70642233,100,1
19:16:08,3.65,3.646073,50.7071197,100,1
19:16:09,3.65,3.645939,50.70777535,100,1
19:16:10,3.65,3.646001,50.70845485,100,1
19:16:11,3.65,3.645953,50.70912242,100,1
19:16:12,3.65,3.645981,50.70980191,100,1
19:16:13,3.65,3.645913,50.71045756,100,1
19:16:14,3.65,3.645957,50.71112514,100,1
19:16:15,3.65,3.645926,50.71178079,100,1
19:16:16,3.65,3.645907,50.71242452,100,1
19:16:17,3.65,3.645952,50.71308017,100,1
19:16:18,3.65,3.645922,50.7137239,100,1
19:16:19,3.65,3.645932,50.71436763,100,1
19:16:20,3.65,3.64591,50.71499348,100,1
19:16:21,3.65,3.645924,50.71561933,100,1
19:16:22,3.65,3.645904,50.71623325,100,1
19:16:23,3.65,3.645891,50.71683526,100,1
19:16:24,3.65,3.645997,50.71747899,100,1
19:16:25,3.65,3.64589,50.718081,100,1
19:16:26,3.65,3.645911,50.718683,100,1
19:16:27,3.65,3.645922,50.71928501,100,1
19:16:28,3.65,3.645929,50.71988702,100,1
19:16:29,3.65,3.645933,50.72048903,100,1
19:16:30,3.65,3.645935,50.72109103,100,1
19:16:31,3.65,3.645936,50.72169304,100,1
19:16:32,3.65,3.645909,50.72228312,100,1
19:16:33,3.65,3.645948,50.72289,100,1
19:16:34,3.65,3.645915,50.72347522,100,1
19:16:35,3.65,3.645895,50.72404742,100,1
19:16:36,3.65,3.645939,50.72463751,100,1
19:16:37,3.65,3.645937,50.72522759,100,1
19:16:38,3.65,3.645851,50.72577596,100,1
19:16:39,3.65,3.64594,50.72634816,100,1
19:16:40,3.65,3.645909,50.72690845,100,1
19:16:41,3.65,3.645889,50.72745681,100,1
19:16:42,3.65,3.645934,50.72801709,100,1
19:16:43,3.65,3.645904,50.72856545,100,1
19:16:44,3.65,3.645914,50.72911382,100,1
19:16:45,3.65,3.645919,50.72966218,100,1
19:16:46,3.65,3.645923,50.73021054,100,1
19:16:47,3.65,3.645924,50.73075891,100,1
19:16:48,3.65,3.645926,50.73130727,100,1
19:16:49,3.65,3.645926,50.73185563,100,1
19:16:50,3.65,3.645898,50.73239207,100,1
19:16:53,3.65,3.64588,50.73291063,100,1
19:16:54,3.65,3.645926,50.73344707,100,1
19:16:54,3.65,3.645925,50.73398352,100,1
19:16:55,3.65,3.645868,50.73449016,100,1
19:16:55,3.65,3.645946,50.7350266,100,1
19:16:56,3.65,3.645908,50.73554516,100,1
19:16:57,3.65,3.645885,50.7360518,100,1
19:16:58,3.65,3.645871,50.73654652,100,1
19:16:59,3.65,3.645862,50.73702931,100,1
19:17:00,3.65,3.645912,50.73752403,100,1
19:17:01,3.65,3.645886,50.73800683,100,1
19:17:02,3.65,3.645926,50.73850155,100,1
19:17:03,3.65,3.645894,50.73898435,100,1
19:17:04,3.65,3.645902,50.73946714,100,1
19:17:05,3.65,3.645907,50.73994994,100,1
19:17:06,3.65,3.64591,50.74043,100,1
19:17:07,3.65,3.645911,50.74091554,100,1
19:17:08,3.65,3.645912,50.74139833,100,1
19:17:09,3.65,3.645913,50.74188113,100,1
19:17:10,3.65,3.645913,50.74236393,100,1
19:17:11,3.65,3.645913,50.74284673,100,1
19:17:12,3.65,3.645913,50.74332952,100,1
19:17:13,3.65,3.645828,50.74377,100,1
19:17:14,3.65,3.645946,50.7442534,100,1
19:17:15,3.65,3.645875,50.74470639,100,1
19:17:16,3.65,3.645889,50.74515939,100,1
19:17:17,3.65,3.645925,50.7456243,100,1
19:17:18,3.65,3.645919,50.74608922,100,1
19:17:19,3.65,3.645887,50.74654222,100,1
19:17:20,3.65,3.645867,50.74698329,100,1
19:17:21,3.65,3.645854,50.74741244,100,1
19:17:22,3.65,3.645988,50.74789524,100,1
19:17:23,3.65,3.645899,50.74835,100,1
19:17:24,3.65,3.645931,50.74881315,100,1
19:17:25,3.65,3.645865,50.74925423,100,1
19:17:26,3.65,3.645881,50.7496953,100,1
19:17:27,3.65,3.645863,50.75012445,100,1
19:17:28,3.65,3.645879,50.75055361,100,1
19:17:29,3.65,3.645889,50.75098276,100,1
19:17:30,3.65,3.645923,50.75142384,100,1
19:17:31,3.65,3.645886,50.75185299,100,1
19:17:32,3.65,3.645893,50.75228214,100,1
19:17:33,3.65,3.645896,50.7527113,100,1
19:17:34,3.65,3.645898,50.75314045,100,1
19:17:35,3.65,3.645928,50.75358152,100,1
19:17:36,3.65,3.645889,50.75401068,100,1
19:17:37,3.65,3.645894,50.75443983,100,1
19:17:38,3.65,3.645869,50.7548511,100,1
19:17:39,3.65,3.645909,50.75528026,100,1
19:17:40,3.65,3.645906,50.75570941,100,1
19:17:41,3.65,3.645875,50.75612068,100,1
19:17:42,3.65,3.645856,50.75652003,100,1
19:17:43,3.65,3.645873,50.75691938,100,1
19:17:44,3.65,3.645939,50.75734854,100,1
19:17:45,3.65,3.645923,50.75777769,100,1
19:17:46,3.65,3.645913,50.75820684,100,1
19:17:47,3.65,3.645879,50.75861812,100,1
19:17:48,3.65,3.645858,50.75901747,100,1
19:17:49,3.65,3.645902,50.75942874,100,1
19:17:50,3.65,3.6459,50.75984001,100,1
19:17:51,3.65,3.645927,50.76027,100,1
19:17:52,3.65,3.645887,50.76068044,100,1
19:17:53,3.65,3.64592,50.76110959,100,1
19:17:54,3.65,3.645854,50.76151,100,1
19:17:55,3.65,3.645871,50.76190829,100,1
19:17:56,3.65,3.645824,50.7622838,100,1
19:17:57,3.65,3.645908,50.76268315,100,1
19:17:58,3.65,3.645902,50.7630825,100,1
19:17:59,3.65,3.645842,50.76345801,100,1
19:18:00,3.65,3.645862,50.76383352,100,1
19:18:01,3.65,3.645874,50.76420903,100,1
19:18:02,3.65,3.64588,50.76458454,100,1
19:18:03,3.65,3.645884,50.76496005,100,1
19:18:04,3.65,3.645886,50.76533556,100,1
19:18:05,3.65,3.645888,50.76571107,100,1
19:18:06,3.65,3.645888,50.76609,100,1
19:18:07,3.65,3.645889,50.76646209,100,1
19:18:08,3.65,3.645889,50.7668376,100,1
19:18:09,3.65,3.64586,50.76719522,100,1
19:18:10,3.65,3.6459,50.76757073,100,1
19:18:11,3.65,3.645895,50.76794624,100,1
19:18:12,3.65,3.645836,50.76829195,100,1
19:18:13,3.65,3.645884,50.76864958,100,1
19:18:14,3.65,3.645885,50.76900721,100,1
19:18:15,3.65,3.645885,50.76936483,100,1
19:18:16,3.65,3.645886,50.76972246,100,1
19:18:17,3.65,3.645914,50.77009797,100,1
19:18:18,3.65,3.645846,50.77044368,100,1
19:18:19,3.65,3.645834,50.77077746,100,1
19:18:20,3.65,3.645939,50.77115297,100,1
19:18:21,3.65,3.645889,50.7715106,100,1
19:18:22,3.65,3.645888,50.77186823,100,1
19:18:23,3.65,3.645887,50.77222586,100,1
19:18:24,3.65,3.645886,50.77258348,100,1
19:18:25,3.65,3.645829,50.77291727,100,1
19:18:26,3.65,3.645936,50.77329278,100,1
19:18:27,3.65,3.64583,50.77362657,100,1
19:18:28,3.65,3.645823,50.77394843,100,1
19:18:29,3.65,3.645846,50.7742703,100,1
19:18:30,3.65,3.645859,50.77459216,100,1
19:18:31,3.65,3.645867,50.77491403,100,1
19:18:32,3.65,3.6459,50.77524781,100,1
19:18:33,3.65,3.645864,50.77556968,100,1
19:18:34,3.65,3.645869,50.77589154,100,1
19:18:35,3.65,3.645873,50.77621341,100,1
19:18:36,3.65,3.645903,50.77654719,100,1
19:18:37,3.65,3.645865,50.77686906,100,1
19:18:38,3.65,3.64587,50.77719092,100,1
19:18:39,3.65,3.645874,50.77751279,100,1
19:18:40,3.65,3.645875,50.77783465,100,1
19:18:41,3.65,3.645876,50.77815652,100,1
19:18:42,3.65,3.645877,50.77847838,100,1
19:18:43,3.65,3.645877,50.77880025,100,1
19:18:44,3.65,3.645877,50.77912211,100,1
19:18:45,3.65,3.645877,50.77944398,100,1
19:18:46,3.65,3.645877,50.77976584,100,1
19:18:47,3.65,3.645877,50.78008771,100,1
19:18:48,3.65,3.645877,50.78040957,100,1
19:18:49,3.65,3.645877,50.78073144,100,1
19:18:50,3.65,3.645877,50.7810533,100,1
19:18:51,3.65,3.645877,50.78137517,100,1
19:18:52,3.65,3.645877,50.78169703,100,1
19:18:53,3.65,3.645848,50.78200698,100,1
19:18:54,3.65,3.645887,50.78232884,100,1
19:18:55,3.65,3.645854,50.78263879,100,1
19:18:56,3.65,3.645862,50.78294873,100,1
19:18:57,3.65,3.645896,50.7832706,100,1
19:18:58,3.65,3.645859,50.78358054,100,1
19:18:59,3.65,3.645865,50.78389049,100,1
19:19:00,3.65,3.64584,50.78418255,100,1
19:19:01,3.65,3.645882,50.78449,100,1
19:19:02,3.65,3.645907,50.78481436,100,1
19:19:03,3.65,3.645865,50.7851243,100,1
19:19:04,3.65,3.645869,50.78543425,100,1
19:19:05,3.65,3.645871,50.78574419,100,1
19:19:06,3.65,3.645843,50.78603625,100,1
19:19:07,3.65,3.645855,50.78632832,100,1
19:19:08,3.65,3.64589,50.78663826,100,1
19:19:09,3.65,3.645854,50.78693032,100,1
19:19:10,3.65,3.64589,50.78724027,100,1
19:19:11,3.65,3.645826,50.78752041,100,1
19:19:12,3.65,3.6459,50.78783,100,1
19:19:13,3.65,3.645861,50.78812242,100,1
19:19:14,3.65,3.645865,50.78841448,100,1
19:19:15,3.65,3.645895,50.78872442,100,1
19:19:16,3.65,3.645801,50.78899264,100,1
19:19:17,3.65,3.645913,50.78930259,100,1
19:19:18,3.65,3.645868,50.78959465,100,1
19:19:19,3.65,3.64584,50.78987479,100,1
19:19:20,3.65,3.645823,50.79014301,100,1
19:19:21,3.65,3.645869,50.79042315,100,1
19:19:22,3.65,3.645869,50.7907033,100,1
19:19:23,3.65,3.64584,50.79097152,100,1
19:19:24,3.65,3.645907,50.79126,100,1
19:19:25,3.65,3.645863,50.79154372,100,1
19:19:26,3.65,3.645837,50.79181194,100,1
19:19:27,3.65,3.645849,50.79208016,100,1
19:19:28,3.65,3.645856,50.79234838,100,1
19:19:29,3.65,3.64586,50.79261661,100,1
19:19:30,3.65,3.645862,50.79288,100,1
19:19:31,3.65,3.645863,50.79315305,100,1
19:19:32,3.65,3.645892,50.79343319,100,1
19:19:33,3.65,3.645854,50.79370141,100,1
19:19:34,3.65,3.645915,50.79399347,100,1
19:19:35,3.65,3.645839,50.79426169,100,1
19:19:36,3.65,3.64585,50.79452991,100,1
19:19:37,3.65,3.645856,50.79479814,100,1
19:19:38,3.65,3.64586,50.79506636,100,1
19:19:39,3.65,3.645862,50.79533458,100,1
19:19:40,3.65,3.645863,50.7956028,100,1
19:19:41,3.65,3.645864,50.79587102,100,1
19:19:42,3.65,3.645864,50.79613924,100,1
19:19:43,3.65,3.645864,50.79640746,100,1
19:19:44,3.65,3.645864,50.79667568,100,1
19:19:45,3.65,3.645864,50.7969439,100,1
19:19:46,3.65,3.645864,50.79721212,100,1
19:19:47,3.65,3.645864,50.79748034,100,1
19:19:48,3.65,3.645864,50.79775,100,1
19:19:49,3.65,3.645864,50.79801679,100,1
19:19:50,3.65,3.645864,50.79828501,100,1
19:19:51,3.65,3.645835,50.79854131,100,1
19:19:52,3.65,3.645875,50.79880953,100,1
19:19:53,3.65,3.645842,50.79906583,100,1
19:19:54,3.65,3.645879,50.79933405,100,1
19:19:55,3.65,3.645872,50.79960227,100,1
19:19:56,3.65,3.645869,50.79987049,100,1
19:19:57,3.65,3.645867,50.80013871,100,1
19:19:58,3.65,3.645865,50.80040693,100,1
19:19:59,3.65,3.645864,50.80067515,100,1
19:20:00,3.65,3.645835,50.80093145,100,1
19:20:01,3.65,3.645875,50.80119967,100,1
19:20:02,3.65,3.64587,50.80147,100,1
19:20:03,3.65,3.645838,50.8017242,100,1
19:20:04,3.65,3.645876,50.80199242,100,1
19:20:05,3.65,3.645814,50.80223,100,1
19:20:06,3.65,3.645833,50.80246925,100,1
19:20:07,3.65,3.645872,50.80272555,100,1
19:20:08,3.65,3.645839,50.80296397,100,1
19:20:09,3.65,3.645875,50.80322027,100,1
19:20:10,3.65,3.645869,50.80347657,100,1
19:20:11,3.65,3.645781,50.80369115,100,1
19:20:12,3.65,3.645896,50.80395,100,1
19:20:13,3.65,3.645882,50.80420375,100,1
19:20:14,3.65,3.645873,50.80446005,100,1
19:20:15,3.65,3.645754,50.8046627,100,1
19:20:16,3.65,3.645937,50.80493093,100,1
19:20:17,3.65,3.645878,50.80519,100,1
19:20:18,3.65,3.645785,50.8054018,100,1
19:20:19,3.65,3.645927,50.80567002,100,1
19:20:20,3.65,3.645787,50.8058846,100,1
19:20:21,3.65,3.645815,50.80609918,100,1
19:20:22,3.65,3.645916,50.80635548,100,1
19:20:23,3.65,3.645808,50.80657005,100,1
19:20:24,3.65,3.645884,50.80681,100,1
19:20:25,3.65,3.645844,50.80703497,100,1
19:20:26,3.65,3.645906,50.80729127,100,1
19:20:27,3.65,3.645887,50.80754757,100,1
19:20:28,3.65,3.645819,50.80777407,100,1
19:20:29,3.65,3.645863,50.80801249,100,1
19:20:30,3.65,3.645861,50.8082509,100,1
19:20:31,3.65,3.645774,50.80845356,100,1
19:20:32,3.65,3.645834,50.80866814,100,1
19:20:33,3.65,3.645927,50.80892444,100,1
19:20:34,3.65,3.645786,50.80912709,100,1
19:20:35,3.65,3.645898,50.80936551,100,1
19:20:36,3.65,3.645881,50.80960393,100,1
19:20:37,3.65,3.645871,50.80984235,100,1
19:20:38,3.65,3.64578,50.810045,100,1
19:20:39,3.65,3.645838,50.81025958,100,1
19:20:40,3.65,3.645816,50.81046224,100,1
19:20:41,3.65,3.645944,50.81072,100,1
19:20:42,3.65,3.645795,50.81092119,100,1
19:20:43,3.65,3.645847,50.81113577,100,1
19:20:44,3.65,3.645849,50.81135035,100,1
19:20:45,3.65,3.645823,50.811553,100,1
19:20:46,3.65,3.645834,50.81175566,100,1
19:20:47,3.65,3.645869,50.81197023,100,1
19:20:48,3.65,3.645834,50.81217289,100,1
19:20:49,3.65,3.645926,50.81241131,100,1
19:20:50,3.65,3.645812,50.81261396,100,1
19:20:51,3.65,3.645856,50.81282854,100,1
19:20:52,3.65,3.645827,50.8130312,100,1
19:20:53,3.65,3.645836,50.81323385,100,1
19:20:54,3.65,3.645842,50.81343651,100,1
19:20:55,3.65,3.645874,50.81365108,100,1
19:20:56,3.65,3.645865,50.81387,100,1
19:20:57,3.65,3.64586,50.81408024,100,1
19:20:58,3.65,3.645828,50.81428289,100,1
19:20:59,3.65,3.645837,50.81448555,100,1
19:21:00,3.65,3.645843,50.81468821,100,1
19:21:01,3.65,3.645846,50.81489086,100,1
19:21:02,3.65,3.645848,50.81509352,100,1
19:21:03,3.65,3.645849,50.8153,100,1
19:21:04,3.65,3.645878,50.81551075,100,1
19:21:05,3.65,3.645867,50.81572533,100,1
19:21:06,3.65,3.645833,50.81592798,100,1
19:21:07,3.65,3.64584,50.81613064,100,1
19:21:08,3.65,3.645844,50.81633329,100,1
19:21:09,3.65,3.645846,50.81654,100,1
19:21:10,3.65,3.645848,50.81673861,100,1
19:21:11,3.65,3.645849,50.81694126,100,1
19:21:12,3.65,3.645849,50.81714392,100,1
19:21:13,3.65,3.645849,50.81734657,100,1
19:21:14,3.65,3.645849,50.81754923,100,1
19:21:15,3.65,3.645849,50.81775188,100,1
19:21:16,3.65,3.645849,50.81795454,100,1
19:21:17,3.65,3.645849,50.81816,100,1
19:21:18,3.65,3.645849,50.81835985,100,1
19:21:19,3.65,3.645849,50.81856251,100,1
19:21:20,3.65,3.645849,50.81876516,100,1
19:21:21,3.65,3.645849,50.81896782,100,1
19:21:22,3.65,3.645849,50.81917048,100,1
19:21:23,3.65,3.645849,50.81937313,100,1
19:21:24,3.65,3.645849,50.81957579,100,1
19:21:25,3.65,3.645849,50.81978,100,1
19:21:26,3.65,3.645849,50.8199811,100,1
19:21:27,3.65,3.645849,50.82018375,100,1
19:21:28,3.65,3.645849,50.82038641,100,1
19:21:29,3.65,3.645849,50.82058907,100,1
19:21:30,3.65,3.645849,50.82079172,100,1
19:21:31,3.65,3.645849,50.82099438,100,1
19:21:32,3.65,3.645849,50.82119703,100,1
19:21:33,3.65,3.645849,50.8214,100,1
19:21:34,3.65,3.645849,50.82160234,100,1
19:21:35,3.65,3.645849,50.821805,100,1
19:21:36,3.65,3.645849,50.82200766,100,1
19:21:37,3.65,3.64582,50.82219243,100,1
19:21:38,3.65,3.64586,50.82239509,100,1
19:21:39,3.65,3.645855,50.82259774,100,1
19:21:40,3.65,3.645853,50.8228004,100,1
19:21:41,3.65,3.645851,50.82300305,100,1
19:21:42,3.65,3.64585,50.82320571,100,1
19:21:43,3.65,3.645849,50.82340837,100,1
19:21:44,3.65,3.645849,50.82361102,100,1
19:21:45,3.65,3.645849,50.82381368,100,1
19:21:46,3.65,3.645792,50.82398653,100,1
19:21:47,3.65,3.64587,50.82418919,100,1
19:21:48,3.65,3.645861,50.82439184,100,1
19:21:49,3.65,3.645856,50.8245945,100,1
19:21:50,3.65,3.645853,50.82479715,100,1
19:21:51,3.65,3.645851,50.82499981,100,1
19:21:52,3.65,3.64585,50.82520247,100,1
19:21:53,3.65,3.645821,50.82538724,100,1
19:21:54,3.65,3.64586,50.8255899,100,1
19:21:55,3.65,3.645855,50.82579255,100,1
19:21:56,3.65,3.645824,50.82598,100,1
19:21:58,3.65,3.645862,50.82617998,100,1
19:21:58,3.65,3.645771,50.82634091,100,1
19:21:59,3.65,3.645885,50.82654357,100,1
19:22:00,3.65,3.64587,50.82674623,100,1
19:22:01,3.65,3.645776,50.82690716,100,1
19:22:02,3.65,3.645888,50.82710981,100,1
19:22:03,3.65,3.645872,50.82731,100,1
19:22:04,3.65,3.645777,50.8274734,100,1
19:22:05,3.65,3.645889,50.82767606,100,1
19:22:06,3.65,3.645872,50.82787871,100,1
19:22:07,3.65,3.645862,50.82808137,100,1
19:22:08,3.65,3.645856,50.82828403,100,1
19:22:09,3.65,3.645824,50.8284688,100,1
19:22:10,3.65,3.645833,50.82865357,100,1
19:22:11,3.65,3.645867,50.82885623,100,1
19:22:12,3.65,3.645774,50.82901716,100,1
19:22:13,3.65,3.645887,50.82922,100,1
19:22:14,3.65,3.645785,50.82938075,100,1
19:22:15,3.65,3.645894,50.82958341,100,1
19:22:16,3.65,3.645846,50.82976818,100,1
19:22:17,3.65,3.645789,50.82992911,100,1
19:22:18,3.65,3.645896,50.83013177,100,1
19:22:19,3.65,3.645762,50.83028078,100,1
19:22:20,3.65,3.645823,50.83044171,100,1
19:22:21,3.65,3.645916,50.83064437,100,1
19:22:22,3.65,3.645888,50.83084702,100,1
19:22:23,3.65,3.645842,50.83103,100,1
19:22:24,3.65,3.645787,50.83119273,100,1
19:22:25,3.65,3.645895,50.83139539,100,1
19:22:26,3.65,3.645818,50.83156824,100,1
19:22:27,3.65,3.645772,50.83171725,100,1
19:22:28,3.65,3.645828,50.83187819,100,1
19:22:30,3.65,3.645833,50.83203912,100,1
19:22:30,3.65,3.645837,50.83220005,100,1
19:22:31,3.65,3.645838,50.83236098,100,1
19:22:32,3.65,3.645925,50.83256364,100,1
19:22:33,3.65,3.645864,50.83275,100,1
19:22:34,3.65,3.645771,50.83289742,100,1
19:22:35,3.65,3.645913,50.83310008,100,1
19:22:36,3.65,3.6458,50.83326101,100,1
19:22:37,3.65,3.645817,50.83342195,100,1
19:22:39,3.65,3.645799,50.83357096,100,1
19:22:39,3.65,3.645929,50.83377361,100,1
19:22:40,3.65,3.64581,50.83393455,100,1
19:22:41,3.65,3.64588,50.83411932,100,1
19:22:42,3.65,3.645808,50.83428025,100,1
19:22:43,3.65,3.645793,50.83442926,100,1
19:22:44,3.65,3.645869,50.83460212,100,1
19:22:45,3.65,3.64583,50.83476305,100,1
19:22:47,3.65,3.645806,50.83491206,100,1
19:22:48,3.65,3.645819,50.83506107,100,1
19:22:48,3.65,3.645828,50.83521008,100,1
19:22:49,3.65,3.645917,50.83539486,100,1
19:22:50,3.65,3.64583,50.83555579,100,1
19:22:52,3.65,3.645806,50.8357,100,1
19:22:52,3.65,3.645848,50.83586574,100,1
19:22:53,3.65,3.645845,50.83602667,100,1
19:22:54,3.65,3.645843,50.8361876,100,1
19:22:55,3.65,3.645871,50.83636045,100,1
19:22:56,3.65,3.645802,50.83650947,100,1
19:22:57,3.65,3.645817,50.83666,100,1
19:22:58,3.65,3.64594,50.83686113,100,1
19:22:59,3.65,3.645816,50.83702207,100,1
19:23:01,3.65,3.645798,50.83717108,100,1
19:23:01,3.65,3.645843,50.83733201,100,1
19:23:02,3.65,3.645814,50.83748102,100,1
19:23:03,3.65,3.645824,50.83763003,100,1
19:23:05,3.65,3.64583,50.83777905,100,1
19:23:05,3.65,3.645833,50.83792806,100,1
19:23:06,3.65,3.645864,50.83809,100,1
19:23:08,3.65,3.645826,50.838238,100,1
19:23:09,3.65,3.645859,50.83839893,100,1
19:23:10,3.65,3.645823,50.83854795,100,1
19:23:10,3.65,3.645829,50.83869696,100,1
19:23:11,3.65,3.645833,50.83884597,100,1
19:23:13,3.65,3.645864,50.8390069,100,1
19:23:14,3.65,3.645826,50.83915591,100,1
19:23:14,3.65,3.645831,50.83930492,100,1
19:23:15,3.65,3.645834,50.83945394,100,1
19:23:16,3.65,3.645892,50.83962679,100,1
19:23:18,3.65,3.645815,50.8397758,100,1
19:23:18,3.65,3.645824,50.83992481,100,1
19:23:19,3.65,3.64583,50.84007382,100,1
19:23:20,3.65,3.645833,50.84022284,100,1
19:23:22,3.65,3.645835,50.84037185,100,1
19:23:23,3.65,3.645836,50.84052086,100,1
19:23:23,3.65,3.645837,50.84066987,100,1
19:23:24,3.65,3.645838,50.84081888,100,1
19:23:26,3.65,3.645838,50.84096789,100,1
19:23:27,3.65,3.645838,50.84111691,100,1
19:23:27,3.65,3.645838,50.84126592,100,1
19:23:28,3.65,3.645838,50.84141493,100,1
19:23:30,3.65,3.645838,50.84156394,100,1
19:23:31,3.65,3.645838,50.84171,100,1
19:23:32,3.65,3.645838,50.84186196,100,1
19:23:32,3.65,3.645838,50.84201097,100,1
19:23:33,3.65,3.645838,50.84215999,100,1
19:23:35,3.65,3.645838,50.842309,100,1
19:23:36,3.65,3.645838,50.84245801,100,1
19:23:36,3.65,3.645838,50.84260702,100,1
19:23:37,3.65,3.645838,50.84275603,100,1
19:23:39,3.65,3.645838,50.84290504,100,1
19:23:40,3.65,3.645838,50.84305406,100,1
19:23:41,3.65,3.645838,50.84320307,100,1
19:23:41,3.65,3.645838,50.84335208,100,1
19:23:43,3.65,3.645838,50.84350109,100,1
19:23:44,3.65,3.645838,50.8436501,100,1
19:23:45,3.65,3.645838,50.84379911,100,1
19:23:45,3.65,3.645838,50.84394813,100,1
19:23:46,3.65,3.645838,50.8441,100,1
19:23:48,3.65,3.645838,50.84424615,100,1
19:23:49,3.65,3.645838,50.84439516,100,1
19:23:49,3.65,3.645838,50.84454417,100,1
19:23:50,3.65,3.645838,50.84469318,100,1
19:23:52,3.65,3.645838,50.8448422,100,1
19:23:53,3.65,3.645838,50.84499121,100,1
19:23:54,3.65,3.645838,50.84514022,100,1
19:23:54,3.65,3.645838,50.84528923,100,1
19:23:56,3.65,3.645838,50.84543824,100,1
19:23:57,3.65,3.645838,50.84558725,100,1
19:23:58,3.65,3.645838,50.84573627,100,1
19:23:58,3.65,3.645838,50.84588528,100,1
19:24:00,3.65,3.645838,50.84603429,100,1
19:24:01,3.65,3.645837,50.8461833,100,1
19:24:02,3.65,3.645838,50.84633231,100,1
19:24:03,3.65,3.645837,50.84648,100,1
19:24:04,3.65,3.645837,50.84663033,100,1
19:24:05,3.65,3.645838,50.84677935,100,1
19:24:06,3.65,3.645837,50.84692836,100,1
19:24:07,3.65,3.645837,50.84707737,100,1
19:24:07,3.65,3.645837,50.84722638,100,1
19:24:09,3.65,3.645837,50.84737539,100,1
19:24:10,3.65,3.645837,50.8475244,100,1
19:24:11,3.65,3.645837,50.84767342,100,1
19:24:12,3.65,3.645837,50.84782243,100,1
19:24:13,3.65,3.645837,50.84797144,100,1
19:24:14,3.65,3.645837,50.84812045,100,1
19:24:15,3.65,3.645837,50.84826946,100,1
19:24:16,3.65,3.645809,50.84840059,100,1
19:24:17,3.65,3.64582,50.84853172,100,1
19:24:18,3.65,3.645542,50.84853172,100,1
19:24:19,3.65,3.645655,50.84853172,100,1
19:24:20,3.65,3.645721,50.84853172,100,1
19:24:21,3.65,3.64576,50.84853172,100,1
19:24:22,3.65,3.645782,50.84853172,100,1
19:24:23,3.65,3.645796,50.84853172,100,1
19:24:24,3.65,3.645803,50.84853172,100,1
19:24:25,3.65,3.645808,50.84853172,100,1
19:24:26,3.65,3.645811,50.84853172,100,1
19:24:27,3.644,3.645813,50.84853172,99.99098182,1
19:24:28,3.642,3.643249,50.84853172,99.98478293,1
19:24:29,3.639,3.641002,50.84853172,99.97481704,1
19:24:30,3.639,3.638413,50.84853172,99.97773767,1
19:24:31,3.639,3.637147,50.84853172,99.98695254,1
19:24:32,3.639,3.63653,50.84853172,99.99924302,1
19:24:33,3.639,3.636232,50.84853172,100,1
19:24:34,3.639,3.63583,50.84853172,100,1
19:24:35,3.639,3.635579,50.84853172,100,1
19:24:36,3.639,3.635432,50.84853172,100,1
19:24:37,3.639,3.635345,50.84853172,100,1
19:24:38,3.639,3.635294,50.84853172,100,1
19:24:39,3.639,3.635264,50.84853172,100,1
19:24:40,3.638,3.635247,50.84853172,100,1
19:24:41,3.638,3.63484,50.84853172,100,1
19:24:42,3.638,3.6346,50.84853172,100,1
19:24:43,3.638,3.634459,50.84853172,100,1
19:24:44,3.638,3.634377,50.84853172,100,1
19:24:45,3.638,3.634328,50.84853172,100,1
19:24:46,3.637001,3.6343,50.84853172,100,1
19:24:47,3.635,3.633886,50.84853172,100,1
19:24:48,3.633999,3.632848,50.84853172,100,1
19:24:49,3.632,3.63184,50.84853172,100,1
19:24:50,3.632,3.630454,50.84853172,100,1
19:24:51,3.632,3.62964,50.84853172,100,1
19:24:52,3.632,3.629162,50.84853172,100,1
19:24:53,3.632,3.628881,50.84853172,100,1
19:24:54,3.632,3.628716,50.84853172,100,1
19:24:55,3.632,3.628619,50.84853172,100,1
19:24:56,3.632,3.628562,50.84853172,100,1
19:24:57,3.632,3.628529,50.84853172,100,1
19:24:58,3.632,3.628509,50.84853172,100,1
19:24:59,3.632,3.628498,50.84853172,100,1
19:25:00,3.631,3.628491,50.84853172,100,1
19:25:01,3.631,3.62809,50.84853172,100,1
19:25:02,3.631,3.627854,50.84853172,100,1
19:25:03,3.631,3.627716,50.84853172,100,1
19:25:04,3.631,3.627634,50.84853172,100,1
19:25:05,3.631,3.627586,50.84853172,100,1
19:25:06,3.631,3.627558,50.84853172,100,1
19:25:07,3.63,3.627542,50.84853172,100,1
19:25:08,3.628,3.627135,50.84853172,100,1
19:25:09,3.626,3.626101,50.84853172,99.99949932,1
19:25:10,3.625,3.624689,50.84853172,100,1
19:25:11,3.625,3.623482,50.84853172,100,1
19:25:12,3.625,3.622763,50.84853172,100,1
19:25:13,3.625,3.622341,50.84853172,100,1
19:25:14,3.625,3.622093,50.84853172,100,1
19:25:15,3.625,3.621948,50.84853172,100,1
19:25:16,3.625,3.621862,50.84853172,100,1
19:25:17,3.625,3.621812,50.84853172,100,1
19:25:18,3.625,3.621782,50.84853172,100,1
19:25:19,3.625,3.621765,50.84853172,100,1
19:25:20,3.625,3.621755,50.84853172,100,1
19:25:21,3.625,3.621749,50.84853172,100,1
19:25:22,3.625,3.621745,50.84853172,100,1
19:25:23,3.625,3.621743,50.84853172,100,1
19:25:24,3.625,3.621742,50.84853172,100,1
19:25:25,3.625,3.621741,50.84853172,100,1
19:25:26,3.624,3.621741,50.84853172,100,1
19:25:27,3.624,3.621343,50.84853172,100,1
19:25:28,3.624,3.62111,50.84853172,100,1
19:25:29,3.624,3.620973,50.84853172,100,1
19:25:30,3.624,3.620892,50.84853172,100,1
19:25:31,3.624,3.620845,50.84853172,100,1
19:25:32,3.624,3.620817,50.84853172,100,1
19:25:33,3.624,3.6208,50.84853172,100,1
19:25:34,3.623001,3.620791,50.84853172,100,1
19:25:35,3.621,3.620388,50.84853172,100,1
19:25:36,3.619,3.619357,50.84853172,99.99822378,1
19:25:37,3.618,3.617921,50.84853172,99.99861717,1
19:25:38,3.617,3.616723,50.84853172,100,1
19:25:39,3.617,3.615642,50.84853172,100,1
19:25:40,3.617,3.61498,50.84853172,100,1
19:25:41,3.617,3.614591,50.84853172,100,1
19:25:42,3.617,3.614362,50.84853172,100,1
19:25:43,3.617,3.614228,50.84853172,100,1
19:25:44,3.617,3.614149,50.84853172,100,1
19:25:45,3.617,3.614103,50.84853172,100,1
19:25:46,3.617,3.614075,50.84853172,100,1
19:25:47,3.617,3.61406,50.84853172,100,1
19:25:48,3.617,3.61405,50.84853172,100,1
19:25:49,3.617,3.614045,50.84853172,100,1
19:25:50,3.617,3.614042,50.84853172,100,1
19:25:51,3.617,3.614039,50.84853172,100,1
19:25:52,3.616,3.614038,50.84853172,100,1
19:25:53,3.616,3.61364,50.84853172,100,1
19:25:54,3.616,3.613406,50.84853172,100,1
19:25:55,3.616,3.613269,50.84853172,100,1
19:25:56,3.616,3.613188,50.84853172,100,1
19:25:57,3.616,3.613141,50.84853172,100,1
19:25:58,3.616,3.613113,50.84853172,100,1
19:25:59,3.615,3.613096,50.84853172,100,1
19:26:00,3.615,3.61269,50.84853172,100,1
19:26:01,3.613,3.612451,50.84853172,100,1
19:26:02,3.612,3.611516,50.84853172,100,1
19:26:03,3.611,3.610569,50.84853172,100,1
19:26:04,3.61,3.609616,50.84853172,100,1
19:26:05,3.61,3.608659,50.84853172,100,1
19:26:06,3.61,3.608096,50.84853172,100,1
19:26:07,3.61,3.607766,50.84853172,100,1
19:26:08,3.61,3.607572,50.84853172,100,1
19:26:09,3.61,3.607458,50.84853172,100,1
19:26:10,3.61,3.607391,50.84853172,100,1
19:26:11,3.61,3.607352,50.84853172,100,1
19:26:12,3.61,3.607329,50.84853172,100,1
19:26:13,3.61,3.607315,50.84853172,100,1
19:26:14,3.61,3.607307,50.84853172,100,1
19:26:15,3.61,3.607302,50.84853172,100,1
19:26:16,3.61,3.6073,50.84853172,100,1
19:26:17,3.61,3.607298,50.84853172,100,1
19:26:18,3.61,3.607297,50.84853172,100,1
19:26:19,3.61,3.607296,50.84853172,100,1
19:26:20,3.61,3.607296,50.84853172,100,1
19:26:21,3.61,3.607296,50.84853172,100,1
19:26:22,3.61,3.607296,50.84853172,100,1
19:26:23,3.61,3.607296,50.84853172,100,1
19:26:24,3.61,3.607296,50.84853172,100,1
19:26:25,3.61,3.607296,50.84853172,100,1
19:26:26,3.61,3.607296,50.84853172,100,1
19:26:27,3.61,3.607296,50.84853172,100,1
19:26:28,3.61,3.607296,50.84853172,100,1
19:26:29,3.61,3.607296,50.84853172,100,1
19:26:30,3.61,3.607296,50.84853172,100,1
19:26:31,3.609,3.607296,50.84853172,100,1
19:26:32,3.609,3.606898,50.84853172,100,1
19:26:33,3.609,3.606665,50.84853172,100,1
19:26:34,3.609,3.606528,50.84853172,100,1
19:26:35,3.609,3.606447,50.84853172,100,1
19:26:36,3.609,3.6064,50.84853172,100,1
19:26:37,3.609,3.606372,50.84853172,100,1
19:26:38,3.609,3.606356,50.84853172,100,1
19:26:39,3.609,3.606346,50.84853172,100,1
19:26:40,3.609,3.60634,50.84853172,100,1
19:26:41,3.609,3.606337,50.84853172,100,1
19:26:42,3.608,3.606335,50.84853172,100,1
19:26:43,3.608,3.605937,50.84853172,100,1
19:26:44,3.607,3.605703,50.84853172,100,1
19:26:45,3.605999,3.605168,50.84853172,100,1
19:26:46,3.605,3.604456,50.84853172,100,1
19:26:47,3.605,3.603641,50.84853172,100,1
19:26:48,3.604,3.603163,50.84853172,100,1
19:26:49,3.603,3.602484,50.84853172,100,1
19:26:50,3.603,3.601688,50.84853172,100,1
19:26:51,3.603,3.601221,50.84853172,100,1
19:26:52,3.603,3.600946,50.84853172,100,1
19:26:53,3.603,3.600785,50.84853172,100,1
19:26:54,3.603,3.60069,50.84853172,100,1
19:26:55,3.603,3.600635,50.84853172,100,1
19:26:56,3.603,3.600602,50.84853172,100,1
19:26:57,3.603,3.600583,50.84853172,100,1
19:26:58,3.603,3.600571,50.84853172,100,1
19:26:59,3.603,3.600565,50.84853172,100,1
19:27:00,3.603,3.600561,50.84853172,100,1
19:27:01,3.603,3.600559,50.84853172,100,1
19:27:02,3.603,3.600557,50.84853172,100,1
19:27:03,3.603,3.600556,50.84853172,100,1
19:27:04,3.603,3.600556,50.84853172,100,1
19:27:05,3.603,3.600556,50.84853172,100,1
19:27:06,3.603,3.600555,50.84853172,100,1
19:27:07,3.603,3.600555,50.84853172,100,1
19:27:08,3.603,3.600555,50.84853172,100,1
19:27:09,3.603,3.600555,50.84853172,100,1
19:27:10,3.603,3.600555,50.84853172,100,1
19:27:11,3.603,3.600555,50.84853172,100,1
19:27:12,3.603,3.600555,50.84853172,100,1
19:27:13,3.603,3.600555,50.84853172,100,1
19:27:14,3.603,3.600555,50.84853172,100,1
19:27:15,3.603,3.600555,50.84853172,100,1
19:27:16,3.602,3.600555,50.84853172,100,1
19:27:17,3.602,3.600158,50.84853172,100,1
19:27:18,3.602,3.599924,50.84853172,100,1
19:27:19,3.602,3.599787,50.84853172,100,1
19:27:20,3.602,3.599706,50.84853172,100,1
19:27:21,3.602,3.599659,50.84853172,100,1
19:27:22,3.602,3.599631,50.84853172,100,1
19:27:23,3.602,3.599615,50.84853172,100,1
19:27:24,3.602,3.599605,50.84853172,100,1
19:27:25,3.602,3.5996,50.84853172,100,1
19:27:26,3.602,3.599596,50.84853172,100,1
19:27:27,3.602,3.599594,50.84853172,100,1
19:27:28,3.602,3.599593,50.84853172,100,1
19:27:29,3.601,3.599593,50.84853172,100,1
19:27:30,3.601,3.599195,50.84853172,100,1
19:27:31,3.599,3.598961,50.84853172,100,1
19:27:32,3.599,3.59803,50.84853172,100,1
19:27:33,3.598,3.597482,50.84853172,100,1
19:27:34,3.597,3.596763,50.84853172,100,1
19:27:35,3.596,3.595944,50.84853172,100,1
19:27:36,3.595,3.595065,50.84853172,99.99967217,1
19:27:37,3.595,3.594145,50.84853172,100,1
19:27:38,3.595,3.593618,50.84853172,100,1
19:27:39,3.595,3.593301,50.84853172,100,1
19:27:40,3.595,3.593116,50.84853172,100,1
19:27:41,3.595,3.593006,50.84853172,100,1
19:27:42,3.595,3.592942,50.84853172,100,1
19:27:43,3.595,3.592905,50.84853172,100,1
19:27:44,3.595,3.592882,50.84853172,100,1
19:27:45,3.595,3.59287,50.84853172,100,1
19:27:46,3.595,3.592862,50.84853172,100,1
19:27:47,3.595,3.592857,50.84853172,100,1
19:27:48,3.595,3.592855,50.84853172,100,1
19:27:49,3.595,3.592853,50.84853172,100,1
19:27:51,3.595,3.592852,50.84853172,100,1
19:27:51,3.595,3.592852,50.84853172,100,1
19:27:52,3.595,3.592851,50.84853172,100,1
19:27:53,3.595,3.592851,50.84853172,100,1
19:27:54,3.595,3.592851,50.84853172,100,1
19:27:55,3.595,3.592851,50.84853172,100,1
19:27:56,3.595,3.592851,50.84853172,100,1
19:27:57,3.595,3.592851,50.84853172,100,1
19:27:58,3.595,3.592851,50.84853172,100,1
19:27:59,3.595,3.592851,50.84853172,100,1
19:28:00,3.595,3.592851,50.84853172,100,1
19:28:01,3.595,3.592851,50.84853172,100,1
19:28:02,3.595,3.592851,50.84853172,100,1
19:28:03,3.595,3.592851,50.84853172,100,1
19:28:04,3.595,3.592851,50.84853172,100,1
19:28:05,3.595,3.592851,50.84853172,100,1
19:28:06,3.595,3.592851,50.84853172,100,1
19:28:07,3.595,3.592851,50.84853172,100,1
19:28:08,3.595,3.592851,50.84853172,100,1
19:28:09,3.594,3.592851,50.84853172,100,1
19:28:10,3.595,3.592454,50.84853172,100,1
19:28:11,3.595,3.592618,50.84853172,100,1
19:28:12,3.594,3.592714,50.84853172,100,1
19:28:13,3.594,3.592373,50.84853172,100,1
19:28:14,3.594,3.592173,50.84853172,100,1
19:28:15,3.594,3.592056,50.84853172,100,1
19:28:16,3.594,3.591986,50.84853172,100,1
19:28:17,3.594,3.591946,50.84853172,100,1
19:28:18,3.594,3.591922,50.84853172,100,1
19:28:19,3.594,3.591908,50.84853172,100,1
19:28:20,3.594,3.5919,50.84853172,100,1
19:28:21,3.594,3.591895,50.84853172,100,1
19:28:22,3.594,3.591892,50.84853172,100,1
19:28:23,3.594,3.59189,50.84853172,100,1
19:28:24,3.594,3.591889,50.84853172,100,1
19:28:25,3.594,3.591889,50.84853172,100,1
19:28:26,3.594,3.591888,50.84853172,100,1
19:28:27,3.594,3.591888,50.84853172,100,1
19:28:28,3.594,3.591888,50.84853172,100,1
19:28:29,3.594,3.591888,50.84853172,100,1
19:28:30,3.594,3.591888,50.84853172,100,1
19:28:31,3.594,3.591888,50.84853172,100,1
19:28:32,3.594,3.591888,50.84853172,100,1
19:28:33,3.594,3.591888,50.84853172,100,1
19:28:34,3.593,3.591888,50.84853172,100,1
19:28:35,3.592,3.591491,50.84853172,100,1
19:28:36,3.592,3.59086,50.84853172,100,1
19:28:37,3.591,3.590489,50.84853172,100,1
19:28:38,3.59,3.589875,50.84853172,100,1
19:28:39,3.59,3.589116,50.84853172,100,1
19:28:40,3.589,3.588671,50.84853172,100,1
19:28:41,3.589,3.588012,50.84853172,100,1
19:28:42,3.588,3.587625,50.84853172,100,1
19:28:43,3.588,3.587,50.84853172,100,1
19:28:44,3.588,3.586633,50.84853172,100,1
19:28:45,3.588,3.586417,50.84853172,100,1
19:28:46,3.588,3.586291,50.84853172,100,1
19:28:47,3.588,3.586216,50.84853172,100,1
19:28:48,3.588,3.586173,50.84853172,100,1
19:28:49,3.588,3.586147,50.84853172,100,1
19:28:50,3.588,3.586132,50.84853172,100,1
19:28:51,3.588,3.586123,50.84853172,100,1
19:28:52,3.588,3.586118,50.84853172,100,1
19:28:53,3.588,3.586115,50.84853172,100,1
19:28:54,3.588,3.586113,50.84853172,100,1
19:28:55,3.588,3.586112,50.84853172,100,1
19:28:56,3.588,3.586111,50.84853172,100,1
19:28:57,3.588,3.586111,50.84853172,100,1
19:28:58,3.588,3.586111,50.84853172,100,1
19:28:59,3.588,3.58611,50.84853172,100,1
19:29:00,3.588,3.58611,50.84853172,100,1
19:29:01,3.588,3.58611,50.84853172,100,1
19:29:02,3.588,3.58611,50.84853172,100,1
19:29:03,3.588,3.58611,50.84853172,100,1
19:29:04,3.588,3.58611,50.84853172,100,1
19:29:05,3.588,3.58611,50.84853172,100,1
19:29:06,3.588,3.58611,50.84853172,100,1
19:29:07,3.588,3.58611,50.84853172,100,1
19:29:08,3.588,3.58611,50.84853172,100,1
19:29:09,3.588,3.58611,50.84853172,100,1
19:29:10,3.588,3.58611,50.84853172,100,1
19:29:11,3.588,3.58611,50.84853172,100,1
19:29:12,3.588,3.58611,50.84853172,100,1
19:29:13,3.588,3.58611,50.84853172,100,1
19:29:14,3.588,3.58611,50.84853172,100,1
19:29:15,3.588,3.58611,50.84853172,100,1
19:29:16,3.588,3.58611,50.84853172,100,1
19:29:17,3.588,3.58611,50.84853172,100,1
19:29:18,3.588,3.58611,50.84853172,100,1
19:29:19,3.588,3.58611,50.84853172,100,1
19:29:20,3.588,3.58611,50.84853172,100,1
19:29:21,3.588,3.58611,50.84853172,100,1
19:29:22,3.587,3.58611,50.84853172,100,1
19:29:23,3.588,3.585713,50.84853172,100,1
19:29:24,3.587,3.585877,50.84853172,100,1
19:29:25,3.587,3.585576,50.84853172,100,1
19:29:26,3.587,3.585399,50.84853172,100,1
19:29:27,3.587,3.585295,50.84853172,100,1
19:29:28,3.587,3.585234,50.84853172,100,1
19:29:29,3.587,3.585199,50.84853172,100,1
19:29:30,3.587,3.585177,50.84853172,100,1
19:29:31,3.587,3.585165,50.84853172,100,1
19:29:32,3.587,3.585158,50.84853172,100,1
19:29:33,3.587,3.585154,50.84853172,100,1
19:29:34,3.587,3.585151,50.84853172,100,1
19:29:35,3.587,3.58515,50.84853172,100,1
19:29:36,3.587,3.585149,50.84853172,100,1
19:29:37,3.587,3.585148,50.84853172,100,1
19:29:38,3.587,3.585148,50.84853172,100,1
19:29:39,3.587,3.585148,50.84853172,100,1
19:29:40,3.587,3.585148,50.84853172,100,1
19:29:41,3.587,3.585148,50.84853172,100,1
19:29:42,3.587,3.585148,50.84853172,100,1
19:29:43,3.587,3.585147,50.84853172,100,1
19:29:44,3.587,3.585148,50.84853172,100,1
19:29:45,3.587,3.585148,50.84853172,100,1
19:29:46,3.586,3.585147,50.84853172,100,1
19:29:47,3.586,3.58475,50.84853172,100,1
19:29:48,3.586,3.584517,50.84853172,100,1
19:29:49,3.585,3.58438,50.84853172,100,1
19:29:50,3.584,3.583902,50.84853172,100,1
19:29:51,3.584,3.583224,50.84853172,100,1
19:29:52,3.584,3.582826,50.84853172,100,1
19:29:53,3.583,3.582592,50.84853172,100,1
19:29:54,3.583,3.582057,50.84853172,100,1
19:29:55,3.583,3.581743,50.84853172,100,1
19:29:56,3.582,3.581558,50.84853172,100,1
19:29:57,3.582,3.581053,50.84853172,100,1
19:29:58,3.581,3.580756,50.84853172,100,1
19:29:59,3.581,3.580184,50.84853172,100,1
19:30:00,3.581,3.579848,50.84853172,100,1
19:30:01,3.581,3.579651,50.84853172,100,1
19:30:02,3.581,3.579535,50.84853172,100,1
19:30:03,3.581,3.579467,50.84853172,100,1
19:30:04,3.581,3.579427,50.84853172,100,1
19:30:05,3.581,3.579403,50.84853172,100,1
19:30:06,3.581,3.579389,50.84853172,100,1
19:30:07,3.581,3.579381,50.84853172,100,1
19:30:08,3.581,3.579376,50.84853172,100,1
19:30:09,3.581,3.579374,50.84853172,100,1
19:30:10,3.581,3.579372,50.84853172,100,1
19:30:11,3.581,3.579371,50.84853172,100,1
19:30:12,3.581,3.57937,50.84853172,100,1
19:30:13,3.581,3.57937,50.84853172,100,1
19:30:14,3.581,3.57937,50.84853172,100,1
19:30:15,3.581,3.57937,50.84853172,100,1
19:30:16,3.581,3.57937,50.84853172,100,1
19:30:17,3.581,3.57937,50.84853172,100,1
19:30:18,3.581,3.57937,50.84853172,100,1
19:30:19,3.581,3.57937,50.84853172,100,1
19:30:20,3.581,3.57937,50.84853172,100,1
19:30:21,3.581,3.57937,50.84853172,100,1
19:30:22,3.581,3.57937,50.84853172,100,1
19:30:23,3.581,3.57937,50.84853172,100,1
19:30:24,3.581,3.57937,50.84853172,100,1
19:30:25,3.581,3.57937,50.84853172,100,1
19:30:26,3.581,3.57937,50.84853172,100,1
19:30:27,3.581,3.57937,50.84853172,100,1
19:30:28,3.581,3.57937,50.84853172,100,1
19:30:29,3.581,3.57937,50.84853172,100,1
19:30:30,3.581,3.57937,50.84853172,100,1
19:30:31,3.581,3.57937,50.84853172,100,1
19:30:32,3.581,3.57937,50.84853172,100,1
19:30:33,3.581,3.57937,50.84853172,100,1
19:30:34,3.581,3.57937,50.84853172,100,1
19:30:35,3.581,3.57937,50.84853172,100,1
19:30:36,3.581,3.57937,50.84853172,100,1
19:30:37,3.581,3.57937,50.84853172,100,1
19:30:38,3.581,3.57937,50.84853172,100,1
19:30:39,3.581,3.57937,50.84853172,100,1
19:30:40,3.581,3.57937,50.84853172,100,1
19:30:41,3.581,3.57937,50.84853172,100,1
19:30:42,3.581,3.57937,50.84853172,100,1
19:30:43,3.581,3.57937,50.84853172,100,1
19:30:44,3.581,3.57937,50.84853172,100,1
19:30:45,3.581,3.57937,50.84853172,100,1
19:30:46,3.581,3.57937,50.84853172,100,1
19:30:47,3.581,3.57937,50.84853172,100,1
19:30:48,3.581,3.57937,50.84853172,100,1
19:30:49,3.581,3.57937,50.84853172,100,1
19:30:50,3.581,3.57937,50.84853172,100,1
19:30:51,3.581,3.57937,50.84853172,100,1
19:30:52,3.581,3.57937,50.84853172,100,1
19:30:53,3.581,3.57937,50.84853172,100,1
19:30:54,3.581,3.57937,50.84853172,100,1
19:30:55,3.581,3.57937,50.84853172,100,1
19:30:56,3.581,3.57937,50.84853172,100,1
19:30:57,3.581,3.57937,50.84853172,100,1
19:30:58,3.58,3.579369,50.84853172,100,1
19:30:59,3.58,3.578972,50.84853172,100,1
19:31:00,3.581,3.578739,50.84853172,100,1
19:31:01,3.581,3.578999,50.84853172,100,1
19:31:02,3.581,3.579152,50.84853172,100,1
19:31:03,3.581,3.579242,50.84853172,100,1
19:31:04,3.58,3.579294,50.84853172,100,1
19:31:05,3.58,3.578928,50.84853172,100,1
19:31:06,3.58,3.578713,50.84853172,100,1
19:31:07,3.58,3.578587,50.84853172,100,1
19:31:08,3.58,3.578512,50.84853172,100,1
19:31:09,3.58,3.578469,50.84853172,100,1
19:31:10,3.58,3.578443,50.84853172,100,1
19:31:11,3.58,3.578428,50.84853172,100,1
19:31:12,3.58,3.578419,50.84853172,100,1
19:31:13,3.58,3.578414,50.84853172,100,1
19:31:14,3.58,3.578411,50.84853172,100,1
19:31:15,3.58,3.578409,50.84853172,100,1
19:31:16,3.58,3.578408,50.84853172,100,1
19:31:17,3.58,3.578408,50.84853172,100,1
19:31:18,3.58,3.578407,50.84853172,100,1
19:31:19,3.58,3.578407,50.84853172,100,1
19:31:20,3.58,3.578407,50.84853172,100,1
19:31:21,3.58,3.578407,50.84853172,100,1
19:31:22,3.58,3.578407,50.84853172,100,1
19:31:23,3.58,3.578407,50.84853172,100,1
19:31:24,3.58,3.578407,50.84853172,100,1
19:31:25,3.58,3.578407,50.84853172,100,1
19:31:26,3.58,3.578407,50.84853172,100,1
19:31:27,3.58,3.578407,50.84853172,100,1
19:31:28,3.58,3.578407,50.84853172,100,1
19:31:29,3.58,3.578407,50.84853172,100,1
19:31:30,3.58,3.578407,50.84853172,100,1
19:31:31,3.58,3.578407,50.84853172,100,1
19:31:32,3.58,3.578407,50.84853172,100,1
19:31:33,3.58,3.578407,50.84853172,100,1
19:31:34,3.579,3.578407,50.84853172,100,1
19:31:35,3.579,3.57801,50.84853172,100,1
19:31:36,3.579,3.577776,50.84853172,100,1
19:31:37,3.579,3.577639,50.84853172,100,1
19:31:38,3.578,3.577559,50.84853172,100,1
19:31:39,3.578,3.577114,50.84853172,100,1
19:31:40,3.578,3.576853,50.84853172,100,1
19:31:41,3.578,3.576699,50.84853172,100,1
19:31:42,3.577,3.576609,50.84853172,100,1
19:31:43,3.576,3.576159,50.84853172,99.99920726,1
19:31:44,3.576,3.575481,50.84853172,100,1
19:31:45,3.576,3.575115,50.84853172,100,1
19:31:46,3.575,3.574884,50.84853172,100,1
19:31:47,3.575,3.574351,50.84853172,100,1
19:31:48,3.575,3.574038,50.84853172,100,1
19:31:49,3.574,3.573854,50.84853172,100,1
19:31:50,3.574,3.573349,50.84853172,100,1
19:31:51,3.574,3.573052,50.84853172,100,1
19:31:52,3.574,3.572877,50.84853172,100,1
19:31:53,3.574,3.572775,50.84853172,100,1
19:31:54,3.574,3.572714,50.84853172,100,1
19:31:55,3.574,3.572679,50.84853172,100,1
19:31:56,3.574,3.572658,50.84853172,100,1
19:31:57,3.574,3.572646,50.84853172,100,1
19:31:58,3.574,3.572639,50.84853172,100,1
19:31:59,3.574,3.572635,50.84853172,100,1
19:32:00,3.574,3.572632,50.84853172,100,1
19:32:01,3.574,3.572631,50.84853172,100,1
19:32:02,3.574,3.57263,50.84853172,100,1
19:32:03,3.574,3.572629,50.84853172,100,1
19:32:04,3.574,3.572629,50.84853172,100,1
19:32:05,3.574,3.572629,50.84853172,100,1
19:32:06,3.574,3.572629,50.84853172,100,1
19:32:07,3.574,3.572629,50.84853172,100,1
19:32:08,3.574,3.572629,50.84853172,100,1
19:32:09,3.574,3.572629,50.84853172,100,1
19:32:10,3.574,3.572629,50.84853172,100,1
19:32:11,3.574,3.572629,50.84853172,100,1
19:32:12,3.574,3.572629,50.84853172,100,1
19:32:13,3.574,3.572629,50.84853172,100,1
19:32:14,3.574,3.572628,50.84853172,100,1
19:32:15,3.574,3.572629,50.84853172,100,1
19:32:16,3.574,3.572629,50.84853172,100,1
19:32:17,3.574,3.572629,50.84853172,100,1
19:32:18,3.574,3.572628,50.84853172,100,1
19:32:19,3.574,3.572629,50.84853172,100,1
19:32:20,3.574,3.572629,50.84853172,100,1
19:32:21,3.574,3.572628,50.84853172,100,1
19:32:22,3.574,3.572629,50.84853172,100,1
19:32:23,3.574,3.572629,50.84853172,100,1
19:32:24,3.574,3.572629,50.84853172,100,1
19:32:25,3.574,3.572628,50.84853172,100,1
19:32:26,3.574,3.572629,50.84853172,100,1
19:32:27,3.574,3.572629,50.84853172,100,1
19:32:28,3.574,3.572628,50.84853172,100,1
19:32:29,3.574,3.572629,50.84853172,100,1
19:32:30,3.574,3.572629,50.84853172,100,1
19:32:31,3.574,3.572629,50.84853172,100,1
19:32:32,3.574,3.572628,50.84853172,100,1
19:32:33,3.574,3.572629,50.84853172,100,1
19:32:34,3.574,3.572629,50.84853172,100,1
19:32:35,3.574,3.572628,50.84853172,100,1
19:32:36,3.574,3.572629,50.84853172,100,1
19:32:37,3.574,3.572629,50.84853172,100,1
19:32:38,3.574,3.572628,50.84853172,100,1
19:32:39,3.574,3.572629,50.84853172,100,1
19:32:40,3.574,3.572629,50.84853172,100,1
19:32:41,3.574,3.572628,50.84853172,100,1
19:32:42,3.574,3.572629,50.84853172,100,1
19:32:43,3.574,3.572629,50.84853172,100,1
19:32:44,3.574,3.572629,50.84853172,100,1
19:32:45,3.574,3.572628,50.84853172,100,1
19:32:46,3.574,3.572629,50.84853172,100,1
19:32:47,3.574,3.572629,50.84853172,100,1
19:32:48,3.574,3.572628,50.84853172,100,1
19:32:49,3.574,3.572629,50.84853172,100,1
19:32:50,3.574,3.572629,50.84853172,100,1
19:32:51,3.574,3.572628,50.84853172,100,1
19:32:52,3.574,3.572629,50.84853172,100,1
19:32:53,3.574,3.572629,50.84853172,100,1
19:32:54,3.574,3.572628,50.84853172,100,1
19:32:55,3.574,3.572629,50.84853172,100,1
19:32:56,3.574,3.572629,50.84853172,100,1
19:32:57,3.574,3.572629,50.84853172,100,1
19:32:58,3.574,3.572628,50.84853172,100,1
19:32:59,3.574,3.572629,50.84853172,100,1
19:33:00,3.574,3.572629,50.84853172,100,1
19:33:01,3.574,3.572628,50.84853172,100,1
19:33:02,3.574,3.572629,50.84853172,100,1
19:33:03,3.574,3.572629,50.84853172,100,1
19:33:04,3.574,3.572628,50.84853172,100,1
19:33:05,3.573,3.572629,50.84853172,100,1
19:33:06,3.573,3.572232,50.84853172,100,1
19:33:07,3.574,3.571998,50.84853172,100,1
19:33:08,3.574,3.572258,50.84853172,100,1
19:33:09,3.573,3.572411,50.84853172,100,1
19:33:10,3.573,3.572104,50.84853172,100,1
19:33:11,3.573,3.571923,50.84853172,100,1
19:33:12,3.573,3.571817,50.84853172,100,1
19:33:13,3.573,3.571755,50.84853172,100,1
19:33:14,3.573,3.571718,50.84853172,100,1
19:33:15,3.573,3.571697,50.84853172,100,1
19:33:16,3.573,3.571684,50.84853172,100,1
19:33:17,3.573,3.571677,50.84853172,100,1
19:33:18,3.573,3.571672,50.84853172,100,1
19:33:19,3.573,3.57167,50.84853172,100,1
19:33:20,3.573,3.571668,50.84853172,100,1
19:33:21,3.573,3.571667,50.84853172,100,1
19:33:22,3.573,3.571667,50.84853172,100,1
19:33:23,3.573,3.571667,50.84853172,100,1
19:33:24,3.573,3.571666,50.84853172,100,1
19:33:25,3.573,3.571666,50.84853172,100,1
19:33:26,3.573,3.571666,50.84853172,100,1
19:33:27,3.573,3.571666,50.84853172,100,1
19:33:28,3.573,3.571666,50.84853172,100,1
19:33:29,3.573,3.571666,50.84853172,100,1
19:33:30,3.573,3.571666,50.84853172,100,1
19:33:31,3.573,3.571666,50.84853172,100,1
19:33:32,3.573,3.571666,50.84853172,100,1
19:33:33,3.573,3.571666,50.84853172,100,1
19:33:34,3.573,3.571666,50.84853172,100,1
19:33:35,3.573,3.571666,50.84853172,100,1
19:33:36,3.573,3.571666,50.84853172,100,1
19:33:37,3.573,3.571666,50.84853172,100,1
19:33:38,3.573,3.571666,50.84853172,100,1
19:33:39,3.573,3.571666,50.84853172,100,1
19:33:40,3.573,3.571666,50.84853172,100,1
19:33:41,3.573,3.571666,50.84853172,100,1
19:33:42,3.573,3.571666,50.84853172,100,1
19:33:43,3.573,3.571666,50.84853172,100,1
19:33:44,3.573,3.571666,50.84853172,100,1
19:33:45,3.572,3.571666,50.84853172,100,1
19:33:46,3.572,3.571269,50.84853172,100,1
19:33:47,3.572,3.571036,50.84853172,100,1
19:33:48,3.572,3.570899,50.84853172,100,1
19:33:49,3.572,3.570818,50.84853172,100,1
19:33:50,3.572,3.570771,50.84853172,100,1
19:33:51,3.571,3.570743,50.84853172,100,1
19:33:52,3.571,3.570329,50.84853172,100,1
19:33:53,3.571,3.570086,50.84853172,100,1
19:33:54,3.571,3.569943,50.84853172,100,1
19:33:55,3.57,3.569859,50.84853172,100,1
19:33:56,3.57,3.569413,50.84853172,100,1
19:33:57,3.569,3.569151,50.84853172,99.99924898,1
19:33:58,3.569,3.568584,50.84853172,100,1
19:33:59,3.569,3.568281,50.84853172,100,1
19:34:00,3.568,3.568089,50.84853172,99.99955893,1
19:34:01,3.568,3.56757,50.84853172,100,1
19:34:02,3.568,3.567282,50.84853172,100,1
19:34:03,3.568,3.567105,50.84853172,100,1
19:34:04,3.567,3.567,50.84853172,100,1
19:34:05,3.567,3.566541,50.84853172,100,1
19:34:06,3.567,3.566272,50.84853172,100,1
19:34:07,3.567,3.566114,50.84853172,100,1
19:34:08,3.566,3.566021,50.84853172,99.99989867,1
19:34:09,3.566,3.565567,50.84853172,100,1
19:34:10,3.566,3.565304,50.84853172,100,1
19:34:11,3.566,3.565148,50.84853172,100,1
19:34:12,3.566,3.565056,50.84853172,100,1
19:34:13,3.566,3.565002,50.84853172,100,1
19:34:14,3.566,3.56497,50.84853172,100,1
19:34:15,3.566,3.564952,50.84853172,100,1
19:34:16,3.566,3.564941,50.84853172,100,1
19:34:17,3.566,3.564935,50.84853172,100,1
19:34:18,3.566,3.564931,50.84853172,100,1
19:34:19,3.566,3.564929,50.84853172,100,1
19:34:20,3.566,3.564927,50.84853172,100,1
19:34:21,3.566,3.564927,50.84853172,100,1
19:34:22,3.566,3.564926,50.84853172,100,1
19:34:23,3.566,3.564926,50.84853172,100,1
19:34:24,3.566,3.564926,50.84853172,100,1
19:34:25,3.566,3.564925,50.84853172,100,1
19:34:26,3.566,3.564925,50.84853172,100,1
19:34:27,3.566,3.564925,50.84853172,100,1
19:34:28,3.566,3.564925,50.84853172,100,1
19:34:29,3.566,3.564925,50.84853172,100,1
19:34:30,3.566,3.564925,50.84853172,100,1
19:34:31,3.566,3.564925,50.84853172,100,1
19:34:32,3.566,3.564925,50.84853172,100,1
19:34:33,3.566,3.564925,50.84853172,100,1
19:34:34,3.566,3.564925,50.84853172,100,1
19:34:35,3.566,3.564925,50.84853172,100,1
19:34:36,3.566,3.564925,50.84853172,100,1
19:34:37,3.566,3.564925,50.84853172,100,1
19:34:38,3.566,3.564925,50.84853172,100,1
19:34:39,3.566,3.564925,50.84853172,100,1
19:34:40,3.566,3.564925,50.84853172,100,1
19:34:41,3.566,3.564925,50.84853172,100,1
19:34:42,3.566,3.564925,50.84853172,100,1
19:34:43,3.566,3.564925,50.84853172,100,1
19:34:44,3.566,3.564925,50.84853172,100,1
19:34:45,3.566,3.564925,50.84853172,100,1
19:34:46,3.566,3.564925,50.84853172,100,1
19:34:47,3.566,3.564925,50.84853172,100,1
19:34:48,3.566,3.564925,50.84853172,100,1
19:34:49,3.566,3.564925,50.84853172,100,1
19:34:50,3.566,3.564925,50.84853172,100,1
19:34:51,3.566,3.564925,50.84853172,100,1
19:34:52,3.566,3.564925,50.84853172,100,1
19:34:53,3.566,3.564925,50.84853172,100,1
19:34:54,3.566,3.564925,50.84853172,100,1
19:34:55,3.566,3.564925,50.84853172,100,1
19:34:56,3.566,3.564925,50.84853172,100,1
19:34:57,3.566,3.564925,50.84853172,100,1
19:34:58,3.566,3.564925,50.84853172,100,1
19:34:59,3.566,3.564925,50.84853172,100,1
19:35:00,3.566,3.564925,50.84853172,100,1
19:35:01,3.566,3.564925,50.84853172,100,1
19:35:02,3.566,3.564925,50.84853172,100,1
19:35:03,3.566,3.564925,50.84853172,100,1
19:35:04,3.566,3.564925,50.84853172,100,1
19:35:05,3.566,3.564925,50.84853172,100,1
19:35:06,3.566,3.564925,50.84853172,100,1
19:35:07,3.566,3.564925,50.84853172,100,1
19:35:08,3.566,3.564925,50.84853172,100,1
19:35:09,3.566,3.564925,50.84853172,100,1
19:35:10,3.566,3.564925,50.84853172,100,1
19:35:11,3.566,3.564925,50.84853172,100,1
19:35:12,3.566,3.564925,50.84853172,100,1
19:35:13,3.566,3.564925,50.84853172,100,1
19:35:14,3.566,3.564925,50.84853172,100,1
19:35:15,3.566,3.564925,50.84853172,100,1
19:35:16,3.566,3.564925,50.84853172,100,1
19:35:17,3.566,3.564925,50.84853172,100,1
19:35:18,3.566,3.564925,50.84853172,100,1
19:35:19,3.566,3.564925,50.84853172,100,1
19:35:20,3.566,3.564925,50.84853172,100,1
19:35:21,3.566,3.564925,50.84853172,100,1
19:35:22,3.566,3.564925,50.84853172,100,1
19:35:23,3.566,3.564925,50.84853172,100,1
19:35:24,3.566,3.564925,50.84853172,100,1
19:35:25,3.566,3.564925,50.84853172,100,1
19:35:26,3.566,3.564925,50.84853172,100,1
19:35:27,3.566,3.564925,50.84853172,100,1
19:35:28,3.566,3.564925,50.84853172,100,1
19:35:29,3.566,3.564925,50.84853172,100,1
19:35:30,3.566,3.564925,50.84853172,100,1
19:35:31,3.566,3.564925,50.84853172,100,1
19:35:32,3.566,3.564925,50.84853172,100,1
19:35:33,3.566,3.564925,50.84853172,100,1
19:35:34,3.566,3.564925,50.84853172,100,1
19:35:35,3.566,3.564925,50.84853172,100,1
19:35:36,3.566,3.564925,50.84853172,100,1
19:35:37,3.566,3.564925,50.84853172,100,1
19:35:38,3.566,3.564925,50.84853172,100,1
19:35:39,3.566,3.564925,50.84853172,100,1
19:35:40,3.566,3.564925,50.84853172,100,1
19:35:41,3.566,3.564925,50.84853172,100,1
19:35:42,3.566,3.564925,50.84853172,100,1
19:35:43,3.566,3.564925,50.84853172,100,1
19:35:44,3.566,3.564925,50.84853172,100,1
19:35:45,3.566,3.564925,50.84853172,100,1
19:35:46,3.566,3.564925,50.84853172,100,1
19:35:47,3.566,3.564925,50.84853172,100,1
19:35:48,3.566,3.564925,50.84853172,100,1
19:35:49,3.565,3.564925,50.84853172,100,1
19:35:50,3.565,3.564528,50.84853172,100,1
19:35:51,3.565,3.564295,50.84853172,100,1
19:35:52,3.566,3.564158,50.84853172,100,1
19:35:53,3.565,3.564474,50.84853172,100,1
19:35:54,3.565,3.564263,50.84853172,100,1
19:35:55,3.566,3.564139,50.84853172,100,1
19:35:56,3.565,3.564464,50.84853172,100,1
19:35:57,3.565,3.564257,50.84853172,100,1
19:35:58,3.565,3.564135,50.84853172,100,1
19:35:59,3.565,3.564064,50.84853172,100,1
19:36:00,3.565,3.564022,50.84853172,100,1
19:36:01,3.565,3.563998,50.84853172,100,1
19:36:02,3.565,3.563983,50.84853172,100,1
19:36:03,3.565,3.563975,50.84853172,100,1
19:36:04,3.565,3.56397,50.84853172,100,1
19:36:05,3.565,3.563967,50.84853172,100,1
19:36:06,3.565,3.563965,50.84853172,100,1
19:36:07,3.565,3.563964,50.84853172,100,1
19:36:08,3.565,3.563963,50.84853172,100,1
19:36:09,3.565,3.563963,50.84853172,100,1
19:36:10,3.565,3.563963,50.84853172,100,1
19:36:11,3.565,3.563963,50.84853172,100,1
19:36:12,3.565,3.563963,50.84853172,100,1
19:36:13,3.565,3.563962,50.84853172,100,1
19:36:14,3.565,3.563962,50.84853172,100,1
19:36:15,3.565,3.563962,50.84853172,100,1
19:36:16,3.565,3.563963,50.84853172,100,1
19:36:17,3.565,3.563962,50.84853172,100,1
19:36:18,3.565,3.563962,50.84853172,100,1
19:36:19,3.565,3.563963,50.84853172,100,1
19:36:20,3.565,3.563962,50.84853172,100,1
19:36:21,3.565,3.563962,50.84853172,100,1
19:36:22,3.565,3.563962,50.84853172,100,1
19:36:23,3.565,3.563963,50.84853172,100,1
19:36:24,3.565,3.563962,50.84853172,100,1
19:36:25,3.565,3.563962,50.84853172,100,1
19:36:26,3.565,3.563962,50.84853172,100,1
19:36:27,3.565,3.563963,50.84853172,100,1
19:36:28,3.565,3.563962,50.84853172,100,1
19:36:29,3.565,3.563962,50.84853172,100,1
19:36:30,3.565,3.563963,50.84853172,100,1
19:36:31,3.565,3.563962,50.84853172,100,1
19:36:32,3.565,3.563962,50.84853172,100,1
19:36:33,3.565,3.563962,50.84853172,100,1
19:36:34,3.565,3.563963,50.84853172,100,1
19:36:35,3.565,3.563962,50.84853172,100,1
19:36:36,3.565,3.563962,50.84853172,100,1
19:36:37,3.565,3.563962,50.84853172,100,1
19:36:38,3.565,3.563963,50.84853172,100,1
19:36:39,3.565,3.563962,50.84853172,100,1
19:36:40,3.565,3.563962,50.84853172,100,1
19:36:41,3.565,3.563962,50.84853172,100,1
19:36:42,3.565,3.563963,50.84853172,100,1
19:36:43,3.565,3.563962,50.84853172,100,1
19:36:44,3.565,3.563962,50.84853172,100,1
19:36:45,3.565,3.563963,50.84853172,100,1
19:36:46,3.565,3.563962,50.84853172,100,1
19:36:47,3.565,3.563962,50.84853172,100,1
19:36:48,3.564,3.563962,50.84853172,100,1
19:36:49,3.564,3.563565,50.84853172,100,1
19:36:50,3.564,3.563332,50.84853172,100,1
19:36:51,3.564,3.563195,50.84853172,100,1
19:36:52,3.564,3.563114,50.84853172,100,1
19:36:53,3.564,3.563067,50.84853172,100,1
19:36:54,3.564,3.563039,50.84853172,100,1
19:36:55,3.564,3.563022,50.84853172,100,1
19:36:56,3.564,3.563013,50.84853172,100,1
19:36:57,3.564,3.563007,50.84853172,100,1
19:36:58,3.564,3.563004,50.84853172,100,1
19:36:59,3.563,3.563002,50.84853172,99.99998808,1
19:37:00,3.563,3.562603,50.84853172,100,1
19:37:01,3.563,3.56237,50.84853172,100,1
19:37:02,3.563,3.562232,50.84853172,100,1
19:37:03,3.562,3.562152,50.84853172,99.99924302,1
19:37:04,3.563,3.561692,50.84853172,100,1
19:37:05,3.562,3.561849,50.84853172,100,1
19:37:06,3.562,3.561529,50.84853172,100,1
19:37:07,3.562,3.561341,50.84853172,100,1
19:37:08,3.561,3.561231,50.84853172,99.99884963,1
19:37:09,3.561,3.560746,50.84853172,100,1
19:37:10,3.561,3.560507,50.84853172,100,1
19:37:11,3.561,3.560344,50.84853172,100,1
19:37:12,3.56,3.560248,50.84853172,99.99876618,1
19:37:13,3.56,3.559769,50.84853172,99.99991655,1
19:37:14,3.56,3.559535,50.84853172,100,1
19:37:15,3.56,3.559377,50.84853172,100,1
19:37:16,3.56,3.559282,50.84853172,100,1
19:37:17,3.56,3.559227,50.84853172,100,1
19:37:18,3.559,3.559194,50.84853172,99.99902844,1
19:37:19,3.559,3.558758,50.84853172,100,1
19:37:20,3.559,3.558541,50.84853172,100,1
19:37:21,3.559,3.558394,50.84853172,100,1
19:37:22,3.559,3.558307,50.84853172,100,1
19:37:23,3.559,3.558257,50.84853172,100,1
19:37:24,3.559,3.558227,50.84853172,100,1
19:37:25,3.559,3.558209,50.84853172,100,1
19:37:26,3.559,3.558199,50.84853172,100,1
19:37:27,3.559,3.558193,50.84853172,100,1
19:37:28,3.559,3.55819,50.84853172,100,1
19:37:29,3.559,3.558187,50.84853172,100,1
19:37:30,3.559,3.558186,50.84853172,100,1
19:37:31,3.559,3.558186,50.84853172,100,1
19:37:32,3.559,3.558185,50.84853172,100,1
19:37:33,3.559,3.558185,50.84853172,100,1
19:37:34,3.559,3.558185,50.84853172,100,1
19:37:35,3.559,3.558185,50.84853172,100,1
19:37:36,3.559,3.558185,50.84853172,100,1
19:37:37,3.559,3.558185,50.84853172,100,1
19:37:38,3.559,3.558185,50.84853172,100,1
19:37:39,3.559,3.558185,50.84853172,100,1
19:37:40,3.559,3.558185,50.84853172,100,1
19:37:41,3.559,3.558185,50.84853172,100,1
19:37:42,3.559,3.558185,50.84853172,100,1
19:37:43,3.559,3.558185,50.84853172,100,1
19:37:44,3.559,3.558185,50.84853172,100,1
19:37:45,3.559,3.558185,50.84853172,100,1
19:37:46,3.559,3.558185,50.84853172,100,1
19:37:47,3.559,3.558184,50.84853172,100,1
19:37:48,3.559,3.558185,50.84853172,100,1
19:37:49,3.559,3.558185,50.84853172,100,1
19:37:50,3.559,3.558185,50.84853172,100,1
19:37:51,3.559,3.558185,50.84853172,100,1
19:37:52,3.559,3.558185,50.84853172,100,1
19:37:53,3.559,3.558184,50.84853172,100,1
19:37:54,3.559,3.558185,50.84853172,100,1
19:37:55,3.559,3.558185,50.84853172,100,1
19:37:56,3.559,3.558185,50.84853172,100,1
19:37:57,3.559,3.558185,50.84853172,100,1
19:37:58,3.559,3.558184,50.84853172,100,1
19:37:59,3.559,3.558185,50.84853172,100,1
19:38:00,3.559,3.558185,50.84853172,100,1
19:38:01,3.559,3.558185,50.84853172,100,1
19:38:02,3.559,3.558185,50.84853172,100,1
19:38:03,3.559,3.558185,50.84853172,100,1
19:38:04,3.559,3.558184,50.84853172,100,1
19:38:05,3.559,3.558185,50.84853172,100,1
19:38:06,3.559,3.558185,50.84853172,100,1
19:38:07,3.559,3.558185,50.84853172,100,1
19:38:08,3.559,3.558185,50.84853172,100,1
19:38:09,3.559,3.558184,50.84853172,100,1
19:38:10,3.559,3.558185,50.84853172,100,1
19:38:11,3.559,3.558185,50.84853172,100,1
19:38:12,3.559,3.558185,50.84853172,100,1
19:38:13,3.559,3.558185,50.84853172,100,1
19:38:14,3.559,3.558185,50.84853172,100,1
19:38:15,3.559,3.558184,50.84853172,100,1
19:38:16,3.559,3.558185,50.84853172,100,1
19:38:17,3.559,3.558185,50.84853172,100,1
19:38:18,3.559,3.558185,50.84853172,100,1
19:38:19,3.559,3.558185,50.84853172,100,1
19:38:20,3.559,3.558184,50.84853172,100,1
19:38:21,3.559,3.558185,50.84853172,100,1
19:38:22,3.559,3.558185,50.84853172,100,1
19:38:23,3.559,3.558185,50.84853172,100,1
19:38:24,3.559,3.558185,50.84853172,100,1
19:38:25,3.559,3.558185,50.84853172,100,1
19:38:26,3.559,3.558184,50.84853172,100,1
19:38:27,3.559,3.558185,50.84853172,100,1
19:38:28,3.559,3.558185,50.84853172,100,1
19:38:29,3.559,3.558185,50.84853172,100,1
19:38:30,3.559,3.558185,50.84853172,100,1
19:38:31,3.559,3.558184,50.84853172,100,1
19:38:32,3.559,3.558185,50.84853172,100,1
19:38:33,3.559,3.558185,50.84853172,100,1
19:38:34,3.559,3.558185,50.84853172,100,1
19:38:35,3.559,3.558185,50.84853172,100,1
19:38:36,3.559,3.558185,50.84853172,100,1
19:38:37,3.559,3.558184,50.84853172,100,1
19:38:38,3.559,3.558185,50.84853172,100,1
19:38:39,3.559,3.558185,50.84853172,100,1
19:38:40,3.559,3.558185,50.84853172,100,1
19:38:41,3.559,3.558185,50.84853172,100,1
19:38:42,3.559,3.558185,50.84853172,100,1
19:38:43,3.559,3.558184,50.84853172,100,1
19:38:44,3.559,3.558185,50.84853172,100,1
19:38:45,3.559,3.558185,50.84853172,100,1
19:38:46,3.559,3.558185,50.84853172,100,1
19:38:47,3.559,3.558185,50.84853172,100,1
19:38:48,3.559,3.558184,50.84853172,100,1
19:38:49,3.559,3.558185,50.84853172,100,1
19:38:50,3.559,3.558185,50.84853172,100,1
19:38:51,3.559,3.558185,50.84853172,100,1
19:38:52,3.559,3.558185,50.84853172,100,1
19:38:53,3.559,3.558185,50.84853172,100,1
19:38:54,3.559,3.558184,50.84853172,100,1
19:38:55,3.559,3.558185,50.84853172,100,1
19:38:56,3.559,3.558185,50.84853172,100,1
19:38:57,3.559,3.558185,50.84853172,100,1
19:38:58,3.559,3.558185,50.84853172,100,1
19:38:59,3.559,3.558184,50.84853172,100,1
19:39:00,3.559,3.558185,50.84853172,100,1
19:39:01,3.559,3.558185,50.84853172,100,1
19:39:02,3.559,3.558185,50.84853172,100,1
19:39:03,3.559,3.558185,50.84853172,100,1
19:39:04,3.559,3.558185,50.84853172,100,1
19:39:05,3.559,3.558184,50.84853172,100,1
19:39:06,3.558,3.558185,50.84853172,99.99908209,1
19:39:07,3.559,3.557769,50.84853172,100,1
19:39:08,3.558,3.557959,50.84853172,100,1
19:39:09,3.559,3.557655,50.84853172,100,1
19:39:10,3.559,3.557873,50.84853172,100,1
19:39:11,3.558,3.558002,50.84853172,99.99999404,1
19:39:12,3.559,3.55768,50.84853172,100,1
19:39:13,3.559,3.557889,50.84853172,100,1
19:39:14,3.559,3.558011,50.84853172,100,1
19:39:15,3.558,3.558082,50.84853172,99.99959469,1
19:39:16,3.558,3.557719,50.84853172,100,1
19:39:17,3.559,3.557522,50.84853172,100,1
19:39:18,3.558,3.557796,50.84853172,100,1
19:39:19,3.559,3.557559,50.84853172,100,1
19:39:20,3.558,3.557817,50.84853172,100,1
19:39:21,3.559,3.557572,50.84853172,100,1
19:39:22,3.558,3.557824,50.84853172,100,1
19:39:23,3.559,3.557576,50.84853172,100,1
19:39:24,3.559,3.557827,50.84853172,100,1
19:39:25,3.558,3.557975,50.84853172,100,1
19:39:26,3.559,3.557664,50.84853172,100,1
19:39:27,3.558,3.557879,50.84853172,100,1
19:39:28,3.558,3.557608,50.84853172,100,1
19:39:29,3.558,3.557449,50.84853172,100,1
19:39:30,3.558,3.557355,50.84853172,100,1
19:39:31,3.558,3.5573,50.84853172,100,1
19:39:32,3.558,3.557268,50.84853172,100,1
19:39:33,3.558,3.557249,50.84853172,100,1
19:39:34,3.558,3.557238,50.84853172,100,1
19:39:35,3.558,3.557231,50.84853172,100,1
19:39:36,3.558,3.557228,50.84853172,100,1
19:39:37,3.558,3.557225,50.84853172,100,1
19:39:38,3.558,3.557224,50.84853172,100,1
19:39:39,3.558,3.557223,50.84853172,100,1
19:39:40,3.558,3.557223,50.84853172,100,1
19:39:41,3.558,3.557223,50.84853172,100,1
19:39:42,3.558,3.557222,50.84853172,100,1
19:39:43,3.558,3.557222,50.84853172,100,1
19:39:44,3.558,3.557222,50.84853172,100,1
19:39:45,3.558,3.557222,50.84853172,100,1
19:39:46,3.558,3.557222,50.84853172,100,1
19:39:47,3.558,3.557222,50.84853172,100,1
19:39:48,3.558,3.557222,50.84853172,100,1
19:39:49,3.558,3.557222,50.84853172,100,1
19:39:50,3.558,3.557222,50.84853172,100,1
19:39:51,3.558,3.557222,50.84853172,100,1
19:39:52,3.558,3.557222,50.84853172,100,1
19:39:53,3.558,3.557222,50.84853172,100,1
19:39:54,3.558,3.557222,50.84853172,100,1
19:39:55,3.558,3.557222,50.84853172,100,1
19:39:56,3.558,3.557222,50.84853172,100,1
19:39:57,3.558,3.557222,50.84853172,100,1
19:39:58,3.558,3.557222,50.84853172,100,1
19:39:59,3.558,3.557222,50.84853172,100,1
19:40:00,3.558,3.557222,50.84853172,100,1
19:40:01,3.558,3.557222,50.84853172,100,1
19:40:03,3.558,3.557222,50.84853172,100,1
19:40:03,3.558,3.557222,50.84853172,100,1
19:40:04,3.558,3.557222,50.84853172,100,1
19:40:05,3.558,3.557222,50.84853172,100,1
19:40:06,3.558,3.557222,50.84853172,100,1
19:40:07,3.558,3.557222,50.84853172,100,1
19:40:08,3.558,3.557222,50.84853172,100,1
19:40:09,3.558,3.557222,50.84853172,100,1
19:40:10,3.558,3.557222,50.84853172,100,1
19:40:11,3.558,3.557222,50.84853172,100,1
19:40:12,3.558,3.557222,50.84853172,100,1
19:40:13,3.558,3.557222,50.84853172,100,1
19:40:14,3.557,3.557222,50.84853172,99.99889135,1
19:40:15,3.557,3.556803,50.84853172,99.99987483,1
19:40:16,3.557,3.556598,50.84853172,100,1
19:40:17,3.557,3.55646,50.84853172,100,1
19:40:18,3.557,3.556377,50.84853172,100,1
19:40:19,3.557,3.556328,50.84853172,100,1
19:40:20,3.557,3.556299,50.84853172,100,1
19:40:22,3.557,3.556283,50.84853172,100,1
19:40:22,3.556,3.556273,50.84853172,99.99864101,1
19:40:23,3.556,3.555843,50.84853172,99.99943,1
19:40:24,3.556,3.555632,50.84853172,100,1
19:40:25,3.556,3.555505,50.84853172,100,1
19:40:26,3.556,3.555419,50.84853172,100,1
19:40:27,3.556,3.555368,50.84853172,100,1
19:40:28,3.555,3.555338,50.84853172,99.99831319,1
19:40:29,3.555,3.55489,50.84853172,99.99886155,1
19:40:30,3.555,3.554671,50.84853172,100,1
19:40:31,3.555,3.554554,50.84853172,100,1
19:40:32,3.554,3.554463,50.84853172,99.9976933,1
19:40:33,3.554,3.553966,50.84853172,99.99786615,1
19:40:34,3.554,3.553723,50.84853172,99.99924898,1
19:40:35,3.554,3.553605,50.84853172,100,1
19:40:36,3.554,3.553523,50.84853172,100,1
19:40:37,3.553,3.55346,50.84853172,99.99770522,1
19:40:38,3.553,3.55298,50.84853172,99.99780655,1
19:40:39,3.553,3.552745,50.84853172,99.99908209,1
19:40:41,3.553,3.55263,50.84853172,100,1
19:40:41,3.553,3.552556,50.84853172,100,1
19:40:42,3.553,3.552495,50.84853172,100,1
19:40:44,3.553,3.552459,50.84853172,100,1
19:40:44,3.553,3.552437,50.84853172,100,1
19:40:45,3.553,3.552425,50.84853172,100,1
19:40:46,3.553,3.552418,50.84853172,100,1
19:40:47,3.553,3.552413,50.84853172,100,1
19:40:48,3.553,3.552411,50.84853172,100,1
19:40:49,3.552,3.552409,50.84853172,99.99796152,1
19:40:50,3.552,3.55197,50.84853172,99.99811053,1
19:40:51,3.552,3.551756,50.84853172,99.99932647,1
19:40:52,3.552,3.551651,50.84853172,100,1
19:40:53,3.552,3.551579,50.84853172,100,1
19:40:54,3.552,3.551523,50.84853172,100,1
19:40:55,3.552,3.551491,50.84853172,100,1
19:40:56,3.552,3.551471,50.84853172,100,1
19:40:57,3.552,3.55146,50.84853172,100,1
19:40:58,3.552,3.551454,50.84853172,100,1
19:40:59,3.552,3.55145,50.84853172,100,1
19:41:00,3.552,3.551447,50.84853172,100,1
19:41:01,3.552,3.551446,50.84853172,100,1
19:41:02,3.552,3.551445,50.84853172,100,1
19:41:03,3.552,3.551445,50.84853172,100,1
19:41:04,3.552,3.551445,50.84853172,100,1
19:41:05,3.552,3.551445,50.84853172,100,1
19:41:06,3.552,3.551444,50.84853172,100,1
19:41:07,3.552,3.551444,50.84853172,100,1
19:41:08,3.552,3.551444,50.84853172,100,1
19:41:09,3.552,3.551444,50.84853172,100,1
19:41:10,3.552,3.551444,50.84853172,100,1
19:41:11,3.552,3.551444,50.84853172,100,1
19:41:12,3.552,3.551444,50.84853172,100,1
19:41:13,3.552,3.551444,50.84853172,100,1
19:41:14,3.552,3.551444,50.84853172,100,1
19:41:15,3.552,3.551444,50.84853172,100,1
19:41:16,3.552,3.551444,50.84853172,100,1
19:41:17,3.552,3.551444,50.84853172,100,1
19:41:18,3.552,3.551444,50.84853172,100,1
19:41:19,3.552,3.551444,50.84853172,100,1
19:41:20,3.552,3.551444,50.84853172,100,1
19:41:21,3.552,3.551444,50.84853172,100,1
19:41:22,3.552,3.551444,50.84853172,100,1
19:41:24,3.552,3.551444,50.84853172,100,1
19:41:25,3.552,3.551444,50.84853172,100,1
19:41:26,3.552,3.551444,50.84853172,100,1
19:41:26,3.552,3.551444,50.84853172,100,1
19:41:27,3.552,3.551444,50.84853172,100,1
19:41:29,3.552,3.551444,50.84853172,100,1
19:41:29,3.552,3.551444,50.84853172,100,1
19:41:30,3.552,3.551444,50.84853172,100,1
19:41:31,3.552,3.551444,50.84853172,100,1
19:41:32,3.552,3.551444,50.84853172,100,1
19:41:34,3.552,3.551444,50.84853172,100,1
19:41:34,3.552,3.551444,50.84853172,100,1
19:41:35,3.552,3.551444,50.84853172,100,1
19:41:36,3.552,3.551444,50.84853172,100,1
19:41:38,3.552,3.551444,50.84853172,100,1
19:41:38,3.552,3.551444,50.84853172,100,1
19:41:40,3.552,3.551444,50.84853172,100,1
19:41:41,3.552,3.551444,50.84853172,100,1
19:41:42,3.552,3.551444,50.84853172,100,1
19:41:42,3.552,3.551444,50.84853172,100,1
19:41:43,3.552,3.551444,50.84853172,100,1
19:41:44,3.552,3.551444,50.84853172,100,1
19:41:45,3.552,3.551444,50.84853172,100,1
19:41:47,3.552,3.551444,50.84853172,100,1
19:41:47,3.552,3.551444,50.84853172,100,1
19:41:48,3.552,3.551444,50.84853172,100,1
19:41:49,3.552,3.551444,50.84853172,100,1
19:41:51,3.552,3.551444,50.84853172,100,1
19:41:51,3.552,3.551444,50.84853172,100,1
19:41:52,3.552,3.551444,50.84853172,100,1
19:41:53,3.552,3.551444,50.84853172,100,1
19:41:55,3.552,3.551444,50.84853172,100,1
19:41:56,3.552,3.551444,50.84853172,100,1
19:41:56,3.552,3.551444,50.84853172,100,1
19:41:57,3.552,3.551444,50.84853172,100,1
19:41:59,3.552,3.551444,50.84853172,100,1
19:42:00,3.552,3.551444,50.84853172,100,1
19:42:00,3.552,3.551444,50.84853172,100,1
19:42:01,3.552,3.551444,50.84853172,100,1
19:42:02,3.552,3.551444,50.84853172,100,1
19:42:04,3.552,3.551444,50.84853172,100,1
19:42:05,3.552,3.551444,50.84853172,100,1
19:42:05,3.552,3.551444,50.84853172,100,1
19:42:06,3.552,3.551444,50.84853172,100,1
19:42:08,3.552,3.551444,50.84853172,100,1
19:42:09,3.552,3.551444,50.84853172,100,1
19:42:09,3.552,3.551444,50.84853172,100,1
19:42:10,3.552,3.551444,50.84853172,100,1
19:42:12,3.552,3.551444,50.84853172,100,1
19:42:13,3.552,3.551444,50.84853172,100,1
19:42:13,3.552,3.551444,50.84853172,100,1
19:42:14,3.552,3.551444,50.84853172,100,1
19:42:16,3.552,3.551444,50.84853172,100,1
19:42:17,3.552,3.551444,50.84853172,100,1
19:42:18,3.552,3.551444,50.84853172,100,1
19:42:18,3.552,3.551444,50.84853172,100,1
19:42:20,3.552,3.551444,50.84853172,100,1
19:42:21,3.552,3.551444,50.84853172,100,1
19:42:22,3.552,3.551444,50.84853172,100,1
19:42:22,3.552,3.551444,50.84853172,100,1
19:42:23,3.552,3.551444,50.84853172,100,1
19:42:25,3.552,3.551444,50.84853172,100,1
19:42:26,3.552,3.551444,50.84853172,100,1
19:42:27,3.552,3.551444,50.84853172,100,1
19:42:27,3.552,3.551444,50.84853172,100,1
19:42:29,3.552,3.551444,50.84853172,100,1
19:42:30,3.552,3.551444,50.84853172,100,1
19:42:31,3.552,3.551444,50.84853172,100,1
19:42:31,3.552,3.551444,50.84853172,100,1
19:42:32,3.552,3.551444,50.84853172,100,1
19:42:34,3.552,3.551444,50.84853172,100,1
19:42:35,3.552,3.551444,50.84853172,100,1
19:42:36,3.552,3.551444,50.84853172,100,1
19:42:36,3.552,3.551444,50.84853172,100,1
19:42:38,3.552,3.551444,50.84853172,100,1
19:42:39,3.552,3.551444,50.84853172,100,1
19:42:40,3.552,3.551444,50.84853172,100,1
19:42:40,3.552,3.551444,50.84853172,100,1
19:42:42,3.552,3.551444,50.84853172,100,1
19:42:43,3.552,3.551444,50.84853172,100,1
19:42:44,3.552,3.551444,50.84853172,100,1
19:42:44,3.552,3.551444,50.84853172,100,1
19:42:46,3.552,3.551444,50.84853172,100,1
19:42:47,3.552,3.551444,50.84853172,100,1
19:42:48,3.552,3.551444,50.84853172,100,1
19:42:49,3.552,3.551444,50.84853172,100,1
19:42:49,3.552,3.551444,50.84853172,100,1
19:42:51,3.552,3.551444,50.84853172,100,1
19:42:52,3.552,3.551444,50.84853172,100,1
19:42:53,3.552,3.551444,50.84853172,100,1
19:42:53,3.552,3.551444,50.84853172,100,1
19:42:55,3.552,3.551444,50.84853172,100,1
19:42:56,3.552,3.551444,50.84853172,100,1
19:42:57,3.552,3.551444,50.84853172,100,1
19:42:58,3.552,3.551444,50.84853172,100,1
19:42:59,3.552,3.551444,50.84853172,100,1
19:43:00,3.552,3.551444,50.84853172,100,1
19:43:01,3.552,3.551444,50.84853172,100,1
19:43:02,3.552,3.551444,50.84853172,100,1
19:43:03,3.552,3.551444,50.84853172,100,1
19:43:04,3.552,3.551444,50.84853172,100,1
19:43:05,3.552,3.551444,50.84853172,100,1
19:43:06,3.552,3.551444,50.84853172,100,1
19:43:06,3.552,3.551444,50.84853172,100,1
19:43:08,3.552,3.551444,50.84853172,100,1
19:43:09,3.552,3.551444,50.84853172,100,1
19:43:10,3.552,3.551444,50.84853172,100,1
19:43:11,3.552,3.551444,50.84853172,100,1
19:43:12,3.552,3.551444,50.84853172,100,1
19:43:13,3.552,3.551444,50.84853172,100,1
19:43:14,3.552,3.551444,50.84853172,100,1
19:43:15,3.552,3.551444,50.84853172,100,1
19:43:16,3.552,3.551444,50.84853172,100,1
19:43:17,3.552,3.551444,50.84853172,100,1
19:43:18,3.552,3.551444,50.84853172,100,1
19:43:19,3.552,3.551444,50.84853172,100,1
19:43:20,3.552,3.551444,50.84853172,100,1
19:43:21,3.552,3.551444,50.84853172,100,1
19:43:22,3.552,3.551444,50.84853172,100,1
19:43:23,3.552,3.551444,50.84853172,100,1
19:43:24,3.552,3.551444,50.84853172,100,1
19:43:25,3.552,3.551444,50.84853172,100,1
19:43:26,3.552,3.551444,50.84853172,100,1
19:43:27,3.552,3.551444,50.84853172,100,1
19:43:28,3.552,3.551444,50.84853172,100,1
19:43:29,3.552,3.551444,50.84853172,100,1
19:43:30,3.552,3.551444,50.84853172,100,1
19:43:31,3.552,3.551444,50.84853172,100,1
19:43:32,3.552,3.551444,50.84853172,100,1
19:43:33,3.552,3.551444,50.84853172,100,1
19:43:34,3.552,3.551444,50.84853172,100,1
19:43:35,3.552,3.551444,50.84853172,100,1
19:43:36,3.552,3.551444,50.84853172,100,1
19:43:37,3.552,3.551444,50.84853172,100,1
19:43:38,3.552,3.551444,50.84853172,100,1
19:43:39,3.552,3.551444,50.84853172,100,1
19:43:40,3.552,3.551444,50.84853172,100,1
19:43:41,3.552,3.551444,50.84853172,100,1
19:43:42,3.552,3.551444,50.84853172,100,1
19:43:43,3.552,3.551444,50.84853172,100,1
19:43:44,3.552,3.551444,50.84853172,100,1
19:43:45,3.552,3.551444,50.84853172,100,1
19:43:46,3.552,3.551444,50.84853172,100,1
19:43:47,3.552,3.551444,50.84853172,100,1
19:43:48,3.552,3.551444,50.84853172,100,1
19:43:49,3.552,3.551444,50.84853172,100,1
19:43:50,3.552,3.551444,50.84853172,100,1
19:43:51,3.552,3.551444,50.84853172,100,1
19:43:52,3.552,3.551444,50.84853172,100,1
19:43:53,3.552,3.551444,50.84853172,100,1
19:43:54,3.552,3.551444,50.84853172,100,1
19:43:55,3.552,3.551444,50.84853172,100,1
19:43:56,3.552,3.551444,50.84853172,100,1
19:43:57,3.552,3.551444,50.84853172,100,1
19:43:58,3.551,3.551444,50.84853172,99.99778867,1
19:43:59,3.551,3.551003,50.84853172,99.99777675,1
19:44:00,3.551,3.550787,50.84853172,99.99883771,1
19:44:01,3.551,3.550681,50.84853172,100,1
19:44:02,3.551,3.550622,50.84853172,100,1
19:44:03,3.552,3.550564,50.84853172,100,1
19:44:04,3.552,3.550927,50.84853172,100,1
19:44:05,3.552,3.55114,50.84853172,100,1
19:44:06,3.551,3.551266,50.84853172,99.99867678,1
19:44:07,3.552,3.550916,50.84853172,100,1
19:44:08,3.551,3.55116,50.84853172,99.99920726,1
19:44:09,3.551,3.550864,50.84853172,99.99988079,1
19:44:10,3.551,3.550719,50.84853172,100,1
19:44:11,3.551,3.550623,50.84853172,100,1
19:44:12,3.551,3.550565,50.84853172,100,1
19:44:13,3.551,3.55053,50.84853172,100,1
19:44:14,3.551,3.55051,50.84853172,100,1
19:44:15,3.551,3.550498,50.84853172,100,1
19:44:16,3.552,3.550491,50.84853172,100,1
19:44:17,3.551,3.550884,50.84853172,100,1
19:44:18,3.551,3.550718,50.84853172,100,1
19:44:19,3.551,3.550621,50.84853172,100,1
19:44:20,3.551,3.550563,50.84853172,100,1
19:44:21,3.551,3.550529,50.84853172,100,1
19:44:22,3.551,3.55051,50.84853172,100,1
19:44:23,3.551,3.550498,50.84853172,100,1
19:44:24,3.551,3.550491,50.84853172,100,1
19:44:25,3.551,3.550487,50.84853172,100,1
19:44:26,3.551,3.550485,50.84853172,100,1
19:44:27,3.551,3.550483,50.84853172,100,1
19:44:28,3.551,3.550483,50.84853172,100,1
19:44:29,3.551,3.550482,50.84853172,100,1
19:44:30,3.551,3.550482,50.84853172,100,1
19:44:31,3.551,3.550482,50.84853172,100,1
19:44:32,3.551,3.550482,50.84853172,100,1
19:44:33,3.551,3.550481,50.84853172,100,1
19:44:34,3.551,3.550481,50.84853172,100,1
19:44:35,3.551,3.550481,50.84853172,100,1
19:44:36,3.551,3.550481,50.84853172,100,1
19:44:37,3.551,3.550481,50.84853172,100,1
19:44:38,3.551,3.550481,50.84853172,100,1
19:44:39,3.551,3.550481,50.84853172,100,1
19:44:40,3.551,3.550482,50.84853172,100,1
19:44:41,3.551,3.550481,50.84853172,100,1
19:44:42,3.551,3.550481,50.84853172,100,1
19:44:43,3.551,3.550481,50.84853172,100,1
19:44:44,3.551,3.550481,50.84853172,100,1
19:44:45,3.551,3.550481,50.84853172,100,1
19:44:46,3.551,3.550481,50.84853172,100,1
19:44:47,3.551,3.550481,50.84853172,100,1
19:44:48,3.551,3.550481,50.84853172,100,1
19:44:49,3.551,3.550481,50.84853172,100,1
19:44:50,3.551,3.550482,50.84853172,100,1
19:44:51,3.551,3.550481,50.84853172,100,1
19:44:52,3.551,3.550481,50.84853172,100,1
19:44:53,3.551,3.550481,50.84853172,100,1
19:44:54,3.551,3.550481,50.84853172,100,1
19:44:55,3.551,3.550481,50.84853172,100,1
19:44:56,3.551,3.550481,50.84853172,100,1
19:44:57,3.551,3.550481,50.84853172,100,1
19:44:58,3.551,3.550481,50.84853172,100,1
19:44:59,3.551,3.550481,50.84853172,100,1
19:45:00,3.551,3.550482,50.84853172,100,1
19:45:01,3.551,3.550481,50.84853172,100,1
19:45:02,3.551,3.550481,50.84853172,100,1
19:45:03,3.551,3.550481,50.84853172,100,1
19:45:04,3.551,3.550481,50.84853172,100,1
19:45:05,3.551,3.550481,50.84853172,100,1
19:45:06,3.551,3.550481,50.84853172,100,1
19:45:07,3.551,3.550481,50.84853172,100,1
19:45:08,3.551,3.550481,50.84853172,100,1
19:45:09,3.551,3.550481,50.84853172,100,1
19:45:10,3.551,3.550482,50.84853172,100,1
19:45:11,3.551,3.550481,50.84853172,100,1
19:45:12,3.551,3.550481,50.84853172,100,1
19:45:13,3.551,3.550481,50.84853172,100,1
19:45:14,3.551,3.550481,50.84853172,100,1
19:45:15,3.551,3.550481,50.84853172,100,1
19:45:16,3.551,3.550481,50.84853172,100,1
19:45:17,3.551,3.550481,50.84853172,100,1
19:45:18,3.551,3.550481,50.84853172,100,1
19:45:19,3.551,3.550481,50.84853172,100,1
19:45:20,3.551,3.550482,50.84853172,100,1
19:45:21,3.551,3.550481,50.84853172,100,1
19:45:22,3.551,3.550481,50.84853172,100,1
19:45:23,3.551,3.550481,50.84853172,100,1
19:45:24,3.551,3.550481,50.84853172,100,1
19:45:25,3.551,3.550481,50.84853172,100,1
19:45:26,3.551,3.550481,50.84853172,100,1
19:45:27,3.551,3.550481,50.84853172,100,1
19:45:28,3.551,3.550481,50.84853172,100,1
19:45:29,3.551,3.550481,50.84853172,100,1
19:45:30,3.551,3.550482,50.84853172,100,1
19:45:31,3.551,3.550481,50.84853172,100,1
19:45:32,3.551,3.550481,50.84853172,100,1
19:45:33,3.551,3.550481,50.84853172,100,1
19:45:34,3.551,3.550481,50.84853172,100,1
19:45:35,3.551,3.550481,50.84853172,100,1
19:45:36,3.551,3.550481,50.84853172,100,1
19:45:37,3.551,3.550481,50.84853172,100,1
19:45:38,3.551,3.550481,50.84853172,100,1
19:45:39,3.55,3.550481,50.84853172,99.99759793,1
19:45:40,3.551,3.550036,50.84853172,100,1
19:45:41,3.551,3.550267,50.84853172,100,1
19:45:42,3.55,3.550355,50.84853172,99.99822378,1
19:45:43,3.55,3.549974,50.84853172,99.99834895,1
19:45:44,3.55,3.549788,50.84853172,99.99940395,1
19:45:45,3.55,3.549697,50.84853172,100,1
19:45:46,3.55,3.549635,50.84853172,100,1
19:45:47,3.55,3.549587,50.84853172,100,1
19:45:48,3.55,3.549558,50.84853172,100,1
19:45:49,3.55,3.549542,50.84853172,100,1
19:45:50,3.549,3.549532,50.84853172,99.99734759,1
19:45:51,3.549,3.549076,50.84853172,99.99696612,1
19:45:52,3.549,3.548853,50.84853172,99.99769926,1
19:45:53,3.549,3.548744,50.84853172,99.9989748,1
19:45:54,3.549,3.548691,50.84853172,100,1
19:45:55,3.549,3.548655,50.84853172,100,1
19:45:56,3.549,3.548614,50.84853172,100,1
19:45:57,3.549,3.548589,50.84853172,100,1
19:45:58,3.548,3.548575,50.84853172,99.99713302,1
19:45:59,3.548,3.548113,50.84853172,99.99657273,1
19:46:00,3.549,3.547886,50.84853172,100,1
19:46:01,3.548,3.548229,50.84853172,99.99886,1
19:46:02,3.548,3.547944,50.84853172,99.99913573,1
19:46:03,3.548,3.547804,50.84853172,100,1
19:46:04,3.548,3.547734,50.84853172,100,1
19:46:05,3.547,3.547676,50.84853172,99.99663234,1
19:46:06,3.548,3.547177,50.84853172,100,1
19:46:07,3.547,3.547415,50.84853172,99.99793768,1
19:46:08,3.547,3.54705,50.84853172,99.9976933,1
19:46:09,3.547,3.546871,50.84853172,99.99833703,1
19:46:10,3.547,3.546784,50.84853172,99.99941587,1
19:46:11,3.547,3.546741,50.84853172,100,1
19:46:12,3.547,3.546707,50.84853172,100,1
19:46:13,3.546,3.546675,50.84853172,99.99663234,1
19:46:14,3.547,3.546192,50.84853172,100,1
19:46:15,3.546,3.546439,50.84853172,99.99781251,1
19:46:16,3.546,3.546077,50.84853172,99.99743104,1
19:46:17,3.546,3.545899,50.84853172,99.99793172,1
19:46:18,3.546,3.545812,50.84853172,99.99886751,1
19:46:19,3.546,3.54577,50.84853172,100,1
19:46:20,3.545,3.545749,50.84853172,99.99626279,1
19:46:21,3.545,3.545244,50.84853172,99.99504685,1
19:46:22,3.545,3.544995,50.84853172,99.9950707,1
19:46:23,3.545,3.544874,50.84853172,99.99569654,1
19:46:24,3.545,3.544814,50.84853172,99.99662042,1
19:46:25,3.545,3.544786,50.84853172,99.99768734,1
19:46:26,3.545,3.544772,50.84853172,99.99882579,1
19:46:27,3.545,3.544766,50.84853172,99.99998808,1
19:46:28,3.545,3.544763,50.84853172,100,1
19:46:29,3.545,3.544739,50.84853172,100,1
19:46:30,3.545,3.544724,50.84853172,100,1
19:46:31,3.544,3.544715,50.84853172,99.99643564,1
19:46:32,3.544,3.544242,50.84853172,99.99523,1
19:46:33,3.544,3.54401,50.84853172,99.99518394,1
19:46:34,3.544,3.543897,50.84853172,99.99570251,1
19:46:35,3.544,3.543841,50.84853172,99.99649525,1
19:46:36,3.544,3.543814,50.84853172,99.99741912,1
19:46:37,3.544,3.543802,50.84853172,99.99840856,1
19:46:38,3.544,3.543795,50.84853172,99.99943,1
19:46:39,3.544,3.543793,50.84853172,100,1
19:46:40,3.544,3.543782,50.84853172,100,1
19:46:41,3.544,3.543765,50.84853172,100,1
19:46:42,3.544,3.543755,50.84853172,100,1
19:46:43,3.544,3.543749,50.84853172,100,1
19:46:44,3.544,3.543746,50.84853172,100,1
19:46:45,3.544,3.543744,50.84853172,100,1
19:46:46,3.544,3.543742,50.84853172,100,1
19:46:47,3.544,3.543742,50.84853172,100,1
19:46:48,3.544,3.543741,50.84853172,100,1
19:46:49,3.544,3.543741,50.84853172,100,1
19:46:50,3.544,3.543741,50.84853172,100,1
19:46:51,3.544,3.543741,50.84853172,100,1
19:46:52,3.544,3.543741,50.84853172,100,1
19:46:53,3.544,3.543741,50.84853172,100,1
19:46:54,3.544,3.543741,50.84853172,100,1
19:46:55,3.544,3.543741,50.84853172,100,1
19:46:56,3.544,3.543741,50.84853172,100,1
19:46:57,3.544,3.543741,50.84853172,100,1
19:46:58,3.544,3.543741,50.84853172,100,1
19:46:59,3.544,3.543741,50.84853172,100,1
19:47:00,3.544,3.543741,50.84853172,100,1
19:47:01,3.544,3.543741,50.84853172,100,1
19:47:02,3.544,3.543741,50.84853172,100,1
19:47:03,3.544,3.543741,50.84853172,100,1
19:47:04,3.544,3.543741,50.84853172,100,1
19:47:05,3.544,3.543741,50.84853172,100,1
19:47:06,3.544,3.543741,50.84853172,100,1
19:47:07,3.544,3.543741,50.84853172,100,1
19:47:08,3.544,3.543741,50.84853172,100,1
19:47:09,3.544,3.543741,50.84853172,100,1
19:47:10,3.544,3.543741,50.84853172,100,1
19:47:11,3.544,3.543741,50.84853172,100,1
19:47:12,3.544,3.543741,50.84853172,100,1
19:47:13,3.544,3.543741,50.84853172,100,1
19:47:14,3.544,3.543741,50.84853172,100,1
19:47:15,3.544,3.543741,50.84853172,100,1
19:47:16,3.544,3.543741,50.84853172,100,1
19:47:17,3.544,3.543741,50.84853172,100,1
19:47:18,3.544,3.543741,50.84853172,100,1
19:47:19,3.544,3.543741,50.84853172,100,1
19:47:20,3.544,3.543741,50.84853172,100,1
19:47:21,3.544,3.543741,50.84853172,100,1
19:47:22,3.544,3.543741,50.84853172,100,1
19:47:23,3.544,3.543741,50.84853172,100,1
19:47:24,3.544,3.543741,50.84853172,100,1
19:47:25,3.544,3.543741,50.84853172,100,1
19:47:26,3.544,3.543741,50.84853172,100,1
19:47:27,3.544,3.543741,50.84853172,100,1
19:47:28,3.544,3.543741,50.84853172,100,1
19:47:29,3.544,3.543741,50.84853172,100,1
19:47:30,3.544,3.543741,50.84853172,100,1
19:47:31,3.544,3.543741,50.84853172,100,1
19:47:32,3.544,3.543741,50.84853172,100,1
19:47:33,3.544,3.543741,50.84853172,100,1
19:47:34,3.544,3.543741,50.84853172,100,1
19:47:35,3.544,3.543741,50.84853172,100,1
19:47:36,3.544,3.543741,50.84853172,100,1
19:47:37,3.544,3.543741,50.84853172,100,1
19:47:38,3.544,3.543741,50.84853172,100,1
19:47:39,3.544,3.543741,50.84853172,100,1
19:47:40,3.544,3.543741,50.84853172,100,1
19:47:41,3.544,3.543741,50.84853172,100,1
19:47:42,3.544,3.543741,50.84853172,100,1
19:47:43,3.544,3.543741,50.84853172,100,1
19:47:44,3.544,3.543741,50.84853172,100,1
19:47:45,3.544,3.543741,50.84853172,100,1
19:47:46,3.544,3.543741,50.84853172,100,1
19:47:47,3.544,3.543741,50.84853172,100,1
19:47:48,3.544,3.543741,50.84853172,100,1
19:47:49,3.544,3.543741,50.84853172,100,1
19:47:50,3.544,3.543741,50.84853172,100,1
19:47:51,3.544,3.543741,50.84853172,100,1
19:47:52,3.544,3.543741,50.84853172,100,1
19:47:53,3.544,3.543741,50.84853172,100,1
19:47:54,3.544,3.543741,50.84853172,100,1
19:47:55,3.544,3.543741,50.84853172,100,1
19:47:56,3.544,3.543741,50.84853172,100,1
19:47:57,3.544,3.543741,50.84853172,100,1
19:47:58,3.544,3.543741,50.84853172,100,1
19:47:59,3.544,3.543741,50.84853172,100,1
19:48:00,3.544,3.543741,50.84853172,100,1
19:48:01,3.544,3.543741,50.84853172,100,1
19:48:02,3.544,3.543741,50.84853172,100,1
19:48:03,3.544,3.543741,50.84853172,100,1
19:48:04,3.544,3.543741,50.84853172,100,1
19:48:05,3.544,3.543741,50.84853172,100,1
19:48:06,3.544,3.543741,50.84853172,100,1
19:48:07,3.544,3.543741,50.84853172,100,1
19:48:08,3.544,3.543741,50.84853172,100,1
19:48:09,3.544,3.543741,50.84853172,100,1
19:48:10,3.544,3.543741,50.84853172,100,1
19:48:11,3.544,3.543741,50.84853172,100,1
19:48:12,3.544,3.543741,50.84853172,100,1
19:48:13,3.544,3.543741,50.84853172,100,1
19:48:14,3.544,3.543741,50.84853172,100,1
19:48:15,3.544,3.543741,50.84853172,100,1
19:48:16,3.544,3.543741,50.84853172,100,1
19:48:17,3.544,3.543741,50.84853172,100,1
19:48:18,3.544,3.543741,50.84853172,100,1
19:48:19,3.544,3.543741,50.84853172,100,1
19:48:20,3.544,3.543741,50.84853172,100,1
19:48:21,3.544,3.543741,50.84853172,100,1
19:48:22,3.544,3.543741,50.84853172,100,1
19:48:23,3.544,3.543741,50.84853172,100,1
19:48:24,3.544,3.543741,50.84853172,100,1
19:48:25,3.544,3.543741,50.84853172,100,1
19:48:26,3.544,3.543741,50.84853172,100,1
19:48:27,3.544,3.543741,50.84853172,100,1
19:48:28,3.544,3.543741,50.84853172,100,1
19:48:29,3.544,3.543741,50.84853172,100,1
19:48:30,3.544,3.543741,50.84853172,100,1
19:48:31,3.544,3.543741,50.84853172,100,1
19:48:32,3.544,3.543741,50.84853172,100,1
19:48:33,3.544,3.543741,50.84853172,100,1
19:48:34,3.544,3.543741,50.84853172,100,1
19:48:35,3.544,3.543741,50.84853172,100,1
19:48:36,3.544,3.543741,50.84853172,100,1
19:48:37,3.544,3.543741,50.84853172,100,1
19:48:38,3.544,3.543741,50.84853172,100,1
19:48:39,3.544,3.543741,50.84853172,100,1
19:48:40,3.544,3.543741,50.84853172,100,1
19:48:41,3.544,3.543741,50.84853172,100,1
19:48:42,3.544,3.543741,50.84853172,100,1
19:48:43,3.544,3.543741,50.84853172,100,1
19:48:44,3.544,3.543741,50.84853172,100,1
19:48:45,3.544,3.543741,50.84853172,100,1
19:48:46,3.544,3.543741,50.84853172,100,1
19:48:47,3.544,3.543741,50.84853172,100,1
19:48:48,3.544,3.543741,50.84853172,100,1
19:48:49,3.544,3.543741,50.84853172,100,1
19:48:50,3.544,3.543741,50.84853172,100,1
19:48:51,3.544,3.543741,50.84853172,100,1
19:48:52,3.544,3.543741,50.84853172,100,1
19:48:53,3.544,3.543741,50.84853172,100,1
19:48:54,3.544,3.543741,50.84853172,100,1
19:48:55,3.544,3.543741,50.84853172,100,1
19:48:56,3.544,3.543741,50.84853172,100,1
19:48:57,3.544,3.543741,50.84853172,100,1
19:48:58,3.544,3.543741,50.84853172,100,1
19:48:59,3.544,3.543741,50.84853172,100,1
19:49:00,3.544,3.543741,50.84853172,100,1
19:49:01,3.544,3.543741,50.84853172,100,1
19:49:02,3.544,3.543741,50.84853172,100,1
19:49:03,3.544,3.543741,50.84853172,100,1
19:49:04,3.544,3.543741,50.84853172,100,1
19:49:05,3.544,3.543741,50.84853172,100,1
19:49:06,3.544,3.543741,50.84853172,100,1
19:49:07,3.544,3.543741,50.84853172,100,1
19:49:08,3.544,3.543741,50.84853172,100,1
19:49:09,3.544,3.543741,50.84853172,100,1
19:49:10,3.544,3.543741,50.84853172,100,1
19:49:11,3.544,3.543741,50.84853172,100,1
19:49:12,3.544,3.543741,50.84853172,100,1
19:49:13,3.544,3.543741,50.84853172,100,1
19:49:14,3.544,3.543741,50.84853172,100,1
19:49:15,3.544,3.543741,50.84853172,100,1
19:49:16,3.544,3.543741,50.84853172,100,1
19:49:17,3.544,3.543741,50.84853172,100,1
19:49:18,3.544,3.543741,50.84853172,100,1
19:49:19,3.544,3.543741,50.84853172,100,1
19:49:20,3.544,3.543741,50.84853172,100,1
19:49:21,3.544,3.543741,50.84853172,100,1
19:49:22,3.544,3.543741,50.84853172,100,1
19:49:23,3.544,3.543741,50.84853172,100,1
19:49:24,3.544,3.543741,50.84853172,100,1
19:49:25,3.544,3.543741,50.84853172,100,1
19:49:26,3.544,3.543741,50.84853172,100,1
19:49:27,3.544,3.543741,50.84853172,100,1
19:49:28,3.544,3.543741,50.84853172,100,1
19:49:29,3.544,3.543741,50.84853172,100,1
19:49:30,3.544,3.543741,50.84853172,100,1
19:49:31,3.543,3.543741,50.84853172,99.99630451,1
19:49:32,3.544,3.54327,50.84853172,99.9999404,1
19:49:33,3.544,3.543535,50.84853172,100,1
19:49:34,3.544,3.543621,50.84853172,100,1
19:49:35,3.544,3.543671,50.84853172,100,1
19:49:36,3.544,3.5437,50.84853172,100,1
19:49:37,3.544,3.543717,50.84853172,100,1
19:49:38,3.544,3.543726,50.84853172,100,1
19:49:39,3.544,3.543732,50.84853172,100,1
19:49:40,3.544,3.543736,50.84853172,100,1
19:49:41,3.544,3.543738,50.84853172,100,1
19:49:42,3.544,3.543739,50.84853172,100,1
19:49:43,3.544,3.54374,50.84853172,100,1
19:49:44,3.544,3.54374,50.84853172,100,1
19:49:45,3.544,3.54374,50.84853172,100,1
19:49:46,3.544,3.543741,50.84853172,100,1
19:49:47,3.544,3.543741,50.84853172,100,1
19:49:48,3.544,3.543741,50.84853172,100,1
19:49:49,3.544,3.543741,50.84853172,100,1
19:49:50,3.544,3.543741,50.84853172,100,1
19:49:51,3.543,3.543741,50.84853172,99.99630451,1
19:49:52,3.543,3.543269,50.84853172,99.99496341,1
19:49:53,3.543,3.543039,50.84853172,99.99476671,1
19:49:54,3.544,3.542925,50.84853172,100,1
19:49:55,3.544,3.543365,50.84853172,100,1
19:49:56,3.544,3.54352,50.84853172,100,1
19:49:57,3.543,3.543611,50.84853172,99.9969542,1
19:49:58,3.543,3.543206,50.84853172,99.99592304,1
19:49:59,3.544,3.543008,50.84853172,100,1
19:50:00,3.543,3.543391,50.84853172,99.99805093,1
19:50:01,3.544,3.543099,50.84853172,100,1
19:50:02,3.544,3.543402,50.84853172,100,1
19:50:03,3.544,3.543542,50.84853172,100,1
19:50:04,3.543,3.543624,50.84853172,99.99688864,1
19:50:05,3.544,3.543212,50.84853172,100,1
19:50:06,3.543,3.543492,50.84853172,99.99754429,1
19:50:07,3.543,3.543148,50.84853172,99.99680519,1
19:50:08,3.543,3.54298,50.84853172,99.99690652,1
19:50:09,3.543,3.542897,50.84853172,99.99741912,1
19:50:10,3.543,3.542857,50.84853172,99.99812841,1
19:50:11,3.543,3.542838,50.84853172,99.99893904,1
19:50:12,3.543,3.542828,50.84853172,99.99979138,1
19:50:13,3.544,3.542824,50.84853172,100,1
19:50:14,3.543,3.543206,50.84853172,99.99896884,1
19:50:15,3.543,3.543009,50.84853172,99.99892116,1
19:50:16,3.543,3.542912,50.84853172,99.99935627,1
19:50:17,3.543,3.542865,50.84853172,100,1
19:50:18,3.543,3.542841,50.84853172,100,1
19:50:19,3.543,3.542815,50.84853172,100,1
19:50:20,3.543,3.542799,50.84853172,100,1
19:50:21,3.543,3.54279,50.84853172,100,1
19:50:22,3.543,3.542785,50.84853172,100,1
19:50:23,3.543,3.542782,50.84853172,100,1
19:50:24,3.543,3.54278,50.84853172,100,1
19:50:25,3.543,3.542779,50.84853172,100,1
19:50:26,3.543,3.542778,50.84853172,100,1
19:50:27,3.543,3.542778,50.84853172,100,1
19:50:28,3.543,3.542778,50.84853172,100,1
19:50:29,3.543,3.542778,50.84853172,100,1
19:50:30,3.543,3.542778,50.84853172,100,1
19:50:31,3.543,3.542778,50.84853172,100,1
19:50:32,3.543,3.542777,50.84853172,100,1
19:50:33,3.543,3.542778,50.84853172,100,1
19:50:34,3.543,3.542778,50.84853172,100,1
19:50:35,3.543,3.542777,50.84853172,100,1
19:50:36,3.543,3.542778,50.84853172,100,1
19:50:37,3.543,3.542777,50.84853172,100,1
19:50:38,3.543,3.542778,50.84853172,100,1
19:50:39,3.543,3.542777,50.84853172,100,1
19:50:40,3.543,3.542778,50.84853172,100,1
19:50:41,3.543,3.542777,50.84853172,100,1
19:50:42,3.543,3.542778,50.84853172,100,1
19:50:43,3.543,3.542777,50.84853172,100,1
19:50:44,3.543,3.542778,50.84853172,100,1
19:50:45,3.543,3.542777,50.84853172,100,1
19:50:46,3.543,3.542778,50.84853172,100,1
19:50:47,3.543,3.542777,50.84853172,100,1
19:50:48,3.543,3.542778,50.84853172,100,1
19:50:49,3.543,3.542777,50.84853172,100,1
19:50:50,3.543,3.542778,50.84853172,100,1
19:50:51,3.543,3.542777,50.84853172,100,1
19:50:52,3.543,3.542778,50.84853172,100,1
19:50:53,3.543,3.542777,50.84853172,100,1
19:50:54,3.543,3.542778,50.84853172,100,1
19:50:55,3.543,3.542777,50.84853172,100,1
19:50:56,3.543,3.542778,50.84853172,100,1
19:50:57,3.543,3.542777,50.84853172,100,1
19:50:58,3.543,3.542778,50.84853172,100,1
19:50:59,3.543,3.542777,50.84853172,100,1
19:51:00,3.543,3.542778,50.84853172,100,1
19:51:01,3.543,3.542777,50.84853172,100,1
19:51:02,3.543,3.542778,50.84853172,100,1
19:51:03,3.543,3.542777,50.84853172,100,1
19:51:04,3.543,3.542778,50.84853172,100,1
19:51:05,3.543,3.542778,50.84853172,100,1
19:51:06,3.543,3.542777,50.84853172,100,1
19:51:07,3.543,3.542778,50.84853172,100,1
19:51:08,3.543,3.542777,50.84853172,100,1
19:51:09,3.543,3.542778,50.84853172,100,1
19:51:10,3.543,3.542777,50.84853172,100,1
19:51:11,3.543,3.542778,50.84853172,100,1
19:51:12,3.543,3.542777,50.84853172,100,1
19:51:13,3.543,3.542778,50.84853172,100,1
19:51:14,3.543,3.542777,50.84853172,100,1
19:51:15,3.543,3.542778,50.84853172,100,1
19:51:16,3.543,3.542777,50.84853172,100,1
19:51:17,3.543,3.542778,50.84853172,100,1
19:51:18,3.543,3.542777,50.84853172,100,1
19:51:19,3.543,3.542778,50.84853172,100,1
19:51:20,3.543,3.542777,50.84853172,100,1
19:51:21,3.543,3.542778,50.84853172,100,1
19:51:22,3.543,3.542777,50.84853172,100,1
19:51:23,3.543,3.542778,50.84853172,100,1
19:51:24,3.543,3.542777,50.84853172,100,1
19:51:25,3.543,3.542778,50.84853172,100,1
19:51:26,3.543,3.542777,50.84853172,100,1
19:51:27,3.543,3.542778,50.84853172,100,1
19:51:28,3.543,3.542777,50.84853172,100,1
19:51:29,3.543,3.542778,50.84853172,100,1
19:51:30,3.543,3.542777,50.84853172,100,1
19:51:31,3.543,3.542778,50.84853172,100,1
19:51:32,3.543,3.542777,50.84853172,100,1
19:51:33,3.543,3.542778,50.84853172,100,1
19:51:34,3.543,3.542777,50.84853172,100,1
19:51:35,3.543,3.542778,50.84853172,100,1
19:51:36,3.543,3.542778,50.84853172,100,1
19:51:37,3.543,3.542777,50.84853172,100,1
19:51:38,3.543,3.542778,50.84853172,100,1
19:51:39,3.543,3.542777,50.84853172,100,1
19:51:40,3.543,3.542778,50.84853172,100,1
19:51:41,3.543,3.542777,50.84853172,100,1
19:51:42,3.543,3.542778,50.84853172,100,1
19:51:43,3.543,3.542777,50.84853172,100,1
19:51:44,3.543,3.542778,50.84853172,100,1
19:51:45,3.543,3.542777,50.84853172,100,1
19:51:46,3.543,3.542778,50.84853172,100,1
19:51:47,3.543,3.542777,50.84853172,100,1
19:51:48,3.543,3.542778,50.84853172,100,1
19:51:49,3.543,3.542777,50.84853172,100,1
19:51:50,3.543,3.542778,50.84853172,100,1
19:51:51,3.543,3.542777,50.84853172,100,1
19:51:52,3.543,3.542778,50.84853172,100,1
19:51:53,3.543,3.542777,50.84853172,100,1
19:51:54,3.543,3.542778,50.84853172,100,1
19:51:55,3.543,3.542777,50.84853172,100,1
19:51:56,3.543,3.542778,50.84853172,100,1
19:51:57,3.543,3.542777,50.84853172,100,1
19:51:58,3.543,3.542778,50.84853172,100,1
19:51:59,3.543,3.542777,50.84853172,100,1
19:52:00,3.543,3.542778,50.84853172,100,1
19:52:01,3.543,3.542777,50.84853172,100,1
19:52:02,3.543,3.542778,50.84853172,100,1
19:52:03,3.542,3.542777,50.84853172,99.9961257,1
19:52:04,3.543,3.542303,50.84853172,99.99959469,1
19:52:05,3.542,3.542567,50.84853172,99.99676347,1
19:52:06,3.542,3.5422,50.84853172,99.99576807,1
19:52:07,3.542,3.54202,50.84853172,99.99566674,1
19:52:08,3.542,3.541932,50.84853172,99.99600649,1
19:52:09,3.542,3.541889,50.84853172,99.99656081,1
19:52:10,3.542,3.541868,50.84853172,99.99721646,1
19:52:11,3.542,3.541858,50.84853172,99.9979198,1
19:52:12,3.542,3.541854,50.84853172,99.99864697,1
19:52:13,3.541,3.541852,50.84853172,99.99440312,1
19:52:14,3.541,3.541354,50.84853172,99.99263883,1
19:52:15,3.541,3.54111,50.84853172,99.99209046,1
19:52:16,3.541,3.54099,50.84853172,99.99213815,1
19:52:17,3.541,3.540932,50.84853172,99.99247789,1
19:52:18,3.541,3.540903,50.84853172,99.99296069,1
19:52:19,3.541,3.540889,50.84853172,99.99352,1
19:52:20,3.541,3.540883,50.84853172,99.99409914,1
19:52:21,3.54,3.54088,50.84853172,99.9897182,1
19:52:22,3.541,3.540382,50.84853172,99.99279976,1
19:52:23,3.54,3.540634,50.84853172,99.98964071,1
19:52:24,3.54,3.540262,50.84853172,99.98833537,1
19:52:25,3.54,3.540079,50.84853172,99.98794198,1
19:52:26,3.54,3.539989,50.84853172,99.98799562,1
19:52:27,3.54,3.539945,50.84853172,99.98826981,1
19:52:28,3.54,3.539924,50.84853172,99.98865128,1
19:52:29,3.54,3.539914,50.84853172,99.98908639,1
19:52:30,3.54,3.539909,50.84853172,99.98953938,1
19:52:31,3.54,3.539907,50.84853172,99.9900043,1
19:52:32,3.539,3.539905,50.84853172,99.98549223,1
19:52:33,3.539,3.539408,50.84853172,99.98345971,1
19:52:34,3.539,3.539164,50.84853172,99.98263717,1
19:52:35,3.539,3.539044,50.84853172,99.98241663,1
19:52:36,3.539,3.538986,50.84853172,99.98248816,1
19:52:37,3.539,3.538957,50.84853172,99.98270273,1
19:52:38,3.539,3.538943,50.84853172,99.98298287,1
19:52:39,3.538,3.538936,50.84853172,99.97830987,1
19:52:40,3.538,3.538436,50.84853172,99.9761343,1
19:52:41,3.539,3.538191,50.84853172,99.98016,1
19:52:42,3.538,3.538567,50.84853172,99.97733235,1
19:52:43,3.538,3.538256,50.84853172,99.97605681,1
19:52:44,3.538,3.538102,50.84853172,99.97554421,1
19:52:45,3.538,3.538027,50.84853172,99.97540712,1
19:52:46,3.538,3.537991,50.84853172,99.97545481,1
19:52:47,3.538,3.537973,50.84853172,99.9755919,1
19:52:48,3.538,3.537964,50.84853172,99.97577071,1
19:52:49,3.538,3.53796,50.84853172,99.97597337,1
19:52:50,3.538,3.537958,50.84853172,99.97618198,1
19:52:51,3.538,3.537957,50.84853172,99.97639656,1
19:52:52,3.537,3.537956,50.84853172,99.97163415,1
19:52:53,3.537,3.53746,50.84853172,99.96934533,1
19:52:54,3.537,3.537215,50.84853172,99.96827245,1
19:52:55,3.537,3.537096,50.84853172,99.96779561,1
19:52:56,3.537,3.537037,50.84853172,99.96761084,1
19:52:57,3.537,3.537008,50.84853172,99.96756911,1
19:52:58,3.537,3.536994,50.84853172,99.96759892,1
19:52:59,3.537,3.536987,50.84853172,99.96766448,1
19:53:00,3.537,3.536984,50.84853172,99.96774197,1
19:53:01,3.537,3.536982,50.84853172,99.96783137,1
19:53:02,3.537,3.536982,50.84853172,99.96792078,1
19:53:03,3.537,3.536981,50.84853172,99.96801615,1
19:53:04,3.537,3.536981,50.84853172,99.96811152,1
19:53:05,3.537,3.536981,50.84853172,99.96820688,1
19:53:06,3.537,3.536981,50.84853172,99.96830225,1
19:53:07,3.537,3.536981,50.84853172,99.96839762,1
19:53:08,3.537,3.536981,50.84853172,99.96849298,1
19:53:09,3.537,3.536981,50.84853172,99.96858835,1
19:53:10,3.537,3.536981,50.84853172,99.96868372,1
19:53:11,3.537,3.536981,50.84853172,99.96877909,1
19:53:12,3.537,3.536982,50.84853172,99.96887445,1
19:53:13,3.537,3.536982,50.84853172,99.96896982,1
19:53:14,3.537,3.536982,50.84853172,99.96906519,1
19:53:15,3.537,3.536982,50.84853172,99.9691546,1
19:53:16,3.537,3.536982,50.84853172,99.969244,1
19:53:17,3.537,3.536982,50.84853172,99.96933937,1
19:53:18,3.537,3.536982,50.84853172,99.96942878,1
19:53:19,3.537,3.536982,50.84853172,99.96951818,1
19:53:20,3.537,3.536982,50.84853172,99.96960759,1
19:53:21,3.537,3.536982,50.84853172,99.969697,1
19:53:22,3.537,3.536982,50.84853172,99.96978641,1
19:53:23,3.537,3.536982,50.84853172,99.96987581,1
19:53:24,3.537,3.536982,50.84853172,99.96996522,1
19:53:25,3.537,3.536982,50.84853172,99.97005,1
19:53:26,3.537,3.536982,50.84853172,99.97014403,1
19:53:27,3.537,3.536982,50.84853172,99.97023344,1
19:53:28,3.537,3.536982,50.84853172,99.97032285,1
19:53:29,3.537,3.536982,50.84853172,99.97041225,1
19:53:30,3.537,3.536983,50.84853172,99.97050166,1
19:53:31,3.537,3.536983,50.84853172,99.97059107,1
19:53:32,3.537,3.536983,50.84853172,99.97068048,1
19:53:33,3.537,3.536983,50.84853172,99.97076988,1
19:53:34,3.537,3.536983,50.84853172,99.97085929,1
19:53:35,3.537,3.536983,50.84853172,99.9709487,1
19:53:36,3.537,3.536983,50.84853172,99.97103214,1
19:53:37,3.537,3.536983,50.84853172,99.97112155,1
19:53:38,3.537,3.536983,50.84853172,99.97121096,1
19:53:39,3.537,3.536983,50.84853172,99.9712944,1
19:53:40,3.537,3.536983,50.84853172,99.97137785,1
19:53:41,3.537,3.536983,50.84853172,99.9714613,1
19:53:42,3.537,3.536983,50.84853172,99.97154474,1
19:53:43,3.537,3.536983,50.84853172,99.97162819,1
19:53:44,3.537,3.536983,50.84853172,99.97171164,1
19:53:45,3.537,3.536983,50.84853172,99.97179508,1
19:53:46,3.537,3.536983,50.84853172,99.97187853,1
19:53:47,3.537,3.536983,50.84853172,99.97196,1
19:53:48,3.537,3.536983,50.84853172,99.97204542,1
19:53:49,3.537,3.536983,50.84853172,99.97212887,1
19:53:50,3.537,3.536983,50.84853172,99.97221231,1
19:53:51,3.537,3.536983,50.84853172,99.97229576,1
19:53:52,3.537,3.536983,50.84853172,99.97237921,1
19:53:53,3.537,3.536984,50.84853172,99.97246265,1
19:53:54,3.537,3.536984,50.84853172,99.9725461,1
19:53:55,3.537,3.536984,50.84853172,99.97262955,1
19:53:56,3.537,3.536984,50.84853172,99.97271299,1
19:53:57,3.537,3.536984,50.84853172,99.97279644,1
19:53:58,3.537,3.536984,50.84853172,99.97287989,1
19:53:59,3.537,3.536984,50.84853172,99.97296333,1
19:54:00,3.537,3.536984,50.84853172,99.97304082,1
19:54:01,3.537,3.536984,50.84853172,99.97312427,1
19:54:02,3.537,3.536984,50.84853172,99.97320771,1
19:54:03,3.537,3.536984,50.84853172,99.9732852,1
19:54:04,3.537,3.536984,50.84853172,99.97336268,1
19:54:05,3.537,3.536984,50.84853172,99.97344613,1
19:54:06,3.537,3.536984,50.84853172,99.97352362,1
19:54:07,3.537,3.536984,50.84853172,99.9736011,1
19:54:08,3.537,3.536984,50.84853172,99.97368,1
19:54:09,3.537,3.536984,50.84853172,99.97375607,1
19:54:10,3.537,3.536984,50.84853172,99.97383356,1
19:54:11,3.537,3.536984,50.84853172,99.97391105,1
19:54:12,3.537,3.536984,50.84853172,99.97398853,1
19:54:13,3.537,3.536985,50.84853172,99.97406602,1
19:54:14,3.537,3.536984,50.84853172,99.97414351,1
19:54:15,3.537,3.536985,50.84853172,99.97422099,1
19:54:16,3.537,3.536985,50.84853172,99.97429848,1
19:54:17,3.537,3.536985,50.84853172,99.97437596,1
19:54:18,3.537,3.536985,50.84853172,99.97445345,1
19:54:19,3.537,3.536985,50.84853172,99.97453094,1
