Timestamp,V_Meas(Avg),V_Pred(EKF),SoC_CC(%),SoC_EKF(%),dt
15:52:05,2.487,2.655,0,0,1
15:52:06,2.487,2.649633,0,0,1
15:52:07,2.517,2.675239,0.006677814,0,1
15:52:08,2.531,2.669126,0.013355628,0,1
15:52:09,2.545,2.663059,0.020033443,0,1
15:52:10,2.553,2.657469,0.026711257,0,1
15:52:11,2.56,2.652262,0.033389073,0,1
15:52:12,2.568,2.647499,0.040066888,0,1
15:52:13,2.575,2.643309,0.046744704,0,1
15:52:14,2.582,2.639667,0.05342252,0,1
15:52:15,2.589,2.6366,0.060100335,0,1
15:52:16,2.597,2.634123,0.066778151,0,1
15:52:17,2.603,2.632314,0.073455967,0,1
15:52:18,2.61,2.631021,0.080133782,0,1
15:52:19,2.611,2.630318,0.086811598,0,1
15:52:20,2.619,2.629708,0.093489414,0,1
15:52:21,2.625,2.629775,0.100167224,0,1
15:52:22,2.629,2.630324,0.106845039,0,1
15:52:23,2.633,2.631162,0.113522855,0.021949194,1
15:52:24,2.64,2.633432,0.120200671,0.082915043,1
15:52:25,2.645,2.63819,0.126878486,0.145566952,1
15:52:26,2.648,2.643059,0.133556302,0.192640442,1
15:52:27,2.654,2.646924,0.140234118,0.256868196,1
15:52:28,2.655,2.651902,0.146911934,0.28861172,1
15:52:29,2.662,2.654761,0.153589749,0.353578804,1
15:52:30,2.668,2.659797,0.160267565,0.425973255,1
15:52:31,2.67,2.665325,0.166945381,0.469914591,1
15:52:32,2.676,2.668969,0.173623196,0.532369269,1
15:52:33,2.677,2.673846,0.180301012,0.563972164,1
15:52:34,2.683,2.676656,0.186978828,0.620482164,1
15:52:35,2.684,2.681141,0.193656643,0.649517868,1
15:52:36,2.691,2.683767,0.200334447,0.712507777,1
15:52:37,2.691,2.688695,0.207012263,0.73704808,1
15:52:38,2.699,2.691,0.213690079,0.805459265,1
15:52:39,2.701,2.696307,0.220367895,0.848193653,1
15:52:40,2.706,2.699847,0.22704571,0.901942234,1
15:52:41,2.706,2.704146,0.233723526,0.922742207,1
15:52:42,2.713,2.706156,0.240401342,0.98134391,1
15:52:43,2.713,2.710797,0.247079157,1.004667953,1
15:52:44,2.721,2.712965,0.253756973,1.071804017,1
15:52:45,2.721,2.718211,0.260434789,1.099387,1
15:52:46,2.727,2.720663,0.267112604,1.153369434,1
15:52:47,2.728,2.724982,0.27379042,1.182491332,1
15:52:49,2.734,2.72753,0.280468236,1.237096917,1
15:52:49,2.735,2.731894,0.287146051,1.266716048,1
15:52:51,2.735,2.734463,0.293823867,1.277344674,1
15:52:51,2.742,2.735662,0.300501683,1.33041814,1
15:52:52,2.742,2.739925,0.307179498,1.352235302,1
15:52:53,2.749,2.741917,0.313857314,1.410409249,1
15:52:54,2.75,2.746551,0.32053513,1.442075,1
15:52:55,2.75,2.749245,0.327212946,1.454202272,1
15:52:56,2.756,2.750502,0.333890761,1.500434522,1
15:52:57,2.757,2.754265,0.340568577,1.526720263,1
15:52:58,2.758,2.756551,0.347246393,1.543753222,1
15:52:59,2.763,2.758147,0.353924208,1.584986225,1
15:53:00,2.764,2.761539,0.360602024,1.609130949,1
15:53:01,2.766,2.763651,0.36727984,1.63242314,1
15:53:02,2.771,2.765696,0.373957655,1.676491275,1
15:53:03,2.772,2.769297,0.380635471,1.70216,1
15:53:04,2.774,2.771508,0.387313287,1.726294309,1
15:53:05,2.779,2.773598,0.393991079,1.770683564,1
15:53:06,2.779,2.777221,0.400668895,1.789742149,1
15:53:07,2.78,2.778912,0.407346711,1.803973131,1
15:53:08,2.786,2.78023,0.414024526,1.850554,1
15:53:09,2.786,2.784022,0.420702342,1.870881207,1
15:53:10,2.787,2.785792,0.427380158,1.885860413,1
15:53:11,2.793,2.787147,0.434057973,1.932645589,1
15:53:12,2.794,2.790957,0.440735789,1.960116997,1
15:53:13,2.794,2.793265,0.447413605,1.971806586,1
15:53:14,2.795,2.79434,0.45409142,1.982964762,1
15:53:15,2.8,2.795372,0.460769,2.021016367,1
15:53:16,2.801,2.798501,0.467447052,2.044566721,1
15:53:17,2.805,2.800491,0.474124867,2.081610076,1
15:53:18,2.807,2.803538,0.480802683,2.11154148,1
15:53:19,2.808,2.806019,0.487480499,2.131491713,1
15:53:20,2.808,2.807706,0.494158315,2.140135132,1
15:53:21,2.814,2.808493,0.50083613,2.183500677,1
15:53:22,2.815,2.812038,0.507513946,2.209859714,1
15:53:23,2.815,2.814222,0.514191762,2.221696638,1
15:53:24,2.816,2.81524,0.520869577,2.233396843,1
15:53:25,2.822,2.816244,0.527547393,2.278015576,1
15:53:26,2.823,2.819893,0.534225209,2.305126935,1
15:53:27,2.823,2.822124,0.540903024,2.317555062,1
15:53:28,2.825,2.823164,0.54758084,2.336244844,1
15:53:29,2.829,2.824709,0.554258656,2.370923944,1
15:53:30,2.83,2.827549,0.560936471,2.393555455,1
15:53:31,2.83,2.829403,0.567614287,2.404108644,1
15:53:32,2.834,2.830268,0.574292103,2.434960939,1
15:53:33,2.836,2.832791,0.580969919,2.46239379,1
15:53:35,2.837,2.835028,0.587647734,2.48179324,1
15:53:36,2.837,2.8366,0.59432555,2.491041087,1
15:53:37,2.839,2.837334,0.601003366,2.508408949,1
15:53:38,2.844,2.838736,0.607681181,2.548776753,1
15:53:38,2.845,2.84204,0.614358997,2.574358881,1
15:53:39,2.845,2.84411,0.621036813,2.586711757,1
15:53:40,2.845,2.845075,0.627714628,2.59290915,1
15:53:41,2.851,2.845525,0.634392444,2.634308115,1
15:53:42,2.852,2.848917,0.64107026,2.66050119,1
15:53:43,2.852,2.851027,0.647748075,2.673323452,1
15:53:44,2.852,2.85201,0.654425891,2.679933608,1
15:53:45,2.856,2.85247,0.661103707,2.708811313,1
15:53:46,2.859,2.854805,0.667781522,2.741814777,1
15:53:47,2.859,2.857483,0.674459,2.757989243,1
15:53:48,2.859,2.858732,0.681137154,2.766340412,1
15:53:49,2.86,2.859314,0.68781497,2.777295746,1
15:53:50,2.866,2.860116,0.694492785,2.820581943,1
15:53:51,2.866,2.863672,0.701170601,2.841717,1
15:53:52,2.866,2.865329,0.707848417,2.852553874,1
15:53:53,2.866,2.866101,0.714526232,2.858604863,1
15:53:54,2.871,2.866461,0.721204048,2.8933011,1
15:53:55,2.873,2.869282,0.727881864,2.922890149,1
15:53:56,2.874,2.871656,0.734559679,2.943995595,1
15:53:57,2.874,2.873293,0.741237495,2.955011651,1
15:53:58,2.874,2.874056,0.747915311,2.961347625,1
15:53:59,2.88,2.874413,0.754593126,3.002186306,1
15:54:00,2.88,2.877761,0.761270942,3.02252993,1
15:54:01,2.881,2.879321,0.767948758,3.039442934,1
15:54:02,2.881,2.880579,0.774626574,3.048686311,1
15:54:03,2.881,2.881165,0.781304389,3.054363,1
15:54:04,2.886,2.881439,0.787982158,3.088672645,1
15:54:05,2.887,2.88422,0.794659927,3.112167306,1
15:54:07,2.887,2.886046,0.801337697,3.124608286,1
15:54:08,2.888,2.886896,0.808015,3.137946501,1
15:54:08,2.888,2.887824,0.814693235,3.145684302,1
15:54:09,2.893,2.888257,0.821371004,3.180842474,1
15:54:10,2.895,2.891111,0.828048773,3.210837021,1
15:54:12,2.896,2.893502,0.834726542,3.232472017,1
15:54:12,2.896,2.895146,0.841404311,3.244257,1
15:54:13,2.896,2.895912,0.84808208,3.251460195,1
15:54:14,2.897,2.89627,0.85475985,3.262485936,1
15:54:15,2.902,2.896968,0.861438,3.299090266,1
15:54:16,2.903,2.899947,0.868115388,3.323899955,1
15:54:17,2.903,2.901864,0.874793157,3.337313607,1
15:54:18,2.903,2.902758,0.881470926,3.345424309,1
15:54:19,2.903,2.903175,0.888148695,3.351067752,1
15:54:20,2.909,2.903371,0.894826464,3.390962,1
15:54:22,2.909,2.906646,0.901504233,3.411510959,1
15:54:23,2.91,2.908171,0.908182003,3.428952768,1
15:54:24,2.91,2.909412,0.91486,3.439085558,1
15:54:26,2.91,2.909991,0.921537541,3.445813805,1
15:54:26,2.91,2.910262,0.92821531,3.450956941,1
15:54:27,2.916,2.91039,0.934893079,3.490438685,1
15:54:27,2.917,2.913634,0.941570848,3.516776487,1
15:54:28,2.917,2.915674,0.948248617,3.531186655,1
15:54:29,2.917,2.916625,0.954926386,3.540047631,1
15:54:30,2.917,2.917069,0.961604156,3.546324745,1
15:54:31,2.919,2.917277,0.968282,3.563006967,1
15:54:32,2.924,2.918437,0.974959694,3.601939976,1
15:54:33,2.925,2.92163,0.981637463,3.628135,1
15:54:34,2.925,2.923647,0.988315232,3.642641008,1
15:54:35,2.925,2.924587,0.994993001,3.651705012,1
15:54:37,2.925,2.925025,1.00167077,3.658235818,1
15:54:37,2.927,2.925231,1.008348539,3.675103933,1
15:54:38,2.931,2.92639,1.015026309,3.7083067,1
15:54:39,2.931,2.929053,1.021704,3.726176172,1
15:54:40,2.932,2.930292,1.028381847,3.742658347,1
15:54:41,2.932,2.931401,1.035059616,3.752770275,1
15:54:42,2.932,2.931919,1.041737385,3.759913892,1
15:54:43,2.933,2.932161,1.048415154,3.771389276,1
15:54:44,2.938,2.932807,1.055092923,3.807719797,1
15:54:45,2.938,2.935761,1.061770692,3.827167302,1
15:54:46,2.939,2.937136,1.068448462,3.84446308,1
15:54:48,2.939,2.938308,1.075126231,3.855078295,1
15:54:49,2.939,2.938855,1.081804,3.862579167,1
15:54:50,2.939,2.939111,1.088481769,3.868626431,1
15:54:52,2.942,2.939232,1.095159538,3.890995309,1
15:54:52,2.946,2.940883,1.101837307,3.926653415,1
15:54:54,2.946,2.943774,1.108515076,3.945929185,1
15:54:56,2.947,2.94512,1.115192845,3.963238746,1
15:54:57,2.947,2.946277,1.121870615,3.973999247,1
15:54:59,2.947,2.946818,1.128548,3.981707245,1
15:55:00,2.947,2.947071,1.135226153,3.987984732,1
15:55:01,2.952,2.947191,1.141903922,4.021717235,1
15:55:01,2.953,2.949902,1.148581691,4.045810923,1
15:55:02,2.954,2.951694,1.15525946,4.065438733,1
15:55:03,2.954,2.953059,1.161937229,4.077395052,1
15:55:03,2.954,2.953696,1.168614998,4.085774347,1
15:55:03,2.954,2.953995,1.175292768,4.09248285,1
15:55:04,2.954,2.954136,1.181970537,4.098401964,1
15:55:05,2.959,2.954204,1.188648306,4.131869227,1
15:55:06,2.96,2.95689,1.195326075,4.15590331,1
15:55:08,2.961,2.958671,1.202003844,4.175568745,1
15:55:08,2.961,2.960032,1.208681613,4.187644273,1
15:55:09,2.961,2.960666,1.215359382,4.196184501,1
15:55:10,2.961,2.960963,1.222037151,4.2030707,1
15:55:11,2.961,2.961103,1.228714921,4.209175333,1
15:55:12,2.967,2.961172,1.235393,4.248186573,1
15:55:13,2.968,2.964389,1.242070459,4.274886101,1
15:55:14,2.968,2.966416,1.248748228,4.290342,1
15:55:15,2.968,2.96736,1.255425997,4.300566018,1
15:55:16,2.968,2.967801,1.262103766,4.308347777,1
15:55:16,2.968,2.968008,1.268781535,4.314981028,1
15:55:18,2.968,2.968107,1.275459304,4.321068153,1
15:55:19,2.969,2.968156,1.282137074,4.332397878,1
15:55:19,2.975,2.968712,1.288814843,4.373706132,1
15:55:20,2.975,2.972156,1.295492612,4.39604111,1
15:55:21,2.976,2.973758,1.302170381,4.415056854,1
15:55:23,2.976,2.975034,1.30884815,4.427046329,1
15:55:24,2.976,2.97563,1.315525919,4.435759783,1
15:55:24,2.976,2.975909,1.322203688,4.442937672,1
15:55:25,2.977,2.976041,1.328881457,4.454870522,1
15:55:27,2.981,2.976636,1.335559227,4.48545143,1
15:55:28,2.982,2.979037,1.342237,4.508350417,1
15:55:28,2.983,2.980685,1.348914765,4.527693987,1
15:55:29,2.983,2.981983,1.355592534,4.539932311,1
15:55:30,2.983,2.982589,1.362270303,4.548856243,1
15:55:32,2.983,2.982873,1.368948072,4.556227848,1
15:55:33,2.983,2.983008,1.375625841,4.562862962,1
15:55:33,2.984,2.983073,1.38230361,4.574589059,1
15:55:35,2.989,2.983637,1.38898138,4.610461742,1
15:55:36,2.989,2.986554,1.395659149,4.630449042,1
15:55:37,2.989,2.987911,1.402336918,4.643055424,1
15:55:37,2.99,2.988544,1.409014687,4.657647014,1
15:55:38,2.99,2.989371,1.415692456,4.667742923,1
15:55:40,2.99,2.989757,1.422370225,4.675738141,1
15:55:41,2.99,2.98994,1.429047994,4.682740569,1
15:55:41,2.991,2.990028,1.435725763,4.694684222,1
15:55:42,2.996,2.990602,1.442403533,4.730580002,1
15:55:44,2.997,2.993524,1.449081,4.756066576,1
15:55:45,2.997,2.995413,1.455759071,4.771327227,1
15:55:46,2.998,2.996293,1.46243684,4.787234962,1
15:55:46,2.998,2.997235,1.469114609,4.798048362,1
15:55:47,2.998,2.997675,1.475792378,4.806482419,1
15:55:49,2.998,2.997882,1.482470147,4.813795909,1
15:55:50,2.998,2.997982,1.489147916,4.820574075,1
15:55:50,2.999,2.998031,1.495825686,4.832471907,1
15:55:52,3.003,2.998587,1.502503455,4.862897471,1
15:55:53,3.004,3.00097,1.509181224,4.885873944,1
15:55:54,3.005,3.00261,1.515858993,4.905405268,1
15:55:55,3.005,3.003903,1.522536762,4.917977005,1
15:55:55,3.005,3.004507,1.529214531,4.927301779,1
15:55:57,3.005,3.00479,1.5358923,4.935103655,1
15:55:58,3.005,3.004925,1.542570069,4.942183197,1
15:55:59,3.006,3.004991,1.549247839,4.954274371,1
15:55:59,3.009,3.005555,1.555926,4.979407042,1
15:56:00,3.011,3.007411,1.562603377,5.005301908,1
15:56:02,3.012,3.009336,1.569281146,5.026242509,1
15:56:03,3.012,3.010763,1.575958915,5.039542168,1
15:56:04,3.012,3.011428,1.582636684,5.049280077,1
15:56:04,3.012,3.01174,1.589314453,5.057348683,1
15:56:06,3.012,3.011888,1.595992222,5.064627901,1
15:56:07,3.012,3.01196,1.602669992,5.071521,1
15:56:08,3.012,3.011997,1.609347761,5.07821776,1
15:56:08,3.017,3.012017,1.61602553,5.11145778,1
15:56:10,3.019,3.014681,1.622703299,5.141147599,1
15:56:11,3.019,3.016981,1.629381068,5.158581585,1
15:56:12,3.02,3.018051,1.636058837,5.175642669,1
15:56:13,3.02,3.019082,1.642736606,5.187213,1
15:56:13,3.02,3.019563,1.649414375,5.196220428,1
15:56:15,3.02,3.019789,1.656092145,5.20401895,1
15:56:16,3.02,3.019898,1.66277,5.211242288,1
15:56:17,3.02,3.019952,1.669447683,5.218178779,1
15:56:18,3.024,3.01998,1.676125452,5.246188119,1
15:56:19,3.026,3.022118,1.682803221,5.273478478,1
15:56:20,3.026,3.024173,1.68948099,5.289853364,1
15:56:21,3.027,3.02513,1.696158759,5.306455493,1
15:56:22,3.027,3.026107,1.702836528,5.317870155,1
15:56:23,3.027,3.026565,1.709514298,5.32685779,1
15:56:24,3.027,3.026779,1.716192067,5.334705859,1
15:56:25,3.027,3.026883,1.722869836,5.342005193,1
15:56:26,3.027,3.026934,1.729547605,5.349031463,1
15:56:27,3.027,3.026962,1.736225374,5.355913565,1
15:56:28,3.03,3.026978,1.742903143,5.378563702,1
15:56:29,3.032,3.02858,1.749580912,5.403309315,1
15:56:30,3.033,3.030386,1.756258681,5.423797667,1
15:56:31,3.034,3.031758,1.762936451,5.442316458,1
15:56:32,3.034,3.032928,1.769614,5.454657972,1
15:56:33,3.034,3.033474,1.776291989,5.464113504,1
15:56:34,3.034,3.033731,1.782969758,5.472214893,1
15:56:35,3.034,3.033853,1.789647527,5.479669943,1
15:56:36,3.034,3.033913,1.796325296,5.486805364,1
15:56:37,3.037,3.033945,1.803003065,5.509577319,1
15:56:38,3.04,3.035554,1.809680834,5.539668,1
15:56:39,3.04,3.037894,1.816358604,5.557434633,1
15:56:40,3.04,3.038983,1.823036373,5.569468439,1
15:56:41,3.041,3.039491,1.829714142,5.584092811,1
15:56:42,3.041,3.04026,1.836391911,5.59466444,1
15:56:43,3.041,3.040621,1.84306968,5.603338033,1
15:56:44,3.041,3.040792,1.849747449,5.611113459,1
15:56:45,3.041,3.040874,1.856425218,5.618452653,1
15:56:46,3.041,3.040916,1.863102987,5.625571311,1
15:56:47,3.042,3.040939,1.869780757,5.637815967,1
15:56:48,3.047,3.041484,1.876459,5.673432723,1
15:56:49,3.048,3.044391,1.883136295,5.699044839,1
15:56:50,3.048,3.046273,1.889814064,5.714787915,1
15:56:51,3.049,3.047148,1.896491833,5.731182918,1
15:56:52,3.049,3.048088,1.903169602,5.742645,1
15:56:53,3.049,3.048527,1.909847371,5.7518024,1
15:56:54,3.049,3.048735,1.91652514,5.759870633,1
15:56:55,3.049,3.048834,1.92320291,5.767415836,1
15:56:56,3.049,3.048884,1.929880679,5.774699524,1
15:56:57,3.049,3.048911,1.936558448,5.781840533,1
15:56:58,3.052,3.048927,1.943236217,5.804594979,1
15:56:59,3.055,3.050529,1.949913986,5.834660307,1
15:57:00,3.055,3.052866,1.956591755,5.85250482,1
15:57:01,3.055,3.053953,1.963269524,5.864663422,1
15:57:02,3.056,3.05446,1.969947293,5.879397318,1
15:57:03,3.056,3.055229,1.976625063,5.890107527,1
15:57:04,3.056,3.055589,1.983303,5.898933858,1
15:57:05,3.056,3.05576,1.989980601,5.906866863,1
15:57:06,3.056,3.055843,1.99665837,5.914363265,1
15:57:07,3.056,3.055885,2.003336139,5.921642482,1
15:57:08,3.056,3.055908,2.010013908,5.928798392,1
15:57:09,3.059,3.055923,2.016691677,5.951526016,1
15:57:10,3.062,3.057524,2.023369446,5.981548131,1
15:57:11,3.062,3.05986,2.030047216,5.999389291,1
15:57:12,3.062,3.060946,2.036724985,6.011562422,1
15:57:13,3.063,3.061454,2.043402754,6.026310474,1
15:57:14,3.063,3.062222,2.050080523,6.037046015,1
15:57:15,3.063,3.062583,2.056758292,6.045899913,1
15:57:16,3.063,3.062753,2.063436061,6.053864211,1
15:57:17,3.063,3.062836,2.07011383,6.061394513,1
15:57:18,3.063,3.062879,2.076791599,6.06870465,1
15:57:19,3.063,3.062902,2.083469369,6.075892597,1
15:57:20,3.066,3.062917,2.090147138,6.098612398,1
15:57:21,3.069,3.064517,2.096824907,6.128609,1
15:57:22,3.07,3.066853,2.103502676,6.151662767,1
15:57:23,3.07,3.06847,2.110180445,6.166307628,1
15:57:24,3.071,3.069222,2.116858214,6.182243302,1
15:57:25,3.071,3.070105,2.123535983,6.193581596,1
15:57:26,3.071,3.070518,2.130213752,6.202770397,1
15:57:27,3.071,3.070713,2.136891522,6.210942194,1
15:57:28,3.071,3.070808,2.143569291,6.218621135,1
15:57:29,3.071,3.070855,2.15024706,6.226051599,1
15:57:30,3.071,3.070881,2.156924829,6.23334907,1
15:57:31,3.071,3.070897,2.163602598,6.240560859,1
15:57:32,3.074,3.070908,2.170280367,6.26328811,1
15:57:33,3.077,3.072507,2.176958136,6.293290854,1
15:57:34,3.077,3.074842,2.183635905,6.311181933,1
15:57:35,3.077,3.075928,2.190313675,6.323428452,1
15:57:36,3.077,3.076435,2.196991,6.333042681,1
15:57:37,3.078,3.076673,2.203669213,6.346613169,1
15:57:38,3.078,3.077318,2.210346982,6.356835,1
15:57:39,3.078,3.077621,2.217024751,6.365482509,1
15:57:40,3.078,3.077765,2.22370252,6.373382,1
15:57:41,3.078,3.077836,2.230380289,6.380911916,1
15:57:42,3.078,3.077872,2.237058058,6.388252228,1
15:57:43,3.078,3.077893,2.243735828,6.395483762,1
15:57:44,3.081,3.077907,2.250413597,6.418187916,1
15:57:45,3.084,3.079507,2.257091366,6.4481318,1
15:57:46,3.084,3.081842,2.263769135,6.465994567,1
15:57:47,3.084,3.082927,2.270446904,6.47823438,1
15:57:48,3.085,3.083434,2.277124673,6.493031234,1
15:57:49,3.085,3.084203,2.283802442,6.503841281,1
15:57:50,3.085,3.084563,2.290480211,6.512786448,1
15:57:51,3.085,3.084734,2.297157981,6.520844,1
15:57:52,3.085,3.084817,2.30383575,6.528469175,1
15:57:53,3.085,3.08486,2.310513519,6.535872072,1
15:57:54,3.085,3.084883,2.317191288,6.543153524,1
15:57:55,3.085,3.084899,2.323869057,6.550356001,1
15:57:56,3.085,3.084909,2.330546826,6.557502598,1
15:57:57,3.087,3.084918,2.337224595,6.574939191,1
15:57:58,3.091,3.085986,2.343902364,6.607530266,1
15:57:59,3.091,3.088604,2.350580133,6.626597792,1
15:58:00,3.091,3.089821,2.357257903,6.639380008,1
15:58:01,3.092,3.090388,2.363935672,6.654398143,1
15:58:02,3.092,3.091185,2.370613441,6.665294617,1
15:58:03,3.092,3.091558,2.37729121,6.674258411,1
15:58:04,3.092,3.091735,2.383968979,6.682306528,1
15:58:05,3.092,3.091821,2.390646748,6.689909101,1
15:58:06,3.092,3.091865,2.397324517,6.69728443,1
15:58:07,3.092,3.091889,2.404002286,6.704533845,1
15:58:08,3.092,3.091905,2.41068,6.711703539,1
15:58:09,3.095,3.091916,2.417357825,6.734304875,1
15:58:10,3.098,3.093515,2.424035594,6.764145195,1
15:58:11,3.099,3.095848,2.430713363,6.787110865,1
15:58:12,3.099,3.097462,2.437391132,6.801739335,1
15:58:13,3.099,3.098214,2.444068901,6.812480837,1
15:58:14,3.1,3.098567,2.45074667,6.826574355,1
15:58:15,3.1,3.099264,2.457424439,6.837059557,1
15:58:16,3.1,3.099591,2.464102209,6.845853478,1
15:58:17,3.1,3.099746,2.470779978,6.85384348,1
15:58:18,3.1,3.099823,2.477457747,6.861438602,1
15:58:19,3.1,3.099862,2.484135516,6.868829578,1
15:58:20,3.1,3.099885,2.490813285,6.87610209,1
15:58:21,3.1,3.099899,2.497491054,6.883300841,1
15:58:22,3.101,3.09991,2.504168823,6.895602494,1
15:58:23,3.103,3.100449,2.510846592,6.9154419,1
15:58:24,3.106,3.101762,2.517524362,6.943986565,1
15:58:25,3.106,3.103963,2.524202131,6.961182505,1
15:58:26,3.106,3.104986,2.5308799,6.973097473,1
15:58:27,3.107,3.105464,2.537557669,6.987711042,1
15:58:28,3.107,3.10622,2.544235438,6.998421252,1
15:58:29,3.107,3.106573,2.550913207,7.007306814,1
15:58:30,3.107,3.106742,2.557590976,7.015319169,1
15:58:31,3.107,3.106824,2.564268745,7.02290833,1
15:58:32,3.107,3.106866,2.570946515,7.030279189,1
15:58:33,3.107,3.106889,2.577624284,7.037527859,1
15:58:34,3.107,3.106905,2.584302053,7.044697,1
15:58:35,3.107,3.106916,2.590979822,7.051807642,1
15:58:36,3.11,3.106926,2.597657591,7.074329257,1
15:58:37,3.112,3.108523,2.60433536,7.098931074,1
15:58:38,3.113,3.110325,2.611013129,7.11940676,1
15:58:39,3.113,3.111694,2.617690898,7.132831216,1
15:58:40,3.113,3.112331,2.624369,7.14296177,1
15:58:41,3.114,3.112631,2.631046437,7.156705111,1
15:58:42,3.114,3.113304,2.637724206,7.166977972,1
15:58:43,3.114,3.113619,2.644401975,7.17562139,1
15:58:44,3.114,3.11377,2.651079744,7.183486968,1
15:58:45,3.114,3.113844,2.657757513,7.190971822,1
15:58:46,3.114,3.113882,2.664435282,7.198259979,1
15:58:47,3.114,3.113904,2.671113051,7.205431163,1
15:58:48,3.114,3.113919,2.677790821,7.212527841,1
15:58:49,3.114,3.11393,2.68446859,7.219567895,1
15:58:50,3.115,3.113939,2.691146359,7.231707871,1
15:58:51,3.117,3.114477,2.697824128,7.251377404,1
15:58:52,3.12,3.115789,2.704501897,7.279738039,1
15:58:53,3.121,3.117989,2.711179666,7.301934808,1
15:58:54,3.121,3.119541,2.717857435,7.316140085,1
15:58:55,3.121,3.120264,2.724535204,7.326617837,1
15:58:56,3.122,3.120602,2.731212974,7.340507954,1
15:58:57,3.122,3.121293,2.737890743,7.350832969,1
15:58:58,3.122,3.121617,2.744568512,7.359486073,1
15:58:59,3.122,3.121772,2.751246281,7.36734122,1
15:59:00,3.122,3.121847,2.75792405,7.374806702,1
15:59:01,3.122,3.121887,2.764601819,7.382067293,1
15:59:02,3.122,3.12191,2.771279588,7.389210165,1
15:59:03,3.122,3.121925,2.777957357,7.396276295,1
15:59:04,3.122,3.121936,2.784635127,7.403285801,1
15:59:05,3.124,3.121945,2.791312896,7.420542091,1
15:59:06,3.127,3.123012,2.797990665,7.447753102,1
15:59:07,3.128,3.125099,2.804668434,7.469378412,1
15:59:08,3.128,3.126598,2.811346203,7.483287156,1
15:59:09,3.128,3.127296,2.818023972,7.493595779,1
15:59:10,3.128,3.127624,2.824701741,7.502216846,1
15:59:11,3.129,3.12778,2.83137951,7.515186816,1
15:59:12,3.129,3.128386,2.838057,7.525032759,1
15:59:13,3.129,3.12867,2.844735049,7.533410192,1
15:59:14,3.129,3.128807,2.851412818,7.541084,1
15:59:15,3.129,3.128874,2.858090587,7.548411191,1
15:59:16,3.129,3.12891,2.864768356,7.555551827,1
15:59:17,3.129,3.128931,2.871446125,7.56258443,1
15:59:18,3.129,3.128945,2.878123894,7.569546252,1
15:59:19,3.129,3.128956,2.884801663,7.576451451,1
15:59:20,3.13,3.128966,2.891479433,7.588449866,1
15:59:21,3.132,3.129503,2.898157202,7.607973367,1
15:59:22,3.134,3.130815,2.904834971,7.631049305,1
15:59:23,3.135,3.132484,2.91151274,7.65067935,1
15:59:24,3.135,3.13379,2.918190509,7.663591951,1
15:59:25,3.135,3.134399,2.924868278,7.673366368,1
15:59:26,3.135,3.134686,2.931546047,7.681664079,1
15:59:27,3.136,3.134822,2.938223816,7.694412023,1
15:59:28,3.136,3.13542,2.944901586,7.704081386,1
15:59:29,3.136,3.1357,2.951579355,7.712303847,1
15:59:30,3.136,3.135835,2.958257124,7.719831914,1
15:59:31,3.136,3.135901,2.964934893,7.727019489,1
15:59:32,3.136,3.135936,2.971612662,7.73402378,1
15:59:33,3.136,3.135958,2.978290431,7.740919292,1
15:59:34,3.136,3.135972,2.9849682,7.747743279,1
15:59:35,3.136,3.135983,2.991645969,7.754510641,1
15:59:36,3.138,3.135992,2.998323739,7.771512121,1
15:59:37,3.14,3.137059,3.005001508,7.79331103,1
15:59:38,3.142,3.138615,3.011679277,7.817406952,1
15:59:39,3.143,3.140397,3.018357046,7.837490737,1
15:59:40,3.143,3.141755,3.025034815,7.850585133,1
15:59:41,3.143,3.142388,3.031712584,7.860419154,1
15:59:42,3.143,3.142685,3.038390353,7.868719,1
15:59:43,3.143,3.142828,3.045068122,7.876285911,1
15:59:44,3.143,3.142898,3.051746,7.883491367,1
15:59:45,3.143,3.142935,3.058423661,7.890503854,1
15:59:46,3.143,3.142957,3.06510143,7.897404581,1
15:59:47,3.143,3.142972,3.071779199,7.904228568,1
15:59:48,3.143,3.142983,3.078456968,7.910993695,1
15:59:49,3.143,3.142992,3.085134737,7.917709649,1
15:59:50,3.143,3.143001,3.091812506,7.924380153,1
15:59:51,3.143,3.14301,3.098490275,7.93100521,1
15:59:52,3.143,3.143019,3.105168045,7.937586,1
15:59:53,3.143,3.143027,3.111845814,7.944125682,1
15:59:54,3.144,3.143035,3.118523583,7.955754548,1
15:59:55,3.146,3.143572,3.125201538,7.974899,1
15:59:56,3.149,3.144883,3.131879494,8.002725989,1
15:59:57,3.15,3.14708,3.138557449,8.024419844,1
15:59:58,3.15,3.148629,3.145235404,8.038154244,1
15:59:59,3.15,3.149351,3.15191336,8.048175275,1
16:00:00,3.15,3.149689,3.158591315,8.056455106,1
16:00:01,3.151,3.14985,3.165269271,8.069059998,1
16:00:02,3.151,3.150458,3.171947226,8.078528196,1
16:00:03,3.151,3.150744,3.178625181,8.086525649,1
16:00:04,3.151,3.150881,3.185303137,8.093817532,1
16:00:05,3.151,3.150949,3.191981092,8.100759238,1
16:00:06,3.151,3.150985,3.198659047,8.107515424,1
16:00:07,3.151,3.151006,3.205337003,8.114162832,1
16:00:08,3.151,3.151021,3.212014958,8.12073499,1
16:00:09,3.152,3.151032,3.218692914,8.132392913,1
16:00:10,3.153,3.15157,3.225370869,8.146423101,1
16:00:11,3.156,3.152353,3.232048824,8.171856403,1
16:00:12,3.157,3.154304,3.23872678,8.1924133,1
16:00:13,3.157,3.15574,3.245404735,8.205578476,1
16:00:14,3.157,3.156409,3.252082691,8.215301484,1
16:00:15,3.157,3.156723,3.258760646,8.223406225,1
16:00:16,3.158,3.156873,3.265438601,8.235894889,1
16:00:17,3.158,3.157476,3.272116557,8.24527666,1
16:00:18,3.158,3.15776,3.278794512,8.253195882,1
16:00:19,3.158,3.157896,3.285472468,8.260414749,1
16:00:20,3.158,3.157963,3.292150423,8.267285675,1
16:00:21,3.158,3.157999,3.298828378,8.273971081,1
16:00:22,3.158,3.15802,3.305506334,8.280546963,1
16:00:23,3.158,3.158035,3.312184289,8.28704685,1
16:00:24,3.158,3.158046,3.318862244,8.293489367,1
16:00:25,3.158,3.158056,3.3255402,8.299880475,1
16:00:26,3.158,3.158065,3.332218155,8.306225389,1
16:00:27,3.159,3.158074,3.338896111,8.317662776,1
16:00:28,3.161,3.158611,3.345574066,8.336608857,1
16:00:29,3.163,3.159921,3.352252021,8.359113336,1
16:00:30,3.164,3.161588,3.358929977,8.378200233,1
16:00:31,3.164,3.162891,3.365607932,8.390589803,1
16:00:32,3.164,3.163499,3.372285888,8.39984715,1
16:00:33,3.164,3.163785,3.378963843,8.407634497,1
16:00:34,3.165,3.163922,3.385641798,8.419869095,1
16:00:35,3.165,3.164518,3.392319754,8.429030329,1
16:00:36,3.165,3.164799,3.398997709,8.436745405,1
16:00:37,3.165,3.164933,3.405675665,8.443767577,1
16:00:38,3.165,3.165,3.41235362,8.450444043,1
16:00:39,3.165,3.165035,3.419031575,8.456939459,1
16:00:40,3.165,3.165057,3.425709531,8.463323861,1
16:00:41,3.165,3.165072,3.432387486,8.469633013,1
16:00:42,3.165,3.165083,3.439065441,8.475883305,1
16:00:43,3.165,3.165093,3.445743397,8.482083678,1
16:00:44,3.165,3.165102,3.452421352,8.488234878,1
16:00:45,3.166,3.165111,3.459099308,8.499478549,1
16:00:46,3.168,3.165648,3.465777263,8.518239856,1
16:00:47,3.171,3.166958,3.472455218,8.545680344,1
16:00:48,3.172,3.169152,3.479133174,8.567012846,1
16:00:49,3.172,3.170699,3.485811129,8.580392599,1
16:00:50,3.172,3.17142,3.492489085,8.590064198,1
16:00:51,3.172,3.171757,3.49916704,8.597996086,1
16:00:52,3.173,3.171918,3.505844995,8.610252291,1
16:00:53,3.173,3.172526,3.512522951,8.619375527,1
16:00:54,3.173,3.172811,3.519200906,8.627028018,1
16:00:55,3.173,3.172948,3.525878862,8.633972704,1
16:00:56,3.173,3.173016,3.532556817,8.640567213,1
16:00:57,3.173,3.173053,3.539234772,8.646970987,1
16:00:58,3.173,3.173074,3.545912728,8.653265983,1
16:00:59,3.173,3.173089,3.552590683,8.659484982,1
16:01:00,3.173,3.173101,3.559268638,8.665642887,1
16:01:01,3.173,3.173111,3.565946594,8.671747893,1
16:01:02,3.173,3.173121,3.572624549,8.677805215,1
16:01:03,3.173,3.17313,3.579302505,8.683817089,1
16:01:04,3.173,3.173139,3.58598046,8.689782023,1
16:01:05,3.174,3.173148,3.592658415,8.70083496,1
16:01:06,3.175,3.173684,3.599336371,8.714265376,1
16:01:07,3.177,3.174465,3.606014326,8.733960986,1
16:01:08,3.179,3.175886,3.612692282,8.756639808,1
16:01:09,3.179,3.177603,3.619370237,8.770502359,1
16:01:10,3.179,3.178402,3.626048192,8.780256659,1
16:01:11,3.179,3.178776,3.632726148,8.788087964,1
16:01:12,3.18,3.178954,3.639404103,8.800154924,1
16:01:13,3.18,3.179569,3.646082059,8.809053898,1
16:01:14,3.18,3.179858,3.652760014,8.816464245,1
16:01:15,3.18,3.179997,3.659437969,8.823159337,1
16:01:16,3.18,3.180066,3.666115925,8.829497546,1
16:01:17,3.18,3.180102,3.67279388,8.835648745,1
16:01:18,3.18,3.180124,3.679471835,8.841687441,1
16:01:19,3.18,3.180139,3.686149791,8.847649395,1
16:01:20,3.18,3.180151,3.692827746,8.853550255,1
16:01:21,3.18,3.180161,3.699505702,8.859400451,1
16:01:22,3.18,3.180171,3.706183657,8.865201473,1
16:01:23,3.18,3.18018,3.712861612,8.870955557,1
16:01:24,3.181,3.180189,3.719539568,8.881794661,1
16:01:25,3.183,3.180726,3.726217523,8.900143206,1
16:01:26,3.185,3.182034,3.732895479,8.922047913,1
16:01:27,3.186,3.183698,3.739573434,8.940559626,1
16:01:28,3.186,3.184999,3.746251389,8.952388167,1
16:01:29,3.186,3.185606,3.752929345,8.961096406,1
16:01:30,3.186,3.185891,3.7596073,8.968339115,1
16:01:31,3.187,3.186028,3.766285256,8.980023116,1
16:01:32,3.186,3.186623,3.772963211,8.983492106,1
16:01:33,3.187,3.186376,3.779641166,8.993381262,1
16:01:34,3.187,3.186794,3.786319122,9.00111869,1
16:01:35,3.187,3.186992,3.792997077,9.007836133,1
16:01:36,3.187,3.187089,3.799675032,9.014056623,1
16:01:37,3.187,3.187139,3.806352988,9.020022303,1
16:01:38,3.187,3.187166,3.813030943,9.025845677,1
16:01:39,3.187,3.187184,3.819708899,9.031576663,1
16:01:40,3.187,3.187197,3.826386854,9.037240595,1
16:01:41,3.187,3.187208,3.833064809,9.042850882,1
16:01:42,3.187,3.187218,3.839742765,9.048411995,1
16:01:43,3.187,3.187227,3.84642072,9.05392319,1
16:01:44,3.187,3.187236,3.853098676,9.059390426,1
16:01:45,3.188,3.187245,3.859776631,9.069934487,1
16:01:46,3.19,3.187782,3.866454586,9.087977558,1
16:01:47,3.192,3.189089,3.873132542,9.109579027,1
16:01:48,3.194,3.190789,3.879810497,9.132712334,1
16:01:49,3.194,3.192644,3.886488453,9.146334231,1
16:01:50,3.194,3.193492,3.893166408,9.155611694,1
16:01:51,3.194,3.193882,3.899844363,9.162893891,1
16:01:52,3.194,3.194065,3.906522319,9.169241041,1
16:01:53,3.194,3.194153,3.913200274,9.17513743,1
16:01:54,3.194,3.194199,3.919878229,9.180800617,1
16:01:55,3.194,3.194226,3.926556185,9.186329693,1
16:01:56,3.194,3.194244,3.93323414,9.191770107,1
16:01:57,3.194,3.194257,3.939912096,9.19714272,1
16:01:58,3.194,3.194269,3.946590051,9.202457964,1
16:01:59,3.194,3.19428,3.953268006,9.207720309,1
16:02:00,3.194,3.19429,3.959945962,9.212930501,1
16:02:01,3.194,3.1943,3.966623917,9.218091518,1
16:02:02,3.194,3.19431,3.973301873,9.223202616,1
16:02:03,3.194,3.19432,3.979979828,9.228267521,1
16:02:04,3.194,3.19433,3.986657783,9.233284742,1
16:02:05,3.194,3.194339,3.993335739,9.238256514,1
16:02:06,3.195,3.194349,4.000013694,9.248208255,1
16:02:07,3.197,3.194895,4.00669165,9.265461564,1
16:02:08,3.199,3.196222,4.013369605,9.286078811,1
16:02:09,3.201,3.197903,4.02004756,9.308285266,1
16:02:10,3.201,3.199744,4.026725516,9.321253747,1
16:02:11,3.201,3.200585,4.033403471,9.330008924,1
16:02:12,3.201,3.200972,4.040081427,9.336827695,1
16:02:13,3.201,3.201152,4.046759382,9.342744201,1
16:02:14,3.201,3.20124,4.053437337,9.348226339,1
16:02:15,3.202,3.201285,4.060115293,9.358472377,1
16:02:16,3.202,3.201847,4.066793248,9.365911037,1
16:02:17,3.202,3.202108,4.073471203,9.37205106,1
16:02:18,3.202,3.202231,4.080149159,9.377578646,1
16:02:19,3.202,3.202292,4.086827114,9.382802993,1
16:02:20,3.202,3.202325,4.09350507,9.387864172,1
16:02:21,3.202,3.202345,4.100183025,9.392827004,1
16:02:22,3.202,3.202359,4.10686098,9.397721,1
16:02:23,3.202,3.202371,4.113538936,9.402558953,1
16:02:24,3.202,3.202381,4.120216891,9.407348931,1
16:02:25,3.202,3.202391,4.126894847,9.41209048,1
16:02:26,3.202,3.2024,4.133572802,9.416789562,1
16:02:27,3.202,3.202409,4.140250757,9.421443194,1
16:02:28,3.202,3.202418,4.146928713,9.426055849,1
16:02:29,3.202,3.202427,4.153606668,9.43062529,1
16:02:30,3.203,3.202435,4.160284624,9.440088,1
16:02:31,3.204,3.202981,4.166962579,9.451795369,1
16:02:32,3.206,3.20377,4.173640534,9.469474852,1
16:02:33,3.207,3.205206,4.18031849,9.484995902,1
16:02:34,3.208,3.206399,4.186996445,9.499561787,1
16:02:35,3.208,3.207482,4.1936744,9.508791566,1
16:02:36,3.208,3.207978,4.200352356,9.51557979,1
16:02:37,3.208,3.208208,4.207030311,9.521237761,1
16:02:38,3.208,3.208317,4.213708267,9.52635929,1
16:02:39,3.209,3.208371,4.220386222,9.536125511,1
16:02:40,3.209,3.208937,4.227064177,9.543111175,1
16:02:41,3.209,3.209199,4.233742133,9.548813105,1
16:02:42,3.209,3.209322,4.240420088,9.553910047,1
16:02:43,3.209,3.209383,4.247098044,9.558708966,1
16:02:44,3.209,3.209415,4.253775999,9.563351,1
16:02:45,3.209,3.209435,4.260453954,9.567900002,1
16:02:46,3.209,3.209448,4.26713191,9.572383761,1
16:02:47,3.209,3.209459,4.273809865,9.576816857,1
16:02:48,3.209,3.209468,4.280487821,9.581203759,1
16:02:49,3.209,3.209477,4.287165776,9.585549682,1
16:02:50,3.209,3.209486,4.293843731,9.589853883,1
16:02:51,3.209,3.209494,4.300521687,9.594118595,1
16:02:52,3.211,3.209502,4.307199642,9.608113766,1
16:02:53,3.213,3.210584,4.313877597,9.626586735,1
16:02:54,3.214,3.212152,4.320555553,9.642285109,1
16:02:55,3.215,3.213404,4.327233508,9.656748176,1
16:02:56,3.215,3.214514,4.333911464,9.665796161,1
16:02:57,3.215,3.215022,4.340589419,9.672368318,1
16:02:58,3.215,3.215256,4.347267374,9.677796066,1
16:02:59,3.215,3.215368,4.35394533,9.682682157,1
16:03:00,3.215,3.215423,4.360623285,9.687300026,1
16:03:01,3.215,3.215452,4.367301241,9.691776335,1
16:03:02,3.216,3.21547,4.373979196,9.701029956,1
16:03:03,3.216,3.216019,4.380657151,9.707612544,1
16:03:04,3.216,3.216273,4.387335107,9.712960571,1
16:03:05,3.216,3.216393,4.394013062,9.717729688,1
16:03:06,3.216,3.216451,4.400691018,9.722213447,1
16:03:07,3.216,3.216482,4.407368973,9.726548,1
16:03:08,3.216,3.216501,4.414046928,9.730794281,1
16:03:09,3.216,3.216513,4.420724884,9.734978527,1
16:03:10,3.216,3.216523,4.427402839,9.739115089,1
16:03:11,3.216,3.216532,4.434080794,9.743208438,1
16:03:12,3.216,3.216541,4.44075875,9.747263044,1
16:03:13,3.216,3.216548,4.447436705,9.751279652,1
16:03:14,3.216,3.216556,4.454114661,9.755259752,1
16:03:15,3.216,3.216564,4.460792616,9.759203345,1
16:03:16,3.216,3.216571,4.467470571,9.763111919,1
16:03:17,3.217,3.216579,4.474148527,9.771828353,1
16:03:18,3.219,3.217122,4.480826482,9.787600487,1
16:03:19,3.221,3.218446,4.487504438,9.798084199,1
16:03:20,3.222,3.220107,4.494182393,9.803621471,1
16:03:21,3.223,3.221376,4.500860348,9.810514748,1
16:03:22,3.223,3.222491,4.507538304,9.817122668,1
16:03:23,3.223,3.223008,4.514216259,9.823802859,1
16:03:24,3.223,3.223255,4.520894215,9.830601513,1
16:03:25,3.223,3.223379,4.52757217,9.837556,1
16:03:26,3.223,3.223447,4.534250125,9.844698757,1
16:03:27,3.223,3.223491,4.540928081,9.852059931,1
16:03:28,3.224,3.223524,4.547606036,9.85789001,1
16:03:29,3.224,3.224026,4.554283991,9.864606708,1
16:03:30,3.224,3.224288,4.560961947,9.871797264,1
16:03:31,3.224,3.224431,4.567639902,9.879462421,1
16:03:32,3.224,3.224455,4.574317858,9.887455404,1
16:03:33,3.224,3.224134,4.580995813,9.894599766,1
16:03:34,3.224,3.224002,4.587673768,9.901287407,1
16:03:35,3.224,3.22395,4.594351724,9.907796234,1
16:03:36,3.224,3.223929,4.601029679,9.914231,1
16:03:37,3.224,3.22392,4.607707635,9.920626879,1
16:03:38,3.224,3.223916,4.61438559,9.92699638,1
16:03:39,3.224,3.223914,4.621063545,9.93334353,1
16:03:40,3.224,3.223913,4.627741501,9.939671308,1
16:03:41,3.224,3.223913,4.634419456,9.945979714,1
16:03:42,3.224,3.223913,4.641097412,9.952269495,1
16:03:43,3.224,3.223912,4.647775367,9.958539903,1
16:03:44,3.225,3.223912,4.654453322,9.959926456,1
16:03:45,3.226,3.224428,4.661131278,9.962474555,1
16:03:46,3.228,3.225158,4.667809233,9.963041544,1
16:03:47,3.229,3.226496,4.674487188,9.96735841,1
16:03:48,3.23,3.227626,4.681165144,9.968523681,1
16:03:49,3.23,3.228679,4.687843099,9.973317385,1
16:03:50,3.23,3.229188,4.694521055,9.977603704,1
16:03:51,3.23,3.229441,4.70119901,9.982313216,1
16:03:52,3.23,3.229563,4.707876965,9.988160431,1
16:03:53,3.230999,3.229623,4.714554921,9.993766248,1
16:03:54,3.23,3.230137,4.721232876,10.00047401,1
16:03:55,3.230999,3.229908,4.727910832,10.00721827,1
16:03:56,3.230999,3.230278,4.734588787,10.01403853,1
16:03:57,3.230999,3.230463,4.741266742,10.02086103,1
16:03:58,3.230999,3.230555,4.747944698,10.02767533,1
16:03:59,3.230999,3.230601,4.754622653,10.03448367,1
16:04:00,3.230999,3.230624,4.761300609,10.04128829,1
16:04:01,3.230999,3.230636,4.767978564,10.04809216,1
16:04:02,3.230999,3.230642,4.774656519,10.05489528,1
16:04:03,3.230999,3.230645,4.781334475,10.06169841,1
16:04:04,3.230999,3.230647,4.78801243,10.06850153,1
16:04:05,3.230999,3.230649,4.794690385,10.07530466,1
16:04:06,3.230999,3.23065,4.801368341,10.08210778,1
16:04:07,3.230999,3.23065,4.808046296,10.08891165,1
16:04:08,3.230999,3.230651,4.814724252,10.09571776,1
16:04:09,3.230999,3.230652,4.821402207,10.10252386,1
16:04:10,3.230999,3.230653,4.828080162,10.10933071,1
16:04:11,3.230999,3.230653,4.834758118,10.11613756,1
16:04:12,3.230999,3.230654,4.841436073,10.12294516,1
16:04:13,3.230999,3.230654,4.848114029,10.1297535,1
16:04:14,3.230999,3.230655,4.854791984,10.13656184,1
16:04:15,3.230999,3.230656,4.861469939,10.14337018,1
16:04:16,3.232,3.230656,4.868147895,10.15056297,1
16:04:17,3.233,3.231142,4.87482585,10.15795842,1
16:04:18,3.235,3.231868,4.881503806,10.16586423,1
16:04:19,3.235,3.233197,4.888181761,10.17325073,1
16:04:20,3.236,3.233858,4.894859716,10.18076763,1
16:04:21,3.237,3.23467,4.901537672,10.18837392,1
16:04:22,3.237,3.235559,4.908215627,10.19562334,1
16:04:23,3.237,3.236,4.914893582,10.20270437,1
16:04:24,3.237,3.23622,4.921571538,10.20969823,1
16:04:25,3.237,3.236329,4.928249493,10.21664888,1
16:04:26,3.237,3.236383,4.934927449,10.22357866,1
16:04:27,3.237,3.236411,4.941605404,10.23049653,1
16:04:28,3.238,3.236425,4.948283359,10.23782268,1
16:04:29,3.237,3.236917,4.954961315,10.24453565,1
16:04:30,3.238,3.236677,4.96163927,10.25176868,1
16:04:31,3.238,3.237043,4.968317226,10.25885046,1
16:04:32,3.238,3.237225,4.974995181,10.26585698,1
16:04:33,3.238,3.237315,4.981673136,10.27282625,1
16:04:34,3.238,3.237361,4.988351092,10.27977765,1
16:04:35,3.238,3.237384,4.995029047,10.28672084,1
16:04:36,3.238,3.237396,5.001707003,10.29366031,1
16:04:37,3.238,3.237401,5.008384958,10.30059904,1
16:04:38,3.238,3.237405,5.015062913,10.30753776,1
16:04:39,3.238,3.237407,5.021740869,10.31447425,1
16:04:40,3.238,3.237408,5.028418824,10.32141522,1
16:04:41,3.238,3.237409,5.035096779,10.32835692,1
16:04:42,3.238,3.23741,5.041774735,10.33529714,1
16:04:43,3.238,3.237411,5.04845269,10.34224108,1
16:04:44,3.238,3.237411,5.055130646,10.34918576,1
16:04:45,3.238,3.237412,5.061808601,10.35612896,1
16:04:46,3.238,3.237413,5.068486556,10.36307663,1
16:04:47,3.238,3.237413,5.075164512,10.37002504,1
16:04:48,3.238,3.237414,5.081842467,10.3769742,1
16:04:49,3.238,3.237415,5.088520423,10.3839241,1
16:04:50,3.238,3.237416,5.095198378,10.39087251,1
16:04:51,3.238,3.237416,5.101876333,10.39782539,1
16:04:52,3.238,3.237417,5.108554289,10.40477678,1
16:04:53,3.238,3.237418,5.115232244,10.4117319,1
16:04:54,3.238,3.237418,5.1219102,10.41868776,1
16:04:55,3.238,3.237419,5.128588155,10.42564437,1
16:04:56,3.238,3.23742,5.13526611,10.43260172,1
16:04:57,3.239,3.23742,5.141944066,10.44004336,1
16:04:58,3.239,3.237905,5.148622021,10.44724807,1
16:04:59,3.24,3.238146,5.155299976,10.454835,1
16:05:00,3.24,3.238751,5.161977932,10.46212688,1
16:05:01,3.241,3.239051,5.168655887,10.46976596,1
16:05:02,3.242,3.239685,5.175333843,10.47759131,1
16:05:03,3.243,3.240485,5.182011798,10.48552096,1
16:05:04,3.243,3.241367,5.188689753,10.49300805,1
16:05:05,3.243,3.241805,5.195367709,10.50028875,1
16:05:06,3.244,3.242023,5.202045664,10.50796658,1
16:05:07,3.244,3.242616,5.20872362,10.51534712,1
16:05:08,3.244999,3.242911,5.215401575,10.52308977,1
16:05:09,3.244999,3.243542,5.22207953,10.53051427,1
16:05:10,3.244999,3.243856,5.228757486,10.53778082,1
16:05:11,3.244999,3.244012,5.235435441,10.54496914,1
16:05:12,3.244999,3.24409,5.242113397,10.55211946,1
16:05:13,3.244999,3.244129,5.248791352,10.55925116,1
16:05:14,3.244999,3.244148,5.255469307,10.56637466,1
16:05:15,3.244999,3.244159,5.262147263,10.57349071,1
16:05:16,3.244999,3.244164,5.268825218,10.58061197,1
16:05:17,3.244999,3.244167,5.275503173,10.58773324,1
16:05:18,3.244999,3.244169,5.282181129,10.5948545,1
16:05:19,3.244999,3.24417,5.288859084,10.60197279,1
16:05:20,3.244999,3.244171,5.29553704,10.60909852,1
16:05:21,3.244999,3.244172,5.302214995,10.616225,1
16:05:22,3.244999,3.244173,5.30889295,10.62335223,1
16:05:23,3.244999,3.244174,5.315570906,10.63048095,1
16:05:24,3.244999,3.244174,5.322248861,10.63761115,1
16:05:25,3.244999,3.244175,5.328926817,10.64474285,1
16:05:26,3.244999,3.244176,5.335604772,10.65187603,1
16:05:27,3.244999,3.244176,5.342282727,10.65901071,1
16:05:28,3.244999,3.244177,5.348960683,10.6661424,1
16:05:29,3.244999,3.244178,5.355638638,10.6732823,1
16:05:30,3.244999,3.244178,5.362316594,10.68042293,1
16:05:31,3.244999,3.244179,5.368994549,10.68756431,1
16:05:32,3.244999,3.24418,5.375672504,10.69470719,1
16:05:33,3.244999,3.244181,5.38235046,10.70185155,1
16:05:34,3.244999,3.244181,5.389028415,10.7089974,1
16:05:35,3.244999,3.244182,5.39570637,10.71614474,1
16:05:36,3.244999,3.244183,5.402384326,10.72329357,1
16:05:37,3.244999,3.244183,5.409062281,10.73044389,1
16:05:38,3.244999,3.244184,5.415740237,10.73759124,1
16:05:39,3.244999,3.244185,5.422418192,10.74474677,1
16:05:40,3.244999,3.244185,5.429096147,10.75190306,1
16:05:41,3.244999,3.244186,5.435774103,10.75906008,1
16:05:42,3.244999,3.244187,5.442452058,10.7662186,1
16:05:43,3.244999,3.244188,5.449130014,10.7733734,1
16:05:44,3.244999,3.244188,5.455807969,10.78053713,1
16:05:45,3.244999,3.244189,5.462485924,10.78770086,1
16:05:46,3.244999,3.24419,5.46916388,10.79486534,1
16:05:47,3.244999,3.24419,5.475841835,10.80203131,1
16:05:48,3.244999,3.244191,5.482519791,10.80919877,1
16:05:49,3.244999,3.244192,5.489197746,10.81636772,1
16:05:50,3.244999,3.244192,5.495875701,10.82353815,1
16:05:51,3.244999,3.244193,5.502553657,10.83071008,1
16:05:52,3.244999,3.244194,5.509231612,10.83788276,1
16:05:53,3.244999,3.244195,5.515909567,10.84505692,1
16:05:54,3.244999,3.244195,5.522587523,10.85223258,1
16:05:55,3.244999,3.244196,5.529265478,10.85941046,1
16:05:56,3.244999,3.244197,5.535943434,10.86658463,1
16:05:57,3.244999,3.244197,5.542621389,10.87376773,1
16:05:58,3.244999,3.244198,5.549299344,10.88095084,1
16:05:59,3.244999,3.244199,5.5559773,10.88813469,1
16:06:00,3.244999,3.244199,5.562655255,10.89532003,1
16:06:01,3.244999,3.2442,5.569333211,10.90250611,1
16:06:02,3.244999,3.244201,5.576011166,10.90969369,1
16:06:03,3.244999,3.244201,5.582689121,10.91688275,1
16:06:04,3.244999,3.244202,5.589367077,10.92407331,1
16:06:05,3.244999,3.244203,5.596045032,10.93126535,1
16:06:06,3.244999,3.244203,5.602722988,10.93845889,1
16:06:07,3.244999,3.244204,5.609400943,10.94565,1
16:06:08,3.244999,3.244205,5.616078898,10.95285043,1
16:06:09,3.244999,3.244205,5.622756854,10.96004844,1
16:06:10,3.244999,3.244206,5.629434809,10.96724793,1
16:06:11,3.244999,3.244207,5.636112764,10.97444817,1
16:06:12,3.244999,3.244208,5.64279072,10.98164469,1
16:06:13,3.244999,3.244209,5.649468675,10.98884493,1
16:06:14,3.244999,3.244209,5.656146631,10.99605337,1
16:06:15,3.244999,3.24421,5.662824586,11.0032618,1
16:06:16,3.244999,3.24421,5.669502541,11.01047024,1
16:06:17,3.244999,3.244211,5.676180497,11.01767942,1
16:06:18,3.244999,3.244212,5.682858452,11.02488488,1
16:06:19,3.244999,3.244213,5.689536408,11.03209928,1
16:06:20,3.244999,3.244213,5.696214363,11.03931367,1
16:06:21,3.244999,3.244214,5.702892318,11.04653,1
16:06:22,3.244999,3.244215,5.709570274,11.05373949,1
16:06:23,3.244999,3.244215,5.716248229,11.0609591,1
16:06:24,3.244999,3.244216,5.722926185,11.06817946,1
16:06:25,3.244999,3.244216,5.72960414,11.07540056,1
16:06:26,3.244999,3.244217,5.736282095,11.08261645,1
16:06:27,3.244999,3.244218,5.742960051,11.08984202,1
16:06:28,3.244999,3.244219,5.749638006,11.09706759,1
16:06:29,3.244999,3.24422,5.756315961,11.10429391,1
16:06:30,3.244999,3.24422,5.762993917,11.11152098,1
16:06:31,3.244999,3.244221,5.769671872,11.11874357,1
16:06:32,3.244999,3.244222,5.776349828,11.12597585,1
16:06:33,3.244999,3.244222,5.783027783,11.13320813,1
16:06:34,3.244999,3.244223,5.789705738,11.14044115,1
16:06:35,3.244999,3.244224,5.796383694,11.14767492,1
16:06:36,3.244999,3.244224,5.803061649,11.15490422,1
16:06:37,3.244999,3.244225,5.809739605,11.1621432,1
16:06:38,3.244999,3.244226,5.81641756,11.16937622,1
16:06:39,3.244999,3.244226,5.823095515,11.17661819,1
16:06:40,3.244999,3.244227,5.829773471,11.18385419,1
16:06:41,3.244999,3.244228,5.836451426,11.19109914,1
16:06:42,3.244999,3.244229,5.843129382,11.19834334,1
16:06:43,3.244999,3.244229,5.849807337,11.20558828,1
16:06:44,3.244999,3.24423,5.856485292,11.21283397,1
16:06:45,3.244999,3.244231,5.863163248,11.22008041,1
16:06:46,3.244999,3.244231,5.869841203,11.22732833,1
16:06:47,3.244999,3.244232,5.876519158,11.23457104,1
16:06:48,3.244999,3.244233,5.883197114,11.24182418,1
16:06:49,3.244999,3.244233,5.889875069,11.24907732,1
16:06:50,3.244999,3.244234,5.896553025,11.25632524,1
16:06:51,3.244999,3.244235,5.90323098,11.26358286,1
16:06:52,3.244999,3.244236,5.909908935,11.27083972,1
16:06:53,3.244999,3.244236,5.916586891,11.27809063,1
16:06:54,3.244999,3.244237,5.923264846,11.28535196,1
16:06:55,3.244999,3.244238,5.929942802,11.29261255,1
16:06:56,3.244999,3.244238,5.936620757,11.29987389,1
16:06:57,3.244999,3.244239,5.943298712,11.30713001,1
16:06:58,3.244999,3.24424,5.949976668,11.31439582,1
16:06:59,3.244999,3.244241,5.956654623,11.32166162,1
16:07:00,3.244999,3.244241,5.963332579,11.32892817,1
16:07:01,3.244999,3.244242,5.970010534,11.33619472,1
16:07:02,3.244999,3.244242,5.976688489,11.3434568,1
16:07:03,3.244999,3.244243,5.983366445,11.35072932,1
16:07:04,3.244999,3.244244,5.9900444,11.35800108,1
16:07:05,3.244999,3.244245,5.996722355,11.36527359,1
16:07:06,3.244999,3.244245,6.003400311,11.37254685,1
16:07:07,3.244999,3.244246,6.010078266,11.37982085,1
16:07:08,3.244999,3.244247,6.016756222,11.38709635,1
16:07:09,3.244999,3.244247,6.023434177,11.39436662,1
16:07:10,3.244999,3.244248,6.030112132,11.40164733,1
16:07:11,3.244999,3.244249,6.036790088,11.40892729,1
16:07:12,3.244999,3.244249,6.043468043,11.416208,1
16:07:13,3.244999,3.24425,6.050145999,11.42348945,1
16:07:14,3.244999,3.244251,6.056823954,11.43077165,1
16:07:15,3.244999,3.244251,6.063501909,11.43805534,1
16:07:16,3.244999,3.244252,6.070179865,11.44533977,1
16:07:17,3.244999,3.244253,6.07685782,11.45262569,1
16:07:18,3.244999,3.244254,6.083535776,11.45991236,1
16:07:19,3.244999,3.244254,6.090213731,11.46720052,1
16:07:20,3.244999,3.244255,6.096891686,11.47448942,1
16:07:22,3.244999,3.244256,6.103569642,11.48177311,1
16:07:22,3.244999,3.244256,6.110247597,11.48906127,1
16:07:23,3.244999,3.244257,6.116925552,11.4963524,1
16:07:24,3.244999,3.244258,6.123603508,11.50364503,1
16:07:25,3.244999,3.244259,6.130281463,11.51094586,1
16:07:26,3.244999,3.244259,6.136959419,11.51824445,1
16:07:27,3.244999,3.24426,6.143637374,11.52554303,1
16:07:28,3.244999,3.244261,6.150315329,11.53284237,1
16:07:29,3.244999,3.244261,6.156993285,11.54014245,1
16:07:30,3.244999,3.244262,6.16367124,11.54743657,1
16:07:31,3.244999,3.244263,6.170349196,11.55474,1
16:07:32,3.244999,3.244263,6.177027151,11.56204641,1
16:07:33,3.244999,3.244264,6.183705106,11.56935096,1
16:07:34,3.244999,3.244265,6.190383062,11.57665625,1
16:07:35,3.244999,3.244266,6.197061017,11.58395559,1
16:07:36,3.244999,3.244266,6.203738973,11.5912661,1
16:07:37,3.244999,3.244267,6.210416928,11.59857586,1
16:07:38,3.244999,3.244267,6.217094883,11.60588637,1
16:07:39,3.244999,3.244268,6.223772839,11.61319017,1
16:07:40,3.244999,3.244269,6.230450794,11.62050515,1
16:07:41,3.244999,3.24427,6.237128749,11.62781939,1
16:07:42,3.244999,3.24427,6.243806705,11.63512766,1
16:07:43,3.244999,3.244271,6.250484288,11.64244637,1
16:07:44,3.244999,3.244272,6.257162243,11.64976433,1
16:07:45,3.244999,3.244272,6.26384,11.65707558,1
16:07:46,3.244999,3.244273,6.270518154,11.66439727,1
16:07:47,3.244999,3.244274,6.277196109,11.67171821,1
16:07:48,3.244999,3.244275,6.283874065,11.67903244,1
16:07:49,3.244999,3.244275,6.29055202,11.68635711,1
16:07:50,3.244999,3.244276,6.297229975,11.69368103,1
16:07:51,3.244999,3.244277,6.303907931,11.70100495,1
16:07:52,3.244999,3.244277,6.310585886,11.70832962,1
16:07:53,3.244999,3.244278,6.317263842,11.71565503,1
16:07:54,3.244999,3.244279,6.323941797,11.72298118,1
16:07:55,3.244999,3.24428,6.330619752,11.73030138,1
16:07:56,3.244999,3.24428,6.337297708,11.7376335,1
16:07:57,3.244999,3.244281,6.343975663,11.74495742,1
16:07:58,3.244999,3.244282,6.350653619,11.75229177,1
16:07:59,3.244999,3.244282,6.357331574,11.75961867,1
16:08:00,3.244999,3.244283,6.364009529,11.766956,1
16:08:01,3.244999,3.244284,6.370687,11.77428439,1
16:08:02,3.244999,3.244284,6.37736544,11.78162321,1
16:08:03,3.244999,3.244285,6.384043396,11.78895384,1
16:08:04,3.244999,3.244286,6.390721351,11.7962949,1
16:08:05,3.244999,3.244287,6.397399306,11.80363446,1
16:08:06,3.244999,3.244287,6.404077262,11.81097403,1
16:08:07,3.244999,3.244288,6.410755217,11.81831434,1
16:08:08,3.244999,3.244288,6.417433172,11.82564795,1
16:08:09,3.244999,3.244289,6.424111128,11.83299273,1
16:08:10,3.244999,3.24429,6.430789083,11.84033677,1
16:08:11,3.244999,3.244291,6.437467039,11.84768155,1
16:08:12,3.244999,3.244292,6.444144994,11.85502633,1
16:08:13,3.244999,3.244292,6.450822949,11.86237186,1
16:08:14,3.244999,3.244293,6.457500905,11.86971813,1
16:08:15,3.244999,3.244293,6.46417886,11.87706515,1
16:08:16,3.244999,3.244294,6.470856816,11.88441291,1
16:08:17,3.244999,3.244295,6.477535,11.89176217,1
16:08:18,3.244999,3.244296,6.484212726,11.89911216,1
16:08:19,3.244999,3.244296,6.490890682,11.90646291,1
16:08:20,3.244999,3.244297,6.497568637,11.91380769,1
16:08:21,3.244999,3.244298,6.504246593,11.92116439,1
16:08:22,3.244999,3.244298,6.510924548,11.92851961,1
16:08:23,3.244999,3.244299,6.517602503,11.93587556,1
16:08:24,3.244999,3.2443,6.524280459,11.94322482,1
16:08:25,3.244999,3.244301,6.530958414,11.95058525,1
16:08:26,3.244999,3.244301,6.537636369,11.95794418,1
16:08:27,3.244999,3.244302,6.544314325,11.96530387,1
16:08:28,3.244999,3.244303,6.55099228,11.9726561,1
16:08:29,3.244999,3.244303,6.557670236,11.98002025,1
16:08:30,3.244999,3.244304,6.564348191,11.98738366,1
16:08:31,3.244999,3.244305,6.571026146,11.99474707,1
16:08:32,3.244999,3.244306,6.577704102,12.00211,1
16:08:33,3.244999,3.244306,6.584382,12.00947464,1
16:08:34,3.244999,3.244307,6.591060013,12.01683208,1
16:08:35,3.244999,3.244308,6.597737968,12.02420145,1
16:08:36,3.244999,3.244308,6.604415923,12.03157008,1
16:08:37,3.244999,3.244309,6.611093879,12.03893796,1
16:08:38,3.246,3.24431,6.617771834,12.04730868,1
16:08:39,3.246,3.244795,6.62444979,12.05519512,1
16:08:40,3.246,3.245037,6.631127745,12.06284165,1
16:08:41,3.246,3.245157,6.6378057,12.07036898,1
16:08:42,3.246,3.245217,6.644483656,12.07783744,1
16:08:43,3.246,3.245248,6.651161611,12.08527684,1
16:08:44,3.246,3.245263,6.657839566,12.09270284,1
16:08:45,3.246,3.245271,6.664517522,12.10012212,1
16:08:46,3.246,3.245275,6.671195477,12.10753843,1
16:08:47,3.246,3.245278,6.677873433,12.11495,1
16:08:48,3.246,3.245279,6.684551388,12.12236956,1
16:08:49,3.246,3.245281,6.691229,12.12977767,1
16:08:50,3.247,3.245281,6.697907299,12.13823184,1
16:08:51,3.247,3.245767,6.704585254,12.14616969,1
16:08:52,3.247,3.246008,6.71126321,12.15386689,1
16:08:53,3.247,3.246129,6.717941165,12.16145456,1
16:08:54,3.247,3.246189,6.72461912,12.16897741,1
16:08:55,3.247,3.246219,6.731297076,12.17646897,1
16:08:56,3.247,3.246234,6.737975031,12.18394563,1
16:08:57,3.247,3.246242,6.744652987,12.19141,1
16:08:58,3.247,3.246246,6.751330942,12.19888106,1
16:08:59,3.247,3.246249,6.758008897,12.20634654,1
16:09:00,3.248001,3.246251,6.764686853,12.2148633,1
16:09:01,3.248001,3.246737,6.771364808,12.22287193,1
16:09:02,3.248001,3.246979,6.778042763,12.23062798,1
16:09:03,3.248001,3.247099,6.784720719,12.23825961,1
16:09:04,3.248001,3.247159,6.791398674,12.2458294,1
16:09:05,3.248001,3.247189,6.798077,12.25336865,1
16:09:06,3.248001,3.247205,6.804754585,12.26088405,1
16:09:07,3.249,3.247213,6.81143254,12.26947829,1
16:09:08,3.249,3.247702,6.818110496,12.27754727,1
16:09:09,3.249,3.247945,6.824788451,12.28535697,1
16:09:10,3.249,3.248066,6.831466407,12.29303852,1
16:09:11,3.249,3.248126,6.838144362,12.30065674,1
16:09:12,3.249,3.248157,6.844822317,12.30824366,1
16:09:13,3.249,3.248172,6.851500273,12.31581569,1
16:09:14,3.249,3.24818,6.858178228,12.32338101,1
16:09:15,3.249,3.248184,6.864856184,12.33094335,1
16:09:16,3.25,3.248187,6.871534139,12.33959123,1
16:09:17,3.25,3.248673,6.878212094,12.34771386,1
16:09:18,3.25,3.248915,6.88489005,12.35557571,1
16:09:19,3.25,3.249036,6.891568005,12.36330792,1
16:09:20,3.25,3.249096,6.89824596,12.37097681,1
16:09:22,3.25,3.249126,6.904924,12.3786144,1
16:09:22,3.25,3.249142,6.911601871,12.38623634,1
16:09:23,3.25,3.249149,6.918279827,12.39385232,1
16:09:24,3.251,3.249154,6.924957782,12.4025695,1
16:09:25,3.251,3.249641,6.931635737,12.41075173,1
16:09:26,3.251,3.249883,6.938313693,12.41866797,1
16:09:27,3.251,3.250004,6.944991648,12.42645234,1
16:09:28,3.251,3.250064,6.951669604,12.43417189,1
16:09:29,3.251,3.250095,6.958347559,12.44185939,1
16:09:30,3.251,3.25011,6.965025514,12.449532,1
16:09:31,3.251,3.250118,6.97170347,12.4571979,1
16:09:32,3.251,3.250122,6.978381425,12.46486083,1
16:09:33,3.252,3.250125,6.985059381,12.47364804,1
16:09:34,3.252,3.250612,6.991737336,12.48187348,1
16:09:35,3.252,3.250854,6.998415291,12.48983815,1
16:09:36,3.251,3.250974,7.005093247,12.49654517,1
16:09:37,3.252,3.25055,7.011771,12.50487417,1
16:09:38,3.252,3.250824,7.018449157,12.51289099,1
16:09:39,3.252,3.250961,7.025127113,12.52075285,1
16:09:40,3.252,3.251029,7.031805068,12.52854,1
16:09:41,3.252,3.251063,7.038483024,12.53629,1
16:09:42,3.252,3.251081,7.045160979,12.54401803,1
16:09:43,3.252,3.251089,7.051838934,12.55173981,1
16:09:44,3.252,3.251094,7.05851689,12.55945861,1
16:09:45,3.252,3.251097,7.065194845,12.56717592,1
16:09:46,3.252,3.251099,7.071872801,12.57489324,1
16:09:47,3.252,3.2511,7.078550756,12.58261055,1
16:09:48,3.252,3.251101,7.085228711,12.59032935,1
16:09:49,3.252,3.251102,7.091906667,12.59804964,1
16:09:50,3.252,3.251103,7.098584622,12.60576993,1
16:09:51,3.252,3.251103,7.105262578,12.61349171,1
16:09:52,3.252,3.251104,7.111940533,12.62121499,1
16:09:53,3.252,3.251105,7.118618,12.62893975,1
16:09:54,3.252,3.251106,7.125296444,12.63665259,1
16:09:55,3.252,3.251107,7.131974399,12.6443848,1
16:09:56,3.252,3.251107,7.138652354,12.65211552,1
16:09:57,3.252,3.251108,7.14533031,12.65984476,1
16:09:58,3.252,3.251109,7.152008265,12.66757548,1
16:09:59,3.252,3.251109,7.158686221,12.6753062,1
16:10:00,3.252,3.25111,7.165364176,12.68303841,1
16:10:01,3.252,3.251111,7.172042131,12.69077212,1
16:10:02,3.252,3.251112,7.178720087,12.69850582,1
16:10:03,3.252,3.251112,7.185398042,12.70622909,1
16:10:04,3.252,3.251113,7.192075998,12.71397173,1
16:10:05,3.252,3.251114,7.198753953,12.7217114,1
16:10:06,3.252,3.251115,7.205431908,12.72945106,1
16:10:08,3.252,3.251115,7.212109864,12.73719221,1
16:10:08,3.252,3.251116,7.218787819,12.74493337,1
16:10:09,3.252,3.251117,7.225466,12.75267452,1
16:10:10,3.252,3.251118,7.23214373,12.76040524,1
16:10:12,3.252,3.251118,7.238821685,12.76815534,1
16:10:12,3.252,3.251119,7.245499641,12.77590394,1
16:10:13,3.252,3.25112,7.252177596,12.78365105,1
16:10:14,3.252,3.251121,7.258855551,12.79139817,1
16:10:15,3.252,3.251121,7.265533507,12.79914677,1
16:10:17,3.252,3.251122,7.272211462,12.80689538,1
16:10:17,3.252,3.251123,7.278889418,12.81464547,1
16:10:18,3.252,3.251124,7.285567373,12.82239705,1
16:10:19,3.252,3.251124,7.292245328,12.83015013,1
16:10:21,3.252,3.251125,7.298923284,12.8379032,1
16:10:21,3.252,3.251126,7.305601239,12.84565777,1
16:10:22,3.252,3.251127,7.312279195,12.85341233,1
16:10:23,3.252,3.251127,7.31895715,12.86116838,1
16:10:25,3.252,3.251128,7.325635105,12.86892593,1
16:10:26,3.252,3.251129,7.332313,12.87667155,1
16:10:26,3.252,3.251129,7.338991016,12.88443655,1
16:10:27,3.252,3.25113,7.345668972,12.89218664,1
16:10:29,3.252,3.251131,7.352346927,12.8999427,1
16:10:30,3.252,3.251132,7.359024882,12.90771514,1
16:10:30,3.252,3.251132,7.365702838,12.91548312,1
16:10:31,3.252,3.251133,7.372380793,12.9232496,1
16:10:33,3.252,3.251134,7.379058748,12.93101609,1
16:10:34,3.252,3.251135,7.385736704,12.93878257,1
16:10:35,3.252,3.251136,7.392414659,12.94653714,1
16:10:35,3.253,3.251136,7.399092615,12.95555383,1
16:10:37,3.252,3.251621,7.40577057,12.96271384,1
16:10:38,3.252,3.251378,7.412448525,12.9701823,1
16:10:39,3.252,3.251258,7.419126481,12.97780275,1
16:10:39,3.252,3.251198,7.425804436,12.98548877,1
16:10:40,3.252,3.251169,7.432482392,12.99322993,1
16:10:42,3.252,3.251155,7.43916,13.00098747,1
16:10:43,3.252,3.251149,7.445838302,13.00875396,1
16:10:44,3.252,3.251146,7.452516258,13.0165264,1
16:10:44,3.252,3.251144,7.459194213,13.02430183,1
16:10:45,3.252,3.251144,7.465872169,13.03208,1
16:10:47,3.252,3.251145,7.472550124,13.03985715,1
16:10:48,3.252,3.251145,7.479228079,13.04763705,1
16:10:48,3.252,3.251146,7.485906035,13.05541694,1
16:10:49,3.253,3.251147,7.49258399,13.06446344,1
16:10:51,3.252,3.251632,7.499261945,13.0716145,1
16:10:52,3.252,3.251389,7.505939901,13.07909191,1
16:10:53,3.253,3.251268,7.512617856,13.08802813,1
16:10:53,3.253,3.251693,7.519295812,13.09641004,1
16:10:55,3.253,3.251905,7.525973767,13.10449988,1
16:10:56,3.253,3.25201,7.532651722,13.11247796,1
16:10:57,3.252,3.252063,7.539329678,13.11907321,1
16:10:57,3.253,3.251605,7.546008,13.12758178,1
16:10:59,3.253,3.251863,7.552685589,13.13575357,1
16:11:00,3.253,3.251991,7.559363544,13.14375848,1
16:11:01,3.253,3.252055,7.566041499,13.15167993,1
16:11:02,3.253,3.252087,7.572719455,13.15954775,1
16:11:02,3.253,3.252104,7.57939741,13.16741556,1
16:11:04,3.253,3.252112,7.586075366,13.17527145,1
16:11:05,3.253,3.252117,7.592753321,13.18312138,1
16:11:06,3.253,3.252119,7.599431276,13.19096833,1
16:11:06,3.253,3.252121,7.606109232,13.19881529,1
16:11:08,3.252,3.252122,7.612787187,13.20533007,1
16:11:09,3.253,3.251639,7.619465142,13.21382374,1
16:11:10,3.253,3.251884,7.626143098,13.22199255,1
16:11:11,3.253,3.252005,7.632821053,13.22998703,1
16:11:12,3.252,3.252066,7.639499009,13.23657483,1
16:11:13,3.253,3.251612,7.646176964,13.24512064,1
16:11:14,3.253,3.251872,7.652855,13.25331777,1
16:11:15,3.253,3.252001,7.659532875,13.26134,1
16:11:15,3.253,3.252066,7.66621083,13.2692799,1
16:11:17,3.253,3.252098,7.672888786,13.27717602,1
16:11:18,3.253,3.252115,7.679566741,13.28505278,1
16:11:19,3.253,3.252123,7.686244696,13.2929191,1
16:11:20,3.253,3.252128,7.692922652,13.30078095,1
16:11:21,3.253,3.252131,7.699600607,13.30864131,1
16:11:22,3.253,3.252132,7.706278563,13.31650168,1
16:11:23,3.253,3.252134,7.712956518,13.32434714,1
16:11:24,3.253,3.252135,7.719634473,13.3322,1
16:11:25,3.253,3.252135,7.726312429,13.34007084,1
16:11:26,3.253,3.252136,7.732990384,13.34793717,1
16:11:27,3.253,3.252137,7.739668339,13.355802,1
16:11:28,3.253,3.252138,7.746346295,13.36365342,1
16:11:29,3.253,3.252138,7.75302425,13.3715108,1
16:11:30,3.253,3.252139,7.759702,13.37938607,1
16:11:31,3.253,3.25214,7.766380161,13.38725686,1
16:11:32,3.253,3.252141,7.773058116,13.39512616,1
16:11:33,3.253,3.252141,7.779736072,13.40298057,1
16:11:34,3.253,3.252142,7.786414027,13.41085583,1
16:11:35,3.253,3.252143,7.793091983,13.41872811,1
16:11:36,3.253,3.252143,7.799769938,13.4266004,1
16:11:37,3.253,3.252145,7.806447893,13.43446,1
16:11:38,3.253,3.252145,7.813125849,13.44233602,1
16:11:39,3.253,3.252146,7.819803804,13.45021129,1
16:11:40,3.253,3.252146,7.82648176,13.45807314,1
16:11:41,3.253,3.252147,7.833159715,13.46595436,1
16:11:42,3.253,3.252148,7.83983767,13.47383261,1
16:11:43,3.253,3.252149,7.846515626,13.48170936,1
16:11:44,3.253,3.25215,7.853193581,13.48958611,1
16:11:45,3.253,3.25215,7.859871536,13.49746436,1
16:11:46,3.253,3.252151,7.866549,13.50532919,1
16:11:47,3.253,3.252152,7.873227447,13.51321489,1
16:11:48,3.253,3.252152,7.879905403,13.5210976,1
16:11:49,3.253,3.252153,7.886583358,13.52896541,1
16:11:50,3.253,3.252154,7.893261313,13.53685409,1
16:11:51,3.253,3.252155,7.899939269,13.54473978,1
16:11:52,3.253,3.252156,7.906617224,13.55262399,1
16:11:53,3.253,3.252156,7.91329518,13.56050819,1
16:11:54,3.253,3.252157,7.919973135,13.5683924,1
16:11:55,3.253,3.252158,7.92665109,13.5762766,1
16:11:56,3.253,3.252158,7.933329046,13.58414888,1
16:11:57,3.253,3.252159,7.940007001,13.59204203,1
16:11:58,3.253,3.25216,7.946684957,13.59993219,1
16:11:59,3.253,3.252161,7.953362912,13.60782087,1
16:12:00,3.253,3.252162,7.960040867,13.61570954,1
16:12:01,3.253,3.252162,7.966718823,13.62359822,1
16:12:02,3.253,3.252163,7.973397,13.63148838,1
16:12:03,3.253,3.252164,7.980074733,13.63938,1
16:12:04,3.253,3.252164,7.986752689,13.64727,1
16:12:05,3.253,3.252165,7.993430644,13.65516,1
16:12:06,3.253,3.252166,8.0001086,13.66305,1
16:12:07,3.253,3.252167,8.006786555,13.67094666,1
16:12:08,3.253,3.252167,8.01346451,13.6788398,1
16:12:09,3.253,3.252168,8.020142466,13.68673444,1
16:12:10,3.253,3.252169,8.026820421,13.69462907,1
16:12:11,3.253,3.25217,8.033498377,13.7025252,1
16:12:12,3.253,3.25217,8.040176332,13.71040791,1
16:12:13,3.253,3.252171,8.046854287,13.71831149,1
16:12:14,3.253,3.252172,8.053532243,13.72619867,1
16:12:15,3.253,3.252173,8.060210198,13.73410523,1
16:12:16,3.253,3.252173,8.066888154,13.74200881,1
16:12:17,3.253,3.252174,8.073566109,13.74991089,1
16:12:18,3.253,3.252175,8.080244,13.75781298,1
16:12:19,3.253,3.252176,8.08692202,13.76570016,1
16:12:20,3.253,3.252177,8.093599975,13.77361,1
16:12:21,3.253,3.252177,8.10027793,13.78151327,1
16:12:22,3.253,3.252178,8.106955886,13.78941834,1
16:12:23,3.253,3.252179,8.113633841,13.79732341,1
16:12:24,3.253,3.25218,8.120311797,13.80522698,1
16:12:25,3.253,3.25218,8.126989752,13.81313205,1
16:12:26,3.253,3.252181,8.133667707,13.82103711,1
16:12:27,3.253,3.252182,8.140345663,13.82894367,1
16:12:28,3.253,3.252182,8.147023618,13.83685023,1
16:12:29,3.253,3.252183,8.153701574,13.84475678,1
16:12:30,3.253,3.252184,8.160379529,13.85266483,1
16:12:31,3.253,3.252185,8.167057484,13.86057287,1
16:12:32,3.253,3.252185,8.17373544,13.86848241,1
16:12:33,3.253,3.252186,8.180413395,13.87639195,1
16:12:34,3.253,3.252187,8.187091351,13.88428807,1
16:12:35,3.253,3.252188,8.193769306,13.89220506,1
16:12:36,3.253,3.252188,8.200447261,13.90011907,1
16:12:37,3.253,3.252189,8.207125217,13.90801817,1
16:12:38,3.253,3.25219,8.213803172,13.91593814,1
16:12:39,3.253,3.252191,8.220481128,13.92385513,1
16:12:40,3.253,3.252192,8.227159083,13.93177062,1
16:12:42,3.253,3.252192,8.233837038,13.93967122,1
16:12:43,3.253,3.252193,8.240514994,13.94759268,1
16:12:43,3.253,3.252194,8.247192949,13.95551115,1
16:12:44,3.253,3.252194,8.253870904,13.96342814,1
16:12:45,3.253,3.252195,8.26054886,13.97133172,1
16:12:46,3.253,3.252196,8.267226815,13.97925615,1
16:12:47,3.253,3.252197,8.273904771,13.98717761,1
16:12:48,3.253,3.252197,8.280582726,13.99509758,1
16:12:49,3.253,3.252198,8.287260681,14.00301605,1
16:12:50,3.253,3.252199,8.293939,14.01092112,1
16:12:51,3.253,3.252199,8.300616592,14.01884854,1
16:12:52,3.253,3.2522,8.307294548,14.02677149,1
16:12:53,3.253,3.252201,8.313972503,14.03469443,1
16:12:54,3.253,3.252202,8.320650458,14.04262,1
16:12:55,3.253,3.252202,8.327328414,14.05052394,1
16:12:56,3.253,3.252203,8.334006369,14.05845284,1
16:12:57,3.253,3.252204,8.340684325,14.06637877,1
16:12:58,3.253,3.252205,8.34736228,14.07430321,1
16:12:59,3.253,3.252206,8.354040235,14.08222765,1
16:13:00,3.253,3.252206,8.360718191,14.09015208,1
16:13:01,3.253,3.252207,8.367396146,14.09806162,1
16:13:02,3.253,3.252208,8.374074101,14.10599351,1
16:13:03,3.253,3.252208,8.380752057,14.11392242,1
16:13:04,3.253,3.252209,8.387430012,14.12184983,1
16:13:05,3.253,3.25221,8.394107968,14.12977725,1
16:13:06,3.253,3.252211,8.400785923,14.13770467,1
16:13:07,3.253,3.252212,8.407463878,14.14563209,1
16:13:08,3.253,3.252212,8.414141834,14.15355951,1
16:13:09,3.253,3.252213,8.420819789,14.16147351,1
16:13:10,3.253,3.252213,8.427497745,14.16940987,1
16:13:11,3.253,3.252214,8.4341757,14.17734325,1
16:13:12,3.253,3.252215,8.440853655,14.18527514,1
16:13:13,3.253,3.252216,8.447531611,14.19320554,1
16:13:14,3.253,3.252217,8.454209566,14.20113593,1
16:13:15,3.253,3.252217,8.460887522,14.20906782,1
16:13:16,3.253,3.252218,8.467565477,14.21699971,1
16:13:17,3.253,3.252219,8.474243432,14.2249316,1
16:13:18,3.254,3.25222,8.480921388,14.23447281,1
16:13:19,3.254,3.252705,8.487599343,14.24323469,1
16:13:20,3.254,3.252947,8.494277298,14.25161064,1
16:13:21,3.254,3.253067,8.500955254,14.25979435,1
16:13:22,3.254,3.253127,8.507633,14.2678827,1
16:13:23,3.254,3.253158,8.514311165,14.27592337,1
16:13:24,3.255,3.253173,8.52098912,14.28556144,1
16:13:25,3.255,3.253666,8.527667075,14.29440379,1
16:13:26,3.255,3.253911,8.534345031,14.30285,1
16:13:27,3.255,3.254033,8.541022986,14.3111,1
16:13:28,3.255,3.254094,8.547700942,14.31925148,1
16:13:29,3.255,3.254125,8.554378897,14.32735473,1
16:13:30,3.256,3.25414,8.561056852,14.3370688,1
16:13:31,3.256,3.254634,8.567734808,14.34598,1
16:13:32,3.256,3.254879,8.574412763,14.35449272,1
16:13:33,3.256,3.255002,8.581090719,14.36280757,1
16:13:34,3.256,3.255063,8.587768674,14.37100619,1
16:13:35,3.256,3.255093,8.594446629,14.37918246,1
16:13:36,3.256,3.255109,8.601124585,14.38733041,1
16:13:37,3.256,3.255117,8.60780254,14.39546496,1
16:13:38,3.257,3.255122,8.614480495,14.4052431,1
16:13:39,3.257,3.255609,8.621158451,14.41421807,1
16:13:40,3.257,3.255852,8.627836406,14.42279518,1
16:13:41,3.258,3.255972,8.634514362,14.43282962,1
16:13:42,3.258,3.256518,8.641192317,14.44196403,1
16:13:43,3.258,3.256789,8.647870272,14.45065141,1
16:13:44,3.258,3.256924,8.654548228,14.45911676,1
16:13:45,3.258,3.256991,8.661226183,14.46747184,1
16:13:46,3.258,3.257025,8.667904139,14.47577327,1
16:13:47,3.258999,3.257043,8.674582094,14.48571384,1
16:13:48,3.258999,3.257536,8.681260049,14.49483484,1
16:13:49,3.258999,3.257782,8.687938005,14.50354755,1
16:13:50,3.258999,3.257904,8.69461596,14.5120576,1
16:13:51,3.258999,3.257965,8.701293916,14.52046782,1
16:13:52,3.258999,3.257996,8.707971871,14.52882886,1
16:13:53,3.258999,3.258012,8.714649826,14.53716606,1
16:13:54,3.258999,3.25802,8.721328,14.54548985,1
16:13:55,3.258999,3.258024,8.728005737,14.55381,1
16:13:56,3.258999,3.258027,8.734683692,14.5621255,1
16:13:57,3.258999,3.258029,8.741361648,14.57044184,1
16:13:58,3.258999,3.25803,8.748039603,14.57875818,1
16:13:59,3.258999,3.258031,8.754717559,14.58707452,1
16:14:00,3.258999,3.258032,8.761395514,14.59539086,1
16:14:01,3.258999,3.258033,8.768073469,14.60370719,1
16:14:02,3.258999,3.258034,8.774751425,14.61202502,1
16:14:03,3.258999,3.258034,8.78142938,14.62034285,1
16:14:04,3.258999,3.258035,8.788107336,14.62866217,1
16:14:05,3.258999,3.258036,8.794785291,14.63696212,1
16:14:06,3.258999,3.258037,8.801463246,14.64529186,1
16:14:07,3.258999,3.258038,8.808141202,14.65359777,1
16:14:08,3.258999,3.258039,8.814819157,14.66191113,1
16:14:09,3.258999,3.258039,8.821497113,14.67023,1
16:14:10,3.258999,3.25804,8.828175068,14.67856765,1
16:14:11,3.258999,3.25804,8.834853023,14.68689889,1
16:14:12,3.258999,3.258041,8.841530979,14.69522715,1
16:14:13,3.258999,3.258042,8.848208934,14.70355392,1
16:14:14,3.258999,3.258043,8.854886889,14.71186131,1
16:14:15,3.258999,3.258044,8.861564845,14.72018,1
16:14:16,3.258999,3.258045,8.8682428,14.7285,1
16:14:17,3.258999,3.258045,8.874920756,14.73684162,1
16:14:18,3.258999,3.258046,8.881598711,14.74517733,1
16:14:19,3.258999,3.258047,8.888276666,14.75351006,1
16:14:20,3.258999,3.258048,8.894954622,14.76182193,1
16:14:21,3.258999,3.258049,8.901632577,14.77014124,1
16:14:22,3.258999,3.258049,8.908310533,14.77846503,1
16:14:23,3.258999,3.25805,8.914988488,14.78681266,1
16:14:24,3.258999,3.258051,8.921666443,14.79515135,1
16:14:25,3.258999,3.258052,8.928344399,14.80346769,1
16:14:26,3.258999,3.258052,8.935022,14.81179148,1
16:14:27,3.258999,3.258053,8.94170031,14.82013911,1
16:14:28,3.258999,3.258054,8.948378265,14.82847929,1
16:14:29,3.26,3.258055,8.95505622,14.83857483,1
16:14:30,3.258999,3.258541,8.961734176,14.84604925,1
16:14:31,3.258999,3.258297,8.968412131,14.85395283,1
16:14:32,3.26,3.258177,8.975090086,14.86386657,1
16:14:33,3.26,3.258603,8.981768042,14.87301588,1
16:14:34,3.26,3.258815,8.988445997,14.88178819,1
16:14:35,3.26,3.25892,8.995123953,14.89037424,1
16:14:36,3.258999,3.258973,9.001801908,14.89709765,1
16:14:37,3.26,3.258514,9.008479863,14.90640342,1
16:14:38,3.26,3.258772,9.015157819,14.91525471,1
16:14:39,3.26,3.258901,9.021835774,14.92386,1
16:14:40,3.26,3.258965,9.02851373,14.9323836,1
16:14:41,3.26,3.258997,9.035191685,14.94084746,1
16:14:42,3.26,3.259014,9.04186964,14.94928151,1
16:14:43,3.26,3.259022,9.048547596,14.95770216,1
16:14:44,3.26,3.259027,9.055225551,14.96611536,1
16:14:45,3.26,3.25903,9.061903507,14.97452557,1
16:14:46,3.26,3.259031,9.068581462,14.9829343,1
16:14:47,3.26,3.259033,9.075259417,14.99134302,1
16:14:48,3.26,3.259034,9.081937373,14.99973089,1
16:14:49,3.26,3.259035,9.088615328,15.00814855,1
16:14:50,3.26,3.259035,9.095293283,15.01656324,1
16:14:51,3.26,3.259037,9.101971239,15.02495408,1
16:14:52,3.26,3.259037,9.108649194,15.03337473,1
16:14:53,3.26,3.259038,9.11532715,15.04177004,1
16:14:54,3.26,3.259039,9.122005105,15.05017,1
16:14:55,3.26,3.259039,9.12868306,15.05858004,1
16:14:56,3.26,3.25904,9.135361016,15.06699026,1
16:14:57,3.26,3.259041,9.142038971,15.07540047,1
16:14:58,3.26,3.259042,9.148717,15.08381218,1
16:14:59,3.26,3.259043,9.155394882,15.09224474,1
16:15:00,3.26,3.259043,9.162072837,15.10066837,1
16:15:01,3.26,3.259044,9.168750793,15.10908753,1
16:15:02,3.26,3.259045,9.175428748,15.11750519,1
16:15:03,3.26,3.259046,9.182106704,15.12590051,1
16:15:04,3.26,3.259047,9.188784659,15.13432711,1
16:15:05,3.26,3.259048,9.195462614,15.14274776,1
16:15:06,3.26,3.259048,9.20214057,15.15117,1
16:15:07,3.26,3.259049,9.208818525,15.15958458,1
16:15:08,3.26,3.25905,9.21549648,15.16800225,1
16:15:09,3.26,3.259051,9.222174436,15.17641991,1
16:15:10,3.26,3.259051,9.228852391,15.18481821,1
16:15:11,3.26,3.259052,9.235530347,15.1932463,1
16:15:12,3.26,3.259053,9.242208302,15.20166993,1
16:15:13,3.26,3.259054,9.248886257,15.21009207,1
16:15:14,3.26,3.259055,9.255564213,15.21851271,1
16:15:15,3.26,3.259055,9.262242168,15.22693336,1
16:15:16,3.26,3.259056,9.268920124,15.23535401,1
16:15:17,3.26,3.259057,9.275598079,15.24375379,1
16:15:18,3.26,3.259058,9.282276034,15.2521655,1
16:15:19,3.26,3.259058,9.28895399,15.26058167,1
16:15:20,3.26,3.259059,9.295631945,15.26902169,1
16:15:21,3.26,3.25906,9.302309901,15.27745277,1
16:15:22,3.26,3.259061,9.308987856,15.28588086,1
16:15:23,3.26,3.259062,9.315665811,15.29430598,1
16:15:24,3.26,3.259062,9.322343767,15.3027311,1
16:15:25,3.26,3.259063,9.329021722,15.31115621,1
16:15:26,3.26,3.259064,9.335699677,15.31958133,1
16:15:27,3.26,3.259065,9.342377633,15.32798558,1
16:15:28,3.26,3.259066,9.349055588,15.33640027,1
16:15:29,3.26,3.259066,9.355733544,15.34484029,1
16:15:30,3.26,3.259067,9.362411,15.35327,1
16:15:31,3.26,3.259068,9.369089454,15.36170393,1
16:15:32,3.26,3.259069,9.37576741,15.37013203,1
16:15:33,3.26,3.259069,9.382445365,15.37856013,1
16:15:34,3.26,3.25907,9.389123321,15.38698822,1
16:15:35,3.26,3.259071,9.395801276,15.39541632,1
16:15:36,3.26,3.259072,9.402479231,15.40384442,1
16:15:37,3.26,3.259073,9.409157187,15.41227251,1
16:15:38,3.26,3.259073,9.415835142,15.42070061,1
16:15:39,3.26,3.259074,9.422513098,15.42910933,1
16:15:40,3.26,3.259075,9.429191053,15.43752849,1
16:15:41,3.26,3.259076,9.435869008,15.44597298,1
16:15:42,3.26,3.259077,9.442546964,15.45441002,1
16:15:43,3.26,3.259077,9.449224919,15.46282321,1
16:15:44,3.26,3.259078,9.455902874,15.47124535,1
16:15:45,3.26,3.259079,9.46258083,15.47969282,1
16:15:46,3.26,3.25908,9.469258785,15.48813134,1
16:15:47,3.26,3.259081,9.475936741,15.49654603,1
16:15:48,3.26,3.259081,9.482614696,15.50498903,1
16:15:49,3.26,3.259082,9.489292651,15.51342756,1
16:15:50,3.26,3.259083,9.495970607,15.52184224,1
16:15:51,3.26,3.259084,9.502648562,15.53026587,1
16:15:52,3.26,3.259084,9.509326518,15.53871483,1
16:15:53,3.26,3.259085,9.516004473,15.54716,1
16:15:54,3.26,3.259086,9.522682428,15.55559337,1
16:15:55,3.26,3.259087,9.529360384,15.56402892,1
16:15:57,3.26,3.259088,9.536038339,15.57246447,1
16:15:57,3.26,3.259089,9.542716295,15.58089852,1
16:15:58,3.26,3.259089,9.54939425,15.58933407,1
16:15:59,3.26,3.25909,9.556072205,15.59776962,1
16:16:00,3.26,3.259091,9.562750161,15.60620368,1
16:16:01,3.26,3.259091,9.569428116,15.61463922,1
16:16:02,3.26,3.259092,9.576106,15.62307477,1
16:16:03,3.26,3.259093,9.582784027,15.63151032,1
16:16:04,3.26,3.259094,9.589461982,15.63994586,1
16:16:05,3.26,3.259095,9.596139938,15.64838141,1
16:16:06,3.26,3.259096,9.602817893,15.65681696,1
16:16:07,3.26,3.259096,9.609495848,15.665254,1
16:16:08,3.26,3.259097,9.616173804,15.67369103,1
16:16:09,3.26,3.259098,9.622851759,15.68212807,1
16:16:10,3.26,3.259099,9.629529715,15.69057,1
16:16:11,3.26,3.259099,9.63620767,15.69900215,1
16:16:12,3.26,3.2591,9.642885625,15.70743918,1
16:16:13,3.26,3.259101,9.649563581,15.71587771,1
16:16:14,3.26,3.259102,9.656241536,15.72429538,1
16:16:15,3.26,3.259103,9.662919492,15.73274285,1
16:16:16,3.26,3.259103,9.669597447,15.74118584,1
16:16:17,3.26,3.259104,9.676275402,15.74960649,1
16:16:18,3.26,3.259105,9.682953358,15.75805694,1
16:16:19,3.26,3.259106,9.689631313,15.7665,1
16:16:20,3.26,3.259107,9.696309268,15.77494293,1
16:16:21,3.26,3.259107,9.702987224,15.78338444,1
16:16:22,3.26,3.259108,9.709665179,15.79182446,1
16:16:23,3.26,3.259109,9.716343135,15.80026448,1
16:16:24,3.26,3.259109,9.72302109,15.8087045,1
16:16:25,3.26,3.25911,9.729699045,15.81712365,1
16:16:26,3.26,3.259111,9.736377001,15.8255741,1
16:16:27,3.26,3.259112,9.743054956,15.83402008,1
16:16:28,3.26,3.259113,9.749732912,15.84246308,1
16:16:29,3.26,3.259114,9.756410867,15.85090458,1
16:16:30,3.26,3.259114,9.763088822,15.85932523,1
16:16:31,3.26,3.259115,9.769766778,15.86777568,1
16:16:32,3.26,3.259116,9.776444733,15.87622,1
16:16:33,3.26,3.259117,9.783122689,15.88464379,1
16:16:34,3.261,3.259117,9.789801,15.89510888,1
16:16:35,3.261,3.259603,9.796478599,15.904589,1
16:16:36,3.261,3.259845,9.803156555,15.91358334,1
16:16:37,3.261,3.259966,9.80983451,15.92233479,1
16:16:38,3.261,3.260026,9.816512465,15.93094468,1
16:16:39,3.262001,3.260056,9.823190421,15.94154984,1
16:16:40,3.262001,3.260557,9.829868376,15.95113873,1
16:16:41,3.262001,3.260806,9.836546332,15.96022248,1
16:16:42,3.263,3.26093,9.843224287,15.97107202,1
16:16:43,3.263,3.261477,9.849902242,15.98082036,1
16:16:44,3.264,3.26175,9.856580198,15.99203944,1
16:16:45,3.264,3.26237,9.863258153,16.00200832,1
16:16:46,3.264,3.262679,9.869936109,16.01135731,1
16:16:47,3.265,3.262832,9.876614064,16.02241993,1
16:16:48,3.265,3.263394,9.883292019,16.03234857,1
16:16:49,3.265,3.263673,9.889969975,16.04168266,1
16:16:50,3.266,3.263813,9.89664793,16.05277,1
16:16:51,3.266,3.264367,9.903325886,16.06279314,1
16:16:52,3.266,3.264644,9.910003841,16.0722062,1
16:16:53,3.266,3.264781,9.916681796,16.08138382,1
16:16:54,3.266,3.26485,9.923359752,16.09041244,1
16:16:55,3.266,3.264884,9.930037707,16.09936953,1
16:16:56,3.266,3.264902,9.936715662,16.10828936,1
16:16:57,3.266,3.264911,9.943393618,16.11719,1
16:16:58,3.266,3.264916,9.950071573,16.12608582,1
16:16:59,3.266,3.264919,9.956749529,16.13497585,1
16:17:00,3.266,3.264921,9.963427484,16.14383757,1
16:17:01,3.266,3.264922,9.970105439,16.15271121,1
16:17:02,3.266,3.264924,9.976783395,16.16159081,1
16:17:03,3.266,3.264924,9.98346135,16.17050022,1
16:17:04,3.266,3.264925,9.990139306,16.17939919,1
16:17:05,3.266,3.264926,9.996817261,16.18829221,1
16:17:06,3.266,3.264927,10.0035,16.19715542,1
16:17:07,3.266,3.264928,10.01017317,16.20603055,1
16:17:08,3.266,3.264929,10.01685113,16.21491164,1
16:17:09,3.266,3.264929,10.02352908,16.22382253,1
16:17:10,3.266,3.26493,10.03020704,16.232723,1
16:17:11,3.266,3.264931,10.03688499,16.2416175,1
16:17:12,3.266,3.264932,10.04356295,16.25050902,1
16:17:13,3.266,3.264933,10.0502409,16.25940055,1
16:17:14,3.266,3.264934,10.05691886,16.26829058,1
16:17:15,3.266,3.264934,10.06359681,16.27718061,1
16:17:16,3.267,3.264935,10.07027477,16.2880972,1
16:17:17,3.266,3.265421,10.07695273,16.29598588,1
16:17:18,3.267,3.265178,10.08363068,16.30646735,1
16:17:19,3.267,3.265542,10.09030864,16.31618589,1
16:17:20,3.266,3.265724,10.09698659,16.32343978,1
16:17:21,3.267,3.265329,10.10366455,16.33360535,1
16:17:22,3.267,3.265619,10.1103425,16.34316742,1
16:17:23,3.266,3.265763,10.11702046,16.35034084,1
16:17:24,3.267,3.26535,10.12369841,16.36047065,1
16:17:25,3.267,3.26563,10.13037637,16.36998206,1
16:17:26,3.267,3.26577,10.13705432,16.37925208,1
16:17:27,3.267,3.26584,10.14373228,16.38834178,1
16:17:28,3.267,3.265875,10.15041023,16.39739871,1
16:17:29,3.267,3.265893,10.15708819,16.40641242,1
16:17:30,3.267,3.265902,10.16376615,16.41540378,1
16:17:31,3.267,3.265907,10.1704441,16.42438471,1
16:17:32,3.267,3.26591,10.17712206,16.43335968,1
16:17:33,3.267,3.265912,10.18380001,16.44233316,1
16:17:34,3.267,3.265913,10.19047797,16.45130515,1
16:17:35,3.267,3.265914,10.19715592,16.46027714,1
16:17:36,3.267,3.265915,10.20383388,16.46924913,1
16:17:37,3.267,3.265916,10.21051183,16.47822112,1
16:17:38,3.267,3.265917,10.21719,16.4871648,1
16:17:39,3.267,3.265918,10.22386774,16.4961502,1
16:17:40,3.267,3.265919,10.2305457,16.50510132,1
16:17:41,3.267,3.26592,10.23722365,16.5140897,1
16:17:42,3.267,3.265921,10.24390161,16.52304232,1
16:17:43,3.267,3.265921,10.25057957,16.53203368,1
16:17:44,3.267,3.265922,10.25725752,16.54101461,1
16:17:45,3.267,3.265923,10.26393548,16.54999256,1
16:17:46,3.267,3.265924,10.27061343,16.55896902,1
16:17:47,3.267,3.265925,10.27729139,16.56794399,1
16:17:48,3.267,3.265925,10.28396934,16.57691896,1
16:17:49,3.267,3.265926,10.2906473,16.58589244,1
16:17:50,3.267,3.265927,10.29732525,16.59484,1
16:17:51,3.267,3.265928,10.30400321,16.60382748,1
16:17:52,3.267,3.265929,10.31068116,16.61278009,1
16:17:53,3.267,3.26593,10.31735912,16.62177145,1
16:17:54,3.267,3.265931,10.32403708,16.63075387,1
16:17:55,3.267,3.265931,10.33071503,16.63973331,1
16:17:56,3.267,3.265932,10.33739299,16.64871126,1
16:17:57,3.267,3.265933,10.34407094,16.65768772,1
16:17:58,3.267,3.265934,10.3507489,16.66666418,1
16:17:59,3.267,3.265935,10.35742685,16.67561233,1
16:18:00,3.267,3.265936,10.36410481,16.6846022,1
16:18:01,3.267,3.265937,10.37078276,16.69355631,1
16:18:02,3.267,3.265937,10.37746072,16.70252234,1
16:18:03,3.267,3.265938,10.38413867,16.71149284,1
16:18:04,3.267,3.265939,10.39081663,16.72046483,1
16:18:05,3.267,3.26594,10.39749458,16.7294398,1
16:18:06,3.267,3.265941,10.40417254,16.73844308,1
16:18:07,3.267,3.265941,10.4108505,16.74743295,1
16:18:08,3.267,3.265942,10.41752845,16.75641686,1
16:18:09,3.267,3.265943,10.42420641,16.7653963,1
16:18:10,3.267,3.265944,10.43088,16.77437425,1
16:18:11,3.268,3.265945,10.43756232,16.78553224,1
16:18:12,3.268,3.266431,10.44424027,16.79563373,1
16:18:13,3.268,3.266673,10.45091823,16.80517346,1
16:18:14,3.268,3.266793,10.45759618,16.81450307,1
16:18:15,3.269,3.266853,10.46427414,16.82588756,1
16:18:16,3.269,3.267369,10.47095209,16.83609635,1
16:18:17,3.269,3.267625,10.47763005,16.84580445,1
16:18:18,3.27,3.267753,10.484308,16.85742438,1
16:18:19,3.27,3.268302,10.49098596,16.86783284,1
16:18:20,3.27,3.268576,10.49766392,16.87764078,1
16:18:21,3.271,3.268712,10.50434187,16.88934863,1
16:18:22,3.271,3.269265,10.51101983,16.89984351,1
16:18:23,3.272,3.26954,10.51769778,16.91187024,1
16:18:24,3.272,3.270162,10.52437574,16.92261994,1
16:18:25,3.272,3.270472,10.53105369,16.93263501,1
16:18:26,3.273,3.270626,10.53773165,16.94458872,1
16:18:27,3.273,3.271189,10.5444096,16.95528179,1
16:18:28,3.273,3.271468,10.55108756,16.965352,1
16:18:29,3.274,3.271608,10.55776551,16.97732508,1
16:18:30,3.274,3.272162,10.56444347,16.9880718,1
16:18:31,3.274,3.272439,10.57112142,16.99820906,1
16:18:32,3.274,3.272576,10.57779938,17.00804383,1
16:18:33,3.274,3.272645,10.58447734,17.01772809,1
16:18:34,3.274,3.272679,10.59115529,17.02733934,1
16:18:35,3.274,3.272697,10.59783325,17.03691185,1
16:18:36,3.274,3.272706,10.6045112,17.0464322,1
16:18:37,3.274,3.272711,10.61118916,17.05599576,1
16:18:38,3.274,3.272714,10.61786711,17.06554592,1
16:18:39,3.274,3.272716,10.62454507,17.07509011,1
16:18:40,3.274,3.272717,10.63122302,17.08463132,1
16:18:41,3.274,3.272719,10.63790098,17.09413677,1
16:18:42,3.274,3.27272,10.64458,17.10369289,1
16:18:43,3.274,3.272721,10.65125689,17.11320579,1
16:18:44,3.274,3.272722,10.65793484,17.1227321,1
16:18:45,3.274,3.272722,10.6646128,17.13226438,1
16:18:46,3.274,3.272724,10.67129076,17.14179963,1
16:18:47,3.274,3.272724,10.67796871,17.15137213,1
16:18:48,3.274,3.272725,10.68464667,17.16092825,1
16:18:49,3.274,3.272726,10.69132462,17.17044264,1
16:18:50,3.274,3.272727,10.69800258,17.17997044,1
16:18:51,3.274,3.272728,10.70468053,17.18950421,1
16:18:52,3.274,3.272729,10.71135849,17.19904095,1
16:18:53,3.274,3.27273,10.71803644,17.20861495,1
16:18:54,3.275,3.272731,10.7247144,17.220442,1
16:18:55,3.274,3.273217,10.73139235,17.22889245,1
16:18:56,3.274,3.272973,10.73807031,17.23789424,1
16:18:57,3.274,3.272853,10.74474826,17.24716872,1
16:18:58,3.274,3.272794,10.75142622,17.2565788,1
16:18:59,3.275,3.272765,10.75810418,17.26832241,1
16:19:00,3.275,3.273236,10.76478213,17.27900058,1
16:19:01,3.275,3.27347,10.77146009,17.28914976,1
16:19:02,3.275,3.273587,10.77813804,17.29903519,1
16:19:03,3.275,3.273646,10.784816,17.30875224,1
16:19:04,3.275,3.273675,10.79149395,17.31842458,1
16:19:05,3.275,3.27369,10.79817191,17.32811034,1
16:19:06,3.275,3.273699,10.80484986,17.3377648,1
16:19:07,3.275,3.273703,10.81152782,17.34740585,1
16:19:08,3.275,3.273705,10.81820577,17.35700369,1
16:19:09,3.275,3.273707,10.82488373,17.36665219,1
16:19:10,3.275,3.273709,10.83156168,17.37629026,1
16:19:11,3.275,3.27371,10.83823964,17.38592237,1
16:19:12,3.275,3.27371,10.8449176,17.39555299,1
16:19:13,3.275,3.273712,10.85159555,17.40518212,1
16:19:14,3.275,3.273712,10.85827,17.41481125,1
16:19:15,3.275,3.273713,10.86495146,17.42444,1
16:19:16,3.275,3.273714,10.87162942,17.43403375,1
16:19:17,3.275,3.273715,10.87830737,17.44368076,1
16:19:18,3.275,3.273716,10.88498533,17.45328158,1
16:19:19,3.275,3.273717,10.89166328,17.46293306,1
16:19:20,3.275,3.273718,10.89834124,17.47257262,1
16:19:21,3.275,3.273719,10.90501919,17.48220772,1
16:19:22,3.275,3.27372,10.91169715,17.49183983,1
16:19:23,3.275,3.273721,10.9183751,17.50147194,1
16:19:24,3.275,3.273721,10.92505306,17.51106679,1
16:19:25,3.275,3.273722,10.93173102,17.5207153,1
16:19:26,3.275,3.273723,10.93840897,17.53031909,1
16:19:27,3.275,3.273724,10.94508693,17.53997207,1
16:19:28,3.275,3.273725,10.95176488,17.54961312,1
16:19:29,3.275,3.273726,10.95844284,17.5592497,1
16:19:30,3.275,3.273727,10.96512079,17.5688833,1
16:19:31,3.275,3.273728,10.97179875,17.57851541,1
16:19:32,3.275,3.273729,10.9784767,17.58811176,1
16:19:33,3.275,3.27373,10.98515466,17.59776175,1
16:19:34,3.275,3.273731,10.99183261,17.60736555,1
16:19:35,3.275,3.273731,10.99851057,17.61698276,1
16:19:36,3.275,3.273732,11.00518852,17.62660742,1
16:19:37,3.275,3.273733,11.01186648,17.63623506,1
16:19:38,3.275,3.273734,11.01854444,17.64586419,1
16:19:39,3.275,3.273735,11.02522239,17.65553057,1
16:19:40,3.275,3.273736,11.03190035,17.66518056,1
16:19:41,3.275,3.273737,11.0385783,17.67478585,1
16:19:42,3.275,3.273737,11.04525626,17.68440455,1
16:19:43,3.275,3.273739,11.05193421,17.69402921,1
16:19:44,3.275,3.27374,11.05861217,17.70365685,1
16:19:45,3.275,3.273741,11.06529012,17.71332324,1
16:19:46,3.275,3.273741,11.07197,17.72297323,1
16:19:47,3.275,3.273742,11.07864603,17.73257852,1
16:19:48,3.275,3.273743,11.08532399,17.74223298,1
16:19:49,3.275,3.273744,11.09200194,17.75187701,1
16:19:50,3.275,3.273745,11.0986799,17.76152,1
16:19:51,3.275,3.273746,11.10535786,17.77115315,1
16:19:52,3.275,3.273747,11.11203581,17.78075248,1
16:19:53,3.275,3.273747,11.11871377,17.79040545,1
16:19:54,3.275,3.273749,11.12539172,17.80001223,1
16:19:55,3.275,3.273749,11.13206968,17.80963242,1
16:19:56,3.275,3.27375,11.13874763,17.81925857,1
16:19:57,3.275,3.273751,11.14542559,17.8288877,1
16:19:58,3.275,3.273752,11.15210354,17.83855408,1
16:19:59,3.275,3.273753,11.1587815,17.84820408,1
16:20:00,3.275,3.273754,11.16545945,17.85781085,1
16:20:01,3.275,3.273755,11.17213741,17.86743104,1
16:20:02,3.275,3.273756,11.17881536,17.87705719,1
16:20:03,3.275,3.273757,11.18549332,17.88669,1
16:20:04,3.275,3.273757,11.19217128,17.8963542,1
16:20:05,3.275,3.273758,11.19884923,17.90600568,1
16:20:06,3.275,3.273759,11.20552719,17.91561097,1
16:20:07,3.275,3.27376,11.21220514,17.92523116,1
16:20:08,3.275,3.273761,11.2188831,17.93485731,1
16:20:09,3.275,3.273762,11.22556105,17.94448644,1
16:20:10,3.276,3.273763,11.23223901,17.95657277,1
16:20:11,3.276,3.274249,11.23891696,17.96746,1
16:20:12,3.276,3.274491,11.24559492,17.97776,1
16:20:13,3.276,3.274612,11.25227287,17.98776984,1
16:20:14,3.276,3.274673,11.25895083,17.99763292,1
16:20:15,3.276,3.274703,11.26562878,18.00742298,1
16:20:16,3.277,3.274719,11.27230674,18.01957786,1
16:20:17,3.277,3.275212,11.2789847,18.03055108,1
16:20:18,3.278,3.275457,11.28566,18.04334223,1
16:20:19,3.278,3.276065,11.29234061,18.05467457,1
16:20:20,3.278,3.276367,11.29901856,18.0652827,1
16:20:21,3.279,3.276518,11.30569652,18.07793826,1
16:20:22,3.279,3.277078,11.31237447,18.08925,1
16:20:23,3.28,3.277357,11.31905243,18.10230166,1
16:20:24,3.28,3.277982,11.32573038,18.11385304,1
16:20:25,3.28,3.278292,11.33240834,18.12465638,1
16:20:26,3.28,3.278447,11.33908629,18.13508868,1
16:20:27,3.281,3.278524,11.34576425,18.14775,1
16:20:28,3.281,3.279048,11.3524422,18.15909892,1
16:20:29,3.281,3.279309,11.35912016,18.1698963,1
16:20:30,3.281,3.279439,11.36579812,18.18032,1
16:20:31,3.281,3.279504,11.37247607,18.19065511,1
16:20:32,3.281,3.279537,11.37915403,18.20089668,1
16:20:33,3.281,3.279554,11.38583198,18.21105033,1
16:20:34,3.281,3.279562,11.39250994,18.22124571,1
16:20:35,3.281,3.279567,11.39918789,18.23137701,1
16:20:36,3.281,3.27957,11.40586585,18.24156046,1
16:20:37,3.281,3.279572,11.4125438,18.25172901,1
16:20:38,3.281,3.279574,11.41922176,18.26189011,1
16:20:39,3.281,3.279575,11.42589971,18.27204674,1
16:20:40,3.281,3.279576,11.43257767,18.28216016,1
16:20:41,3.281,3.279577,11.43925563,18.29233468,1
16:20:42,3.281,3.279578,11.44593358,18.30249876,1
16:20:43,3.281,3.279579,11.45261154,18.31265688,1
16:20:44,3.281,3.27958,11.45928949,18.32281351,1
16:20:45,3.281,3.279581,11.46596745,18.33296865,1
16:20:46,3.281,3.279582,11.4726454,18.3431223,1
16:20:47,3.281,3.279583,11.47932336,18.35327595,1
16:20:48,3.281,3.279583,11.48600131,18.3634311,1
16:20:49,3.281,3.279585,11.49267927,18.37358,1
16:20:50,3.281,3.279586,11.49936,18.3837384,1
16:20:51,3.281,3.279587,11.50603518,18.39385,1
16:20:52,3.281,3.279587,11.51271313,18.40402484,1
16:20:53,3.282,3.279588,11.51939109,18.41665953,1
16:20:54,3.281,3.280075,11.52606905,18.42562109,1
16:20:55,3.282,3.279831,11.532747,18.4376508,1
16:20:56,3.281,3.280196,11.53942496,18.44631284,1
16:20:57,3.282,3.279893,11.54610291,18.45819503,1
16:20:58,3.282,3.280228,11.55278087,18.46925318,1
16:20:59,3.282,3.280395,11.55945882,18.47990155,1
16:21:00,3.282,3.280478,11.56613678,18.49029958,1
16:21:01,3.282,3.28052,11.57281473,18.50066334,1
16:21:02,3.282,3.280541,11.57949269,18.510966,1
16:21:03,3.282,3.280552,11.58617064,18.52123886,1
16:21:04,3.282,3.280558,11.5928486,18.53149682,1
16:21:05,3.282,3.280561,11.59952655,18.54174733,1
16:21:06,3.282,3.280564,11.60620451,18.55199337,1
16:21:07,3.282,3.280565,11.61288247,18.56219471,1
16:21:08,3.282,3.280567,11.61956042,18.57246011,1
16:21:09,3.282,3.280568,11.62623838,18.5827136,1
16:21:10,3.282,3.280569,11.63291633,18.59291792,1
16:21:11,3.282,3.28057,11.63959429,18.60318482,1
16:21:12,3.282,3.280571,11.64627224,18.6134398,1
16:21:13,3.282,3.280571,11.6529502,18.6236456,1
16:21:14,3.282,3.280573,11.65962815,18.6339125,1
16:21:15,3.282,3.280574,11.66630611,18.64416748,1
16:21:16,3.282,3.280575,11.67298406,18.6543718,1
16:21:17,3.282,3.280575,11.67966202,18.6646387,1
16:21:18,3.282,3.280576,11.68633997,18.67489368,1
16:21:19,3.282,3.280577,11.69301793,18.68509799,1
16:21:20,3.282,3.280578,11.69969589,18.69536489,1
16:21:21,3.282,3.280579,11.70637384,18.70561987,1
16:21:22,3.282,3.28058,11.71305,18.71586889,1
16:21:23,3.282,3.280581,11.71972975,18.72611493,1
16:21:24,3.282,3.280582,11.72640771,18.73635948,1
16:21:25,3.282,3.280583,11.73308566,18.74660254,1
16:21:26,3.282,3.280584,11.73976362,18.75680238,1
16:21:27,3.282,3.280585,11.74644157,18.7670663,1
16:21:28,3.282,3.280586,11.75311953,18.77731979,1
16:21:29,3.282,3.280587,11.75979748,18.7875241,1
16:21:30,3.282,3.280588,11.76647544,18.79778951,1
16:21:31,3.282,3.280589,11.77315339,18.80804449,1
16:21:32,3.282,3.28059,11.77983135,18.81824881,1
16:21:33,3.282,3.280591,11.78650931,18.82851571,1
16:21:34,3.282,3.280592,11.79318726,18.8387692,1
16:21:35,3.282,3.280593,11.79986522,18.84897351,1
16:21:36,3.282,3.280593,11.80654317,18.85924041,1
16:21:37,3.282,3.280594,11.81322113,18.8695,1
16:21:38,3.282,3.280596,11.81989908,18.8797,1
16:21:39,3.282,3.280596,11.82657704,18.88996661,1
16:21:40,3.282,3.280597,11.83325499,18.9002201,1
16:21:41,3.282,3.280598,11.83993295,18.91046762,1
16:21:42,3.282,3.280599,11.8466109,18.92071217,1
16:21:43,3.282,3.2806,11.85328886,18.93095523,1
16:21:44,3.282,3.280601,11.85996681,18.9411968,1
16:21:45,3.282,3.280602,11.86664477,18.95139515,1
16:21:46,3.282,3.280603,11.87332273,18.96165758,1
16:21:47,3.282,3.280604,11.88000068,18.97186488,1
16:21:48,3.282,3.280605,11.88667864,18.98213178,1
16:21:49,3.282,3.280606,11.89335659,18.99238527,1
16:21:50,3.282,3.280607,11.90003455,19.00258809,1
16:21:51,3.282,3.280608,11.9067125,19.0128535,1
16:21:52,3.282,3.280609,11.91339046,19.0231055,1
16:21:53,3.282,3.28061,11.92006841,19.03330833,1
16:21:54,3.282,3.280611,11.92675,19.04357225,1
16:21:55,3.282,3.280612,11.93342432,19.05382425,1
16:21:56,3.282,3.280613,11.94010228,19.06402558,1
16:21:57,3.282,3.280613,11.94678023,19.0742895,1
16:21:58,3.282,3.280614,11.95345819,19.08454001,1
16:21:59,3.282,3.280615,11.96013615,19.09474134,1
16:22:00,3.282,3.280616,11.9668141,19.10500377,1
16:22:01,3.282,3.280617,11.97349206,19.11525428,1
16:22:02,3.283,3.280618,11.98017001,19.12808269,1
16:22:03,3.283,3.281105,11.98684797,19.13965195,1
16:22:04,3.283,3.281347,11.99352592,19.15059835,1
16:22:05,3.284,3.281468,12.00020388,19.16381717,1
16:22:06,3.284,3.282013,12.00688183,19.17556524,1
16:22:07,3.284,3.282285,12.01355979,19.18670386,1
16:22:08,3.285,3.28242,12.02023774,19.19999272,1
16:22:09,3.285,3.282973,12.0269157,19.21195537,1
16:22:10,3.286,3.283248,12.03359365,19.22578663,1
16:22:11,3.286,3.283871,12.04027161,19.23799217,1
16:22:12,3.286,3.284181,12.04694957,19.24939,1
16:22:13,3.286,3.284335,12.05362752,19.26039159,1
16:22:14,3.286,3.284412,12.06030548,19.27119195,1
16:22:15,3.287,3.284451,12.06698343,19.28449422,1
16:22:16,3.287,3.284956,12.07366139,19.29648519,1
16:22:17,3.287,3.285208,12.08033934,19.30782497,1
16:22:18,3.287,3.285333,12.0870173,19.3188414,1
16:22:19,3.288,3.285396,12.09369525,19.33230162,1
16:22:20,3.288,3.285913,12.10037321,19.34441924,1
16:22:21,3.288,3.28617,12.10705116,19.35580969,1
16:22:22,3.288,3.286299,12.11372912,19.36689913,1
16:22:23,3.288,3.286363,12.12040707,19.37789023,1
16:22:24,3.288,3.286396,12.12708503,19.38877851,1
16:22:25,3.288,3.286412,12.13376299,19.39956546,1
16:22:26,3.288,3.286421,12.14044,19.41040307,1
16:22:27,3.288,3.286426,12.1471189,19.42121685,1
16:22:28,3.288,3.286428,12.15379685,19.43201721,1
16:22:29,3.288,3.286431,12.16047481,19.44281161,1
16:22:30,3.288,3.286432,12.16715276,19.45360303,1
16:22:31,3.288,3.286433,12.17383072,19.46439296,1
16:22:32,3.288,3.286434,12.18050867,19.4751814,1
16:22:33,3.288,3.286436,12.18718663,19.48596835,1
16:22:34,3.288,3.286436,12.19386458,19.49675679,1
16:22:35,3.288,3.286438,12.20054254,19.50754374,1
16:22:36,3.288,3.286438,12.20722049,19.51828152,1
16:22:37,3.288,3.286439,12.21389845,19.52904314,1
16:22:38,3.288,3.286441,12.22057641,19.53986734,1
16:22:39,3.288,3.286442,12.22725436,19.55062151,1
16:22:40,3.288,3.286443,12.23393232,19.56144124,1
16:22:41,3.288,3.286443,12.24061027,19.57224458,1
16:22:42,3.289,3.286444,12.24728823,19.58568543,1
16:22:43,3.288,3.286931,12.25396618,19.59519237,1
16:22:44,3.289,3.286688,12.26064414,19.607988,1
16:22:45,3.288,3.287052,12.26732209,19.61717308,1
16:22:46,3.288,3.286749,12.27400005,19.62712258,1
16:22:47,3.289,3.286599,12.280678,19.64019984,1
16:22:48,3.289,3.28701,12.28735596,19.65216845,1
16:22:49,3.289,3.287215,12.29403391,19.6635887,1
16:22:50,3.288,3.287317,12.30071187,19.67205852,1
16:22:51,3.289,3.286883,12.30738983,19.6843937,1
16:22:52,3.289,3.287153,12.31406778,19.69599426,1
16:22:53,3.289,3.287288,12.32074574,19.7071746,1
16:22:54,3.289,3.287355,12.32742369,19.71825808,1
16:22:55,3.289,3.287389,12.33410165,19.72923726,1
16:22:56,3.289,3.287407,12.3407796,19.74011213,1
16:22:57,3.289,3.287416,12.34745756,19.75104064,1
16:22:58,3.289,3.287421,12.35414,19.76194,1
16:22:59,3.289,3.287424,12.36081347,19.77283359,1
16:23:00,3.289,3.287426,12.36749142,19.78366524,1
16:23:01,3.289,3.287427,12.37416938,19.79451925,1
16:23:02,3.289,3.287429,12.38084733,19.80543435,1
16:23:03,3.289,3.28743,12.38752529,19.81627792,1
16:23:04,3.289,3.287431,12.39420325,19.82718855,1
16:23:05,3.289,3.287432,12.4008812,19.83803064,1
16:23:06,3.289,3.287433,12.40755916,19.84894127,1
16:23:07,3.289,3.287434,12.41423711,19.85978186,1
16:23:08,3.289,3.287435,12.42091507,19.87063885,1
16:23:09,3.289,3.287436,12.42759302,19.88155544,1
16:23:10,3.289,3.287437,12.43427098,19.89245117,1
16:23:11,3.289,3.287438,12.44094893,19.90328431,1
16:23:12,3.289,3.287439,12.44762689,19.91413832,1
16:23:13,3.289,3.28744,12.45430484,19.92505193,1
16:23:14,3.289,3.287441,12.4609828,19.93589,1
16:23:15,3.289,3.287442,12.46766075,19.94680315,1
16:23:16,3.289,3.287443,12.47433871,19.95764226,1
16:23:17,3.289,3.287444,12.48101667,19.96849775,1
16:23:18,3.289,3.287445,12.48769462,19.97941285,1
16:23:19,3.289,3.287446,12.49437258,19.99030709,1
16:23:20,3.289,3.287447,12.50105053,20.00118941,1
16:23:21,3.289,3.287448,12.50772774,20.01206726,1
16:23:22,3.289,3.287449,12.51440495,20.02294213,1
16:23:23,3.289,3.28745,12.52108216,20.0338155,1
16:23:24,3.289,3.287451,12.52775937,20.04468739,1
16:23:25,3.289,3.287452,12.53443658,20.05555779,1
16:23:26,3.289,3.287453,12.54111379,20.06642818,1
16:23:27,3.289,3.287454,12.547791,20.07724643,1
16:23:28,3.289,3.287455,12.55446821,20.08814216,1
16:23:29,3.289,3.287456,12.56114542,20.09902447,1
16:23:30,3.289,3.287457,12.56782264,20.10989934,1
16:23:31,3.289,3.287458,12.57449985,20.12077123,1
16:23:32,3.289,3.287459,12.58117706,20.13158947,1
16:23:33,3.289,3.28746,12.58785427,20.14248371,1
16:23:34,3.289,3.287461,12.59453148,20.15336454,1
16:23:35,3.289,3.287462,12.60121,20.16418576,1
16:23:36,3.289,3.287463,12.6078859,20.17502934,1
16:23:37,3.289,3.287464,12.61456311,20.18588334,1
16:23:38,3.289,3.287465,12.62124032,20.19679397,1
16:23:39,3.289,3.287466,12.62791753,20.20768225,1
16:23:40,3.289,3.287467,12.63459474,20.21855861,1
16:23:41,3.289,3.287468,12.64127195,20.22942901,1
16:23:42,3.289,3.287469,12.64794916,20.24029791,1
16:23:43,3.289,3.28747,12.65462637,20.25111318,1
16:23:44,3.289,3.287471,12.66130358,20.262,1
16:23:45,3.289,3.287472,12.66798079,20.2728793,1
16:23:46,3.289,3.287473,12.674658,20.28369755,1
16:23:47,3.289,3.287474,12.68133521,20.2945888,1
16:23:48,3.289,3.287475,12.68801242,20.30546516,1
16:23:49,3.289,3.287476,12.69468963,20.31633407,1
16:23:50,3.289,3.287477,12.70136684,20.3272,1
16:23:51,3.289,3.287478,12.70804,20.33806294,1
16:23:52,3.289,3.287479,12.71472126,20.34887373,1
16:23:53,3.289,3.28748,12.72139847,20.35976052,1
16:23:54,3.289,3.287481,12.72807568,20.3706339,1
16:23:55,3.289,3.287482,12.73475289,20.38149983,1
16:23:56,3.289,3.287483,12.7414301,20.39236128,1
16:23:57,3.289,3.287484,12.74810731,20.40322125,1
16:23:58,3.289,3.287485,12.75478452,20.41408122,1
16:23:59,3.289,3.287486,12.76146173,20.42488754,1
16:24:00,3.289,3.287487,12.76813895,20.43577135,1
16:24:01,3.289,3.287488,12.77481616,20.44664174,1
16:24:02,3.289,3.287489,12.78149337,20.45750469,1
16:24:03,3.289,3.28749,12.78817058,20.4683125,1
16:24:04,3.29,3.287491,12.79484779,20.48198432,1
16:24:05,3.29,3.287978,12.801525,20.49428523,1
16:24:06,3.29,3.288219,12.80820221,20.50585002,1
16:24:07,3.29,3.28834,12.81488,20.51717043,1
16:24:08,3.29,3.2884,12.82155663,20.52825689,1
16:24:09,3.291,3.28843,12.82823384,20.54214031,1
16:24:10,3.291,3.28893,12.83491105,20.55460364,1
16:24:11,3.291,3.289179,12.84158826,20.56637,1
16:24:12,3.292,3.289303,12.84826547,20.58057934,1
16:24:13,3.292,3.28985,12.85494268,20.59319168,1
16:24:14,3.293,3.290122,12.86161989,20.60796767,1
16:24:15,3.293,3.290742,12.8682971,20.62098384,1
16:24:16,3.293,3.29105,12.87497431,20.63313127,1
16:24:17,3.294,3.291203,12.88165152,20.64765841,1
16:24:18,3.294,3.291765,12.88832873,20.66061199,1
16:24:19,3.295,3.292045,12.89500594,20.6755951,1
16:24:20,3.295,3.292669,12.90168315,20.68883181,1
16:24:21,3.295,3.292979,12.90836036,20.70120126,1
16:24:22,3.295,3.293133,12.91503757,20.71314156,1
16:24:23,3.296,3.29321,12.92171,20.72769254,1
16:24:24,3.296,3.293733,12.92839199,20.74077129,1
16:24:25,3.296,3.293993,12.9350692,20.75312138,1
16:24:26,3.296,3.294123,12.94174641,20.76511085,1
16:24:28,3.296,3.294187,12.94842362,20.776923,1
16:24:28,3.296,3.294219,12.95510083,20.78864872,1
16:24:30,3.296,3.294236,12.96177804,20.80033273,1
16:24:30,3.296,3.294244,12.96845526,20.81199884,1
16:24:31,3.296,3.294248,12.97513247,20.823659,1
16:24:32,3.296,3.29425,12.98180968,20.83531618,1
16:24:33,3.296,3.294252,12.98848689,20.84691226,1
16:24:34,3.296,3.294253,12.9951641,20.85860223,1
16:24:35,3.296,3.294253,13.00184131,20.87028027,1
16:24:36,3.296,3.294254,13.00851852,20.88195384,1
16:24:37,3.296,3.294254,13.01519573,20.89362741,1
16:24:38,3.296,3.294255,13.02187294,20.90530246,1
16:24:39,3.296,3.294255,13.02855,20.9169805,1
16:24:40,3.296,3.294255,13.03522736,20.92866153,1
16:24:41,3.296,3.294256,13.04190457,20.94034553,1
16:24:42,3.296,3.294256,13.04858178,20.95203251,1
16:24:43,3.296,3.294256,13.05525899,20.96366286,1
16:24:44,3.296,3.294257,13.0619362,20.9753871,1
16:24:45,3.296,3.294257,13.06861341,20.98703831,1
16:24:46,3.296,3.294258,13.07529062,20.99877745,1
16:24:47,3.296,3.294258,13.08196783,21.01050019,1
16:24:48,3.296,3.294259,13.08864504,21.02215588,1
16:24:49,3.297,3.294259,13.09532225,21.03672,1
16:24:50,3.296,3.294744,13.10199946,21.04706615,1
16:24:51,3.296,3.294501,13.10867667,21.05810791,1
16:24:52,3.296,3.29438,13.11535388,21.06943876,1
16:24:53,3.296,3.29432,13.12203109,21.08102739,1
16:24:54,3.297,3.294291,13.1287083,21.09560668,1
16:24:55,3.296,3.294761,13.13539,21.10589296,1
16:24:56,3.296,3.29451,13.14206272,21.11691236,1
16:24:57,3.297,3.294385,13.14873993,21.1312145,1
16:24:58,3.297,3.294809,13.15541714,21.1442858,1
16:24:59,3.297,3.29502,13.16209435,21.15695924,1
16:25:00,3.297,3.295125,13.16877156,21.16955668,1
16:25:01,3.297,3.295177,13.17544878,21.18204981,1
16:25:02,3.297,3.295203,13.18212599,21.19455934,1
16:25:03,3.297,3.295216,13.1888032,21.20702267,1
16:25:04,3.297,3.295223,13.19548041,21.21953219,1
16:25:05,3.297,3.295226,13.20215762,21.23207301,1
16:25:06,3.297,3.295228,13.20883483,21.24457,1
16:25:07,3.297,3.29523,13.21551204,21.25712186,1
16:25:08,3.297,3.295231,13.22218925,21.26963735,1
16:25:09,3.297,3.295233,13.22886646,21.28220499,1
16:25:10,3.297,3.295233,13.23554367,21.29480839,1
16:25:11,3.297,3.295234,13.24222,21.30743563,1
16:25:12,3.297,3.295234,13.24889809,21.32002115,1
16:25:13,3.297,3.295234,13.2555753,21.33265585,1
16:25:14,3.297,3.295235,13.26225251,21.34525925,1
16:25:15,3.297,3.295235,13.26892972,21.35773,1
16:25:16,3.297,3.295236,13.27560693,21.3700071,1
16:25:17,3.297,3.295236,13.28228414,21.38219476,1
16:25:18,3.297,3.295237,13.28896135,21.39433771,1
16:25:19,3.297,3.295237,13.29563856,21.4064613,1
16:25:20,3.297,3.295237,13.30231577,21.41857743,1
16:25:21,3.297,3.295238,13.30899298,21.43069208,1
16:25:22,3.297,3.295238,13.31567019,21.44280672,1
16:25:24,3.297,3.295239,13.3223474,21.45492285,1
16:25:24,3.297,3.295239,13.32902461,21.46704197,1
16:25:26,3.297,3.295239,13.33570182,21.47916555,1
16:25:26,3.297,3.29524,13.34237903,21.49122804,1
16:25:27,3.297,3.295241,13.34906,21.50338739,1
16:25:28,3.297,3.295241,13.35573345,21.51553631,1
16:25:29,3.297,3.295241,13.36241066,21.52768075,1
16:25:30,3.297,3.295242,13.36908787,21.5398252,1
16:25:31,3.297,3.295243,13.37576509,21.55190706,1
16:25:32,3.297,3.295243,13.3824423,21.56408578,1
16:25:33,3.297,3.295243,13.38911951,21.57625258,1
16:25:34,3.297,3.295244,13.39579672,21.58841491,1
16:25:35,3.297,3.295244,13.40247393,21.60057724,1
16:25:36,3.297,3.295245,13.40915114,21.61274,1
16:25:37,3.297,3.295245,13.41582835,21.62490636,1
16:25:38,3.297,3.295245,13.42250556,21.63707614,1
16:25:39,3.297,3.295246,13.42918277,21.6492489,1
16:25:40,3.297,3.295246,13.43585998,21.66142,1
16:25:41,3.297,3.295247,13.44253719,21.67360336,1
16:25:42,3.297,3.295247,13.4492144,21.68578655,1
16:25:43,3.297,3.295248,13.45589,21.69797271,1
16:25:44,3.297,3.295248,13.46256882,21.71016186,1
16:25:45,3.297,3.295249,13.46924603,21.72235548,1
16:25:46,3.297,3.295249,13.47592324,21.73455209,1
16:25:47,3.297,3.295249,13.48260045,21.74675316,1
16:25:48,3.297,3.29525,13.48927766,21.7589587,1
16:25:49,3.297,3.29525,13.49595487,21.77116573,1
16:25:50,3.297,3.295251,13.50263208,21.78337723,1
16:25:51,3.297,3.295251,13.50930929,21.79559171,1
16:25:52,3.297,3.295252,13.5159865,21.80781066,1
16:25:53,3.297,3.295252,13.52266371,21.8200326,1
16:25:54,3.297,3.295253,13.52934092,21.832259,1
16:25:55,3.297,3.295253,13.53601813,21.84442431,1
16:25:56,3.297,3.295254,13.54269534,21.85668796,1
16:25:57,3.297,3.295254,13.54937255,21.8689397,1
16:25:58,3.297,3.295255,13.55604976,21.88118696,1
16:25:59,3.297,3.295255,13.56273,21.89343423,1
16:26:00,3.297,3.295255,13.56940418,21.90568298,1
16:26:01,3.297,3.295256,13.5760814,21.91793323,1
16:26:02,3.297,3.295256,13.58275861,21.93018794,1
16:26:03,3.297,3.295257,13.58943582,21.94238156,1
16:26:04,3.297,3.295257,13.59611303,21.95467353,1
16:26:05,3.297,3.295258,13.60279024,21.96695358,1
16:26:06,3.297,3.295258,13.60946745,21.97922915,1
16:26:07,3.297,3.295259,13.61614466,21.99150324,1
16:26:08,3.297,3.295259,13.62282187,22.00378031,1
16:26:09,3.297,3.295259,13.62949908,22.01606035,1
16:26:10,3.297,3.29526,13.63617629,22.02834189,1
16:26:11,3.297,3.295261,13.6428535,22.04062641,1
16:26:12,3.297,3.295261,13.64953071,22.05291539,1
16:26:14,3.297,3.295261,13.65620792,22.06520736,1
16:26:14,3.297,3.295262,13.66288513,22.07743824,1
16:26:15,3.297,3.295263,13.66956,22.08977,1
16:26:16,3.298,3.295263,13.67623955,22.10533023,1
16:26:17,3.298,3.295748,13.68291676,22.11931646,1
16:26:19,3.298,3.295989,13.68959397,22.13252187,1
16:26:19,3.299,3.296108,13.69627118,22.14858979,1
16:26:20,3.299,3.296653,13.70294839,22.16289639,1
16:26:21,3.299,3.296923,13.7096256,22.1763283,1
16:26:23,3.3,3.297058,13.71630281,22.19258547,1
16:26:23,3.3,3.297609,13.72298002,22.2070545,1
16:26:24,3.3,3.297883,13.72965723,22.22063839,1
16:26:25,3.301,3.298019,13.73633444,22.23694026,1
16:26:27,3.301,3.298572,13.74301165,22.25160003,1
16:26:28,3.301,3.298846,13.74968886,22.26534337,1
16:26:28,3.302,3.298983,13.75636607,22.28191644,1
16:26:29,3.302,3.299535,13.76304328,22.29658961,1
16:26:31,3.302,3.299809,13.76972049,22.31049687,1
16:26:32,3.302,3.299946,13.7764,22.32394069,1
16:26:32,3.303,3.300014,13.78307492,22.34044969,1
16:26:33,3.302,3.300532,13.78975213,22.35196084,1
16:26:35,3.303,3.300305,13.79642934,22.36741781,1
16:26:36,3.303,3.300677,13.80310655,22.38179743,1
16:26:37,3.303,3.300862,13.80978376,22.3955512,1
16:26:37,3.303,3.300954,13.81646097,22.40892202,1
16:26:38,3.303,3.301,13.82313818,22.42225409,1
16:26:40,3.303,3.301022,13.82981539,22.43549675,1
16:26:41,3.303,3.301034,13.8364926,22.4486962,1
16:26:41,3.303,3.30104,13.84316981,22.46187627,1
16:26:42,3.303,3.301043,13.84984702,22.47505039,1
16:26:44,3.303,3.301045,13.85652423,22.48822153,1
16:26:45,3.303,3.301046,13.86320144,22.50139564,1
16:26:45,3.303,3.301047,13.86987865,22.51457125,1
16:26:46,3.303,3.301047,13.87655586,22.52775282,1
16:26:48,3.303,3.301048,13.88323,22.54093736,1
16:26:49,3.303,3.301049,13.88991028,22.55412638,1
16:26:50,3.303,3.301049,13.89658749,22.56732,1
16:26:50,3.303,3.301049,13.9032647,22.58051783,1
16:26:51,3.303,3.30105,13.90994191,22.59372026,1
16:26:53,3.303,3.30105,13.91661912,22.60692716,1
16:26:54,3.303,3.30105,13.92329633,22.62013853,1
16:26:54,3.303,3.301051,13.92997354,22.63335437,1
16:26:55,3.303,2.686055,0.006677814,10.94872877,1
16:26:55,3.303,3.301051,13.93665075,22.64657468,1
16:26:56,3.303,3.230916,0.013355628,9.592004865,1
16:26:57,3.303,3.301052,13.94332796,22.65979946,1
16:26:57,3.303,3.284919,0.020033443,9.790888429,1
16:26:58,3.303,3.301052,13.95000517,22.67302871,1
16:26:58,3.303,3.296339,0.026711257,9.831497818,1
16:26:59,3.303,3.301053,13.95668238,22.68626243,1
16:26:59,3.303,3.298951,0.033389073,9.839777648,1
16:26:59,3.303,3.301053,13.96335959,22.69950211,1
16:27:00,3.303,3.299856,0.040066888,9.848506749,1
16:27:01,3.303,3.301054,13.9700368,22.71274477,1
16:27:02,3.303,3.301054,13.97671402,22.7259919,1
16:27:03,3.303,3.301054,13.98339123,22.73924351,1
16:27:03,3.303,3.301054,13.99007,22.75250107,1
16:27:04,3.304,3.301055,13.99674565,22.76914865,1
16:27:06,3.303,3.30154,14.00342286,22.78077155,1
16:27:07,3.303,3.301296,14.01010007,22.79316187,1
16:27:07,3.303,3.301176,14.01677728,22.80606478,1
16:27:08,3.303,3.301116,14.02345449,22.81915992,1
16:27:10,3.303,3.301087,14.0301317,22.83235192,1
16:27:11,3.303,3.301072,14.03680891,22.84559458,1
16:27:12,3.303,3.301065,14.04348612,22.85886407,1
16:27:12,3.304,3.301062,14.05016333,22.87556082,1
16:27:14,3.303,3.301545,14.05684054,22.8872031,1
16:27:15,3.303,3.301301,14.06351775,22.8996858,1
16:27:16,3.304,3.301179,14.07019496,22.91600853,1
16:27:16,3.304,3.301604,14.07687217,22.93088585,1
16:27:17,3.304,3.301815,14.08354938,22.94504941,1
16:27:19,3.304,3.30192,14.09022659,22.9588598,1
16:27:20,3.304,3.301972,14.0969,22.97249734,1
16:27:21,3.304,3.301998,14.10358101,22.98605144,1
16:27:21,3.304,3.302011,14.11025822,22.99956828,1
16:27:23,3.304,3.302018,14.11693543,23.01307,1
16:27:24,3.304,3.302021,14.12361264,23.02656025,1
16:27:25,3.303,3.302024,14.13028985,23.03660214,1
16:27:25,3.304,3.30154,14.13696706,23.05176556,1
16:27:27,3.304,3.301785,14.14364427,23.06609303,1
16:27:28,3.304,3.301907,14.15032148,23.08000624,1
16:27:29,3.304,3.301967,14.15699869,23.09371531,1
16:27:30,3.304,3.301998,14.1636759,23.10732603,1
16:27:31,3.304,3.302013,14.17035311,23.12081456,1
16:27:32,3.304,3.302021,14.17703032,23.13439548,1
16:27:33,3.304,3.302024,14.18370754,23.14787507,1
16:27:34,3.304,3.302027,14.19038475,23.1614545,1
16:27:35,3.304,3.302028,14.19706196,23.17501307,1
16:27:36,3.304,3.302029,14.20374,23.18848819,1
16:27:37,3.304,3.30203,14.21041638,23.20207357,1
16:27:38,3.304,3.30203,14.21709359,23.21564108,1
16:27:39,3.304,3.302031,14.2237708,23.22920263,1
16:27:40,3.304,3.302031,14.23044801,23.24276417,1
16:27:41,3.304,3.302032,14.23712522,23.2563287,1
16:27:42,3.304,3.302032,14.24380243,23.26989621,1
16:27:43,3.304,3.302033,14.25047964,23.2834667,1
16:27:44,3.304,3.302033,14.25715685,23.29704165,1
16:27:45,3.304,3.302033,14.26383406,23.31054658,1
16:27:46,3.304,3.302034,14.27051127,23.32416624,1
16:27:47,3.304,3.302034,14.27718848,23.33777249,1
16:27:48,3.304,3.302035,14.28386569,23.35137427,1
16:27:49,3.304,3.302035,14.2905429,23.36497754,1
16:27:50,3.304,3.302036,14.29722011,23.3785823,1
16:27:51,3.304,3.302036,14.30389732,23.39219004,1
16:27:52,3.304,3.302037,14.31057,23.40580225,1
16:27:53,3.304,3.302037,14.31725174,23.41934443,1
16:27:54,3.304,3.302037,14.32392895,23.43292534,1
16:27:55,3.304,3.302037,14.33060616,23.4466061,1
16:27:56,3.304,3.302038,14.33728337,23.46026301,1
16:27:57,3.304,3.302038,14.34396058,23.47391099,1
16:27:58,3.304,3.302039,14.35063779,23.48755598,1
16:27:59,3.304,3.302039,14.357315,23.50120395,1
16:28:00,3.304,3.30204,14.36399221,23.51477742,1
16:28:01,3.304,3.30204,14.37066942,23.52846712,1
16:28:02,3.304,3.302041,14.37734663,23.54206741,1
16:28:03,3.304,3.302041,14.38402385,23.55577499,1
16:28:04,3.304,3.302042,14.39070106,23.56946319,1
16:28:05,3.304,3.302042,14.39737827,23.58314544,1
16:28:06,3.304,3.302042,14.40405548,23.5968262,1
16:28:07,3.304,3.302043,14.41073269,23.61050993,1
16:28:08,3.304,3.302043,14.41741,23.62412065,1
16:28:09,3.304,3.302044,14.42408711,23.6378476,1
16:28:10,3.304,3.302044,14.43076432,23.65156114,1
16:28:11,3.304,3.302045,14.43744153,23.66526872,1
16:28:12,3.304,3.302045,14.44411874,23.6789763,1
16:28:13,3.304,3.302046,14.45079595,23.69268686,1
16:28:14,3.304,3.302046,14.45747316,23.70640039,1
16:28:15,3.304,3.302046,14.46415037,23.7201184,1
16:28:16,3.304,3.302047,14.47082758,23.73383939,1
16:28:17,3.304,3.302047,14.47750479,23.74756634,1
16:28:18,3.304,3.302048,14.484182,23.76129627,1
16:28:19,3.304,3.302048,14.49085921,23.77503216,1
16:28:20,3.304,3.302049,14.49753642,23.78877252,1
16:28:21,3.304,3.302049,14.50421363,23.80251735,1
16:28:22,3.304,3.30205,14.51089084,23.81626666,1
16:28:23,3.304,3.30205,14.51756805,23.83002043,1
16:28:24,3.304,3.302051,14.52425,23.84377867,1
16:28:25,3.304,3.302051,14.53092247,23.85754138,1
16:28:26,3.304,3.302051,14.53759968,23.87123257,1
16:28:27,3.304,3.302052,14.54427689,23.88504148,1
16:28:28,3.304,3.302052,14.5509541,23.89883548,1
16:28:29,3.304,3.302053,14.55763131,23.91262501,1
16:28:30,3.304,3.302053,14.56430852,23.92641455,1
16:28:30,3.304,2.686055,0.006677814,10.96647158,1
16:28:31,3.304,3.302054,14.57098573,23.94020706,1
16:28:31,3.304,3.230993,0.013355628,9.592285752,1
16:28:32,3.304,3.302054,14.57766294,23.95400256,1
16:28:32,3.304,3.285894,0.020033443,9.791439772,1
16:28:33,3.304,3.302054,14.58434016,23.96780252,1
16:28:33,3.304,3.297314,0.026711257,9.831931442,1
16:28:34,3.304,3.302055,14.59101737,23.98160547,1
16:28:34,3.304,3.299921,0.033389073,9.840155393,1
16:28:35,3.304,3.302055,14.59769458,23.99541438,1
16:28:35,3.304,3.300823,0.040066888,9.848888218,1
16:28:36,3.304,3.302056,14.60437179,24.00923,1
16:28:37,3.304,3.302057,14.611049,24.02304411,1
16:28:38,3.304,3.302057,14.61772621,24.03686643,1
16:28:39,3.304,3.302057,14.62440342,24.05069321,1
16:28:40,3.304,3.302058,14.63108,24.06444848,1
16:28:41,3.304,3.302058,14.63775784,24.07831997,1
16:28:42,3.304,3.302059,14.64443505,24.09217805,1
16:28:43,3.304,3.302059,14.65111226,24.10603166,1
16:28:44,3.304,3.30206,14.65778947,24.11988527,1
16:28:45,3.304,3.30206,14.66446668,24.13374037,1
16:28:46,3.304,3.30206,14.67114389,24.14759994,1
16:28:47,3.304,3.302061,14.6778211,24.16146249,1
16:28:48,3.304,3.302061,14.68449831,24.17532951,1
16:28:49,3.304,3.302062,14.69117552,24.189201,1
16:28:50,3.304,3.302062,14.69785273,24.20307696,1
16:28:51,3.304,3.302063,14.70452994,24.2169559,1
16:28:52,3.304,3.302063,14.71120715,24.23083931,1
16:28:53,3.304,3.302064,14.71788436,24.24472868,1
16:28:54,3.304,3.302064,14.72456157,24.25862253,1
16:28:55,3.304,3.302065,14.73123878,24.27252084,1
16:28:56,3.304,3.302065,14.73792,24.28642213,1
16:28:57,3.305,3.302066,14.7445932,24.30406511,1
16:28:58,3.305,3.302549,14.75127041,24.31990951,1
16:28:59,3.305,3.302789,14.75794762,24.33486283,1
16:29:00,3.305,3.302909,14.76462483,24.34937656,1
16:29:01,3.305,3.302968,14.77130204,24.36367422,1
16:29:02,3.305,3.302998,14.77797925,24.37786758,1
16:29:03,3.306,3.303013,14.78465647,24.39576983,1
16:29:04,3.306,3.303504,14.79133368,24.41183478,1
16:29:05,3.306,3.303747,14.79801089,24.42699224,1
16:29:06,3.306,3.303869,14.8046881,24.44170117,1
16:29:07,3.306,3.303929,14.81136531,24.45618808,1
16:29:08,3.307,3.303959,14.81804252,24.47434366,1
16:29:09,3.307,3.304457,14.82471973,24.49062765,1
16:29:10,3.307,3.304705,14.83139694,24.50598478,1
16:29:11,3.307,3.304827,14.83807415,24.52088594,1
16:29:12,3.307,3.304888,14.84475,24.5355621,1
16:29:13,3.307,3.304919,14.85142857,24.55012947,1
16:29:14,3.307,3.304935,14.85810578,24.56464469,1
16:29:15,3.308,3.304942,14.86478299,24.58294034,1
16:29:16,3.308,3.30543,14.8714602,24.59928989,1
16:29:17,3.308,3.305672,14.87813741,24.61487353,1
16:29:18,3.308,3.305792,14.88481462,24.62998629,1
16:29:19,3.309,3.305852,14.89149183,24.64868128,1
16:29:20,3.309,3.306365,14.89816904,24.66542274,1
16:29:21,3.309,3.306619,14.90484625,24.6811986,1
16:29:22,3.309,3.306745,14.91152346,24.69649911,1
16:29:23,3.309,3.306808,14.91820067,24.71156567,1
16:29:24,3.31,3.30684,14.92487788,24.73035008,1
16:29:25,3.31,3.307339,14.93155509,24.74723309,1
16:29:26,3.31,3.307586,14.9382323,24.76317585,1
16:29:27,3.31,3.307709,14.94490951,24.77865666,1
16:29:28,3.31,3.30777,14.95159,24.79390949,1
16:29:29,3.31,3.307801,14.95826393,24.80905205,1
16:29:30,3.31,3.307816,14.96494114,24.82414395,1
16:29:31,3.31,3.307824,14.97161835,24.83921349,1
16:29:32,3.31,3.307828,14.97829556,24.85427409,1
16:29:33,3.31,3.30783,14.98497277,24.8693347,1
16:29:34,3.31,3.307831,14.99164999,24.88439679,1
16:29:35,3.31,3.307832,14.9983272,24.89937693,1
16:29:36,3.31,3.307832,15.00500441,24.91449267,1
16:29:37,3.31,3.307833,15.01168162,24.92959052,1
16:29:38,3.31,3.307833,15.01835883,24.9446854,1
16:29:39,3.31,3.307834,15.02503604,24.95978028,1
16:29:40,3.31,3.307835,15.03171325,24.97487664,1
16:29:41,3.31,3.307835,15.03839046,24.98997748,1
16:29:42,3.31,3.307835,15.04506767,25.00508428,1
16:29:43,3.31,3.307836,15.05174488,25.02020001,1
16:29:44,3.31,3.307836,15.05842,25.03532171,1
16:29:45,3.31,3.307836,15.0650993,25.05045,1
16:29:46,3.31,3.307837,15.07177651,25.06558299,1
16:29:47,3.31,3.307837,15.07845372,25.08071959,1
16:29:48,3.31,3.307838,15.08513093,25.09586215,1
16:29:49,3.31,3.307837,15.09180814,25.11101663,1
16:29:50,3.31,3.307838,15.09848535,25.12617409,1
16:29:51,3.31,3.307839,15.10516256,25.14133751,1
16:29:52,3.31,3.307839,15.11183977,25.15650392,1
16:29:53,3.31,3.30784,15.11851698,25.17167628,1
16:29:54,3.31,3.30784,15.12519419,25.18685758,1
16:29:55,3.31,3.30784,15.1318714,25.20195544,1
16:29:56,3.31,3.307841,15.13854861,25.21719038,1
16:29:57,3.31,3.307841,15.14522582,25.23240745,1
16:29:58,3.31,3.307841,15.15190303,25.24762,1
16:29:59,3.31,3.307842,15.15858024,25.26283562,1
16:30:00,3.311,3.307842,15.16526,25.28201342,1
16:30:01,3.31,3.308326,15.17193466,25.29532313,1
16:30:02,3.311,3.308083,15.17861187,25.31357,1
16:30:03,3.311,3.308445,15.18528908,25.33028424,1
16:30:04,3.311,3.308625,15.1919663,25.34644306,1
16:30:05,3.311,3.308715,15.19864351,25.36222935,1
16:30:06,3.31,3.308759,15.20532072,25.37384927,1
16:30:07,3.31,3.308298,15.21199793,25.387308,1
16:30:08,3.311,3.30807,15.21867514,25.40555,1
16:30:09,3.311,3.30844,15.22535235,25.42238832,1
16:30:10,3.311,3.308624,15.23202956,25.4386276,1
16:30:11,3.311,3.308715,15.23870677,25.45447,1
16:30:12,3.31,3.308761,15.24538398,25.46611726,1
16:30:13,3.31,3.3083,15.25206119,25.47960579,1
16:30:14,3.311,3.308072,15.2587384,25.49802065,1
16:30:15,3.311,3.308442,15.26541561,25.51496029,1
16:30:16,3.311,3.308626,15.27209,25.53116977,1
16:30:17,3.311,3.308717,15.27877003,25.54702163,1
16:30:18,3.31,3.308763,15.28544724,25.55867434,1
16:30:19,3.311,3.308302,15.29212445,25.576213,1
16:30:20,3.311,3.308558,15.29880166,25.59273243,1
16:30:21,3.311,3.308684,15.30547887,25.60875118,1
16:30:22,3.311,3.308747,15.31215608,25.62452257,1
16:30:23,3.311,3.308779,15.31883329,25.64017475,1
16:30:24,3.311,3.308794,15.3255105,25.65577328,1
16:30:25,3.311,3.308802,15.33218771,25.67134798,1
16:30:26,3.311,3.308806,15.33886492,25.68682432,1
16:30:27,3.311,3.308809,15.34554213,25.70243,1
16:30:28,3.311,3.30881,15.35221934,25.71801841,1
16:30:29,3.311,3.308811,15.35889655,25.73350966,1
16:30:30,3.311,3.308811,15.36557376,25.74913502,1
16:30:31,3.311,3.308812,15.37225097,25.76473951,1
16:30:32,3.311,3.308812,15.37893,25.78033805,1
16:30:33,3.311,3.308813,15.38560539,25.79594,1
16:30:34,3.311,3.308813,15.39228261,25.8115381,1
16:30:35,3.311,3.308814,15.39895982,25.82714558,1
16:30:36,3.311,3.308814,15.40563703,25.84275901,1
16:30:37,3.311,3.308815,15.41231424,25.858289,1
16:30:38,3.311,3.308815,15.41899145,25.87395608,1
16:30:39,3.311,3.308815,15.42566866,25.88960826,1
16:30:40,3.311,3.308816,15.43234587,25.90525448,1
16:30:41,3.311,3.308816,15.43902308,25.92090368,1
16:30:42,3.311,3.308816,15.44570029,25.93656,1
16:30:44,3.311,3.308817,15.45905471,25.9678781,1
16:30:47,3.311,3.308819,15.47908634,26.01490319,1
16:30:50,3.311,3.30882,15.49911797,26.06189549,1
16:30:53,3.311,3.308821,15.5191496,26.10908449,1
16:30:56,3.311,3.308822,15.53918123,26.15630627,1
16:30:57,3.311,3.308823,15.54585844,26.17196143,1
16:30:58,3.311,3.308823,15.55253565,26.18775666,1
16:30:59,3.311,3.308823,15.55921286,26.20353401,1
16:31:00,3.311,3.308824,15.56589007,26.21930838,1
16:31:01,3.311,3.308825,15.57256728,26.23499334,1
16:31:02,3.311,3.308825,15.57924449,26.25081539,1
16:31:03,3.311,3.308825,15.5859217,26.26661956,1
16:31:04,3.311,3.308825,15.5926,26.28241777,1
16:31:05,3.311,3.308826,15.59927613,26.29821599,1
16:31:06,3.311,3.308826,15.60595334,26.31402,1
16:31:07,3.311,3.308827,15.61263055,26.32982731,1
16:31:08,3.311,3.308827,15.61930776,26.34564042,1
16:31:09,3.311,3.308828,15.62598497,26.36145949,1
16:31:10,3.311,3.308828,15.63266218,26.37719512,1
16:31:11,3.311,3.308829,15.63933939,26.39306784,1
16:31:12,3.311,3.308829,15.6460166,26.40892565,1
16:31:13,3.311,3.308829,15.65269381,26.42478049,1
16:31:14,3.311,3.30883,15.65937102,26.44063532,1
16:31:15,3.311,3.30883,15.66604823,26.45649314,1
16:31:16,3.311,3.30883,15.67272544,26.47235692,1
16:31:17,3.311,3.308831,15.67940265,26.48822665,1
16:31:18,3.311,3.308831,15.68607986,26.50410235,1
16:31:19,3.311,3.308832,15.69275707,26.51998401,1
16:31:20,3.311,3.308832,15.69943,26.53587162,1
16:31:21,3.311,3.308833,15.70611149,26.5517652,1
16:31:22,3.311,3.308833,15.7127887,26.56766474,1
16:31:23,3.311,3.308834,15.71946591,26.58357024,1
16:31:24,3.311,3.308834,15.72614312,26.5994817,1
16:31:25,3.311,3.308835,15.73282033,26.61539912,1
16:31:26,3.311,3.308835,15.73949754,26.6313225,1
16:31:27,3.311,3.308835,15.74617475,26.64725482,1
16:31:28,3.311,3.308836,15.75285196,26.66319311,1
16:31:29,3.311,3.308836,15.75952917,26.67904794,1
16:31:30,3.311,3.308837,15.76620638,26.69503987,1
16:31:31,3.311,3.308837,15.77288359,26.71101689,1
16:31:32,3.311,3.308837,15.7795608,26.72699094,1
16:31:33,3.311,3.308838,15.78623801,26.742962,1
16:31:34,3.311,3.308838,15.79291523,26.75893903,1
16:31:35,3.311,3.308839,15.79959244,26.77492201,1
16:31:36,3.311,3.308839,15.80627,26.79090798,1
16:31:37,3.311,3.30884,15.81294686,26.8068105,1
16:31:38,3.311,3.30884,15.81962407,26.82285,1
16:31:39,3.311,3.30884,15.82630128,26.83879137,1
16:31:40,3.311,3.308841,15.83297849,26.8548578,1
16:31:41,3.311,3.308841,15.8396557,26.87090337,1
16:31:42,3.311,3.308842,15.84633291,26.88694,1
16:31:43,3.311,3.308842,15.85301012,26.90288723,1
16:31:44,3.311,3.308843,15.85968733,26.91896856,1
16:31:45,3.312,3.308843,15.86636454,26.93938315,1
16:31:46,3.312,3.309325,15.87304175,26.95758641,1
16:31:47,3.312,3.309564,15.87971896,26.97492,1
16:31:48,3.312,3.309682,15.88639617,26.99171007,1
16:31:49,3.312,3.309741,15.89307338,27.00824142,1
16:31:50,3.312,3.309771,15.89975059,27.02456,1
16:31:51,3.313,3.309786,15.9064278,27.04533339,1
16:31:52,3.313,3.310275,15.91311,27.0639509,1
16:31:53,3.313,3.310517,15.91978222,27.08150148,1
16:31:54,3.314,3.310637,15.92645943,27.10290849,1
16:31:55,3.314,3.311178,15.93313664,27.12195516,1
16:31:56,3.314,3.311446,15.93981385,27.13983655,1
16:31:57,3.314,3.311579,15.94649106,27.15704441,1
16:31:58,3.315,3.311646,15.95316827,27.17853487,1
16:31:59,3.315,3.31216,15.95984548,27.1977365,1
16:32:00,3.316,3.312415,15.96652269,27.22022235,1
16:32:01,3.316,3.313023,15.9731999,27.24003494,1
16:32:02,3.316,3.313324,15.97987711,27.25852728,1
16:32:03,3.316,3.313473,15.98655432,27.2762686,1
16:32:04,3.316,3.313547,15.99323153,27.29384601,1
16:32:05,3.316,3.313584,15.99990875,27.31124163,1
16:32:06,3.317,3.313603,16.00658596,27.33284831,1
16:32:07,3.317,3.314093,16.01326317,27.35248506,1
16:32:08,3.317,3.314336,16.01994038,27.37091184,1
16:32:09,3.317,3.314457,16.02661759,27.38895714,1
16:32:10,3.317,3.314517,16.0332948,27.40661204,1
16:32:11,3.317,3.314546,16.03997201,27.42428184,1
16:32:12,3.317,3.314561,16.04664922,27.44186223,1
16:32:13,3.317,3.314569,16.05332643,27.45940387,1
16:32:14,3.317,3.314572,16.06000364,27.47693,1
16:32:15,3.317,3.314574,16.06668085,27.49445438,1
16:32:16,3.317,3.314576,16.07335806,27.51198113,1
16:32:17,3.317,3.314577,16.08003527,27.52951086,1
16:32:18,3.317,3.314577,16.08671248,27.54704952,1
16:32:19,3.317,3.314577,16.09338969,27.56459713,1
16:32:20,3.317,3.314578,16.1000669,27.58204937,1
16:32:21,3.317,3.314578,16.10674411,27.59966254,1
16:32:22,3.317,3.314579,16.11342132,27.61725783,1
16:32:23,3.317,3.314579,16.12009853,27.63485014,1
16:32:24,3.317,3.314579,16.12678,27.65244544,1
16:32:25,3.317,3.314579,16.13345295,27.67004669,1
16:32:26,3.317,3.31458,16.14013016,27.6876539,1
16:32:27,3.317,3.31458,16.14680737,27.70527005,1
16:32:28,3.317,3.31458,16.15348458,27.72289515,1
16:32:29,3.317,3.31458,16.16016179,27.74052918,1
16:32:30,3.317,3.314581,16.166839,27.75817,1
16:32:31,3.317,3.314581,16.17351621,27.77581811,1
16:32:32,3.317,3.314581,16.18019342,27.79347599,1
16:32:33,3.317,3.314582,16.18687063,27.8111428,1
16:32:34,3.317,3.314582,16.19354784,27.82881856,1
16:32:35,3.317,3.314583,16.20022506,27.84650326,1
16:32:36,3.317,3.314583,16.20690227,27.8641969,1
16:32:37,3.317,3.314583,16.21357948,27.88189948,1
16:32:38,3.317,3.314583,16.22025669,27.899611,1
16:32:39,3.317,3.314584,16.2269339,27.91733146,1
16:32:40,3.317,3.314584,16.23361111,27.93505788,1
16:32:41,3.317,3.314584,16.24028832,27.95279622,1
16:32:42,3.317,3.314584,16.24696553,27.97044218,1
16:32:43,3.317,3.314585,16.25364274,27.98824608,1
16:32:44,3.318,3.314585,16.26031995,28.01063657,1
16:32:45,3.317,3.315066,16.26699716,28.02621126,1
16:32:46,3.317,3.314824,16.27367437,28.04290354,1
16:32:47,3.317,3.314704,16.28035158,28.06015313,1
16:32:48,3.318,3.314645,16.28702879,28.08229625,1
16:32:49,3.318,3.315096,16.293706,28.1023711,1
16:32:50,3.317,3.31532,16.30038321,28.11680436,1
16:32:51,3.318,3.31495,16.30706042,28.13757658,1
16:32:52,3.318,3.315248,16.31373763,28.15698683,1
16:32:53,3.318,3.315396,16.32041484,28.17572653,1
16:32:54,3.318,3.315469,16.32709205,28.1940341,1
16:32:55,3.318,3.315505,16.33376926,28.21233869,1
16:32:56,3.318,3.315523,16.34045,28.23054492,1
16:32:57,3.317,3.315532,16.34712368,28.24405134,1
16:32:58,3.318,3.315057,16.35380089,28.26430798,1
16:32:59,3.317,3.315301,16.3604781,28.27893198,1
16:33:00,3.318,3.314943,16.36715531,28.29989195,1
16:33:01,3.318,3.315245,16.37383252,28.31943631,1
16:33:02,3.318,3.315396,16.38050973,28.3382833,1
16:33:03,3.318,3.31547,16.38718694,28.35668325,1
16:33:04,3.318,3.315507,16.39386415,28.37507725,1
16:33:05,3.318,3.315526,16.40054137,28.39336991,1
16:33:06,3.318,3.315535,16.40721858,28.41161788,1
16:33:07,3.318,3.31554,16.41389579,28.42984796,1
16:33:08,3.318,3.315542,16.420573,28.44807208,1
16:33:09,3.318,3.315543,16.42725021,28.46629918,1
16:33:10,3.318,3.315544,16.43392742,28.48453224,1
16:33:11,3.318,3.315545,16.44060463,28.50277424,1
16:33:12,3.318,3.315545,16.44728184,28.52102518,1
16:33:13,3.318,3.315546,16.45395905,28.53928506,1
16:33:14,3.318,3.315546,16.46063626,28.55744958,1
16:33:15,3.318,3.315546,16.46731347,28.57577503,1
16:33:16,3.318,3.315547,16.47399068,28.59408557,1
16:33:17,3.318,3.315547,16.48066789,28.61239314,1
16:33:18,3.318,3.315547,16.4873451,28.63060236,1
16:33:19,3.318,3.315547,16.49402231,28.64896953,1
16:33:20,3.318,3.315548,16.50069952,28.66731882,1
16:33:21,3.318,3.315548,16.50737673,28.68567,1
16:33:22,3.318,3.315548,16.51405394,28.70401442,1
16:33:23,3.318,3.315549,16.52073115,28.72236967,1
16:33:24,3.318,3.315549,16.52740836,28.74073386,1
16:33:25,3.318,3.315549,16.53408557,28.759,1
16:33:26,3.318,3.31555,16.54076278,28.77743244,1
16:33:27,3.318,3.31555,16.54743999,28.79585028,1
16:33:28,3.318,3.31555,16.55412,28.81426215,1
16:33:29,3.318,3.31555,16.56079441,28.83267701,1
16:33:31,3.318,3.315551,16.56747162,28.8511008,1
16:33:32,3.318,3.315551,16.57414883,28.86953056,1
16:33:34,3.318,3.315551,16.58082604,28.88786793,1
16:33:35,3.318,3.315552,16.58750325,28.90636623,1
16:33:37,3.318,3.315552,16.59418046,28.92485,1
16:33:40,3.318,3.315552,16.60085768,28.94332707,1
16:33:43,3.318,3.315553,16.60753489,28.96180749,1
16:33:46,3.318,3.315553,16.6142121,28.98029685,1
16:33:49,3.318,3.315553,16.62088931,28.99879217,1
16:33:51,3.318,3.315554,16.62756652,29.01729643,1
16:33:52,3.318,3.315554,16.63424373,29.03581262,1
16:33:54,3.318,3.315554,16.64092094,29.05433476,1
16:33:55,3.318,3.315554,16.64759815,29.07286882,1
16:33:57,3.318,3.315555,16.65427536,29.09141183,1
16:33:58,3.318,3.315555,16.66095257,29.10996377,1
16:34:00,3.318,3.315555,16.66762978,29.12852466,1
16:34:01,3.318,3.315556,16.67430699,29.14709747,1
16:34:03,3.318,3.315556,16.6809842,29.16567624,1
16:34:06,3.318,3.315556,16.68766141,29.18426692,1
16:34:09,3.318,3.315557,16.69433862,29.20276523,1
16:34:21,3.318,3.315559,16.74107909,29.33332622,1
16:34:50,3.321,3.317649,16.81452841,29.56611514,1
16:34:53,3.322,3.318222,16.82788283,29.61302996,1
16:34:56,3.322,3.319079,16.84123725,29.65693,1
16:35:01,3.324,3.319767,16.85459167,29.71026301,1
16:35:04,3.324,3.320518,16.86126888,29.73440886,1
16:35:07,3.325,3.320889,16.86794609,29.7617197,1
16:35:38,3.325,3.551205,100,90.94487429,1
16:35:39,3.326,3.326927,100,90.92543125,1
16:35:41,3.325,3.327369,100,90.86681008,1
16:35:42,3.326,3.327099,100,90.84272981,1
16:35:44,3.325,3.327507,100,90.77894092,1
16:35:45,3.325,3.327185,100,90.72424769,1
16:35:47,3.325,3.327015,100,90.67489505,1
16:35:50,3.325,3.326918,100,90.62891603,1
16:35:53,3.326,3.326858,100,90.61241746,1
16:35:56,3.326,3.327326,100,90.5837059,1
16:35:59,3.326,3.327543,100,90.54990411,1
16:36:02,3.326,3.327673,100,90.47820568,1
16:36:05,3.326,3.327657,100,90.37408233,1
16:36:07,3.326,3.327622,100,90.30939341,1
16:36:08,3.326,3.327603,100,90.27845263,1
16:36:10,3.326,3.327568,100,90.21941423,1
16:36:11,3.326,3.32755,100,90.19110203,1
16:36:13,3.326,3.327517,100,90.13706446,1
16:36:16,3.326,3.32747,100,90.06152749,1
16:36:19,3.326,3.327427,100,89.9920404,1
16:36:22,3.326,3.327388,100,89.92812037,1
16:36:25,3.326,3.327352,100,89.86897469,1
16:36:28,3.326,3.327318,100,89.81436491,1
16:36:31,3.326,3.327287,100,89.76371288,1
16:36:33,3.326,3.327267,100,89.73202705,1
16:36:34,3.326,3.327258,100,89.71674442,1
16:36:36,3.326,3.32724,100,89.68721628,1
16:36:37,3.326,3.327231,100,89.67298865,1
16:36:39,3.326,3.327214,100,89.6455884,1
16:36:42,3.326,3.327198,100,89.61942792,1
16:36:45,3.326,3.327183,100,89.59446549,1
16:36:48,3.326,3.327168,100,89.57063556,1
16:36:51,3.326,3.327154,100,89.54785466,1
16:36:54,3.326,3.327141,100,89.52605724,1
16:36:57,3.326,3.327134,100,89.52715397,1
16:37:00,3.326,3.327134,100,89.51992989,1
16:37:03,3.326,3.327127,100,89.52808,1
16:37:06,3.326,3.327135,100,89.50850964,1
16:37:09,3.326,3.327112,100,89.53799009,1
16:37:11,3.326,3.327104,100,89.54033256,1
16:37:12,3.326,3.327193,100,89.49691057,1
16:37:13,3.326,3.327101,100,89.53323,1
16:37:14,3.326,3.327188,100,89.49236274,1
16:37:15,3.326,3.327095,100,89.52895403,1
16:37:16,3.326,3.327192,100,89.49307799,1
16:37:17,3.326,3.327094,100,89.52201605,1
16:37:18,3.326,3.327173,100,89.49796557,1
16:37:19,3.326,3.327093,100,89.51502442,1
16:37:20,3.326,3.32714,100,89.50182199,1
16:37:21,3.326,3.327092,100,89.5103395,1
16:37:22,3.326,3.327117,100,89.50365186,1
16:37:23,3.326,3.327092,100,89.50748,1
16:37:24,3.326,3.327105,100,89.50414062,1
16:37:25,3.326,3.327093,100,89.50569034,1
16:37:26,3.326,3.327099,100,89.50394988,1
16:37:27,3.326,3.327093,100,89.50443,1
16:37:28,3.326,3.327095,100,89.5034492,1
16:37:29,3.326,3.327092,100,89.50345516,1
16:37:30,3.326,3.327093,100,89.50280547,1
16:37:31,3.326,3.327091,100,89.5026207,1
16:37:32,3.326,3.327092,100,89.50212598,1
16:37:33,3.326,3.327091,100,89.50186968,1
16:37:34,3.326,3.32709,100,89.50145245,1
16:37:35,3.326,3.327089,100,89.50116634,1
16:37:36,3.326,3.327089,100,89.50080276,1
16:37:37,3.326,3.327088,100,89.50050473,1
16:37:38,3.326,3.327088,100,89.50017691,1
16:37:39,3.326,3.327087,100,89.499861,1
16:37:40,3.326,3.327087,100,89.49956298,1
16:37:41,3.326,3.327086,100,89.49925303,1
16:37:42,3.326,3.327086,100,89.49897885,1
16:37:43,3.326,3.327085,100,89.49868679,1
16:37:44,3.326,3.327085,100,89.49843049,1
16:37:45,3.326,3.327085,100,89.49814,1
16:37:46,3.326,3.327084,100,89.49790597,1
16:37:47,3.326,3.327084,100,89.49763179,1
16:37:48,3.326,3.327083,100,89.49739337,1
16:37:49,3.326,3.327083,100,89.49713707,1
16:37:50,3.326,3.327083,100,89.49692845,1
16:37:51,3.326,3.327082,100,89.49666023,1
16:37:52,3.326,3.327082,100,89.49646354,1
16:37:53,3.326,3.327081,100,89.49622512,1
16:37:54,3.326,3.327081,100,89.49603438,1
16:37:55,3.326,3.327081,100,89.49581385,1
16:37:56,3.326,3.32708,100,89.49561715,1
16:37:57,3.326,3.32708,100,89.4954145,1
16:37:58,3.326,3.32708,100,89.49522972,1
16:37:59,3.326,3.32708,100,89.49504495,1
16:38:00,3.326,3.327079,100,89.49486017,1
16:38:01,3.326,3.327079,100,89.49469328,1
16:38:02,3.326,3.327079,100,89.49450254,1
16:38:03,3.326,3.327078,100,89.49434757,1
16:38:04,3.326,3.327078,100,89.4941926,1
16:38:05,3.326,3.327078,100,89.49403167,1
16:38:06,3.327,3.327078,100,89.50021267,1
16:38:07,3.327,3.327593,100,89.49943781,1
16:38:08,3.327,3.327825,100,89.49884772,1
16:38:09,3.327,3.32794,100,89.49880004,1
16:38:10,3.327,3.327998,100,89.49862123,1
16:38:11,3.327,3.328027,100,89.49853778,1
16:38:12,3.327,3.328041,100,89.49842453,1
16:38:13,3.327,3.328048,100,89.4983232,1
16:38:14,3.327,3.328051,100,89.49821591,1
16:38:15,3.328,3.328053,100,89.50455189,1
16:38:16,3.328,3.328567,100,89.50409293,1
16:38:17,3.328,3.328801,100,89.50346112,1
16:38:18,3.328,3.328917,100,89.50347304,1
16:38:19,3.328,3.328975,100,89.50335383,1
16:38:20,3.328,3.329004,100,89.50332403,1
16:38:21,3.328,3.329019,100,89.50325251,1
16:38:22,3.328,3.329025,100,89.50321078,1
16:38:23,3.328,3.329029,100,89.50317502,1
16:38:24,3.328,3.329031,100,89.50312138,1
16:38:25,3.328,3.329031,100,89.50309157,1
16:38:26,3.328,3.329032,100,89.50304985,1
16:38:27,3.328,3.329032,100,89.50302005,1
16:38:28,3.328,3.329032,100,89.50299025,1
16:38:29,3.328,3.329032,100,89.5029664,1
16:38:30,3.329,3.329032,100,89.50943351,1
16:38:31,3.329,3.329544,100,89.5093441,1
16:38:32,3.329,3.32978,100,89.50871825,1
16:38:33,3.329,3.329896,100,89.50877786,1
16:38:34,3.33,3.329954,100,89.51577544,1
16:38:35,3.33,3.330493,100,89.51602578,1
16:38:36,3.33,3.330746,100,89.51526284,1
16:38:37,3.33,3.330869,100,89.51534033,1
16:38:38,3.33,3.330931,100,89.51535821,1
16:38:39,3.33,3.330962,100,89.51540589,1
16:38:40,3.33,3.330977,100,89.5154655,1
16:38:41,3.331,3.330985,100,89.52224255,1
16:38:42,3.331,3.331495,100,89.5227313,1
16:38:43,3.33,3.331737,100,89.51218128,1
16:38:44,3.331,3.331348,100,89.51916695,1
16:38:45,3.331,3.331672,100,89.51989412,1
16:38:46,3.331,3.331823,100,89.51975703,1
16:38:47,3.331,3.331897,100,89.51990604,1
16:38:48,3.331,3.331933,100,89.52004313,1
16:38:49,3.331,3.331952,100,89.52018619,1
16:38:50,3.331,3.331961,100,89.52032328,1
16:38:51,3.331,3.331965,100,89.52048421,1
16:38:52,3.331,3.331968,100,89.52062726,1
16:38:53,3.332,3.331969,100,89.52751,1
16:38:54,3.332,3.332474,100,89.5283699,1
16:38:55,3.332,3.332716,100,89.52786922,1
16:38:56,3.332,3.332835,100,89.52800035,1
16:38:57,3.332,3.332895,100,89.52817917,1
16:38:58,3.332,3.332924,100,89.5283699,1
16:38:59,3.332,3.332938,100,89.52856064,1
16:39:00,3.332,3.332946,100,89.52875137,1
16:39:01,3.332,3.33295,100,89.52894807,1
16:39:02,3.332,3.332952,100,89.5291388,1
16:39:03,3.332,3.332953,100,89.52934146,1
16:39:04,3.332,3.332954,100,89.52954412,1
16:39:05,3.332,3.332954,100,89.52974677,1
16:39:06,3.332,3.332955,100,89.52994943,1
16:39:07,3.332,3.332955,100,89.53016996,1
16:39:08,3.332,3.332955,100,89.53037858,1
16:39:09,3.332,3.332956,100,89.5305872,1
16:39:10,3.332,3.332956,100,89.53080773,1
16:39:11,3.332,3.332957,100,89.53103423,1
16:39:12,3.332,3.332957,100,89.53125477,1
16:39:13,3.332,3.332957,100,89.53163624,1
16:39:14,3.332,3.332958,100,89.53210115,1
16:39:15,3.332,3.332958,100,89.53261971,1
16:39:16,3.332,3.332958,100,89.53316808,1
16:39:17,3.332,3.332959,100,89.53372836,1
16:39:18,3.332,3.332959,100,89.53430057,1
16:39:19,3.332,3.332959,100,89.53487873,1
16:39:20,3.332,3.33296,100,89.5354569,1
16:39:21,3.332,3.33296,100,89.53605294,1
16:39:22,3.332,3.33296,100,89.53665495,1
16:39:23,3.332,3.332961,100,89.53726292,1
16:39:24,3.332,3.332961,100,89.53787684,1
16:39:25,3.332,3.332961,100,89.53848481,1
16:39:26,3.332,3.332962,100,89.5391047,1
16:39:27,3.332,3.332962,100,89.53973651,1
16:39:28,3.332,3.332963,100,89.54037428,1
16:39:29,3.332,3.332963,100,89.54102993,1
16:39:30,3.332,3.332963,100,89.54168558,1
16:39:31,3.332,3.332964,100,89.54233527,1
16:39:32,3.332,3.332964,100,89.54300284,1
16:39:33,3.332,3.332965,100,89.54367042,1
16:39:34,3.332,3.332965,100,89.54434395,1
16:39:35,3.332,3.332965,100,89.54501152,1
16:39:36,3.332,3.332966,100,89.54569101,1
16:39:37,3.332,3.332966,100,89.54637647,1
16:39:38,3.332,3.332967,100,89.54706788,1
16:39:39,3.332,3.332967,100,89.54776525,1
16:39:40,3.332,3.332968,100,89.54848051,1
16:39:41,3.332,3.332968,100,89.54919577,1
16:39:42,3.332,3.332968,100,89.54991102,1
16:39:43,3.332,3.332969,100,89.55063224,1
16:39:44,3.332,3.332969,100,89.55134749,1
16:39:45,3.332,3.33297,100,89.55208063,1
16:39:46,3.332,3.33297,100,89.55280781,1
16:39:47,3.332,3.33297,100,89.55354095,1
16:39:48,3.332,3.332971,100,89.55429196,1
16:39:49,3.332,3.332971,100,89.55504298,1
16:39:50,3.332,3.332972,100,89.55579996,1
16:39:51,3.332,3.332972,100,89.55654502,1
16:39:52,3.332,3.332973,100,89.55731392,1
16:39:53,3.332,3.332973,100,89.55808282,1
16:39:54,3.332,3.332974,100,89.55884576,1
16:39:55,3.332,3.332974,100,89.55961466,1
16:39:56,3.332,3.332974,100,89.56040144,1
16:39:57,3.332,3.332975,100,89.56118822,1
16:39:58,3.332,3.332976,100,89.561975,1
16:39:59,3.332,3.332976,100,89.56275582,1
16:40:00,3.332,3.332977,100,89.56355453,1
16:40:01,3.332,3.332977,100,89.56435323,1
16:40:02,3.332,3.332977,100,89.56515789,1
16:40:03,3.332,3.332978,100,89.56595063,1
16:40:04,3.333,3.332978,100,89.57275748,1
16:40:05,3.332,3.333476,100,89.57059383,1
16:40:06,3.332,3.333223,100,89.5699501,1
16:40:07,3.332,3.3331,100,89.57005143,1
16:40:08,3.332,3.333039,100,89.57051039,1
16:40:09,3.332,3.33301,100,89.571172,1
16:40:10,3.333,3.332996,100,89.57787752,1
16:40:11,3.332,3.333486,100,89.57571387,1
16:40:12,3.332,3.33323,100,89.57508206,1
16:40:13,3.333,3.333104,100,89.5811379,1
16:40:14,3.332,3.333541,100,89.57865834,1
16:40:15,3.332,3.333257,100,89.57787752,1
16:40:16,3.333,3.333119,100,89.58384991,1
16:40:17,3.332,3.333548,100,89.58135843,1
16:40:18,3.333,3.333262,100,89.58649039,1
16:40:19,3.333,3.333619,100,89.58951235,1
16:40:20,3.333,3.333795,100,89.59150314,1
16:40:21,3.333,3.333881,100,89.5929873,1
16:40:22,3.333,3.333924,100,89.59422708,1
16:40:23,3.333,3.333946,100,89.59534764,1
16:40:24,3.333,3.333956,100,89.59640861,1
16:40:25,3.333,3.333962,100,89.59743977,1
16:40:26,3.333,3.333965,100,89.59845901,1
16:40:27,3.333,3.333966,100,89.59946632,1
16:40:28,3.333,3.333968,100,89.60048556,1
16:40:29,3.333,3.333969,100,89.60149288,1
16:40:30,3.333,3.333969,100,89.60251212,1
16:40:31,3.333,3.33397,100,89.60353136,1
16:40:32,3.333,3.333971,100,89.60453868,1
16:40:33,3.333,3.333972,100,89.60556388,1
16:40:34,3.333,3.333972,100,89.60658908,1
16:40:35,3.333,3.333972,100,89.60761428,1
16:40:36,3.333,3.333973,100,89.60863948,1
16:40:37,3.333,3.333974,100,89.60965872,1
16:40:38,3.333,3.333975,100,89.61068988,1
16:40:39,3.333,3.333975,100,89.61171508,1
16:40:40,3.333,3.333976,100,89.61274028,1
16:40:41,3.333,3.333977,100,89.6137774,1
16:40:42,3.333,3.333977,100,89.61481452,1
16:40:43,3.333,3.333977,100,89.61585164,1
16:40:44,3.333,3.333978,100,89.61688876,1
16:40:47,3.333,3.33398,100,89.61999416,1
16:40:50,3.333,3.333982,100,89.62311745,1
16:40:53,3.333,3.333984,100,89.62627053,1
16:40:56,3.333,3.333986,100,89.6294117,1
16:40:59,3.333,3.333987,100,89.63257074,1
16:41:02,3.333,3.333989,100,89.63572979,1
16:41:04,3.333,3.333991,100,89.63785172,1
16:41:05,3.333,3.333992,100,89.6389,1
16:41:06,3.333,3.333992,100,89.63996768,1
16:41:07,3.333,3.333993,100,89.64102268,1
16:41:08,3.333,3.333993,100,89.64208961,1
16:41:09,3.333,3.333994,100,89.64314461,1
16:41:10,3.333,3.333995,100,89.64421153,1
16:41:11,3.333,3.333995,100,89.64527845,1
16:41:12,3.333,3.333996,100,89.64633346,1
16:41:13,3.333,3.333996,100,89.64740038,1
16:41:14,3.333,3.333997,100,89.64845538,1
16:41:15,3.333,3.333998,100,89.64952826,1
16:41:16,3.333,3.333998,100,89.65058923,1
16:41:17,3.333,3.333999,100,89.65165019,1
16:41:18,3.333,3.334,100,89.65271711,1
16:41:19,3.333,3.334,100,89.65379,1
16:41:20,3.333,3.334001,100,89.65486288,1
16:41:21,3.333,3.334002,100,89.65592384,1
16:41:22,3.333,3.334002,100,89.65698481,1
16:41:23,3.333,3.334003,100,89.65805173,1
16:41:24,3.333,3.334003,100,89.65913057,1
16:41:25,3.333,3.334004,100,89.66020346,1
16:41:26,3.333,3.334005,100,89.66127038,1
16:41:27,3.333,3.334005,100,89.66233134,1
16:41:28,3.333,3.334006,100,89.66339827,1
16:41:29,3.333,3.334007,100,89.66447115,1
16:41:30,3.333,3.334007,100,89.66553211,1
16:41:31,3.333,3.334008,100,89.66659904,1
16:41:32,3.333,3.334008,100,89.66767788,1
16:41:33,3.333,3.334009,100,89.66873884,1
16:41:34,3.333,3.33401,100,89.66980577,1
16:41:35,3.333,3.334011,100,89.67087269,1
16:41:36,3.333,3.334011,100,89.67195153,1
16:41:37,3.333,3.334012,100,89.67301846,1
16:41:38,3.333,3.334013,100,89.6740973,1
16:41:39,3.333,3.334013,100,89.67517018,1
16:41:40,3.333,3.334014,100,89.67624307,1
16:41:41,3.333,3.334015,100,89.67730999,1
16:41:42,3.333,3.334015,100,89.67837095,1
16:41:43,3.333,3.334016,100,89.67943788,1
16:41:44,3.333,3.334016,100,89.6805048,1
16:41:45,3.333,3.334017,100,89.68158364,1
16:41:46,3.333,3.334018,100,89.68264461,1
16:41:47,3.333,3.334018,100,89.68371153,1
16:41:48,3.333,3.334019,100,89.68479037,1
16:41:49,3.333,3.33402,100,89.68586326,1
16:41:50,3.333,3.33402,100,89.68693018,1
16:41:51,3.333,3.334021,100,89.68799114,1
16:41:52,3.333,3.334022,100,89.6890521,1
16:41:53,3.333,3.334022,100,89.69011903,1
16:41:54,3.333,3.334023,100,89.69118595,1
16:41:55,3.333,3.334023,100,89.69225883,1
16:41:56,3.333,3.334024,100,89.69333172,1
16:41:57,3.333,3.334025,100,89.69439864,1
16:41:58,3.333,3.334025,100,89.69546556,1
16:41:59,3.333,3.334026,100,89.69652057,1
16:42:00,3.333,3.334027,100,89.69758749,1
16:42:01,3.333,3.334027,100,89.69864845,1
16:42:02,3.333,3.334028,100,89.69970942,1
16:42:03,3.333,3.334028,100,89.7007823,1
16:42:04,3.333,3.334029,100,89.70184922,1
16:42:05,3.333,3.33403,100,89.70290422,1
16:42:06,3.333,3.33403,100,89.70397115,1
16:42:07,3.333,3.334031,100,89.70502615,1
16:42:08,3.333,3.334032,100,89.70608711,1
16:42:09,3.333,3.334032,100,89.70714808,1
16:42:10,3.333,3.334033,100,89.70820904,1
16:42:11,3.333,3.334034,100,89.70927,1
16:42:12,3.333,3.334034,100,89.710325,1
16:42:13,3.333,3.334035,100,89.71138597,1
16:42:14,3.333,3.334035,100,89.71244693,1
16:42:15,3.333,3.334036,100,89.71350193,1
16:42:16,3.333,3.334037,100,89.71456885,1
16:42:17,3.333,3.334038,100,89.7156179,1
16:42:18,3.333,3.334038,100,89.71667886,1
16:42:19,3.333,3.334039,100,89.71773386,1
16:42:20,3.333,3.334039,100,89.7187829,1
16:42:21,3.333,3.33404,100,89.71983194,1
16:42:22,3.333,3.334041,100,89.72088099,1
16:42:23,3.333,3.334041,100,89.72194195,1
16:42:24,3.333,3.334042,100,89.72299695,1
16:42:25,3.333,3.334043,100,89.72404003,1
16:42:26,3.333,3.334043,100,89.72509503,1
16:42:27,3.333,3.334044,100,89.72614408,1
16:42:28,3.333,3.334044,100,89.72719312,1
16:42:29,3.333,3.334045,100,89.72824216,1
16:42:30,3.333,3.334045,100,89.7292912,1
16:42:31,3.333,3.334046,100,89.73034024,1
16:42:32,3.333,3.334047,100,89.73138332,1
16:42:33,3.333,3.334048,100,89.7324264,1
16:42:34,3.333,3.334048,100,89.73346353,1
16:42:35,3.333,3.334049,100,89.73450065,1
16:42:36,3.333,3.334049,100,89.73553777,1
16:42:37,3.333,3.33405,100,89.73658681,1
16:42:38,3.333,3.334051,100,89.73762989,1
16:42:39,3.333,3.334051,100,89.73866105,1
16:42:40,3.333,3.334052,100,89.73970413,1
16:42:41,3.333,3.334053,100,89.74073529,1
16:42:42,3.333,3.334053,100,89.74177837,1
16:42:43,3.333,3.334054,100,89.74281549,1
16:42:44,3.333,3.334054,100,89.74385262,1
16:42:45,3.333,3.334055,100,89.74488974,1
16:42:46,3.333,3.334056,100,89.7459209,1
16:42:47,3.333,3.334056,100,89.74695206,1
16:42:48,3.333,3.334057,100,89.7479713,1
16:42:49,3.333,3.334057,100,89.74900842,1
16:42:50,3.333,3.334058,100,89.75003958,1
16:42:51,3.333,3.334059,100,89.75105882,1
16:42:52,3.333,3.334059,100,89.75208998,1
16:42:53,3.333,3.33406,100,89.75312114,1
16:42:54,3.333,3.33406,100,89.75414038,1
16:42:55,3.333,3.334061,100,89.75517154,1
16:42:56,3.333,3.334062,100,89.75618482,1
16:42:57,3.333,3.334062,100,89.75721002,1
16:42:58,3.333,3.334063,100,89.75823522,1
16:42:59,3.333,3.334064,100,89.75925,1
16:43:00,3.333,3.334064,100,89.76026177,1
16:43:01,3.333,3.334064,100,89.76128697,1
16:43:02,3.333,3.334065,100,89.76231,1
16:43:03,3.333,3.334066,100,89.76332545,1
16:43:04,3.333,3.334067,100,89.76433277,1
16:43:05,3.333,3.334067,100,89.76535201,1
16:43:06,3.333,3.334068,100,89.76635933,1
16:43:07,3.333,3.334069,100,89.76737857,1
16:43:08,3.333,3.334069,100,89.76839185,1
16:43:09,3.333,3.33407,100,89.76939917,1
16:43:10,3.333,3.33407,100,89.77040052,1
16:43:11,3.333,3.334071,100,89.77140188,1
16:43:12,3.333,3.334072,100,89.77242,1
16:43:13,3.333,3.334072,100,89.77342248,1
16:43:14,3.333,3.334073,100,89.77441788,1
16:43:15,3.333,3.334073,100,89.7754252,1
16:43:16,3.333,3.334074,100,89.77642,1
16:43:17,3.333,3.334074,100,89.77742791,1
16:43:18,3.333,3.334075,100,89.77842927,1
16:43:19,3.333,3.334076,100,89.77943063,1
16:43:20,3.333,3.334076,100,89.78043,1
16:43:21,3.333,3.334077,100,89.7814095,1
16:43:22,3.333,3.334077,100,89.78241086,1
16:43:23,3.333,3.334078,100,89.78339434,1
16:43:24,3.333,3.334079,100,89.78438973,1
16:43:25,3.333,3.334079,100,89.78537321,1
16:43:26,3.333,3.33408,100,89.78636861,1
16:43:27,3.333,3.33408,100,89.78735209,1
16:43:28,3.333,3.334081,100,89.78833556,1
16:43:29,3.333,3.334082,100,89.789325,1
16:43:30,3.333,3.334082,100,89.79031444,1
16:43:32,3.333,3.334083,100,89.7913,1
16:43:32,3.333,3.334084,100,89.79226947,1
16:43:33,3.333,3.334084,100,89.79324698,1
16:43:34,3.333,3.334085,100,89.7942245,1
16:43:35,3.333,3.334085,100,89.79520202,1
16:43:36,3.333,3.334086,100,89.79617357,1
16:43:37,3.333,3.334086,100,89.79715705,1
16:43:38,3.333,3.334087,100,89.79813457,1
16:43:39,3.333,3.334088,100,89.79910612,1
16:43:40,3.333,3.334088,100,89.80006576,1
16:43:41,3.333,3.334088,100,89.80104327,1
16:43:42,3.333,3.334089,100,89.80201483,1
16:43:43,3.333,3.33409,100,89.80298042,1
16:43:44,3.333,3.33409,100,89.80394602,1
16:43:45,3.333,3.334091,100,89.80491161,1
16:43:46,3.333,3.334091,100,89.80587721,1
16:43:47,3.333,3.334092,100,89.80683684,1
16:43:48,3.333,3.334093,100,89.80778456,1
16:43:49,3.333,3.334093,100,89.80873823,1
16:43:50,3.333,3.334094,100,89.80969191,1
16:43:51,3.333,3.334095,100,89.81064558,1
16:43:52,3.333,3.334095,100,89.81159925,1
16:43:53,3.333,3.334096,100,89.81255293,1
16:43:54,3.333,3.334096,100,89.81351256,1
16:43:56,3.333,3.334097,100,89.81446028,1
16:43:57,3.333,3.334097,100,89.81541395,1
16:43:58,3.333,3.334098,100,89.81636763,1
16:43:58,3.333,3.334099,100,89.81731534,1
16:43:59,3.333,3.334099,100,89.81826305,1
16:44:00,3.333,3.3341,100,89.81919885,1
16:44:02,3.333,3.3341,100,89.82014656,1
16:44:03,3.333,3.334101,100,89.82108235,1
16:44:04,3.333,3.334101,100,89.82203007,1
16:44:04,3.333,3.334102,100,89.82296,1
16:44:05,3.333,3.334103,100,89.82390165,1
16:44:06,3.333,3.334103,100,89.82483745,1
16:44:07,3.333,3.334103,100,89.82576132,1
16:44:08,3.333,3.334104,100,89.82669711,1
16:44:09,3.333,3.334105,100,89.82762098,1
16:44:10,3.333,3.334105,100,89.82855678,1
16:44:11,3.333,3.334106,100,89.82948661,1
16:44:12,3.333,3.334106,100,89.83041644,1
16:44:13,3.333,3.334107,100,89.83134031,1
16:44:14,3.333,3.334107,100,89.83225226,1
16:44:15,3.333,3.334108,100,89.8331821,1
16:44:16,3.333,3.334109,100,89.83409405,1
16:44:17,3.333,3.334109,100,89.83501792,1
16:44:18,3.333,3.33411,100,89.83593,1
16:44:19,3.333,3.33411,100,89.83685374,1
16:44:20,3.334,3.334111,100,89.8429513,1
16:44:21,3.334,3.334608,100,89.84647393,1
16:44:22,3.334,3.334852,100,89.84872103,1
16:44:23,3.334,3.334973,100,89.85034823,1
16:44:24,3.334,3.335032,100,89.85168338,1
16:44:25,3.334,3.335062,100,89.85286355,1
16:44:26,3.334,3.335077,100,89.85396624,1
16:44:27,3.334,3.335084,100,89.8550272,1
16:44:28,3.334,3.335088,100,89.85607028,1
16:44:29,3.334,3.33509,100,89.85708952,1
16:44:30,3.334,3.335092,100,89.85812068,1
16:44:31,3.334,3.335093,100,89.85914588,1
16:44:32,3.334,3.335094,100,89.86016512,1
16:44:33,3.334,3.335094,100,89.86117244,1
16:44:34,3.334,3.335095,100,89.86219168,1
16:44:35,3.334,3.335096,100,89.86319304,1
16:44:36,3.334,3.335096,100,89.86420035,1
16:44:37,3.334,3.335097,100,89.86520767,1
16:44:38,3.334,3.335098,100,89.86622095,1
16:44:39,3.335,3.335098,100,89.87239003,1
16:44:40,3.334,3.335595,100,89.87082839,1
16:44:41,3.335,3.335343,100,89.87572789,1
16:44:42,3.335,3.335716,100,89.8786962,1
16:44:43,3.335,3.3359,100,89.88072872,1
