Timestamp,V_Meas(Avg),V_Pred(EKF),SoC_CC(%),SoC_EKF(%),dt
10:41:10,3.42,3.375712,94.13999915,97.76822329,1
10:41:11,3.42,3.472527,94.13999915,95.78816891,1
10:41:12,3.377,3.380242,94.11996603,95.70695758,1
10:41:13,3.358,3.377152,94.09993291,95.45431137,1
10:41:14,3.348,3.36846,94.07989979,95.25677562,1
10:41:15,3.339,3.360435,94.05986667,95.09562254,1
10:41:16,3.332,3.352716,94.03983355,95.02701759,1
10:41:17,3.326,3.345736,94.01980042,95.12472153,1
10:41:18,3.319,3.340033,93.9997673,94.96096969,1
10:41:19,3.317,3.333942,93.97973418,95.12937069,1
10:41:20,3.311,3.328813,93.95970106,94.97335553,1
10:41:21,3.307,3.323338,93.93966794,95.07379532,1
10:41:22,3.303,3.318336,93.91963482,94.99673247,1
10:41:23,3.298,3.313573,93.8996017,95.03307939,1
10:41:24,3.296,3.308862,93.87956858,95.00346184,1
10:41:25,3.291,3.305093,93.85953546,95.00746727,1
10:41:26,3.289,3.300992,93.83950233,94.99512,1
10:41:27,3.286,3.297651,93.81946921,94.98978257,1
10:41:28,3.282,3.294394,93.79943609,94.98372674,1
10:41:29,3.281,3.29101,93.77940297,94.97471,1
10:41:30,3.276,3.288319,93.75936985,94.97116804,1
10:41:31,3.275,3.285047,93.73933673,94.96176243,1
10:41:32,3.274,3.282451,93.71930361,94.95318532,1
10:41:33,3.27,3.280306,93.69927049,94.94873881,1
10:41:34,3.267,3.277707,93.67924,94.94249225,1
10:41:35,3.266,3.275059,93.65920424,94.93407011,1
10:41:36,3.263,3.272889,93.63917112,94.92854476,1
10:41:37,3.261,3.270539,93.619138,94.92157698,1
10:41:38,3.26,3.268325,93.59910488,94.91340518,1
10:41:39,3.26,3.266465,93.57907176,94.89997029,1
10:41:40,3.258999,3.26512,93.55903864,94.88361478,1
10:41:41,3.257,3.263885,93.53900552,94.86561,1
10:41:42,3.256,3.262471,93.5189724,94.84602809,1
10:41:43,3.254,3.261182,93.49893928,94.82533336,1
10:41:44,3.253,3.259727,93.47890615,94.80389357,1
10:41:45,3.253,3.258407,93.45887303,94.78226304,1
10:41:46,3.252,3.257443,93.43883991,94.76028681,1
10:41:47,3.252,3.25648,93.41880679,94.73844171,1
10:41:48,3.251,3.255776,93.39877367,94.71632838,1
10:41:49,3.249,3.255003,93.37874055,94.69353557,1
10:41:50,3.248001,3.253922,93.35870743,94.67067122,1
10:41:51,3.247,3.252875,93.33867431,94.6477592,1
10:41:52,3.247,3.251852,93.31864119,94.62530017,1
10:41:53,3.246,3.251104,93.29860806,94.60268617,1
10:41:54,3.244999,3.250299,93.27857494,94.57994103,1
10:41:55,3.244999,3.249452,93.25854182,94.55761909,1
10:41:56,3.244999,3.248832,93.2385087,94.5356071,1
10:41:57,3.244999,3.248378,93.21847558,94.5138216,1
10:41:58,3.244999,3.248043,93.19844246,94.492203,1
10:41:59,3.244999,3.247796,93.17840934,94.47070956,1
10:42:00,3.244999,3.247613,93.15837622,94.44931149,1
10:42:01,3.244999,3.247476,93.1383431,94.42798495,1
10:42:02,3.244999,3.247373,93.11830997,94.40670609,1
10:42:03,3.244999,3.247295,93.09827685,94.38547492,1
10:42:04,3.244999,3.247234,93.07824373,94.36427355,1
10:42:05,3.244999,3.247186,93.05821061,94.34309602,1
10:42:06,3.244999,3.247149,93.03818,94.32193637,1
10:42:07,3.244999,3.247117,93.01814437,94.3007946,1
10:42:08,3.244,3.247091,92.99811125,94.27914619,1
10:42:09,3.244,3.246811,92.97807813,94.25764084,1
10:42:10,3.243,3.246604,92.95804501,94.23571825,1
10:42:11,3.243,3.246193,92.93801188,94.2140162,1
10:42:12,3.243,3.24589,92.91797876,94.19246912,1
10:42:13,3.243,3.245666,92.89794564,94.17104125,1
10:42:14,3.242,3.2455,92.87791252,94.14917827,1
10:42:15,3.242,3.245118,92.8578794,94.12751198,1
10:42:16,3.242,3.244837,92.83784628,94.10600066,1
10:42:17,3.242,3.244628,92.81781316,94.08459067,1
10:42:18,3.242,3.244473,92.79778004,94.06326413,1
10:42:19,3.242,3.244357,92.77774692,94.04199719,1
10:42:20,3.241,3.244269,92.75771379,94.02025938,1
10:42:21,3.241,3.243944,92.73768067,93.99868846,1
10:42:22,3.241,3.243704,92.71764755,93.97724271,1
10:42:23,3.241,3.243526,92.69761443,93.95589232,1
10:42:24,3.241,3.243392,92.67758131,93.93460751,1
10:42:25,3.241,3.243292,92.65754819,93.91337633,1
10:42:26,3.241,3.243215,92.63751507,93.89218688,1
10:42:27,3.241,3.243156,92.61748195,93.87102723,1
10:42:28,3.241,3.24311,92.59744883,93.84989142,1
10:42:29,3.241,3.243072,92.5774157,93.82877946,1
10:42:30,3.241,3.243042,92.55738258,93.80767941,1
10:42:31,3.24,3.243016,92.53734946,93.78607273,1
10:42:32,3.241,3.242737,92.51731634,93.76513362,1
10:42:33,3.24,3.242787,92.49728322,93.74364614,1
10:42:34,3.24,3.242563,92.4772501,93.72227788,1
10:42:35,3.24,3.242396,92.45721698,93.70099306,1
10:42:36,3.24,3.242272,92.43718386,93.67977977,1
10:42:37,3.24,3.242177,92.41715074,93.6586082,1
10:42:38,3.24,3.242105,92.39712,93.63747835,1
10:42:39,3.24,3.242049,92.37708449,93.61637831,1
10:42:40,3.24,3.242005,92.35705137,93.5953021,1
10:42:41,3.24,3.24197,92.33701825,93.57424378,1
10:42:42,3.24,3.24194,92.31698513,93.55319738,1
10:42:43,3.24,3.241915,92.29695201,93.53216887,1
10:42:44,3.24,3.241894,92.27691889,93.51114631,1
10:42:45,3.24,3.241875,92.25688577,93.49013567,1
10:42:46,3.24,3.241857,92.23685265,93.46913695,1
10:42:47,3.24,3.241841,92.21681952,93.4481442,1
10:42:48,3.239,3.241826,92.1967864,93.42663884,1
10:42:49,3.239,3.241554,92.17675328,93.40527654,1
10:42:50,3.239,3.241353,92.15672016,93.38402152,1
10:42:51,3.239,3.241203,92.13668704,93.36284399,1
10:42:52,3.239,3.241091,92.11665392,93.34172606,1
10:42:53,3.239,3.241005,92.0966208,93.32064986,1
10:42:54,3.239,3.24094,92.07658768,93.29960942,1
10:42:55,3.239,3.240889,92.05655456,93.27859879,1
10:42:56,3.239,3.240848,92.03652143,93.25760603,1
10:42:57,3.239,3.240815,92.01648831,93.23663116,1
10:42:58,3.239,3.240787,91.99645519,93.2156682,1
10:42:59,3.239,3.240763,91.97642207,93.19471717,1
10:43:00,3.239,3.240743,91.95638895,93.17377806,1
10:43:01,3.239,3.240725,91.93635583,93.15285087,1
10:43:02,3.239,3.240708,91.91632271,93.13192964,1
10:43:03,3.239,3.240692,91.89628959,93.11101437,1
10:43:04,3.238,3.240677,91.87625647,93.08959246,1
10:43:05,3.239,3.240406,91.85622334,93.0688262,1
10:43:06,3.238,3.240462,91.83619022,93.04751754,1
10:43:07,3.238,3.240242,91.8161571,93.02632213,1
10:43:08,3.238,3.240079,91.79612398,93.00521016,1
10:43:09,3.238,3.239956,91.77609086,92.98416376,1
10:43:10,3.238,3.239864,91.75606,92.96316504,1
10:43:11,3.238,3.239793,91.73602462,92.94220209,1
10:43:12,3.238,3.239738,91.7159915,92.92126894,1
10:43:13,3.238,3.239695,91.69595838,92.90035963,1
10:43:14,3.238,3.23966,91.67592525,92.87946224,1
10:43:15,3.238,3.239631,91.65589213,92.85858274,1
10:43:16,3.238,3.239606,91.63585901,92.83772,1
10:43:17,3.238,3.239585,91.61582589,92.81685948,1
10:43:18,3.238,3.239566,91.59579277,92.79601574,1
10:43:19,3.238,3.239549,91.57575965,92.77518392,1
10:43:20,3.238,3.239533,91.55572653,92.75435805,1
10:43:21,3.238,3.239518,91.53569341,92.73353815,1
10:43:22,3.238,3.239504,91.51566029,92.71273017,1
10:43:23,3.238,3.23949,91.49562716,92.69192219,1
10:43:24,3.238,3.239476,91.47559404,92.67112613,1
10:43:25,3.238,3.239463,91.45556092,92.65033603,1
10:43:26,3.238,3.23945,91.4355278,92.62955189,1
10:43:27,3.238,3.239437,91.41549468,92.60877371,1
10:43:28,3.238,3.239424,91.39546156,92.58800149,1
10:43:29,3.238,3.239411,91.37542844,92.56723523,1
10:43:30,3.238,3.239398,91.35539532,92.54648089,1
10:43:31,3.238,3.239386,91.3353622,92.52573252,1
10:43:32,3.238,3.239373,91.31532907,92.5049901,1
10:43:33,3.238,3.23936,91.29529595,92.48425364,1
10:43:34,3.238,3.239348,91.27526283,92.46352315,1
10:43:35,3.238,3.239335,91.25522971,92.44279861,1
10:43:36,3.238,3.239322,91.23519659,92.422086,1
10:43:37,3.238,3.23931,91.21516347,92.40137339,1
10:43:38,3.238,3.239297,91.19513035,92.38066673,1
10:43:39,3.238,3.239285,91.17509723,92.359972,1
10:43:40,3.238,3.239272,91.15506411,92.33928323,1
10:43:41,3.238,3.239259,91.13503098,92.31860042,1
10:43:42,3.238,3.239247,91.115,92.29792356,1
10:43:43,3.238,3.239235,91.09496474,92.27725267,1
10:43:44,3.275,3.282054,91.09496474,92.27360487,1
10:43:45,3.275,3.281363,91.09496474,92.27032065,1
10:43:46,3.281,3.28086,91.09496474,92.27039218,1
10:43:47,3.282,3.282037,91.09496474,92.2703743,1
10:43:48,3.282,3.283151,91.09496474,92.26978421,1
10:43:49,3.282,3.283961,91.09496474,92.26877093,1
10:43:50,3.288,3.28455,91.09496474,92.27055311,1
10:43:51,3.288,3.286522,91.09496474,92.27131605,1
10:43:52,3.289,3.287957,91.09496474,92.27185249,1
10:43:53,3.289,3.289258,91.09496474,92.27172136,1
10:43:54,3.289,3.290205,91.09496474,92.27110147,1
10:43:55,3.289,3.290893,91.09496474,92.27012396,1
10:43:56,3.289,3.291394,91.09496474,92.26889014,1
10:43:57,3.29,3.291758,91.09496474,92.26798415,1
10:43:58,3.294,3.29228,91.09496474,92.26887226,1
10:43:59,3.296,3.293689,91.09496474,92.27005839,1
10:44:00,3.296,3.295228,91.09496474,92.27045774,1
10:44:01,3.296,3.296348,91.09496474,92.27028,1
10:44:02,3.297,3.297163,91.09496474,92.27019548,1
10:44:03,3.297,3.298013,91.09496474,92.26967692,1
10:44:04,3.297,3.298632,91.09496474,92.2688365,1
10:44:05,3.297,3.299082,91.09496474,92.26776361,1
10:44:06,3.297,3.299408,91.09496474,92.26652384,1
10:44:07,3.297,3.299646,91.09496474,92.26516485,1
10:44:08,3.297,3.299819,91.09496474,92.26371646,1
10:44:09,3.297,3.299945,91.09496474,92.2622025,1
10:44:10,3.297,3.300035,91.09496474,92.26064086,1
10:44:11,3.297,3.300102,91.09496474,92.25904942,1
10:44:12,3.299,3.300149,91.09496474,92.25845933,1
10:44:13,3.301,3.300698,91.09496474,92.2586143,1
10:44:14,3.303,3.301612,91.09496474,92.25932956,1
10:44:15,3.303,3.302791,91.09496474,92.25943685,1
10:44:16,3.303,3.303649,91.09496474,92.25910306,1
10:44:17,3.303,3.304273,91.09496474,92.25844741,1
10:44:18,3.303,3.304727,91.09496474,92.2575593,1
10:44:19,3.303,3.305057,91.09496474,92.2565043,1
10:44:20,3.303,3.305297,91.09496474,92.25532413,1
10:44:21,3.304,3.305472,91.09496474,92.25456715,1
10:44:22,3.303,3.305856,91.09496474,92.25310087,1
10:44:23,3.304,3.305877,91.09496474,92.25213528,1
10:44:24,3.304,3.30615,91.09496474,92.25103259,1
10:44:25,3.304,3.306349,91.09496474,92.24982858,1
10:44:26,3.304,3.306494,91.09496474,92.24855304,1
10:44:27,3.304,3.306598,91.09496474,92.24721789,1
10:44:28,3.304,3.306674,91.09496474,92.24584699,1
10:44:29,3.304,3.306729,91.09496474,92.24444628,1
10:44:30,3.304,3.306769,91.09496474,92.24302173,1
10:44:31,3.304,3.306798,91.09496474,92.24159122,1
10:44:32,3.304,3.306818,91.09496474,92.24014878,1
10:44:33,3.304,3.306833,91.09496474,92.23869443,1
10:44:34,3.304,3.306844,91.09496474,92.23724008,1
10:44:35,3.304,3.306851,91.09496474,92.23577976,1
10:44:36,3.304,3.306856,91.09496474,92.23431945,1
10:44:37,3.304,3.30686,91.09496474,92.23285317,1
10:44:38,3.304,3.306862,91.09496474,92.2313869,1
10:44:39,3.304,3.306863,91.09496474,92.22992063,1
10:44:40,3.304,3.306864,91.09496474,92.22845435,1
10:44:41,3.304,3.306865,91.09496474,92.22698808,1
10:44:42,3.304,3.306865,91.09496474,92.2255218,1
10:44:43,3.304,3.306865,91.09496474,92.22405553,1
10:44:44,3.304,3.306864,91.09496474,92.22258925,1
10:44:45,3.304,3.306863,91.09496474,92.22112298,1
10:44:46,3.296,3.292586,91.08828902,92.21619368,1
10:44:47,3.293,3.293925,91.0816133,92.20904708,1
10:44:48,3.29,3.294127,91.07493758,92.20025539,1
10:44:49,3.289,3.293502,91.06826186,92.19127297,1
10:44:50,3.289,3.292788,91.06158614,92.1826601,1
10:44:51,3.289,3.292267,91.05491042,92.17431545,1
10:44:52,3.289,3.291887,91.0482347,92.1661675,1
10:44:53,3.289,3.291608,91.04155898,92.15815663,1
10:44:54,3.289,3.291405,91.03488326,92.1502471,1
10:44:55,3.289,3.291255,91.02820754,92.14242101,1
10:44:56,3.289,3.291145,91.02153182,92.13464856,1
10:44:57,3.289,3.291064,91.0148561,92.12691784,1
10:44:58,3.289,3.291003,91.00818038,92.11922,1
10:44:59,3.289,3.290958,91.00150466,92.11153984,1
10:45:00,3.289,3.290924,90.99482894,92.10388064,1
10:45:01,3.289,3.290898,90.98815322,92.09623337,1
10:45:02,3.288,3.290878,90.9814775,92.08809137,1
10:45:03,3.288,3.290604,90.97480178,92.08008647,1
10:45:04,3.288,3.290404,90.96812606,92.07218289,1
10:45:05,3.288,3.290257,90.96145034,92.0643568,1
10:45:06,3.288,3.290149,90.95477462,92.05658436,1
10:45:07,3.288,3.290069,90.9480989,92.04885364,1
10:45:08,3.288,3.29001,90.94142318,92.04115272,1
10:45:09,3.288,3.289965,90.93474746,92.03347564,1
10:45:11,3.288,3.289932,90.92807174,92.02581048,1
10:45:11,3.288,3.289906,90.92139602,92.0181632,1
10:45:12,3.288,3.289886,90.9147203,92.01052189,1
10:45:13,3.288,3.28987,90.90804458,92.00289249,1
10:45:15,3.288,3.289857,90.90136886,91.99526906,1
10:45:15,3.287,3.289847,90.89469314,91.98713899,1
10:45:16,3.287,3.289581,90.88801742,91.979146,1
10:45:17,3.287,3.289386,90.8813417,91.97125435,1
10:45:19,3.286,3.289242,90.87466598,91.96292758,1
10:45:20,3.286,3.28888,90.86799026,91.95478559,1
10:45:20,3.286,3.288614,90.86131454,91.94678068,1
10:45:21,3.286,3.28842,90.85463881,91.93887115,1
10:45:23,3.286,3.288277,90.84796309,91.93103909,1
10:45:24,3.286,3.288172,90.84128737,91.92326069,1
10:45:24,3.286,3.288095,90.83461165,91.91551805,1
10:45:25,3.285,3.288037,90.82793593,91.90729856,1
10:45:26,3.285,3.287736,90.82126021,91.8992281,1
10:45:28,3.285,3.287516,90.81458449,91.89127088,1
10:45:29,3.284,3.287354,90.80790877,91.8828845,1
10:45:29,3.284,3.286979,90.80123305,91.87469,1
10:45:30,3.284,3.286704,90.79455733,91.86664224,1
10:45:32,3.284,3.286503,90.78788161,91.85869098,1
10:45:33,3.284,3.286355,90.78120589,91.8508172,1
10:45:33,3.283,3.286246,90.77453017,91.84249043,1
10:45:34,3.283,3.285908,90.76785445,91.83433652,1
10:45:35,3.283,3.285661,90.76117873,91.82630777,1
10:45:37,3.283,3.28548,90.75450301,91.8183744,1
10:45:38,3.283,3.285347,90.74782729,91.81050658,1
10:45:38,3.283,3.285249,90.74115157,91.80268645,1
10:45:39,3.283,3.285177,90.73447585,91.79490805,1
10:45:41,3.283,3.285123,90.72780013,91.78715348,1
10:45:42,3.283,3.285082,90.72112441,91.7794168,1
10:45:43,3.282,3.285051,90.71444869,91.77119136,1
10:45:43,3.282,3.28477,90.70777297,91.76310897,1
10:45:45,3.282,3.284564,90.70109725,91.75513387,1
10:45:46,3.282,3.284413,90.69442153,91.74723625,1
10:45:47,3.282,3.284302,90.68774581,91.73939228,1
10:45:47,3.282,3.28422,90.68107009,91.73159003,1
10:45:49,3.282,3.284158,90.67439437,91.72381759,1
10:45:50,3.282,3.284113,90.66771865,91.71606898,1
10:45:51,3.282,3.284078,90.66104293,91.70833826,1
10:45:51,3.282,3.284052,90.65436721,91.70062542,1
10:45:52,3.282,3.284031,90.64769149,91.69291854,1
10:45:54,3.282,3.284015,90.64101577,91.68521762,1
10:45:55,3.282,3.284002,90.63434005,91.67752862,1
10:45:56,3.282,3.283991,90.62766433,91.66983962,1
10:45:56,3.282,3.283982,90.62098861,91.66215658,1
10:45:58,3.282,3.283974,90.61431289,91.6544795,1
10:45:59,3.282,3.283967,90.60763717,91.64680839,1
10:46:00,3.282,3.283961,90.60096145,91.63914323,1
10:46:00,3.282,3.283955,90.59428573,91.63147807,1
10:46:02,3.282,3.283949,90.58761001,91.62381291,1
10:46:03,3.282,3.283944,90.58093429,91.61615372,1
10:46:04,3.282,3.283939,90.57425857,91.60849452,1
10:46:05,3.282,3.283934,90.56758285,91.60084128,1
10:46:06,3.282,3.283929,90.56090713,91.59318805,1
10:46:07,3.282,3.283924,90.55423141,91.58554,1
10:46:08,3.282,3.283919,90.54755569,91.5778935,1
10:46:09,3.282,3.283915,90.54087996,91.57024622,1
10:46:09,3.282,3.28391,90.53420424,91.5626049,1
10:46:11,3.282,3.283905,90.52752852,91.55496359,1
10:46:12,3.282,3.2839,90.5208528,91.54732823,1
10:46:13,3.282,3.283896,90.51417708,91.53969288,1
10:46:14,3.282,3.283891,90.50750136,91.53206348,1
10:46:15,3.282,3.283887,90.50082564,91.52443409,1
10:46:16,3.282,3.283882,90.49414992,91.5168047,1
10:46:17,3.282,3.283878,90.4874742,91.50918126,1
10:46:18,3.282,3.283873,90.48079848,91.50155783,1
10:46:19,3.282,3.283868,90.47412276,91.49393439,1
10:46:20,3.282,3.283864,90.46744704,91.48631692,1
10:46:21,3.282,3.283859,90.46077132,91.47869945,1
10:46:22,3.282,3.283854,90.4540956,91.47108793,1
10:46:22,3.282,3.28385,90.44741988,91.46347642,1
10:46:24,3.282,3.283845,90.44074416,91.45586491,1
10:46:25,3.282,3.28384,90.43406844,91.44825935,1
10:46:26,3.282,3.283836,90.42739272,91.44065976,1
10:46:27,3.282,3.283831,90.420717,91.43306017,1
10:46:28,3.282,3.283827,90.41404128,91.42546058,1
10:46:29,3.282,3.283822,90.40736556,91.41786695,1
10:46:30,3.282,3.283818,90.40068984,91.41027331,1
10:46:31,3.282,3.283813,90.39401412,91.40267968,1
10:46:32,3.282,3.283808,90.3873384,91.39509201,1
10:46:33,3.282,3.283803,90.38066268,91.38750434,1
10:46:34,3.282,3.283799,90.37398696,91.37992263,1
10:46:35,3.282,3.283794,90.36731124,91.37234092,1
10:46:36,3.282,3.28379,90.36063552,91.36476517,1
10:46:37,3.282,3.283785,90.3539598,91.35718942,1
10:46:38,3.282,3.283781,90.34728408,91.34961367,1
10:46:39,3.282,3.283776,90.34060836,91.34204388,1
10:46:40,3.282,3.283771,90.33393264,91.33447409,1
10:46:41,3.282,3.283767,90.32725692,91.3269,1
10:46:42,3.282,3.283762,90.3205812,91.31934047,1
10:46:43,3.282,3.283758,90.31390548,91.3117826,1
10:46:44,3.282,3.283753,90.30722976,91.30422473,1
10:46:45,3.282,3.283749,90.30055404,91.29666686,1
10:46:46,3.282,3.283744,90.29387832,91.28911495,1
10:46:47,3.282,3.283739,90.2872026,91.28156304,1
10:46:48,3.282,3.283735,90.28052688,91.27401114,1
10:46:49,3.282,3.28373,90.27385116,91.26646519,1
10:46:50,3.282,3.283726,90.26717544,91.25891924,1
10:46:51,3.282,3.283721,90.26049972,91.25137,1
10:46:52,3.282,3.283716,90.253824,91.2438333,1
10:46:53,3.282,3.283712,90.24714828,91.23629928,1
10:46:54,3.282,3.283707,90.24047256,91.22876525,1
10:46:55,3.282,3.283703,90.23379683,91.22123122,1
10:46:56,3.282,3.283698,90.22712111,91.21370316,1
10:46:57,3.282,3.283694,90.22044539,91.20617509,1
10:46:58,3.282,3.283689,90.21376967,91.19865298,1
10:46:59,3.282,3.283684,90.20709395,91.19113088,1
10:47:00,3.282,3.28368,90.20041823,91.18360877,1
10:47:01,3.282,3.283675,90.19374251,91.17609262,1
10:47:02,3.282,3.283671,90.18706679,91.16857648,1
10:47:03,3.282,3.283666,90.18039107,91.16106629,1
10:47:04,3.282,3.283662,90.17371535,91.15355611,1
10:47:05,3.282,3.283657,90.16703963,91.14604592,1
10:47:06,3.282,3.283653,90.16036391,91.1385417,1
10:47:07,3.282,3.283648,90.15368819,91.13103747,1
10:47:08,3.282,3.283643,90.14701247,91.12353325,1
10:47:09,3.282,3.283639,90.14033675,91.11603498,1
10:47:10,3.282,3.283634,90.13366103,91.10853672,1
10:47:11,3.282,3.28363,90.12698531,91.10104442,1
10:47:12,3.282,3.283625,90.12030959,91.09355211,1
10:47:13,3.282,3.283621,90.11363387,91.08605981,1
10:47:14,3.282,3.283616,90.10695815,91.07857347,1
10:47:15,3.282,3.283612,90.10028243,91.07108712,1
10:47:16,3.282,3.283607,90.09360671,91.06360078,1
10:47:17,3.282,3.283602,90.08693099,91.0561204,1
10:47:18,3.282,3.283598,90.08025527,91.04864001,1
10:47:19,3.282,3.283593,90.07357955,91.04116559,1
10:47:20,3.282,3.283589,90.06690383,91.03369117,1
10:47:21,3.282,3.283584,90.06022811,91.02622271,1
10:47:22,3.282,3.28358,90.05355239,91.01875424,1
10:47:23,3.282,3.283576,90.04687667,91.01129174,1
10:47:24,3.282,3.283571,90.04020095,91.00382924,1
10:47:25,3.282,3.283566,90.03352523,90.99636674,1
10:47:26,3.282,3.283562,90.02684951,90.9889102,1
10:47:27,3.282,3.283557,90.02017379,90.98145366,1
10:47:28,3.282,3.283553,90.01349807,90.97399712,1
10:47:29,3.282,3.283548,90.00682235,90.96654654,1
10:47:30,3.282,3.283544,90.00014663,90.95909595,1
10:47:31,3.282,3.283539,89.99347091,90.95164537,1
10:47:32,3.282,3.283535,89.98679519,90.94420075,1
10:47:33,3.282,3.28353,89.98011947,90.93676209,1
10:47:34,3.282,3.283526,89.97344375,90.92932343,1
10:47:35,3.282,3.283521,89.96676803,90.92188478,1
10:47:36,3.282,3.283517,89.96009231,90.91445208,1
10:47:37,3.282,3.283512,89.95341659,90.90701938,1
10:47:38,3.282,3.283508,89.94674087,90.89958668,1
10:47:39,3.282,3.283503,89.94006515,90.89215994,1
10:47:40,3.282,3.283499,89.93338943,90.8847332,1
10:47:41,3.282,3.283494,89.92671371,90.87731242,1
10:47:42,3.282,3.28349,89.92003798,90.86989164,1
10:47:43,3.282,3.283485,89.91336226,90.86247087,1
10:47:44,3.282,3.28348,89.90668654,90.85505605,1
10:47:45,3.282,3.283476,89.90001082,90.84764123,1
10:47:46,3.282,3.283471,89.8933351,90.84023237,1
10:47:47,3.282,3.283467,89.88665938,90.83282351,1
10:47:48,3.282,3.283463,89.87998366,90.82541466,1
10:47:49,3.282,3.283458,89.87330794,90.81801176,1
10:47:50,3.282,3.283453,89.86663222,90.81060886,1
10:47:51,3.282,3.283449,89.8599565,90.80320597,1
10:47:52,3.282,3.283445,89.85328078,90.79580903,1
10:47:53,3.282,3.28344,89.84660506,90.78841209,1
10:47:54,3.282,3.283436,89.83992934,90.78102,1
10:47:55,3.282,3.283431,89.83325362,90.77363014,1
10:47:56,3.282,3.283427,89.8265779,90.76623917,1
10:47:57,3.282,3.283422,89.81990218,90.75885415,1
10:47:58,3.282,3.283418,89.81322646,90.75146914,1
10:47:59,3.282,3.283413,89.80655074,90.74408412,1
10:48:00,3.282,3.283409,89.79987502,90.73670506,1
10:48:01,3.282,3.283404,89.7931993,90.72932601,1
10:48:02,3.282,3.2834,89.78652358,90.72195292,1
10:48:03,3.282,3.283395,89.77984786,90.71457982,1
10:48:04,3.282,3.283391,89.77317214,90.70721,1
10:48:05,3.282,3.283386,89.76649642,90.69983959,1
10:48:06,3.282,3.283382,89.7598207,90.69247842,1
10:48:07,3.282,3.283378,89.75314498,90.68511724,1
10:48:08,3.282,3.283373,89.74646926,90.67775607,1
10:48:09,3.282,3.283369,89.73979354,90.67039,1
10:48:10,3.282,3.283364,89.73311782,90.66303968,1
10:48:11,3.282,3.28336,89.7264421,90.65568447,1
10:48:12,3.282,3.283355,89.71976638,90.64833522,1
10:48:13,3.282,3.283351,89.71309066,90.64098597,1
10:48:14,3.282,3.283346,89.70641494,90.63364267,1
10:48:15,3.282,3.283342,89.69973922,90.62629938,1
10:48:16,3.282,3.283337,89.6930635,90.61895609,1
10:48:17,3.282,3.283333,89.68638778,90.61161876,1
10:48:18,3.282,3.283329,89.67971206,90.60428143,1
10:48:19,3.282,3.283324,89.67303634,90.59694409,1
10:48:20,3.282,3.283319,89.66636062,90.58961272,1
10:48:21,3.282,3.283315,89.6596849,90.58228135,1
10:48:22,3.282,3.283311,89.65300918,90.57494998,1
10:48:23,3.282,3.283306,89.64633346,90.56762457,1
10:48:24,3.282,3.283302,89.63965774,90.56029916,1
10:48:25,3.282,3.283297,89.63298202,90.55297971,1
10:48:26,3.282,3.283293,89.6263063,90.54566026,1
10:48:27,3.282,3.283288,89.61963058,90.53834081,1
10:48:28,3.282,3.283284,89.61295485,90.53102732,1
10:48:29,3.282,3.283279,89.60627913,90.52371383,1
10:48:30,3.282,3.283275,89.59960341,90.51640034,1
10:48:31,3.282,3.283271,89.59292769,90.50909281,1
10:48:32,3.282,3.283266,89.58625197,90.50179,1
10:48:33,3.282,3.283262,89.57957625,90.49448371,1
10:48:34,3.282,3.283257,89.57290053,90.48718214,1
10:48:35,3.282,3.283253,89.56622481,90.47988057,1
10:48:36,3.281,3.283249,89.55954909,90.47209024,1
10:48:37,3.282,3.282987,89.55287337,90.46492577,1
10:48:38,3.282,3.283052,89.54619765,90.45773,1
10:48:39,3.282,3.283099,89.53952193,90.45050144,1
10:48:40,3.281,3.283132,89.53284621,90.44277072,1
10:48:41,3.282,3.282897,89.52617049,90.43564796,1
10:48:42,3.282,3.282982,89.51949477,90.42848349,1
10:48:43,3.282,3.283043,89.51281905,90.42128921,1
10:48:44,3.282,3.283086,89.50614333,90.41407704,1
10:48:45,3.282,3.283116,89.49946761,90.406847,1
10:48:46,3.281,3.283137,89.49279189,90.39911032,1
10:48:47,3.282,3.282894,89.48611617,90.39198756,1
10:48:48,3.282,3.282973,89.47944045,90.38482904,1
10:48:49,3.281,3.283029,89.47276473,90.37714601,1
10:48:50,3.282,3.282811,89.46608901,90.37006497,1
10:48:51,3.282,3.282909,89.45941329,90.36293626,1
10:48:52,3.282,3.282979,89.45273757,90.35577178,1
10:48:53,3.282,3.283029,89.44606185,90.34858942,1
10:48:54,3.281,3.283064,89.43938613,90.3408885,1
10:48:55,3.282,3.282831,89.43271041,90.33380151,1
10:48:56,3.281,3.282917,89.42603469,90.32617807,1
10:48:57,3.282,3.282722,89.41935897,90.31914473,1
10:48:58,3.282,3.282835,89.41268325,90.31205773,1
10:48:59,3.281,3.282917,89.40600753,90.3044343,1
10:49:00,3.282,3.282718,89.39933181,90.29740095,1
10:49:01,3.281,3.282829,89.39265609,90.28981924,1
10:49:02,3.281,3.282652,89.38598037,90.28232098,1
10:49:03,3.281,3.282521,89.37930465,90.27489424,1
10:49:04,3.282,3.282425,89.37262893,90.2680099,1
10:49:05,3.281,3.282611,89.36595321,90.26053548,1
10:49:06,3.281,3.282489,89.35927749,90.25312066,1
10:49:07,3.281,3.282398,89.35260177,90.24575353,1
10:49:08,3.281,3.282331,89.34592605,90.23841619,1
10:49:09,3.281,3.28228,89.33925033,90.23110867,1
10:49:10,3.281,3.282243,89.33257461,90.22381902,1
10:49:11,3.281,3.282214,89.32589889,90.21654129,1
10:49:12,3.281,3.282192,89.31922317,90.20927548,1
10:49:13,3.281,3.282175,89.31254745,90.20201564,1
10:49:14,3.281,3.282161,89.30587173,90.19476771,1
10:49:15,3.281,3.28215,89.299196,90.18752575,1
10:49:16,3.281,3.28214,89.29252028,90.18028378,1
10:49:17,3.281,3.282133,89.28584456,90.17304778,1
10:49:18,3.281,3.282125,89.27916884,90.16581774,1
10:49:19,3.281,3.28212,89.27249312,90.15858769,1
10:49:20,3.281,3.282114,89.2658174,90.15136361,1
10:49:21,3.281,3.282108,89.25914168,90.14413953,1
10:49:22,3.281,3.282103,89.25246596,90.13691545,1
10:49:23,3.281,3.282098,89.24579024,90.12969732,1
10:49:24,3.281,3.282094,89.23911452,90.1224792,1
10:49:25,3.281,3.282089,89.2324388,90.11526704,1
10:49:26,3.281,3.282084,89.22576308,90.10805488,1
10:49:27,3.281,3.282079,89.21908736,90.10084867,1
10:49:28,3.281,3.282075,89.21241164,90.09380937,1
10:49:29,3.281,3.282071,89.20573592,90.08692503,1
10:49:30,3.281,3.282067,89.1990602,90.0801599,1
10:49:31,3.281,3.282063,89.19238448,90.07347226,1
10:49:32,3.281,3.282058,89.18570876,90.06684422,1
10:49:33,3.281,3.282054,89.17903304,90.06026387,1
10:49:34,3.281,3.28205,89.17235732,90.05371928,1
10:49:35,3.281,3.282047,89.1656816,90.04719853,1
10:49:36,3.281,3.282043,89.15900588,90.04069567,1
10:49:37,3.281,3.282039,89.15233016,90.03421068,1
10:49:38,3.281,3.282035,89.14565444,90.02774358,1
10:49:39,3.281,3.282031,89.13897872,90.02128839,1
10:49:40,3.281,3.282028,89.132303,90.01484513,1
10:49:41,3.281,3.282024,89.12562728,90.00840783,1
10:49:42,3.281,3.282021,89.11895156,90.00198245,1
10:49:43,3.281,3.282048,89.11227584,89.99557,1
10:49:44,3.281,3.282078,89.10560012,89.98918533,1
10:49:45,3.281,3.2821,89.0989244,89.98280764,1
10:49:46,3.281,3.282116,89.09224868,89.97644782,1
10:49:47,3.281,3.282127,89.08557296,89.97009993,1
10:49:48,3.281,3.282135,89.07889724,89.96376395,1
10:49:49,3.281,3.28214,89.07222152,89.9574399,1
10:49:50,3.281,3.282143,89.0655458,89.95112777,1
10:49:51,3.281,3.282145,89.05887008,89.94482756,1
10:49:52,3.281,3.282146,89.05219436,89.93853331,1
10:49:53,3.281,3.282147,89.04551864,89.93225,1
10:49:54,3.281,3.282147,89.03884292,89.92597461,1
10:49:55,3.281,3.282146,89.0321672,89.91971016,1
10:49:56,3.281,3.282146,89.02549148,89.91345763,1
10:49:57,3.281,3.282145,89.01881576,89.90721107,1
10:49:58,3.281,3.282144,89.01214004,89.90097642,1
10:49:59,3.281,3.282143,89.00546432,89.89457488,1
10:50:00,3.281,3.282142,88.9987886,89.88804221,1
10:50:01,3.28,3.282141,88.99211287,89.88144994,1
10:50:02,3.28,3.281883,88.98543715,89.87472653,1
10:50:03,3.28,3.281695,88.97876143,89.8679316,1
10:50:04,3.28,3.281558,88.97208571,89.86109495,1
10:50:05,3.28,3.281457,88.96540999,89.85423446,1
10:50:06,3.28,3.281384,88.95873427,89.84735608,1
10:50:07,3.28,3.281329,88.95205855,89.84047174,1
10:50:08,3.28,3.28129,88.94538283,89.83358145,1
10:50:09,3.279,3.28126,88.93870711,89.82651234,1
10:50:10,3.28,3.280982,88.93203139,89.8196578,1
10:50:11,3.279,3.281035,88.92535567,89.81260657,1
10:50:12,3.279,3.280817,88.91867995,89.80559111,1
10:50:13,3.279,3.280657,88.91200423,89.79860544,1
10:50:14,3.279,3.280541,88.90532851,89.79163766,1
10:50:15,3.279,3.280456,88.89865279,89.7846818,1
10:50:16,3.279,3.280393,88.89197707,89.77773786,1
10:50:17,3.279,3.280347,88.88530135,89.77079988,1
10:50:18,3.279,3.280313,88.87862563,89.76387382,1
10:50:19,3.278,3.280288,88.87194991,89.75675702,1
10:50:20,3.278,3.280012,88.86527419,89.74969387,1
10:50:21,3.278,3.279812,88.85859847,89.74266648,1
10:50:22,3.278,3.279665,88.85192275,89.7356689,1
10:50:23,3.278,3.279558,88.84524703,89.72868919,1
10:50:24,3.278,3.279479,88.83857131,89.72172737,1
10:50:25,3.277,3.279422,88.83189559,89.71458673,1
10:50:26,3.277,3.279123,88.82521987,89.70749974,1
10:50:27,3.277,3.278904,88.81854415,89.70045447,1
10:50:28,3.277,3.278745,88.81186843,89.69343901,1
10:50:29,3.277,3.278628,88.80519271,89.68644738,1
10:50:30,3.276,3.278543,88.79851699,89.6792829,1
10:50:31,3.277,3.278224,88.79184127,89.67236876,1
10:50:32,3.276,3.278248,88.78516555,89.66525793,1
10:50:33,3.276,3.278008,88.77848983,89.65819478,1
10:50:34,3.276,3.277833,88.77181411,89.65116143,1
10:50:35,3.276,3.277705,88.76513839,89.64415789,1
10:50:36,3.276,3.277612,88.75846267,89.63717222,1
10:50:37,3.276,3.277544,88.75178695,89.63019848,1
10:50:38,3.276,3.277493,88.74511123,89.6232307,1
10:50:39,3.276,3.277456,88.73843551,89.61627483,1
10:50:40,3.276,3.277429,88.73175979,89.60932493,1
10:50:41,3.276,3.277408,88.72508407,89.60237503,1
10:50:42,3.276,3.277393,88.71840835,89.59543109,1
10:50:43,3.276,3.277381,88.71173263,89.58848715,1
10:50:44,3.276,3.277373,88.70505691,89.58154321,1
10:50:45,3.276,3.277366,88.69838119,89.57460523,1
10:50:46,3.276,3.27736,88.69170547,89.56766725,1
10:50:47,3.276,3.277356,88.68502975,89.56072927,1
10:50:48,3.289,3.291585,88.68502975,89.56022859,1
10:50:49,3.289,3.291495,88.68502975,89.55973983,1
10:50:50,3.289,3.29143,88.68502975,89.55926895,1
10:50:51,3.292,3.291382,88.68502975,89.55938816,1
10:50:52,3.296,3.292118,88.68502975,89.56013918,1
10:50:53,3.296,3.293681,88.68502975,89.56058621,1
10:50:54,3.296,3.294819,88.68502975,89.56081271,1
10:50:56,3.297,3.295647,88.68502975,89.56107497,1
10:50:57,3.297,3.296507,88.68502975,89.56117034,1
10:50:58,3.297,3.297133,88.68502975,89.5611465,1
10:50:58,3.297,3.297588,88.68502975,89.56103325,1
10:50:59,3.297,3.29792,88.68502975,89.56085443,1
10:51:00,3.297,3.298161,88.68502975,89.56062794,1
10:51:01,3.297,3.298337,88.68502975,89.56036568,1
10:51:02,3.297,3.298464,88.68502975,89.56007957,1
10:51:03,3.297,3.298557,88.68502975,89.55977559,1
10:51:05,3.297,3.298625,88.68502975,89.55945969,1
10:51:05,3.297,3.298674,88.68502975,89.55913782,1
10:51:06,3.297,3.29871,88.68502975,89.55880404,1
10:51:07,3.298,3.298736,88.68502975,89.55866098,1
10:51:08,3.299,3.299011,88.68502975,89.55866098,1
10:51:09,3.301,3.299469,88.68502975,89.55895901,1
10:51:10,3.302,3.300316,88.68502975,89.55928683,1
10:51:11,3.303,3.301189,88.68502975,89.5596385,1
10:51:12,3.303,3.302082,88.68502975,89.55981731,1
10:51:13,3.303,3.302732,88.68502975,89.55987096,1
10:51:14,3.303,3.303205,88.68502975,89.55982924,1
10:51:15,3.303,3.303548,88.68502975,89.55972195,1
10:51:16,3.303,3.303799,88.68502975,89.55956697,1
10:51:17,3.303,3.303981,88.68502975,89.55937624,1
10:51:18,3.303,3.304114,88.68502975,89.5591557,1
10:51:19,3.303,3.30421,88.68502975,89.55891728,1
10:51:20,3.303,3.30428,88.68502975,89.55866694,1
10:51:21,3.304,3.304331,88.68502975,89.5586,1
10:51:22,3.304,3.304626,88.68502975,89.55848217,1
10:51:23,3.304,3.30484,88.68502975,89.55832124,1
10:51:24,3.304,3.304996,88.68502975,89.55812454,1
10:51:25,3.304,3.305109,88.68502975,89.55790997,1
10:51:26,3.304,3.305192,88.68502975,89.55767751,1
10:51:27,3.304,3.305252,88.68502975,89.55743313,1
10:51:28,3.304,3.305295,88.68502975,89.55718279,1
10:51:29,3.304,3.305327,88.68502975,89.55692649,1
10:51:30,3.304,3.30535,88.68502975,89.55666423,1
10:51:31,3.304,3.305367,88.68502975,89.55639601,1
10:51:32,3.304,3.305379,88.68502975,89.55612779,1
10:51:33,3.304,3.305388,88.68502975,89.55585957,1
10:51:34,3.304,3.305394,88.68502975,89.55558538,1
10:51:35,3.304,3.305399,88.68502975,89.5553112,1
10:51:36,3.304,3.305402,88.68502975,89.55503702,1
10:51:37,3.304,3.305405,88.68502975,89.55476284,1
10:51:38,3.304,3.305407,88.68502975,89.55448866,1
10:51:39,3.304,3.305408,88.68502975,89.55421,1
10:51:40,3.304,3.305409,88.68502975,89.5539403,1
10:51:41,3.304,3.305409,88.68502975,89.55366611,1
10:51:42,3.304,3.30541,88.68502975,89.55339193,1
10:51:43,3.304,3.30541,88.68502975,89.55311775,1
10:51:44,3.304,3.305411,88.68502975,89.55284357,1
10:51:45,3.304,3.305411,88.68502975,89.55256939,1
10:51:46,3.304,3.305411,88.68502975,89.55229521,1
10:51:47,3.304,3.305411,88.68502975,89.55202103,1
10:51:48,3.304,3.305411,88.68502975,89.55174685,1
10:51:49,3.304,3.305411,88.68502975,89.55147266,1
10:51:50,3.304,3.305411,88.68502975,89.55119848,1
10:51:51,3.282,3.276944,88.67167234,89.53883052,1
10:51:52,3.277,3.278146,88.65831494,89.52524662,1
10:51:53,3.275,3.277734,88.64495754,89.51135278,1
10:51:54,3.275,3.27692,88.63160014,89.49761987,1
10:51:55,3.274,3.276327,88.61824274,89.48380947,1
10:51:56,3.272,3.275637,88.60488534,89.46974277,1
10:51:57,3.269,3.274621,88.59152794,89.45528269,1
10:51:58,3.267,3.273109,88.57817054,89.44073,1
10:51:59,3.267,3.271494,88.56481314,89.42648768,1
10:52:00,3.266,3.270318,88.55145574,89.4122839,1
10:52:01,3.266,3.269204,88.53809834,89.39830065,1
10:52:02,3.265,3.268392,88.52474093,89.38427567,1
10:52:03,3.262001,3.267544,88.51138353,89.36982751,1
10:52:04,3.261,3.266155,88.49802613,89.35546279,1
10:52:05,3.26,3.264886,88.48466873,89.34115171,1
10:52:06,3.26,3.263704,88.47131133,89.32706714,1
10:52:07,3.26,3.262844,88.45795393,89.31315541,1
10:52:08,3.26,3.262216,88.44459653,89.2993629,1
10:52:09,3.26,3.261759,88.43123913,89.28566,1
10:52:10,3.26,3.261425,88.41788173,89.27202225,1
10:52:11,3.26,3.261181,88.40452433,89.25843239,1
10:52:12,3.26,3.261003,88.39116693,89.24487829,1
10:52:13,3.258999,3.260872,88.37780952,89.23115134,1
10:52:14,3.258999,3.26052,88.36445212,89.21749592,1
10:52:15,3.258999,3.260262,88.35109472,89.20388818,1
10:52:16,3.258999,3.260073,88.33773732,89.19032216,1
10:52:17,3.258999,3.259935,88.32437992,89.17677999,1
10:52:18,3.258,3.259834,88.31102252,89.16306496,1
10:52:19,3.257,3.259502,88.29766512,89.1492188,1
10:52:20,3.256,3.259003,88.28430772,89.13527131,1
10:52:21,3.256,3.258382,88.27095,89.12144899,1
10:52:22,3.256,3.25793,88.25759292,89.10771012,1
10:52:24,3.255,3.257599,88.24423552,89.09384012,1
10:52:25,3.255,3.257101,88.23087811,89.08007145,1
10:52:26,3.254,3.256737,88.21752071,89.06617165,1
10:52:27,3.253,3.256214,88.20416331,89.05218244,1
10:52:28,3.253,3.255577,88.19080591,89.0383184,1
10:52:29,3.253,3.255111,88.17744851,89.02454,1
10:52:30,3.253,3.254772,88.16409111,89.01084065,1
10:52:30,3.253,3.254524,88.15073371,88.99718523,1
10:52:31,3.253,3.254343,88.13737631,88.98355961,1
10:52:33,3.253,3.25421,88.12401891,88.96996379,1
10:52:34,3.253,3.254112,88.11066151,88.95638585,1
10:52:35,3.253,3.25404,88.09730411,88.94282579,1
10:52:36,3.253,3.253987,88.0839467,88.9292717,1
10:52:36,3.253,3.253948,88.0705893,88.91572952,1
10:52:37,3.253,3.253918,88.0572319,88.90219331,1
10:52:38,3.253,3.253896,88.0438745,88.88865709,1
10:52:39,3.253,3.253878,88.0305171,88.87512684,1
10:52:40,3.253,3.253865,88.0171597,88.86159658,1
10:52:41,3.253,3.253854,88.0038023,88.84807229,1
10:52:42,3.252,3.253846,87.9904449,88.8343513,1
10:52:43,3.253,3.253582,87.9770875,88.82088065,1
10:52:44,3.252,3.253646,87.9637301,88.80720139,1
10:52:45,3.252,3.253434,87.9503727,88.79356,1
10:52:46,3.252,3.25328,87.9370153,88.7799561,1
10:52:47,3.252,3.253166,87.92365789,88.76636624,1
10:52:48,3.252,3.253083,87.91030049,88.75279427,1
10:52:49,3.252,3.253021,87.89694309,88.73923421,1
10:52:50,3.252,3.252976,87.88358569,88.72568607,1
10:52:51,3.252,3.252941,87.87022829,88.7121439,1
10:52:52,3.252,3.252916,87.85687089,88.69860768,1
10:52:53,3.252,3.252896,87.84351,88.68507147,1
10:52:54,3.252,3.252881,87.83015609,88.67154121,1
10:52:55,3.252,3.252869,87.81679869,88.65801096,1
10:52:56,3.252,3.25286,87.80344129,88.64448071,1
10:52:57,3.252,3.252852,87.79008389,88.63095641,1
10:52:58,3.251,3.252852,87.77672648,88.61723542,1
10:52:59,3.251,3.252595,87.76336908,88.60356212,1
10:53:00,3.251,3.252408,87.75001168,88.58992457,1
10:53:01,3.25,3.252271,87.73665428,88.57612014,1
10:53:02,3.25,3.251914,87.72329688,88.56238723,1
10:53:03,3.25,3.251653,87.70993948,88.548702,1
10:53:04,3.25,3.251463,87.69658208,88.53505254,1
10:53:05,3.25,3.251324,87.68322468,88.52143288,1
10:53:06,3.249,3.251223,87.66986728,88.5076344,1
10:53:07,3.249,3.250891,87.65650988,88.49390149,1
10:53:08,3.249,3.25065,87.64315248,88.48021626,1
10:53:09,3.249,3.250473,87.62979507,88.4665668,1
10:53:10,3.249,3.250344,87.61643767,88.45294118,1
10:53:11,3.248001,3.25025,87.60308027,88.43913674,1
10:53:12,3.248001,3.249924,87.58972287,88.42539787,1
10:53:13,3.248001,3.249686,87.57636547,88.41170669,1
10:53:14,3.248001,3.249513,87.56300807,88.3980453,1
10:53:15,3.248001,3.249386,87.54965067,88.38441372,1
10:53:16,3.247,3.249293,87.53629327,88.37059736,1
10:53:17,3.247,3.248968,87.52293587,88.35684657,1
10:53:18,3.247,3.248731,87.50957847,88.34314346,1
10:53:19,3.247,3.248558,87.49622107,88.32947612,1
10:53:20,3.247,3.248431,87.48286366,88.31583261,1
10:53:21,3.247,3.248339,87.46950626,88.30220699,1
10:53:22,3.247,3.248271,87.45614886,88.28859329,1
10:53:23,3.247,3.248221,87.44279146,88.27499151,1
10:53:24,3.246,3.248184,87.42943406,88.261199,1
10:53:25,3.246,3.2479,87.41608,88.24746013,1
10:53:26,3.246,3.247693,87.40271926,88.23376298,1
10:53:27,3.246,3.247541,87.38936186,88.22009563,1
10:53:28,3.246,3.247431,87.37600446,88.20645213,1
10:53:30,3.246,3.247349,87.36264706,88.19282055,1
10:53:32,3.246,3.24729,87.34928966,88.17920089,1
10:53:33,3.244999,3.247246,87.33593225,88.16539049,1
10:53:34,3.244999,3.246957,87.32257485,88.1516397,1
10:53:35,3.244999,3.246746,87.30921745,88.13793063,1
10:53:35,3.244999,3.246592,87.29586005,88.12425137,1
10:53:36,3.244999,3.246479,87.28250265,88.11059594,1
10:53:36,3.244999,3.246396,87.26914525,88.0969584,1
10:53:37,3.244999,3.246336,87.25578785,88.08333278,1
10:53:38,3.244999,3.246291,87.24243045,88.06971312,1
10:53:39,3.244999,3.246258,87.22907305,88.05609941,1
10:53:40,3.244999,3.246233,87.21571565,88.04249167,1
10:53:41,3.244999,3.246215,87.20235825,88.02888989,1
10:53:42,3.244999,3.246201,87.18900084,88.01528811,1
10:53:44,3.244999,3.246191,87.17564344,88.00168633,1
10:53:44,3.244999,3.246182,87.16228604,87.98808455,1
10:53:45,3.244999,3.246176,87.14892864,87.97448874,1
10:53:46,3.244999,3.24617,87.13557124,87.96089292,1
10:53:47,3.244999,3.246166,87.12221384,87.9472971,1
10:53:48,3.244999,3.246162,87.10885644,87.93370128,1
10:53:49,3.244999,3.246159,87.09549904,87.92010546,1
10:53:50,3.244999,3.246156,87.08214164,87.90650964,1
10:53:51,3.244999,3.246153,87.06878424,87.89291,1
10:53:52,3.244999,3.246151,87.05542684,87.87932396,1
10:53:53,3.244999,3.246149,87.04206944,87.8657341,1
10:53:54,3.244999,3.246147,87.02871203,87.85213828,1
10:53:55,3.244999,3.246145,87.01535463,87.83854842,1
10:53:56,3.244999,3.246142,87.00199723,87.82495856,1
10:53:57,3.244999,3.24614,86.98864,87.8113687,1
10:53:58,3.244999,3.246138,86.97528243,87.79777884,1
10:53:59,3.244999,3.246136,86.96192503,87.78418899,1
10:54:00,3.244999,3.246134,86.94856763,87.77059913,1
10:54:01,3.244999,3.246132,86.93521023,87.75700927,1
10:54:02,3.244999,3.24613,86.92185283,87.74341941,1
10:54:03,3.244999,3.246128,86.90849543,87.72982955,1
10:54:04,3.244999,3.246126,86.89513803,87.71623969,1
10:54:05,3.244999,3.246124,86.88178062,87.70264983,1
10:54:06,3.244999,3.246122,86.86842322,87.68905997,1
10:54:07,3.244999,3.24612,86.85506582,87.67547011,1
10:54:08,3.244999,3.246118,86.84170842,87.66188025,1
10:54:09,3.244999,3.246116,86.82835102,87.6482904,1
10:54:10,3.244999,3.246114,86.81499362,87.63470054,1
10:54:11,3.244999,3.246112,86.80163622,87.62111068,1
10:54:12,3.244999,3.24611,86.78827882,87.60752082,1
10:54:13,3.244999,3.246108,86.77492142,87.59393096,1
10:54:14,3.244999,3.246106,86.76156402,87.5803411,1
10:54:15,3.244999,3.246104,86.74820662,87.56676,1
10:54:16,3.244999,3.246103,86.73484921,87.5531733,1
10:54:17,3.244999,3.2461,86.72149181,87.53958344,1
10:54:18,3.244999,3.246099,86.70813441,87.52599955,1
10:54:19,3.244999,3.246096,86.69477701,87.51241565,1
10:54:20,3.244999,3.246094,86.68141961,87.49883175,1
10:54:21,3.244999,3.246093,86.66806221,87.48524785,1
10:54:22,3.244999,3.24609,86.65470481,87.47166395,1
10:54:23,3.244999,3.246089,86.64134741,87.45808005,1
10:54:24,3.244999,3.246087,86.62799001,87.4445,1
10:54:25,3.244999,3.246084,86.61463261,87.43091226,1
10:54:26,3.244999,3.246082,86.60127521,87.41732836,1
10:54:27,3.244999,3.24608,86.5879178,87.40374446,1
10:54:28,3.244999,3.246078,86.5745604,87.39016056,1
10:54:29,3.244999,3.246076,86.5612,87.37657666,1
10:54:30,3.244999,3.246074,86.5478456,87.36299276,1
10:54:31,3.244999,3.246072,86.5344882,87.34940886,1
10:54:32,3.244999,3.24607,86.5211308,87.33582497,1
10:54:33,3.244999,3.246068,86.5077734,87.32224107,1
10:54:34,3.244999,3.246066,86.494416,87.30865717,1
10:54:35,3.244999,3.246064,86.4810586,87.29507923,1
10:54:36,3.244999,3.246062,86.4677012,87.28150129,1
10:54:37,3.244999,3.24606,86.4543438,87.26791739,1
10:54:38,3.244999,3.246058,86.44098639,87.25433946,1
10:54:39,3.244999,3.246056,86.42762899,87.24076152,1
10:54:40,3.244999,3.246054,86.41427159,87.22718358,1
10:54:41,3.244999,3.246052,86.40091419,87.21360564,1
10:54:42,3.244999,3.24605,86.38755679,87.2000277,1
10:54:43,3.244999,3.246048,86.37419939,87.18644977,1
10:54:44,3.244999,3.246046,86.36084199,87.17287183,1
10:54:45,3.244999,3.246043,86.34748459,87.15929389,1
10:54:46,3.244999,3.246042,86.33412719,87.14571595,1
10:54:47,3.244999,3.24604,86.32076979,87.13213801,1
10:54:48,3.244999,3.246037,86.30741239,87.11856008,1
10:54:49,3.244999,3.246035,86.29405499,87.10498214,1
10:54:50,3.244999,3.246033,86.28069758,87.0914042,1
10:54:51,3.244999,3.246031,86.26734018,87.07782626,1
10:54:52,3.244999,3.246029,86.25398278,87.06424832,1
10:54:53,3.267,3.273677,86.25398278,87.06282973,1
10:54:54,3.273,3.272698,86.25398278,87.0628953,1
10:54:55,3.275,3.273523,86.25398278,87.0632112,1
10:54:56,3.275,3.274636,86.25398278,87.06328869,1
10:54:57,3.275,3.275445,86.25398278,87.06319332,1
10:54:58,3.275,3.276034,86.25398278,87.06297278,1
10:54:59,3.275,3.276462,86.25398278,87.06266284,1
10:55:00,3.279,3.276774,86.25398278,87.06313968,1
10:55:01,3.281,3.278025,86.25398278,87.06377149,1
10:55:02,3.281,3.279448,86.25398278,87.06409931,1
10:55:03,3.281,3.280483,86.25398278,87.0642066,1
10:55:04,3.282,3.281236,86.25398278,87.06436753,1
10:55:05,3.282,3.282041,86.25398278,87.06436,1
10:55:06,3.282,3.282626,86.25398278,87.06423044,1
10:55:07,3.282,3.283052,86.25398278,87.06400394,1
10:55:08,3.282,3.283361,86.25398278,87.06371188,1
10:55:09,3.282,3.283587,86.25398278,87.06337214,1
10:55:10,3.282,3.283751,86.25398278,87.06299663,1
10:55:11,3.282,3.28387,86.25398278,87.06259727,1
10:55:12,3.284,3.283957,86.25398278,87.0626092,1
10:55:13,3.286,3.284532,86.25398278,87.0629251,1
10:55:14,3.288,3.285463,86.25398278,87.0634675,1
10:55:15,3.288,3.286653,86.25398278,87.0637536,1
10:55:16,3.288,3.287518,86.25398278,87.06385493,1
10:55:17,3.288,3.288148,86.25398278,87.06382513,1
10:55:18,3.288,3.288607,86.25398278,87.063694,1
10:55:19,3.288,3.28894,86.25398278,87.06349134,1
10:55:20,3.288,3.289183,86.25398278,87.063241,1
10:55:21,3.289,3.289359,86.25398278,87.06316352,1
10:55:22,3.289,3.289744,86.25398278,87.06300259,1
10:55:23,3.289,3.290024,86.25398278,87.06278205,1
10:55:24,3.289,3.290227,86.25398278,87.06251979,1
10:55:25,3.289,3.290375,86.25398278,87.06222773,1
10:55:26,3.289,3.290483,86.25398278,87.06191182,1
10:55:27,3.289,3.290561,86.25398278,87.06157804,1
10:55:28,3.289,3.290618,86.25398278,87.06123233,1
10:55:29,3.289,3.29066,86.25398278,87.0608747,1
10:55:30,3.289,3.29069,86.25398278,87.06051111,1
10:55:31,3.289,3.290712,86.25398278,87.06014752,1
10:55:32,3.289,3.290728,86.25398278,87.05977798,1
10:55:33,3.289,3.290739,86.25398278,87.05940843,1
10:55:34,3.289,3.290748,86.25398278,87.05903292,1
10:55:35,3.289,3.290754,86.25398278,87.05865741,1
10:55:36,3.289,3.290758,86.25398278,87.0582819,1
10:55:37,3.289,3.290761,86.25398278,87.05790639,1
10:55:38,3.289,3.290764,86.25398278,87.05753088,1
10:55:39,3.289,3.290766,86.25398278,87.05715537,1
10:55:40,3.289,3.290766,86.25398278,87.05677986,1
10:55:41,3.289,3.290768,86.25398278,87.05639839,1
10:55:42,3.289,3.290768,86.25398278,87.05601692,1
10:55:43,3.289,3.290768,86.25398278,87.05563545,1
10:55:44,3.289,3.290769,86.25398278,87.05525398,1
10:55:45,3.289,3.290769,86.25398278,87.05487251,1
10:55:46,3.289,3.290769,86.25398278,87.05449104,1
10:55:47,3.289,3.290769,86.25398278,87.05410957,1
10:55:48,3.289,3.290769,86.25398278,87.0537281,1
10:55:49,3.289,3.290769,86.25398278,87.05334663,1
10:55:50,3.289,3.290769,86.25398278,87.05296516,1
10:55:51,3.289,3.290769,86.25398278,87.05258369,1
10:55:52,3.29,3.290769,86.25398278,87.0524168,1
10:55:53,3.29,3.291025,86.25398278,87.05219626,1
10:55:54,3.291,3.291212,86.25398278,87.05214858,1
10:55:55,3.291,3.291603,86.25398278,87.05201745,1
10:55:56,3.292,3.291888,86.25398278,87.05204129,1
10:55:57,3.292,3.292352,86.25398278,87.05196,1
10:55:58,3.293,3.292689,86.25398278,87.05202937,1
10:55:59,3.294,3.29319,86.25398278,87.05220222,1
10:56:00,3.294,3.293812,86.25398278,87.05224395,1
10:56:01,3.294,3.294263,86.25398278,87.0521903,1
10:56:02,3.295,3.294592,86.25398278,87.05227971,1
10:56:03,3.295,3.295087,86.25398278,87.05226183,1
10:56:04,3.295,3.295448,86.25398278,87.05216646,1
10:56:05,3.296,3.29571,86.25398278,87.05222607,1
10:56:06,3.296,3.296157,86.25398278,87.0521903,1
10:56:07,3.296,3.296482,86.25398278,87.05208898,1
10:56:08,3.296,3.296719,86.25398278,87.051934,1
10:56:09,3.296,3.296891,86.25398278,87.05174327,1
10:56:10,3.296,3.297016,86.25398278,87.05152273,1
10:56:11,3.296,3.297107,86.25398278,87.05128431,1
10:56:12,3.296,3.297174,86.25398278,87.05103397,1
10:56:13,3.296,3.297222,86.25398278,87.05077171,1
10:56:14,3.296,3.297257,86.25398278,87.05050349,1
10:56:15,3.296,3.297282,86.25398278,87.05022931,1
10:56:16,3.296,3.297301,86.25398278,87.04994917,1
10:56:17,3.296,3.297314,86.25398278,87.04966903,1
10:56:18,3.296,3.297324,86.25398278,87.04938293,1
10:56:19,3.296,3.297331,86.25398278,87.04909682,1
10:56:20,3.296,3.297336,86.25398278,87.04881072,1
10:56:21,3.296,3.29734,86.25398278,87.04852462,1
10:56:22,3.296,3.297343,86.25398278,87.04823256,1
10:56:23,3.296,3.297345,86.25398278,87.04794049,1
10:56:24,3.296,3.297346,86.25398278,87.04764843,1
10:56:25,3.296,3.297347,86.25398278,87.04735637,1
10:56:26,3.296,3.297348,86.25398278,87.0470643,1
10:56:27,3.296,3.297348,86.25398278,87.04677224,1
10:56:28,3.296,3.297349,86.25398278,87.04648018,1
10:56:29,3.296,3.297349,86.25398278,87.04618812,1
10:56:30,3.297,3.297349,86.25398278,87.04611063,1
10:56:31,3.296,3.297606,86.25398278,87.04576492,1
10:56:32,3.296,3.297536,86.25398278,87.04543114,1
10:56:33,3.297,3.297485,86.25398278,87.04532385,1
10:56:34,3.296,3.297704,86.25398278,87.0449543,1
10:56:35,3.297,3.297607,86.25398278,87.04482317,1
10:56:36,3.297,3.297794,86.25398278,87.04465032,1
10:56:37,3.297,3.297929,86.25398278,87.04444766,1
10:56:38,3.297,3.298027,86.25398278,87.04422712,1
10:56:39,3.296,3.298099,86.25398278,87.04377413,1
10:56:40,3.297,3.297895,86.25398278,87.04358339,1
10:56:41,3.297,3.298002,86.25398278,87.04336882,1
10:56:42,3.296,3.29808,86.25398278,87.04292178,1
10:56:43,3.296,3.297881,86.25398278,87.04251647,1
10:56:44,3.297,3.297736,86.25398278,87.04235554,1
10:56:45,3.297,3.297887,86.25398278,87.0421648,1
10:56:46,3.297,3.297997,86.25398278,87.04195023,1
10:56:47,3.297,3.298076,86.25398278,87.04171777,1
10:56:48,3.297,3.298135,86.25398278,87.04147,1
10:56:49,3.297,3.298177,86.25398278,87.04121709,1
10:56:50,3.297,3.298207,86.25398278,87.04095483,1
10:56:51,3.297,3.29823,86.25398278,87.04068661,1
10:56:52,3.297,3.298246,86.25398278,87.04041839,1
10:56:53,3.297,3.298258,86.25398278,87.04014421,1
10:56:54,3.297,3.298266,86.25398278,87.03987002,1
10:56:55,3.297,3.298273,86.25398278,87.03959584,1
10:56:56,3.297,3.298277,86.25398278,87.0393157,1
10:56:57,3.297,3.29828,86.25398278,87.03903556,1
10:56:59,3.297,3.298283,86.25398278,87.03875542,1
10:57:00,3.297,3.298284,86.25398278,87.03848124,1
10:57:02,3.297,3.298285,86.25398278,87.03820109,1
10:57:03,3.297,3.298286,86.25398278,87.03792095,1
10:57:04,3.297,3.298287,86.25398278,87.03764081,1
10:57:04,3.297,3.298287,86.25398278,87.03736067,1
10:57:05,3.297,3.298288,86.25398278,87.03708053,1
10:57:05,3.297,3.298288,86.25398278,87.03680038,1
10:57:07,3.297,3.298288,86.25398278,87.03652024,1
10:57:08,3.297,3.298288,86.25398278,87.0362401,1
10:57:09,3.297,3.298288,86.25398278,87.03595996,1
10:57:10,3.297,3.298288,86.25398278,87.03567982,1
10:57:11,3.297,3.298288,86.25398278,87.03539968,1
10:57:11,3.297,3.298288,86.25398278,87.03511953,1
10:57:12,3.297,3.298288,86.25398278,87.03483939,1
10:57:13,3.297,3.298288,86.25398278,87.03455925,1
10:57:14,3.297,3.298288,86.25398278,87.03427911,1
10:57:15,3.297,3.298288,86.25398278,87.03399897,1
10:57:16,3.297,3.298288,86.25398278,87.03371882,1
10:57:17,3.297,3.298288,86.25398278,87.03343868,1
10:57:18,3.297,3.298288,86.25398278,87.03315854,1
10:57:20,3.297,3.298288,86.25398278,87.0328784,1
10:57:21,3.297,3.298288,86.25398278,87.03259826,1
10:57:21,3.297,3.298288,86.25398278,87.03232,1
10:57:22,3.297,3.298288,86.25398278,87.03203797,1
10:57:23,3.297,3.298288,86.25398278,87.03175783,1
10:57:24,3.297,3.298288,86.25398278,87.03147769,1
10:57:25,3.297,3.298288,86.25398278,87.03119755,1
10:57:26,3.26,3.256838,86.23394966,87.01185584,1
10:57:27,3.256,3.257275,86.21391654,86.99154854,1
10:57:28,3.253,3.256569,86.19388342,86.97074056,1
10:57:30,3.252,3.255285,86.1738503,86.94999218,1
10:57:30,3.248001,3.254094,86.15381718,86.92863584,1
10:57:31,3.244999,3.252203,86.13378406,86.90703511,1
10:57:32,3.244999,3.250057,86.11375093,86.88589931,1
10:57:33,3.244999,3.248495,86.09371781,86.86510324,1
10:57:34,3.242,3.247356,86.07368,86.84390187,1
10:57:35,3.24,3.245759,86.05365157,86.82261109,1
10:57:36,3.238,3.244084,86.03361845,86.80124879,1
10:57:37,3.238,3.242353,86.01358533,86.78026199,1
10:57:38,3.237,3.241092,85.99355221,86.7593348,1
10:57:39,3.236,3.239917,85.97351909,86.73844337,1
10:57:40,3.235,3.238805,85.95348597,86.71757579,1
10:57:41,3.234,3.237739,85.93345284,86.69672012,1
10:57:42,3.233,3.236707,85.91341972,86.67587042,1
10:57:43,3.232,3.235699,85.8933866,86.65502071,1
10:57:44,3.230999,3.234708,85.87335348,86.63417101,1
10:57:45,3.230999,3.233731,85.85332036,86.61352992,1
10:57:46,3.230999,3.233019,85.83328724,86.59304976,1
10:57:47,3.23,3.2325,85.81325412,86.57246232,1
10:57:48,3.23,3.231865,85.793221,86.55201793,1
10:57:49,3.23,3.231402,85.77318788,86.53167486,1
10:57:50,3.23,3.231065,85.75315475,86.51140332,1
10:57:51,3.229,3.230818,85.73312163,86.49096489,1
10:57:52,3.228,3.230382,85.71308851,86.47040129,1
10:57:53,3.227,3.229809,85.69305539,86.44974232,1
10:57:54,3.227,3.229135,85.67302227,86.42923236,1
10:57:55,3.226,3.228643,85.65298915,86.40860915,1
10:57:56,3.226,3.228029,85.63295603,86.38812304,1
10:57:57,3.225,3.227581,85.61292291,86.36751175,1
10:57:58,3.225,3.226999,85.59288979,86.34703159,1
10:57:59,3.225,3.226574,85.57285666,86.3266468,1
10:58:00,3.225,3.226265,85.55282354,86.30633354,1
10:58:01,3.225,3.226038,85.53279042,86.28606796,1
10:58:02,3.224,3.225873,85.5127573,86.26561761,1
10:58:03,3.224,3.225496,85.49272418,86.2452507,1
10:58:04,3.224,3.225221,85.47269106,86.2249434,1
10:58:05,3.224,3.225019,85.45265794,86.20467782,1
10:58:06,3.224,3.224872,85.43262,86.184448,1
10:58:07,3.224,3.224764,85.4125917,86.16424203,1
10:58:08,3.224,3.224685,85.39255857,86.14405394,1
10:58:09,3.224,3.224626,85.37252545,86.12387776,1
10:58:10,3.224,3.224583,85.35249233,86.10371351,1
10:58:11,3.224,3.22455,85.33245921,86.08355522,1
10:58:12,3.223,3.224526,85.31242609,86.06317639,1
10:58:13,3.223,3.224252,85.29239297,86.04285717,1
10:58:14,3.223,3.224051,85.27235985,86.02258563,1
10:58:15,3.223,3.223905,85.25232673,86.00235,1
10:58:16,3.223,3.223798,85.23229361,85.98213792,1
10:58:17,3.223,3.223719,85.21226048,85.96194386,1
10:58:18,3.223,3.22366,85.19222736,85.94176173,1
10:58:19,3.223,3.223617,85.17219424,85.92158556,1
10:58:20,3.223,3.223584,85.15216112,85.90142131,1
10:58:21,3.223,3.22356,85.132128,85.88126302,1
10:58:22,3.223,3.223541,85.11209488,85.86110473,1
10:58:23,3.223,3.223527,85.09206176,85.8409524,1
10:58:24,3.223,3.223516,85.07202864,85.82080007,1
10:58:25,3.223,3.223506,85.05199552,85.8006537,1
10:58:26,3.223,3.223499,85.03196239,85.78050733,1
10:58:27,3.223,3.223493,85.01192927,85.76036096,1
10:58:28,3.222,3.223487,84.99189615,85.73998809,1
10:58:29,3.222,3.223227,84.97186303,85.71967483,1
10:58:30,3.222,3.223037,84.95182991,85.69940329,1
10:58:31,3.222,3.222898,84.93179679,85.67916155,1
10:58:32,3.222,3.222796,84.91176367,85.65894365,1
10:58:33,3.222,3.222721,84.89173055,85.63874364,1
10:58:34,3.222,3.222665,84.87169743,85.61855555,1
10:58:35,3.221,3.222624,84.8516643,85.59814692,1
10:58:36,3.221,3.222338,84.83163118,85.57780385,1
10:58:37,3.221,3.222129,84.81159806,85.55750847,1
10:58:38,3.221,3.221976,84.79156,85.53724885,1
10:58:39,3.221,3.221864,84.77153182,85.51701307,1
10:58:40,3.221,3.221782,84.7514987,85.49680114,1
10:58:41,3.221,3.221721,84.73146558,85.47660112,1
10:58:42,3.221,3.221676,84.71143246,85.45640707,1
10:58:43,3.221,3.221642,84.69139934,85.43622494,1
10:58:44,3.22,3.221617,84.67136621,85.41581631,1
10:58:45,3.22,3.221343,84.65133309,85.39546728,1
10:58:46,3.22,3.221142,84.63129997,85.37516594,1
10:58:47,3.22,3.220995,84.61126685,85.35490036,1
10:58:48,3.22,3.220888,84.59123373,85.33465862,1
10:58:49,3.22,3.220808,84.57120061,85.31443477,1
10:58:50,3.22,3.22075,84.55116749,85.29422879,1
10:58:51,3.22,3.220706,84.53113437,85.27402878,1
10:58:52,3.22,3.220674,84.51110125,85.25383472,1
10:58:53,3.22,3.22065,84.49106812,85.23364663,1
10:58:55,3.22,3.220631,84.471035,85.2134645,1
10:58:57,3.22,3.220616,84.45100188,85.19328833,1
10:58:58,3.22,3.220605,84.43096876,85.17311215,1
10:58:59,3.22,3.220596,84.41093564,85.15293598,1
10:59:00,3.22,3.220588,84.39090252,85.13276577,1
10:59:00,3.22,3.220582,84.3708694,85.11259556,1
10:59:01,3.22,3.220577,84.35083628,85.09246707,1
10:59:02,3.22,3.220572,84.33080316,85.07243991,1
10:59:03,3.219,3.220567,84.31077003,85.05262136,1
10:59:04,3.219,3.220309,84.29073691,85.03289223,1
10:59:05,3.219,3.220119,84.27070379,85.0132,1
10:59:06,3.219,3.219996,84.25067067,84.99352336,1
10:59:06,3.219,3.219934,84.23063755,84.97386575,1
10:59:07,3.219,3.219888,84.21060443,84.95422006,1
10:59:08,3.219,3.219856,84.19057131,84.93458629,1
10:59:09,3.219,3.219832,84.17053819,84.91495848,1
10:59:10,3.219,3.219814,84.15051,84.89530087,1
10:59:11,3.219,3.219802,84.13047194,84.87551212,1
10:59:12,3.219,3.219793,84.11043882,84.85562801,1
10:59:13,3.219,3.219786,84.0904057,84.83567834,1
10:59:14,3.219,3.219781,84.07037258,84.81568098,1
10:59:15,3.219,3.219778,84.05033946,84.79564786,1
10:59:16,3.219,3.219775,84.03030634,84.7755909,1
10:59:17,3.219,3.219773,84.01027322,84.75552,1
10:59:18,3.219,3.219772,83.9902401,84.73542929,1
10:59:20,3.219,3.219771,83.97020698,84.7153306,1
10:59:21,3.219,3.21977,83.95017385,84.69522595,1
10:59:21,3.219,3.219769,83.93014073,84.67511535,1
10:59:22,3.219,3.219768,83.91010761,84.65500474,1
10:59:23,3.219,3.219768,83.89007449,84.63488817,1
10:59:24,3.219,3.219767,83.87004137,84.6147716,1
10:59:25,3.219,3.219767,83.85000825,84.59465504,1
10:59:26,3.219,3.219767,83.82997513,84.57453847,1
10:59:27,3.219,3.219766,83.80994201,84.55441594,1
10:59:28,3.219,3.219766,83.78990889,84.53429341,1
10:59:29,3.218,3.219765,83.76987576,84.51405764,1
10:59:30,3.218,3.219511,83.74984264,84.49385166,1
10:59:31,3.218,3.219325,83.72980952,84.47366357,1
10:59:32,3.218,3.219191,83.7097764,84.45349336,1
10:59:33,3.218,3.219093,83.68974328,84.43333507,1
10:59:34,3.218,3.219021,83.66971016,84.41318274,1
10:59:35,3.218,3.218969,83.64967704,84.39303637,1
10:59:36,3.218,3.218931,83.62964392,84.37289596,1
10:59:37,3.218,3.218903,83.6096108,84.35275555,1
10:59:38,3.218,3.218883,83.58957767,84.3326211,1
10:59:39,3.218,3.218868,83.56954455,84.31248665,1
10:59:40,3.218,3.218858,83.54951143,84.2923522,1
10:59:41,3.218,3.21885,83.52947831,84.27221775,1
10:59:42,3.218,3.218844,83.50945,84.2520833,1
10:59:43,3.218,3.218839,83.48941207,84.23195,1
10:59:44,3.218,3.218836,83.46937895,84.2118144,1
10:59:45,3.218,3.218834,83.44934583,84.19168591,1
10:59:46,3.218,3.218832,83.42931271,84.17155743,1
10:59:47,3.218,3.21883,83.40927958,84.15142894,1
10:59:48,3.218,3.21883,83.38924646,84.13130045,1
10:59:50,3.218,3.218829,83.36921334,84.111166,1
10:59:52,3.218,3.218828,83.34918022,84.09103751,1
10:59:53,3.218,3.218827,83.3291471,84.07090902,1
10:59:54,3.218,3.218827,83.30911398,84.05078053,1
10:59:54,3.218,3.218827,83.28908086,84.03065205,1
10:59:55,3.218,3.218826,83.26904774,84.01052356,1
10:59:56,3.218,3.218826,83.24901462,83.99039507,1
10:59:57,3.218,3.218826,83.22898149,83.97026,1
10:59:57,3.218,3.218825,83.20894837,83.95012617,1
10:59:58,3.253,3.257848,83.20894837,83.94954801,1
11:00:00,3.258999,3.257542,83.20894837,83.94972086,1
11:00:01,3.26,3.258844,83.20894837,83.94985795,1
11:00:02,3.26,3.260046,83.20894837,83.94985,1
11:00:03,3.26,3.26092,83.20894837,83.9497447,1
11:00:04,3.261,3.261555,83.20894837,83.94967914,1
11:00:05,3.266,3.262271,83.20894837,83.95012617,1
11:00:05,3.267,3.264064,83.20894837,83.95047784,1
11:00:06,3.267,3.265621,83.20894837,83.95064473,1
11:00:07,3.267,3.266754,83.20894837,83.95067453,1
11:00:09,3.268,3.267578,83.20894837,83.95072222,1
11:00:10,3.272,3.268431,83.20894837,83.95115137,1
11:00:10,3.274,3.270069,83.20894837,83.95162225,1
11:00:11,3.274,3.271768,83.20894837,83.95189047,1
11:00:12,3.274,3.273004,83.20894837,83.95200968,1
11:00:13,3.275,3.273903,83.20894837,83.95214,1
11:00:14,3.275,3.274811,83.20894837,83.95216465,1
11:00:15,3.275,3.275471,83.20894837,83.95211101,1
11:00:16,3.275,3.275951,83.20894837,83.95199776,1
11:00:18,3.275,3.276301,83.20894837,83.95184278,1
11:00:19,3.275,3.276555,83.20894837,83.95165801,1
11:00:19,3.275,3.27674,83.20894837,83.95144939,1
11:00:20,3.275,3.276874,83.20894837,83.9512229,1
11:00:21,3.276,3.276972,83.20894837,83.95110369,1
11:00:22,3.277,3.277297,83.20894837,83.95106792,1
11:00:23,3.279,3.277788,83.20894837,83.95121098,1
11:00:24,3.281,3.278653,83.20894837,83.95149112,1
11:00:25,3.281,3.279791,83.20894837,83.95163417,1
11:00:26,3.281,3.280618,83.20894837,83.95168185,1
11:00:27,3.281,3.28122,83.20894837,83.95165801,1
11:00:29,3.281,3.281658,83.20894837,83.95158052,1
11:00:30,3.281,3.281976,83.20894837,83.95146132,1
11:00:30,3.282,3.282208,83.20894837,83.95143747,1
11:00:31,3.282,3.28263,83.20894837,83.95135999,1
11:00:32,3.282,3.282938,83.20894837,83.95124674,1
11:00:33,3.282,3.283161,83.20894837,83.95110965,1
11:00:34,3.282,3.283324,83.20894837,83.95094872,1
11:00:35,3.282,3.283442,83.20894837,83.95077586,1
11:00:36,3.282,3.283528,83.20894837,83.95059109,1
11:00:38,3.282,3.283591,83.20894837,83.95040035,1
11:00:38,3.282,3.283636,83.20894837,83.95020366,1
11:00:39,3.282,3.283669,83.20894837,83.950001,1
11:00:40,3.282,3.283693,83.20894837,83.94979835,1
11:00:41,3.282,3.28371,83.20894837,83.94958973,1
11:00:43,3.282,3.283723,83.20894837,83.94938111,1
11:00:44,3.282,3.283732,83.20894837,83.9491725,1
11:00:45,3.282,3.283739,83.20894837,83.94896388,1
11:00:45,3.282,3.283744,83.20894837,83.94875526,1
11:00:47,3.282,3.283748,83.20894837,83.94854665,1
11:00:48,3.282,3.28375,83.20894837,83.94833803,1
11:00:49,3.282,3.283752,83.20894837,83.94812346,1
11:00:50,3.282,3.283753,83.20894837,83.94790888,1
11:00:51,3.282,3.283754,83.20894837,83.94770026,1
11:00:52,3.282,3.283755,83.20894837,83.94748569,1
11:00:53,3.282,3.283756,83.20894837,83.94727111,1
11:00:54,3.282,3.283756,83.20894837,83.94705653,1
11:00:55,3.282,3.283756,83.20894837,83.94684196,1
11:00:56,3.282,3.283756,83.20894837,83.94663334,1
11:00:56,3.282,3.283757,83.20894837,83.94642,1
11:00:57,3.283,3.283757,83.20894837,83.94632936,1
11:00:58,3.283,3.284011,83.20894837,83.94621015,1
11:01:00,3.285,3.284196,83.20894837,83.94630551,1
11:01:01,3.275,3.271832,83.20227265,83.94001126,1
11:01:02,3.274,3.272821,83.19559693,83.93347859,1
11:01:03,3.273,3.273286,83.18892121,83.92676711,1
11:01:04,3.269,3.273371,83.18224549,83.91956091,1
11:01:05,3.267,3.272415,83.17556977,83.9122355,1
11:01:06,3.267,3.271212,83.16889405,83.90504718,1
11:01:07,3.267,3.270336,83.16221833,83.89796615,1
11:01:08,3.267,3.269699,83.15554261,83.89096856,1
11:01:09,3.267,3.269236,83.14886689,83.88401866,1
11:01:10,3.267,3.268899,83.14219117,83.87711644,1
11:01:11,3.267,3.268653,83.13551545,83.87024403,1
11:01:12,3.267,3.268475,83.12883973,83.86338949,1
11:01:13,3.267,3.268345,83.12216401,83.85655284,1
11:01:14,3.266,3.26825,83.11548829,83.84960294,1
11:01:14,3.266,3.267927,83.10881257,83.84269476,1
11:01:15,3.266,3.267693,83.10213685,83.83581042,1
11:01:17,3.266,3.267521,83.09546113,83.82894993,1
11:01:18,3.266,3.267397,83.08878541,83.82210732,1
11:01:19,3.266,3.267306,83.08210969,83.81527066,1
11:01:19,3.266,3.26724,83.07543397,83.80844593,1
11:01:21,3.266,3.267192,83.06875825,83.80162716,1
11:01:22,3.266,3.267156,83.06208253,83.79480839,1
11:01:23,3.265,3.267131,83.05540681,83.78787041,1
11:01:24,3.264,3.266858,83.04873109,83.78084302,1
11:01:24,3.264,3.266405,83.04205537,83.77387524,1
11:01:26,3.263,3.266076,83.03537965,83.76682997,1
11:01:27,3.262001,3.265582,83.02870393,83.75971913,1
11:01:28,3.262001,3.26497,83.02202821,83.75267982,1
11:01:28,3.261,3.264523,83.01535249,83.74557,1
11:01:30,3.261,3.263945,83.00867677,83.73853564,1
11:01:31,3.261,3.263524,83.00200105,83.73154998,1
11:01:32,3.261,3.263217,82.99532533,83.72460604,1
11:01:33,3.26,3.262995,82.98864961,83.71756077,1
11:01:34,3.26,3.262578,82.98197389,83.71056914,1
11:01:34,3.26,3.262276,82.97529817,83.70361924,1
11:01:36,3.26,3.262056,82.96862245,83.69669318,1
11:01:37,3.26,3.261895,82.96194673,83.689785,1
11:01:38,3.26,3.261779,82.95527101,83.68288875,1
11:01:38,3.26,3.261694,82.94859529,83.67600441,1
11:01:40,3.26,3.261632,82.94191957,83.66913199,1
11:01:41,3.26,3.261587,82.93524384,83.66225958,1
11:01:42,3.26,3.261554,82.92856812,83.65539312,1
11:01:43,3.26,3.26153,82.9218924,83.64853263,1
11:01:44,3.26,3.261512,82.91521668,83.64167213,1
11:01:45,3.26,3.2615,82.90854096,83.63481164,1
11:01:46,3.26,3.26149,82.90186524,83.62795115,1
11:01:47,3.26,3.261483,82.89518952,83.62109661,1
11:01:48,3.26,3.261478,82.8885138,83.61423612,1
11:01:49,3.26,3.261474,82.88183808,83.60738158,1
11:01:50,3.26,3.261472,82.87516236,83.60052109,1
11:01:51,3.26,3.261469,82.86848664,83.59366059,1
11:01:52,3.26,3.261468,82.86181092,83.58680606,1
11:01:53,3.26,3.261466,82.8551352,83.57995152,1
11:01:54,3.26,3.261466,82.84845948,83.57309699,1
11:01:55,3.26,3.261465,82.84178376,83.56624246,1
11:01:56,3.26,3.261464,82.83510804,83.55938792,1
11:01:57,3.26,3.261463,82.82843232,83.55253339,1
11:01:58,3.26,3.261463,82.8217566,83.54567885,1
11:01:59,3.26,3.261462,82.81508088,83.53882432,1
11:02:00,3.26,3.261462,82.80840516,83.53196979,1
11:02:01,3.26,3.261461,82.80172944,83.52511525,1
11:02:02,3.26,3.261461,82.79505372,83.51826072,1
11:02:03,3.26,3.261461,82.788378,83.51140618,1
11:02:04,3.26,3.261461,82.78170228,83.50455165,1
11:02:05,3.26,3.26146,82.77502656,83.49769711,1
11:02:06,3.26,3.26146,82.76835084,83.49084258,1
11:02:07,3.26,3.26146,82.76167512,83.48398805,1
11:02:08,3.26,3.261459,82.7549994,83.47713351,1
11:02:09,3.26,3.261459,82.74832368,83.47027898,1
11:02:10,3.26,3.261459,82.74164796,83.46342444,1
11:02:11,3.26,3.261458,82.73497224,83.45656991,1
11:02:12,3.26,3.261458,82.72829652,83.44971538,1
11:02:13,3.26,3.261457,82.7216208,83.44286084,1
11:02:14,3.26,3.261457,82.71494508,83.43600631,1
11:02:15,3.26,3.261457,82.70826936,83.42915177,1
11:02:16,3.26,3.261457,82.70159364,83.42229724,1
11:02:17,3.26,3.261456,82.69491792,83.41544271,1
11:02:18,3.26,3.261456,82.6882422,83.40858221,1
11:02:19,3.26,3.261456,82.68156648,83.40172172,1
11:02:20,3.26,3.261456,82.67489076,83.39486122,1
11:02:21,3.26,3.261455,82.66821504,83.38800073,1
11:02:22,3.26,3.261455,82.66153932,83.38114619,1
11:02:23,3.26,3.261455,82.6548636,83.3742857,1
11:02:24,3.26,3.261454,82.64818788,83.36743116,1
11:02:25,3.26,3.261454,82.64151216,83.36057067,1
11:02:26,3.26,3.261453,82.63483644,83.35371614,1
11:02:27,3.26,3.261453,82.62816072,83.34685564,1
11:02:28,3.26,3.261453,82.62148499,83.34000111,1
11:02:29,3.26,3.261453,82.61480927,83.33314061,1
11:02:30,3.26,3.261452,82.60813355,83.32628608,1
11:02:31,3.26,3.261452,82.60145783,83.31942558,1
11:02:32,3.26,3.261452,82.59478211,83.31256509,1
11:02:33,3.26,3.261451,82.58810639,83.30570459,1
11:02:34,3.26,3.261451,82.58143067,83.2988441,1
11:02:35,3.26,3.261451,82.57475495,83.2919836,1
11:02:36,3.26,3.26145,82.56807923,83.28512311,1
11:02:37,3.26,3.26145,82.56140351,83.27826858,1
11:02:38,3.26,3.26145,82.55472779,83.27141,1
11:02:39,3.26,3.26145,82.54805207,83.26455355,1
11:02:40,3.26,3.261449,82.54137635,83.25769305,1
11:02:41,3.26,3.261449,82.53470063,83.25083852,1
11:02:42,3.26,3.261449,82.52802491,83.24397802,1
11:02:43,3.26,3.261448,82.52134919,83.23711753,1
11:02:48,3.26,3.261448,82.51467347,83.23025703,1
11:02:49,3.26,3.261448,82.50799775,83.22339654,1
11:02:50,3.26,3.261447,82.50132203,83.21653605,1
11:02:51,3.26,3.261447,82.49464631,83.20967555,1
11:02:51,3.26,3.261447,82.48797059,83.20281506,1
11:02:52,3.26,3.261446,82.48129487,83.19595456,1
11:02:52,3.26,3.261446,82.47461915,83.18910003,1
11:02:53,3.26,3.261446,82.46794343,83.18223953,1
11:02:53,3.26,3.261446,82.46126771,83.17537904,1
11:02:53,3.26,3.261445,82.45459199,83.16851854,1
11:02:54,3.26,3.261445,82.44791627,83.16165805,1
11:02:55,3.26,3.261445,82.44124055,83.15479755,1
11:02:56,3.26,3.261444,82.43456483,83.14793706,1
11:02:57,3.26,3.261444,82.42788911,83.14107656,1
11:02:58,3.26,3.261443,82.42121339,83.13421607,1
11:02:59,3.26,3.261443,82.41453767,83.12735558,1
11:03:00,3.26,3.261443,82.40786195,83.12049508,1
11:03:01,3.26,3.261443,82.40118623,83.11363459,1
11:03:02,3.26,3.261442,82.39451051,83.10677409,1
11:03:03,3.26,3.261442,82.38783479,83.0999136,1
11:03:04,3.26,3.261441,82.38115907,83.0930531,1
11:03:05,3.26,3.261441,82.37448335,83.08619261,1
11:03:06,3.26,3.261441,82.36780763,83.07933211,1
11:03:07,3.26,3.261441,82.36113191,83.07247,1
11:03:08,3.26,3.26144,82.35445619,83.06561112,1
11:03:09,3.26,3.26144,82.34778047,83.05875063,1
11:03:10,3.26,3.26144,82.34110475,83.05189013,1
11:03:11,3.26,3.261439,82.33442903,83.04502964,1
11:03:12,3.26,3.261439,82.32775331,83.03816915,1
11:03:13,3.26,3.261439,82.32107759,83.03130865,1
11:03:14,3.26,3.261438,82.31440187,83.02444816,1
11:03:15,3.26,3.261438,82.30772614,83.01758766,1
11:03:16,3.26,3.261438,82.30105042,83.01072717,1
11:03:17,3.26,3.261437,82.2943747,83.00386667,1
11:03:18,3.26,3.261437,82.28769898,82.99700618,1
11:03:20,3.26,3.261437,82.28102326,82.99014568,1
11:03:21,3.26,3.261436,82.27434754,82.98328519,1
11:03:22,3.26,3.261436,82.26767182,82.97642469,1
11:03:23,3.26,3.261436,82.2609961,82.9695642,1
11:03:24,3.26,3.261435,82.25432038,82.9627037,1
11:03:25,3.26,3.261435,82.24764466,82.95584321,1
11:03:25,3.26,3.261435,82.24096894,82.94898272,1
11:03:26,3.26,3.261435,82.23429322,82.94212222,1
11:03:27,3.26,3.261434,82.2276175,82.93526173,1
11:03:28,3.26,3.261434,82.22094178,82.92840123,1
11:03:29,3.26,3.261434,82.21426606,82.92154074,1
11:03:30,3.26,3.261433,82.20759034,82.91468024,1
11:03:31,3.26,3.261433,82.20091462,82.90781975,1
11:03:32,3.26,3.261433,82.1942389,82.90095925,1
11:03:33,3.26,3.261432,82.18756318,82.89409876,1
11:03:34,3.26,3.261432,82.18088746,82.88723826,1
11:03:35,3.26,3.261431,82.17421174,82.88037777,1
11:03:36,3.26,3.261431,82.16753602,82.87351727,1
11:03:37,3.26,3.261431,82.1608603,82.86665678,1
11:03:38,3.26,3.261431,82.15418458,82.85979629,1
11:03:39,3.26,3.26143,82.14750886,82.85294,1
11:03:40,3.26,3.26143,82.14083314,82.8460753,1
11:03:41,3.26,3.26143,82.13415742,82.8392148,1
11:03:42,3.26,3.261429,82.1274817,82.83235431,1
11:03:43,3.26,3.261429,82.12080598,82.82549381,1
11:03:44,3.26,3.261429,82.11413026,82.81863332,1
11:03:45,3.26,3.261428,82.10745454,82.81177282,1
11:03:46,3.26,3.261428,82.10077882,82.80491233,1
11:03:47,3.26,3.261428,82.0941031,82.79805183,1
11:03:48,3.26,3.261427,82.08742738,82.79119134,1
11:03:49,3.26,3.261427,82.08075166,82.78433084,1
11:03:50,3.26,3.261426,82.07407594,82.77747035,1
11:03:51,3.26,3.261426,82.06740022,82.77060986,1
11:03:52,3.26,3.261426,82.0607245,82.76374936,1
11:03:53,3.26,3.261425,82.05404878,82.75688887,1
11:03:54,3.26,3.261425,82.04737306,82.75002837,1
11:03:55,3.26,3.261425,82.04069734,82.74316788,1
11:03:56,3.26,3.261424,82.03402162,82.73630738,1
11:03:57,3.26,3.261424,82.0273459,82.72944689,1
11:03:58,3.26,3.261424,82.02067018,82.72258639,1
11:03:59,3.26,3.261424,82.01399446,82.7157259,1
11:04:00,3.26,3.261423,82.00731874,82.7088654,1
11:04:01,3.26,3.261423,82.00064301,82.70200491,1
11:04:02,3.26,3.261423,81.99396729,82.69514441,1
11:04:03,3.26,3.261422,81.98729157,82.68828392,1
11:04:04,3.26,3.261422,81.98061585,82.68142343,1
11:04:05,3.26,3.261421,81.97394013,82.67456293,1
11:04:06,3.26,3.261421,81.96726441,82.66770244,1
11:04:07,3.26,3.261421,81.96058869,82.66084194,1
11:04:08,3.26,3.26142,81.95391297,82.65398145,1
11:04:09,3.26,3.26142,81.94723725,82.64712095,1
11:04:10,3.26,3.26142,81.94056153,82.64026046,1
11:04:11,3.26,3.261419,81.93388581,82.6334,1
11:04:12,3.26,3.261419,81.92721009,82.62653947,1
11:04:13,3.26,3.261419,81.92053437,82.61967897,1
11:04:14,3.26,3.261418,81.91385865,82.61281848,1
11:04:15,3.26,3.261418,81.90718293,82.60595798,1
11:04:16,3.26,3.261418,81.90050721,82.59909749,1
11:04:17,3.26,3.261418,81.89383149,82.592237,1
11:04:18,3.26,3.261417,81.88715577,82.5853765,1
11:04:19,3.26,3.261417,81.88048005,82.57851601,1
11:04:20,3.26,3.261416,81.87380433,82.57165551,1
11:04:21,3.26,3.261416,81.86712861,82.56479502,1
11:04:22,3.26,3.261416,81.86045289,82.55793452,1
11:04:23,3.26,3.261415,81.85377717,82.55107403,1
11:04:24,3.26,3.261415,81.84710145,82.54421353,1
11:04:25,3.26,3.261415,81.84042573,82.53735304,1
11:04:26,3.26,3.261414,81.83375001,82.53049254,1
11:04:27,3.26,3.261414,81.82707429,82.52363205,1
11:04:28,3.26,3.261414,81.82039857,82.51677155,1
11:04:29,3.26,3.261413,81.81372285,82.50991106,1
11:04:30,3.26,3.261413,81.80704713,82.50305057,1
11:04:31,3.26,3.261412,81.80037141,82.49619007,1
11:04:32,3.26,3.261412,81.79369569,82.48932958,1
11:04:33,3.26,3.261412,81.78701997,82.48246312,1
11:04:34,3.26,3.261411,81.78034425,82.47560263,1
11:04:35,3.26,3.261411,81.77366853,82.46873617,1
11:04:36,3.26,3.261411,81.76699281,82.46186972,1
11:04:37,3.26,3.261411,81.76031709,82.45500922,1
11:04:38,3.26,3.26141,81.75364137,82.44814277,1
11:04:39,3.26,3.26141,81.74696565,82.44128227,1
11:04:40,3.26,3.26141,81.74028993,82.43441582,1
11:04:41,3.26,3.261409,81.73361421,82.42754936,1
11:04:42,3.26,3.261409,81.72693849,82.42068291,1
11:04:43,3.26,3.261409,81.72026277,82.41381645,1
11:04:44,3.26,3.261408,81.71358705,82.40695596,1
11:04:45,3.26,3.261408,81.70691133,82.4000895,1
11:04:46,3.26,3.261407,81.70023561,82.39322901,1
11:04:47,3.26,3.261407,81.69355989,82.38636255,1
11:04:48,3.26,3.261407,81.68688416,82.3794961,1
11:04:49,3.26,3.261406,81.68020844,82.3726356,1
11:04:50,3.26,3.261406,81.67353272,82.36576915,1
11:04:51,3.26,3.261406,81.666857,82.35890865,1
11:04:52,3.26,3.261405,81.66018128,82.3520422,1
11:04:53,3.26,3.261405,81.65350556,82.34517574,1
11:04:54,3.26,3.261405,81.64682984,82.33830929,1
11:04:55,3.26,3.261404,81.64015412,82.33144283,1
11:04:56,3.26,3.261404,81.6334784,82.32458234,1
11:04:57,3.26,3.261404,81.62680268,82.31771588,1
11:04:58,3.26,3.261403,81.62012696,82.31085539,1
11:04:59,3.26,3.261403,81.61345124,82.30398893,1
11:05:00,3.26,3.261402,81.60677552,82.29712248,1
11:05:01,3.26,3.261402,81.6000998,82.29026198,1
11:05:02,3.26,3.261402,81.59342408,82.28339553,1
11:05:03,3.26,3.261401,81.58674836,82.27654,1
11:05:04,3.26,3.261401,81.58007264,82.26967,1
11:05:05,3.26,3.261401,81.57339692,82.2628,1
11:05:07,3.26,3.2614,81.5667212,82.25594,1
11:05:07,3.26,3.2614,81.56004548,82.24907,1
11:05:08,3.26,3.2614,81.55336976,82.24220872,1
11:05:09,3.26,3.2614,81.54669404,82.23534226,1
11:05:10,3.26,3.261399,81.54001832,82.22848177,1
11:05:12,3.26,3.261399,81.5333426,82.22161531,1
11:05:13,3.26,3.261398,81.52666688,82.21474886,1
11:05:14,3.26,3.261398,81.51999116,82.20788836,1
11:05:14,3.26,3.261398,81.51331544,82.20102191,1
11:05:15,3.26,3.261397,81.50663972,82.19415545,1
11:05:16,3.26,3.261397,81.499964,82.187289,1
11:05:17,3.26,3.261397,81.49328828,82.18042254,1
11:05:18,3.26,3.261396,81.48661256,82.17355609,1
11:05:19,3.26,3.261396,81.47993684,82.16668963,1
11:05:20,3.26,3.261395,81.47326112,82.15982914,1
11:05:21,3.26,3.261395,81.4665854,82.15296268,1
11:05:22,3.26,3.261395,81.45990968,82.14609623,1
11:05:23,3.26,3.261395,81.45323396,82.13922977,1
11:05:24,3.26,3.261394,81.44655824,82.13236332,1
11:05:25,3.26,3.261394,81.43988252,82.12549686,1
11:05:26,3.26,3.261393,81.4332068,82.11863041,1
11:05:27,3.26,3.261393,81.42653108,82.11176395,1
11:05:28,3.26,3.261393,81.41985536,82.1048975,1
11:05:29,3.26,3.261392,81.41317964,82.09803104,1
11:05:30,3.26,3.261392,81.40650392,82.09116459,1
11:05:31,3.26,3.261391,81.3998282,82.08429813,1
11:05:32,3.26,3.261391,81.39315248,82.07743168,1
11:05:33,3.26,3.261391,81.38647676,82.07056522,1
11:05:34,3.26,3.26139,81.37980103,82.06369877,1
11:05:35,3.26,3.26139,81.37312531,82.05683231,1
11:05:36,3.26,3.26139,81.36644959,82.04996586,1
11:05:37,3.26,3.261389,81.35977387,82.0430994,1
11:05:38,3.26,3.261389,81.35309815,82.03623295,1
11:05:39,3.26,3.261389,81.34642243,82.02936649,1
11:05:40,3.26,3.261388,81.33974671,82.02250004,1
11:05:41,3.26,3.261388,81.33307099,82.01563358,1
11:05:42,3.26,3.261387,81.32639527,82.00876713,1
11:05:43,3.26,3.261387,81.31971955,82.00190067,1
11:05:44,3.26,3.261387,81.31304383,81.99503422,1
11:05:45,3.26,3.261387,81.30636811,81.98816776,1
11:05:46,3.26,3.261386,81.29969239,81.98130131,1
11:05:47,3.26,3.261386,81.29301667,81.97443485,1
11:05:48,3.26,3.261385,81.28634095,81.9675684,1
11:05:49,3.26,3.261385,81.27966523,81.96070194,1
11:05:50,3.26,3.261385,81.27298951,81.95383549,1
11:05:51,3.26,3.261384,81.26631379,81.94696903,1
11:05:52,3.26,3.261384,81.25963807,81.94010258,1
11:05:53,3.26,3.261384,81.25296235,81.93323612,1
11:05:54,3.26,3.261383,81.24628663,81.92636967,1
11:05:55,3.26,3.261383,81.23961091,81.91950321,1
11:05:56,3.26,3.261383,81.23293519,81.91263676,1
11:05:57,3.26,3.261382,81.22625947,81.9057703,1
11:05:58,3.26,3.261382,81.21958375,81.89890385,1
11:05:59,3.26,3.261381,81.21290803,81.89203739,1
11:06:00,3.26,3.261381,81.20623231,81.88517094,1
11:06:01,3.26,3.261381,81.19955659,81.87830448,1
11:06:02,3.26,3.26138,81.19288087,81.87143803,1
11:06:03,3.26,3.26138,81.18620515,81.86457157,1
11:06:04,3.26,3.261379,81.17952943,81.85770512,1
11:06:05,3.26,3.261379,81.17285371,81.85083866,1
11:06:06,3.26,3.261379,81.16617799,81.84397221,1
11:06:07,3.26,3.261378,81.15950227,81.83710575,1
11:06:08,3.26,3.261378,81.15282655,81.8302393,1
11:06:09,3.26,3.261378,81.14615083,81.82337284,1
11:06:10,3.26,3.261377,81.13947511,81.81650639,1
11:06:11,3.26,3.261377,81.13279939,81.80963993,1
11:06:12,3.26,3.261376,81.12612367,81.80277348,1
11:06:13,3.26,3.261376,81.11944795,81.79590702,1
11:06:14,3.26,3.261376,81.11277223,81.78904057,1
11:06:15,3.26,3.261375,81.10609651,81.78217411,1
11:06:16,3.26,3.261375,81.09942079,81.77530766,1
11:06:17,3.26,3.261375,81.09274507,81.7684412,1
11:06:18,3.26,3.261374,81.08606935,81.76157475,1
11:06:19,3.26,3.261374,81.07939363,81.75470829,1
11:06:20,3.26,3.261374,81.07271791,81.74784184,1
11:06:21,3.26,3.261373,81.06604218,81.74097538,1
11:06:22,3.26,3.261373,81.05936646,81.73410892,1
11:06:23,3.26,3.261372,81.05269074,81.72724247,1
11:06:24,3.26,3.261372,81.04601502,81.72037601,1
11:06:25,3.26,3.261372,81.0393393,81.71350956,1
11:06:26,3.26,3.261371,81.03266358,81.7066431,1
11:06:27,3.26,3.261371,81.02598786,81.69977665,1
11:06:28,3.26,3.261371,81.01931214,81.69291019,1
11:06:29,3.26,3.26137,81.01263642,81.68604374,1
11:06:30,3.26,3.26137,81.0059607,81.67917728,1
11:06:31,3.26,3.261369,80.99928498,81.67231083,1
11:06:32,3.26,3.261369,80.99260926,81.66544437,1
11:06:33,3.26,3.261369,80.98593354,81.65857792,1
11:06:34,3.26,3.261368,80.97925782,81.65171146,1
11:06:35,3.26,3.261368,80.9725821,81.64484501,1
11:06:37,3.26,3.261368,80.96590638,81.63797855,1
11:06:38,3.26,3.261367,80.95923066,81.6311121,1
11:06:38,3.26,3.261367,80.95255494,81.62424564,1
11:06:39,3.26,3.261366,80.94587922,81.61737919,1
11:06:40,3.26,3.261366,80.9392035,81.61051273,1
11:06:41,3.26,3.261366,80.93252778,81.60364628,1
11:06:42,3.26,3.261365,80.92585206,81.59677982,1
11:06:43,3.26,3.261365,80.91917634,81.58991337,1
11:06:44,3.26,3.261364,80.91250062,81.58304691,1
11:06:45,3.26,3.261364,80.9058249,81.57618046,1
11:06:46,3.26,3.261364,80.89914918,81.569314,1
11:06:47,3.26,3.261363,80.89247346,81.56244755,1
11:06:48,3.26,3.261363,80.88579774,81.55558109,1
11:06:49,3.26,3.261363,80.87912202,81.54871464,1
11:06:50,3.26,3.261362,80.8724463,81.54184818,1
11:06:51,3.26,3.261362,80.86577058,81.53498173,1
11:06:52,3.26,3.261361,80.85909486,81.52811527,1
11:06:53,3.26,3.261361,80.85241914,81.52124882,1
11:06:54,3.26,3.261361,80.84574342,81.51438236,1
11:06:55,3.26,3.26136,80.8390677,81.50751591,1
11:06:56,3.26,3.26136,80.83239198,81.50064945,1
11:06:57,3.26,3.261359,80.82571626,81.493783,1
11:06:58,3.26,3.261359,80.81904054,81.48691654,1
11:06:59,3.26,3.261358,80.81236482,81.48005009,1
11:07:00,3.26,3.261358,80.8056891,81.47318363,1
11:07:01,3.26,3.261358,80.79901338,81.46631718,1
11:07:02,3.26,3.261357,80.79233766,81.45945072,1
11:07:03,3.274,3.273726,80.79233766,81.45949244,1
11:07:04,3.274,3.274399,80.79233766,81.45943284,1
11:07:05,3.275,3.274888,80.79233766,81.45945072,1
11:07:06,3.275,3.275496,80.79233766,81.4593792,1
11:07:07,3.275,3.275938,80.79233766,81.45924807,1
11:07:08,3.275,3.276259,80.79233766,81.45906925,1
11:07:09,3.275,3.276492,80.79233766,81.45886064,1
11:07:10,3.275,3.276662,80.79233766,81.45862222,1
11:07:11,3.275,3.276785,80.79233766,81.45836592,1
11:07:12,3.276,3.276875,80.79233766,81.45824075,1
11:07:13,3.278,3.277193,80.79233766,81.458354,1
11:07:14,3.28,3.277929,80.79233766,81.45864606,1
11:07:15,3.281,3.278968,80.79233766,81.45893812,1
11:07:16,3.281,3.279976,80.79233766,81.45908117,1
11:07:17,3.281,3.280709,80.79233766,81.4591229,1
11:07:18,3.281,3.281241,80.79233766,81.45908713,1
11:07:19,3.281,3.281629,80.79233766,81.45899773,1
11:07:20,3.281,3.28191,80.79233766,81.4588666,1
11:07:21,3.282,3.282115,80.79233766,81.45884871,1
11:07:22,3.281,3.282516,80.79233766,81.45863414,1
11:07:23,3.282,3.282555,80.79233766,81.45855665,1
11:07:24,3.282,3.282836,80.79233766,81.45843744,1
11:07:25,3.282,3.28304,80.79233766,81.45828843,1
11:07:26,3.282,3.283189,80.79233766,81.45812154,1
11:07:27,3.282,3.283297,80.79233766,81.45793676,1
11:07:28,3.282,3.283375,80.79233766,81.45774007,1
11:07:29,3.282,3.283432,80.79233766,81.45753741,1
11:07:30,3.282,3.283473,80.79233766,81.45733,1
11:07:31,3.282,3.283504,80.79233766,81.45711422,1
11:07:32,3.282,3.283525,80.79233766,81.45689368,1
11:07:33,3.282,3.283541,80.79233766,81.45667315,1
11:07:34,3.282,3.283553,80.79233766,81.45645261,1
11:07:35,3.282,3.283561,80.79233766,81.45623207,1
11:07:36,3.282,3.283567,80.79233766,81.45600557,1
11:07:37,3.282,3.283572,80.79233766,81.45577908,1
11:07:38,3.282,3.283575,80.79233766,81.45555258,1
11:07:39,3.282,3.283577,80.79233766,81.45532608,1
11:07:40,3.282,3.283579,80.79233766,81.45509958,1
11:07:41,3.282,3.28358,80.79233766,81.45487309,1
11:07:42,3.282,3.283581,80.79233766,81.45464659,1
11:07:43,3.282,3.283582,80.79233766,81.45442009,1
11:07:44,3.282,3.283582,80.79233766,81.45419359,1
11:07:45,3.282,3.283583,80.79233766,81.45396709,1
11:07:46,3.282,3.283583,80.79233766,81.4537406,1
11:07:47,3.282,3.283583,80.79233766,81.45351,1
11:07:48,3.282,3.283583,80.79233766,81.4532876,1
11:07:49,3.282,3.283583,80.79233766,81.4530611,1
11:07:50,3.282,3.283583,80.79233766,81.45283461,1
11:07:51,3.282,3.283583,80.79233766,81.45260811,1
11:07:52,3.282,3.283583,80.79233766,81.45238161,1
11:07:53,3.282,3.283583,80.79233766,81.45215511,1
11:07:54,3.282,3.283583,80.79233766,81.45192862,1
11:07:55,3.282,3.283583,80.79233766,81.45170212,1
11:07:56,3.282,3.283583,80.79233766,81.45147562,1
11:07:57,3.282,3.283583,80.79233766,81.45124912,1
11:07:58,3.283,3.283583,80.79233766,81.45116568,1
11:07:59,3.283,3.283836,80.79233766,81.45104647,1
11:08:00,3.283,3.284019,80.79233766,81.45089746,1
11:08:01,3.283,3.284153,80.79233766,81.45073056,1
11:08:02,3.284,3.28425,80.79233766,81.4506948,1
11:08:03,3.284,3.284573,80.79233766,81.45061135,1
11:08:04,3.284,3.284807,80.79233766,81.4504981,1
11:08:05,3.26,3.260244,80.77898026,81.43710494,1
11:08:06,3.258999,3.260033,80.76562285,81.42359853,1
11:08:07,3.257,3.259627,80.75226545,81.40986562,1
11:08:08,3.253,3.258827,80.73890805,81.39566779,1
11:08:09,3.253,3.257236,80.72555065,81.38170838,1
11:08:10,3.252,3.256079,80.71219325,81.36776686,1
11:08:11,3.252,3.254986,80.69883585,81.3539803,1
11:08:12,3.251,3.25419,80.68547845,81.34016395,1
11:08:13,3.248001,3.253359,80.67212105,81.32603168,1
11:08:14,3.246,3.251998,80.65876365,81.31181598,1
11:08:15,3.244999,3.250504,80.64540625,81.29765987,1
11:08:16,3.244999,3.249166,80.63204885,81.28370643,1
11:08:17,3.244999,3.248192,80.61869144,81.26989007,1
11:08:18,3.244999,3.247484,80.60533404,81.25617504,1
11:08:19,3.244999,3.246969,80.59197664,81.24253154,1
11:08:20,3.244999,3.246595,80.57861924,81.22894168,1
11:08:21,3.244999,3.246322,80.56526,81.21539354,1
11:08:22,3.244999,3.246124,80.55190444,81.20187521,1
11:08:23,3.244999,3.24598,80.53854704,81.18837476,1
11:08:24,3.244,3.245874,80.52518964,81.17474318,1
11:08:25,3.243,3.245546,80.51183224,81.16101623,1
11:08:26,3.242,3.245054,80.49847484,81.14721179,1
11:08:27,3.241,3.244445,80.48511744,81.13335371,1
11:08:28,3.24,3.24375,80.47176003,81.11944795,1
11:08:29,3.24,3.242993,80.45840263,81.10565543,1
11:08:30,3.239,3.242441,80.44504523,81.09179139,1
11:08:31,3.238,3.241789,80.43168783,81.07788563,1
11:08:32,3.238,3.241062,80.41833043,81.06408119,1
11:08:33,3.238,3.240534,80.40497303,81.05035424,1
11:08:34,3.238,3.24015,80.39161563,81.03668094,1
11:08:35,3.238,3.23987,80.37825823,81.02304935,1
11:08:36,3.238,3.239667,80.36490083,81.00944757,1
11:08:37,3.238,3.239519,80.35154343,80.99586964,1
11:08:38,3.238,3.239412,80.33818603,80.98230362,1
11:08:39,3.238,3.239333,80.32482862,80.96874952,1
11:08:40,3.238,3.239276,80.31147122,80.95520735,1
11:08:41,3.238,3.239235,80.29811382,80.94166517,1
11:08:42,3.238,3.239204,80.28475642,80.92812896,1
11:08:43,3.238,3.239182,80.27139902,80.9145987,1
11:08:44,3.238,3.239166,80.25804162,80.90106845,1
11:08:45,3.238,3.239154,80.24468422,80.88754416,1
11:08:46,3.238,3.239145,80.23132682,80.87401986,1
11:08:47,3.237,3.239138,80.21796942,80.86034656,1
11:08:48,3.238,3.238882,80.20461202,80.84685802,1
11:08:49,3.237,3.238947,80.19125462,80.83321452,1
11:08:50,3.237,3.238742,80.17789721,80.81960082,1
11:08:51,3.237,3.238593,80.16453981,80.806005,1
11:08:52,3.237,3.238484,80.15118241,80.79243,1
11:08:53,3.237,3.238405,80.13783,80.77886105,1
11:08:54,3.237,3.238348,80.12446761,80.76530695,1
11:08:55,3.237,3.238306,80.11111021,80.75175285,1
11:08:56,3.237,3.238276,80.09775281,80.73820472,1
11:08:57,3.237,3.238253,80.08439541,80.72466254,1
11:08:58,3.237,3.238237,80.07103801,80.71112037,1
11:08:59,3.237,3.238225,80.05768061,80.69757819,1
11:09:00,3.237,3.238216,80.04432321,80.68404198,1
11:09:01,3.237,3.238209,80.03096581,80.67050576,1
11:09:02,3.237,3.238204,80.0176084,80.65696955,1
11:09:03,3.236,3.238201,80.004251,80.64328432,1
11:09:04,3.236,3.237946,79.9908936,80.62963486,1
11:09:05,3.236,3.237761,79.9775362,80.6160152,1
11:09:06,3.236,3.237627,79.9641788,80.60241342,1
11:09:07,3.235,3.237529,79.9508214,80.58867455,1
11:09:08,3.235,3.237206,79.937464,80.57498336,1
11:09:09,3.235,3.236971,79.9241066,80.56132793,1
11:09:10,3.235,3.2368,79.9107492,80.54770231,1
11:09:11,3.235,3.236676,79.8973918,80.53409457,1
11:09:12,3.235,3.236586,79.8840344,80.52049875,1
11:09:13,3.235,3.23652,79.87067699,80.50690889,1
11:09:14,3.235,3.236472,79.85731959,80.49333096,1
11:09:15,3.235,3.236437,79.84396219,80.47975898,1
11:09:16,3.235,3.236412,79.83060479,80.466187,1
11:09:17,3.235,3.236393,79.81724739,80.45262098,1
11:09:18,3.235,3.23638,79.80388999,80.43905497,1
11:09:19,3.234,3.236369,79.79053259,80.42533994,1
11:09:20,3.234,3.236111,79.77717519,80.41166067,1
11:09:21,3.234,3.235922,79.76381779,80.39801121,1
11:09:22,3.234,3.235785,79.75046039,80.38437963,1
11:09:23,3.234,3.235685,79.73710299,80.37076592,1
11:09:24,3.234,3.235613,79.72374558,80.35716414,1
11:09:25,3.234,3.23556,79.71039,80.34356833,1
11:09:26,3.234,3.235522,79.69703078,80.32997847,1
11:09:27,3.234,3.235494,79.68367338,80.31639457,1
11:09:28,3.234,3.235473,79.67031598,80.30281,1
11:09:29,3.233,3.235458,79.65695858,80.28908,1
11:09:30,3.234,3.235196,79.64360118,80.27554,1
11:09:31,3.233,3.235257,79.63024378,80.26183248,1
11:09:32,3.233,3.235049,79.61688638,80.24815917,1
11:09:33,3.233,3.234899,79.60352898,80.23451567,1
11:09:34,3.233,3.234789,79.59017158,80.22088408,1
11:09:35,3.233,3.234709,79.57681417,80.20726442,1
11:09:36,3.233,3.234651,79.56345677,80.19365668,1
11:09:37,3.233,3.234609,79.55009937,80.1800549,1
11:09:38,3.233,3.234578,79.53674197,80.16645312,1
11:09:39,3.233,3.234556,79.52338457,80.1528573,1
11:09:40,3.233,3.23454,79.51002717,80.13926148,1
11:09:41,3.233,3.234527,79.49666977,80.12566566,1
11:09:42,3.233,3.234519,79.48331237,80.11208,1
11:09:43,3.232,3.234512,79.46995497,80.09834,1
11:09:44,3.232,3.234257,79.45659757,80.084759,1
11:09:45,3.232,3.23407,79.44324017,80.07127643,1
11:09:46,3.232,3.233935,79.42988276,80.05785346,1
11:09:47,3.232,3.233836,79.41652536,80.04447818,1
11:09:48,3.232,3.233765,79.40316796,80.03112674,1
11:09:49,3.232,3.233713,79.38981056,80.01779914,1
11:09:50,3.232,3.233675,79.37645316,80.00448942,1
11:09:51,3.232,3.233654,79.36309576,79.99119163,1
11:09:52,3.232,3.233643,79.34973836,79.97790575,1
11:09:53,3.232,3.233635,79.33638096,79.9646318,1
11:09:54,3.232,3.233629,79.32302356,79.9513638,1
11:09:55,3.232,3.233625,79.30966616,79.93810773,1
11:09:56,3.232,3.233622,79.29630876,79.92485762,1
11:09:57,3.232,3.233621,79.28295,79.91161,1
11:09:58,3.232,3.233619,79.26959395,79.89836931,1
11:09:59,3.232,3.233619,79.25623655,79.88504767,1
11:10:00,3.232,3.233619,79.24287915,79.87167835,1
11:10:01,3.232,3.233619,79.22952175,79.85827327,1
11:10:02,3.232,3.233619,79.21616435,79.84483838,1
11:10:03,3.230999,3.233619,79.20280695,79.83132005,1
11:10:04,3.230999,3.233369,79.18944955,79.81779575,1
11:10:05,3.230999,3.233187,79.17609215,79.80427146,1
11:10:06,3.230999,3.233055,79.16273475,79.79074717,1
11:10:07,3.230999,3.232959,79.14937735,79.77722287,1
11:10:08,3.230999,3.232889,79.13601995,79.76369858,1
11:10:09,3.230999,3.232839,79.12266254,79.75017428,1
11:10:10,3.230999,3.232803,79.10930514,79.73664999,1
11:10:11,3.230999,3.232777,79.09594774,79.72313166,1
11:10:12,3.230999,3.232758,79.08259034,79.70961332,1
11:10:13,3.230999,3.232744,79.06923294,79.69609499,1
11:10:14,3.230999,3.232735,79.05587554,79.68257666,1
11:10:15,3.230999,3.232728,79.04251814,79.66905832,1
11:10:16,3.230999,3.232723,79.02916074,79.65553999,1
11:10:17,3.230999,3.23272,79.01580334,79.64202166,1
11:10:18,3.230999,3.232718,79.00244594,79.62850332,1
11:10:19,3.230999,3.232717,78.98908854,79.61498499,1
11:10:21,3.230999,3.232716,78.97573113,79.60146666,1
11:10:22,3.230999,3.232715,78.96237373,79.58794832,1
11:10:23,3.230999,3.232715,78.94901633,79.57442999,1
11:10:24,3.230999,3.232715,78.93565893,79.56090569,1
11:10:25,3.230999,3.232716,78.92230153,79.5473814,1
11:10:25,3.230999,3.232716,78.90894413,79.53385711,1
11:10:26,3.230999,3.232717,78.89558673,79.52033281,1
11:10:27,3.230999,3.232717,78.88222933,79.50680852,1
11:10:28,3.230999,3.232718,78.86887193,79.49328423,1
11:10:29,3.230999,3.232718,78.85551,79.47975993,1
11:10:30,3.230999,3.232719,78.84215713,79.46623564,1
11:10:31,3.230999,3.23272,78.82879972,79.45271134,1
11:10:32,3.230999,3.23272,78.81544232,79.43919301,1
11:10:33,3.230999,3.232721,78.80208492,79.42566872,1
11:10:34,3.230999,3.232722,78.78872752,79.41214442,1
11:10:35,3.230999,3.232723,78.77537012,79.39862013,1
11:10:36,3.230999,3.232723,78.76201272,79.38509583,1
11:10:37,3.230999,3.232724,78.74865532,79.37157154,1
11:10:38,3.230999,3.232725,78.73529792,79.35804725,1
11:10:39,3.230999,3.232725,78.72194052,79.34452295,1
11:10:40,3.230999,3.232726,78.70858312,79.33099866,1
11:10:41,3.230999,3.232727,78.69522572,79.31747,1
11:10:42,3.230999,3.232727,78.68186831,79.30395007,1
11:10:43,3.230999,3.232728,78.66851091,79.29042578,1
11:10:44,3.230999,3.232729,78.65515351,79.27690148,1
11:10:45,3.230999,3.23273,78.64179611,79.26337719,1
11:10:46,3.230999,3.23273,78.62843871,79.2498529,1
11:10:47,3.230999,3.232731,78.61508131,79.2363286,1
11:10:48,3.230999,3.232732,78.60172391,79.22280431,1
11:10:49,3.230999,3.232733,78.58836651,79.20928001,1
11:10:50,3.230999,3.232733,78.57500911,79.19575572,1
11:10:51,3.230999,3.232734,78.56165171,79.18223143,1
11:10:52,3.230999,3.232735,78.54829431,79.1687,1
11:10:53,3.230999,3.232736,78.5349369,79.15517092,1
11:10:54,3.230999,3.232736,78.5215795,79.14164066,1
11:10:55,3.230999,3.232737,78.5082221,79.12811041,1
11:10:56,3.230999,3.232738,78.4948647,79.11458015,1
11:10:57,3.230999,3.232738,78.4815073,79.1010499,1
11:10:58,3.230999,3.232739,78.4681499,79.08752561,1
11:10:59,3.230999,3.23274,78.4547925,79.07399535,1
11:11:00,3.230999,3.232741,78.4414351,79.0604651,1
11:11:01,3.230999,3.232742,78.42808,79.04693484,1
11:11:02,3.230999,3.232742,78.4147203,79.03340459,1
11:11:03,3.230999,3.232743,78.4013629,79.01987433,1
11:11:04,3.230999,3.232744,78.3880055,79.00634408,1
11:11:05,3.230999,3.232744,78.37464809,78.99281383,1
11:11:06,3.230999,3.232745,78.36129069,78.97928357,1
11:11:07,3.258999,3.256209,78.36129069,78.97955775,1
11:11:08,3.26,3.257898,78.36129069,78.97976637,1
11:11:09,3.26,3.259376,78.36129069,78.97982597,1
11:11:10,3.26,3.260449,78.36129069,78.97977829,1
11:11:11,3.26,3.261229,78.36129069,78.97965908,1
11:11:12,3.26,3.261796,78.36129069,78.97948027,1
11:11:13,3.266,3.262208,78.36129069,78.97985578,1
11:11:14,3.266,3.264008,78.36129069,78.98005247,1
11:11:15,3.266,3.265316,78.36129069,78.98011804,1
11:11:16,3.267,3.266266,78.36129069,78.98018956,1
11:11:17,3.267,3.267206,78.36129069,78.98017168,1
11:11:18,3.267,3.26789,78.36129069,78.98008227,1
11:11:19,3.267,3.268386,78.36129069,78.97994518,1
11:11:20,3.269,3.268747,78.36129069,78.97996902,1
11:11:21,3.273,3.269509,78.36129069,78.98031473,1
11:11:22,3.274,3.271064,78.36129069,78.98060679,1
11:11:23,3.274,3.272444,78.36129069,78.98076177,1
11:11:24,3.274,3.273446,78.36129069,78.98081541,1
11:11:25,3.274,3.274174,78.36129069,78.98079753,1
11:11:26,3.274,3.274704,78.36129069,78.980726,1
11:11:27,3.275,3.275088,78.36129069,78.98072004,1
11:11:28,3.275,3.275617,78.36129069,78.98066044,1
11:11:29,3.275,3.276002,78.36129069,78.98055911,1
11:11:30,3.275,3.276282,78.36129069,78.98043394,1
11:11:31,3.275,3.276484,78.36129069,78.98028493,1
11:11:32,3.275,3.276632,78.36129069,78.980124,1
11:11:33,3.275,3.276739,78.36129069,78.97995114,1
11:11:34,3.275,3.276817,78.36129069,78.97977233,1
11:11:35,3.275,3.276874,78.36129069,78.97958755,1
11:11:36,3.275,3.276915,78.36129069,78.97939682,1
11:11:37,3.275,3.276944,78.36129069,78.97920609,1
11:11:38,3.275,3.276966,78.36129069,78.97900939,1
11:11:39,3.275,3.276982,78.36129069,78.97881269,1
11:11:40,3.275,3.276994,78.36129069,78.978616,1
11:11:41,3.275,3.277002,78.36129069,78.9784193,1
11:11:42,3.275,3.277008,78.36129069,78.97821665,1
11:11:43,3.276,3.277012,78.36129069,78.97811532,1
11:11:44,3.276,3.277266,78.36129069,78.97799015,1
11:11:45,3.277,3.27745,78.36129069,78.97794843,1
11:11:46,3.278,3.277834,78.36129069,78.97797,1
11:11:47,3.279,3.278363,78.36129069,78.97803187,1
11:11:48,3.28,3.278997,78.36129069,78.9781332,1
11:11:49,3.281,3.279709,78.36129069,78.97826433,1
11:11:50,3.281,3.280476,78.36129069,78.97831798,1
11:11:51,3.281,3.281033,78.36129069,78.97831202,1
11:11:52,3.281,3.281438,78.36129069,78.97827029,1
11:11:53,3.281,3.281732,78.36129069,78.97819877,1
11:11:54,3.281,3.281945,78.36129069,78.9781034,1
11:11:55,3.281,3.282101,78.36129069,78.97799015,1
11:11:56,3.281,3.282213,78.36129069,78.97787094,1
11:11:57,3.281,3.282295,78.36129069,78.97773981,1
11:11:58,3.281,3.282355,78.36129069,78.97760272,1
11:11:59,3.281,3.282398,78.36129069,78.97746563,1
11:12:00,3.281,3.282429,78.36129069,78.97732258,1
11:12:01,3.281,3.282453,78.36129069,78.97717953,1
11:12:02,3.282,3.282469,78.36129069,78.97713184,1
11:12:03,3.282,3.282731,78.36129069,78.97706032,1
11:12:04,3.281,3.282922,78.36129069,78.97686958,1
11:12:05,3.281,3.28281,78.36129069,78.97669077,1
11:12:06,3.282,3.282729,78.36129069,78.97661924,1
11:12:07,3.281,3.28292,78.36129069,78.97642851,1
11:12:08,3.282,3.282809,78.36129069,78.97635102,1
11:12:09,3.282,3.282978,78.36129069,78.97625,1
11:12:10,3.282,3.283101,78.36129069,78.97613645,1
11:12:11,3.282,3.28319,78.36129069,78.97601724,1
11:12:12,3.282,3.283255,78.36129069,78.97589207,1
11:12:13,3.282,3.283302,78.36129069,78.97576094,1
11:12:14,3.282,3.283337,78.36129069,78.97562385,1
11:12:15,3.282,3.283362,78.36129069,78.97549,1
11:12:16,3.282,3.28338,78.36129069,78.97534966,1
11:12:17,3.282,3.283393,78.36129069,78.97520661,1
11:12:18,3.282,3.283402,78.36129069,78.97506952,1
11:12:19,3.282,3.283409,78.36129069,78.97492647,1
11:12:20,3.282,3.283414,78.36129069,78.97478342,1
11:12:21,3.282,3.283418,78.36129069,78.97464037,1
11:12:22,3.282,3.283421,78.36129069,78.97449732,1
11:12:23,3.282,3.283422,78.36129069,78.97435427,1
11:12:24,3.282,3.283424,78.36129069,78.97421122,1
11:12:25,3.282,3.283425,78.36129069,78.97406816,1
11:12:26,3.282,3.283426,78.36129069,78.97392511,1
11:12:27,3.282,3.283427,78.36129069,78.97378206,1
11:12:28,3.282,3.283427,78.36129069,78.97363901,1
11:12:29,3.282,3.283427,78.36129069,78.97349596,1
11:12:30,3.282,3.283427,78.36129069,78.97335291,1
11:12:31,3.282,3.283427,78.36129069,78.97320986,1
11:12:32,3.282,3.283427,78.36129069,78.97306681,1
11:12:33,3.282,3.283427,78.36129069,78.97292376,1
11:12:34,3.282,3.283428,78.36129069,78.9727807,1
11:12:35,3.282,3.283428,78.36129069,78.97263765,1
11:12:36,3.282,3.283427,78.36129069,78.9724946,1
11:12:37,3.282,3.283427,78.36129069,78.97235155,1
11:12:38,3.282,3.283428,78.36129069,78.9722085,1
11:12:39,3.282,3.283428,78.36129069,78.97206545,1
11:12:40,3.282,3.283427,78.36129069,78.9719224,1
11:12:41,3.282,3.283427,78.36129069,78.97177935,1
11:12:42,3.282,3.283428,78.36129069,78.9716363,1
11:12:43,3.282,3.283428,78.36129069,78.97149324,1
11:12:44,3.282,3.283428,78.36129069,78.97135019,1
11:12:45,3.282,3.283428,78.36129069,78.97120714,1
11:12:46,3.282,3.283428,78.36129069,78.97106409,1
11:12:47,3.282,3.283428,78.36129069,78.97092104,1
11:12:48,3.282,3.283427,78.36129069,78.97077799,1
11:12:49,3.282,3.283428,78.36129069,78.97063494,1
11:12:50,3.282,3.283428,78.36129069,78.97049189,1
11:12:51,3.282,3.283427,78.36129069,78.97034883,1
11:12:52,3.282,3.283428,78.36129069,78.97020578,1
11:12:53,3.282,3.283428,78.36129069,78.97006273,1
11:12:54,3.282,3.283427,78.36129069,78.96991968,1
11:12:55,3.282,3.283427,78.36129069,78.96977663,1
11:12:56,3.282,3.283428,78.36129069,78.96963358,1
11:12:57,3.282,3.283428,78.36129069,78.96949053,1
11:12:58,3.282,3.283427,78.36129069,78.96934748,1
11:12:59,3.282,3.283428,78.36129069,78.96920443,1
11:13:00,3.282,3.283428,78.36129069,78.96906137,1
11:13:01,3.282,3.283427,78.36129069,78.96891832,1
11:13:02,3.282,3.283427,78.36129069,78.96877527,1
11:13:03,3.282,3.283428,78.36129069,78.96863222,1
11:13:04,3.282,3.283428,78.36129069,78.96848917,1
11:13:05,3.282,3.283427,78.36129069,78.96834612,1
11:13:06,3.282,3.283427,78.36129069,78.96820307,1
11:13:07,3.282,3.283428,78.36129069,78.96806002,1
11:13:08,3.282,3.283427,78.36129069,78.96791697,1
11:13:09,3.282,3.283427,78.36129069,78.96777391,1
11:13:10,3.282,3.283428,78.36129069,78.96763086,1
11:13:11,3.282,3.283427,78.36129069,78.96748781,1
11:13:12,3.282,3.283427,78.36129069,78.96734476,1
11:13:13,3.282,3.283427,78.36129069,78.96720171,1
11:13:14,3.282,3.283428,78.36129069,78.96705866,1
11:13:15,3.282,3.283427,78.36129069,78.96691561,1
11:13:16,3.282,3.283427,78.36129069,78.96677256,1
11:13:17,3.282,3.283428,78.36129069,78.96662951,1
11:13:18,3.282,3.283427,78.36129069,78.96648645,1
11:13:19,3.282,3.283427,78.36129069,78.9663434,1
11:13:20,3.282,3.283427,78.36129069,78.96620035,1
11:13:21,3.282,3.283427,78.36129069,78.9660573,1
11:13:22,3.282,3.283427,78.36129069,78.96591425,1
11:13:23,3.282,3.283427,78.36129069,78.9657712,1
11:13:24,3.282,3.283428,78.36129069,78.96562815,1
11:13:25,3.282,3.283427,78.36129069,78.9654851,1
11:13:26,3.282,3.283427,78.36129069,78.96534204,1
11:13:27,3.282,3.283427,78.36129069,78.96519899,1
11:13:28,3.282,3.283427,78.36129069,78.96505594,1
11:13:29,3.282,3.283427,78.36129069,78.96491289,1
11:13:30,3.282,3.283427,78.36129069,78.96476984,1
11:13:31,3.282,3.283427,78.36129069,78.96462679,1
11:13:32,3.282,3.283427,78.36129069,78.96448374,1
11:13:33,3.282,3.283427,78.36129069,78.96434069,1
11:13:34,3.282,3.283427,78.36129069,78.96419764,1
11:13:35,3.282,3.283427,78.36129069,78.96405458,1
11:13:36,3.282,3.283427,78.36129069,78.96391153,1
11:13:37,3.282,3.283427,78.36129069,78.96376848,1
11:13:38,3.283,3.283427,78.36129069,78.96372676,1
11:13:39,3.246,3.248495,78.34125757,78.94343734,1
11:13:40,3.244,3.247396,78.32122445,78.92305851,1
11:13:41,3.239,3.246098,78.30119133,78.90230417,1
11:13:42,3.238,3.243903,78.28115821,78.88166904,1
11:13:43,3.236,3.242058,78.26112509,78.86101604,1
11:13:44,3.234,3.240218,78.24109197,78.8403511,1
11:13:45,3.230999,3.23838,78.22105885,78.81956697,1
11:13:46,3.230999,3.236295,78.20102572,78.79899144,1
11:13:47,3.23,3.23478,78.1809926,78.77846956,1
11:13:48,3.229,3.233429,78.16095948,78.75798941,1
11:13:49,3.227,3.232198,78.14092636,78.7374258,1
11:13:50,3.225,3.230803,78.12089324,78.71679664,1
11:13:51,3.225,3.229291,78.10086012,78.69632244,1
11:13:52,3.224,3.228192,78.080827,78.67586017,1
11:13:53,3.224,3.227144,78.06079388,78.65550518,1
11:13:54,3.223,3.226382,78.04076076,78.63512635,1
11:13:55,3.223,3.225579,78.02072763,78.61482501,1
11:13:56,3.222,3.224996,78.00069451,78.59448195,1
11:13:57,3.221,3.224323,77.98066139,78.57410908,1
11:13:58,3.22,3.223584,77.96062827,78.55370641,1
11:13:59,3.219,3.222798,77.94059515,78.5332799,1
11:14:00,3.218,3.221977,77.92056203,78.5128355,1
11:14:01,3.217,3.221132,77.90052891,78.49237919,1
11:14:02,3.216,3.220268,77.88049579,78.47190499,1
11:14:03,3.216,3.219391,77.86046267,78.4515202,1
11:14:04,3.216,3.218754,77.84042954,78.43119502,1
11:14:05,3.216,3.218292,77.8204,78.41092348,1
11:14:06,3.215,3.217957,77.8003633,78.39058042,1
11:14:07,3.215,3.217464,77.78033018,78.37029,1
11:14:08,3.215,3.217106,77.76029706,78.35003138,1
11:14:09,3.215,3.216846,77.74026394,78.32980156,1
11:14:10,3.215,3.216658,77.72023082,78.30959558,1
11:14:11,3.215,3.216522,77.7001977,78.28940153,1
11:14:12,3.215,3.216423,77.68016458,78.2692194,1
11:14:13,3.215,3.216352,77.66013145,78.24904323,1
11:14:14,3.215,3.2163,77.64009833,78.22887301,1
11:14:15,3.214,3.216263,77.62006521,78.20860147,1
11:14:16,3.214,3.215987,77.60003209,78.18835974,1
11:14:17,3.213,3.215787,77.57999897,78.16803455,1
11:14:18,3.213,3.215393,77.55996585,78.14774513,1
11:14:19,3.213,3.215107,77.53993273,78.12748551,1
11:14:20,3.212,3.214899,77.51989961,78.10714245,1
11:14:21,3.212,3.2145,77.49986649,78.08684707,1
11:14:22,3.212,3.21421,77.47983336,78.06658149,1
11:14:23,3.211,3.214,77.45980024,78.04623246,1
11:14:24,3.211,3.213599,77.43976712,78.0259192,1
11:14:25,3.211,3.213308,77.419734,78.00563574,1
11:14:26,3.211,3.213097,77.39970088,77.98538,1
11:14:27,3.211,3.212944,77.37966776,77.96514034,1
11:14:28,3.211,3.212834,77.35963464,77.94491053,1
11:14:29,3.21,3.212754,77.33960152,77.92457938,1
11:14:30,3.21,3.212447,77.3195684,77.904284,1
11:14:31,3.21,3.212224,77.29953527,77.88401246,1
11:14:32,3.21,3.212064,77.27950215,77.8637588,1
11:14:33,3.209,3.211947,77.25946903,77.84340978,1
11:14:34,3.209,3.211614,77.23943591,77.82309055,1
11:14:35,3.209,3.211373,77.21940279,77.80280113,1
11:14:36,3.209,3.211198,77.19936967,77.78252959,1
11:14:37,3.209,3.211071,77.17934,77.76226997,1
11:14:38,3.209,3.21098,77.15930343,77.74202228,1
11:14:39,3.209,3.210914,77.13927031,77.72178054,1
11:14:40,3.209,3.210867,77.11923718,77.70154476,1
11:14:41,3.209,3.210833,77.09920406,77.68131495,1
11:14:42,3.209,3.210809,77.07917094,77.66108513,1
11:14:43,3.209,3.210792,77.05913782,77.64086127,1
11:14:44,3.209,3.21078,77.0391047,77.62063742,1
11:14:45,3.209,3.210772,77.01907158,77.6004076,1
11:14:46,3.209,3.210767,76.99903846,77.58017778,1
11:14:47,3.209,3.210764,76.97900534,77.55994797,1
11:14:48,3.209,3.210762,76.95897222,77.53972411,1
11:14:49,3.209,3.210761,76.93893909,77.51950026,1
11:14:50,3.209,3.210761,76.91890597,77.49927044,1
11:14:51,3.209,3.210761,76.89887285,77.47904062,1
11:14:52,3.209,3.210762,76.87883973,77.45881081,1
11:14:53,3.209,3.210764,76.85880661,77.43858695,1
11:14:54,3.209,3.210765,76.83877349,77.41836309,1
11:14:55,3.209,3.210766,76.81874037,77.39813328,1
11:14:56,3.209,3.210768,76.79870725,77.37790346,1
11:14:57,3.209,3.21077,76.77867413,77.35767,1
11:14:58,3.208,3.210772,76.758641,77.33733058,1
11:14:59,3.208,3.210525,76.73860788,77.31701732,1
11:15:00,3.209,3.210346,76.71857476,77.29683518,1
11:15:01,3.208,3.210466,76.69854164,77.27652788,1
11:15:02,3.208,3.210301,76.67850852,77.25623846,1
11:15:03,3.208,3.21015,76.6584754,77.23596692,1
11:15:04,3.208,3.210039,76.63844228,77.2157073,1
11:15:05,3.208,3.209957,76.61840916,77.19545364,1
11:15:06,3.208,3.209897,76.59837604,77.17520595,1
11:15:07,3.208,3.209852,76.57834291,77.15496421,1
11:15:08,3.208,3.209819,76.55830979,77.13472843,1
11:15:09,3.208,3.209794,76.53828,77.11449265,1
11:15:10,3.208,3.209774,76.51824355,77.09426284,1
11:15:11,3.208,3.209759,76.49821043,77.07403302,1
11:15:12,3.208,3.209747,76.47817731,77.05380321,1
11:15:13,3.208,3.209737,76.45814419,77.03357339,1
11:15:14,3.208,3.209729,76.43811107,77.01334357,1
11:15:15,3.208,3.209722,76.41807795,76.99311972,1
11:15:16,3.208,3.209716,76.39804482,76.97289586,1
11:15:17,3.208,3.20971,76.3780117,76.952672,1
11:15:18,3.208,3.209705,76.35797858,76.93244815,1
11:15:19,3.208,3.209701,76.33794546,76.91222429,1
11:15:20,3.208,3.209696,76.31791234,76.89200044,1
11:15:21,3.208,3.209692,76.29787922,76.87177658,1
11:15:22,3.208,3.209687,76.2778461,76.85155272,1
11:15:23,3.208,3.209684,76.25781298,76.83132887,1
11:15:24,3.208,3.20968,76.23777986,76.81110501,1
11:15:25,3.208,3.209676,76.21774673,76.79088712,1
11:15:26,3.208,3.209672,76.19771361,76.77066922,1
11:15:27,3.208,3.209667,76.17768049,76.75044537,1
11:15:28,3.208,3.209664,76.15764737,76.73022151,1
11:15:29,3.208,3.20966,76.13761425,76.71000361,1
11:15:30,3.208,3.209656,76.11758113,76.68978572,1
11:15:31,3.208,3.209652,76.09754801,76.66956782,1
11:15:32,3.208,3.209648,76.07751489,76.64934993,1
11:15:34,3.208,3.209645,76.05748177,76.62913203,1
11:15:34,3.208,3.209641,76.03744864,76.60891414,1
11:15:36,3.208,3.209637,76.01741552,76.58869624,1
11:15:36,3.208,3.209633,75.9973824,76.56847835,1
11:15:37,3.208,3.209629,75.97734928,76.54826045,1
11:15:38,3.208,3.209625,75.95731616,76.52804255,1
11:15:39,3.208,3.209621,75.93728304,76.50782466,1
11:15:40,3.208,3.209617,75.91724992,76.48760676,1
11:15:41,3.207,3.209614,75.89722,76.46727562,1
11:15:42,3.208,3.209361,75.87718368,76.44708753,1
11:15:43,3.207,3.209426,75.85715055,76.42678022,1
11:15:45,3.207,3.209223,75.83711743,76.40649676,1
11:15:45,3.207,3.209074,75.81708431,76.38623118,1
11:15:46,3.207,3.208966,75.79705119,76.36597753,1
11:15:47,3.207,3.208886,75.77701807,76.34572983,1
11:15:49,3.207,3.208827,75.75698495,76.32548809,1
11:15:49,3.207,3.208783,75.73695183,76.30525231,1
11:15:50,3.207,3.20875,75.71691871,76.2850225,1
11:15:51,3.207,3.208725,75.69688559,76.26479864,1
11:15:52,3.207,3.208705,75.67685246,76.24457479,1
11:15:54,3.207,3.20869,75.65681934,76.22435093,1
11:15:54,3.207,3.208679,75.63678622,76.20412707,1
11:15:55,3.207,3.208669,75.6167531,76.18390322,1
11:15:56,3.207,3.208661,75.59671998,76.16368532,1
11:15:58,3.207,3.208654,75.57668686,76.14346147,1
11:15:58,3.207,3.208647,75.55665374,76.12324357,1
11:15:59,3.207,3.208642,75.53662062,76.10302567,1
11:16:00,3.207,3.208637,75.5165875,76.08280778,1
11:16:02,3.207,3.208632,75.49655437,76.06258988,1
11:16:03,3.206,3.208628,75.47652125,76.04225874,1
11:16:03,3.206,3.208375,75.45648813,76.02196,1
11:16:04,3.206,3.20819,75.43645501,76.00167394,1
11:16:06,3.206,3.208055,75.41642189,75.98140836,1
11:16:07,3.206,3.207956,75.39638877,75.9611547,1
11:16:07,3.206,3.207883,75.37635565,75.940907,1
11:16:08,3.206,3.207829,75.35632253,75.92066526,1
11:16:10,3.206,3.207789,75.33628941,75.90042949,1
11:16:11,3.244999,3.242942,75.33628941,75.90066195,1
11:16:12,3.244999,3.244788,75.33628941,75.90068579,1
11:16:12,3.248001,3.246129,75.33628941,75.90090036,1
11:16:13,3.252,3.247847,75.33628941,75.9013772,1
11:16:15,3.253,3.250088,75.33628941,75.90171099,1
11:16:16,3.253,3.251964,75.33628941,75.9018302,1
11:16:16,3.253,3.253325,75.33628941,75.90179,1
11:16:17,3.258,3.254314,75.33628941,75.90221167,1
11:16:19,3.258999,3.256273,75.33628941,75.90252161,1
11:16:20,3.26,3.257944,75.33628941,75.90276003,1
11:16:21,3.26,3.259406,75.33628941,75.90282559,1
11:16:22,3.26,3.260467,75.33628941,75.90277195,1
11:16:23,3.26,3.261238,75.33628941,75.9026289,1
11:16:24,3.26,3.261797,75.33628941,75.90242624,1
11:16:25,3.26,3.262203,75.33628941,75.90218,1
11:16:26,3.26,3.262499,75.33628941,75.9018898,1
11:16:26,3.26,3.262713,75.33628941,75.90157986,1
11:16:28,3.262001,3.262868,75.33628941,75.90147853,1
11:16:29,3.265,3.263478,75.33628941,75.90165138,1
11:16:30,3.266,3.264665,75.33628941,75.90180635,1
11:16:30,3.266,3.265776,75.33628941,75.9018302,1
11:16:32,3.267,3.266582,75.33628941,75.90187788,1
11:16:32,3.267,3.267416,75.33628941,75.9018302,1
11:16:34,3.267,3.268021,75.33628941,75.90171695,1
11:16:34,3.267,3.268461,75.33628941,75.90155005,1
11:16:36,3.267,3.26878,75.33628941,75.9013474,1
11:16:37,3.267,3.269012,75.33628941,75.90111494,1
11:16:38,3.267,3.26918,75.33628941,75.9008646,1
11:16:38,3.267,3.269302,75.33628941,75.90060234,1
11:16:40,3.268,3.269391,75.33628941,75.90044737,1
11:16:41,3.27,3.269703,75.33628941,75.90048313,1
11:16:42,3.272,3.270427,75.33628941,75.90066195,1
11:16:43,3.273,3.271449,75.33628941,75.90084,1
11:16:43,3.274,3.272439,75.33628941,75.90101957,1
11:16:45,3.274,3.273407,75.33628941,75.90108514,1
11:16:46,3.274,3.274109,75.33628941,75.90107322,1
11:16:47,3.274,3.274619,75.33628941,75.90100169,1
11:16:48,3.274,3.27499,75.33628941,75.90088844,1
11:16:49,3.274,3.275258,75.33628941,75.90074539,1
11:16:50,3.274,3.275454,75.33628941,75.9005785,1
11:16:51,3.275,3.275595,75.33628941,75.90051293,1
11:16:52,3.275,3.275947,75.33628941,75.90040565,1
11:16:53,3.275,3.276202,75.33628941,75.90027,1
11:16:54,3.275,3.276387,75.33628941,75.90010762,1
11:16:56,3.275,3.276521,75.33628941,75.89993477,1
11:16:57,3.275,3.276619,75.33628941,75.89974999,1
11:16:58,3.275,3.27669,75.33628941,75.8995533,1
11:16:58,3.275,3.276741,75.33628941,75.89935064,1
11:16:59,3.275,3.276779,75.33628941,75.89914799,1
11:17:00,3.275,3.276806,75.33628941,75.89893937,1
11:17:01,3.275,3.276825,75.33628941,75.89873075,1
11:17:02,3.275,3.276839,75.33628941,75.89852214,1
11:17:03,3.275,3.27685,75.33628941,75.89830756,1
11:17:04,3.275,3.276857,75.33628941,75.89809299,1
11:17:05,3.275,3.276863,75.33628941,75.89787841,1
11:17:06,3.275,3.276867,75.33628941,75.89766383,1
11:17:07,3.275,3.27687,75.33628941,75.89744925,1
11:17:08,3.275,3.276872,75.33628941,75.89723468,1
11:17:09,3.275,3.276874,75.33628941,75.8970201,1
11:17:10,3.275,3.276875,75.33628941,75.89680552,1
11:17:11,3.275,3.276875,75.33628941,75.89659095,1
11:17:12,3.275,3.276876,75.33628941,75.89637637,1
11:17:13,3.26,3.265147,75.32961369,75.88911653,1
11:17:14,3.26,3.264032,75.32293797,75.88197589,1
11:17:15,3.26,3.263222,75.31626225,75.87493062,1
11:17:16,3.26,3.262634,75.30958652,75.86795688,1
11:17:17,3.26,3.262206,75.3029108,75.86103082,1
11:17:18,3.26,3.261896,75.29623508,75.85414052,1
11:17:19,3.26,3.26167,75.28955936,75.84727407,1
11:17:20,3.26,3.261506,75.28288364,75.84042549,1
11:17:21,3.26,3.261386,75.27620792,75.83358884,1
11:17:22,3.26,3.261299,75.2695322,75.82676411,1
11:17:23,3.258999,3.261236,75.26285648,75.81983209,1
11:17:24,3.258999,3.260941,75.25618076,75.81292987,1
11:17:25,3.258999,3.260727,75.24950504,75.80605745,1
11:17:26,3.258999,3.260571,75.24282932,75.79920292,1
11:17:27,3.258999,3.260458,75.2361536,75.79236031,1
11:17:29,3.258999,3.260375,75.22947788,75.78552365,1
11:17:29,3.258999,3.260315,75.22280216,75.77869892,1
11:17:30,3.258999,3.260271,75.21612644,75.77187419,1
11:17:31,3.258999,3.260239,75.20945072,75.76505542,1
11:17:32,3.258,3.260215,75.202775,75.75812936,1
11:17:33,3.258,3.25995,75.19609928,75.75122714,1
11:17:34,3.257,3.259756,75.18942356,75.74423552,1
11:17:35,3.257,3.259368,75.18274784,75.73728561,1
11:17:36,3.256,3.259085,75.17607212,75.73025227,1
11:17:37,3.256,3.258632,75.1693964,75.72327852,1
11:17:38,3.256,3.258302,75.16272068,75.71633458,1
11:17:39,3.255,3.258063,75.15604496,75.70930719,1
11:17:40,3.255,3.25764,75.14936924,75.70232749,1
11:17:41,3.254,3.257333,75.14269352,75.69526434,1
11:17:42,3.254,3.256861,75.1360178,75.68825483,1
11:17:43,3.254,3.256519,75.12934208,75.68128705,1
11:17:44,3.254,3.25627,75.12266636,75.67434907,1
11:17:45,3.253,3.256089,75.11599064,75.66731572,1
11:17:46,3.253,3.255709,75.10931492,75.66033006,1
11:17:47,3.253,3.255433,75.1026392,75.6533742,1
11:17:48,3.253,3.255232,75.09596348,75.64644217,1
11:17:49,3.253,3.255086,75.08928776,75.63952804,1
11:17:50,3.253,3.25498,75.08261204,75.63261986,1
11:17:51,3.253,3.254903,75.07593632,75.6257236,1
11:17:52,3.253,3.254846,75.0692606,75.6188333,1
11:17:53,3.253,3.254805,75.06258488,75.61194897,1
11:17:54,3.253,3.254774,75.05590916,75.60506463,1
11:17:55,3.253,3.254752,75.04923344,75.59818625,1
11:17:56,3.253,3.254736,75.04255772,75.59130788,1
11:17:57,3.253,3.254724,75.035882,75.5844295,1
11:17:58,3.253,3.254715,75.02920628,75.57755709,1
11:17:59,3.253,3.254708,75.02253056,75.57068467,1
11:18:00,3.253,3.254703,75.01585484,75.56381,1
11:18:01,3.253,3.254699,75.00917912,75.55693984,1
11:18:02,3.253,3.254696,75.0025034,75.55006742,1
11:18:03,3.253,3.254693,74.99582767,75.54319501,1
11:18:04,3.253,3.254691,74.98915195,75.53632259,1
11:18:05,3.253,3.254689,74.98247623,75.52945018,1
11:18:06,3.253,3.254688,74.97580051,75.52257776,1
11:18:07,3.253,3.254687,74.96912479,75.51570535,1
11:18:08,3.253,3.254685,74.96244907,75.50883293,1
11:18:09,3.253,3.254684,74.95577335,75.50196052,1
11:18:10,3.253,3.254683,74.94909763,75.49509406,1
11:18:11,3.253,3.254682,74.94242191,75.48822165,1
11:18:12,3.253,3.254681,74.93574619,75.48134923,1
11:18:13,3.253,3.25468,74.92907047,75.47448277,1
11:18:14,3.253,3.254679,74.92239475,75.46761036,1
11:18:15,3.253,3.254678,74.91571903,75.4607439,1
11:18:16,3.253,3.254677,74.90904331,75.45387149,1
11:18:17,3.253,3.254676,74.90236759,75.44700503,1
11:18:18,3.253,3.254675,74.89569187,75.44013262,1
11:18:19,3.253,3.254674,74.88901615,75.4332602,1
11:18:20,3.253,3.254673,74.88234043,75.42639375,1
11:18:21,3.253,3.254673,74.87566471,75.41952133,1
11:18:22,3.253,3.254672,74.86898899,75.41265488,1
11:18:23,3.253,3.254671,74.86231327,75.40578246,1
11:18:24,3.253,3.25467,74.85563755,75.39891005,1
11:18:25,3.253,3.254669,74.84896183,75.39203763,1
11:18:26,3.253,3.254668,74.84228611,75.38516521,1
11:18:27,3.253,3.254667,74.83561039,75.37829876,1
11:18:28,3.253,3.254666,74.82893467,75.37142634,1
11:18:29,3.253,3.254665,74.82225895,75.36455989,1
11:18:30,3.253,3.254664,74.81558323,75.35768747,1
11:18:31,3.253,3.254663,74.80890751,75.35081506,1
11:18:32,3.253,3.254663,74.80223179,75.3439486,1
11:18:33,3.253,3.254662,74.79555607,75.33707619,1
11:18:34,3.253,3.254661,74.78888035,75.33020973,1
11:18:35,3.253,3.25466,74.78220463,75.32333732,1
11:18:36,3.253,3.254659,74.77552891,75.31647086,1
11:18:37,3.253,3.254658,74.76885319,75.30959845,1
11:18:38,3.253,3.254657,74.76217747,75.30272603,1
11:18:39,3.253,3.254656,74.75550175,75.29585958,1
11:18:40,3.253,3.254655,74.74882603,75.28898716,1
11:18:41,3.253,3.254654,74.74215031,75.2821207,1
11:18:42,3.253,3.254653,74.73547459,75.27525425,1
11:18:43,3.253,3.254653,74.72879887,75.26838779,1
11:18:44,3.253,3.254652,74.72212315,75.26152134,1
11:18:45,3.253,3.254651,74.71544743,75.25465488,1
11:18:46,3.253,3.25465,74.70877171,75.24778843,1
11:18:47,3.253,3.254649,74.70209599,75.24092197,1
11:18:48,3.253,3.254648,74.69542027,75.23405552,1
11:18:49,3.253,3.254647,74.68874454,75.22718906,1
11:18:50,3.253,3.254646,74.68206882,75.22032261,1
11:18:51,3.253,3.254645,74.6753931,75.21345615,1
11:18:52,3.253,3.254645,74.66871738,75.2065897,1
11:18:53,3.253,3.254643,74.66204166,75.19972324,1
11:18:54,3.253,3.254643,74.65536594,75.19285679,1
11:18:55,3.253,3.254642,74.64869022,75.18599033,1
11:18:56,3.253,3.254641,74.6420145,75.17912388,1
11:18:57,3.253,3.25464,74.63533878,75.17225742,1
11:18:58,3.253,3.254639,74.62866306,75.16539097,1
11:18:59,3.253,3.254638,74.62198734,75.15852451,1
11:19:00,3.253,3.254637,74.61531162,75.15165806,1
11:19:01,3.253,3.254636,74.6086359,75.1447916,1
11:19:02,3.253,3.254635,74.60196018,75.13792515,1
11:19:03,3.253,3.254634,74.59528446,75.13105869,1
11:19:04,3.253,3.254633,74.58860874,75.12419224,1
11:19:05,3.253,3.254632,74.58193302,75.11732578,1
11:19:06,3.253,3.254632,74.5752573,75.11045933,1
11:19:07,3.253,3.254631,74.56858158,75.10359287,1
11:19:08,3.253,3.25463,74.56190586,75.0967443,1
11:19:09,3.253,3.254629,74.55523014,75.08992553,1
11:19:10,3.253,3.254628,74.54855442,75.0831306,1
11:19:11,3.253,3.254627,74.5418787,75.07635355,1
11:19:12,3.253,3.254627,74.53520298,75.06958842,1
11:19:13,3.253,3.254626,74.52852726,75.06283522,1
11:19:14,3.253,3.254624,74.52185154,75.05608797,1
11:19:15,3.253,3.254623,74.51517582,75.04934669,1
11:19:16,3.253,3.254623,74.5085001,75.04261136,1
11:19:17,3.253,3.254622,74.50182438,75.035882,1
11:19:18,3.253,3.254621,74.49514866,75.02915859,1
11:19:19,3.253,3.25462,74.48847294,75.02244115,1
11:19:20,3.253,3.254619,74.48179722,75.01572371,1
11:19:21,3.253,3.254618,74.4751215,75.00901222,1
11:19:22,3.253,3.254617,74.46844578,75.00230074,1
11:19:23,3.253,3.254619,74.46177006,74.99559522,1
11:19:24,3.253,3.254622,74.45509434,74.98888969,1
11:19:25,3.253,3.254623,74.44841862,74.98219013,1
11:19:26,3.253,3.254624,74.4417429,74.97549653,1
11:19:27,3.253,3.254625,74.43506718,74.96880293,1
11:19:28,3.253,3.254626,74.42839146,74.96211529,1
11:19:29,3.253,3.254625,74.42171574,74.95542765,1
11:19:30,3.253,3.254625,74.41504002,74.94874597,1
11:19:31,3.253,3.254625,74.4083643,74.94206429,1
11:19:32,3.253,3.254625,74.40168858,74.93538857,1
11:19:33,3.253,3.254625,74.39501286,74.92871284,1
11:19:34,3.253,3.254624,74.38833714,74.92204309,1
11:19:35,3.253,3.254624,74.38166142,74.91537333,1
11:19:36,3.253,3.254623,74.37498569,74.90870953,1
11:19:37,3.253,3.254623,74.36830997,74.90205169,1
11:19:38,3.253,3.254622,74.36163425,74.89537001,1
11:19:39,3.253,3.254622,74.35495853,74.88866448,1
11:19:40,3.253,3.254621,74.34828281,74.88194108,1
11:19:41,3.253,3.254621,74.34160709,74.87520576,1
11:19:42,3.253,3.25462,74.33493137,74.86845851,1
11:19:43,3.253,3.25462,74.32825565,74.8617053,1
11:19:44,3.253,3.254619,74.32157993,74.85494614,1
11:19:45,3.253,3.254619,74.31490421,74.84818697,1
11:19:46,3.253,3.254618,74.30822849,74.84142184,1
11:19:47,3.253,3.254618,74.30155277,74.83465672,1
11:19:48,3.253,3.254617,74.29487705,74.82788563,1
11:19:49,3.253,3.254617,74.28820133,74.82111454,1
11:19:50,3.253,3.254616,74.28152561,74.81434345,1
11:19:51,3.253,3.254616,74.27484989,74.80757236,1
11:19:52,3.253,3.254615,74.26817417,74.80080128,1
11:19:53,3.253,3.254615,74.26149845,74.79403019,1
11:19:54,3.253,3.254614,74.25482273,74.7872591,1
11:19:55,3.253,3.254614,74.24814701,74.78048801,1
11:19:56,3.253,3.254613,74.24147129,74.77371693,1
11:19:57,3.253,3.254613,74.23479557,74.76694584,1
11:19:58,3.253,3.254612,74.22811985,74.76017475,1
11:19:59,3.253,3.254611,74.22144413,74.75340366,1
11:20:00,3.253,3.254611,74.21476841,74.74663258,1
11:20:01,3.253,3.254611,74.20809269,74.73986149,1
11:20:02,3.253,3.25461,74.20141697,74.7330904,1
11:20:03,3.253,3.254609,74.19474125,74.72631931,1
11:20:04,3.253,3.254609,74.18806553,74.71954823,1
11:20:05,3.253,3.254608,74.18138981,74.71277714,1
11:20:06,3.253,3.254608,74.17471409,74.70600605,1
11:20:07,3.253,3.254607,74.16803837,74.69923496,1
11:20:08,3.253,3.254607,74.16136265,74.69246387,1
11:20:09,3.253,3.254606,74.15468693,74.68569279,1
11:20:10,3.253,3.254606,74.14801121,74.6789217,1
11:20:11,3.253,3.254605,74.14133549,74.67215061,1
11:20:12,3.253,3.254605,74.13465977,74.66537952,1
11:20:13,3.253,3.254604,74.12798405,74.65860844,1
11:20:14,3.253,3.254604,74.12130833,74.65183735,1
11:20:15,3.253,3.254603,74.11463261,74.64506626,1
11:20:16,3.253,3.254603,74.10795689,74.63829517,1
11:20:17,3.253,3.254602,74.10128117,74.63152409,1
11:20:18,3.253,3.254602,74.09460545,74.624753,1
11:20:19,3.253,3.254601,74.08792973,74.61798191,1
11:20:20,3.253,3.254601,74.08125401,74.61121082,1
11:20:21,3.253,3.2546,74.07457829,74.60443974,1
11:20:22,3.253,3.2546,74.06790257,74.59766865,1
11:20:23,3.253,3.254599,74.06122684,74.59089756,1
11:20:24,3.253,3.254599,74.05455112,74.58412647,1
11:20:25,3.253,3.254598,74.0478754,74.57735538,1
11:20:26,3.253,3.254597,74.04119968,74.5705843,1
11:20:27,3.253,3.254597,74.03452396,74.56381321,1
11:20:28,3.253,3.254596,74.02784824,74.55704212,1
11:20:29,3.253,3.254596,74.02117252,74.55027103,1
11:20:30,3.253,3.254595,74.0144968,74.54349995,1
11:20:31,3.253,3.254595,74.00782108,74.53672886,1
11:20:32,3.253,3.254594,74.00114536,74.52995777,1
11:20:33,3.253,3.254594,73.99446964,74.52318668,1
11:20:34,3.253,3.254593,73.98779392,74.5164156,1
11:20:35,3.253,3.254593,73.9811182,74.50964451,1
11:20:36,3.253,3.254592,73.97444248,74.50287342,1
11:20:37,3.253,3.254592,73.96776676,74.49610233,1
11:20:38,3.253,3.254591,73.96109104,74.48933125,1
11:20:39,3.253,3.254591,73.95441532,74.48256016,1
11:20:40,3.253,3.25459,73.9477396,74.47578907,1
11:20:41,3.253,3.25459,73.94106388,74.46901798,1
11:20:42,3.253,3.254589,73.93438816,74.46224689,1
11:20:43,3.253,3.254589,73.92771244,74.45547581,1
11:20:44,3.253,3.254588,73.92103672,74.44870472,1
11:20:45,3.253,3.254588,73.914361,74.44193363,1
11:20:46,3.253,3.254587,73.90768528,74.43516254,1
11:20:47,3.253,3.254587,73.90100956,74.42839146,1
11:20:48,3.253,3.254586,73.89433384,74.42162037,1
11:20:49,3.253,3.254586,73.88765812,74.41484928,1
11:20:50,3.253,3.254585,73.8809824,74.40807819,1
11:20:51,3.253,3.254585,73.87430668,74.40130711,1
11:20:52,3.253,3.254584,73.86763096,74.39453602,1
11:20:53,3.253,3.254583,73.86095524,74.38776493,1
11:20:54,3.253,3.254583,73.85427952,74.38099384,1
11:20:55,3.253,3.254582,73.8476038,74.37422276,1
11:20:56,3.253,3.254582,73.84092808,74.36745167,1
11:20:57,3.253,3.254581,73.83425236,74.36068058,1
11:20:58,3.253,3.254581,73.82757664,74.35390949,1
11:20:59,3.253,3.25458,73.82090092,74.3471384,1
11:21:00,3.253,3.25458,73.8142252,74.34036732,1
11:21:01,3.253,3.254579,73.80754948,74.33359623,1
11:21:02,3.253,3.254579,73.80087376,74.32682514,1
11:21:03,3.253,3.254578,73.79419804,74.32005405,1
11:21:04,3.253,3.254578,73.78752232,74.31328297,1
11:21:05,3.253,3.254577,73.7808466,74.30651188,1
11:21:06,3.253,3.254577,73.77417088,74.29974079,1
11:21:07,3.253,3.254576,73.76749516,74.2929697,1
11:21:08,3.253,3.254576,73.76081944,74.28619862,1
11:21:09,3.253,3.254575,73.75414371,74.27942753,1
11:21:10,3.253,3.254575,73.74746799,74.27265644,1
11:21:11,3.253,3.254574,73.74079227,74.26588535,1
11:21:12,3.253,3.254574,73.73411655,74.25911427,1
11:21:13,3.253,3.254573,73.72744083,74.25234318,1
11:21:14,3.253,3.254573,73.72076511,74.24557209,1
11:21:15,3.253,3.254572,73.71408939,74.238801,1
11:21:16,3.253,3.254571,73.70741367,74.23202991,1
11:21:17,3.253,3.254571,73.70073795,74.22525883,1
11:21:18,3.253,3.25457,73.69406223,74.21848774,1
11:21:19,3.253,3.25457,73.68738651,74.21171665,1
11:21:20,3.253,3.254569,73.68071079,74.20494556,1
11:21:21,3.253,3.254569,73.67403507,74.19817448,1
11:21:22,3.253,3.254568,73.66735935,74.19140339,1
11:21:23,3.253,3.254568,73.66068363,74.1846323,1
11:21:24,3.253,3.254567,73.65400791,74.17786121,1
11:21:25,3.253,3.254567,73.64733219,74.17109013,1
11:21:26,3.253,3.254566,73.64065647,74.16431904,1
11:21:27,3.253,3.254566,73.63398075,74.15754795,1
11:21:28,3.252,3.254565,73.62730503,74.15071726,1
11:21:29,3.253,3.254317,73.62062931,74.14396405,1
11:21:30,3.253,3.254384,73.61395359,74.13720489,1
11:21:31,3.253,3.254433,73.60727787,74.13044,1
11:21:32,3.253,3.254468,73.60060215,74.12367463,1
11:21:33,3.253,3.254494,73.59392643,74.1169095,1
11:21:34,3.253,3.254512,73.58725071,74.11014438,1
11:21:35,3.253,3.254525,73.58057499,74.10337925,1
11:21:36,3.253,3.254535,73.57389927,74.09661412,1
11:21:37,3.253,3.254542,73.56722355,74.089849,1
11:21:38,3.253,3.254546,73.56054783,74.08307791,1
11:21:39,3.253,3.25455,73.55387211,74.07630682,1
11:21:40,3.253,3.254552,73.54719639,74.06953573,1
11:21:41,3.253,3.254553,73.54052067,74.06276464,1
11:21:42,3.253,3.254554,73.53384495,74.05599356,1
11:21:43,3.252,3.254555,73.52716923,74.04916286,1
11:21:44,3.253,3.254307,73.52049351,74.04240966,1
11:21:45,3.252,3.254375,73.51381779,74.03559089,1
11:21:46,3.252,3.254176,73.50714207,74.02878404,1
11:21:47,3.253,3.254032,73.50046635,74.02204275,1
11:21:48,3.253,3.254175,73.49379063,74.01529551,1
11:21:49,3.252,3.254278,73.48711491,74.00848269,1
11:21:50,3.253,3.254106,73.48043919,74.00174141,1
11:21:51,3.253,3.254228,73.47376347,73.9949882,1
11:21:52,3.253,3.254317,73.46708775,73.988235,1
11:21:53,3.252,3.254381,73.46041203,73.98141623,1
11:21:54,3.253,3.254179,73.45373631,73.97466898,1
11:21:55,3.253,3.254281,73.44706059,73.96791577,1
11:21:56,3.253,3.254354,73.44038486,73.96115661,1
11:21:57,3.253,3.254408,73.43370914,73.95439744,1
11:21:58,3.253,3.254446,73.42703342,73.94763827,1
11:21:59,3.253,3.254474,73.4203577,73.94087315,1
11:22:00,3.253,3.254494,73.41368198,73.93410802,1
11:22:01,3.252,3.254508,73.40700626,73.92728329,1
11:22:02,3.253,3.254271,73.40033054,73.92053008,1
11:22:03,3.253,3.254346,73.39365482,73.91377091,1
11:22:04,3.252,3.254401,73.3869791,73.90695214,1
11:22:05,3.253,3.254192,73.38030338,73.9002049,1
11:22:06,3.253,3.254288,73.37362766,73.89345169,1
11:22:07,3.252,3.254359,73.36695194,73.88663292,1
11:22:08,3.252,3.254161,73.36027622,73.87982607,1
11:22:09,3.253,3.254018,73.3536005,73.87309074,1
11:22:10,3.252,3.254161,73.34692478,73.86628389,1
11:22:11,3.253,3.254017,73.34024906,73.85954261,1
11:22:12,3.253,3.254161,73.33357334,73.85279536,1
11:22:13,3.253,3.254265,73.32689762,73.84604216,1
11:22:14,3.252,3.25434,73.3202219,73.83922338,1
11:22:15,3.252,3.254147,73.31354618,73.83241653,1
11:22:16,3.252,3.254006,73.30687046,73.8256216,1
11:22:17,3.253,3.253904,73.30019474,73.81889224,1
11:22:18,3.252,3.254078,73.29351902,73.81209135,1
11:22:19,3.253,3.253956,73.2868433,73.80535603,1
11:22:20,3.253,3.254115,73.28016758,73.79861474,1
11:22:21,3.252,3.25423,73.27349186,73.79180193,1
11:22:22,3.252,3.254066,73.26681614,73.78500104,1
11:22:23,3.253,3.253947,73.26014042,73.77826571,1
11:22:24,3.253,3.254108,73.2534647,73.77152443,1
11:22:25,3.253,3.254225,73.24678898,73.76477718,1
11:22:26,3.252,3.254309,73.24011326,73.75796437,1
11:22:27,3.252,3.254122,73.23343754,73.75115752,1
11:22:28,3.253,3.253987,73.22676182,73.7444222,1
11:22:29,3.252,3.254136,73.2200861,73.73761535,1
11:22:30,3.252,3.253997,73.21341038,73.73082042,1
11:22:31,3.253,3.253895,73.20673466,73.72409105,1
11:22:32,3.252,3.254069,73.20005894,73.71729016,1
11:22:33,3.252,3.253947,73.19338322,73.71049523,1
11:22:34,3.252,3.253859,73.1867075,73.70370626,1
11:22:35,3.253,3.253795,73.18003178,73.69698286,1
11:22:36,3.252,3.253996,73.17335606,73.69018197,1
11:22:37,3.252,3.253894,73.16668034,73.683393,1
11:22:38,3.252,3.253819,73.16000462,73.67660999,1
11:22:39,3.252,3.253765,73.1533289,73.66982698,1
11:22:40,3.252,3.253726,73.14665318,73.66304994,1
11:22:41,3.252,3.253697,73.13997746,73.65627,1
11:22:42,3.252,3.253676,73.13330173,73.64949584,1
11:22:43,3.253,3.253661,73.12662601,73.6427784,1
11:22:44,3.252,3.253897,73.11995029,73.63598943,1
11:22:45,3.252,3.253821,73.11327457,73.62920046,1
11:22:46,3.252,3.253765,73.10659885,73.62241745,1
11:22:47,3.252,3.253725,73.09992313,73.61563444,1
11:22:48,3.252,3.253695,73.09324741,73.60885739,1
11:22:49,3.252,3.253674,73.08657169,73.60208035,1
11:22:50,3.253,3.253658,73.07989597,73.5953629,1
11:22:51,3.252,3.253894,73.07322025,73.58857393,1
11:22:52,3.252,3.253818,73.06654453,73.58178496,1
11:22:53,3.252,3.253762,73.05986881,73.57500196,1
11:22:55,3.252,3.253721,73.05319309,73.56821895,1
11:22:56,3.252,3.253692,73.04651737,73.56143594,1
11:22:57,3.252,3.25367,73.03984165,73.55465889,1
11:22:57,3.252,3.253654,73.03316593,73.54788184,1
11:22:58,3.252,3.253643,73.02649021,73.54110479,1
11:22:59,3.252,3.253634,73.01981449,73.53432775,1
11:23:00,3.252,3.253628,73.01313877,73.5275507,1
11:23:01,3.252,3.253623,73.00646305,73.52077365,1
11:23:02,3.252,3.253619,72.99978733,73.5139966,1
11:23:03,3.252,3.253617,72.99311161,73.50721955,1
11:23:04,3.252,3.253614,72.98643589,73.50044847,1
11:23:05,3.252,3.253613,72.97976017,73.49367738,1
11:23:06,3.252,3.253611,72.97308445,73.48690629,1
11:23:07,3.252,3.25361,72.96640873,73.4801352,1
11:23:08,3.252,3.253609,72.95973301,73.47336411,1
11:23:09,3.252,3.253608,72.95305729,73.46659303,1
11:23:10,3.252,3.253608,72.94638157,73.45982194,1
11:23:11,3.252,3.253607,72.93970585,73.45305085,1
11:23:13,3.252,3.253607,72.93303013,73.44627,1
11:23:13,3.252,3.253606,72.92635441,73.43949676,1
11:23:14,3.252,3.253605,72.91967869,73.43271971,1
11:23:15,3.26,3.266094,72.91967869,73.43235,1
11:23:16,3.263,3.265285,72.91967869,73.43220711,1
11:23:17,3.266,3.265441,72.91967869,73.43224287,1
11:23:18,3.266,3.266299,72.91967869,73.43222499,1
11:23:19,3.267,3.266921,72.91967869,73.43223095,1
11:23:20,3.267,3.267621,72.91967869,73.43219519,1
11:23:21,3.267,3.268129,72.91967869,73.43212366,1
11:23:22,3.267,3.268497,72.91967869,73.43203425,1
11:23:23,3.267,3.268765,72.91967869,73.43192697,1
11:23:24,3.267,3.26896,72.91967869,73.43180776,1
11:23:25,3.269,3.269101,72.91967869,73.4318018,1
11:23:26,3.271,3.269699,72.91967869,73.43187928,1
11:23:27,3.273,3.27063,72.91967869,73.43202233,1
11:23:28,3.274,3.271801,72.91967869,73.43216,1
11:23:29,3.274,3.272899,72.91967869,73.43222499,1
11:23:30,3.274,3.273697,72.91967869,73.43224287,1
11:23:31,3.274,3.274276,72.91967869,73.43222499,1
11:23:32,3.274,3.274696,72.91967869,73.43218327,1
11:23:33,3.274,3.275001,72.91967869,73.43212366,1
11:23:34,3.275,3.275223,72.91967869,73.43211174,1
11:23:35,3.275,3.275632,72.91967869,73.43207598,1
11:23:36,3.275,3.275929,72.91967869,73.43201637,1
11:23:37,3.275,3.276144,72.91967869,73.43194485,1
11:23:38,3.275,3.276301,72.91967869,73.43186736,1
11:23:39,3.275,3.276414,72.91967869,73.43178,1
11:23:40,3.275,3.276497,72.91967869,73.43168855,1
11:23:41,3.275,3.276556,72.91967869,73.43159318,1
11:23:42,3.275,3.2766,72.91967869,73.43149185,1
11:23:43,3.275,3.276632,72.91967869,73.43139052,1
11:23:44,3.275,3.276654,72.91967869,73.4312892,1
11:23:45,3.275,3.276671,72.91967869,73.43118787,1
11:23:46,3.275,3.276683,72.91967869,73.43108058,1
11:23:47,3.275,3.276692,72.91967869,73.43097925,1
11:23:48,3.275,3.276698,72.91967869,73.43087792,1
11:23:49,3.275,3.276703,72.91967869,73.43077064,1
11:23:50,3.275,3.276706,72.91967869,73.43066335,1
11:23:51,3.275,3.276709,72.91967869,73.43056202,1
11:23:52,3.275,3.276711,72.91967869,73.43045473,1
11:23:53,3.275,3.276712,72.91967869,73.43034744,1
11:23:54,3.275,3.276713,72.91967869,73.43024015,1
11:23:55,3.275,3.276713,72.91967869,73.43013287,1
11:23:56,3.275,3.276714,72.91967869,73.43002558,1
11:23:57,3.275,3.276714,72.91967869,73.42991829,1
11:23:58,3.275,3.276715,72.91967869,73.429811,1
11:23:59,3.275,3.276715,72.91967869,73.42970371,1
11:24:00,3.275,3.276715,72.91967869,73.42959642,1
11:24:01,3.275,3.276715,72.91967869,73.42949,1
11:24:02,3.275,3.276715,72.91967869,73.42938185,1
11:24:03,3.275,3.276715,72.91967869,73.42927456,1
11:24:04,3.275,3.276715,72.91967869,73.42916727,1
11:24:05,3.275,3.276715,72.91967869,73.42905998,1
11:24:06,3.275,3.276715,72.91967869,73.42895269,1
11:24:07,3.275,3.276715,72.91967869,73.42884541,1
11:24:08,3.275,3.276715,72.91967869,73.42873812,1
11:24:09,3.276,3.276715,72.91967869,73.42869639,1
11:24:10,3.276,3.276963,72.91967869,73.42863679,1
11:24:11,3.276,3.277143,72.91967869,73.42856526,1
11:24:12,3.276,3.277274,72.91967869,73.42848778,1
11:24:13,3.276,3.277369,72.91967869,73.42840433,1
11:24:14,3.276,3.277438,72.91967869,73.42831492,1
11:24:15,3.277,3.277488,72.91967869,73.42828512,1
11:24:16,3.277,3.277772,72.91967869,73.42823744,1
11:24:17,3.253,3.252998,72.90632129,73.41488004,1
11:24:18,3.252,3.252777,72.89296389,73.40147495,1
11:24:19,3.247,3.252369,72.87960649,73.38778973,1
11:24:20,3.244999,3.250832,72.86625,73.37406874,1
11:24:21,3.244999,3.249221,72.85289168,73.36045504,1
11:24:22,3.244999,3.248049,72.83953428,73.34691286,1
11:24:23,3.244999,3.247199,72.82617688,73.33341837,1
11:24:24,3.243,3.246581,72.81281948,73.31984043,1
11:24:26,3.241,3.245636,72.79946208,73.30619097,1
11:24:26,3.239,3.244454,72.78610468,73.29249978,1
11:24:27,3.238,3.243099,72.77274728,73.27882648,1
11:24:28,3.238,3.241868,72.75938988,73.2652247,1
11:24:29,3.238,3.240973,72.74603248,73.25168252,1
11:24:30,3.238,3.240323,72.73267508,73.23818,1
11:24:31,3.237,3.239851,72.71931767,73.22465181,1
11:24:32,3.237,3.239259,72.70596027,73.21115732,1
11:24:33,3.237,3.238829,72.69260287,73.19768667,1
11:24:34,3.235,3.238517,72.67924547,73.18411469,1
11:24:35,3.235,3.237794,72.66588807,73.17058444,1
11:24:36,3.234,3.237268,72.65253067,73.15702438,1
11:24:37,3.233,3.236639,72.63917327,73.14344049,1
11:24:38,3.232,3.235933,72.62581587,73.12983871,1
11:24:39,3.230999,3.235173,72.61245847,73.11621904,1
11:24:40,3.230999,3.234372,72.59910107,73.10265303,1
11:24:41,3.230999,3.23379,72.58574367,73.08912277,1
11:24:42,3.230999,3.233367,72.57238626,73.07561636,1
11:24:43,3.230999,3.23306,72.55902886,73.06213,1
11:24:44,3.230999,3.232837,72.54567146,73.04866314,1
11:24:45,3.230999,3.232674,72.53231406,73.03520441,1
11:24:46,3.230999,3.232556,72.51895666,73.02175164,1
11:24:47,3.230999,3.232469,72.50559926,73.00829887,1
11:24:48,3.230999,3.232406,72.49224186,72.99485207,1
11:24:49,3.23,3.23236,72.47888446,72.98135161,1
11:24:50,3.23,3.232078,72.46552706,72.96786308,1
11:24:51,3.23,3.231873,72.45216966,72.95439243,1
11:24:52,3.23,3.231724,72.43881,72.94092774,1
11:24:53,3.23,3.231615,72.42545485,72.92746902,1
11:24:54,3.23,3.231536,72.41209745,72.91401625,1
11:24:55,3.23,3.231478,72.39874005,72.90056944,1
11:24:56,3.23,3.231435,72.38538265,72.88712263,1
11:24:57,3.23,3.231404,72.37202525,72.87367582,1
11:24:58,3.23,3.231381,72.35866785,72.86023498,1
11:24:59,3.23,3.231363,72.34531045,72.84679,1
11:25:00,3.229,3.231351,72.33195305,72.83329368,1
11:25:01,3.229,3.231093,72.31859565,72.81980515,1
11:25:02,3.228,3.230906,72.30523825,72.80626893,1
11:25:03,3.228,3.230521,72.29188085,72.79275656,1
11:25:04,3.227,3.230242,72.27852345,72.7791965,1
11:25:05,3.227,3.229791,72.26516604,72.76566625,1
11:25:06,3.227,3.229463,72.25180864,72.75215387,1
11:25:07,3.226,3.229224,72.23845124,72.73859382,1
11:25:08,3.226,3.228803,72.22509384,72.72506356,1
11:25:09,3.226,3.228497,72.21173644,72.71155119,1
11:25:10,3.225,3.228274,72.19837904,72.69799113,1
11:25:11,3.225,3.227864,72.18502164,72.68444896,1
11:25:12,3.225,3.227566,72.17166424,72.67093062,1
11:25:13,3.225,3.227349,72.15830684,72.65742421,1
11:25:14,3.225,3.227191,72.14494944,72.64392972,1
11:25:15,3.225,3.227076,72.13159204,72.63044119,1
11:25:16,3.225,3.226993,72.11823463,72.61696,1
11:25:17,3.225,3.226931,72.10487723,72.60348201,1
11:25:18,3.225,3.226887,72.09151983,72.5900054,1
11:25:19,3.224,3.226854,72.07816243,72.57646918,1
11:25:20,3.224,3.226581,72.06480503,72.56295085,1
11:25:21,3.224,3.226383,72.05144763,72.54944444,1
11:25:22,3.224,3.226239,72.03809023,72.53594995,1
11:25:23,3.224,3.226134,72.02473283,72.52246141,1
11:25:24,3.224,3.226057,72.01138,72.50897288,1
11:25:25,3.224,3.226001,71.99801803,72.49549031,1
11:25:26,3.224,3.22596,71.98466063,72.48200774,1
11:25:27,3.224,3.22593,71.97130322,72.46853113,1
11:25:28,3.224,3.225907,71.95794582,72.45505452,1
11:25:29,3.224,3.225891,71.94458842,72.44157791,1
11:25:30,3.224,3.225878,71.93123102,72.4281013,1
11:25:31,3.224,3.225869,71.91787362,72.41462469,1
11:25:32,3.224,3.225862,71.90451622,72.40114808,1
11:25:33,3.224,3.225856,71.89115882,72.38767147,1
11:25:34,3.224,3.225851,71.87780142,72.37420082,1
11:25:35,3.224,3.225848,71.86444402,72.36073017,1
11:25:36,3.224,3.225845,71.85108662,72.34726,1
11:25:37,3.224,3.225842,71.83772922,72.33378887,1
11:25:38,3.224,3.22584,71.82437181,72.32031822,1
11:25:39,3.224,3.225838,71.81101441,72.30684757,1
11:25:40,3.224,3.225836,71.79765701,72.29337692,1
11:25:41,3.224,3.225834,71.78429961,72.27990031,1
11:25:42,3.224,3.225832,71.77094221,72.2664237,1
11:25:43,3.224,3.225831,71.75758481,72.25294709,1
11:25:44,3.224,3.225829,71.74422741,72.23947644,1
11:25:45,3.224,3.225828,71.73087001,72.22600579,1
11:25:46,3.224,3.225826,71.71751261,72.21253514,1
11:25:47,3.224,3.225825,71.70415521,72.19906449,1
11:25:48,3.224,3.225823,71.69079781,72.18559384,1
11:25:49,3.224,3.225822,71.6774404,72.17212319,1
11:25:50,3.224,3.225821,71.664083,72.15865254,1
11:25:51,3.224,3.225819,71.6507256,72.14517593,1
11:25:52,3.224,3.225817,71.6373682,72.13170528,1
11:25:53,3.224,3.225816,71.6240108,72.11823463,1
11:25:54,3.224,3.225815,71.6106534,72.10476398,1
11:25:55,3.223,3.225813,71.597296,72.09123373,1
11:25:56,3.224,3.225564,71.58394,72.07778096,1
11:25:57,3.224,3.225631,71.5705812,72.06432223,1
11:25:58,3.224,3.225678,71.5572238,72.05086,1
11:25:59,3.224,3.225713,71.5438664,72.03739285,1
11:26:00,3.223,3.225737,71.530509,72.0238626,1
11:26:01,3.224,3.225507,71.51715159,72.01040983,1
11:26:02,3.224,3.225587,71.50379419,71.9969511,1
11:26:03,3.224,3.225645,71.49043679,71.98348641,1
11:26:04,3.224,3.225686,71.47707939,71.97002172,1
11:26:05,3.224,3.225716,71.46372199,71.95655704,1
11:26:06,3.223,3.225737,71.45036459,71.94302678,1
11:26:07,3.223,3.225505,71.43700719,71.92951441,1
11:26:08,3.224,3.225335,71.42364979,71.91607356,1
11:26:09,3.224,3.22546,71.41029239,71.90262675,1
11:26:10,3.223,3.22555,71.39693499,71.88910842,1
11:26:11,3.223,3.225367,71.38357759,71.87560201,1
11:26:12,3.223,3.225234,71.37022018,71.86210155,1
11:26:13,3.223,3.225137,71.35686278,71.84860706,1
11:26:14,3.223,3.225066,71.34350538,71.83511853,1
11:26:15,3.224,3.225014,71.33014798,71.82169557,1
11:26:16,3.224,3.225224,71.31679058,71.80826068,1
11:26:17,3.223,3.225375,71.30343318,71.79474831,1
11:26:18,3.223,3.225238,71.29007578,71.78124785,1
11:26:19,3.223,3.225137,71.27671838,71.76775336,1
11:26:20,3.223,3.225064,71.26336098,71.75426,1
11:26:21,3.223,3.22501,71.25000358,71.74078226,1
11:26:22,3.223,3.224971,71.23664618,71.72729969,1
11:26:23,3.223,3.224942,71.22328877,71.71381712,1
11:26:24,3.223,3.224921,71.20993137,71.70034051,1
11:26:25,3.223,3.224905,71.19657397,71.6868639,1
11:26:26,3.223,3.224893,71.18321657,71.67338729,1
11:26:27,3.223,3.224884,71.16985917,71.65991068,1
11:26:28,3.223,3.224877,71.1565,71.64643407,1
11:26:29,3.223,3.224871,71.14314437,71.63296,1
11:26:30,3.223,3.224867,71.12978697,71.61948085,1
11:26:31,3.223,3.224863,71.11642957,71.60600424,1
11:26:32,3.223,3.22486,71.10307217,71.59252763,1
11:26:33,3.223,3.224858,71.08971477,71.57905102,1
11:26:34,3.223,3.224855,71.07635736,71.56557441,1
11:26:35,3.223,3.224854,71.06299996,71.5520978,1
11:26:36,3.223,3.224851,71.04964256,71.53862119,1
11:26:37,3.223,3.22485,71.03628516,71.52514458,1
11:26:38,3.223,3.224848,71.02292776,71.51166797,1
11:26:39,3.223,3.224847,71.00957036,71.49819136,1
11:26:40,3.223,3.224845,70.99621296,71.48471475,1
11:26:41,3.223,3.224844,70.98285556,71.47123814,1
11:26:42,3.223,3.224842,70.96949816,71.45776153,1
11:26:43,3.223,3.22484,70.95614076,71.44428492,1
11:26:44,3.223,3.224839,70.94278336,71.43080831,1
11:26:45,3.223,3.224838,70.92942595,71.41733766,1
11:26:46,3.223,3.224836,70.91606855,71.40386701,1
11:26:47,3.223,3.224834,70.90271115,71.3903904,1
11:26:48,3.223,3.224833,70.88935375,71.37691379,1
11:26:49,3.223,3.224832,70.87599635,71.36343718,1
11:26:50,3.223,3.22483,70.86263895,71.34996057,1
11:26:51,3.223,3.224829,70.84928155,71.33648396,1
11:26:52,3.223,3.224827,70.83592415,71.32300735,1
11:26:53,3.223,3.224826,70.82256675,71.30953074,1
11:26:54,3.223,3.224824,70.80920935,71.29605412,1
11:26:55,3.223,3.224823,70.79585195,71.28258,1
11:26:56,3.223,3.224822,70.78249454,71.2691009,1
11:26:57,3.223,3.22482,70.76913714,71.25563025,1
11:26:58,3.223,3.224819,70.75577974,71.24215961,1
11:26:59,3.223,3.224817,70.74242234,71.22868896,1
11:27:00,3.222,3.224816,70.72906,71.21515274,1
11:27:01,3.223,3.224567,70.71570754,71.20169401,1
11:27:02,3.222,3.224633,70.70235014,71.18816972,1
11:27:03,3.222,3.224433,70.68899274,71.17465734,1
11:27:04,3.222,3.224288,70.67563534,71.16115093,1
11:27:05,3.222,3.224182,70.66227794,71.14765644,1
11:27:06,3.222,3.224105,70.64892054,71.13416195,1
11:27:07,3.222,3.224048,70.63556314,71.12067342,1
11:27:08,3.222,3.224007,70.62220573,71.10718489,1
11:27:09,3.222,3.223976,70.60884833,71.09370232,1
11:27:10,3.222,3.223954,70.59549093,71.08021975,1
11:27:11,3.222,3.223937,70.58213353,71.06673717,1
11:27:12,3.222,3.223924,70.56877613,71.0532546,1
11:27:13,3.221,3.223915,70.55541873,71.03970647,1
11:27:14,3.221,3.22366,70.54206133,71.02617621,1
11:27:15,3.221,3.223475,70.52870393,71.01265788,1
11:27:16,3.221,3.22334,70.51534653,70.99915147,1
11:27:17,3.221,3.223241,70.50198913,70.98565102,1
11:27:18,3.221,3.223169,70.48863173,70.97215056,1
11:27:19,3.244999,3.249622,70.48863173,70.9718585,1
11:27:20,3.244999,3.249587,70.48863173,70.97156644,1
11:27:21,3.252,3.249562,70.48863173,70.97172737,1
11:27:22,3.252,3.251276,70.48863173,70.97177505,1
11:27:23,3.253,3.252522,70.48863173,70.97180486,1
11:27:24,3.253,3.253673,70.48863173,70.97176313,1
11:27:25,3.253,3.254509,70.48863173,70.97166777,1
11:27:26,3.253,3.255116,70.48863173,70.97153068,1
11:27:27,3.257,3.255556,70.48863173,70.97162604,1
11:27:28,3.258999,3.256866,70.48863173,70.97176313,1
11:27:29,3.258999,3.258313,70.48863173,70.97180486,1
11:27:30,3.26,3.259363,70.48863173,70.97184658,1
11:27:31,3.26,3.260372,70.48863173,70.97182274,1
11:27:32,3.26,3.261106,70.48863173,70.97175121,1
11:27:33,3.26,3.261638,70.48863173,70.97164392,1
11:27:34,3.26,3.262024,70.48863173,70.97151279,1
11:27:35,3.26,3.262305,70.48863173,70.97136378,1
11:27:36,3.26,3.262508,70.48863173,70.97120285,1
11:27:37,3.26,3.262656,70.48863173,70.97103,1
11:27:38,3.26,3.262764,70.48863173,70.97085118,1
11:27:39,3.26,3.262841,70.48863173,70.97066641,1
11:27:40,3.26,3.262898,70.48863173,70.97048163,1
11:27:41,3.26,3.262939,70.48863173,70.9702909,1
11:27:42,3.26,3.262969,70.48863173,70.97010016,1
11:27:43,3.261,3.26299,70.48863173,70.96997499,1
11:27:44,3.263,3.263254,70.48863173,70.96995711,1
11:27:45,3.266,3.26394,70.48863173,70.9700942,1
11:27:46,3.266,3.265181,70.48863173,70.97014785,1
11:27:47,3.266,3.266082,70.48863173,70.97014189,1
11:27:48,3.266,3.266736,70.48863173,70.9700942,1
11:27:49,3.266,3.267211,70.48863173,70.97001672,1
11:27:50,3.266,3.267556,70.48863173,70.96991539,1
11:27:51,3.267,3.267806,70.48863173,70.96986175,1
11:27:52,3.266,3.268235,70.48863173,70.96971869,1
11:27:53,3.267,3.268299,70.48863173,70.96963525,1
11:27:54,3.267,3.268593,70.48863173,70.96953392,1
11:27:55,3.267,3.268807,70.48863173,70.96941471,1
11:27:56,3.267,3.268962,70.48863173,70.96928954,1
11:27:57,3.267,3.269074,70.48863173,70.96915841,1
11:27:58,3.267,3.269156,70.48863173,70.96901536,1
11:27:59,3.267,3.269215,70.48863173,70.96887231,1
11:28:00,3.267,3.269258,70.48863173,70.96872926,1
11:28:01,3.267,3.269289,70.48863173,70.96858025,1
11:28:02,3.267,3.269312,70.48863173,70.96843123,1
11:28:03,3.267,3.269329,70.48863173,70.96827626,1
11:28:04,3.267,3.269341,70.48863173,70.96812725,1
11:28:05,3.267,3.269349,70.48863173,70.96797824,1
11:28:06,3.267,3.269356,70.48863173,70.96782327,1
11:28:07,3.268,3.26936,70.48863173,70.96773386,1
11:28:08,3.269,3.269611,70.48863173,70.96769214,1
11:28:09,3.269,3.270041,70.48863173,70.96762657,1
11:28:10,3.271,3.270353,70.48863173,70.96766829,1
11:28:11,3.271,3.271074,70.48863173,70.96766233,1
11:28:12,3.272,3.271598,70.48863173,70.96768618,1
11:28:13,3.273,3.272226,70.48863173,70.96773386,1
11:28:14,3.273,3.272929,70.48863173,70.96773982,1
11:28:15,3.274,3.27344,70.48863173,70.96777558,1
11:28:16,3.274,3.274059,70.48863173,70.96776962,1
11:28:17,3.274,3.274507,70.48863173,70.96773386,1
11:28:18,3.274,3.274833,70.48863173,70.96768022,1
11:28:19,3.274,3.27507,70.48863173,70.96760869,1
11:28:20,3.274,3.275242,70.48863173,70.96752524,1
11:28:21,3.274,3.275366,70.48863173,70.96743584,1
11:28:22,3.274,3.275457,70.48863173,70.96734047,1
11:28:23,3.274,3.275522,70.48863173,70.9672451,1
11:28:24,3.274,3.27557,70.48863173,70.96714377,1
11:28:25,3.274,3.275605,70.48863173,70.96703649,1
11:28:26,3.274,3.27563,70.48863173,70.9669292,1
11:28:27,3.274,3.275648,70.48863173,70.96682191,1
11:28:28,3.274,3.275661,70.48863173,70.96671462,1
11:28:29,3.274,3.275671,70.48863173,70.96660733,1
11:28:30,3.274,3.275678,70.48863173,70.96650004,1
11:28:31,3.275,3.275683,70.48863173,70.96645832,1
11:28:32,3.275,3.275934,70.48863173,70.96639872,1
11:28:33,3.275,3.276117,70.48863173,70.96632719,1
11:28:34,3.275,3.276249,70.48863173,70.96624374,1
11:28:35,3.275,3.276345,70.48863173,70.9661603,1
11:28:36,3.275,3.276415,70.48863173,70.96607089,1
11:28:37,3.274,3.276466,70.48863173,70.96590996,1
11:28:38,3.275,3.276255,70.48863173,70.96582651,1
11:28:39,3.275,3.27635,70.48863173,70.9657371,1
11:28:40,3.275,3.276418,70.48863173,70.9656477,1
11:28:41,3.275,3.276468,70.48863173,70.96555233,1
11:28:42,3.275,3.276504,70.48863173,70.965451,1
11:28:43,3.275,3.276531,70.48863173,70.96534967,1
11:28:44,3.275,3.276549,70.48863173,70.96524835,1
11:28:45,3.275,3.276563,70.48863173,70.96514702,1
11:28:46,3.275,3.276573,70.48863173,70.96504569,1
11:28:47,3.275,3.276581,70.48863173,70.96494436,1
11:28:48,3.275,3.276586,70.48863173,70.96484303,1
11:28:49,3.275,3.27659,70.48863173,70.96473575,1
11:28:50,3.275,3.276592,70.48863173,70.96462846,1
11:28:51,3.275,3.276595,70.48863173,70.96452713,1
11:28:52,3.275,3.276596,70.48863173,70.9644258,1
11:28:53,3.275,3.276597,70.48863173,70.96431851,1
11:28:54,3.275,3.276598,70.48863173,70.96421719,1
11:28:55,3.275,3.276598,70.48863173,70.96411586,1
11:28:56,3.275,3.276599,70.48863173,70.96401453,1
11:28:57,3.275,3.276599,70.48863173,70.96390724,1
11:28:58,3.275,3.276599,70.48863173,70.96380591,1
11:28:59,3.275,3.276599,70.48863173,70.96370459,1
11:29:00,3.275,3.276599,70.48863173,70.96360326,1
11:29:01,3.275,3.2766,70.48863173,70.96349597,1
11:29:03,3.275,3.2766,70.48863173,70.96339464,1
11:29:03,3.275,3.2766,70.48863173,70.96329331,1
11:29:04,3.275,3.2766,70.48863173,70.96319199,1
11:29:05,3.275,3.2766,70.48863173,70.9630847,1
11:29:06,3.275,3.2766,70.48863173,70.96298337,1
11:29:07,3.275,3.2766,70.48863173,70.96288204,1
11:29:08,3.275,3.2766,70.48863173,70.96278071,1
11:29:09,3.275,3.2766,70.48863173,70.96267343,1
11:29:10,3.275,3.2766,70.48863173,70.9625721,1
11:29:11,3.275,3.2766,70.48863173,70.96247077,1
11:29:12,3.275,3.2766,70.48863173,70.96236348,1
11:29:13,3.275,3.2766,70.48863173,70.96225619,1
11:29:14,3.275,3.2766,70.48863173,70.96215487,1
11:29:15,3.275,3.2766,70.48863173,70.96205354,1
11:29:16,3.275,3.2766,70.48863173,70.96194625,1
11:29:17,3.275,3.2766,70.48863173,70.96184492,1
11:29:18,3.275,3.2766,70.48863173,70.96174359,1
11:29:19,3.275,3.2766,70.48863173,70.96164227,1
11:29:20,3.275,3.2766,70.48863173,70.96153498,1
11:29:21,3.275,3.2766,70.48863173,70.96143365,1
11:29:22,3.275,3.2766,70.48863173,70.96133232,1
11:29:23,3.275,3.2766,70.48863173,70.96123099,1
11:29:24,3.275,3.2766,70.48863173,70.9611237,1
11:29:25,3.275,3.2766,70.48863173,70.96102238,1
11:29:26,3.275,3.2766,70.48863173,70.96092105,1
11:29:27,3.275,3.2766,70.48863173,70.96081972,1
11:29:28,3.275,3.2766,70.48863173,70.96071243,1
11:29:29,3.275,3.2766,70.48863173,70.9606111,1
11:29:30,3.275,3.2766,70.48863173,70.96050978,1
11:29:31,3.275,3.2766,70.48863173,70.96040845,1
11:29:32,3.275,3.2766,70.48863173,70.96030116,1
11:29:33,3.275,3.2766,70.48863173,70.96019983,1
11:29:34,3.275,3.2766,70.48863173,70.96009851,1
11:29:35,3.275,3.2766,70.48863173,70.95999718,1
11:29:36,3.275,3.2766,70.48863173,70.95988989,1
11:29:37,3.275,3.2766,70.48863173,70.95978856,1
11:29:38,3.275,3.2766,70.48863173,70.95968723,1
11:29:39,3.275,3.2766,70.48863173,70.95957994,1
11:29:40,3.275,3.2766,70.48863173,70.95947,1
11:29:41,3.275,3.2766,70.48863173,70.95937133,1
11:29:42,3.275,3.2766,70.48863173,70.95927,1
11:29:43,3.275,3.2766,70.48863173,70.95916271,1
11:29:44,3.275,3.2766,70.48863173,70.95906138,1
11:29:45,3.275,3.2766,70.48863173,70.95896006,1
11:29:46,3.275,3.2766,70.48863173,70.95885873,1
11:29:47,3.275,3.2766,70.48863173,70.95875144,1
11:29:48,3.275,3.2766,70.48863173,70.95865011,1
11:29:49,3.275,3.2766,70.48863173,70.95854878,1
11:29:50,3.276,3.276599,70.48863173,70.95850706,1
11:29:51,3.242,3.237078,70.4685986,70.9387958,1
11:29:52,3.236,3.237744,70.44856548,70.91864944,1
11:29:53,3.232,3.236741,70.42853236,70.89830637,1
11:29:54,3.23,3.235021,70.40849924,70.87794542,1
11:29:55,3.229,3.233276,70.38846612,70.8576262,1
11:29:56,3.226,3.231761,70.368433,70.83721,1
11:29:57,3.224,3.229918,70.34839988,70.81679106,1
11:29:58,3.224,3.228083,70.32836676,70.79648376,1
11:29:59,3.223,3.226751,70.30833364,70.77620029,1
11:30:00,3.221,3.225535,70.28830051,70.75586915,1
11:30:01,3.219,3.224157,70.26826739,70.73550224,1
11:30:02,3.216,3.22266,70.24823427,70.71503401,1
11:30:03,3.216,3.22083,70.22820115,70.69467902,1
11:30:04,3.215,3.2195,70.20817,70.67435384,1
11:30:05,3.215,3.218287,70.18813491,70.65411,1
11:30:06,3.215,3.217405,70.16810179,70.63391805,1
11:30:07,3.214,3.216764,70.14806867,70.61370015,1
11:30:08,3.212,3.216051,70.12803555,70.59339881,1
11:30:09,3.211,3.215037,70.10800242,70.57309747,1
11:30:10,3.21,3.214053,70.0879693,70.55279613,1
11:30:11,3.209,3.213089,70.06793618,70.53249478,1
11:30:12,3.209,3.212142,70.04790306,70.51225901,1
11:30:13,3.209,3.211453,70.02786994,70.49206495,1
11:30:14,3.208,3.210953,70.00783682,70.47183514,1
11:30:15,3.208,3.210341,69.9878037,70.45164704,1
11:30:16,3.207,3.209896,69.96777058,70.43142319,1
11:30:17,3.206,3.209325,69.94773746,70.41117549,1
11:30:18,3.206,3.208661,69.92770433,70.39096951,1
11:30:19,3.205,3.208179,69.90767121,70.37072778,1
11:30:21,3.204,3.207581,69.88763809,70.35046,1
11:30:21,3.204,3.206898,69.86760497,70.33023238,1
11:30:22,3.204,3.206402,69.84757185,70.31003833,1
11:30:23,3.203,3.206041,69.82753873,70.2898,1
11:30:25,3.202,3.20553,69.80750561,70.26953101,1
11:30:25,3.202,3.204911,69.78747249,70.2493012,1
11:30:26,3.202,3.204462,69.76743937,70.22910118,1
11:30:27,3.202,3.204134,69.74740624,70.20892501,1
11:30:28,3.202,3.203896,69.72737312,70.18876672,1
11:30:30,3.202,3.203722,69.70734,70.16862035,1
11:30:30,3.202,3.203595,69.68730688,70.14847994,1
11:30:31,3.202,3.203502,69.66727376,70.12834549,1
11:30:32,3.201,3.203434,69.64724064,70.10815144,1
11:30:34,3.201,3.203135,69.62720752,70.08801,1
11:30:34,3.201,3.202919,69.6071744,70.06790638,1
11:30:35,3.201,3.20276,69.58714128,70.04784346,1
11:30:36,3.201,3.202645,69.56711,70.02779841,1
11:30:38,3.201,3.20256,69.54707503,70.00776529,1
11:30:39,3.201,3.2025,69.52704191,69.98772621,1
11:30:39,3.2,3.202458,69.50700879,69.96764541,1
11:30:40,3.2,3.202179,69.48697567,69.94754672,1
11:30:42,3.2,3.201975,69.46694255,69.92744207,1
11:30:43,3.199,3.201827,69.44690943,69.90728974,1
11:30:43,3.199,3.201472,69.42687631,69.88714337,1
11:30:44,3.198,3.201212,69.40684319,69.86695528,1
11:30:45,3.198,3.200776,69.38681006,69.84678507,1
11:30:47,3.198,3.200459,69.36677694,69.82662678,1
11:30:48,3.198,3.200228,69.34674382,69.80647445,1
11:30:48,3.197,3.20006,69.3267107,69.78628039,1
11:30:49,3.197,3.19969,69.30667758,69.76610422,1
11:30:51,3.197,3.19942,69.28664446,69.74593997,1
11:30:52,3.197,3.199224,69.26661134,69.72578764,1
11:30:52,3.197,3.199081,69.24657822,69.70564127,1
11:30:53,3.197,3.198976,69.2265451,69.68550086,1
11:30:55,3.196,3.1989,69.20651197,69.66530681,1
11:30:56,3.196,3.198596,69.18647885,69.64513063,1
11:30:57,3.196,3.198375,69.16644573,69.62496638,1
11:30:57,3.196,3.198214,69.14641261,69.60480809,1
11:30:59,3.196,3.198096,69.12637949,69.58466,1
11:31:00,3.195,3.19801,69.10634637,69.56445575,1
11:31:01,3.195,3.197699,69.08631325,69.54427361,1
11:31:01,3.195,3.197473,69.06628013,69.5241034,1
11:31:02,3.195,3.197308,69.04624701,69.50393915,1
11:31:04,3.195,3.197188,69.02621388,69.48378682,1
11:31:05,3.194,3.1971,69.00618076,69.46358085,1
11:31:05,3.194,3.196788,68.98614764,69.44339275,1
11:31:06,3.194,3.196561,68.96611452,69.42321658,1
11:31:08,3.194,3.196396,68.9460814,69.40305233,1
11:31:09,3.194,3.196275,68.92605,69.38289404,1
11:31:10,3.194,3.196187,68.90601516,69.36274171,1
11:31:10,3.194,3.196122,68.88598204,69.34258938,1
11:31:12,3.194,3.196074,68.86594892,69.32244301,1
11:31:13,3.194,3.196039,68.84591579,69.30229664,1
11:31:14,3.194,3.196012,68.82588267,69.28215,1
11:31:14,3.194,3.195993,68.80584955,69.2620039,1
11:31:15,3.194,3.195978,68.78581643,69.24185753,1
11:31:17,3.194,3.195966,68.76578331,69.22171712,1
11:31:18,3.194,3.195957,68.74575019,69.20157671,1
11:31:19,3.194,3.19595,68.72571707,69.1814363,1
11:31:19,3.194,3.195944,68.70568395,69.16129589,1
11:31:21,3.194,3.195939,68.68565083,69.14115548,1
11:31:22,3.194,3.195935,68.6656177,69.12101507,1
11:31:23,3.194,3.195931,68.64558458,69.10087466,1
11:31:23,3.194,3.195928,68.62555146,69.08073,1
11:31:25,3.194,3.195925,68.60551834,69.06059384,1
11:31:26,3.194,3.195922,68.58548522,69.04045343,1
11:31:27,3.194,3.195919,68.5654521,69.02031302,1
11:31:28,3.194,3.195916,68.54541898,69.00017262,1
11:31:29,3.194,3.195914,68.52538586,68.98003221,1
11:31:30,3.194,3.195911,68.50535274,68.9598918,1
11:31:31,3.194,3.195909,68.48531961,68.93975139,1
11:31:32,3.194,3.195906,68.46528649,68.91961098,1
11:31:32,3.194,3.195904,68.44525337,68.89947057,1
11:31:34,3.194,3.195901,68.42522025,68.87933016,1
11:31:35,3.194,3.195899,68.40518713,68.85918975,1
11:31:36,3.194,3.195897,68.38515401,68.83904934,1
11:31:37,3.194,3.195894,68.36512089,68.81890893,1
11:31:38,3.194,3.195892,68.34508777,68.79876852,1
11:31:39,3.194,3.195889,68.32505465,68.77862811,1
11:31:40,3.194,3.195887,68.30502152,68.7584877,1
11:31:40,3.194,3.195884,68.28499,68.73834729,1
11:31:42,3.194,3.195882,68.26495528,68.71820688,1
11:31:43,3.194,3.195879,68.24492216,68.69806647,1
11:31:44,3.194,3.195877,68.22488904,68.67792606,1
11:31:45,3.194,3.195874,68.20485592,68.65778565,1
11:31:46,3.194,3.195872,68.1848228,68.63764524,1
11:31:47,3.194,3.19587,68.16478968,68.61750484,1
11:31:48,3.194,3.195867,68.14475656,68.59736443,1
11:31:49,3.194,3.195865,68.12472343,68.57722402,1
11:31:50,3.194,3.195863,68.10469031,68.55708361,1
11:31:51,3.194,3.19586,68.08465719,68.5369432,1
11:31:52,3.194,3.195858,68.06462407,68.51680279,1
11:31:53,3.194,3.195855,68.04459095,68.49666238,1
11:31:54,3.194,3.195853,68.02455783,68.47652197,1
11:31:55,3.193,3.195851,68.00452471,68.45632792,1
11:31:56,3.193,3.195601,67.98449159,68.43614578,1
11:31:57,3.193,3.195419,67.96445847,68.41597557,1
11:31:58,3.193,3.195286,67.94442534,68.39581132,1
11:31:59,3.193,3.195189,67.92439222,68.37565303,1
11:32:00,3.193,3.195118,67.9043591,68.3555007,1
11:32:01,3.193,3.195066,67.88432598,68.33534837,1
11:32:02,3.192,3.195028,67.86429286,68.31514239,1
11:32:03,3.192,3.194752,67.84425974,68.2949543,1
11:32:04,3.192,3.194551,67.82422662,68.27477813,1
11:32:05,3.192,3.194404,67.8041935,68.25460792,1
11:32:06,3.192,3.194297,67.78416038,68.23444,1
11:32:07,3.192,3.194218,67.76412725,68.21428537,1
11:32:08,3.192,3.194161,67.74409413,68.19412708,1
11:32:09,3.192,3.194119,67.72406101,68.17397475,1
11:32:10,3.191,3.194087,67.70402789,68.15376878,1
11:32:11,3.192,3.193816,67.68399477,68.13363433,1
11:32:12,3.191,3.193866,67.66396165,68.11344028,1
11:32:13,3.191,3.193655,67.64393,68.09325814,1
11:32:14,3.191,3.193501,67.62389541,68.07308,1
11:32:15,3.191,3.193388,67.60386229,68.05291176,1
11:32:16,3.191,3.193306,67.58382916,68.03274751,1
11:32:17,3.191,3.193245,67.56379604,68.01258922,1
11:32:18,3.191,3.193201,67.54376292,67.99243093,1
11:32:19,3.191,3.193168,67.5237298,67.97227263,1
11:32:20,3.191,3.193144,67.50369668,67.9521203,1
11:32:21,3.191,3.193125,67.48366356,67.93196797,1
11:32:22,3.191,3.193111,67.46363044,67.91181564,1
11:32:23,3.191,3.1931,67.44359732,67.89166331,1
11:32:24,3.23,3.235711,67.44359732,67.89134145,1
11:32:25,3.230999,3.23577,67.44359732,67.89107323,1
11:32:26,3.234,3.236059,67.44359732,67.89095402,1
11:32:27,3.237,3.237011,67.44359732,67.89095402,1
11:32:28,3.238,3.238443,67.44359732,67.89093,1
11:32:29,3.238,3.23973,67.44359732,67.89082885,1
11:32:30,3.238,3.240664,67.44359732,67.89067984,1
11:32:31,3.244,3.241342,67.44359732,67.89082885,1
11:32:32,3.244999,3.243317,67.44359732,67.89092422,1
11:32:33,3.244999,3.244997,67.44359732,67.89092422,1
11:32:34,3.244999,3.246217,67.44359732,67.89085269,1
11:32:35,3.244999,3.247102,67.44359732,67.89073348,1
11:32:36,3.244999,3.247745,67.44359732,67.89057851,1
11:32:37,3.244999,3.248212,67.44359732,67.89039373,1
11:32:38,3.246,3.24855,67.44359732,67.89025068,1
11:32:39,3.25,3.249043,67.44359732,67.89030433,1
11:32:40,3.252,3.25039,67.44359732,67.89039373,1
11:32:41,3.252,3.251862,67.44359732,67.89039969,1
11:32:42,3.252,3.25293,67.44359732,67.89034605,1
11:32:43,3.253,3.253705,67.44359732,67.89030433,1
11:32:44,3.253,3.254515,67.44359732,67.89022088,1
11:32:45,3.253,3.255103,67.44359732,67.89010167,1
11:32:46,3.253,3.255529,67.44359732,67.88995862,1
11:32:47,3.253,3.255839,67.44359732,67.88979769,1
11:32:48,3.253,3.256064,67.44359732,67.88962483,1
11:32:49,3.253,3.256227,67.44359732,67.88944006,1
11:32:50,3.253,3.256346,67.44359732,67.88924932,1
11:32:51,3.253,3.256432,67.44359732,67.88905263,1
11:32:52,3.255,3.256495,67.44359732,67.88896918,1
11:32:53,3.256,3.257034,67.44359732,67.88890958,1
11:32:54,3.258,3.257673,67.44359732,67.88892746,1
11:32:55,3.258999,3.258631,67.44359732,67.8889513,1
11:32:56,3.258999,3.259573,67.44359732,67.8889215,1
11:32:57,3.258999,3.260257,67.44359732,67.88884997,1
11:32:58,3.258999,3.260753,67.44359732,67.88874865,1
11:32:59,3.258999,3.261114,67.44359732,67.88862944,1
11:33:00,3.26,3.261375,67.44359732,67.88855195,1
11:33:01,3.258999,3.261813,67.44359732,67.88839102,1
11:33:02,3.26,3.261883,67.44359732,67.88828373,1
11:33:03,3.258999,3.262181,67.44359732,67.88810492,1
11:33:04,3.26,3.26215,67.44359732,67.88797975,1
11:33:05,3.26,3.262375,67.44359732,67.88784266,1
11:33:06,3.26,3.262538,67.44359732,67.8876996,1
11:33:07,3.26,3.262656,67.44359732,67.88755059,1
11:33:08,3.26,3.262742,67.44359732,67.88739562,1
11:33:09,3.26,3.262805,67.44359732,67.88723469,1
11:33:10,3.26,3.26285,67.44359732,67.88707376,1
11:33:11,3.26,3.262883,67.44359732,67.88690686,1
11:33:12,3.26,3.262907,67.44359732,67.88673997,1
11:33:13,3.26,3.262924,67.44359732,67.88657308,1
11:33:14,3.26,3.262937,67.44359732,67.88640618,1
11:33:15,3.26,3.262946,67.44359732,67.88623929,1
11:33:16,3.26,3.262953,67.44359732,67.8860724,1
11:33:17,3.26,3.262958,67.44359732,67.8859055,1
11:33:18,3.26,3.262961,67.44359732,67.88573861,1
11:33:19,3.26,3.262963,67.44359732,67.88557172,1
11:33:20,3.26,3.262965,67.44359732,67.88540483,1
11:33:21,3.26,3.262967,67.44359732,67.88523197,1
11:33:22,3.26,3.262968,67.44359732,67.88505912,1
11:33:23,3.26,3.262968,67.44359732,67.88488626,1
11:33:24,3.26,3.262969,67.44359732,67.88471341,1
11:33:25,3.26,3.262969,67.44359732,67.88454056,1
11:33:26,3.252,3.24876,67.4369216,67.87804961,1
11:33:27,3.251,3.249979,67.43024588,67.8714335,1
11:33:28,3.247,3.250617,67.42357016,67.86454916,1
11:33:29,3.244999,3.250091,67.41689444,67.85758138,1
11:33:30,3.244999,3.249214,67.41021872,67.85066128,1
11:33:31,3.244999,3.248578,67.403543,67.8437829,1
11:33:32,3.244999,3.248116,67.39686728,67.83692837,1
11:33:33,3.244999,3.247781,67.39019156,67.83009171,1
11:33:34,3.244999,3.247537,67.38351583,67.82327294,1
11:33:35,3.244999,3.24736,67.37684011,67.81646013,1
11:33:36,3.244999,3.247232,67.37016439,67.80965924,1
11:33:37,3.244999,3.247138,67.36348867,67.80285835,1
11:33:38,3.244999,3.24707,67.35681295,67.79606342,1
11:33:39,3.244999,3.247021,67.35013723,67.78927445,1
11:33:40,3.244999,3.246985,67.34346151,67.78248549,1
11:33:41,3.244999,3.246959,67.33678579,67.77569652,1
11:33:42,3.244999,3.24694,67.33011007,67.76890755,1
11:33:43,3.244999,3.246926,67.32343435,67.76211858,1
11:33:44,3.244999,3.246916,67.31675863,67.75533557,1
11:33:45,3.244999,3.246908,67.31008291,67.74855256,1
11:33:46,3.244999,3.246902,67.30340719,67.74176955,1
11:33:47,3.244999,3.246898,67.29673147,67.73498654,1
11:33:48,3.244999,3.246895,67.29005575,67.72820354,1
11:33:49,3.244999,3.246893,67.28338003,67.72142053,1
11:33:50,3.244999,3.246891,67.27670431,67.71463752,1
11:33:51,3.244999,3.246889,67.27002859,67.70785451,1
11:33:52,3.244999,3.246888,67.26335287,67.7010715,1
11:33:53,3.244999,3.246887,67.25667715,67.69428849,1
11:33:54,3.244999,3.246886,67.25000143,67.68750548,1
11:33:55,3.244999,3.246886,67.24332571,67.68072248,1
11:33:56,3.244999,3.246885,67.23664999,67.67393947,1
11:33:57,3.244999,3.246885,67.22997427,67.66715646,1
11:33:58,3.244,3.246884,67.22329855,67.66031384,1
11:33:59,3.244,3.246637,67.21662283,67.65348911,1
11:34:00,3.244,3.246457,67.20994711,67.64667034,1
11:34:01,3.244,3.246326,67.20327139,67.63986349,1
11:34:02,3.244,3.246231,67.19659567,67.63306,1
11:34:03,3.243,3.246162,67.18991995,67.62619615,1
11:34:04,3.243,3.245865,67.18324423,67.61935353,1
11:34:05,3.243,3.245649,67.17656851,67.61252284,1
11:34:06,3.242,3.245492,67.16989279,67.60564446,1
11:34:07,3.242,3.245131,67.16321707,67.59878993,1
11:34:08,3.242,3.24487,67.15654135,67.59194732,1
11:34:09,3.241,3.244679,67.14986563,67.58505702,1
11:34:10,3.241,3.244293,67.14318991,67.57819057,1
11:34:11,3.241,3.244014,67.13651419,67.57134199,1
11:34:12,3.241,3.24381,67.12983847,67.56450534,1
11:34:13,3.24,3.243663,67.12316275,67.557621,1
11:34:14,3.24,3.243308,67.11648703,67.55075455,1
11:34:15,3.24,3.243051,67.10981131,67.54390001,1
11:34:16,3.24,3.242864,67.10313559,67.5370574,1
11:34:17,3.24,3.242729,67.09645987,67.53022671,1
11:34:18,3.239,3.24263,67.08978415,67.52334237,1
11:34:19,3.239,3.242311,67.08310843,67.51647592,1
11:34:20,3.239,3.242079,67.0764327,67.50962138,1
11:34:21,3.239,3.241912,67.06975698,67.50277877,1
11:34:22,3.239,3.24179,67.06308126,67.49594212,1
11:34:23,3.239,3.241701,67.05640554,67.48911142,1
11:34:24,3.239,3.241637,67.04972982,67.48228073,1
11:34:25,3.239,3.241589,67.0430541,67.475456,1
11:34:26,3.238,3.241555,67.03637838,67.46857166,1
11:34:27,3.238,3.241283,67.02970266,67.46170521,1
11:34:28,3.238,3.241086,67.02302694,67.45485067,1
11:34:29,3.238,3.240942,67.01635122,67.4480021,1
11:34:30,3.238,3.240838,67.0096755,67.44115949,1
11:34:31,3.238,3.240762,67.00299978,67.43432283,1
11:34:32,3.238,3.240707,66.99632406,67.42749214,1
11:34:33,3.238,3.240667,66.98964834,67.42066145,1
11:34:34,3.238,3.240638,66.98297262,67.41383076,1
11:34:35,3.238,3.240617,66.9762969,67.40700603,1
11:34:36,3.238,3.240601,66.96962118,67.40018129,1
11:34:37,3.238,3.24059,66.96294546,67.39335656,1
11:34:38,3.238,3.240582,66.95626974,67.38653183,1
11:34:39,3.238,3.240575,66.94959402,67.3797071,1
11:34:40,3.238,3.240571,66.9429183,67.37288237,1
11:34:41,3.238,3.240567,66.93624258,67.36605763,1
11:34:42,3.238,3.240565,66.92956686,67.3592329,1
11:34:43,3.238,3.240563,66.92289114,67.35240817,1
11:34:44,3.238,3.240561,66.91621542,67.34558344,1
11:34:45,3.238,3.24056,66.9095397,67.33875871,1
11:34:46,3.238,3.240559,66.90286398,67.33193398,1
11:34:47,3.238,3.240558,66.89618826,67.32510924,1
11:34:48,3.238,3.240557,66.88951254,67.31828451,1
11:34:49,3.238,3.240557,66.88283682,67.31145978,1
11:34:50,3.238,3.240557,66.8761611,67.30463505,1
11:34:51,3.238,3.240556,66.86948538,67.29781032,1
11:34:52,3.238,3.240556,66.86280966,67.29098558,1
11:34:53,3.238,3.240555,66.85613394,67.28416085,1
11:34:54,3.238,3.240555,66.84945822,67.27734,1
11:34:55,3.238,3.240554,66.8427825,67.27051139,1
11:34:56,3.238,3.240554,66.83610678,67.26368666,1
11:34:57,3.238,3.240553,66.82943106,67.25686193,1
11:34:58,3.238,3.240553,66.82275534,67.25003719,1
11:34:59,3.238,3.240552,66.81607962,67.24321246,1
11:35:00,3.238,3.240552,66.8094039,67.23638773,1
11:35:01,3.238,3.240552,66.80272818,67.229563,1
11:35:02,3.238,3.240551,66.79605246,67.22273827,1
11:35:03,3.238,3.240551,66.78937674,67.21591353,1
11:35:04,3.238,3.240551,66.78270102,67.2090888,1
11:35:05,3.238,3.24055,66.7760253,67.20226407,1
11:35:06,3.238,3.24055,66.76934958,67.19543934,1
11:35:07,3.238,3.24055,66.76267385,67.18861461,1
11:35:08,3.238,3.240549,66.75599813,67.18178988,1
11:35:09,3.238,3.240549,66.74932241,67.17496514,1
11:35:10,3.238,3.240549,66.74264669,67.16814041,1
11:35:11,3.238,3.240548,66.73597097,67.16131568,1
11:35:12,3.238,3.240548,66.72929525,67.15449095,1
11:35:13,3.238,3.240547,66.72261953,67.14766622,1
11:35:14,3.238,3.240547,66.71594381,67.14084148,1
11:35:15,3.238,3.240546,66.70926809,67.13401675,1
11:35:16,3.238,3.240546,66.70259237,67.12719202,1
11:35:17,3.238,3.240546,66.69591665,67.12036729,1
11:35:18,3.238,3.240546,66.68924093,67.11354256,1
11:35:19,3.238,3.240545,66.68256521,67.10671782,1
11:35:20,3.238,3.240545,66.67588949,67.09989309,1
11:35:21,3.238,3.240545,66.66921377,67.09306836,1
11:35:22,3.238,3.240544,66.66253805,67.08624363,1
11:35:23,3.238,3.240544,66.65586233,67.0794189,1
11:35:24,3.238,3.240543,66.64918661,67.07259417,1
11:35:25,3.238,3.240543,66.64251089,67.06576943,1
11:35:26,3.238,3.240542,66.63583517,67.05894,1
11:35:27,3.238,3.240542,66.62915945,67.05211997,1
11:35:28,3.238,3.240542,66.62248373,67.04529524,1
11:35:29,3.238,3.240541,66.61580801,67.03847051,1
11:35:30,3.238,3.240541,66.60913229,67.03164577,1
11:35:31,3.238,3.240541,66.60245657,67.02482104,1
11:35:32,3.238,3.240541,66.59578085,67.01799631,1
11:35:33,3.238,3.24054,66.58910513,67.01117158,1
11:35:34,3.238,3.24054,66.58242941,67.00434685,1
11:35:35,3.238,3.240539,66.57575369,66.99752212,1
11:35:36,3.238,3.240539,66.56907797,66.99069738,1
11:35:37,3.238,3.240539,66.56240225,66.98387265,1
11:35:38,3.238,3.240538,66.55572653,66.97704792,1
11:35:39,3.238,3.240538,66.54905081,66.97022319,1
11:35:40,3.238,3.240537,66.54237509,66.96339846,1
11:35:41,3.238,3.240537,66.53569937,66.95657372,1
11:35:42,3.238,3.240537,66.52902365,66.94974899,1
11:35:43,3.238,3.240537,66.52234793,66.94292426,1
11:35:44,3.238,3.240536,66.51567221,66.93609953,1
11:35:45,3.238,3.240536,66.50899649,66.9292748,1
11:35:46,3.238,3.240535,66.50232077,66.92245007,1
11:35:47,3.238,3.240535,66.49564505,66.91562533,1
11:35:48,3.238,3.240535,66.48896933,66.9088006,1
11:35:49,3.238,3.240534,66.48229361,66.90197587,1
11:35:50,3.238,3.240534,66.47561789,66.89515114,1
11:35:51,3.238,3.240533,66.46894217,66.88832641,1
11:35:52,3.238,3.240533,66.46226645,66.88150167,1
11:35:53,3.238,3.240533,66.45559072,66.87467694,1
11:35:54,3.238,3.240532,66.448915,66.86785221,1
11:35:55,3.238,3.240532,66.44223928,66.86102748,1
11:35:56,3.238,3.240531,66.43556356,66.85420275,1
11:35:57,3.238,3.240531,66.42888784,66.84737802,1
11:35:58,3.238,3.240531,66.42221212,66.84055,1
11:35:59,3.238,3.240531,66.4155364,66.83372855,1
11:36:00,3.238,3.24053,66.40886068,66.82690382,1
11:36:01,3.238,3.24053,66.40218496,66.82007909,1
11:36:02,3.238,3.240529,66.39550924,66.81325436,1
11:36:03,3.238,3.240529,66.38883352,66.80642962,1
11:36:04,3.238,3.240529,66.3821578,66.79960489,1
11:36:05,3.238,3.240528,66.37548208,66.79278016,1
11:36:06,3.238,3.240528,66.36880636,66.78595543,1
11:36:07,3.238,3.240527,66.36213064,66.7791307,1
11:36:08,3.238,3.240527,66.35545492,66.77230597,1
11:36:09,3.238,3.240527,66.3487792,66.76548123,1
11:36:10,3.238,3.240527,66.34210348,66.7586565,1
11:36:11,3.238,3.240526,66.33542776,66.75183177,1
11:36:12,3.238,3.240526,66.32875204,66.74500704,1
11:36:13,3.238,3.240525,66.32207632,66.73818231,1
11:36:14,3.238,3.240525,66.3154006,66.73135757,1
11:36:15,3.238,3.240525,66.30872488,66.72453284,1
11:36:16,3.238,3.240524,66.30204916,66.71770811,1
11:36:17,3.238,3.240524,66.29537344,66.71088338,1
11:36:18,3.238,3.240523,66.28869772,66.70405865,1
11:36:19,3.238,3.240523,66.282022,66.69723392,1
11:36:20,3.238,3.240523,66.27534628,66.69040918,1
11:36:21,3.238,3.240522,66.26867056,66.68358445,1
11:36:22,3.238,3.240522,66.26199484,66.67675972,1
11:36:23,3.238,3.240522,66.25531912,66.66993499,1
11:36:24,3.238,3.240521,66.2486434,66.66311026,1
11:36:25,3.238,3.240521,66.24196768,66.65628552,1
11:36:26,3.238,3.24052,66.23529196,66.64946079,1
11:36:27,3.238,3.24052,66.22861624,66.64263606,1
11:36:28,3.238,3.24052,66.22194052,66.63581133,1
11:36:29,3.238,3.240519,66.2152648,66.6289866,1
11:36:30,3.238,3.240519,66.20858908,66.62216,1
11:36:31,3.238,3.240519,66.20191336,66.61533713,1
11:36:32,3.238,3.240518,66.19523764,66.6085124,1
11:36:33,3.238,3.240518,66.18856192,66.60168767,1
11:36:34,3.238,3.240517,66.1818862,66.59486294,1
11:36:35,3.238,3.240517,66.17521048,66.58803821,1
11:36:36,3.238,3.240517,66.16853476,66.58121347,1
11:36:37,3.238,3.240516,66.16185904,66.57438874,1
11:36:38,3.238,3.240516,66.15518332,66.56756401,1
11:36:39,3.238,3.240516,66.1485076,66.56073928,1
11:36:40,3.238,3.240515,66.14183187,66.55391455,1
11:36:41,3.238,3.240515,66.13515615,66.54708982,1
11:36:42,3.238,3.240515,66.12848043,66.54026508,1
11:36:43,3.238,3.240514,66.12180471,66.53344035,1
11:36:44,3.238,3.240514,66.11512899,66.52661562,1
11:36:45,3.238,3.240513,66.10845327,66.51979089,1
11:36:46,3.238,3.240513,66.10177755,66.51296616,1
11:36:47,3.238,3.240513,66.09510183,66.50614142,1
11:36:48,3.238,3.240512,66.08842611,66.49931669,1
11:36:49,3.238,3.240512,66.08175039,66.49249196,1
11:36:50,3.238,3.240512,66.07507467,66.48566723,1
11:36:51,3.238,3.240511,66.06839895,66.4788425,1
11:36:52,3.238,3.240511,66.06172323,66.47201777,1
11:36:53,3.238,3.24051,66.05504751,66.46519303,1
11:36:54,3.238,3.24051,66.04837179,66.4583683,1
11:36:55,3.238,3.24051,66.04169607,66.45154357,1
11:36:56,3.238,3.24051,66.03502035,66.44471884,1
11:36:57,3.238,3.240509,66.02834463,66.43789411,1
11:36:58,3.238,3.240509,66.02166891,66.43106937,1
11:36:59,3.238,3.240508,66.01499319,66.42424464,1
11:37:00,3.238,3.240508,66.00831747,66.41741991,1
11:37:01,3.238,3.240507,66.00164175,66.41059518,1
11:37:02,3.238,3.240507,65.99496603,66.40377,1
11:37:03,3.238,3.240507,65.98829031,66.39694571,1
11:37:04,3.238,3.240506,65.98161459,66.39012098,1
11:37:05,3.238,3.240506,65.97493887,66.38329625,1
11:37:06,3.238,3.240505,65.96826315,66.37647152,1
11:37:07,3.238,3.240505,65.96158743,66.36964679,1
11:37:08,3.238,3.240505,65.95491171,66.36282206,1
11:37:09,3.238,3.240505,65.94823599,66.35599732,1
11:37:10,3.238,3.240504,65.94156027,66.34917259,1
11:37:11,3.237,3.240504,65.93488455,66.34228826,1
11:37:12,3.238,3.240256,65.92820883,66.33547544,1
11:37:13,3.238,3.240324,65.92153311,66.32866263,1
11:37:14,3.238,3.240373,65.91485739,66.32184386,1
11:37:15,3.238,3.240408,65.90818167,66.31502509,1
11:37:16,3.237,3.240433,65.90150595,66.30814672,1
11:37:17,3.237,3.240205,65.89483023,66.30128026,1
11:37:18,3.238,3.240039,65.88815451,66.29448533,1
11:37:19,3.238,3.240165,65.88147879,66.28767848,1
11:37:20,3.237,3.240257,65.87480307,66.28080606,1
11:37:21,3.238,3.240076,65.86812735,66.27400517,1
11:37:22,3.237,3.240192,65.86145163,66.26713872,1
11:37:23,3.238,3.240029,65.85477591,66.26034379,1
11:37:24,3.237,3.240158,65.84810019,66.25347733,1
11:37:25,3.237,3.240004,65.84142447,66.2466228,1
11:37:26,3.237,3.239892,65.83474874,66.23977423,1
11:37:27,3.237,3.239811,65.82807302,66.23293161,1
11:37:28,3.237,3.239752,65.8213973,66.226089,1
11:37:29,3.237,3.239709,65.81472158,66.21925235,1
11:37:30,3.237,3.239678,65.80804586,66.2124157,1
11:37:31,3.237,3.239655,65.80137014,66.20557904,1
11:37:32,3.237,3.239638,65.79469442,66.19874835,1
11:37:33,3.237,3.239626,65.7880187,66.19191766,1
11:37:34,3.237,3.239617,65.78134298,66.18508697,1
11:37:35,3.237,3.23961,65.77466726,66.17825627,1
11:37:36,3.237,3.239605,65.76799154,66.17142558,1
11:37:37,3.237,3.239602,65.76131582,66.16459489,1
11:37:38,3.237,3.239599,65.7546401,66.1577642,1
11:37:39,3.237,3.239597,65.74796438,66.1509335,1
11:37:40,3.237,3.239595,65.74128866,66.14410281,1
11:37:41,3.237,3.239594,65.73461294,66.13727212,1
11:37:42,3.237,3.239593,65.72793722,66.13044143,1
11:37:43,3.237,3.239592,65.7212615,66.12361073,1
11:37:44,3.237,3.239591,65.71458578,66.11678004,1
11:37:45,3.237,3.239591,65.70791006,66.10994935,1
11:37:46,3.237,3.23959,65.70123434,66.10311866,1
11:37:47,3.237,3.23959,65.69455862,66.09628797,1
11:37:48,3.237,3.239589,65.6878829,66.08945727,1
11:37:49,3.237,3.239589,65.68120718,66.08262658,1
11:37:50,3.237,3.239588,65.67453146,66.07579589,1
11:37:51,3.237,3.239588,65.66785574,66.0689652,1
11:37:52,3.237,3.239588,65.66118002,66.0621345,1
11:37:53,3.237,3.239587,65.6545043,66.05530381,1
11:37:54,3.237,3.239587,65.64782858,66.04847312,1
11:37:55,3.237,3.239586,65.64115286,66.04164243,1
11:37:56,3.237,3.239586,65.63447714,66.03481174,1
11:37:57,3.237,3.239586,65.62780142,66.02798104,1
11:37:58,3.237,3.239585,65.6211257,66.02115035,1
11:37:59,3.237,3.239585,65.61444998,66.01431966,1
11:38:00,3.237,3.239584,65.60777426,66.00748897,1
11:38:01,3.237,3.239584,65.60109854,66.00065827,1
11:38:02,3.237,3.239584,65.59442282,65.99382758,1
11:38:03,3.237,3.239583,65.5877471,65.98699689,1
11:38:04,3.237,3.239583,65.58107138,65.9801662,1
11:38:05,3.237,3.239583,65.57439566,65.9733355,1
11:38:06,3.237,3.239582,65.56771994,65.96650481,1
11:38:07,3.237,3.239582,65.56104422,65.95967412,1
11:38:08,3.237,3.239582,65.5543685,65.95284343,1
11:38:09,3.237,3.239581,65.54769278,65.94601274,1
11:38:10,3.237,3.239581,65.54101706,65.93918204,1
11:38:11,3.237,3.23958,65.53434134,65.93235135,1
11:38:12,3.237,3.23958,65.52766562,65.92552066,1
11:38:13,3.237,3.23958,65.52098989,65.91868997,1
11:38:14,3.237,3.23958,65.51431417,65.91185927,1
11:38:15,3.237,3.239579,65.50763845,65.90502858,1
11:38:16,3.237,3.239579,65.50096273,65.89819789,1
11:38:17,3.237,3.239583,65.49428701,65.8913672,1
11:38:18,3.237,3.239584,65.48761129,65.8845365,1
11:38:19,3.237,3.239586,65.48093557,65.87770581,1
11:38:20,3.237,3.239586,65.47425985,65.87087512,1
11:38:21,3.237,3.239587,65.46758413,65.86404443,1
11:38:22,3.237,3.239586,65.46090841,65.85721374,1
11:38:23,3.237,3.239586,65.45423269,65.85038304,1
11:38:24,3.237,3.239586,65.44755697,65.84355235,1
11:38:25,3.237,3.239586,65.44088125,65.83672166,1
11:38:26,3.236,3.239585,65.43420553,65.82983136,1
11:38:27,3.236,3.239338,65.42752981,65.82295299,1
11:38:28,3.236,3.239158,65.42085409,65.81608653,1
11:38:29,3.236,3.239028,65.41417837,65.80922604,1
11:38:30,3.236,3.238933,65.40750265,65.8023715,1
11:38:31,3.236,3.238864,65.40082693,65.79552293,1
11:38:32,3.236,3.238813,65.39415121,65.78868032,1
11:38:33,3.236,3.238777,65.38747549,65.7818377,1
11:38:34,3.236,3.23875,65.38079977,65.77499509,1
11:38:35,3.236,3.23873,65.37412405,65.76815248,1
11:38:36,3.236,3.238716,65.36744833,65.76131582,1
11:38:37,3.236,3.238705,65.36077261,65.75447917,1
11:38:38,3.236,3.238698,65.35409689,65.74764,1
11:38:39,3.235,3.238692,65.34742117,65.74074626,1
11:38:40,3.235,3.23844,65.34074545,65.73386192,1
11:38:41,3.235,3.238258,65.33406973,65.72698951,1
11:38:42,3.235,3.238125,65.32739401,65.72012305,1
11:38:43,3.235,3.238029,65.32071829,65.71326256,1
11:38:44,3.235,3.237958,65.31404257,65.70640802,1
11:38:45,3.235,3.237907,65.30736685,65.69955945,1
11:38:46,3.235,3.23787,65.30069113,65.69271,1
11:38:47,3.235,3.237842,65.29401541,65.6858623,1
11:38:48,3.235,3.237822,65.28733969,65.67901969,1
11:38:49,3.235,3.237808,65.28066397,65.67217708,1
11:38:50,3.235,3.237797,65.27398825,65.66533446,1
11:38:51,3.235,3.237789,65.26731253,65.65849185,1
11:38:52,3.235,3.237782,65.26063681,65.65164924,1
11:38:53,3.235,3.237778,65.25396109,65.64480662,1
11:38:54,3.235,3.237775,65.24728537,65.63796401,1
11:38:55,3.235,3.237772,65.24060965,65.6311214,1
11:38:56,3.234,3.23777,65.23393393,65.62421918,1
11:38:57,3.234,3.237521,65.22725821,65.61733484,1
11:38:58,3.234,3.23734,65.22058249,65.61045647,1
11:38:59,3.234,3.237209,65.21390676,65.60359001,1
11:39:00,3.234,3.237113,65.20723104,65.59672952,1
11:39:01,3.234,3.237044,65.20055532,65.58986902,1
11:39:02,3.233,3.236993,65.1938796,65.58295488,1
11:39:03,3.234,3.236709,65.18720388,65.57611823,1
11:39:04,3.233,3.23675,65.18052816,65.56921601,1
11:39:05,3.233,3.236532,65.17385244,65.56232572,1
11:39:06,3.233,3.236374,65.16717672,65.55544734,1
11:39:07,3.233,3.236259,65.160501,65.54857492,1
11:39:08,3.233,3.236176,65.15382528,65.54170847,1
11:39:09,3.233,3.236115,65.14714956,65.53484797,1
11:39:10,3.233,3.23607,65.14047384,65.52798748,1
11:39:11,3.233,3.236038,65.13379812,65.52112699,1
11:39:12,3.233,3.236014,65.1271224,65.51427245,1
11:39:13,3.232,3.235997,65.12044668,65.50735831,1
11:39:14,3.233,3.235737,65.11377096,65.5005157,1
11:39:15,3.232,3.235795,65.10709524,65.49361348,1
11:39:16,3.232,3.23559,65.10041952,65.48672318,1
11:39:17,3.232,3.235441,65.0937438,65.47983885,1
11:39:18,3.232,3.235333,65.08706808,65.47296047,1
11:39:19,3.232,3.235254,65.08039236,65.46608806,1
11:39:20,3.232,3.235197,65.07371664,65.4592216,1
11:39:21,3.232,3.235155,65.06704092,65.45235515,1
11:39:22,3.232,3.235124,65.0603652,65.44549465,1
11:39:23,3.232,3.235102,65.05368948,65.43863416,1
11:39:24,3.232,3.235085,65.04701376,65.43177366,1
11:39:25,3.232,3.235073,65.04033804,65.42491317,1
11:39:26,3.232,3.235064,65.03366232,65.41805,1
11:39:27,3.244999,3.249768,65.03366232,65.41776657,1
11:39:28,3.244999,3.249654,65.03366232,65.41748643,1
11:39:29,3.251,3.249571,65.03366232,65.41756988,1
11:39:30,3.252,3.250993,65.03366232,65.41762948,1
11:39:31,3.252,3.252273,65.03366232,65.4176116,1
11:39:32,3.252,3.253202,65.03366232,65.41754007,1
11:39:33,3.253,3.253876,65.03366232,65.41748643,1
11:39:34,3.253,3.254613,65.03366232,65.41739106,1
11:39:35,3.253,3.255147,65.03366232,65.41725993,1
11:39:36,3.253,3.255536,65.03366232,65.41710496,1
11:39:37,3.253,3.255817,65.03366232,65.41693807,1
11:39:38,3.253,3.256021,65.03366232,65.41675925,1
11:39:39,3.253,3.25617,65.03366232,65.41656852,1
11:39:40,3.253,3.256278,65.03366232,65.41637182,1
11:39:41,3.253,3.256356,65.03366232,65.41616917,1
11:39:42,3.254,3.256413,65.03366232,65.41602612,1
11:39:43,3.255,3.256701,65.03366232,65.41592479,1
11:39:44,3.256,3.257157,65.03366232,65.41585326,1
11:39:45,3.258,3.257736,65.03366232,65.41587114,1
11:39:46,3.258999,3.25865,65.03366232,65.41589499,1
11:39:47,3.258999,3.25956,65.03366232,65.41585922,1
11:39:48,3.258999,3.260221,65.03366232,65.4157877,1
11:39:49,3.258999,3.260701,65.03366232,65.41568637,1
11:39:50,3.258999,3.261049,65.03366232,65.4155612,1
11:39:51,3.258999,3.261302,65.03366232,65.41542411,1
11:39:52,3.258999,3.261485,65.03366232,65.4152751,1
11:39:53,3.258999,3.261619,65.03366232,65.41512012,1
11:39:54,3.258999,3.261715,65.03366232,65.41495919,1
11:39:55,3.258999,3.261785,65.03366232,65.4147923,1
11:39:56,3.258999,3.261836,65.03366232,65.41462,1
11:39:57,3.258999,3.261873,65.03366232,65.41444659,1
11:39:58,3.26,3.2619,65.03366232,65.41433334,1
11:39:59,3.26,3.262167,65.03366232,65.41420221,1
11:40:00,3.26,3.26236,65.03366232,65.41405916,1
11:40:01,3.26,3.262501,65.03366232,65.41391015,1
11:40:02,3.26,3.262603,65.03366232,65.41375518,1
11:40:03,3.26,3.262677,65.03366232,65.41359425,1
11:40:04,3.26,3.262731,65.03366232,65.41342735,1
11:40:05,3.26,3.26277,65.03366232,65.41326046,1
11:40:06,3.26,3.262798,65.03366232,65.41309,1
11:40:07,3.26,3.262819,65.03366232,65.41292667,1
11:40:08,3.26,3.262834,65.03366232,65.41275382,1
11:40:09,3.26,3.262844,65.03366232,65.41258097,1
11:40:10,3.26,3.262852,65.03366232,65.41240811,1
11:40:11,3.26,3.262858,65.03366232,65.41223526,1
11:40:12,3.26,3.262862,65.03366232,65.41206241,1
11:40:13,3.26,3.262865,65.03366232,65.41188955,1
11:40:14,3.26,3.262867,65.03366232,65.4117167,1
11:40:15,3.26,3.262869,65.03366232,65.41154385,1
11:40:16,3.26,3.26287,65.03366232,65.41137099,1
11:40:17,3.26,3.262871,65.03366232,65.41119814,1
11:40:18,3.26,3.262871,65.03366232,65.41102529,1
11:40:19,3.26,3.262872,65.03366232,65.41085243,1
11:40:20,3.26,3.262872,65.03366232,65.41067958,1
11:40:21,3.26,3.262872,65.03366232,65.41050673,1
11:40:22,3.26,3.262872,65.03366232,65.41033387,1
11:40:23,3.26,3.262872,65.03366232,65.41016102,1
11:40:24,3.26,3.262872,65.03366232,65.40998816,1
11:40:25,3.26,3.262872,65.03366232,65.40981531,1
11:40:26,3.26,3.262873,65.03366232,65.40964246,1
11:40:27,3.26,3.262872,65.03366232,65.40947,1
11:40:28,3.26,3.262872,65.03366232,65.40929675,1
11:40:29,3.237,3.233454,65.02030492,65.39615393,1
11:40:30,3.232,3.234416,65.00694752,65.38265347,1
11:40:31,3.230999,3.233879,64.99359012,65.36912322,1
11:40:32,3.23,3.233242,64.98023272,65.35556912,1
11:40:33,3.23,3.232532,64.96687531,65.34205675,1
11:40:34,3.226,3.232017,64.95351791,65.32833576,1
11:40:35,3.225,3.230654,64.94016051,65.31463861,1
11:40:36,3.224,3.229418,64.92680311,65.30095339,1
11:40:37,3.224,3.228273,64.91344571,65.28733969,1
11:40:38,3.224,3.227442,64.90008831,65.27377367,1
11:40:39,3.223,3.226839,64.88673091,65.26018381,1
11:40:40,3.223,3.226153,64.87337351,65.24663568,1
11:40:41,3.222,3.225655,64.86001611,65.23305774,1
11:40:42,3.22,3.225047,64.84665871,65.21939635,1
11:40:43,3.219,3.224111,64.83330131,65.20572901,1
11:40:44,3.217,3.223184,64.8199439,65.19200206,1
11:40:45,3.216,3.222016,64.8065865,65.17828107,1
11:40:46,3.216,3.220921,64.7932291,65.16462564,1
11:40:47,3.216,3.220125,64.7798717,65.1510179,1
11:40:48,3.216,3.219548,64.7665143,65.13744593,1
11:40:49,3.216,3.219129,64.7531569,65.12389779,1
11:40:50,3.215,3.218824,64.7398,65.11030793,1
11:40:51,3.216,3.218356,64.7264421,65.09680748,1
11:40:52,3.215,3.218262,64.7130847,65.08325338,1
11:40:53,3.215,3.217947,64.6997273,65.06971717,1
11:40:54,3.215,3.217718,64.6863699,65.05619884,1
11:40:55,3.215,3.217552,64.6730125,65.04269,1
11:40:56,3.215,3.217431,64.65965509,65.02918601,1
11:40:57,3.215,3.217343,64.64629769,65.01568556,1
11:40:58,3.214,3.217279,64.63294029,65.00213146,1
11:40:59,3.213,3.216987,64.61958289,64.98853564,1
11:41:00,3.212,3.216528,64.60622549,64.97490406,1
11:41:01,3.212,3.215947,64.59286809,64.96130824,1
11:41:02,3.211,3.215525,64.57951069,64.94768262,1
11:41:03,3.211,3.214972,64.56615329,64.9340868,1
11:41:04,3.21,3.21457,64.55279589,64.92045522,1
11:41:05,3.21,3.21403,64.53943849,64.9068594,1
11:41:06,3.209,3.213638,64.52608109,64.89322186,1
11:41:07,3.209,3.213106,64.51272368,64.87962008,1
11:41:08,3.209,3.21272,64.49936628,64.86604214,1
11:41:09,3.209,3.212439,64.48600888,64.85247612,1
11:41:10,3.209,3.212235,64.47265148,64.83892798,1
11:41:11,3.209,3.212087,64.45929408,64.82538581,1
11:41:12,3.209,3.211979,64.44593668,64.81184959,1
11:41:13,3.209,3.2119,64.43257928,64.79831934,1
11:41:14,3.209,3.211843,64.41922188,64.78479505,1
11:41:15,3.209,3.211801,64.40586448,64.77127,1
11:41:16,3.208,3.211771,64.39250708,64.75768685,1
11:41:17,3.209,3.211501,64.37914968,64.74418044,1
11:41:18,3.209,3.211553,64.36579227,64.73066807,1
11:41:19,3.209,3.21159,64.35243487,64.71715569,1
11:41:20,3.209,3.211616,64.33907747,64.70364332,1
11:41:21,3.208,3.211635,64.32572007,64.69007134,1
11:41:22,3.208,3.211402,64.31236,64.67651129,1
11:41:23,3.208,3.211232,64.29900527,64.66296315,1
11:41:24,3.208,3.211108,64.28564787,64.64942098,1
11:41:25,3.208,3.211019,64.27229047,64.63588476,1
11:41:26,3.208,3.210953,64.25893307,64.62234855,1
11:41:27,3.208,3.210906,64.24557567,64.60881829,1
11:41:28,3.208,3.210871,64.23221827,64.59528804,1
11:41:29,3.208,3.210845,64.21886086,64.58176374,1
11:41:30,3.208,3.210826,64.20550346,64.56823945,1
11:41:31,3.208,3.210813,64.19214606,64.55471516,1
11:41:32,3.208,3.210802,64.17878866,64.54119086,1
11:41:33,3.207,3.210795,64.16543126,64.52760696,1
11:41:34,3.207,3.210541,64.15207386,64.51404095,1
11:41:35,3.207,3.210357,64.13871646,64.50048685,1
11:41:36,3.206,3.210223,64.12535906,64.48687911,1
11:41:37,3.206,3.209878,64.11200166,64.47328925,1
11:41:38,3.206,3.209627,64.09864426,64.45971727,1
11:41:39,3.205,3.209445,64.08528686,64.44609761,1
11:41:40,3.205,3.209065,64.07192945,64.43250179,1
11:41:41,3.205,3.208789,64.05857205,64.41891789,1
11:41:42,3.205,3.208588,64.04521465,64.40534592,1
11:41:43,3.204,3.208442,64.03185725,64.39172626,1
11:41:44,3.204,3.208088,64.01849985,64.37812448,1
11:41:45,3.204,3.207831,64.00514245,64.36454058,1
11:41:46,3.204,3.207644,63.99178505,64.3509686,1
11:41:47,3.204,3.207508,63.97842765,64.33740258,1
11:41:48,3.204,3.207409,63.96507025,64.32384253,1
11:41:49,3.204,3.207337,63.95171285,64.31028843,1
11:41:50,3.204,3.207284,63.93835545,64.29673433,1
11:41:51,3.204,3.207246,63.92499804,64.2831862,1
11:41:52,3.203,3.207217,63.91164064,64.26957846,1
11:41:53,3.203,3.206949,63.89828324,64.2559886,1
11:41:54,3.203,3.206754,63.88493,64.24241066,1
11:41:55,3.203,3.206612,63.87156844,64.22883868,1
11:41:56,3.203,3.206508,63.85821104,64.21527267,1
11:41:57,3.203,3.206433,63.84485364,64.20171261,1
11:41:58,3.202,3.206378,63.83149624,64.18809891,1
11:41:59,3.202,3.20609,63.81813884,64.17449713,1
11:42:00,3.202,3.205881,63.80478144,64.16091323,1
11:42:01,3.202,3.205729,63.79142404,64.14733529,1
11:42:02,3.202,3.205618,63.77806664,64.13376331,1
11:42:03,3.202,3.205537,63.76470923,64.1201973,1
11:42:04,3.202,3.205479,63.75135183,64.10663724,1
11:42:05,3.202,3.205436,63.73799443,64.09307718,1
11:42:06,3.202,3.205404,63.72463703,64.07951713,1
11:42:07,3.202,3.205381,63.71127963,64.06596303,1
11:42:08,3.202,3.205364,63.69792223,64.05240893,1
11:42:09,3.202,3.205352,63.68456483,64.03885484,1
11:42:10,3.202,3.205342,63.67121,64.02530074,1
11:42:11,3.202,3.205335,63.65785003,64.01174664,1
11:42:12,3.202,3.205329,63.64449263,63.99819255,1
11:42:13,3.202,3.205325,63.63113523,63.98463845,1
11:42:14,3.202,3.205322,63.61777782,63.97108436,1
11:42:15,3.202,3.20532,63.60442042,63.95753026,1
11:42:16,3.202,3.205317,63.59106302,63.94397616,1
11:42:17,3.202,3.205316,63.57770562,63.93042207,1
11:42:18,3.202,3.205314,63.56434822,63.91686797,1
11:42:19,3.202,3.205312,63.55099082,63.90331388,1
11:42:20,3.202,3.205311,63.53763342,63.88975978,1
11:42:21,3.202,3.20531,63.52427602,63.87620568,1
11:42:22,3.202,3.205309,63.51091862,63.86265159,1
11:42:23,3.202,3.205308,63.49756122,63.84909749,1
11:42:24,3.202,3.205307,63.48420382,63.83554339,1
11:42:25,3.202,3.205306,63.47084641,63.8219893,1
11:42:26,3.202,3.205305,63.45749,63.8084352,1
11:42:27,3.202,3.205304,63.44413161,63.79488111,1
11:42:28,3.202,3.205303,63.43077421,63.78132701,1
11:42:29,3.202,3.205302,63.41741681,63.76777887,1
11:42:30,3.202,3.205301,63.40405941,63.75423074,1
11:42:31,3.202,3.2053,63.39070201,63.7406826,1
11:42:32,3.202,3.205299,63.37734461,63.72713447,1
11:42:33,3.202,3.205298,63.36398721,63.71358633,1
11:42:34,3.202,3.205298,63.35062981,63.70003819,1
11:42:35,3.202,3.205296,63.33727241,63.68649006,1
11:42:36,3.202,3.205296,63.323915,63.67294192,1
11:42:37,3.202,3.205295,63.3105576,63.65939379,1
11:42:38,3.202,3.205294,63.2972002,63.64584565,1
11:42:39,3.202,3.205293,63.2838428,63.6323,1
11:42:40,3.202,3.205292,63.2704854,63.61874938,1
11:42:41,3.202,3.205291,63.257128,63.60520124,1
11:42:42,3.202,3.20529,63.24377,63.59165311,1
11:42:43,3.202,3.205289,63.2304132,63.57810497,1
11:42:44,3.202,3.205288,63.2170558,63.56455684,1
11:42:45,3.201,3.205287,63.2036984,63.55095,1
11:42:46,3.201,3.205038,63.190341,63.53735328,1
11:42:47,3.201,3.204857,63.17698359,63.52377,1
11:42:48,3.202,3.204726,63.16362619,63.51025105,1
11:42:49,3.201,3.204878,63.15026879,63.49666715,1
11:42:50,3.202,3.20474,63.13691139,63.48314881,1
11:42:51,3.202,3.204888,63.12355399,63.46962452,1
11:42:52,3.202,3.204995,63.11019659,63.45609426,1
11:42:53,3.201,3.205072,63.09683919,63.44249845,1
11:42:54,3.201,3.20488,63.08348179,63.42891455,1
11:42:55,3.201,3.20474,63.07012439,63.41534,1
11:42:56,3.201,3.204639,63.05676699,63.40176463,1
11:42:57,3.201,3.204564,63.04340959,63.38819861,1
11:42:58,3.201,3.20451,63.03005,63.37463856,1
11:42:59,3.201,3.204471,63.01669478,63.3610785,1
11:43:00,3.201,3.204442,63.00333738,63.34751844,1
11:43:01,3.201,3.204421,62.98997998,63.33396435,1
11:43:02,3.201,3.204405,62.97662258,63.32041025,1
11:43:03,3.201,3.204393,62.96326518,63.30685616,1
11:43:04,3.201,3.204385,62.94990778,63.29330206,1
11:43:05,3.201,3.204378,62.93655038,63.27974796,1
11:43:06,3.201,3.204373,62.92319298,63.26619387,1
11:43:07,3.201,3.204369,62.90983558,63.25264,1
11:43:08,3.201,3.204365,62.89647818,63.23908567,1
11:43:09,3.201,3.204363,62.88312078,63.22553158,1
11:43:10,3.201,3.204361,62.86976337,63.21197748,1
11:43:11,3.201,3.204359,62.85640597,63.19842339,1
11:43:12,3.201,3.204358,62.84304857,63.18486929,1
11:43:13,3.201,3.204356,62.82969117,63.17131519,1
11:43:14,3.201,3.204355,62.81633,63.1577611,1
11:43:15,3.201,3.204354,62.80297637,63.14421,1
11:43:16,3.201,3.204353,62.78961897,63.1306529,1
11:43:17,3.201,3.204352,62.77626157,63.11709881,1
11:43:18,3.201,3.204351,62.76290417,63.10354471,1
11:43:19,3.201,3.20435,62.74954677,63.08999062,1
11:43:20,3.201,3.204349,62.73618937,63.07643652,1
11:43:21,3.2,3.204348,62.72283196,63.06282878,1
11:43:22,3.2,3.204099,62.70947456,63.04923296,1
11:43:23,3.2,3.203917,62.69611716,63.03564906,1
11:43:24,3.2,3.203786,62.68275976,63.02207112,1
11:43:25,3.2,3.20369,62.66940236,63.0085,1
11:43:26,3.2,3.203619,62.65604496,62.99493313,1
11:43:27,3.2,3.203568,62.64268756,62.98136711,1
11:43:28,3.199,3.203531,62.62933016,62.96774745,1
11:43:29,3.224,3.231562,62.62933016,62.96731234,1
11:43:30,3.224,3.231126,62.62933016,62.96690106,1
11:43:31,3.23,3.230809,62.62933016,62.96685338,1
11:43:32,3.230999,3.23207,62.62933016,62.96679378,1
11:43:33,3.230999,3.233235,62.62933016,62.96666265,1
11:43:34,3.230999,3.23408,62.62933016,62.96648383,1
11:43:35,3.230999,3.234694,62.62933016,62.96626925,1
11:43:36,3.232,3.23514,62.62933016,62.96609044,1
11:43:37,3.236,3.235712,62.62933016,62.96610832,1
11:43:38,3.237,3.237122,62.62933016,62.96610236,1
11:43:39,3.238,3.238394,62.62933016,62.96607852,1
11:43:40,3.238,3.239567,62.62933016,62.96598911,1
11:43:41,3.238,3.240418,62.62933016,62.96585202,1
11:43:42,3.238,3.241036,62.62933016,62.96568,1
11:43:43,3.238,3.241485,62.62933016,62.96547651,1
11:43:44,3.238,3.241811,62.62933016,62.96525598,1
11:43:45,3.238,3.242048,62.62933016,62.96502352,1
11:43:46,3.238,3.24222,62.62933016,62.96477914,1
11:43:47,3.239,3.242345,62.62933016,62.9645884,1
11:43:48,3.242,3.242684,62.62933016,62.96454668,1
11:43:49,3.244,3.243676,62.62933016,62.96456456,1
11:43:50,3.244999,3.244893,62.62933016,62.96457052,1
11:43:51,3.244999,3.246025,62.62933016,62.96451092,1
11:43:52,3.244999,3.246847,62.62933016,62.96440363,1
11:43:53,3.244999,3.247445,62.62933016,62.96426058,1
11:43:54,3.244999,3.247878,62.62933016,62.96409369,1
11:43:55,3.244999,3.248193,62.62933016,62.96390891,1
11:43:56,3.244999,3.248422,62.62933016,62.96371222,1
11:43:57,3.244999,3.248588,62.62933016,62.9635036,1
11:43:58,3.244999,3.248708,62.62933016,62.96328902,1
11:43:59,3.244999,3.248796,62.62933016,62.96306849,1
11:44:00,3.244999,3.248859,62.62933016,62.96284199,1
11:44:01,3.244999,3.248905,62.62933016,62.96261549,1
11:44:02,3.244999,3.248939,62.62933016,62.96238899,1
11:44:03,3.244999,3.248963,62.62933016,62.96215653,1
11:44:04,3.244999,3.248981,62.62933016,62.96192408,1
11:44:05,3.244999,3.248994,62.62933016,62.96169162,1
11:44:06,3.244999,3.249003,62.62933016,62.96145916,1
11:44:07,3.244999,3.24901,62.62933016,62.9612267,1
11:44:08,3.244999,3.249015,62.62933016,62.96099424,1
11:44:09,3.244999,3.249018,62.62933016,62.96076179,1
11:44:10,3.244999,3.249021,62.62933016,62.96053,1
11:44:11,3.244999,3.249023,62.62933016,62.96029687,1
11:44:12,3.244999,3.249024,62.62933016,62.96006441,1
11:44:13,3.244999,3.249025,62.62933016,62.95983195,1
11:44:14,3.244999,3.249026,62.62933016,62.95959949,1
11:44:15,3.244999,3.249026,62.62933016,62.95936704,1
11:44:16,3.244999,3.249026,62.62933016,62.95913458,1
11:44:17,3.246,3.249027,62.62933016,62.95896173,1
11:44:18,3.247,3.249276,62.62933016,62.9588306,1
11:44:19,3.248001,3.249705,62.62933016,62.95872927,1
11:44:20,3.249,3.250265,62.62933016,62.95865774,1
11:44:21,3.249,3.250921,62.62933016,62.95854449,1
11:44:22,3.25,3.251396,62.62933016,62.95846105,1
11:44:23,3.251,3.25199,62.62933016,62.95840144,1
11:44:24,3.251,3.25267,62.62933016,62.95830607,1
11:44:25,3.252,3.253164,62.62933016,62.95824,1
11:44:26,3.252,3.253771,62.62933016,62.95813918,1
11:44:27,3.252,3.254212,62.62933016,62.95800805,1
11:44:28,3.252,3.254532,62.62933016,62.95786,1
11:44:29,3.252,3.254765,62.62933016,62.95769811,1
11:44:30,3.252,3.254934,62.62933016,62.95752525,1
11:44:31,3.252,3.255056,62.62933016,62.95734644,1
11:44:32,3.252,3.255145,62.62933016,62.95716166,1
11:44:33,3.252,3.25521,62.62933016,62.95697689,1
11:44:34,3.252,3.255257,62.62933016,62.95678616,1
11:44:35,3.252,3.255291,62.62933016,62.95659542,1
11:44:36,3.252,3.255316,62.62933016,62.95640469,1
11:44:37,3.252,3.255334,62.62933016,62.95620799,1
11:44:38,3.252,3.255347,62.62933016,62.9560113,1
11:44:39,3.252,3.255356,62.62933016,62.9558146,1
11:44:40,3.252,3.255363,62.62933016,62.9556179,1
11:44:41,3.253,3.255368,62.62933016,62.95548081,1
11:44:42,3.252,3.25562,62.62933016,62.9552722,1
11:44:43,3.252,3.255555,62.62933016,62.95506358,1
11:44:44,3.253,3.255507,62.62933016,62.95491457,1
11:44:45,3.253,3.255721,62.62933016,62.95475364,1
11:44:46,3.253,3.255876,62.62933016,62.95458674,1
11:44:47,3.252,3.255989,62.62933016,62.95435429,1
11:44:48,3.253,3.255823,62.62933016,62.95418739,1
11:44:49,3.253,3.25595,62.62933016,62.95401454,1
11:44:50,3.253,3.256043,62.62933016,62.95383573,1
11:44:51,3.253,3.25611,62.62933016,62.95365691,1
11:44:52,3.253,3.256159,62.62933016,62.95347,1
11:44:53,3.253,3.256194,62.62933016,62.95328736,1
11:44:54,3.253,3.25622,62.62933016,62.95309663,1
11:44:55,3.253,3.256239,62.62933016,62.95290589,1
11:44:56,3.253,3.256252,62.62933016,62.95271516,1
11:44:57,3.253,3.256262,62.62933016,62.95252442,1
11:44:58,3.253,3.256269,62.62933016,62.95233369,1
11:44:59,3.253,3.256274,62.62933016,62.95214295,1
11:45:01,3.253,3.256278,62.62933016,62.95195222,1
11:45:01,3.253,3.256281,62.62933016,62.95176148,1
11:45:02,3.253,3.256283,62.62933016,62.95157075,1
11:45:03,3.253,3.256284,62.62933016,62.95138001,1
11:45:04,3.253,3.256285,62.62933016,62.95118928,1
11:45:05,3.253,3.256286,62.62933016,62.95099854,1
11:45:06,3.253,3.256286,62.62933016,62.95080781,1
11:45:07,3.253,3.256287,62.62933016,62.95061707,1
11:45:08,3.253,3.256287,62.62933016,62.95042634,1
11:45:09,3.253,3.256288,62.62933016,62.95023561,1
11:45:10,3.253,3.256288,62.62933016,62.95004487,1
11:45:11,3.253,3.256288,62.62933016,62.94985414,1
11:45:12,3.253,3.256288,62.62933016,62.9496634,1
11:45:13,3.253,3.256288,62.62933016,62.94947267,1
11:45:14,3.253,3.256288,62.62933016,62.94928193,1
11:45:15,3.253,3.256288,62.62933016,62.9490912,1
11:45:16,3.253,3.256288,62.62933016,62.94890046,1
11:45:17,3.253,3.256288,62.62933016,62.94870973,1
11:45:18,3.253,3.256288,62.62933016,62.94851899,1
11:45:19,3.253,3.256288,62.62933016,62.94832826,1
11:45:20,3.253,3.256288,62.62933016,62.94813752,1
11:45:21,3.253,3.256288,62.62933016,62.94794679,1
11:45:23,3.253,3.256288,62.62933016,62.94775605,1
11:45:23,3.253,3.256288,62.62933016,62.94756532,1
11:45:24,3.253,3.256288,62.62933016,62.94737458,1
11:45:25,3.253,3.256288,62.62933016,62.94718385,1
11:45:27,3.253,3.256288,62.62933016,62.94699311,1
11:45:27,3.253,3.256288,62.62933016,62.94680238,1
11:45:28,3.253,3.256288,62.62933016,62.94661164,1
11:45:29,3.253,3.256288,62.62933016,62.94642091,1
11:45:30,3.253,3.256287,62.62933016,62.94623017,1
11:45:32,3.253,3.256288,62.62933016,62.94603944,1
11:45:32,3.253,3.256288,62.62933016,62.9458487,1
11:45:33,3.253,3.256288,62.62933016,62.94565797,1
11:45:34,3.253,3.256288,62.62933016,62.94546723,1
11:45:36,3.253,3.256288,62.62933016,62.9452765,1
11:45:36,3.253,3.256287,62.62933016,62.94508576,1
11:45:38,3.253,3.256287,62.62933016,62.94489503,1
11:45:38,3.253,3.256287,62.62933016,62.94470429,1
11:45:40,3.253,3.256287,62.62933016,62.94451356,1
11:45:41,3.253,3.256287,62.62933016,62.94432282,1
11:45:41,3.253,3.256287,62.62933016,62.94413209,1
11:45:42,3.253,3.256287,62.62933016,62.94394135,1
11:45:44,3.253,3.256287,62.62933016,62.94375062,1
11:45:45,3.253,3.256287,62.62933016,62.94355989,1
11:45:45,3.253,3.256287,62.62933016,62.94336915,1
11:45:46,3.253,3.256287,62.62933016,62.94317842,1
11:45:47,3.253,3.256287,62.62933016,62.94298768,1
11:45:49,3.253,3.256287,62.62933016,62.94279695,1
11:45:50,3.253,3.256287,62.62933016,62.94260621,1
11:45:50,3.253,3.256287,62.62933016,62.94241548,1
11:45:51,3.253,3.256287,62.62933016,62.94222474,1
11:45:53,3.253,3.256287,62.62933016,62.94203401,1
11:45:54,3.253,3.256287,62.62933016,62.94184327,1
11:45:54,3.253,3.256287,62.62933016,62.94165254,1
11:45:55,3.254,3.256287,62.62933016,62.94151545,1
11:45:56,3.254,3.256536,62.62933016,62.94136643,1
11:45:58,3.254,3.256716,62.62933016,62.9412055,1
11:45:58,3.254,3.256847,62.62933016,62.94103861,1
11:45:59,3.254,3.256942,62.62933016,62.94086576,1
11:46:01,3.255,3.257011,62.62933016,62.94074655,1
11:46:02,3.256,3.25731,62.62933016,62.94066906,1
11:46:03,3.217,3.215333,62.60929704,62.92073131,1
11:46:03,3.213,3.215652,62.58926,62.90054,1
11:46:04,3.209,3.21489,62.56923079,62.88016438,1
11:46:05,3.207,3.213343,62.54919767,62.85975575,1
11:46:07,3.204,3.211722,62.52916455,62.83926964,1
11:46:07,3.202,3.2098,62.50913143,62.81877756,1
11:46:08,3.201,3.207907,62.48909831,62.79833913,1
11:46:10,3.2,3.206283,62.46906519,62.77793646,1
11:46:11,3.197,3.204856,62.44903207,62.75744438,1
11:46:12,3.195,3.203074,62.42899895,62.73694038,1
11:46:12,3.194,3.201282,62.40896583,62.71647811,1
11:46:14,3.194,3.199732,62.3889327,62.6961112,1
11:46:15,3.194,3.198607,62.36889958,62.67580986,1
11:46:16,3.192,3.197789,62.34886646,62.65543699,1
11:46:16,3.19,3.196698,62.32883334,62.63501048,1
11:46:17,3.189,3.195408,62.30880022,62.61460185,1
11:46:19,3.187,3.194223,62.2887671,62.59414554,1
11:46:20,3.187,3.192865,62.26873,62.57377267,1
11:46:21,3.187,3.191878,62.24870086,62.55345345,1
11:46:21,3.186,3.191162,62.22866774,62.53311634,1
11:46:23,3.186,3.190392,62.20863461,62.51282692,1
11:46:24,3.186,3.189834,62.18860149,62.4925673,1
11:46:25,3.184,3.189428,62.16856837,62.47221828,1
11:46:25,3.184,3.188635,62.14853525,62.45191693,1
11:46:27,3.184,3.188059,62.12850213,62.43164539,1
11:46:28,3.183,3.187641,62.10846901,62.41134405,1
11:46:29,3.182,3.187088,62.08843589,62.39101291,1
11:46:29,3.181,3.186438,62.06840277,62.37066388,1
11:46:30,3.18,3.185716,62.04836965,62.35029697,1
11:46:32,3.18,3.184944,62.02833652,62.32997775,1
11:46:33,3.18,3.184382,62.0083034,62.30968833,1
11:46:34,3.18,3.183974,61.98827028,62.28942275,1
11:46:34,3.18,3.183677,61.96823716,62.26917505,1
11:46:36,3.179,3.183462,61.9482,62.24888563,1
11:46:37,3.179,3.183056,61.92817092,62.22862005,1
11:46:38,3.179,3.182761,61.9081378,62.20837,1
11:46:38,3.179,3.182547,61.88810468,62.18812466,1
11:46:40,3.179,3.182391,61.86807156,62.16789484,1
11:46:41,3.178,3.182277,61.84803843,62.14761138,1
11:46:42,3.177,3.181946,61.82800531,62.12729216,1
11:46:43,3.177,3.181456,61.80797219,62.10700274,1
11:46:44,3.176,3.1811,61.78793907,62.08667159,1
11:46:45,3.176,3.180592,61.76790595,62.06637025,1
11:46:46,3.176,3.180223,61.74787283,62.04609275,1
11:46:47,3.175,3.179955,61.72783971,62.02577353,1
11:46:47,3.175,3.17951,61.70780659,62.00547814,1
11:46:49,3.175,3.179188,61.68777347,61.98520064,1
11:46:50,3.174,3.178953,61.66774035,61.96488142,1
11:46:51,3.174,3.178533,61.64770722,61.94458604,1
11:46:53,3.174,3.178228,61.62767,61.92430854,1
11:46:53,3.174,3.178006,61.60764098,61.90404296,1
11:46:54,3.174,3.177844,61.58760786,61.8837893,1
11:46:55,3.173,3.177727,61.56757474,61.863482,1
11:46:56,3.173,3.177392,61.54754162,61.84319854,1
11:46:57,3.173,3.177149,61.5275085,61.822927,1
11:46:58,3.173,3.176972,61.50747538,61.80266738,1
11:46:59,3.173,3.176843,61.48744226,61.78241372,1
11:47:00,3.173,3.176749,61.46740913,61.76216602,1
11:47:01,3.173,3.176681,61.44737601,61.74192,1
11:47:02,3.173,3.17663,61.42734289,61.72168255,1
11:47:03,3.173,3.176594,61.40730977,61.70144081,1
11:47:04,3.173,3.176567,61.38727665,61.68120503,1
11:47:05,3.173,3.176547,61.36724353,61.66096926,1
11:47:06,3.173,3.176533,61.34721041,61.64073348,1
11:47:07,3.173,3.176522,61.32717729,61.6204977,1
11:47:08,3.172,3.176513,61.30714,61.60021,1
11:47:09,3.172,3.176258,61.28711104,61.57993078,1
11:47:10,3.172,3.176072,61.26707792,61.5596652,1
11:47:11,3.172,3.175937,61.2470448,61.53940558,1
11:47:12,3.172,3.175838,61.22701168,61.51915193,1
11:47:13,3.172,3.175766,61.20697856,61.49890423,1
11:47:14,3.172,3.175714,61.18694544,61.47865653,1
11:47:15,3.172,3.175675,61.16691232,61.45841479,1
11:47:16,3.172,3.175647,61.1468792,61.43817306,1
11:47:17,3.172,3.175627,61.12684608,61.41793132,1
11:47:18,3.172,3.175611,61.10681295,61.39768958,1
11:47:19,3.172,3.1756,61.08677983,61.3774538,1
11:47:20,3.172,3.175591,61.06674671,61.35721803,1
11:47:21,3.172,3.175584,61.04671359,61.33698225,1
11:47:22,3.172,3.175579,61.02668047,61.31674647,1
11:47:23,3.172,3.175575,61.00664735,61.2965107,1
11:47:24,3.172,3.175572,60.98661,61.27627492,1
11:47:25,3.171,3.17557,60.96658111,61.25597954,1
11:47:26,3.171,3.175318,60.94654799,61.23570204,1
11:47:27,3.171,3.175135,60.92651486,61.21543646,1
11:47:28,3.171,3.175001,60.90648174,61.19517684,1
11:47:29,3.17,3.174904,60.88644862,61.17486358,1
11:47:30,3.17,3.174584,60.8664155,61.1545682,1
11:47:31,3.17,3.174351,60.84638238,61.1342907,1
11:47:32,3.17,3.174181,60.82634926,61.11401916,1
11:47:33,3.17,3.174058,60.80631614,61.09375358,1
11:47:34,3.169,3.173968,60.78628302,61.07344031,1
11:47:35,3.169,3.173653,60.7662499,61.05314493,1
11:47:36,3.169,3.173424,60.74621677,61.03286147,1
11:47:37,3.169,3.173257,60.72618365,61.01258993,1
11:47:38,3.169,3.173135,60.70615053,60.99232435,1
11:47:39,3.168,3.173047,60.68611741,60.97200513,1
11:47:40,3.169,3.172732,60.66608,60.95176339,1
11:47:41,3.168,3.172753,60.64605117,60.93146205,1
11:47:42,3.168,3.172519,60.62601805,60.91117263,1
11:47:43,3.168,3.172348,60.60598493,60.89089513,1
11:47:44,3.168,3.172223,60.58595181,60.87062359,1
11:47:45,3.168,3.172133,60.56591868,60.85035801,1
11:47:46,3.168,3.172066,60.54588556,60.83009243,1
11:47:47,3.167,3.172018,60.52585244,60.80977321,1
11:47:48,3.167,3.171733,60.50581932,60.78947186,1
11:47:49,3.167,3.171525,60.4857862,60.76918244,1
11:47:50,3.167,3.171375,60.46575308,60.74890494,1
11:47:51,3.167,3.171264,60.44571996,60.7286334,1
11:47:52,3.167,3.171184,60.42568684,60.70836186,1
11:47:53,3.166,3.171125,60.40565372,60.68804264,1
11:47:54,3.166,3.170833,60.38562059,60.66773534,1
11:47:55,3.166,3.17062,60.36558747,60.64743996,1
11:47:56,3.166,3.170465,60.34555,60.6271565,1
11:47:57,3.166,3.170352,60.32552123,60.606879,1
11:47:58,3.166,3.170269,60.30548811,60.58660746,1
11:47:59,3.166,3.170209,60.28545499,60.56633592,1
11:48:00,3.165,3.170165,60.26542187,60.54601073,1
11:48:01,3.165,3.169883,60.24538875,60.5257,1
11:48:02,3.165,3.169677,60.22535563,60.50540805,1
11:48:03,3.165,3.169528,60.2053225,60.48511863,1
11:48:04,3.165,3.169419,60.18528938,60.46483517,1
11:48:05,3.165,3.169339,60.16525626,60.44455767,1
11:48:06,3.165,3.169281,60.14522314,60.42428613,1
11:48:07,3.165,3.169239,60.12519002,60.40401,1
11:48:08,3.165,3.169207,60.1051569,60.38374305,1
11:48:09,3.165,3.169184,60.08512378,60.36347747,1
11:48:10,3.165,3.169167,60.06509066,60.34321189,1
11:48:11,3.165,3.169154,60.04505754,60.32294631,1
11:48:12,3.165,3.169144,60.02502,60.30268073,1
11:48:13,3.165,3.169137,60.00499129,60.28241515,1
11:48:14,3.165,3.169131,59.98495817,60.26214957,1
11:48:15,3.165,3.169127,59.96492505,60.24188399,1
11:48:16,3.165,3.169123,59.94489193,60.22161841,1
11:48:17,3.164,3.16912,59.92485881,60.20129919,1
11:48:18,3.165,3.168868,59.90482569,60.18105149,1
11:48:19,3.164,3.168934,59.88479257,60.16074419,1
11:48:20,3.164,3.168731,59.86475945,60.14044881,1
11:48:21,3.164,3.168584,59.84472632,60.12015939,1
11:48:22,3.164,3.168477,59.8246932,60.09987593,1
11:48:23,3.164,3.168398,59.80466008,60.07959843,1
11:48:24,3.164,3.168341,59.78462696,60.05932093,1
11:48:25,3.164,3.168299,59.76459384,60.03904939,1
11:48:26,3.164,3.168268,59.74456072,60.01877785,1
11:48:27,3.164,3.168245,59.7245276,59.99850631,1
11:48:28,3.164,3.168228,59.70449,59.97824073,1
11:48:29,3.164,3.168216,59.68446136,59.95797515,1
11:48:30,3.164,3.168206,59.66442823,59.93770957,1
11:48:31,3.164,3.168199,59.64439511,59.91744399,1
11:48:32,3.164,3.168193,59.62436199,59.89717841,1
11:48:33,3.164,3.168188,59.60432887,59.87691283,1
11:48:34,3.202,3.208548,59.60432887,59.87654924,1
11:48:35,3.206,3.208771,59.60432887,59.87639427,1
11:48:36,3.209,3.209933,59.60432887,59.87634063,1
11:48:37,3.209,3.211528,59.60432887,59.87619758,1
11:48:38,3.21,3.212687,59.60432887,59.87604856,1
11:48:39,3.215,3.213778,59.60432887,59.87611413,1
11:48:40,3.215,3.215822,59.60432887,59.87606645,1
11:48:41,3.216,3.217306,59.60432887,59.87599492,1
11:48:42,3.216,3.218635,59.60432887,59.87584591,1
11:48:43,3.216,3.2196,59.60432887,59.87564921,1
11:48:44,3.216,3.220302,59.60432887,59.8754108,1
11:48:45,3.222,3.220811,59.60432887,59.87547636,1
11:48:46,3.223,3.222682,59.60432887,59.87549424,1
11:48:47,3.223,3.224291,59.60432887,59.87542272,1
11:48:48,3.223,3.225459,59.60432887,59.87528563,1
11:48:49,3.224,3.226309,59.60432887,59.87516046,1
11:48:50,3.224,3.227176,59.60432887,59.87498164,1
11:48:51,3.224,3.227806,59.60432887,59.87477303,1
11:48:52,3.224,3.228263,59.60432887,59.87453,1
11:48:53,3.224,3.228596,59.60432887,59.87427831,1
11:48:54,3.224,3.228837,59.60432887,59.87401009,1
11:48:55,3.225,3.229012,59.60432887,59.87378955,1
11:48:56,3.227,3.22939,59.60432887,59.87365842,1
11:48:57,3.229,3.230165,59.60432887,59.87359285,1
11:48:58,3.23,3.231227,59.60432887,59.87352729,1
11:48:59,3.23,3.23225,59.60432887,59.87340212,1
11:49:00,3.23,3.232992,59.60432887,59.87323523,1
11:49:01,3.23,3.233532,59.60432887,59.87303853,1
11:49:02,3.23,3.233923,59.60432887,59.87282,1
11:49:03,3.230999,3.234208,59.60432887,59.87263918,1
11:49:04,3.230999,3.234665,59.60432887,59.87244,1
11:49:05,3.230999,3.234997,59.60432887,59.87221599,1
11:49:06,3.230999,3.235238,59.60432887,59.87197757,1
11:49:07,3.230999,3.235414,59.60432887,59.87173319,1
11:49:08,3.230999,3.235541,59.60432887,59.87148,1
11:49:09,3.230999,3.235633,59.60432887,59.87122655,1
11:49:10,3.230999,3.2357,59.60432887,59.87096429,1
11:49:11,3.230999,3.235749,59.60432887,59.87070203,1
11:49:12,3.230999,3.235785,59.60432887,59.87043,1
11:49:13,3.230999,3.23581,59.60432887,59.87016559,1
11:49:14,3.230999,3.235829,59.60432887,59.86989737,1
11:49:15,3.230999,3.235843,59.60432887,59.86962914,1
11:49:16,3.230999,3.235852,59.60432887,59.86936092,1
11:49:17,3.230999,3.235859,59.60432887,59.8690927,1
11:49:18,3.230999,3.235865,59.60432887,59.86882448,1
11:49:19,3.230999,3.235868,59.60432887,59.86855626,1
11:49:20,3.230999,3.235871,59.60432887,59.86828804,1
11:49:21,3.232,3.235873,59.60432887,59.86807346,1
11:49:22,3.232,3.236125,59.60432887,59.86784101,1
11:49:23,3.233,3.236308,59.60432887,59.86765623,1
11:49:24,3.235,3.236691,59.60432887,59.86756086,1
11:49:25,3.235,3.237469,59.60432887,59.86742377,1
11:49:26,3.236,3.238034,59.60432887,59.86731052,1
11:49:27,3.236,3.238695,59.60432887,59.86716151,1
11:49:28,3.237,3.239175,59.60432887,59.8670423,1
11:49:29,3.237,3.239774,59.60432887,59.86688733,1
11:49:30,3.237,3.240209,59.60432887,59.86670852,1
11:49:31,3.237,3.240525,59.60432887,59.86651182,1
11:49:32,3.237,3.240755,59.60432887,59.86630321,1
11:49:33,3.237,3.240921,59.60432887,59.86608267,1
11:49:34,3.237,3.241043,59.60432887,59.86586,1
11:49:35,3.237,3.241131,59.60432887,59.86562371,1
11:49:36,3.224,3.227743,59.59765315,59.85873938,1
11:49:37,3.224,3.227627,59.59097743,59.851861,1
11:49:38,3.223,3.227543,59.58430171,59.84493494,1
11:49:39,3.223,3.227232,59.57762599,59.8380208,1
11:49:40,3.221,3.227005,59.57095027,59.8310113,1
11:49:41,3.218,3.22634,59.56427455,59.82387066,1
11:49:42,3.216,3.225107,59.55759883,59.8166883,1
11:49:43,3.216,3.223711,59.55092311,59.80958343,1
11:49:44,3.216,3.222696,59.54424739,59.80253,1
11:49:45,3.216,3.221959,59.53757167,59.79552269,1
11:49:46,3.216,3.221422,59.53089595,59.78854299,1
11:49:47,3.216,3.221033,59.52422023,59.78158712,1
11:49:48,3.216,3.22075,59.51754451,59.77464914,1
11:49:49,3.216,3.220544,59.51086879,59.76772,1
11:49:50,3.216,3.220394,59.50419307,59.76080298,1
11:49:51,3.216,3.220285,59.49751735,59.75388885,1
11:49:52,3.216,3.220205,59.49084163,59.74698067,1
11:49:53,3.216,3.220148,59.48416591,59.74007249,1
11:49:54,3.216,3.220105,59.47749019,59.73317027,1
11:49:55,3.216,3.220075,59.47081447,59.72626805,1
11:49:56,3.216,3.220052,59.46413875,59.71936584,1
11:49:57,3.215,3.220035,59.45746303,59.71241,1
11:49:58,3.215,3.219773,59.45078731,59.70546603,1
11:49:59,3.215,3.219582,59.44411159,59.69853401,1
11:50:00,3.215,3.219443,59.43743587,59.69160795,1
11:50:01,3.215,3.219342,59.43076015,59.68468785,1
11:50:02,3.215,3.219269,59.42408442,59.67777371,1
11:50:03,3.215,3.219215,59.4174087,59.67086554,1
11:50:04,3.215,3.219176,59.41073298,59.66395736,1
11:50:05,3.215,3.219147,59.40405726,59.65704918,1
11:50:06,3.215,3.219126,59.39738154,59.650141,1
11:50:07,3.215,3.219111,59.39070582,59.64323878,1
11:50:08,3.215,3.2191,59.3840301,59.63633657,1
11:50:09,3.215,3.219091,59.37735438,59.62943435,1
11:50:10,3.215,3.219085,59.37067866,59.62253213,1
11:50:11,3.215,3.21908,59.36400294,59.61562991,1
11:50:12,3.215,3.219076,59.35732722,59.60872769,1
11:50:13,3.215,3.219073,59.3506515,59.60182548,1
11:50:14,3.214,3.219071,59.34397578,59.59486961,1
11:50:15,3.214,3.218819,59.33730006,59.58792567,1
11:50:16,3.214,3.218636,59.33062434,59.58099,1
11:50:17,3.213,3.218503,59.32394862,59.57401395,1
11:50:18,3.213,3.218155,59.3172729,59.56705213,1
11:50:19,3.212,3.217903,59.31059718,59.56004858,1
11:50:20,3.212,3.217469,59.30392146,59.55306888,1
11:50:21,3.212,3.217154,59.29724574,59.54610705,1
11:50:22,3.211,3.216925,59.29057002,59.53910351,1
11:50:23,3.211,3.216507,59.2838943,59.5321238,1
11:50:24,3.211,3.216204,59.27721858,59.52515602,1
11:50:25,3.21,3.215984,59.27054286,59.51815,1
11:50:26,3.21,3.215573,59.26386714,59.51116085,1
11:50:27,3.21,3.215274,59.25719142,59.50419307,1
11:50:28,3.21,3.215057,59.2505157,59.49723721,1
11:50:29,3.21,3.214899,59.24383998,59.4902873,1
11:50:30,3.209,3.214784,59.23716426,59.48328972,1
11:50:31,3.209,3.21445,59.23048854,59.47631001,1
11:50:32,3.209,3.214207,59.22381282,59.46934223,1
11:50:33,3.209,3.214031,59.2171371,59.46238637,1
11:50:34,3.209,3.213902,59.21046138,59.45543647,1
11:50:35,3.209,3.213809,59.20378566,59.44849253,1
11:50:36,3.209,3.213741,59.19710994,59.44155455,1
11:50:37,3.209,3.213691,59.19043422,59.43461657,1
11:50:38,3.209,3.213654,59.1837585,59.42768455,1
11:50:39,3.209,3.213628,59.17708278,59.42075253,1
11:50:40,3.209,3.213608,59.17040706,59.41382051,1
11:50:41,3.209,3.213593,59.16373134,59.40688848,1
11:50:42,3.209,3.213583,59.15705562,59.39995646,1
11:50:43,3.209,3.213575,59.1503799,59.39302,1
11:50:44,3.209,3.213569,59.14370418,59.38609242,1
11:50:45,3.209,3.213564,59.13702846,59.3791604,1
11:50:46,3.209,3.213561,59.13035274,59.37222838,1
11:50:47,3.209,3.213558,59.12367702,59.36530232,1
11:50:48,3.209,3.213556,59.1170013,59.35837626,1
11:50:49,3.209,3.213554,59.11032557,59.3514502,1
11:50:50,3.209,3.213552,59.10364985,59.34452415,1
11:50:51,3.209,3.213551,59.09697413,59.33759809,1
11:50:52,3.209,3.21355,59.09029841,59.33067203,1
11:50:53,3.209,3.213549,59.08362269,59.32374597,1
11:50:54,3.209,3.213548,59.07694697,59.31681991,1
11:50:55,3.209,3.213547,59.07027125,59.30989385,1
11:50:56,3.209,3.213546,59.06359553,59.30296779,1
11:50:57,3.209,3.213546,59.05691981,59.29604173,1
11:50:58,3.209,3.213545,59.05024409,59.28911567,1
11:50:59,3.209,3.213544,59.04356837,59.28218961,1
11:51:00,3.209,3.213543,59.03689265,59.27526355,1
11:51:01,3.209,3.213542,59.03021693,59.26833749,1
11:51:02,3.209,3.213542,59.02354121,59.26141143,1
11:51:03,3.209,3.213541,59.01686549,59.25448537,1
11:51:04,3.209,3.21354,59.01018977,59.24755931,1
11:51:05,3.209,3.213539,59.00351405,59.24063325,1
11:51:06,3.209,3.213538,58.99683833,59.23370719,1
11:51:07,3.209,3.213538,58.99016261,59.22678113,1
11:51:08,3.209,3.213537,58.98348689,59.21985507,1
11:51:09,3.209,3.213536,58.97681117,59.21292901,1
11:51:10,3.209,3.213536,58.97013545,59.20600295,1
11:51:11,3.209,3.213535,58.96345973,59.19907689,1
11:51:12,3.209,3.213534,58.95678401,59.19215083,1
11:51:13,3.209,3.213534,58.95010829,59.18522477,1
11:51:14,3.209,3.213533,58.94343257,59.17829871,1
11:51:15,3.209,3.213532,58.93675685,59.17137265,1
11:51:16,3.209,3.213531,58.93008113,59.16444659,1
11:51:17,3.209,3.21353,58.92340541,59.15752053,1
11:51:18,3.209,3.21353,58.91672969,59.15059447,1
11:51:19,3.209,3.213529,58.91005397,59.14366841,1
11:51:20,3.209,3.213528,58.90337825,59.13674235,1
11:51:21,3.209,3.213527,58.89670253,59.12981629,1
11:51:22,3.209,3.213526,58.89002681,59.12289023,1
11:51:23,3.209,3.213526,58.88335109,59.11596417,1
11:51:24,3.209,3.213525,58.87667537,59.10903811,1
11:51:25,3.209,3.213524,58.86999965,59.10211205,1
11:51:26,3.209,3.213524,58.86332393,59.095186,1
11:51:27,3.209,3.213523,58.85664821,59.08825994,1
11:51:28,3.209,3.213522,58.84997249,59.08133388,1
11:51:29,3.209,3.213522,58.84329677,59.07440782,1
11:51:30,3.209,3.213521,58.83662105,59.06748176,1
11:51:31,3.209,3.21352,58.82994533,59.0605557,1
11:51:32,3.209,3.213519,58.82326961,59.05362964,1
11:51:33,3.209,3.213518,58.81659389,59.04670358,1
11:51:34,3.209,3.213518,58.80991817,59.03977752,1
11:51:35,3.209,3.213517,58.80324244,59.03285146,1
11:51:36,3.209,3.213516,58.79656672,59.0259254,1
11:51:37,3.209,3.213516,58.789891,59.01899934,1
11:51:38,3.209,3.213515,58.78321528,59.01207328,1
11:51:39,3.209,3.213514,58.77653956,59.00514722,1
11:51:40,3.209,3.213513,58.76986384,58.99822116,1
11:51:41,3.209,3.213513,58.76318812,58.9912951,1
11:51:42,3.209,3.213512,58.7565124,58.98436904,1
11:51:43,3.209,3.213511,58.74983668,58.97744298,1
11:51:44,3.209,3.21351,58.74316096,58.97051692,1
11:51:45,3.209,3.21351,58.73648524,58.96359086,1
11:51:46,3.209,3.213509,58.72980952,58.9566648,1
11:51:47,3.209,3.213508,58.7231338,58.94973874,1
11:51:48,3.209,3.213507,58.71645808,58.94281268,1
11:51:49,3.209,3.213507,58.70978236,58.93588662,1
11:51:50,3.209,3.213506,58.70310664,58.92896056,1
11:51:51,3.209,3.213505,58.69643092,58.9220345,1
11:51:52,3.209,3.213504,58.6897552,58.91510844,1
11:51:53,3.209,3.213504,58.68307948,58.90818238,1
11:51:54,3.209,3.213503,58.67640376,58.90125632,1
11:51:55,3.209,3.213502,58.66972804,58.89433026,1
11:51:56,3.209,3.213502,58.66305232,58.8874042,1
11:51:57,3.209,3.213501,58.6563766,58.88047814,1
11:51:58,3.209,3.2135,58.64970088,58.87355208,1
11:51:59,3.209,3.213499,58.64302516,58.86662602,1
11:52:00,3.209,3.213498,58.63634944,58.85969996,1
11:52:01,3.208,3.213498,58.62967372,58.85272026,1
11:52:02,3.209,3.213247,58.622998,58.84581208,1
11:52:03,3.209,3.213314,58.61632228,58.83889794,1
11:52:04,3.208,3.213363,58.60964656,58.8319242,1
11:52:05,3.209,3.213148,58.60297084,58.82502198,1
11:52:06,3.208,3.213243,58.59629512,58.81805,1
11:52:07,3.208,3.21306,58.5896194,58.81109834,1
11:52:08,3.208,3.212927,58.58294368,58.80414844,1
11:52:09,3.208,3.212831,58.57626796,58.79720449,1
11:52:10,3.208,3.21276,58.56959224,58.79026651,1
11:52:11,3.209,3.212709,58.56291652,58.78338814,1
11:52:12,3.208,3.212922,58.5562408,58.77643824,1
11:52:13,3.208,3.212826,58.54956508,58.7694943,1
11:52:14,3.208,3.212756,58.54288936,58.76255631,1
11:52:15,3.208,3.212705,58.53621364,58.75561833,1
11:52:16,3.208,3.212668,58.52953792,58.74868631,1
11:52:17,3.208,3.212641,58.5228622,58.74175429,1
11:52:18,3.208,3.21262,58.51618648,58.73482227,1
11:52:19,3.208,3.212606,58.50951076,58.72789025,1
11:52:20,3.208,3.212595,58.50283504,58.72095823,1
11:52:21,3.208,3.212586,58.49615932,58.71402621,1
11:52:22,3.208,3.21258,58.48948359,58.70710015,1
11:52:23,3.208,3.212576,58.48280787,58.70017409,1
11:52:24,3.208,3.212572,58.47613215,58.69324803,1
11:52:25,3.208,3.212569,58.46945643,58.68632197,1
11:52:26,3.208,3.212567,58.46278071,58.67939591,1
11:52:27,3.208,3.212565,58.45610499,58.67246985,1
11:52:28,3.208,3.212564,58.44942927,58.66554379,1
11:52:29,3.208,3.212562,58.44275355,58.65861773,1
11:52:30,3.208,3.212561,58.43607783,58.65169168,1
11:52:31,3.208,3.21256,58.42940211,58.64476562,1
11:52:32,3.208,3.212559,58.42272639,58.63783956,1
11:52:33,3.208,3.212559,58.41605067,58.6309135,1
11:52:34,3.208,3.212558,58.40937495,58.62398744,1
11:52:35,3.208,3.212557,58.40269923,58.61706138,1
11:52:36,3.208,3.212556,58.39602351,58.61013532,1
11:52:37,3.208,3.212555,58.38934779,58.60320926,1
11:52:38,3.208,3.212554,58.38267207,58.5962832,1
11:52:39,3.208,3.212554,58.37599635,58.58935714,1
11:52:40,3.208,3.212553,58.36932063,58.58243108,1
11:52:41,3.208,3.212552,58.36264491,58.57550502,1
11:52:42,3.208,3.212551,58.35596919,58.56857896,1
11:52:43,3.208,3.212551,58.34929347,58.5616529,1
11:52:44,3.207,3.21255,58.34261775,58.55467319,1
11:52:45,3.207,3.212299,58.33594203,58.54770541,1
11:52:46,3.207,3.212116,58.32926631,58.54074955,1
11:52:47,3.207,3.211982,58.32259059,58.53379965,1
11:52:48,3.207,3.211886,58.31591487,58.52685571,1
11:52:49,3.207,3.211815,58.30923915,58.51991177,1
11:52:50,3.207,3.211764,58.30256343,58.51297,1
11:52:51,3.206,3.211726,58.29588771,58.50598216,1
11:52:52,3.206,3.211447,58.28921199,58.49900842,1
11:52:53,3.206,3.211245,58.28253627,58.49204063,1
11:52:54,3.206,3.211097,58.27586055,58.48508477,1
11:52:55,3.206,3.21099,58.26918483,58.47813487,1
11:52:56,3.205,3.210912,58.26250911,58.47113132,1
11:52:57,3.205,3.210605,58.25583339,58.46415,1
11:52:58,3.205,3.210381,58.24915767,58.45717192,1
11:52:59,3.205,3.210218,58.24248195,58.45021009,1
11:53:00,3.205,3.210099,58.23580623,58.44325423,1
11:53:01,3.204,3.210013,58.22913051,58.43624473,1
11:53:02,3.204,3.2097,58.22245479,58.4292531,1
11:53:03,3.204,3.209471,58.21577907,58.4222734,1
11:53:04,3.204,3.209305,58.20910335,58.41530561,1
11:53:05,3.204,3.209185,58.20242763,58.40834379,1
11:53:06,3.204,3.209096,58.19575191,58.40138793,1
11:53:07,3.204,3.209032,58.18907619,58.39443,1
11:53:08,3.204,3.208985,58.18240047,58.38748217,1
11:53:09,3.204,3.208951,58.17572474,58.38053226,1
11:53:10,3.204,3.208926,58.16904902,58.37358236,1
11:53:11,3.204,3.208908,58.1623733,58.36663842,1
11:53:12,3.203,3.208894,58.15569758,58.35963488,1
11:53:13,3.203,3.208633,58.14902186,58.35264921,1
11:53:14,3.203,3.208443,58.14234614,58.34567547,1
11:53:15,3.203,3.208305,58.13567042,58.33870769,1
11:53:16,3.203,3.208205,58.1289947,58.33174586,1
11:53:17,3.203,3.208131,58.12231898,58.32479,1
11:53:18,3.203,3.208077,58.11564326,58.31783414,1
11:53:19,3.202,3.208039,58.10896754,58.31082463,1
11:53:20,3.203,3.207759,58.10229182,58.30388665,1
11:53:21,3.202,3.207807,58.0956161,58.29688907,1
11:53:22,3.202,3.20759,58.08894038,58.2899034,1
11:53:23,3.202,3.207433,58.08226466,58.28292966,1
11:53:24,3.202,3.207318,58.07558894,58.27596188,1
11:53:25,3.202,3.207234,58.06891322,58.26900005,1
11:53:26,3.202,3.207174,58.0622375,58.26203823,1
11:53:27,3.202,3.207129,58.05556178,58.25508237,1
11:53:28,3.202,3.207096,58.04888606,58.24812651,1
11:53:29,3.202,3.207073,58.04221034,58.24117064,1
11:53:30,3.202,3.207055,58.03553462,58.23421,1
11:53:31,3.202,3.207042,58.0288589,58.22725892,1
11:53:32,3.202,3.207032,58.02218318,58.22030902,1
11:53:33,3.202,3.207025,58.01550746,58.21335912,1
11:53:34,3.202,3.20702,58.00883174,58.20640922,1
11:53:35,3.202,3.207016,58.00215602,58.19945931,1
11:53:36,3.202,3.207012,57.9954803,58.19250941,1
11:53:37,3.202,3.20701,57.98880458,58.18555951,1
11:53:38,3.202,3.207007,57.98212886,58.17860961,1
11:53:39,3.202,3.207006,57.97545314,58.17165971,1
11:53:40,3.202,3.207004,57.96877742,58.16470981,1
11:53:41,3.202,3.207003,57.9621017,58.1577599,1
11:53:42,3.202,3.207002,57.95542598,58.15081,1
11:53:43,3.202,3.207,57.94875026,58.1438601,1
11:53:44,3.202,3.207,57.94207454,58.1369102,1
11:53:45,3.202,3.206999,57.93539882,58.1299603,1
11:53:46,3.202,3.206998,57.9287231,58.1230104,1
11:53:47,3.202,3.206997,57.92204738,58.1160605,1
11:53:48,3.202,3.206996,57.91537166,58.10911059,1
11:53:49,3.202,3.206995,57.90869594,58.10216069,1
11:53:50,3.202,3.206994,57.90202022,58.09521079,1
11:53:51,3.202,3.206994,57.8953445,58.08826089,1
11:53:52,3.202,3.206993,57.88866878,58.08131099,1
11:53:53,3.202,3.206992,57.88199306,58.07436109,1
11:53:54,3.202,3.206991,57.87531734,58.06741118,1
11:53:55,3.202,3.20699,57.86864161,58.06046128,1
11:53:56,3.202,3.20699,57.86196589,58.05351138,1
11:53:57,3.202,3.206989,57.85529017,58.04656148,1
11:53:58,3.202,3.206988,57.84861445,58.03961158,1
11:53:59,3.202,3.206987,57.84193873,58.03266168,1
11:54:00,3.202,3.206986,57.83526301,58.02571177,1
11:54:01,3.202,3.206986,57.82858729,58.01876187,1
11:54:02,3.202,3.206985,57.82191157,58.01181197,1
11:54:03,3.202,3.206984,57.81523585,58.00486207,1
11:54:04,3.202,3.206983,57.80856013,57.99791217,1
11:54:05,3.202,3.206982,57.80188441,57.99096227,1
11:54:06,3.202,3.206982,57.79520869,57.98401237,1
11:54:07,3.202,3.206981,57.78853297,57.97706246,1
11:54:08,3.202,3.20698,57.78185725,57.97011256,1
11:54:09,3.202,3.206979,57.77518153,57.96316266,1
11:54:10,3.202,3.206978,57.76850581,57.95621276,1
11:54:11,3.202,3.206978,57.76183009,57.94926286,1
11:54:12,3.202,3.206977,57.75515437,57.94231296,1
11:54:13,3.202,3.206976,57.74847865,57.93536305,1
11:54:14,3.202,3.206975,57.74180293,57.92841315,1
11:54:15,3.202,3.206974,57.73512721,57.92146325,1
11:54:16,3.202,3.206974,57.72845149,57.91451335,1
11:54:17,3.202,3.206973,57.72177577,57.90756345,1
11:54:18,3.202,3.206972,57.71510005,57.90061355,1
11:54:19,3.202,3.206971,57.70842433,57.89366364,1
11:54:20,3.202,3.20697,57.70174861,57.88671374,1
11:54:21,3.202,3.206969,57.69507289,57.87976384,1
11:54:22,3.202,3.206969,57.68839717,57.87281394,1
11:54:23,3.202,3.206968,57.68172145,57.86586404,1
11:54:24,3.202,3.206967,57.67504573,57.85891414,1
11:54:25,3.202,3.206966,57.66837001,57.85196424,1
11:54:26,3.202,3.206966,57.66169429,57.84501433,1
11:54:27,3.202,3.206965,57.65501857,57.83806443,1
11:54:28,3.202,3.206964,57.64834285,57.83111453,1
11:54:29,3.202,3.206963,57.64166713,57.82416463,1
11:54:30,3.202,3.206962,57.63499141,57.81721473,1
11:54:31,3.202,3.206962,57.62831569,57.81026483,1
11:54:32,3.202,3.206961,57.62163997,57.80331492,1
11:54:33,3.202,3.20696,57.61496425,57.79636502,1
11:54:34,3.202,3.206959,57.60828853,57.78941512,1
11:54:35,3.202,3.206958,57.60161281,57.78246522,1
11:54:36,3.202,3.206958,57.59493709,57.77551532,1
11:54:37,3.202,3.206957,57.58826137,57.76856542,1
11:54:38,3.202,3.206956,57.58158565,57.76161551,1
11:54:39,3.202,3.206955,57.57490993,57.75466561,1
11:54:40,3.202,3.206954,57.56823421,57.74771571,1
11:54:41,3.202,3.206954,57.56155849,57.74076581,1
11:54:42,3.202,3.206953,57.55488276,57.73381591,1
11:54:43,3.202,3.206952,57.54820704,57.72686601,1
11:54:44,3.202,3.206951,57.54153132,57.71991611,1
11:54:45,3.202,3.20695,57.5348556,57.7129662,1
11:54:46,3.202,3.20695,57.52817988,57.7060163,1
11:54:47,3.202,3.206949,57.52150416,57.6990664,1
11:54:48,3.202,3.206948,57.51482844,57.6921165,1
11:54:49,3.202,3.206947,57.50815272,57.6851666,1
11:54:50,3.202,3.206946,57.501477,57.67822,1
11:54:51,3.202,3.206946,57.49480128,57.67127872,1
11:54:52,3.202,3.206945,57.48812556,57.66433477,1
11:54:53,3.202,3.206944,57.48144984,57.65739083,1
11:54:54,3.202,3.206944,57.47477412,57.65044689,1
11:54:55,3.202,3.206943,57.4680984,57.64350295,1
11:54:56,3.202,3.206942,57.46142268,57.63655901,1
11:54:57,3.202,3.206941,57.45474696,57.62961507,1
11:54:58,3.202,3.20694,57.44807124,57.62267113,1
11:54:59,3.202,3.206939,57.44139552,57.61572719,1
11:55:00,3.202,3.206939,57.4347198,57.60878325,1
11:55:01,3.202,3.206938,57.42804408,57.6018393,1
11:55:02,3.202,3.206937,57.42136836,57.59489536,1
11:55:03,3.202,3.206936,57.41469264,57.58795142,1
11:55:04,3.201,3.206936,57.40801692,57.58095,1
11:55:05,3.202,3.206684,57.4013412,57.57401586,1
11:55:06,3.202,3.206751,57.39466548,57.56707788,1
11:55:07,3.201,3.2068,57.38798976,57.56008625,1
11:55:08,3.202,3.206585,57.38131404,57.55316019,1
11:55:09,3.201,3.206679,57.37463832,57.54617453,1
11:55:10,3.202,3.206496,57.3679626,57.53925443,1
11:55:11,3.202,3.206614,57.36128688,57.53232837,1
11:55:12,3.201,3.2067,57.35461116,57.5253427,1
11:55:13,3.201,3.20651,57.34793544,57.518363,1
11:55:14,3.201,3.206373,57.34125972,57.51139522,1
11:55:15,3.201,3.206272,57.334584,57.50443339,1
11:55:16,3.201,3.2062,57.32790828,57.49747157,1
11:55:17,3.201,3.206146,57.32123256,57.49051571,1
11:55:18,3.201,3.206107,57.31455684,57.48355985,1
11:55:19,3.201,3.206079,57.30788112,57.47660398,1
11:55:20,3.201,3.206058,57.3012054,57.46965,1
11:55:21,3.201,3.206042,57.29452968,57.46270418,1
11:55:22,3.201,3.206031,57.28785396,57.45575428,1
11:55:23,3.201,3.206022,57.28117824,57.44880438,1
11:55:24,3.201,3.206016,57.27450252,57.44185448,1
11:55:25,3.201,3.206011,57.2678268,57.43490458,1
11:55:26,3.201,3.206007,57.26115108,57.42795467,1
11:55:27,3.201,3.206004,57.25447536,57.42100477,1
11:55:28,3.201,3.206002,57.24779963,57.41405,1
11:55:29,3.201,3.206,57.24112391,57.40710497,1
11:55:30,3.201,3.205998,57.23444819,57.40015507,1
11:55:31,3.201,3.205997,57.22777247,57.39320517,1
11:55:32,3.201,3.205996,57.22109675,57.38625526,1
11:55:33,3.201,3.205994,57.21442103,57.37930536,1
11:55:34,3.201,3.205994,57.20774531,57.37235546,1
11:55:35,3.201,3.205992,57.20106959,57.36540556,1
11:55:36,3.201,3.205992,57.19439387,57.35846,1
11:55:37,3.201,3.205991,57.18771815,57.35150576,1
11:55:38,3.215,3.218875,57.18771815,57.35129118,1
11:55:39,3.215,3.219415,57.18771815,57.3510468,1
11:55:40,3.216,3.219808,57.18771815,57.35083818,1
11:55:41,3.216,3.220345,57.18771815,57.35059977,1
11:55:42,3.216,3.220735,57.18771815,57.35034347,1
11:55:43,3.216,3.221018,57.18771815,57.35006928,1
11:55:44,3.216,3.221224,57.18771815,57.34978318,1
11:55:45,3.216,3.221373,57.18771815,57.34949,1
11:55:46,3.216,3.221482,57.18771815,57.3491931,1
11:55:47,3.217,3.221561,57.18771815,57.34894276,1
11:55:48,3.219,3.22187,57.18771815,57.34878778,1
11:55:49,3.221,3.222596,57.18771815,57.34869838,1
11:55:50,3.223,3.223627,57.18771815,57.34866261,1
11:55:51,3.223,3.224878,57.18771815,57.34856129,1
11:55:52,3.223,3.225787,57.18771815,57.34840631,1
11:55:53,3.223,3.226448,57.18771815,57.34821558,1
11:55:54,3.223,3.226929,57.18771815,57.348001,1
11:55:55,3.223,3.227278,57.18771815,57.34776855,1
11:55:56,3.224,3.227531,57.18771815,57.34757781,1
11:55:57,3.224,3.227967,57.18771815,57.34736323,1
11:55:58,3.224,3.228283,57.18771815,57.34713078,1
11:55:59,3.224,3.228513,57.18771815,57.3468864,1
11:56:00,3.224,3.22868,57.18771815,57.34663,1
11:56:01,3.224,3.228802,57.18771815,57.34636784,1
11:56:02,3.224,3.22889,57.18771815,57.34609962,1
11:56:03,3.224,3.228954,57.18771815,57.34582543,1
11:56:04,3.224,3.229001,57.18771815,57.34555125,1
11:56:05,3.224,3.229035,57.18771815,57.34527707,1
11:56:06,3.224,3.229059,57.18771815,57.34499693,1
11:56:07,3.224,3.229077,57.18771815,57.34471679,1
11:56:08,3.224,3.22909,57.18771815,57.34444,1
11:56:09,3.224,3.2291,57.18771815,57.3441565,1
11:56:10,3.224,3.229106,57.18771815,57.34387636,1
11:56:11,3.224,3.229111,57.18771815,57.34359622,1
11:56:12,3.224,3.229115,57.18771815,57.34331608,1
11:56:13,3.224,3.229117,57.18771815,57.34303594,1
11:56:14,3.224,3.229119,57.18771815,57.34275579,1
11:56:15,3.224,3.229121,57.18771815,57.34247565,1
11:56:16,3.224,3.229121,57.18771815,57.34219551,1
11:56:17,3.224,3.229122,57.18771815,57.34191537,1
11:56:18,3.224,3.229123,57.18771815,57.34163523,1
11:56:19,3.224,3.229123,57.18771815,57.34135509,1
11:56:20,3.224,3.229123,57.18771815,57.34107494,1
11:56:21,3.224,3.229124,57.18771815,57.3407948,1
11:56:22,3.224,3.229124,57.18771815,57.34051466,1
11:56:23,3.224,3.229124,57.18771815,57.34023452,1
11:56:24,3.224,3.229124,57.18771815,57.33995,1
11:56:25,3.225,3.229124,57.18771815,57.33972788,1
11:56:26,3.225,3.229375,57.18771815,57.33948946,1
11:56:27,3.225,3.229558,57.18771815,57.33923912,1
11:56:28,3.225,3.229691,57.18771815,57.33898282,1
11:56:29,3.225,3.229787,57.18771815,57.33872056,1
11:56:30,3.226,3.229857,57.18771815,57.33850598,1
11:56:31,3.226,3.230159,57.18771815,57.33827949,1
11:56:32,3.227,3.230379,57.18771815,57.33809471,1
11:56:33,3.228,3.230789,57.18771815,57.33793974,1
11:56:34,3.228,3.231339,57.18771815,57.33775496,1
11:56:35,3.229,3.231739,57.18771815,57.33760595,1
11:56:36,3.228,3.23228,57.18771815,57.3373735,1
11:56:37,3.229,3.232423,57.18771815,57.33718276,1
11:56:38,3.229,3.232777,57.18771815,57.33697414,1
11:56:39,3.228,3.233035,57.18771815,57.33669996,1
11:56:40,3.202,3.207207,57.17436075,57.32305646,1
11:56:41,3.198,3.206582,57.16100335,57.30922818,1
11:56:42,3.194,3.205123,57.14764595,57.29525685,1
11:56:43,3.194,3.203058,57.13428855,57.2814,1
11:56:44,3.194,3.201557,57.12093115,57.26762414,1
11:56:45,3.19,3.200465,57.10757375,57.25368857,1
11:56:46,3.188,3.198667,57.09421635,57.23974705,1
11:56:47,3.187,3.196857,57.08085895,57.22584724,1
11:56:48,3.187,3.195291,57.06750154,57.21203685,1
11:56:49,3.187,3.194152,57.05414414,57.19828606,1
11:56:50,3.186,3.193324,57.04079,57.1845293,1
11:56:51,3.186,3.19247,57.02742934,57.17081428,1
11:56:52,3.185,3.19185,57.01407194,57.15708137,1
11:56:53,3.184,3.191148,57.00071454,57.14333057,1
11:56:54,3.182,3.190385,56.98735714,57.12951422,1
11:56:55,3.181,3.189328,56.97399974,57.11569786,1
11:56:56,3.18,3.188309,56.96064234,57.10188746,1
11:56:57,3.18,3.187316,56.94728494,57.08813071,1
11:56:58,3.18,3.186594,56.93392754,57.07440972,1
11:56:59,3.18,3.186069,56.92057014,57.06072,1
11:57:00,3.179,3.185688,56.90721273,57.04699159,1
11:57:01,3.18,3.185158,56.89385533,57.03335404,1
11:57:02,3.179,3.185025,56.88049793,57.01966882,1
11:57:03,3.179,3.184676,56.86714053,57.00600147,1
11:57:04,3.179,3.184422,56.85378313,56.99234605,1
11:57:05,3.179,3.184237,56.84042573,56.9787,1
11:57:06,3.178,3.184103,56.82707,56.96501136,1
11:57:07,3.177,3.183753,56.81371093,56.95128441,1
11:57:08,3.176,3.183248,56.80035353,56.93752766,1
11:57:09,3.175,3.182628,56.78699613,56.92375302,1
11:57:10,3.174,3.181926,56.77363873,56.90996051,1
11:57:11,3.174,3.181165,56.76028132,56.89621,1
11:57:12,3.174,3.18061,56.74692392,56.88248873,1
11:57:13,3.173,3.180207,56.73356652,56.86873794,1
11:57:14,3.173,3.179663,56.72020912,56.85501695,1
11:57:15,3.173,3.179266,56.70685172,56.8413198,1
11:57:16,3.173,3.178978,56.69349432,56.82763457,1
11:57:17,3.173,3.178768,56.68013692,56.81396127,1
11:57:18,3.173,3.178615,56.66677952,56.80029988,1
11:57:19,3.173,3.178504,56.65342212,56.78664446,1
11:57:20,3.173,3.178422,56.64006472,56.77298903,1
11:57:21,3.173,3.178362,56.62670732,56.75933957,1
11:57:22,3.173,3.178319,56.61335,56.74569011,1
11:57:23,3.173,3.178287,56.59999251,56.7320466,1
11:57:24,3.173,3.178263,56.58663511,56.7184031,1
11:57:25,3.173,3.178246,56.57327771,56.7047596,1
11:57:26,3.172,3.178232,56.55992031,56.69106245,1
11:57:27,3.172,3.177971,56.54656291,56.67737722,1
11:57:28,3.173,3.17778,56.53320551,56.66375756,1
11:57:29,3.172,3.177893,56.51984811,56.6500783,1
11:57:30,3.172,3.177723,56.50649071,56.63641095,1
11:57:31,3.172,3.177599,56.49313331,56.62274957,1
11:57:32,3.172,3.177509,56.47977591,56.60909414,1
11:57:33,3.172,3.177443,56.4664185,56.59543872,1
11:57:34,3.172,3.177394,56.4530611,56.58178926,1
11:57:35,3.172,3.177359,56.4397037,56.56813979,1
11:57:36,3.172,3.177333,56.4263463,56.55449033,1
11:57:37,3.172,3.177313,56.4129889,56.54084682,1
11:57:38,3.172,3.177299,56.39963,56.52720332,1
11:57:39,3.171,3.177288,56.3862741,56.51350617,1
11:57:40,3.171,3.177028,56.3729167,56.49982095,1
11:57:41,3.17,3.176838,56.3595593,56.486094,1
11:57:42,3.169,3.176449,56.3462019,56.47233129,1
11:57:43,3.169,3.175914,56.3328445,56.45859838,1
11:57:44,3.169,3.175524,56.31948709,56.44488931,1
11:57:45,3.168,3.175241,56.30612969,56.43113852,1
11:57:46,3.168,3.174783,56.29277229,56.41741157,1
11:57:47,3.168,3.17445,56.27941489,56.4037025,1
11:57:48,3.167,3.174207,56.26605749,56.38995171,1
11:57:49,3.167,3.173779,56.25270009,56.37622476,1
11:57:50,3.167,3.173467,56.23934269,56.36251569,1
11:57:51,3.166,3.17324,56.22598529,56.3487649,1
11:57:52,3.166,3.172823,56.21262789,56.33503795,1
11:57:53,3.166,3.17252,56.19927049,56.32132888,1
11:57:54,3.165,3.172299,56.18591,56.30757809,1
11:57:55,3.165,3.171886,56.17255569,56.29384518,1
11:57:56,3.165,3.171586,56.15919828,56.28013015,1
11:57:57,3.165,3.171367,56.14584088,56.26642704,1
11:57:58,3.165,3.171207,56.13248348,56.25273585,1
11:57:59,3.165,3.171091,56.11912608,56.23905063,1
11:58:00,3.165,3.171006,56.10576868,56.2253654,1
11:58:01,3.165,3.170944,56.09241128,56.21168613,1
11:58:02,3.165,3.170898,56.07905388,56.19800687,1
11:58:03,3.165,3.170865,56.06569648,56.18433356,1
11:58:04,3.165,3.17084,56.05233908,56.17066026,1
11:58:05,3.165,3.170822,56.03898168,56.15698695,1
11:58:06,3.165,3.170808,56.02562428,56.14331365,1
11:58:07,3.165,3.170797,56.01226687,56.12964034,1
11:58:08,3.165,3.170789,55.99890947,56.11596704,1
11:58:09,3.165,3.170783,55.98555207,56.10229969,1
11:58:10,3.165,3.170778,55.97219,56.08863235,1
11:58:11,3.165,3.170774,55.95883727,56.074965,1
11:58:12,3.165,3.17077,55.94547987,56.06129766,1
11:58:13,3.165,3.170768,55.93212247,56.04763,1
11:58:14,3.165,3.170765,55.91876507,56.03396297,1
11:58:15,3.164,3.170763,55.90540767,56.02024198,1
11:58:16,3.165,3.170509,55.89205027,56.00658655,1
11:58:17,3.164,3.170576,55.87869287,55.99287152,1
11:58:18,3.165,3.170372,55.86533546,55.97922206,1
11:58:19,3.164,3.170475,55.85197806,55.96551299,1
11:58:20,3.164,3.170298,55.83862066,55.95181584,1
11:58:21,3.164,3.170169,55.82526326,55.93812466,1
11:58:22,3.164,3.170075,55.81190586,55.92443943,1
11:58:23,3.164,3.170006,55.79854846,55.91076016,1
11:58:24,3.164,3.169955,55.78519106,55.8970809,1
11:58:25,3.164,3.169918,55.77183366,55.88341,1
11:58:26,3.164,3.169891,55.75848,55.86973429,1
11:58:27,3.164,3.16987,55.74511886,55.85606098,1
11:58:28,3.164,3.169855,55.73176146,55.84238768,1
11:58:29,3.164,3.169844,55.71840405,55.82871437,1
11:58:30,3.164,3.169835,55.70504665,55.81504107,1
11:58:31,3.164,3.169828,55.69168925,55.80136776,1
11:58:32,3.163,3.169823,55.67833185,55.78764081,1
11:58:33,3.163,3.169567,55.66497445,55.77393174,1
11:58:34,3.163,3.16938,55.65161705,55.76022863,1
11:58:35,3.163,3.169244,55.63825965,55.74653745,1
11:58:36,3.163,3.169145,55.62490225,55.73285222,1
11:58:37,3.163,3.169072,55.61154485,55.71916699,1
11:58:38,3.162,3.169019,55.59818745,55.70543408,1
11:58:39,3.162,3.168728,55.58483005,55.69171309,1
11:58:40,3.161,3.168516,55.57147264,55.67795038,1
11:58:41,3.161,3.16811,55.55811524,55.66421151,1
11:58:42,3.161,3.167814,55.54476,55.65049052,1
11:58:43,3.161,3.167598,55.53140044,55.63678145,1
11:58:44,3.16,3.167441,55.51804304,55.6230247,1
11:58:45,3.16,3.167075,55.50468564,55.60928583,1
11:58:46,3.16,3.166808,55.49132824,55.59556484,1
11:58:47,3.16,3.166613,55.47797084,55.58184981,1
11:58:48,3.159,3.166472,55.46461344,55.56809306,1
11:58:49,3.159,3.166116,55.45125604,55.55435419,1
11:58:50,3.159,3.165858,55.43789864,55.54062724,1
11:58:51,3.159,3.165669,55.42454123,55.52691221,1
11:58:52,3.159,3.165531,55.41118383,55.51320314,1
11:58:53,3.158,3.165431,55.39782643,55.49944639,1
11:58:54,3.158,3.165106,55.38446903,55.48570752,1
11:58:55,3.158,3.164869,55.37111163,55.47198057,1
11:58:56,3.158,3.164696,55.35775423,55.45826554,1
11:58:57,3.158,3.16457,55.34439683,55.44455647,1
11:58:58,3.158,3.164478,55.33104,55.43085337,1
11:58:59,3.158,3.164411,55.31768203,55.41715026,1
11:59:00,3.158,3.164361,55.30432463,55.40345311,1
11:59:01,3.158,3.164325,55.29096723,55.38975596,1
11:59:02,3.158,3.164298,55.27760983,55.37605882,1
11:59:03,3.158,3.164278,55.26425242,55.36236763,1
11:59:04,3.158,3.164263,55.25089502,55.34867644,1
11:59:05,3.158,3.164252,55.23753762,55.33498526,1
11:59:06,3.158,3.164243,55.22418022,55.32129407,1
11:59:07,3.158,3.164236,55.21082282,55.30760288,1
11:59:08,3.158,3.164231,55.19746542,55.2939117,1
11:59:09,3.158,3.164226,55.18410802,55.28022051,1
11:59:10,3.158,3.164223,55.17075062,55.26652932,1
11:59:11,3.158,3.16422,55.15739322,55.25284,1
11:59:13,3.158,3.164217,55.14403582,55.23914695,1
11:59:13,3.158,3.164215,55.13067842,55.22545576,1
11:59:14,3.158,3.164212,55.11732,55.21176457,1
11:59:15,3.158,3.16421,55.10396361,55.19807339,1
11:59:16,3.158,3.164209,55.09060621,55.1843822,1
11:59:17,3.158,3.164207,55.07724881,55.17069101,1
11:59:18,3.158,3.164205,55.06389141,55.15700579,1
11:59:19,3.157,3.164203,55.05053401,55.14326692,1
11:59:20,3.158,3.163949,55.03717661,55.12959361,1
11:59:21,3.157,3.164016,55.02381921,55.1158607,1
11:59:22,3.157,3.163812,55.01046181,55.10213971,1
11:59:23,3.157,3.163663,54.99710441,55.08842,1
11:59:24,3.157,3.163555,54.98374701,55.07471561,1
11:59:25,3.157,3.163476,54.9703896,55.06101251,1
11:59:26,3.157,3.163418,54.9570322,55.04731536,1
11:59:27,3.157,3.163375,54.9436748,55.03361821,1
11:59:28,3.157,3.163343,54.9303174,55.01992106,1
11:59:29,3.157,3.16332,54.91696,55.00622988,1
11:59:30,3.157,3.163301,54.9036,54.99253869,1
11:59:31,3.157,3.163285,54.8902452,54.97885,1
11:59:32,3.157,3.163274,54.8768878,54.96515632,1
11:59:33,3.157,3.163265,54.8635304,54.95146513,1
11:59:34,3.157,3.163258,54.850173,54.93777394,1
11:59:35,3.157,3.163252,54.8368156,54.92408276,1
11:59:36,3.157,3.163247,54.82345819,54.91039157,1
11:59:37,3.156,3.163243,54.81010079,54.89664674,1
11:59:38,3.156,3.162988,54.79674339,54.88291979,1
11:59:39,3.155,3.162802,54.78338599,54.86915112,1
11:59:40,3.155,3.162414,54.77002859,54.85540032,1
11:59:41,3.18,3.186782,54.77002859,54.8550427,1
11:59:42,3.186,3.187161,54.77002859,54.85498309,1
11:59:43,3.187,3.18895,54.77002859,54.85488176,1
11:59:44,3.187,3.190502,54.77002859,54.85469699,1
11:59:45,3.187,3.191631,54.77002859,54.85445261,1
11:59:46,3.188,3.192451,54.77002859,54.85421419,1
11:59:47,3.194,3.1933,54.77002859,54.85424995,1
11:59:48,3.194,3.19543,54.77002859,54.85417247,1
11:59:49,3.194,3.196978,54.77002859,54.85401,1
11:59:50,3.194,3.198104,54.77002859,54.853791,1
11:59:51,3.194,3.198922,54.77002859,54.85352874,1
11:59:52,3.194,3.199517,54.77002859,54.85323668,1
11:59:53,3.194,3.199949,54.77002859,54.85292077,1
11:59:54,3.194,3.200264,54.77002859,54.85258698,1
11:59:55,3.194,3.200492,54.77002859,54.85224128,1
11:59:56,3.197,3.200658,54.77002859,54.85204458,1
11:59:57,3.2,3.201535,54.77002859,54.85196114,1
11:59:58,3.201,3.20293,54.77002859,54.85185981,1
11:59:59,3.201,3.204195,54.77002859,54.85169291,1
12:00:00,3.201,3.205116,54.77002859,54.85147238,1
12:00:01,3.201,3.205785,54.77002859,54.85121608,1
12:00:02,3.202,3.206271,54.77002859,54.85098958,1
12:00:03,3.202,3.206876,54.77002859,54.85073328,1
12:00:04,3.202,3.207317,54.77002859,54.85045314,1
12:00:05,3.202,3.207637,54.77002859,54.85015512,1
12:00:06,3.202,3.207869,54.77002859,54.84984517,1
12:00:07,3.202,3.208038,54.77002859,54.84952331,1
12:00:08,3.202,3.208161,54.77002859,54.84919548,1
12:00:09,3.202,3.208251,54.77002859,54.84886,1
12:00:10,3.202,3.208315,54.77002859,54.84852791,1
12:00:11,3.202,3.208363,54.77002859,54.84818816,1
12:00:12,3.202,3.208397,54.77002859,54.84784842,1
12:00:13,3.202,3.208422,54.77002859,54.84750867,1
12:00:14,3.202,3.20844,54.77002859,54.84716892,1
12:00:15,3.202,3.208453,54.77002859,54.84682322,1
12:00:16,3.202,3.208462,54.77002859,54.84648,1
12:00:17,3.202,3.208469,54.77002859,54.8461318,1
12:00:18,3.202,3.208474,54.77002859,54.84578609,1
12:00:19,3.202,3.208478,54.77002859,54.84544039,1
12:00:20,3.202,3.208481,54.77002859,54.84509468,1
12:00:21,3.203,3.208483,54.77002859,54.84480262,1
12:00:22,3.204,3.208736,54.77002859,54.84455228,1
12:00:23,3.205,3.209172,54.77002859,54.84433174,1
12:00:24,3.206,3.209742,54.77002859,54.84413505,1
12:00:25,3.207,3.210408,54.77002859,54.84395623,1
12:00:26,3.207,3.211145,54.77002859,54.84373569,1
12:00:27,3.208,3.21168,54.77002859,54.843539,1
12:00:28,3.208,3.212322,54.77002859,54.84330654,1
12:00:29,3.208,3.212788,54.77002859,54.84305024,1
12:00:30,3.208,3.213127,54.77002859,54.84277606,1
12:00:31,3.208,3.213373,54.77002859,54.84248996,1
12:00:32,3.208,3.213552,54.77002859,54.84219193,1
12:00:33,3.208,3.213682,54.77002859,54.84188795,1
12:00:34,3.208,3.213777,54.77002859,54.84157801,1
12:00:35,3.208,3.213846,54.77002859,54.84126806,1
12:00:36,3.208,3.213896,54.77002859,54.84095216,1
12:00:37,3.209,3.213932,54.77002859,54.8406899,1
12:00:38,3.209,3.214211,54.77002859,54.84040976,1
12:00:39,3.209,3.214413,54.77002859,54.84012365,1
12:00:40,3.209,3.21456,54.77002859,54.83982563,1
12:00:41,3.209,3.214667,54.77002859,54.83952165,1
12:00:42,3.209,3.214745,54.77002859,54.83921766,1
12:00:43,3.209,3.214802,54.77002859,54.83890772,1
12:00:44,3.209,3.214843,54.77002859,54.83859777,1
12:00:45,3.209,3.214872,54.77002859,54.83828187,1
12:00:46,3.209,3.214894,54.77002859,54.83796597,1
12:00:47,3.209,3.21491,54.77002859,54.83765006,1
12:00:48,3.209,3.214921,54.77002859,54.83733416,1
12:00:49,3.209,3.21493,54.77002859,54.83701825,1
12:00:50,3.209,3.214936,54.77002859,54.83670235,1
12:00:51,3.209,3.21494,54.77002859,54.83638644,1
12:00:52,3.209,3.214943,54.77002859,54.83607054,1
12:00:53,3.209,3.214945,54.77002859,54.83575463,1
12:00:54,3.209,3.214947,54.77002859,54.83543873,1
12:00:55,3.209,3.214948,54.77002859,54.83512282,1
12:00:56,3.209,3.214949,54.77002859,54.83480692,1
12:00:57,3.209,3.21495,54.77002859,54.83449101,1
12:00:58,3.209,3.21495,54.77002859,54.83418,1
12:00:59,3.209,3.21495,54.77002859,54.83385921,1
12:01:00,3.209,3.214951,54.77002859,54.8335433,1
12:01:01,3.209,3.214951,54.77002859,54.8332274,1
12:01:02,3.209,3.214951,54.77002859,54.83291149,1
12:01:03,3.209,3.214951,54.77002859,54.83259559,1
12:01:04,3.209,3.214951,54.77002859,54.83227968,1
12:01:05,3.209,3.214951,54.77002859,54.83196378,1
12:01:06,3.209,3.214951,54.77002859,54.83164787,1
12:01:07,3.209,3.214951,54.77002859,54.83133197,1
12:01:08,3.209,3.214951,54.77002859,54.83101606,1
12:01:09,3.209,3.214951,54.77002859,54.83070016,1
12:01:10,3.209,3.214951,54.77002859,54.83038425,1
12:01:11,3.209,3.214951,54.77002859,54.83006835,1
12:01:12,3.209,3.214951,54.77002859,54.82975245,1
12:01:13,3.209,3.21495,54.77002859,54.82943654,1
12:01:14,3.209,3.214951,54.77002859,54.82912,1
12:01:15,3.209,3.21495,54.77002859,54.82880473,1
12:01:16,3.209,3.214951,54.77002859,54.82848883,1
12:01:17,3.209,3.21495,54.77002859,54.82817292,1
12:01:18,3.209,3.21495,54.77002859,54.82785702,1
12:01:19,3.209,3.21495,54.77002859,54.82754111,1
12:01:20,3.209,3.21495,54.77002859,54.82722521,1
12:01:21,3.209,3.21495,54.77002859,54.8269093,1
12:01:22,3.209,3.21495,54.77002859,54.8265934,1
12:01:23,3.209,3.21495,54.77002859,54.82627749,1
12:01:24,3.209,3.21495,54.77002859,54.82596159,1
12:01:25,3.209,3.21495,54.77002859,54.82564569,1
12:01:26,3.209,3.21495,54.77002859,54.82532978,1
12:01:27,3.209,3.21495,54.77002859,54.82501388,1
12:01:28,3.209,3.21495,54.77002859,54.82469797,1
12:01:29,3.209,3.21495,54.77002859,54.82438207,1
12:01:30,3.21,3.21495,54.77002859,54.82411385,1
12:01:31,3.21,3.215202,54.77002859,54.8238337,1
12:01:32,3.21,3.215385,54.77002859,54.8235476,1
12:01:33,3.21,3.215518,54.77002859,54.82324958,1
12:01:34,3.211,3.215615,54.77002859,54.82299924,1
12:01:35,3.211,3.215938,54.77002859,54.82273698,1
12:01:36,3.211,3.216172,54.77002859,54.82245684,1
12:01:37,3.212,3.216343,54.77002859,54.82222438,1
12:01:38,3.212,3.216719,54.77002859,54.82197404,1
12:01:39,3.212,3.216992,54.77002859,54.82170582,1
12:01:40,3.213,3.217191,54.77002859,54.82147932,1
12:01:41,3.213,3.217588,54.77002859,54.82123494,1
12:01:42,3.214,3.217876,54.77002859,54.82102633,1
12:01:43,3.214,3.218338,54.77002859,54.82079387,1
12:01:44,3.214,3.218674,54.77002859,54.82054353,1
12:01:45,3.214,3.218918,54.77002859,54.82028127,1
12:01:46,3.215,3.219095,54.77002859,54.82006,1
12:01:47,3.215,3.219476,54.77002859,54.81982231,1
12:01:48,3.215,3.219753,54.77002859,54.81956601,1
12:01:49,3.215,3.219955,54.77002859,54.8193,1
12:01:50,3.215,3.220101,54.77002859,54.81902361,1
12:01:51,3.215,3.220207,54.77002859,54.81874347,1
12:01:52,3.215,3.220285,54.77002859,54.81845737,1
12:01:53,3.215,3.220341,54.77002859,54.81817126,1
12:01:54,3.215,3.220382,54.77002859,54.8178792,1
12:01:55,3.215,3.220412,54.77002859,54.81758714,1
12:01:56,3.215,3.220433,54.77002859,54.8173,1
12:01:57,3.215,3.220448,54.77002859,54.81700301,1
12:01:58,3.215,3.22046,54.77002859,54.81671095,1
12:01:59,3.215,3.220469,54.77002859,54.81641889,1
12:02:00,3.215,3.220474,54.77002859,54.81612682,1
12:02:01,3.215,3.220479,54.77002859,54.81583476,1
12:02:03,3.215,3.220482,54.77002859,54.8155427,1
12:02:03,3.215,3.220484,54.77002859,54.81525064,1
12:02:04,3.215,3.220486,54.77002859,54.81495857,1
12:02:05,3.215,3.220487,54.77002859,54.81466055,1
12:02:06,3.215,3.220488,54.77002859,54.81436253,1
12:02:07,3.215,3.220489,54.77002859,54.8140645,1
12:02:08,3.215,3.220489,54.77002859,54.81377,1
12:02:09,3.215,3.220489,54.77002859,54.81346846,1
12:02:10,3.215,3.220489,54.77002859,54.81317043,1
12:02:12,3.215,3.22049,54.77002859,54.81287241,1
12:02:12,3.215,3.22049,54.77002859,54.81257439,1
12:02:13,3.215,3.22049,54.77002859,54.81227636,1
12:02:14,3.174,3.183542,54.74999547,54.79173064,1
12:02:15,3.169,3.18178,54.72996235,54.77101207,1
12:02:16,3.165,3.179238,54.70992923,54.75021005,1
12:02:17,3.163,3.17638,54.68989611,54.72945571,1
12:02:18,3.159,3.173799,54.66986299,54.70862389,1
12:02:19,3.158,3.170912,54.64983,54.68789339,1
12:02:21,3.157,3.168561,54.62979674,54.66724038,1
12:02:21,3.153,3.166599,54.60976362,54.64647412,1
12:02:23,3.152,3.164164,54.5897305,54.62578535,1
12:02:23,3.151,3.162141,54.56969738,54.60515618,1
12:02:25,3.15,3.160417,54.54966426,54.58456278,1
12:02:25,3.147,3.158911,54.52963114,54.56389189,1
12:02:26,3.145,3.157058,54.50959802,54.54321,1
12:02:27,3.143,3.155207,54.4895649,54.5225203,1
12:02:29,3.143,3.153335,54.46953177,54.50193286,1
12:02:30,3.143,3.151973,54.44949865,54.48141694,1
12:02:30,3.143,3.150983,54.42946553,54.46095467,1
12:02:31,3.143,3.150262,54.40943241,54.44053411,1
12:02:33,3.142,3.149738,54.38939929,54.42008376,1
12:02:34,3.14,3.149105,54.36936617,54.39956188,1
12:02:34,3.139,3.148139,54.34933305,54.37904,1
12:02:35,3.138,3.147184,54.3293,54.35851216,1
12:02:36,3.136,3.146237,54.30926681,54.33793068,1
12:02:38,3.136,3.145044,54.28923368,54.31741476,1
12:02:38,3.136,3.144176,54.26920056,54.29694057,1
12:02:39,3.135,3.143544,54.24916744,54.27644849,1
12:02:40,3.135,3.142833,54.22913432,54.25599813,1
12:02:42,3.135,3.142315,54.2091012,54.23557162,1
12:02:43,3.134,3.141938,54.18906808,54.21511531,1
12:02:43,3.133,3.141411,54.16903496,54.19462919,1
12:02:44,3.133,3.140775,54.14900184,54.17417884,1
12:02:46,3.132,3.140313,54.12896872,54.15369868,1
12:02:47,3.132,3.139724,54.10893559,54.13325429,1
12:02:47,3.131,3.139295,54.08890247,54.11277413,1
12:02:48,3.131,3.138731,54.06886935,54.09232378,1
12:02:49,3.13,3.138321,54.04883623,54.07184362,1
12:02:51,3.129,3.137769,54.02880311,54.05133963,1
12:02:52,3.129,3.137115,54.00877,54.03087139,1
12:02:52,3.129,3.13664,53.98873687,54.010427,1
12:02:53,3.129,3.136294,53.96870375,53.99000049,1
12:02:55,3.129,3.136042,53.94867063,53.96959186,1
12:02:56,3.128,3.135858,53.9286375,53.94913554,1
12:02:56,3.128,3.135472,53.90860438,53.92870307,1
12:02:57,3.128,3.13519,53.88857126,53.90828252,1
12:02:59,3.128,3.134986,53.86853814,53.88787389,1
12:03:00,3.128,3.134836,53.84850502,53.86747122,1
12:03:01,3.128,3.134727,53.8284719,53.84707451,1
12:03:01,3.127,3.134648,53.80843878,53.82663012,1
12:03:03,3.126,3.134337,53.78840566,53.80614996,1
12:03:04,3.126,3.133859,53.76837254,53.78569365,1
12:03:05,3.125,3.13351,53.74833941,53.7652,1
12:03:05,3.124,3.133004,53.72830629,53.74468565,1
12:03:07,3.124,3.132383,53.70827317,53.72420549,1
12:03:07,3.124,3.131932,53.68824,53.70374918,1
12:03:09,3.123,3.131603,53.66820693,53.6832571,1
12:03:10,3.123,3.131111,53.64817381,53.66278887,1
12:03:10,3.123,3.130753,53.62814069,53.64233851,1
12:03:12,3.122,3.130493,53.60810757,53.6218524,1
12:03:13,3.122,3.13005,53.58807445,53.60139012,1
12:03:14,3.122,3.129728,53.56804132,53.58093977,1
12:03:14,3.122,3.129494,53.5480082,53.5605073,1
12:03:16,3.122,3.129323,53.52797508,53.54008079,1
12:03:17,3.122,3.129198,53.50794196,53.51966023,1
12:03:18,3.122,3.129107,53.48790884,53.49924564,1
12:03:19,3.122,3.12904,53.46787572,53.47883701,1
12:03:20,3.122,3.128991,53.4478426,53.45842838,1
12:03:21,3.122,3.128956,53.42780948,53.43801975,1
12:03:22,3.122,3.128929,53.40777636,53.41761708,1
12:03:23,3.122,3.12891,53.38774323,53.39721441,1
12:03:23,3.121,3.128895,53.36771,53.3767581,1
12:03:25,3.121,3.128631,53.34767699,53.35631371,1
12:03:26,3.121,3.128439,53.32764387,53.33588123,1
12:03:27,3.121,3.128299,53.30761075,53.31545472,1
12:03:27,3.121,3.128196,53.28757763,53.29503417,1
12:03:29,3.121,3.128122,53.26754451,53.27461958,1
12:03:30,3.121,3.128067,53.24751139,53.25420499,1
12:03:31,3.121,3.128027,53.22747827,53.23379636,1
12:03:32,3.12,3.127997,53.20744514,53.21333408,1
12:03:33,3.12,3.127723,53.18741202,53.19288373,1
12:03:34,3.12,3.127523,53.1673789,53.1724453,1
12:03:35,3.119,3.127377,53.14734578,53.15196514,1
12:03:36,3.119,3.127018,53.12731266,53.13150287,1
12:03:37,3.119,3.126757,53.10727954,53.11105251,1
12:03:38,3.118,3.126566,53.08724642,53.09056044,1
12:03:39,3.118,3.126175,53.0672133,53.07008624,1
12:03:40,3.118,3.12589,53.04718,53.04962993,1
12:03:41,3.118,3.125683,53.02714705,53.02918553,1
12:03:42,3.117,3.125532,53.00711393,53.00869346,1
12:03:43,3.117,3.125169,52.98708081,52.98821926,1
12:03:44,3.117,3.124905,52.96704769,52.96776295,1
12:03:45,3.117,3.124712,52.94701457,52.94731259,1
12:03:46,3.117,3.124572,52.92698145,52.92687416,1
12:03:47,3.117,3.12447,52.90694833,52.90644169,1
12:03:48,3.117,3.124394,52.88691521,52.88601,1
12:03:49,3.116,3.12434,52.86688209,52.86552906,1
12:03:50,3.116,3.124047,52.84684896,52.84506083,1
12:03:51,3.116,3.123833,52.82681584,52.82460451,1
12:03:52,3.116,3.123678,52.80678272,52.80416012,1
12:03:53,3.115,3.123564,52.7867496,52.78366804,1
12:03:54,3.115,3.123229,52.76671648,52.76319385,1
12:03:55,3.115,3.122985,52.74668336,52.74273157,1
12:03:56,3.115,3.122807,52.72665,52.72228122,1
12:03:57,3.115,3.122677,52.70661712,52.70183682,1
12:03:58,3.115,3.122582,52.686584,52.68139839,1
12:03:59,3.114,3.122513,52.66655087,52.66090631,1
12:04:00,3.114,3.12221,52.64651775,52.64043212,1
12:04:01,3.114,3.121989,52.62648463,52.61996984,1
12:04:02,3.114,3.121828,52.60645151,52.59951353,1
12:04:03,3.114,3.12171,52.58641839,52.57906318,1
12:04:04,3.114,3.121624,52.56638527,52.55861878,1
12:04:05,3.114,3.121561,52.54635215,52.53818035,1
12:04:06,3.114,3.121515,52.52631903,52.51774192,1
12:04:07,3.114,3.121481,52.50628591,52.49730945,1
12:04:08,3.114,3.121456,52.48625278,52.47687697,1
12:04:09,3.114,3.121438,52.46621966,52.4564445,1
12:04:10,3.114,3.121423,52.44618654,52.43601203,1
12:04:11,3.114,3.121413,52.42615342,52.41557956,1
12:04:12,3.114,3.121405,52.40612,52.39514709,1
12:04:13,3.114,3.121398,52.38608718,52.37471461,1
12:04:14,3.114,3.121393,52.36605406,52.35428214,1
12:04:15,3.114,3.121389,52.34602094,52.33384967,1
12:04:16,3.114,3.121386,52.32598782,52.3134172,1
12:04:17,3.114,3.121382,52.30595469,52.29298472,1
12:04:18,3.114,3.12138,52.28592157,52.27255225,1
12:04:19,3.114,3.121378,52.26588845,52.25211978,1
12:04:20,3.114,3.121376,52.24585533,52.23168731,1
12:04:21,3.113,3.121374,52.22582221,52.21120119,1
12:04:22,3.113,3.121119,52.20578909,52.19073296,1
12:04:23,3.113,3.120934,52.18575597,52.17027068,1
12:04:24,3.114,3.120799,52.16572285,52.14987397,1
12:04:25,3.113,3.120953,52.14568973,52.1294117,1
12:04:26,3.113,3.120812,52.1256566,52.10896,1
12:04:27,3.113,3.120708,52.10562348,52.08850503,1
12:04:28,3.113,3.120633,52.08559,52.06806064,1
12:04:29,3.113,3.120578,52.06555724,52.0476222,1
12:04:30,3.113,3.120538,52.04552412,52.02718377,1
12:04:31,3.113,3.120507,52.025491,52.00674534,1
12:04:32,3.113,3.120486,52.00545788,51.98630691,1
12:04:33,3.113,3.120469,51.98542476,51.96587443,1
12:04:34,3.113,3.120456,51.96539164,51.94544196,1
12:04:35,3.113,3.120447,51.94535851,51.92500949,1
12:04:36,3.113,3.12044,51.92532539,51.90457702,1
12:04:37,3.113,3.120434,51.90529227,51.88414454,1
12:04:38,3.113,3.120429,51.88525915,51.86371207,1
12:04:39,3.113,3.120425,51.86522603,51.8432796,1
12:04:40,3.113,3.120422,51.84519291,51.82284713,1
12:04:41,3.112,3.120419,51.82515979,51.80236101,1
12:04:42,3.112,3.120164,51.80512667,51.78188682,1
12:04:43,3.112,3.119978,51.78509355,51.76142454,1
12:04:44,3.112,3.119843,51.76506,51.74096823,1
12:04:45,3.112,3.119744,51.7450273,51.72051787,1
12:04:46,3.151,3.157541,51.7450273,51.72016621,1
12:04:47,3.157,3.158519,51.7450273,51.72008276,1
12:04:48,3.158,3.160745,51.7450273,51.71993375,1
12:04:49,3.16,3.162616,51.7450273,51.7197907,1
12:04:50,3.164,3.164481,51.7450273,51.71976686,1
12:04:51,3.165,3.166847,51.7450273,51.71967,1
12:04:52,3.165,3.168819,51.7450273,51.71945691,1
12:04:53,3.165,3.170254,51.7450273,51.71917677,1
12:04:54,3.167,3.171296,51.7450273,51.71894431,1
12:04:55,3.172,3.172559,51.7450273,51.71891451,1
12:04:56,3.172,3.174739,51.7450273,51.7187655,1
12:04:57,3.172,3.176324,51.7450273,51.71853304,1
12:04:58,3.173,3.177477,51.7450273,51.71829462,1
12:04:59,3.173,3.178567,51.7450273,51.7179966,1
12:05:00,3.173,3.17936,51.7450273,51.71765089,1
12:05:01,3.173,3.179936,51.7450273,51.71727538,1
12:05:02,3.173,3.180355,51.7450273,51.71687603,1
12:05:03,3.174,3.18066,51.7450273,51.71652,1
12:05:04,3.176,3.181134,51.7450273,51.71624422,1
12:05:05,3.179,3.181983,51.7450273,51.71608329,1
12:05:06,3.179,3.183358,51.7450273,51.71585,1
12:05:07,3.179,3.184358,51.7450273,51.71556,1
12:05:08,3.179,3.185084,51.7450273,51.7152369,1
12:05:09,3.18,3.185612,51.7450273,51.71493292,1
12:05:10,3.18,3.186249,51.7450273,51.71459317,1
12:05:11,3.18,3.186712,51.7450273,51.71423,1
12:05:12,3.18,3.187048,51.7450273,51.71385,1
12:05:13,3.18,3.187293,51.7450273,51.71345472,1
12:05:14,3.18,3.18747,51.7450273,51.71304941,1
12:05:15,3.18,3.1876,51.7450273,51.71263814,1
12:05:16,3.18,3.187694,51.7450273,51.71222091,1
12:05:17,3.18,3.187762,51.7450273,51.71180367,1
12:05:18,3.18,3.187812,51.7450273,51.71138048,1
12:05:19,3.18,3.187848,51.7450273,51.71095729,1
12:05:20,3.18,3.187874,51.7450273,51.7105341,1
12:05:21,3.182,3.187893,51.7450273,51.71021819,1
12:05:22,3.183,3.188412,51.7450273,51.70992613,1
12:05:23,3.184,3.189042,51.7450273,51.70965,1
12:05:24,3.185,3.189752,51.7450273,51.70939565,1
12:05:25,3.186,3.190521,51.7450273,51.70915127,1
12:05:26,3.186,3.191332,51.7450273,51.70886517,1
12:05:27,3.186,3.191922,51.7450273,51.7085433,1
12:05:28,3.186,3.192351,51.7450273,51.70819759,1
12:05:29,3.186,3.192663,51.7450273,51.70784,1
12:05:30,3.186,3.192889,51.7450273,51.70747042,1
12:05:31,3.186,3.193054,51.7450273,51.70708895,1
12:05:32,3.186,3.193174,51.7450273,51.70670152,1
12:05:33,3.186,3.193261,51.7450273,51.70630813,1
12:05:34,3.186,3.193325,51.7450273,51.70591474,1
12:05:35,3.187,3.19337,51.7450273,51.70556903,1
12:05:36,3.186,3.193656,51.7450273,51.70515776,1
12:05:37,3.187,3.193612,51.7450273,51.70480013,1
12:05:38,3.187,3.193832,51.7450273,51.70443058,1
12:05:39,3.187,3.193991,51.7450273,51.70405507,1
12:05:40,3.187,3.194108,51.7450273,51.70366764,1
12:05:41,3.187,3.194192,51.7450273,51.70328021,1
12:05:42,3.187,3.194254,51.7450273,51.70288682,1
12:05:43,3.187,3.194299,51.7450273,51.70249343,1
12:05:44,3.187,3.194331,51.7450273,51.70209408,1
12:05:45,3.187,3.194354,51.7450273,51.70169473,1
12:05:46,3.187,3.194372,51.7450273,51.70129538,1
12:05:47,3.187,3.194384,51.7450273,51.70089602,1
12:05:48,3.187,3.194393,51.7450273,51.7005,1
12:05:49,3.173,3.181774,51.73835158,51.69334,1
12:05:50,3.173,3.181185,51.73167586,51.68622732,1
12:05:51,3.173,3.180757,51.72500014,51.67912841,1
12:05:52,3.172,3.180445,51.71832442,51.67199373,1
12:05:53,3.172,3.179966,51.7116487,51.66488886,1
12:05:54,3.172,3.179618,51.70497298,51.65780187,1
12:05:55,3.171,3.179364,51.69829726,51.65067315,1
12:05:56,3.168,3.178927,51.69162154,51.64340734,1
12:05:57,3.166,3.177852,51.68494582,51.63608789,1
12:05:58,3.165,3.176566,51.6782701,51.62878633,1
12:05:59,3.165,3.175377,51.67159438,51.62155032,1
12:06:00,3.165,3.174513,51.66491866,51.61435604,1
12:06:01,3.165,3.173885,51.65824294,51.60719752,1
12:06:02,3.165,3.173429,51.65156722,51.60006285,1
12:06:03,3.165,3.173096,51.6448915,51.59294605,1
12:06:04,3.165,3.172855,51.63821578,51.58584714,1
12:06:05,3.165,3.172679,51.63154006,51.57875419,1
12:06:06,3.165,3.172551,51.62486434,51.57166719,1
12:06:07,3.165,3.172458,51.61818862,51.56458616,1
12:06:08,3.165,3.17239,51.6115129,51.55751109,1
12:06:09,3.165,3.172341,51.60483718,51.55043602,1
12:06:10,3.165,3.172305,51.59816146,51.54336691,1
12:06:11,3.165,3.172278,51.59148574,51.5362978,1
12:06:12,3.165,3.172259,51.58481002,51.52922869,1
12:06:13,3.164,3.172245,51.5781343,51.52210593,1
12:06:14,3.164,3.171982,51.57145858,51.5149951,1
12:06:15,3.164,3.171791,51.56478286,51.50789618,1
12:06:16,3.164,3.171652,51.55810714,51.50080323,1
12:06:17,3.164,3.171551,51.55143142,51.49371624,1
12:06:18,3.164,3.171477,51.5447557,51.48663521,1
12:06:19,3.164,3.171423,51.53807998,51.47955418,1
12:06:20,3.164,3.171384,51.53140426,51.4724791,1
12:06:21,3.164,3.171355,51.52472854,51.46540403,1
12:06:22,3.164,3.171334,51.51805282,51.45832896,1
12:06:23,3.164,3.171319,51.5113771,51.45125389,1
12:06:24,3.164,3.171307,51.50470138,51.44417882,1
12:06:25,3.164,3.1713,51.49802566,51.43710375,1
12:06:26,3.164,3.171293,51.49134994,51.43003,1
12:06:27,3.164,3.171289,51.48467422,51.42296553,1
12:06:28,3.164,3.171285,51.4779985,51.41589642,1
12:06:29,3.164,3.171282,51.47132277,51.4088273,1
12:06:30,3.163,3.17128,51.46464705,51.40170455,1
12:06:31,3.163,3.171026,51.45797133,51.39459372,1
12:06:32,3.163,3.170841,51.45129561,51.38748884,1
12:06:33,3.163,3.170707,51.44461989,51.38039589,1
12:06:34,3.163,3.170609,51.43794417,51.3733089,1
12:06:35,3.163,3.170538,51.43126845,51.3662219,1
12:06:36,3.163,3.170486,51.42459273,51.35914087,1
12:06:37,3.163,3.170448,51.41791701,51.35205984,1
12:06:38,3.163,3.170421,51.41124129,51.34497881,1
12:06:39,3.162,3.1704,51.40456557,51.33784413,1
12:06:40,3.162,3.170133,51.39788985,51.33072734,1
12:06:41,3.162,3.169939,51.39121413,51.32362247,1
12:06:42,3.161,3.169797,51.38453841,51.31646991,1
12:06:43,3.161,3.169441,51.37786269,51.30933523,1
12:06:44,3.161,3.169183,51.37118697,51.30221248,1
12:06:45,3.161,3.168994,51.36451125,51.29510164,1
12:06:46,3.16,3.168858,51.35783553,51.28794312,1
12:06:47,3.16,3.168505,51.35115981,51.28080249,1
12:06:48,3.16,3.168249,51.34448409,51.27367973,1
12:06:49,3.16,3.168063,51.33780837,51.26656294,1
12:06:50,3.16,3.167928,51.33113265,51.25945807,1
12:06:51,3.16,3.167829,51.32445693,51.25235915,1
12:06:52,3.16,3.167757,51.31778121,51.24526024,1
12:06:53,3.159,3.167705,51.31110549,51.23810768,1
12:06:54,3.159,3.167414,51.30442977,51.23097301,1
12:06:55,3.159,3.167203,51.29775405,51.22385,1
12:06:56,3.159,3.167049,51.29107833,51.21673346,1
12:06:57,3.159,3.166937,51.28440261,51.20962262,1
12:06:58,3.159,3.166855,51.27772689,51.20251775,1
12:06:59,3.159,3.166796,51.27105117,51.19541883,1
12:07:00,3.159,3.166753,51.26437545,51.18831992,1
12:07:01,3.159,3.166721,51.25769973,51.18122,1
12:07:02,3.158,3.166698,51.25102401,51.17407441,1
12:07:03,3.158,3.166429,51.24434829,51.16693974,1
12:07:04,3.158,3.166233,51.23767257,51.15981698,1
12:07:05,3.158,3.16609,51.23099685,51.15270019,1
12:07:06,3.158,3.165986,51.22432113,51.14558935,1
12:07:07,3.158,3.165911,51.21764541,51.13848448,1
12:07:08,3.158,3.165856,51.21096969,51.1313796,1
12:07:09,3.158,3.165816,51.20429397,51.12428069,1
12:07:10,3.158,3.165786,51.19761825,51.11718178,1
12:07:11,3.158,3.165765,51.19094253,51.11008286,1
12:07:12,3.158,3.165749,51.18426681,51.10298395,1
12:07:13,3.158,3.165738,51.17759109,51.09588504,1
12:07:14,3.158,3.165729,51.17091537,51.08878613,1
12:07:15,3.158,3.165723,51.16423965,51.08168721,1
12:07:16,3.158,3.165718,51.15756392,51.0745883,1
12:07:17,3.158,3.165715,51.1508882,51.06748939,1
12:07:18,3.158,3.165712,51.14421248,51.06039,1
12:07:19,3.158,3.16571,51.13753676,51.05329156,1
12:07:20,3.158,3.165708,51.13086104,51.04619265,1
12:07:21,3.158,3.165707,51.12418532,51.03909373,1
12:07:22,3.158,3.165706,51.1175096,51.03199482,1
12:07:23,3.158,3.165705,51.11083388,51.02489591,1
12:07:24,3.158,3.165704,51.10415816,51.01779699,1
12:07:25,3.158,3.165703,51.09748244,51.01069808,1
12:07:26,3.158,3.165703,51.09080672,51.00359917,1
12:07:27,3.158,3.165702,51.084131,50.99650025,1
12:07:28,3.158,3.165702,51.07745528,50.98940134,1
12:07:29,3.158,3.165701,51.07077956,50.98230243,1
12:07:30,3.158,3.165701,51.06410384,50.97520351,1
12:07:31,3.158,3.1657,51.05742812,50.9681046,1
12:07:32,3.158,3.165699,51.0507524,50.96100569,1
12:07:33,3.158,3.165699,51.04407668,50.95390677,1
12:07:34,3.158,3.165699,51.03740096,50.94681,1
12:07:35,3.158,3.165698,51.03072524,50.93970895,1
12:07:36,3.158,3.165698,51.02404952,50.93261003,1
12:07:37,3.158,3.165697,51.0173738,50.92551112,1
12:07:38,3.158,3.165697,51.01069808,50.91841221,1
12:07:39,3.158,3.165697,51.00402236,50.9113133,1
12:07:40,3.158,3.165696,50.99734664,50.90421438,1
12:07:41,3.158,3.165696,50.99067092,50.89711547,1
12:07:42,3.158,3.165695,50.9839952,50.89001656,1
12:07:43,3.158,3.165694,50.97731948,50.88291764,1
12:07:44,3.158,3.165694,50.97064376,50.87581873,1
12:07:45,3.158,3.165694,50.96396804,50.86871982,1
12:07:46,3.158,3.165693,50.95729232,50.8616209,1
12:07:47,3.158,3.165693,50.9506166,50.85452199,1
12:07:48,3.158,3.165692,50.94394088,50.84742308,1
12:07:49,3.158,3.165692,50.93726516,50.84032416,1
12:07:50,3.158,3.165692,50.93058944,50.83323,1
12:07:51,3.158,3.165691,50.92391372,50.82612634,1
12:07:52,3.158,3.165691,50.917238,50.81902742,1
12:07:53,3.158,3.16569,50.91056228,50.81192851,1
12:07:54,3.158,3.16569,50.90388656,50.8048296,1
12:07:55,3.158,3.165689,50.89721084,50.79773068,1
12:07:56,3.158,3.165689,50.89053512,50.79063177,1
12:07:57,3.158,3.165688,50.8838594,50.78353286,1
12:07:58,3.158,3.165688,50.87718368,50.77643394,1
12:07:59,3.158,3.165687,50.87050796,50.76933503,1
12:08:00,3.158,3.165687,50.86383224,50.76223612,1
12:08:01,3.158,3.165687,50.85715652,50.75513721,1
12:08:02,3.158,3.165686,50.85048079,50.74803829,1
12:08:03,3.158,3.165686,50.84380507,50.74093938,1
12:08:04,3.158,3.165685,50.83712935,50.73384047,1
12:08:05,3.158,3.165685,50.83045363,50.72674155,1
12:08:06,3.158,3.165684,50.82377791,50.71964,1
12:08:07,3.158,3.165684,50.81710219,50.71254373,1
12:08:08,3.158,3.165684,50.81042647,50.70544481,1
12:08:09,3.158,3.165683,50.80375075,50.6983459,1
12:08:10,3.158,3.165683,50.79707503,50.69124699,1
12:08:11,3.158,3.165682,50.79039931,50.68414807,1
12:08:12,3.158,3.165682,50.78372359,50.67704916,1
12:08:13,3.158,3.165681,50.77704787,50.66995025,1
12:08:14,3.158,3.165681,50.77037215,50.66285133,1
12:08:15,3.158,3.16568,50.76369643,50.65575242,1
12:08:16,3.158,3.16568,50.75702071,50.64865351,1
12:08:17,3.158,3.165679,50.75034499,50.64155459,1
12:08:18,3.158,3.165679,50.74366927,50.63445568,1
12:08:19,3.158,3.165679,50.73699355,50.62735677,1
12:08:20,3.158,3.165678,50.73031783,50.62025785,1
12:08:21,3.158,3.165678,50.72364211,50.61315894,1
12:08:22,3.158,3.165677,50.71696639,50.60606,1
12:08:23,3.158,3.165677,50.71029067,50.59896111,1
12:08:24,3.158,3.165676,50.70361495,50.5918622,1
12:08:25,3.158,3.165676,50.69693923,50.58476329,1
12:08:26,3.158,3.165675,50.69026351,50.57766438,1
12:08:27,3.158,3.165675,50.68358779,50.57056546,1
12:08:28,3.158,3.165674,50.67691207,50.56346655,1
12:08:29,3.158,3.165674,50.67023635,50.55636764,1
12:08:30,3.158,3.165673,50.66356063,50.54926872,1
12:08:31,3.158,3.165673,50.65688491,50.54216981,1
12:08:32,3.158,3.165673,50.65020919,50.5350709,1
12:08:33,3.158,3.165672,50.64353347,50.52797198,1
12:08:34,3.158,3.165672,50.63685775,50.52087307,1
12:08:35,3.158,3.165672,50.63018203,50.51377416,1
12:08:36,3.158,3.165671,50.62350631,50.50667524,1
12:08:37,3.158,3.165671,50.61683059,50.49957633,1
12:08:38,3.158,3.16567,50.61015487,50.49248,1
12:08:39,3.158,3.16567,50.60347915,50.4853785,1
12:08:41,3.158,3.165669,50.59680343,50.47827959,1
12:08:41,3.158,3.165668,50.59012771,50.47118068,1
12:08:42,3.158,3.165668,50.58345199,50.46408176,1
12:08:43,3.158,3.165668,50.57677627,50.45698285,1
12:08:44,3.158,3.165667,50.57010055,50.44988394,1
12:08:45,3.158,3.165667,50.56342483,50.44278502,1
12:08:46,3.158,3.165667,50.55674911,50.43568611,1
12:08:48,3.158,3.165666,50.55007339,50.4285872,1
12:08:49,3.158,3.165666,50.54339767,50.42148829,1
12:08:49,3.158,3.165665,50.53672194,50.41438937,1
12:08:50,3.158,3.165665,50.53004622,50.40729046,1
12:08:51,3.158,3.165664,50.5233705,50.40019155,1
12:08:52,3.158,3.165664,50.51669478,50.39309263,1
12:08:53,3.158,3.165663,50.51001906,50.38599372,1
12:08:54,3.158,3.165663,50.50334334,50.37889,1
12:08:55,3.158,3.165663,50.49666762,50.37179589,1
12:08:56,3.158,3.165662,50.4899919,50.36469698,1
12:08:57,3.158,3.165662,50.48331618,50.35759807,1
12:08:58,3.158,3.165661,50.47664046,50.35049915,1
12:08:59,3.158,3.165661,50.46996474,50.34340024,1
12:09:00,3.158,3.16566,50.46328902,50.33630133,1
12:09:01,3.158,3.16566,50.4566133,50.32920241,1
12:09:03,3.158,3.165659,50.44993758,50.3221035,1
12:09:03,3.158,3.165659,50.44326186,50.31500459,1
12:09:04,3.158,3.165658,50.43658614,50.30790567,1
12:09:05,3.158,3.165658,50.42991042,50.30080676,1
12:09:06,3.158,3.165658,50.4232347,50.29370785,1
12:09:07,3.158,3.165658,50.41655898,50.28660893,1
12:09:08,3.158,3.165657,50.40988326,50.27951002,1
12:09:09,3.158,3.165656,50.40320754,50.27241111,1
12:09:10,3.158,3.165656,50.39653182,50.26531,1
12:09:11,3.158,3.165655,50.3898561,50.25821328,1
12:09:12,3.158,3.165655,50.38318038,50.25111437,1
12:09:13,3.158,3.165654,50.37650466,50.24401546,1
12:09:14,3.158,3.165654,50.36982894,50.23691654,1
12:09:15,3.158,3.165654,50.36315322,50.22981763,1
12:09:16,3.158,3.165653,50.3564775,50.22271872,1
12:09:17,3.158,3.165653,50.34980178,50.2156198,1
12:09:18,3.158,3.165653,50.34312606,50.20852089,1
12:09:19,3.158,3.165652,50.33645034,50.20142198,1
12:09:20,3.158,3.165652,50.32977462,50.19432306,1
12:09:21,3.158,3.165651,50.3230989,50.18722415,1
12:09:22,3.158,3.165651,50.31642318,50.18012524,1
12:09:23,3.158,3.16565,50.30974746,50.17302632,1
12:09:24,3.158,3.16565,50.30307174,50.16592741,1
12:09:25,3.158,3.165649,50.29639602,50.1588285,1
12:09:26,3.158,3.165649,50.2897203,50.15173,1
12:09:27,3.158,3.165648,50.28304458,50.14463067,1
12:09:28,3.158,3.165648,50.27636886,50.13753176,1
12:09:29,3.157,3.165648,50.26969314,50.1303792,1
12:09:30,3.158,3.165394,50.26301742,50.12329817,1
12:09:31,3.158,3.165463,50.2563417,50.11621118,1
12:09:32,3.158,3.165513,50.24966598,50.10912418,1
12:09:33,3.157,3.165549,50.24299026,50.10197759,1
12:09:34,3.157,3.165322,50.23631454,50.09484291,1
12:09:35,3.157,3.165157,50.22963881,50.08772016,1
12:09:36,3.158,3.165037,50.22296309,50.08065701,1
12:09:37,3.157,3.165202,50.21628737,50.07353,1
12:09:38,3.157,3.16507,50.20961165,50.06640553,1
12:09:39,3.158,3.164973,50.20293593,50.05934834,1
12:09:40,3.157,3.165155,50.19626021,50.05222559,1
12:09:41,3.157,3.165035,50.18958449,50.04511,1
12:09:42,3.157,3.164948,50.18290877,50.037992,1
12:09:43,3.157,3.164884,50.17623305,50.03088117,1
12:09:44,3.157,3.164838,50.16955733,50.02377033,1
12:09:45,3.157,3.164804,50.16288161,50.01666546,1
12:09:46,3.157,3.164779,50.15620589,50.00956059,1
12:09:47,3.157,3.164761,50.14953017,50.00245571,1
12:09:48,3.157,3.164747,50.14285445,49.99530017,1
12:09:49,3.158,3.164735,50.13617873,49.98814762,1
12:09:50,3.157,3.16498,50.12950301,49.98085499,1
12:09:51,3.157,3.164905,50.12282729,49.9735266,1
12:09:52,3.157,3.16485,50.11615157,49.96617138,1
12:09:53,3.157,3.16481,50.10947585,49.95878339,1
12:09:54,3.157,3.164781,50.10280013,49.95139539,1
12:09:55,3.157,3.16476,50.09612441,49.94398057,1
12:09:56,3.157,3.164744,50.08944869,49.93655682,1
12:09:57,3.157,3.164732,50.08277297,49.92912412,1
12:09:58,3.157,3.164724,50.07609725,49.92167056,1
12:09:59,3.157,3.164717,50.06942153,49.91421402,1
12:10:00,3.157,3.164712,50.06274581,49.90675151,1
12:10:01,3.157,3.164709,50.05607009,49.89928603,1
12:10:02,3.157,3.164706,50.04939437,49.89189506,1
12:10:03,3.157,3.164704,50.04271865,49.8845458,1
12:10:04,3.157,3.164702,50.03604293,49.87725317,1
12:10:05,3.157,3.164701,50.02936721,49.86999035,1
12:10:06,3.157,3.1647,50.02269149,49.86273348,1
12:10:07,3.157,3.164699,50.01601577,49.8555094,1
12:10:08,3.157,3.164698,50.00934005,49.84829426,1
12:10:09,3.157,3.164697,50.00266433,49.84108508,1
12:10:10,3.157,3.164696,49.99598563,49.83388186,1
12:10:11,3.157,3.164696,49.98930693,49.82666969,1
12:10:12,3.157,3.164695,49.98262823,49.81946349,1
12:10:13,3.157,3.164695,49.97594953,49.81226325,1
12:10:14,3.157,3.164694,49.96927083,49.80507791,1
12:10:15,3.157,3.164693,49.96259212,49.79789257,1
12:10:16,3.157,3.164693,49.95591342,49.79070723,1
12:10:17,3.157,3.164692,49.94923472,49.78351891,1
12:10:18,3.157,3.164691,49.94255602,49.77633059,1
12:10:19,3.157,3.164691,49.93587732,49.76914227,1
12:10:20,3.157,3.16469,49.92919862,49.76195395,1
12:10:21,3.157,3.16469,49.92251992,49.75475073,1
12:10:22,3.157,3.164689,49.91584122,49.74755347,1
12:10:23,3.156,3.164689,49.90916252,49.74029064,1
12:10:24,3.156,3.164436,49.90248382,49.7330606,1
12:10:25,3.156,3.164251,49.89580512,49.7258395,1
12:10:26,3.156,3.164117,49.88912642,49.71862733,1
12:10:27,3.156,3.16402,49.88244772,49.71140623,1
12:10:28,3.155,3.163949,49.87576902,49.70412552,1
12:10:29,3.155,3.163644,49.86909032,49.69688058,1
12:10:30,3.155,3.163423,49.86241162,49.68964756,1
12:10:31,3.155,3.163262,49.85573292,49.68242347,1
12:10:32,3.155,3.163144,49.84905422,49.67519343,1
12:10:33,3.154,3.163059,49.84237552,49.66791868,1
12:10:34,3.154,3.162744,49.83569682,49.6606648,1
12:10:35,3.154,3.162514,49.82901812,49.65342283,1
12:10:36,3.154,3.162348,49.82233942,49.64617789,1
12:10:37,3.153,3.162226,49.81566072,49.63889122,1
12:10:38,3.153,3.161885,49.80898201,49.63162541,1
12:10:39,3.153,3.161638,49.8023,49.62435961,1
12:10:40,3.153,3.161457,49.79562461,49.61711168,1
12:10:41,3.153,3.161326,49.78894591,49.6098876,1
12:10:42,3.153,3.16123,49.78226721,49.6026665,1
12:10:43,3.153,3.16116,49.77558851,49.59544837,1
12:10:44,3.153,3.161109,49.76890981,49.58821833,1
12:10:45,3.152,3.161072,49.76223111,49.58092868,1
12:10:46,3.152,3.160793,49.75555241,49.5736748,1
12:10:47,3.152,3.160589,49.74887371,49.56643283,1
12:10:48,3.152,3.160441,49.74219501,49.55918193,1
12:10:49,3.152,3.160333,49.73551631,49.55195487,1
12:10:50,3.152,3.160255,49.72883761,49.54473376,1
12:10:51,3.151,3.160197,49.72215891,49.53744709,1
12:10:52,3.151,3.159903,49.71548021,49.53016341,1
12:10:53,3.151,3.159689,49.70880151,49.5229125,1
12:10:54,3.151,3.159533,49.70212281,49.51567054,1
12:10:55,3.151,3.159419,49.69544411,49.50843453,1
12:10:56,3.151,3.159337,49.68876541,49.50118959,1
12:10:57,3.151,3.159276,49.68208671,49.49395061,1
12:10:58,3.151,3.159233,49.67540801,49.48673,1
12:10:59,3.151,3.159201,49.66872931,49.47951436,1
12:11:00,3.151,3.159177,49.6620506,49.47229624,1
12:11:01,3.151,3.15916,49.6553719,49.46507812,1
12:11:02,3.151,3.159147,49.6486932,49.45784509,1
12:11:03,3.151,3.159138,49.6420145,49.45062995,1
12:11:04,3.151,3.159131,49.6353358,49.44341481,1
12:11:05,3.151,3.159125,49.6286571,49.43619967,1
12:11:06,3.151,3.159122,49.6219784,49.42898154,1
12:11:07,3.151,3.159118,49.6152997,49.42176342,1
12:11:08,3.151,3.159116,49.608621,49.4145304,1
12:11:09,3.151,3.159114,49.6019423,49.40731525,1
12:11:10,3.151,3.159113,49.5952636,49.40010011,1
12:11:11,3.151,3.159111,49.58858,49.39288497,1
12:11:12,3.151,3.15911,49.5819062,49.38566685,1
12:11:13,3.151,3.15911,49.5752275,49.37844872,1
12:11:14,3.151,3.159109,49.5685488,49.3712157,1
12:11:15,3.151,3.159108,49.5618701,49.36400056,1
12:11:16,3.151,3.159107,49.5551914,49.35678542,1
12:11:17,3.151,3.159106,49.5485127,49.34957027,1
12:11:18,3.151,3.159106,49.541834,49.34235215,1
12:11:19,3.151,3.159105,49.5351553,49.33511913,1
12:11:20,3.151,3.159105,49.5284766,49.32789207,1
12:11:21,3.151,3.159104,49.5217979,49.3206799,1
12:11:22,3.151,3.159104,49.51511919,49.31346774,1
12:11:23,3.151,3.159103,49.50844049,49.3062526,1
12:11:24,3.151,3.159102,49.50176179,49.29903746,1
12:11:25,3.151,3.159102,49.49508309,49.29180741,1
12:11:26,3.151,3.159101,49.48840439,49.28458035,1
12:11:27,3.151,3.159101,49.48172569,49.27736819,1
12:11:28,3.151,3.1591,49.47504699,49.27015603,1
12:11:29,3.151,3.159099,49.46836829,49.26294088,1
12:11:30,3.151,3.159099,49.46168959,49.25572574,1
12:11:31,3.151,3.159098,49.45501089,49.2484957,1
12:11:32,3.151,3.159098,49.44833219,49.24126863,1
12:11:33,3.151,3.159097,49.44165349,49.23405647,1
12:11:34,3.151,3.159097,49.43497479,49.22684431,1
12:11:35,3.151,3.159096,49.42829609,49.21962917,1
12:11:36,3.151,3.159095,49.42161739,49.21241403,1
12:11:37,3.151,3.159095,49.41493869,49.20518398,1
12:11:38,3.151,3.159094,49.40825999,49.19795692,1
12:11:39,3.151,3.159094,49.40158129,49.19074476,1
12:11:40,3.151,3.159093,49.39490259,49.1835326,1
12:11:41,3.151,3.159092,49.38822389,49.17631745,1
12:11:42,3.151,3.159092,49.38154519,49.16910231,1
12:11:43,3.151,3.159091,49.37487,49.16187227,1
12:11:44,3.15,3.159091,49.36818779,49.15457666,1
12:11:45,3.151,3.158838,49.36150908,49.14738238,1
12:11:46,3.151,3.158906,49.35483038,49.14018214,1
12:11:47,3.15,3.158956,49.34815168,49.13291037,1
12:11:48,3.15,3.158739,49.34147298,49.12563562,1
12:11:49,3.15,3.158581,49.33479428,49.11839068,1
12:11:50,3.15,3.158466,49.32811558,49.1111517,1
12:11:51,3.164,3.171348,49.32811558,49.11065102,1
12:11:52,3.165,3.171793,49.32811558,49.11018908,1
12:11:53,3.165,3.172369,49.32811558,49.1097033,1
12:11:54,3.165,3.172788,49.32811558,49.10918772,1
12:11:55,3.167,3.173093,49.32811558,49.10878539,1
12:11:56,3.171,3.17382,49.32811558,49.10859764,1
12:11:57,3.172,3.175359,49.32811558,49.10837412,1
12:11:58,3.172,3.17673,49.32811558,49.10804927,1
12:11:59,3.172,3.177727,49.32811558,49.10767078,1
12:12:00,3.173,3.178452,49.32811558,49.10731018,1
12:12:01,3.173,3.179232,49.32811558,49.10689592,1
12:12:02,3.173,3.179798,49.32811558,49.10644293,1
12:12:03,3.173,3.18021,49.32811558,49.10596311,1
12:12:04,3.173,3.18051,49.32811558,49.10544753,1
12:12:05,3.173,3.180728,49.32811558,49.10493493,1
12:12:06,3.173,3.180886,49.32811558,49.10441041,1
12:12:07,3.173,3.181001,49.32811558,49.10387695,1
12:12:08,3.173,3.181085,49.32811558,49.10333753,1
12:12:09,3.173,3.181145,49.32811558,49.10279512,1
12:12:10,3.173,3.18119,49.32811558,49.10223484,1
12:12:11,3.173,3.181222,49.32811558,49.10168946,1
12:12:12,3.173,3.181245,49.32811558,49.1011411,1
12:12:13,3.173,3.181262,49.32811558,49.10057485,1
12:12:14,3.174,3.181275,49.32811558,49.10009205,1
12:12:15,3.174,3.181536,49.32811558,49.09959137,1
12:12:16,3.176,3.181726,49.32811558,49.09920096,1
12:12:17,3.177,3.18237,49.32811558,49.0988344,1
12:12:18,3.178,3.18309,49.32811558,49.09848869,1
12:12:19,3.179,3.183867,49.32811558,49.0981698,1
12:12:20,3.179,3.184684,49.32811558,49.09779429,1
12:12:21,3.179,3.185278,49.32811558,49.09737706,1
12:12:22,3.179,3.185709,49.32811558,49.09693003,1
12:12:23,3.179,3.186023,49.32811558,49.09646213,1
12:12:24,3.179,3.186252,49.32811558,49.09597933,1
12:12:25,3.179,3.186418,49.32811558,49.09546971,1
12:12:26,3.179,3.186538,49.32811558,49.09496903,1
12:12:27,3.179,3.186626,49.32811558,49.09446239,1
12:12:28,3.179,3.18669,49.32811558,49.09393489,1
12:12:29,3.18,3.186736,49.32811558,49.09348786,1
12:12:30,3.18,3.187023,49.32811558,49.09301996,1
12:12:31,3.18,3.187231,49.32811558,49.09253716,1
12:12:32,3.18,3.187382,49.32811558,49.09204543,1
12:12:33,3.18,3.187492,49.32811558,49.09153283,1
12:12:34,3.18,3.187572,49.32811558,49.09102917,1
12:12:35,3.18,3.18763,49.32811558,49.09051955,1
12:12:36,3.18,3.187672,49.32811558,49.09000695,1
12:12:37,3.18,3.187703,49.32811558,49.08947945,1
12:12:38,3.18,3.187726,49.32811558,49.08896685,1
12:12:39,3.18,3.187742,49.32811558,49.08845127,1
12:12:40,3.18,3.187753,49.32811558,49.08792078,1
12:12:41,3.18,3.187762,49.32811558,49.0874052,1
12:12:42,3.18,3.187768,49.32811558,49.08688664,1
12:12:43,3.18,3.187773,49.32811558,49.08635318,1
12:12:44,3.18,3.187776,49.32811558,49.0858376,1
12:12:45,3.18,3.187778,49.32811558,49.08531904,1
12:12:46,3.18,3.18778,49.32811558,49.08478558,1
12:12:47,3.18,3.187781,49.32811558,49.08427,1
12:12:48,3.18,3.187782,49.32811558,49.08375144,1
12:12:49,3.18,3.187783,49.32811558,49.08323,1
12:12:50,3.18,3.187783,49.32811558,49.08269942,1
12:12:51,3.18,3.187783,49.32811558,49.08218086,1
12:12:52,3.18,3.187784,49.32811558,49.0816623,1
12:12:53,3.157,3.161846,49.31476116,49.06798303,1
12:12:54,3.151,3.162097,49.30140674,49.05386567,1
12:12:55,3.148,3.160764,49.28805232,49.03966188,1
12:12:56,3.143,3.159036,49.2746979,49.02523756,1
12:12:57,3.143,3.156516,49.26134348,49.01098013,1
12:12:58,3.143,3.154684,49.24798906,48.99684489,1
12:12:59,3.143,3.153352,49.23463464,48.98277819,1
12:13:00,3.139,3.152383,49.22128022,48.96853268,1
12:13:01,3.136,3.150667,49.2079258,48.95419776,1
12:13:02,3.136,3.148662,49.19457138,48.93999696,1
12:13:03,3.136,3.147204,49.18121696,48.92589152,1
12:13:04,3.135,3.146143,49.16786253,48.91178906,1
12:13:05,3.135,3.145119,49.15450811,48.89775515,1
12:13:06,3.133,3.144375,49.14115369,48.88363779,1
12:13:07,3.132,3.143328,49.12779927,48.86950254,1
12:13:08,3.13,3.142313,49.11444485,48.85532558,1
12:13:09,3.129,3.14107,49.10109043,48.84116352,1
12:13:10,3.129,3.139914,49.08773601,48.82705808,1
12:13:11,3.129,3.139072,49.07438159,48.8130331,1
12:13:12,3.129,3.138461,49.06102717,48.79904687,1
12:13:13,3.129,3.138015,49.04767275,48.78507257,1
12:13:14,3.128,3.137691,49.03431833,48.77105653,1
12:13:15,3.128,3.137203,49.02096391,48.75709116,1
12:13:16,3.127,3.136847,49.00760949,48.74308109,1
12:13:17,3.125,3.136336,48.99426,48.72896969,1
12:13:18,3.124,3.135459,48.98090065,48.71484935,1
12:13:19,3.122,3.134567,48.96754622,48.70065451,1
12:13:20,3.122,3.133414,48.9541918,48.68653417,1
12:13:21,3.122,3.132576,48.94083738,48.67245257,1
12:13:22,3.122,3.131965,48.92748296,48.65843356,1
12:13:23,3.122,3.131521,48.91412854,48.64444137,1
12:13:24,3.122,3.131198,48.90077412,48.63045514,1
12:13:25,3.121,3.130963,48.8874197,48.61643612,1
12:13:26,3.121,3.130539,48.87406528,48.60244393,1
12:13:27,3.121,3.13023,48.86071086,48.5884726,1
12:13:28,3.121,3.130006,48.84735644,48.5744983,1
12:13:29,3.12,3.129842,48.83400202,48.56047034,1
12:13:30,3.118,3.12947,48.8206476,48.54635596,1
12:13:31,3.117,3.128694,48.80729318,48.53220284,1
12:13:32,3.115,3.127877,48.79393876,48.51799309,1
12:13:33,3.115,3.126777,48.78058434,48.50385487,1
12:13:34,3.114,3.125977,48.76722991,48.48970175,1
12:13:35,3.114,3.125142,48.75387549,48.47560227,1
12:13:36,3.114,3.124535,48.74052107,48.46152365,1
12:13:37,3.114,3.124093,48.72716665,48.4474957,1
12:13:38,3.114,3.123772,48.71381223,48.43348861,1
12:13:39,3.114,3.123538,48.70045781,48.41947854,1
12:13:40,3.114,3.123367,48.68710339,48.40548337,1
12:13:41,3.114,3.123243,48.67374897,48.39151502,1
12:13:42,3.113,3.123152,48.66039455,48.37748408,1
12:13:43,3.113,3.122833,48.64704013,48.36347401,1
12:13:44,3.112,3.122601,48.63368571,48.34938943,1
12:13:45,3.112,3.122179,48.62033129,48.33535552,1
12:13:46,3.111,3.121872,48.60697687,48.32125604,1
12:13:47,3.109,3.121396,48.59362245,48.3070761,1
12:13:48,3.108,3.120544,48.58026803,48.29286337,1
12:13:49,3.107,3.119671,48.56691,48.27866554,1
12:13:50,3.107,3.118784,48.55355918,48.26452434,1
12:13:51,3.107,3.118139,48.54020476,48.250404,1
12:13:52,3.107,3.117669,48.52685034,48.23634028,1
12:13:53,3.107,3.117327,48.51349592,48.22227657,1
12:13:54,3.107,3.117079,48.5001415,48.2082516,1
12:13:55,3.106,3.116897,48.48678708,48.19417,1
12:13:56,3.106,3.116513,48.47343266,48.18011224,1
12:13:57,3.106,3.116232,48.46007824,48.16607237,1
12:13:58,3.106,3.116028,48.44672382,48.15202653,1
12:13:59,3.104,3.11588,48.4333694,48.13787937,1
12:14:00,3.102,3.115266,48.42001498,48.12363684,1
12:14:01,3.102,3.114314,48.40666056,48.1094569,1
12:14:02,3.101,3.113621,48.39330614,48.09525609,1
12:14:03,3.1,3.112865,48.37995172,48.08101356,1
12:14:04,3.1,3.112062,48.36659729,48.06683064,1
12:14:05,3.1,3.111478,48.35324287,48.05271327,1
12:14:06,3.1,3.111053,48.33988845,48.03860188,1
12:14:07,3.1,3.110743,48.32653403,48.0245322,1
12:14:08,3.1,3.110518,48.31317961,48.01045656,1
12:14:09,3.099,3.110354,48.29982519,47.99634814,1
12:14:10,3.099,3.109982,48.28647077,47.98223972,1
12:14:11,3.099,3.10971,48.27311635,47.96817303,1
12:14:12,3.098,3.109513,48.25976193,47.95402884,1
12:14:13,3.097,3.109116,48.24640751,47.93986976,1
12:14:14,3.095,3.108575,48.23305309,47.92558551,1
12:14:15,3.094,3.107676,48.21969867,47.91129827,1
12:14:16,3.093,3.106768,48.20634425,47.89700508,1
12:14:17,3.092,3.105856,48.19298983,47.88270891,1
12:14:18,3.092,3.10494,48.17963541,47.86847532,1
12:14:19,3.092,3.104273,48.16628098,47.85431027,1
12:14:20,3.092,3.103788,48.15292656,47.84017205,1
12:14:21,3.092,3.103435,48.13957,47.82603383,1
12:14:22,3.091,3.103178,48.12621772,47.81187177,1
12:14:23,3.091,3.102738,48.1128633,47.79773355,1
12:14:24,3.091,3.102418,48.09950888,47.78361619,1
12:14:25,3.09,3.102185,48.08615446,47.76944518,1
12:14:26,3.088,3.101762,48.07280004,47.75514007,1
12:14:27,3.086,3.100949,48.05944562,47.74076045,1
12:14:28,3.085,3.099852,48.0460912,47.72641659,1
12:14:29,3.085,3.098802,48.03273678,47.71214128,1
12:14:30,3.085,3.098038,48.01938236,47.69791365,1
12:14:31,3.085,3.097482,48.00602794,47.68369794,1
12:14:32,3.085,3.097077,47.99267352,47.66953588,1
12:14:33,3.085,3.096783,47.9793191,47.65539,1
12:14:34,3.084,3.096568,47.96596467,47.64117002,1
12:14:35,3.084,3.096159,47.95261025,47.62700498,1
12:14:36,3.084,3.095862,47.93925583,47.61285484,1
12:14:37,3.082,3.095645,47.92590141,47.59855866,1
12:14:38,3.081,3.094981,47.91254699,47.58424461,1
12:14:39,3.08,3.094246,47.89919257,47.56991565,1
12:14:40,3.079,3.093458,47.88583815,47.55557477,1
12:14:41,3.078,3.092632,47.87248373,47.54125178,1
12:14:42,3.078,3.091779,47.85912931,47.52697945,1
12:14:43,3.078,3.091158,47.84577489,47.51274586,1
12:14:44,3.078,3.090706,47.83242047,47.49851823,1
12:14:45,3.077,3.090377,47.81906605,47.48427272,1
12:14:46,3.077,3.089885,47.80571163,47.47005701,1
12:14:47,3.077,3.089527,47.79235721,47.45586216,1
12:14:48,3.075,3.089266,47.77900279,47.44154811,1
12:14:49,3.073,3.08857,47.76564837,47.42714465,1
12:14:50,3.072,3.087559,47.75229394,47.41274118,1
12:14:51,3.071,3.086571,47.73893952,47.39833772,1
12:14:52,3.071,3.085599,47.7255851,47.383973,1
12:14:53,3.071,3.084892,47.71223,47.36966193,1
12:14:54,3.071,3.084378,47.69887626,47.3553896,1
12:14:55,3.071,3.084003,47.68552184,47.34114707,1
12:14:56,3.07,3.083731,47.67216742,47.32685685,1
12:14:57,3.07,3.083279,47.658813,47.31262326,1
12:14:58,3.07,3.082951,47.64545858,47.29840755,1
12:14:59,3.067,3.082712,47.63210416,47.28400111,1
12:15:00,3.065,3.081779,47.61874974,47.26952016,1
12:15:01,3.064,3.080595,47.60539532,47.25502133,1
12:15:02,3.063,3.079482,47.5920409,47.24056423,1
12:15:03,3.063,3.078419,47.57868648,47.22614884,1
12:15:04,3.063,3.077646,47.56533206,47.21181691,1
12:15:05,3.063,3.077083,47.55197763,47.19751775,1
12:15:06,3.062,3.076674,47.53862321,47.18317688,1
12:15:07,3.062,3.076123,47.52526879,47.16887176,1
12:15:08,3.061,3.075722,47.51191437,47.15452492,1
12:15:09,3.059,3.075178,47.49855995,47.14007974,1
12:15:10,3.057,3.074276,47.48520553,47.12552726,1
12:15:11,3.056,3.073114,47.47185111,47.11102545,1
12:15:12,3.056,3.072017,47.45849669,47.09656537,1
12:15:13,3.056,3.071218,47.44514227,47.08219171,1
12:15:14,3.056,3.070637,47.43178785,47.06785679,1
12:15:15,3.055,3.070215,47.41843343,47.05348015,1
12:15:16,3.055,3.069654,47.40507901,47.03913927,1
12:15:17,3.055,3.069247,47.39172459,47.02479839,1
12:15:18,3.053,3.06895,47.37837017,47.01034725,1
12:15:19,3.05,3.068228,47.36501575,46.99577689,1
12:15:20,3.05,3.066944,47.35166132,46.9812572,1
12:15:21,3.049,3.06601,47.3383069,46.96676731,1
12:15:22,3.049,3.065079,47.32495248,46.95230722,1
12:15:23,3.049,3.064401,47.31159806,46.93792462,1
12:15:24,3.048,3.063908,47.29824364,46.92350626,1
12:15:25,3.048,3.063296,47.28489,46.90909684,1
12:15:26,3.047,3.062851,47.2715348,46.89468145,1
12:15:27,3.045,3.062274,47.25818038,46.88016772,1
12:15:28,3.043,3.061349,47.24482596,46.8655467,1
12:15:29,3.041,3.06017,47.23147154,46.85091078,1
12:15:30,3.041,3.058807,47.21811712,46.83636129,1
12:15:31,3.041,3.057816,47.2047627,46.82187438,1
12:15:32,3.041,3.057095,47.19140828,46.80743515,1
12:15:33,3.04,3.05657,47.17805386,46.79293334,1
12:15:34,3.04,3.055936,47.16469944,46.77850902,1
12:15:35,3.04,3.055474,47.15134501,46.7641145,1
12:15:36,3.037,3.055138,47.13799059,46.7495054,1
12:15:37,3.035,3.054134,47.12463617,46.73486948,1
12:15:38,3.034,3.052899,47.11128175,46.72024548,1
12:15:39,3.034,3.051748,47.09792733,46.70569599,1
12:15:40,3.034,3.05091,47.08457291,46.69117033,1
12:15:41,3.033,3.050301,47.07121849,46.6766566,1
12:15:42,3.032,3.049605,47.05786407,46.66208625,1
12:15:43,3.03,3.048846,47.04450965,46.64747119,1
12:15:44,3.028,3.047788,47.03115523,46.63278759,1
12:15:45,3.027,3.046512,47.01780081,46.61811888,1
12:15:46,3.027,3.045332,47.00444639,46.60352767,1
12:15:47,3.027,3.044474,46.99109197,46.58899,1
12:15:48,3.027,3.043849,46.97773755,46.5745002,1
12:15:49,3.026,3.043395,46.96438313,46.55996859,1
12:15:50,3.026,3.042811,46.9510287,46.54547572,1
12:15:51,3.024,3.042386,46.93767428,46.53087556,1
12:15:52,3.022,3.041571,46.92431986,46.51615918,1
12:15:53,3.021,3.040473,46.91096544,46.50146067,1
12:15:54,3.021,3.039421,46.89761102,46.48683965,1
12:15:55,3.049,3.065271,46.89761102,46.48575485,1
12:15:56,3.056,3.065549,46.89761102,46.4850992,1
12:15:57,3.056,3.06752,46.89761102,46.4843303,1
12:15:58,3.059,3.068954,46.89761102,46.48366272,1
12:15:59,3.062,3.070754,46.89761102,46.48307264,1
12:16:00,3.063,3.072821,46.89761102,46.48241103,1
12:16:01,3.063,3.074577,46.89761102,46.48163021,1
12:16:02,3.063,3.075854,46.89761102,46.48075998,1
12:16:03,3.064,3.076782,46.89761102,46.47989571,1
12:16:04,3.069,3.077709,46.89761102,46.47930562,1
12:16:05,3.07,3.079648,46.89761102,46.47865,1
12:16:06,3.07,3.081309,46.89761102,46.47788703,1
12:16:07,3.071,3.082518,46.89761102,46.47710621,1
12:16:08,3.071,3.083649,46.89761102,46.47624791,1
12:16:10,3.071,3.084471,46.89761102,46.47530913,1
12:16:10,3.071,3.085069,46.89761102,46.47436,1
12:16:11,3.071,3.085504,46.89761102,46.47338092,1
12:16:12,3.071,3.08582,46.89761102,46.47235274,1
12:16:13,3.071,3.08605,46.89761102,46.47134244,1
12:16:14,3.073,3.086217,46.89761102,46.47045,1
12:16:15,3.075,3.086844,46.89761102,46.46965265,1
12:16:16,3.077,3.087805,46.89761102,46.4689225,1
12:16:17,3.077,3.08901,46.89761102,46.46810889,1
12:16:18,3.077,3.089885,46.89761102,46.46723568,1
12:16:19,3.078,3.090522,46.89761102,46.46638632,1
12:16:20,3.078,3.091238,46.89761102,46.46548927,1
12:16:21,3.078,3.091758,46.89761102,46.46452963,1
12:16:22,3.078,3.092136,46.89761102,46.46357596,1
12:16:23,3.078,3.092411,46.89761102,46.46260142,1
12:16:24,3.078,3.092611,46.89761102,46.46161199,1
12:16:25,3.078,3.092756,46.89761102,46.46061361,1
12:16:26,3.078,3.092862,46.89761102,46.45960629,1
12:16:27,3.078,3.092939,46.89761102,46.45859301,1
12:16:28,3.078,3.092994,46.89761102,46.45757377,1
12:16:29,3.078,3.093035,46.89761102,46.45652473,1
12:16:30,3.078,3.093064,46.89761102,46.45550847,1
12:16:31,3.078,3.093086,46.89761102,46.45446241,1
12:16:32,3.078,3.093101,46.89761102,46.45344615,1
12:16:33,3.078,3.093113,46.89761102,46.45243,1
12:16:34,3.079,3.093121,46.89761102,46.45147,1
12:16:35,3.08,3.093379,46.89761102,46.45056725,1
12:16:36,3.081,3.09382,46.89761102,46.44969702,1
12:16:37,3.082,3.094393,46.89761102,46.44885659,1
12:16:38,3.083,3.095063,46.89761102,46.44803703,1
12:16:39,3.084,3.095803,46.89761102,46.44721448,1
12:16:40,3.084,3.096593,46.89761102,46.44634128,1
12:16:41,3.084,3.097168,46.89761102,46.44543231,1
12:16:42,3.084,3.097586,46.89761102,46.44452333,1
12:16:43,3.084,3.097889,46.89761102,46.44358754,1
12:16:44,3.084,3.09811,46.89761102,46.44261003,1
12:16:45,3.084,3.09827,46.89761102,46.44165,1
12:16:46,3.084,3.098387,46.89761102,46.44065499,1
12:16:47,3.084,3.098472,46.89761102,46.43968344,1
12:16:48,3.084,3.098533,46.89761102,46.43867612,1
12:16:49,3.084,3.098578,46.89761102,46.4376986,1
12:16:50,3.085,3.098611,46.89761102,46.43675685,1
12:16:51,3.085,3.098887,46.89761102,46.43582404,1
12:16:52,3.085,3.099088,46.89761102,46.43487334,1
12:16:53,3.085,3.099234,46.89761102,46.43388391,1
12:16:54,3.085,3.099341,46.89761102,46.43291831,1
12:16:55,3.085,3.099418,46.89761102,46.43191993,1
12:16:56,3.085,3.099474,46.89761102,46.4309454,1
12:16:57,3.085,3.099514,46.89761102,46.42993808,1
12:16:58,3.085,3.099544,46.89761102,46.42896056,1
12:16:59,3.085,3.099566,46.89761102,46.42795026,1
12:17:00,3.085,3.099581,46.89761102,46.42696977,1
12:17:01,3.085,3.099592,46.89761102,46.42595947,1
12:17:02,3.085,3.099601,46.89761102,46.42497897,1
12:17:03,3.085,3.099607,46.89761102,46.42396569,1
12:17:04,3.085,3.099611,46.89761102,46.42298222,1
12:17:05,3.085,3.099614,46.89761102,46.42196894,1
12:17:06,3.085,3.099617,46.89761102,46.42098546,1
12:17:07,3.085,3.099618,46.89761102,46.41997218,1
12:17:08,3.085,3.099619,46.89761102,46.4189887,1
12:17:09,3.085,3.09962,46.89761102,46.41797543,1
12:17:10,3.085,3.09962,46.89761102,46.41699195,1
12:17:11,3.085,3.099621,46.89761102,46.41597867,1
12:17:12,3.085,3.099621,46.89761102,46.41499519,1
12:17:13,3.085,3.099621,46.89761102,46.41398191,1
12:17:14,3.085,3.099621,46.89761102,46.41299844,1
12:17:15,3.085,3.099622,46.89761102,46.41198516,1
12:17:16,3.085,3.099622,46.89761102,46.41100168,1
12:17:17,3.085,3.099622,46.89761102,46.40999,1
12:17:18,3.085,3.099621,46.89761102,46.40900493,1
12:17:19,3.085,3.099621,46.89761102,46.40799165,1
12:17:20,3.085,3.099621,46.89761102,46.40700817,1
12:17:21,3.085,3.099621,46.89761102,46.40599489,1
12:17:22,3.085,3.099621,46.89761102,46.40501142,1
12:17:23,3.085,3.099621,46.89761102,46.40399516,1
12:17:24,3.085,3.099621,46.89761102,46.40301168,1
12:17:25,3.085,3.099621,46.89761102,46.40202224,1
12:17:26,3.086,3.099621,46.89761102,46.40109837,1
12:17:27,3.086,3.099874,46.89761102,46.4001298,1
12:17:28,3.087,3.100057,46.89761102,46.39924765,1
12:17:29,3.087,3.100444,46.89761102,46.3983357,1
12:17:30,3.088,3.100724,46.89761102,46.39744759,1
12:17:31,3.088,3.101181,46.89761102,46.3965565,1
12:17:32,3.089,3.101514,46.89761102,46.39570713,1
12:17:33,3.09,3.102008,46.89761102,46.39489055,1
12:17:34,3.09,3.10262,46.89761102,46.39403224,1
12:17:35,3.091,3.103065,46.89761102,46.3932097,1
12:17:36,3.091,3.103641,46.89761102,46.39232457,1
12:17:37,3.091,3.10406,46.89761102,46.3914156,1
12:17:38,3.091,3.104365,46.89761102,46.39051259,1
12:17:39,3.091,3.104586,46.89761102,46.38959169,1
12:17:40,3.091,3.104747,46.89761102,46.38863206,1
12:17:41,3.091,3.104864,46.89761102,46.38769329,1
12:17:42,3.091,3.104949,46.89761102,46.38674855,1
12:17:43,3.091,3.105011,46.89761102,46.38577104,1
12:17:44,3.091,3.105056,46.89761102,46.38482034,1
12:17:45,3.091,3.105088,46.89761102,46.38383687,1
12:17:46,3.091,3.105112,46.89761102,46.38288319,1
12:17:47,3.091,3.105129,46.89761102,46.38192356,1
12:17:48,3.091,3.105142,46.89761102,46.38096094,1
12:17:49,3.091,3.105151,46.89761102,46.37999833,1
12:17:50,3.091,3.105158,46.89761102,46.37900591,1
12:17:51,3.091,3.105162,46.89761102,46.37804627,1
12:17:52,3.091,3.105166,46.89761102,46.37705684,1
12:17:53,3.091,3.105168,46.89761102,46.3760972,1
12:17:54,3.092,3.10517,46.89761102,46.37518,1
12:17:55,3.092,3.105424,46.89761102,46.37427032,1
12:17:56,3.092,3.105609,46.89761102,46.37334645,1
12:17:57,3.092,3.105743,46.89761102,46.37241066,1
12:17:58,3.092,3.105841,46.89761102,46.37146592,1
12:17:59,3.092,3.105911,46.89761102,46.37051523,1
12:18:00,3.092,3.105963,46.89761102,46.36953473,1
12:18:01,3.092,3.106001,46.89761102,46.36858404,1
12:18:02,3.092,3.106028,46.89761102,46.36762738,1
12:18:03,3.092,3.106048,46.89761102,46.36666775,1
12:18:04,3.092,3.106062,46.89761102,46.36570811,1
12:18:05,3.092,3.106072,46.89761102,46.36471868,1
12:18:06,3.092,3.10608,46.89761102,46.36376202,1
12:18:07,3.092,3.106085,46.89761102,46.36277556,1
12:18:08,3.092,3.106089,46.89761102,46.36181891,1
12:18:09,3.092,3.106092,46.89761102,46.36083543,1
12:18:10,3.092,3.106094,46.89761102,46.35988176,1
12:18:11,3.092,3.106096,46.89761102,46.3589251,1
12:18:12,3.092,3.106097,46.89761102,46.35793865,1
12:18:13,3.092,3.106097,46.89761102,46.35698199,1
12:18:14,3.092,3.106098,46.89761102,46.35599554,1
12:18:15,3.092,3.106098,46.89761102,46.35504186,1
12:18:16,3.092,3.106098,46.89761102,46.35405838,1
12:18:17,3.092,3.106099,46.89761102,46.35310471,1
12:18:18,3.092,3.106099,46.89761102,46.35214806,1
12:18:19,3.092,3.106099,46.89761102,46.35118842,1
12:18:20,3.092,3.106099,46.89761102,46.35022581,1
12:18:21,3.092,3.106099,46.89761102,46.34923637,1
12:18:22,3.092,3.106099,46.89761102,46.34827673,1
12:18:23,3.092,3.106099,46.89761102,46.34729028,1
12:18:24,3.092,3.106099,46.89761102,46.34633362,1
12:18:25,3.092,3.106098,46.89761102,46.34537399,1
12:18:26,3.092,3.106099,46.89761102,46.34441137,1
12:18:27,3.05,3.06612,46.8775779,46.32324576,1
12:18:28,3.043,3.06488,46.85754478,46.30172551,1
12:18:29,3.038,3.062208,46.83751166,46.28004134,1
12:18:30,3.033,3.059001,46.81747854,46.25818431,1
12:18:31,3.028,3.055405,46.79744542,46.23623788,1
12:18:32,3.026,3.051525,46.7774123,46.21447623,1
12:18:33,3.021,3.048198,46.75737917,46.1925447,1
12:18:34,3.019,3.044515,46.73734605,46.17078304,1
12:18:35,3.015,3.041331,46.71731293,46.14891112,1
12:18:36,3.012,3.038004,46.69727981,46.127069,1
12:18:37,3.009,3.034826,46.67724669,46.10524476,1
12:18:38,3.006,3.031757,46.65721357,46.08342946,1
12:18:39,3.004,3.028766,46.63718045,46.0616827,1
12:18:40,3,3.026085,46.61714733,46.0398972,1
12:18:41,2.998,3.023124,46.59711421,46.01816535,1
12:18:42,2.997,3.020466,46.57708108,45.99649608,1
12:18:43,2.993,3.018279,46.55704796,45.97475231,1
12:18:44,2.99,3.015677,46.53701484,45.95297277,1
12:18:46,2.989,3.013026,46.51698172,45.93130052,1
12:18:46,2.986,3.010846,46.4969486,45.90956867,1
12:18:47,2.983,3.008501,46.47691548,45.88778913,1
12:18:48,2.982,3.006037,46.45688236,45.86611,1
12:18:49,2.979,3.003993,46.43684924,45.84436119,1
12:18:50,2.976,3.001747,46.41681612,45.82256079,1
12:18:51,2.975,2.999355,46.39678299,45.80085576,1
12:18:52,2.971,2.997362,46.37674987,45.77896297,1
12:18:53,2.968,2.994901,46.35671675,45.75704336,1
12:18:54,2.968,2.992353,46.33668363,45.73535621,1
12:18:55,2.965,2.9905,46.31665051,45.71358562,1
12:18:56,2.962,2.988393,46.29661739,45.69174945,1
12:18:57,2.961,2.986102,46.27658427,45.66999972,1
12:18:58,2.959,2.984183,46.25655115,45.64824104,1
12:18:59,2.956,2.982281,46.23651803,45.6263572,1
12:19:00,2.954,2.980139,46.2164849,45.60449421,1
12:19:01,2.953,2.978076,46.19645178,45.5827117,1
12:19:02,2.949,2.976322,46.17641866,45.56078017,1
12:19:03,2.947,2.974035,46.15638554,45.53887248,1
12:19:04,2.946,2.971865,46.13635242,45.51709592,1
12:19:05,2.943,2.970035,46.1163193,45.49518228,1
12:19:06,2.94,2.967944,46.09628618,45.47325969,1
12:19:07,2.939,2.965665,46.07625306,45.45141459,1
12:19:08,2.937,2.963754,46.05621994,45.42955756,1
12:19:09,2.934,2.961859,46.03618681,45.40762007,1
12:19:10,2.932,2.959721,46.01615369,45.38568854,1
12:19:11,2.931,2.957661,45.99612057,45.36382854,1
12:19:12,2.927,2.955909,45.97608745,45.34181356,1
12:19:13,2.925,2.953624,45.95605433,45.31981647,1
12:19:14,2.924,2.951455,45.93602121,45.29789686,1
12:19:15,2.921,2.949625,45.91598809,45.27589679,1
12:19:16,2.917,2.947535,45.89595497,45.25370896,1
12:19:17,2.917,2.945003,45.87592185,45.23171186,1
12:19:18,2.914,2.943162,45.85588872,45.20969689,1
12:19:19,2.91,2.941064,45.8358556,45.18754482,1
12:19:20,2.91,2.938526,45.81582248,45.16556263,1
12:19:21,2.907,2.93668,45.79578936,45.14349699,1
12:19:22,2.904,2.934579,45.77575624,45.12136579,1
12:19:23,2.903,2.932292,45.75572312,45.09926736,1
12:19:24,2.9,2.930375,45.73569,45.06834149,1
12:19:26,2.896,2.928219,45.71565688,45.02523541,1
12:19:26,2.896,2.925636,45.69562376,44.97094452,1
12:19:27,2.894,2.92367,45.67559063,44.90223229,1
12:19:28,2.89,2.921707,45.65555751,44.82014477,1
12:19:29,2.888,2.919259,45.63552439,44.75336373,1
12:19:30,2.886,2.916999,45.61549127,44.6973443,1
12:19:31,2.882,2.914863,45.59545815,44.64713931,1
12:19:32,2.88,2.912303,45.57542503,44.60314512,1
12:19:33,2.878,2.909941,45.55539191,44.56351399,1
12:19:35,2.875,2.907719,45.53535879,44.52645183,1
12:19:35,2.873,2.905344,45.51532567,44.49177384,1
12:19:36,2.87,2.903111,45.49529254,44.45837736,1
12:19:37,2.866,2.900728,45.47525942,44.42557096,1
12:19:39,2.866,2.897981,45.4552263,44.39454973,1
12:19:39,2.862,2.895984,45.43519318,44.36356127,1
12:19:40,2.859,2.893517,45.41516006,44.33287084,1
12:19:41,2.856,2.890963,45.39512694,44.30238903,1
12:19:42,2.852,2.888345,45.37509382,44.27168965,1
12:19:44,2.851,2.885428,45.3550607,44.24175024,1
12:19:44,2.848,2.883052,45.33502758,44.21184063,1
12:19:45,2.845,2.880564,45.31499445,44.18187737,1
12:19:46,2.844,2.877994,45.29496133,44.1524148,1
12:19:48,2.838,2.87587,45.27492821,44.12193,1
12:19:48,2.836,2.872806,45.25489509,44.09177601,1
12:19:49,2.834,2.87007,45.23486197,44.06184852,1
12:19:50,2.83,2.867573,45.21482885,44.03153062,1
12:19:52,2.827,2.864743,45.19479573,44.00117993,1
12:19:53,2.823,2.861925,45.17476261,43.97051632,1
12:19:53,2.822,2.858862,45.15472949,43.94042492,1
12:19:54,2.817,2.85638,45.13469636,43.90965104,1
12:19:56,2.814,2.853307,45.11466324,43.878901,1
12:19:57,2.811,2.850313,45.09463012,43.84808242,1
12:19:57,2.808,2.847374,45.074597,43.81734133,1
12:19:58,2.805,2.844477,45.05456388,43.78656745,1
12:19:59,2.801,2.841608,45.03453076,43.75548363,1
12:20:01,2.796,2.838509,45.01449764,43.72388124,1
12:20:01,2.794,2.834988,44.99446452,43.69269311,1
12:20:02,2.791,2.83192,44.9744314,43.66152287,1
12:20:03,2.786,2.828928,44.95439827,43.62980425,1
12:20:05,2.784,2.825485,44.93436515,43.59847903,1
12:20:06,2.779,2.822474,44.91433203,43.56653392,1
12:20:06,2.776,2.819017,44.89429891,43.53481233,1
12:20:07,2.772,2.815743,44.87426579,43.50288808,1
12:20:09,2.768,2.812347,44.85423267,43.47079694,1
12:20:10,2.764,2.808864,44.83419955,43.43856275,1
12:20:10,2.761,2.805317,44.81416643,43.40647459,1
12:20:11,2.756,2.801977,44.79413331,43.37393343,1
12:20:12,2.752,2.798282,44.77410018,43.34130883,1
12:20:14,2.749,2.79458,44.75406706,43.30887496,1
12:20:15,2.742,2.791127,44.73403394,43.27547848,1
12:20:15,2.739,2.786843,44.71400082,43.24243069,1
12:20:16,2.735,2.782966,44.6939677,43.2092607,1
12:20:18,2.73,2.779133,44.67393458,43.17579567,1
12:20:19,2.726,2.775079,44.65390146,43.14245284,1
12:20:19,2.721,2.771128,44.63386834,43.10881197,1
12:20:20,2.715,2.766999,44.61383522,43.07455122,1
12:20:22,2.712,2.762487,44.59380209,43.04071367,1
12:20:23,2.706,2.758456,44.57376897,43.00643802,1
12:20:24,2.701,2.754016,44.55373585,42.97198355,1
12:20:24,2.697,2.749533,44.53370273,42.93763638,1
12:20:26,2.691,2.74527,44.51366961,42.90279448,1
12:20:27,2.685,2.740662,44.49363649,42.86744893,1
12:20:28,2.679,2.735804,44.47360337,42.83190072,1
12:20:28,2.676,2.730765,44.45357025,42.79688299,1
12:20:30,2.669,2.726352,44.43353713,42.76102781,1
12:20:31,2.662,2.721384,44.413504,42.72461534,1
12:20:32,2.657,2.716013,44.39347088,42.68841147,1
12:20:33,2.65,2.710854,44.37343776,42.65155494,1
12:20:33,2.645,2.705345,44.35340464,42.61483848,1
12:20:35,2.638,2.700087,44.33337152,42.57774651,1
12:20:36,2.63,2.694506,44.3133384,42.53982902,1
12:20:37,2.624,2.688439,44.29330528,42.50204265,1
12:20:37,2.617,2.682523,44.27327216,42.46379733,1
12:20:39,2.609,2.676466,44.25323904,42.42500663,1
12:20:40,2.6,2.670053,44.23320591,42.38561392,1
12:20:41,2.59,2.66313,44.21317279,42.34518707,1
12:20:41,2.582,2.655584,44.19313967,42.30462611,1
12:20:43,2.574,2.648092,44.17310655,42.26404428,1
12:20:44,2.564,2.640638,44.15307343,42.22256243,1
12:20:45,2.553,2.632709,44.13304031,42.18035638,1
12:20:46,2.542,2.624181,44.11300719,42.13740826,1
12:20:46,2.531,2.61522,44.09297407,42.09384024,1
12:20:48,2.519,2.605944,44.07294095,42.04946458,1
12:20:49,2.508,2.596189,44.05290782,42.0045346,1
12:20:49,2.5,2.586338,44.0328747,41.96028411,1
12:20:50,2.5,2.577175,44.01284158,41.91855788,1
12:20:52,2.553,2.612142,44.01284158,41.90179408,1
12:20:53,2.561,2.61097,44.01284158,41.8877244,1
12:20:54,2.568,2.612144,44.01284158,41.87527299,1
12:20:55,2.575,2.614768,44.01284158,41.86404049,1
12:20:56,2.581,2.618447,44.01284158,41.85345471,1
12:20:57,2.582,2.622639,44.01284158,41.84195399,1
12:20:58,2.589,2.625943,44.01284158,41.83149,1
12:20:59,2.589,2.630115,44.01284158,41.81984365,1
12:21:00,2.596,2.633152,44.01284158,41.80930853,1
12:21:01,2.597,2.637129,44.01284158,41.79792,1
12:21:01,2.597,2.640278,44.01284158,41.78563952,1
12:21:03,2.603,2.64257,44.01284158,41.77432954,1
12:21:04,2.604,2.645755,44.01284158,41.76240861,1
12:21:05,2.604,2.648327,44.01284158,41.74976,1
12:21:06,2.61,2.650201,44.01284158,41.73837602,1
12:21:07,2.611,2.653081,44.01284158,41.72643721,1
12:21:07,2.611,2.655431,44.01284158,41.71373546,1
12:21:09,2.611,2.657145,44.01284158,41.70063734,1
12:21:10,2.618,2.658395,44.01284158,41.68915749,1
12:21:11,2.619,2.661073,44.01284158,41.67719,1
12:21:12,2.619,2.663277,44.01284158,41.66458249,1
12:21:13,2.619,2.664883,44.01284158,41.65150821,1
12:21:14,2.619,2.666056,44.01284158,41.63809121,1
12:21:15,2.625,2.666913,44.01284158,41.62613153,1
12:21:16,2.626,2.669054,44.01284158,41.61384106,1
12:21:17,2.626,2.670867,44.01284158,41.60102606,1
12:21:18,2.626,2.672189,44.01284158,41.58782661,1
12:21:19,2.627,2.673155,44.01284158,41.57463014,1
12:21:20,2.632,2.674114,44.01284158,41.56258404,1
12:21:21,2.632,2.676077,44.01284158,41.5499717,1
12:21:22,2.633,2.677508,44.01284158,41.53722823,1
12:21:23,2.633,2.678805,44.01284158,41.52410924,1
12:21:24,2.633,2.679752,44.01284158,41.5107131,1
12:21:25,2.634,2.680446,44.01284158,41.49739742,1
12:21:26,2.64,2.681207,44.01284158,41.48557782,1
12:21:27,2.64,2.683277,44.01284158,41.47315919,1
12:21:28,2.64,2.684786,44.01284158,41.46030247,1
12:21:29,2.64,2.685888,44.01284158,41.44703746,1
12:21:30,2.64,2.686693,44.01284158,41.43364131,1
12:21:31,2.64,2.687284,44.01284158,41.42006636,1
12:21:32,2.641,2.687718,44.01284158,41.40655696,1
12:21:33,2.647,2.68829,44.01284158,41.39462709,1
12:21:34,2.647,2.690223,44.01284158,41.38214588,1
12:21:35,2.648,2.691632,44.01284158,41.36963189,1
12:21:36,2.648,2.692914,44.01284158,41.35673046,1
12:21:37,2.648,2.693849,44.01284158,41.34354293,1
12:21:38,2.648,2.694534,44.01284158,41.33014381,1
12:21:39,2.648,2.695037,44.01284158,41.31658971,1
12:21:40,2.648,2.695407,44.01284158,41.30291939,1
12:21:41,2.651,2.695681,44.01284158,41.29002392,1
12:21:42,2.654,2.69664,44.01284158,41.27763212,1
12:21:43,2.654,2.698098,44.01284158,41.26491249,1
12:21:44,2.655,2.699162,44.01284158,41.25207961,1
12:21:45,2.655,2.700192,44.01284158,41.23895764,1
12:21:46,2.655,2.700946,44.01284158,41.22570753,1
12:21:47,2.655,2.701498,44.01284158,41.2122786,1
12:21:48,2.655,2.701904,44.01284158,41.19871855,1
12:21:49,2.655,2.702204,44.01284158,41.18505716,1
12:21:50,2.657,2.702427,44.01284158,41.17189944,1
12:21:51,2.66,2.703098,44.01284158,41.1594063,1
12:21:52,2.661,2.704346,44.01284158,41.14676,1
12:21:53,2.662,2.705509,44.01284158,41.13414884,1
12:21:54,2.64,2.692667,44.00616288,41.11219347,1
12:21:55,2.639,2.691185,43.99948418,41.09036624,1
12:21:56,2.633,2.689862,43.99281,41.06716514,1
12:21:57,2.626,2.687398,43.98612678,41.04263186,1
12:21:58,2.625,2.683853,43.97944808,41.01882577,1
12:21:59,2.619,2.681033,43.97276938,40.99407792,1
12:22:00,2.617,2.677481,43.96609068,40.96976817,1
12:22:01,2.611,2.674405,43.95941198,40.94459116,1
12:22:02,2.604,2.670667,43.95273328,40.91845,1
12:22:03,2.604,2.666198,43.94605458,40.89359045,1
12:22:04,2.597,2.662959,43.93937588,40.86749852,1
12:22:05,2.596,2.658852,43.93269718,40.84244967,1
12:22:06,2.589,2.655626,43.92601848,40.81627429,1
12:22:07,2.588,2.651529,43.91933978,40.79098403,1
12:22:08,2.582,2.648309,43.91266108,40.76485634,1
12:22:09,2.576,2.644469,43.90598238,40.73794782,1
12:22:10,2.575,2.640178,43.89930367,40.71214497,1
12:22:11,2.568,2.636819,43.89262497,40.68524539,1
12:22:12,2.566,2.632627,43.88594627,40.65896571,1
12:22:13,2.56,2.629087,43.87926757,40.63193798,1
12:22:14,2.555,2.625015,43.87258887,40.60448706,1
12:22:15,2.552,2.62081,43.86591017,40.57753086,1
12:22:16,2.546,2.61701,43.85923147,40.54989517,1
12:22:17,2.544,2.61275,43.85255277,40.52290022,1
12:22:18,2.538,2.609163,43.84587407,40.49516916,1
12:22:19,2.531,2.605058,43.83919537,40.46655595,1
12:22:20,2.53,2.600327,43.83251667,40.43902755,1
12:22:21,2.524,2.596648,43.82583797,40.41078687,1
12:22:22,2.517,2.592479,43.81915927,40.38154483,1
12:22:23,2.516,2.587701,43.81248057,40.35357535,1
12:22:24,2.509,2.58399,43.80580187,40.32446146,1
12:22:25,2.502,2.579546,43.79912317,40.29458761,1
12:22:26,2.5,2.574569,43.79244447,40.26574194,1
12:22:27,2.5,2.570464,43.78576577,40.23807645,1
12:22:28,2.517,2.581521,43.78576577,40.21882713,1
12:22:29,2.524,2.580386,43.78576577,40.20198286,1
12:22:30,2.53,2.581329,43.78576577,40.18663168,1
12:22:31,2.531,2.58353,43.78576577,40.17090499,1
12:22:32,2.531,2.585388,43.78576577,40.15460908,1
12:22:33,2.537,2.586746,43.78576577,40.13969302,1
12:22:34,2.538,2.589248,43.78576577,40.12431502,1
12:22:35,2.538,2.591325,43.78576577,40.10830224,1
12:22:36,2.542,2.592841,43.78576577,40.09302557,1
12:22:37,2.545,2.594955,43.78576577,40.07800817,1
12:22:39,2.546,2.597252,43.78576577,40.06259143,1
12:22:39,2.546,2.59918,43.78576577,40.04648626,1
12:22:40,2.546,2.600588,43.78576577,40.02996981,1
12:22:41,2.552,2.601619,43.78576577,40.01505673,1
12:22:42,2.553,2.603883,43.78576577,39.9997443,1
12:22:43,2.553,2.605785,43.78576577,39.98384,1
12:22:44,2.553,2.607176,43.78576577,39.9675101,1
12:22:45,2.553,2.608193,43.78576577,39.95075,1
12:22:46,2.557,2.60894,43.78576577,39.93509114,1
12:22:47,2.559,2.610495,43.78576577,39.91954625,1
12:22:48,2.56,2.612134,43.78576577,39.90369737,1
12:22:49,2.56,2.613584,43.78576577,39.88751769,1
12:22:50,2.56,2.614645,43.78576577,39.87099826,1
12:22:51,2.56,2.615423,43.78576577,39.85422552,1
12:22:52,2.56,2.615996,43.78576577,39.83727,1
12:22:53,2.561,2.61642,43.78576577,39.82046545,1
12:22:54,2.567,2.616987,43.78576577,39.80530202,1
12:22:55,2.567,2.618912,43.78576577,39.78944719,1
12:22:56,2.568,2.620319,43.78576577,39.77357745,1
12:22:57,2.568,2.621599,43.78576577,39.7573024,1
12:22:58,2.568,2.622537,43.78576577,39.740628,1
12:22:59,2.568,2.623225,43.78576577,39.72375393,1
12:23:00,2.57,2.623733,43.78576577,39.70744014,1
12:23:01,2.574,2.624612,43.78576577,39.69196081,1
12:23:02,2.574,2.626261,43.78576577,39.67607915,1
12:23:03,2.575,2.627467,43.78576577,39.66011107,1
12:23:04,2.575,2.628602,43.78576577,39.6437794,1
12:23:05,2.575,2.629433,43.78576577,39.62717652,1
12:23:06,2.575,2.630045,43.78576577,39.61026967,1
12:23:07,2.575,2.630497,43.78576577,39.59333897,1
12:23:08,2.575,2.630832,43.78576577,39.57628608,1
12:23:09,2.578,2.631084,43.78576577,39.56005573,1
12:23:10,2.581,2.632027,43.78576577,39.54443932,1
12:23:11,2.581,2.633473,43.78576577,39.52837,1
12:23:12,2.582,2.63453,43.78576577,39.51227069,1
12:23:13,2.582,2.635556,43.78576577,39.49584663,1
12:23:14,2.582,2.636309,43.78576577,39.47907984,1
12:23:15,2.582,2.636864,43.78576577,39.46225643,1
12:23:16,2.582,2.637274,43.78576577,39.44528997,1
12:23:17,2.582,2.63758,43.78576577,39.42811191,1
12:23:18,2.582,2.63781,43.78576577,39.41097856,1
12:23:19,2.587,2.637985,43.78576577,39.39530849,1
12:23:20,2.589,2.639373,43.78576577,39.37971592,1
12:23:21,2.589,2.64089,43.78576577,39.36366439,1
12:23:22,2.589,2.642,43.78576577,39.34737146,1
12:23:23,2.589,2.642813,43.78576577,39.33080435,1
12:23:24,2.589,2.643412,43.78576577,39.31403458,1
12:23:25,2.589,2.643854,43.78576577,39.29710984,1
12:23:26,2.589,2.644183,43.78576577,39.28006887,1
12:23:27,2.589,2.644429,43.78576577,39.26283419,1
12:23:28,2.589,2.644616,43.78576577,39.24565911,1
12:23:29,2.589,2.644759,43.78576577,39.22841847,1
12:23:30,2.589,2.644871,43.78576577,39.21102285,1
12:23:31,2.552,2.61671,43.77241,39.17765319,1
12:23:32,2.537,2.614045,43.75905693,39.14043605,1
12:23:33,2.518,2.608362,43.74570251,39.09905851,1
12:23:34,2.502,2.599486,43.73234808,39.05543089,1
12:23:35,2.497,2.589046,43.71899366,39.01345432,1
12:23:36,2.497,2.580227,43.70563924,38.9741838,1
12:23:37,2.531,2.602133,43.70563924,38.95200193,1
12:23:38,2.538,2.599486,43.70563924,38.93280625,1
12:23:39,2.545,2.599328,43.70563924,38.91582,1
12:23:40,2.546,2.600976,43.70563924,38.89862597,1
12:23:41,2.546,2.602432,43.70563924,38.88085186,1
12:23:42,2.549,2.603499,43.70563924,38.86379898,1
12:23:43,2.552,2.605035,43.70563924,38.84718716,1
12:23:44,2.553,2.606909,43.70563924,38.83028328,1
12:23:45,2.553,2.608531,43.70563924,38.81285489,1
12:23:46,2.553,2.609716,43.70563924,38.79504204,1
12:23:47,2.554,2.610587,43.70563924,38.77726,1
12:23:48,2.559,2.611478,43.70563924,38.76074851,1
12:23:49,2.559,2.613386,43.70563924,38.74363005,1
12:23:50,2.56,2.614781,43.70563924,38.72627318,1
12:23:51,2.56,2.616053,43.70563924,38.70863318,1
12:23:52,2.56,2.616985,43.70563924,38.69068027,1
12:23:53,2.56,2.617671,43.70563924,38.67249489,1
12:23:54,2.56,2.618179,43.70563924,38.65413368,1
12:23:55,2.56,2.618556,43.70563924,38.63553107,1
12:23:56,2.562,2.618839,43.70563924,38.61759305,1
12:23:57,2.567,2.619554,43.70563924,38.6009872,1
12:23:58,2.567,2.621333,43.70563924,38.58370185,1
12:23:59,2.567,2.622635,43.70563924,38.56601417,1
12:24:00,2.568,2.623588,43.70563924,38.54834437,1
12:24:01,2.568,2.62454,43.70563924,38.53037357,1
12:24:02,2.568,2.62524,43.70563924,38.51228356,1
12:24:03,2.568,2.625757,43.70563924,38.49388957,1
12:24:04,2.568,2.626142,43.70563924,38.47537339,1
12:24:05,2.572,2.62643,43.70563924,38.4581387,1
12:24:06,2.574,2.627649,43.70563924,38.44102025,1
12:24:07,2.574,2.629043,43.70563924,38.42355907,1
12:24:08,2.575,2.630064,43.70563924,38.4059608,1
12:24:09,2.575,2.631065,43.70563924,38.38815093,1
12:24:10,2.575,2.6318,43.70563924,38.3700788,1
12:24:11,2.575,2.632343,43.70563924,38.35180998,1
12:24:12,2.575,2.632746,43.70563924,38.33339214,1
12:24:13,2.575,2.633047,43.70563924,38.31486106,1
12:24:14,2.575,2.633276,43.70563924,38.29624057,1
12:24:15,2.575,2.63345,43.70563924,38.27754855,1
12:24:16,2.577,2.633585,43.70563924,38.25933337,1
12:24:17,2.58,2.634193,43.70563924,38.24200034,1
12:24:18,2.581,2.635393,43.70563924,38.22458386,1
12:24:19,2.581,2.636524,43.70563924,38.20668459,1
12:24:20,2.582,2.637354,43.70563924,38.18895519,1
12:24:21,2.582,2.638215,43.70563924,38.17092776,1
12:24:22,2.582,2.638849,43.70563924,38.15267682,1
12:24:23,2.582,2.639318,43.70563924,38.1341517,1
12:24:24,2.582,2.639668,43.70563924,38.11563253,1
12:24:25,2.582,2.639931,43.70563924,38.09700608,1
12:24:26,2.582,2.640131,43.70563924,38.07829618,1
12:24:27,2.582,2.640285,43.70563924,38.05951774,1
12:24:28,2.582,2.640406,43.70563924,38.04068267,1
12:24:29,2.585,2.640503,43.70563924,38.02277148,1
12:24:30,2.588,2.641332,43.70563924,38.00554574,1
12:24:31,2.589,2.642693,43.70563924,37.98809,1
12:24:32,2.589,2.64394,43.70563924,37.97034621,1
12:24:33,2.589,2.644854,43.70563924,37.95228899,1
12:24:34,2.589,2.645526,43.70563924,37.93389201,1
12:24:35,2.589,2.646024,43.70563924,37.91544735,1
12:24:36,2.589,2.646394,43.70563924,37.89675534,1
12:24:37,2.589,2.646672,43.70563924,37.87797987,1
12:24:38,2.589,2.646882,43.70563924,37.85913587,1
12:24:39,2.589,2.647044,43.70563924,37.8403455,1
12:24:40,2.589,2.647171,43.70563924,37.82137334,1
12:24:41,2.589,2.647272,43.70563924,37.8023684,1
12:24:42,2.589,2.647355,43.70563924,37.78344393,1
12:24:43,2.589,2.647424,43.70563924,37.76446283,1
12:24:44,2.592,2.647483,43.70563924,37.74641156,1
12:24:45,2.595,2.648284,43.70563924,37.72905469,1
12:24:46,2.596,2.649625,43.70563924,37.71156669,1
12:24:47,2.596,2.650856,43.70563924,37.69366145,1
12:24:48,2.596,2.651759,43.70563924,37.67544627,1
12:24:49,2.597,2.652424,43.70563924,37.65722215,1
12:24:50,2.597,2.653165,43.70563924,37.63887286,1
12:24:51,2.597,2.653712,43.70563924,37.62021661,1
12:24:52,2.597,2.654119,43.70563924,37.60154247,1
12:24:53,2.597,2.654423,43.70563924,37.58274317,1
12:24:54,2.597,2.654653,43.70563924,37.56374121,1
12:24:55,2.597,2.654829,43.70563924,37.54479587,1
12:24:56,2.597,2.654966,43.70563924,37.52567172,1
12:24:57,2.597,2.655075,43.70563924,37.50662804,1
12:24:58,2.597,2.655163,43.70563924,37.48752773,1
12:24:59,2.599,2.655236,43.70563924,37.46903837,1
12:25:00,2.601,2.655797,43.70563924,37.451002,1
12:25:01,2.603,2.656713,43.70563924,37.43330538,1
12:25:02,2.603,2.657887,43.70563924,37.41520643,1
12:25:03,2.603,2.658747,43.70563924,37.39680946,1
12:25:04,2.603,2.659381,43.70563924,37.37818897,1
12:25:05,2.604,2.659851,43.70563924,37.35973239,1
12:25:06,2.604,2.66045,43.70563924,37.34095693,1
12:25:07,2.604,2.660894,43.70563924,37.32204735,1
12:25:08,2.604,2.661226,43.70563924,37.30314076,1
12:25:09,2.604,2.661476,43.70563924,37.28412688,1
12:25:10,2.604,2.661667,43.70563924,37.26492,1
12:25:11,2.604,2.661815,43.70563924,37.24577725,1
12:25:12,2.604,2.661931,43.70563924,37.22646236,1
12:25:13,2.604,2.662025,43.70563924,37.20723093,1
12:25:14,2.604,2.662103,43.70563924,37.18794584,1
12:25:15,2.604,2.662169,43.70563924,37.16861606,1
12:25:16,2.604,2.662226,43.70563924,37.14924455,1
12:25:17,2.605,2.662277,43.70563924,37.13017106,1
12:25:18,2.608,2.662572,43.70563924,37.1119827,1
12:25:19,2.609,2.663544,43.70563924,37.09368706,1
12:25:20,2.61,2.664508,43.70563924,37.07541525,1
12:25:21,2.61,2.665467,43.70563924,37.05683,1
12:25:22,2.61,2.666172,43.70563924,37.03810871,1
12:25:23,2.611,2.666693,43.70563924,37.01951802,1
12:25:24,2.611,2.66733,43.70563924,37.00069189,1
12:25:25,2.611,2.667802,43.70563924,36.98168397,1
12:25:26,2.611,2.668153,43.70563924,36.96253896,1
12:25:27,2.611,2.668418,43.70563924,36.94328964,1
12:25:28,2.611,2.66862,43.70563924,36.9238466,1
12:25:29,2.611,2.668776,43.70563924,36.90447211,1
12:25:30,2.611,2.668898,43.70563924,36.88503206,1
12:25:31,2.611,2.668997,43.70563924,36.86553836,1
12:25:32,2.611,2.669078,43.70563924,36.84599996,1
12:25:33,2.611,2.669146,43.70563924,36.82642,1
12:25:34,2.611,2.669205,43.70563924,36.80680394,1
12:25:35,2.611,2.669258,43.70563924,36.78704798,1
12:25:36,2.612,2.669306,43.70563924,36.7677331,1
12:25:37,2.614,2.6696,43.70563924,36.74897254,1
12:25:38,2.616,2.67032,43.70563924,36.73062325,1
12:25:39,2.618,2.671351,43.70563924,36.71258688,1
12:25:40,2.618,2.672606,43.70563924,36.69410944,1
12:25:41,2.618,2.673527,43.70563924,36.67530417,1
12:25:42,2.618,2.674205,43.70563924,36.65625751,1
12:25:43,2.618,2.674707,43.70563924,36.63702607,1
12:25:44,2.618,2.67508,43.70563924,36.61754727,1
12:25:45,2.619,2.675361,43.70563924,36.59832478,1
12:25:46,2.619,2.675823,43.70563924,36.57905757,1
12:25:47,2.619,2.676169,43.70563924,36.55964732,1
12:25:48,2.619,2.676429,43.70563924,36.54001653,1
12:25:49,2.619,2.676628,43.70563924,36.52043343,1
12:25:50,2.619,2.676781,43.70563924,36.50076985,1
12:25:51,2.619,2.676903,43.70563924,36.4810437,1
12:25:52,2.619,2.677001,43.70563924,36.4612639,1
12:25:53,2.619,2.677081,43.70563924,36.44143641,1
12:25:54,2.619,2.67715,43.70563924,36.42145991,1
12:25:55,2.619,2.677209,43.70563924,36.40147448,1
12:25:56,2.619,2.677262,43.70563924,36.38158143,1
12:25:57,2.619,2.677311,43.70563924,36.36164367,1
12:25:58,2.619,2.677356,43.70563924,36.34167,1
12:25:59,2.619,2.677398,43.70563924,36.32165492,1
12:26:00,2.621,2.677439,43.70563924,36.30229235,1
12:26:01,2.623,2.677976,43.70563924,36.28341556,1
12:26:02,2.625,2.678873,43.70563924,36.26490235,1
12:26:03,2.625,2.680032,43.70563924,36.24587357,1
12:26:04,2.625,2.680882,43.70563924,36.22666597,1
12:26:05,2.625,2.681509,43.70563924,36.20711565,1
12:26:06,2.626,2.681974,43.70563924,36.18786037,1
12:26:07,2.625,2.68257,43.70563924,36.1680299,1
12:26:08,2.626,2.682764,43.70563924,36.14845574,1
12:26:09,2.626,2.683163,43.70563924,36.12872362,1
12:26:10,2.57,2.640208,43.68560612,36.08443141,1
12:26:11,2.545,2.636382,43.665573,36.03278995,1
12:26:12,2.523,2.627409,43.64553988,35.97659469,1
12:26:13,2.498,2.615449,43.62550676,35.91582179,1
12:26:14,2.498,2.60058,43.60547364,35.86014807,1
12:26:15,2.546,2.633147,43.60547364,35.82981527,1
12:26:16,2.553,2.627413,43.60547364,35.80387235,1
12:26:17,2.56,2.625005,43.60547364,35.78105569,1
12:26:18,2.56,2.62501,43.60547364,35.75836122,1
12:26:19,2.565,2.625026,43.60547364,35.73726416,1
12:26:20,2.567,2.626293,43.60547364,35.71653,1
12:26:21,2.568,2.627721,43.60547364,35.6955111,1
12:26:22,2.568,2.629018,43.60547364,35.67414582,1
12:26:23,2.568,2.629972,43.60547364,35.65241396,1
12:26:24,2.573,2.630677,43.60547364,35.63216031,1
12:26:25,2.574,2.632442,43.60547364,35.61161458,1
12:26:26,2.575,2.633983,43.60547364,35.59085727,1
12:26:27,2.575,2.635362,43.60547364,35.56959331,1
12:26:28,2.575,2.636375,43.60547364,35.54795384,1
12:26:29,2.575,2.637123,43.60547364,35.52591503,1
12:26:30,2.575,2.637678,43.60547364,35.50368845,1
12:26:31,2.575,2.638093,43.60547364,35.48143506,1
12:26:32,2.575,2.638407,43.60547364,35.45903862,1
12:26:33,2.577,2.638648,43.60547364,35.43723524,1
12:26:34,2.58,2.639331,43.60547364,35.41622758,1
12:26:35,2.581,2.640584,43.60547364,35.3949964,1
12:26:36,2.581,2.641754,43.60547364,35.37346721,1
12:26:37,2.581,2.642615,43.60547364,35.3516072,1
12:26:38,2.582,2.643252,43.60547364,35.32984853,1
12:26:39,2.582,2.643975,43.60547364,35.30780971,1
12:26:40,2.582,2.644513,43.60547364,35.2855593,1
12:26:41,2.582,2.644915,43.60547364,35.26314497,1
12:26:42,2.582,2.64522,43.60547364,35.24048328,1
12:26:43,2.582,2.645454,43.60547364,35.21786332,1
12:26:44,2.582,2.645637,43.60547364,35.19503176,1
12:26:45,2.582,2.645782,43.60547364,35.17227,1
12:26:46,2.582,2.645901,43.60547364,35.14943719,1
12:26:47,2.584,2.646,43.60547364,35.12725532,1
12:26:48,2.588,2.64658,43.60547364,35.10616422,1
12:26:49,2.589,2.648005,43.60547364,35.08503437,1
12:26:50,2.589,2.6493,43.60547364,35.06194651,1
12:26:51,2.589,2.650253,43.60547364,35.03666222,1
12:26:52,2.589,2.650958,43.60547364,35.00933051,1
12:26:53,2.589,2.651486,43.60547364,34.98028815,1
12:26:54,2.589,2.651881,43.60547364,34.94990766,1
12:26:55,2.589,2.652184,43.60547364,34.9181056,1
12:26:56,2.589,2.652421,43.60547364,34.88504887,1
12:26:57,2.589,2.652613,43.60547364,34.85240042,1
12:26:58,2.589,2.652771,43.60547364,34.82177556,1
12:26:59,2.589,2.652904,43.60547364,34.79260802,1
12:27:00,2.589,2.653018,43.60547364,34.76448655,1
12:27:01,2.589,2.653117,43.60547364,34.73711312,1
12:27:02,2.589,2.653205,43.60547364,34.71027315,1
12:27:03,2.589,2.653284,43.60547364,34.6838057,1
12:27:04,2.589,2.653358,43.60547364,34.65759754,1
12:27:05,2.59,2.653425,43.60547364,34.63196754,1
12:27:06,2.593,2.653737,43.60547364,34.60755646,1
12:27:07,2.595,2.65472,43.60547364,34.58364308,1
12:27:08,2.596,2.655943,43.60547364,34.55969989,1
12:27:09,2.596,2.657091,43.60547364,34.53533649,1
12:27:10,2.596,2.657939,43.60547364,34.51065719,1
12:27:11,2.596,2.658569,43.60547364,34.48573649,1
12:27:12,2.596,2.659039,43.60547364,34.46062803,1
12:27:13,2.597,2.659396,43.60547364,34.43576992,1
12:27:14,2.597,2.659916,43.60547364,34.41069424,1
12:27:15,2.597,2.660308,43.60547364,34.38544869,1
12:27:16,2.597,2.660607,43.60547364,34.36006904,1
12:27:17,2.597,2.660838,43.60547364,34.33457613,1
12:27:18,2.578,2.646429,43.59879494,34.30055082,1
12:27:19,2.568,2.645177,43.59211624,34.26299989,1
12:27:20,2.56,2.641816,43.58543754,34.2235595,1
12:27:21,2.553,2.63742,43.57875884,34.18303728,1
12:27:22,2.546,2.632523,43.57208014,34.14162993,1
12:27:23,2.542,2.627263,43.56540143,34.10068154,1
12:27:24,2.534,2.622481,43.55872273,34.05839205,1
12:27:25,2.527,2.617059,43.55204403,34.01541412,1
12:27:26,2.523,2.611421,43.54536533,33.97304416,1
12:27:27,2.516,2.606367,43.53868663,33.92983377,1
12:27:28,2.508,2.600998,43.53200793,33.88550282,1
12:27:29,2.5,2.595153,43.52532923,33.84023905,1
12:27:30,2.5,2.588965,43.51865053,33.79742801,1
12:27:31,2.517,2.599148,43.51865053,33.76401067,1
12:27:32,2.523,2.596833,43.51865053,33.7339282,1
12:27:33,2.524,2.596656,43.51865053,33.70428383,1
12:27:34,2.526,2.596795,43.51865053,33.67536068,1
12:27:35,2.53,2.597408,43.51865053,33.64778757,1
12:27:36,2.531,2.598859,43.51865053,33.61999691,1
12:27:37,2.531,2.600178,43.51865053,33.59163404,1
12:27:38,2.531,2.601154,43.51865053,33.56283903,1
12:27:39,2.531,2.601881,43.51865053,33.53371024,1
12:27:40,2.536,2.602429,43.51865053,33.50638151,1
12:27:41,2.537,2.604078,43.51865053,33.47875774,1
12:27:42,2.538,2.60554,43.51865053,33.45091343,1
12:27:43,2.538,2.606866,43.51865053,33.42249095,1
12:27:44,2.538,2.607847,43.51865053,33.39363337,1
12:27:45,2.538,2.608578,43.51865053,33.36444199,1
12:27:46,2.538,2.609128,43.51865053,33.33499134,1
12:27:47,2.538,2.609548,43.51865053,33.30533504,1
12:27:48,2.541,2.609872,43.51865053,33.2767576,1
12:27:49,2.545,2.610866,43.51865053,33.24939609,1
12:27:50,2.545,2.612591,43.51865053,33.22128952,1
12:27:51,2.545,2.613862,43.51865053,33.19262266,1
12:27:52,2.546,2.614804,43.51865053,33.16394985,1
12:27:53,2.546,2.615752,43.51865053,33.13485086,1
12:27:54,2.546,2.61646,43.51865053,33.10542405,1
12:27:55,2.546,2.616994,43.51865053,33.07574093,1
12:27:56,2.546,2.617401,43.51865053,33.04585516,1
12:27:57,2.546,2.617717,43.51865053,33.01580548,1
12:27:58,2.546,2.617966,43.51865053,32.98561573,1
12:27:59,2.546,2.618167,43.51865053,32.95530975,1
12:28:00,2.547,2.618334,43.51865053,32.92532,1
12:28:01,2.551,2.618722,43.51865053,32.89681375,1
12:28:02,2.552,2.620008,43.51865053,32.86815584,1
12:28:03,2.552,2.621206,43.51865053,32.83896148,1
12:28:04,2.553,2.622095,43.51865053,32.80978203,1
12:28:05,2.553,2.623006,43.51865053,32.78018534,1
12:28:06,2.553,2.623687,43.51865053,32.75026679,1
12:28:07,2.553,2.624202,43.51865053,32.72009492,1
12:28:08,2.553,2.624596,43.51865053,32.68972337,1
12:28:09,2.553,2.624902,43.51865053,32.65918791,1
12:28:10,2.553,2.625145,43.51865053,32.62851238,1
12:28:11,2.553,2.625343,43.51865053,32.59771764,1
12:28:12,2.553,2.625508,43.51865053,32.56681859,1
12:28:13,2.553,2.625648,43.51865053,32.5358212,1
12:28:14,2.554,2.625772,43.51865053,32.50516355,1
12:28:15,2.557,2.626129,43.51865053,32.47559965,1
12:28:16,2.558,2.627146,43.51865053,32.44599402,1
12:28:17,2.559,2.62815,43.51865053,32.41635263,1
12:28:18,2.559,2.629144,43.51865053,32.3862493,1
12:28:19,2.559,2.629886,43.51865053,32.35579431,1
12:28:20,2.559,2.630445,43.51865053,32.32506216,1
12:28:21,2.56,2.630873,43.51865053,32.2945416,1
12:28:22,2.56,2.63145,43.51865053,32.26373494,1
12:28:23,2.56,2.631889,43.51865053,32.23270476,1
12:28:24,2.56,2.63223,43.51865053,32.20148981,1
12:28:25,2.56,2.632499,43.51865053,32.17011988,1
12:28:26,2.56,2.632716,43.51865053,32.13861883,1
12:28:27,2.56,2.632895,43.51865053,32.10700452,1
12:28:28,2.56,2.633048,43.51865053,32.07528591,1
12:28:29,2.56,2.633181,43.51865053,32.04346895,1
12:28:30,2.56,2.6333,43.51865053,32.01156259,1
12:28:31,2.56,2.633409,43.51865053,31.97956979,1
12:28:32,2.56,2.633511,43.51865053,31.94749355,1
12:28:33,2.56,2.633607,43.51865053,31.91533387,1
12:28:34,2.524,2.604043,43.50529611,31.8669647,1
12:28:35,2.501,2.601913,43.49194169,31.80940449,1
12:28:36,2.498,2.594767,43.47858727,31.7535907,1
12:28:37,2.498,2.58881,43.46523,31.70037,1
12:28:38,2.531,2.614096,43.46523,31.66391253,1
12:28:39,2.537,2.612352,43.46523,31.63087964,1
12:28:40,2.538,2.612519,43.46523,31.59824908,1
12:28:41,2.538,2.612845,43.46523,31.56552017,1
12:28:42,2.543,2.613043,43.46523,31.53493404,1
12:28:43,2.545,2.614377,43.46523,31.50468767,1
12:28:44,2.546,2.615799,43.46523,31.4743,1
12:28:45,2.546,2.61704,43.46523,31.44343197,1
12:28:46,2.546,2.617904,43.46523,31.4122349,1
12:28:47,2.546,2.618495,43.46523,31.38083518,1
12:28:48,2.546,2.618886,43.46523,31.34931922,1
12:28:49,2.546,2.619134,43.46523,31.31774962,1
12:28:50,2.546,2.619277,43.46523,31.28617108,1
12:28:51,2.546,2.619344,43.46523,31.25461936,1
12:28:52,2.547,2.619356,43.46523,31.22354746,1
12:28:53,2.55,2.619575,43.46523,31.19372129,1
12:28:54,2.552,2.620437,43.46523,31.16443157,1
12:28:55,2.552,2.621521,43.46523,31.1347276,1
12:28:56,2.552,2.622274,43.46523,31.10475242,1
12:28:57,2.553,2.622787,43.46523,31.07503355,1
12:28:58,2.553,2.623372,43.46523,31.04511499,1
12:28:59,2.553,2.623762,43.46523,31.01508021,1
12:29:00,2.553,2.624012,43.46523,30.98498881,1
12:29:01,2.553,2.62416,43.46523,30.95489,1
12:29:02,2.553,2.624235,43.46523,30.92480004,1
12:29:03,2.553,2.624255,43.46523,30.89475334,1
12:29:04,2.553,2.624237,43.46523,30.86476,1
12:29:05,2.553,2.624191,43.46523,30.83484173,1
12:29:06,2.553,2.624125,43.46523,30.80499768,1
12:29:07,2.554,2.624045,43.46523,30.77565432,1
12:29:08,2.557,2.624202,43.46523,30.74754775,1
12:29:09,2.558,2.625023,43.46523,30.7195574,1
12:29:10,2.559,2.625837,43.46523,30.69168925,1
12:29:11,2.559,2.626643,43.46523,30.66340089,1
12:29:12,2.559,2.627198,43.46523,30.63508272,1
12:29:13,2.559,2.627571,43.46523,30.60664535,1
12:29:14,2.559,2.627812,43.46523,30.57814538,1
12:29:15,2.56,2.627956,43.46523,30.55003881,1
12:29:16,2.56,2.628278,43.46523,30.52183688,1
12:29:17,2.56,2.628482,43.46523,30.49359024,1
12:29:18,2.56,2.628601,43.46523,30.46533763,1
12:29:19,2.56,2.628658,43.46523,30.43710291,1
12:29:20,2.56,2.62867,43.46523,30.40890396,1
12:29:21,2.56,2.628649,43.46523,30.38075566,1
12:29:22,2.56,2.628605,43.46523,30.35266399,1
12:29:23,2.56,2.628544,43.46523,30.32464087,1
12:29:24,2.56,2.628471,43.46523,30.29668629,1
12:29:25,2.56,2.62839,43.46523,30.26880622,1
12:29:26,2.56,2.628302,43.46523,30.24100363,1
12:29:27,2.56,2.628211,43.46523,30.21327853,1
12:29:28,2.561,2.628116,43.46523,30.18603921,1
12:29:29,2.562,2.628267,43.46523,30.15918136,1
12:29:30,2.565,2.628596,43.46523,30.13344407,1
12:29:31,2.567,2.629551,43.46523,30.10817,1
12:29:32,2.567,2.630713,43.46523,30.0824523,1
12:29:33,2.567,2.631531,43.46523,30.05644381,1
12:29:34,2.567,2.632099,43.46523,30.03024161,1
12:29:35,2.567,2.632485,43.46523,30.0039202,1
12:29:36,2.568,2.63274,43.46523,29.97793257,1
12:29:37,2.568,2.633146,43.46523,29.9518168,1
12:29:38,2.568,2.633416,43.46523,29.9256295,1
12:29:39,2.568,2.633586,43.46523,29.89940941,1
12:29:40,2.568,2.633684,43.46523,29.87318337,1
12:29:41,2.568,2.63373,43.46523,29.84697521,1
12:29:42,2.568,2.633738,43.46523,29.82079983,1
12:29:43,2.568,2.633719,43.46523,29.79466617,1
12:29:44,2.568,2.633679,43.46523,29.76858318,1
12:29:45,2.568,2.633626,43.46523,29.74255681,1
12:29:46,2.568,2.633562,43.46523,29.71659005,1
12:29:47,2.568,2.633491,43.46523,29.69068587,1
12:29:48,2.57,2.633415,43.46523,29.66563404,1
12:29:49,2.572,2.633831,43.46523,29.64124084,1
12:29:50,2.574,2.634606,43.46523,29.61736023,1
12:29:51,2.574,2.635641,43.46523,29.59310412,1
12:29:52,2.574,2.636369,43.46523,29.56859171,1
12:29:53,2.574,2.636875,43.46523,29.54390943,1
12:29:54,2.574,2.63722,43.46523,29.51912284,1
12:29:55,2.574,2.637447,43.46523,29.49427962,1
12:29:56,2.575,2.637589,43.46523,29.46980298,1
12:29:57,2.575,2.637917,43.46523,29.44522798,1
12:29:58,2.575,2.638133,43.46523,29.42059934,1
12:29:59,2.575,2.638268,43.46523,29.39594686,1
12:30:00,2.575,2.638342,43.46523,29.37129736,1
12:30:01,2.575,2.638374,43.46523,29.34678197,1
12:30:02,2.575,2.638375,43.46523,29.32215035,1
12:30:03,2.575,2.638353,43.46523,29.29756343,1
12:30:04,2.575,2.638315,43.46523,29.27302718,1
12:30:05,2.575,2.638265,43.46523,29.24854457,1
12:30:06,2.575,2.638206,43.46523,29.22411859,1
12:30:07,2.575,2.638142,43.46523,29.19986546,1
12:30:08,2.575,2.638074,43.46523,29.17552292,1
12:30:09,2.575,2.638002,43.46523,29.15124595,1
12:30:10,2.575,2.637928,43.46523,29.12703454,1
12:30:11,2.576,2.637854,43.46523,29.10326719,1
12:30:12,2.577,2.638026,43.46523,29.07985151,1
12:30:13,2.578,2.638379,43.46523,29.05671299,1
12:30:14,2.58,2.638863,43.46523,29.03418243,1
12:30:15,2.581,2.639691,43.46523,29.01174426,1
12:30:16,2.581,2.640522,43.46523,28.98901701,1
12:30:17,2.581,2.641104,43.46523,28.96609,1
12:30:18,2.581,2.641508,43.46523,28.94304097,1
12:30:19,2.581,2.64178,43.46523,28.91991138,1
12:30:20,2.582,2.641959,43.46523,28.89711857,1
12:30:21,2.582,2.642316,43.46523,28.87421548,1
12:30:22,2.582,2.642557,43.46523,28.85124683,1
12:30:23,2.582,2.642712,43.46523,28.8282454,1
12:30:24,2.582,2.642804,43.46523,28.80534828,1
12:30:25,2.582,2.642852,43.46523,28.78231704,1
12:30:26,2.582,2.642867,43.46523,28.75931263,1
12:30:27,2.582,2.642858,43.46523,28.73634398,1
12:30:28,2.582,2.642832,43.46523,28.71341407,1
12:30:29,2.582,2.642794,43.46523,28.69052589,1
12:30:30,2.582,2.642746,43.46523,28.66768241,1
12:30:31,2.582,2.642693,43.46523,28.64488661,1
12:30:32,2.582,2.642635,43.46523,28.6221385,1
12:30:33,2.582,2.642574,43.46523,28.59943807,1
12:30:34,2.582,2.64251,43.46523,28.57678533,1
12:30:35,2.582,2.642445,43.46523,28.55418324,1
12:30:36,2.582,2.642379,43.46523,28.53162885,1
12:30:37,2.584,2.642312,43.46523,28.50987017,1
12:30:38,2.585,2.642743,43.46523,28.48834693,1
12:30:39,2.587,2.643287,43.46523,28.46738994,1
12:30:40,2.588,2.644163,43.46523,28.44650149,1
12:30:41,2.589,2.64503,43.46523,28.42568159,1
12:30:42,2.589,2.645892,43.46523,28.40456367,1
12:30:43,2.589,2.646501,43.46523,28.3832401,1
12:30:44,2.589,2.646925,43.46523,28.36178243,1
12:30:45,2.589,2.647216,43.46523,28.34023833,1
12:30:46,2.589,2.64741,43.46523,28.31864,1
12:30:47,2.589,2.647533,43.46523,28.29702497,1
12:30:48,2.589,2.647605,43.46523,28.2754004,1
12:30:49,2.589,2.64764,43.46523,28.25378478,1
12:30:50,2.589,2.647649,43.46523,28.23219001,1
12:30:51,2.589,2.647637,43.46523,28.21061909,1
12:30:52,2.589,2.647611,43.46523,28.18908095,1
12:30:53,2.589,2.647575,43.46523,28.1675756,1
12:30:54,2.589,2.647532,43.46523,28.14610898,1
12:30:55,2.589,2.647484,43.46523,28.12468112,1
12:30:56,2.589,2.647432,43.46523,28.10329199,1
12:30:57,2.589,2.647377,43.46523,28.08194458,1
12:30:58,2.589,2.64732,43.46523,28.0606389,1
12:30:59,2.589,2.647262,43.46523,28.03937793,1
12:31:00,2.589,2.647203,43.46523,28.01815867,1
12:31:01,2.589,2.647143,43.46523,27.99708843,1
12:31:02,2.589,2.647084,43.46523,27.9759258,1
12:31:03,2.589,2.647023,43.46523,27.95481384,1
12:31:04,2.589,2.646964,43.46523,27.93374956,1
12:31:05,2.589,2.646904,43.46523,27.91272998,1
12:31:06,2.59,2.646843,43.46523,27.89211869,1
12:31:07,2.591,2.647033,43.46523,27.87182331,1
12:31:08,2.593,2.647404,43.46523,27.8521359,1
