Timestamp,V_Meas(Avg),V_Pred(EKF),SoC_CC(%),SoC_EKF(%),dt
15:05:49,3.42,3.375712,94.13999915,94.81015205,1
15:05:50,3.42,3.388881,94.13999915,95.17474771,1
15:05:51,3.377,3.356041,94.11996603,95.53553462,1
15:05:52,3.358,3.366379,94.09993291,95.41739225,1
15:05:53,3.348,3.362037,94.07989979,95.27564049,1
15:05:54,3.339,3.357003,94.05986667,95.13111711,1
15:05:55,3.332,3.351923,94.03983355,94.99602914,1
15:05:56,3.326,3.347637,94.01980042,94.93989348,1
15:05:57,3.319,3.345404,93.9997673,94.92176175,1
15:05:58,3.317,3.34295,93.97973418,94.91622448,1
15:05:59,3.311,3.340662,93.95970106,94.91167068,1
15:06:00,3.307,3.338332,93.93966794,94.90534067,1
15:06:01,3.303,3.336074,93.91963482,94.89719272,1
15:06:02,3.298,3.333879,93.8996017,94.88745332,1
15:06:03,3.296,3.331701,93.87956858,94.87525225,1
15:06:04,3.291,3.329657,93.85953546,94.86123323,1
15:06:05,3.289,3.32762,93.83950233,94.84488964,1
15:06:06,3.286,3.325696,93.81946921,94.82637644,1
15:06:07,3.282,3.323837,93.79943609,94.80566382,1
15:06:08,3.281,3.322006,93.77940297,94.78283,1
15:06:09,3.276,3.320289,93.75936985,94.75753903,1
15:06:10,3.275,3.318563,93.73933673,94.73025203,1
15:06:11,3.274,3.316933,93.71930361,94.70107555,1
15:06:12,3.27,3.31539,93.69927049,94.66932416,1
15:06:13,3.267,3.313852,93.67924,94.63518262,1
15:06:14,3.266,3.312343,93.65920424,94.5992291,1
15:06:15,3.263,3.310903,93.63917112,94.56080794,1
15:06:16,3.261,3.309483,93.619138,94.52022314,1
15:06:17,3.26,3.308101,93.59910488,94.47796941,1
15:06:18,3.26,3.306773,93.57907176,94.43457723,1
15:06:19,3.258999,3.305514,93.55903864,94.38960552,1
15:06:20,3.257,3.304297,93.53900552,94.34255362,1
15:06:21,3.256,3.3031,93.5189724,94.29398775,1
15:06:22,3.254,3.30194,93.49893928,94.24329996,1
15:06:23,3.253,3.300794,93.47890615,94.1911459,1
15:06:24,3.253,3.299679,93.45887303,94.13823485,1
15:06:25,3.252,3.298607,93.43883991,94.08392906,1
15:06:26,3.252,3.297559,93.41880679,94.0290153,1
15:06:27,3.251,3.296548,93.39877367,93.97279024,1
15:06:28,3.249,3.295555,93.37874055,93.91443133,1
15:06:29,3.248001,3.294564,93.35870743,93.85475516,1
15:06:30,3.247,3.293588,93.33867431,93.79379749,1
15:06:31,3.247,3.292625,93.31864119,93.73250604,1
15:06:32,3.246,3.29169,93.29860806,93.6699748,1
15:06:33,3.244999,3.290765,93.27857494,93.60625744,1
15:06:34,3.244999,3.289848,93.25854182,93.54233742,1
15:06:35,3.244999,3.288954,93.2385087,93.47825646,1
15:06:36,3.244999,3.288081,93.21847558,93.41408014,1
15:06:37,3.244999,3.287226,93.19844246,93.3498621,1
15:06:38,3.244999,3.28639,93.17840934,93.28565001,1
15:06:39,3.244999,3.28557,93.15837622,93.2215035,1
15:06:40,3.244999,3.284767,93.1383431,93.15745234,1
15:06:41,3.244999,3.283978,93.11830997,93.0935204,1
15:06:42,3.244999,3.283202,93.09827685,93.02977324,1
15:06:43,3.244999,3.282441,93.07824373,92.96625257,1
15:06:44,3.244999,3.281691,93.05821061,92.90297627,1
15:06:45,3.244999,3.280954,93.03818,92.83999205,1
15:06:46,3.244999,3.280228,93.01814437,92.77734756,1
15:06:47,3.244,3.279513,92.99811125,92.71382093,1
15:06:48,3.244,3.278794,92.97807813,92.65069962,1
15:06:49,3.243,3.278086,92.95804501,92.58673787,1
15:06:50,3.243,3.277374,92.93801188,92.52324104,1
15:06:51,3.243,3.276671,92.91797876,92.46022701,1
15:06:52,3.243,3.275979,92.89794564,92.3977077,1
15:06:53,3.242,3.275295,92.87791252,92.33441949,1
15:06:54,3.242,3.274606,92.8578794,92.27169752,1
15:06:55,3.242,3.273926,92.83784628,92.20955968,1
15:06:56,3.242,3.273255,92.81781316,92.14802384,1
15:06:57,3.242,3.272592,92.79778004,92.08711982,1
15:06:58,3.242,3.271937,92.77774692,92.0268476,1
15:06:59,3.241,3.271291,92.75771379,91.96588993,1
15:07:00,3.241,3.270639,92.73768067,91.90561175,1
15:07:01,3.241,3.269995,92.71764755,91.84601903,1
15:07:02,3.241,3.269359,92.69761443,91.78714156,1
15:07:03,3.241,3.268731,92.67758131,91.72897,1
15:07:04,3.241,3.26811,92.65754819,91.67153835,1
15:07:05,3.241,3.267498,92.63751507,91.61484241,1
15:07:06,3.241,3.266893,92.61748195,91.55888557,1
15:07:07,3.241,3.266296,92.59744883,91.50367379,1
15:07:08,3.241,3.265707,92.5774157,91.44921303,1
15:07:09,3.241,3.265125,92.55738258,91.39550328,1
15:07:10,3.24,3.264551,92.53734946,91.34115577,1
15:07:11,3.241,3.26397,92.51731634,91.28897786,1
15:07:12,3.24,3.263411,92.49728322,91.23615623,1
15:07:13,3.24,3.262845,92.4772501,91.18411541,1
15:07:14,3.24,3.262286,92.45721698,91.13284349,1
15:07:15,3.24,3.261735,92.43718386,91.0823524,1
15:07:16,3.24,3.261191,92.41715074,91.03263021,1
15:07:17,3.24,3.260655,92.39712,90.98366499,1
15:07:18,3.24,3.260126,92.37708449,90.93546271,1
15:07:19,3.24,3.259604,92.35705137,90.88802,1
15:07:20,3.24,3.25909,92.33701825,90.84133506,1
15:07:21,3.24,3.258583,92.31698513,90.79538584,1
15:07:22,3.24,3.258082,92.29695201,90.75017571,1
15:07:23,3.24,3.25759,92.27691889,90.70569873,1
15:07:24,3.24,3.257104,92.25688577,90.66194296,1
15:07:25,3.24,3.256625,92.23685265,90.6189,1
15:07:26,3.24,3.256153,92.21681952,90.57655931,1
15:07:27,3.239,3.255688,92.1967864,90.53353071,1
15:07:28,3.239,3.255215,92.17675328,90.49121737,1
15:07:29,3.239,3.254749,92.15672016,90.44960141,1
15:07:30,3.239,3.25429,92.13668704,90.40867686,1
15:07:31,3.239,3.253838,92.11665392,90.36843181,1
15:07:32,3.239,3.253392,92.0966208,90.32886028,1
15:07:33,3.239,3.252954,92.07658768,90.28995037,1
15:07:34,3.239,3.252522,92.05655456,90.25168419,1
15:07:35,3.239,3.252096,92.03652143,90.21405578,1
15:07:36,3.239,3.251677,92.01648831,90.17705321,1
15:07:37,3.239,3.251264,91.99645519,90.14066458,1
15:07:38,3.239,3.250858,91.97642207,90.10488391,1
15:07:39,3.239,3.250457,91.95638895,90.0708437,1
15:07:40,3.239,3.250071,91.93635583,90.03979564,1
15:07:41,3.239,3.249706,91.91632271,90.01128078,1
15:07:42,3.239,3.249417,91.89628959,89.98489976,1
15:07:43,3.238,3.249262,91.87625647,89.95988369,1
15:07:44,3.239,3.249102,91.85622334,89.93695974,1
15:07:45,3.238,3.24895,91.83619022,89.91534114,1
15:07:46,3.238,3.248794,91.8161571,89.89483714,1
15:07:47,3.238,3.24864,91.79612398,89.87420797,1
15:07:48,3.238,3.248488,91.77609086,89.85346556,1
15:07:49,3.238,3.248338,91.75606,89.83260989,1
15:07:50,3.238,3.24819,91.73602462,89.8116529,1
15:07:51,3.238,3.248044,91.7159915,89.79059458,1
15:07:52,3.238,3.247899,91.69595838,89.76944685,1
15:07:53,3.238,3.247756,91.67592525,89.74820971,1
15:07:54,3.238,3.247615,91.65589213,89.72688913,1
15:07:55,3.238,3.247475,91.63585901,89.70549107,1
15:07:56,3.238,3.247337,91.61582589,89.68401551,1
15:07:57,3.238,3.2472,91.59579277,89.66247439,1
15:07:58,3.238,3.247065,91.57575965,89.64086771,1
15:07:59,3.238,3.246931,91.55572653,89.61920142,1
15:08:00,3.238,3.246798,91.53569341,89.59747553,1
15:08:01,3.238,3.246667,91.51566029,89.57570195,1
15:08:02,3.238,3.246537,91.49562716,89.55387473,1
15:08:03,3.238,3.246408,91.47559404,89.53200579,1
15:08:04,3.238,3.24628,91.45556092,89.51009512,1
15:08:05,3.238,3.246154,91.4355278,89.48814273,1
15:08:06,3.238,3.246028,91.41549468,89.46616054,1
15:08:07,3.238,3.245904,91.39546156,89.44414258,1
15:08:08,3.238,3.245781,91.37542844,89.42209482,1
15:08:09,3.238,3.245659,91.35539532,89.40002322,1
15:08:10,3.238,3.245538,91.3353622,89.37792778,1
15:08:11,3.238,3.245419,91.31532907,89.35581446,1
15:08:12,3.238,3.2453,91.29529595,89.33367729,1
15:08:13,3.238,3.245182,91.27526283,89.31152821,1
15:08:14,3.238,3.245065,91.25522971,89.2893672,1
15:08:15,3.238,3.244948,91.23519659,89.26719427,1
15:08:16,3.238,3.244833,91.21516347,89.24501538,1
15:08:17,3.238,3.244719,91.19513035,89.22282457,1
15:08:18,3.238,3.244606,91.17509723,89.20063376,1
15:08:19,3.238,3.244494,91.15506411,89.17843699,1
15:08:20,3.238,3.244382,91.13503098,89.15624022,1
15:08:21,3.238,3.244272,91.115,89.13404942,1
15:08:22,3.238,3.244162,91.09496474,89.11185861,1
15:08:23,3.275,3.286752,91.09496474,89.10768032,1
15:08:24,3.275,3.287299,91.09496474,89.10324574,1
15:08:25,3.281,3.287833,91.09496474,89.1007483,1
15:08:26,3.282,3.288393,91.09496474,89.09837604,1
15:08:27,3.282,3.288947,91.09496474,89.09576535,1
15:08:28,3.282,3.289489,91.09496474,89.09291625,1
15:08:29,3.288,3.290018,91.09496474,89.09214139,1
15:08:30,3.288,3.290574,91.09496474,89.09114003,1
15:08:31,3.289,3.291117,91.09496474,89.09030557,1
15:08:32,3.289,3.291655,91.09496474,89.0892446,1
15:08:33,3.289,3.292181,91.09496474,89.0879631,1
15:08:34,3.289,3.292696,91.09496474,89.08646107,1
15:08:35,3.289,3.293199,91.09496474,89.08473253,1
15:08:36,3.29,3.293691,91.09496474,89.08320069,1
15:08:37,3.294,3.294179,91.09496474,89.08312321,1
15:08:38,3.296,3.294682,91.09496474,89.08367753,1
15:08:39,3.296,3.295187,91.09496474,89.08402324,1
15:08:40,3.296,3.295681,91.09496474,89.08416033,1
15:08:41,3.297,3.296164,91.09496474,89.08452392,1
15:08:42,3.297,3.296643,91.09496474,89.08467889,1
15:08:43,3.297,3.297112,91.09496474,89.0846312,1
15:08:44,3.297,3.29757,91.09496474,89.08438087,1
15:08:45,3.297,3.298018,91.09496474,89.08392787,1
15:08:46,3.297,3.298457,91.09496474,89.08327222,1
15:08:47,3.297,3.298886,91.09496474,89.08241987,1
15:08:48,3.297,3.299306,91.09496474,89.08137083,1
15:08:49,3.297,3.299716,91.09496474,89.08012509,1
15:08:50,3.297,3.300117,91.09496474,89.07868862,1
15:08:51,3.299,3.30051,91.09496474,89.07799125,1
15:08:52,3.301,3.300907,91.09496474,89.07803297,1
15:08:53,3.303,3.301308,91.09496474,89.07882571,1
15:08:54,3.303,3.301714,91.09496474,89.07942772,1
15:08:55,3.303,3.302111,91.09496474,89.07985091,1
15:08:56,3.303,3.3025,91.09496474,89.08008933,1
15:08:57,3.303,3.30288,91.09496474,89.08014894,1
15:08:58,3.303,3.303251,91.09496474,89.08002973,1
15:08:59,3.303,3.303615,91.09496474,89.0797317,1
15:09:00,3.304,3.30397,91.09496474,89.07974362,1
15:09:01,3.303,3.304324,91.09496474,89.07909989,1
15:09:02,3.304,3.304664,91.09496474,89.07877803,1
15:09:03,3.304,3.305003,91.09496474,89.07828927,1
15:09:04,3.304,3.305334,91.09496474,89.07763362,1
15:09:05,3.304,3.305658,91.09496474,89.07681704,1
15:09:06,3.304,3.305975,91.09496474,89.07583952,1
15:09:07,3.304,3.306285,91.09496474,89.07471,1
15:09:08,3.304,3.306588,91.09496474,89.07341957,1
15:09:09,3.304,3.306885,91.09496474,89.0719831,1
15:09:10,3.304,3.307174,91.09496474,89.07039762,1
15:09:11,3.304,3.307457,91.09496474,89.06866312,1
15:09:12,3.304,3.307734,91.09496474,89.06678557,1
15:09:13,3.304,3.308004,91.09496474,89.06477094,1
15:09:14,3.304,3.308268,91.09496474,89.06261325,1
15:09:15,3.304,3.308527,91.09496474,89.06032443,1
15:09:16,3.304,3.308779,91.09496474,89.05789852,1
15:09:17,3.304,3.309026,91.09496474,89.05534148,1
15:09:18,3.304,3.309267,91.09496474,89.05265927,1
15:09:19,3.304,3.309502,91.09496474,89.04985189,1
15:09:20,3.304,3.309732,91.09496474,89.04691935,1
15:09:21,3.304,3.309957,91.09496474,89.04386759,1
15:09:22,3.304,3.310176,91.09496474,89.04069662,1
15:09:23,3.304,3.310391,91.09496474,89.03741241,1
15:09:24,3.304,3.3106,91.09496474,89.03401494,1
15:09:25,3.296,3.296571,91.08828902,89.02704716,1
15:09:26,3.293,3.296584,91.0816133,89.01851773,1
15:09:27,3.29,3.296575,91.07493758,89.00844455,1
15:09:28,3.289,3.296546,91.06826186,88.99785876,1
15:09:29,3.289,3.296509,91.06158614,88.98729086,1
15:09:30,3.289,3.296472,91.05491042,88.97673488,1
15:09:31,3.289,3.296435,91.0482347,88.96619678,1
15:09:32,3.289,3.296399,91.04155898,88.9556706,1
15:09:33,3.289,3.296362,91.03488326,88.9451623,1
15:09:34,3.289,3.296326,91.02820754,88.93467188,1
15:09:35,3.289,3.29629,91.02153182,88.92419338,1
15:09:36,3.289,3.296254,91.0148561,88.91373277,1
15:09:37,3.289,3.296218,91.00818038,88.90329003,1
15:09:38,3.289,3.296182,91.00150466,88.89285922,1
15:09:39,3.289,3.296146,90.99482894,88.88245,1
15:09:40,3.289,3.29611,90.98815322,88.87205124,1
15:09:41,3.288,3.296075,90.9814775,88.86114955,1
15:09:42,3.288,3.296032,90.97480178,88.85026574,1
15:09:43,3.288,3.29599,90.96812606,88.83940578,1
15:09:44,3.288,3.295948,90.96145034,88.82856369,1
15:09:45,3.288,3.295906,90.95477462,88.81773949,1
15:09:46,3.288,3.295865,90.9480989,88.80693913,1
15:09:47,3.288,3.295823,90.94142318,88.79615664,1
15:09:48,3.288,3.295782,90.93474746,88.78539801,1
15:09:49,3.288,3.295741,90.92807174,88.77465725,1
15:09:50,3.288,3.2957,90.92139602,88.76394033,1
15:09:51,3.288,3.29566,90.9147203,88.7532413,1
15:09:52,3.288,3.295619,90.90804458,88.74256611,1
15:09:53,3.288,3.295579,90.90136886,88.7319088,1
15:09:54,3.287,3.295539,90.89469314,88.72075081,1
15:09:55,3.287,3.295492,90.88801742,88.7096107,1
15:09:56,3.287,3.295446,90.8813417,88.69850039,1
15:09:57,3.286,3.2954,90.87466598,88.68688345,1
15:09:58,3.286,3.295346,90.86799026,88.67530227,1
15:09:59,3.286,3.295294,90.86131454,88.66374493,1
15:10:00,3.286,3.295242,90.85463881,88.65221739,1
15:10:01,3.286,3.29519,90.84796309,88.64071965,1
15:10:02,3.286,3.29514,90.84128737,88.62924576,1
15:10:03,3.286,3.295092,90.83461165,88.61779571,1
15:10:04,3.285,3.295044,90.82793593,88.60585093,1
15:10:05,3.285,3.294991,90.82126021,88.59393597,1
15:10:06,3.285,3.294937,90.81458449,88.5820508,1
15:10:07,3.284,3.294884,90.80790877,88.56967092,1
15:10:08,3.284,3.294825,90.80123305,88.55732679,1
15:10:09,3.284,3.294766,90.79455733,88.54501247,1
15:10:10,3.284,3.294708,90.78788161,88.53272796,1
15:10:11,3.284,3.294651,90.78120589,88.5204792,1
15:10:12,3.283,3.294594,90.77453017,88.50774169,1
15:10:13,3.283,3.294531,90.76785445,88.49503994,1
15:10:14,3.283,3.294468,90.76117873,88.48237395,1
15:10:15,3.283,3.294406,90.75450301,88.46974373,1
15:10:16,3.283,3.294345,90.74782729,88.45714927,1
15:10:17,3.283,3.294285,90.74115157,88.44459057,1
15:10:18,3.283,3.294225,90.73447585,88.43206167,1
15:10:19,3.283,3.294166,90.72780013,88.41956854,1
15:10:20,3.283,3.294107,90.72112441,88.40711117,1
15:10:21,3.282,3.294049,90.71444869,88.39417,1
15:10:22,3.282,3.293985,90.70777297,88.38125467,1
15:10:23,3.282,3.293921,90.70109725,88.36838603,1
15:10:24,3.282,3.293858,90.69442153,88.35555315,1
15:10:25,3.282,3.293796,90.68774581,88.34275603,1
15:10:26,3.282,3.293734,90.68107009,88.32998872,1
15:10:27,3.282,3.293673,90.67439437,88.31726313,1
15:10:28,3.282,3.293613,90.66771865,88.30456734,1
15:10:29,3.282,3.293553,90.66104293,88.29191327,1
15:10:30,3.282,3.293494,90.65436721,88.27928901,1
15:10:31,3.282,3.293436,90.64769149,88.26670051,1
15:10:32,3.282,3.293378,90.64101577,88.25414777,1
15:10:33,3.282,3.293321,90.63434005,88.24163079,1
15:10:34,3.282,3.293265,90.62766433,88.22914362,1
15:10:35,3.282,3.293209,90.62098861,88.21669221,1
15:10:36,3.282,3.293153,90.61431289,88.2042706,1
15:10:37,3.282,3.293098,90.60763717,88.19188476,1
15:10:38,3.282,3.293044,90.60096145,88.17952871,1
15:10:39,3.282,3.29299,90.59428573,88.16720843,1
15:10:40,3.282,3.292937,90.58761001,88.15491796,1
15:10:41,3.282,3.292884,90.58093429,88.14265728,1
15:10:42,3.282,3.292832,90.57425857,88.13042641,1
15:10:43,3.282,3.29278,90.56758285,88.1182313,1
15:10:44,3.282,3.292729,90.56090713,88.10606599,1
15:10:45,3.282,3.292677,90.55423141,88.09393048,1
15:10:46,3.282,3.292627,90.54755569,88.08182478,1
15:10:47,3.282,3.292577,90.54087996,88.06974888,1
15:10:48,3.282,3.292528,90.53420424,88.05770278,1
15:10:49,3.282,3.292479,90.52752852,88.04568648,1
15:10:50,3.282,3.29243,90.5208528,88.03369999,1
15:10:51,3.282,3.292382,90.51417708,88.0217433,1
15:10:52,3.282,3.292334,90.50750136,88.00981641,1
15:10:53,3.282,3.292287,90.50082564,87.99791932,1
15:10:54,3.282,3.29224,90.49414992,87.98605204,1
15:10:55,3.282,3.292193,90.4874742,87.97420859,1
15:10:56,3.282,3.292147,90.48079848,87.96239495,1
15:10:57,3.282,3.292102,90.47412276,87.95061111,1
15:10:58,3.282,3.292056,90.46744704,87.93885112,1
15:10:59,3.282,3.292011,90.46077132,87.92712092,1
15:11:00,3.282,3.291967,90.4540956,87.91542,1
15:11:01,3.282,3.291922,90.44741988,87.90374398,1
15:11:02,3.282,3.291878,90.44074416,87.89209723,1
15:11:03,3.282,3.291835,90.43406844,87.88047433,1
15:11:04,3.282,3.291791,90.42739272,87.86888,1
15:11:05,3.282,3.291748,90.420717,87.85731196,1
15:11:06,3.282,3.291706,90.41404128,87.8457725,1
15:11:07,3.282,3.291664,90.40736556,87.83425689,1
15:11:08,3.282,3.291622,90.40068984,87.82276511,1
15:11:09,3.282,3.29158,90.39401412,87.81129718,1
15:11:10,3.282,3.291538,90.3873384,87.79985905,1
15:11:11,3.282,3.291497,90.38066268,87.78844476,1
15:11:12,3.282,3.291457,90.37398696,87.77705431,1
15:11:13,3.282,3.291416,90.36731124,87.7656877,1
15:11:14,3.282,3.291376,90.36063552,87.75434494,1
15:11:15,3.282,3.291336,90.3539598,87.74303198,1
15:11:16,3.282,3.291296,90.34728408,87.73174,1
15:11:17,3.282,3.291257,90.34060836,87.72047758,1
15:11:18,3.282,3.291218,90.33393264,87.70924,1
15:11:19,3.282,3.291179,90.32725692,87.69801855,1
15:11:20,3.282,3.29114,90.3205812,87.6868248,1
15:11:21,3.282,3.291102,90.31390548,87.67564893,1
15:11:22,3.282,3.291064,90.30722976,87.66450286,1
15:11:23,3.282,3.291026,90.30055404,87.65338063,1
15:11:24,3.282,3.290988,90.29387832,87.64227629,1
15:11:25,3.282,3.290951,90.2872026,87.63119578,1
15:11:26,3.282,3.290913,90.28052688,87.62013912,1
15:11:27,3.282,3.290876,90.27385116,87.6091063,1
15:11:28,3.282,3.290839,90.26717544,87.59809136,1
15:11:29,3.282,3.290803,90.26049972,87.58710623,1
15:11:30,3.282,3.290766,90.253824,87.57613897,1
15:11:31,3.282,3.29073,90.24714828,87.56519556,1
15:11:32,3.282,3.290694,90.24047256,87.55427599,1
15:11:33,3.282,3.290658,90.23379683,87.5433743,1
15:11:34,3.282,3.290623,90.22712111,87.53249645,1
15:11:35,3.282,3.290587,90.22044539,87.52164245,1
15:11:36,3.282,3.290552,90.21376967,87.51080632,1
15:11:37,3.282,3.290517,90.20709395,87.49999404,1
15:11:38,3.282,3.290483,90.20041823,87.48919964,1
15:11:39,3.282,3.290448,90.19374251,87.47842908,1
15:11:40,3.282,3.290414,90.18706679,87.46768236,1
15:11:41,3.282,3.290379,90.18039107,87.45695353,1
15:11:42,3.282,3.290345,90.17371535,87.44624257,1
15:11:43,3.282,3.290311,90.16703963,87.43555546,1
15:11:44,3.282,3.290278,90.16036391,87.42488623,1
15:11:45,3.282,3.290244,90.15368819,87.41424084,1
15:11:46,3.282,3.29021,90.14701247,87.40361333,1
15:11:47,3.282,3.290177,90.14033675,87.3930037,1
15:11:48,3.282,3.290144,90.13366103,87.38241792,1
15:11:49,3.282,3.290111,90.12698531,87.37185001,1
15:11:50,3.282,3.290078,90.12030959,87.36130595,1
15:11:51,3.282,3.290045,90.11363387,87.35077977,1
15:11:52,3.282,3.290013,90.10695815,87.34027147,1
15:11:53,3.282,3.289981,90.10028243,87.32978106,1
15:11:54,3.282,3.289948,90.09360671,87.31931448,1
15:11:55,3.282,3.289916,90.08693099,87.30886579,1
15:11:56,3.282,3.289884,90.08025527,87.29843497,1
15:11:57,3.282,3.289852,90.07357955,87.28802204,1
15:11:58,3.282,3.289821,90.06690383,87.27763295,1
15:11:59,3.282,3.289789,90.06022811,87.26726174,1
15:12:00,3.282,3.289757,90.05355239,87.25690842,1
15:12:01,3.282,3.289726,90.04687667,87.24657297,1
15:12:02,3.282,3.289695,90.04020095,87.23626137,1
15:12:03,3.282,3.289664,90.03352523,87.22596765,1
15:12:04,3.282,3.289633,90.02684951,87.2156918,1
15:12:05,3.282,3.289602,90.02017379,87.20543385,1
15:12:06,3.282,3.289571,90.01349807,87.19519377,1
15:12:07,3.282,3.28954,90.00682235,87.18497157,1
15:12:08,3.282,3.28951,90.00014663,87.17476726,1
15:12:09,3.282,3.28948,89.99347091,87.16458082,1
15:12:10,3.282,3.289449,89.98679519,87.15441227,1
15:12:11,3.282,3.289419,89.98011947,87.1442616,1
15:12:12,3.282,3.289389,89.97344375,87.13412881,1
15:12:13,3.282,3.289359,89.96676803,87.1240139,1
15:12:14,3.282,3.289329,89.96009231,87.11391687,1
15:12:15,3.282,3.289299,89.95341659,87.10383773,1
15:12:16,3.282,3.28927,89.94674087,87.09377646,1
15:12:17,3.282,3.28924,89.94006515,87.08373308,1
15:12:18,3.282,3.289211,89.93338943,87.07371,1
15:12:19,3.282,3.289181,89.92671371,87.06369996,1
15:12:20,3.282,3.289152,89.92003798,87.05370426,1
15:12:21,3.282,3.289123,89.91336226,87.04372644,1
15:12:22,3.282,3.289093,89.90668654,87.03376651,1
15:12:23,3.282,3.289065,89.90001082,87.02382445,1
15:12:24,3.282,3.289035,89.8933351,87.01390028,1
15:12:25,3.282,3.289007,89.88665938,87.00399399,1
15:12:26,3.282,3.288978,89.87998366,86.99410558,1
15:12:27,3.282,3.288949,89.87330794,86.98422909,1
15:12:28,3.282,3.28892,89.86663222,86.97437048,1
15:12:29,3.282,3.288892,89.8599565,86.96452975,1
15:12:30,3.282,3.288863,89.85328078,86.95470691,1
15:12:31,3.282,3.288835,89.84660506,86.94489598,1
15:12:32,3.282,3.288807,89.83992934,86.93510294,1
15:12:33,3.282,3.288779,89.83325362,86.92532778,1
15:12:34,3.282,3.28875,89.8265779,86.9155705,1
15:12:35,3.282,3.288722,89.81990218,86.90582514,1
15:12:36,3.282,3.288694,89.81322646,86.89609766,1
15:12:37,3.282,3.288666,89.80655074,86.88638806,1
15:12:38,3.282,3.288638,89.79987502,86.87669039,1
15:12:39,3.282,3.288611,89.7931993,86.86701059,1
15:12:40,3.282,3.288583,89.78652358,86.85734868,1
15:12:41,3.282,3.288555,89.77984786,86.84769869,1
15:12:42,3.282,3.288528,89.77317214,86.83806658,1
15:12:43,3.282,3.2885,89.76649642,86.82845235,1
15:12:44,3.282,3.288473,89.7598207,86.81885004,1
15:12:45,3.282,3.288445,89.75314498,86.80926561,1
15:12:46,3.282,3.288418,89.74646926,86.79969311,1
15:12:47,3.282,3.288391,89.73979354,86.79013848,1
15:12:48,3.282,3.288364,89.73311782,86.78060174,1
15:12:49,3.282,3.288337,89.7264421,86.77107692,1
15:12:50,3.282,3.28831,89.71976638,86.76156998,1
15:12:51,3.282,3.288283,89.71309066,86.75207496,1
15:12:52,3.282,3.288255,89.70641494,86.74259782,1
15:12:53,3.282,3.288229,89.69973922,86.7331326,1
15:12:54,3.282,3.288202,89.6930635,86.72368526,1
15:12:55,3.282,3.288175,89.68638778,86.71424985,1
15:12:56,3.282,3.288148,89.67971206,86.70483232,1
15:12:57,3.282,3.288122,89.67303634,86.6954267,1
15:12:58,3.282,3.288095,89.66636062,86.68603897,1
15:12:59,3.282,3.288069,89.6596849,86.67666316,1
15:13:00,3.282,3.288042,89.65300918,86.66730523,1
15:13:01,3.282,3.288016,89.64633346,86.65795922,1
15:13:02,3.282,3.287989,89.63965774,86.6486311,1
15:13:03,3.282,3.287963,89.63298202,86.63931489,1
15:13:04,3.282,3.287937,89.6263063,86.6300106,1
15:13:05,3.282,3.28791,89.61963058,86.6207242,1
15:13:06,3.282,3.287884,89.61295485,86.61144972,1
15:13:07,3.282,3.287858,89.60627913,86.60219312,1
15:13:08,3.282,3.287832,89.59960341,86.59294844,1
15:13:09,3.282,3.287806,89.59292769,86.58371568,1
15:13:10,3.282,3.28778,89.58625197,86.5745008,1
15:13:11,3.282,3.287754,89.57957625,86.56529784,1
15:13:12,3.282,3.287728,89.57290053,86.55610681,1
15:13:13,3.282,3.287703,89.56622481,86.54693365,1
15:13:14,3.281,3.287677,89.55954909,86.5373373,1
15:13:15,3.282,3.287644,89.55287337,86.52819395,1
15:13:16,3.282,3.287619,89.54619765,86.51906252,1
15:13:17,3.282,3.287593,89.53952193,86.50994897,1
15:13:18,3.281,3.287568,89.53284621,86.50041223,1
15:13:19,3.282,3.287536,89.52617049,86.49132848,1
15:13:20,3.282,3.287511,89.51949477,86.48225665,1
15:13:21,3.282,3.287486,89.51281905,86.47319674,1
15:13:22,3.282,3.287461,89.50614333,86.46414876,1
15:13:23,3.282,3.287435,89.49946761,86.45511866,1
15:13:24,3.281,3.28741,89.49279189,86.44566536,1
15:13:25,3.282,3.287379,89.48611617,86.43666506,1
15:13:26,3.282,3.287354,89.47944045,86.42767668,1
15:13:27,3.281,3.287329,89.47276473,86.41827106,1
15:13:28,3.282,3.287297,89.46608901,86.40931249,1
15:13:29,3.282,3.287273,89.45941329,86.40036583,1
15:13:30,3.282,3.287248,89.45273757,86.39143109,1
15:13:31,3.282,3.287224,89.44606185,86.38250828,1
15:13:32,3.281,3.287199,89.43938613,86.37316823,1
15:13:33,3.282,3.287168,89.43271041,86.36427522,1
15:13:34,3.281,3.287144,89.42603469,86.35496497,1
15:13:35,3.282,3.287113,89.41935897,86.34610176,1
15:13:36,3.282,3.287089,89.41268325,86.33725047,1
15:13:37,3.281,3.287064,89.40600753,86.32798195,1
15:13:38,3.282,3.287034,89.39933181,86.31916,1
15:13:39,3.281,3.28701,89.39265609,86.30992174,1
15:13:40,3.281,3.286979,89.38598037,86.3007009,1
15:13:41,3.281,3.286949,89.37930465,86.29149199,1
15:13:42,3.282,3.286919,89.37262893,86.28272414,1
15:13:43,3.281,3.286895,89.36595321,86.27354503,1
15:13:44,3.281,3.286865,89.35927749,86.26438379,1
15:13:45,3.281,3.286835,89.35260177,86.25523448,1
15:13:46,3.281,3.286806,89.34592605,86.24610305,1
15:13:47,3.281,3.286776,89.33925033,86.23698354,1
15:13:48,3.281,3.286747,89.33257461,86.22788191,1
15:13:49,3.281,3.286717,89.32589889,86.2187922,1
15:13:50,3.281,3.286688,89.31922317,86.20972037,1
15:13:51,3.281,3.286659,89.31254745,86.20066047,1
15:13:52,3.281,3.28663,89.30587173,86.19161844,1
15:13:53,3.281,3.286602,89.299196,86.18258834,1
15:13:54,3.281,3.286573,89.29252028,86.17357016,1
15:13:55,3.281,3.286544,89.28584456,86.16456985,1
15:13:56,3.281,3.286516,89.27916884,86.15558147,1
15:13:57,3.281,3.286487,89.27249312,86.14661098,1
15:13:58,3.281,3.286459,89.2658174,86.1376524,1
15:13:59,3.281,3.286431,89.25914168,86.12870574,1
15:14:00,3.281,3.286403,89.25246596,86.11977696,1
15:14:01,3.281,3.286375,89.24579024,86.11086011,1
15:14:02,3.281,3.286347,89.23911452,86.10195518,1
15:14:03,3.281,3.286319,89.2324388,86.09306812,1
15:14:04,3.281,3.286292,89.22576308,86.08419299,1
15:14:05,3.281,3.286264,89.21908736,86.07532978,1
15:14:06,3.281,3.286237,89.21241164,86.06648445,1
15:14:07,3.281,3.28621,89.20573592,86.05765104,1
15:14:08,3.281,3.286182,89.1990602,86.04882956,1
15:14:09,3.281,3.286155,89.19238448,86.04001999,1
15:14:10,3.281,3.286128,89.18570876,86.0312283,1
15:14:11,3.281,3.286101,89.17903304,86.02244854,1
15:14:12,3.281,3.286074,89.17235732,86.0136807,1
15:14:13,3.281,3.286047,89.1656816,86.00492477,1
15:14:14,3.281,3.286021,89.15900588,85.99618077,1
15:14:15,3.281,3.285994,89.15233016,85.98745465,1
15:14:16,3.281,3.285968,89.14565444,85.97874045,1
15:14:17,3.281,3.285941,89.13897872,85.97003818,1
15:14:18,3.281,3.285915,89.132303,85.96134782,1
15:14:19,3.281,3.285888,89.12562728,85.95266938,1
15:14:20,3.281,3.285862,89.11895156,85.94400287,1
15:14:21,3.281,3.285836,89.11227584,85.93535423,1
15:14:22,3.281,3.28581,89.10560012,85.92671752,1
15:14:23,3.281,3.285784,89.0989244,85.91809273,1
15:14:24,3.281,3.285758,89.09224868,85.90947986,1
15:14:25,3.281,3.285732,89.08557296,85.90088,1
15:14:26,3.281,3.285706,89.07889724,85.89228988,1
15:14:27,3.281,3.28568,89.07222152,85.88371,1
15:14:28,3.281,3.285655,89.0655458,85.87514758,1
15:14:29,3.281,3.285629,89.05887008,85.86659431,1
15:14:30,3.281,3.285604,89.05219436,85.85805297,1
15:14:31,3.281,3.285578,89.04551864,85.84952354,1
15:14:32,3.281,3.285553,89.03884292,85.84100604,1
15:14:33,3.281,3.285527,89.0321672,85.83250046,1
15:14:34,3.281,3.285502,89.02549148,85.8240068,1
15:14:35,3.281,3.285477,89.01881576,85.81552505,1
15:14:36,3.281,3.285452,89.01214004,85.80705523,1
15:14:37,3.281,3.285427,89.00546432,85.79859734,1
15:14:38,3.281,3.285402,88.9987886,85.79015136,1
15:14:39,3.28,3.285377,88.99211287,85.78131795,1
15:14:40,3.28,3.285346,88.98543715,85.77249646,1
15:14:41,3.28,3.285314,88.97876143,85.76369286,1
15:14:42,3.28,3.285284,88.97208571,85.75490117,1
15:14:43,3.28,3.285253,88.96540999,85.74612737,1
15:14:44,3.28,3.285223,88.95873427,85.73736548,1
15:14:45,3.28,3.285192,88.95205855,85.72861552,1
15:14:46,3.28,3.285162,88.94538283,85.71988344,1
15:14:47,3.279,3.285132,88.93870711,85.71076393,1
15:14:48,3.28,3.285096,88.93203139,85.70206165,1
15:14:49,3.279,3.285066,88.92535567,85.69297194,1
15:14:50,3.279,3.285031,88.91867995,85.68390012,1
15:14:51,3.279,3.284996,88.91200423,85.67484617,1
15:14:52,3.279,3.284961,88.90532851,85.66581011,1
15:14:53,3.279,3.284925,88.89865279,85.65678596,1
15:14:54,3.279,3.284891,88.89197707,85.6477797,1
15:14:55,3.279,3.284857,88.88530135,85.63879132,1
15:14:56,3.279,3.284822,88.87862563,85.62981486,1
15:14:57,3.278,3.284789,88.87194991,85.62046289,1
15:14:58,3.278,3.284749,88.86527419,85.61112881,1
15:14:59,3.278,3.284709,88.85859847,85.6018126,1
15:15:00,3.278,3.28467,88.85192275,85.59251428,1
15:15:01,3.278,3.284631,88.84524703,85.58323383,1
15:15:02,3.278,3.284593,88.83857131,85.57397127,1
15:15:03,3.277,3.284555,88.83189559,85.5643332,1
15:15:04,3.277,3.284511,88.82521987,85.55471301,1
15:15:05,3.277,3.284467,88.81854415,85.54511666,1
15:15:06,3.277,3.284424,88.81186843,85.5355382,1
15:15:07,3.277,3.284381,88.80519271,85.52597761,1
15:15:08,3.276,3.284339,88.79851699,85.51604748,1
15:15:09,3.277,3.284291,88.79184127,85.50652862,1
15:15:10,3.276,3.284249,88.78516555,85.49664021,1
15:15:11,3.276,3.284202,88.77848983,85.48676968,1
15:15:12,3.276,3.284155,88.77181411,85.47692299,1
15:15:13,3.276,3.284109,88.76513839,85.46709418,1
15:15:14,3.276,3.284063,88.75846267,85.45728922,1
15:15:15,3.276,3.284018,88.75178695,85.4475,1
15:15:16,3.276,3.283973,88.74511123,85.4377389,1
15:15:17,3.276,3.283929,88.73843551,85.42799354,1
15:15:18,3.276,3.283884,88.73175979,85.41826606,1
15:15:19,3.276,3.283841,88.72508407,85.40856242,1
15:15:20,3.276,3.283798,88.71840835,85.39887667,1
15:15:21,3.276,3.283755,88.71173263,85.38920879,1
15:15:22,3.276,3.283713,88.70505691,85.37956476,1
15:15:23,3.276,3.283671,88.69838119,85.36993861,1
15:15:24,3.276,3.283629,88.69170547,85.36033034,1
15:15:25,3.276,3.283588,88.68502975,85.35073996,1
15:15:26,3.289,3.29693,88.68502975,85.34769416,1
15:15:27,3.289,3.297134,88.68502975,85.34457684,1
15:15:28,3.289,3.297333,88.68502975,85.34138203,1
15:15:29,3.292,3.297528,88.68502975,85.33926606,1
15:15:30,3.296,3.297736,88.68502975,85.33860445,1
15:15:31,3.296,3.297964,88.68502975,85.33785343,1
15:15:32,3.296,3.298186,88.68502975,85.33701897,1
15:15:33,3.297,3.298404,88.68502975,85.33648252,1
15:15:34,3.297,3.298622,88.68502975,85.33586264,1
15:15:35,3.297,3.298835,88.68502975,85.33516526,1
15:15:36,3.297,3.299043,88.68502975,85.3343904,1
15:15:37,3.297,3.299246,88.68502975,85.33353806,1
15:15:38,3.297,3.299444,88.68502975,85.33260822,1
15:15:39,3.297,3.299638,88.68502975,85.33160686,1
15:15:40,3.297,3.299827,88.68502975,85.33053398,1
15:15:41,3.297,3.300011,88.68502975,85.32939553,1
15:15:42,3.297,3.300191,88.68502975,85.32819152,1
15:15:43,3.297,3.300366,88.68502975,85.32692194,1
15:15:44,3.297,3.300538,88.68502975,85.3255868,1
15:15:45,3.298,3.300705,88.68502975,85.32456756,1
15:15:46,3.299,3.300874,88.68502975,85.32386422,1
15:15:47,3.301,3.301046,88.68502975,85.32384634,1
15:15:48,3.302,3.301225,88.68502975,85.3241384,1
15:15:49,3.303,3.301407,88.68502975,85.32473445,1
15:15:50,3.303,3.301591,88.68502975,85.32526493,1
15:15:51,3.303,3.30177,88.68502975,85.32572389,1
15:15:52,3.303,3.301945,88.68502975,85.32611728,1
15:15:53,3.303,3.302116,88.68502975,85.32645106,1
15:15:54,3.303,3.302283,88.68502975,85.32671928,1
15:15:55,3.303,3.302446,88.68502975,85.3269279,1
15:15:56,3.303,3.302605,88.68502975,85.32707691,1
15:15:57,3.303,3.302761,88.68502975,85.32716632,1
15:15:58,3.303,3.302913,88.68502975,85.32719612,1
15:15:59,3.304,3.303061,88.68502975,85.32754779,1
15:16:00,3.304,3.303212,88.68502975,85.32783985,1
15:16:01,3.304,3.303359,88.68502975,85.32807827,1
15:16:02,3.304,3.303503,88.68502975,85.32826304,1
15:16:03,3.304,3.303644,88.68502975,85.32839417,1
15:16:04,3.304,3.303781,88.68502975,85.32847762,1
15:16:05,3.304,3.303915,88.68502975,85.32850742,1
15:16:06,3.304,3.304045,88.68502975,85.32848954,1
15:16:07,3.304,3.304173,88.68502975,85.32842398,1
15:16:08,3.304,3.304298,88.68502975,85.32831669,1
15:16:09,3.304,3.30442,88.68502975,85.32816172,1
15:16:10,3.304,3.304539,88.68502975,85.32796502,1
15:16:11,3.304,3.304655,88.68502975,85.3277266,1
15:16:12,3.304,3.304768,88.68502975,85.32744646,1
15:16:13,3.304,3.304878,88.68502975,85.3271246,1
15:16:14,3.304,3.304987,88.68502975,85.32676101,1
15:16:15,3.304,3.305092,88.68502975,85.32636166,1
15:16:16,3.304,3.305195,88.68502975,85.32592654,1
15:16:17,3.304,3.305295,88.68502975,85.32545567,1
15:16:18,3.304,3.305393,88.68502975,85.32494903,1
15:16:19,3.304,3.305489,88.68502975,85.32440662,1
15:16:20,3.304,3.305583,88.68502975,85.32382846,1
15:16:21,3.304,3.305674,88.68502975,85.32322049,1
15:16:22,3.304,3.305763,88.68502975,85.32257676,1
15:16:23,3.304,3.30585,88.68502975,85.32190323,1
15:16:24,3.304,3.305934,88.68502975,85.32119989,1
15:16:25,3.304,3.306017,88.68502975,85.32046676,1
15:16:26,3.304,3.306098,88.68502975,85.31970382,1
15:16:27,3.304,3.306176,88.68502975,85.31891704,1
15:16:28,3.304,3.306253,88.68502975,85.31810045,1
15:16:29,3.282,3.279579,88.67167234,85.30561924,1
15:16:30,3.277,3.279188,88.65831494,85.2914691,1
15:16:31,3.275,3.278776,88.64495754,85.27674675,1
15:16:32,3.275,3.27836,88.63160014,85.26217937,1
15:16:33,3.274,3.277954,88.61824274,85.24739742,1
15:16:34,3.272,3.277549,88.60488534,85.23204327,1
15:16:35,3.269,3.277142,88.59152794,85.21576,1
15:16:36,3.267,3.276725,88.57817054,85.19890904,1
15:16:37,3.267,3.276304,88.56481314,85.18221378,1
15:16:38,3.266,3.275892,88.55145574,85.16530991,1
15:16:39,3.266,3.275483,88.53809834,85.14855504,1
15:16:40,3.265,3.275082,88.52474093,85.1315856,1
15:16:41,3.262001,3.274684,88.51138353,85.11369228,1
15:16:42,3.261,3.274276,88.49802613,85.09559035,1
15:16:43,3.26,3.27387,88.48466873,85.07757783,1
15:16:44,3.26,3.273468,88.47131133,85.0599885,1
15:16:45,3.26,3.273074,88.45795393,85.04279852,1
15:16:46,3.26,3.27269,88.44459653,85.02598,1
15:16:47,3.26,3.272313,88.43123913,85.00950933,1
15:16:48,3.26,3.271954,88.41788173,84.99335647,1
15:16:49,3.26,3.27163,88.40452433,84.97750163,1
15:16:50,3.26,3.271312,88.39116693,84.96192098,1
15:16:51,3.258999,3.271002,88.37780952,84.94641781,1
15:16:52,3.258999,3.270693,88.36445212,84.9311769,1
15:16:53,3.258999,3.270391,88.35109472,84.91618037,1
15:16:54,3.258999,3.270095,88.33773732,84.9014163,1
15:16:55,3.258999,3.269806,88.32437992,84.88671184,1
15:16:56,3.258,3.269523,88.31102252,84.871912,1
15:16:57,3.257,3.269241,88.29766512,84.85700488,1
15:16:58,3.256,3.26896,88.28430772,84.84199643,1
15:16:59,3.256,3.26868,88.27095,84.82701182,1
15:17:00,3.256,3.268406,88.25759292,84.8120451,1
15:17:01,3.255,3.268138,88.24423552,84.79697108,1
15:17:02,3.255,3.267871,88.23087811,84.78192091,1
15:17:03,3.254,3.267609,88.21752071,84.76676345,1
15:17:04,3.253,3.267347,88.20416331,84.7514987,1
15:17:05,3.253,3.267087,88.19080591,84.73625,1
15:17:06,3.253,3.266831,88.17744851,84.7210288,1
15:17:07,3.253,3.266582,88.16409111,84.70582366,1
15:17:08,3.253,3.266337,88.15073371,84.69064236,1
15:17:09,3.253,3.266098,88.13737631,84.6754849,1
15:17:10,3.253,3.265864,88.12401891,84.66035128,1
15:17:11,3.253,3.265635,88.11066151,84.64523554,1
15:17:12,3.253,3.26541,88.09730411,84.63014364,1
15:17:13,3.253,3.265191,88.0839467,84.61507559,1
15:17:14,3.253,3.264976,88.0705893,84.60002542,1
15:17:15,3.253,3.264766,88.0572319,84.585,1
15:17:16,3.253,3.26456,88.0438745,84.5699966,1
15:17:17,3.253,3.264358,88.0305171,84.55501199,1
15:17:18,3.253,3.26416,88.0171597,84.54005122,1
15:17:19,3.253,3.263968,88.0038023,84.52511,1
15:17:20,3.252,3.263778,87.9904449,84.51004,1
15:17:21,3.253,3.263588,87.9770875,84.49513912,1
15:17:22,3.252,3.263407,87.9637301,84.48011279,1
15:17:23,3.252,3.263225,87.9503727,84.46510434,1
15:17:24,3.252,3.263047,87.9370153,84.45011973,1
15:17:25,3.252,3.262872,87.92365789,84.43515301,1
15:17:26,3.252,3.262701,87.91030049,84.4202,1
15:17:27,3.252,3.262533,87.89694309,84.4052732,1
15:17:28,3.252,3.262369,87.88358569,84.39036608,1
15:17:29,3.252,3.262208,87.87022829,84.37547684,1
15:17:30,3.252,3.262052,87.85687089,84.36060548,1
15:17:31,3.252,3.261898,87.84351,84.345752,1
15:17:32,3.252,3.261747,87.83015609,84.3309164,1
15:17:33,3.252,3.261599,87.81679869,84.31609869,1
15:17:34,3.252,3.261455,87.80344129,84.30129886,1
15:17:35,3.252,3.261313,87.79008389,84.2865169,1
15:17:36,3.251,3.261175,87.77672648,84.27159786,1
15:17:37,3.251,3.261034,87.76336908,84.2566967,1
15:17:38,3.251,3.260896,87.75001168,84.24181342,1
15:17:39,3.25,3.260761,87.73665428,84.22679305,1
15:17:40,3.25,3.260624,87.72329688,84.2117846,1
15:17:41,3.25,3.26049,87.70993948,84.19679403,1
15:17:42,3.25,3.260359,87.69658208,84.18182135,1
15:17:43,3.25,3.26023,87.68322468,84.16686654,1
15:17:44,3.249,3.260104,87.66986728,84.15176868,1
15:17:45,3.249,3.259975,87.65650988,84.13668871,1
15:17:46,3.249,3.25985,87.64315248,84.12162066,1
15:17:47,3.249,3.259727,87.62979507,84.10657048,1
15:17:48,3.249,3.259606,87.61643767,84.09153819,1
15:17:49,3.248001,3.259487,87.60308027,84.07636285,1
15:17:50,3.248001,3.259367,87.58972287,84.06119943,1
15:17:51,3.248001,3.259249,87.57636547,84.04605389,1
15:17:52,3.248001,3.259133,87.56300807,84.03092027,1
15:17:53,3.248001,3.25902,87.54965067,84.01580453,1
15:17:54,3.247,3.258908,87.53629327,84.00053978,1
15:17:55,3.247,3.258795,87.52293587,83.98529291,1
15:17:56,3.247,3.258683,87.50957847,83.97005796,1
15:17:57,3.247,3.258574,87.49622107,83.9548409,1
15:17:58,3.247,3.258467,87.48286366,83.93963575,1
15:17:59,3.247,3.258362,87.46950626,83.92444253,1
15:18:00,3.247,3.25826,87.45614886,83.90926719,1
15:18:01,3.247,3.258159,87.44279146,83.89410377,1
15:18:02,3.246,3.25806,87.42943406,83.87879133,1
15:18:03,3.246,3.257959,87.41608,83.86349082,1
15:18:04,3.246,3.257859,87.40271926,83.84820223,1
15:18:05,3.246,3.257762,87.38936186,83.83292556,1
15:18:06,3.246,3.257667,87.37600446,83.81766677,1
15:18:07,3.246,3.257573,87.36264706,83.8024199,1
15:18:08,3.246,3.257482,87.34928966,83.78718495,1
15:18:09,3.244999,3.257392,87.33593225,83.77179503,1
15:18:10,3.244999,3.257299,87.32257485,83.75641704,1
15:18:11,3.244999,3.257208,87.30921745,83.74105096,1
15:18:12,3.244999,3.257119,87.29586005,83.72570276,1
15:18:13,3.244999,3.257031,87.28250265,83.71036649,1
15:18:14,3.244999,3.256946,87.26914525,83.69503617,1
15:18:15,3.244999,3.256862,87.25578785,83.67971778,1
15:18:16,3.244999,3.256779,87.24243045,83.66441727,1
15:18:17,3.244999,3.256699,87.22907305,83.64912271,1
15:18:18,3.244999,3.25662,87.21571565,83.63384008,1
15:18:19,3.244999,3.256542,87.20235825,83.61856937,1
15:18:20,3.244999,3.256466,87.18900084,83.60331059,1
15:18:21,3.244999,3.256392,87.17564344,83.58805776,1
15:18:22,3.244999,3.256318,87.16228604,83.57281685,1
15:18:23,3.244999,3.256247,87.14892864,83.55758786,1
15:18:24,3.244999,3.256176,87.13557124,83.54236484,1
15:18:25,3.244999,3.256107,87.12221384,83.52715373,1
15:18:26,3.244999,3.25604,87.10885644,83.51195455,1
15:18:27,3.244999,3.255974,87.09549904,83.49676132,1
15:18:28,3.244999,3.255909,87.08214164,83.48158002,1
15:18:29,3.244999,3.255845,87.06878424,83.46641064,1
15:18:30,3.244999,3.255782,87.05542684,83.45124722,1
15:18:31,3.244999,3.255721,87.04206944,83.43608975,1
15:18:32,3.244999,3.255661,87.02871203,83.42094,1
15:18:33,3.244999,3.255602,87.01535463,83.40580463,1
15:18:34,3.244999,3.255543,87.00199723,83.39067698,1
15:18:35,3.244999,3.255487,86.98864,83.37555528,1
15:18:36,3.244999,3.255431,86.97528243,83.36043954,1
15:18:37,3.244999,3.255376,86.96192503,83.34533572,1
15:18:38,3.244999,3.255322,86.94856763,83.33023787,1
15:18:39,3.244999,3.255269,86.93521023,83.31514597,1
15:18:40,3.244999,3.255217,86.92185283,83.30006599,1
15:18:41,3.244999,3.255166,86.90849543,83.28499198,1
15:18:42,3.244999,3.255116,86.89513803,83.26992393,1
15:18:43,3.244999,3.255067,86.88178062,83.25486183,1
15:18:44,3.244999,3.255019,86.86842322,83.2398057,1
15:18:45,3.244999,3.254971,86.85506582,83.22476149,1
15:18:46,3.244999,3.254925,86.84170842,83.20972323,1
15:18:47,3.244999,3.254879,86.82835102,83.19469094,1
15:18:48,3.244999,3.254834,86.81499362,83.17966,1
15:18:49,3.244999,3.25479,86.80163622,83.16464424,1
15:18:50,3.244999,3.254746,86.78827882,83.14962983,1
15:18:51,3.244999,3.254704,86.77492142,83.13462138,1
15:18:52,3.244999,3.254662,86.76156402,83.11961889,1
15:18:53,3.244999,3.25462,86.74820662,83.10462236,1
15:18:55,3.244999,3.25458,86.73484921,83.0896318,1
15:18:55,3.244999,3.25454,86.72149181,83.07464719,1
15:18:56,3.244999,3.254501,86.70813441,83.05966854,1
15:18:57,3.244999,3.254462,86.69477701,83.04469585,1
15:18:58,3.244999,3.254424,86.68141961,83.02972913,1
15:18:59,3.244999,3.254387,86.66806221,83.01476836,1
15:19:00,3.244999,3.25435,86.65470481,82.99981356,1
15:19:01,3.244999,3.254314,86.64134741,82.98486471,1
15:19:02,3.244999,3.254278,86.62799001,82.96992183,1
15:19:03,3.244999,3.254243,86.61463261,82.9549849,1
15:19:04,3.244999,3.254208,86.60127521,82.94005394,1
15:19:05,3.244999,3.254175,86.5879178,82.92512298,1
15:19:06,3.244999,3.254141,86.5745604,82.91019797,1
15:19:07,3.244999,3.254108,86.5612,82.89528,1
15:19:08,3.244999,3.254076,86.5478456,82.88036585,1
15:19:09,3.244999,3.254044,86.5344882,82.86545873,1
15:19:10,3.244999,3.254012,86.5211308,82.85055757,1
15:19:11,3.244999,3.253981,86.5077734,82.8356564,1
15:19:12,3.244999,3.253951,86.494416,82.8207612,1
15:19:13,3.244999,3.253921,86.4810586,82.80587196,1
15:19:14,3.244999,3.253891,86.4677012,82.79098868,1
15:19:15,3.244999,3.253862,86.4543438,82.77611136,1
15:19:16,3.244999,3.253833,86.44098639,82.76123405,1
15:19:17,3.244999,3.253804,86.42762899,82.74636269,1
15:19:18,3.244999,3.253776,86.41427159,82.73149729,1
15:19:19,3.244999,3.253749,86.40091419,82.71663189,1
15:19:20,3.244999,3.253721,86.38755679,82.70177245,1
15:19:21,3.244999,3.253695,86.37419939,82.68691897,1
15:19:22,3.244999,3.253668,86.36084199,82.6720655,1
15:19:23,3.244999,3.253642,86.34748459,82.65721798,1
15:19:24,3.244999,3.253616,86.33412719,82.64237642,1
15:19:25,3.244999,3.25359,86.32076979,82.62753487,1
15:19:26,3.244999,3.253565,86.30741239,82.61269927,1
15:19:27,3.244999,3.25354,86.29405499,82.59786963,1
15:19:28,3.244999,3.253515,86.28069758,82.58304,1
15:19:29,3.244999,3.253491,86.26734018,82.56821632,1
15:19:30,3.244999,3.253467,86.25398278,82.55339265,1
15:19:31,3.267,3.278742,86.25398278,82.55136609,1
15:19:32,3.273,3.279204,86.25398278,82.55029321,1
15:19:33,3.275,3.279684,86.25398278,82.54948258,1
15:19:34,3.275,3.280161,86.25398278,82.54858851,1
15:19:35,3.275,3.280627,86.25398278,82.54761696,1
15:19:36,3.275,3.281082,86.25398278,82.54656196,1
15:19:37,3.275,3.281525,86.25398278,82.54542947,1
15:19:38,3.279,3.281957,86.25398278,82.54491687,1
15:19:39,3.281,3.282398,86.25398278,82.54467249,1
15:19:40,3.281,3.282838,86.25398278,82.54435658,1
15:19:41,3.281,3.283267,86.25398278,82.54396319,1
15:19:42,3.282,3.283686,86.25398278,82.54367113,1
15:19:43,3.282,3.284099,86.25398278,82.54330754,1
15:19:44,3.282,3.284502,86.25398278,82.54287243,1
15:19:45,3.282,3.284895,86.25398278,82.54237175,1
15:19:46,3.282,3.285279,86.25398278,82.54180551,1
15:19:47,3.282,3.285653,86.25398278,82.5411737,1
15:19:48,3.282,3.286018,86.25398278,82.54047632,1
15:19:49,3.282,3.286374,86.25398278,82.53971934,1
15:19:50,3.284,3.286721,86.25398278,82.53924847,1
15:19:51,3.286,3.28707,86.25398278,82.53906369,1
15:19:52,3.288,3.287419,86.25398278,82.53916502,1
15:19:53,3.288,3.287769,86.25398278,82.53920674,1
15:19:54,3.288,3.288111,86.25398278,82.53918886,1
15:19:55,3.288,3.288445,86.25398278,82.53911138,1
15:19:56,3.288,3.28877,86.25398278,82.53898025,1
15:19:57,3.288,3.289087,86.25398278,82.53878951,1
15:19:58,3.288,3.289397,86.25398278,82.53854513,1
15:19:59,3.289,3.289699,86.25398278,82.53842592,1
15:20:00,3.289,3.289998,86.25398278,82.53825307,1
15:20:01,3.289,3.29029,86.25398278,82.53802657,1
15:20:02,3.289,3.290575,86.25398278,82.53775239,1
15:20:03,3.289,3.290853,86.25398278,82.53743052,1
15:20:04,3.289,3.291124,86.25398278,82.53706098,1
15:20:06,3.289,3.291389,86.25398278,82.53664374,1
15:20:06,3.289,3.291647,86.25398278,82.53618479,1
15:20:07,3.289,3.291898,86.25398278,82.53567815,1
15:20:08,3.289,3.292144,86.25398278,82.53512979,1
15:20:09,3.289,3.292383,86.25398278,82.5345397,1
15:20:10,3.289,3.292617,86.25398278,82.53390789,1
15:20:11,3.289,3.292845,86.25398278,82.53324032,1
15:20:12,3.289,3.293067,86.25398278,82.53253102,1
15:20:13,3.289,3.293284,86.25398278,82.53178596,1
15:20:14,3.289,3.293496,86.25398278,82.53100514,1
15:20:15,3.289,3.293702,86.25398278,82.53018856,1
15:20:16,3.289,3.293903,86.25398278,82.52933621,1
15:20:17,3.289,3.2941,86.25398278,82.5284481,1
15:20:18,3.289,3.294291,86.25398278,82.52752423,1
15:20:19,3.289,3.294477,86.25398278,82.52657056,1
15:20:20,3.289,3.29466,86.25398278,82.52558708,1
15:20:21,3.289,3.294837,86.25398278,82.52456784,1
15:20:22,3.289,3.295011,86.25398278,82.5235188,1
15:20:23,3.289,3.29518,86.25398278,82.52243996,1
15:20:24,3.289,3.295345,86.25398278,82.52133727,1
15:20:25,3.289,3.295505,86.25398278,82.52020478,1
15:20:26,3.289,3.295662,86.25398278,82.51904249,1
15:20:27,3.289,3.295815,86.25398278,82.51785636,1
15:20:28,3.289,3.295964,86.25398278,82.51664042,1
15:20:29,3.289,3.29611,86.25398278,82.51540065,1
15:20:30,3.29,3.296252,86.25398278,82.51430988,1
15:20:31,3.29,3.296395,86.25398278,82.51319528,1
15:20:32,3.291,3.296534,86.25398278,82.51222968,1
15:20:34,3.291,3.296675,86.25398278,82.51124024,1
15:20:34,3.292,3.296813,86.25398278,82.51039982,1
15:20:35,3.292,3.296952,86.25398278,82.50953555,1
15:20:36,3.293,3.297087,86.25398278,82.50882626,1
15:20:38,3.294,3.297224,86.25398278,82.50826597,1
15:20:38,3.294,3.297362,86.25398278,82.50768185,1
15:20:39,3.294,3.297497,86.25398278,82.50707388,1
15:20:40,3.295,3.297628,86.25398278,82.50661492,1
15:20:41,3.295,3.297761,86.25398278,82.50613213,1
15:20:43,3.295,3.297891,86.25398278,82.50562549,1
15:20:43,3.296,3.298018,86.25398278,82.50527382,1
15:20:44,3.296,3.298146,86.25398278,82.50489831,1
15:20:45,3.296,3.298271,86.25398278,82.50450492,1
15:20:47,3.296,3.298393,86.25398278,82.50408769,1
15:20:48,3.296,3.298512,86.25398278,82.50365257,1
15:20:48,3.296,3.298628,86.25398278,82.50319362,1
15:20:49,3.296,3.298741,86.25398278,82.50271678,1
15:20:51,3.296,3.298852,86.25398278,82.50222206,1
15:20:51,3.296,3.298959,86.25398278,82.50170946,1
15:20:52,3.296,3.299065,86.25398278,82.50117302,1
15:20:53,3.296,3.299167,86.25398278,82.5006187,1
15:20:55,3.296,3.299267,86.25398278,82.50005245,1
15:20:55,3.296,3.299364,86.25398278,82.49946833,1
15:20:56,3.296,3.299459,86.25398278,82.49886632,1
15:20:57,3.296,3.299552,86.25398278,82.49824643,1
15:20:59,3.296,3.299643,86.25398278,82.49761462,1
15:21:00,3.296,3.299731,86.25398278,82.49696493,1
15:21:00,3.296,3.299817,86.25398278,82.49629736,1
15:21:01,3.296,3.299901,86.25398278,82.49561787,1
15:21:02,3.296,3.299983,86.25398278,82.49493,1
15:21:04,3.296,3.300062,86.25398278,82.49421716,1
15:21:05,3.296,3.30014,86.25398278,82.49349594,1
15:21:05,3.296,3.300216,86.25398278,82.4927628,1
15:21:06,3.296,3.30029,86.25398278,82.49201775,1
15:21:08,3.296,3.300362,86.25398278,82.49126077,1
15:21:09,3.297,3.300432,86.25398278,82.49066472,1
15:21:09,3.296,3.300506,86.25398278,82.48987794,1
15:21:10,3.296,3.300573,86.25398278,82.4890852,1
15:21:12,3.297,3.300638,86.25398278,82.48845339,1
15:21:13,3.296,3.300706,86.25398278,82.4876368,1
15:21:13,3.297,3.300768,86.25398278,82.48698115,1
15:21:14,3.297,3.300833,86.25398278,82.48631358,1
15:21:15,3.297,3.300896,86.25398278,82.48563409,1
15:21:17,3.297,3.300958,86.25398278,82.48494267,1
15:21:18,3.296,3.301018,86.25398278,82.48407245,1
15:21:18,3.297,3.301072,86.25398278,82.48336315,1
15:21:19,3.297,3.30113,86.25398278,82.48264194,1
15:21:21,3.296,3.301186,86.25398278,82.48174191,1
15:21:22,3.296,3.301236,86.25398278,82.48082995,1
15:21:22,3.297,3.301284,86.25398278,82.4800849,1
15:21:24,3.297,3.301336,86.25398278,82.47933388,1
15:21:24,3.297,3.301387,86.25398278,82.47857094,1
15:21:26,3.297,3.301437,86.25398278,82.47780204,1
15:21:26,3.297,3.301485,86.25398278,82.47702122,1
15:21:27,3.297,3.301532,86.25398278,82.47623,1
15:21:28,3.297,3.301578,86.25398278,82.47543573,1
15:21:30,3.297,3.301623,86.25398278,82.47463107,1
15:21:31,3.297,3.301666,86.25398278,82.47382045,1
15:21:31,3.297,3.301709,86.25398278,82.47300386,1
15:21:33,3.297,3.301751,86.25398278,82.47217536,1
15:21:34,3.297,3.301791,86.25398278,82.47134089,1
15:21:35,3.297,3.30183,86.25398278,82.47050047,1
15:21:35,3.297,3.301869,86.25398278,82.46965408,1
15:21:37,3.297,3.301906,86.25398278,82.46880174,1
15:21:38,3.297,3.301943,86.25398278,82.46794343,1
15:21:39,3.297,3.301978,86.25398278,82.46708,1
15:21:40,3.297,3.302013,86.25398278,82.46620893,1
15:21:40,3.297,3.302047,86.25398278,82.46533275,1
15:21:41,3.297,3.30208,86.25398278,82.4644506,1
15:21:43,3.297,3.302112,86.25398278,82.46356249,1
15:21:44,3.297,3.302143,86.25398278,82.46266842,1
15:21:44,3.297,3.302173,86.25398278,82.46176839,1
15:21:46,3.297,3.302203,86.25398278,82.4608624,1
15:21:47,3.297,3.302232,86.25398278,82.45995641,1
15:21:48,3.297,3.30226,86.25398278,82.45904446,1
15:21:49,3.297,3.302288,86.25398278,82.45812654,1
15:21:49,3.297,3.302314,86.25398278,82.45720267,1
15:21:51,3.297,3.30234,86.25398278,82.4562788,1
15:21:52,3.297,3.302366,86.25398278,82.45534897,1
15:21:53,3.297,3.302391,86.25398278,82.45441318,1
15:21:53,3.297,3.302415,86.25398278,82.45347142,1
15:21:55,3.297,3.302438,86.25398278,82.45252967,1
15:21:56,3.297,3.302461,86.25398278,82.45158195,1
15:21:57,3.297,3.302483,86.25398278,82.45062828,1
15:21:57,3.297,3.302505,86.25398278,82.44967461,1
15:21:59,3.297,3.302526,86.25398278,82.44871497,1
15:22:00,3.297,3.302547,86.25398278,82.44775534,1
15:22:01,3.297,3.302567,86.25398278,82.44678974,1
15:22:02,3.297,3.302586,86.25398278,82.44581819,1
15:22:03,3.297,3.302605,86.25398278,82.44484663,1
15:22:04,3.297,3.302624,86.25398278,82.44386911,1
15:22:05,3.26,3.264778,86.23394966,82.42300749,1
15:22:06,3.256,3.264049,86.21391654,82.40157962,1
15:22:06,3.253,3.263319,86.19388342,82.37975836,1
15:22:08,3.252,3.262591,86.1738503,82.35788941,1
15:22:09,3.248001,3.261876,86.15381718,82.33544827,1
15:22:10,3.244999,3.261159,86.13378406,82.31261373,1
15:22:10,3.244999,3.260444,86.11375093,82.28990436,1
15:22:12,3.244999,3.259746,86.09371781,82.2673142,1
15:22:13,3.242,3.259065,86.07368,82.24432468,1
15:22:14,3.24,3.258385,86.05365157,82.22110271,1
15:22:15,3.238,3.257712,86.03361845,82.19765425,1
15:22:15,3.238,3.257045,86.01358533,82.17431903,1
15:22:17,3.237,3.256393,85.99355221,82.15092421,1
15:22:18,3.236,3.255753,85.97351909,82.12746382,1
15:22:19,3.235,3.255122,85.95348597,82.10394382,1
15:22:20,3.234,3.254502,85.93345284,82.08035827,1
15:22:21,3.233,3.253891,85.91341972,82.05670118,1
15:22:22,3.232,3.253291,85.8933866,82.03297853,1
15:22:23,3.230999,3.252699,85.87335348,82.00918436,1
15:22:24,3.230999,3.252117,85.85332036,81.98549151,1
15:22:25,3.230999,3.251548,85.83328724,81.9619,1
15:22:26,3.23,3.250993,85.81325412,81.93823099,1
15:22:27,3.23,3.250446,85.793221,81.91465139,1
15:22:28,3.23,3.249912,85.77318788,81.89116716,1
15:22:28,3.23,3.249391,85.75315475,81.86777234,1
15:22:30,3.229,3.248882,85.73312163,81.84429407,1
15:22:30,3.228,3.248379,85.71308851,81.82072639,1
15:22:32,3.227,3.247885,85.69305539,81.79706931,1
15:22:33,3.227,3.247397,85.67302227,81.77349567,1
15:22:34,3.226,3.246921,85.65298915,81.74983263,1
15:22:35,3.226,3.246451,85.63295603,81.72625303,1
15:22:36,3.225,3.245993,85.61292291,81.70257807,1
15:22:36,3.225,3.245541,85.59288979,81.67898059,1
15:22:38,3.225,3.245099,85.57285666,81.6554606,1
15:22:39,3.225,3.244668,85.55282354,81.63201213,1
15:22:39,3.225,3.244246,85.53279042,81.60864115,1
15:22:41,3.224,3.243835,85.5127573,81.58516288,1
15:22:42,3.224,3.243429,85.49272418,81.56175613,1
15:22:43,3.224,3.243033,85.47269106,81.53842092,1
15:22:44,3.224,3.242646,85.45265794,81.51515126,1
15:22:45,3.224,3.242268,85.43262,81.49194717,1
15:22:46,3.224,3.241899,85.4125917,81.46880865,1
15:22:47,3.224,3.241539,85.39255857,81.44572973,1
15:22:48,3.224,3.241188,85.37252545,81.42271638,1
15:22:49,3.224,3.240844,85.35249233,81.39976263,1
15:22:50,3.224,3.240509,85.33245921,81.37686253,1
15:22:51,3.223,3.240181,85.31242609,81.35384321,1
15:22:52,3.223,3.239857,85.29239297,81.3308835,1
15:22:53,3.223,3.239541,85.27235985,81.30797744,1
15:22:54,3.223,3.239232,85.25232673,81.28512502,1
15:22:55,3.223,3.23893,85.23229361,81.26232028,1
15:22:56,3.223,3.238635,85.21226048,81.23956919,1
15:22:57,3.223,3.238348,85.19222736,81.21686578,1
15:22:58,3.223,3.238067,85.17219424,81.19421005,1
15:22:59,3.223,3.237793,85.15216112,81.17160201,1
15:23:00,3.223,3.237525,85.132128,81.14904165,1
15:23:01,3.223,3.237264,85.11209488,81.12652898,1
15:23:02,3.223,3.237008,85.09206176,81.10405803,1
15:23:03,3.223,3.236759,85.07202864,81.08163476,1
15:23:04,3.223,3.236516,85.05199552,81.05924726,1
15:23:05,3.223,3.236279,85.03196239,81.03690743,1
15:23:06,3.223,3.236046,85.01192927,81.01460338,1
15:23:07,3.222,3.23582,84.99189615,80.99216223,1
15:23:08,3.222,3.235594,84.97186303,80.9697628,1
15:23:09,3.222,3.235374,84.95182991,80.94739914,1
15:23:10,3.222,3.235159,84.93179679,80.92507124,1
15:23:11,3.222,3.234949,84.91176367,80.90278506,1
15:23:12,3.222,3.234744,84.89173055,80.88052869,1
15:23:13,3.222,3.234543,84.87169743,80.85830808,1
15:23:14,3.221,3.234348,84.8516643,80.83595037,1
15:23:15,3.221,3.234152,84.83163118,80.81362844,1
15:23:16,3.221,3.233962,84.81159806,80.7913363,1
15:23:17,3.221,3.233775,84.79156,80.76907396,1
15:23:18,3.221,3.233593,84.77153182,80.74684739,1
15:23:19,3.221,3.233416,84.7514987,80.72465062,1
15:23:20,3.221,3.233242,84.73146558,80.70248365,1
15:23:21,3.221,3.233073,84.71143246,80.68034649,1
15:23:22,3.221,3.232907,84.69139934,80.65823317,1
15:23:23,3.22,3.232746,84.67136621,80.63597679,1
15:23:24,3.22,3.232584,84.65133309,80.61374426,1
15:23:25,3.22,3.232425,84.63129997,80.59154153,1
15:23:26,3.22,3.23227,84.61126685,80.56936264,1
15:23:27,3.22,3.232119,84.59123373,80.54721355,1
15:23:28,3.22,3.231972,84.57120061,80.52508831,1
15:23:29,3.22,3.231827,84.55116749,80.50298691,1
15:23:30,3.22,3.231687,84.53113437,80.48090935,1
15:23:31,3.22,3.231549,84.51110125,80.45885563,1
15:23:32,3.22,3.231415,84.49106812,80.43682575,1
15:23:33,3.22,3.231284,84.471035,80.41481972,1
15:23:34,3.22,3.231156,84.45100188,80.39284,1
15:23:35,3.22,3.23103,84.43096876,80.37087321,1
15:23:36,3.22,3.230908,84.41093564,80.34893274,1
15:23:37,3.22,3.230789,84.39090252,80.32701015,1
15:23:38,3.22,3.230672,84.3708694,80.30511141,1
15:23:39,3.22,3.230558,84.35083628,80.28323054,1
15:23:40,3.22,3.230447,84.33080316,80.26136756,1
15:23:41,3.219,3.230338,84.31077003,80.2393496,1
15:23:42,3.219,3.230227,84.29073691,80.21734953,1
15:23:43,3.219,3.230119,84.27070379,80.19536734,1
15:23:44,3.219,3.230013,84.25067067,80.17340302,1
15:23:45,3.219,3.22991,84.23063755,80.15145659,1
15:23:46,3.219,3.229809,84.21060443,80.12952805,1
15:23:47,3.219,3.22971,84.19057131,80.10761738,1
15:23:48,3.219,3.229614,84.17053819,80.08577824,1
15:23:49,3.219,3.22952,84.15051,80.06405234,1
15:23:50,3.219,3.229428,84.13047194,80.04243374,1
15:23:51,3.219,3.229338,84.11043882,80.02092242,1
15:23:52,3.219,3.22925,84.0904057,79.99951243,1
15:23:53,3.219,3.229181,84.07037258,79.97820377,1
15:23:54,3.219,3.229115,84.05033946,79.95699048,1
15:23:55,3.219,3.22905,84.03030634,79.93587255,1
15:23:56,3.219,3.228987,84.01027322,79.91484404,1
15:23:57,3.219,3.228925,83.9902401,79.89388704,1
15:23:58,3.219,3.228866,83.97020698,79.87293005,1
15:23:59,3.219,3.228807,83.95017385,79.85197306,1
15:24:00,3.219,3.228751,83.93014073,79.83102202,1
15:24:01,3.219,3.228696,83.91010761,79.81007099,1
15:24:02,3.219,3.228642,83.89007449,79.78911996,1
15:24:03,3.219,3.22859,83.87004137,79.76817489,1
15:24:04,3.219,3.22854,83.85000825,79.74722981,1
15:24:05,3.219,3.228491,83.82997513,79.72628474,1
15:24:06,3.219,3.228443,83.80994201,79.70534563,1
15:24:07,3.219,3.228396,83.78990889,79.68440652,1
15:24:08,3.218,3.228351,83.76987576,79.66337204,1
15:24:09,3.218,3.228303,83.74984264,79.64233756,1
15:24:10,3.218,3.228256,83.72980952,79.62130904,1
15:24:11,3.218,3.228211,83.7097764,79.60028052,1
15:24:12,3.218,3.228166,83.68974328,79.579252,1
15:24:13,3.218,3.228123,83.66971016,79.55822349,1
15:24:14,3.218,3.228082,83.64967704,79.53719497,1
15:24:15,3.218,3.228041,83.62964392,79.51617241,1
15:24:16,3.218,3.228002,83.6096108,79.49514985,1
15:24:17,3.218,3.227964,83.58957767,79.47412729,1
15:24:18,3.218,3.227926,83.56954455,79.45310473,1
15:24:19,3.218,3.22789,83.54951143,79.43208814,1
15:24:20,3.218,3.227855,83.52947831,79.41107154,1
15:24:21,3.218,3.227821,83.50945,79.39005494,1
15:24:22,3.218,3.227788,83.48941207,79.36903834,1
15:24:23,3.218,3.227756,83.46937895,79.34802175,1
15:24:24,3.218,3.227725,83.44934583,79.32701,1
15:24:25,3.218,3.227695,83.42931271,79.30600047,1
15:24:26,3.218,3.227665,83.40927958,79.28498983,1
15:24:27,3.218,3.227636,83.38924646,79.2639792,1
15:24:28,3.218,3.227609,83.36921334,79.24296856,1
15:24:29,3.218,3.227582,83.34918022,79.22196388,1
15:24:30,3.218,3.227556,83.3291471,79.20095921,1
15:24:31,3.218,3.22753,83.30911398,79.17995,1
15:24:32,3.218,3.227506,83.28908086,79.15894985,1
15:24:33,3.218,3.227482,83.26904774,79.13794518,1
15:24:34,3.218,3.227459,83.24901462,79.1169405,1
15:24:35,3.218,3.227437,83.22898149,79.09593582,1
15:24:36,3.218,3.227415,83.20894837,79.07493711,1
15:24:37,3.253,3.262661,83.20894837,79.07394171,1
15:24:38,3.258999,3.263462,83.20894837,79.07348275,1
15:24:39,3.26,3.264264,83.20894837,79.07304168,1
15:24:40,3.26,3.265049,83.20894837,79.07251716,1
15:24:41,3.26,3.265813,83.20894837,79.07191515,1
15:24:42,3.261,3.266556,83.20894837,79.07133698,1
15:24:43,3.266,3.267282,83.20894837,79.07120585,1
15:24:44,3.267,3.26801,83.20894837,79.07109857,1
15:24:45,3.267,3.268721,83.20894837,79.07091975,1
15:24:46,3.267,3.269413,83.20894837,79.07066941,1
15:24:47,3.268,3.270086,83.20894837,79.07044888,1
15:24:48,3.272,3.270745,83.20894837,79.07058001,1
15:24:49,3.274,3.271403,83.20894837,79.07085,1
15:24:50,3.274,3.27205,83.20894837,79.07105684,1
15:24:51,3.274,3.27268,83.20894837,79.07119393,1
15:24:52,3.275,3.273293,83.20894837,79.07137275,1
15:24:53,3.275,3.273893,83.20894837,79.07149196,1
15:24:54,3.275,3.274477,83.20894837,79.0715456,1
15:24:55,3.275,3.275044,83.20894837,79.07153964,1
15:24:56,3.275,3.275597,83.20894837,79.07147408,1
15:24:57,3.275,3.276134,83.20894837,79.07135487,1
15:24:58,3.275,3.276657,83.20894837,79.07118201,1
15:24:59,3.275,3.277165,83.20894837,79.07095551,1
15:25:00,3.276,3.27766,83.20894837,79.07078266,1
15:25:01,3.277,3.278145,83.20894837,79.07066,1
15:25:02,3.279,3.278621,83.20894837,79.07070518,1
15:25:03,3.281,3.279092,83.20894837,79.07090783,1
15:25:04,3.281,3.279559,83.20894837,79.0710628,1
15:25:05,3.281,3.280012,83.20894837,79.07117009,1
15:25:06,3.281,3.280454,83.20894837,79.0712297,1
15:25:07,3.281,3.280883,83.20894837,79.07124162,1
15:25:08,3.281,3.281301,83.20894837,79.07121181,1
15:25:09,3.282,3.281707,83.20894837,79.07124162,1
15:25:10,3.282,3.282106,83.20894837,79.0712297,1
15:25:11,3.282,3.282495,83.20894837,79.07117605,1
15:25:12,3.282,3.282873,83.20894837,79.07108068,1
15:25:13,3.282,3.28324,83.20894837,79.07094955,1
15:25:14,3.282,3.283598,83.20894837,79.0707767,1
15:25:15,3.282,3.283946,83.20894837,79.07056808,1
15:25:16,3.282,3.284284,83.20894837,79.07032371,1
15:25:17,3.282,3.284613,83.20894837,79.07004356,1
15:25:18,3.282,3.284933,83.20894837,79.06972766,1
15:25:19,3.282,3.285245,83.20894837,79.06938195,1
15:25:20,3.282,3.285548,83.20894837,79.06900048,1
15:25:21,3.282,3.285843,83.20894837,79.06858921,1
15:25:22,3.282,3.286129,83.20894837,79.06814814,1
15:25:23,3.282,3.286408,83.20894837,79.0676713,1
15:25:24,3.282,3.28668,83.20894837,79.06717062,1
15:25:25,3.282,3.286944,83.20894837,79.06664014,1
15:25:26,3.282,3.2872,83.20894837,79.06607985,1
15:25:27,3.282,3.28745,83.20894837,79.06549573,1
15:25:28,3.282,3.287693,83.20894837,79.0648818,1
15:25:29,3.282,3.28793,83.20894837,79.06424403,1
15:25:30,3.282,3.288159,83.20894837,79.06358242,1
15:25:31,3.282,3.288383,83.20894837,79.06289697,1
15:25:32,3.282,3.288601,83.20894837,79.06218171,1
15:25:33,3.282,3.288812,83.20894837,79.06144857,1
15:25:34,3.282,3.289018,83.20894837,79.0606916,1
15:25:35,3.282,3.289218,83.20894837,79.05991077,1
15:25:36,3.283,3.289413,83.20894837,79.05922,1
15:25:37,3.283,3.289607,83.20894837,79.0585041,1
15:25:38,3.285,3.289795,83.20894837,79.05798554,1
15:25:41,3.275,3.278234,83.20227265,79.05095816,1
15:25:42,3.274,3.27815,83.19559693,79.0438354,1
15:25:42,3.273,3.278063,83.18892121,79.03661132,1
15:25:45,3.269,3.277974,83.18224549,79.02896404,1
15:25:46,3.267,3.277872,83.17556977,79.02111411,1
15:25:46,3.267,3.277765,83.16889405,79.01327014,1
15:25:46,3.267,3.27766,83.16221833,79.00543809,1
15:25:47,3.267,3.277558,83.15554261,78.99761796,1
15:25:47,3.267,3.277458,83.14886689,78.98980975,1
15:25:48,3.267,3.277362,83.14219117,78.98201346,1
15:25:49,3.267,3.277267,83.13551545,78.97422314,1
15:25:50,3.267,3.277175,83.12883973,78.96644473,1
15:25:51,3.267,3.277086,83.12216401,78.95867229,1
15:25:52,3.266,3.276998,83.11548829,78.95080447,1
15:25:53,3.266,3.276909,83.10881257,78.94294262,1
15:25:54,3.266,3.276822,83.10213685,78.93509269,1
15:25:55,3.266,3.276738,83.09546113,78.92724872,1
15:25:56,3.266,3.276655,83.08878541,78.91941667,1
15:25:57,3.266,3.276575,83.08210969,78.91159,1
15:25:58,3.266,3.276497,83.07543397,78.90377,1
15:25:59,3.266,3.27642,83.06875825,78.89596224,1
15:26:00,3.266,3.276346,83.06208253,78.88815999,1
15:26:01,3.265,3.276273,83.05540681,78.88025641,1
15:26:02,3.264,3.276199,83.04873109,78.87225151,1
15:26:03,3.264,3.276122,83.04205537,78.86425257,1
15:26:04,3.263,3.276047,83.03537965,78.85615826,1
15:26:05,3.262001,3.27597,83.02870393,78.84795666,1
15:26:06,3.262001,3.275892,83.02202821,78.83976698,1
15:26:07,3.261,3.275815,83.01535249,78.83147597,1
15:26:08,3.261,3.275736,83.00867677,78.82319689,1
15:26:09,3.261,3.275659,83.00200105,78.81492376,1
15:26:10,3.261,3.275584,82.99532533,78.8066566,1
15:26:11,3.26,3.275512,82.98864961,78.79828811,1
15:26:12,3.26,3.275436,82.98197389,78.78993154,1
15:26:13,3.26,3.275363,82.97529817,78.78158092,1
15:26:14,3.26,3.275292,82.96862245,78.77323627,1
15:26:15,3.26,3.275223,82.96194673,78.76489758,1
15:26:16,3.26,3.275155,82.95527101,78.75656486,1
15:26:17,3.26,3.275089,82.94859529,78.74824405,1
15:26:18,3.26,3.275025,82.94191957,78.73993,1
15:26:19,3.26,3.274962,82.93524384,78.73161435,1
15:26:20,3.26,3.274901,82.92856812,78.72330546,1
15:26:21,3.26,3.274842,82.9218924,78.7150085,1
15:26:22,3.26,3.274784,82.91521668,78.70671749,1
15:26:23,3.26,3.274727,82.90854096,78.69843245,1
15:26:24,3.26,3.274672,82.90186524,78.69015,1
15:26:25,3.26,3.274618,82.89518952,78.68186831,1
15:26:26,3.26,3.274566,82.8885138,78.67360115,1
15:26:27,3.26,3.274515,82.88183808,78.66533399,1
15:26:28,3.26,3.274465,82.87516236,78.65707278,1
15:26:29,3.26,3.274417,82.86848664,78.64881754,1
15:26:30,3.26,3.274369,82.86181092,78.64056826,1
15:26:31,3.26,3.274323,82.8551352,78.63232493,1
15:26:32,3.26,3.274278,82.84845948,78.62408161,1
15:26:33,3.26,3.274234,82.84178376,78.61584425,1
15:26:34,3.26,3.274192,82.83510804,78.60761285,1
15:26:35,3.26,3.27415,82.82843232,78.59938145,1
15:26:36,3.26,3.274109,82.8217566,78.59116,1
15:26:37,3.26,3.27407,82.81508088,78.58293653,1
15:26:38,3.26,3.274031,82.80840516,78.57472301,1
15:26:39,3.26,3.273993,82.80172944,78.56650949,1
15:26:40,3.26,3.273956,82.79505372,78.55830193,1
15:26:41,3.26,3.27392,82.788378,78.55010033,1
15:26:42,3.26,3.273885,82.78170228,78.54189873,1
15:26:43,3.26,3.273851,82.77502656,78.53370309,1
15:26:44,3.26,3.273818,82.76835084,78.52550745,1
15:26:45,3.26,3.273785,82.76167512,78.51731777,1
15:26:46,3.26,3.273753,82.7549994,78.50912809,1
15:26:47,3.26,3.273722,82.74832368,78.50094438,1
15:26:48,3.26,3.273692,82.74164796,78.49276066,1
15:26:49,3.26,3.273662,82.73497224,78.4845829,1
15:26:50,3.26,3.273633,82.72829652,78.47640514,1
15:26:51,3.26,3.273605,82.7216208,78.46823335,1
15:26:52,3.26,3.273577,82.71494508,78.46006155,1
15:26:53,3.26,3.273551,82.70826936,78.45189571,1
15:26:54,3.26,3.273524,82.70159364,78.44372988,1
15:26:55,3.26,3.273499,82.69491792,78.43556404,1
15:26:56,3.26,3.273474,82.6882422,78.42740417,1
15:26:57,3.26,3.273449,82.68156648,78.41924429,1
15:26:58,3.26,3.273425,82.67489076,78.41109037,1
15:26:59,3.26,3.273402,82.66821504,78.40293646,1
15:27:00,3.26,3.273379,82.66153932,78.3947885,1
15:27:01,3.26,3.273356,82.6548636,78.38664055,1
15:27:02,3.26,3.273335,82.64818788,78.37849259,1
15:27:03,3.26,3.273313,82.64151216,78.3703506,1
15:27:04,3.26,3.273292,82.63483644,78.3622086,1
15:27:05,3.26,3.273272,82.62816072,78.35406661,1
15:27:06,3.26,3.273252,82.62148499,78.34593058,1
15:27:07,3.26,3.273232,82.61480927,78.33779454,1
15:27:08,3.26,3.273213,82.60813355,78.32966,1
15:27:09,3.26,3.273195,82.60145783,78.32152247,1
15:27:10,3.26,3.273176,82.59478211,78.3133924,1
15:27:11,3.26,3.273158,82.58810639,78.30526233,1
15:27:12,3.26,3.273141,82.58143067,78.29713225,1
15:27:13,3.26,3.273124,82.57475495,78.28900218,1
15:27:14,3.26,3.273107,82.56807923,78.28087807,1
15:27:15,3.26,3.273091,82.56140351,78.27275395,1
15:27:16,3.26,3.273074,82.55472779,78.2646358,1
15:27:17,3.26,3.273059,82.54805207,78.25651765,1
15:27:18,3.26,3.273043,82.54137635,78.2483995,1
15:27:19,3.26,3.273028,82.53470063,78.24028134,1
15:27:20,3.26,3.273013,82.52802491,78.23216319,1
15:27:21,3.26,3.272999,82.52134919,78.22404504,1
15:27:22,3.26,3.272985,82.51467347,78.21593285,1
15:27:23,3.26,3.27297,82.50799775,78.20782065,1
15:27:24,3.26,3.272957,82.50132203,78.19970846,1
15:27:25,3.26,3.272943,82.49464631,78.19160223,1
15:27:26,3.26,3.27293,82.48797059,78.183496,1
15:27:27,3.26,3.272917,82.48129487,78.17538977,1
15:27:28,3.26,3.272905,82.47461915,78.16728354,1
15:27:29,3.26,3.272892,82.46794343,78.1591773,1
15:27:30,3.26,3.27288,82.46126771,78.15107703,1
15:27:31,3.26,3.272868,82.45459199,78.1429708,1
15:27:32,3.26,3.272856,82.44791627,78.13487053,1
15:27:33,3.26,3.272845,82.44124055,78.12677026,1
15:27:34,3.26,3.272833,82.43456483,78.11866999,1
15:27:35,3.26,3.272822,82.42788911,78.11056972,1
15:27:36,3.26,3.272811,82.42121339,78.10246944,1
15:27:37,3.26,3.272801,82.41453767,78.09436917,1
15:27:38,3.26,3.27279,82.40786195,78.08627486,1
15:27:39,3.26,3.272779,82.40118623,78.07818055,1
15:27:40,3.26,3.272769,82.39451051,78.07008624,1
15:27:41,3.26,3.272759,82.38783479,78.06199193,1
15:27:42,3.26,3.272749,82.38115907,78.05389762,1
15:27:43,3.26,3.27274,82.37448335,78.04580331,1
15:27:44,3.26,3.27273,82.36780763,78.037709,1
15:27:45,3.26,3.272721,82.36113191,78.02962065,1
15:27:46,3.26,3.272712,82.35445619,78.0215323,1
15:27:47,3.26,3.272702,82.34778047,78.01344395,1
15:27:48,3.26,3.272693,82.34110475,78.0053556,1
15:27:49,3.26,3.272685,82.33442903,77.99726725,1
15:27:50,3.26,3.272676,82.32775331,77.9891789,1
15:27:51,3.26,3.272667,82.32107759,77.98109055,1
15:27:52,3.26,3.272659,82.31440187,77.97300816,1
15:27:53,3.26,3.27265,82.30772614,77.96492577,1
15:27:54,3.26,3.272642,82.30105042,77.95684338,1
15:27:55,3.26,3.272634,82.2943747,77.94876,1
15:27:56,3.26,3.272626,82.28769898,77.9406786,1
15:27:57,3.26,3.272618,82.28102326,77.93259621,1
15:27:58,3.26,3.27261,82.27434754,77.92451382,1
15:27:59,3.26,3.272602,82.26767182,77.91643143,1
15:28:00,3.26,3.272595,82.2609961,77.90834904,1
15:28:01,3.26,3.272588,82.25432038,77.90026665,1
15:28:02,3.26,3.27258,82.24764466,77.89219022,1
15:28:03,3.26,3.272573,82.24096894,77.88411379,1
15:28:04,3.26,3.272566,82.23429322,77.87603736,1
15:28:05,3.26,3.272558,82.2276175,77.86796093,1
15:28:06,3.26,3.272551,82.22094178,77.8598845,1
15:28:07,3.26,3.272544,82.21426606,77.85180807,1
15:28:08,3.26,3.272537,82.20759034,77.84373164,1
15:28:09,3.26,3.272531,82.20091462,77.83566,1
15:28:10,3.26,3.272524,82.1942389,77.82757878,1
15:28:11,3.26,3.272517,82.18756318,77.81950831,1
15:28:12,3.26,3.272511,82.18088746,77.81143,1
15:28:13,3.26,3.272504,82.17421174,77.80336142,1
15:28:14,3.26,3.272497,82.16753602,77.79529095,1
15:28:15,3.26,3.272491,82.1608603,77.78722048,1
15:28:16,3.26,3.272485,82.15418458,77.77915001,1
15:28:17,3.26,3.272479,82.14750886,77.77107954,1
15:28:18,3.26,3.272472,82.14083314,77.76300907,1
15:28:19,3.26,3.272466,82.13415742,77.7549386,1
15:28:20,3.26,3.27246,82.1274817,77.74686813,1
15:28:21,3.26,3.272454,82.12080598,77.73879766,1
15:28:22,3.26,3.272448,82.11413026,77.7307272,1
15:28:23,3.26,3.272442,82.10745454,77.72265673,1
15:28:24,3.26,3.272436,82.10077882,77.71459222,1
15:28:25,3.26,3.27243,82.0941031,77.70652175,1
15:28:26,3.26,3.272424,82.08742738,77.69845724,1
15:28:27,3.26,3.272418,82.08075166,77.69038677,1
15:28:28,3.26,3.272413,82.07407594,77.68232226,1
15:28:29,3.26,3.272407,82.06740022,77.67425776,1
15:28:30,3.26,3.272402,82.0607245,77.66619325,1
15:28:31,3.26,3.272396,82.05404878,77.65812874,1
15:28:32,3.26,3.27239,82.04737306,77.65006423,1
15:28:33,3.26,3.272385,82.04069734,77.64199972,1
15:28:34,3.26,3.272379,82.03402162,77.63393521,1
15:28:35,3.26,3.272374,82.0273459,77.6258707,1
15:28:36,3.26,3.272369,82.02067018,77.6178062,1
15:28:37,3.26,3.272363,82.01399446,77.60974169,1
15:28:38,3.26,3.272358,82.00731874,77.60167718,1
15:28:39,3.26,3.272352,82.00064301,77.59361863,1
15:28:40,3.26,3.272347,81.99396729,77.58555412,1
15:28:41,3.26,3.272342,81.98729157,77.57749557,1
15:28:42,3.26,3.272336,81.98061585,77.56943107,1
15:28:43,3.26,3.272331,81.97394013,77.56137252,1
15:28:44,3.26,3.272326,81.96726441,77.55331397,1
15:28:45,3.26,3.272321,81.96058869,77.54525542,1
15:28:46,3.26,3.272316,81.95391297,77.53719687,1
15:28:47,3.26,3.272311,81.94723725,77.52913833,1
15:28:48,3.26,3.272306,81.94056153,77.52107978,1
15:28:49,3.26,3.272301,81.93388581,77.51302123,1
15:28:50,3.26,3.272296,81.92721009,77.50496268,1
15:28:51,3.26,3.272291,81.92053437,77.49690413,1
15:28:52,3.26,3.272286,81.91385865,77.48884559,1
15:28:53,3.26,3.272281,81.90718293,77.48078704,1
15:28:54,3.26,3.272276,81.90050721,77.47272849,1
15:28:55,3.26,3.272271,81.89383149,77.46466994,1
15:28:56,3.26,3.272266,81.88715577,77.45661139,1
15:28:57,3.26,3.272261,81.88048005,77.44855881,1
15:28:58,3.26,3.272256,81.87380433,77.44050026,1
15:28:59,3.26,3.272252,81.86712861,77.43244767,1
15:29:00,3.26,3.272247,81.86045289,77.42438912,1
15:29:01,3.26,3.272242,81.85377717,77.41633654,1
15:29:02,3.26,3.272237,81.84710145,77.40828395,1
15:29:03,3.26,3.272233,81.84042573,77.40023136,1
15:29:04,3.26,3.272228,81.83375001,77.39217877,1
15:29:05,3.26,3.272223,81.82707429,77.38412619,1
15:29:06,3.26,3.272218,81.82039857,77.3760736,1
15:29:07,3.26,3.272214,81.81372285,77.36802101,1
15:29:08,3.26,3.272209,81.80704713,77.35996842,1
15:29:09,3.26,3.272204,81.80037141,77.35191584,1
15:29:10,3.26,3.272199,81.79369569,77.34386325,1
15:29:11,3.26,3.272195,81.78701997,77.33581066,1
15:29:12,3.26,3.27219,81.78034425,77.32775807,1
15:29:13,3.26,3.272185,81.77366853,77.31970549,1
15:29:14,3.26,3.272181,81.76699281,77.3116529,1
15:29:15,3.26,3.272176,81.76031709,77.30360031,1
15:29:16,3.26,3.272171,81.75364137,77.29554772,1
15:29:17,3.26,3.272167,81.74696565,77.28749514,1
15:29:18,3.26,3.272162,81.74028993,77.27944851,1
15:29:19,3.26,3.272158,81.73361421,77.27139592,1
15:29:20,3.26,3.272149,81.72693849,77.26334333,1
15:29:21,3.26,3.27214,81.72026277,77.25529671,1
15:29:22,3.26,3.27213,81.71358705,77.24725008,1
15:29:23,3.26,3.272121,81.70691133,77.23920345,1
15:29:24,3.26,3.272112,81.70023561,77.23115683,1
15:29:25,3.26,3.272102,81.69355989,77.2231102,1
15:29:26,3.26,3.272093,81.68688416,77.21506357,1
15:29:27,3.26,3.272083,81.68020844,77.20701694,1
15:29:28,3.26,3.272074,81.67353272,77.19897628,1
15:29:29,3.26,3.272065,81.666857,77.19093561,1
15:29:30,3.26,3.272055,81.66018128,77.18289495,1
15:29:31,3.26,3.272046,81.65350556,77.17485428,1
15:29:32,3.26,3.272036,81.64682984,77.16681361,1
15:29:33,3.26,3.272027,81.64015412,77.15877295,1
15:29:34,3.26,3.272017,81.6334784,77.15073824,1
15:29:35,3.26,3.272007,81.62680268,77.14270353,1
15:29:36,3.26,3.271998,81.62012696,77.13466883,1
15:29:37,3.26,3.271988,81.61345124,77.12663412,1
15:29:38,3.26,3.271979,81.60677552,77.11859941,1
15:29:39,3.26,3.271969,81.6000998,77.11056471,1
15:29:40,3.26,3.271959,81.59342408,77.10253,1
15:29:41,3.26,3.27195,81.58674836,77.09450126,1
15:29:42,3.26,3.27194,81.58007264,77.08647251,1
15:29:43,3.26,3.27193,81.57339692,77.07844377,1
15:29:44,3.26,3.27192,81.5667212,77.07041502,1
15:29:45,3.26,3.271911,81.56004548,77.06238627,1
15:29:46,3.26,3.271901,81.55336976,77.05435753,1
15:29:47,3.26,3.271891,81.54669404,77.04632878,1
15:29:48,3.26,3.271881,81.54001832,77.038306,1
15:29:49,3.26,3.271871,81.5333426,77.03028321,1
15:29:50,3.26,3.271861,81.52666688,77.02226043,1
15:29:51,3.26,3.271852,81.51999116,77.01423764,1
15:29:52,3.26,3.271842,81.51331544,77.00621486,1
15:29:53,3.26,3.271832,81.50663972,76.99819803,1
15:29:54,3.26,3.271822,81.499964,76.99018121,1
15:29:55,3.26,3.271812,81.49328828,76.98216438,1
15:29:56,3.26,3.271802,81.48661256,76.97414756,1
15:29:57,3.26,3.271792,81.47993684,76.96613073,1
15:29:58,3.26,3.271782,81.47326112,76.95811391,1
15:29:59,3.26,3.271772,81.4665854,76.95010304,1
15:30:00,3.26,3.271762,81.45990968,76.94209218,1
15:30:01,3.26,3.271752,81.45323396,76.93408132,1
15:30:02,3.26,3.271742,81.44655824,76.92607045,1
15:30:03,3.26,3.271732,81.43988252,76.91805959,1
15:30:04,3.26,3.271722,81.4332068,76.91004872,1
15:30:05,3.26,3.271712,81.42653108,76.90204382,1
15:30:06,3.26,3.271702,81.41985536,76.89403892,1
15:30:07,3.26,3.271691,81.41317964,76.88603401,1
15:30:08,3.26,3.271681,81.40650392,76.87802911,1
15:30:09,3.26,3.271671,81.3998282,76.8700242,1
15:30:10,3.26,3.271661,81.39315248,76.8620193,1
15:30:11,3.26,3.271651,81.38647676,76.8540144,1
15:30:12,3.26,3.271641,81.37980103,76.84601545,1
15:30:13,3.26,3.271631,81.37312531,76.83801651,1
15:30:14,3.26,3.271621,81.36644959,76.83001757,1
15:30:15,3.26,3.27161,81.35977387,76.82201862,1
15:30:16,3.26,3.2716,81.35309815,76.81402564,1
15:30:17,3.26,3.27159,81.34642243,76.8060267,1
15:30:18,3.26,3.27158,81.33974671,76.79803371,1
15:30:19,3.26,3.271569,81.33307099,76.79004073,1
15:30:20,3.26,3.271559,81.32639527,76.78204775,1
15:30:21,3.26,3.271549,81.31971955,76.77405477,1
15:30:22,3.26,3.271539,81.31304383,76.76606178,1
15:30:23,3.26,3.271529,81.30636811,76.75807476,1
15:30:24,3.26,3.271519,81.29969239,76.75008774,1
15:30:25,3.26,3.271508,81.29301667,76.74210072,1
15:30:26,3.26,3.271498,81.28634095,76.73411369,1
15:30:27,3.26,3.271488,81.27966523,76.72612667,1
15:30:28,3.26,3.271477,81.27298951,76.71814,1
15:30:29,3.26,3.271467,81.26631379,76.71015859,1
15:30:30,3.26,3.271457,81.25963807,76.70217752,1
15:30:31,3.26,3.271447,81.25296235,76.69419646,1
15:30:32,3.26,3.271437,81.24628663,76.6862154,1
15:30:33,3.26,3.271426,81.23961091,76.67823434,1
15:30:34,3.26,3.271416,81.23293519,76.67025328,1
15:30:35,3.26,3.271405,81.22625947,76.66227818,1
15:30:36,3.26,3.271395,81.21958375,76.65430307,1
15:30:37,3.26,3.271385,81.21290803,76.64632797,1
15:30:38,3.26,3.271375,81.20623231,76.63835287,1
15:30:39,3.26,3.271364,81.19955659,76.63037777,1
15:30:40,3.26,3.271354,81.19288087,76.62240863,1
15:30:41,3.26,3.271344,81.18620515,76.61443949,1
15:30:42,3.26,3.271333,81.17952943,76.60647035,1
15:30:43,3.26,3.271323,81.17285371,76.59850121,1
15:30:44,3.26,3.271313,81.16617799,76.59053206,1
15:30:45,3.26,3.271302,81.15950227,76.58256888,1
15:30:46,3.26,3.271292,81.15282655,76.5746057,1
15:30:47,3.26,3.271282,81.14615083,76.56664252,1
15:30:55,3.26,3.271271,81.13947511,76.55867934,1
15:30:55,3.26,3.271261,81.13279939,76.55071616,1
15:30:56,3.26,3.271251,81.12612367,76.54275298,1
15:30:56,3.26,3.27124,81.11944795,76.53479576,1
15:30:57,3.26,3.27123,81.11277223,76.52683854,1
15:30:58,3.26,3.27122,81.10609651,76.51888132,1
15:30:58,3.26,3.271209,81.09942079,76.5109241,1
15:30:59,3.26,3.271199,81.09274507,76.50296688,1
15:30:59,3.26,3.271189,81.08606935,76.49501562,1
15:31:00,3.26,3.271178,81.07939363,76.48706436,1
15:31:00,3.26,3.271168,81.07271791,76.4791131,1
15:31:01,3.26,3.271158,81.06604218,76.47116184,1
15:31:01,3.26,3.271147,81.05936646,76.46321058,1
15:31:02,3.26,3.271137,81.05269074,76.45526528,1
15:31:02,3.26,3.271127,81.04601502,76.44731998,1
15:31:03,3.26,3.271116,81.0393393,76.43937469,1
15:31:04,3.26,3.271106,81.03266358,76.43142939,1
15:31:05,3.26,3.271096,81.02598786,76.42348409,1
15:31:06,3.26,3.271085,81.01931214,76.41553879,1
15:31:07,3.26,3.271075,81.01263642,76.40759945,1
15:31:08,3.26,3.271065,81.0059607,76.39966011,1
15:31:09,3.26,3.271054,80.99928498,76.39172077,1
15:31:10,3.26,3.271044,80.99260926,76.38378,1
15:31:11,3.26,3.271033,80.98593354,76.37584209,1
15:31:12,3.26,3.271023,80.97925782,76.36790276,1
15:31:13,3.26,3.271013,80.9725821,76.35996342,1
15:31:14,3.26,3.271002,80.96590638,76.35203004,1
15:31:15,3.26,3.270992,80.95923066,76.34409666,1
15:31:16,3.26,3.270982,80.95255494,76.33616328,1
15:31:17,3.26,3.270971,80.94587922,76.3282299,1
15:31:18,3.26,3.270961,80.9392035,76.32029653,1
15:31:19,3.26,3.27095,80.93252778,76.31236911,1
15:31:20,3.26,3.27094,80.92585206,76.30444169,1
15:31:21,3.26,3.27093,80.91917634,76.29651427,1
15:31:22,3.26,3.270919,80.91250062,76.28858685,1
15:31:23,3.26,3.270909,80.9058249,76.2806654,1
15:31:24,3.26,3.270898,80.89914918,76.27274394,1
15:31:25,3.26,3.270888,80.89247346,76.26482248,1
15:31:26,3.26,3.270878,80.88579774,76.25690103,1
15:31:27,3.26,3.270868,80.87912202,76.24897957,1
15:31:28,3.26,3.270857,80.8724463,76.24105811,1
15:31:29,3.26,3.270847,80.86577058,76.23314261,1
15:31:30,3.26,3.270836,80.85909486,76.22522712,1
15:31:31,3.26,3.270826,80.85241914,76.21731162,1
15:31:32,3.26,3.270815,80.84574342,76.20939612,1
15:31:33,3.26,3.270805,80.8390677,76.20148063,1
15:31:34,3.26,3.270795,80.83239198,76.19356513,1
15:31:35,3.26,3.270784,80.82571626,76.18565559,1
15:31:36,3.26,3.270774,80.81904054,76.17774606,1
15:31:37,3.26,3.270763,80.81236482,76.16983652,1
15:31:38,3.26,3.270753,80.8056891,76.16192698,1
15:31:39,3.26,3.270743,80.79901338,76.15401745,1
15:31:40,3.26,3.270733,80.79233766,76.14610791,1
15:31:41,3.274,3.282374,80.79233766,76.14514828,1
15:31:42,3.274,3.282675,80.79233766,76.14415288,1
15:31:43,3.275,3.282968,80.79233766,76.14324093,1
15:31:44,3.275,3.283255,80.79233766,76.14229321,1
15:31:45,3.275,3.283534,80.79233766,76.1413157,1
15:31:46,3.275,3.283805,80.79233766,76.14030242,1
15:31:47,3.275,3.284068,80.79233766,76.13926,1
15:31:48,3.275,3.284324,80.79233766,76.13819242,1
15:31:49,3.275,3.284571,80.79233766,76.13709569,1
15:31:50,3.276,3.284812,80.79233766,76.13608241,1
15:31:51,3.278,3.285049,80.79233766,76.13527179,1
15:31:52,3.28,3.285287,80.79233766,76.13466382,1
15:31:53,3.281,3.285525,80.79233766,76.13414526,1
15:31:54,3.281,3.285759,80.79233766,76.1335969,1
15:31:55,3.281,3.285987,80.79233766,76.13302469,1
15:31:56,3.281,3.286208,80.79233766,76.13242865,1
15:31:57,3.281,3.286423,80.79233766,76.1318028,1
15:31:58,3.281,3.286632,80.79233766,76.13115311,1
15:31:59,3.282,3.286834,80.79233766,76.13059878,1
15:32:00,3.281,3.287034,80.79233766,76.12990737,1
15:32:01,3.282,3.287224,80.79233766,76.12930536,1
15:32:02,3.282,3.287413,80.79233766,76.12868547,1
15:32:03,3.282,3.287596,80.79233766,76.12804174,1
15:32:04,3.282,3.287773,80.79233766,76.12738013,1
15:32:05,3.282,3.287946,80.79233766,76.12669468,1
15:32:06,3.282,3.288113,80.79233766,76.12599134,1
15:32:07,3.282,3.288275,80.79233766,76.12527013,1
15:32:08,3.282,3.288433,80.79233766,76.12453103,1
15:32:09,3.282,3.288586,80.79233766,76.12377405,1
15:32:10,3.282,3.288735,80.79233766,76.12299919,1
15:32:11,3.282,3.288879,80.79233766,76.12220645,1
15:32:12,3.282,3.289019,80.79233766,76.12140179,1
15:32:13,3.282,3.289154,80.79233766,76.12057924,1
15:32:14,3.282,3.289286,80.79233766,76.11974478,1
15:32:15,3.282,3.289414,80.79233766,76.11889243,1
15:32:16,3.282,3.289538,80.79233766,76.11802816,1
15:32:17,3.282,3.289659,80.79233766,76.11714602,1
15:32:18,3.282,3.289776,80.79233766,76.11625195,1
15:32:19,3.282,3.289889,80.79233766,76.11534595,1
15:32:20,3.282,3.289999,80.79233766,76.11442804,1
15:32:21,3.282,3.290106,80.79233766,76.11349821,1
15:32:22,3.282,3.29021,80.79233766,76.11256,1
15:32:23,3.282,3.29031,80.79233766,76.1116,1
15:32:24,3.282,3.290408,80.79233766,76.11063719,1
15:32:25,3.282,3.290503,80.79233766,76.10965967,1
15:32:26,3.282,3.290595,80.79233766,76.10867023,1
15:32:27,3.282,3.290684,80.79233766,76.10767484,1
15:32:28,3.282,3.29077,80.79233766,76.10666752,1
15:32:29,3.282,3.290854,80.79233766,76.10564828,1
15:32:30,3.282,3.290936,80.79233766,76.10462308,1
15:32:31,3.282,3.291015,80.79233766,76.10358596,1
15:32:32,3.282,3.291092,80.79233766,76.10253692,1
15:32:33,3.282,3.291166,80.79233766,76.10148191,1
15:32:34,3.282,3.291239,80.79233766,76.10042095,1
15:32:35,3.282,3.291309,80.79233766,76.09934807,1
15:32:36,3.283,3.291377,80.79233766,76.09838247,1
15:32:37,3.283,3.291446,80.79233766,76.09741092,1
15:32:38,3.283,3.291514,80.79233766,76.09642744,1
15:32:39,3.283,3.29158,80.79233766,76.095438,1
15:32:40,3.284,3.291643,80.79233766,76.09455585,1
15:32:41,3.284,3.291709,80.79233766,76.09366775,1
15:32:42,3.284,3.291772,80.79233766,76.09277368,1
15:32:43,3.26,3.268497,80.77898026,76.07843876,1
15:32:44,3.258999,3.267945,80.76562285,76.0640502,1
15:32:45,3.257,3.267403,80.75226545,76.04949474,1
15:32:46,3.253,3.26687,80.73890805,76.03453994,1
15:32:47,3.253,3.266336,80.72555065,76.01964474,1
15:32:48,3.252,3.265818,80.71219325,76.00469589,1
15:32:49,3.252,3.265309,80.69883585,75.98980665,1
15:32:50,3.251,3.264816,80.68547845,75.97485781,1
15:32:51,3.248001,3.264332,80.67212105,75.9596169,1
15:32:52,3.246,3.26385,80.65876365,75.94420314,1
15:32:53,3.244999,3.263374,80.64540625,75.92872977,1
15:32:54,3.244999,3.262907,80.63204885,75.91331005,1
15:32:55,3.244999,3.262454,80.61869144,75.89793801,1
15:32:56,3.244999,3.262013,80.60533404,75.88261962,1
15:32:57,3.244999,3.261584,80.59197664,75.86734891,1
15:32:58,3.244999,3.261167,80.57861924,75.85212588,1
15:32:59,3.244999,3.260762,80.56526,75.83695054,1
15:33:00,3.244999,3.260368,80.55190444,75.82182288,1
15:33:01,3.244999,3.259984,80.53854704,75.80673695,1
15:33:02,3.244,3.259611,80.52518964,75.79157948,1
15:33:03,3.243,3.259245,80.51183224,75.7763505,1
15:33:04,3.242,3.258885,80.49847484,75.76104403,1
15:33:05,3.241,3.258531,80.48511744,75.74566603,1
15:33:06,3.24,3.258183,80.47176003,75.73021054,1
15:33:07,3.24,3.25784,80.45840263,75.71479678,1
15:33:08,3.239,3.257507,80.44504523,75.69930553,1
15:33:09,3.238,3.257179,80.43168783,75.6837368,1
15:33:10,3.238,3.256856,80.41833043,75.66820383,1
15:33:11,3.238,3.256542,80.40497303,75.65270662,1
15:33:12,3.238,3.256237,80.39161563,75.63725,1
15:33:13,3.238,3.255939,80.37825823,75.6218195,1
15:33:14,3.238,3.255651,80.36490083,75.60642362,1
15:33:15,3.238,3.255369,80.35154343,75.5910635,1
15:33:16,3.238,3.255095,80.33818603,75.57573318,1
15:33:17,3.238,3.254828,80.32482862,75.56043267,1
15:33:18,3.238,3.254569,80.31147122,75.54516196,1
15:33:19,3.238,3.254317,80.29811382,75.52992105,1
15:33:20,3.238,3.25407,80.28475642,75.51470995,1
15:33:21,3.238,3.253831,80.27139902,75.49952269,1
15:33:22,3.238,3.253598,80.25804162,75.48436522,1
15:33:23,3.238,3.253371,80.24468422,75.46923161,1
15:33:24,3.238,3.25315,80.23132682,75.45412183,1
15:33:25,3.237,3.252935,80.21796942,75.43892264,1
15:33:26,3.238,3.252722,80.20461202,75.42386651,1
15:33:27,3.237,3.252517,80.19125462,75.40871501,1
15:33:28,3.237,3.252315,80.17789721,75.39358735,1
15:33:29,3.237,3.252118,80.16453981,75.37848353,1
15:33:30,3.237,3.251926,80.15118241,75.36340356,1
15:33:31,3.237,3.251739,80.13783,75.34834146,1
15:33:32,3.237,3.251556,80.12446761,75.33330321,1
15:33:33,3.237,3.251379,80.11111021,75.31828284,1
15:33:34,3.237,3.251205,80.09775281,75.30328035,1
15:33:35,3.237,3.251036,80.08439541,75.28830171,1
15:33:36,3.237,3.250872,80.07103801,75.27334094,1
15:33:37,3.237,3.250712,80.05768061,75.25839806,1
15:33:38,3.237,3.250555,80.04432321,75.24347305,1
15:33:39,3.237,3.250402,80.03096581,75.22856593,1
15:33:40,3.237,3.250254,80.0176084,75.21367669,1
15:33:41,3.236,3.250109,80.004251,75.19868612,1
15:33:42,3.236,3.249964,79.9908936,75.18371344,1
15:33:43,3.236,3.249822,79.9775362,75.16875863,1
15:33:44,3.236,3.249684,79.9641788,75.15382171,1
15:33:45,3.235,3.249549,79.9508214,75.13878345,1
15:33:46,3.235,3.249413,79.937464,75.12375712,1
15:33:47,3.235,3.249282,79.9241066,75.10874867,1
15:33:48,3.235,3.249153,79.9107492,75.09377599,1
15:33:49,3.235,3.249027,79.8973918,75.07888675,1
15:33:50,3.235,3.248904,79.8840344,75.06407499,1
15:33:51,3.235,3.248784,79.87067699,75.04934669,1
15:33:52,3.235,3.248668,79.85731959,75.03469586,1
15:33:53,3.235,3.248554,79.84396219,75.02011657,1
15:33:54,3.235,3.248443,79.83060479,75.00561476,1
15:33:55,3.235,3.248339,79.81724739,74.99118447,1
15:33:56,3.235,3.248242,79.80388999,74.97681975,1
15:33:57,3.234,3.248147,79.79053259,74.96244907,1
15:33:58,3.234,3.248052,79.77717519,74.94814992,1
15:33:59,3.234,3.247958,79.76381779,74.93392229,1
15:34:00,3.234,3.247867,79.75046039,74.91976023,1
15:34:01,3.234,3.247778,79.73710299,74.90566969,1
15:34:02,3.234,3.247692,79.72374558,74.89160895,1
15:34:03,3.234,3.247607,79.71039,74.87755,1
15:34:04,3.234,3.247525,79.69703078,74.86349344,1
15:34:05,3.234,3.247444,79.68367338,74.84943867,1
15:34:06,3.234,3.247366,79.67031598,74.83538389,1
15:34:07,3.233,3.247289,79.65695858,74.82127547,1
15:34:08,3.234,3.247211,79.64360118,74.80722666,1
15:34:09,3.233,3.247138,79.63024378,74.7931242,1
15:34:10,3.233,3.247063,79.61688638,74.77902174,1
15:34:11,3.233,3.246989,79.60352898,74.76492524,1
15:34:12,3.233,3.246918,79.59017158,74.75082874,1
15:34:13,3.233,3.246848,79.57681417,74.73673224,1
15:34:14,3.233,3.24678,79.56345677,74.72263575,1
15:34:15,3.233,3.246713,79.55009937,74.70854521,1
15:34:16,3.233,3.246648,79.53674197,74.69445467,1
15:34:17,3.233,3.246584,79.52338457,74.68036413,1
15:34:18,3.233,3.246522,79.51002717,74.66627359,1
15:34:19,3.233,3.246461,79.49666977,74.65218902,1
15:34:20,3.233,3.246402,79.48331237,74.63810444,1
15:34:21,3.232,3.246344,79.46995497,74.62396622,1
15:34:22,3.232,3.246283,79.45659757,74.609828,1
15:34:23,3.232,3.246223,79.44324017,74.59569573,1
15:34:24,3.232,3.246166,79.42988276,74.58156347,1
15:34:25,3.232,3.246109,79.41652536,74.56743121,1
15:34:26,3.232,3.246053,79.40316796,74.5533,1
15:34:27,3.232,3.245999,79.38981056,74.53917265,1
15:34:28,3.232,3.245946,79.37645316,74.52504635,1
15:34:29,3.232,3.245894,79.36309576,74.51092005,1
15:34:30,3.232,3.245843,79.34973836,74.49679375,1
15:34:31,3.232,3.245793,79.33638096,74.48266745,1
15:34:32,3.232,3.245744,79.32302356,74.46854711,1
15:34:33,3.232,3.245696,79.30966616,74.45442677,1
15:34:34,3.232,3.245649,79.29630876,74.44030643,1
15:34:35,3.232,3.245603,79.28295,74.42618608,1
15:34:36,3.232,3.245558,79.26959395,74.4120717,1
15:34:37,3.232,3.245514,79.25623655,74.39795732,1
15:34:38,3.232,3.245471,79.24287915,74.38384295,1
15:34:39,3.232,3.245428,79.22952175,74.36973453,1
15:34:40,3.232,3.245386,79.21616435,74.35562611,1
15:34:41,3.230999,3.245345,79.20280695,74.34146404,1
15:34:42,3.230999,3.245301,79.18944955,74.32729602,1
15:34:43,3.230999,3.245258,79.17609215,74.31313396,1
15:34:44,3.230999,3.245217,79.16273475,74.29897189,1
15:34:45,3.230999,3.245175,79.14937735,74.28481579,1
15:34:46,3.230999,3.245134,79.13601995,74.27065969,1
15:34:47,3.230999,3.245095,79.12266254,74.25650358,1
15:34:48,3.230999,3.245055,79.10930514,74.24234748,1
15:34:49,3.230999,3.245017,79.09594774,74.22819138,1
15:34:50,3.230999,3.244979,79.08259034,74.21403527,1
15:34:51,3.230999,3.244942,79.06923294,74.19988513,1
15:34:52,3.230999,3.244906,79.05587554,74.18573499,1
15:34:53,3.230999,3.24487,79.04251814,74.17158484,1
15:34:54,3.230999,3.244835,79.02916074,74.15744066,1
15:34:55,3.230999,3.2448,79.01580334,74.14329052,1
15:34:56,3.230999,3.244766,79.00244594,74.12914634,1
15:34:57,3.230999,3.244733,78.98908854,74.11500216,1
15:34:58,3.230999,3.2447,78.97573113,74.10085797,1
15:34:59,3.230999,3.244668,78.96237373,74.08671975,1
15:35:00,3.230999,3.244636,78.94901633,74.07257557,1
15:35:01,3.230999,3.244604,78.93565893,74.05843735,1
15:35:02,3.230999,3.244573,78.92230153,74.04429913,1
15:35:03,3.230999,3.244543,78.90894413,74.0301609,1
15:35:04,3.230999,3.244513,78.89558673,74.01602864,1
15:35:05,3.230999,3.244483,78.88222933,74.00189042,1
15:35:06,3.230999,3.244454,78.86887193,73.98775816,1
15:35:07,3.230999,3.244426,78.85551,73.9736259,1
15:35:08,3.230999,3.244397,78.84215713,73.95949364,1
15:35:09,3.230999,3.244369,78.82879972,73.94536138,1
15:35:10,3.230999,3.244341,78.81544232,73.93123507,1
15:35:11,3.230999,3.244314,78.80208492,73.91710877,1
15:35:12,3.230999,3.244287,78.78872752,73.90298247,1
15:35:13,3.230999,3.244261,78.77537012,73.88885617,1
15:35:14,3.230999,3.244235,78.76201272,73.87472987,1
15:35:15,3.230999,3.244209,78.74865532,73.86060953,1
15:35:16,3.230999,3.244184,78.73529792,73.84648919,1
15:35:17,3.230999,3.244158,78.72194052,73.83236885,1
15:35:18,3.230999,3.244133,78.70858312,73.81824851,1
15:35:19,3.230999,3.244109,78.69522572,73.80412817,1
15:35:20,3.230999,3.244084,78.68186831,73.79000783,1
15:35:21,3.230999,3.24406,78.66851091,73.77589345,1
15:35:22,3.230999,3.244037,78.65515351,73.76177907,1
15:35:23,3.230999,3.244013,78.64179611,73.74766469,1
15:35:24,3.230999,3.24399,78.62843871,73.73355031,1
15:35:25,3.230999,3.243967,78.61508131,73.71943593,1
15:35:26,3.230999,3.243944,78.60172391,73.70532751,1
15:35:27,3.230999,3.243921,78.58836651,73.69121909,1
15:35:28,3.230999,3.243899,78.57500911,73.67711067,1
15:35:29,3.230999,3.243876,78.56165171,73.66300225,1
15:35:30,3.230999,3.243855,78.54829431,73.64889383,1
15:35:31,3.230999,3.243833,78.5349369,73.63478541,1
15:35:32,3.230999,3.243811,78.5215795,73.62067699,1
15:35:33,3.230999,3.24379,78.5082221,73.60657454,1
15:35:34,3.230999,3.243769,78.4948647,73.59247208,1
15:35:35,3.230999,3.243748,78.4815073,73.57836962,1
15:35:36,3.230999,3.243727,78.4681499,73.56426716,1
15:35:37,3.230999,3.243706,78.4547925,73.5501647,1
15:35:38,3.230999,3.243686,78.4414351,73.53606224,1
15:35:39,3.230999,3.243665,78.42808,73.52196574,1
15:35:40,3.230999,3.243645,78.4147203,73.50786924,1
15:35:41,3.230999,3.243625,78.4013629,73.49377275,1
15:35:42,3.230999,3.243605,78.3880055,73.47967625,1
15:35:43,3.230999,3.243586,78.37464809,73.46557975,1
15:35:44,3.230999,3.243566,78.36129069,73.45148325,1
15:35:45,3.258999,3.268513,78.36129069,73.45092297,1
15:35:46,3.26,3.269118,78.36129069,73.45038652,1
15:35:47,3.26,3.269709,78.36129069,73.44981432,1
15:35:48,3.26,3.270282,78.36129069,73.44921231,1
15:35:49,3.26,3.270838,78.36129069,73.44857454,1
15:35:50,3.26,3.271378,78.36129069,73.44790697,1
15:35:51,3.266,3.271901,78.36129069,73.44756126,1
15:35:52,3.266,3.272431,78.36129069,73.44717979,1
15:35:53,3.266,3.272945,78.36129069,73.44676852,1
15:35:54,3.267,3.273444,78.36129069,73.44638705,1
15:35:55,3.267,3.273931,78.36129069,73.44598174,1
15:35:56,3.267,3.274404,78.36129069,73.44554663,1
15:35:57,3.267,3.274863,78.36129069,73.44508171,1
15:35:58,3.269,3.275309,78.36129069,73.44471216,1
15:35:59,3.273,3.275749,78.36129069,73.44455123,1
15:36:00,3.274,3.27619,78.36129069,73.4444201,1
15:36:01,3.274,3.276621,78.36129069,73.44426513,1
15:36:02,3.274,3.277039,78.36129069,73.44408631,1
15:36:03,3.274,3.277445,78.36129069,73.44388366,1
15:36:04,3.274,3.27784,78.36129069,73.44365716,1
15:36:05,3.275,3.278222,78.36129069,73.44346642,1
15:36:06,3.275,3.278597,78.36129069,73.44325185,1
15:36:07,3.275,3.27896,78.36129069,73.44301939,1
15:36:08,3.275,3.279313,78.36129069,73.44276309,1
15:36:09,3.275,3.279656,78.36129069,73.44248891,1
15:36:10,3.275,3.279988,78.36129069,73.44219685,1
15:36:11,3.275,3.280311,78.36129069,73.44188094,1
15:36:12,3.275,3.280623,78.36129069,73.44154716,1
15:36:13,3.275,3.280927,78.36129069,73.44119549,1
15:36:14,3.275,3.281222,78.36129069,73.44082594,1
15:36:15,3.275,3.281507,78.36129069,73.44043851,1
15:36:16,3.275,3.281785,78.36129069,73.44003916,1
15:36:17,3.275,3.282054,78.36129069,73.43962193,1
15:36:18,3.275,3.282315,78.36129069,73.43918681,1
15:36:19,3.275,3.282569,78.36129069,73.43873978,1
15:36:20,3.275,3.282815,78.36129069,73.43827486,1
15:36:21,3.276,3.283054,78.36129069,73.43785763,1
15:36:22,3.276,3.283289,78.36129069,73.43742847,1
15:36:23,3.277,3.283517,78.36129069,73.43704104,1
15:36:24,3.278,3.283742,78.36129069,73.4367013,1
15:36:25,3.279,3.283964,78.36129069,73.43640924,1
15:36:26,3.28,3.284184,78.36129069,73.4361589,1
15:36:27,3.281,3.2844,78.36129069,73.43595624,1
15:36:28,3.281,3.284613,78.36129069,73.43574166,1
15:36:29,3.281,3.28482,78.36129069,73.43551517,1
15:36:30,3.281,3.285021,78.36129069,73.43527675,1
15:36:31,3.281,3.285215,78.36129069,73.43502641,1
15:36:32,3.281,3.285405,78.36129069,73.43476415,1
15:36:33,3.281,3.285588,78.36129069,73.43448997,1
15:36:34,3.281,3.285766,78.36129069,73.43420982,1
15:36:35,3.281,3.285939,78.36129069,73.43391776,1
15:36:36,3.281,3.286107,78.36129069,73.43361378,1
15:36:37,3.281,3.286269,78.36129069,73.43329787,1
15:36:38,3.281,3.286427,78.36129069,73.43297601,1
15:36:39,3.281,3.28658,78.36129069,73.43264222,1
15:36:40,3.282,3.286729,78.36129069,73.43236208,1
15:36:41,3.282,3.286877,78.36129069,73.43207002,1
15:36:42,3.281,3.28702,78.36129069,73.43171239,1
15:36:43,3.281,3.287156,78.36129069,73.4313488,1
15:36:44,3.282,3.287287,78.36129069,73.4310329,1
15:36:45,3.281,3.287419,78.36129069,73.43065143,1
15:36:46,3.282,3.287543,78.36129069,73.4303236,1
15:36:47,3.282,3.287666,78.36129069,73.42998385,1
15:36:48,3.282,3.287786,78.36129069,73.42963815,1
15:36:49,3.282,3.287903,78.36129069,73.42928648,1
15:36:50,3.282,3.288016,78.36129069,73.42892885,1
15:36:51,3.282,3.288126,78.36129069,73.42856526,1
15:36:52,3.282,3.288232,78.36129069,73.42819571,1
15:36:53,3.282,3.288335,78.36129069,73.42782021,1
15:36:54,3.282,3.288435,78.36129069,73.42743874,1
15:36:55,3.282,3.288533,78.36129069,73.42705131,1
15:36:56,3.282,3.288627,78.36129069,73.42665792,1
15:36:57,3.282,3.288719,78.36129069,73.42625856,1
15:36:58,3.282,3.288808,78.36129069,73.42585325,1
15:36:59,3.282,3.288894,78.36129069,73.42544198,1
15:37:00,3.282,3.288977,78.36129069,73.42502475,1
15:37:01,3.282,3.289059,78.36129069,73.42460155,1
15:37:02,3.282,3.289137,78.36129069,73.42417836,1
15:37:03,3.282,3.289214,78.36129069,73.42374921,1
15:37:04,3.282,3.289288,78.36129069,73.42331409,1
15:37:05,3.282,3.28936,78.36129069,73.42287302,1
15:37:06,3.282,3.28943,78.36129069,73.42242599,1
15:37:07,3.282,3.289498,78.36129069,73.42197895,1
15:37:08,3.282,3.289563,78.36129069,73.42152596,1
15:37:09,3.282,3.289627,78.36129069,73.42107296,1
15:37:10,3.282,3.289689,78.36129069,73.420614,1
15:37:11,3.282,3.289749,78.36129069,73.42014909,1
15:37:12,3.282,3.289808,78.36129069,73.41968417,1
15:37:13,3.282,3.289864,78.36129069,73.41921329,1
15:37:14,3.282,3.289919,78.36129069,73.41874242,1
15:37:15,3.282,3.289972,78.36129069,73.41826558,1
15:37:16,3.282,3.290024,78.36129069,73.41778874,1
15:37:17,3.282,3.290074,78.36129069,73.41730595,1
15:37:18,3.282,3.290123,78.36129069,73.41681719,1
15:37:19,3.282,3.29017,78.36129069,73.41633,1
15:37:21,3.282,3.290215,78.36129069,73.41583967,1
15:37:22,3.282,3.29026,78.36129069,73.41534495,1
15:37:23,3.282,3.290303,78.36129069,73.41484427,1
15:37:23,3.282,3.290345,78.36129069,73.4143436,1
15:37:24,3.282,3.290385,78.36129069,73.41384292,1
15:37:25,3.282,3.290425,78.36129069,73.41333628,1
15:37:26,3.282,3.290463,78.36129069,73.41282964,1
15:37:27,3.282,3.2905,78.36129069,73.41232,1
15:37:28,3.282,3.290536,78.36129069,73.4118104,1
15:37:29,3.282,3.290571,78.36129069,73.4112978,1
15:37:30,3.282,3.290605,78.36129069,73.41077924,1
15:37:31,3.282,3.290637,78.36129069,73.41026068,1
15:37:32,3.282,3.290669,78.36129069,73.40974212,1
15:37:33,3.282,3.2907,78.36129069,73.4092176,1
15:37:34,3.282,3.29073,78.36129069,73.40869308,1
15:37:35,3.282,3.290759,78.36129069,73.40816855,1
15:37:36,3.282,3.290787,78.36129069,73.40763807,1
15:37:37,3.282,3.290815,78.36129069,73.40710759,1
15:37:38,3.282,3.290841,78.36129069,73.40657711,1
15:37:39,3.282,3.290867,78.36129069,73.40604663,1
15:37:40,3.282,3.290892,78.36129069,73.40551019,1
15:37:41,3.282,3.290916,78.36129069,73.40497375,1
15:37:42,3.282,3.29094,78.36129069,73.4044373,1
15:37:43,3.282,3.290963,78.36129069,73.40390086,1
15:37:44,3.282,3.290985,78.36129069,73.40336442,1
15:37:45,3.282,3.291006,78.36129069,73.40282202,1
15:37:46,3.282,3.291027,78.36129069,73.40227962,1
15:37:47,3.282,3.291047,78.36129069,73.40173721,1
15:37:48,3.282,3.291067,78.36129069,73.40119481,1
15:37:49,3.282,3.291085,78.36129069,73.40064645,1
15:37:50,3.282,3.291104,78.36129069,73.40009809,1
15:37:51,3.282,3.291122,78.36129069,73.39954972,1
15:37:52,3.282,3.291139,78.36129069,73.39900136,1
15:37:53,3.282,3.291156,78.36129069,73.39844704,1
15:37:54,3.282,3.291173,78.36129069,73.39789271,1
15:37:55,3.282,3.291188,78.36129069,73.39733839,1
15:37:56,3.282,3.291204,78.36129069,73.39678407,1
15:37:57,3.282,3.291218,78.36129069,73.39622974,1
15:37:58,3.282,3.291233,78.36129069,73.39567542,1
15:37:59,3.282,3.291247,78.36129069,73.3951211,1
15:38:00,3.282,3.29126,78.36129069,73.39456677,1
15:38:01,3.282,3.291274,78.36129069,73.39400649,1
15:38:02,3.282,3.291286,78.36129069,73.39344621,1
15:38:03,3.282,3.291299,78.36129069,73.39288592,1
15:38:04,3.282,3.291311,78.36129069,73.39232564,1
15:38:05,3.282,3.291322,78.36129069,73.39176536,1
15:38:06,3.282,3.291334,78.36129069,73.39120507,1
15:38:07,3.282,3.291345,78.36129069,73.39064479,1
15:38:08,3.282,3.291355,78.36129069,73.39007854,1
15:38:09,3.282,3.291365,78.36129069,73.3895123,1
15:38:10,3.282,3.291375,78.36129069,73.38894606,1
15:38:11,3.282,3.291385,78.36129069,73.38837981,1
15:38:12,3.282,3.291394,78.36129069,73.38781357,1
15:38:13,3.282,3.291404,78.36129069,73.38724732,1
15:38:15,3.282,3.291412,78.36129069,73.38668108,1
15:38:15,3.282,3.291421,78.36129069,73.38610888,1
15:38:16,3.283,3.291429,78.36129069,73.38560224,1
15:38:17,3.246,3.25393,78.34125757,73.36509228,1
15:38:18,3.244,3.253016,78.32122445,73.34451675,1
15:38:19,3.239,3.252121,78.30119133,73.32369089,1
15:38:20,3.238,3.251234,78.28115821,73.30285907,1
15:38:21,3.236,3.250369,78.26112509,73.28195572,1
15:38:22,3.234,3.249521,78.24109197,73.26098084,1
15:38:23,3.230999,3.24869,78.22105885,73.2398808,1
15:38:24,3.230999,3.247871,78.20102572,73.21882844,1
15:38:25,3.23,3.247077,78.1809926,73.19776416,1
15:38:26,3.229,3.246301,78.16095948,73.176682,1
15:38:27,3.227,3.245544,78.14092636,73.15552831,1
15:38:28,3.225,3.244801,78.12089324,73.13429713,1
15:38:30,3.225,3.244071,78.10086012,73.11311364,1
15:38:30,3.224,3.243363,78.080827,73.09190631,1
15:38:31,3.224,3.242671,78.06079388,73.07074666,1
15:38:32,3.223,3.241998,78.04076076,73.04956317,1
15:38:33,3.223,3.241341,78.02072763,73.0284214,1
15:38:34,3.222,3.240703,78.00069451,73.00725579,1
15:38:35,3.221,3.240079,77.98066139,72.98606634,1
15:38:36,3.22,3.239469,77.96062827,72.96485305,1
15:38:37,3.219,3.238872,77.94059515,72.94361591,1
15:38:39,3.218,3.238289,77.92056203,72.92235494,1
15:38:39,3.217,3.237719,77.90052891,72.90106416,1
15:38:40,3.216,3.23716,77.88049579,72.87974954,1
15:38:41,3.216,3.236615,77.86046267,72.85847068,1
15:38:42,3.216,3.236084,77.84042954,72.83722162,1
15:38:43,3.216,3.235568,77.8204,72.81600237,1
15:38:44,3.215,3.235067,77.8003633,72.79475331,1
15:38:45,3.215,3.234576,77.78033018,72.77353406,1
15:38:46,3.215,3.234098,77.76029706,72.75234461,1
15:38:48,3.215,3.233634,77.74026394,72.731179,1
15:38:48,3.215,3.233183,77.72023082,72.71004319,1
15:38:49,3.215,3.232745,77.7001977,72.68893719,1
15:38:50,3.215,3.232319,77.68016458,72.66785502,1
15:38:52,3.215,3.231904,77.66013145,72.6467967,1
15:38:52,3.215,3.231501,77.64009833,72.62576222,1
15:38:53,3.214,3.231109,77.62006521,72.60469198,1
15:38:54,3.214,3.230724,77.60003209,72.58364558,1
15:38:55,3.213,3.230349,77.57999897,72.56255746,1
15:38:57,3.213,3.229982,77.55996585,72.54149318,1
15:38:57,3.213,3.229624,77.53993273,72.52045274,1
15:38:58,3.212,3.229276,77.51989961,72.49937057,1
15:38:59,3.212,3.228934,77.49986649,72.47831225,1
15:39:01,3.212,3.228601,77.47983336,72.45727181,1
15:39:01,3.211,3.228278,77.45980024,72.43618965,1
15:39:02,3.211,3.227959,77.43976712,72.41512537,1
15:39:03,3.211,3.227649,77.419734,72.39407897,1
15:39:05,3.211,3.227348,77.39970088,72.37305045,1
15:39:06,3.211,3.227054,77.37966776,72.35203981,1
15:39:06,3.211,3.226768,77.35963464,72.33105,1
15:39:07,3.21,3.22649,77.33960152,72.31000662,1
15:39:09,3.21,3.226216,77.3195684,72.28898406,1
15:39:10,3.21,3.225949,77.29953527,72.26797938,1
15:39:10,3.21,3.225689,77.27950215,72.24699259,1
15:39:11,3.209,3.225436,77.25946903,72.22595811,1
15:39:12,3.209,3.225187,77.23943591,72.20494151,1
15:39:14,3.209,3.224943,77.21940279,72.18393683,1
15:39:14,3.209,3.224707,77.19936967,72.16295004,1
15:39:15,3.209,3.224476,77.17934,72.14197516,1
15:39:16,3.209,3.224251,77.15930343,72.12101221,1
15:39:18,3.209,3.224032,77.13927031,72.10006118,1
15:39:19,3.209,3.223819,77.11923718,72.07912803,1
15:39:19,3.209,3.223612,77.09920406,72.05820084,1
15:39:20,3.209,3.223409,77.07917094,72.03729153,1
15:39:22,3.209,3.223212,77.05913782,72.01639414,1
15:39:23,3.209,3.22302,77.0391047,71.99550271,1
15:39:23,3.209,3.222832,77.01907158,71.97462916,1
15:39:24,3.209,3.22265,76.99903846,71.95376158,1
15:39:26,3.209,3.222472,76.97900534,71.93290591,1
15:39:27,3.209,3.222299,76.95897222,71.91206217,1
15:39:28,3.209,3.222129,76.93893909,71.89123034,1
15:39:28,3.209,3.221964,76.91890597,71.87040448,1
15:39:30,3.209,3.221803,76.89887285,71.84959054,1
15:39:31,3.209,3.221646,76.87883973,71.82878852,1
15:39:32,3.209,3.221493,76.85880661,71.80799246,1
15:39:32,3.209,3.221344,76.83877349,71.78720832,1
15:39:33,3.209,3.221198,76.81874037,71.76643014,1
15:39:35,3.209,3.221056,76.79870725,71.74565792,1
15:39:36,3.209,3.220917,76.77867413,71.72489762,1
15:39:36,3.208,3.220781,76.758641,71.70408368,1
15:39:37,3.208,3.220645,76.73860788,71.6832757,1
15:39:39,3.209,3.220512,76.71857476,71.66253924,1
15:39:40,3.208,3.220387,76.69854164,71.64174914,1
15:39:41,3.208,3.220259,76.67850852,71.620965,1
15:39:41,3.208,3.220136,76.6584754,71.60018682,1
15:39:43,3.208,3.220015,76.63844228,71.57942057,1
15:39:44,3.208,3.219897,76.61840916,71.55866027,1
15:39:45,3.208,3.219781,76.59837604,71.53790593,1
15:39:45,3.208,3.219668,76.57834291,71.51715755,1
15:39:46,3.208,3.219558,76.55830979,71.49641514,1
15:39:48,3.208,3.21945,76.53828,71.47567868,1
15:39:49,3.208,3.219344,76.51824355,71.45495415,1
15:39:50,3.208,3.219241,76.49821043,71.43422961,1
15:39:50,3.208,3.21914,76.47817731,71.41351104,1
15:39:52,3.208,3.219041,76.45814419,71.39280438,1
15:39:53,3.208,3.218944,76.43811107,71.37210369,1
15:39:54,3.208,3.21885,76.41807795,71.351403,1
15:39:54,3.208,3.218757,76.39804482,71.33070827,1
15:39:56,3.208,3.218666,76.3780117,71.31001949,1
15:39:57,3.208,3.218577,76.35797858,71.28933668,1
15:39:58,3.208,3.21849,76.33794546,71.26865983,1
15:39:59,3.208,3.218405,76.31791234,71.24798894,1
15:40:00,3.208,3.218321,76.29787922,71.22732401,1
15:40:01,3.208,3.218239,76.2778461,71.20667,1
15:40:02,3.208,3.218159,76.25781298,71.18600607,1
15:40:03,3.208,3.21808,76.23777986,71.16535306,1
15:40:03,3.208,3.218003,76.21774673,71.14470601,1
15:40:05,3.208,3.217927,76.19771361,71.12406492,1
15:40:06,3.208,3.217852,76.17768049,71.10342979,1
15:40:07,3.208,3.217779,76.15764737,71.08279467,1
15:40:08,3.208,3.217708,76.13761425,71.0621655,1
15:40:09,3.208,3.217638,76.11758113,71.04154229,1
15:40:10,3.208,3.217569,76.09754801,71.02091908,1
15:40:11,3.208,3.217501,76.07751489,71.00030184,1
15:40:12,3.208,3.217434,76.05748177,70.97969,1
15:40:13,3.208,3.217368,76.03744864,70.95907927,1
15:40:14,3.208,3.217304,76.01741552,70.93847394,1
15:40:15,3.208,3.217241,75.9973824,70.91787457,1
15:40:16,3.208,3.217179,75.97734928,70.89727521,1
15:40:17,3.208,3.217117,75.95731616,70.8766818,1
15:40:18,3.208,3.217057,75.93728304,70.8560884,1
15:40:19,3.208,3.216998,75.91724992,70.83550096,1
15:40:20,3.207,3.216939,75.89722,70.81485391,1
15:40:21,3.208,3.216878,75.87718368,70.79427242,1
15:40:22,3.207,3.216822,75.85715055,70.77363729,1
15:40:23,3.207,3.216763,75.83711743,70.75300217,1
15:40:24,3.207,3.216705,75.81708431,70.732373,1
15:40:25,3.207,3.216647,75.79705119,70.71174383,1
15:40:26,3.207,3.216591,75.77701807,70.69112062,1
15:40:27,3.207,3.216535,75.75698495,70.67049742,1
15:40:28,3.207,3.21648,75.73695183,70.64988017,1
15:40:29,3.207,3.216426,75.71691871,70.62926292,1
15:40:30,3.207,3.216373,75.69688559,70.60865164,1
15:40:31,3.207,3.216321,75.67685246,70.58804631,1
15:40:32,3.207,3.216269,75.65681934,70.56744099,1
15:40:33,3.207,3.216218,75.63678622,70.54684162,1
15:40:34,3.207,3.216168,75.6167531,70.52624226,1
15:40:35,3.207,3.216118,75.59671998,70.50564289,1
15:40:36,3.207,3.216069,75.57668686,70.48504949,1
15:40:37,3.207,3.21602,75.55665374,70.46446204,1
15:40:38,3.207,3.215973,75.53662062,70.4438746,1
15:40:39,3.207,3.215925,75.5165875,70.42329311,1
15:40:40,3.207,3.215879,75.49655437,70.40271163,1
15:40:41,3.206,3.215833,75.47652125,70.38207054,1
15:40:42,3.206,3.215784,75.45648813,70.36142945,1
15:40:43,3.206,3.215735,75.43645501,70.34079432,1
15:40:44,3.206,3.215687,75.41642189,70.32016516,1
15:40:45,3.206,3.21564,75.39638877,70.29953599,1
15:40:46,3.206,3.215593,75.37635565,70.27891278,1
15:40:47,3.206,3.215547,75.35632253,70.25828958,1
15:40:48,3.206,3.215502,75.33628941,70.23766637,1
15:40:49,3.244999,3.255897,75.33628941,70.23699284,1
15:40:50,3.244999,3.256795,75.33628941,70.23626566,1
15:40:51,3.248001,3.257667,75.33628941,70.23566961,1
15:40:52,3.252,3.258522,75.33628941,70.2352643,1
15:40:53,3.253,3.259366,75.33628941,70.23487,1
15:40:54,3.253,3.260188,75.33628941,70.23442388,1
15:40:55,3.253,3.260986,75.33628941,70.23392916,1
15:40:56,3.258,3.261759,75.33628941,70.2336967,1
15:40:57,3.258999,3.262527,75.33628941,70.23347616,1
15:40:58,3.26,3.263275,75.33628941,70.23327351,1
15:40:59,3.26,3.264004,75.33628941,70.23302317,1
15:41:00,3.26,3.264711,75.33628941,70.2327311,1
15:41:01,3.26,3.265397,75.33628941,70.23239732,1
15:41:02,3.26,3.266062,75.33628941,70.23202181,1
15:41:03,3.26,3.266707,75.33628941,70.23160458,1
15:41:04,3.26,3.267333,75.33628941,70.23115158,1
15:41:05,3.26,3.26794,75.33628941,70.23065686,1
15:41:06,3.262001,3.268528,75.33628941,70.23025155,1
15:41:07,3.265,3.269106,75.33628941,70.22999525,1
15:41:08,3.266,3.269677,75.33628941,70.22976875,1
15:41:09,3.266,3.270235,75.33628941,70.22950649,1
15:41:10,3.267,3.270776,75.33628941,70.22927403,1
15:41:11,3.267,3.271303,75.33628941,70.22900581,1
15:41:12,3.267,3.271815,75.33628941,70.22870779,1
15:41:13,3.267,3.272312,75.33628941,70.22837996,1
15:41:14,3.267,3.272794,75.33628941,70.22802234,1
15:41:15,3.267,3.273261,75.33628941,70.22763491,1
15:41:16,3.267,3.273714,75.33628941,70.22721767,1
15:41:17,3.267,3.274153,75.33628941,70.22677064,1
15:41:18,3.268,3.27458,75.33628941,70.22635937,1
15:41:19,3.27,3.274997,75.33628941,70.22604942,1
15:41:20,3.272,3.275408,75.33628941,70.22583485,1
15:41:21,3.273,3.275814,75.33628941,70.22566199,1
15:41:22,3.274,3.276211,75.33628941,70.22552,1
15:41:23,3.274,3.2766,75.33628941,70.22536397,1
15:41:24,3.274,3.276977,75.33628941,70.2251792,1
15:41:25,3.274,3.277343,75.33628941,70.22497058,1
15:41:26,3.274,3.277698,75.33628941,70.22473812,1
15:41:27,3.274,3.278042,75.33628941,70.22448778,1
15:41:28,3.274,3.278376,75.33628941,70.2242136,1
15:41:29,3.275,3.2787,75.33628941,70.22398114,1
15:41:30,3.275,3.279017,75.33628941,70.2237308,1
15:41:31,3.275,3.279325,75.33628941,70.22346258,1
15:41:32,3.275,3.279624,75.33628941,70.22317648,1
15:41:33,3.275,3.279914,75.33628941,70.2228725,1
15:41:34,3.275,3.280195,75.33628941,70.22255063,1
15:41:35,3.275,3.280467,75.33628941,70.22221088,1
15:41:36,3.275,3.280731,75.33628941,70.22185326,1
15:41:37,3.275,3.280988,75.33628941,70.22147775,1
15:41:38,3.275,3.281236,75.33628941,70.22109032,1
15:41:39,3.275,3.281477,75.33628941,70.22068501,1
15:41:40,3.275,3.281711,75.33628941,70.22026777,1
15:41:41,3.275,3.281938,75.33628941,70.21983266,1
15:41:42,3.275,3.282158,75.33628941,70.21938562,1
15:41:43,3.275,3.282372,75.33628941,70.21892667,1
15:41:44,3.275,3.282578,75.33628941,70.21845579,1
15:41:45,3.275,3.282779,75.33628941,70.21797299,1
15:41:46,3.275,3.282974,75.33628941,70.21747828,1
15:41:47,3.275,3.283163,75.33628941,70.21697164,1
15:41:48,3.275,3.283346,75.33628941,70.21644711,1
15:41:49,3.275,3.283524,75.33628941,70.21591663,1
15:41:50,3.275,3.283696,75.33628941,70.21537423,1
15:41:51,3.26,3.270376,75.32961369,70.20804882,1
15:41:52,3.26,3.270221,75.32293797,70.20073533,1
15:41:53,3.26,3.27007,75.31626225,70.19343376,1
15:41:54,3.26,3.269923,75.30958652,70.18613815,1
15:41:55,3.26,3.269782,75.3029108,70.17885447,1
15:41:56,3.26,3.269643,75.29623508,70.17157674,1
15:41:57,3.26,3.269509,75.28955936,70.16430497,1
15:41:58,3.26,3.269379,75.28288364,70.15704513,1
15:41:59,3.26,3.269253,75.27620792,70.14979124,1
15:42:00,3.26,3.26913,75.2695322,70.14254332,1
15:42:01,3.258999,3.26901,75.26285648,70.13524175,1
15:42:02,3.258999,3.268891,75.25618076,70.12794614,1
15:42:03,3.258999,3.268775,75.24950504,70.12065649,1
15:42:04,3.258999,3.268662,75.24282932,70.11337,1
15:42:05,3.258999,3.268553,75.2361536,70.10610104,1
15:42:06,3.258999,3.268446,75.22947788,70.09883523,1
15:42:07,3.258999,3.268343,75.22280216,70.09158134,1
15:42:08,3.258999,3.268243,75.21612644,70.08434534,1
15:42:09,3.258999,3.268145,75.20945072,70.07712126,1
15:42:10,3.258,3.26805,75.202775,70.06984949,1
15:42:11,3.258,3.267955,75.19609928,70.06258965,1
15:42:12,3.257,3.267862,75.18942356,70.05528808,1
15:42:13,3.257,3.267768,75.18274784,70.04800439,1
15:42:14,3.256,3.267676,75.17607212,70.04067898,1
15:42:15,3.256,3.267585,75.1693964,70.03336549,1
15:42:16,3.256,3.267495,75.16272068,70.02606392,1
15:42:17,3.255,3.267408,75.15604496,70.01872659,1
15:42:18,3.255,3.26732,75.14936924,70.01140118,1
15:42:19,3.254,3.267234,75.14269352,70.00404,1
15:42:20,3.254,3.267148,75.1360178,69.99669671,1
15:42:21,3.254,3.267065,75.12934208,69.98936534,1
15:42:22,3.254,3.266985,75.12266636,69.98205185,1
15:42:23,3.253,3.266907,75.11599064,69.9747026,1
15:42:24,3.253,3.266827,75.10931492,69.96737123,1
15:42:25,3.253,3.26675,75.1026392,69.96005177,1
15:42:26,3.253,3.266675,75.09596348,69.95275021,1
15:42:27,3.253,3.266603,75.08928776,69.94546056,1
15:42:28,3.253,3.266532,75.08261204,69.93818283,1
15:42:29,3.253,3.266463,75.07593632,69.93092299,1
15:42:30,3.253,3.266396,75.0692606,69.92367506,1
15:42:31,3.253,3.266331,75.06258488,69.91643906,1
15:42:32,3.253,3.266268,75.05590916,69.90921497,1
15:42:33,3.253,3.266207,75.04923344,69.90200877,1
15:42:34,3.253,3.266147,75.04255772,69.89480853,1
15:42:35,3.253,3.266089,75.035882,69.88760829,1
15:42:36,3.253,3.266032,75.02920628,69.88040805,1
15:42:37,3.253,3.265978,75.02253056,69.87320781,1
15:42:38,3.253,3.265925,75.01585484,69.86600757,1
15:42:39,3.253,3.265873,75.00917912,69.85881329,1
15:42:40,3.253,3.265822,75.0025034,69.85161901,1
15:42:41,3.253,3.265773,74.99582767,69.84442472,1
15:42:42,3.253,3.265726,74.98915195,69.83723044,1
15:42:43,3.253,3.265679,74.98247623,69.83004212,1
15:42:44,3.253,3.265634,74.97580051,69.8228538,1
15:42:45,3.253,3.26559,74.96912479,69.81566548,1
15:42:46,3.253,3.265548,74.96244907,69.80847716,1
15:42:47,3.253,3.265506,74.95577335,69.8012948,1
15:42:48,3.253,3.265465,74.94909763,69.79411244,1
15:42:49,3.253,3.265426,74.94242191,69.78693008,1
15:42:50,3.253,3.265388,74.93574619,69.77974772,1
15:42:51,3.253,3.265351,74.92907047,69.77256536,1
15:42:52,3.253,3.265314,74.92239475,69.76538301,1
15:42:53,3.253,3.265279,74.91571903,69.75820065,1
15:42:54,3.253,3.265244,74.90904331,69.75102425,1
15:42:55,3.253,3.265211,74.90236759,69.74384785,1
15:42:56,3.253,3.265179,74.89569187,69.73667,1
15:42:57,3.253,3.265147,74.88901615,69.72949505,1
15:42:58,3.253,3.265116,74.88234043,69.72231865,1
15:42:59,3.253,3.265086,74.87566471,69.71514225,1
15:43:00,3.253,3.265056,74.86898899,69.70796585,1
15:43:01,3.253,3.265028,74.86231327,69.70079541,1
15:43:02,3.253,3.265,74.85563755,69.69362497,1
15:43:03,3.253,3.264972,74.84896183,69.68645453,1
15:43:04,3.253,3.264946,74.84228611,69.6792841,1
15:43:05,3.253,3.26492,74.83561039,69.67211366,1
15:43:06,3.253,3.264895,74.82893467,69.66494322,1
15:43:07,3.253,3.26487,74.82225895,69.65777874,1
15:43:08,3.253,3.264847,74.81558323,69.65061426,1
15:43:09,3.253,3.264823,74.80890751,69.64344978,1
15:43:10,3.253,3.2648,74.80223179,69.63628531,1
15:43:11,3.253,3.264778,74.79555607,69.62912083,1
15:43:12,3.253,3.264756,74.78888035,69.62195635,1
15:43:13,3.253,3.264735,74.78220463,69.61479,1
15:43:14,3.253,3.264714,74.77552891,69.60762739,1
15:43:15,3.253,3.264694,74.76885319,69.60046291,1
15:43:16,3.253,3.264674,74.76217747,69.59329844,1
15:43:17,3.253,3.264655,74.75550175,69.58613992,1
15:43:18,3.253,3.264636,74.74882603,69.5789814,1
15:43:19,3.253,3.264618,74.74215031,69.57182288,1
15:43:20,3.253,3.2646,74.73547459,69.56466436,1
15:43:21,3.253,3.264582,74.72879887,69.55750585,1
15:43:22,3.253,3.264565,74.72212315,69.55034733,1
15:43:23,3.253,3.264548,74.71544743,69.54318881,1
15:43:24,3.253,3.264532,74.70877171,69.53603029,1
15:43:25,3.253,3.264516,74.70209599,69.52887177,1
15:43:26,3.253,3.2645,74.69542027,69.52171,1
15:43:27,3.253,3.264485,74.68874454,69.51455474,1
15:43:28,3.253,3.26447,74.68206882,69.50739622,1
15:43:29,3.253,3.264455,74.6753931,69.50024366,1
15:43:30,3.253,3.264441,74.66871738,69.49309111,1
15:43:31,3.253,3.264426,74.66204166,69.48593855,1
15:43:32,3.253,3.264413,74.65536594,69.47878599,1
15:43:33,3.253,3.264399,74.64869022,69.47163343,1
15:43:34,3.253,3.264386,74.6420145,69.46448088,1
15:43:35,3.253,3.264373,74.63533878,69.45732832,1
15:43:36,3.253,3.26436,74.62866306,69.45017576,1
15:43:37,3.253,3.264348,74.62198734,69.4430232,1
15:43:38,3.253,3.264335,74.61531162,69.43587065,1
15:43:39,3.253,3.264323,74.6086359,69.42871809,1
15:43:40,3.253,3.264312,74.60196018,69.42156553,1
15:43:41,3.253,3.2643,74.59528446,69.41441298,1
15:43:42,3.253,3.264288,74.58860874,69.40726042,1
15:43:43,3.253,3.264277,74.58193302,69.40010786,1
15:43:44,3.253,3.264266,74.5752573,69.3929553,1
15:43:45,3.253,3.264256,74.56858158,69.38580275,1
15:43:46,3.253,3.264245,74.56190586,69.37865615,1
15:43:47,3.253,3.264235,74.55523014,69.37150955,1
15:43:48,3.253,3.264225,74.54855442,69.36436296,1
15:43:49,3.253,3.264215,74.5418787,69.35721636,1
15:43:50,3.253,3.264205,74.53520298,69.35006976,1
15:43:51,3.253,3.264195,74.52852726,69.34292316,1
15:43:52,3.253,3.264186,74.52185154,69.33577657,1
15:43:53,3.253,3.264177,74.51517582,69.32862997,1
15:43:54,3.253,3.264167,74.5085001,69.32148337,1
15:43:55,3.253,3.264158,74.50182438,69.31433678,1
15:43:56,3.253,3.264149,74.49514866,69.30719018,1
15:43:57,3.253,3.26414,74.48847294,69.30004358,1
15:43:58,3.253,3.264132,74.48179722,69.29289699,1
15:43:59,3.253,3.264123,74.4751215,69.28575039,1
15:44:00,3.253,3.264115,74.46844578,69.27860379,1
15:44:01,3.253,3.264107,74.46177006,69.2714572,1
15:44:02,3.253,3.264098,74.45509434,69.2643106,1
15:44:03,3.253,3.26409,74.44841862,69.25716,1
15:44:04,3.253,3.264082,74.4417429,69.2500174,1
15:44:05,3.253,3.264074,74.43506718,69.24287081,1
15:44:06,3.253,3.264067,74.42839146,69.23572421,1
15:44:07,3.253,3.264059,74.42171574,69.22857761,1
15:44:08,3.253,3.264051,74.41504002,69.22143102,1
15:44:09,3.253,3.264044,74.4083643,69.21428442,1
15:44:10,3.253,3.264037,74.40168858,69.20713782,1
15:44:11,3.253,3.26403,74.39501286,69.19999719,1
15:44:12,3.253,3.264022,74.38833714,69.19285655,1
15:44:13,3.253,3.264015,74.38166142,69.18571591,1
15:44:14,3.253,3.264008,74.37498569,69.17856932,1
15:44:15,3.253,3.264001,74.36830997,69.17142272,1
15:44:16,3.253,3.263994,74.36163425,69.16428,1
15:44:17,3.253,3.263987,74.35495853,69.15712953,1
15:44:18,3.253,3.263981,74.34828281,69.14998293,1
15:44:19,3.253,3.263974,74.34160709,69.14284229,1
15:44:20,3.253,3.263967,74.33493137,69.13570166,1
15:44:21,3.253,3.263961,74.32825565,69.12856102,1
15:44:22,3.253,3.263954,74.32157993,69.12142038,1
15:44:23,3.253,3.263948,74.31490421,69.11427975,1
15:44:24,3.253,3.263942,74.30822849,69.10713911,1
15:44:25,3.253,3.263935,74.30155277,69.1,1
15:44:26,3.253,3.263929,74.29487705,69.09285784,1
15:44:27,3.253,3.263923,74.28820133,69.0857172,1
15:44:28,3.253,3.263917,74.28152561,69.07857656,1
15:44:29,3.253,3.263911,74.27484989,69.07143593,1
15:44:30,3.253,3.263905,74.26817417,69.06429529,1
15:44:31,3.253,3.263899,74.26149845,69.05715466,1
15:44:32,3.253,3.263893,74.25482273,69.05001402,1
15:44:33,3.253,3.263887,74.24814701,69.04287338,1
15:44:34,3.253,3.263881,74.24147129,69.03573275,1
15:44:35,3.253,3.263875,74.23479557,69.02859211,1
15:44:36,3.253,3.263869,74.22811985,69.02145147,1
15:44:37,3.253,3.263864,74.22144413,69.01431084,1
15:44:38,3.253,3.263858,74.21476841,69.0071702,1
15:44:39,3.253,3.263852,74.20809269,69.00002956,1
15:44:40,3.253,3.263847,74.20141697,68.99288893,1
15:44:41,3.253,3.263841,74.19474125,68.98575,1
15:44:42,3.253,3.263836,74.18806553,68.97860765,1
15:44:43,3.253,3.26383,74.18138981,68.97146702,1
15:44:44,3.253,3.263825,74.17471409,68.96432638,1
15:44:45,3.253,3.263819,74.16803837,68.95718575,1
15:44:46,3.253,3.263814,74.16136265,68.95005107,1
15:44:47,3.253,3.263808,74.15468693,68.94291639,1
15:44:48,3.253,3.263803,74.14801121,68.93578172,1
15:44:49,3.253,3.263798,74.14133549,68.92864704,1
15:44:50,3.253,3.263793,74.13465977,68.92151237,1
15:44:51,3.253,3.263787,74.12798405,68.91437769,1
15:44:52,3.253,3.263782,74.12130833,68.90724301,1
15:44:53,3.253,3.263777,74.11463261,68.90011,1
15:44:54,3.253,3.263772,74.10795689,68.89297366,1
15:44:55,3.253,3.263766,74.10128117,68.88583899,1
15:44:56,3.253,3.263761,74.09460545,68.87870431,1
15:44:57,3.253,3.263756,74.08792973,68.87156963,1
15:44:58,3.253,3.263751,74.08125401,68.86443496,1
15:44:59,3.253,3.263746,74.07457829,68.85730028,1
15:45:00,3.253,3.263741,74.06790257,68.85016561,1
15:45:01,3.253,3.263736,74.06122684,68.84303093,1
15:45:02,3.253,3.263731,74.05455112,68.83589625,1
15:45:03,3.253,3.263726,74.0478754,68.82876158,1
15:45:04,3.253,3.263721,74.04119968,68.8216269,1
15:45:05,3.253,3.263716,74.03452396,68.81449223,1
15:45:06,3.253,3.263711,74.02784824,68.80735755,1
15:45:07,3.253,3.263706,74.02117252,68.80022287,1
15:45:08,3.253,3.263701,74.0144968,68.7930882,1
15:45:09,3.253,3.263696,74.00782108,68.78595352,1
15:45:10,3.253,3.263691,74.00114536,68.77881885,1
15:45:11,3.253,3.263686,73.99446964,68.77168417,1
15:45:12,3.253,3.263681,73.98779392,68.76454949,1
15:45:13,3.253,3.263676,73.9811182,68.75741482,1
15:45:14,3.253,3.263671,73.97444248,68.75028014,1
15:45:15,3.253,3.263667,73.96776676,68.74314547,1
15:45:16,3.253,3.263662,73.96109104,68.73601079,1
15:45:17,3.253,3.263657,73.95441532,68.72887611,1
15:45:18,3.253,3.263652,73.9477396,68.72174144,1
15:45:19,3.253,3.263647,73.94106388,68.71460676,1
15:45:20,3.253,3.263643,73.93438816,68.70747209,1
15:45:21,3.253,3.263638,73.92771244,68.70033741,1
15:45:22,3.253,3.263633,73.92103672,68.69320273,1
15:45:23,3.253,3.263628,73.914361,68.68606806,1
15:45:24,3.253,3.263624,73.90768528,68.67893338,1
15:45:25,3.253,3.263619,73.90100956,68.6718,1
15:45:26,3.253,3.263614,73.89433384,68.66466403,1
15:45:27,3.253,3.26361,73.88765812,68.65752935,1
15:45:28,3.253,3.263605,73.8809824,68.65039468,1
15:45:29,3.253,3.2636,73.87430668,68.64326,1
15:45:30,3.253,3.263596,73.86763096,68.63612533,1
15:45:31,3.253,3.263591,73.86095524,68.62899065,1
15:45:32,3.253,3.263586,73.85427952,68.62185597,1
15:45:33,3.253,3.263581,73.8476038,68.6147213,1
15:45:34,3.253,3.263577,73.84092808,68.60758662,1
15:45:35,3.253,3.263572,73.83425236,68.60045195,1
15:45:36,3.253,3.263567,73.82757664,68.59331727,1
15:45:37,3.253,3.263563,73.82090092,68.58618259,1
15:45:38,3.253,3.263558,73.8142252,68.57904792,1
15:45:39,3.253,3.263553,73.80754948,68.57191324,1
15:45:40,3.253,3.263549,73.80087376,68.56477857,1
15:45:41,3.253,3.263544,73.79419804,68.55764389,1
15:45:42,3.253,3.26354,73.78752232,68.55050921,1
15:45:43,3.253,3.263535,73.7808466,68.5433805,1
15:45:44,3.253,3.26353,73.77417088,68.53625178,1
15:45:45,3.253,3.263526,73.76749516,68.52912307,1
15:45:46,3.253,3.263521,73.76081944,68.52199435,1
15:45:47,3.253,3.263516,73.75414371,68.51486564,1
15:45:48,3.253,3.263512,73.74746799,68.50773692,1
15:45:49,3.253,3.263507,73.74079227,68.50060821,1
15:45:50,3.253,3.263503,73.73411655,68.49347949,1
15:45:51,3.253,3.263498,73.72744083,68.48635077,1
15:45:52,3.253,3.263494,73.72076511,68.47922206,1
15:45:53,3.253,3.263489,73.71408939,68.47209334,1
15:45:54,3.253,3.263485,73.70741367,68.46496463,1
15:45:55,3.253,3.26348,73.70073795,68.45783591,1
15:45:56,3.253,3.263476,73.69406223,68.4507072,1
15:45:57,3.253,3.263471,73.68738651,68.44357848,1
15:45:58,3.253,3.263466,73.68071079,68.43644977,1
15:45:59,3.253,3.263462,73.67403507,68.42932105,1
15:46:00,3.253,3.263458,73.66735935,68.42219234,1
15:46:01,3.253,3.263453,73.66068363,68.41506362,1
15:46:02,3.253,3.263448,73.65400791,68.4079349,1
15:46:03,3.253,3.263444,73.64733219,68.40080619,1
15:46:04,3.253,3.263439,73.64065647,68.39367747,1
15:46:05,3.253,3.263435,73.63398075,68.38654876,1
15:46:06,3.252,3.26343,73.62730503,68.37937832,1
15:46:07,3.253,3.263422,73.62062931,68.3722496,1
15:46:08,3.253,3.263418,73.61395359,68.36512089,1
15:46:09,3.253,3.263413,73.60727787,68.35799217,1
15:46:10,3.253,3.263409,73.60060215,68.35086346,1
15:46:11,3.253,3.263404,73.59392643,68.34373,1
15:46:12,3.253,3.2634,73.58725071,68.33660603,1
15:46:13,3.253,3.263396,73.58057499,68.32947731,1
15:46:14,3.253,3.263391,73.57389927,68.32234859,1
15:46:15,3.253,3.263387,73.56722355,68.31521988,1
15:46:16,3.253,3.263382,73.56054783,68.30809116,1
15:46:17,3.253,3.263378,73.55387211,68.30096245,1
15:46:18,3.253,3.263373,73.54719639,68.29383969,1
15:46:19,3.253,3.263369,73.54052067,68.28671694,1
15:46:20,3.253,3.263365,73.53384495,68.27959418,1
15:46:21,3.252,3.26336,73.52716923,68.27242374,1
15:46:22,3.253,3.263352,73.52049351,68.26530099,1
15:46:23,3.252,3.263348,73.51381779,68.25813055,1
15:46:24,3.252,3.26334,73.50714207,68.25096011,1
15:46:25,3.253,3.263333,73.50046635,68.24383736,1
15:46:26,3.253,3.263329,73.49379063,68.2367146,1
15:46:27,3.252,3.263324,73.48711491,68.22954416,1
15:46:28,3.253,3.263317,73.48043919,68.22242141,1
15:46:29,3.253,3.263313,73.47376347,68.21529865,1
15:46:30,3.253,3.263309,73.46708775,68.2081759,1
15:46:31,3.252,3.263304,73.46041203,68.20100546,1
15:46:32,3.253,3.263297,73.45373631,68.1938827,1
15:46:33,3.253,3.263293,73.44706059,68.18676,1
15:46:34,3.253,3.263289,73.44038486,68.17963719,1
15:46:35,3.253,3.263285,73.43370914,68.17251444,1
15:46:36,3.253,3.263281,73.42703342,68.16539168,1
15:46:37,3.253,3.263277,73.4203577,68.15826893,1
15:46:38,3.253,3.263273,73.41368198,68.15114617,1
15:46:39,3.252,3.263269,73.40700626,68.14397573,1
15:46:40,3.253,3.263261,73.40033054,68.13685298,1
15:46:41,3.253,3.263257,73.39365482,68.12973,1
15:46:42,3.252,3.263253,73.3869791,68.12256575,1
15:46:43,3.253,3.263246,73.38030338,68.11544299,1
15:46:44,3.253,3.263242,73.37362766,68.10832024,1
15:46:45,3.252,3.263238,73.36695194,68.10115576,1
15:46:46,3.252,3.26323,73.36027622,68.09399128,1
15:46:47,3.253,3.263223,73.3536005,68.08686852,1
15:46:48,3.252,3.263219,73.34692478,68.07970405,1
15:46:49,3.253,3.263212,73.34024906,68.07258129,1
15:46:50,3.253,3.263208,73.33357334,68.06545854,1
15:46:51,3.253,3.263205,73.32689762,68.05833578,1
15:46:52,3.252,3.263201,73.3202219,68.0511713,1
15:46:53,3.252,3.263194,73.31354618,68.04400682,1
15:46:54,3.252,3.263186,73.30687046,68.03684,1
15:46:55,3.253,3.263179,73.30019474,68.02971959,1
15:46:56,3.252,3.263176,73.29351902,68.02255511,1
15:46:57,3.253,3.263169,73.2868433,68.01543832,1
15:46:58,3.253,3.263165,73.28016758,68.00832152,1
15:46:59,3.252,3.263162,73.27349186,68.00115705,1
15:47:00,3.252,3.263155,73.26681614,67.99399257,1
15:47:01,3.253,3.263148,73.26014042,67.98687577,1
15:47:02,3.253,3.263145,73.2534647,67.97975898,1
15:47:03,3.253,3.263141,73.24678898,67.97264218,1
15:47:04,3.252,3.263138,73.24011326,67.96547771,1
15:47:05,3.252,3.263131,73.23343754,67.95831323,1
15:47:06,3.253,3.263124,73.22676182,67.95119643,1
15:47:07,3.252,3.263121,73.2200861,67.94403195,1
15:47:08,3.252,3.263114,73.21341038,67.93686748,1
15:47:09,3.253,3.263107,73.20673466,67.92975068,1
15:47:10,3.252,3.263104,73.20005894,67.9225862,1
15:47:11,3.252,3.263097,73.19338322,67.91542768,1
15:47:12,3.252,3.263091,73.1867075,67.90826917,1
15:47:13,3.253,3.263084,73.18003178,67.90115237,1
15:47:14,3.252,3.263081,73.17335606,67.89398789,1
15:47:15,3.252,3.263074,73.16668034,67.88682342,1
15:47:16,3.252,3.263068,73.16000462,67.8796649,1
15:47:17,3.252,3.263062,73.1533289,67.87250638,1
15:47:18,3.252,3.263055,73.14665318,67.86534786,1
15:47:19,3.252,3.263049,73.13997746,67.85818934,1
15:47:20,3.252,3.263042,73.13330173,67.85103083,1
15:47:21,3.253,3.263036,73.12662601,67.84391403,1
15:47:22,3.252,3.263034,73.11995029,67.83675551,1
15:47:23,3.252,3.263027,73.11327457,67.829597,1
15:47:24,3.252,3.263021,73.10659885,67.82243848,1
15:47:25,3.252,3.263015,73.09992313,67.81527996,1
15:47:26,3.252,3.263009,73.09324741,67.80812144,1
15:47:27,3.252,3.263003,73.08657169,67.80096292,1
15:47:28,3.253,3.262997,73.07989597,67.79385,1
15:47:29,3.252,3.262995,73.07322025,67.78668761,1
15:47:30,3.252,3.262989,73.06654453,67.77952909,1
15:47:31,3.252,3.262983,73.05986881,67.77237058,1
15:47:32,3.252,3.262977,73.05319309,67.76521206,1
15:47:33,3.252,3.262971,73.04651737,67.75805354,1
15:47:34,3.252,3.262965,73.03984165,67.75089502,1
15:47:35,3.252,3.262959,73.03316593,67.74373651,1
15:47:36,3.252,3.262954,73.02649021,67.73657799,1
15:47:37,3.252,3.262948,73.01981449,67.72941947,1
15:47:38,3.252,3.262943,73.01313877,67.72226095,1
15:47:39,3.252,3.262937,73.00646305,67.71510243,1
15:47:40,3.252,3.262931,72.99978733,67.70794392,1
15:47:41,3.252,3.262926,72.99311161,67.7007854,1
15:47:42,3.252,3.26292,72.98643589,67.69362688,1
15:47:43,3.252,3.262915,72.97976017,67.68647432,1
15:47:44,3.252,3.262909,72.97308445,67.67932177,1
15:47:45,3.252,3.262904,72.96640873,67.67216921,1
15:47:46,3.252,3.262898,72.95973301,67.66501665,1
15:47:47,3.252,3.262893,72.95305729,67.65786409,1
15:47:48,3.252,3.262888,72.94638157,67.65071154,1
15:47:49,3.252,3.262883,72.93970585,67.64355898,1
15:47:50,3.252,3.262877,72.93303013,67.63640642,1
15:47:51,3.252,3.262872,72.92635441,67.62925386,1
15:47:52,3.252,3.262867,72.91967869,67.62210131,1
15:47:53,3.26,3.277152,72.91967869,67.62134433,1
15:47:54,3.263,3.277442,72.91967869,67.62070656,1
15:47:55,3.266,3.277733,72.91967869,67.620188,1
15:47:56,3.266,3.278026,72.91967869,67.61965752,1
15:47:57,3.267,3.27831,72.91967869,67.61915684,1
15:47:58,3.267,3.278589,72.91967869,67.61864424,1
15:47:59,3.267,3.278858,72.91967869,67.61811972,1
15:48:00,3.267,3.27912,72.91967869,67.61758327,1
15:48:01,3.267,3.279374,72.91967869,67.61703,1
15:48:02,3.267,3.27962,72.91967869,67.61648059,1
15:48:03,3.269,3.279859,72.91967869,67.61600375,1
15:48:04,3.271,3.280097,72.91967869,67.6156044,1
15:48:05,3.273,3.280335,72.91967869,67.61528254,1
15:48:06,3.274,3.280573,72.91967869,67.61499047,1
15:48:07,3.274,3.280806,72.91967869,67.61468649,1
15:48:08,3.274,3.281033,72.91967869,67.61437654,1
15:48:09,3.274,3.281253,72.91967869,67.61405468,1
15:48:10,3.274,3.281466,72.91967869,67.61372685,1
15:48:11,3.274,3.281672,72.91967869,67.61338711,1
15:48:12,3.275,3.281872,72.91967869,67.61308312,1
15:48:13,3.275,3.28207,72.91967869,67.61277318,1
15:48:14,3.275,3.282261,72.91967869,67.61245131,1
15:48:15,3.275,3.282447,72.91967869,67.61212349,1
15:48:16,3.275,3.282627,72.91967869,67.61178374,1
15:48:17,3.275,3.282801,72.91967869,67.61143804,1
15:48:18,3.275,3.28297,72.91967869,67.61108637,1
15:48:19,3.275,3.283134,72.91967869,67.61072874,1
15:48:20,3.275,3.283293,72.91967869,67.61036,1
15:48:21,3.275,3.283447,72.91967869,67.60998368,1
15:48:22,3.275,3.283597,72.91967869,67.60960221,1
15:48:23,3.275,3.283742,72.91967869,67.60921,1
15:48:24,3.275,3.283882,72.91967869,67.60882139,1
15:48:25,3.275,3.284018,72.91967869,67.60842204,1
15:48:26,3.275,3.28415,72.91967869,67.60801673,1
15:48:27,3.275,3.284278,72.91967869,67.60760546,1
15:48:28,3.275,3.284402,72.91967869,67.60718822,1
15:48:29,3.275,3.284523,72.91967869,67.60676503,1
15:48:30,3.275,3.284639,72.91967869,67.60633588,1
15:48:31,3.275,3.284752,72.91967869,67.60590672,1
15:48:32,3.275,3.284862,72.91967869,67.60547161,1
15:48:33,3.275,3.284968,72.91967869,67.60503054,1
15:48:34,3.275,3.285071,72.91967869,67.6045835,1
15:48:35,3.275,3.285171,72.91967869,67.60413051,1
15:48:36,3.275,3.285268,72.91967869,67.60367751,1
15:48:37,3.275,3.285362,72.91967869,67.60321856,1
15:48:38,3.275,3.285453,72.91967869,67.60275364,1
15:48:39,3.275,3.285541,72.91967869,67.60228872,1
15:48:40,3.275,3.285626,72.91967869,67.60181785,1
15:48:41,3.275,3.285709,72.91967869,67.60134101,1
15:48:42,3.275,3.28579,72.91967869,67.60085821,1
15:48:43,3.275,3.285867,72.91967869,67.60037541,1
15:48:44,3.275,3.285943,72.91967869,67.59989262,1
15:48:45,3.275,3.286016,72.91967869,67.59940386,1
15:48:46,3.275,3.286088,72.91967869,67.59890914,1
15:48:47,3.276,3.286156,72.91967869,67.59845614,1
15:48:48,3.276,3.286226,72.91967869,67.59800315,1
15:48:49,3.276,3.286294,72.91967869,67.59754419,1
15:48:50,3.276,3.286361,72.91967869,67.59708524,1
15:48:51,3.276,3.286424,72.91967869,67.59662032,1
15:48:52,3.276,3.286486,72.91967869,67.59615541,1
15:48:53,3.277,3.286546,72.91967869,67.59573221,1
15:48:54,3.277,3.286608,72.91967869,67.59530306,1
15:48:55,3.253,3.25807,72.90632129,67.58171916,1
15:48:56,3.252,3.257507,72.89296389,67.56811738,1
15:48:57,3.247,3.256957,72.87960649,67.5543189,1
15:48:58,3.244999,3.256405,72.86625,67.54045486,1
15:48:59,3.244999,3.255863,72.85289168,67.52661467,1
15:49:00,3.244999,3.255337,72.83953428,67.51279831,1
15:49:01,3.244999,3.254827,72.82617688,67.49899983,1
15:49:02,3.243,3.254332,72.81281948,67.48513579,1
15:49:03,3.241,3.253845,72.79946208,67.47120619,1
15:49:04,3.239,3.253365,72.78610468,67.45721102,1
15:49:05,3.238,3.252893,72.77274728,67.44318604,1
15:49:06,3.238,3.25243,72.75938988,67.42918491,1
15:49:07,3.238,3.251982,72.74603248,67.41520166,1
15:49:08,3.238,3.251547,72.73267508,67.40124226,1
15:49:09,3.237,3.251125,72.71931767,67.38725305,1
15:49:10,3.237,3.250712,72.70596027,67.37328768,1
15:49:11,3.237,3.250311,72.69260287,67.35933423,1
15:49:12,3.235,3.249922,72.67924547,67.34530926,1
15:49:13,3.235,3.249538,72.66588807,67.33130217,1
15:49:14,3.234,3.249164,72.65253067,67.31727123,1
15:49:15,3.233,3.248799,72.63917327,67.30320454,1
15:49:16,3.232,3.24844,72.62581587,67.289114,1
15:49:17,3.230999,3.248089,72.61245847,67.27499366,1
15:49:18,3.230999,3.247745,72.59910107,67.26088524,1
15:49:19,3.230999,3.24741,72.58574367,67.2467947,1
15:49:20,3.230999,3.247086,72.57238626,67.23271608,1
15:49:21,3.230999,3.246771,72.55902886,67.21865535,1
15:49:22,3.230999,3.246465,72.54567146,67.20460653,1
15:49:23,3.230999,3.246168,72.53231406,67.19056964,1
15:49:24,3.230999,3.24588,72.51895666,67.17655063,1
15:49:25,3.230999,3.2456,72.50559926,67.16253757,1
15:49:26,3.230999,3.245328,72.49224186,67.1485424,1
15:49:27,3.23,3.245064,72.47888446,67.13451147,1
15:49:28,3.23,3.244805,72.46552706,67.12049246,1
15:49:29,3.23,3.244553,72.45216966,67.10648537,1
15:49:30,3.23,3.244308,72.43881,67.0924902,1
15:49:31,3.23,3.244071,72.42545485,67.07850099,1
15:49:32,3.23,3.24384,72.41209745,67.0645237,1
15:49:33,3.23,3.243616,72.39874005,67.05055833,1
15:49:34,3.23,3.243398,72.38538265,67.03660488,1
15:49:35,3.23,3.243186,72.37202525,67.02265739,1
15:49:36,3.23,3.242981,72.35866785,67.00871587,1
15:49:37,3.23,3.242782,72.34531045,66.99478626,1
15:49:38,3.229,3.242588,72.33195305,66.98082089,1
15:49:39,3.229,3.242396,72.31859565,66.96686149,1
15:49:40,3.228,3.24221,72.30523825,66.95286632,1
15:49:41,3.228,3.242026,72.29188085,66.93888307,1
15:49:42,3.227,3.241846,72.27852345,66.92486405,1
15:49:43,3.227,3.241669,72.26516604,66.91084504,1
15:49:44,3.227,3.241497,72.25180864,66.89683795,1
15:49:45,3.226,3.241329,72.23845124,66.8827951,1
15:49:46,3.226,3.241163,72.22509384,66.8687582,1
15:49:47,3.226,3.241001,72.21173644,66.85472727,1
15:49:48,3.225,3.240844,72.19837904,66.84066057,1
15:49:49,3.225,3.240688,72.18502164,66.82659984,1
15:49:50,3.225,3.240536,72.17166424,66.81254506,1
15:49:51,3.225,3.240389,72.15830684,66.79849625,1
15:49:52,3.225,3.240245,72.14494944,66.78445339,1
15:49:53,3.225,3.240106,72.13159204,66.7704165,1
15:49:54,3.225,3.23997,72.11823463,66.75638556,1
15:49:55,3.225,3.239839,72.10487723,66.74236059,1
15:49:56,3.225,3.239711,72.09151983,66.72834158,1
15:49:57,3.224,3.239586,72.07816243,66.71428084,1
15:49:58,3.224,3.239461,72.06480503,66.70023203,1
15:49:59,3.224,3.23934,72.05144763,66.68618321,1
15:50:00,3.224,3.239223,72.03809023,66.67214036,1
15:50:01,3.224,3.239108,72.02473283,66.65810347,1
15:50:02,3.224,3.238996,72.01138,66.64407253,1
15:50:03,3.224,3.238888,71.99801803,66.63004756,1
15:50:04,3.224,3.238782,71.98466063,66.61602259,1
15:50:05,3.224,3.23868,71.97130322,66.60200357,1
15:50:06,3.224,3.23858,71.95794582,66.58799052,1
15:50:07,3.224,3.238482,71.94458842,66.57398343,1
15:50:08,3.224,3.238388,71.93123102,66.55997634,1
15:50:09,3.224,3.238296,71.91787362,66.54597521,1
15:50:10,3.224,3.238206,71.90451622,66.53198004,1
15:50:11,3.224,3.238118,71.89115882,66.51799083,1
15:50:12,3.224,3.238033,71.87780142,66.50400162,1
15:50:13,3.224,3.23795,71.86444402,66.49001837,1
15:50:14,3.224,3.237869,71.85108662,66.47603512,1
15:50:15,3.224,3.237791,71.83772922,66.46205783,1
15:50:16,3.224,3.237714,71.82437181,66.44808054,1
15:50:17,3.224,3.237639,71.81101441,66.43410921,1
15:50:18,3.224,3.237566,71.79765701,66.42014384,1
15:50:19,3.224,3.237496,71.78429961,66.40617847,1
15:50:20,3.224,3.237427,71.77094221,66.39221907,1
15:50:21,3.224,3.237359,71.75758481,66.37825966,1
15:50:22,3.224,3.237293,71.74422741,66.36430025,1
15:50:23,3.224,3.237229,71.73087001,66.3503468,1
15:50:24,3.224,3.237167,71.71751261,66.33639336,1
15:50:25,3.224,3.237106,71.70415521,66.32244587,1
15:50:26,3.224,3.237046,71.69079781,66.30849838,1
15:50:27,3.224,3.236988,71.6774404,66.29455686,1
15:50:28,3.224,3.236931,71.664083,66.28061533,1
15:50:29,3.224,3.236876,71.6507256,66.2666738,1
15:50:30,3.224,3.236822,71.6373682,66.25273824,1
15:50:31,3.224,3.236769,71.6240108,66.23880267,1
15:50:32,3.224,3.236718,71.6106534,66.22486711,1
15:50:33,3.223,3.236667,71.597296,66.21089578,1
15:50:34,3.224,3.236615,71.58394,66.19696617,1
15:50:35,3.224,3.236567,71.5705812,66.18304253,1
15:50:36,3.224,3.23652,71.5572238,66.16911888,1
15:50:37,3.224,3.236474,71.5438664,66.15519524,1
15:50:38,3.223,3.236429,71.530509,66.14122987,1
15:50:39,3.224,3.236382,71.51715159,66.12731218,1
15:50:40,3.224,3.236339,71.50379419,66.1133945,1
15:50:41,3.224,3.236297,71.49043679,66.09948277,1
15:50:42,3.224,3.236256,71.47707939,66.08557105,1
15:50:43,3.224,3.236216,71.46372199,66.07165933,1
15:50:44,3.223,3.236177,71.45036459,66.05770588,1
15:50:45,3.223,3.236135,71.43700719,66.04375243,1
15:50:46,3.224,3.236094,71.42364979,66.02984667,1
15:50:47,3.224,3.236058,71.41029239,66.01594687,1
15:50:48,3.223,3.236022,71.39693499,66.00199938,1
15:50:49,3.223,3.235983,71.38357759,65.98805189,1
15:50:50,3.223,3.235945,71.37022018,65.9741044,1
15:50:51,3.223,3.235908,71.35686278,65.96016288,1
15:50:52,3.223,3.235872,71.34350538,65.94622135,1
15:50:53,3.224,3.235836,71.33014798,65.93232751,1
15:50:54,3.224,3.235805,71.31679058,65.91843367,1
15:50:55,3.223,3.235774,71.30343318,65.9044981,1
15:50:56,3.223,3.235743,71.29007578,65.89056253,1
15:50:57,3.223,3.235724,71.27671838,65.87662697,1
15:50:58,3.223,3.235707,71.26336098,65.8626914,1
15:50:59,3.223,3.235689,71.25000358,65.84875584,1
15:51:00,3.223,3.235672,71.23664618,65.83482623,1
15:51:01,3.223,3.235656,71.22328877,65.82089067,1
15:51:02,3.223,3.235641,71.20993137,65.80696,1
15:51:03,3.223,3.235625,71.19657397,65.79303145,1
15:51:04,3.223,3.23561,71.18321657,65.77910185,1
15:51:05,3.223,3.235596,71.16985917,65.76517224,1
15:51:06,3.223,3.235581,71.1565,65.75124264,1
15:51:07,3.223,3.235568,71.14314437,65.73731303,1
15:51:08,3.223,3.235555,71.12978697,65.72338343,1
15:51:09,3.223,3.235542,71.11642957,65.70945382,1
15:51:10,3.223,3.235529,71.10307217,65.69552422,1
15:51:11,3.223,3.235517,71.08971477,65.68160057,1
15:51:12,3.223,3.235505,71.07635736,65.66767097,1
15:51:13,3.223,3.235494,71.06299996,65.65374732,1
15:51:14,3.223,3.235483,71.04964256,65.63982368,1
15:51:15,3.223,3.235472,71.03628516,65.62590003,1
15:51:16,3.223,3.235461,71.02292776,65.61197639,1
15:51:17,3.223,3.235451,71.00957036,65.59805274,1
15:51:18,3.223,3.235441,70.99621296,65.5841291,1
15:51:19,3.223,3.235432,70.98285556,65.57020545,1
15:51:20,3.223,3.235422,70.96949816,65.55628181,1
15:51:21,3.223,3.235413,70.95614076,65.54235816,1
15:51:22,3.223,3.235404,70.94278336,65.52843451,1
15:51:23,3.223,3.235395,70.92942595,65.51451087,1
15:51:24,3.223,3.235387,70.91606855,65.50059319,1
15:51:25,3.223,3.235379,70.90271115,65.4866755,1
15:51:26,3.223,3.235371,70.88935375,65.47275186,1
15:51:27,3.223,3.235363,70.87599635,65.45883417,1
15:51:28,3.223,3.235355,70.86263895,65.44491649,1
15:51:29,3.223,3.235348,70.84928155,65.43099284,1
15:51:30,3.223,3.235341,70.83592415,65.41707516,1
15:51:31,3.223,3.235334,70.82256675,65.40315747,1
15:51:32,3.223,3.235327,70.80920935,65.38923979,1
15:51:33,3.223,3.235321,70.79585195,65.3753221,1
15:51:34,3.223,3.235314,70.78249454,65.3614,1
15:51:35,3.223,3.235308,70.76913714,65.34748673,1
15:51:36,3.223,3.235302,70.75577974,65.33356905,1
15:51:37,3.223,3.235296,70.74242234,65.31965137,1
15:51:38,3.222,3.23529,70.72906,65.305686,1
15:51:39,3.223,3.235281,70.71570754,65.29176831,1
15:51:40,3.222,3.235275,70.70235014,65.27780294,1
15:51:41,3.222,3.235267,70.68899274,65.26384354,1
15:51:42,3.222,3.235258,70.67563534,65.24987817,1
15:51:43,3.222,3.23525,70.66227794,65.2359128,1
15:51:44,3.222,3.235242,70.64892054,65.22195339,1
15:51:45,3.222,3.235234,70.63556314,65.20799398,1
15:51:46,3.222,3.235226,70.62220573,65.19403458,1
15:51:47,3.222,3.235219,70.60884833,65.18007517,1
15:51:48,3.222,3.235212,70.59549093,65.16611576,1
15:51:49,3.222,3.235205,70.58213353,65.15215635,1
15:51:50,3.222,3.235198,70.56877613,65.13819695,1
15:51:51,3.221,3.235191,70.55541873,65.12419581,1
15:51:52,3.221,3.235181,70.54206133,65.11018872,1
15:51:53,3.221,3.235171,70.52870393,65.09618759,1
15:51:54,3.221,3.235162,70.51534653,65.08221626,1
15:51:55,3.221,3.235153,70.50198913,65.06826878,1
15:51:56,3.221,3.235144,70.48863173,65.05434513,1
15:51:57,3.244999,3.264392,70.48863173,65.05357027,1
15:51:58,3.244999,3.264984,70.48863173,65.05277157,1
15:51:59,3.252,3.265558,70.48863173,65.05223513,1
15:52:00,3.252,3.266138,70.48863173,65.05167484,1
15:52:01,3.253,3.266701,70.48863173,65.05113244,1
15:52:02,3.253,3.267251,70.48863173,65.0505662,1
15:52:03,3.253,3.267783,70.48863173,65.04998207,1
15:52:04,3.253,3.2683,70.48863173,65.04938006,1
15:52:05,3.257,3.268801,70.48863173,65.04891515,1
15:52:06,3.258999,3.269301,70.48863173,65.04850984,1
15:52:07,3.258999,3.269792,70.48863173,65.04808664,1
15:52:08,3.26,3.270269,70.48863173,65.04768133,1
15:52:09,3.26,3.270735,70.48863173,65.04725814,1
15:52:10,3.26,3.271187,70.48863173,65.04682302,1
15:52:11,3.26,3.271625,70.48863173,65.04637003,1
15:52:12,3.26,3.272049,70.48863173,65.04589915,1
15:52:13,3.26,3.272461,70.48863173,65.04541039,1
15:52:14,3.26,3.272861,70.48863173,65.04490972,1
15:52:15,3.26,3.273248,70.48863173,65.04439116,1
15:52:16,3.26,3.273624,70.48863173,65.04386067,1
15:52:17,3.26,3.273988,70.48863173,65.04331827,1
15:52:18,3.26,3.274342,70.48863173,65.04276395,1
15:52:19,3.26,3.274684,70.48863173,65.04219174,1
15:52:20,3.26,3.275017,70.48863173,65.04160762,1
15:52:21,3.261,3.275339,70.48863173,65.0410533,1
15:52:22,3.263,3.275655,70.48863173,65.04056454,1
15:52:23,3.266,3.275968,70.48863173,65.04017711,1
15:52:24,3.266,3.276282,70.48863173,65.03978372,1
15:52:25,3.266,3.276587,70.48863173,65.03937244,1
15:52:26,3.266,3.276882,70.48863173,65.03895521,1
15:52:27,3.266,3.277169,70.48863173,65.03852606,1
15:52:28,3.266,3.277447,70.48863173,65.03808498,1
15:52:29,3.267,3.277716,70.48863173,65.03767371,1
15:52:30,3.266,3.277981,70.48863173,65.03721476,1
15:52:31,3.267,3.278234,70.48863173,65.0367856,1
15:52:32,3.267,3.278484,70.48863173,65.03635049,1
15:52:33,3.267,3.278725,70.48863173,65.03590345,1
15:52:34,3.267,3.27896,70.48863173,65.0354445,1
15:52:35,3.267,3.279187,70.48863173,65.03497958,1
15:52:36,3.267,3.279408,70.48863173,65.03450871,1
15:52:37,3.267,3.279621,70.48863173,65.03402591,1
15:52:38,3.267,3.279828,70.48863173,65.03353715,1
15:52:39,3.267,3.280029,70.48863173,65.03304243,1
15:52:40,3.267,3.280224,70.48863173,65.03254175,1
15:52:41,3.267,3.280413,70.48863173,65.03203511,1
15:52:42,3.267,3.280597,70.48863173,65.03152251,1
15:52:43,3.267,3.280774,70.48863173,65.03100395,1
15:52:44,3.267,3.280947,70.48863173,65.03048,1
15:52:45,3.268,3.281114,70.48863173,65.02998471,1
15:52:46,3.269,3.281279,70.48863173,65.02953,1
15:52:47,3.269,3.281444,70.48863173,65.02906084,1
15:52:48,3.271,3.281603,70.48863173,65.02866149,1
15:52:49,3.271,3.281764,70.48863173,65.02825618,1
15:52:50,3.272,3.28192,70.48863173,65.02788663,1
15:52:51,3.273,3.282075,70.48863173,65.02754688,1
15:52:52,3.273,3.282229,70.48863173,65.02720118,1
15:52:53,3.274,3.282378,70.48863173,65.02689123,1
15:52:54,3.274,3.282526,70.48863173,65.02657533,1
15:52:55,3.274,3.28267,70.48863173,65.02625346,1
15:52:56,3.274,3.282809,70.48863173,65.02592564,1
15:52:57,3.274,3.282944,70.48863173,65.02559185,1
15:52:58,3.274,3.283076,70.48863173,65.0252521,1
15:52:59,3.274,3.283202,70.48863173,65.02491236,1
15:53:00,3.274,3.283326,70.48863173,65.02457,1
15:53:01,3.274,3.283445,70.48863173,65.02421498,1
15:53:02,3.274,3.283561,70.48863173,65.02386332,1
15:53:03,3.274,3.283674,70.48863173,65.02350569,1
15:53:04,3.274,3.283782,70.48863173,65.0231421,1
15:53:05,3.274,3.283888,70.48863173,65.02277851,1
15:53:06,3.274,3.283991,70.48863173,65.02240896,1
15:53:07,3.274,3.28409,70.48863173,65.02203941,1
15:53:08,3.274,3.284187,70.48863173,65.0216639,1
15:53:09,3.275,3.28428,70.48863173,65.02132,1
15:53:10,3.275,3.284374,70.48863173,65.02097845,1
15:53:11,3.275,3.284466,70.48863173,65.02063274,1
15:53:12,3.275,3.284554,70.48863173,65.02028108,1
15:53:13,3.275,3.28464,70.48863173,65.01992941,1
15:53:14,3.275,3.284723,70.48863173,65.01957178,1
15:53:15,3.274,3.284804,70.48863173,65.01917839,1
15:53:16,3.275,3.284878,70.48863173,65.0188148,1
15:53:17,3.275,3.284955,70.48863173,65.01845121,1
15:53:18,3.275,3.285028,70.48863173,65.01808763,1
15:53:19,3.275,3.2851,70.48863173,65.01771808,1
15:53:20,3.275,3.285169,70.48863173,65.01734853,1
15:53:21,3.275,3.285236,70.48863173,65.01697898,1
15:53:22,3.275,3.285301,70.48863173,65.01660347,1
15:53:23,3.275,3.285365,70.48863173,65.01622796,1
15:53:24,3.275,3.285426,70.48863173,65.01585245,1
15:53:25,3.275,3.285486,70.48863173,65.01547098,1
15:53:26,3.275,3.285543,70.48863173,65.01508951,1
15:53:27,3.275,3.285599,70.48863173,65.01470804,1
15:53:28,3.275,3.285653,70.48863173,65.01432061,1
15:53:29,3.275,3.285706,70.48863173,65.01393318,1
15:53:30,3.275,3.285757,70.48863173,65.01354575,1
15:53:31,3.275,3.285806,70.48863173,65.01315832,1
15:53:32,3.275,3.285854,70.48863173,65.01276493,1
15:53:33,3.275,3.285901,70.48863173,65.01237154,1
15:53:34,3.275,3.285946,70.48863173,65.01198,1
15:53:35,3.275,3.28599,70.48863173,65.01158476,1
15:53:36,3.275,3.286032,70.48863173,65.01119137,1
15:53:37,3.275,3.286073,70.48863173,65.01079798,1
15:53:38,3.275,3.286113,70.48863173,65.01039863,1
15:53:39,3.275,3.286151,70.48863173,65.00999928,1
15:53:40,3.275,3.286189,70.48863173,65.00959992,1
15:53:41,3.275,3.286225,70.48863173,65.00920057,1
15:53:42,3.275,3.286261,70.48863173,65.00880122,1
15:53:43,3.275,3.286295,70.48863173,65.00840187,1
15:53:44,3.275,3.286328,70.48863173,65.00800252,1
15:53:45,3.275,3.28636,70.48863173,65.00760317,1
15:53:46,3.275,3.286391,70.48863173,65.00719786,1
15:53:47,3.275,3.286421,70.48863173,65.00679255,1
15:53:48,3.275,3.286451,70.48863173,65.00638723,1
15:53:49,3.275,3.286479,70.48863173,65.00598192,1
15:53:50,3.275,3.286507,70.48863173,65.00557661,1
15:53:51,3.275,3.286533,70.48863173,65.0051713,1
15:53:52,3.275,3.286559,70.48863173,65.00476599,1
15:53:53,3.275,3.286584,70.48863173,65.00436068,1
15:53:54,3.275,3.286609,70.48863173,65.00395536,1
15:53:55,3.275,3.286632,70.48863173,65.00355005,1
15:53:56,3.275,3.286655,70.48863173,65.00314474,1
15:53:57,3.275,3.286677,70.48863173,65.00273943,1
15:53:58,3.275,3.286699,70.48863173,65.00233412,1
15:53:59,3.275,3.28672,70.48863173,65.00192285,1
15:54:00,3.275,3.28674,70.48863173,65.00151753,1
15:54:01,3.275,3.28676,70.48863173,65.00111,1
15:54:02,3.275,3.286779,70.48863173,65.00069499,1
15:54:03,3.275,3.286797,70.48863173,65.00028372,1
15:54:04,3.275,3.286815,70.48863173,64.99987245,1
15:54:05,3.275,3.286832,70.48863173,64.99946117,1
15:54:06,3.275,3.286849,70.48863173,64.9990499,1
15:54:07,3.275,3.286865,70.48863173,64.99863863,1
15:54:08,3.275,3.286881,70.48863173,64.99822736,1
15:54:09,3.275,3.286897,70.48863173,64.99781609,1
15:54:10,3.275,3.286911,70.48863173,64.99740481,1
15:54:11,3.275,3.286926,70.48863173,64.99699354,1
15:54:12,3.275,3.28694,70.48863173,64.99658227,1
15:54:13,3.275,3.286954,70.48863173,64.996171,1
15:54:14,3.275,3.286967,70.48863173,64.99575973,1
15:54:15,3.275,3.28698,70.48863173,64.99534845,1
15:54:16,3.275,3.286992,70.48863173,64.99493718,1
15:54:17,3.275,3.287004,70.48863173,64.99453187,1
15:54:18,3.275,3.287016,70.48863173,64.9941206,1
15:54:19,3.275,3.287027,70.48863173,64.99370933,1
15:54:20,3.275,3.287038,70.48863173,64.99330401,1
15:54:21,3.275,3.287049,70.48863173,64.9928987,1
15:54:22,3.275,3.287059,70.48863173,64.99248743,1
15:54:23,3.275,3.287069,70.48863173,64.99208212,1
15:54:24,3.275,3.287079,70.48863173,64.99167681,1
15:54:25,3.275,3.287088,70.48863173,64.9912715,1
15:54:26,3.275,3.287097,70.48863173,64.99086618,1
15:54:27,3.275,3.287106,70.48863173,64.99046087,1
15:54:28,3.276,3.287115,70.48863173,64.99008536,1
15:54:29,3.242,3.243289,70.4685986,64.97001052,1
15:54:30,3.236,3.242417,70.44856548,64.94979262,1
15:54:31,3.232,3.241551,70.42853236,64.92951512,1
15:54:32,3.23,3.240698,70.40849924,64.90923762,1
15:54:33,3.229,3.239865,70.38846612,64.88896608,1
15:54:34,3.226,3.239053,70.368433,64.86864686,1
15:54:35,3.224,3.238257,70.34839988,64.84829783,1
15:54:36,3.224,3.237478,70.32836676,64.82796669,1
15:54:37,3.223,3.236723,70.30833364,64.80762959,1
15:54:38,3.221,3.235988,70.28830051,64.78726268,1
15:54:39,3.219,3.235269,70.26826739,64.76687193,1
15:54:40,3.216,3.234564,70.24823427,64.74642754,1
15:54:41,3.216,3.233872,70.22820115,64.72600102,1
15:54:42,3.215,3.2332,70.20817,64.70556259,1
15:54:43,3.215,3.232546,70.18813491,64.68513608,1
15:54:44,3.215,3.231911,70.16810179,64.66472745,1
15:54:45,3.214,3.231296,70.14806867,64.6443069,1
15:54:46,3.212,3.230697,70.12803555,64.62385654,1
15:54:47,3.211,3.230109,70.10800242,64.60339427,1
15:54:48,3.21,3.229536,70.0879693,64.58292603,1
15:54:49,3.209,3.228976,70.06793618,64.56244588,1
15:54:50,3.209,3.228431,70.04790306,64.54197764,1
15:54:51,3.209,3.227902,70.02786994,64.52152133,1
15:54:52,3.208,3.22739,70.00783682,64.50105309,1
15:54:53,3.208,3.226889,69.9878037,64.48059,1
15:54:54,3.207,3.226404,69.96777058,64.46012259,1
15:54:55,3.206,3.225931,69.94773746,64.43963647,1
15:54:56,3.206,3.225468,69.92770433,64.41916227,1
15:54:57,3.205,3.22502,69.90767121,64.39867616,1
15:54:58,3.204,3.224581,69.88763809,64.37817812,1
15:54:59,3.204,3.224153,69.86760497,64.357692,1
15:55:00,3.204,3.223738,69.84757185,64.33721185,1
15:55:01,3.203,3.223336,69.82753873,64.31671381,1
15:55:02,3.202,3.222942,69.80750561,64.29620385,1
15:55:03,3.202,3.222557,69.78747249,64.27569985,1
15:55:04,3.202,3.222184,69.76743937,64.25520778,1
15:55:05,3.202,3.221822,69.74740624,64.23472762,1
15:55:06,3.202,3.221471,69.72737312,64.21424747,1
15:55:07,3.202,3.221131,69.70734,64.19377923,1
15:55:08,3.202,3.220801,69.68730688,64.17332,1
15:55:09,3.202,3.220482,69.66727376,64.15286064,1
15:55:10,3.201,3.220172,69.64724064,64.13239241,1
15:55:11,3.201,3.219868,69.62720752,64.11193013,1
15:55:12,3.201,3.219573,69.6071744,64.09146786,1
15:55:13,3.201,3.219288,69.58714128,64.07101154,1
15:55:14,3.201,3.219011,69.56711,64.05056715,1
15:55:15,3.201,3.218743,69.54707503,64.03012276,1
15:55:16,3.201,3.218482,69.52704191,64.00968432,1
15:55:17,3.2,3.21823,69.50700879,63.98923397,1
15:55:18,3.2,3.217982,69.48697567,63.96878362,1
15:55:19,3.2,3.217742,69.46694255,63.94833922,1
15:55:20,3.199,3.217509,69.44690943,63.92787695,1
15:55:21,3.199,3.21728,69.42687631,63.90742064,1
15:55:22,3.198,3.217057,69.40684319,63.88694644,1
15:55:23,3.198,3.216838,69.38681006,63.8664782,1
15:55:24,3.198,3.216625,69.36677694,63.84602,1
15:55:25,3.198,3.21642,69.34674382,63.82555962,1
15:55:26,3.197,3.21622,69.3267107,63.80507946,1
15:55:27,3.197,3.216023,69.30667758,63.78460526,1
15:55:28,3.197,3.215832,69.28664446,63.76413703,1
15:55:29,3.197,3.215647,69.26661134,63.74367476,1
15:55:30,3.197,3.215468,69.24657822,63.72321844,1
15:55:31,3.197,3.215294,69.2265451,63.70276213,1
15:55:32,3.196,3.215125,69.20651197,63.68228793,1
15:55:33,3.196,3.214958,69.18647885,63.66181374,1
15:55:34,3.196,3.214796,69.16644573,63.6413455,1
15:55:35,3.196,3.214639,69.14641261,63.62088323,1
15:55:36,3.196,3.214487,69.12637949,63.60042095,1
15:55:37,3.195,3.21434,69.10634637,63.57994,1
15:55:38,3.195,3.214193,69.08631325,63.55946064,1
15:55:39,3.195,3.214052,69.06628013,63.53898644,1
15:55:40,3.195,3.213914,69.04624701,63.51851225,1
15:55:41,3.195,3.213781,69.02621388,63.49804401,1
15:55:42,3.194,3.213651,69.00618076,63.47755194,1
15:55:43,3.194,3.213522,68.98614764,63.45706582,1
15:55:44,3.194,3.213398,68.96611452,63.4365797,1
15:55:45,3.194,3.213277,68.9460814,63.4161,1
15:55:46,3.194,3.21316,68.92605,63.39561939,1
15:55:47,3.194,3.213046,68.90601516,63.3751452,1
15:55:48,3.194,3.212935,68.88598204,63.354671,1
15:55:49,3.194,3.212829,68.86594892,63.33419681,1
15:55:50,3.194,3.212725,68.84591579,63.31372857,1
15:55:51,3.194,3.212625,68.82588267,63.29326034,1
15:55:52,3.194,3.212528,68.80584955,63.27279806,1
15:55:53,3.194,3.212434,68.78581643,63.25233579,1
15:55:54,3.194,3.212343,68.76578331,63.23187351,1
15:55:55,3.194,3.212254,68.74575019,63.2114172,1
15:55:56,3.194,3.212168,68.72571707,63.19096088,1
15:55:57,3.194,3.212085,68.70568395,63.17050457,1
15:55:58,3.194,3.212005,68.68565083,63.15005422,1
15:55:59,3.194,3.211927,68.6656177,63.12960386,1
15:56:00,3.194,3.211852,68.64558458,63.10915351,1
15:56:01,3.194,3.211778,68.62555146,63.0887,1
15:56:02,3.194,3.211708,68.60551834,63.06825876,1
15:56:03,3.194,3.211639,68.58548522,63.04781437,1
15:56:04,3.194,3.211573,68.5654521,63.02736998,1
15:56:05,3.194,3.211509,68.54541898,63.00693154,1
15:56:06,3.194,3.211446,68.52538586,62.98649311,1
15:56:07,3.194,3.211386,68.50535274,62.96605468,1
15:56:08,3.194,3.211328,68.48531961,62.94561625,1
15:56:09,3.194,3.211271,68.46528649,62.92517781,1
15:56:10,3.194,3.211216,68.44525337,62.90474,1
15:56:11,3.194,3.211163,68.42522025,62.88430691,1
15:56:12,3.194,3.211112,68.40518713,62.86387444,1
15:56:13,3.194,3.211062,68.38515401,62.84344196,1
15:56:14,3.194,3.211014,68.36512089,62.82301,1
15:56:15,3.194,3.210968,68.34508777,62.80257702,1
15:56:16,3.194,3.210922,68.32505465,62.78215051,1
15:56:17,3.194,3.210879,68.30502152,62.761724,1
15:56:18,3.194,3.210837,68.28499,62.74129748,1
15:56:19,3.194,3.210796,68.26495528,62.72087,1
15:56:20,3.194,3.210757,68.24492216,62.70045042,1
15:56:21,3.194,3.210718,68.22488904,62.68002391,1
15:56:22,3.194,3.210682,68.20485592,62.6595974,1
15:56:23,3.194,3.210646,68.1848228,62.63917685,1
15:56:24,3.194,3.210612,68.16478968,62.61875629,1
15:56:25,3.194,3.210578,68.14475656,62.59833574,1
15:56:26,3.194,3.210546,68.12472343,62.57792,1
15:56:27,3.194,3.210515,68.10469031,62.5575006,1
15:56:28,3.194,3.210485,68.08465719,62.53708601,1
15:56:29,3.194,3.210456,68.06462407,62.51666546,1
15:56:30,3.194,3.210427,68.04459095,62.49624491,1
15:56:31,3.194,3.2104,68.02455783,62.47582436,1
15:56:32,3.193,3.210374,68.00452471,62.45538592,1
15:56:33,3.193,3.210345,67.98449159,62.43494749,1
15:56:34,3.193,3.210317,67.96445847,62.41450906,1
15:56:35,3.193,3.21029,67.94442534,62.39407063,1
15:56:36,3.193,3.210264,67.92439222,62.37363219,1
15:56:37,3.193,3.210239,67.9043591,62.35319376,1
15:56:38,3.193,3.210215,67.88432598,62.33275533,1
15:56:39,3.192,3.210191,67.86429286,62.31229305,1
15:56:40,3.192,3.210165,67.84425974,62.29183674,1
15:56:41,3.192,3.210139,67.82422662,62.27138042,1
15:56:42,3.192,3.210115,67.8041935,62.25092411,1
15:56:43,3.192,3.210091,67.78416038,62.2304678,1
15:56:44,3.192,3.210068,67.76412725,62.21001148,1
15:56:45,3.192,3.210046,67.74409413,62.18955517,1
15:56:46,3.192,3.210025,67.72406101,62.16909885,1
15:56:47,3.191,3.210004,67.70402789,62.1486187,1
15:56:48,3.192,3.20998,67.68399477,62.12816834,1
15:56:49,3.191,3.209961,67.66396165,62.10768819,1
15:56:50,3.191,3.209939,67.64393,62.08720803,1
15:56:51,3.191,3.209918,67.62389541,62.06672788,1
15:56:52,3.191,3.209898,67.60386229,62.04625368,1
15:56:53,3.191,3.209878,67.58382916,62.02577949,1
15:56:54,3.191,3.209859,67.56379604,62.00530529,1
15:56:55,3.191,3.209841,67.54376292,61.98483109,1
15:56:56,3.191,3.209823,67.5237298,61.9643569,1
15:56:57,3.191,3.209806,67.50369668,61.9438827,1
15:56:58,3.191,3.209789,67.48366356,61.92341,1
15:56:59,3.191,3.209773,67.46363044,61.90294027,1
15:57:00,3.191,3.209758,67.44359732,61.88247204,1
15:57:01,3.23,3.251466,67.44359732,61.8819654,1
15:57:02,3.230999,3.252295,67.44359732,61.88147068,1
15:57:03,3.234,3.253105,67.44359732,61.88102365,1
15:57:04,3.237,3.253902,67.44359732,61.88062429,1
15:57:05,3.238,3.254688,67.44359732,61.88023686,1
15:57:06,3.238,3.255456,67.44359732,61.87983,1
15:57:07,3.238,3.256201,67.44359732,61.87939644,1
15:57:08,3.244,3.256926,67.44359732,61.87909245,1
15:57:09,3.244999,3.257652,67.44359732,61.87879443,1
15:57:10,3.244999,3.258361,67.44359732,61.87847853,1
15:57:11,3.244999,3.259051,67.44359732,61.8781507,1
15:57:12,3.244999,3.25972,67.44359732,61.87780499,1
15:57:13,3.244999,3.260371,67.44359732,61.87744,1
15:57:14,3.244999,3.261003,67.44359732,61.8770659,1
15:57:15,3.246,3.261617,67.44359732,61.87670231,1
15:57:16,3.25,3.262218,67.44359732,61.87641621,1
15:57:17,3.252,3.262816,67.44359732,61.87615991,1
15:57:18,3.252,3.263405,67.44359732,61.87589169,1
15:57:19,3.252,3.263977,67.44359732,61.87561154,1
15:57:20,3.253,3.264533,67.44359732,61.87533736,1
15:57:21,3.253,3.265077,67.44359732,61.87505126,1
15:57:22,3.253,3.265606,67.44359732,61.87475324,1
15:57:23,3.253,3.266119,67.44359732,61.87444925,1
15:57:24,3.253,3.266618,67.44359732,61.87412739,1
15:57:25,3.253,3.267103,67.44359732,61.8737936,1
15:57:26,3.253,3.267574,67.44359732,61.8734479,1
15:57:27,3.253,3.268032,67.44359732,61.87309623,1
15:57:28,3.253,3.268476,67.44359732,61.87273264,1
15:57:29,3.255,3.268909,67.44359732,61.87240481,1
15:57:30,3.256,3.269336,67.44359732,61.87209487,1
15:57:31,3.258,3.269755,67.44359732,61.87182069,1
15:57:32,3.258999,3.270169,67.44359732,61.87155843,1
15:57:33,3.258999,3.270576,67.44359732,61.87128425,1
15:57:34,3.258999,3.270971,67.44359732,61.8710041,1
15:57:35,3.258999,3.271354,67.44359732,61.870718,1
15:57:36,3.258999,3.271727,67.44359732,61.87041998,1
15:57:37,3.26,3.27209,67.44359732,61.87013388,1
15:57:38,3.258999,3.272445,67.44359732,61.86981797,1
15:57:39,3.26,3.272787,67.44359732,61.86951995,1
15:57:40,3.258999,3.273123,67.44359732,61.86918616,1
15:57:41,3.26,3.273446,67.44359732,61.86887026,1
15:57:42,3.26,3.273763,67.44359732,61.86854839,1
15:57:43,3.26,3.274071,67.44359732,61.86821461,1
15:57:44,3.26,3.274371,67.44359732,61.86787486,1
15:57:45,3.26,3.274662,67.44359732,61.86752915,1
15:57:46,3.26,3.274945,67.44359732,61.86717749,1
15:57:47,3.26,3.27522,67.44359732,61.86681986,1
15:57:49,3.26,3.275487,67.44359732,61.86645627,1
15:57:49,3.26,3.275746,67.44359732,61.86608672,1
15:57:50,3.26,3.275998,67.44359732,61.86571,1
15:57:51,3.26,3.276243,67.44359732,61.86533,1
15:57:52,3.26,3.276481,67.44359732,61.86494231,1
15:57:53,3.26,3.276712,67.44359732,61.86454892,1
15:57:54,3.26,3.276937,67.44359732,61.86414957,1
15:57:55,3.26,3.277155,67.44359732,61.86374426,1
15:57:56,3.26,3.277367,67.44359732,61.86333299,1
15:57:57,3.26,3.277574,67.44359732,61.86291575,1
15:57:58,3.26,3.277774,67.44359732,61.86249852,1
15:57:59,3.26,3.277968,67.44359732,61.86207533,1
15:58:00,3.26,3.278157,67.44359732,61.86164618,1
15:58:01,3.26,3.278341,67.44359732,61.86121702,1
15:58:02,3.26,3.27852,67.44359732,61.86078191,1
15:58:03,3.252,3.26479,67.4369216,61.8538022,1
15:58:04,3.251,3.264693,67.43024588,61.84680462,1
15:58:05,3.247,3.264596,67.42357016,61.83971763,1
15:58:06,3.244999,3.264486,67.41689444,61.83258295,1
15:58:07,3.244999,3.264372,67.41021872,61.82545424,1
15:58:08,3.244999,3.264261,67.403543,61.81832552,1
15:58:09,3.244999,3.264153,67.39686728,61.81120276,1
15:58:10,3.244999,3.264048,67.39019156,61.80407405,1
15:58:11,3.244999,3.263947,67.38351583,61.79695,1
15:58:12,3.244999,3.263847,67.37684011,61.78982854,1
15:58:13,3.244999,3.263752,67.37016439,61.78271174,1
15:58:14,3.244999,3.263658,67.36348867,61.77559495,1
15:58:15,3.244999,3.263567,67.35681295,61.76847816,1
15:58:16,3.244999,3.263479,67.35013723,61.76136732,1
15:58:17,3.244999,3.263393,67.34346151,61.75425649,1
15:58:18,3.244999,3.26331,67.33678579,61.74714565,1
15:58:19,3.244999,3.263229,67.33011007,61.74004078,1
15:58:20,3.244999,3.26315,67.32343435,61.73293591,1
15:58:21,3.244999,3.263074,67.31675863,61.72583103,1
15:58:22,3.244999,3.263,67.31008291,61.71873212,1
15:58:23,3.244999,3.262927,67.30340719,61.71163321,1
15:58:24,3.244999,3.262857,67.29673147,61.70453429,1
15:58:25,3.244999,3.262789,67.29005575,61.69743538,1
15:58:26,3.244999,3.262722,67.28338003,61.69034243,1
15:58:27,3.244999,3.262658,67.27670431,61.68324947,1
15:58:28,3.244999,3.262595,67.27002859,61.67615652,1
15:58:29,3.244999,3.262534,67.26335287,61.66906,1
15:58:31,3.244999,3.262475,67.25667715,61.66197658,1
15:58:31,3.244999,3.262418,67.25000143,61.65488958,1
15:58:32,3.244999,3.262362,67.24332571,61.64780259,1
15:58:33,3.244999,3.262308,67.23664999,61.64072156,1
15:58:34,3.244999,3.262255,67.22997427,61.63363457,1
15:58:35,3.244,3.262203,67.22329855,61.62653,1
15:58:36,3.244,3.26215,67.21662283,61.61942482,1
15:58:37,3.244,3.262098,67.20994711,61.61232,1
15:58:38,3.244,3.262047,67.20327139,61.60521507,1
15:58:39,3.244,3.261998,67.19659567,61.59811,1
15:58:40,3.243,3.26195,67.18991995,61.59098744,1
15:58:41,3.243,3.2619,67.18324423,61.58386469,1
15:58:42,3.243,3.261851,67.17656851,61.57674193,1
15:58:43,3.242,3.261803,67.16989279,61.5696,1
15:58:44,3.242,3.261753,67.16321707,61.56244874,1
15:58:46,3.242,3.261705,67.15654135,61.5553081,1
15:58:46,3.241,3.261658,67.14986563,61.54814363,1
15:58:47,3.241,3.261608,67.14318991,61.54097915,1
15:58:48,3.241,3.26156,67.13651419,61.53381467,1
15:58:49,3.241,3.261513,67.12983847,61.52665019,1
15:58:50,3.24,3.261467,67.12316275,61.51946783,1
15:58:51,3.24,3.261419,67.11648703,61.51228547,1
15:58:52,3.24,3.261372,67.10981131,61.50510311,1
15:58:53,3.24,3.261327,67.10313559,61.49792075,1
15:58:55,3.24,3.261283,67.09645987,61.49073839,1
15:58:55,3.239,3.26124,67.08978415,61.48353219,1
15:58:56,3.239,3.261194,67.08310843,61.47633195,1
15:58:57,3.239,3.26115,67.0764327,61.46913171,1
15:58:59,3.239,3.261107,67.06975698,61.46193147,1
15:58:59,3.239,3.261065,67.06308126,61.45473123,1
15:59:00,3.239,3.261024,67.05640554,61.44753098,1
15:59:01,3.239,3.260985,67.04972982,61.4403367,1
15:59:03,3.239,3.260946,67.0430541,61.43314242,1
15:59:03,3.238,3.260909,67.03637838,61.4259243,1
15:59:04,3.238,3.260869,67.02970266,61.41870618,1
15:59:05,3.238,3.260829,67.02302694,61.41149402,1
15:59:07,3.238,3.260792,67.01635122,61.40427589,1
15:59:08,3.238,3.260755,67.0096755,61.39705777,1
15:59:08,3.238,3.260719,67.00299978,61.38983965,1
15:59:09,3.238,3.260684,66.99632406,61.38262153,1
15:59:10,3.238,3.26065,66.98964834,61.37540936,1
15:59:12,3.238,3.260617,66.98297262,61.3681972,1
15:59:12,3.238,3.260585,66.9762969,61.36098504,1
15:59:13,3.238,3.260554,66.96962118,61.35377288,1
15:59:14,3.238,3.260523,66.96294546,61.34656072,1
15:59:16,3.238,3.260494,66.95626974,61.33934855,1
15:59:17,3.238,3.260465,66.94959402,61.33213639,1
15:59:17,3.238,3.260437,66.9429183,61.32492423,1
15:59:18,3.238,3.26041,66.93624258,61.31771803,1
15:59:20,3.238,3.260383,66.92956686,61.31051183,1
15:59:21,3.238,3.260357,66.92289114,61.30330563,1
15:59:21,3.238,3.260333,66.91621542,61.29609942,1
15:59:22,3.238,3.260308,66.9095397,61.28889322,1
15:59:23,3.238,3.260284,66.90286398,61.28169298,1
15:59:25,3.238,3.260261,66.89618826,61.27449274,1
15:59:25,3.238,3.260238,66.88951254,61.2672925,1
15:59:26,3.238,3.260217,66.88283682,61.26009226,1
15:59:27,3.238,3.260195,66.8761611,61.25288606,1
15:59:29,3.238,3.260175,66.86948538,61.24567986,1
15:59:30,3.238,3.260154,66.86280966,61.23847365,1
15:59:30,3.238,3.260135,66.85613394,61.23126745,1
15:59:31,3.238,3.260116,66.84945822,61.22406721,1
15:59:33,3.238,3.260097,66.8427825,61.21686697,1
15:59:34,3.238,3.260079,66.83610678,61.20966673,1
15:59:34,3.238,3.260062,66.82943106,61.20246649,1
15:59:35,3.238,3.260044,66.82275534,61.19526625,1
15:59:36,3.238,3.260028,66.81607962,61.18806601,1
15:59:38,3.238,3.260011,66.8094039,61.18086576,1
15:59:39,3.238,3.259995,66.80272818,61.17366552,1
15:59:39,3.238,3.25998,66.79605246,61.16646528,1
15:59:40,3.238,3.259965,66.78937674,61.15926504,1
15:59:42,3.238,3.259951,66.78270102,61.1520648,1
15:59:43,3.238,3.259936,66.7760253,61.14486456,1
15:59:43,3.238,3.259923,66.76934958,61.13766432,1
15:59:44,3.238,3.259909,66.76267385,61.13046408,1
15:59:46,3.238,3.259896,66.75599813,61.12326384,1
15:59:47,3.238,3.259883,66.74932241,61.11606956,1
15:59:48,3.238,3.259871,66.74264669,61.10888,1
15:59:48,3.238,3.259859,66.73597097,61.10168099,1
15:59:50,3.238,3.259846,66.72929525,61.09448671,1
15:59:51,3.238,3.259835,66.72261953,61.08729243,1
15:59:52,3.238,3.259824,66.71594381,61.08009815,1
15:59:52,3.238,3.259813,66.70926809,61.07290387,1
15:59:53,3.238,3.259802,66.70259237,61.06570959,1
15:59:55,3.238,3.259792,66.69591665,61.05851531,1
15:59:56,3.238,3.259781,66.68924093,61.05132103,1
15:59:56,3.238,3.259772,66.68256521,61.04412675,1
15:59:57,3.238,3.259762,66.67588949,61.03693247,1
15:59:59,3.238,3.259753,66.66921377,61.02973819,1
16:00:00,3.238,3.259743,66.66253805,61.02254391,1
16:00:01,3.238,3.259734,66.65586233,61.01534963,1
16:00:01,3.238,3.259726,66.64918661,61.00815535,1
16:00:03,3.238,3.259717,66.64251089,61.00096107,1
16:00:04,3.238,3.259709,66.63583517,60.99377,1
16:00:05,3.238,3.259701,66.62915945,60.9865725,1
16:00:05,3.238,3.259693,66.62248373,60.97937822,1
16:00:07,3.238,3.259685,66.61580801,60.97218394,1
16:00:08,3.238,3.259678,66.60913229,60.96498966,1
16:00:09,3.238,3.25967,66.60245657,60.95779538,1
16:00:10,3.238,3.259663,66.59578085,60.9506011,1
16:00:11,3.238,3.259656,66.58910513,60.94340682,1
16:00:12,3.238,3.25965,66.58242941,60.93621254,1
16:00:13,3.238,3.259643,66.57575369,60.92901826,1
16:00:14,3.238,3.259636,66.56907797,60.92182398,1
16:00:14,3.238,3.25963,66.56240225,60.9146297,1
16:00:16,3.238,3.259624,66.55572653,60.90744138,1
16:00:17,3.238,3.259618,66.54905081,60.90025306,1
16:00:18,3.238,3.259612,66.54237509,60.89306474,1
16:00:19,3.238,3.259606,66.53569937,60.88587642,1
16:00:20,3.238,3.2596,66.52902365,60.8786881,1
16:00:21,3.238,3.259595,66.52234793,60.87149978,1
16:00:21,3.238,3.259589,66.51567221,60.86431146,1
16:00:23,3.238,3.259584,66.50899649,60.85712314,1
16:00:24,3.238,3.259579,66.50232077,60.84992886,1
16:00:25,3.238,3.259574,66.49564505,60.84273458,1
16:00:26,3.238,3.259569,66.48896933,60.83554029,1
16:00:27,3.238,3.259564,66.48229361,60.82834601,1
16:00:28,3.238,3.25956,66.47561789,60.82115,1
16:00:29,3.238,3.259555,66.46894217,60.81395745,1
16:00:30,3.238,3.259551,66.46226645,60.80676317,1
16:00:31,3.238,3.259546,66.45559072,60.79956889,1
16:00:32,3.238,3.259542,66.448915,60.79237461,1
16:00:33,3.238,3.259538,66.44223928,60.78518033,1
16:00:34,3.238,3.259534,66.43556356,60.77798605,1
16:00:35,3.238,3.25953,66.42888784,60.77079177,1
16:00:35,3.238,3.259526,66.42221212,60.76359749,1
16:00:37,3.238,3.259522,66.4155364,60.75640321,1
16:00:38,3.238,3.259518,66.40886068,60.74920893,1
16:00:39,3.238,3.259514,66.40218496,60.74201465,1
16:00:40,3.238,3.259511,66.39550924,60.73482037,1
16:00:41,3.238,3.259507,66.38883352,60.72762609,1
16:00:42,3.238,3.259504,66.3821578,60.7204318,1
16:00:43,3.238,3.2595,66.37548208,60.71323752,1
16:00:44,3.238,3.259497,66.36880636,60.70604,1
16:00:45,3.238,3.259494,66.36213064,60.69884896,1
16:00:46,3.238,3.25949,66.35545492,60.69166064,1
16:00:47,3.238,3.259487,66.3487792,60.68447232,1
16:00:48,3.238,3.259484,66.34210348,60.677284,1
16:00:49,3.238,3.259481,66.33542776,60.67009568,1
16:00:50,3.238,3.259478,66.32875204,60.66290736,1
16:00:51,3.238,3.259475,66.32207632,60.65571904,1
16:00:52,3.238,3.259472,66.3154006,60.64853072,1
16:00:53,3.238,3.259469,66.30872488,60.6413424,1
16:00:54,3.238,3.259466,66.30204916,60.63414812,1
16:00:55,3.238,3.259464,66.29537344,60.62695384,1
16:00:56,3.238,3.259461,66.28869772,60.61975956,1
16:00:57,3.238,3.259458,66.282022,60.61256528,1
16:00:58,3.238,3.259456,66.27534628,60.605371,1
16:00:59,3.238,3.259453,66.26867056,60.59817672,1
16:01:00,3.238,3.259451,66.26199484,60.59098244,1
16:01:01,3.238,3.259448,66.25531912,60.58378816,1
16:01:02,3.238,3.259446,66.2486434,60.57659388,1
16:01:03,3.238,3.259444,66.24196768,60.5693996,1
16:01:04,3.238,3.259441,66.23529196,60.56220531,1
16:01:05,3.238,3.259439,66.22861624,60.55501699,1
16:01:06,3.238,3.259437,66.22194052,60.54783,1
16:01:07,3.238,3.259434,66.2152648,60.54064035,1
16:01:08,3.238,3.259432,66.20858908,60.53345203,1
16:01:09,3.238,3.25943,66.20191336,60.52626371,1
16:01:10,3.238,3.259428,66.19523764,60.51907539,1
16:01:11,3.238,3.259426,66.18856192,60.51188707,1
16:01:12,3.238,3.259423,66.1818862,60.50469875,1
16:01:13,3.238,3.259422,66.17521048,60.49751043,1
16:01:14,3.238,3.25942,66.16853476,60.49032,1
16:01:15,3.238,3.259418,66.16185904,60.48313379,1
16:01:16,3.238,3.259416,66.15518332,60.47594547,1
16:01:17,3.238,3.259414,66.1485076,60.46875715,1
16:01:18,3.238,3.259412,66.14183187,60.46156883,1
16:01:19,3.238,3.25941,66.13515615,60.45438051,1
16:01:20,3.238,3.259408,66.12848043,60.44719219,1
16:01:21,3.238,3.259406,66.12180471,60.44000387,1
16:01:22,3.238,3.259404,66.11512899,60.43282,1
16:01:23,3.238,3.259402,66.10845327,60.42562723,1
16:01:24,3.238,3.259401,66.10177755,60.41843891,1
16:01:25,3.238,3.259399,66.09510183,60.41125059,1
16:01:26,3.238,3.259397,66.08842611,60.40405631,1
16:01:27,3.238,3.259396,66.08175039,60.39686,1
16:01:28,3.238,3.259394,66.07507467,60.38966775,1
16:01:29,3.238,3.259392,66.06839895,60.38247347,1
16:01:30,3.238,3.259391,66.06172323,60.37527919,1
16:01:31,3.238,3.259389,66.05504751,60.36808491,1
16:01:32,3.238,3.259387,66.04837179,60.36089063,1
16:01:33,3.238,3.259386,66.04169607,60.35369635,1
16:01:34,3.238,3.259384,66.03502035,60.34650207,1
16:01:35,3.238,3.259382,66.02834463,60.33930779,1
16:01:36,3.238,3.259381,66.02166891,60.3321135,1
16:01:37,3.238,3.259379,66.01499319,60.32491922,1
16:01:38,3.238,3.259378,66.00831747,60.31772494,1
16:01:39,3.238,3.259376,66.00164175,60.31053066,1
16:01:40,3.238,3.259375,65.99496603,60.30333638,1
16:01:41,3.238,3.259373,65.98829031,60.2961421,1
16:01:42,3.238,3.259372,65.98161459,60.28894782,1
16:01:43,3.238,3.259371,65.97493887,60.28175,1
16:01:44,3.238,3.259369,65.96826315,60.27455926,1
16:01:45,3.238,3.259367,65.96158743,60.26736498,1
16:01:46,3.238,3.259366,65.95491171,60.2601707,1
16:01:47,3.238,3.259365,65.94823599,60.25297642,1
16:01:48,3.238,3.259363,65.94156027,60.2457881,1
16:01:49,3.237,3.259362,65.93488455,60.23857594,1
16:01:50,3.238,3.259357,65.92820883,60.23138762,1
16:01:51,3.238,3.259355,65.92153311,60.2241993,1
16:01:52,3.238,3.259354,65.91485739,60.21701097,1
16:01:53,3.238,3.259353,65.90818167,60.20982265,1
16:01:54,3.237,3.259351,65.90150595,60.20261049,1
16:01:55,3.237,3.259346,65.89483023,60.19539237,1
16:01:56,3.238,3.259341,65.88815451,60.1882,1
16:01:57,3.238,3.25934,65.88147879,60.18100381,1
16:01:58,3.237,3.259339,65.87480307,60.17378569,1
16:01:59,3.238,3.259335,65.86812735,60.16659141,1
16:02:00,3.237,3.259334,65.86145163,60.15937328,1
16:02:01,3.238,3.259329,65.85477591,60.152179,1
16:02:02,3.237,3.259328,65.84810019,60.14496088,1
16:02:03,3.237,3.259323,65.84142447,60.13774276,1
16:02:04,3.237,3.259319,65.83474874,60.13052464,1
16:02:05,3.237,3.259315,65.82807302,60.12330651,1
16:02:06,3.237,3.25931,65.8213973,60.11608839,1
16:02:07,3.237,3.259306,65.81472158,60.10887027,1
16:02:08,3.237,3.259301,65.80804586,60.10165215,1
16:02:09,3.237,3.259297,65.80137014,60.09443402,1
16:02:10,3.237,3.259294,65.79469442,60.08722186,1
16:02:11,3.237,3.25929,65.7880187,60.0800097,1
16:02:12,3.237,3.259286,65.78134298,60.07279754,1
16:02:13,3.237,3.259282,65.77466726,60.06558537,1
16:02:14,3.237,3.259278,65.76799154,60.05837321,1
16:02:15,3.237,3.259274,65.76131582,60.05116105,1
16:02:16,3.237,3.259271,65.7546401,60.04394889,1
16:02:17,3.237,3.259267,65.74796438,60.03673673,1
16:02:18,3.237,3.259264,65.74128866,60.02952456,1
16:02:19,3.237,3.25926,65.73461294,60.0223124,1
16:02:20,3.237,3.259257,65.72793722,60.01510024,1
16:02:21,3.237,3.259254,65.7212615,60.00788808,1
16:02:22,3.237,3.259251,65.71458578,60.00067592,1
16:02:23,3.237,3.259248,65.70791006,59.99346375,1
16:02:24,3.237,3.259245,65.70123434,59.98625159,1
16:02:25,3.237,3.259241,65.69455862,59.97903943,1
16:02:26,3.237,3.259238,65.6878829,59.97182727,1
16:02:27,3.237,3.259236,65.68120718,59.96461511,1
16:02:28,3.237,3.259233,65.67453146,59.95740294,1
16:02:29,3.237,3.25923,65.66785574,59.95019078,1
16:02:30,3.237,3.259227,65.66118002,59.94297862,1
16:02:31,3.237,3.259224,65.6545043,59.93576646,1
16:02:32,3.237,3.259222,65.64782858,59.9285543,1
16:02:33,3.237,3.259219,65.64115286,59.92134213,1
16:02:34,3.237,3.259217,65.63447714,59.91412997,1
16:02:35,3.237,3.259214,65.62780142,59.90691781,1
16:02:36,3.237,3.259211,65.6211257,59.89970565,1
16:02:37,3.237,3.259209,65.61444998,59.89249349,1
16:02:38,3.237,3.259207,65.60777426,59.88528132,1
16:02:39,3.237,3.259204,65.60109854,59.87806916,1
16:02:40,3.237,3.259202,65.59442282,59.870857,1
16:02:41,3.237,3.2592,65.5877471,59.86364484,1
16:02:42,3.237,3.259197,65.58107138,59.85643268,1
16:02:43,3.237,3.259195,65.57439566,59.84922051,1
16:02:44,3.237,3.259193,65.56771994,59.84200835,1
16:02:45,3.237,3.259191,65.56104422,59.83479619,1
16:02:46,3.237,3.259189,65.5543685,59.82758403,1
16:02:47,3.237,3.259186,65.54769278,59.82037187,1
16:02:48,3.237,3.259184,65.54101706,59.8131597,1
16:02:49,3.237,3.259182,65.53434134,59.80594754,1
16:02:50,3.237,3.25918,65.52766562,59.79873538,1
16:02:51,3.237,3.259178,65.52098989,59.79152322,1
16:02:52,3.237,3.259176,65.51431417,59.78431106,1
16:02:53,3.237,3.259174,65.50763845,59.77709889,1
16:02:54,3.237,3.259172,65.50096273,59.76988673,1
16:02:55,3.237,3.25917,65.49428701,59.76267457,1
16:02:56,3.237,3.259168,65.48761129,59.75546241,1
16:02:57,3.237,3.259166,65.48093557,59.74825025,1
16:02:58,3.237,3.259165,65.47425985,59.74103808,1
16:02:59,3.237,3.259163,65.46758413,59.73382592,1
16:03:00,3.237,3.259161,65.46090841,59.72661376,1
16:03:01,3.237,3.259159,65.45423269,59.7194016,1
16:03:02,3.237,3.259158,65.44755697,59.71218944,1
16:03:03,3.237,3.259156,65.44088125,59.70497727,1
16:03:04,3.236,3.259154,65.43420553,59.69774127,1
16:03:05,3.236,3.259149,65.42752981,59.69050527,1
16:03:06,3.236,3.259143,65.42085409,59.68326926,1
16:03:07,3.236,3.259138,65.41417837,59.67603326,1
16:03:08,3.236,3.259133,65.40750265,59.66879725,1
16:03:09,3.236,3.259128,65.40082693,59.66156125,1
16:03:10,3.236,3.259122,65.39415121,59.65432525,1
16:03:11,3.236,3.259117,65.38747549,59.64708924,1
16:03:12,3.236,3.259113,65.38079977,59.63985324,1
16:03:13,3.236,3.259108,65.37412405,59.63261724,1
16:03:14,3.236,3.259103,65.36744833,59.62538123,1
16:03:15,3.236,3.259099,65.36077261,59.61814523,1
16:03:16,3.236,3.259094,65.35409689,59.61090922,1
16:03:17,3.235,3.25909,65.34742117,59.60364938,1
16:03:18,3.235,3.259082,65.34074545,59.59638953,1
16:03:19,3.235,3.259074,65.33406973,59.58912969,1
16:03:20,3.235,3.259066,65.32739401,59.58186984,1
16:03:21,3.235,3.259059,65.32071829,59.57460999,1
16:03:22,3.235,3.259051,65.31404257,59.56735015,1
16:03:23,3.235,3.259044,65.30736685,59.5600903,1
16:03:24,3.235,3.259037,65.30069113,59.55283046,1
16:03:25,3.235,3.25903,65.29401541,59.54557061,1
16:03:26,3.235,3.259023,65.28733969,59.53831077,1
16:03:27,3.235,3.259017,65.28066397,59.53105092,1
16:03:28,3.235,3.25901,65.27398825,59.52379107,1
16:03:29,3.235,3.259004,65.26731253,59.51653123,1
16:03:30,3.235,3.258998,65.26063681,59.50927138,1
16:03:31,3.235,3.258992,65.25396109,59.50201154,1
16:03:32,3.235,3.258986,65.24728537,59.49475765,1
16:03:33,3.235,3.25898,65.24060965,59.48750377,1
16:03:34,3.234,3.258975,65.23393393,59.48022604,1
16:03:35,3.234,3.258965,65.22725821,59.47294,1
16:03:36,3.234,3.258956,65.22058249,59.46565866,1
16:03:37,3.234,3.258947,65.21390676,59.45837498,1
16:03:38,3.234,3.258938,65.20723104,59.45109129,1
16:03:39,3.234,3.258929,65.20055532,59.4438076,1
16:03:40,3.233,3.258921,65.1938796,59.43650007,1
16:03:41,3.234,3.258909,65.18720388,59.42921638,1
16:03:42,3.233,3.258901,65.18052816,59.42191482,1
16:03:43,3.233,3.258889,65.17385244,59.41460729,1
16:03:44,3.233,3.258878,65.16717672,59.40729976,1
16:03:45,3.233,3.258867,65.160501,59.39999223,1
16:03:46,3.233,3.258857,65.15382528,59.3926847,1
16:03:47,3.233,3.258846,65.14714956,59.38537717,1
16:03:48,3.233,3.258836,65.14047384,59.37806964,1
16:03:49,3.233,3.258826,65.13379812,59.37076807,1
16:03:50,3.233,3.258816,65.1271224,59.3634665,1
16:03:51,3.232,3.258806,65.12044668,59.35613513,1
16:03:52,3.233,3.258793,65.11377096,59.3488276,1
16:03:53,3.232,3.258784,65.10709524,59.34149623,1
16:03:54,3.232,3.258771,65.10041952,59.33416486,1
16:03:55,3.232,3.258759,65.0937438,59.32683349,1
16:03:56,3.232,3.258747,65.08706808,59.31950212,1
16:03:57,3.232,3.258735,65.08039236,59.3121767,1
16:03:58,3.232,3.258723,65.07371664,59.30484533,1
16:03:59,3.232,3.258713,65.06704092,59.29751396,1
16:04:00,3.232,3.258702,65.0603652,59.29018855,1
16:04:01,3.232,3.258691,65.05368948,59.28286314,1
16:04:02,3.232,3.25868,65.04701376,59.27553773,1
16:04:03,3.232,3.25867,65.04033804,59.26821232,1
16:04:04,3.232,3.25866,65.03366232,59.26088691,1
16:04:05,3.244999,3.271966,65.03366232,59.2602253,1
16:04:06,3.244999,3.272227,65.03366232,59.25955772,1
16:04:07,3.251,3.27248,65.03366232,59.25903,1
16:04:08,3.252,3.272751,65.03366232,59.25852656,1
16:04:09,3.252,3.273018,65.03366232,59.25801396,1
16:04:10,3.252,3.273277,65.03366232,59.2574954,1
16:04:11,3.253,3.27353,65.03366232,59.25699472,1
16:04:12,3.253,3.27378,65.03366232,59.25648808,1
16:04:13,3.253,3.274023,65.03366232,59.25597548,1
16:04:14,3.253,3.27426,65.03366232,59.25545692,1
16:04:15,3.253,3.274489,65.03366232,59.25493,1
16:04:16,3.253,3.274713,65.03366232,59.25440192,1
16:04:17,3.253,3.274931,65.03366232,59.25387144,1
16:04:18,3.253,3.275143,65.03366232,59.25332904,1
16:04:19,3.253,3.275349,65.03366232,59.25278664,1
16:04:20,3.254,3.27555,65.03366232,59.25225616,1
16:04:21,3.255,3.275749,65.03366232,59.25174952,1
16:04:22,3.256,3.275946,65.03366232,59.25126076,1
16:04:23,3.258,3.276143,65.03366232,59.25081372,1
16:04:24,3.258999,3.276341,65.03366232,59.25039053,1
16:04:25,3.258999,3.276539,65.03366232,59.24996138,1
16:04:26,3.258999,3.276731,65.03366232,59.24952626,1
16:04:27,3.258999,3.276917,65.03366232,59.24908519,1
16:04:28,3.258999,3.277099,65.03366232,59.24864411,1
16:04:29,3.258999,3.277276,65.03366232,59.24819708,1
16:04:30,3.258999,3.277448,65.03366232,59.24774408,1
16:04:31,3.258999,3.277616,65.03366232,59.24728513,1
16:04:32,3.258999,3.277778,65.03366232,59.24683,1
16:04:33,3.258999,3.277937,65.03366232,59.24636126,1
16:04:34,3.258999,3.278091,65.03366232,59.24589038,1
16:04:35,3.258999,3.278241,65.03366232,59.2454195,1
16:04:36,3.26,3.278387,65.03366232,59.24496651,1
16:04:37,3.26,3.278533,65.03366232,59.24451351,1
16:04:38,3.26,3.278675,65.03366232,59.24405456,1
16:04:39,3.26,3.278813,65.03366232,59.2435956,1
16:04:40,3.26,3.278947,65.03366232,59.24313068,1
16:04:41,3.26,3.279078,65.03366232,59.24265981,1
16:04:42,3.26,3.279205,65.03366232,59.24218893,1
16:04:43,3.26,3.279329,65.03366232,59.24171209,1
16:04:44,3.26,3.279449,65.03366232,59.24123526,1
16:04:45,3.26,3.279567,65.03366232,59.24075246,1
16:04:46,3.26,3.27968,65.03366232,59.24026966,1
16:04:47,3.26,3.279792,65.03366232,59.23978686,1
16:04:48,3.26,3.279899,65.03366232,59.23929811,1
16:04:49,3.26,3.280005,65.03366232,59.23880935,1
16:04:50,3.26,3.280107,65.03366232,59.23831463,1
16:04:51,3.26,3.280206,65.03366232,59.23781991,1
16:04:52,3.26,3.280303,65.03366232,59.23732519,1
16:04:53,3.26,3.280397,65.03366232,59.23682451,1
16:04:54,3.26,3.280488,65.03366232,59.23632383,1
16:04:55,3.26,3.280577,65.03366232,59.23581719,1
16:04:56,3.26,3.280664,65.03366232,59.23531055,1
16:04:57,3.26,3.280748,65.03366232,59.23480392,1
16:04:58,3.26,3.28083,65.03366232,59.23429132,1
16:04:59,3.26,3.28091,65.03366232,59.23377872,1
16:05:00,3.26,3.280988,65.03366232,59.23326015,1
16:05:01,3.26,3.281063,65.03366232,59.23274159,1
16:05:02,3.26,3.281137,65.03366232,59.23222303,1
16:05:03,3.26,3.281208,65.03366232,59.23169851,1
16:05:04,3.26,3.281278,65.03366232,59.23117399,1
16:05:05,3.26,3.281345,65.03366232,59.23064947,1
16:05:06,3.26,3.281411,65.03366232,59.23012495,1
16:05:07,3.237,3.254858,65.02030492,59.21632648,1
16:05:08,3.232,3.254395,65.00694752,59.20242071,1
16:05:09,3.230999,3.253925,64.99359012,59.18849707,1
16:05:10,3.23,3.253464,64.98023272,59.1745615,1
16:05:11,3.23,3.253012,64.96687531,59.16063786,1
16:05:12,3.226,3.252572,64.95351791,59.14663076,1
16:05:13,3.225,3.252128,64.94016051,59.13260579,1
16:05:14,3.224,3.251693,64.92680311,59.1185689,1
16:05:15,3.224,3.251265,64.91344571,59.10454,1
16:05:16,3.224,3.250849,64.90008831,59.09052491,1
16:05:17,3.223,3.250445,64.88673091,59.07649398,1
16:05:18,3.223,3.250047,64.87337351,59.06246901,1
16:05:19,3.222,3.249661,64.86001611,59.04843211,1
16:05:20,3.22,3.249281,64.84665871,59.03435946,1
16:05:21,3.219,3.248903,64.83330131,59.02026296,1
16:05:22,3.217,3.248532,64.8199439,59.0061307,1
16:05:23,3.216,3.248163,64.8065865,58.99198055,1
16:05:24,3.216,3.2478,64.7932291,58.97783637,1
16:05:25,3.216,3.247447,64.7798717,58.96370411,1
16:05:26,3.216,3.247104,64.7665143,58.94957781,1
16:05:27,3.216,3.24677,64.7531569,58.93546939,1
16:05:28,3.215,3.246445,64.7398,58.92134,1
16:05:29,3.216,3.246125,64.7264421,58.90723467,1
16:05:30,3.215,3.245817,64.7130847,58.89311433,1
16:05:31,3.215,3.245514,64.6997273,58.87900591,1
16:05:32,3.215,3.245219,64.6863699,58.86490345,1
16:05:33,3.215,3.244932,64.6730125,58.85081291,1
16:05:34,3.215,3.244653,64.65965509,58.83672237,1
16:05:35,3.215,3.244382,64.64629769,58.8226378,1
16:05:36,3.214,3.244118,64.63294029,58.80853534,1
16:05:37,3.213,3.243857,64.61958289,58.794415,1
16:05:38,3.212,3.243599,64.60622549,58.78027678,1
16:05:39,3.212,3.243344,64.59286809,58.76615047,1
16:05:40,3.211,3.243096,64.57951069,58.75200629,1
16:05:41,3.211,3.242851,64.56615329,58.73786211,1
16:05:42,3.21,3.242613,64.55279589,58.72370005,1
16:05:43,3.21,3.242377,64.53943849,58.70954394,1
16:05:44,3.209,3.242147,64.52608109,58.69536996,1
16:05:45,3.209,3.24192,64.51272368,58.6812,1
16:05:46,3.209,3.241698,64.49936628,58.66703391,1
16:05:47,3.209,3.241483,64.48600888,58.65288,1
16:05:48,3.209,3.241273,64.47265148,58.63872766,1
16:05:49,3.209,3.24107,64.45929408,58.62457752,1
16:05:50,3.209,3.240871,64.44593668,58.61043334,1
16:05:51,3.209,3.240678,64.43257928,58.59629512,1
16:05:52,3.209,3.24049,64.41922188,58.5821569,1
16:05:53,3.209,3.240308,64.40586448,58.56802464,1
16:05:54,3.208,3.24013,64.39250708,58.55387449,1
16:05:55,3.209,3.239953,64.37914968,58.53976011,1
16:05:56,3.209,3.239784,64.36579227,58.52563977,1
16:05:57,3.209,3.239621,64.35243487,58.51152539,1
16:05:58,3.209,3.239461,64.33907747,58.49741697,1
16:05:59,3.208,3.239306,64.32572007,58.48328471,1
16:06:00,3.208,3.239151,64.31236,58.46915841,1
16:06:01,3.208,3.239001,64.29900527,58.45503807,1
16:06:02,3.208,3.238854,64.28564787,58.44092369,1
16:06:03,3.208,3.238711,64.27229047,58.42680931,1
16:06:04,3.208,3.238572,64.25893307,58.41269493,1
16:06:05,3.208,3.238437,64.24557567,58.39858651,1
16:06:06,3.208,3.238306,64.23221827,58.38447809,1
16:06:07,3.208,3.238178,64.21886086,58.37037563,1
16:06:08,3.208,3.238053,64.20550346,58.35627913,1
16:06:09,3.208,3.237932,64.19214606,58.34218264,1
16:06:10,3.208,3.237814,64.17878866,58.32808614,1
16:06:11,3.207,3.237699,64.16543126,58.31397176,1
16:06:12,3.207,3.237583,64.15207386,58.29985738,1
16:06:13,3.207,3.23747,64.13871646,58.285743,1
16:06:14,3.206,3.237361,64.12535906,58.2716167,1
16:06:15,3.206,3.23725,64.11200166,58.25748,1
16:06:16,3.206,3.237142,64.09864426,58.24335814,1
16:06:17,3.205,3.237037,64.08528686,58.22920799,1
16:06:18,3.205,3.236932,64.07192945,58.21505785,1
16:06:19,3.205,3.236828,64.05857205,58.20091367,1
16:06:20,3.205,3.236728,64.04521465,58.18676949,1
16:06:21,3.204,3.23663,64.03185725,58.17261,1
16:06:22,3.204,3.236531,64.01849985,58.15844536,1
16:06:23,3.204,3.236434,64.00514245,58.14428,1
16:06:24,3.204,3.23634,63.99178505,58.13012719,1
16:06:25,3.204,3.236249,63.97842765,58.11597109,1
16:06:26,3.204,3.23616,63.96507025,58.10181499,1
16:06:27,3.204,3.236073,63.95171285,58.08766484,1
16:06:28,3.204,3.235988,63.93835545,58.0735147,1
16:06:29,3.204,3.235906,63.92499804,58.05937052,1
16:06:30,3.203,3.235826,63.91164064,58.04520249,1
16:06:31,3.203,3.235744,63.89828324,58.03103447,1
16:06:32,3.203,3.235665,63.88493,58.01686645,1
16:06:33,3.203,3.235587,63.87156844,58.00270438,1
16:06:34,3.203,3.235512,63.85821104,57.98854232,1
16:06:35,3.203,3.235438,63.84485364,57.97438025,1
16:06:36,3.202,3.235367,63.83149624,57.96019435,1
16:06:37,3.202,3.235293,63.81813884,57.94601,1
16:06:38,3.202,3.235221,63.80478144,57.93184042,1
16:06:39,3.202,3.235152,63.79142404,57.91766047,1
16:06:40,3.202,3.235084,63.77806664,57.90348,1
16:06:41,3.202,3.235017,63.76470923,57.88930655,1
16:06:42,3.202,3.234953,63.75135183,57.87513256,1
16:06:43,3.202,3.23489,63.73799443,57.86095858,1
16:06:44,3.202,3.234829,63.72463703,57.84678459,1
16:13:32,3.202,3.261576,63.71127963,57.81340003,1
16:13:33,3.202,3.251701,63.69792223,57.7854991,1
16:13:34,3.202,3.244926,63.68456483,57.76091218,1
16:13:35,3.202,3.240029,63.67121,57.73847103,1
16:13:36,3.202,3.236353,63.65785003,57.71749616,1
16:13:37,3.202,3.233518,63.64449263,57.69756436,1
16:13:38,3.202,3.231285,63.63113523,57.67839551,1
16:13:39,3.202,3.229498,63.61777782,57.65979886,1
16:13:40,3.202,3.22805,63.60442042,57.64163733,1
16:13:41,3.202,3.226866,63.59106302,57.62381554,1
16:13:42,3.202,3.225892,63.57770562,57.60625005,1
16:13:43,3.202,3.225086,63.56434822,57.58894682,1
16:13:44,3.202,3.224419,63.55099082,57.57174492,1
16:13:45,3.202,3.223865,63.53763342,57.55471587,1
16:13:46,3.202,3.223407,63.52427602,57.53773451,1
16:13:47,3.202,3.223028,63.51091862,57.52082467,1
16:13:48,3.202,3.222718,63.49756122,57.50396252,1
16:13:49,3.202,3.222466,63.48420382,57.48713613,1
16:13:50,3.202,3.222263,63.47084641,57.47038126,1
16:13:51,3.202,3.222105,63.45749,57.45363,1
16:13:52,3.202,3.221983,63.44413161,57.43683577,1
16:13:53,3.202,3.221895,63.43077421,57.42003322,1
16:13:54,3.202,3.221835,63.41741681,57.40321279,1
16:13:55,3.202,3.221801,63.40405941,57.38636851,1
16:13:56,3.202,3.221788,63.39070201,57.36949444,1
16:13:57,3.202,3.221796,63.37734461,57.3525846,1
16:13:58,3.202,3.22182,63.36398721,57.33563304,1
16:13:59,3.202,3.22186,63.35062981,57.31863976,1
16:14:00,3.202,3.221913,63.33727241,57.30159283,1
16:14:02,3.202,3.221979,63.323915,57.28449821,1
16:14:02,3.202,3.222055,63.3105576,57.26739168,1
16:14:03,3.202,3.222141,63.2972002,57.25018382,1
16:14:04,3.202,3.222234,63.2838428,57.23291039,1
16:14:05,3.202,3.222335,63.2704854,57.21557736,1
16:14:06,3.202,3.222443,63.257128,57.19817877,1
16:14:07,3.202,3.222556,63.24377,57.18071461,1
16:14:08,3.202,3.222675,63.2304132,57.1632266,1
16:14:09,3.202,3.222798,63.2170558,57.14561939,1
16:14:10,3.202,3.222924,63.2036984,57.12794065,1
16:14:11,3.201,3.223054,63.190341,57.10998178,1
16:14:12,3.201,3.223176,63.17698359,57.09194541,1
16:14:13,3.201,3.223302,63.16362619,57.07383752,1
16:14:14,3.202,3.223431,63.15026879,57.05586672,1
16:14:15,3.201,3.22357,63.13691139,57.03760386,1
16:14:16,3.202,3.223701,63.12355399,57.01948404,1
16:14:17,3.202,3.223843,63.11019659,57.00128675,1
16:14:18,3.202,3.223985,63.09683919,56.98301196,1
16:14:19,3.201,3.224128,63.08348179,56.96448684,1
16:14:20,3.201,3.224263,63.07012439,56.94582462,1
16:14:21,3.201,3.224398,63.05676699,56.92708492,1
16:14:22,3.201,3.224534,63.04340959,56.90826774,1
16:14:23,3.201,3.22467,63.03005,56.8893671,1
16:14:24,3.201,3.224805,63.01669478,56.87038898,1
16:14:25,3.201,3.22494,63.00333738,56.85133338,1
16:14:26,3.201,3.225075,62.98997998,56.83220029,1
16:14:27,3.201,3.225209,62.97662258,56.81298971,1
16:14:28,3.201,3.225342,62.96326518,56.79369569,1
16:14:29,3.201,3.225474,62.94990778,56.77432418,1
16:14:30,3.201,3.225605,62.93655038,56.75493479,1
16:14:32,3.201,3.225735,62.92319298,56.73540831,1
16:14:32,3.201,3.225864,62.90983558,56.7158103,1
16:14:33,3.201,3.225991,62.89647818,56.69613481,1
16:14:34,3.201,3.226117,62.88312078,56.67638183,1
16:14:35,3.201,3.226242,62.86976337,56.65655732,1
16:14:36,3.201,3.226366,62.85640597,56.63665533,1
16:14:37,3.201,3.226487,62.84304857,56.61668181,1
16:14:38,3.201,3.226608,62.82969117,56.59663677,1
16:14:39,3.201,3.226726,62.81633,56.5765202,1
16:14:40,3.201,3.226843,62.80297637,56.55639172,1
16:14:41,3.201,3.226959,62.78961897,56.5361321,1
16:14:42,3.201,3.227073,62.77626157,56.51580691,1
16:14:43,3.201,3.227185,62.76290417,56.49548,1
16:14:44,3.201,3.227295,62.74954677,56.4750731,1
16:14:46,3.201,3.227404,62.73618937,56.4545393,1
16:14:46,3.201,3.227511,62.72283196,56.43393993,1
16:14:47,3.2,3.227617,62.70947456,56.41300678,1
16:14:48,3.2,3.227715,62.69611716,56.39200807,1
16:14:50,3.2,3.227813,62.68275976,56.37094378,1
16:14:50,3.2,3.227908,62.66940236,56.3498199,1
16:14:52,3.2,3.228002,62.65604496,56.32863641,1
16:14:52,3.2,3.228094,62.64268756,56.30745888,1
16:14:53,3.2,3.228185,62.62933016,56.28615022,1
16:14:55,3.199,3.228274,62.61597276,56.26450181,1
16:14:55,3.224,3.253639,62.61597276,56.25607371,1
16:14:56,3.224,3.254223,62.61597276,56.24744296,1
16:14:57,3.23,3.254793,62.61597276,56.24033809,1
16:14:59,3.230999,3.255376,62.61597276,56.23332858,1
16:14:59,3.230999,3.255949,62.61597276,56.22612238,1
16:15:00,3.230999,3.256507,62.61597276,56.2187314,1
16:15:01,3.230999,3.257052,62.61597276,56.21121526,1
16:15:03,3.232,3.257582,62.61597276,56.20375276,1
16:15:04,3.236,3.258103,62.61597276,56.19727969,1
16:15:04,3.237,3.25863,62.61597276,56.19097948,1
16:15:05,3.238,3.259146,62.61597276,56.1847508,1
16:15:07,3.238,3.259655,62.61597276,56.17834926,1
16:15:07,3.238,3.260151,62.61597276,56.17178679,1
16:15:08,3.238,3.260633,62.61597276,56.16505742,1
16:15:09,3.238,3.261104,62.61597276,56.15822673,1
16:15:10,3.238,3.261562,62.61597276,56.15118146,1
16:15:12,3.238,3.262009,62.61597276,56.14398718,1
16:15:12,3.238,3.262444,62.61597276,56.13663793,1
16:15:13,3.239,3.262868,62.61597276,56.12944365,1
16:15:14,3.242,3.263286,62.61597276,56.1230123,1
16:15:16,3.244,3.263705,62.61597276,56.11704588,1
16:15:17,3.244999,3.264123,62.61597276,56.11124,1
16:15:17,3.244999,3.264535,62.61597276,56.1052978,1
16:15:18,3.244999,3.264936,62.61597276,56.09921813,1
16:15:20,3.244999,3.265327,62.61597276,56.09300733,1
16:15:21,3.244999,3.265708,62.61597276,56.08666539,1
16:15:21,3.244999,3.266079,62.61597276,56.08019829,1
16:15:22,3.244999,3.26644,62.61597276,56.07360601,1
16:15:24,3.244999,3.266793,62.61597276,56.06689,1
16:15:25,3.244999,3.267136,62.61597276,56.06006384,1
16:15:26,3.244999,3.26747,62.61597276,56.05311394,1
16:15:26,3.244999,3.267796,62.61597276,56.0461,1
16:15:27,3.244999,3.268113,62.61597276,56.03892803,1
16:15:29,3.244999,3.268422,62.61597276,56.03164434,1
16:15:30,3.244999,3.268723,62.61597276,56.02431297,1
16:15:30,3.244999,3.269017,62.61597276,56.01682067,1
16:15:31,3.244999,3.269302,62.61597276,56.00922704,1
16:15:33,3.244999,3.269581,62.61597276,56.00153208,1
16:15:33,3.244999,3.269852,62.61597276,55.99374175,1
16:15:34,3.244999,3.270117,62.61597276,55.98585606,1
16:15:35,3.244999,3.270374,62.61597276,55.97788095,1
16:15:37,3.244999,3.270625,62.61597276,55.96987605,1
16:15:38,3.244999,3.270869,62.61597276,55.96172214,1
16:15:39,3.244999,3.271107,62.61597276,55.95348477,1
16:15:39,3.244999,3.271339,62.61597276,55.94516397,1
16:15:41,3.244999,3.271565,62.61597276,55.93675971,1
16:15:42,3.244999,3.271785,62.61597276,55.92827201,1
16:15:43,3.244999,3.271999,62.61597276,55.91970682,1
16:15:44,3.246,3.272208,62.61597276,55.91138601,1
16:15:44,3.247,3.272416,62.61597276,55.90330958,1
16:15:46,3.248001,3.272622,62.61597276,55.89547157,1
16:15:47,3.249,3.272827,62.61597276,55.8878839,1
16:15:48,3.249,3.273032,62.61597276,55.88021874,1
16:15:48,3.25,3.273231,62.61597276,55.87285757,1
16:15:50,3.251,3.273429,62.61597276,55.86569309,1
16:15:50,3.251,3.273627,62.61597276,55.85845709,1
16:15:52,3.252,3.273819,62.61597276,55.85147142,1
16:15:52,3.252,3.27401,62.61597276,55.84442019,1
16:15:54,3.252,3.274197,62.61597276,55.83735704,1
16:15:55,3.252,3.274379,62.61597276,55.83022833,1
16:15:56,3.252,3.274556,62.61597276,55.82303405,1
16:15:56,3.252,3.274728,62.61597276,55.81578016,1
16:15:57,3.252,3.274896,62.61597276,55.80846667,1
16:15:59,3.252,3.27506,62.61597276,55.80103993,1
16:16:00,3.252,3.275219,62.61597276,55.79355955,1
16:16:01,3.252,3.275374,62.61597276,55.78601956,1
16:16:01,3.252,3.275525,62.61597276,55.77848554,1
16:16:03,3.252,3.275673,62.61597276,55.77084422,1
16:16:04,3.252,3.275816,62.61597276,55.76315,1
16:16:05,3.252,3.275956,62.61597276,55.75540662,1
16:16:06,3.252,3.276092,62.61597276,55.74761033,1
16:16:07,3.252,3.276224,62.61597276,55.73976636,1
16:16:08,3.253,3.276353,62.61597276,55.73220253,1
16:16:09,3.252,3.276483,62.61597276,55.72426915,1
16:16:10,3.252,3.276605,62.61597276,55.71628809,1
16:16:10,3.253,3.276724,62.61597276,55.70859313,1
16:16:12,3.253,3.276845,62.61597276,55.70091009,1
16:16:13,3.253,3.276962,62.61597276,55.69312572,1
16:16:14,3.252,3.277076,62.61597276,55.68503737,1
16:16:15,3.253,3.277182,62.61597276,55.67717552,1
16:16:16,3.253,3.277291,62.61597276,55.66927791,1
16:16:17,3.253,3.277396,62.61597276,55.66139817,1
16:16:18,3.253,3.277498,62.61597276,55.65342307,1
16:16:19,3.253,3.277598,62.61597276,55.64541221,1
16:16:20,3.253,3.277696,62.61597276,55.63742518,1
16:16:21,3.253,3.277791,62.61597276,55.62935,1
16:16:22,3.253,3.277883,62.61597276,55.62123656,1
16:16:23,3.253,3.277972,62.61597276,55.61309457,1
16:16:24,3.253,3.27806,62.61597276,55.60491681,1
16:16:25,3.253,3.278145,62.61597276,55.59676886,1
16:16:26,3.253,3.278228,62.61597276,55.58853,1
16:16:27,3.253,3.278309,62.61597276,55.58026433,1
16:16:28,3.253,3.278387,62.61597276,55.57197332,1
16:16:30,3.253,3.278464,62.61597276,55.56365252,1
16:16:31,3.253,3.278538,62.61597276,55.55530787,1
16:16:32,3.253,3.27861,62.61597276,55.54693341,1
16:16:35,3.253,3.278681,62.61597276,55.53853512,1
16:16:35,3.253,3.27875,62.61597276,55.53011298,1
16:16:36,3.253,3.278817,62.61597276,55.521667,1
16:16:37,3.253,3.278882,62.61597276,55.51319718,1
16:16:37,3.253,3.278945,62.61597276,55.50476313,1
16:16:38,3.253,3.279006,62.61597276,55.49631,1
16:16:38,3.253,3.279066,62.61597276,55.48783541,1
16:16:39,3.253,3.279125,62.61597276,55.47927618,1
16:16:40,3.253,3.279182,62.61597276,55.47069907,1
16:16:41,3.253,3.279237,62.61597276,55.46210408,1
16:16:42,3.253,3.279291,62.61597276,55.45348525,1
16:16:43,3.253,3.279343,62.61597276,55.4449141,1
16:16:44,3.253,3.279394,62.61597276,55.43625951,1
16:16:45,3.253,3.279444,62.61597276,55.42758703,1
16:16:46,3.253,3.279492,62.61597276,55.41889668,1
16:16:47,3.253,3.279538,62.61597276,55.410254,1
16:16:48,3.253,3.279584,62.61597276,55.40153384,1
16:16:49,3.253,3.279629,62.61597276,55.3927958,1
16:16:50,3.253,3.279672,62.61597276,55.38410544,1
16:16:51,3.253,3.279714,62.61597276,55.3753376,1
16:16:52,3.253,3.279755,62.61597276,55.36655784,1
16:16:53,3.253,3.279794,62.61597276,55.35782576,1
16:16:54,3.253,3.279833,62.61597276,55.34901619,1
16:16:55,3.253,3.279871,62.61597276,55.34019,1
16:16:56,3.253,3.279907,62.61597276,55.33142,1
16:16:57,3.253,3.279943,62.61597276,55.32257557,1
16:16:58,3.253,3.279977,62.61597276,55.31371832,1
16:16:59,3.253,3.28001,62.61597276,55.30484915,1
16:17:00,3.253,3.280043,62.61597276,55.29596806,1
16:17:01,3.253,3.280075,62.61597276,55.28708,1
16:17:02,3.253,3.280106,62.61597276,55.27817011,1
16:17:03,3.253,3.280136,62.61597276,55.26925325,1
16:17:04,3.253,3.280165,62.61597276,55.26033044,1
16:17:05,3.253,3.280193,62.61597276,55.25146127,1
16:17:06,3.253,3.280221,62.61597276,55.24251461,1
16:17:07,3.253,3.280247,62.61597276,55.23362756,1
16:17:08,3.253,3.280273,62.61597276,55.22466302,1
16:17:09,3.253,3.280298,62.61597276,55.21575809,1
16:17:10,3.253,3.280323,62.61597276,55.20678,1
16:17:11,3.253,3.280347,62.61597276,55.19785285,1
16:17:12,3.253,3.28037,62.61597276,55.18885851,1
16:17:13,3.253,3.280392,62.61597276,55.17991781,1
16:17:14,3.253,3.280414,62.61597276,55.17090559,1
16:17:15,3.253,3.280435,62.61597276,55.16188741,1
16:17:16,3.253,3.280456,62.61597276,55.15286326,1
16:17:17,3.253,3.280476,62.61597276,55.14383,1
16:17:18,3.253,3.280495,62.61597276,55.1347971,1
16:17:19,3.253,3.280514,62.61597276,55.12575507,1
16:17:20,3.253,3.280532,62.61597276,55.11677265,1
16:17:21,3.253,3.28055,62.61597276,55.10771871,1
16:17:22,3.254,3.280567,62.61597276,55.09898663,1
16:17:23,3.254,3.280588,62.61597276,55.09018302,1
16:17:24,3.254,3.280608,62.61597276,55.08093834,1
16:17:25,3.254,3.280628,62.61597276,55.07118702,1
16:17:26,3.254,3.280647,62.61597276,55.06092906,1
16:17:27,3.255,3.280665,62.61597276,55.05051017,1
16:17:28,3.256,3.280687,62.61597276,55.04003167,1
16:17:29,3.217,3.243616,62.59594,55.00708222,1
16:17:30,3.213,3.242899,62.57590652,54.97066379,1
16:17:31,3.209,3.242181,62.55587339,54.93005514,1
16:17:32,3.207,3.241466,62.53584027,54.88593578,1
16:17:33,3.204,3.240762,62.51580715,54.8394978,1
16:17:34,3.202,3.240065,62.49577403,54.7921896,1
16:17:35,3.201,3.239377,62.47574091,54.74472,1
16:17:36,3.2,3.238703,62.45570779,54.69708443,1
16:17:37,3.197,3.238043,62.43567467,54.64784503,1
16:17:38,3.195,3.237387,62.41564155,54.59781885,1
16:17:39,3.194,3.23674,62.39560843,54.5476079,1
16:17:40,3.194,3.236106,62.3755753,54.49791,1
16:17:41,3.194,3.235441,62.35554218,54.44864035,1
16:17:42,3.192,3.234787,62.33550906,54.39858437,1
16:17:43,3.19,3.234139,62.31547594,54.34764028,1
16:17:44,3.189,3.233498,62.29544282,54.29640412,1
16:17:45,3.187,3.232867,62.27541,54.24426794,1
16:17:46,3.187,3.232242,62.25537658,54.19273973,1
16:17:47,3.187,3.231632,62.23534346,54.14158702,1
16:17:48,3.186,3.231038,62.21531034,54.0903151,1
16:17:49,3.186,3.230452,62.19527721,54.03950214,1
16:17:50,3.186,3.229882,62.17524409,53.98903489,1
16:17:51,3.184,3.229324,62.15521097,53.93772721,1
16:17:52,3.184,3.228771,62.13517785,53.88685465,1
16:17:53,3.184,3.228232,62.11514473,53.83629799,1
16:17:54,3.183,3.227705,62.09511161,53.78546715,1
16:17:55,3.182,3.227186,62.07507849,53.73435616,1
16:17:56,3.181,3.226675,62.05504537,53.68295908,1
16:17:57,3.18,3.226171,62.03501225,53.63126993,1
16:17:58,3.18,3.225675,62.01497912,53.57996821,1
16:17:59,3.18,3.22519,61.994946,53.52904201,1
16:18:00,3.18,3.224718,61.97491288,53.47858667,1
16:18:01,3.18,3.224256,61.95488,53.42838168,1
16:18:02,3.179,3.223806,61.93484664,53.37784886,1
16:18:03,3.179,3.223361,61.91481352,53.32766,1
16:18:04,3.179,3.222927,61.8947804,53.27779651,1
16:18:05,3.179,3.222503,61.87474728,53.22826505,1
16:18:06,3.179,3.22209,61.85471416,53.17905545,1
16:18:07,3.178,3.221686,61.83468103,53.12958,1
16:18:08,3.177,3.221287,61.81464791,53.07973027,1
16:18:09,3.177,3.220893,61.79461479,53.03008556,1
16:18:10,3.176,3.220508,61.77458167,52.98016071,1
16:18:11,3.176,3.220128,61.75454855,52.9304266,1
16:18:12,3.176,3.219756,61.73451543,52.88107991,1
16:18:13,3.175,3.219393,61.71448231,52.83133984,1
16:18:14,3.175,3.219034,61.69444919,52.78176665,1
16:18:15,3.175,3.218683,61.67441607,52.73246169,1
16:18:16,3.174,3.21834,61.65438294,52.68285275,1
16:18:17,3.174,3.218,61.63435,52.63339877,1
16:18:18,3.174,3.217669,61.6143167,52.58419514,1
16:18:19,3.174,3.217345,61.59428358,52.53533721,1
16:18:20,3.174,3.217029,61.57425046,52.4867177,1
16:18:21,3.173,3.21672,61.55421734,52.43756175,1
16:18:22,3.173,3.216413,61.53418422,52.38873959,1
16:18:23,3.173,3.216114,61.5141511,52.34014392,1
16:18:24,3.173,3.215821,61.49411798,52.29166746,1
16:18:25,3.173,3.215535,61.47408485,52.24340558,1
16:18:26,3.173,3.215255,61.45405173,52.19536,1
16:18:27,3.173,3.214982,61.43401861,52.14761496,1
16:18:28,3.173,3.214715,61.41398549,52.09997296,1
16:18:29,3.173,3.214454,61.39395237,52.05262303,1
16:18:30,3.173,3.2142,61.37391925,52.00536847,1
16:18:31,3.173,3.213951,61.35388613,51.95839405,1
16:18:32,3.173,3.213707,61.33385301,51.91150904,1
16:18:33,3.173,3.213469,61.31382,51.86479688,1
16:18:34,3.172,3.213237,61.29378676,51.81760192,1
16:18:35,3.172,3.213004,61.27375364,51.77067518,1
16:18:36,3.172,3.212777,61.25372052,51.72382593,1
16:18:37,3.172,3.212555,61.2336874,51.67723298,1
16:18:38,3.172,3.212338,61.21365428,51.63071156,1
16:18:39,3.172,3.212126,61.19362116,51.5843451,1
16:18:40,3.172,3.211918,61.17358804,51.53822899,1
16:18:41,3.172,3.211715,61.15355492,51.49216652,1
16:18:42,3.172,3.211517,61.1335218,51.44634843,1
16:18:43,3.172,3.211323,61.11348867,51.40057802,1
16:18:44,3.172,3.211133,61.09345555,51.35495067,1
16:18:45,3.172,3.210947,61.07342243,51.30955577,1
16:18:46,3.172,3.210765,61.05338931,51.264292,1
16:18:47,3.172,3.210587,61.03335619,51.21915936,1
16:18:48,3.172,3.210413,61.01332307,51.17415786,1
16:18:49,3.172,3.210243,60.99329,51.12919211,1
16:18:50,3.172,3.210077,60.97325683,51.08443499,1
16:18:51,3.171,3.209913,60.95322371,51.03915334,1
16:18:52,3.171,3.209749,60.93319058,50.9939909,1
16:18:53,3.171,3.209588,60.91315746,50.94885826,1
16:18:54,3.171,3.20943,60.89312434,50.90384483,1
16:18:55,3.17,3.209276,60.87309122,50.85838437,1
16:18:56,3.17,3.20912,60.8530581,50.81303716,1
16:18:57,3.17,3.208967,60.83302498,50.7678,1
16:18:58,3.17,3.208818,60.81299186,50.72268248,1
16:18:59,3.17,3.208672,60.79295874,50.67757964,1
16:19:00,3.169,3.208528,60.77292562,50.6319344,1
16:19:01,3.169,3.208383,60.75289249,50.58648586,1
16:19:02,3.169,3.208241,60.73285937,50.54114461,1
16:19:03,3.169,3.208102,60.71282625,50.49582,1
16:19:04,3.169,3.207965,60.69279313,50.45058727,1
16:19:05,3.168,3.207832,60.67276,50.40490031,1
16:19:06,3.169,3.207696,60.65272689,50.35995841,1
16:19:07,3.168,3.207567,60.63269377,50.31446815,1
16:19:08,3.168,3.207437,60.61266065,50.26898384,1
16:19:09,3.168,3.207309,60.59262753,50.22368431,1
16:19:10,3.168,3.207184,60.5725944,50.17847419,1
16:19:11,3.168,3.207061,60.55256128,50.13326406,1
16:19:12,3.168,3.206941,60.53252816,50.08814335,1
16:19:13,3.167,3.206822,60.51249504,50.04008412,1
16:19:14,3.167,3.2067,60.49246192,49.9884814,1
16:19:15,3.167,3.206571,60.4724288,49.93302226,1
16:19:16,3.167,3.206437,60.45239568,49.87348914,1
16:19:17,3.167,3.206301,60.43236256,49.81327355,1
16:19:18,3.167,3.206167,60.41232944,49.75328,1
16:19:19,3.166,3.206036,60.39229631,49.69249964,1
16:19:20,3.166,3.205901,60.37226319,49.63193834,1
16:19:21,3.166,3.205769,60.35223,49.57159758,1
16:19:22,3.166,3.205639,60.33219695,49.51147139,1
16:19:23,3.166,3.205511,60.31216383,49.45146441,1
16:19:24,3.166,3.205385,60.29213071,49.39166307,1
16:19:25,3.166,3.205262,60.27209759,49.33215678,1
16:19:26,3.165,3.205141,60.25206447,49.27175045,1
16:19:27,3.165,3.205017,60.23203135,49.21154678,1
16:19:28,3.165,3.204894,60.21199822,49.15163219,1
16:19:29,3.165,3.204774,60.1919651,49.09190834,1
16:19:30,3.165,3.204656,60.17193198,49.03237522,1
16:19:31,3.165,3.20454,60.15189886,48.97302687,1
16:19:32,3.165,3.204425,60.13186574,48.91377091,1
16:19:33,3.165,3.204313,60.11183262,48.85469377,1
16:19:34,3.165,3.204202,60.0917995,48.79588187,1
16:19:35,3.165,3.204093,60.07176638,48.73724,1
16:19:36,3.165,3.203986,60.05173326,48.67876768,1
16:19:37,3.165,3.203881,60.0317,48.62045944,1
16:19:38,3.165,3.203777,60.01166701,48.56231511,1
16:19:39,3.165,3.203675,59.99163389,48.50432873,1
16:19:40,3.165,3.203574,59.97160077,48.44649732,1
16:19:41,3.165,3.203475,59.95156765,48.38873446,1
16:19:42,3.165,3.203378,59.93153453,48.33121002,1
16:19:43,3.164,3.203282,59.91150141,48.27276766,1
16:19:44,3.165,3.203182,59.89146829,48.21554124,1
16:19:45,3.164,3.203088,59.87143517,48.15748632,1
16:19:46,3.164,3.202991,59.85140204,48.09957743,1
16:19:47,3.164,3.202895,59.83136892,48.04173,1
16:19:48,3.164,3.202801,59.8113358,47.98410237,1
16:19:49,3.164,3.202708,59.79130268,47.92661965,1
16:19:50,3.164,3.202616,59.77126956,47.86927402,1
16:19:51,3.164,3.202526,59.75123644,47.8120625,1
16:19:52,3.164,3.202436,59.73120332,47.75498509,1
16:19:53,3.164,3.202349,59.71117,47.69803882,1
16:19:54,3.164,3.202262,59.69113708,47.64122069,1
16:19:55,3.164,3.202176,59.67110395,47.58452773,1
16:19:56,3.164,3.202092,59.65107083,47.52795994,1
16:19:57,3.164,3.202009,59.63103771,47.47151434,1
16:19:58,3.164,3.201926,59.61100459,47.41519094,1
16:19:59,3.164,3.201846,59.59097147,47.35898674,1
16:20:00,3.202,3.241347,59.59097147,47.32142389,1
16:20:01,3.206,3.242006,59.59097147,47.28700519,1
16:20:02,3.209,3.242668,59.59097147,47.25493491,1
16:20:03,3.209,3.243328,59.59097147,47.22227156,1
16:20:04,3.21,3.24397,59.59097147,47.18998075,1
16:20:05,3.215,3.244601,59.59097147,47.16187418,1
16:20:06,3.215,3.245239,59.59097147,47.13319242,1
16:20:07,3.216,3.245862,59.59097147,47.10489511,1
16:20:08,3.216,3.246473,59.59097147,47.07604945,1
16:20:09,3.216,3.247068,59.59097147,47.04667032,1
16:20:10,3.216,3.247648,59.59097147,47.01677263,1
16:20:11,3.222,3.248213,59.59097147,46.99203372,1
16:20:12,3.223,3.248793,59.59097147,46.96765542,1
16:20:13,3.223,3.249363,59.59097147,46.94282115,1
16:20:14,3.223,3.249918,59.59097147,46.91748917,1
16:20:15,3.224,3.250458,59.59097147,46.89261019,1
16:20:16,3.224,3.25099,59.59097147,46.86719477,1
16:20:17,3.224,3.251508,59.59097147,46.84131742,1
16:20:18,3.224,3.252013,59.59097147,46.81498706,1
16:20:19,3.224,3.252505,59.59097147,46.7882812,1
16:20:20,3.224,3.252984,59.59097147,46.76115215,1
16:20:21,3.225,3.25345,59.59097147,46.73448205,1
16:20:22,3.227,3.25391,59.59097147,46.70927823,1
16:20:23,3.229,3.254367,59.59097147,46.68559432,1
16:20:24,3.23,3.254822,59.59097147,46.66238427,1
16:20:25,3.23,3.255271,59.59097147,46.6388315,1
16:20:26,3.23,3.255707,59.59097147,46.61489129,1
16:20:27,3.23,3.256133,59.59097147,46.59051597,1
16:20:28,3.23,3.256547,59.59097147,46.56583369,1
16:20:29,3.230999,3.256951,59.59097147,46.54172361,1
16:20:30,3.230999,3.257349,59.59097147,46.51720524,1
16:20:31,3.230999,3.257737,59.59097147,46.49240375,1
16:20:32,3.230999,3.258116,59.59097147,46.46727145,1
16:20:33,3.230999,3.258484,59.59097147,46.44181728,1
16:20:34,3.230999,3.258842,59.59097147,46.4160502,1
16:20:35,3.230999,3.259191,59.59097147,46.38997912,1
16:20:36,3.230999,3.259531,59.59097147,46.36355042,1
16:20:37,3.230999,3.259863,59.59097147,46.33689821,1
16:20:38,3.230999,3.260185,59.59097147,46.30996883,1
16:20:39,3.230999,3.260499,59.59097147,46.28277,1
16:20:40,3.230999,3.260805,59.59097147,46.25530541,1
16:20:41,3.230999,3.261103,59.59097147,46.2275207,1
16:20:42,3.230999,3.261394,59.59097147,46.1995542,1
16:20:43,3.230999,3.261676,59.59097147,46.17134929,1
16:20:44,3.230999,3.261951,59.59097147,46.14290893,1
16:20:45,3.230999,3.262219,59.59097147,46.11424208,1
16:20:46,3.230999,3.26248,59.59097147,46.08528614,1
16:20:47,3.232,3.262733,59.59097147,46.05710506,1
16:20:48,3.232,3.262985,59.59097147,46.02871239,1
16:20:49,3.233,3.263231,59.59097147,46.00096345,1
16:20:50,3.235,3.263474,59.59097147,45.97484469,1
16:20:51,3.235,3.263721,59.59097147,45.94857991,1
16:20:52,3.236,3.263961,59.59097147,45.92302442,1
16:20:53,3.236,3.2642,59.59097147,45.89720666,1
16:20:54,3.237,3.264433,59.59097147,45.87210715,1
16:20:55,3.237,3.264664,59.59097147,45.84687352,1
16:20:56,3.237,3.264889,59.59097147,45.82144916,1
16:20:57,3.237,3.265108,59.59097147,45.79584002,1
16:20:58,3.237,3.265322,59.59097147,45.77005208,1
16:20:59,3.237,3.26553,59.59097147,45.74402869,1
16:21:00,3.237,3.265732,59.59097147,45.71790099,1
16:21:01,3.237,3.265929,59.59097147,45.69160938,1
16:21:02,3.224,3.252709,59.58429575,45.65885663,1
16:21:03,3.224,3.252653,59.57762003,45.62616944,1
16:21:04,3.223,3.252599,59.57094431,45.59257627,1
16:21:05,3.223,3.252541,59.56426859,45.55911422,1
16:21:06,3.221,3.252483,59.55759287,45.52390873,1
16:21:07,3.218,3.252417,59.55091715,45.48606277,1
16:21:08,3.216,3.252337,59.54424143,45.44650018,1
16:21:09,3.216,3.252248,59.53756571,45.40695548,1
16:21:10,3.216,3.252161,59.53088999,45.36758959,1
16:21:11,3.216,3.252076,59.52421427,45.32831907,1
16:21:12,3.216,3.251992,59.51753855,45.28914094,1
16:21:13,3.216,3.25191,59.51086283,45.24997771,1
16:21:14,3.216,3.251829,59.50418711,45.21098435,1
16:21:15,3.216,3.25175,59.49751139,45.1720804,1
16:21:16,3.216,3.251672,59.49083567,45.13326585,1
16:21:17,3.216,3.251595,59.48415995,45.09453773,1
16:21:18,3.216,3.25152,59.47748423,45.04880607,1
16:21:19,3.216,3.251442,59.47080851,44.97669637,1
16:21:20,3.216,3.251295,59.46413279,44.86400783,1
16:21:21,3.216,3.250975,59.45745707,44.71406341,1
16:21:22,3.216,3.250569,59.45078135,44.56756711,1
16:21:23,3.215,3.250174,59.44410563,44.42038238,1
16:21:24,3.215,3.249777,59.4374299,44.27640438,1
16:21:25,3.215,3.24939,59.43075418,44.13564801,1
16:21:26,3.215,3.249015,59.42407846,43.99791658,1
16:21:27,3.215,3.248649,59.41740274,43.86309385,1
16:21:28,3.215,3.248293,59.41072702,43.73107255,1
16:21:29,3.215,3.247947,59.4040513,43.60174537,1
16:21:30,3.215,3.247609,59.39737558,43.47501397,1
16:21:31,3.215,3.247281,59.39069986,43.35078299,1
16:21:32,3.215,3.24696,59.38402414,43.22890341,1
16:21:33,3.215,3.246647,59.37734842,43.10941398,1
16:21:34,3.215,3.246344,59.3706727,42.9921627,1
16:21:35,3.215,3.246052,59.36399698,42.87700057,1
16:21:36,3.215,3.245768,59.35732126,42.7639693,1
16:21:37,3.215,3.24549,59.35064554,42.65288413,1
16:21:38,3.215,3.245219,59.34396982,42.54378974,1
16:21:39,3.215,3.244955,59.3372941,42.43656397,1
16:21:40,3.214,3.244697,59.33061838,42.32782125,1
16:21:41,3.214,3.244434,59.32394266,42.2208935,1
16:21:42,3.214,3.244176,59.31726694,42.11572409,1
16:21:43,3.213,3.243925,59.31059122,42.00901985,1
16:21:44,3.213,3.243668,59.3039155,41.90402627,1
16:21:45,3.212,3.243417,59.29723978,41.79751277,1
16:21:46,3.212,3.24316,59.29056406,41.69267118,1
16:21:47,3.212,3.242908,59.28388834,41.58939421,1
16:21:48,3.211,3.242663,59.27721262,41.48464,1
16:21:49,3.211,3.242411,59.2705369,41.38146937,1
16:21:50,3.211,3.242165,59.26386118,41.27983153,1
16:21:51,3.21,3.241925,59.25718546,41.17660224,1
16:21:52,3.21,3.241678,59.25050974,41.074875,1
16:21:53,3.21,3.241437,59.24383402,40.97460508,1
16:21:54,3.21,3.2412,59.2371583,40.87580144,1
16:21:55,3.21,3.240969,59.23048258,40.77832103,1
16:21:56,3.209,3.240742,59.22380686,40.67932069,1
16:21:57,3.209,3.24051,59.21713114,40.58161974,1
16:21:58,3.209,3.240282,59.21045542,40.48528373,1
16:21:59,3.209,3.240058,59.2037797,40.39022326,1
16:22:00,3.209,3.239839,59.19710398,40.29635787,1
16:22:01,3.209,3.239624,59.19042826,40.20370245,1
16:22:02,3.209,3.239413,59.18375254,40.1122719,1
16:22:03,3.209,3.239207,59.17707682,40.02194107,1
16:22:04,3.209,3.239004,59.1704011,39.93277252,1
16:22:05,3.209,3.238805,59.16372538,39.84464705,1
16:22:06,3.209,3.238609,59.15704966,39.75758255,1
16:22:07,3.209,3.238417,59.15037394,39.67159986,1
16:22:08,3.209,3.238229,59.14369822,39.5865798,1
16:22:09,3.209,3.238043,59.1370225,39.50254619,1
16:22:10,3.209,3.237861,59.13034678,39.4195199,1
16:22:11,3.209,3.237682,59.12367105,39.3374294,1
16:22:12,3.209,3.237506,59.11699533,39.25621212,1
16:22:13,3.209,3.237333,59.11031961,39.1759336,1
16:22:14,3.209,3.237163,59.10364389,39.09652829,1
16:22:15,3.209,3.236995,59.09696817,39.01793659,1
16:22:16,3.209,3.23683,59.09029245,38.94018233,1
16:22:17,3.209,3.236668,59.08361673,38.86328638,1
16:22:18,3.209,3.236508,59.07694101,38.78718913,1
16:22:19,3.209,3.23635,59.07026529,38.71187568,1
16:22:20,3.209,3.236195,59.06358957,38.6372894,1
16:22:21,3.209,3.236042,59.05691385,38.56349289,1
16:22:22,3.209,3.235892,59.05023813,38.49042952,1
16:22:23,3.209,3.235743,59.04356241,38.41808736,1
16:22:24,3.209,3.235597,59.03688669,38.34644854,1
16:22:25,3.209,3.235452,59.03021097,38.27550113,1
16:22:26,3.209,3.23531,59.02353525,38.20523322,1
16:22:27,3.209,3.235169,59.01685953,38.13559115,1
16:22:28,3.209,3.23503,59.01018381,38.06660473,1
16:22:29,3.209,3.234893,59.00350809,37.99829185,1
16:22:30,3.209,3.234758,58.99683237,37.9306078,1
16:22:31,3.209,3.234625,58.99015665,37.86354,1
16:22:32,3.209,3.234493,58.98348093,37.79707849,1
16:22:33,3.209,3.234363,58.97680521,37.7312094,1
16:22:34,3.209,3.234234,58.97012949,37.66592443,1
16:22:35,3.209,3.234107,58.96345377,37.60117888,1
16:22:36,3.209,3.233981,58.95677805,37.53703237,1
16:22:37,3.209,3.233857,58.95010233,37.47343719,1
16:22:38,3.209,3.233734,58.94342661,37.4103874,1
16:22:39,3.209,3.233613,58.93675089,37.34787405,1
16:22:40,3.209,3.233493,58.93007517,37.28588521,1
16:22:41,3.209,3.233374,58.92339945,37.22441494,1
16:22:42,3.209,3.233256,58.91672373,37.16345429,1
16:22:43,3.209,3.23314,58.91004801,37.10296452,1
16:22:44,3.209,3.233025,58.90337229,37.04296947,1
16:22:45,3.209,3.23291,58.89669657,36.98346317,1
16:22:46,3.209,3.232798,58.89002085,36.92443669,1
16:22:47,3.209,3.232686,58.88334513,36.86588109,1
16:22:48,3.209,3.232575,58.87666941,36.8078202,1
16:22:49,3.209,3.232466,58.86999369,36.75018847,1
16:22:50,3.209,3.232357,58.86331797,36.69303656,1
16:22:51,3.209,3.232249,58.85664225,36.63633168,1
16:22:52,3.209,3.232143,58.84996653,36.58006191,1
16:22:53,3.209,3.232037,58.84329081,36.52422428,1
16:22:54,3.209,3.231932,58.83661509,36.46881282,1
16:22:55,3.209,3.231829,58.82993937,36.41382158,1
16:22:56,3.209,3.231726,58.82326365,36.35924459,1
16:22:57,3.209,3.231624,58.81658792,36.30507588,1
16:22:58,3.209,3.231523,58.8099122,36.25131249,1
16:22:59,3.209,3.231422,58.80323648,36.19791865,1
16:23:00,3.209,3.231323,58.79656076,36.14494503,1
16:23:01,3.209,3.231224,58.78988504,36.09235883,1
16:23:02,3.209,3.231127,58.78320932,36.04012728,1
16:23:03,3.209,3.231029,58.7765336,35.98827422,1
16:23:04,3.209,3.230933,58.76985788,35.93682051,1
16:23:05,3.209,3.230837,58.76318216,35.88573635,1
16:23:06,3.209,3.230742,58.75650644,35.83498895,1
16:23:07,3.209,3.230648,58.74983072,35.78460217,1
16:23:08,3.209,3.230555,58.743155,35.73457003,1
16:23:09,3.209,3.230462,58.73647928,35.68491638,1
16:23:10,3.209,3.23037,58.72980356,35.63560843,1
16:23:11,3.209,3.230278,58.72312784,35.5866164,1
16:23:12,3.209,3.230188,58.71645212,35.53796411,1
16:23:13,3.209,3.230097,58.7097764,35.48966944,1
16:23:14,3.209,3.230008,58.70310068,35.44168174,1
16:23:15,3.209,3.229919,58.69642496,35.39402187,1
16:23:16,3.209,3.229831,58.68974924,35.3467077,1
16:23:17,3.209,3.229743,58.68307352,35.2997154,1
16:23:18,3.209,3.229656,58.6763978,35.25303602,1
16:23:19,3.209,3.229569,58.66972208,35.20664871,1
16:23:20,3.209,3.229483,58.66304636,35.16056836,1
16:23:21,3.209,3.229398,58.65637064,35.11479497,1
16:23:22,3.209,3.229313,58.64969492,35.06934643,1
16:23:23,3.209,3.229228,58.6430192,35.0235194,1
16:23:24,3.209,3.229143,58.63634348,34.9771589,1
16:23:25,3.209,3.22905,58.62966776,34.93032,1
16:23:26,3.209,3.228953,58.62299204,34.88300443,1
16:23:27,3.208,3.228855,58.61631632,34.83359516,1
16:23:28,3.209,3.228749,58.6096406,34.78663862,1
16:23:29,3.209,3.228651,58.60296488,34.74006355,1
16:23:30,3.208,3.228555,58.59628916,34.69184339,1
16:23:31,3.209,3.228451,58.58961344,34.64603126,1
16:23:32,3.208,3.228356,58.58293772,34.59858298,1
16:23:33,3.208,3.228254,58.576262,34.55151916,1
16:23:34,3.208,3.228152,58.56958628,34.50483382,1
16:23:35,3.208,3.228052,58.56291056,34.45852101,1
16:23:36,3.208,3.227952,58.55623484,34.41257775,1
16:23:37,3.209,3.227854,58.54955912,34.36895609,1
16:23:38,3.208,3.227764,58.5428834,34.32371616,1
16:23:39,3.208,3.227667,58.53620768,34.27883089,1
16:23:40,3.208,3.227571,58.52953196,34.23429132,1
16:23:41,3.208,3.227476,58.52285624,34.19009745,1
16:23:42,3.208,3.227381,58.51618052,34.14624035,1
16:23:43,3.208,3.227288,58.5095048,34.10271704,1
16:23:44,3.208,3.227194,58.50282907,34.05952,1
16:23:45,3.208,3.227102,58.49615335,34.01665688,1
16:23:46,3.208,3.227011,58.48947763,33.97411108,1
16:23:47,3.208,3.22692,58.48280191,33.93188119,1
16:23:48,3.208,3.22683,58.47612619,33.88996422,1
16:23:49,3.208,3.226741,58.46945047,33.84835422,1
16:23:50,3.208,3.226652,58.46277475,33.80705118,1
16:23:51,3.208,3.226564,58.45609903,33.76604915,1
16:23:52,3.208,3.226477,58.44942331,33.72534215,1
16:23:53,3.208,3.226391,58.44274759,33.68493021,1
16:23:54,3.208,3.226305,58.43607187,33.64480734,1
16:23:55,3.208,3.226219,58.42939615,33.60497057,1
16:23:56,3.208,3.226134,58.42272043,33.56541693,1
16:23:57,3.208,3.22605,58.41604471,33.52614343,1
16:23:58,3.208,3.225966,58.40936899,33.48714411,1
16:23:59,3.208,3.225884,58.40269327,33.44841897,1
16:24:00,3.208,3.225802,58.39601755,33.40996206,1
16:24:01,3.208,3.22572,58.38934183,33.37177336,1
16:24:02,3.208,3.225639,58.38266611,33.33384693,1
16:24:03,3.208,3.225558,58.37599039,33.29617977,1
16:24:04,3.208,3.225478,58.36931467,33.25876892,1
16:24:05,3.208,3.225399,58.36263895,33.22161436,1
16:24:06,3.208,3.22532,58.35596323,33.18471014,1
16:24:07,3.208,3.225241,58.34928751,33.14805329,1
16:24:08,3.208,3.225163,58.34261179,33.11164379,1
16:24:09,3.208,3.225085,58.33593607,33.07547569,1
16:24:10,3.207,3.225009,58.32926035,33.0378294,1
16:24:11,3.207,3.224925,58.32258463,33.00043941,1
16:24:12,3.207,3.224841,58.31590891,32.96330273,1
16:24:13,3.207,3.224759,58.30923319,32.9264164,1
16:24:14,3.207,3.224677,58.30255747,32.8897804,1
16:24:15,3.207,3.224595,58.29588175,32.85338879,1
16:24:16,3.207,3.224514,58.28920603,32.81723857,1
16:24:17,3.206,3.224434,58.28253031,32.77965188,1
16:24:18,3.206,3.224347,58.27585459,32.74231851,1
16:24:19,3.206,3.224261,58.26917887,32.70523846,1
16:24:20,3.206,3.224175,58.26250315,32.66840577,1
16:24:21,3.206,3.224091,58.25582743,32.63182044,1
16:24:22,3.205,3.224007,58.24915171,32.59383142,1
16:24:23,3.205,3.223916,58.24247599,32.5560987,1
16:24:24,3.205,3.223826,58.23580027,32.51862228,1
16:24:25,3.205,3.223737,58.22912455,32.4813962,1
16:24:26,3.205,3.223649,58.22244883,32.44442046,1
16:24:27,3.204,3.223561,58.21577311,32.40607083,1
16:24:28,3.204,3.223467,58.20909739,32.36798048,1
16:24:29,3.204,3.223374,58.20242167,32.33014643,1
16:24:30,3.204,3.223282,58.19574594,32.2925657,1
16:24:31,3.204,3.223191,58.18907022,32.25523531,1
16:24:32,3.204,3.223101,58.1823945,32.21815228,1
16:24:33,3.204,3.223011,58.17571878,32.18131363,1
16:24:34,3.204,3.222923,58.16904306,32.14471638,1
16:24:35,3.204,3.222835,58.16236734,32.10835755,1
16:24:36,3.204,3.222748,58.15569162,32.07223415,1
16:24:37,3.204,3.222661,58.1490159,32.03634322,1
16:24:38,3.203,3.222576,58.14234018,31.99912012,1
16:24:39,3.203,3.222484,58.13566446,31.96214139,1
16:24:40,3.203,3.222393,58.12898874,31.92540109,1
16:24:41,3.203,3.222303,58.12231302,31.88889921,1
16:24:42,3.203,3.222213,58.1156373,31.85263276,1
16:24:43,3.203,3.222125,58.10896158,31.81659877,1
16:24:44,3.203,3.222038,58.10228586,31.78079128,1
16:24:45,3.202,3.221953,58.09561014,31.74368441,1
16:24:46,3.203,3.221865,58.08893442,31.70832992,1
16:24:47,3.202,3.221783,58.0822587,31.67167604,1
16:24:48,3.202,3.221696,58.07558298,31.63525164,1
16:24:49,3.202,3.221609,58.06890726,31.59905374,1
16:24:50,3.202,3.221522,58.06223154,31.56308234,1
16:24:51,3.202,3.221436,58.05555582,31.52733445,1
16:24:52,3.202,3.22135,58.0488801,31.49181008,1
16:24:53,3.202,3.221265,58.04220438,31.45650625,1
16:24:54,3.202,3.221181,58.03552866,31.42141998,1
16:24:55,3.202,3.221097,58.02885294,31.38655126,1
16:24:56,3.202,3.221013,58.02217722,31.35189712,1
16:24:57,3.202,3.22093,58.0155015,31.31745756,1
16:24:58,3.202,3.220847,58.00882578,31.28322959,1
16:24:59,3.202,3.220764,58.00215006,31.24921024,1
16:25:00,3.202,3.220682,57.99547434,31.2153995,1
16:25:01,3.202,3.220601,57.98879862,31.1817944,1
16:25:02,3.202,3.22052,57.9821229,31.14839494,1
16:25:03,3.202,3.22044,57.97544718,31.1152,1
16:25:04,3.202,3.22036,57.96877146,31.08220398,1
16:25:05,3.202,3.22028,57.96209574,31.04940951,1
16:25:06,3.202,3.2202,57.95542002,31.01681173,1
16:25:07,3.202,3.220122,57.9487443,30.98441064,1
16:25:08,3.202,3.220043,57.94206858,30.95220625,1
16:25:09,3.202,3.219965,57.93539286,30.9201926,1
16:25:10,3.202,3.219887,57.92871714,30.88837266,1
16:25:11,3.202,3.21981,57.92204142,30.85674345,1
16:25:12,3.202,3.219733,57.9153657,30.825302,1
16:25:13,3.202,3.219657,57.90868998,30.79404533,1
16:25:14,3.202,3.219581,57.90201426,30.76297641,1
16:25:15,3.202,3.219506,57.89533854,30.73208928,1
16:25:16,3.202,3.219431,57.88866282,30.70138395,1
16:25:17,3.202,3.219356,57.88198709,30.67086041,1
16:25:18,3.202,3.219281,57.87531137,30.64051569,1
16:25:19,3.202,3.219208,57.86863565,30.61034977,1
16:25:20,3.202,3.219134,57.86195993,30.5803597,1
16:25:21,3.202,3.219061,57.85528421,30.55054247,1
16:25:22,3.202,3.218988,57.84860849,30.5208981,1
16:25:23,3.202,3.218916,57.84193277,30.49142361,1
16:25:24,3.202,3.218844,57.83525705,30.46212,1
16:25:25,3.202,3.218772,57.82858133,30.43299,1
16:25:26,3.202,3.218701,57.82190561,30.40401936,1
16:25:27,3.202,3.21863,57.81522989,30.37521839,1
16:25:28,3.202,3.21856,57.80855417,30.34658134,1
16:25:29,3.202,3.21849,57.80187845,30.31810522,1
16:25:30,3.202,3.21842,57.79520273,30.28979003,1
16:25:31,3.202,3.218351,57.78852701,30.26163578,1
16:25:32,3.202,3.218282,57.78185129,30.23363948,1
16:25:33,3.202,3.218213,57.77517557,30.20580113,1
16:25:34,3.202,3.218145,57.76849985,30.17812,1
16:25:35,3.202,3.218077,57.76182413,30.15058637,1
16:25:36,3.202,3.21801,57.75514841,30.12320995,1
16:25:37,3.202,3.217943,57.74847269,30.09598553,1
16:25:38,3.202,3.217876,57.74179697,30.06891012,1
16:25:39,3.202,3.21781,57.73512125,30.04198372,1
16:25:40,3.202,3.217744,57.72844553,30.01520336,1
16:25:41,3.202,3.217678,57.72176981,29.98856902,1
16:25:42,3.202,3.217613,57.71509409,29.96208072,1
16:25:43,3.202,3.217548,57.70841837,29.93573546,1
16:25:44,3.202,3.217483,57.70174265,29.90953326,1
16:25:45,3.202,3.217419,57.69506693,29.88347113,1
16:25:46,3.202,3.217355,57.68839121,29.85754907,1
16:25:47,3.202,3.217292,57.68171549,29.8317641,1
16:25:48,3.202,3.217228,57.67503977,29.80611622,1
16:25:49,3.202,3.217165,57.66836405,29.78060544,1
16:25:50,3.202,3.217103,57.66168833,29.75522876,1
16:25:51,3.202,3.217041,57.65501261,29.72999,1
16:25:52,3.202,3.216979,57.64833689,29.70487773,1
16:25:53,3.202,3.216917,57.64166117,29.67990041,1
16:25:54,3.202,3.216856,57.63498545,29.65505123,1
16:25:55,3.202,3.216795,57.62830973,29.63033319,1
16:25:56,3.202,3.216735,57.62163401,29.60574031,1
16:25:57,3.202,3.216674,57.61495829,29.58127558,1
16:25:58,3.202,3.216614,57.60828257,29.55693603,1
16:25:59,3.202,3.216555,57.60160685,29.53272164,1
16:26:00,3.202,3.216496,57.59493113,29.50862944,1
16:26:01,3.202,3.216437,57.58825541,29.48465943,1
16:26:02,3.202,3.216378,57.58157969,29.46081,1
16:26:03,3.202,3.21632,57.57490396,29.43708301,1
16:26:04,3.202,3.216262,57.56822824,29.41347361,1
16:26:05,3.202,3.216204,57.56155252,29.38998342,1
16:26:06,3.202,3.216146,57.5548768,29.36660945,1
16:26:07,3.202,3.216089,57.54820108,29.34335172,1
16:26:08,3.202,3.216032,57.54152536,29.32020724,1
16:26:09,3.202,3.215976,57.53484964,29.29717898,1
16:26:10,3.202,3.215919,57.52817392,29.274261,1
16:26:11,3.202,3.215863,57.5214982,29.25145626,1
16:26:12,3.202,3.215808,57.51482248,29.22876179,1
16:26:13,3.202,3.215752,57.50814676,29.20617759,1
16:26:14,3.202,3.215697,57.50147104,29.18370366,1
16:26:15,3.202,3.215642,57.49479532,29.16133702,1
16:26:16,3.202,3.215588,57.4881196,29.13907766,1
16:26:17,3.202,3.215533,57.48144388,29.1169256,1
16:26:18,3.202,3.215479,57.47476816,29.09487784,1
16:26:19,3.202,3.215426,57.46809244,29.07293439,1
16:26:20,3.202,3.215372,57.46141672,29.05109525,1
16:26:21,3.202,3.215319,57.454741,29.02935743,1
16:26:22,3.202,3.215266,57.44806528,29.00772393,1
16:26:23,3.202,3.215213,57.44138956,28.98618877,1
16:26:24,3.202,3.215161,57.43471384,28.96475494,1
16:26:25,3.202,3.215109,57.42803812,28.94341946,1
16:26:26,3.202,3.215057,57.4213624,28.92218232,1
16:26:27,3.202,3.215005,57.41468668,28.90104353,1
16:26:28,3.202,3.214954,57.40801096,28.88000309,1
16:26:29,3.202,3.214903,57.40133524,28.85905802,1
16:26:30,3.201,3.214852,57.39465952,28.83710563,1
16:26:31,3.202,3.214795,57.3879838,28.81635725,1
16:26:32,3.202,3.214745,57.38130808,28.79570127,1
16:26:33,3.201,3.214695,57.37463236,28.77404392,1
16:26:34,3.202,3.214639,57.36795664,28.75357866,1
16:26:35,3.201,3.21459,57.36128092,28.73211801,1
16:26:36,3.202,3.214534,57.3546052,28.71184051,1
16:26:37,3.202,3.214486,57.34792948,28.69165242,1
16:26:38,3.201,3.214437,57.34125376,28.67047489,1
16:26:39,3.201,3.214382,57.33457804,28.64939272,1
16:26:40,3.201,3.214328,57.32790232,28.62840891,1
16:26:41,3.201,3.214275,57.3212266,28.60752046,1
16:26:42,3.201,3.214221,57.31455088,28.58672738,1
16:26:43,3.201,3.214168,57.30787516,28.56603,1
16:26:44,3.201,3.214115,57.30119944,28.54541838,1
16:26:45,3.201,3.214063,57.29452372,28.52490246,1
16:26:46,3.201,3.214011,57.287848,28.50447893,1
16:26:47,3.201,3.213959,57.28117228,28.48414481,1
16:26:48,3.201,3.213907,57.27449656,28.46390009,1
16:26:49,3.201,3.213856,57.26782084,28.44375074,1
16:26:50,3.201,3.213805,57.26114511,28.42368186,1
16:26:51,3.201,3.213755,57.25446939,28.40370238,1
16:26:52,3.201,3.213704,57.24779367,28.38380933,1
16:26:53,3.201,3.213654,57.24111795,28.3640027,1
16:26:54,3.201,3.213604,57.23444223,28.34427953,1
16:26:55,3.201,3.213555,57.22776651,28.3246398,1
16:26:56,3.201,3.213506,57.22109079,28.30508649,1
16:26:57,3.201,3.213457,57.21441507,28.28561366,1
16:26:58,3.201,3.213408,57.20773935,28.26622427,1
16:26:59,3.201,3.21336,57.20106363,28.24691534,1
16:27:00,3.201,3.213312,57.19438791,28.22768688,1
16:27:01,3.201,3.213264,57.18771219,28.20853889,1
16:27:02,3.201,3.213216,57.18103647,28.18947136,1
16:27:03,3.201,3.213168,57.17436075,28.1704843,1
16:27:04,3.215,3.227747,57.17436075,28.15762162,1
16:36:57,3.215,3.24021,57.17436075,28.04874182,1
16:36:58,3.216,3.236035,57.17436075,27.97392905,1
16:36:59,3.216,3.2334,57.17436075,27.91609168,1
16:37:00,3.216,3.231552,57.17436075,27.86903977,1
16:37:01,3.216,3.230206,57.17436075,27.82922685,1
16:37:02,3.216,3.229202,57.17436075,27.79446542,1
16:37:03,3.216,3.228438,57.17436075,27.7633369,1
16:37:04,3.216,3.227851,57.17436075,27.73487568,1
16:37:05,3.217,3.227397,57.17436075,27.71071792,1
16:37:06,3.219,3.2271,57.17436075,27.69238651,1
16:37:07,3.221,3.226977,57.17436075,27.6791364,1
16:37:08,3.223,3.226988,57.17436075,27.67043,1
16:37:09,3.223,3.227105,57.17436075,27.66157389,1
16:37:10,3.223,3.227227,57.17436075,27.65252888,1
16:37:11,3.223,3.227352,57.17436075,27.64326334,1
16:37:12,3.223,3.22748,57.17436075,27.63375342,1
16:37:13,3.223,3.22761,57.17436075,27.6239723,1
16:37:14,3.224,3.227741,57.17436075,27.616027,1
16:37:15,3.224,3.227901,57.17436075,27.60771811,1
16:37:16,3.224,3.228058,57.17436075,27.59903967,1
16:37:17,3.224,3.228212,57.17436075,27.58998573,1
16:37:18,3.224,3.228364,57.17436075,27.58055329,1
16:37:19,3.224,3.228513,57.17436075,27.57073343,1
16:37:20,3.224,3.22866,57.17436075,27.56052315,1
16:37:21,3.224,3.228803,57.17436075,27.54992247,1
16:37:22,3.224,3.228944,57.17436075,27.53892243,1
16:37:24,3.224,3.229082,57.17436075,27.52752602,1
16:37:24,3.224,3.229217,57.17436075,27.51573026,1
16:37:25,3.224,3.229349,57.17436075,27.50353217,1
16:37:26,3.224,3.229478,57.17436075,27.49094665,1
16:37:27,3.224,3.229605,57.17436075,27.47794986,1
16:37:28,3.224,3.229728,57.17436075,27.46455669,1
16:37:29,3.224,3.229848,57.17436075,27.45077014,1
16:37:30,3.224,3.229966,57.17436075,27.43659,1
16:37:31,3.224,3.23008,57.17436075,27.42203474,1
16:37:32,3.224,3.230191,57.17436075,27.40708292,1
16:37:33,3.224,3.230299,57.17436075,27.3917526,1
16:37:34,3.224,3.230404,57.17436075,27.37604976,1
16:37:35,3.224,3.230506,57.17436075,27.35998034,1
16:37:36,3.224,3.230605,57.17436075,27.34355032,1
16:37:37,3.224,3.230701,57.17436075,27.32676864,1
16:37:38,3.224,3.230794,57.17436075,27.30964124,1
16:37:39,3.224,3.230884,57.17436075,27.29217708,1
16:37:40,3.224,3.23097,57.17436075,27.27438509,1
16:37:41,3.224,3.231054,57.17436075,27.25627124,1
16:37:43,3.224,3.231135,57.17436075,27.23784745,1
16:37:43,3.225,3.231213,57.17436075,27.22172141,1
16:37:44,3.225,3.231299,57.17436075,27.20528841,1
16:37:45,3.225,3.231381,57.17436075,27.18855739,1
16:37:46,3.225,3.231461,57.17436075,27.17153728,1
16:37:47,3.225,3.231537,57.17436075,27.15424001,1
16:37:48,3.226,3.231611,57.17436075,27.13933289,1
16:37:49,3.226,3.231691,57.17436075,27.12415457,1
16:37:50,3.227,3.231769,57.17436075,27.11139,1
16:37:51,3.228,3.231854,57.17436075,27.10103691,1
16:37:52,3.228,3.231946,57.17436075,27.09041,1
16:37:53,3.229,3.232034,57.17436075,27.0822,1
16:37:54,3.228,3.232129,57.17436075,27.07101405,1
16:37:55,3.229,3.23221,57.17436075,27.06229091,1
16:37:56,3.229,3.232298,57.17436075,27.05330551,1
16:37:57,3.228,3.232383,57.17436075,27.04134285,1
16:37:58,3.202,3.20333,57.16100335,27.02434957,1
16:37:59,3.198,3.202894,57.14764595,26.99759007,1
16:38:00,3.194,3.202432,57.13428855,26.9611001,1
16:38:01,3.194,3.201946,57.12093115,26.92591548,1
16:38:02,3.194,3.201474,57.10757375,26.89200342,1
16:38:03,3.19,3.201018,57.09421635,26.84832,1
16:38:04,3.188,3.200536,57.08085895,26.80042684,1
16:38:05,3.187,3.200049,57.06750154,26.751104,1
16:38:06,3.187,3.199566,57.05414414,26.70309842,1
16:38:07,3.187,3.199098,57.04079,26.65637732,1
16:38:08,3.186,3.198643,57.02742934,26.60815418,1
16:38:09,3.186,3.198191,57.01407194,26.56118274,1
16:38:10,3.185,3.197752,57.00071454,26.5126735,1
16:38:11,3.184,3.197315,56.98735714,26.46262944,1
16:38:12,3.182,3.196882,56.97399974,26.40829682,1
16:38:14,3.181,3.196441,56.96064234,26.35245621,1
16:38:14,3.18,3.196002,56.94728494,26.29511356,1
16:38:15,3.18,3.195566,56.93392754,26.23901665,1
16:38:17,3.18,3.195142,56.92057014,26.18413568,1
16:38:17,3.18,3.194728,56.90721273,26.13044381,1
16:38:18,3.179,3.194325,56.89385533,26.07517838,1
16:38:19,3.18,3.193923,56.88049793,26.02380812,1
16:38:20,3.179,3.193541,56.86714053,25.97084343,1
16:38:21,3.179,3.193159,56.85378313,25.91896355,1
16:38:23,3.179,3.192788,56.84042573,25.86816847,1
16:38:23,3.179,3.192425,56.82707,25.81843436,1
16:38:24,3.178,3.192071,56.81371093,25.76702833,1
16:38:25,3.177,3.191718,56.80035353,25.7139653,1
16:38:27,3.176,3.191363,56.78699613,25.65926015,1
16:38:27,3.175,3.191008,56.77363873,25.60292184,1
16:38:28,3.174,3.190652,56.76028132,25.54496825,1
16:38:29,3.174,3.190295,56.74692392,25.48808455,1
16:38:30,3.174,3.189947,56.73356652,25.43224692,1
16:38:31,3.173,3.189607,56.72020912,25.37477612,1
16:38:32,3.173,3.189265,56.70685172,25.31834,1
16:38:33,3.173,3.188932,56.69349432,25.26290417,1
16:38:34,3.173,3.188607,56.68013692,25.20845532,1
16:38:36,3.173,3.188288,56.66677952,25.1549691,1
16:38:36,3.173,3.187978,56.65342212,25.10242164,1
16:38:38,3.173,3.187674,56.64006472,25.05099475,1
16:38:38,3.173,3.187377,56.62670732,25.00139475,1
16:38:40,3.173,3.187092,56.61335,24.95351,1
16:38:40,3.173,3.186821,56.59999251,24.90720153,1
16:38:41,3.173,3.186558,56.58663511,24.86228347,1
16:38:42,3.173,3.186302,56.57327771,24.81801957,1
16:38:44,3.173,3.186052,56.55992031,24.77439791,1
16:38:45,3.172,3.185807,56.54656291,24.72909242,1
16:38:45,3.172,3.185559,56.53320551,24.68443,1
16:38:46,3.173,3.185316,56.51984811,24.6426791,1
16:38:47,3.172,3.185087,56.50649071,24.59924072,1
16:38:49,3.172,3.184854,56.49313331,24.55640733,1
16:38:49,3.172,3.184626,56.47977591,24.51416552,1
16:38:50,3.172,3.184403,56.4664185,24.47248548,1
16:38:51,3.172,3.184184,56.4530611,24.43139404,1
16:38:53,3.172,3.18397,56.4397037,24.39085841,1
16:38:53,3.172,3.18376,56.4263463,24.35086966,1
16:38:54,3.172,3.183555,56.4129889,24.31141585,1
16:38:55,3.172,3.183354,56.39963,24.27247018,1
16:38:57,3.172,3.183157,56.3862741,24.2340371,1
16:38:58,3.171,3.182964,56.3729167,24.19386506,1
16:38:58,3.171,3.182766,56.3595593,24.15422797,1
16:38:59,3.17,3.182573,56.3462019,24.1128698,1
16:39:00,3.169,3.182375,56.3328445,24.06981438,1
16:39:02,3.169,3.182173,56.31948709,24.02727604,1
16:39:02,3.169,3.181974,56.30612969,23.98528159,1
16:39:03,3.168,3.18178,56.29277229,23.94158393,1
16:39:05,3.168,3.181581,56.27941489,23.89841676,1
16:39:05,3.168,3.181386,56.26605749,23.85578752,1
16:39:07,3.167,3.181194,56.25270009,23.81148785,1
16:39:07,3.167,3.180998,56.23934269,23.76771122,1
16:39:08,3.167,3.180805,56.22598529,23.72445017,1
16:39:10,3.166,3.180617,56.21262789,23.6795336,1
16:39:11,3.166,3.180423,56.19927049,23.63513708,1
16:39:11,3.166,3.180233,56.18591,23.59124869,1
16:39:12,3.165,3.180046,56.17255569,23.54572266,1
16:39:14,3.165,3.179855,56.15919828,23.50071073,1
16:39:15,3.165,3.179667,56.14584088,23.45618457,1
16:39:15,3.165,3.179482,56.13248348,23.41215461,1
16:39:16,3.165,3.179302,56.11912608,23.36862981,1
16:39:18,3.165,3.179123,56.10576868,23.32558185,1
16:39:19,3.165,3.178948,56.09241128,23.28300178,1
16:39:20,3.165,3.178777,56.07905388,23.24088067,1
16:39:20,3.165,3.178608,56.06569648,23.19920957,1
16:39:22,3.165,3.178442,56.05233908,23.15796465,1
16:39:23,3.165,3.178279,56.03898168,23.11715335,1
16:39:24,3.165,3.178118,56.02562428,23.07676971,1
16:39:24,3.165,3.177961,56.01226687,23.0368197,1
16:39:25,3.165,3.177806,55.99890947,22.99727947,1
16:39:27,3.165,3.177654,55.98555207,22.95814157,1
16:39:28,3.165,3.177504,55.97219,22.91939855,1
16:39:29,3.165,3.177357,55.95883727,22.88104296,1
16:39:29,3.165,3.177212,55.94547987,22.84306884,1
16:39:31,3.165,3.17707,55.93212247,22.80545,1
16:39:32,3.165,3.17693,55.91876507,22.76821733,1
16:39:33,3.165,3.176792,55.90540767,22.73134291,1
16:39:33,3.164,3.176657,55.89205027,22.69283384,1
16:39:35,3.165,3.176516,55.87869287,22.65667617,1
16:39:36,3.164,3.176384,55.86533546,22.61888534,1
16:39:37,3.165,3.176247,55.85197806,22.58341759,1
16:39:38,3.164,3.176121,55.83862066,22.54631817,1
16:39:38,3.164,3.175988,55.82526326,22.50956297,1
16:39:40,3.164,3.175857,55.81190586,22.47314602,1
16:39:41,3.164,3.175728,55.79854846,22.43706286,1
16:39:42,3.164,3.175601,55.78519106,22.40129262,1
16:39:42,3.164,3.175477,55.77183366,22.36584276,1
16:39:44,3.164,3.175354,55.75848,22.3307088,1
16:39:45,3.164,3.175232,55.74511886,22.2958982,1
16:39:46,3.164,3.175113,55.73176146,22.26137817,1
16:39:46,3.164,3.174996,55.71840405,22.22717106,1
16:39:48,3.164,3.17488,55.70504665,22.19325751,1
16:39:49,3.164,3.174767,55.69168925,22.15963155,1
16:39:50,3.164,3.174654,55.67833185,22.1262902,1
16:39:51,3.163,3.174543,55.66497445,22.0913589,1
16:39:51,3.163,3.174426,55.65161705,22.05670923,1
16:39:53,3.163,3.174311,55.63825965,22.02236354,1
16:39:54,3.163,3.174197,55.62490225,21.98830396,1
16:39:55,3.163,3.174086,55.61154485,21.95452452,1
16:39:55,3.163,3.173975,55.59818745,21.92102075,1
16:39:57,3.162,3.173866,55.58483005,21.8859598,1
16:39:58,3.162,3.173751,55.57147264,21.85118645,1
16:39:59,3.161,3.173637,55.55811524,21.81487828,1
16:40:00,3.161,3.173517,55.54476,21.77886814,1
16:40:01,3.161,3.173399,55.53140044,21.74315304,1
16:40:02,3.161,3.173283,55.51804304,21.70772702,1
16:40:02,3.16,3.173168,55.50468564,21.67079449,1
16:40:04,3.16,3.173047,55.49132824,21.63416147,1
16:40:05,3.16,3.172927,55.47797084,21.5978235,1
16:40:06,3.16,3.17281,55.46461344,21.5617612,1
16:40:07,3.159,3.172693,55.45125604,21.52421921,1
16:40:08,3.159,3.172571,55.43789864,21.48697823,1
16:40:08,3.159,3.17245,55.42454123,21.45003378,1
16:40:10,3.159,3.172331,55.41118383,21.41339481,1
16:40:11,3.159,3.172214,55.39782643,21.37704194,1
16:40:12,3.158,3.172098,55.38446903,21.3392362,1
16:40:13,3.158,3.171976,55.37111163,21.301727,1
16:40:14,3.158,3.171856,55.35775423,21.26450986,1
16:40:15,3.158,3.171737,55.34439683,21.22757882,1
16:40:16,3.158,3.17162,55.33104,21.1909309,1
16:40:17,3.158,3.171504,55.31768203,21.15455,1
16:40:18,3.158,3.171391,55.30432463,21.11845,1
16:40:19,3.158,3.171278,55.29096723,21.0826233,1
16:40:20,3.158,3.171167,55.27760983,21.04706168,1
16:40:21,3.158,3.171057,55.26425242,21.01175934,1
16:40:22,3.158,3.170949,55.25089502,20.97671479,1
16:40:23,3.158,3.170843,55.23753762,20.94192207,1
16:40:24,3.158,3.170737,55.22418022,20.90737969,1
16:40:25,3.158,3.170633,55.21082282,20.87308168,1
16:40:26,3.158,3.17053,55.19746542,20.83902508,1
16:40:27,3.158,3.170429,55.18410802,20.80520689,1
16:40:28,3.158,3.170329,55.17075062,20.77160925,1
16:40:29,3.158,3.170229,55.15739322,20.73824257,1
16:40:30,3.158,3.170132,55.14403582,20.70510387,1
16:40:31,3.158,3.170035,55.13067842,20.67220211,1
16:40:32,3.158,3.169939,55.11732,20.63952088,1
16:40:33,3.158,3.169845,55.10396361,20.60705572,1
16:40:34,3.158,3.169752,55.09060621,20.57480514,1
16:40:35,3.158,3.16966,55.07724881,20.54276,1
16:40:36,3.158,3.169569,55.06389141,20.5109328,1
16:40:37,3.158,3.169479,55.05053401,20.47930509,1
16:40:38,3.157,3.169389,55.03717661,20.44629306,1
16:40:39,3.158,3.169292,55.02381921,20.41507065,1
16:40:40,3.157,3.169203,55.01046181,20.38248181,1
16:40:41,3.157,3.169106,54.99710441,20.35010755,1
16:40:42,3.157,3.169011,54.98374701,20.31793445,1
16:40:43,3.157,3.168916,54.9703896,20.28596997,1
16:40:44,3.157,3.168822,54.9570322,20.25422454,1
16:40:45,3.157,3.16873,54.9436748,20.22268176,1
16:40:46,3.157,3.168638,54.9303174,20.19133866,1
16:40:47,3.157,3.168547,54.91696,20.16019225,1
16:40:48,3.157,3.168457,54.9036,20.12923062,1
16:40:49,3.157,3.168368,54.8902452,20.09847164,1
16:40:50,3.157,3.16828,54.8768878,20.06816715,1
16:40:51,3.157,3.168194,54.8635304,20.0385794,1
16:40:52,3.157,3.168109,54.850173,20.00966817,1
16:40:53,3.157,3.168027,54.8368156,19.98140216,1
16:40:54,3.157,3.167957,54.82345819,19.95375156,1
16:40:55,3.157,3.167889,54.81010079,19.92668062,1
16:40:56,3.156,3.167821,54.79674339,19.89896148,1
16:40:57,3.156,3.167748,54.78338599,19.87159699,1
16:40:58,3.155,3.167677,54.77002859,19.84312832,1
16:40:59,3.155,3.167599,54.75667119,19.81476694,1
16:41:00,3.18,3.195952,54.75667119,19.79578584,1
16:41:01,3.186,3.196276,54.75667119,19.78357136,1
16:41:02,3.187,3.19663,54.75667119,19.77214366,1
16:41:03,3.187,3.196982,54.75667119,19.76031065,1
16:41:04,3.187,3.197325,54.75667119,19.74807531,1
16:41:05,3.188,3.197659,54.75667119,19.73664016,1
16:41:06,3.194,3.197991,54.75667119,19.73192096,1
16:41:07,3.194,3.198354,54.75667119,19.72677857,1
16:41:08,3.194,3.198707,54.75667119,19.7212249,1
16:41:09,3.194,3.199052,54.75667119,19.71527487,1
16:41:10,3.194,3.199388,54.75667119,19.70893592,1
16:41:11,3.194,3.199716,54.75667119,19.70221996,1
16:41:12,3.194,3.200035,54.75667119,19.69513148,1
16:41:13,3.194,3.200346,54.75667119,19.68769282,1
16:41:14,3.194,3.200649,54.75667119,19.67990249,1
16:41:15,3.197,3.200945,54.75667119,19.67528611,1
16:41:16,3.2,3.201252,54.75667119,19.67382282,1
16:41:17,3.201,3.201572,54.75667119,19.67315525,1
16:41:18,3.201,3.20189,54.75667119,19.67211664,1
16:41:19,3.201,3.202201,54.75667119,19.67071891,1
16:41:20,3.201,3.202503,54.75667119,19.668971,1
16:41:21,3.202,3.202799,54.75667119,19.66804266,1
16:41:22,3.202,3.203093,54.75667119,19.66677457,1
16:41:23,3.202,3.20338,54.75667119,19.66517568,1
16:41:24,3.202,3.20366,54.75667119,19.66325492,1
16:41:25,3.202,3.203933,54.75667119,19.66102123,1
16:41:26,3.202,3.204199,54.75667119,19.65848505,1
16:41:27,3.202,3.204459,54.75667119,19.65565085,1
16:41:28,3.202,3.204712,54.75667119,19.65253204,1
16:41:29,3.202,3.204959,54.75667119,19.6491316,1
16:41:30,3.202,3.205199,54.75667119,19.64545995,1
16:41:31,3.202,3.205434,54.75667119,19.64152455,1
16:41:32,3.202,3.205662,54.75667119,19.63733286,1
16:41:33,3.202,3.205885,54.75667119,19.63289231,1
16:41:34,3.202,3.206102,54.75667119,19.62821335,1
16:41:35,3.202,3.206313,54.75667119,19.62329745,1
16:41:36,3.202,3.20652,54.75667119,19.61815357,1
16:41:37,3.202,3.206721,54.75667119,19.61278766,1
16:41:38,3.202,3.206917,54.75667119,19.60720718,1
16:41:39,3.202,3.207107,54.75667119,19.60141808,1
16:41:40,3.203,3.207293,54.75667119,19.59656328,1
16:41:41,3.204,3.207481,54.75667119,19.59262937,1
16:41:42,3.205,3.20767,54.75667119,19.58961636,1
16:41:43,3.206,3.207861,54.75667119,19.58751976,1
16:41:44,3.207,3.208054,54.75667119,19.58633363,1
16:41:45,3.207,3.208249,54.75667119,19.58493143,1
16:41:46,3.208,3.208439,54.75667119,19.58443969,1
16:41:47,3.208,3.20863,54.75667119,19.58373338,1
16:41:48,3.208,3.208817,54.75667119,19.58281994,1
16:41:49,3.208,3.208999,54.75667119,19.58170533,1
16:41:50,3.208,3.209177,54.75667119,19.58039254,1
16:41:51,3.208,3.209351,54.75667119,19.57888901,1
16:41:52,3.208,3.209519,54.75667119,19.57720071,1
16:41:53,3.208,3.209684,54.75667119,19.57533062,1
16:41:54,3.208,3.209845,54.75667119,19.57328618,1
16:41:55,3.208,3.210001,54.75667119,19.57107186,1
16:41:56,3.209,3.210154,54.75667119,19.56979632,1
16:41:57,3.209,3.21031,54.75667119,19.56835091,1
16:41:58,3.209,3.210461,54.75667119,19.5667401,1
16:41:59,3.209,3.210609,54.75667119,19.56496984,1
16:42:00,3.209,3.210753,54.75667119,19.56304312,1
16:42:01,3.209,3.210893,54.75667119,19.56096739,1
16:42:02,3.209,3.21103,54.75667119,19.55874264,1
16:42:03,3.209,3.211164,54.75667119,19.55637783,1
16:42:04,3.209,3.211294,54.75667119,19.55387443,1
16:42:05,3.209,3.211421,54.75667119,19.55123693,1
16:42:06,3.209,3.211544,54.75667119,19.54846829,1
16:42:07,3.209,3.211664,54.75667119,19.54557151,1
16:42:08,3.209,3.211782,54.75667119,19.54255,1
16:42:09,3.209,3.211896,54.75667119,19.53941137,1
16:42:10,3.209,3.212008,54.75667119,19.53615546,1
16:42:11,3.209,3.212116,54.75667119,19.5327878,1
16:42:12,3.209,3.212222,54.75667119,19.52930987,1
16:42:13,3.209,3.212325,54.75667119,19.52572912,1
16:42:14,3.209,3.212426,54.75667119,19.52204555,1
16:42:15,3.209,3.212524,54.75667119,19.51826364,1
16:42:16,3.209,3.212619,54.75667119,19.51438189,1
16:42:17,3.209,3.212712,54.75667119,19.51040626,1
16:42:18,3.209,3.212802,54.75667119,19.50633973,1
16:42:19,3.209,3.21289,54.75667119,19.50218529,1
16:42:20,3.209,3.212976,54.75667119,19.4979459,1
16:42:21,3.209,3.213059,54.75667119,19.49363,1
16:42:22,3.209,3.213141,54.75667119,19.48922575,1
16:42:23,3.209,3.21322,54.75667119,19.48474795,1
16:42:24,3.209,3.213297,54.75667119,19.48019415,1
16:42:25,3.209,3.213372,54.75667119,19.47557181,1
16:42:26,3.209,3.213445,54.75667119,19.47087646,1
16:42:27,3.209,3.213516,54.75667119,19.46611702,1
16:42:28,3.209,3.213585,54.75667119,19.46129203,1
16:42:29,3.209,3.213653,54.75667119,19.45639998,1
16:42:30,3.209,3.213718,54.75667119,19.45144534,1
16:42:31,3.209,3.213782,54.75667119,19.44643557,1
16:42:32,3.209,3.213844,54.75667119,19.44136918,1
16:42:33,3.209,3.213904,54.75667119,19.43624318,1
16:42:34,3.209,3.213963,54.75667119,19.43106353,1
16:42:35,3.209,3.21402,54.75667119,19.4258377,1
16:42:36,3.209,3.214076,54.75667119,19.42056119,1
16:42:37,3.209,3.214129,54.75667119,19.41523254,1
16:42:38,3.209,3.214182,54.75667119,19.40986216,1
16:42:39,3.209,3.214233,54.75667119,19.40444708,1
16:42:40,3.209,3.214282,54.75667119,19.39898431,1
16:42:41,3.209,3.21433,54.75667119,19.39348131,1
16:42:42,3.209,3.214377,54.75667119,19.38793808,1
16:42:43,3.209,3.214422,54.75667119,19.38235611,1
16:42:44,3.209,3.214467,54.75667119,19.37673837,1
16:42:45,3.209,3.214509,54.75667119,19.37108487,1
16:42:46,3.209,3.214551,54.75667119,19.3653971,1
16:42:47,3.209,3.214592,54.75667119,19.35968101,1
16:42:48,3.209,3.214631,54.75667119,19.35393363,1
16:42:49,3.21,3.214669,54.75667119,19.34917569,1
16:42:50,3.21,3.214712,54.75667119,19.3443805,1
16:42:51,3.21,3.214754,54.75667119,19.33954507,1
16:42:52,3.21,3.214795,54.75667119,19.33467537,1
16:42:53,3.211,3.214835,54.75667119,19.33079,1
16:42:54,3.211,3.21488,54.75667119,19.32685971,1
16:42:55,3.211,3.214923,54.75667119,19.32289451,1
16:42:56,3.212,3.214966,54.75667119,19.31990087,1
16:42:57,3.212,3.215014,54.75667119,19.31686,1
16:42:58,3.212,3.21506,54.75667119,19.31378692,1
16:42:59,3.213,3.215106,54.75667119,19.31167245,1
16:43:00,3.213,3.215156,54.75667119,19.3095088,1
16:43:01,3.214,3.215205,54.75667119,19.30830181,1
16:43:02,3.214,3.21526,54.75667119,19.30704266,1
16:43:03,3.214,3.215312,54.75667119,19.30573285,1
16:43:04,3.214,3.215364,54.75667119,19.30437386,1
16:43:05,3.215,3.215414,54.75667119,19.3039611,1
16:43:06,3.215,3.215469,54.75667119,19.30349469,1
16:43:07,3.215,3.215523,54.75667119,19.30297464,1
16:43:08,3.215,3.215576,54.75667119,19.30240393,1
16:43:09,3.215,3.215627,54.75667119,19.30178255,1
16:43:10,3.215,3.215677,54.75667119,19.30111349,1
16:43:11,3.215,3.215726,54.75667119,19.30039674,1
16:43:12,3.215,3.215774,54.75667119,19.2996338,1
16:43:13,3.215,3.21582,54.75667119,19.29882616,1
16:43:14,3.215,3.215865,54.75667119,19.29797679,1
16:43:15,3.215,3.215909,54.75667119,19.29708421,1
16:43:16,3.215,3.215952,54.75667119,19.2961514,1
16:43:17,3.215,3.215994,54.75667119,19.29517835,1
16:43:18,3.215,3.216035,54.75667119,19.29416806,1
16:43:19,3.215,3.216075,54.75667119,19.2931205,1
16:43:20,3.215,3.216114,54.75667119,19.2920357,1
16:43:21,3.215,3.216151,54.75667119,19.29091662,1
16:43:22,3.215,3.216188,54.75667119,19.28976327,1
16:43:23,3.215,3.216224,54.75667119,19.28857565,1
16:43:24,3.215,3.216259,54.75667119,19.28735673,1
16:43:25,3.215,3.216293,54.75667119,19.28610653,1
16:43:26,3.215,3.216326,54.75667119,19.28482801,1
16:43:27,3.215,3.216359,54.75667119,19.2835182,1
16:43:28,3.215,3.21639,54.75667119,19.28218007,1
16:43:29,3.215,3.216421,54.75667119,19.28082,1
16:43:30,3.215,3.216451,54.75667119,19.27942336,1
16:43:31,3.215,3.21648,54.75667119,19.27800626,1
16:43:32,3.215,3.216508,54.75667119,19.27656382,1
16:43:33,3.174,3.173887,54.73663807,19.25664,1
16:43:34,3.169,3.173285,54.71660495,19.23251748,1
16:43:35,3.165,3.172667,54.69657183,19.20517981,1
16:43:36,3.163,3.172037,54.67653871,19.17655617,1
16:43:37,3.159,3.171408,54.65651,19.14474517,1
16:43:38,3.158,3.170768,54.63647246,19.11260933,1
16:43:39,3.157,3.170137,54.61643934,19.08013225,1
16:43:40,3.153,3.169513,54.59640622,19.04449314,1
16:43:41,3.152,3.168877,54.5763731,19.00853217,1
16:43:42,3.151,3.16825,54.55633998,18.97222996,1
16:43:43,3.15,3.167629,54.53630686,18.93560588,1
16:43:44,3.147,3.167016,54.51627374,18.89674813,1
16:43:45,3.145,3.166398,54.49624062,18.85662,1
16:43:46,3.143,3.16578,54.47620749,18.81524026,1
16:43:47,3.143,3.165163,54.45617437,18.77446771,1
16:43:48,3.143,3.164559,54.43614125,18.73428822,1
16:43:49,3.143,3.163969,54.41610813,18.69468838,1
16:43:50,3.143,3.163391,54.39607501,18.65564138,1
16:43:51,3.142,3.162825,54.37604189,18.61621588,1
16:43:52,3.14,3.162266,54.35600877,18.57547909,1
16:43:53,3.139,3.161705,54.33598,18.53436232,1
16:43:54,3.138,3.16115,54.31594253,18.49286258,1
16:43:55,3.136,3.160601,54.2959094,18.45005006,1
16:43:56,3.136,3.160051,54.27587628,18.40777695,1
16:43:57,3.136,3.159513,54.25584316,18.36604923,1
16:43:58,3.135,3.158986,54.23581004,18.3239162,1
16:43:59,3.135,3.158463,54.21577692,18.28227788,1
16:44:00,3.135,3.157952,54.1957438,18.24114025,1
16:44:01,3.134,3.157451,54.17571068,18.19958836,1
16:44:02,3.133,3.156955,54.15567756,18.15758944,1
16:44:03,3.133,3.156463,54.13564444,18.11607033,1
16:44:04,3.132,3.15598,54.11561131,18.07412505,1
16:44:05,3.132,3.155502,54.09557819,18.03265,1
16:44:06,3.131,3.155034,54.07554507,17.99071282,1
16:44:07,3.131,3.154568,54.05551195,17.94921607,1
16:44:08,3.13,3.154113,54.03547883,17.90725291,1
16:44:09,3.129,3.153661,54.01545,17.86482185,1
16:44:10,3.129,3.153211,53.99541259,17.82282889,1
16:44:11,3.129,3.152771,53.97537947,17.78128147,1
16:44:12,3.129,3.152339,53.95534635,17.74013788,1
16:44:13,3.129,3.151917,53.93531322,17.69940406,1
16:44:14,3.128,3.151503,53.9152801,17.65816957,1
16:44:15,3.128,3.151091,53.89524698,17.61733443,1
16:44:16,3.128,3.150688,53.87521386,17.57688969,1
16:44:17,3.128,3.150292,53.85518074,17.53684431,1
16:44:18,3.128,3.149905,53.83514762,17.49717295,1
16:44:19,3.128,3.149525,53.8151145,17.45785326,1
16:44:20,3.127,3.149153,53.79508138,17.41799712,1
16:44:21,3.126,3.148782,53.77504826,17.37762094,1
16:44:22,3.126,3.148412,53.75501513,17.33758599,1
16:44:23,3.125,3.14805,53.73498201,17.29701012,1
16:44:24,3.124,3.147688,53.71494889,17.25589335,1
16:44:25,3.124,3.147328,53.69492,17.21512526,1
16:44:26,3.124,3.146974,53.67488265,17.17469841,1
16:44:27,3.123,3.146628,53.65484953,17.13373512,1
16:44:28,3.123,3.146281,53.63481641,17.09308922,1
16:44:29,3.123,3.145942,53.61478329,17.05277115,1
16:44:30,3.122,3.145609,53.59475017,17.01189131,1
16:44:31,3.122,3.145277,53.57471704,16.97133183,1
16:44:32,3.122,3.14495,53.55468392,16.93108678,1
16:44:33,3.122,3.14463,53.5346508,16.89114869,1
16:44:34,3.122,3.144316,53.51461768,16.85151309,1
16:44:35,3.122,3.144009,53.49458456,16.81218743,1
16:44:36,3.122,3.143707,53.47455144,16.77313745,1
16:44:37,3.122,3.14341,53.45451832,16.73437208,1
16:44:38,3.122,3.143119,53.4344852,16.69588387,1
16:44:39,3.122,3.142834,53.41445208,16.65766984,1
16:44:40,3.122,3.142554,53.39441895,16.61973596,1
16:44:41,3.122,3.142279,53.37439,16.58205092,1
16:44:42,3.121,3.142009,53.35435271,16.54375494,1
16:44:43,3.121,3.141738,53.33431959,16.50571674,1
16:44:44,3.121,3.141473,53.31428647,16.46793187,1
16:44:45,3.121,3.141212,53.29425335,16.43039584,1
16:44:46,3.121,3.140955,53.27422023,16.3931042,1
16:44:47,3.121,3.140704,53.25418711,16.35605246,1
16:44:48,3.121,3.140457,53.23415399,16.31923467,1
16:44:49,3.121,3.140214,53.21412086,16.28266126,1
16:44:50,3.12,3.139976,53.19408774,16.24543965,1
16:44:51,3.12,3.139736,53.17405462,16.20845944,1
16:44:52,3.12,3.1395,53.1540215,16.17169082,1
16:44:53,3.119,3.139268,53.13398838,16.13428444,1
16:44:54,3.119,3.139035,53.11395526,16.09710008,1
16:44:55,3.119,3.138805,53.09392214,16.06013328,1
16:44:56,3.118,3.13858,53.07388902,16.02252722,1
16:44:57,3.118,3.138352,53.05386,15.98515064,1
16:44:58,3.118,3.138128,53.03382277,15.94797373,1
16:44:59,3.118,3.137908,53.01378965,15.91100544,1
16:45:00,3.117,3.137692,52.99375653,15.87339193,1
16:45:01,3.117,3.137474,52.97372341,15.83599895,1
16:45:02,3.117,3.137259,52.95369029,15.79879671,1
16:45:03,3.117,3.137048,52.93365717,15.76179415,1
16:45:04,3.117,3.13684,52.91362405,15.72498828,1
16:45:05,3.117,3.136636,52.89359093,15.68838805,1
16:45:06,3.117,3.136436,52.87355781,15.65197706,1
16:45:07,3.116,3.136238,52.85352468,15.6148985,1
16:45:08,3.116,3.136038,52.83349156,15.57800919,1
16:45:09,3.116,3.135842,52.81345844,15.54131806,1
16:45:10,3.116,3.135648,52.79342532,15.50479829,1
16:45:11,3.115,3.135457,52.7733922,15.46763331,1
16:45:12,3.115,3.135264,52.75335908,15.43063819,1
16:45:13,3.115,3.135074,52.73333,15.39383531,1
16:45:14,3.115,3.134887,52.71329284,15.35719633,1
16:45:15,3.115,3.134702,52.69325972,15.3207317,1
16:45:16,3.115,3.134521,52.67322659,15.28445035,1
16:45:17,3.114,3.134343,52.65319347,15.24749398,1
16:45:18,3.114,3.134161,52.63316035,15.21070898,1
16:45:19,3.114,3.133982,52.61312723,15.17410427,1
16:45:20,3.114,3.133807,52.59309411,15.13766646,1
16:45:21,3.114,3.133634,52.57306099,15.10137916,1
16:45:22,3.114,3.133463,52.55302787,15.06413221,1
16:45:23,3.114,3.133293,52.53299475,15.02482444,1
16:45:24,3.114,3.133123,52.51296163,14.98340815,1
16:45:25,3.114,3.132907,52.4929285,14.93988484,1
16:45:26,3.114,3.132682,52.47289538,14.89424855,1
16:45:27,3.114,3.132454,52.45286226,14.84795213,1
16:45:28,3.114,3.132226,52.43282914,14.80211914,1
16:45:29,3.114,3.132002,52.4128,14.75676,1
16:45:30,3.114,3.131782,52.3927629,14.71184045,1
16:45:31,3.114,3.131565,52.37272978,14.66736197,1
16:45:32,3.114,3.131351,52.35269666,14.62331265,1
16:45:33,3.114,3.131141,52.33266354,14.57969397,1
16:45:34,3.114,3.130934,52.31263041,14.53648508,1
16:45:35,3.114,3.13073,52.29259729,14.49367702,1
16:45:36,3.114,3.13053,52.27256417,14.45125043,1
16:45:37,3.114,3.130332,52.25253105,14.40921575,1
16:45:38,3.114,3.130137,52.23249793,14.36755508,1
16:45:39,3.113,3.129945,52.21246481,14.32491541,1
16:45:40,3.113,3.129748,52.19243169,14.28266168,1
16:45:41,3.113,3.129553,52.17239857,14.24077451,1
16:45:42,3.114,3.129361,52.15236545,14.20056075,1
16:45:43,3.113,3.12918,52.13233232,14.15937394,1
16:45:44,3.113,3.128994,52.1122992,14.11852092,1
16:45:45,3.113,3.12881,52.09227,14.0780136,1
16:45:46,3.113,3.128628,52.07223296,14.03782815,1
16:45:47,3.113,3.12845,52.05219984,13.9979735,1
16:45:48,3.113,3.128273,52.03216672,13.95843625,1
16:45:49,3.113,3.128099,52.0121336,13.9192,1
16:45:50,3.113,3.127927,51.99210048,13.88027519,1
16:45:51,3.113,3.127758,51.97206736,13.84163946,1
16:45:52,3.113,3.127591,51.95203424,13.80330324,1
16:45:53,3.113,3.127425,51.93200111,13.76525313,1
16:45:54,3.113,3.127263,51.91196799,13.7274757,1
16:45:55,3.113,3.127102,51.89193487,13.68997395,1
16:45:56,3.113,3.126943,51.87190175,13.65274936,1
16:45:57,3.113,3.126786,51.85186863,13.61578256,1
16:45:58,3.113,3.126631,51.83183551,13.57907504,1
16:45:59,3.112,3.126478,51.81180239,13.54141086,1
16:46:00,3.112,3.126319,51.79176927,13.50401193,1
16:46:01,3.112,3.126161,51.77174,13.46687376,1
16:46:02,3.112,3.126006,51.75170302,13.42999041,1
16:46:03,3.112,3.125853,51.7316699,13.3933574,1
16:46:04,3.151,3.168435,51.7316699,13.37254792,1
16:46:05,3.157,3.168977,51.7316699,13.35830092,1
16:46:06,3.158,3.169551,51.7316699,13.34461421,1
16:46:07,3.16,3.170117,51.7316699,13.33267838,1
16:46:08,3.164,3.170683,51.7316699,13.32481951,1
16:46:09,3.165,3.171264,51.7316699,13.31748366,1
16:46:10,3.165,3.171838,51.7316699,13.3095,1
16:46:11,3.165,3.172396,51.7316699,13.30090165,1
16:46:12,3.167,3.17294,51.7316699,13.29402328,1
16:46:13,3.172,3.173484,51.7316699,13.29231113,1
16:46:14,3.172,3.174052,51.7316699,13.28995,1
16:46:15,3.172,3.174605,51.7316699,13.28696907,1
16:46:16,3.173,3.175143,51.7316699,13.28452229,1
16:46:17,3.173,3.175675,51.7316699,13.28147948,1
16:46:18,3.173,3.176192,51.7316699,13.27785999,1
16:46:19,3.173,3.176696,51.7316699,13.27368468,1
16:46:20,3.173,3.177186,51.7316699,13.26897293,1
16:46:21,3.174,3.177664,51.7316699,13.2648617,1
16:46:22,3.176,3.178136,51.7316699,13.26247454,1
16:46:23,3.179,3.178611,51.7316699,13.26290816,1
16:46:24,3.179,3.179096,51.7316699,13.26280236,1
16:46:25,3.179,3.179568,51.7316699,13.26217353,1
16:46:26,3.179,3.180028,51.7316699,13.26103956,1
16:46:27,3.18,3.180476,51.7316699,13.26051652,1
16:46:28,3.18,3.180919,51.7316699,13.25950921,1
16:46:29,3.18,3.181351,51.7316699,13.2580325,1
16:46:30,3.18,3.181772,51.7316699,13.2561028,1
16:46:31,3.18,3.182181,51.7316699,13.25373501,1
16:46:32,3.18,3.18258,51.7316699,13.25094402,1
16:46:33,3.18,3.182968,51.7316699,13.24774176,1
16:46:34,3.18,3.183346,51.7316699,13.24414313,1
16:46:35,3.18,3.183713,51.7316699,13.24016303,1
16:46:36,3.18,3.184071,51.7316699,13.23581338,1
16:46:37,3.18,3.18442,51.7316699,13.23110461,1
16:46:38,3.18,3.184759,51.7316699,13.22605163,1
16:46:39,3.182,3.185089,51.7316699,13.22278082,1
16:46:40,3.183,3.185425,51.7316699,13.2202208,1
16:46:41,3.184,3.18576,51.7316699,13.21836859,1
16:46:42,3.185,3.186093,51.7316699,13.21722269,1
16:46:43,3.186,3.186424,51.7316699,13.21677864,1
16:46:44,3.186,3.186755,51.7316699,13.21599185,1
16:46:45,3.186,3.187077,51.7316699,13.21487278,1
16:46:46,3.186,3.18739,51.7316699,13.21343184,1
16:46:47,3.186,3.187695,51.7316699,13.21168,1
16:46:48,3.186,3.187993,51.7316699,13.20962459,1
16:46:49,3.186,3.188282,51.7316699,13.20728064,1
16:46:50,3.186,3.188563,51.7316699,13.20465356,1
16:46:51,3.186,3.188838,51.7316699,13.2017538,1
16:46:52,3.186,3.189105,51.7316699,13.19859,1
16:46:53,3.187,3.189365,51.7316699,13.19618821,1
16:46:54,3.186,3.189625,51.7316699,13.19251359,1
16:46:55,3.187,3.189871,51.7316699,13.18961233,1
16:46:56,3.187,3.190118,51.7316699,13.18646967,1
16:46:57,3.187,3.190358,51.7316699,13.18309605,1
16:46:58,3.187,3.190592,51.7316699,13.17949593,1
16:46:59,3.187,3.19082,51.7316699,13.17567676,1
16:47:00,3.187,3.191041,51.7316699,13.17165,1
16:47:01,3.187,3.191257,51.7316699,13.16741854,1
16:47:02,3.187,3.191467,51.7316699,13.16298991,1
16:47:03,3.187,3.191671,51.7316699,13.15837204,1
16:47:04,3.187,3.19187,51.7316699,13.15357089,1
16:47:05,3.187,3.192063,51.7316699,13.14859092,1
16:47:06,3.187,3.192251,51.7316699,13.14344257,1
16:47:07,3.173,3.178189,51.72499418,13.13169152,1
16:47:08,3.173,3.178127,51.71831846,13.12001348,1
16:47:09,3.173,3.178066,51.71164274,13.10840547,1
16:47:10,3.172,3.178006,51.70496702,13.09590042,1
16:47:11,3.172,3.17794,51.6982913,13.08347434,1
16:47:12,3.172,3.177875,51.69161558,13.07112575,1
16:47:13,3.171,3.177811,51.68493986,13.05788755,1
16:47:14,3.168,3.17774,51.67826414,13.04185688,1
16:47:15,3.166,3.177649,51.67158842,13.02401572,1
16:47:16,3.165,3.177546,51.6649127,13.00535,1
16:47:17,3.165,3.177436,51.65823698,12.98681647,1
16:47:18,3.165,3.177329,51.65156126,12.96841949,1
16:47:19,3.165,3.177223,51.64488554,12.95015216,1
16:47:20,3.165,3.177119,51.63820982,12.93201149,1
16:47:21,3.165,3.177016,51.6315341,12.91399747,1
16:47:22,3.165,3.176915,51.62485838,12.89610118,1
16:47:23,3.165,3.176816,51.61818266,12.87833005,1
16:47:24,3.165,3.176718,51.61150694,12.86067814,1
16:47:25,3.165,3.176621,51.60483122,12.84314394,1
16:47:26,3.165,3.176526,51.5981555,12.82572001,1
16:47:27,3.165,3.176433,51.59147978,12.80840933,1
16:47:28,3.165,3.176341,51.58480406,12.79121488,1
16:47:29,3.165,3.17625,51.57812834,12.77412474,1
16:47:30,3.165,3.176161,51.57145262,12.75714636,1
16:47:31,3.164,3.176072,51.5647769,12.73935288,1
16:47:32,3.164,3.175978,51.55810118,12.72166669,1
16:47:33,3.164,3.175886,51.55142546,12.70409673,1
16:47:34,3.164,3.175795,51.54474974,12.68663704,1
16:47:35,3.164,3.175705,51.53807402,12.66928315,1
16:47:36,3.164,3.175617,51.5313983,12.65203506,1
16:47:37,3.164,3.175529,51.52472258,12.6348868,1
16:47:38,3.164,3.175443,51.51804686,12.61784583,1
16:47:39,3.164,3.175359,51.51137114,12.60090023,1
16:47:40,3.164,3.175275,51.50469542,12.58405894,1
16:47:41,3.164,3.175193,51.4980197,12.567316,1
16:47:42,3.164,3.175111,51.49134398,12.55066,1
16:47:43,3.164,3.175031,51.48466825,12.53411174,1
16:47:44,3.164,3.174952,51.47799253,12.51765192,1
16:47:45,3.164,3.174874,51.47131681,12.50128448,1
16:47:46,3.164,3.174797,51.46464109,12.48500645,1
16:47:47,3.164,3.174721,51.45796537,12.46881336,1
16:47:48,3.163,3.174646,51.45128965,12.45182753,1
16:47:49,3.163,3.174565,51.44461393,12.43493631,1
16:47:50,3.163,3.174486,51.43793821,12.41813377,1
16:47:51,3.163,3.174407,51.43126249,12.40142807,1
16:47:52,3.163,3.174329,51.42458677,12.38481253,1
16:47:53,3.163,3.174252,51.41791105,12.3682864,1
16:47:54,3.163,3.174176,51.41123533,12.35184819,1
16:47:55,3.163,3.174102,51.40455961,12.33549267,1
16:47:56,3.163,3.174028,51.39788389,12.31922656,1
16:47:57,3.162,3.173955,51.39120817,12.30217218,1
16:47:58,3.162,3.173876,51.38453245,12.28520945,1
16:47:59,3.162,3.173798,51.37785673,12.26834133,1
16:48:00,3.161,3.173722,51.37118101,12.25069389,1
16:48:01,3.161,3.173639,51.36450529,12.23314628,1
16:48:02,3.161,3.173557,51.35782957,12.21569255,1
16:48:03,3.161,3.173476,51.35115385,12.19833121,1
16:48:04,3.16,3.173397,51.34447813,12.18020618,1
16:48:05,3.16,3.173312,51.33780241,12.16217354,1
16:48:06,3.16,3.173227,51.33112669,12.14423701,1
16:48:07,3.16,3.173144,51.32445097,12.12640032,1
16:48:08,3.16,3.173062,51.31777525,12.10865155,1
16:48:09,3.16,3.172981,51.31109953,12.09100038,1
16:48:10,3.16,3.172901,51.30442381,12.07343489,1
16:48:11,3.159,3.172822,51.29774809,12.05511615,1
16:48:12,3.159,3.172737,51.29107237,12.03689873,1
16:48:13,3.159,3.172653,51.28439665,12.01878,1
16:48:14,3.159,3.172571,51.27772093,12.00074628,1
16:48:15,3.159,3.172489,51.27104521,11.98280826,1
16:48:16,3.159,3.172409,51.26436949,11.96496114,1
16:48:17,3.159,3.172329,51.25769377,11.94719821,1
16:48:18,3.159,3.172251,51.25101805,11.92952842,1
16:48:19,3.159,3.172173,51.24434233,11.91194504,1
16:48:20,3.158,3.172096,51.23766661,11.89362183,1
16:48:21,3.158,3.172014,51.23099089,11.87539026,1
16:48:22,3.158,3.171932,51.22431517,11.85724437,1
16:48:23,3.158,3.171852,51.21763945,11.83919311,1
16:48:24,3.158,3.171772,51.21096373,11.82122529,1
16:48:25,3.158,3.171694,51.20428801,11.80334464,1
16:48:26,3.158,3.171616,51.19761229,11.78554967,1
16:48:27,3.158,3.17154,51.19093657,11.76783964,1
16:48:28,3.158,3.171464,51.18426085,11.75021902,1
16:48:29,3.158,3.171389,51.17758512,11.73267588,1
16:48:30,3.158,3.171315,51.1709094,11.71521917,1
16:48:31,3.158,3.171242,51.16423368,11.69784293,1
16:48:32,3.158,3.17117,51.15755796,11.68054193,1
16:48:33,3.158,3.171098,51.15088224,11.66332439,1
16:48:34,3.158,3.171028,51.14420652,11.64618433,1
16:48:35,3.158,3.170958,51.1375308,11.62912101,1
16:48:36,3.158,3.170889,51.13085508,11.61213294,1
16:48:37,3.158,3.170821,51.12417936,11.59522012,1
16:48:38,3.158,3.170753,51.11750364,11.57838106,1
16:48:39,3.158,3.170686,51.11082792,11.56161502,1
16:48:40,3.158,3.17062,51.1041522,11.54492125,1
16:48:41,3.158,3.170555,51.09747648,11.528299,1
16:48:42,3.158,3.17049,51.09080076,11.51174679,1
16:48:43,3.158,3.170426,51.08412504,11.49526462,1
16:48:44,3.158,3.170363,51.07744932,11.47884652,1
16:48:45,3.158,3.1703,51.0707736,11.46250144,1
16:48:46,3.158,3.170238,51.06409788,11.44622341,1
16:48:47,3.158,3.170176,51.05742216,11.43001243,1
16:48:48,3.158,3.170115,51.05074644,11.41386703,1
16:48:49,3.158,3.170055,51.04407072,11.39778718,1
16:48:50,3.158,3.169995,51.037395,11.38177142,1
16:48:51,3.158,3.169936,51.03071928,11.36581972,1
16:48:52,3.158,3.169877,51.02404356,11.34993136,1
16:48:53,3.158,3.169819,51.01736784,11.33410484,1
16:48:54,3.158,3.169762,51.01069212,11.31833643,1
16:48:55,3.158,3.169705,51.0040164,11.30263284,1
16:48:56,3.158,3.169648,50.99734068,11.28699034,1
16:48:57,3.158,3.169592,50.99066496,11.27140746,1
16:48:58,3.158,3.169537,50.98398924,11.25588343,1
16:48:59,3.158,3.169482,50.97731352,11.24041453,1
16:49:00,3.158,3.169427,50.9706378,11.22500747,1
16:49:01,3.158,3.169373,50.96396208,11.20965853,1
16:49:02,3.158,3.16932,50.95728636,11.19436622,1
16:49:03,3.158,3.169266,50.95061064,11.17912978,1
16:49:04,3.158,3.169214,50.94393492,11.1639455,1
16:49:05,3.158,3.169162,50.9372592,11.14881635,1
16:49:06,3.158,3.16911,50.93058348,11.13374,1
16:49:07,3.158,3.169058,50.92390776,11.11872643,1
16:49:08,3.158,3.169007,50.91723204,11.10376418,1
16:49:09,3.158,3.168957,50.91055632,11.08885482,1
16:49:10,3.158,3.168906,50.9038806,11.07399836,1
16:49:11,3.158,3.168856,50.89720488,11.05919033,1
16:49:12,3.158,3.168807,50.89052916,11.04443446,1
16:49:13,3.158,3.168758,50.88385344,11.02972999,1
16:49:14,3.158,3.168709,50.87717772,11.01507992,1
16:49:15,3.158,3.168661,50.870502,11.00047678,1
16:49:16,3.158,3.168613,50.86382627,10.98592356,1
16:49:17,3.158,3.168565,50.85715055,10.97142324,1
16:49:18,3.158,3.168518,50.85047483,10.95696837,1
16:49:19,3.158,3.168471,50.84379911,10.94256192,1
16:49:20,3.158,3.168424,50.83712339,10.92820764,1
16:49:21,3.158,3.168378,50.83044767,10.91389731,1
16:49:22,3.158,3.168332,50.82377195,10.89963466,1
16:49:23,3.158,3.168286,50.81709623,10.88542268,1
16:49:24,3.158,3.168241,50.81042051,10.87125391,1
16:49:25,3.158,3.168196,50.80374479,10.85713431,1
16:49:26,3.158,3.168151,50.79706907,10.84305719,1
16:49:27,3.158,3.168107,50.79039335,10.82902923,1
16:49:28,3.158,3.168062,50.78371763,10.815043,1
16:49:29,3.158,3.168018,50.77704191,10.80110446,1
16:49:30,3.158,3.167975,50.77036619,10.78720689,1
16:49:31,3.158,3.167931,50.76369047,10.773357,1
16:49:32,3.158,3.167888,50.75701475,10.75955033,1
16:49:33,3.158,3.167845,50.75033903,10.74578688,1
16:49:34,3.158,3.167803,50.74366331,10.73206663,1
16:49:35,3.158,3.16776,50.73698759,10.71838886,1
16:49:36,3.158,3.167718,50.73031187,10.70475057,1
16:49:37,3.158,3.167676,50.72363615,10.691154,1
16:49:38,3.158,3.167635,50.71696043,10.67760214,1
16:49:39,3.158,3.167593,50.71028471,10.664092,1
16:49:40,3.158,3.167552,50.70360899,10.65061986,1
16:49:41,3.158,3.167511,50.69693327,10.63719094,1
16:49:42,3.158,3.167471,50.69025755,10.62379926,1
16:49:43,3.158,3.16743,50.68358183,10.61045155,1
16:49:44,3.158,3.16739,50.67690611,10.59714332,1
16:49:45,3.158,3.16735,50.67023039,10.58387458,1
16:49:46,3.158,3.16731,50.66355467,10.57065,1
16:49:47,3.158,3.16727,50.65687895,10.55745184,1
16:49:48,3.158,3.167231,50.65020323,10.5442971,1
16:49:49,3.158,3.167192,50.64352751,10.53118333,1
16:49:50,3.158,3.167153,50.63685179,10.51810831,1
16:49:51,3.158,3.167114,50.63017607,10.50507128,1
16:49:52,3.158,3.167075,50.62350035,10.49206853,1
16:49:53,3.158,3.167037,50.61682463,10.47910601,1
16:49:54,3.158,3.166999,50.61014891,10.46618074,1
16:49:55,3.158,3.166961,50.60347319,10.45328975,1
16:49:56,3.158,3.166923,50.59679747,10.44043526,1
16:49:57,3.158,3.166885,50.59012175,10.42761952,1
16:49:58,3.158,3.166848,50.58344603,10.41483954,1
16:49:59,3.158,3.166811,50.57677031,10.40209606,1
16:50:00,3.158,3.166773,50.57009459,10.38938835,1
16:50:01,3.158,3.166736,50.56341887,10.37671268,1
16:50:02,3.158,3.1667,50.55674314,10.36407202,1
16:50:03,3.158,3.166663,50.55006742,10.35146937,1
16:50:04,3.158,3.166626,50.5433917,10.33890098,1
16:50:05,3.158,3.16659,50.53671598,10.32636762,1
16:50:06,3.158,3.166554,50.53004026,10.31387,1
16:50:07,3.158,3.166518,50.52336454,10.3014037,1
16:50:08,3.158,3.166482,50.51668882,10.28897241,1
16:50:09,3.158,3.166446,50.5100131,10.27657464,1
16:50:10,3.158,3.16641,50.50333738,10.26420742,1
16:50:11,3.158,3.166375,50.49666166,10.25187373,1
16:50:12,3.158,3.16634,50.48998594,10.2395758,1
16:50:13,3.158,3.166305,50.48331022,10.22730991,1
16:50:14,3.158,3.16627,50.4766345,10.2150768,1
16:50:15,3.158,3.166235,50.46995878,10.20287648,1
16:50:16,3.158,3.1662,50.46328306,10.19070521,1
16:50:17,3.158,3.166166,50.45660734,10.17856821,1
16:50:18,3.158,3.166131,50.44993162,10.16646326,1
16:50:19,3.158,3.166097,50.4432559,10.15438735,1
16:50:20,3.158,3.166063,50.43658018,10.14234275,1
16:50:21,3.158,3.166029,50.42990446,10.13033241,1
16:50:22,3.158,3.165995,50.42322874,10.11835039,1
16:50:23,3.158,3.165961,50.41655302,10.10640189,1
16:50:24,3.158,3.165927,50.4098773,10.09441093,1
16:50:25,3.158,3.165894,50.40320158,10.07936522,1
16:50:26,3.158,3.165852,50.39652586,10.06062329,1
16:50:27,3.158,3.165801,50.38985014,10.03754362,1
16:50:28,3.158,3.16574,50.38317442,10.00963375,1
16:50:29,3.158,3.165667,50.3764987,9.97678712,1
16:50:30,3.158,3.164818,50.36982298,9.942643344,1
16:50:31,3.158,3.163863,50.36314726,9.910009801,1
16:50:32,3.158,3.162956,50.35647154,9.880770743,1
16:50:33,3.158,3.16215,50.34979582,9.857148677,1
16:50:34,3.158,3.161504,50.3431201,9.837659448,1
16:50:35,3.158,3.160976,50.33644438,9.8211281,1
16:50:36,3.158,3.160532,50.32976866,9.806789458,1
16:50:37,3.158,3.160151,50.32309294,9.794120491,1
16:50:38,3.158,3.159817,50.31641722,9.78275314,1
16:50:39,3.158,3.159521,50.3097415,9.77242,1
16:50:40,3.158,3.159253,50.30306578,9.762923419,1
16:50:41,3.158,3.159008,50.29639006,9.754113108,1
16:50:42,3.158,3.158783,50.28971434,9.745872766,1
16:50:43,3.158,3.158574,50.28303862,9.738110751,1
16:50:44,3.158,3.158378,50.2763629,9.730755538,1
16:50:45,3.158,3.158194,50.26968718,9.723747522,1
16:50:46,3.158,3.158019,50.26301146,9.717039764,1
16:50:47,3.157,3.157852,50.25633574,9.709034115,1
16:50:48,3.158,3.157647,50.24966002,9.702884406,1
16:50:49,3.158,3.157495,50.24298429,9.696930647,1
16:50:50,3.158,3.157349,50.23630857,9.691149741,1
16:50:51,3.157,3.157208,50.22963285,9.684196115,1
16:50:52,3.157,3.157031,50.22295713,9.677477926,1
16:50:53,3.157,3.156861,50.21628141,9.670971334,1
16:50:54,3.158,3.156697,50.20960569,9.665851295,1
16:50:55,3.157,3.156574,50.20292997,9.659666568,1
16:50:56,3.157,3.156418,50.19625425,9.653641284,1
16:50:57,3.158,3.156267,50.18957853,9.64884907,1
16:50:58,3.157,3.156152,50.18290281,9.643065929,1
16:50:59,3.157,3.156008,50.17622709,9.637406468,1
16:51:00,3.157,3.155866,50.16955137,9.631860256,1
16:51:01,3.157,3.155728,50.16287565,9.626419097,1
16:51:02,3.157,3.155592,50.15619993,9.621074051,1
16:51:03,3.157,3.15546,50.14952421,9.615818411,1
16:51:04,3.157,3.155329,50.14284849,9.610646218,1
16:51:05,3.157,3.155201,50.13617277,9.605551,1
16:51:06,3.157,3.155074,50.12949705,9.600527585,1
16:51:07,3.158,3.15495,50.12282133,9.596411884,1
16:51:08,3.157,3.154853,50.11614561,9.591497481,1
16:51:09,3.157,3.154732,50.10946989,9.586643428,1
16:51:10,3.157,3.154612,50.10279417,9.581845254,1
16:51:11,3.157,3.154494,50.09611845,9.577100724,1
16:51:12,3.157,3.154377,50.08944273,9.572406113,1
16:51:13,3.157,3.154261,50.08276701,9.567758441,1
16:51:14,3.157,3.154146,50.07609129,9.563155472,1
16:51:15,3.157,3.154033,50.06941557,9.558594972,1
16:51:16,3.157,3.153921,50.06273985,9.55407396,1
16:51:17,3.157,3.15381,50.05606413,9.549590945,1
16:51:18,3.157,3.1537,50.04938841,9.545143694,1
16:51:19,3.157,3.153591,50.04271269,9.54073146,1
16:51:20,3.157,3.153483,50.03603697,9.536351264,1
16:51:21,3.157,3.153375,50.02936125,9.532003105,1
16:51:22,3.157,3.153269,50.02268553,9.527684748,1
16:51:23,3.157,3.153163,50.01600981,9.523394704,1
16:51:24,3.157,3.153058,50.00933409,9.519131482,1
16:51:25,3.157,3.152953,50.00265837,9.514895082,1
16:51:26,3.157,3.15285,49.99597967,9.510683268,1
16:51:27,3.157,3.152747,49.98930097,9.506496042,1
16:51:28,3.157,3.152645,49.98262227,9.502331913,1
16:51:29,3.157,3.152543,49.97594357,9.498190135,1
16:51:30,3.157,3.152442,49.96926486,9.494069219,1
16:51:31,3.157,3.152341,49.96258616,9.489969164,1
16:51:32,3.157,3.152241,49.95590746,9.485889226,1
16:51:33,3.157,3.152142,49.94922876,9.48182866,1
16:51:34,3.157,3.152043,49.94255006,9.47778672,1
16:51:35,3.157,3.151944,49.93587136,9.473762661,1
16:51:36,3.157,3.151846,49.92919266,9.469756484,1
16:51:37,3.157,3.151749,49.92251396,9.465766698,1
16:51:38,3.157,3.151652,49.91583526,9.461793303,1
16:51:39,3.157,3.151555,49.90915656,9.457835555,1
16:51:40,3.157,3.151459,49.90247786,9.453893453,1
16:51:41,3.156,3.151363,49.89579916,9.449478239,1
16:51:42,3.156,3.151252,49.88912046,9.445091337,1
16:51:43,3.156,3.151141,49.88244176,9.440731257,1
16:51:44,3.156,3.151031,49.87576306,9.436397254,1
16:51:45,3.156,3.150921,49.86908436,9.432088584,1
16:51:46,3.155,3.150813,49.86240566,9.427343309,1
16:51:47,3.155,3.150689,49.85572696,9.422633797,1
16:51:48,3.155,3.150567,49.84904826,9.417959303,1
16:51:49,3.155,3.150445,49.84236956,9.413318336,1
16:51:50,3.155,3.150325,49.83569086,9.408709407,1
16:51:51,3.154,3.150206,49.82901216,9.403693676,1
16:51:52,3.154,3.150073,49.82233346,9.398718923,1
16:51:53,3.154,3.14994,49.81565,9.393784404,1
16:51:54,3.154,3.14981,49.80897605,9.388888627,1
16:51:55,3.153,3.149681,49.80229735,9.383609146,1
16:51:56,3.153,3.149538,49.79561865,9.378376603,1
16:51:57,3.153,3.149396,49.78893995,9.373188764,1
16:51:58,3.153,3.149257,49.78226125,9.368044883,1
16:51:59,3.153,3.149118,49.77558255,9.362942725,1
16:52:00,3.153,3.148981,49.76890385,9.357882291,1
16:52:01,3.153,3.148846,49.76222515,9.352861345,1
16:52:02,3.153,3.148712,49.75554645,9.347879142,1
16:52:03,3.152,3.148579,49.74886775,9.342542291,1
16:52:04,3.152,3.148434,49.74218905,9.337250888,1
16:52:05,3.152,3.14829,49.73551035,9.332002699,1
16:52:06,3.152,3.148147,49.72883165,9.326797724,1
16:52:07,3.152,3.148006,49.72215295,9.321633726,1
16:52:08,3.152,3.147867,49.71547425,9.316509962,1
16:52:09,3.151,3.147729,49.70879555,9.311052412,1
16:52:10,3.151,3.147578,49.70211685,9.305641055,1
16:52:11,3.151,3.14743,49.69543815,9.300274402,1
16:52:12,3.151,3.147283,49.68875945,9.294950962,1
16:52:13,3.151,3.147137,49.68208075,9.28967,1
16:52:14,3.151,3.146993,49.67540205,9.284429997,1
16:52:15,3.151,3.146851,49.66872334,9.279230237,1
16:52:16,3.151,3.14671,49.66204464,9.27406922,1
16:52:17,3.151,3.14657,49.65536594,9.268946201,1
16:52:18,3.151,3.146432,49.64868724,9.263860434,1
16:52:19,3.151,3.146295,49.64200854,9.258810431,1
16:52:20,3.151,3.146159,49.63532984,9.253795445,1
16:52:21,3.151,3.146025,49.62865114,9.248814732,1
16:52:22,3.151,3.145891,49.62197244,9.243867546,1
16:52:23,3.151,3.145759,49.61529374,9.238953143,1
16:52:24,3.151,3.145628,49.60861504,9.234071,1
16:52:25,3.151,3.145499,49.60194,9.22921896,1
16:52:26,3.151,3.14537,49.59525764,9.224397689,1
16:52:27,3.151,3.145242,49.58857894,9.219606221,1
16:52:28,3.151,3.145116,49.58190024,9.21484381,1
16:52:29,3.151,3.14499,49.57522154,9.21011,1
16:52:30,3.151,3.144866,49.56854284,9.205403179,1
16:52:31,3.151,3.144742,49.56186414,9.200724214,1
16:52:32,3.151,3.14462,49.55518544,9.196071327,1
16:52:33,3.151,3.144498,49.54850674,9.191444516,1
16:52:34,3.151,3.144377,49.54182804,9.186843038,1
16:52:35,3.151,3.144257,49.53514934,9.182266146,1
16:52:36,3.151,3.144138,49.52847064,9.177713841,1
16:52:37,3.151,3.14402,49.52179193,9.173185378,1
16:52:38,3.151,3.143903,49.51511323,9.168680012,1
16:52:39,3.151,3.143787,49.50843453,9.164197743,1
16:52:40,3.151,3.143671,49.50175583,9.159737825,1
16:52:41,3.151,3.143556,49.49507713,9.155299515,1
16:52:42,3.151,3.143442,49.48839843,9.15088281,1
16:52:43,3.151,3.143329,49.48171973,9.146486968,1
16:52:44,3.151,3.143216,49.47504103,9.142111987,1
16:52:45,3.151,3.143105,49.46836233,9.137757868,1
16:52:46,3.151,3.142993,49.46168363,9.13342312,1
16:52:47,3.151,3.142883,49.45500493,9.129108489,1
16:52:48,3.151,3.142773,49.44832623,9.124813229,1
16:52:49,3.151,3.142664,49.44164753,9.120536596,1
16:52:50,3.151,3.142556,49.43496883,9.116278589,1
16:52:51,3.151,3.142448,49.42829013,9.112038463,1
16:52:52,3.151,3.142341,49.42161143,9.107816219,1
16:52:53,3.151,3.142234,49.41493273,9.103611857,1
16:52:54,3.151,3.142128,49.40825403,9.09942463,1
16:52:55,3.151,3.142023,49.40157533,9.09525454,1
16:52:56,3.151,3.141918,49.39489663,9.091100842,1
16:52:57,3.151,3.141814,49.38822,9.086963534,1
16:52:58,3.151,3.141704,49.38153923,9.082844108,1
16:52:59,3.151,3.141593,49.37486053,9.078742564,1
16:53:00,3.151,3.141483,49.36818182,9.0746589,1
16:53:01,3.151,3.141372,49.36150312,9.070593119,1
16:53:02,3.15,3.141263,49.35482442,9.066274762,1
16:53:03,3.151,3.141142,49.34814572,9.062246233,1
16:53:04,3.151,3.141033,49.34146702,9.058234841,1
16:53:05,3.15,3.140925,49.33478832,9.053973854,1
16:53:06,3.15,3.140805,49.32810962,9.049732983,1
16:53:07,3.15,3.140687,49.32143092,9.045512974,1
16:53:08,3.15,3.140568,49.31475222,9.041313082,1
16:53:09,3.164,3.154971,49.31475222,9.043674171,1
16:53:10,3.165,3.155286,49.31475222,9.046203643,1
16:53:11,3.165,3.155602,49.31475222,9.048639983,1
16:53:12,3.165,3.15591,49.31475222,9.050986171,1
16:53:13,3.167,3.156211,49.31475222,9.053758532,1
16:53:14,3.171,3.156525,49.31475222,9.057462215,1
16:53:15,3.172,3.156874,49.31475222,9.061316401,1
16:53:16,3.172,3.157225,49.31475222,9.065065533,1
16:53:17,3.172,3.157568,49.31475222,9.068712592,1
16:53:18,3.173,3.157902,49.31475222,9.072511643,1
16:53:19,3.173,3.158239,49.31475222,9.076210856,1
16:53:20,3.173,3.158567,49.31475222,9.079813212,1
16:53:21,3.173,3.158888,49.31475222,9.083321691,1
16:53:22,3.173,3.159201,49.31475222,9.086738527,1
16:53:23,3.173,3.159507,49.31475222,9.090066701,1
16:53:24,3.173,3.159805,49.31475222,9.093308,1
16:53:25,3.173,3.160095,49.31475222,9.09646675,1
16:53:26,3.173,3.160379,49.31475222,9.09954384,1
16:53:27,3.173,3.160655,49.31475222,9.102541953,1
16:53:28,3.173,3.160926,49.31475222,9.105463326,1
16:53:29,3.173,3.161189,49.31475222,9.108310193,1
16:53:30,3.173,3.161446,49.31475222,9.111084789,1
16:53:31,3.173,3.161697,49.31475222,9.11378935,1
16:53:32,3.174,3.161941,49.31475222,9.116664529,1
16:53:33,3.174,3.16219,49.31475222,9.119469672,1
16:53:34,3.176,3.162433,49.31475222,9.122680873,1
16:53:35,3.177,3.162691,49.31475222,9.126055986,1
16:53:36,3.178,3.162952,49.31475222,9.129592776,1
16:53:37,3.179,3.163218,49.31475222,9.133289009,1
16:53:38,3.179,3.163488,49.31475222,9.136909246,1
16:53:39,3.179,3.163751,49.31475222,9.140455723,1
16:53:40,3.179,3.164009,49.31475222,9.143930674,1
16:53:41,3.179,3.16426,49.31475222,9.147335589,1
16:53:42,3.179,3.164506,49.31475222,9.150672,1
16:53:43,3.179,3.164747,49.31475222,9.153942019,1
16:53:44,3.179,3.164982,49.31475222,9.157147259,1
16:53:45,3.179,3.165211,49.31475222,9.160289913,1
16:53:46,3.179,3.165435,49.31475222,9.163371474,1
16:53:47,3.18,3.165655,49.31475222,9.166619927,1
16:53:48,3.18,3.165879,49.31475222,9.169807285,1
16:53:49,3.18,3.166099,49.31475222,9.172935039,1
16:53:50,3.18,3.166313,49.31475222,9.176004678,1
16:53:51,3.18,3.166523,49.31475222,9.179017693,1
16:53:52,3.18,3.166728,49.31475222,9.181975573,1
16:53:53,3.18,3.166929,49.31475222,9.18487981,1
16:53:54,3.18,3.167125,49.31475222,9.187731147,1
16:53:55,3.18,3.167317,49.31475222,9.19053182,1
16:53:56,3.18,3.167504,49.31475222,9.193282574,1
16:53:57,3.18,3.167688,49.31475222,9.1959849,1
16:53:58,3.18,3.167868,49.31475222,9.198639542,1
16:53:59,3.18,3.168043,49.31475222,9.20124799,1
16:54:00,3.18,3.168215,49.31475222,9.203811735,1
16:54:01,3.18,3.168384,49.31475222,9.206330776,1
16:54:02,3.18,3.168548,49.31475222,9.208807349,1
16:54:03,3.18,3.168709,49.31475222,9.211242199,1
16:54:04,3.18,3.168867,49.31475222,9.21363607,1
16:54:05,3.18,3.169021,49.31475222,9.215989709,1
16:54:06,3.18,3.169172,49.31475222,9.218304604,1
16:54:07,3.18,3.169319,49.31475222,9.220581502,1
16:54:08,3.18,3.169464,49.31475222,9.222821146,1
16:54:09,3.18,3.169606,49.31475222,9.225025028,1
16:54:10,3.18,3.169744,49.31475222,9.227193147,1
16:54:11,3.157,3.141016,49.3013978,9.217207879,1
16:54:12,3.151,3.140349,49.28804338,9.206091613,1
16:54:13,3.148,3.139639,49.27468896,9.194489568,1
16:54:14,3.143,3.138914,49.26133454,9.181988239,1
16:54:15,3.143,3.138155,49.24798012,9.169643372,1
16:54:16,3.143,3.137411,49.2346257,9.157450497,1
16:54:17,3.143,3.136682,49.22127128,9.145405889,1
16:54:18,3.139,3.135966,49.20791686,9.132678062,1
16:54:19,3.136,3.135227,49.19456244,9.119481593,1
16:54:20,3.136,3.134472,49.18120801,9.106440097,1
16:54:21,3.136,3.133732,49.16785359,9.093549848,1
16:54:22,3.135,3.133006,49.15449917,9.080602229,1
16:54:23,3.135,3.13225,49.14114475,9.067808092,1
16:54:24,3.133,3.131495,49.12779033,9.054759145,1
16:54:25,3.132,3.130732,49.11443591,9.041661024,1
16:54:26,3.13,3.129973,49.10108149,9.028310329,1
16:54:27,3.129,3.129207,49.08772707,9.014912695,1
16:54:28,3.129,3.128444,49.07437265,9.001668543,1
16:54:29,3.129,3.127695,49.06101823,8.988575637,1
16:54:30,3.129,3.126958,49.04766381,8.975629508,1
16:54:31,3.129,3.126233,49.03431,8.962827921,1
16:54:32,3.128,3.12552,49.02095497,8.949967474,1
16:54:33,3.128,3.12481,49.00760055,8.937247843,1
16:54:34,3.127,3.12411,48.99424613,8.924466372,1
16:54:35,3.125,3.123412,48.9808917,8.91142562,1
16:54:36,3.124,3.122706,48.96753728,8.89832601,1
16:54:37,3.122,3.122001,48.95418286,8.884970099,1
16:54:38,3.122,3.121286,48.94082844,8.871755004,1
16:54:39,3.122,3.120584,48.92747402,8.858677,1
16:54:40,3.122,3.119892,48.9141196,8.845733851,1
16:54:41,3.122,3.119211,48.90076518,8.832923323,1
16:54:42,3.122,3.11854,48.88741076,8.82024169,1
16:54:43,3.121,3.11788,48.87405634,8.807492,1
16:54:44,3.121,3.11722,48.86070192,8.794869483,1
16:54:45,3.121,3.11657,48.8473475,8.782371134,1
16:54:46,3.121,3.11593,48.83399308,8.769994229,1
16:54:47,3.12,3.115299,48.82063866,8.757544,1
16:54:48,3.118,3.114668,48.80728424,8.744828403,1
16:54:49,3.117,3.114026,48.79392982,8.732042462,1
16:54:50,3.115,3.113383,48.78057539,8.71899575,1
16:54:51,3.115,3.11273,48.76722097,8.706072718,1
16:54:52,3.114,3.112086,48.75386655,8.693081141,1
16:54:53,3.114,3.111442,48.74051213,8.680211008,1
16:54:54,3.114,3.110806,48.72715771,8.667460084,1
16:54:55,3.114,3.11018,48.71380329,8.654826134,1
16:54:56,3.114,3.109563,48.70044887,8.642306924,1
16:54:57,3.114,3.108954,48.68709445,8.629900217,1
16:54:58,3.114,3.108354,48.67374003,8.617603779,1
16:54:59,3.114,3.107763,48.66038561,8.605416119,1
16:55:00,3.113,3.107179,48.64703119,8.593147993,1
16:55:01,3.113,3.106593,48.63367677,8.58098641,1
16:55:02,3.112,3.106015,48.62032235,8.568743616,1
16:55:03,3.112,3.105435,48.60697,8.556605875,1
16:55:04,3.111,3.104863,48.59361351,8.544386178,1
16:55:05,3.109,3.104288,48.58025908,8.531900495,1
16:55:06,3.108,3.103702,48.56690466,8.519336581,1
16:55:07,3.107,3.103113,48.55355024,8.506695181,1
16:55:08,3.107,3.102522,48.54019582,8.494161069,1
16:55:09,3.107,3.101938,48.5268414,8.481731266,1
16:55:10,3.107,3.101363,48.51348698,8.469405025,1
16:55:11,3.107,3.100795,48.50013256,8.457180113,1
16:55:12,3.107,3.100234,48.48677814,8.445054293,1
16:55:13,3.106,3.09968,48.47342372,8.432845026,1
16:55:14,3.106,3.099124,48.4600693,8.420734107,1
16:55:15,3.106,3.098574,48.44671488,8.408719301,1
16:55:16,3.106,3.098032,48.43336046,8.396799117,1
16:55:17,3.104,3.097496,48.42000604,8.384612948,1
16:55:18,3.102,3.096947,48.40665162,8.372164,1
16:55:19,3.102,3.096385,48.3932972,8.359812945,1
16:55:20,3.101,3.095831,48.37994277,8.347380906,1
16:55:21,3.1,3.095273,48.36658835,8.334867656,1
16:55:22,3.1,3.094712,48.35323393,8.322452754,1
16:55:23,3.1,3.094158,48.33987951,8.310133964,1
16:55:24,3.1,3.093611,48.32652509,8.297909796,1
16:55:25,3.1,3.093071,48.31317067,8.285779506,1
16:55:26,3.1,3.092537,48.29981625,8.273740858,1
16:55:27,3.099,3.092009,48.28646183,8.261615783,1
16:55:28,3.099,3.091478,48.27310741,8.249581605,1
16:55:29,3.099,3.090953,48.25975299,8.237636834,1
16:55:30,3.098,3.090435,48.24639857,8.225604892,1
16:55:31,3.097,3.089912,48.23304415,8.213487267,1
16:55:32,3.095,3.089386,48.21968973,8.201109618,1
16:55:33,3.094,3.088846,48.20633531,8.188650012,1
16:55:34,3.093,3.088304,48.19298089,8.176109195,1
16:55:35,3.092,3.087757,48.17963,8.163488656,1
16:55:36,3.092,3.087207,48.16627204,8.15096125,1
16:55:37,3.092,3.086664,48.15291762,8.138526231,1
16:55:38,3.092,3.086127,48.1395632,8.126182109,1
16:55:39,3.092,3.085596,48.12620878,8.113927394,1
16:55:40,3.091,3.085071,48.11285436,8.101588488,1
16:55:41,3.091,3.084543,48.09949994,8.089338243,1
16:55:42,3.091,3.08402,48.08614552,8.07717517,1
16:55:43,3.09,3.083503,48.0727911,8.064927906,1
16:55:44,3.088,3.082983,48.05943668,8.052426577,1
16:55:45,3.086,3.082449,48.04608226,8.039674163,1
16:55:46,3.085,3.081901,48.03272784,8.026844263,1
16:55:47,3.085,3.08135,48.01937342,8.014107,1
16:55:48,3.085,3.080805,48.006019,8.001460135,1
16:55:49,3.085,3.080266,47.99266458,7.988902926,1
16:55:50,3.085,3.079733,47.97931015,7.97643438,1
16:55:51,3.085,3.079207,47.96595573,7.96405226,1
16:55:52,3.084,3.078686,47.95260131,7.951588184,1
16:55:53,3.084,3.078161,47.93924689,7.939210534,1
16:55:54,3.084,3.077642,47.92589247,7.926917821,1
16:55:55,3.082,3.077128,47.91253805,7.914374769,1
16:55:56,3.081,3.076601,47.89918363,7.901752,1
16:55:57,3.08,3.07607,47.88582921,7.8890495,1
16:55:58,3.079,3.075535,47.87247479,7.876268774,1
16:55:59,3.078,3.074996,47.85912037,7.863410562,1
16:56:00,3.078,3.074453,47.84576595,7.850641757,1
16:56:01,3.078,3.073916,47.83241153,7.837960124,1
16:56:02,3.078,3.073385,47.81905711,7.825364918,1
16:56:03,3.077,3.07286,47.80570269,7.812691,1
16:56:04,3.077,3.072331,47.79234827,7.800102,1
16:56:05,3.077,3.071808,47.77899384,7.787597924,1
16:56:06,3.075,3.07129,47.76563942,7.774849981,1
16:56:07,3.073,3.070759,47.75229,7.761860639,1
16:56:08,3.072,3.070213,47.73893058,7.748796791,1
16:56:09,3.071,3.069664,47.72557616,7.735658437,1
16:56:10,3.071,3.069111,47.71222174,7.722610235,1
16:56:11,3.071,3.068565,47.69886732,7.70964995,1
16:56:12,3.071,3.068024,47.6855129,7.696776837,1
16:56:13,3.071,3.067489,47.67215848,7.683989406,1
16:56:14,3.07,3.06696,47.65880406,7.671125233,1
16:56:15,3.07,3.066426,47.64544964,7.658345997,1
16:56:16,3.07,3.065899,47.63209522,7.645650953,1
16:56:17,3.067,3.065377,47.6187408,7.632556558,1
16:56:18,3.065,3.064831,47.60538638,7.619227469,1
16:56:19,3.064,3.064272,47.59203196,7.6058276,1
16:56:20,3.063,3.063709,47.57867754,7.59235844,1
16:56:21,3.063,3.063142,47.56532311,7.578979433,1
16:56:22,3.063,3.062582,47.55196869,7.565690577,1
16:56:23,3.063,3.062027,47.53861427,7.552489638,1
16:56:24,3.062,3.061479,47.52525985,7.539216429,1
16:56:25,3.062,3.060927,47.51190543,7.526031137,1
16:56:26,3.061,3.060381,47.49855101,7.512773573,1
16:56:27,3.059,3.05983,47.48519659,7.499285787,1
16:56:28,3.057,3.059266,47.47184217,7.485570759,1
16:56:29,3.056,3.058689,47.45848775,7.47178942,1
16:56:30,3.056,3.058109,47.44513333,7.458100468,1
16:56:31,3.056,3.057534,47.43177891,7.444502413,1
16:56:32,3.056,3.056966,47.41842449,7.430995,1
16:56:33,3.055,3.056404,47.40507007,7.417418063,1
16:56:34,3.055,3.055838,47.39171565,7.403930277,1
16:56:35,3.055,3.055278,47.37836123,7.390531152,1
16:56:36,3.053,3.054724,47.3650068,7.376905531,1
16:56:37,3.05,3.054157,47.35165238,7.362899929,1
16:56:38,3.05,3.053566,47.33829796,7.34898746,1
16:56:39,3.049,3.052982,47.32494,7.335010916,1
16:56:40,3.049,3.052394,47.31158912,7.321126759,1
16:56:41,3.049,3.051813,47.2982347,7.307333499,1
16:56:42,3.048,3.051238,47.28488028,7.293475,1
16:56:43,3.048,3.050659,47.27152586,7.279706746,1
16:56:44,3.047,3.050086,47.25817144,7.265873253,1
16:56:45,3.045,3.04951,47.24481702,7.251819968,1
16:56:46,3.043,3.04892,47.2314626,7.237549871,1
16:56:47,3.041,3.048318,47.21810818,7.223065197,1
16:56:48,3.041,3.047702,47.20475376,7.208676636,1
16:56:49,3.041,3.047093,47.19139934,7.194383442,1
16:56:50,3.041,3.04649,47.17804492,7.180184126,1
16:56:51,3.04,3.045894,47.16469049,7.165923715,1
16:56:52,3.04,3.045295,47.15133607,7.151756436,1
16:56:53,3.04,3.044702,47.13798165,7.137680799,1
16:56:54,3.037,3.044116,47.12462723,7.123237103,1
16:56:55,3.035,3.043506,47.11127281,7.108582556,1
16:56:56,3.034,3.042884,47.09791839,7.09387213,1
16:56:57,3.034,3.042258,47.08456397,7.079258561,1
16:56:58,3.034,3.041639,47.07120955,7.06474036,1
16:57:00,3.033,3.041027,47.05785513,7.050164789,1
16:57:01,3.032,3.040412,47.04450071,7.035532594,1
16:57:01,3.03,3.039793,47.03114629,7.020692527,1
16:57:02,3.028,3.039162,47.01779187,7.005646825,1
16:57:03,3.027,3.038518,47.00443745,6.990548968,1
16:57:04,3.027,3.037871,46.99108303,6.97555095,1
16:57:05,3.027,3.037231,46.97772861,6.960651278,1
16:57:06,3.027,3.036598,46.96437418,6.94584921,1
16:57:07,3.026,3.035972,46.95101976,6.930992007,1
16:57:09,3.026,3.035343,46.93766534,6.916231662,1
16:57:09,3.024,3.034721,46.92431092,6.901265681,1
16:57:10,3.022,3.034086,46.9109565,6.886097044,1
16:57:11,3.021,3.033438,46.8976,6.870878,1
16:57:13,3.021,3.032787,46.88424766,6.855757535,1
16:57:13,3.049,3.06906,46.88424766,6.852758,1
16:57:14,3.056,3.069316,46.88424766,6.850769371,1
16:57:15,3.056,3.06963,46.88424766,6.848736107,1
16:57:17,3.059,3.069937,46.88424766,6.84710592,1
16:57:17,3.062,3.070263,46.88424766,6.845875829,1
16:57:18,3.063,3.070609,46.88424766,6.844744086,1
16:57:19,3.063,3.070956,46.88424766,6.843562424,1
16:57:20,3.063,3.071295,46.88424766,6.842331588,1
16:57:22,3.064,3.071627,46.88424766,6.84120059,1
16:57:22,3.069,3.071959,46.88424766,6.840762496,1
16:57:23,3.07,3.07233,46.88424766,6.840417534,1
16:57:24,3.07,3.072702,46.88424766,6.840018183,1
16:57:26,3.071,3.073066,46.88424766,6.839713454,1
16:57:26,3.071,3.07343,46.88424766,6.839355081,1
16:57:27,3.071,3.073787,46.88424766,6.838944554,1
16:57:28,3.071,3.074135,46.88424766,6.838482618,1
16:57:30,3.071,3.074476,46.88424766,6.837971509,1
16:57:31,3.071,3.074809,46.88424766,6.837411225,1
16:57:31,3.071,3.075134,46.88424766,6.836804003,1
16:57:32,3.073,3.075452,46.88424766,6.836444139,1
16:57:33,3.075,3.075781,46.88424766,6.836329401,1
16:57:35,3.077,3.076121,46.88424766,6.836458296,1
16:57:35,3.077,3.076472,46.88424766,6.836535782,1
16:57:36,3.077,3.076816,46.88424766,6.836562604,1
16:57:37,3.078,3.077152,46.88424766,6.836686283,1
16:57:39,3.078,3.077489,46.88424766,6.836760789,1
16:57:40,3.078,3.07782,46.88424766,6.836786866,1
16:57:40,3.078,3.078143,46.88424766,6.836766005,1
16:57:41,3.078,3.078459,46.88424766,6.836698949,1
16:57:43,3.078,3.078768,46.88424766,6.836587191,1
16:57:44,3.078,3.07907,46.88424766,6.836431473,1
16:57:44,3.078,3.079365,46.88424766,6.836232543,1
16:57:45,3.078,3.079654,46.88424766,6.835991889,1
16:57:47,3.078,3.079937,46.88424766,6.835711,1
16:57:48,3.078,3.080213,46.88424766,6.835389882,1
16:57:49,3.078,3.080483,46.88424766,6.835030019,1
16:57:49,3.078,3.080746,46.88424766,6.834632158,1
16:57:50,3.078,3.081004,46.88424766,6.834197,1
16:57:52,3.078,3.081256,46.88424766,6.833725423,1
16:57:53,3.079,3.081503,46.88424766,6.833363324,1
16:57:53,3.08,3.081753,46.88424766,6.833110005,1
16:57:54,3.081,3.082006,46.88424766,6.832964718,1
16:57:56,3.082,3.082263,46.88424766,6.83292672,1
16:57:57,3.083,3.082524,46.88424766,6.832995266,1
16:57:58,3.084,3.082788,46.88424766,6.833170354,1
16:57:58,3.084,3.083055,46.88424766,6.8333067,1
16:58:00,3.084,3.083317,46.88424766,6.833405048,1
16:58:01,3.084,3.083573,46.88424766,6.833466887,1
16:58:02,3.084,3.083823,46.88424766,6.833492219,1
16:58:02,3.084,3.084068,46.88424766,6.833482534,1
16:58:03,3.084,3.084307,46.88424766,6.833438575,1
16:58:05,3.084,3.084541,46.88424766,6.833360344,1
16:58:06,3.084,3.08477,46.88424766,6.833249331,1
16:58:06,3.084,3.084994,46.88424766,6.833106279,1
16:58:07,3.084,3.085213,46.88424766,6.832931936,1
16:58:09,3.085,3.085427,46.88424766,6.832870841,1
16:58:10,3.085,3.085645,46.88424766,6.832778,1
16:58:11,3.085,3.085859,46.88424766,6.832655519,1
16:58:11,3.085,3.086068,46.88424766,6.832502782,1
16:58:13,3.085,3.086272,46.88424766,6.832320243,1
16:58:14,3.085,3.086472,46.88424766,6.832109392,1
16:58:15,3.085,3.086667,46.88424766,6.831870973,1
16:58:15,3.085,3.086858,46.88424766,6.831604987,1
16:58:17,3.085,3.087045,46.88424766,6.831312,1
16:58:18,3.085,3.087227,46.88424766,6.83099404,1
16:58:19,3.085,3.087405,46.88424766,6.830649823,1
16:58:20,3.085,3.087579,46.88424766,6.830281019,1
16:58:21,3.085,3.08775,46.88424766,6.829888374,1
16:58:22,3.085,3.087916,46.88424766,6.829471886,1
16:58:23,3.085,3.088078,46.88424766,6.829032302,1
16:58:24,3.085,3.088237,46.88424766,6.82857,1
16:58:24,3.085,3.088392,46.88424766,6.828086078,1
16:58:26,3.085,3.088544,46.88424766,6.827581,1
16:58:27,3.085,3.088692,46.88424766,6.827054918,1
16:58:28,3.085,3.088836,46.88424766,6.826508,1
16:58:29,3.085,3.088978,46.88424766,6.825941056,1
16:58:30,3.085,3.089115,46.88424766,6.825354695,1
16:58:31,3.085,3.08925,46.88424766,6.824749708,1
16:58:32,3.085,3.089381,46.88424766,6.824126095,1
16:58:33,3.085,3.089509,46.88424766,6.823483855,1
16:58:34,3.085,3.089635,46.88424766,6.822824,1
16:58:35,3.085,3.089757,46.88424766,6.822147965,1
16:58:36,3.085,3.089876,46.88424766,6.821454316,1
16:58:37,3.085,3.089993,46.88424766,6.820744276,1
16:58:37,3.085,3.090106,46.88424766,6.820018589,1
16:58:39,3.085,3.090217,46.88424766,6.819277257,1
16:58:40,3.085,3.090325,46.88424766,6.818520278,1
16:58:41,3.085,3.090431,46.88424766,6.817749143,1
16:58:42,3.085,3.090533,46.88424766,6.816963106,1
16:58:43,3.085,3.090634,46.88424766,6.816162914,1
16:58:44,3.085,3.090731,46.88424766,6.815349311,1
16:58:45,3.086,3.090827,46.88424766,6.814664602,1
16:58:46,3.086,3.090929,46.88424766,6.813964993,1
16:58:47,3.087,3.091028,46.88424766,6.813393533,1
16:58:48,3.087,3.091135,46.88424766,6.812807173,1
16:58:49,3.088,3.091239,46.88424766,6.812348217,1
16:58:50,3.088,3.091349,46.88424766,6.811873615,1
16:58:51,3.089,3.091457,46.88424766,6.811525673,1
16:58:52,3.09,3.091571,46.88424766,6.8113029,1
16:58:53,3.09,3.091692,46.88424766,6.811062992,1
16:58:53,3.091,3.091811,46.88424766,6.810948253,1
16:58:55,3.091,3.091935,46.88424766,6.810815632,1
16:58:56,3.091,3.092057,46.88424766,6.810665876,1
16:58:57,3.091,3.092177,46.88424766,6.810498983,1
16:58:58,3.091,3.092293,46.88424766,6.810315698,1
16:58:59,3.091,3.092407,46.88424766,6.810117,1
16:59:00,3.091,3.092519,46.88424766,6.809902,1
16:59:01,3.091,3.092628,46.88424766,6.809671968,1
16:59:02,3.091,3.092734,46.88424766,6.809426844,1
16:59:03,3.091,3.092838,46.88424766,6.809166819,1
16:59:04,3.091,3.092939,46.88424766,6.808892637,1
16:59:05,3.091,3.093039,46.88424766,6.8086043,1
16:59:06,3.091,3.093136,46.88424766,6.808302552,1
16:59:07,3.091,3.09323,46.88424766,6.807987392,1
16:59:08,3.091,3.093323,46.88424766,6.807658821,1
16:59:09,3.091,3.093413,46.88424766,6.807317585,1
16:59:10,3.091,3.093502,46.88424766,6.806963682,1
16:59:11,3.091,3.093588,46.88424766,6.806597859,1
16:59:12,3.091,3.093672,46.88424766,6.806220114,1
16:59:13,3.092,3.093754,46.88424766,6.80597201,1
16:59:14,3.092,3.093844,46.88424766,6.80571124,1
16:59:15,3.092,3.093931,46.88424766,6.805438548,1
16:59:16,3.092,3.094017,46.88424766,6.805153936,1
16:59:17,3.092,3.0941,46.88424766,6.804857403,1
16:59:18,3.092,3.094181,46.88424766,6.80455,1
16:59:19,3.092,3.094261,46.88424766,6.804230809,1
16:59:20,3.092,3.094339,46.88424766,6.803900748,1
16:59:21,3.092,3.094414,46.88424766,6.80356,1
16:59:22,3.092,3.094489,46.88424766,6.803209335,1
16:59:23,3.092,3.094561,46.88424766,6.802847981,1
16:59:24,3.092,3.094631,46.88424766,6.802476943,1
16:59:25,3.092,3.0947,46.88424766,6.802096218,1
16:59:26,3.092,3.094768,46.88424766,6.801705807,1
16:59:27,3.092,3.094833,46.88424766,6.801306456,1
16:59:28,3.092,3.094898,46.88424766,6.800898165,1
16:59:29,3.092,3.09496,46.88424766,6.800480932,1
16:59:30,3.092,3.095021,46.88424766,6.800054759,1
16:59:31,3.092,3.09508,46.88424766,6.79962039,1
16:59:32,3.092,3.095139,46.88424766,6.799177825,1
16:59:33,3.092,3.095195,46.88424766,6.798727065,1
16:59:34,3.092,3.09525,46.88424766,6.798268855,1
16:59:35,3.092,3.095304,46.88424766,6.797803193,1
16:59:36,3.092,3.095356,46.88424766,6.797330081,1
16:59:37,3.092,3.095407,46.88424766,6.796849519,1
16:59:38,3.092,3.095457,46.88424766,6.796362251,1
16:59:39,3.092,3.095506,46.88424766,6.795868278,1
16:59:40,3.092,3.095553,46.88424766,6.795367599,1
16:59:41,3.092,3.095599,46.88424766,6.794860214,1
16:59:42,3.092,3.095644,46.88424766,6.794346869,1
16:59:43,3.092,3.095688,46.88424766,6.793827564,1
16:59:44,3.092,3.095731,46.88424766,6.793302298,1
16:59:45,3.092,3.095772,46.88424766,6.792771071,1
16:59:46,3.05,3.040097,46.86421454,6.774132699,1
16:59:47,3.043,3.038777,46.84418142,6.754694134,1
16:59:48,3.038,3.037409,46.8241483,6.734744459,1
16:59:49,3.033,3.036012,46.80411518,6.7142874,1
16:59:50,3.028,3.034587,46.78408206,6.693326682,1
16:59:51,3.026,3.033135,46.76404893,6.672289222,1
16:59:52,3.021,3.031685,46.74401581,6.650751829,1
16:59:53,3.019,3.030208,46.72398269,6.62914142,1
16:59:54,3.015,3.028733,46.70394957,6.607175618,1
16:59:55,3.012,3.027241,46.68391645,6.58499822,1
16:59:56,3.009,3.025742,46.66388333,6.562609971,1
16:59:57,3.006,3.024236,46.64385021,6.540012,1
16:59:58,3.004,3.022722,46.62381709,6.517346948,1
16:59:59,3,3.021211,46.60378397,6.494332105,1
17:00:00,2.998,3.019683,46.58375084,6.471251696,1
17:00:01,2.997,3.018157,46.56371772,6.448245794,1
17:00:02,2.993,3.016645,46.5436846,6.424891204,1
17:00:03,2.99,3.015114,46.52365148,6.401330978,1
17:00:04,2.989,3.013576,46.50361836,6.377847493,1
17:00:05,2.986,3.01205,46.48358524,6.354157627,1
17:00:06,2.983,3.010517,46.46355212,6.33026287,1
17:00:07,2.982,3.008976,46.443519,6.306446,1
17:00:08,2.979,3.007447,46.42348588,6.282423437,1
17:00:09,2.976,3.00591,46.40345275,6.258197129,1
17:00:10,2.975,3.004364,46.38341963,6.234048307,1
17:00:11,2.971,3.002831,46.36338651,6.209555268,1
17:00:12,2.968,3.00128,46.34335339,6.184861064,1
17:00:13,2.968,2.999721,46.32332027,6.160387024,1
17:00:14,2.965,2.998183,46.30328715,6.135709584,1
17:00:15,2.962,2.996637,46.28325403,6.110830605,1
17:00:16,2.961,2.995082,46.26322091,6.086031348,1
17:00:17,2.959,2.99354,46.24318779,6.061169878,1
17:00:18,2.956,2.991998,46.22315466,6.036106497,1
17:00:19,2.954,2.990448,46.20312154,6.010982394,1
17:00:20,2.953,2.988899,46.18308842,5.985937268,1
17:00:21,2.949,2.987361,46.1630553,5.960550532,1
17:00:22,2.947,2.985805,46.14302218,5.935104191,1
17:00:23,2.946,2.984249,46.12298906,5.909737945,1
17:00:24,2.943,2.982704,46.10295594,5.884171277,1
17:00:25,2.94,2.98115,46.08292282,5.858405679,1
17:00:26,2.939,2.979587,46.0628897,5.83272092,1
17:00:27,2.937,2.978035,46.04285657,5.806976557,1
17:00:28,2.934,2.976484,46.02282345,5.781033635,1
17:00:29,2.932,2.974923,46.00279033,5.755032226,1
17:00:30,2.931,2.973363,45.98275721,5.729111657,1
17:00:31,2.927,2.971814,45.96272409,5.702853575,1
17:00:32,2.925,2.970245,45.94269097,5.676538497,1
17:00:33,2.924,2.968676,45.92265785,5.650306,1
17:00:34,2.921,2.967118,45.90262473,5.623876303,1
17:00:35,2.917,2.965551,45.88259161,5.597113073,1
17:00:36,2.917,2.963963,45.86255848,5.57057336,1
17:00:37,2.914,2.962397,45.84252536,5.543838069,1
17:00:38,2.91,2.96082,45.82249224,5.516771227,1
17:00:39,2.91,2.959224,45.80245912,5.489928648,1
17:00:40,2.907,2.957648,45.782426,5.462893471,1
17:00:41,2.904,2.956063,45.76239288,5.435666442,1
17:00:42,2.903,2.954467,45.74235976,5.408525839,1
17:00:43,2.9,2.952883,45.72232664,5.381193757,1
17:00:44,2.896,2.951288,45.70229352,5.353533849,1
17:00:45,2.896,2.949673,45.68226039,5.326100811,1
17:00:46,2.894,2.948079,45.66222727,5.298615992,1
17:00:47,2.89,2.946485,45.64219415,5.270804092,1
17:00:48,2.888,2.94487,45.62216103,5.242943019,1
17:00:49,2.886,2.943257,45.60212791,5.215033889,1
17:00:50,2.882,2.941643,45.58209479,5.186801404,1
17:00:51,2.88,2.940009,45.56206167,5.158523098,1
17:00:52,2.878,2.938376,45.54202855,5.13019897,1
17:00:53,2.875,2.936743,45.52199543,5.101692304,1
17:00:54,2.873,2.9351,45.5019623,5.071198195,1
17:00:55,2.87,2.933408,45.48192918,5.037242547,1
17:00:56,2.866,2.931624,45.46189606,4.999185,1
17:00:57,2.866,2.928681,45.44186294,4.958248,1
17:00:58,2.862,2.924682,45.42182982,4.913628846,1
17:00:59,2.859,2.920416,45.4017967,4.866544157,1
17:01:00,2.856,2.915982,45.38176358,4.820915312,1
17:01:01,2.852,2.911674,45.36173046,4.776181653,1
17:01:02,2.851,2.907444,45.34169734,4.733461142,1
17:01:03,2.848,2.90339,45.32166421,4.691784456,1
17:01:04,2.845,2.899428,45.30163109,4.651055858,1
17:01:05,2.844,2.895547,45.28159797,4.611931369,1
17:01:06,2.838,2.891809,45.26156485,4.572468996,1
17:01:07,2.836,2.888036,45.24153173,4.534102604,1
17:01:08,2.834,2.884361,45.22149861,4.496742412,1
17:01:09,2.83,2.880774,45.20146549,4.459636658,1
17:01:10,2.827,2.877208,45.18143237,4.423092306,1
17:01:11,2.823,2.87369,45.16139925,4.386744276,1
17:01:12,2.822,2.870188,45.14136612,4.351521656,1
17:01:13,2.817,2.866787,45.121333,4.316108674,1
17:01:14,2.814,2.863365,45.10129988,4.281122237,1
17:01:15,2.811,2.859981,45.08126676,4.246531427,1
17:01:16,2.808,2.856631,45.06123364,4.212309048,1
17:01:17,2.805,2.853313,45.04120052,4.178429767,1
17:01:18,2.801,2.850025,45.0211674,4.144588485,1
17:01:19,2.796,2.846738,45.00113428,4.110504314,1
17:01:20,2.794,2.843426,44.98110116,4.077006876,1
17:01:21,2.791,2.840167,44.96106803,4.043791816,1
17:01:22,2.786,2.836932,44.94103491,4.010313749,1
17:01:23,2.784,2.83367,44.92100179,3.977365047,1
17:01:24,2.779,2.830457,44.90096867,3.944147,1
17:01:25,2.776,2.827215,44.88093555,3.911176324,1
17:01:26,2.772,2.823996,44.86090243,3.878190368,1
17:01:27,2.768,2.820772,44.84086931,3.845187649,1
17:01:28,2.764,2.817545,44.82083619,3.812167421,1
17:01:29,2.761,2.814314,44.80080307,3.77936773,1
17:01:30,2.756,2.811102,44.78076994,3.746303916,1
17:01:31,2.752,2.807863,44.76073682,3.713219985,1
17:01:32,2.749,2.80462,44.7407037,3.680345789,1
17:01:33,2.742,2.801395,44.72067058,3.646757826,1
17:01:34,2.739,2.798098,44.70063746,3.613388166,1
17:01:35,2.735,2.794821,44.68060434,3.580002859,1
17:01:36,2.73,2.79154,44.66057122,3.546379879,1
17:01:37,2.726,2.788234,44.6405381,3.512746468,1
17:01:38,2.721,2.784924,44.62050498,3.478885,1
17:01:39,2.715,2.78159,44.60047185,3.444588,1
17:01:40,2.712,2.778211,44.58043873,3.410509601,1
17:01:41,2.706,2.774852,44.56040561,3.376007825,1
17:01:42,2.701,2.771448,44.54037249,3.341306373,1
17:01:43,2.697,2.768022,44.52033937,3.306617588,1
17:01:44,2.691,2.764596,44.50030625,3.271530196,1
17:01:45,2.685,2.761127,44.48027313,3.236057609,1
17:01:46,2.679,2.757618,44.46024001,3.200212121,1
17:01:47,2.676,2.754069,44.44020689,3.164604679,1
17:01:48,2.669,2.750542,44.42017376,3.128432855,1
17:01:49,2.662,2.746956,44.40014064,3.091715649,1
17:01:50,2.657,2.743312,44.38010752,3.054859862,1
17:01:51,2.65,2.739652,44.3600744,3.017481789,1
17:01:52,2.645,2.735937,44.34004128,2.979981527,1
17:01:53,2.638,2.732207,44.32000816,2.941980772,1
17:01:54,2.63,2.728424,44.29997504,2.903304622,1
17:01:55,2.624,2.724569,44.27994192,2.86434982,1
17:01:56,2.617,2.720683,44.2599088,2.824936807,1
17:01:57,2.609,2.716748,44.23987567,2.78489273,1
17:01:58,2.6,2.712746,44.21984255,2.744051442,1
17:01:59,2.59,2.708659,44.19980943,2.702252567,1
17:02:00,2.582,2.704471,44.17977631,2.659888566,1
17:02:01,2.574,2.700221,44.15974319,2.616974898,1
17:02:02,2.564,2.695912,44.13971007,2.573166043,1
17:02:03,2.553,2.691507,44.11967695,2.528307401,1
17:02:04,2.542,2.68699,44.09964383,2.482428215,1
17:02:05,2.531,2.682364,44.07961071,2.43555624,1
17:02:06,2.519,2.677632,44.05957758,2.387541905,1
17:02:07,2.508,2.672777,44.03954446,2.338591218,1
17:02:08,2.5,2.667821,44.01951134,2.289252728,1
17:02:09,2.5,2.662822,43.99947822,2.240925469,1
17:02:10,2.553,2.739341,43.99947822,2.208698355,1
17:02:11,2.561,2.736984,43.99947822,2.178403735,1
17:02:12,2.568,2.734813,43.99947822,2.149818093,1
17:02:13,2.575,2.732806,43.99947822,2.122895792,1
17:02:14,2.581,2.730959,43.99947822,2.097423188,1
17:02:15,2.582,2.72925,43.99947822,2.072516456,1
17:02:16,2.589,2.727591,43.99947822,2.049171366,1
17:02:17,2.589,2.726083,43.99947822,2.026173845,1
17:02:18,2.596,2.724602,43.99947822,2.004684322,1
17:02:19,2.597,2.723268,43.99947822,1.983666,1
17:02:20,2.597,2.721974,43.99947822,1.962942444,1
17:02:21,2.603,2.720703,43.99947822,1.943496242,1
17:02:22,2.604,2.719556,43.99947822,1.924473606,1
17:02:23,2.604,2.718445,43.99947822,1.905700192,1
17:02:24,2.61,2.717352,43.99947822,1.888150908,1
17:02:25,2.611,2.716379,43.99947822,1.870982349,1
17:02:26,2.611,2.715438,43.99947822,1.854023151,1
17:02:27,2.611,2.714512,43.99947822,1.837268285,1
17:02:28,2.618,2.7136,43.99947822,1.821843,1
17:02:29,2.619,2.712819,43.99947822,1.80675108,1
17:02:30,2.619,2.712066,43.99947822,1.791825518,1
17:02:31,2.619,2.711324,43.99947822,1.777062379,1
17:02:32,2.619,2.710593,43.99947822,1.762458123,1
17:02:33,2.625,2.709871,43.99947822,1.748963445,1
17:02:34,2.626,2.709259,43.99947822,1.735761575,1
17:02:35,2.626,2.708672,43.99947822,1.722688042,1
17:02:36,2.626,2.708091,43.99947822,1.709740236,1
17:02:37,2.627,2.707518,43.99947822,1.697073132,1
17:02:38,2.632,2.706968,43.99947822,1.685308665,1
17:02:39,2.632,2.706506,43.99947822,1.673645154,1
17:02:40,2.633,2.706049,43.99947822,1.662237197,1
17:02:41,2.633,2.705614,43.99947822,1.650923677,1
17:02:42,2.633,2.705182,43.99947822,1.639703102,1
17:02:43,2.634,2.704754,43.99947822,1.628728956,1
17:02:44,2.64,2.704347,43.99947822,1.618770324,1
17:02:45,2.64,2.704041,43.99947822,1.608880237,1
17:02:46,2.64,2.703736,43.99947822,1.599057764,1
17:02:47,2.64,2.703433,43.99947822,1.589301974,1
17:02:48,2.64,2.703131,43.99947822,1.579611935,1
17:02:49,2.64,2.702832,43.99947822,1.569986716,1
17:02:50,2.641,2.702533,43.99947822,1.560578309,1
17:02:51,2.647,2.702252,43.99947822,1.552145928,1
17:02:52,2.647,2.70207,43.99947822,1.543756761,1
17:02:53,2.648,2.701886,43.99947822,1.535562612,1
17:02:54,2.648,2.701717,43.99947822,1.527408231,1
17:02:55,2.648,2.701548,43.99947822,1.519293338,1
17:02:56,2.648,2.701378,43.99947822,1.511217747,1
17:02:57,2.648,2.701206,43.99947822,1.503181085,1
17:02:58,2.648,2.701034,43.99947822,1.495183259,1
17:02:59,2.651,2.700861,43.99947822,1.487675495,1
17:03:00,2.654,2.700735,43.99947822,1.480649039,1
17:03:01,2.654,2.700655,43.99947822,1.473644935,1
17:03:02,2.655,2.700573,43.99947822,1.466813311,1
17:03:03,2.655,2.700504,43.99947822,1.460001618,1
17:03:04,2.655,2.700433,43.99947822,1.453210134,1
17:03:05,2.655,2.700358,43.99947822,1.446438953,1
17:03:06,2.655,2.700281,43.99947822,1.439688168,1
17:03:07,2.655,2.700202,43.99947822,1.432958059,1
17:03:08,2.657,2.700119,43.99947822,1.426545996,1
17:03:09,2.66,2.700067,43.99947822,1.420595311,1
17:03:10,2.661,2.700058,43.99947822,1.414801367,1
17:03:11,2.662,2.700063,43.99947822,1.409161929,1
17:03:12,2.64,2.671429,43.99279952,1.397832856,1
17:03:13,2.639,2.67061,43.98612082,1.386482269,1
17:03:14,2.633,2.669788,43.97944212,1.374372374,1
17:03:15,2.626,2.668881,43.97276342,1.361369528,1
17:03:16,2.625,2.667875,43.96608472,1.348374225,1
17:03:17,2.619,2.666869,43.95940602,1.334650442,1
17:03:18,2.617,2.665781,43.95272732,1.320799626,1
17:03:19,2.611,2.66468,43.94604862,1.306236349,1
17:03:20,2.604,2.663498,43.93936992,1.290826686,1
17:03:21,2.604,2.662224,43.93269122,1.275612134,1
17:03:22,2.597,2.660969,43.92601252,1.259563956,1
17:03:23,2.596,2.659623,43.91933382,1.243574824,1
17:03:24,2.589,2.658283,43.91265512,1.226766314,1
17:03:25,2.588,2.656852,43.90597641,1.21002961,1
17:03:26,2.582,2.655429,43.89929771,1.192633342,1
17:03:27,2.576,2.653933,43.89261901,1.17458906,1
17:03:28,2.575,2.652366,43.88594031,1.156636793,1
17:03:29,2.568,2.650808,43.87926161,1.137900911,1
17:03:30,2.566,2.649165,43.87258291,1.119122561,1
17:03:31,2.56,2.647516,43.86590421,1.09972069,1
17:03:32,2.555,2.645799,43.85922551,1.079851,1
17:03:33,2.552,2.644031,43.85254681,1.059812866,1
17:03:34,2.546,2.642244,43.84586811,1.039172616,1
17:03:35,2.544,2.640392,43.83918941,1.018520817,1
17:03:36,2.538,2.638538,43.83251071,0.997277722,1
17:03:37,2.531,2.63662,43.82583201,0.97530866,1
17:03:38,2.53,2.634623,43.81915331,0.953493919,1
17:03:39,2.524,2.632643,43.81247461,0.931107532,1
17:03:40,2.517,2.630601,43.80579591,0.908014551,1
17:03:41,2.516,2.628482,43.79911721,0.885093305,1
17:03:42,2.509,2.626382,43.79244,0.861474499,1
17:03:43,2.502,2.624207,43.78575981,0.837169681,1
17:03:44,2.5,2.621957,43.77908111,0.812911056,1
17:03:45,2.5,2.619712,43.77240241,0.788985658,1
17:03:46,2.517,2.647285,43.77240241,0.770225003,1
17:03:47,2.524,2.645895,43.77240241,0.752681913,1
17:03:48,2.53,2.644636,43.77240241,0.736192195,1
17:03:49,2.531,2.64349,43.77240241,0.720019545,1
17:03:50,2.531,2.642376,43.77240241,0.704015093,1
17:03:51,2.537,2.641279,43.77240241,0.689037889,1
17:03:52,2.538,2.640291,43.77240241,0.674353214,1
17:03:53,2.538,2.639333,43.77240241,0.659812894,1
17:03:54,2.542,2.638388,43.77240241,0.645988481,1
17:03:55,2.545,2.637519,43.77240241,0.632724958,1
17:03:56,2.546,2.636709,43.77240241,0.619726628,1
17:03:57,2.546,2.635925,43.77240241,0.606846204,1
17:03:58,2.546,2.635151,43.77240241,0.594081962,1
17:03:59,2.552,2.634388,43.77240241,0.582290906,1
17:04:00,2.553,2.633728,43.77240241,0.570742087,1
17:04:01,2.553,2.633091,43.77240241,0.559288822,1
17:04:02,2.553,2.632463,43.77240241,0.547929853,1
17:04:03,2.553,2.631842,43.77240241,0.536663877,1
17:04:04,2.557,2.631228,43.77240241,0.526061095,1
17:04:05,2.559,2.630683,43.77240241,0.515825488,1
17:04:06,2.56,2.630177,43.77240241,0.505808508,1
17:04:07,2.56,2.62969,43.77240241,0.495864404,1
17:04:08,2.56,2.629209,43.77240241,0.485992292,1
17:04:09,2.56,2.628732,43.77240241,0.476191379,1
17:04:10,2.56,2.628261,43.77240241,0.466460828,1
17:04:11,2.561,2.627794,43.77240241,0.456942432,1
17:04:12,2.567,2.627347,43.77240241,0.448345346,1
17:04:13,2.567,2.626998,43.77240241,0.439800555,1
17:04:14,2.568,2.626652,43.77240241,0.431449991,1
17:04:15,2.568,2.626323,43.77240241,0.423148554,1
17:04:16,2.568,2.625997,43.77240241,0.414895872,1
17:04:17,2.568,2.625673,43.77240241,0.406691525,1
17:04:18,2.57,2.625351,43.77240241,0.398819614,1
17:04:19,2.574,2.625063,43.77240241,0.391559489,1
17:04:20,2.574,2.624838,43.77240241,0.384333194,1
17:04:21,2.575,2.624613,43.77240241,0.377282803,1
17:04:22,2.575,2.624405,43.77240241,0.370263751,1
17:04:23,2.575,2.624196,43.77240241,0.363276014,1
17:04:24,2.575,2.623988,43.77240241,0.356319314,1
17:04:25,2.575,2.623779,43.77240241,0.349393999,1
17:04:26,2.575,2.623572,43.77240241,0.342499698,1
17:04:27,2.578,2.623364,43.77240241,0.336062,1
17:04:28,2.581,2.623203,43.77240241,0.330074504,1
17:04:29,2.581,2.623088,43.77240241,0.3241044,1
17:04:30,2.582,2.622971,43.77240241,0.318293832,1
17:04:31,2.582,2.622869,43.77240241,0.312498934,1
17:04:32,2.582,2.622765,43.77240241,0.306719914,1
17:04:33,2.582,2.622659,43.77240241,0.300956983,1
17:04:34,2.582,2.622552,43.77240241,0.295210304,1
17:04:35,2.582,2.622444,43.77240241,0.289480085,1
17:04:36,2.582,2.622334,43.77240241,0.283766445,1
17:04:37,2.587,2.622222,43.77240241,0.278777815,1
17:04:38,2.589,2.622187,43.77240241,0.274078199,1
17:04:39,2.589,2.62218,43.77240241,0.269380352,1
17:04:40,2.589,2.62217,43.77240241,0.264684693,1
17:04:41,2.589,2.622157,43.77240241,0.259991642,1
17:04:42,2.589,2.622141,43.77240241,0.255301665,1
17:04:43,2.589,2.622122,43.77240241,0.250615086,1
17:04:44,2.589,2.622099,43.77240241,0.245932373,1
17:04:45,2.589,2.622075,43.77240241,0.241253851,1
17:04:46,2.589,2.622047,43.77240241,0.236579939,1
17:04:47,2.589,2.622016,43.77240241,0.231910963,1
17:04:48,2.589,2.621984,43.77240241,0.227247295,1
17:04:49,2.552,2.560341,43.75904799,0.21271247,1
17:04:50,2.537,2.558719,43.74569356,0.196287,1
17:04:51,2.518,2.556887,43.73233914,0.177434809,1
17:04:52,2.502,2.554783,43.71898472,0.156619877,1
17:04:53,2.497,2.552459,43.7056303,0.135427655,1
17:04:54,2.497,2.550097,43.69227588,0.114570081,1
17:04:55,2.531,2.609796,43.69227588,0.103438541,1
17:04:56,2.538,2.609078,43.69227588,0.093398464,1
17:04:57,2.545,2.608478,43.69227588,0.084432733,1
17:04:58,2.546,2.607995,43.69227588,0.075677532,1
17:04:59,2.546,2.607532,43.69227588,0.066988548,1
17:05:00,2.549,2.607074,43.69227588,0.058788655,1
17:05:01,2.552,2.606668,43.69227588,0.051070406,1
17:05:02,2.553,2.606313,43.69227588,0.043544368,1
17:05:03,2.553,2.605976,43.69227588,0.036066622,1
17:05:04,2.553,2.605643,43.69227588,0.028636467,1
17:05:05,2.554,2.605312,43.69227588,0.021394841,1
17:05:06,2.559,2.604999,43.69227588,0.014903674,1
17:05:07,2.559,2.604767,43.69227588,0.008445907,1
17:05:08,2.56,2.604536,43.69227588,0.002162162,1
17:05:09,2.56,2.60432,43.69227588,0,1
17:05:10,2.56,2.604429,43.69227588,0,1
17:05:11,2.56,2.604706,43.69227588,0,1
17:05:12,2.56,2.604979,43.69227588,0,1
17:05:13,2.56,2.605248,43.69227588,0,1
17:05:14,2.562,2.605514,43.69227588,0,1
17:05:15,2.567,2.605784,43.69227588,0,1
17:05:16,2.567,2.606073,43.69227588,0,1
17:05:17,2.567,2.606357,43.69227588,0,1
17:05:18,2.568,2.606638,43.69227588,0,1
17:05:19,2.568,2.60692,43.69227588,0,1
17:05:20,2.568,2.607197,43.69227588,0,1
17:05:21,2.568,2.607471,43.69227588,0,1
17:05:22,2.568,2.60774,43.69227588,0,1
17:05:23,2.572,2.608007,43.69227588,0,1
17:05:24,2.574,2.608287,43.69227588,0,1
17:05:25,2.574,2.608572,43.69227588,0,1
17:05:26,2.575,2.608852,43.69227588,0,1
17:05:27,2.575,2.609134,43.69227588,0,1
17:05:28,2.575,2.609411,43.69227588,0,1
17:05:29,2.575,2.609685,43.69227588,0,1
17:05:30,2.575,2.609955,43.69227588,0,1
17:05:31,2.575,2.610222,43.69227588,0,1
17:05:32,2.575,2.610485,43.69227588,0,1
17:05:33,2.575,2.610744,43.69227588,0,1
17:05:34,2.577,2.610999,43.69227588,0,1
17:05:35,2.58,2.61126,43.69227588,0,1
17:05:36,2.581,2.611531,43.69227588,0,1
17:05:37,2.581,2.611801,43.69227588,0,1
17:05:38,2.582,2.612069,43.69227588,0,1
17:05:39,2.582,2.612337,43.69227588,0,1
17:05:40,2.582,2.612601,43.69227588,0,1
17:05:41,2.582,2.612862,43.69227588,0,1
17:05:42,2.582,2.613119,43.69227588,0,1
17:05:43,2.582,2.613372,43.69227588,0,1
17:05:44,2.582,2.613623,43.69227588,0,1
17:05:45,2.582,2.613869,43.69227588,0,1
17:05:46,2.582,2.614113,43.69227588,0,1
17:05:47,2.585,2.614353,43.69227588,0,1
17:05:48,2.588,2.614603,43.69227588,0,1
17:05:49,2.589,2.614862,43.69227588,0,1
17:05:50,2.589,2.615122,43.69227588,0,1
17:05:51,2.589,2.615379,43.69227588,0,1
17:05:52,2.589,2.615632,43.69227588,0,1
17:05:53,2.589,2.615882,43.69227588,0,1
17:05:54,2.589,2.616128,43.69227588,0,1
17:05:55,2.589,2.616371,43.69227588,0,1
17:05:56,2.589,2.616611,43.69227588,0,1
17:05:57,2.589,2.616847,43.69227588,0,1
17:05:58,2.589,2.61708,43.69227588,0,1
17:05:59,2.589,2.617311,43.69227588,0,1
17:06:00,2.589,2.617537,43.69227588,0,1
17:06:01,2.589,2.617761,43.69227588,0,1
17:06:02,2.592,2.617982,43.69227588,0,1
17:06:03,2.595,2.618212,43.69227588,0,1
17:06:04,2.596,2.618453,43.69227588,0,1
17:06:05,2.596,2.618695,43.69227588,0,1
17:06:06,2.596,2.618933,43.69227588,0,1
17:06:07,2.597,2.619168,43.69227588,0,1
17:06:08,2.597,2.619405,43.69227588,0,1
17:06:09,2.597,2.619638,43.69227588,0,1
17:06:10,2.597,2.619868,43.69227588,0,1
17:06:11,2.597,2.620094,43.69227588,0,1
17:06:12,2.597,2.620318,43.69227588,0,1
17:06:13,2.597,2.620538,43.69227588,0,1
17:06:14,2.597,2.620756,43.69227588,0,1
17:06:15,2.597,2.620971,43.69227588,0,1
17:06:16,2.597,2.621182,43.69227588,0,1
17:06:17,2.599,2.621391,43.69227588,0,1
17:06:18,2.601,2.621606,43.69227588,0,1
17:06:19,2.603,2.621826,43.69227588,0,1
17:06:20,2.603,2.622052,43.69227588,0,1
17:06:21,2.603,2.622275,43.69227588,0,1
17:06:22,2.603,2.622495,43.69227588,0,1
17:06:23,2.604,2.622712,43.69227588,0,1
17:06:24,2.604,2.622931,43.69227588,0,1
17:06:25,2.604,2.623146,43.69227588,0,1
17:06:26,2.604,2.623358,43.69227588,0,1
17:06:27,2.604,2.623568,43.69227588,0,1
17:06:28,2.604,2.623775,43.69227588,0,1
17:06:29,2.604,2.623979,43.69227588,0,1
17:06:30,2.604,2.62418,43.69227588,0,1
17:06:31,2.604,2.624378,43.69227588,0,1
17:06:32,2.604,2.624574,43.69227588,0,1
17:06:33,2.604,2.624767,43.69227588,0,1
17:06:34,2.604,2.624957,43.69227588,0,1
17:06:35,2.605,2.625145,43.69227588,0,1
17:06:36,2.608,2.625334,43.69227588,0,1
17:06:37,2.609,2.625534,43.69227588,0,1
17:06:38,2.61,2.625736,43.69227588,0,1
17:06:39,2.61,2.625939,43.69227588,0,1
17:06:40,2.61,2.62614,43.69227588,0,1
17:06:41,2.611,2.626337,43.69227588,0,1
17:06:42,2.611,2.626537,43.69227588,0,1
17:06:43,2.611,2.626733,43.69227588,0,1
17:06:44,2.611,2.626927,43.69227588,0,1
17:06:45,2.611,2.627119,43.69227588,0,1
17:06:46,2.611,2.627307,43.69227588,0,1
17:06:47,2.611,2.627493,43.69227588,0,1
17:06:48,2.611,2.627677,43.69227588,0,1
17:06:49,2.611,2.627858,43.69227588,0,1
17:06:50,2.611,2.628037,43.69227588,0,1
17:06:51,2.611,2.628213,43.69227588,0,1
17:06:52,2.611,2.628387,43.69227588,0,1
17:06:53,2.611,2.628558,43.69227588,0,1
17:06:54,2.612,2.628727,43.69227588,0,1
17:06:55,2.614,2.628898,43.69227588,0,1
17:06:56,2.616,2.629076,43.69227588,0,1
17:06:57,2.618,2.62926,43.69227588,0,1
17:06:58,2.618,2.629449,43.69227588,0,1
17:06:59,2.618,2.629637,43.69227588,0,1
17:07:00,2.618,2.629822,43.69227588,0,1
17:07:01,2.618,2.630004,43.69227588,0,1
17:07:02,2.618,2.630184,43.69227588,0,1
17:07:03,2.619,2.630361,43.69227588,0,1
17:07:04,2.619,2.630541,43.69227588,0,1
17:07:05,2.619,2.630717,43.69227588,0,1
17:07:06,2.619,2.630892,43.69227588,0,1
17:07:07,2.619,2.631064,43.69227588,0,1
17:07:08,2.619,2.631234,43.69227588,0,1
17:07:09,2.619,2.631401,43.69227588,0,1
17:07:10,2.619,2.631566,43.69227588,0,1
17:07:11,2.619,2.631729,43.69227588,0,1
17:07:12,2.619,2.63189,43.69227588,0,1
17:07:13,2.619,2.632048,43.69227588,0,1
17:07:14,2.619,2.632204,43.69227588,0,1
17:07:15,2.619,2.632359,43.69227588,0,1
17:07:16,2.619,2.63251,43.69227588,0,1
17:07:17,2.619,2.63266,43.69227588,0,1
17:07:18,2.621,2.632808,43.69227588,0,1
17:07:19,2.623,2.632963,43.69227588,0,1
17:07:20,2.625,2.633124,43.69227588,0,1
17:07:21,2.625,2.633292,43.69227588,0,1
17:07:22,2.625,2.633457,43.69227588,0,1
17:07:23,2.625,2.633621,43.69227588,0,1
17:07:24,2.626,2.633782,43.69227588,0,1
17:07:25,2.625,2.633945,43.69227588,0,1
17:07:26,2.626,2.634101,43.69227588,0,1
17:07:27,2.626,2.63426,43.69227588,0,1
17:07:28,2.57,2.542343,43.67224276,0.003884613,1
17:07:29,2.545,2.541365,43.65220964,0.000510549,1
17:07:30,2.523,2.540252,43.63217652,0,1
17:07:31,2.498,2.539074,43.6121434,0,1
17:07:32,2.498,2.537805,43.59211028,0,1
17:07:33,2.546,2.628627,43.59211028,0,1
17:07:34,2.553,2.628511,43.59211028,0,1
17:07:35,2.56,2.628428,43.59211028,0,1
17:07:36,2.56,2.628376,43.59211028,0,1
17:07:37,2.565,2.628326,43.59211028,0,1
17:07:38,2.567,2.628297,43.59211028,0,1
17:07:39,2.568,2.628278,43.59211028,0,1
17:07:40,2.568,2.628263,43.59211028,0,1
17:07:41,2.568,2.628249,43.59211028,0,1
17:07:42,2.573,2.628234,43.59211028,0,1
17:07:43,2.574,2.628242,43.59211028,0,1
17:07:44,2.575,2.628254,43.59211028,0,1
17:07:45,2.575,2.62827,43.59211028,0,1
17:07:46,2.575,2.628286,43.59211028,0,1
17:07:47,2.575,2.628302,43.59211028,0,1
17:07:48,2.575,2.628317,43.59211028,0,1
17:07:49,2.575,2.628332,43.59211028,0,1
17:07:50,2.575,2.628347,43.59211028,0,1
17:07:51,2.577,2.628362,43.59211028,0,1
17:07:52,2.58,2.628386,43.59211028,0,1
17:07:53,2.581,2.628422,43.59211028,0,1
17:07:54,2.581,2.628462,43.59211028,0,1
17:07:55,2.581,2.628501,43.59211028,0,1
17:07:56,2.582,2.62854,43.59211028,0,1
17:07:57,2.582,2.628583,43.59211028,0,1
17:07:58,2.582,2.628625,43.59211028,0,1
17:07:59,2.582,2.628666,43.59211028,0,1
17:08:00,2.582,2.628707,43.59211028,0,1
17:08:01,2.582,2.628748,43.59211028,0,1
17:08:02,2.582,2.628788,43.59211028,0,1
17:08:03,2.582,2.628827,43.59211028,0,1
17:08:04,2.582,2.628866,43.59211028,0,1
17:08:05,2.584,2.628904,43.59211028,0,1
17:08:06,2.588,2.628951,43.59211028,0,1
17:08:07,2.589,2.629014,43.59211028,0,1
17:08:08,2.589,2.629081,43.59211028,0,1
17:08:09,2.589,2.629147,43.59211028,0,1
17:08:10,2.589,2.629212,43.59211028,0,1
17:08:11,2.589,2.629276,43.59211028,0,1
17:08:12,2.589,2.629339,43.59211028,0,1
17:08:13,2.589,2.629401,43.59211028,0,1
17:08:14,2.589,2.629463,43.59211028,0,1
17:08:15,2.589,2.629523,43.59211028,0,1
17:08:16,2.589,2.629583,43.59211028,0,1
17:08:17,2.589,2.629642,43.59211028,0,1
17:08:18,2.589,2.6297,43.59211028,0,1
17:08:19,2.589,2.629758,43.59211028,0,1
17:08:20,2.589,2.629814,43.59211028,0,1
17:08:21,2.589,2.62987,43.59211028,0,1
17:08:22,2.589,2.629925,43.59211028,0,1
17:08:23,2.59,2.62998,43.59211028,0,1
17:08:24,2.593,2.630038,43.59211028,0,1
17:08:25,2.595,2.630108,43.59211028,0,1
17:08:26,2.596,2.630186,43.59211028,0,1
17:08:27,2.596,2.630267,43.59211028,0,1
17:08:28,2.596,2.630347,43.59211028,0,1
17:08:29,2.596,2.630426,43.59211028,0,1
17:08:30,2.596,2.630504,43.59211028,0,1
17:08:31,2.597,2.630581,43.59211028,0,1
17:08:32,2.597,2.630661,43.59211028,0,1
17:08:33,2.597,2.630741,43.59211028,0,1
17:08:34,2.597,2.630819,43.59211028,0,1
17:08:35,2.597,2.630896,43.59211028,0,1
17:08:36,2.578,2.600281,43.58543158,0,1
17:08:37,2.568,2.599969,43.57875288,0,1
17:08:38,2.56,2.599619,43.57207417,0,1
17:08:39,2.553,2.599238,43.56539547,0,1
17:08:40,2.546,2.598832,43.55871677,0,1
17:08:41,2.542,2.598401,43.55203807,0,1
17:08:42,2.534,2.597959,43.54535937,0,1
17:08:43,2.527,2.597487,43.53868067,0,1
17:08:44,2.523,2.596992,43.53200197,0,1
17:08:45,2.516,2.596485,43.52532327,0,1
17:08:46,2.508,2.595956,43.51864457,0,1
17:08:47,2.5,2.595398,43.51196587,0,1
17:08:48,2.5,2.594813,43.50529,0,1
17:08:49,2.517,2.624928,43.50529,0,1
17:08:50,2.523,2.624736,43.50529,0,1
17:08:51,2.524,2.624573,43.50529,0,1
17:08:52,2.526,2.624417,43.50529,0,1
17:08:53,2.53,2.624271,43.50529,0,1
17:08:54,2.531,2.624145,43.50529,0,1
17:08:55,2.531,2.624025,43.50529,0,1
17:08:56,2.531,2.623907,43.50529,0,1
17:08:57,2.531,2.62379,43.50529,0,1
17:08:58,2.536,2.623675,43.50529,0,1
17:08:59,2.537,2.623584,43.50529,0,1
17:09:00,2.538,2.623497,43.50529,0,1
17:09:01,2.538,2.623417,43.50529,0,1
17:09:02,2.538,2.623338,43.50529,0,1
17:09:03,2.538,2.623259,43.50529,0,1
17:09:04,2.538,2.623182,43.50529,0,1
17:09:05,2.538,2.623106,43.50529,0,1
17:09:06,2.541,2.62303,43.50529,0,1
17:09:07,2.545,2.622969,43.50529,0,1
17:09:08,2.545,2.622926,43.50529,0,1
17:09:09,2.545,2.622884,43.50529,0,1
17:09:10,2.546,2.622843,43.50529,0,1
17:09:11,2.546,2.622806,43.50529,0,1
17:09:12,2.546,2.62277,43.50529,0,1
17:09:13,2.546,2.622734,43.50529,0,1
17:09:14,2.546,2.622699,43.50529,0,1
17:09:15,2.546,2.622664,43.50529,0,1
17:09:16,2.546,2.62263,43.50529,0,1
17:09:17,2.546,2.622596,43.50529,0,1
17:09:18,2.547,2.622562,43.50529,0,1
17:09:19,2.551,2.622534,43.50529,0,1
17:09:20,2.552,2.622523,43.50529,0,1
17:09:21,2.552,2.622517,43.50529,0,1
17:09:22,2.553,2.622511,43.50529,0,1
17:09:23,2.553,2.622509,43.50529,0,1
17:09:24,2.553,2.622508,43.50529,0,1
17:09:25,2.553,2.622506,43.50529,0,1
17:09:26,2.553,2.622504,43.50529,0,1
17:09:27,2.553,2.622503,43.50529,0,1
17:09:28,2.553,2.622501,43.50529,0,1
17:09:29,2.553,2.6225,43.50529,0,1
17:09:30,2.553,2.622498,43.50529,0,1
17:09:31,2.553,2.622497,43.50529,0,1
17:09:32,2.554,2.622495,43.50529,0,1
17:09:33,2.557,2.622498,43.50529,0,1
17:09:34,2.558,2.622514,43.50529,0,1
17:09:35,2.559,2.622534,43.50529,0,1
17:09:36,2.559,2.622559,43.50529,0,1
17:09:37,2.559,2.622582,43.50529,0,1
17:09:38,2.559,2.622606,43.50529,0,1
17:09:39,2.56,2.622629,43.50529,0,1
17:09:40,2.56,2.622657,43.50529,0,1
17:09:41,2.56,2.622684,43.50529,0,1
17:09:42,2.56,2.62271,43.50529,0,1
17:09:43,2.56,2.622736,43.50529,0,1
17:09:44,2.56,2.622762,43.50529,0,1
17:09:45,2.56,2.622787,43.50529,0,1
17:09:46,2.56,2.622813,43.50529,0,1
17:09:47,2.56,2.622837,43.50529,0,1
17:09:48,2.56,2.622862,43.50529,0,1
17:09:49,2.56,2.622886,43.50529,0,1
17:09:50,2.56,2.62291,43.50529,0,1
17:09:51,2.56,2.622933,43.50529,0,1
17:09:52,2.524,2.561574,43.49193275,0,1
17:09:53,2.501,2.560833,43.47857833,0,1
17:09:54,2.498,2.560003,43.46522391,0,1
17:09:55,2.498,2.55917,43.45186949,0,1
17:09:56,2.531,2.619731,43.45186949,0,1
17:09:57,2.537,2.619671,43.45186949,0,1
17:09:58,2.538,2.619638,43.45186949,0,1
17:09:59,2.538,2.619611,43.45186949,0,1
17:10:00,2.543,2.619583,43.45186949,0,1
17:10:01,2.545,2.619578,43.45186949,0,1
17:10:02,2.546,2.619581,43.45186949,0,1
17:10:03,2.546,2.619589,43.45186949,0,1
17:10:04,2.546,2.619596,43.45186949,0,1
17:10:05,2.546,2.619604,43.45186949,0,1
17:10:06,2.546,2.619612,43.45186949,0,1
17:10:07,2.546,2.619619,43.45186949,0,1
17:10:08,2.546,2.619626,43.45186949,0,1
17:10:09,2.546,2.619633,43.45186949,0,1
17:10:10,2.547,2.61964,43.45186949,0,1
17:10:11,2.55,2.619652,43.45186949,0,1
17:10:12,2.552,2.619676,43.45186949,0,1
17:10:13,2.552,2.619708,43.45186949,0,1
17:10:14,2.552,2.61974,43.45186949,0,1
17:10:15,2.553,2.619772,43.45186949,0,1
17:10:16,2.553,2.619808,43.45186949,0,1
17:10:17,2.553,2.619843,43.45186949,0,1
17:10:18,2.553,2.619878,43.45186949,0,1
17:10:19,2.553,2.619912,43.45186949,0,1
17:10:20,2.553,2.619946,43.45186949,0,1
17:10:21,2.553,2.619979,43.45186949,0,1
17:10:22,2.553,2.620012,43.45186949,0,1
17:10:23,2.553,2.620044,43.45186949,0,1
17:10:24,2.553,2.620077,43.45186949,0,1
17:10:25,2.554,2.620108,43.45186949,0,1
17:10:26,2.557,2.620144,43.45186949,0,1
17:10:27,2.558,2.620192,43.45186949,0,1
17:10:28,2.559,2.620243,43.45186949,0,1
17:10:29,2.559,2.620299,43.45186949,0,1
17:10:30,2.559,2.620353,43.45186949,0,1
17:10:31,2.559,2.620408,43.45186949,0,1
17:10:32,2.559,2.620461,43.45186949,0,1
17:10:33,2.56,2.620513,43.45186949,0,1
17:10:34,2.56,2.620569,43.45186949,0,1
17:10:35,2.56,2.620625,43.45186949,0,1
17:10:36,2.56,2.620679,43.45186949,0,1
17:10:37,2.56,2.620733,43.45186949,0,1
17:10:38,2.56,2.620786,43.45186949,0,1
17:10:39,2.56,2.620839,43.45186949,0,1
17:10:40,2.56,2.62089,43.45186949,0,1
17:10:41,2.56,2.620941,43.45186949,0,1
17:10:42,2.56,2.620991,43.45186949,0,1
17:10:43,2.56,2.621041,43.45186949,0,1
17:10:44,2.56,2.62109,43.45186949,0,1
17:10:45,2.56,2.621138,43.45186949,0,1
17:10:46,2.561,2.621186,43.45186949,0,1
17:10:47,2.562,2.621237,43.45186949,0,1
17:10:48,2.565,2.621292,43.45186949,0,1
17:10:49,2.567,2.621359,43.45186949,0,1
17:10:50,2.567,2.621435,43.45186949,0,1
17:10:51,2.567,2.621509,43.45186949,0,1
17:10:52,2.567,2.621582,43.45186949,0,1
17:10:53,2.567,2.621654,43.45186949,0,1
17:10:54,2.568,2.621725,43.45186949,0,1
17:10:55,2.568,2.621799,43.45186949,0,1
17:10:56,2.568,2.621873,43.45186949,0,1
17:10:57,2.568,2.621945,43.45186949,0,1
17:10:58,2.568,2.622017,43.45186949,0,1
17:10:59,2.568,2.622087,43.45186949,0,1
17:11:00,2.568,2.622157,43.45186949,0,1
17:11:01,2.568,2.622226,43.45186949,0,1
17:11:02,2.568,2.622293,43.45186949,0,1
17:11:03,2.568,2.62236,43.45186949,0,1
17:11:04,2.568,2.622426,43.45186949,0,1
17:11:05,2.568,2.622491,43.45186949,0,1
17:11:06,2.57,2.622555,43.45186949,0,1
17:11:07,2.572,2.622627,43.45186949,0,1
17:11:08,2.574,2.622706,43.45186949,0,1
17:11:09,2.574,2.622794,43.45186949,0,1
17:11:10,2.574,2.62288,43.45186949,0,1
17:11:11,2.574,2.622965,43.45186949,0,1
17:11:12,2.574,2.623048,43.45186949,0,1
17:11:13,2.574,2.623131,43.45186949,0,1
17:11:14,2.575,2.623212,43.45186949,0,1
17:11:15,2.575,2.623297,43.45186949,0,1
17:11:16,2.575,2.623381,43.45186949,0,1
17:11:17,2.575,2.623463,43.45186949,0,1
17:11:18,2.575,2.623544,43.45186949,0,1
17:11:19,2.575,2.623625,43.45186949,0,1
17:11:20,2.575,2.623704,43.45186949,0,1
17:11:21,2.575,2.623782,43.45186949,0,1
17:11:22,2.575,2.623859,43.45186949,0,1
17:11:23,2.575,2.623935,43.45186949,0,1
17:11:24,2.575,2.62401,43.45186949,0,1
17:11:25,2.575,2.624084,43.45186949,0,1
17:11:26,2.575,2.624156,43.45186949,0,1
17:11:27,2.575,2.624228,43.45186949,0,1
17:11:28,2.575,2.624299,43.45186949,0,1
17:11:29,2.576,2.624369,43.45186949,0,1
17:11:30,2.577,2.624442,43.45186949,0,1
17:11:31,2.578,2.624519,43.45186949,0,1
17:11:32,2.58,2.624599,43.45186949,0,1
17:11:33,2.581,2.624686,43.45186949,0,1
17:11:34,2.581,2.624777,43.45186949,0,1
17:11:35,2.581,2.624867,43.45186949,0,1
17:11:36,2.581,2.624955,43.45186949,0,1
17:11:37,2.581,2.625042,43.45186949,0,1
17:11:38,2.582,2.625128,43.45186949,0,1
17:11:39,2.582,2.625217,43.45186949,0,1
17:11:40,2.582,2.625305,43.45186949,0,1
17:11:41,2.582,2.625392,43.45186949,0,1
17:11:42,2.582,2.625478,43.45186949,0,1
17:11:43,2.582,2.625562,43.45186949,0,1
17:11:44,2.582,2.625645,43.45186949,0,1
17:11:45,2.582,2.625727,43.45186949,0,1
17:11:46,2.582,2.625808,43.45186949,0,1
17:11:47,2.582,2.625888,43.45186949,0,1
17:11:48,2.582,2.625967,43.45186949,0,1
17:11:49,2.582,2.626045,43.45186949,0,1
17:11:50,2.582,2.626121,43.45186949,0,1
17:11:51,2.582,2.626197,43.45186949,0,1
17:11:52,2.582,2.626271,43.45186949,0,1
17:11:53,2.582,2.626345,43.45186949,0,1
17:11:54,2.582,2.626417,43.45186949,0,1
17:11:55,2.584,2.626489,43.45186949,0,1
17:11:56,2.585,2.626568,43.45186949,0,1
17:11:57,2.587,2.626651,43.45186949,0,1
17:11:58,2.588,2.626741,43.45186949,0,1
17:11:59,2.589,2.626834,43.45186949,0,1
17:12:00,2.589,2.626931,43.45186949,0,1
17:12:01,2.589,2.627026,43.45186949,0,1
17:12:02,2.589,2.62712,43.45186949,0,1
17:12:03,2.589,2.627212,43.45186949,0,1
17:12:04,2.589,2.627303,43.45186949,0,1
17:12:05,2.589,2.627393,43.45186949,0,1
17:12:06,2.589,2.627482,43.45186949,0,1
17:12:07,2.589,2.62757,43.45186949,0,1
17:12:08,2.589,2.627656,43.45186949,0,1
17:12:09,2.589,2.627741,43.45186949,0,1
17:12:10,2.589,2.627825,43.45186949,0,1
17:12:11,2.589,2.627908,43.45186949,0,1
17:12:12,2.589,2.62799,43.45186949,0,1
17:12:13,2.589,2.628071,43.45186949,0,1
17:12:14,2.589,2.62815,43.45186949,0,1
17:12:15,2.589,2.628228,43.45186949,0,1
17:12:16,2.589,2.628306,43.45186949,0,1
17:12:17,2.589,2.628382,43.45186949,0,1
17:12:18,2.589,2.628457,43.45186949,0,1
17:12:19,2.589,2.628532,43.45186949,0,1
17:12:20,2.589,2.628605,43.45186949,0,1
17:12:21,2.589,2.628677,43.45186949,0,1
17:12:22,2.589,2.628748,43.45186949,0,1
17:12:23,2.589,2.628819,43.45186949,0,1
17:12:24,2.59,2.628888,43.45186949,0,1
17:12:25,2.591,2.628961,43.45186949,0,1
17:12:26,2.593,2.629037,43.45186949,0,1
