Timestamp,V_Meas(Avg),V_Pred(EKF),SoC_CC(%),SoC_EKF(%),dt
23:56:12,3.42,3.419936,94.13999915,94.14253831,1
23:56:13,3.42,3.419999,94.13999915,94.14255023,1
23:56:14,3.377,3.376984,94.11996603,94.1229701,1
23:56:15,3.358,3.375986,94.09993291,93.60004067,1
23:56:16,3.348,3.365721,94.07989979,93.08108091,1
23:56:17,3.339,3.355653,94.05986667,92.59374738,1
23:56:18,3.332,3.346142,94.03983355,92.18059778,1
23:56:19,3.326,3.337915,94.01980042,91.83350205,1
23:56:20,3.319,3.330827,93.9997673,91.49277806,1
23:56:21,3.317,3.323788,93.97973418,91.2915349,1
23:56:22,3.311,3.319325,93.95970106,91.05308056,1
23:56:23,3.307,3.314088,93.93966794,90.84969,1
23:56:24,3.303,3.309489,93.91963482,90.66417813,1
23:56:25,3.298,3.305206,93.8996017,90.46269655,1
23:56:26,3.296,3.300567,93.87956858,90.32958746,1
23:56:27,3.291,3.297282,93.85953546,90.1561439,1
23:56:28,3.289,3.293136,93.83950233,90.03648162,1
23:56:29,3.286,3.290092,93.81946921,89.91921544,1
23:56:30,3.282,3.287081,93.79943609,89.77983594,1
23:56:31,3.281,3.283579,93.77940297,89.70019817,1
23:56:32,3.276,3.281358,93.75936985,89.55765367,1
23:56:33,3.275,3.277738,93.73933673,89.47654366,1
23:56:34,3.274,3.27546,93.71930361,89.59233165,1
23:56:35,3.27,3.274418,93.69927049,89.36005,1
23:56:36,3.267,3.272622,93.67924,89.61248398,1
23:56:37,3.266,3.270019,93.65920424,89.49242,1
23:56:38,3.263,3.266769,93.63917112,89.47494626,1
23:56:39,3.261,3.264193,93.619138,89.46533799,1
23:56:40,3.26,3.261989,93.59910488,89.45112228,1
23:56:41,3.26,3.260497,93.57907176,89.43299651,1
23:56:42,3.258999,3.259929,93.55903864,89.41782117,1
23:56:43,3.257,3.259139,93.53900552,89.40921426,1
23:56:44,3.256,3.257734,93.5189724,89.39621449,1
23:56:45,3.254,3.256583,93.49893928,89.3876791,1
23:56:46,3.253,3.255024,93.47890615,89.37520385,1
23:56:47,3.253,3.253785,93.45887303,89.35856223,1
23:56:48,3.252,3.253186,93.43883991,89.34516311,1
23:56:49,3.252,3.252401,93.41880679,89.32625055,1
23:56:50,3.251,3.252017,93.39877367,89.30746317,1
23:56:51,3.249,3.251338,93.37874055,89.28846121,1
23:56:52,3.248001,3.250025,93.35870743,89.26853538,1
23:56:53,3.247,3.248884,93.33867431,89.24822807,1
23:56:54,3.247,3.247829,93.31864119,89.2279923,1
23:56:55,3.246,3.247303,93.29860806,89.20758367,1
23:56:56,3.244999,3.246553,93.27857494,89.18705583,1
23:56:57,3.244999,3.245692,93.25854182,89.16679621,1
23:56:58,3.244999,3.245263,93.2385087,89.14667368,1
23:56:59,3.244999,3.245049,93.21847558,89.12662268,1
23:57:00,3.244999,3.244941,93.19844246,89.10660744,1
23:57:01,3.244999,3.244887,93.17840934,89.08661604,1
23:57:02,3.244999,3.244859,93.15837622,89.0666306,1
23:57:03,3.244999,3.244845,93.1383431,89.04665112,1
23:57:04,3.244999,3.244837,93.11830997,89.02667761,1
23:57:05,3.244999,3.244832,93.09827685,89.00670409,1
23:57:06,3.244999,3.244829,93.07824373,88.98673058,1
23:57:07,3.244999,3.244827,93.05821061,88.96675706,1
23:57:08,3.244999,3.244825,93.03818,88.9467895,1
23:57:09,3.244999,3.244823,93.01814437,88.92682195,1
23:57:10,3.244,3.244822,92.99811125,88.90648484,1
23:57:11,3.244,3.244333,92.97807813,88.88633251,1
23:57:12,3.243,3.244089,92.95804501,88.86590004,1
23:57:13,3.243,3.243479,92.93801188,88.8456881,1
23:57:14,3.243,3.243176,92.91797876,88.82558942,1
23:57:15,3.243,3.243024,92.89794564,88.80555034,1
23:57:16,3.242,3.242947,92.87791252,88.78515959,1
23:57:17,3.242,3.242421,92.8578794,88.76496553,1
23:57:18,3.242,3.242159,92.83784628,88.74487281,1
23:57:19,3.242,3.242028,92.81781316,88.72482777,1
23:57:20,3.242,3.241961,92.79778004,88.70481253,1
23:57:21,3.242,3.241928,92.77774692,88.68480921,1
23:57:22,3.241,3.24191,92.75771379,88.66441846,1
23:57:23,3.241,3.241413,92.73768067,88.64422441,1
23:57:24,3.241,3.241165,92.71764755,88.62412572,1
23:57:25,3.241,3.241056,92.69761443,88.60406876,1
23:57:26,3.241,3.241003,92.67758131,88.58403563,1
23:57:27,3.241,3.240975,92.65754819,88.56401443,1
23:57:28,3.241,3.240962,92.63751507,88.5439992,1
23:57:29,3.241,3.240954,92.61748195,88.52398396,1
23:57:30,3.241,3.24095,92.59744883,88.50396872,1
23:57:31,3.241,3.240948,92.5774157,88.48395944,1
23:57:32,3.241,3.240946,92.55738258,88.46395016,1
23:57:33,3.24,3.240945,92.53734946,88.44352961,1
23:57:34,3.241,3.240457,92.51731634,88.42372298,1
23:57:35,3.24,3.240701,92.49728322,88.4033978,1
23:57:36,3.24,3.240335,92.4772501,88.38322163,1
23:57:37,3.24,3.240153,92.45721698,88.36312294,1
23:57:38,3.24,3.240061,92.43718386,88.34306598,1
23:57:39,3.24,3.240015,92.41715074,88.3230269,1
23:57:40,3.24,3.239992,92.39712,88.30299973,1
23:57:41,3.24,3.23998,92.37708449,88.28297257,1
23:57:42,3.24,3.239974,92.35705137,88.26295137,1
23:57:43,3.24,3.23997,92.33701825,88.24293017,1
23:57:44,3.24,3.239968,92.31698513,88.22290897,1
23:57:45,3.24,3.239967,92.29695201,88.20288777,1
23:57:46,3.24,3.239966,92.27691889,88.18287253,1
23:57:47,3.24,3.239965,92.25688577,88.16285729,1
23:57:48,3.24,3.239964,92.23685265,88.14284205,1
23:57:49,3.24,3.239963,92.21681952,88.12282681,1
23:57:50,3.239,3.239963,92.1967864,88.10235858,1
23:57:51,3.239,3.239475,92.17675328,88.08211088,1
23:57:52,3.239,3.239232,92.15672016,88.06197047,1
23:57:53,3.239,3.23911,92.13668704,88.04188967,1
23:57:54,3.239,3.23905,92.11665392,88.0218327,1
23:57:55,3.239,3.239019,92.0966208,88.00179362,1
23:57:56,3.239,3.239004,92.07658768,87.9817605,1
23:57:57,3.239,3.238995,92.05655456,87.96172738,1
23:57:58,3.239,3.238991,92.03652143,87.94170022,1
23:57:59,3.239,3.238988,92.01648831,87.92167306,1
23:58:00,3.239,3.238986,91.99645519,87.9016459,1
23:58:01,3.239,3.238985,91.97642207,87.88161874,1
23:58:02,3.239,3.238984,91.95638895,87.86159158,1
23:58:03,3.239,3.238983,91.93635583,87.84156442,1
23:58:04,3.239,3.238983,91.91632271,87.82153726,1
23:58:05,3.239,3.238982,91.89628959,87.8015101,1
23:58:06,3.238,3.238981,91.87625647,87.78100014,1
23:58:07,3.239,3.238493,91.85622334,87.76121736,1
23:58:08,3.238,3.238737,91.83619022,87.74082661,1
23:58:09,3.238,3.238372,91.8161571,87.72060871,1
23:58:10,3.238,3.238189,91.79612398,87.70048022,1
23:58:11,3.238,3.238098,91.77609086,87.68039942,1
23:58:12,3.238,3.238053,91.75606,87.66034245,1
23:58:13,3.238,3.238029,91.73602462,87.64029741,1
23:58:14,3.238,3.238017,91.7159915,87.62025833,1
23:58:15,3.238,3.238011,91.69595838,87.60021925,1
23:58:16,3.238,3.238008,91.67592525,87.58018017,1
23:58:17,3.238,3.238005,91.65589213,87.56014705,1
23:58:18,3.238,3.238004,91.63585901,87.54011393,1
23:58:19,3.238,3.238003,91.61582589,87.5200808,1
23:58:20,3.238,3.238002,91.59579277,87.50004768,1
23:58:21,3.238,3.238001,91.57575965,87.48001456,1
23:58:22,3.238,3.238,91.55572653,87.45998144,1
23:58:23,3.238,3.237999,91.53569341,87.43994832,1
23:58:24,3.238,3.237999,91.51566029,87.4199152,1
23:58:25,3.238,3.237998,91.49562716,87.39988208,1
23:58:26,3.238,3.237997,91.47559404,87.37984896,1
23:58:27,3.238,3.237996,91.45556092,87.35981584,1
23:58:28,3.238,3.237996,91.4355278,87.33978,1
23:58:29,3.238,3.237995,91.41549468,87.31976,1
23:58:30,3.238,3.237994,91.39546156,87.29973,1
23:58:31,3.238,3.237993,91.37542844,87.2797,1
23:58:32,3.238,3.237993,91.35539532,87.25967,1
23:58:33,3.238,3.237992,91.3353622,87.23965,1
23:58:34,3.238,3.237991,91.31532907,87.21962,1
23:58:35,3.238,3.23799,91.29529595,87.19959,1
23:58:36,3.238,3.237989,91.27526283,87.17957,1
23:58:37,3.238,3.237988,91.25522971,87.15954,1
23:58:38,3.238,3.237988,91.23519659,87.13951,1
23:58:39,3.238,3.237987,91.21516347,87.11948,1
23:58:40,3.238,3.237986,91.19513035,87.09946,1
23:58:41,3.238,3.237985,91.17509723,87.07943,1
23:58:42,3.238,3.237984,91.15506411,87.05940843,1
23:58:43,3.238,3.237983,91.13503098,87.03938723,1
23:58:44,3.238,3.237983,91.115,87.01936603,1
23:58:45,3.238,3.237982,91.09496474,86.99934483,1
23:58:46,3.275,3.279373,91.09496474,86.99679971,1
23:58:47,3.275,3.277903,91.09496474,86.99512,1
23:58:48,3.281,3.277173,91.09496474,86.99737787,1
23:58:49,3.282,3.27973,91.09496474,86.99871302,1
23:58:50,3.282,3.281487,91.09496474,86.99901104,1
23:58:51,3.282,3.282361,91.09496474,86.99879646,1
23:58:52,3.288,3.282795,91.09496474,87.00191379,1
23:58:53,3.288,3.285932,91.09496474,87.00314,1
23:58:54,3.289,3.28749,91.09496474,87.00403571,1
23:58:55,3.289,3.288751,91.09496474,87.00418472,1
23:58:56,3.289,3.289378,91.09496474,87.00395823,1
23:58:57,3.289,3.28969,91.09496474,87.00354099,1
23:58:58,3.289,3.289845,91.09496474,87.00302243,1
23:58:59,3.29,3.289922,91.09496474,87.00307012,1
23:59:00,3.294,3.290447,91.09496474,87.00525761,1
23:59:01,3.296,3.292654,91.09496474,87.00729012,1
23:59:02,3.296,3.294725,91.09496474,87.00807691,1
23:59:03,3.296,3.295754,91.09496474,87.00822592,1
23:59:04,3.297,3.296266,91.09496474,87.00868487,1
23:59:05,3.297,3.297007,91.09496474,87.00867891,1
23:59:06,3.297,3.297375,91.09496474,87.00844646,1
23:59:07,3.297,3.297558,91.09496474,87.00810075,1
23:59:08,3.297,3.297649,91.09496474,87.00769544,1
23:59:09,3.297,3.297694,91.09496474,87.00726032,1
23:59:10,3.297,3.297717,91.09496474,87.00680733,1
23:59:11,3.297,3.297728,91.09496474,87.00634241,1
23:59:12,3.297,3.297734,91.09496474,87.00587749,1
23:59:13,3.297,3.297736,91.09496474,87.00540662,1
23:59:14,3.299,3.297738,91.09496474,87.00621128,1
23:59:15,3.301,3.298711,91.09496474,87.00765967,1
23:59:16,3.303,3.300169,91.09496474,87.00948954,1
23:59:17,3.303,3.301867,91.09496474,87.01021075,1
23:59:18,3.303,3.302711,91.09496474,87.01039553,1
23:59:19,3.303,3.30313,91.09496474,87.01031208,1
23:59:20,3.303,3.303339,91.09496474,87.01009154,1
23:59:21,3.303,3.303442,91.09496474,87.00979948,1
23:59:22,3.303,3.303494,91.09496474,87.00947165,1
23:59:23,3.304,3.303519,91.09496474,87.00978756,1
23:59:24,3.303,3.304019,91.09496474,87.00911999,1
23:59:25,3.304,3.30378,91.09496474,87.00926304,1
23:59:26,3.304,3.304148,91.09496474,87.00916171,1
23:59:27,3.304,3.304332,91.09496474,87.00894117,1
23:59:28,3.304,3.304423,91.09496474,87.00866103,1
23:59:29,3.304,3.304468,91.09496474,87.00835109,1
23:59:30,3.304,3.30449,91.09496474,87.00802326,1
23:59:31,3.304,3.304502,91.09496474,87.00768352,1
23:59:32,3.304,3.304507,91.09496474,87.00734377,1
23:59:33,3.304,3.30451,91.09496474,87.00699806,1
23:59:34,3.304,3.304511,91.09496474,87.00664639,1
23:59:35,3.304,3.304512,91.09496474,87.00629473,1
23:59:36,3.304,3.304512,91.09496474,87.00594902,1
23:59:37,3.304,3.304512,91.09496474,87.00559735,1
23:59:38,3.304,3.304512,91.09496474,87.00523973,1
23:59:39,3.304,3.304512,91.09496474,87.00488806,1
23:59:40,3.304,3.304512,91.09496474,87.00453639,1
23:59:41,3.304,3.304512,91.09496474,87.00418472,1
23:59:42,3.304,3.304512,91.09496474,87.0038271,1
23:59:43,3.304,3.304512,91.09496474,87.00346351,1
23:59:44,3.304,3.304512,91.09496474,87.00310588,1
23:59:45,3.304,3.304512,91.09496474,87.00274825,1
23:59:46,3.304,3.304512,91.09496474,87.00239062,1
23:59:47,3.304,3.304512,91.09496474,87.00202703,1
23:59:48,3.296,3.290714,91.08828902,86.99908853,1
23:59:49,3.293,3.293308,91.0816133,86.99219227,1
23:59:50,3.29,3.293138,91.07493758,86.98326945,1
23:59:51,3.289,3.291595,91.06826186,86.97475791,1
23:59:52,3.289,3.29034,91.06158614,86.96712852,1
23:59:53,3.289,3.289715,91.05491042,86.95993423,1
23:59:54,3.289,3.289405,91.0482347,86.95296645,1
23:59:55,3.289,3.28925,91.04155898,86.94611192,1
23:59:56,3.289,3.289173,91.03488326,86.93931103,1
23:59:57,3.289,3.289135,91.02820754,86.93253994,1
23:59:58,3.289,3.289115,91.02153182,86.92578077,1
23:59:59,3.289,3.289105,91.0148561,86.91902757,1
00:00:00,3.289,3.2891,91.00818038,86.91228032,1
00:00:01,3.289,3.289098,91.00150466,86.90553308,1
00:00:02,3.289,3.289096,90.99482894,86.89878583,1
00:00:03,3.289,3.289095,90.98815322,86.89203858,1
00:00:04,3.288,3.289094,90.9814775,86.8845582,1
00:00:05,3.288,3.288607,90.97480178,86.87742949,1
00:00:06,3.288,3.288365,90.96812606,86.87047958,1
00:00:07,3.288,3.288244,90.96145034,86.86361909,1
00:00:08,3.288,3.288184,90.95477462,86.85680628,1
00:00:09,3.288,3.288154,90.9480989,86.85001135,1
00:00:10,3.288,3.288139,90.94142318,86.8432343,1
00:00:11,3.288,3.288131,90.93474746,86.83645725,1
00:00:12,3.288,3.288127,90.92807174,86.82968616,1
00:00:13,3.288,3.288125,90.92139602,86.82291508,1
00:00:14,3.288,3.288123,90.9147203,86.81614399,1
00:00:15,3.288,3.288123,90.90804458,86.8093729,1
00:00:16,3.288,3.288122,90.90136886,86.80260181,1
00:00:17,3.287,3.288121,90.89469314,86.79504991,1
00:00:18,3.287,3.287634,90.88801742,86.78788543,1
00:00:19,3.287,3.287392,90.8813417,86.78090572,1
00:00:20,3.286,3.287271,90.87466598,86.77322865,1
00:00:21,3.286,3.286725,90.86799026,86.76598072,1
00:00:22,3.286,3.286453,90.86131454,86.75895333,1
00:00:23,3.286,3.286317,90.85463881,86.75202727,1
00:00:24,3.286,3.286249,90.84796309,86.74515486,1
00:00:25,3.286,3.286216,90.84128737,86.73831224,1
00:00:26,3.286,3.286198,90.83461165,86.73148155,1
00:00:27,3.285,3.28619,90.82793593,86.72386408,1
00:00:28,3.285,3.285699,90.82126021,86.71662211,1
00:00:29,3.285,3.285455,90.81458449,86.70958281,1
00:00:30,3.284,3.285333,90.80790877,86.70182824,1
00:00:31,3.284,3.284786,90.80123305,86.69451475,1
00:00:32,3.284,3.284514,90.79455733,86.6874218,1
00:00:33,3.284,3.284379,90.78788161,86.68044209,1
00:00:34,3.284,3.284311,90.78120589,86.67351604,1
00:00:35,3.283,3.284277,90.77453017,86.66580915,1
00:00:36,3.283,3.283774,90.76785445,86.65850163,1
00:00:37,3.283,3.283524,90.76117873,86.65139675,1
00:00:38,3.283,3.283399,90.75450301,86.64439321,1
00:00:39,3.283,3.283337,90.74782729,86.6374433,1
00:00:40,3.283,3.283306,90.74115157,86.63051724,1
00:00:41,3.283,3.28329,90.73447585,86.62360311,1
00:00:42,3.283,3.283282,90.72780013,86.61669493,1
00:00:43,3.283,3.283278,90.72112441,86.60978675,1
00:00:44,3.282,3.283276,90.71444869,86.60205007,1
00:00:45,3.282,3.282788,90.70777297,86.59471869,1
00:00:46,3.282,3.282545,90.70109725,86.58758402,1
00:00:47,3.282,3.282424,90.69442153,86.58055067,1
00:00:48,3.282,3.282364,90.68774581,86.57357097,1
00:00:49,3.282,3.282334,90.68107009,86.56660914,1
00:00:50,3.282,3.282318,90.67439437,86.5596652,1
00:00:51,3.282,3.28231,90.66771865,86.55272722,1
00:00:52,3.282,3.282306,90.66104293,86.54578924,1
00:00:53,3.282,3.282304,90.65436721,86.53885126,1
00:00:54,3.282,3.282303,90.64769149,86.53191924,1
00:00:55,3.282,3.282302,90.64101577,86.52498722,1
00:00:56,3.282,3.282301,90.63434005,86.5180552,1
00:00:57,3.282,3.282301,90.62766433,86.51111722,1
00:00:58,3.282,3.2823,90.62098861,86.50417924,1
00:00:59,3.282,3.2823,90.61431289,86.49724126,1
00:01:00,3.282,3.2823,90.60763717,86.49030924,1
00:01:01,3.282,3.282299,90.60096145,86.48337126,1
00:01:02,3.282,3.282299,90.59428573,86.47643328,1
00:01:03,3.282,3.282299,90.58761001,86.4694953,1
00:01:04,3.282,3.282298,90.58093429,86.46255732,1
00:01:05,3.282,3.282298,90.57425857,86.45561934,1
00:01:06,3.282,3.282297,90.56758285,86.44868135,1
00:01:07,3.282,3.282297,90.56090713,86.44174337,1
00:01:08,3.282,3.282296,90.55423141,86.43479943,1
00:01:09,3.282,3.282296,90.54755569,86.42786145,1
00:01:10,3.282,3.282296,90.54087996,86.42092347,1
00:01:11,3.282,3.282295,90.53420424,86.41398549,1
00:01:12,3.282,3.282295,90.52752852,86.40704155,1
00:01:13,3.282,3.282295,90.5208528,86.40010357,1
00:01:14,3.282,3.282294,90.51417708,86.39317,1
00:01:15,3.282,3.282294,90.50750136,86.38622761,1
00:01:16,3.282,3.282293,90.50082564,86.37928367,1
00:01:17,3.282,3.282293,90.49414992,86.37233973,1
00:01:18,3.282,3.282293,90.4874742,86.36540174,1
00:01:19,3.282,3.282292,90.48079848,86.3584578,1
00:01:21,3.282,3.282291,90.47412276,86.35151386,1
00:01:21,3.282,3.282291,90.46744704,86.34456992,1
00:01:22,3.282,3.282291,90.46077132,86.33762598,1
00:01:23,3.282,3.28229,90.4540956,86.33068204,1
00:01:24,3.282,3.28229,90.44741988,86.32374,1
00:01:25,3.282,3.28229,90.44074416,86.31679416,1
00:01:26,3.282,3.282289,90.43406844,86.30985022,1
00:01:27,3.282,3.282289,90.42739272,86.30290031,1
00:01:28,3.282,3.282288,90.420717,86.29595637,1
00:01:29,3.282,3.282288,90.41404128,86.28901243,1
00:01:30,3.282,3.282288,90.40736556,86.28206849,1
00:01:32,3.282,3.282287,90.40068984,86.27511859,1
00:01:32,3.282,3.282287,90.39401412,86.26817465,1
00:01:34,3.282,3.282286,90.3873384,86.26123071,1
00:01:35,3.282,3.282286,90.38066268,86.25428081,1
00:01:35,3.282,3.282286,90.37398696,86.24733686,1
00:01:36,3.282,3.282285,90.36731124,86.24039292,1
00:01:37,3.282,3.282285,90.36063552,86.23344302,1
00:01:38,3.282,3.282284,90.3539598,86.22649312,1
00:01:39,3.282,3.282284,90.34728408,86.21954918,1
00:01:40,3.282,3.282284,90.34060836,86.21259928,1
00:01:41,3.282,3.282283,90.33393264,86.20564938,1
00:01:42,3.282,3.282283,90.32725692,86.19869947,1
00:01:44,3.282,3.282282,90.3205812,86.19175,1
00:01:44,3.282,3.282282,90.31390548,86.18479967,1
00:01:45,3.282,3.282281,90.30722976,86.17784977,1
00:01:46,3.282,3.282281,90.30055404,86.17089987,1
00:01:48,3.282,3.28228,90.29387832,86.16394997,1
00:01:48,3.282,3.28228,90.2872026,86.15700006,1
00:01:49,3.282,3.28228,90.28052688,86.1500442,1
00:01:50,3.282,3.282279,90.27385116,86.1430943,1
00:01:51,3.282,3.282279,90.26717544,86.1361444,1
00:01:52,3.282,3.282279,90.26049972,86.12919,1
00:01:53,3.282,3.282278,90.253824,86.12223864,1
00:01:54,3.282,3.282278,90.24714828,86.11528873,1
00:01:56,3.282,3.282277,90.24047256,86.10833287,1
00:01:57,3.282,3.282277,90.23379683,86.10138297,1
00:01:57,3.282,3.282277,90.22712111,86.09443307,1
00:01:58,3.282,3.282276,90.22044539,86.08747721,1
00:01:59,3.282,3.282276,90.21376967,86.08052731,1
00:02:01,3.282,3.282275,90.20709395,86.07357144,1
00:02:01,3.282,3.282275,90.20041823,86.06662154,1
00:02:02,3.282,3.282274,90.19374251,86.05967164,1
00:02:03,3.282,3.282274,90.18706679,86.05271578,1
00:02:04,3.282,3.282274,90.18039107,86.04576588,1
00:02:05,3.282,3.282273,90.17371535,86.03881001,1
00:02:06,3.282,3.282273,90.16703963,86.03185415,1
00:02:07,3.282,3.282272,90.16036391,86.02489829,1
00:02:08,3.282,3.282272,90.15368819,86.01794243,1
00:02:09,3.282,3.282272,90.14701247,86.01098657,1
00:02:10,3.282,3.282271,90.14033675,86.0040307,1
00:02:11,3.282,3.282271,90.13366103,85.99707484,1
00:02:12,3.282,3.28227,90.12698531,85.99011898,1
00:02:13,3.282,3.28227,90.12030959,85.98315716,1
00:02:14,3.282,3.28227,90.11363387,85.9762013,1
00:02:15,3.282,3.282269,90.10695815,85.96924543,1
00:02:16,3.282,3.282269,90.10028243,85.96228957,1
00:02:17,3.282,3.282268,90.09360671,85.95533371,1
00:02:18,3.282,3.282268,90.08693099,85.94837,1
00:02:19,3.282,3.282267,90.08025527,85.94141603,1
00:02:20,3.282,3.282267,90.07357955,85.9344542,1
00:02:22,3.282,3.282267,90.06690383,85.92749834,1
00:02:23,3.282,3.282266,90.06022811,85.92053652,1
00:02:23,3.282,3.282266,90.05355239,85.91358066,1
00:02:24,3.282,3.282265,90.04687667,85.90662479,1
00:02:25,3.282,3.282265,90.04020095,85.89966297,1
00:02:26,3.282,3.282264,90.03352523,85.89270711,1
00:02:27,3.282,3.282264,90.02684951,85.88574529,1
00:02:28,3.282,3.282264,90.02017379,85.87878942,1
00:02:29,3.282,3.282263,90.01349807,85.8718276,1
00:02:30,3.282,3.282263,90.00682235,85.86487174,1
00:02:32,3.282,3.282262,90.00014663,85.85791588,1
00:02:32,3.282,3.282262,89.99347091,85.85095406,1
00:02:33,3.282,3.282261,89.98679519,85.84399819,1
00:02:34,3.282,3.282261,89.98011947,85.83703637,1
00:02:36,3.282,3.282261,89.97344375,85.83008051,1
00:02:36,3.282,3.28226,89.96676803,85.82311869,1
00:02:37,3.282,3.28226,89.96009231,85.81616282,1
00:02:38,3.282,3.282259,89.95341659,85.809201,1
00:02:40,3.282,3.282259,89.94674087,85.80223918,1
00:02:41,3.282,3.282258,89.94006515,85.79527736,1
00:02:41,3.282,3.282258,89.93338943,85.78831553,1
00:02:42,3.282,3.282258,89.92671371,85.78135371,1
00:02:43,3.282,3.282258,89.92003798,85.77438593,1
00:02:45,3.282,3.282257,89.91336226,85.76742411,1
00:02:45,3.282,3.282257,89.90668654,85.76046228,1
00:02:46,3.282,3.282256,89.90001082,85.75350046,1
00:02:47,3.282,3.282256,89.8933351,85.74653864,1
00:02:49,3.282,3.282255,89.88665938,85.73957682,1
00:02:49,3.282,3.282255,89.87998366,85.73261499,1
00:02:50,3.282,3.282254,89.87330794,85.72565317,1
00:02:51,3.282,3.282254,89.86663222,85.71869135,1
00:02:53,3.282,3.282254,89.8599565,85.71172953,1
00:02:54,3.282,3.282253,89.85328078,85.70476174,1
00:02:54,3.282,3.282253,89.84660506,85.69779992,1
00:02:55,3.282,3.282252,89.83992934,85.69083214,1
00:02:56,3.282,3.282252,89.83325362,85.68387032,1
00:02:58,3.282,3.282251,89.8265779,85.67690253,1
00:02:58,3.282,3.282251,89.81990218,85.66994071,1
00:02:59,3.282,3.28225,89.81322646,85.66297293,1
00:03:00,3.282,3.28225,89.80655074,85.6560111,1
00:03:02,3.282,3.28225,89.79987502,85.64904332,1
00:03:03,3.282,3.282249,89.7931993,85.6420815,1
00:03:03,3.282,3.282249,89.78652358,85.63511372,1
00:03:05,3.282,3.282248,89.77984786,85.62815189,1
00:03:06,3.282,3.282248,89.77317214,85.62118411,1
00:03:07,3.282,3.282248,89.76649642,85.61422229,1
00:03:07,3.282,3.282247,89.7598207,85.60725451,1
00:03:09,3.282,3.282247,89.75314498,85.60029268,1
00:03:10,3.282,3.282246,89.74646926,85.5933249,1
00:03:11,3.282,3.282246,89.73979354,85.58636308,1
00:03:12,3.282,3.282245,89.73311782,85.57939529,1
00:03:12,3.282,3.282245,89.7264421,85.57243,1
00:03:13,3.282,3.282244,89.71976638,85.56546569,1
00:03:15,3.282,3.282244,89.71309066,85.55850387,1
00:03:16,3.282,3.282244,89.70641494,85.55153608,1
00:03:16,3.282,3.282243,89.69973922,85.54457426,1
00:03:18,3.282,3.282243,89.6930635,85.53760648,1
00:03:19,3.282,3.282242,89.68638778,85.53064466,1
00:03:20,3.282,3.282242,89.67971206,85.52367687,1
00:03:20,3.282,3.282241,89.67303634,85.51671505,1
00:03:21,3.282,3.282241,89.66636062,85.50974727,1
00:03:23,3.282,3.28224,89.6596849,85.50278544,1
00:03:24,3.282,3.28224,89.65300918,85.49581766,1
00:03:25,3.282,3.28224,89.64633346,85.48885584,1
00:03:25,3.282,3.282239,89.63965774,85.48188806,1
00:03:27,3.282,3.282239,89.63298202,85.47492623,1
00:03:28,3.282,3.282238,89.6263063,85.46795845,1
00:03:29,3.282,3.282238,89.61963058,85.46099663,1
00:03:29,3.282,3.282238,89.61295485,85.45402884,1
00:03:30,3.282,3.282237,89.60627913,85.44706702,1
00:03:32,3.282,3.282237,89.59960341,85.44009924,1
00:03:33,3.282,3.282236,89.59292769,85.43313742,1
00:03:34,3.282,3.282236,89.58625197,85.42616963,1
00:03:34,3.282,3.282235,89.57957625,85.41920781,1
00:03:36,3.282,3.282235,89.57290053,85.41224003,1
00:03:37,3.282,3.282234,89.56622481,85.40527821,1
00:03:38,3.281,3.282234,89.55954909,85.39705873,1
00:03:38,3.282,3.281748,89.55287337,85.39069891,1
00:03:40,3.282,3.281992,89.54619765,85.38403511,1
00:03:41,3.282,3.282113,89.53952193,85.3772223,1
00:03:42,3.281,3.282173,89.53284621,85.36907434,1
00:03:43,3.282,3.281717,89.52617049,85.36275029,1
00:03:44,3.282,3.281975,89.51949477,85.35610437,1
00:03:45,3.282,3.282104,89.51281905,85.34929752,1
00:03:46,3.282,3.282167,89.50614333,85.34241319,1
00:03:47,3.282,3.282199,89.49946761,85.33548713,1
00:03:48,3.281,3.282214,89.49279189,85.32728553,1
00:03:49,3.282,3.281736,89.48611617,85.32094359,1
00:03:50,3.282,3.281983,89.47944045,85.31429172,1
00:03:51,3.281,3.282107,89.47276473,85.30622125,1
00:03:51,3.282,3.281682,89.46608901,85.29995084,1
00:03:53,3.282,3.281956,89.45941329,85.29332876,1
00:03:54,3.282,3.282092,89.45273757,85.28653383,1
00:03:55,3.282,3.282159,89.44606185,85.27966,1
00:03:56,3.281,3.282193,89.43938613,85.27145,1
00:03:57,3.282,3.281723,89.43271041,85.26513577,1
00:03:58,3.281,3.281976,89.42603469,85.25719047,1
00:03:59,3.282,3.281615,89.41935897,85.25101542,1
00:04:00,3.282,3.281921,89.41268325,85.24444103,1
00:04:01,3.281,3.282073,89.40600753,85.23638844,1
00:04:02,3.282,3.281663,89.39933181,85.23014784,1
00:04:03,3.281,3.281945,89.39265609,85.22225022,1
00:04:04,3.281,3.281599,89.38598037,85.21478772,1
00:04:05,3.281,3.281426,89.37930465,85.20756,1
00:04:06,3.282,3.281341,89.37262893,85.20175219,1
00:04:07,3.281,3.281783,89.36595321,85.19404531,1
00:04:08,3.281,3.281518,89.35927749,85.18669605,1
00:04:09,3.281,3.281385,89.35260177,85.17950773,1
00:04:10,3.281,3.28132,89.34592605,85.17240882,1
00:04:11,3.281,3.281286,89.33925033,85.16535163,1
00:04:12,3.281,3.28127,89.33257461,85.15832424,1
00:04:13,3.281,3.281261,89.32589889,85.15130281,1
00:04:14,3.281,3.281257,89.31922317,85.14428735,1
00:04:15,3.281,3.281254,89.31254745,85.13727188,1
00:04:16,3.281,3.281253,89.30587173,85.13025641,1
00:04:17,3.281,3.281252,89.299196,85.12324095,1
00:04:18,3.281,3.281251,89.29252028,85.11623144,1
00:04:19,3.281,3.281251,89.28584456,85.10922194,1
00:04:20,3.281,3.28125,89.27916884,85.10221243,1
00:04:21,3.281,3.28125,89.27249312,85.09520292,1
00:04:22,3.281,3.281249,89.2658174,85.08819342,1
00:04:23,3.281,3.281249,89.25914168,85.08118391,1
00:04:24,3.281,3.281248,89.25246596,85.0741744,1
00:04:25,3.281,3.281248,89.24579024,85.0671649,1
00:04:26,3.281,3.281248,89.23911452,85.06015539,1
00:04:27,3.281,3.281247,89.2324388,85.05314589,1
00:04:28,3.281,3.281247,89.22576308,85.04613638,1
00:04:29,3.281,3.281246,89.21908736,85.03912687,1
00:04:30,3.281,3.281246,89.21241164,85.03211737,1
00:04:31,3.281,3.281245,89.20573592,85.02510786,1
00:04:32,3.281,3.281245,89.1990602,85.01809835,1
00:04:33,3.281,3.281245,89.19238448,85.01108885,1
00:04:34,3.281,3.281244,89.18570876,85.00407934,1
00:04:35,3.281,3.281244,89.17903304,84.99706984,1
00:04:36,3.281,3.281243,89.17235732,84.99006033,1
00:04:37,3.281,3.281243,89.1656816,84.98305082,1
00:04:38,3.281,3.281242,89.15900588,84.97604132,1
00:04:39,3.281,3.281242,89.15233016,84.96903181,1
00:04:40,3.281,3.281241,89.14565444,84.9620223,1
00:04:41,3.281,3.281241,89.13897872,84.9550128,1
00:04:42,3.281,3.28124,89.132303,84.94800329,1
00:04:43,3.281,3.28124,89.12562728,84.94099379,1
00:04:44,3.281,3.28124,89.11895156,84.93398428,1
00:04:45,3.281,3.281239,89.11227584,84.92697477,1
00:04:46,3.281,3.281239,89.10560012,84.91996527,1
00:04:47,3.281,3.281238,89.0989244,84.91295576,1
00:04:48,3.281,3.281238,89.09224868,84.90594625,1
00:04:49,3.281,3.281237,89.08557296,84.89893675,1
00:04:50,3.281,3.281237,89.07889724,84.89192724,1
00:04:51,3.281,3.281236,89.07222152,84.88491774,1
00:04:52,3.281,3.281236,89.0655458,84.87790823,1
00:04:53,3.281,3.281235,89.05887008,84.87089872,1
00:04:54,3.281,3.281235,89.05219436,84.86388922,1
00:04:55,3.281,3.281235,89.04551864,84.85687971,1
00:04:56,3.281,3.281234,89.03884292,84.8498702,1
00:04:57,3.281,3.281234,89.0321672,84.8428607,1
00:04:58,3.281,3.281233,89.02549148,84.83584523,1
00:04:59,3.281,3.281233,89.01881576,84.82883573,1
00:05:00,3.281,3.281232,89.01214004,84.82182622,1
00:05:01,3.281,3.281232,89.00546432,84.81481075,1
00:05:02,3.281,3.281231,88.9987886,84.80780125,1
00:05:03,3.28,3.281231,88.99211287,84.79934931,1
00:05:04,3.28,3.280746,88.98543715,84.79159474,1
00:05:05,3.28,3.280504,88.97876143,84.78418589,1
00:05:06,3.28,3.280384,88.97208571,84.77694988,1
00:05:07,3.28,3.280324,88.96540999,84.76980329,1
00:05:08,3.28,3.280293,88.95873427,84.76269841,1
00:05:09,3.28,3.280278,88.95205855,84.75561738,1
00:05:10,3.28,3.280271,88.94538283,84.74854827,1
00:05:11,3.279,3.280267,88.93870711,84.73998904,1
00:05:12,3.28,3.279779,88.93203139,84.73363519,1
00:05:13,3.279,3.280022,88.92535567,84.72545743,1
00:05:14,3.279,3.279657,88.91867995,84.71780419,1
00:05:15,3.279,3.279475,88.91200423,84.71042514,1
00:05:16,3.279,3.279384,88.90532851,84.70317721,1
00:05:17,3.279,3.279339,88.89865279,84.69600081,1
00:05:18,3.279,3.279317,88.89197707,84.68884826,1
00:05:19,3.279,3.279305,88.88530135,84.68171954,1
00:05:20,3.279,3.279299,88.87862563,84.67459679,1
00:05:21,3.278,3.279296,88.87194991,84.66597795,1
00:05:22,3.278,3.27881,88.86527419,84.65810418,1
00:05:23,3.278,3.278567,88.85859847,84.65058208,1
00:05:24,3.278,3.278447,88.85192275,84.64323282,1
00:05:25,3.278,3.278387,88.84524703,84.63597894,1
00:05:26,3.278,3.278357,88.83857131,84.62876081,1
00:05:27,3.277,3.278341,88.83189559,84.62007642,1
00:05:28,3.277,3.277848,88.82521987,84.61212516,1
00:05:29,3.277,3.277603,88.81854415,84.60453749,1
00:05:30,3.277,3.277481,88.81186843,84.59713459,1
00:05:31,3.277,3.27742,88.80519271,84.5898211,1
00:05:32,3.276,3.27739,88.79851699,84.58101153,1
00:05:33,3.277,3.27689,88.79184127,84.57450271,1
00:05:34,3.276,3.277126,88.78516555,84.56612825,1
00:05:35,3.276,3.276758,88.77848983,84.55830216,1
00:05:36,3.276,3.276575,88.77181411,84.55073833,1
00:05:37,3.276,3.276484,88.76513839,84.54331756,1
00:05:38,3.276,3.276438,88.75846267,84.53597426,1
00:05:39,3.276,3.276415,88.75178695,84.52865481,1
00:05:40,3.276,3.276404,88.74511123,84.52136517,1
00:05:41,3.276,3.276398,88.73843551,84.51408148,1
00:05:42,3.276,3.276395,88.73175979,84.50679183,1
00:05:43,3.276,3.276393,88.72508407,84.49950814,1
00:05:44,3.276,3.276392,88.71840835,84.49222445,1
00:05:45,3.276,3.276391,88.71173263,84.48494077,1
00:05:46,3.276,3.27639,88.70505691,84.47766304,1
00:05:47,3.276,3.27639,88.69838119,84.47038531,1
00:05:48,3.276,3.276389,88.69170547,84.46310759,1
00:05:49,3.276,3.276389,88.68502975,84.4558239,1
00:05:50,3.289,3.28953,88.68502975,84.45498347,1
00:05:51,3.289,3.289703,88.68502975,84.45387483,1
00:05:52,3.289,3.289789,88.68502975,84.45264697,1
00:05:53,3.292,3.289832,88.68502975,84.4560802,1
00:05:54,3.296,3.291309,88.68502975,84.46349502,1
00:05:55,3.296,3.293983,88.68502975,84.46664214,1
00:05:56,3.296,3.295312,88.68502975,84.46773887,1
00:05:57,3.297,3.295972,88.68502975,84.46935415,1
00:05:58,3.297,3.296785,88.68502975,84.46969986,1
00:05:59,3.297,3.297189,88.68502975,84.46940184,1
00:06:00,3.297,3.297389,88.68502975,84.46878791,1
00:06:01,3.297,3.297489,88.68502975,84.46801305,1
00:06:02,3.297,3.297539,88.68502975,84.4671607,1
00:06:03,3.297,3.297563,88.68502975,84.46626663,1
00:06:04,3.297,3.297575,88.68502975,84.4653368,1
00:06:05,3.297,3.297581,88.68502975,84.46440101,1
00:06:06,3.297,3.297584,88.68502975,84.46346521,1
00:06:07,3.297,3.297586,88.68502975,84.46252346,1
00:06:08,3.297,3.297586,88.68502975,84.46159,1
00:06:09,3.298,3.297587,88.68502975,84.4622612,1
00:06:10,3.299,3.298072,88.68502975,84.46375728,1
00:06:11,3.301,3.298798,88.68502975,84.46730971,1
00:06:12,3.302,3.300129,88.68502975,84.47032571,1
00:06:13,3.303,3.301276,88.68502975,84.47307348,1
00:06:14,3.303,3.302331,88.68502975,84.47414637,1
00:06:15,3.303,3.302855,88.68502975,84.47438478,1
00:06:16,3.303,3.303115,88.68502975,84.47420001,1
00:06:17,3.303,3.303244,88.68502975,84.47380662,1
00:06:18,3.303,3.303308,88.68502975,84.47330594,1
00:06:19,3.303,3.30334,88.68502975,84.47274566,1
00:06:20,3.303,3.303356,88.68502975,84.47216153,1
00:06:21,3.303,3.303364,88.68502975,84.47156549,1
00:06:22,3.303,3.303368,88.68502975,84.47096944,1
00:06:23,3.304,3.30337,88.68502975,84.47200656,1
00:06:24,3.304,3.303856,88.68502975,84.47223902,1
00:06:25,3.304,3.304098,88.68502975,84.47207808,1
00:06:26,3.304,3.304218,88.68502975,84.47172046,1
00:06:27,3.304,3.304277,88.68502975,84.4712615,1
00:06:28,3.304,3.304307,88.68502975,84.47076082,1
00:06:29,3.304,3.304321,88.68502975,84.47023034,1
00:06:30,3.304,3.304329,88.68502975,84.4696939,1
00:06:31,3.304,3.304332,88.68502975,84.4691515,1
00:06:32,3.304,3.304334,88.68502975,84.46860313,1
00:06:33,3.304,3.304335,88.68502975,84.46804285,1
00:06:34,3.304,3.304335,88.68502975,84.46748257,1
00:06:35,3.304,3.304335,88.68502975,84.46692228,1
00:06:36,3.304,3.304336,88.68502975,84.46636,1
00:06:37,3.304,3.304336,88.68502975,84.46580172,1
00:06:38,3.304,3.304335,88.68502975,84.46524143,1
00:06:39,3.304,3.304335,88.68502975,84.46468115,1
00:06:40,3.304,3.304336,88.68502975,84.46412086,1
00:06:41,3.304,3.304335,88.68502975,84.46356058,1
00:06:42,3.304,3.304335,88.68502975,84.4630003,1
00:06:43,3.304,3.304335,88.68502975,84.46244001,1
00:06:44,3.304,3.304335,88.68502975,84.46187973,1
00:06:45,3.304,3.304335,88.68502975,84.46131945,1
00:06:46,3.304,3.304335,88.68502975,84.4607532,1
00:06:47,3.304,3.304335,88.68502975,84.46018696,1
00:06:48,3.304,3.304335,88.68502975,84.45962667,1
00:06:49,3.304,3.304335,88.68502975,84.45906639,1
00:06:50,3.304,3.304335,88.68502975,84.45850015,1
00:06:51,3.304,3.304335,88.68502975,84.4579339,1
00:06:52,3.304,3.304335,88.68502975,84.45736766,1
00:06:53,3.282,3.278051,88.67167234,84.45070982,1
00:06:57,3.277,3.279644,88.65831494,84.43285823,1
00:06:58,3.275,3.278014,88.64495754,84.41436887,1
00:06:59,3.275,3.276234,88.63160014,84.39890742,1
00:06:59,3.274,3.275347,88.61824274,84.38324928,1
00:07:00,3.272,3.274421,88.60488534,84.36569571,1
00:07:00,3.269,3.272991,88.59152794,84.34545398,1
00:07:00,3.267,3.270827,88.57817054,84.32558179,1
00:07:01,3.267,3.26878,88.56481314,84.30913687,1
00:07:02,3.266,3.267761,88.55145574,84.29273367,1
00:07:03,3.266,3.26677,88.53809834,84.27805901,1
00:07:05,3.265,3.266276,88.52474093,84.26250219,1
00:07:07,3.262001,3.265545,88.51138353,84.24301,1
00:07:09,3.261,3.263729,88.49802613,84.22492146,1
00:07:09,3.26,3.26234,88.48466873,84.20749307,1
00:07:09,3.26,3.261164,88.47131133,84.19207931,1
00:07:10,3.26,3.260579,88.45795393,84.17770267,1
00:07:10,3.26,3.260287,88.44459653,84.16384459,1
00:07:11,3.26,3.260142,88.43123913,84.15023685,1
00:07:12,3.26,3.260069,88.41788173,84.13676023,1
00:07:13,3.26,3.260032,88.40452433,84.12334919,1
00:07:14,3.26,3.260014,88.39116693,84.10996795,1
00:07:15,3.258999,3.260004,88.37780952,84.09484029,1
00:07:16,3.258999,3.259514,88.36445212,84.08055902,1
00:07:17,3.258999,3.25927,88.35109472,84.06671882,1
00:07:18,3.258999,3.259148,88.33773732,84.05309319,1
00:07:19,3.258999,3.259087,88.32437992,84.03958082,1
00:07:22,3.258,3.259057,88.31102252,84.02435184,1
00:07:23,3.257,3.258557,88.29766512,84.00822282,1
00:07:24,3.256,3.257824,88.28430772,83.991611,1
00:07:26,3.256,3.256975,88.27095,83.97650719,1
00:07:28,3.256,3.256552,88.25759292,83.96214843,1
00:07:28,3.255,3.256341,88.24423552,83.94639492,1
00:07:29,3.255,3.255752,88.23087811,83.93167257,1
00:07:29,3.254,3.255458,88.21752071,83.91570449,1
00:07:29,3.253,3.254828,88.20416331,83.89905691,1
00:07:29,3.253,3.25403,88.19080591,83.88383985,1
00:07:30,3.253,3.253633,88.17744851,83.86933804,1
00:07:31,3.253,3.253434,88.16409111,83.85519385,1
00:07:32,3.253,3.253335,88.15073371,83.84122849,1
00:07:33,3.253,3.253286,88.13737631,83.82734656,1
00:07:34,3.253,3.253261,88.12401891,83.81351829,1
00:07:35,3.253,3.253248,88.11066151,83.79970789,1
00:07:36,3.253,3.253241,88.09730411,83.78590941,1
00:07:37,3.253,3.253237,88.0839467,83.7721169,1
00:07:38,3.253,3.253236,88.0705893,83.75832438,1
00:07:40,3.253,3.253234,88.0572319,83.74453187,1
00:07:42,3.253,3.253233,88.0438745,83.73074532,1
00:07:43,3.253,3.253232,88.0305171,83.7169528,1
00:07:44,3.253,3.253231,88.0171597,83.70317221,1
00:07:44,3.253,3.25323,88.0038023,83.68938565,1
00:07:44,3.252,3.25323,87.9904449,83.67376328,1
00:07:45,3.253,3.252745,87.9770875,83.66087675,1
00:07:46,3.252,3.252988,87.9637301,83.64568353,1
00:07:47,3.252,3.252624,87.9503727,83.63116384,1
00:07:48,3.252,3.252443,87.9370153,83.61697197,1
00:07:49,3.252,3.252352,87.92365789,83.60295296,1
00:07:50,3.252,3.252307,87.91030049,83.58901739,1
00:07:51,3.252,3.252284,87.89694309,83.57512355,1
00:07:52,3.252,3.252272,87.88358569,83.56125951,1
00:07:53,3.252,3.252266,87.87022829,83.54739547,1
00:07:54,3.252,3.252263,87.85687089,83.53354335,1
00:07:55,3.252,3.252261,87.84351,83.51969719,1
00:07:56,3.252,3.252259,87.83015609,83.50585103,1
00:07:57,3.252,3.252258,87.81679869,83.49200487,1
00:07:58,3.252,3.252257,87.80344129,83.47815871,1
00:07:59,3.252,3.252257,87.79008389,83.46431255,1
00:08:00,3.251,3.252256,87.77672648,83.4485352,1
00:08:01,3.251,3.251771,87.76336908,83.43371153,1
00:08:02,3.251,3.251529,87.75001168,83.41934085,1
00:08:03,3.25,3.251409,87.73665428,83.40325356,1
00:08:04,3.25,3.250865,87.72329688,83.38822722,1
00:08:05,3.25,3.250594,87.70993948,83.37373734,1
00:08:06,3.25,3.250459,87.69658208,83.35949779,1
00:08:07,3.25,3.250392,87.68322468,83.34537745,1
00:08:08,3.249,3.250358,87.66986728,83.32938552,1
00:08:10,3.249,3.249857,87.65650988,83.31438303,1
00:08:11,3.249,3.249607,87.64315248,83.29985142,1
00:08:12,3.249,3.249483,87.62979507,83.2855463,1
00:08:13,3.249,3.249421,87.61643767,83.27136636,1
00:08:14,3.248001,3.24939,87.60308027,83.25529695,1
00:08:15,3.248001,3.24889,87.58972287,83.24022293,1
00:08:16,3.248001,3.248642,87.57636547,83.22560191,1
00:08:17,3.248001,3.248518,87.56300807,83.21123719,1
00:08:18,3.248001,3.248456,87.54965067,83.19697976,1
00:08:19,3.247,3.248424,87.53629327,83.18084478,1
00:08:20,3.247,3.247925,87.52293587,83.16565156,1
00:08:21,3.247,3.247676,87.50957847,83.15097094,1
00:08:21,3.247,3.247552,87.49622107,83.13652873,1
00:08:22,3.247,3.24749,87.48286366,83.12220573,1
00:08:23,3.247,3.247459,87.46950626,83.10794234,1
00:08:24,3.247,3.247443,87.45614886,83.09369683,1
00:08:25,3.247,3.247435,87.44279146,83.07948112,1
00:08:26,3.246,3.24743,87.42943406,83.06328654,1
00:08:27,3.246,3.246944,87.41608,83.0480516,1
00:08:28,3.246,3.246702,87.40271926,83.03329349,1
00:08:29,3.246,3.246582,87.38936186,83.01877379,1
00:08:30,3.246,3.246521,87.37600446,83.00437331,1
00:08:31,3.246,3.246491,87.36264706,82.99002051,1
00:08:32,3.246,3.246476,87.34928966,82.97570944,1
00:08:33,3.244999,3.246467,87.33593225,82.95940161,1
00:08:34,3.244999,3.24598,87.32257485,82.94404745,1
00:08:35,3.244999,3.245737,87.30921745,82.92919397,1
00:08:36,3.244999,3.245615,87.29586005,82.91458488,1
00:08:37,3.244999,3.245555,87.28250265,82.90011287,1
00:08:38,3.244999,3.245524,87.26914525,82.88568258,1
00:08:40,3.244999,3.245509,87.25578785,82.87129402,1
00:08:41,3.244999,3.245501,87.24243045,82.85691738,1
00:08:41,3.244999,3.245497,87.22907305,82.84253478,1
00:08:42,3.244999,3.245494,87.21571565,82.82815814,1
00:08:43,3.244999,3.245493,87.20235825,82.81379938,1
00:08:44,3.244999,3.245492,87.18900084,82.79943466,1
00:08:45,3.244999,3.245491,87.17564344,82.78505802,1
00:08:46,3.244999,3.24549,87.16228604,82.77068734,1
00:08:47,3.244999,3.245489,87.14892864,82.75632858,1
00:08:48,3.244999,3.245489,87.13557124,82.74195194,1
00:08:49,3.244999,3.245488,87.12221384,82.72758126,1
00:08:50,3.244999,3.245487,87.10885644,82.7132225,1
00:08:51,3.244999,3.245487,87.09549904,82.69885778,1
00:08:52,3.244999,3.245486,87.08214164,82.68448114,1
00:08:53,3.244999,3.245486,87.06878424,82.67011642,1
00:08:54,3.244999,3.245485,87.05542684,82.65575171,1
00:08:55,3.244999,3.245484,87.04206944,82.64137506,1
00:08:56,3.244999,3.245484,87.02871203,82.62699842,1
00:08:57,3.244999,3.245483,87.01535463,82.61263371,1
00:08:58,3.244999,3.245483,87.00199723,82.59826899,1
00:08:59,3.244999,3.245482,86.98864,82.58388638,1
00:09:00,3.244999,3.245481,86.97528243,82.56952167,1
00:09:01,3.244999,3.245481,86.96192503,82.55515099,1
00:09:02,3.244999,3.24548,86.94856763,82.54076838,1
00:09:03,3.244999,3.245479,86.93521023,82.52639174,1
00:09:04,3.244999,3.245479,86.92185283,82.51202703,1
00:09:05,3.244999,3.245478,86.90849543,82.49765635,1
00:09:06,3.244999,3.245478,86.89513803,82.48327374,1
00:09:07,3.244999,3.245477,86.88178062,82.4688971,1
00:09:08,3.244999,3.245476,86.86842322,82.45453238,1
00:09:09,3.244999,3.245476,86.85506582,82.44016171,1
00:09:10,3.244999,3.245475,86.84170842,82.42579103,1
00:09:11,3.244999,3.245474,86.82835102,82.41140842,1
00:09:13,3.244999,3.245474,86.81499362,82.39703774,1
00:09:14,3.244999,3.245473,86.80163622,82.38266706,1
00:09:14,3.244999,3.245472,86.78827882,82.36829638,1
00:09:15,3.244999,3.245472,86.77492142,82.35390782,1
00:09:16,3.244999,3.245471,86.76156402,82.33952522,1
00:09:17,3.244999,3.245471,86.74820662,82.3251605,1
00:09:18,3.244999,3.24547,86.73484921,82.31078982,1
00:09:19,3.244999,3.245469,86.72149181,82.29640126,1
00:09:20,3.244999,3.245469,86.70813441,82.28201866,1
00:09:21,3.244999,3.245468,86.69477701,82.26764202,1
00:09:22,3.244999,3.245467,86.68141961,82.2532773,1
00:09:23,3.244999,3.245467,86.66806221,82.23890662,1
00:09:24,3.244999,3.245466,86.65470481,82.22451806,1
00:09:25,3.244999,3.245466,86.64134741,82.21013546,1
00:09:26,3.244999,3.245465,86.62799001,82.19576478,1
00:09:27,3.244999,3.245464,86.61463261,82.1813941,1
00:09:28,3.244999,3.245463,86.60127521,82.16701746,1
00:09:29,3.244999,3.245463,86.5879178,82.1526289,1
00:09:30,3.244999,3.245462,86.5745604,82.1382463,1
00:09:31,3.244999,3.245461,86.5612,82.12387562,1
00:09:32,3.244999,3.245461,86.5478456,82.10949898,1
00:09:33,3.244999,3.24546,86.5344882,82.09512234,1
00:09:34,3.244999,3.24546,86.5211308,82.08073378,1
00:09:35,3.244999,3.245459,86.5077734,82.06635118,1
00:09:36,3.244999,3.245458,86.494416,82.05196857,1
00:09:37,3.244999,3.245457,86.4810586,82.03759789,1
00:09:38,3.244999,3.245457,86.4677012,82.02322125,1
00:09:39,3.244999,3.245456,86.4543438,82.00884461,1
00:09:40,3.244999,3.245456,86.44098639,81.99445605,1
00:09:41,3.244999,3.245455,86.42762899,81.98007345,1
00:09:42,3.244999,3.245454,86.41427159,81.96570277,1
00:09:43,3.244999,3.245454,86.40091419,81.95132613,1
00:09:44,3.244999,3.245453,86.38755679,81.93694949,1
00:09:45,3.244999,3.245452,86.37419939,81.92256093,1
00:09:46,3.244999,3.245451,86.36084199,81.90817833,1
00:09:47,3.244999,3.245451,86.34748459,81.89380765,1
00:09:48,3.244999,3.24545,86.33412719,81.87943101,1
00:09:49,3.244999,3.24545,86.32076979,81.86505437,1
00:09:50,3.244999,3.245449,86.30741239,81.85066581,1
00:09:51,3.244999,3.245448,86.29405499,81.83627725,1
00:09:52,3.244999,3.245448,86.28069758,81.82189465,1
00:09:53,3.244999,3.245447,86.26734018,81.80752397,1
00:09:54,3.244999,3.245446,86.25398278,81.79314733,1
00:09:55,3.267,3.270362,86.25398278,81.78545833,1
00:09:56,3.273,3.269472,86.25398278,81.79354668,1
00:09:57,3.275,3.271932,86.25398278,81.80066943,1
00:09:58,3.275,3.274119,86.25398278,81.80270791,1
00:09:59,3.275,3.275205,86.25398278,81.80223703,1
00:10:00,3.275,3.275743,86.25398278,81.80052042,1
00:10:01,3.275,3.27601,86.25398278,81.79821372,1
00:10:02,3.279,3.276143,86.25398278,81.80477619,1
00:10:03,3.281,3.278142,86.25398278,81.81143403,1
00:10:04,3.281,3.280102,86.25398278,81.81349635,1
00:10:05,3.281,3.281074,86.25398278,81.8133235,1
00:10:06,3.282,3.281557,86.25398278,81.8143487,1
00:10:07,3.282,3.282279,86.25398278,81.81369901,1
00:10:08,3.282,3.282638,86.25398278,81.81222081,1
00:10:09,3.282,3.282816,86.25398278,81.81032538,1
00:10:10,3.282,3.282904,86.25398278,81.8082273,1
00:10:11,3.282,3.282948,86.25398278,81.80599809,1
00:10:12,3.282,3.28297,86.25398278,81.80372715,1
00:10:13,3.282,3.28298,86.25398278,81.80146217,1
00:10:14,3.284,3.282986,86.25398278,81.80381656,1
00:10:15,3.286,3.283955,86.25398278,81.80857897,1
00:10:16,3.288,3.285403,86.25398278,81.81464076,1
00:10:17,3.288,3.287089,86.25398278,81.81676865,1
00:10:18,3.288,3.287925,86.25398278,81.8169415,1
00:10:19,3.288,3.288341,86.25398278,81.81613684,1
00:10:20,3.288,3.288547,86.25398278,81.8148613,1
00:10:21,3.288,3.288649,86.25398278,81.81332946,1
00:10:22,3.288,3.288699,86.25398278,81.81169629,1
00:10:23,3.289,3.288724,86.25398278,81.81234598,1
00:10:24,3.289,3.28922,86.25398278,81.81182742,1
00:10:25,3.289,3.289466,86.25398278,81.81073666,1
00:10:26,3.289,3.289588,86.25398278,81.80935383,1
00:10:27,3.289,3.289649,86.25398278,81.80781007,1
00:10:28,3.289,3.289679,86.25398278,81.80621862,1
00:10:29,3.289,3.289694,86.25398278,81.80458546,1
00:10:30,3.289,3.289701,86.25398278,81.80291057,1
00:10:31,3.289,3.289704,86.25398278,81.80123568,1
00:10:32,3.289,3.289706,86.25398278,81.79955482,1
00:10:33,3.289,3.289707,86.25398278,81.79787397,1
00:10:34,3.289,3.289707,86.25398278,81.79619312,1
00:10:35,3.289,3.289707,86.25398278,81.79453015,1
00:10:36,3.289,3.289707,86.25398278,81.79285526,1
00:10:37,3.289,3.289707,86.25398278,81.79117441,1
00:10:38,3.289,3.289707,86.25398278,81.78949356,1
00:10:39,3.289,3.289707,86.25398278,81.78780675,1
00:10:40,3.289,3.289707,86.25398278,81.78611994,1
00:10:41,3.289,3.289707,86.25398278,81.78443313,1
00:10:42,3.289,3.289707,86.25398278,81.78274035,1
00:10:43,3.289,3.289707,86.25398278,81.78104758,1
00:10:44,3.289,3.289706,86.25398278,81.77933693,1
00:10:45,3.289,3.289706,86.25398278,81.77763224,1
00:10:46,3.289,3.289706,86.25398278,81.77595139,1
00:10:47,3.289,3.289706,86.25398278,81.77425861,1
00:10:48,3.289,3.289706,86.25398278,81.77256584,1
00:10:49,3.289,3.289706,86.25398278,81.77086711,1
00:10:50,3.289,3.289706,86.25398278,81.76916838,1
00:10:51,3.289,3.289706,86.25398278,81.76745176,1
00:10:52,3.289,3.289706,86.25398278,81.76575899,1
00:10:53,3.289,3.289706,86.25398278,81.76406026,1
00:10:54,3.29,3.289705,86.25398278,81.76477551,1
00:10:55,3.29,3.290189,86.25398278,81.76431656,1
00:10:56,3.291,3.290429,86.25398278,81.76569343,1
00:10:57,3.291,3.291032,86.25398278,81.76561594,1
00:10:58,3.292,3.29133,86.25398278,81.76724911,1
00:10:59,3.292,3.291962,86.25398278,81.76733851,1
00:11:00,3.293,3.292275,86.25398278,81.76909089,1
00:11:01,3.294,3.292914,86.25398278,81.77172542,1
00:11:02,3.294,3.293715,86.25398278,81.77241683,1
00:11:03,3.294,3.294112,86.25398278,81.77214265,1
00:11:04,3.295,3.29431,86.25398278,81.77383542,1
00:11:05,3.295,3.294891,86.25398278,81.77410364,1
00:11:06,3.295,3.295179,86.25398278,81.77366257,1
00:11:07,3.296,3.295322,86.25398278,81.77530169,1
00:11:08,3.296,3.295877,86.25398278,81.77559972,1
00:11:09,3.296,3.296152,86.25398278,81.77522421,1
00:11:10,3.296,3.296288,86.25398278,81.77451491,1
00:11:11,3.296,3.296356,86.25398278,81.77365065,1
00:11:12,3.296,3.29639,86.25398278,81.77269101,1
00:11:13,3.296,3.296406,86.25398278,81.77170157,1
00:11:14,3.296,3.296414,86.25398278,81.7706883,1
00:11:15,3.296,3.296418,86.25398278,81.7696631,1
00:11:16,3.296,3.29642,86.25398278,81.76863194,1
00:11:17,3.296,3.296421,86.25398278,81.76759481,1
00:11:18,3.296,3.296422,86.25398278,81.76655769,1
00:11:19,3.296,3.296422,86.25398278,81.76551461,1
00:11:20,3.296,3.296422,86.25398278,81.76445961,1
00:11:21,3.296,3.296422,86.25398278,81.76342249,1
00:11:22,3.296,3.296422,86.25398278,81.76237941,1
00:11:23,3.296,3.296422,86.25398278,81.76133633,1
00:11:24,3.296,3.296422,86.25398278,81.76029325,1
00:11:25,3.296,3.296422,86.25398278,81.75923824,1
00:11:26,3.296,3.296422,86.25398278,81.75818324,1
00:11:27,3.296,3.296422,86.25398278,81.75714612,1
00:11:28,3.296,3.296422,86.25398278,81.75610304,1
00:11:29,3.296,3.296421,86.25398278,81.755054,1
00:11:30,3.296,3.296421,86.25398278,81.75399303,1
00:11:31,3.296,3.296421,86.25398278,81.75294995,1
00:11:32,3.297,3.296421,86.25398278,81.75439239,1
00:11:33,3.296,3.296905,86.25398278,81.75210953,1
00:11:34,3.296,3.296661,86.25398278,81.75046444,1
00:11:35,3.297,3.29654,86.25398278,81.75162673,1
00:11:36,3.296,3.296963,86.25398278,81.74923062,1
00:11:37,3.297,3.29669,86.25398278,81.75001144,1
00:11:38,3.297,3.297038,86.25398278,81.74992,1
00:11:39,3.297,3.297211,86.25398278,81.7493856,1
00:11:40,3.297,3.297296,86.25398278,81.7486465,1
00:11:41,3.296,3.297339,86.25398278,81.74529076,1
00:11:42,3.297,3.296876,86.25398278,81.7456007,1
00:11:43,3.297,3.29713,86.25398278,81.74527287,1
00:11:44,3.296,3.297256,86.25398278,81.74212575,1
00:11:45,3.296,3.296835,86.25398278,81.74000382,1
00:11:46,3.297,3.296626,86.25398278,81.74095,1
00:11:47,3.297,3.297006,86.25398278,81.74093962,1
00:11:48,3.297,3.297194,86.25398278,81.7404449,1
00:11:49,3.297,3.297288,86.25398278,81.73971772,1
00:11:50,3.297,3.297334,86.25398278,81.73887134,1
00:11:51,3.297,3.297357,86.25398278,81.73796535,1
00:11:52,3.297,3.297369,86.25398278,81.73704147,1
00:11:53,3.297,3.297374,86.25398278,81.73609972,1
00:11:54,3.297,3.297377,86.25398278,81.73514605,1
00:11:55,3.297,3.297378,86.25398278,81.73417449,1
00:11:56,3.297,3.297379,86.25398278,81.73321486,1
00:11:57,3.297,3.297379,86.25398278,81.73225522,1
00:11:58,3.297,3.297379,86.25398278,81.73128963,1
00:11:59,3.297,3.297379,86.25398278,81.73031211,1
00:12:00,3.297,3.297379,86.25398278,81.72935247,1
00:12:01,3.297,3.297379,86.25398278,81.72838688,1
00:12:02,3.297,3.297379,86.25398278,81.72741,1
00:12:03,3.297,3.297379,86.25398278,81.72644973,1
00:12:04,3.297,3.297379,86.25398278,81.72547221,1
00:12:05,3.297,3.297379,86.25398278,81.72450662,1
00:12:06,3.297,3.297379,86.25398278,81.72354102,1
00:12:07,3.297,3.297379,86.25398278,81.72256351,1
00:12:08,3.297,3.297379,86.25398278,81.72159791,1
00:12:09,3.297,3.297378,86.25398278,81.72063231,1
00:12:10,3.297,3.297378,86.25398278,81.71964884,1
00:12:11,3.297,3.297378,86.25398278,81.71868324,1
00:12:12,3.297,3.297378,86.25398278,81.71769977,1
00:12:13,3.297,3.297378,86.25398278,81.71673417,1
00:12:14,3.297,3.297378,86.25398278,81.71576262,1
00:12:15,3.297,3.297378,86.25398278,81.71477914,1
00:12:16,3.297,3.297378,86.25398278,81.71380758,1
00:12:17,3.297,3.297378,86.25398278,81.71282411,1
00:12:18,3.297,3.297378,86.25398278,81.71185255,1
00:12:19,3.297,3.297378,86.25398278,81.71086907,1
00:12:20,3.297,3.297377,86.25398278,81.70989752,1
00:12:21,3.297,3.297378,86.25398278,81.70891404,1
00:12:22,3.297,3.297377,86.25398278,81.70794249,1
00:12:23,3.297,3.297377,86.25398278,81.70695901,1
00:12:24,3.297,3.297377,86.25398278,81.70598745,1
00:12:25,3.297,3.297377,86.25398278,81.70500994,1
00:12:26,3.297,3.297377,86.25398278,81.70403242,1
00:12:27,3.297,3.297377,86.25398278,81.7030549,1
00:12:28,3.26,3.260072,86.23394966,81.68283701,1
00:12:29,3.256,3.259439,86.21391654,81.65382147,1
00:12:30,3.253,3.257198,86.19388342,81.62268996,1
00:12:31,3.252,3.254635,86.1738503,81.5957129,1
00:12:32,3.248001,3.252877,86.15381718,81.56297803,1
00:12:33,3.244999,3.250074,86.13378406,81.52964711,1
00:12:34,3.244999,3.247232,86.11375093,81.50373697,1
00:12:35,3.244999,3.245816,86.09371781,81.48155,1
00:12:36,3.242,3.245109,86.07368,81.45329356,1
00:12:37,3.24,3.243313,86.05365157,81.42437935,1
00:12:38,3.238,3.241455,86.03361845,81.3952148,1
00:12:39,3.238,3.239566,86.01358533,81.37102723,1
00:12:40,3.237,3.238624,85.99355221,81.34661913,1
00:12:41,3.236,3.237673,85.97351909,81.32209182,1
00:12:42,3.235,3.236717,85.95348597,81.29749894,1
00:12:43,3.234,3.235759,85.93345284,81.27276897,1
00:12:44,3.233,3.234801,85.91341972,81.24785423,1
00:12:45,3.232,3.233841,85.8933866,81.22289777,1
00:12:46,3.230999,3.232882,85.87335348,81.19780421,1
00:12:47,3.230999,3.231922,85.85332036,81.17525578,1
00:12:48,3.230999,3.231443,85.83328724,81.15403056,1
00:12:49,3.23,3.231204,85.81325412,81.13074303,1
00:12:50,3.23,3.230603,85.793221,81.10907078,1
00:12:51,3.23,3.230304,85.77318788,81.08820915,1
00:12:52,3.23,3.230154,85.75315475,81.0677588,1
00:12:53,3.229,3.230079,85.73312163,81.04475141,1
00:12:54,3.228,3.22956,85.71308851,81.02047443,1
00:12:55,3.227,3.22882,85.69305539,80.99541664,1
00:12:56,3.227,3.227971,85.67302227,80.97270727,1
00:12:57,3.226,3.227546,85.65298915,80.94841242,1
00:12:58,3.226,3.226854,85.63295603,80.92604876,1
00:12:59,3.225,3.226509,85.61292291,80.90183139,1
00:13:00,3.225,3.225856,85.59288979,80.879426,1
00:13:01,3.225,3.22553,85.57285666,80.85793853,1
00:13:02,3.225,3.225367,85.55282354,80.83689213,1
00:13:03,3.225,3.225286,85.53279042,80.81606627,1
00:13:04,3.224,3.225245,85.5127573,80.79257607,1
00:13:05,3.224,3.224742,85.49272418,80.77047467,1
00:13:06,3.224,3.224493,85.47269106,80.74905276,1
00:13:07,3.224,3.224367,85.45265794,80.72799444,1
00:13:08,3.224,3.224304,85.43262,80.70710897,1
00:13:09,3.224,3.224273,85.4125917,80.68630099,1
00:13:10,3.224,3.224256,85.39255857,80.66555262,1
00:13:11,3.224,3.224248,85.37252545,80.64482212,1
00:13:12,3.224,3.224243,85.35249233,80.62410355,1
00:13:13,3.224,3.22424,85.33245921,80.60338497,1
00:13:14,3.223,3.224239,85.31242609,80.57987094,1
00:13:15,3.223,3.223757,85.29239297,80.55767417,1
00:13:16,3.223,3.223517,85.27235985,80.53618073,1
00:13:17,3.223,3.223396,85.25232673,80.51502705,1
00:13:18,3.223,3.223336,85.23229361,80.49404025,1
00:13:19,3.223,3.223306,85.21226048,80.47312498,1
00:13:20,3.223,3.22329,85.19222736,80.45225739,1
00:13:21,3.223,3.223282,85.17219424,80.43141365,1
00:13:22,3.223,3.223278,85.15216112,80.41058183,1
00:13:23,3.223,3.223275,85.132128,80.38976192,1
00:13:24,3.223,3.223273,85.11209488,80.36895394,1
00:13:25,3.223,3.223272,85.09206176,80.34814,1
00:13:26,3.223,3.223271,85.07202864,80.3273201,1
00:13:27,3.223,3.22327,85.05199552,80.30651212,1
00:13:28,3.223,3.223269,85.03196239,80.28569221,1
00:13:29,3.223,3.223268,85.01192927,80.26487827,1
00:13:30,3.222,3.223267,84.99189615,80.24119735,1
00:13:31,3.222,3.222786,84.97186303,80.21889,1
00:13:32,3.222,3.222547,84.95182991,80.19726872,1
00:13:33,3.222,3.222426,84.93179679,80.17599583,1
00:13:34,3.222,3.222367,84.91176367,80.15489578,1
00:13:35,3.222,3.222336,84.89173055,80.13386726,1
00:13:36,3.222,3.22232,84.87169743,80.11289239,1
00:13:37,3.221,3.222312,84.8516643,80.08903861,1
00:13:38,3.221,3.221828,84.83163118,80.06657958,1
00:13:39,3.221,3.221586,84.81159806,80.04482388,1
00:13:40,3.221,3.221465,84.79156,80.02341986,1
00:13:41,3.221,3.221405,84.77153182,80.00218868,1
00:13:42,3.221,3.221374,84.7514987,79.98104692,1
00:13:43,3.221,3.221359,84.73146558,79.95995283,1
00:13:44,3.221,3.221351,84.71143246,79.93887663,1
00:13:45,3.221,3.221346,84.69139934,79.91781831,1
00:13:46,3.22,3.221343,84.67136621,79.89374399,1
00:13:47,3.22,3.220862,84.65133309,79.87115383,1
00:13:48,3.22,3.220622,84.63129997,79.84924912,1
00:13:49,3.22,3.220502,84.61126685,79.82772589,1
00:13:50,3.22,3.220441,84.59123373,79.8063755,1
00:13:51,3.22,3.220411,84.57120061,79.78509665,1
00:13:52,3.22,3.220395,84.55116749,79.76388335,1
00:13:53,3.22,3.220387,84.53113437,79.74268794,1
00:13:54,3.22,3.220383,84.51110125,79.72149849,1
00:13:55,3.22,3.22038,84.49106812,79.70030308,1
00:13:56,3.22,3.220378,84.471035,79.67913151,1
00:13:57,3.22,3.220377,84.45100188,79.65795994,1
00:13:58,3.22,3.220376,84.43096876,79.63678241,1
00:13:59,3.22,3.220375,84.41093564,79.61560488,1
00:14:00,3.22,3.220374,84.39090252,79.59443331,1
00:14:01,3.22,3.220374,84.3708694,79.57326174,1
00:14:02,3.22,3.220373,84.35083628,79.55209017,1
00:14:03,3.22,3.220372,84.33080316,79.53091,1
00:14:04,3.219,3.220371,84.31077003,79.50668931,1
00:14:05,3.219,3.219891,84.29073691,79.4839263,1
00:14:06,3.219,3.219652,84.27070379,79.46189046,1
00:14:07,3.219,3.219532,84.25067067,79.44020033,1
00:14:08,3.219,3.219472,84.23063755,79.41870093,1
00:14:09,3.219,3.219442,84.21060443,79.39729691,1
00:14:10,3.219,3.219426,84.19057131,79.37594056,1
00:14:11,3.219,3.219418,84.17053819,79.35461998,1
00:14:12,3.219,3.219414,84.15051,79.33331,1
00:14:13,3.219,3.219411,84.13047194,79.3119967,1
00:14:14,3.219,3.219409,84.11043882,79.29068804,1
00:14:15,3.219,3.219408,84.0904057,79.26937938,1
00:14:16,3.219,3.219407,84.07037258,79.24807072,1
00:14:17,3.219,3.219406,84.05033946,79.22676206,1
00:14:18,3.219,3.219405,84.03030634,79.20544744,1
00:14:19,3.219,3.219405,84.01027322,79.18413877,1
00:14:20,3.219,3.219404,83.9902401,79.16283011,1
00:14:21,3.219,3.219403,83.97020698,79.14152741,1
00:14:22,3.219,3.219402,83.95017385,79.12022471,1
00:14:23,3.219,3.219402,83.93014073,79.09893394,1
00:14:24,3.219,3.219401,83.91010761,79.0776372,1
00:14:25,3.219,3.2194,83.89007449,79.05634046,1
00:14:26,3.219,3.219399,83.87004137,79.03502584,1
00:14:27,3.219,3.219398,83.85000825,79.01371717,1
00:14:28,3.219,3.219398,83.82997513,78.99241447,1
00:14:29,3.219,3.219397,83.80994201,78.97111177,1
00:14:30,3.219,3.219396,83.78990889,78.94980907,1
00:14:31,3.218,3.219395,83.76987576,78.92535329,1
00:14:32,3.218,3.218916,83.74984264,78.90239954,1
00:14:33,3.218,3.218677,83.72980952,78.88017893,1
00:14:34,3.218,3.218557,83.7097764,78.85836363,1
00:14:35,3.218,3.218497,83.68974328,78.83671522,1
00:14:36,3.218,3.218467,83.66971016,78.81518602,1
00:14:37,3.218,3.218452,83.64967704,78.79369855,1
00:14:38,3.218,3.218443,83.62964392,78.77223492,1
00:14:39,3.218,3.218439,83.6096108,78.75077724,1
00:14:40,3.218,3.218436,83.58957767,78.72932553,1
00:14:41,3.218,3.218435,83.56954455,78.70787978,1
00:14:42,3.218,3.218434,83.54951143,78.68643403,1
00:14:43,3.218,3.218433,83.52947831,78.66497636,1
00:14:44,3.218,3.218431,83.50945,78.64354253,1
00:14:45,3.218,3.218431,83.48941207,78.62209082,1
00:14:46,3.218,3.21843,83.46937895,78.60065699,1
00:14:47,3.218,3.218429,83.44934583,78.5792172,1
00:14:48,3.218,3.218429,83.42931271,78.55776548,1
00:14:49,3.218,3.218428,83.40927958,78.53633165,1
00:14:50,3.218,3.218427,83.38924646,78.51489186,1
00:14:51,3.218,3.218426,83.36921334,78.49344015,1
00:14:52,3.218,3.218425,83.34918022,78.47200632,1
00:14:53,3.218,3.218424,83.3291471,78.45057249,1
00:14:54,3.218,3.218424,83.30911398,78.42912078,1
00:14:55,3.218,3.218423,83.28908086,78.40769291,1
00:14:56,3.218,3.218422,83.26904774,78.38625908,1
00:14:57,3.218,3.218421,83.24901462,78.36480737,1
00:14:58,3.218,3.218421,83.22898149,78.34337354,1
00:14:59,3.218,3.21842,83.20894837,78.32193971,1
00:15:00,3.253,3.25314,83.20894837,78.32146883,1
00:15:01,3.258999,3.254144,83.20894837,78.33775282,1
00:15:02,3.26,3.257524,83.20894837,78.34606,1
00:15:03,3.26,3.25968,83.20894837,78.34713459,1
00:15:04,3.26,3.260748,83.20894837,78.34462523,1
00:15:05,3.261,3.261277,83.20894837,78.34368348,1
00:15:06,3.266,3.262019,83.20894837,78.35713029,1
00:15:07,3.267,3.26479,83.20894837,78.36450934,1
00:15:08,3.267,3.266644,83.20894837,78.36570144,1
00:15:09,3.267,3.267562,83.20894837,78.36381197,1
00:15:10,3.268,3.268017,83.20894837,78.36375237,1
00:15:11,3.272,3.268723,83.20894837,78.37477922,1
00:15:12,3.274,3.270995,83.20894837,78.38490009,1
00:15:13,3.274,3.273082,83.20894837,78.38799357,1
00:15:14,3.274,3.274117,83.20894837,78.38759422,1
00:15:15,3.275,3.274629,83.20894837,78.38883996,1
00:15:16,3.275,3.275363,83.20894837,78.38760614,1
00:15:17,3.275,3.275727,83.20894837,78.38516831,1
00:15:18,3.275,3.275907,83.20894837,78.38211656,1
00:15:19,3.275,3.275996,83.20894837,78.37872505,1
00:15:20,3.275,3.276041,83.20894837,78.37522626,1
00:15:21,3.275,3.276062,83.20894837,78.37164402,1
00:15:22,3.275,3.276073,83.20894837,78.36798429,1
00:15:23,3.276,3.276078,83.20894837,78.36772203,1
00:15:24,3.277,3.276561,83.20894837,78.36921811,1
00:15:25,3.279,3.277281,83.20894837,78.37506533,1
00:15:26,3.281,3.278599,83.20894837,78.38314772,1
00:15:27,3.281,3.280214,83.20894837,78.38582993,1
00:15:28,3.281,3.281014,83.20894837,78.38578224,1
00:15:29,3.281,3.28141,83.20894837,78.38439345,1
00:15:30,3.281,3.281606,83.20894837,78.38233709,1
00:15:31,3.281,3.281703,83.20894837,78.37994695,1
00:15:32,3.282,3.281752,83.20894837,78.38079333,1
00:15:33,3.282,3.282256,83.20894837,78.37991714,1
00:15:34,3.282,3.282506,83.20894837,78.37820649,1
00:15:35,3.282,3.282629,83.20894837,78.3760488,1
00:15:36,3.282,3.282691,83.20894837,78.37368846,1
00:15:37,3.282,3.282721,83.20894837,78.37122679,1
00:15:38,3.282,3.282736,83.20894837,78.36873531,1
00:15:39,3.282,3.282743,83.20894837,78.36618423,1
00:15:40,3.282,3.282747,83.20894837,78.36365104,1
00:15:41,3.282,3.282748,83.20894837,78.36109996,1
00:15:42,3.282,3.282749,83.20894837,78.35851908,1
00:15:43,3.282,3.282749,83.20894837,78.355968,1
00:15:44,3.282,3.282749,83.20894837,78.35341096,1
00:15:45,3.282,3.282749,83.20894837,78.35082412,1
00:15:46,3.282,3.282749,83.20894837,78.34827304,1
00:15:47,3.282,3.282749,83.20894837,78.3456862,1
00:15:48,3.282,3.282748,83.20894837,78.34313512,1
00:15:49,3.282,3.282748,83.20894837,78.34054828,1
00:15:50,3.282,3.282748,83.20894837,78.33799124,1
00:15:51,3.282,3.282748,83.20894837,78.3354044,1
00:15:52,3.282,3.282748,83.20894837,78.33284736,1
00:15:53,3.282,3.282748,83.20894837,78.33025455,1
00:15:54,3.282,3.282747,83.20894837,78.32769752,1
00:15:55,3.282,3.282747,83.20894837,78.32510471,1
00:15:56,3.282,3.282747,83.20894837,78.32251787,1
00:15:57,3.282,3.282746,83.20894837,78.31996083,1
00:15:58,3.282,3.282746,83.20894837,78.31736803,1
00:15:59,3.283,3.282746,83.20894837,78.31824422,1
00:16:00,3.283,3.283227,83.20894837,78.3174634,1
00:16:01,3.285,3.283465,83.20894837,78.32276225,1
00:16:02,3.275,3.27297,83.20227265,78.323102,1
00:16:03,3.274,3.273965,83.19559693,78.31654549,1
00:16:04,3.273,3.273979,83.18892121,78.30644846,1
00:16:05,3.269,3.273506,83.18224549,78.28407884,1
00:16:06,3.267,3.271352,83.17556977,78.26226354,1
00:16:07,3.267,3.269322,83.16889405,78.24758291,1
00:16:08,3.267,3.268314,83.16221833,78.2363534,1
00:16:09,3.267,3.267814,83.15554261,78.22684646,1
00:16:10,3.267,3.267565,83.14886689,78.21820378,1
00:16:11,3.267,3.267441,83.14219117,78.20999026,1
00:16:12,3.267,3.267379,83.13551545,78.20199132,1
00:16:13,3.267,3.267349,83.12883973,78.19409966,1
00:16:14,3.267,3.267332,83.12216401,78.18626165,1
00:16:15,3.266,3.267324,83.11548829,78.17494869,1
00:16:16,3.266,3.266841,83.10881257,78.1653285,1
00:16:17,3.266,3.2666,83.10213685,78.15777063,1
00:16:18,3.266,3.26648,83.09546113,78.15085053,1
00:16:19,3.266,3.26642,83.08878541,78.14410329,1
00:16:20,3.266,3.26639,83.08210969,78.13743949,1
00:16:21,3.266,3.266375,83.07543397,78.13080549,1
00:16:22,3.266,3.266367,83.06875825,78.1242013,1
00:16:23,3.266,3.266363,83.06208253,78.11763883,1
00:16:24,3.265,3.266361,83.05540681,78.11142802,1
00:16:25,3.264,3.265879,83.04873109,78.10537815,1
00:16:26,3.264,3.26516,83.04205537,78.09908986,1
00:16:27,3.263,3.264804,83.03537965,78.09321284,1
00:16:28,3.262001,3.264147,83.02870393,78.08740139,1
00:16:29,3.262001,3.263342,83.02202821,78.08129191,1
00:16:30,3.261,3.262942,83.01535249,78.07571888,1
00:16:32,3.261,3.262264,83.00867677,78.06969285,1
00:16:33,3.261,3.261934,83.00200105,78.06363106,1
00:16:34,3.261,3.261775,82.99532533,78.05755138,1
00:16:34,3.26,3.261697,82.98864961,78.05234194,1
00:16:35,3.26,3.261177,82.98197389,78.0465126,1
00:16:36,3.26,3.26092,82.97529817,78.04061174,1
00:16:37,3.26,3.260792,82.96862245,78.03471088,1
00:16:38,3.26,3.26073,82.96194673,78.02882791,1
00:16:39,3.26,3.260699,82.95527101,78.02295089,1
00:16:40,3.26,3.260683,82.94859529,78.01712751,1
00:16:41,3.26,3.260676,82.94191957,78.01133394,1
00:16:42,3.26,3.260672,82.93524384,78.00557613,1
00:16:43,3.26,3.26067,82.92856812,77.99986601,1
00:16:45,3.26,3.26067,82.9218924,77.99418569,1
00:16:45,3.26,3.260669,82.91521668,77.98851728,1
00:16:46,3.26,3.260669,82.90854096,77.9829,1
00:16:48,3.26,3.260669,82.90186524,77.97734737,1
00:16:48,3.26,3.260669,82.89518952,77.97181606,1
00:16:49,3.26,3.26067,82.8885138,77.96605825,1
00:16:50,3.26,3.26067,82.88183808,77.95949578,1
00:16:51,3.26,3.26067,82.87516236,77.95253396,1
00:16:53,3.26,3.26067,82.86848664,77.94537544,1
00:16:54,3.26,3.260671,82.86181092,77.9381156,1
00:16:54,3.26,3.260671,82.8551352,77.93078423,1
00:16:56,3.26,3.260671,82.84845948,77.92346478,1
00:16:56,3.26,3.260672,82.84178376,77.9161036,1
00:16:58,3.26,3.260672,82.83510804,77.90874243,1
00:16:58,3.26,3.260672,82.82843232,77.9014051,1
00:17:00,3.26,3.260672,82.8217566,77.894032,1
00:17:01,3.26,3.260672,82.81508088,77.88666487,1
00:17:02,3.26,3.260672,82.80840516,77.87932158,1
00:17:03,3.26,3.260672,82.80172944,77.87196636,1
00:17:04,3.26,3.260673,82.79505372,77.86458731,1
00:17:05,3.26,3.260673,82.788378,77.85721421,1
00:17:06,3.26,3.260673,82.78170228,77.84986496,1
00:17:06,3.26,3.260673,82.77502656,77.84250975,1
00:17:08,3.26,3.260673,82.76835084,77.83512473,1
00:17:08,3.26,3.260674,82.76167512,77.82774568,1
00:17:09,3.26,3.260674,82.7549994,77.8204,1
00:17:10,3.26,3.260674,82.74832368,77.81303525,1
00:17:11,3.26,3.260674,82.74164796,77.80564427,1
00:17:12,3.26,3.260674,82.73497224,77.79826522,1
00:17:13,3.26,3.260674,82.72829652,77.79091001,1
00:17:14,3.26,3.260674,82.7216208,77.78354287,1
00:17:15,3.26,3.260674,82.71494508,77.7761519,1
00:17:16,3.26,3.260674,82.70826936,77.76876688,1
00:17:17,3.26,3.260675,82.70159364,77.76138186,1
00:17:18,3.26,3.260675,82.69491792,77.75402665,1
00:17:19,3.26,3.260675,82.6882422,77.74665952,1
00:17:20,3.26,3.260675,82.68156648,77.73926258,1
00:17:21,3.26,3.260676,82.67489076,77.7318716,1
00:17:22,3.26,3.260676,82.66821504,77.72451043,1
00:17:23,3.26,3.260675,82.66153932,77.71713734,1
00:17:24,3.26,3.260676,82.6548636,77.70975828,1
00:17:25,3.26,3.260676,82.64818788,77.70234942,1
00:17:26,3.26,3.260676,82.64151216,77.69495249,1
00:17:27,3.26,3.260676,82.63483644,77.68758535,1
00:17:28,3.26,3.260676,82.62816072,77.68021,1
00:17:29,3.26,3.260676,82.62148499,77.67282128,1
00:17:30,3.26,3.260677,82.61480927,77.66541243,1
00:17:31,3.26,3.260677,82.60813355,77.65800953,1
00:17:32,3.26,3.260677,82.60145783,77.65061259,1
00:17:33,3.26,3.260677,82.59478211,77.6432395,1
00:17:34,3.26,3.260677,82.58810639,77.63585448,1
00:17:35,3.26,3.260678,82.58143067,77.62846351,1
00:17:36,3.26,3.260678,82.57475495,77.62104869,1
00:17:37,3.26,3.260678,82.56807923,77.61364,1
00:17:38,3.26,3.260678,82.56140351,77.60623693,1
00:17:39,3.26,3.260678,82.55472779,77.59885788,1
00:17:40,3.26,3.260678,82.54805207,77.5914669,1
00:17:41,3.26,3.260679,82.54137635,77.58406997,1
00:17:42,3.26,3.260679,82.53470063,77.57664919,1
00:17:43,3.26,3.260679,82.52802491,77.56923437,1
00:17:44,3.26,3.260679,82.52134919,77.56182551,1
00:17:45,3.26,3.260679,82.51467347,77.55441666,1
00:17:46,3.26,3.260679,82.50799775,77.54703164,1
00:17:47,3.26,3.260679,82.50132203,77.53963,1
00:17:48,3.26,3.260679,82.49464631,77.53223181,1
00:17:49,3.26,3.260679,82.48797059,77.52479911,1
00:17:50,3.26,3.26068,82.48129487,77.51737833,1
00:17:51,3.26,3.26068,82.47461915,77.50996351,1
00:17:52,3.26,3.26068,82.46794343,77.50254869,1
00:17:53,3.26,3.26068,82.46126771,77.49513388,1
00:17:54,3.26,3.260681,82.45459199,77.4877429,1
00:17:55,3.26,3.260681,82.44791627,77.48034,1
00:17:56,3.26,3.260681,82.44124055,77.47293115,1
00:17:57,3.26,3.260681,82.43456483,77.46551633,1
00:17:58,3.26,3.260681,82.42788911,77.45807767,1
00:17:59,3.26,3.260681,82.42121339,77.45064497,1
00:18:00,3.26,3.260681,82.41453767,77.44321823,1
00:18:01,3.26,3.260682,82.40786195,77.43579149,1
00:18:02,3.26,3.260682,82.40118623,77.42836475,1
00:18:03,3.26,3.260682,82.39451051,77.42093801,1
00:18:04,3.26,3.260682,82.38783479,77.41353512,1
00:18:05,3.26,3.260682,82.38115907,77.40612,1
00:18:06,3.26,3.260682,82.37448335,77.39869952,1
00:18:07,3.26,3.260683,82.36780763,77.39127278,1
00:18:08,3.26,3.260683,82.36113191,77.38384604,1
00:18:09,3.26,3.260683,82.35445619,77.37641931,1
00:18:10,3.26,3.260683,82.34778047,77.36896276,1
00:18:11,3.26,3.260683,82.34110475,77.36151814,1
00:18:12,3.26,3.260683,82.33442903,77.35407948,1
00:18:13,3.26,3.260683,82.32775331,77.34664083,1
00:18:14,3.26,3.260684,82.32107759,77.33920217,1
00:18:15,3.26,3.260684,82.31440187,77.33176351,1
00:18:16,3.26,3.260684,82.30772614,77.32432485,1
00:18:17,3.26,3.260684,82.30105042,77.31688619,1
00:18:18,3.26,3.260684,82.2943747,77.30944753,1
00:18:19,3.26,3.260684,82.28769898,77.30200887,1
00:18:20,3.26,3.260685,82.28102326,77.29456425,1
00:18:21,3.26,3.260685,82.27434754,77.28711963,1
00:18:22,3.26,3.260685,82.26767182,77.27967501,1
00:18:23,3.26,3.260685,82.2609961,77.27223039,1
00:18:24,3.26,3.260681,82.25432038,77.26479173,1
00:18:25,3.26,3.260679,82.24764466,77.25737691,1
00:18:26,3.26,3.260677,82.24096894,77.24995017,1
00:18:27,3.26,3.260677,82.23429322,77.24251747,1
00:18:28,3.26,3.260676,82.2276175,77.23508477,1
00:18:29,3.26,3.260675,82.22094178,77.22765207,1
00:18:30,3.26,3.260675,82.21426606,77.22021341,1
00:18:31,3.26,3.260674,82.20759034,77.21277475,1
00:18:32,3.26,3.260674,82.20091462,77.20533609,1
00:18:33,3.26,3.260674,82.1942389,77.19789743,1
00:18:34,3.26,3.260674,82.18756318,77.19045877,1
00:18:35,3.26,3.260673,82.18088746,77.18299627,1
00:18:36,3.26,3.260673,82.17421174,77.17556953,1
00:18:37,3.26,3.260672,82.16753602,77.16811299,1
00:18:38,3.26,3.260672,82.1608603,77.16066241,1
00:18:39,3.26,3.260672,82.15418458,77.15321779,1
00:18:40,3.26,3.260672,82.14750886,77.14577317,1
00:18:41,3.26,3.260671,82.14083314,77.13833451,1
00:18:42,3.26,3.260671,82.13415742,77.13089585,1
00:18:43,3.26,3.26067,82.1274817,77.12345719,1
00:18:44,3.26,3.26067,82.12080598,77.11601853,1
00:18:45,3.26,3.26067,82.11413026,77.10857,1
00:18:46,3.26,3.260669,82.10745454,77.10112929,1
00:18:47,3.26,3.260669,82.10077882,77.09368467,1
00:18:48,3.26,3.260669,82.0941031,77.08624005,1
00:18:49,3.26,3.260668,82.08742738,77.07879543,1
00:18:50,3.26,3.260668,82.08075166,77.07135081,1
00:18:51,3.26,3.260667,82.07407594,77.06390619,1
00:18:52,3.26,3.260667,82.06740022,77.05646157,1
00:18:53,3.26,3.260667,82.0607245,77.04901695,1
00:18:54,3.26,3.260666,82.05404878,77.04157233,1
00:18:55,3.26,3.260666,82.04737306,77.03412771,1
00:18:56,3.26,3.260666,82.04069734,77.02668309,1
00:18:57,3.26,3.260665,82.03402162,77.01926231,1
00:18:58,3.26,3.260665,82.0273459,77.01182961,1
00:18:59,3.26,3.260665,82.02067018,77.00439095,1
00:19:00,3.26,3.260664,82.01399446,76.9969523,1
00:19:01,3.26,3.260664,82.00731874,76.98950768,1
00:19:02,3.26,3.260664,82.00064301,76.98206306,1
00:19:03,3.26,3.260663,81.99396729,76.97461843,1
00:19:04,3.26,3.260663,81.98729157,76.96717381,1
00:19:05,3.26,3.260663,81.98061585,76.95972919,1
00:19:06,3.26,3.260662,81.97394013,76.95228457,1
00:19:07,3.26,3.260662,81.96726441,76.94483995,1
00:19:08,3.26,3.260662,81.96058869,76.93739533,1
00:19:09,3.26,3.260661,81.95391297,76.92995071,1
00:19:10,3.26,3.260661,81.94723725,76.92250609,1
00:19:11,3.26,3.26066,81.94056153,76.91506147,1
00:19:12,3.26,3.26066,81.93388581,76.90761685,1
00:19:13,3.26,3.26066,81.92721009,76.90017223,1
00:19:14,3.26,3.260659,81.92053437,76.89272761,1
00:19:15,3.26,3.260659,81.91385865,76.88528299,1
00:19:16,3.26,3.260659,81.90718293,76.87781453,1
00:19:17,3.26,3.260658,81.90050721,76.87038183,1
00:19:18,3.26,3.260658,81.89383149,76.86291337,1
00:19:19,3.26,3.260658,81.88715577,76.85548067,1
00:19:20,3.26,3.260657,81.88048005,76.84801817,1
00:19:21,3.26,3.260657,81.87380433,76.84058547,1
00:19:22,3.26,3.260656,81.86712861,76.83312297,1
00:19:23,3.26,3.260656,81.86045289,76.82566643,1
00:19:24,3.26,3.260656,81.85377717,76.81823969,1
00:19:25,3.26,3.260655,81.84710145,76.81077719,1
00:19:26,3.26,3.260655,81.84042573,76.80332065,1
00:19:27,3.26,3.260655,81.83375001,76.79587007,1
00:19:28,3.26,3.260654,81.82707429,76.78841949,1
00:19:29,3.26,3.260654,81.82039857,76.7809689,1
00:19:30,3.26,3.260654,81.81372285,76.77351832,1
00:19:31,3.26,3.260653,81.80704713,76.76606774,1
00:19:32,3.26,3.260653,81.80037141,76.75861716,1
00:19:33,3.26,3.260653,81.79369569,76.75116658,1
00:19:34,3.26,3.260653,81.78701997,76.743716,1
00:19:35,3.26,3.260652,81.78034425,76.73626542,1
00:19:36,3.26,3.260652,81.77366853,76.72881484,1
00:19:37,3.26,3.260651,81.76699281,76.72136426,1
00:19:38,3.26,3.260651,81.76031709,76.71391368,1
00:19:39,3.26,3.260651,81.75364137,76.7064631,1
00:19:40,3.26,3.26065,81.74696565,76.69901252,1
00:19:41,3.26,3.26065,81.74028993,76.69156194,1
00:19:42,3.26,3.260649,81.73361421,76.68411136,1
00:19:43,3.26,3.260649,81.72693849,76.67666078,1
00:19:44,3.26,3.260649,81.72026277,76.6692102,1
00:19:45,3.26,3.260648,81.71358705,76.66175961,1
00:19:46,3.26,3.260648,81.70691133,76.65430903,1
00:19:47,3.26,3.260648,81.70023561,76.64685845,1
00:19:48,3.26,3.260647,81.69355989,76.63940787,1
00:19:49,3.26,3.260647,81.68688416,76.63195729,1
00:19:50,3.26,3.260647,81.68020844,76.62450075,1
00:19:51,3.26,3.260646,81.67353272,76.61705,1
00:19:52,3.26,3.260646,81.666857,76.60959363,1
00:19:53,3.26,3.260646,81.66018128,76.60213709,1
00:19:54,3.26,3.260645,81.65350556,76.59468055,1
00:19:55,3.26,3.260645,81.64682984,76.58722401,1
00:19:56,3.26,3.260644,81.64015412,76.57976747,1
00:19:57,3.26,3.260644,81.6334784,76.57231092,1
00:19:58,3.26,3.260644,81.62680268,76.56488419,1
00:19:59,3.26,3.260643,81.62012696,76.55741572,1
00:20:00,3.26,3.260643,81.61345124,76.54995322,1
00:20:01,3.26,3.260643,81.60677552,76.54252052,1
00:20:02,3.26,3.260642,81.6000998,76.53505206,1
00:20:03,3.26,3.260642,81.59342408,76.5276134,1
00:20:04,3.26,3.260642,81.58674836,76.52014494,1
00:20:05,3.26,3.260641,81.58007264,76.51270628,1
00:20:06,3.26,3.260641,81.57339692,76.50523186,1
00:20:07,3.26,3.26064,81.5667212,76.4977932,1
00:20:08,3.26,3.26064,81.56004548,76.49034858,1
00:20:10,3.26,3.26064,81.55336976,76.48287416,1
00:20:10,3.26,3.260639,81.54669404,76.4754355,1
00:20:11,3.26,3.260639,81.54001832,76.46798491,1
00:20:12,3.26,3.260639,81.5333426,76.46053433,1
00:20:13,3.26,3.260638,81.52666688,76.45307779,1
00:20:14,3.26,3.260638,81.51999116,76.44562125,1
00:20:15,3.26,3.260638,81.51331544,76.43816471,1
00:20:16,3.26,3.260638,81.50663972,76.43070817,1
00:20:17,3.26,3.260637,81.499964,76.42325163,1
00:20:18,3.26,3.260637,81.49328828,76.41579509,1
00:20:19,3.26,3.260636,81.48661256,76.40833855,1
00:20:20,3.26,3.260636,81.47993684,76.40088201,1
00:20:21,3.26,3.260636,81.47326112,76.39342546,1
00:20:22,3.26,3.260635,81.4665854,76.38596892,1
00:20:23,3.26,3.260635,81.45990968,76.37851238,1
00:20:24,3.26,3.260635,81.45323396,76.37105584,1
00:20:25,3.26,3.260634,81.44655824,76.3635993,1
00:20:26,3.26,3.260634,81.43988252,76.35614276,1
00:20:27,3.26,3.260633,81.4332068,76.34869,1
00:20:28,3.26,3.260633,81.42653108,76.34122968,1
00:20:29,3.26,3.260633,81.41985536,76.33377314,1
00:20:30,3.26,3.260633,81.41317964,76.3263166,1
00:20:31,3.26,3.260632,81.40650392,76.31886005,1
00:20:32,3.26,3.260632,81.3998282,76.31140351,1
00:20:33,3.26,3.260631,81.39315248,76.30394697,1
00:20:34,3.26,3.260631,81.38647676,76.29649043,1
00:20:35,3.26,3.260631,81.37980103,76.28903389,1
00:20:36,3.26,3.26063,81.37312531,76.28157735,1
00:20:37,3.26,3.26063,81.36644959,76.27412081,1
00:20:38,3.26,3.26063,81.35977387,76.26666427,1
00:20:39,3.26,3.260629,81.35309815,76.25920773,1
00:20:40,3.26,3.260629,81.34642243,76.25175118,1
00:20:41,3.26,3.260628,81.33974671,76.24429464,1
00:20:42,3.26,3.260628,81.33307099,76.2368381,1
00:20:43,3.26,3.260628,81.32639527,76.2293756,1
00:20:44,3.26,3.260628,81.31971955,76.2219131,1
00:20:45,3.26,3.260627,81.31304383,76.2144506,1
00:20:46,3.26,3.260627,81.30636811,76.20696425,1
00:20:47,3.26,3.260626,81.29969239,76.19948983,1
00:20:48,3.26,3.260626,81.29301667,76.19202137,1
00:20:49,3.26,3.260626,81.28634095,76.18455887,1
00:20:50,3.26,3.260625,81.27966523,76.17709637,1
00:20:51,3.26,3.260625,81.27298951,76.16963387,1
00:20:52,3.26,3.260624,81.26631379,76.16217136,1
00:20:53,3.26,3.260624,81.25963807,76.15471,1
00:20:54,3.26,3.260624,81.25296235,76.14724636,1
00:20:55,3.26,3.260623,81.24628663,76.13978386,1
00:20:56,3.26,3.260623,81.23961091,76.13232136,1
00:20:57,3.26,3.260623,81.23293519,76.1248827,1
00:20:58,3.26,3.260622,81.22625947,76.11740828,1
00:20:59,3.26,3.260622,81.21958375,76.10996366,1
00:21:00,3.26,3.260622,81.21290803,76.10251307,1
00:21:01,3.26,3.260621,81.20623231,76.09505653,1
00:21:02,3.26,3.260621,81.19955659,76.08759403,1
00:21:03,3.26,3.260621,81.19288087,76.08013,1
00:21:04,3.26,3.26062,81.18620515,76.07266903,1
00:21:05,3.26,3.26062,81.17952943,76.06520653,1
00:21:06,3.26,3.260619,81.17285371,76.05774403,1
00:21:07,3.26,3.260619,81.16617799,76.05028152,1
00:21:09,3.26,3.260619,81.15950227,76.04281902,1
00:21:09,3.26,3.260618,81.15282655,76.03535652,1
00:21:10,3.26,3.260618,81.14615083,76.02789402,1
00:21:11,3.26,3.260618,81.13947511,76.02043,1
00:21:13,3.26,3.260617,81.13279939,76.01296902,1
00:21:13,3.26,3.260617,81.12612367,76.00550652,1
00:21:14,3.26,3.260617,81.11944795,75.99804401,1
00:21:15,3.26,3.260616,81.11277223,75.99058151,1
00:21:17,3.26,3.260616,81.10609651,75.98311901,1
00:21:18,3.26,3.260616,81.09942079,75.97563267,1
00:21:18,3.26,3.260615,81.09274507,75.96815825,1
00:21:20,3.26,3.260615,81.08606935,75.96068978,1
00:21:21,3.26,3.260614,81.07939363,75.95322132,1
00:21:22,3.26,3.260614,81.07271791,75.94575286,1
00:21:23,3.26,3.260614,81.06604218,75.9382844,1
00:21:24,3.26,3.260613,81.05936646,75.9308219,1
00:21:25,3.26,3.260613,81.05269074,75.92335343,1
00:21:26,3.26,3.260613,81.04601502,75.91588497,1
00:21:27,3.26,3.260612,81.0393393,75.90844631,1
00:21:28,3.26,3.260612,81.03266358,75.90096593,1
00:21:29,3.26,3.260612,81.02598786,75.89352131,1
00:21:30,3.26,3.260611,81.01931214,75.88606477,1
00:21:31,3.26,3.260611,81.01263642,75.87860227,1
00:21:32,3.26,3.260611,81.0059607,75.87113976,1
00:21:33,3.26,3.26061,80.99928498,75.86367726,1
00:21:34,3.26,3.26061,80.99260926,75.85621476,1
00:21:35,3.26,3.260609,80.98593354,75.84875226,1
00:21:35,3.26,3.260609,80.97925782,75.84128976,1
00:21:36,3.26,3.260609,80.9725821,75.83382726,1
00:21:37,3.26,3.260608,80.96590638,75.82636476,1
00:21:39,3.26,3.260608,80.95923066,75.81889629,1
00:21:40,3.26,3.260608,80.95255494,75.81143379,1
00:21:40,3.26,3.260607,80.94587922,75.80397129,1
00:21:41,3.26,3.260607,80.9392035,75.79650283,1
00:21:43,3.26,3.260607,80.93252778,75.78903437,1
00:21:44,3.26,3.260607,80.92585206,75.78154206,1
00:21:44,3.26,3.260606,80.91917634,75.77406168,1
00:21:45,3.26,3.260606,80.91250062,75.76658726,1
00:21:46,3.26,3.260605,80.9058249,75.7591188,1
00:21:48,3.26,3.260605,80.89914918,75.75165033,1
00:21:49,3.26,3.260604,80.89247346,75.74418187,1
00:21:49,3.26,3.260604,80.88579774,75.73671341,1
00:21:50,3.26,3.260604,80.87912202,75.72926879,1
00:21:52,3.26,3.260603,80.8724463,75.72181225,1
00:21:53,3.26,3.260603,80.86577058,75.71434975,1
00:21:53,3.26,3.260603,80.85909486,75.70688725,1
00:21:54,3.26,3.260602,80.85241914,75.69942,1
00:21:56,3.26,3.260602,80.84574342,75.69195628,1
00:21:57,3.26,3.260602,80.8390677,75.68448782,1
00:21:58,3.26,3.260601,80.83239198,75.67701936,1
00:21:58,3.26,3.260601,80.82571626,75.6695509,1
00:22:00,3.26,3.260601,80.81904054,75.66208243,1
00:22:01,3.26,3.2606,80.81236482,75.65461397,1
00:22:02,3.26,3.2606,80.8056891,75.64714551,1
00:22:02,3.26,3.260599,80.79901338,75.63967705,1
00:22:04,3.26,3.260599,80.79233766,75.63220859,1
00:22:05,3.274,3.272406,80.79233766,75.63438,1
00:22:06,3.274,3.273757,80.79233766,75.63470006,1
00:22:07,3.275,3.274426,80.79233766,75.63545704,1
00:22:07,3.275,3.275236,80.79233766,75.63515,1
00:22:09,3.275,3.275637,80.79233766,75.63430071,1
00:22:10,3.275,3.275836,80.79233766,75.6331563,1
00:22:11,3.275,3.275934,80.79233766,75.6319344,1
00:22:11,3.275,3.275984,80.79233766,75.6305933,1
00:22:13,3.275,3.276008,80.79233766,75.62923,1
00:22:14,3.276,3.27602,80.79233766,75.62921047,1
00:22:15,3.278,3.276505,80.79233766,75.63120723,1
00:22:15,3.28,3.277703,80.79233766,75.63427687,1
00:22:17,3.281,3.279254,80.79233766,75.63660741,1
00:22:18,3.281,3.280501,80.79233766,75.63727498,1
00:22:19,3.281,3.28112,80.79233766,75.63711405,1
00:22:20,3.281,3.281426,80.79233766,75.63656569,1
00:22:20,3.281,3.281578,80.79233766,75.6357789,1
00:22:22,3.281,3.281653,80.79233766,75.63492656,1
00:22:23,3.282,3.28169,80.79233766,75.63534975,1
00:22:24,3.281,3.282187,80.79233766,75.63374043,1
00:22:24,3.282,3.281955,80.79233766,75.63380003,1
00:22:26,3.282,3.282318,80.79233766,75.63337684,1
00:22:27,3.282,3.282499,80.79233766,75.63271523,1
00:22:28,3.282,3.282588,80.79233766,75.63192844,1
00:22:29,3.282,3.282632,80.79233766,75.63105226,1
00:22:30,3.282,3.282654,80.79233766,75.63019,1
00:22:31,3.282,3.282665,80.79233766,75.62927008,1
00:22:32,3.282,3.28267,80.79233766,75.62838793,1
00:22:33,3.282,3.282673,80.79233766,75.62749386,1
00:22:34,3.282,3.282674,80.79233766,75.62655807,1
00:22:35,3.282,3.282675,80.79233766,75.62563419,1
00:22:36,3.282,3.282675,80.79233766,75.62474608,1
00:22:37,3.282,3.282675,80.79233766,75.62381625,1
00:22:38,3.282,3.282675,80.79233766,75.62289238,1
00:22:39,3.282,3.282675,80.79233766,75.62200427,1
00:22:40,3.282,3.282675,80.79233766,75.62107444,1
00:22:41,3.282,3.282675,80.79233766,75.62015057,1
00:22:42,3.282,3.282675,80.79233766,75.61926246,1
00:22:43,3.282,3.282675,80.79233766,75.61836,1
00:22:44,3.282,3.282675,80.79233766,75.61742067,1
00:22:45,3.282,3.282675,80.79233766,75.61652064,1
00:22:46,3.282,3.282675,80.79233766,75.61561465,1
00:22:47,3.282,3.282675,80.79233766,75.6146729,1
00:22:48,3.282,3.282675,80.79233766,75.61374307,1
00:22:49,3.282,3.282675,80.79233766,75.612849,1
00:22:50,3.282,3.282675,80.79233766,75.61194301,1
00:22:51,3.282,3.282675,80.79233766,75.61100125,1
00:22:52,3.282,3.282675,80.79233766,75.61010122,1
00:22:53,3.282,3.282675,80.79233766,75.60918927,1
00:22:54,3.282,3.282675,80.79233766,75.60824156,1
00:22:55,3.282,3.282675,80.79233766,75.60730577,1
00:22:56,3.282,3.282675,80.79233766,75.60640574,1
00:22:57,3.282,3.282675,80.79233766,75.60549378,1
00:22:58,3.282,3.282675,80.79233766,75.60454607,1
00:22:59,3.282,3.282675,80.79233766,75.60364008,1
00:23:00,3.283,3.282675,80.79233766,75.60408115,1
00:23:01,3.283,3.283154,80.79233766,75.60387,1
00:23:02,3.283,3.283391,80.79233766,75.60332417,1
00:23:03,3.283,3.283509,80.79233766,75.60264468,1
00:23:04,3.284,3.283567,80.79233766,75.60323477,1
00:23:05,3.284,3.284075,80.79233766,75.60313344,1
00:23:06,3.284,3.284326,80.79233766,75.60267448,1
00:23:07,3.26,3.260817,80.77898026,75.5882144,1
00:23:08,3.258999,3.260097,80.76562285,75.57336092,1
00:23:09,3.257,3.259261,80.75226545,75.55690408,1
00:23:10,3.253,3.257888,80.73890805,75.5366087,1
00:23:11,3.253,3.255288,80.72555065,75.52004457,1
00:23:12,3.252,3.254003,80.71219325,75.50399303,1
00:23:13,3.252,3.252886,80.69883585,75.4893899,1
00:23:14,3.251,3.252334,80.68547845,75.47417,1
00:23:15,3.248001,3.25158,80.67212105,75.45583248,1
00:23:16,3.246,3.249768,80.65876365,75.43740869,1
00:23:17,3.244999,3.247911,80.64540625,75.42007565,1
00:23:18,3.244999,3.246512,80.63204885,75.40456653,1
00:23:19,3.244999,3.24582,80.61869144,75.39009452,1
00:23:20,3.244999,3.245476,80.60533404,75.37608147,1
00:23:21,3.244999,3.245307,80.59197664,75.36230087,1
00:23:22,3.244999,3.245222,80.57861924,75.34863353,1
00:23:23,3.244999,3.24518,80.56526,75.33502579,1
00:23:24,3.244999,3.245158,80.55190444,75.32144189,1
00:23:25,3.244999,3.245147,80.53854704,75.30787587,1
00:23:26,3.244,3.245141,80.52518964,75.29291511,1
00:23:27,3.243,3.244658,80.51183224,75.27731061,1
00:23:28,3.242,3.24394,80.49847484,75.26128292,1
00:23:29,3.241,3.243104,80.48511744,75.24500489,1
00:23:30,3.24,3.24221,80.47176003,75.22857189,1
00:23:31,3.24,3.241287,80.45840263,75.21336079,1
00:23:32,3.239,3.240831,80.44504523,75.19739866,1
00:23:33,3.238,3.240125,80.43168783,75.18113852,1
00:23:34,3.238,3.239296,80.41833043,75.16598701,1
00:23:35,3.238,3.238885,80.40497303,75.15135407,1
00:23:36,3.238,3.238682,80.39161563,75.13702512,1
00:23:37,3.238,3.23858,80.37825823,75.12287498,1
00:23:38,3.238,3.23853,80.36490083,75.10878444,1
00:23:39,3.238,3.238505,80.35154343,75.09469986,1
00:23:40,3.238,3.238491,80.33818603,75.08066297,1
00:23:41,3.238,3.238485,80.32482862,75.06660819,1
00:23:42,3.238,3.238481,80.31147122,75.05258918,1
00:23:43,3.238,3.238478,80.29811382,75.03854036,1
00:23:44,3.238,3.238476,80.28475642,75.02452731,1
00:23:45,3.238,3.238475,80.27139902,75.0105083,1
00:23:46,3.238,3.238474,80.25804162,74.99646544,1
00:23:47,3.238,3.238473,80.24468422,74.98245,1
00:23:48,3.238,3.238472,80.23132682,74.96840954,1
00:23:49,3.237,3.238471,80.21796942,74.9530077,1
00:23:50,3.238,3.237991,80.20461202,74.93966222,1
00:23:51,3.237,3.238232,80.19125462,74.92453456,1
00:23:52,3.237,3.237871,80.17789721,74.90993142,1
00:23:53,3.237,3.237692,80.16453981,74.89558458,1
00:23:54,3.237,3.237603,80.15118241,74.88139272,1
00:23:55,3.237,3.237559,80.13783,74.86722469,1
00:23:56,3.237,3.237536,80.12446761,74.85309839,1
00:23:57,3.237,3.237525,80.11111021,74.83898997,1
00:23:58,3.237,3.237518,80.09775281,74.82491732,1
00:23:59,3.237,3.237515,80.08439541,74.81081486,1
00:24:00,3.237,3.237513,80.07103801,74.7967422,1
00:24:01,3.237,3.237511,80.05768061,74.78263974,1
00:24:02,3.237,3.23751,80.04432321,74.76854324,1
00:24:03,3.237,3.237509,80.03096581,74.75447655,1
00:24:04,3.237,3.237508,80.0176084,74.74038005,1
00:24:05,3.236,3.237507,80.004251,74.72491264,1
00:24:06,3.236,3.237026,79.9908936,74.71005321,1
00:24:07,3.236,3.236788,79.9775362,74.6955514,1
00:24:08,3.236,3.23667,79.9641788,74.6812284,1
00:24:09,3.235,3.236611,79.9508214,74.66555238,1
00:24:10,3.235,3.236102,79.937464,74.65065718,1
00:24:11,3.235,3.23585,79.9241066,74.63609576,1
00:24:12,3.235,3.235724,79.9107492,74.6217072,1
00:24:13,3.235,3.235662,79.8973918,74.60737228,1
00:24:14,3.235,3.23563,79.8840344,74.59312081,1
00:24:15,3.235,3.235615,79.87067699,74.57888722,1
00:24:16,3.235,3.235606,79.85731959,74.5646596,1
00:24:17,3.235,3.235602,79.84396219,74.55044,1
00:24:18,3.235,3.235599,79.83060479,74.53621626,1
00:24:19,3.235,3.235597,79.81724739,74.52199459,1
00:24:20,3.235,3.235596,79.80388999,74.50777888,1
00:24:21,3.234,3.235594,79.79053259,74.49211478,1
00:24:22,3.234,3.235114,79.77717519,74.4771421,1
00:24:23,3.234,3.234875,79.76381779,74.46251512,1
00:24:24,3.234,3.234757,79.75046039,74.44802523,1
00:24:25,3.234,3.234698,79.73710299,74.43367243,1
00:24:27,3.234,3.234668,79.72374558,74.41931963,1
00:24:28,3.234,3.234653,79.71039,74.4050324,1
00:24:29,3.234,3.234645,79.69703078,74.39074516,1
00:24:29,3.234,3.234641,79.68367338,74.37642813,1
00:24:30,3.234,3.234638,79.67031598,74.36212897,1
00:24:31,3.233,3.234637,79.65695858,74.34644699,1
00:24:32,3.234,3.234156,79.64360118,74.33286309,1
00:24:33,3.233,3.234397,79.63024378,74.31747913,1
00:24:34,3.233,3.234036,79.61688638,74.30256605,1
00:24:35,3.233,3.233857,79.60352898,74.28793907,1
00:24:36,3.233,3.233768,79.59017158,74.27348495,1
00:24:37,3.233,3.233724,79.57681417,74.2590487,1
00:24:38,3.233,3.233702,79.56345677,74.24468398,1
00:24:39,3.233,3.23369,79.55009937,74.23029542,1
00:24:40,3.233,3.233684,79.53674197,74.21595454,1
00:24:41,3.233,3.23368,79.52338457,74.2015779,1
00:24:42,3.233,3.233678,79.51002717,74.18724895,1
00:24:43,3.233,3.233676,79.49666977,74.17290807,1
00:24:44,3.233,3.233675,79.48331237,74.15853143,1
00:24:45,3.232,3.233674,79.46995497,74.14276004,1
00:24:46,3.232,3.233194,79.45659757,74.12760854,1
00:24:47,3.232,3.232955,79.44324017,74.11287427,1
00:24:48,3.232,3.232837,79.42988276,74.09825921,1
00:24:49,3.232,3.232778,79.41652536,74.08378124,1
00:24:50,3.232,3.232748,79.40316796,74.06929731,1
00:24:51,3.232,3.232734,79.38981056,74.05484319,1
00:24:52,3.232,3.232726,79.37645316,74.04044271,1
00:24:53,3.232,3.232721,79.36309576,74.0260005,1
00:24:54,3.232,3.232718,79.34973836,74.01160598,1
00:24:55,3.232,3.232717,79.33638096,73.99716377,1
00:24:56,3.232,3.232716,79.32302356,73.98273349,1
00:24:57,3.232,3.232714,79.30966616,73.96834493,1
00:24:58,3.232,3.232713,79.29630876,73.95390868,1
00:24:59,3.232,3.232712,79.28295,73.93952012,1
00:25:00,3.232,3.232711,79.26959395,73.92508388,1
00:25:01,3.232,3.232711,79.25623655,73.91069531,1
00:25:02,3.232,3.232709,79.24287915,73.89625907,1
00:25:03,3.232,3.232708,79.22952175,73.88187051,1
00:25:04,3.232,3.232707,79.21616435,73.86743426,1
00:25:05,3.230999,3.232707,79.20280695,73.85150194,1
00:25:06,3.230999,3.232226,79.18944955,73.83630276,1
00:25:07,3.230999,3.231987,79.17609215,73.82151484,1
00:25:08,3.230999,3.231869,79.16273475,73.80687594,1
00:25:09,3.230999,3.23181,79.14937735,73.79231453,1
00:25:10,3.230999,3.231781,79.13601995,73.77779484,1
00:25:11,3.230999,3.231765,79.12266254,73.76329303,1
00:25:12,3.230999,3.231757,79.10930514,73.74880314,1
00:25:13,3.230999,3.231753,79.09594774,73.73428,1
00:25:14,3.230999,3.231751,79.08259034,73.71978164,1
00:25:15,3.230999,3.231749,79.06923294,73.70529,1
00:25:16,3.230999,3.231747,79.05587554,73.69084358,1
00:25:17,3.230999,3.231746,79.04251814,73.67634177,1
00:25:18,3.230999,3.231745,79.02916074,73.66185188,1
00:25:19,3.230999,3.231744,79.01580334,73.64736795,1
00:25:20,3.230999,3.231743,79.00244594,73.63292575,1
00:25:21,3.230999,3.231742,78.98908854,73.6184299,1
00:25:22,3.230999,3.231741,78.97573113,73.60394597,1
00:25:23,3.230999,3.231741,78.96237373,73.58950377,1
00:25:24,3.230999,3.231739,78.94901633,73.57504368,1
00:25:25,3.230999,3.231739,78.93565893,73.56054187,1
00:25:26,3.230999,3.231738,78.92230153,73.54605198,1
00:25:27,3.230999,3.231737,78.90894413,73.53160977,1
00:25:28,3.230999,3.231736,78.89558673,73.51715565,1
00:25:29,3.230999,3.231735,78.88222933,73.5026598,1
00:25:30,3.230999,3.231734,78.86887193,73.48817587,1
00:25:31,3.230999,3.231733,78.85551,73.47373366,1
00:25:32,3.230999,3.231732,78.84215713,73.45924,1
00:25:33,3.230999,3.231731,78.82879972,73.44476581,1
00:25:34,3.230999,3.23173,78.81544232,73.43032956,1
00:25:35,3.230999,3.231729,78.80208492,73.41587543,1
00:25:36,3.230999,3.231728,78.78872752,73.40137959,1
00:25:37,3.230999,3.231728,78.77537012,73.38690162,1
00:25:38,3.230999,3.231726,78.76201272,73.37246537,1
00:25:39,3.230999,3.231725,78.74865532,73.35798144,1
00:25:40,3.230999,3.231725,78.73529792,73.34350944,1
00:25:41,3.230999,3.231724,78.72194052,73.32907915,1
00:25:42,3.230999,3.231723,78.70858312,73.31463099,1
00:25:43,3.230999,3.231722,78.69522572,73.3001411,1
00:25:44,3.230999,3.231721,78.68186831,73.28570485,1
00:25:45,3.230999,3.23172,78.66851091,73.27125669,1
00:25:46,3.230999,3.231719,78.65515351,73.2567668,1
00:25:47,3.230999,3.231718,78.64179611,73.24229479,1
00:25:48,3.230999,3.231717,78.62843871,73.2278645,1
00:25:49,3.230999,3.231716,78.61508131,73.21339,1
00:25:50,3.230999,3.231715,78.60172391,73.19892049,1
00:25:51,3.230999,3.231714,78.58836651,73.18449616,1
00:25:52,3.230999,3.231713,78.57500911,73.17002416,1
00:25:53,3.230999,3.231713,78.56165171,73.15555811,1
00:25:54,3.230999,3.231712,78.54829431,73.14113379,1
00:25:55,3.230999,3.23171,78.5349369,73.12666178,1
00:25:56,3.230999,3.23171,78.5215795,73.11220169,1
00:25:57,3.230999,3.231709,78.5082221,73.09777737,1
00:25:58,3.230999,3.231708,78.4948647,73.08331,1
00:25:59,3.230999,3.231707,78.4815073,73.06884527,1
00:26:00,3.230999,3.231706,78.4681499,73.05442691,1
00:26:01,3.230999,3.231705,78.4547925,73.03996086,1
00:26:02,3.230999,3.231704,78.4414351,73.02550077,1
00:26:03,3.230999,3.231703,78.42808,73.01108241,1
00:26:04,3.230999,3.231702,78.4147203,72.99661636,1
00:26:05,3.230999,3.231702,78.4013629,72.98216224,1
00:26:06,3.230999,3.2317,78.3880055,72.96774983,1
00:26:07,3.230999,3.231699,78.37464809,72.95328975,1
00:26:08,3.230999,3.231699,78.36129069,72.93887138,1
00:26:09,3.258999,3.256984,78.36129069,72.94206619,1
00:26:10,3.26,3.258898,78.36129069,72.94374108,1
00:26:11,3.26,3.260326,78.36129069,72.9432404,1
00:26:12,3.26,3.261034,78.36129069,72.94159,1
00:26:13,3.26,3.261384,78.36129069,72.93940783,1
00:26:14,3.26,3.261557,78.36129069,72.93704152,1
00:26:15,3.266,3.261643,78.36129069,72.94374704,1
00:26:16,3.266,3.264557,78.36129069,72.94598222,1
00:26:17,3.266,3.266001,78.36129069,72.94598222,1
00:26:18,3.267,3.266716,78.36129069,72.94643521,1
00:26:19,3.267,3.267548,78.36129069,72.94560075,1
00:26:20,3.267,3.26796,78.36129069,72.94407,1
00:26:21,3.267,3.268165,78.36129069,72.94228673,1
00:26:22,3.269,3.268266,78.36129069,72.94346094,1
00:26:23,3.273,3.269273,78.36129069,72.94917107,1
00:26:24,3.274,3.271687,78.36129069,72.95275331,1
00:26:25,3.274,3.27336,78.36129069,72.95378447,1
00:26:26,3.274,3.27419,78.36129069,72.95348048,1
00:26:27,3.274,3.2746,78.36129069,72.95256257,1
00:26:28,3.274,3.274804,78.36129069,72.95132,1
00:26:29,3.275,3.274904,78.36129069,72.95147181,1
00:26:30,3.275,3.275433,78.36129069,72.95080423,1
00:26:31,3.275,3.275695,78.36129069,72.94972539,1
00:26:32,3.275,3.275824,78.36129069,72.94839621,1
00:26:33,3.275,3.275888,78.36129069,72.94697762,1
00:26:34,3.275,3.27592,78.36129069,72.9455173,1
00:26:35,3.275,3.275936,78.36129069,72.94408679,1
00:26:36,3.275,3.275944,78.36129069,72.94262052,1
00:26:37,3.275,3.275948,78.36129069,72.94108868,1
00:26:38,3.275,3.275949,78.36129069,72.9396224,1
00:26:39,3.275,3.27595,78.36129069,72.93813825,1
00:26:40,3.275,3.275951,78.36129069,72.93659449,1
00:26:41,3.275,3.275951,78.36129069,72.93511629,1
00:26:42,3.275,3.275951,78.36129069,72.93358,1
00:26:43,3.275,3.275951,78.36129069,72.93210626,1
00:26:44,3.275,3.275951,78.36129069,72.93056846,1
00:26:45,3.276,3.275951,78.36129069,72.93064594,1
00:26:46,3.276,3.27643,78.36129069,72.92994857,1
00:26:47,3.277,3.276667,78.36129069,72.93048501,1
00:26:48,3.278,3.277263,78.36129069,72.93162346,1
00:26:49,3.279,3.278037,78.36129069,72.93313146,1
00:26:50,3.28,3.278898,78.36129069,72.93492556,1
00:26:51,3.281,3.279804,78.36129069,72.93679118,1
00:26:52,3.281,3.280731,78.36129069,72.9372263,1
00:26:53,3.281,3.28119,78.36129069,72.93692827,1
00:26:54,3.281,3.281418,78.36129069,72.93627262,1
00:26:55,3.281,3.28153,78.36129069,72.9354322,1
00:26:56,3.281,3.281586,78.36129069,72.93447256,1
00:26:57,3.281,3.281614,78.36129069,72.93347716,1
00:26:58,3.281,3.281627,78.36129069,72.93246984,1
00:26:59,3.281,3.281634,78.36129069,72.93145657,1
00:27:00,3.281,3.281637,78.36129069,72.93043733,1
00:27:01,3.281,3.281639,78.36129069,72.92941213,1
00:27:02,3.281,3.28164,78.36129069,72.92838693,1
00:27:03,3.281,3.28164,78.36129069,72.92736173,1
00:27:04,3.282,3.28164,78.36129069,72.92793989,1
00:27:05,3.282,3.282119,78.36129069,72.92774916,1
00:27:06,3.281,3.282356,78.36129069,72.92564511,1
00:27:07,3.281,3.281995,78.36129069,72.92402387,1
00:27:08,3.282,3.281816,78.36129069,72.92430997,1
00:27:09,3.281,3.282206,78.36129069,72.92233706,1
00:27:10,3.282,3.28192,78.36129069,72.92246222,1
00:27:11,3.282,3.282258,78.36129069,72.92205095,1
00:27:12,3.282,3.282425,78.36129069,72.92137,1
00:27:13,3.282,3.282507,78.36129069,72.92056084,1
00:27:14,3.282,3.282548,78.36129069,72.91965,1
00:27:15,3.282,3.282568,78.36129069,72.91875482,1
00:27:16,3.282,3.282578,78.36129069,72.91783094,1
00:27:17,3.282,3.282583,78.36129069,72.91686535,1
00:27:18,3.282,3.282586,78.36129069,72.91590571,1
00:27:19,3.282,3.282587,78.36129069,72.91498184,1
00:27:20,3.282,3.282588,78.36129069,72.91404605,1
00:27:21,3.282,3.282588,78.36129069,72.91307449,1
00:27:22,3.282,3.282588,78.36129069,72.91211486,1
00:27:23,3.282,3.282588,78.36129069,72.91115522,1
00:27:24,3.282,3.282588,78.36129069,72.91023135,1
00:27:25,3.282,3.282588,78.36129069,72.90929556,1
00:27:26,3.282,3.282588,78.36129069,72.90831804,1
00:27:27,3.282,3.282588,78.36129069,72.90735245,1
00:27:28,3.282,3.282588,78.36129069,72.90639281,1
00:27:29,3.282,3.282588,78.36129069,72.90543318,1
00:27:30,3.282,3.282588,78.36129069,72.90450931,1
00:27:31,3.282,3.282588,78.36129069,72.90356755,1
00:27:32,3.282,3.282588,78.36129069,72.90259004,1
00:27:33,3.282,3.282588,78.36129069,72.90162444,1
00:27:34,3.282,3.282588,78.36129069,72.90066481,1
00:27:35,3.282,3.282588,78.36129069,72.89973497,1
00:27:36,3.282,3.282588,78.36129069,72.89879322,1
00:27:37,3.282,3.282588,78.36129069,72.8978157,1
00:27:38,3.282,3.282588,78.36129069,72.89684415,1
00:27:39,3.282,3.282588,78.36129069,72.89587855,1
00:27:40,3.282,3.282588,78.36129069,72.89491892,1
00:27:41,3.282,3.282588,78.36129069,72.89398909,1
00:27:42,3.282,3.282588,78.36129069,72.89304733,1
00:27:43,3.282,3.282588,78.36129069,72.89206386,1
00:27:44,3.282,3.282588,78.36129069,72.8910923,1
00:27:45,3.282,3.282588,78.36129069,72.89012671,1
00:27:46,3.282,3.282588,78.36129069,72.88916111,1
00:27:47,3.282,3.282588,78.36129069,72.88823128,1
00:27:48,3.282,3.282587,78.36129069,72.88728356,1
00:27:49,3.282,3.282587,78.36129069,72.88630009,1
00:27:50,3.282,3.282587,78.36129069,72.88532853,1
00:27:51,3.282,3.282588,78.36129069,72.88435698,1
00:27:52,3.282,3.282587,78.36129069,72.88339138,1
00:27:53,3.282,3.282587,78.36129069,72.88245559,1
00:27:54,3.282,3.282587,78.36129069,72.88151,1
00:27:55,3.282,3.282587,78.36129069,72.88054824,1
00:27:56,3.282,3.282587,78.36129069,72.8795588,1
00:27:57,3.282,3.282587,78.36129069,72.87858129,1
00:27:58,3.282,3.282587,78.36129069,72.87760973,1
00:27:59,3.282,3.282587,78.36129069,72.87666798,1
00:28:00,3.282,3.282587,78.36129069,72.8757143,1
00:28:01,3.282,3.282587,78.36129069,72.87475467,1
00:28:02,3.282,3.282587,78.36129069,72.87375927,1
00:28:03,3.282,3.282587,78.36129069,72.87277579,1
00:28:04,3.282,3.282587,78.36129069,72.87179828,1
00:28:05,3.282,3.282587,78.36129069,72.87083,1
00:28:06,3.282,3.282587,78.36129069,72.86985517,1
00:28:07,3.282,3.282587,78.36129069,72.86891341,1
00:28:08,3.282,3.282587,78.36129069,72.86795974,1
00:28:09,3.282,3.282587,78.36129069,72.86699414,1
00:28:10,3.282,3.282587,78.36129069,72.86599874,1
00:28:11,3.282,3.282587,78.36129069,72.86501527,1
00:28:12,3.282,3.282587,78.36129069,72.86403775,1
00:28:13,3.282,3.282587,78.36129069,72.86306024,1
00:28:14,3.282,3.282587,78.36129069,72.86211848,1
00:28:15,3.282,3.282587,78.36129069,72.86115885,1
00:28:16,3.282,3.282586,78.36129069,72.86019325,1
00:28:17,3.282,3.282587,78.36129069,72.85919,1
00:28:18,3.282,3.282586,78.36129069,72.85820246,1
00:28:19,3.282,3.282586,78.36129069,72.85721898,1
00:28:20,3.282,3.282587,78.36129069,72.85624146,1
00:28:21,3.282,3.282586,78.36129069,72.85526395,1
00:28:22,3.282,3.282586,78.36129069,72.85431623,1
00:28:23,3.282,3.282586,78.36129069,72.8533566,1
00:28:24,3.282,3.282586,78.36129069,72.85238504,1
00:28:25,3.282,3.282586,78.36129069,72.85137773,1
00:28:26,3.282,3.282586,78.36129069,72.85038829,1
00:28:27,3.282,3.282586,78.36129069,72.84940481,1
00:28:28,3.282,3.282586,78.36129069,72.84842134,1
00:28:29,3.282,3.282586,78.36129069,72.84743786,1
00:28:30,3.282,3.282586,78.36129069,72.84645438,1
00:28:31,3.282,3.282586,78.36129069,72.84550667,1
00:28:32,3.282,3.282586,78.36129069,72.84454107,1
00:28:33,3.282,3.282586,78.36129069,72.84356952,1
00:28:34,3.282,3.282586,78.36129069,72.842592,1
00:28:35,3.282,3.282586,78.36129069,72.84157872,1
00:28:36,3.282,3.282586,78.36129069,72.84058332,1
00:28:37,3.282,3.282586,78.36129069,72.83959389,1
00:28:38,3.282,3.282586,78.36129069,72.83860445,1
00:28:39,3.282,3.282586,78.36129069,72.83761501,1
00:28:40,3.283,3.282586,78.36129069,72.83831239,1
00:28:41,3.246,3.245042,78.34125757,72.81988859,1
00:28:42,3.244,3.244838,78.32122445,72.79849052,1
00:28:43,3.239,3.243776,78.30119133,72.77054787,1
00:28:44,3.238,3.24085,78.28115821,72.74560332,1
00:28:45,3.236,3.238924,78.26112509,72.72074223,1
00:28:46,3.234,3.237012,78.24109197,72.69551754,1
00:28:47,3.230999,3.235106,78.22105885,72.66870141,1
00:28:48,3.230999,3.232723,78.20102572,72.64578938,1
00:28:49,3.23,3.231546,78.1809926,72.6231575,1
00:28:50,3.229,3.230483,78.16095948,72.6005435,1
00:28:51,3.227,3.229478,78.14092636,72.57625461,1
00:28:52,3.225,3.22802,78.12089324,72.55123258,1
00:28:53,3.225,3.226339,78.10086012,72.52895832,1
00:28:54,3.224,3.225508,78.080827,72.50638604,1
00:28:55,3.224,3.224617,78.06079388,72.48527408,1
00:28:56,3.223,3.224175,78.04076076,72.46322036,1
00:28:57,3.223,3.223476,78.02072763,72.44240046,1
00:28:58,3.222,3.223131,78.00069451,72.42040634,1
00:28:59,3.221,3.222479,77.98066139,72.39791155,1
00:29:00,3.22,3.221676,77.96062827,72.37496972,1
00:29:01,3.219,3.220798,77.94059515,72.35184312,1
00:29:02,3.218,3.219884,77.92056203,72.32858539,1
00:29:03,3.217,3.218952,77.90052891,72.30521441,1
00:29:04,3.216,3.21801,77.88049579,72.28174806,1
00:29:05,3.216,3.217064,77.86046267,72.25989699,1
00:29:06,3.216,3.216596,77.84042954,72.23887444,1
00:29:07,3.216,3.216364,77.8204,72.21822739,1
00:29:08,3.215,3.216249,77.8003633,72.1960783,1
00:29:09,3.215,3.215711,77.78033018,72.17479348,1
00:29:10,3.215,3.215445,77.76029706,72.1539855,1
00:29:11,3.215,3.215312,77.74026394,72.13343382,1
00:29:12,3.215,3.215245,77.72023082,72.11297154,1
00:29:13,3.215,3.215212,77.7001977,72.0925808,1
00:29:14,3.215,3.215194,77.68016458,72.07222,1
00:29:15,3.215,3.215185,77.66013145,72.05187082,1
00:29:16,3.215,3.215179,77.64009833,72.0315218,1
00:29:17,3.214,3.215176,77.62006521,72.00943828,1
00:29:18,3.214,3.214693,77.60003209,71.98820114,1
00:29:19,3.213,3.214454,77.57999897,71.9656527,1
00:29:20,3.213,3.213855,77.55996585,71.94418907,1
00:29:21,3.213,3.213558,77.53993273,71.92320824,1
00:29:22,3.212,3.213411,77.51989961,71.90076113,1
00:29:23,3.212,3.212857,77.49986649,71.87920809,1
00:29:24,3.212,3.212583,77.47983336,71.85818553,1
00:29:25,3.211,3.212446,77.45980024,71.83567882,1
00:29:26,3.211,3.211898,77.43976712,71.81405425,1
00:29:27,3.211,3.211627,77.419734,71.7929244,1
00:29:28,3.211,3.211492,77.39970088,71.77206278,1
00:29:29,3.211,3.211424,77.37966776,71.75127864,1
00:29:30,3.211,3.21139,77.35963464,71.73058391,1
00:29:31,3.21,3.211372,77.33960152,71.7081964,1
00:29:32,3.21,3.210882,77.3195684,71.68664336,1
00:29:33,3.21,3.210639,77.29953527,71.66546583,1
00:29:34,3.21,3.210519,77.27950215,71.6445446,1
00:29:35,3.209,3.210458,77.25946903,71.62200212,1
00:29:36,3.209,3.209948,77.23943591,71.60027623,1
00:29:37,3.209,3.209694,77.21940279,71.57901525,1
00:29:38,3.209,3.209569,77.19936967,71.55798674,1
00:29:39,3.209,3.209506,77.17934,71.53707147,1
00:29:40,3.209,3.209474,77.15930343,71.51623368,1
00:29:41,3.209,3.209457,77.13927031,71.49538994,1
00:29:42,3.209,3.209448,77.11923718,71.47457004,1
00:29:43,3.209,3.209442,77.09920406,71.45376205,1
00:29:44,3.209,3.209439,77.07917094,71.43298388,1
00:29:45,3.209,3.209436,77.05913782,71.41217589,1
00:29:46,3.209,3.209434,77.0391047,71.39139771,1
00:29:47,3.209,3.209432,77.01907158,71.37058973,1
00:29:48,3.209,3.20943,76.99903846,71.34979367,1
00:29:49,3.209,3.209428,76.97900534,71.32902741,1
00:29:50,3.209,3.209427,76.95897222,71.30823135,1
00:29:51,3.209,3.209425,76.93893909,71.28747106,1
00:29:52,3.209,3.209423,76.91890597,71.2667048,1
00:29:53,3.209,3.209422,76.89887285,71.24590874,1
00:29:54,3.209,3.209419,76.87883973,71.22514844,1
00:29:55,3.209,3.209418,76.85880661,71.20438814,1
00:29:56,3.209,3.209416,76.83877349,71.183604,1
00:29:57,3.209,3.209414,76.81874037,71.16285563,1
00:29:58,3.209,3.209413,76.79870725,71.14210129,1
00:29:59,3.209,3.209411,76.77867413,71.12132311,1
00:30:00,3.208,3.209409,76.758641,71.09876871,1
00:30:01,3.208,3.208928,76.73860788,71.07713819,1
00:30:02,3.209,3.208689,76.71857476,71.05764747,1
00:30:03,3.208,3.20905,76.69854164,71.03571296,1
00:30:04,3.208,3.208748,76.67850852,71.01433873,1
00:30:05,3.208,3.208597,76.6584754,70.99323869,1
00:30:06,3.208,3.208523,76.63844228,70.97230554,1
00:30:07,3.208,3.208485,76.61840916,70.95139623,1
00:30:08,3.208,3.208465,76.59837604,70.93052864,1
00:30:09,3.208,3.208454,76.57834291,70.90970874,1
00:30:10,3.208,3.208448,76.55830979,70.88886499,1
00:30:11,3.208,3.208444,76.53828,70.86806297,1
00:30:12,3.208,3.208442,76.51824355,70.84723115,1
00:30:13,3.208,3.208439,76.49821043,70.82643509,1
00:30:14,3.208,3.208437,76.47817731,70.80560923,1
00:30:15,3.208,3.208435,76.45814419,70.78481913,1
00:30:16,3.208,3.208434,76.43811107,70.76402307,1
00:30:17,3.208,3.208432,76.41807795,70.7431972,1
00:30:18,3.208,3.20843,76.39804482,70.72241306,1
00:30:19,3.208,3.208429,76.3780117,70.7016,1
00:30:20,3.208,3.208426,76.35797858,70.68082094,1
00:30:21,3.208,3.208425,76.33794546,70.6600368,1
00:30:22,3.208,3.208423,76.31791234,70.63923,1
00:30:23,3.208,3.208422,76.29787922,70.6184566,1
00:30:24,3.208,3.20842,76.2778461,70.59765458,1
00:30:25,3.208,3.208418,76.25781298,70.57688832,1
00:30:26,3.208,3.208416,76.23777986,70.5561161,1
00:30:27,3.208,3.208415,76.21774673,70.53532004,1
00:30:28,3.208,3.208413,76.19771361,70.51455975,1
00:30:29,3.208,3.208411,76.17768049,70.49379349,1
00:30:30,3.208,3.208409,76.15764737,70.47300339,1
00:30:31,3.208,3.208407,76.13761425,70.45224905,1
00:30:32,3.208,3.208406,76.11758113,70.43149471,1
00:30:33,3.208,3.208404,76.09754801,70.41071653,1
00:30:34,3.208,3.208402,76.07751489,70.38995028,1
00:30:35,3.208,3.2084,76.05748177,70.36921382,1
00:30:36,3.208,3.208399,76.03744864,70.3484714,1
00:30:37,3.208,3.208397,76.01741552,70.32770514,1
00:30:38,3.208,3.208395,75.9973824,70.30695081,1
00:30:39,3.208,3.208394,75.97734928,70.28622627,1
00:30:40,3.208,3.208392,75.95731616,70.26549578,1
00:30:41,3.208,3.20839,75.93728304,70.24474144,1
00:30:42,3.208,3.208388,75.91724992,70.224,1
00:30:43,3.207,3.208386,75.89722,70.20151615,1
00:30:44,3.208,3.207905,75.87718368,70.18166184,1
00:30:45,3.207,3.208146,75.85715055,70.1595962,1
00:30:46,3.207,3.207784,75.83711743,70.13815641,1
00:30:47,3.207,3.207605,75.81708431,70.117,1
00:30:48,3.207,3.207515,75.79705119,70.09604573,1
00:30:49,3.207,3.20747,75.77701807,70.07513642,1
00:30:50,3.207,3.207448,75.75698495,70.05428076,1
00:30:51,3.207,3.207435,75.73695183,70.03347874,1
00:30:52,3.207,3.207428,75.71691871,70.01265287,1
00:30:53,3.207,3.207424,75.69688559,69.99186277,1
00:30:54,3.207,3.207421,75.67685246,69.97104883,1
00:30:55,3.207,3.207418,75.65681934,69.95024681,1
00:30:56,3.207,3.207416,75.63678622,69.92947459,1
00:30:57,3.207,3.207414,75.6167531,69.90867257,1
00:30:58,3.207,3.207412,75.59671998,69.88790631,1
00:30:59,3.207,3.207411,75.57668686,69.86713,1
00:31:00,3.207,3.207409,75.55665374,69.84633207,1
00:31:01,3.207,3.207407,75.53662062,69.82556581,1
00:31:02,3.207,3.207406,75.5165875,69.80479956,1
00:31:03,3.207,3.207404,75.49655437,69.78400946,1
00:31:04,3.206,3.207402,75.47652125,69.7614491,1
00:31:05,3.206,3.20692,75.45648813,69.7396934,1
00:31:06,3.206,3.206681,75.43645501,69.71843243,1
00:31:07,3.206,3.206563,75.41642189,69.6973443,1
00:31:08,3.206,3.206503,75.39638877,69.67640519,1
00:31:09,3.206,3.206473,75.37635565,69.65548396,1
00:31:10,3.206,3.206457,75.35632253,69.63459849,1
00:31:11,3.206,3.206448,75.33628941,69.61376071,1
00:31:12,3.244999,3.247466,75.33628941,69.60913539,1
00:31:13,3.244999,3.24745,75.33628941,69.60471869,1
00:31:14,3.248001,3.247442,75.33628941,69.60573792,1
00:31:15,3.252,3.248873,75.33628941,69.61147189,1
00:31:16,3.253,3.251493,75.33628941,69.61424351,1
00:31:17,3.253,3.253269,75.33628941,69.61374879,1
00:31:18,3.253,3.254149,75.33628941,69.6115613,1
00:31:19,3.258,3.254584,75.33628941,69.6177721,1
00:31:20,3.258999,3.25719,75.33628941,69.62119341,1
00:31:21,3.26,3.258959,75.33628941,69.62314248,1
00:31:22,3.26,3.260313,75.33628941,69.62257624,1
00:31:23,3.26,3.260984,75.33628941,69.62072253,1
00:31:24,3.26,3.261316,75.33628941,69.61833835,1
00:31:25,3.26,3.26148,75.33628941,69.61562634,1
00:31:26,3.26,3.261562,75.33628941,69.61274743,1
00:31:27,3.26,3.261602,75.33628941,69.60968971,1
00:31:28,3.26,3.261622,75.33628941,69.60663795,1
00:31:29,3.262001,3.261631,75.33628941,69.60732937,1
00:31:30,3.265,3.262593,75.33628941,69.6118176,1
00:31:31,3.266,3.264503,75.33628941,69.61451769,1
00:31:32,3.266,3.265927,75.33628941,69.61464882,1
00:31:33,3.267,3.266633,75.33628941,69.61532831,1
00:31:34,3.267,3.26746,75.33628941,69.61447597,1
00:31:35,3.267,3.267869,75.33628941,69.612813,1
00:31:36,3.267,3.268072,75.33628941,69.610852,1
00:31:37,3.267,3.268173,75.33628941,69.60869,1
00:31:38,3.267,3.268223,75.33628941,69.60635185,1
00:31:39,3.267,3.268247,75.33628941,69.60399747,1
00:31:40,3.267,3.268259,75.33628941,69.60170269,1
00:31:41,3.268,3.268265,75.33628941,69.60121393,1
00:31:42,3.27,3.268746,75.33628941,69.603616,1
00:31:43,3.272,3.269941,75.33628941,69.60750818,1
00:31:44,3.273,3.271488,75.33628941,69.61026192,1
00:31:45,3.274,3.272733,75.33628941,69.61259842,1
00:31:46,3.274,3.273828,75.33628941,69.61292028,1
00:31:47,3.274,3.274369,75.33628941,69.61222887,1
00:31:48,3.274,3.274638,75.33628941,69.61103678,1
00:31:49,3.274,3.274771,75.33628941,69.60955262,1
00:31:50,3.274,3.274837,75.33628941,69.60800886,1
00:31:51,3.274,3.274869,75.33628941,69.60633993,1
00:31:52,3.275,3.274885,75.33628941,69.60656047,1
00:31:53,3.275,3.275371,75.33628941,69.60585713,1
00:31:54,3.275,3.275612,75.33628941,69.60474253,1
00:31:55,3.275,3.275731,75.33628941,69.6033895,1
00:31:56,3.275,3.27579,75.33628941,69.60191727,1
00:31:57,3.275,3.27582,75.33628941,69.60033774,1
00:31:58,3.275,3.275834,75.33628941,69.59879994,1
00:31:59,3.275,3.275841,75.33628941,69.59718466,1
00:32:00,3.275,3.275845,75.33628941,69.59557533,1
00:32:01,3.275,3.275846,75.33628941,69.59402561,1
00:32:02,3.275,3.275847,75.33628941,69.59239841,1
00:32:03,3.275,3.275847,75.33628941,69.59078908,1
00:32:04,3.275,3.275848,75.33628941,69.58923,1
00:32:05,3.275,3.275847,75.33628941,69.58765388,1
00:32:06,3.275,3.275847,75.33628941,69.58601475,1
00:32:07,3.275,3.275848,75.33628941,69.5843935,1
00:32:08,3.275,3.275847,75.33628941,69.58283186,1
00:32:09,3.275,3.275847,75.33628941,69.58125234,1
00:32:10,3.275,3.275847,75.33628941,69.57961321,1
00:32:11,3.275,3.275847,75.33628941,69.57803965,1
00:32:12,3.275,3.275847,75.33628941,69.57645,1
00:32:13,3.275,3.275847,75.33628941,69.57480907,1
00:32:14,3.26,3.262161,75.32961369,69.564116,1
00:32:16,3.26,3.261218,75.32293797,69.55507994,1
00:32:17,3.26,3.260751,75.31626225,69.54696774,1
00:32:18,3.26,3.26052,75.30958652,69.53930259,1
00:32:19,3.26,3.260405,75.3029108,69.53188181,1
00:32:19,3.26,3.260348,75.29623508,69.5245564,1
00:32:21,3.26,3.26032,75.28955936,69.51726079,1
00:32:23,3.26,3.260306,75.28288364,69.51001287,1
00:32:23,3.26,3.260299,75.27620792,69.50275898,1
00:32:25,3.26,3.260294,75.2695322,69.4955349,1
00:32:26,3.258999,3.260293,75.26285648,69.48642135,1
00:32:27,3.258999,3.259812,75.25618076,69.47820783,1
00:32:27,3.258999,3.259575,75.24950504,69.47041,1
00:32:27,3.258999,3.259457,75.24282932,69.46284771,1
00:32:28,3.258999,3.259398,75.2361536,69.45540309,1
00:32:29,3.258999,3.259369,75.22947788,69.44801807,1
00:32:30,3.258999,3.259355,75.22280216,69.44066286,1
00:32:31,3.258999,3.259347,75.21612644,69.43334341,1
00:32:32,3.258999,3.259343,75.20945072,69.426018,1
00:32:33,3.258,3.259341,75.202775,69.41671968,1
00:32:34,3.258,3.258862,75.19609928,69.40842867,1
00:32:35,3.257,3.258625,75.18942356,69.39858198,1
00:32:36,3.257,3.258028,75.18274784,69.38992,1
00:32:37,3.256,3.257733,75.17607212,69.38000917,1
00:32:38,3.256,3.257108,75.1693964,69.37117577,1
00:32:39,3.256,3.256799,75.16272068,69.36295629,1
00:32:40,3.255,3.256645,75.15604496,69.3531096,1
00:32:41,3.255,3.25609,75.14936924,69.34433579,1
00:32:42,3.254,3.255816,75.14269352,69.33416724,1
00:32:43,3.254,3.255201,75.1360178,69.32517886,1
00:32:44,3.254,3.254897,75.12934208,69.31683421,1
00:32:45,3.254,3.254746,75.12266636,69.30874586,1
00:32:46,3.253,3.254672,75.11599064,69.29877996,1
00:32:47,3.253,3.254156,75.10931492,69.28992271,1
00:32:48,3.253,3.253901,75.1026392,69.28153038,1
00:32:49,3.253,3.253774,75.09596348,69.2733705,1
00:32:50,3.253,3.253711,75.08928776,69.26532984,1
00:32:51,3.253,3.25368,75.08261204,69.25734878,1
00:32:52,3.253,3.253664,75.07593632,69.24935579,1
00:32:53,3.253,3.253656,75.0692606,69.24143434,1
00:32:54,3.253,3.253652,75.06258488,69.23347116,1
00:32:55,3.253,3.25365,75.05590916,69.22556758,1
00:32:56,3.253,3.253649,75.04923344,69.21765208,1
00:32:57,3.253,3.253647,75.04255772,69.20969486,1
00:32:58,3.253,3.253647,75.035882,69.20179129,1
00:32:59,3.253,3.253647,75.02920628,69.19384,1
00:33:00,3.253,3.253646,75.02253056,69.18593645,1
00:33:01,3.253,3.253646,75.01585484,69.17802095,1
00:33:02,3.253,3.253645,75.00917912,69.17006373,1
00:33:03,3.253,3.253645,75.0025034,69.16216016,1
00:33:04,3.253,3.253644,74.99582767,69.1542089,1
00:33:05,3.253,3.253644,74.98915195,69.14631128,1
00:33:06,3.253,3.253644,74.98247623,69.13840175,1
00:33:07,3.253,3.253643,74.97580051,69.13044453,1
00:33:08,3.253,3.253643,74.96912479,69.12254095,1
00:33:09,3.253,3.253643,74.96244907,69.11458969,1
00:33:10,3.253,3.253642,74.95577335,69.10669208,1
00:33:11,3.253,3.253642,74.94909763,69.09878254,1
00:33:12,3.253,3.253641,74.94242191,69.09082532,1
00:33:13,3.253,3.253641,74.93574619,69.08292174,1
00:33:14,3.253,3.25364,74.92907047,69.07497048,1
00:33:15,3.253,3.25364,74.92239475,69.06707287,1
00:33:16,3.253,3.25364,74.91571903,69.05916333,1
00:33:17,3.253,3.253639,74.90904331,69.05120611,1
00:33:18,3.253,3.253639,74.90236759,69.04330254,1
00:33:19,3.253,3.253639,74.89569187,69.03535128,1
00:33:20,3.253,3.253638,74.88901615,69.02745366,1
00:33:21,3.253,3.253638,74.88234043,69.01954412,1
00:33:22,3.253,3.253637,74.87566471,69.01159286,1
00:33:23,3.253,3.253637,74.86898899,69.00369525,1
00:33:24,3.253,3.253637,74.86231327,68.99574399,1
00:33:25,3.253,3.253636,74.85563755,68.98785,1
00:33:26,3.253,3.253636,74.84896183,68.97993684,1
00:33:27,3.253,3.253635,74.84228611,68.97198558,1
00:33:28,3.253,3.253635,74.83561039,68.96408796,1
00:33:29,3.253,3.253635,74.82893467,68.95617843,1
00:33:30,3.253,3.253634,74.82225895,68.94822717,1
00:33:31,3.253,3.253634,74.81558323,68.94032955,1
00:33:32,3.253,3.253633,74.80890751,68.93238425,1
00:33:33,3.253,3.253633,74.80223179,68.9244926,1
00:33:34,3.253,3.253633,74.79555607,68.91658306,1
00:33:35,3.253,3.253632,74.78888035,68.9086318,1
00:33:36,3.253,3.253632,74.78220463,68.90073419,1
00:33:37,3.253,3.253631,74.77552891,68.89278889,1
00:33:38,3.253,3.253631,74.76885319,68.88489723,1
00:33:39,3.253,3.253631,74.76217747,68.87699366,1
00:33:40,3.253,3.25363,74.75550175,68.8690424,1
00:33:41,3.253,3.25363,74.74882603,68.86114478,1
00:33:42,3.253,3.253629,74.74215031,68.85324121,1
00:33:43,3.253,3.253629,74.73547459,68.84528995,1
00:33:44,3.253,3.253629,74.72879887,68.83739233,1
00:33:45,3.253,3.253628,74.72212315,68.82944703,1
00:33:46,3.253,3.253628,74.71544743,68.82155538,1
00:33:47,3.253,3.253628,74.70877171,68.8136518,1
00:33:48,3.253,3.253627,74.70209599,68.80570054,1
00:33:49,3.253,3.253627,74.69542027,68.79780889,1
00:33:50,3.253,3.253626,74.68874454,68.78990531,1
00:33:51,3.253,3.253626,74.68206882,68.78195405,1
00:33:52,3.253,3.253625,74.6753931,68.7740624,1
00:33:53,3.253,3.253625,74.66871738,68.7661171,1
00:33:54,3.253,3.253624,74.66204166,68.75818968,1
00:33:55,3.253,3.253624,74.65536594,68.75030398,1
00:33:56,3.253,3.253624,74.64869022,68.74236465,1
00:33:57,3.253,3.253623,74.6420145,68.73447895,1
00:33:58,3.253,3.253623,74.63533878,68.72657537,1
00:33:59,3.253,3.253623,74.62866306,68.71863008,1
00:34:00,3.253,3.253622,74.62198734,68.71073842,1
00:34:01,3.253,3.253622,74.61531162,68.70283484,1
00:34:02,3.253,3.253621,74.6086359,68.69488955,1
00:34:03,3.253,3.253621,74.60196018,68.68699789,1
00:34:04,3.253,3.253621,74.59528446,68.67905855,1
00:34:05,3.253,3.25362,74.58860874,68.67117286,1
00:34:06,3.253,3.25362,74.58193302,68.66327524,1
00:34:07,3.253,3.25362,74.5752573,68.65532994,1
00:34:08,3.253,3.253619,74.56858158,68.64743829,1
00:34:09,3.253,3.253619,74.56190586,68.63954067,1
00:34:10,3.253,3.253618,74.55523014,68.63159537,1
00:34:11,3.253,3.253618,74.54855442,68.62370372,1
00:34:12,3.253,3.253618,74.5418787,68.6158061,1
00:34:13,3.253,3.253617,74.53520298,68.6078608,1
00:34:14,3.253,3.253617,74.52852726,68.59996915,1
00:34:15,3.253,3.253616,74.52185154,68.59207,1
00:34:16,3.253,3.253616,74.51517582,68.58412623,1
00:34:17,3.253,3.253616,74.5085001,68.57624,1
00:34:18,3.253,3.253615,74.50182438,68.5683012,1
00:34:19,3.253,3.253614,74.49514866,68.56041551,1
00:34:20,3.253,3.253614,74.48847294,68.55251789,1
00:34:21,3.253,3.253614,74.48179722,68.54458,1
00:34:22,3.253,3.253613,74.4751215,68.53669286,1
00:34:23,3.253,3.253613,74.46844578,68.52879524,1
00:34:24,3.253,3.253613,74.46177006,68.5208559,1
00:34:25,3.253,3.253612,74.45509434,68.51297021,1
00:34:26,3.253,3.253612,74.44841862,68.50507259,1
00:34:27,3.253,3.253612,74.4417429,68.49713326,1
00:34:28,3.253,3.253611,74.43506718,68.48924756,1
00:34:29,3.253,3.253611,74.42839146,68.48134995,1
00:34:30,3.253,3.25361,74.42171574,68.47341061,1
00:34:31,3.253,3.25361,74.41504002,68.46552491,1
00:34:32,3.253,3.253609,74.4083643,68.4576273,1
00:34:33,3.253,3.253609,74.40168858,68.44968796,1
00:34:34,3.253,3.253609,74.39501286,68.44180226,1
00:34:35,3.253,3.253608,74.38833714,68.43391061,1
00:34:36,3.253,3.253608,74.38166142,68.42597127,1
00:34:37,3.253,3.253607,74.37498569,68.41808558,1
00:34:38,3.253,3.253607,74.36830997,68.41019392,1
00:34:39,3.253,3.253607,74.36163425,68.40225458,1
00:34:40,3.253,3.253607,74.35495853,68.39436889,1
00:34:41,3.253,3.253606,74.34828281,68.38643551,1
00:34:42,3.253,3.253605,74.34160709,68.37852001,1
00:34:43,3.253,3.253605,74.33493137,68.37064624,1
00:34:44,3.253,3.253605,74.32825565,68.36271882,1
00:34:45,3.253,3.253604,74.32157993,68.35480332,1
00:34:46,3.253,3.253604,74.31490421,68.34692955,1
00:34:47,3.253,3.253603,74.30822849,68.33900809,1
00:34:48,3.253,3.253603,74.30155277,68.3310926,1
00:34:49,3.253,3.253603,74.29487705,68.32322478,1
00:34:50,3.253,3.253603,74.28820133,68.31530333,1
00:34:51,3.253,3.253602,74.28152561,68.30738783,1
00:34:52,3.253,3.253601,74.27484989,68.29952002,1
00:34:53,3.253,3.253601,74.26817417,68.29159856,1
00:34:54,3.253,3.253601,74.26149845,68.28368902,1
00:34:55,3.253,3.2536,74.25482273,68.27582121,1
00:34:56,3.253,3.2536,74.24814701,68.26789975,1
00:34:57,3.253,3.253599,74.24147129,68.25999022,1
00:34:58,3.253,3.253599,74.23479557,68.2521224,1
00:34:59,3.253,3.253599,74.22811985,68.24423671,1
00:35:00,3.253,3.253598,74.22144413,68.23630929,1
00:35:01,3.253,3.253598,74.21476841,68.22843552,1
00:35:02,3.253,3.253597,74.20809269,68.22054982,1
00:35:03,3.253,3.253597,74.20141697,68.2126224,1
00:35:04,3.253,3.253597,74.19474125,68.20474863,1
00:35:05,3.253,3.253597,74.18806553,68.19686294,1
00:35:06,3.253,3.253596,74.18138981,68.18893552,1
00:35:07,3.253,3.253595,74.17471409,68.18106174,1
00:35:08,3.253,3.253595,74.16803837,68.17317605,1
00:35:09,3.253,3.253595,74.16136265,68.16524863,1
00:35:10,3.253,3.253594,74.15468693,68.15733314,1
00:35:11,3.253,3.253594,74.14801121,68.14946532,1
00:35:12,3.253,3.253593,74.14133549,68.14154387,1
00:35:13,3.253,3.253593,74.13465977,68.13363433,1
00:35:14,3.253,3.253593,74.12798405,68.12577248,1
00:35:16,3.253,3.253592,74.12130833,68.11785698,1
00:35:17,3.253,3.253592,74.11463261,68.1099534,1
00:35:17,3.253,3.253592,74.10795689,68.10209155,1
00:35:18,3.253,3.253591,74.10128117,68.09421182,1
00:35:20,3.253,3.253591,74.09460545,68.08629036,1
00:35:20,3.253,3.25359,74.08792973,68.07842,1
00:35:21,3.253,3.25359,74.08125401,68.07054281,1
00:35:22,3.253,3.25359,74.07457829,68.06261539,1
00:35:23,3.253,3.253589,74.06790257,68.05474758,1
00:35:24,3.253,3.253589,74.06122684,68.04686785,1
00:35:25,3.253,3.253588,74.05455112,68.03898215,1
00:35:27,3.253,3.253588,74.0478754,68.03105474,1
00:35:28,3.253,3.253588,74.04119968,68.02318096,1
00:35:29,3.253,3.253587,74.03452396,68.01530123,1
00:35:30,3.253,3.253587,74.02784824,68.00737977,1
00:35:31,3.253,3.253586,74.02117252,67.99951196,1
00:35:31,3.253,3.253586,74.0144968,67.99163222,1
00:35:32,3.253,3.253586,74.00782108,67.98371077,1
00:35:33,3.253,3.253585,74.00114536,67.97581,1
00:35:34,3.253,3.253585,73.99446964,67.96794534,1
00:35:35,3.253,3.253584,73.98779392,67.96007156,1
00:35:36,3.253,3.253584,73.9811182,67.95215011,1
00:35:37,3.253,3.253584,73.97444248,67.94428229,1
00:35:38,3.253,3.253583,73.96776676,67.93640852,1
00:35:39,3.253,3.253583,73.96109104,67.92848706,1
00:35:40,3.253,3.253582,73.95441532,67.92061925,1
00:35:41,3.253,3.253582,73.9477396,67.91274548,1
00:35:42,3.253,3.253582,73.94106388,67.90486574,1
00:35:43,3.253,3.253581,73.93438816,67.89694428,1
00:35:44,3.253,3.253581,73.92771244,67.88907647,1
00:35:45,3.253,3.25358,73.92103672,67.8812,1
00:35:46,3.253,3.25358,73.914361,67.8732872,1
00:35:47,3.253,3.253579,73.90768528,67.86538363,1
00:35:48,3.253,3.253579,73.90100956,67.85752773,1
00:35:49,3.253,3.253579,73.89433384,67.84965992,1
00:35:50,3.253,3.253578,73.88765812,67.84174442,1
00:35:51,3.253,3.253578,73.8809824,67.83388257,1
00:35:52,3.253,3.253578,73.87430668,67.8260088,1
00:35:53,3.253,3.253577,73.86763096,67.8180933,1
00:35:54,3.253,3.253577,73.86095524,67.81019568,1
00:35:55,3.253,3.253576,73.85427952,67.80233979,1
00:35:56,3.253,3.253576,73.8476038,67.79447198,1
00:35:57,3.253,3.253576,73.84092808,67.78656244,1
00:35:58,3.253,3.253575,73.83425236,67.77870059,1
00:35:59,3.253,3.253575,73.82757664,67.77083278,1
00:36:00,3.253,3.253574,73.82090092,67.762959,1
00:36:01,3.253,3.253574,73.8142252,67.75504351,1
00:36:02,3.253,3.253573,73.80754948,67.74718165,1
00:36:03,3.253,3.253573,73.80087376,67.73931384,1
00:36:04,3.253,3.253573,73.79419804,67.73144007,1
00:36:05,3.253,3.253572,73.78752232,67.72352457,1
00:36:06,3.253,3.253572,73.7808466,67.71566272,1
00:36:07,3.253,3.253572,73.77417088,67.7077949,1
00:36:08,3.253,3.253571,73.76749516,67.69988537,1
00:36:09,3.253,3.253571,73.76081944,67.69199,1
00:36:10,3.253,3.25357,73.75414371,67.68414378,1
00:36:11,3.253,3.25357,73.74746799,67.67628193,1
00:36:12,3.253,3.25357,73.74079227,67.66837239,1
00:36:13,3.253,3.253569,73.73411655,67.66048074,1
00:36:14,3.253,3.253569,73.72744083,67.65263081,1
00:36:15,3.253,3.253568,73.72076511,67.64476895,1
00:36:16,3.253,3.253568,73.71408939,67.63686538,1
00:36:17,3.253,3.253567,73.70741367,67.62897372,1
00:36:18,3.253,3.253567,73.70073795,67.62112975,1
00:36:19,3.253,3.253567,73.69406223,67.6132679,1
00:36:20,3.253,3.253566,73.68738651,67.60536432,1
00:36:21,3.253,3.253566,73.68071079,67.59747267,1
00:36:22,3.253,3.253566,73.67403507,67.5896287,1
00:36:23,3.253,3.253565,73.66735935,67.58176684,1
00:36:24,3.253,3.253565,73.66068363,67.57386327,1
00:36:25,3.253,3.253564,73.65400791,67.56597757,1
00:36:26,3.253,3.253564,73.64733219,67.5581336,1
00:36:27,3.253,3.253564,73.64065647,67.55028,1
00:36:28,3.253,3.253563,73.63398075,67.54237413,1
00:36:29,3.252,3.253563,73.62730503,67.53233671,1
00:36:30,3.253,3.253084,73.62062931,67.52548,1
00:36:31,3.253,3.253325,73.61395359,67.51811504,1
00:36:32,3.253,3.253444,73.60727787,67.51049161,1
00:36:33,3.253,3.253503,73.60060215,67.50277877,1
00:36:34,3.253,3.253532,73.59392643,67.49495268,1
00:36:35,3.253,3.253546,73.58725071,67.48710275,1
00:36:36,3.253,3.253553,73.58057499,67.47928262,1
00:36:37,3.253,3.253556,73.57389927,67.47143865,1
00:36:38,3.253,3.253557,73.56722355,67.46358275,1
00:36:39,3.253,3.253558,73.56054783,67.45568514,1
00:36:40,3.253,3.253558,73.55387211,67.44779944,1
00:36:41,3.253,3.253558,73.54719639,67.43996143,1
00:36:42,3.253,3.253557,73.54052067,67.4321115,1
00:36:43,3.253,3.253557,73.53384495,67.42425561,1
00:36:44,3.252,3.253557,73.52716923,67.41415858,1
00:36:45,3.253,3.253078,73.52049351,67.40731597,1
00:36:46,3.252,3.253319,73.51381779,67.39775538,1
00:36:47,3.252,3.25296,73.50714207,67.38899946,1
00:36:48,3.253,3.252782,73.50046635,67.38279462,1
00:36:49,3.253,3.253173,73.49379063,67.37576127,1
00:36:50,3.252,3.253365,73.48711491,67.36611128,1
00:36:51,3.253,3.252982,73.48043919,67.35947132,1
00:36:52,3.253,3.253271,73.47376347,67.35220551,1
00:36:53,3.253,3.253413,73.46708775,67.34465957,1
00:36:54,3.252,3.253484,73.46041203,67.33473539,1
00:36:55,3.253,3.25304,73.45373631,67.32797027,1
00:36:56,3.253,3.253298,73.44706059,67.32065082,1
00:36:57,3.253,3.253426,73.44038486,67.31305718,1
00:36:58,3.253,3.253489,73.43370914,67.30532646,1
00:36:59,3.253,3.25352,73.42703342,67.29753017,1
00:37:00,3.253,3.253535,73.4203577,67.28970408,1
00:37:01,3.253,3.253542,73.41368198,67.28186011,1
00:37:02,3.252,3.253546,73.40700626,67.27195382,1
00:37:03,3.253,3.253069,73.40033054,67.26513,1
00:37:04,3.253,3.253311,73.39365482,67.2577858,1
00:37:05,3.252,3.253431,73.3869791,67.24803448,1
00:37:06,3.253,3.253011,73.38030338,67.24133492,1
00:37:07,3.253,3.253282,73.37362766,67.23404,1
00:37:08,3.252,3.253416,73.36695194,67.22437739,1
00:37:09,3.252,3.253003,73.36027622,67.21549034,1
00:37:10,3.253,3.252799,73.3536005,67.20923781,1
00:37:11,3.252,3.253177,73.34692478,67.20004678,1
00:37:12,3.253,3.252884,73.34024906,67.19362736,1
00:37:13,3.253,3.253218,73.33357334,67.1864748,1
00:37:14,3.253,3.253383,73.32689762,67.17896461,1
00:37:15,3.252,3.253464,73.3202219,67.16910601,1
00:37:16,3.252,3.253026,73.31354618,67.1602726,1
00:37:17,3.252,3.252809,73.30687046,67.15186834,1
00:37:18,3.253,3.252702,73.30019474,67.14585423,1
00:37:19,3.252,3.253127,73.29351902,67.13670492,1
00:37:20,3.253,3.252858,73.2868433,67.13033915,1
00:37:21,3.253,3.253203,73.28016758,67.12323427,1
00:37:22,3.252,3.253374,73.27349186,67.11361408,1
00:37:23,3.252,3.25298,73.26681614,67.10475683,1
00:37:24,3.253,3.252785,73.26014042,67.09855795,1
00:37:25,3.253,3.253166,73.2534647,67.09153056,1
00:37:26,3.253,3.253355,73.24678898,67.0840919,1
00:37:27,3.252,3.253448,73.24011326,67.07418561,1
00:37:28,3.252,3.253016,73.23343754,67.06534028,1
00:37:29,3.253,3.252801,73.22676182,67.05909371,1
00:37:30,3.252,3.253174,73.2200861,67.04979539,1
00:37:31,3.252,3.252879,73.21341038,67.04123616,1
00:37:32,3.253,3.252733,73.20673466,67.03513861,1
00:37:33,3.252,3.253139,73.20005894,67.02598929,1
00:37:34,3.252,3.252861,73.19338322,67.01738238,1
00:37:35,3.252,3.252724,73.1867075,67.0091033,1
00:37:36,3.253,3.252656,73.18003178,67.00316072,1
00:37:37,3.252,3.2531,73.17335606,66.99403524,1
00:37:38,3.252,3.252841,73.16668034,66.98549986,1
00:37:39,3.252,3.252713,73.16000462,66.97730422,1
00:37:40,3.252,3.25265,73.1533289,66.96922779,1
00:37:41,3.252,3.252618,73.14665318,66.96121097,1
00:37:42,3.252,3.252602,73.13997746,66.95318222,1
00:37:43,3.252,3.252594,73.13330173,66.945225,1
00:37:44,3.253,3.25259,73.12662601,66.93946719,1
00:37:45,3.252,3.253066,73.11995029,66.93042517,1
00:37:46,3.252,3.252823,73.11327457,66.92193151,1
00:37:47,3.252,3.252702,73.10659885,66.91370606,1
00:37:48,3.252,3.252642,73.09992313,66.90565944,1
00:37:49,3.252,3.252613,73.09324741,66.89761877,1
00:37:50,3.252,3.252598,73.08657169,66.88961983,1
00:37:51,3.253,3.25259,73.07989597,66.8838203,1
00:37:52,3.252,3.253065,73.07322025,66.87483191,1
00:37:53,3.252,3.252821,73.06654453,66.86630845,1
00:37:54,3.252,3.2527,73.05986881,66.85807109,1
00:37:55,3.252,3.25264,73.05319309,66.8500185,1
00:37:56,3.252,3.25261,73.04651737,66.8420136,1
00:37:57,3.252,3.252595,73.03984165,66.83399677,1
00:37:58,3.252,3.252588,73.03316593,66.82605147,1
00:37:59,3.252,3.252584,73.02649021,66.81806445,1
00:38:00,3.252,3.252582,73.01981449,66.81013107,1
00:38:01,3.252,3.25258,73.01313877,66.80215001,1
00:38:02,3.252,3.252579,73.00646305,66.7948544,1
00:38:04,3.252,3.252579,72.99978733,66.78795815,1
00:38:04,3.252,3.252579,72.99311161,66.78127646,1
00:38:05,3.252,3.252578,72.98643589,66.77471995,1
00:38:06,3.252,3.252578,72.97976017,66.76821113,1
00:38:07,3.252,3.252578,72.97308445,66.7617023,1
00:38:08,3.252,3.252578,72.96640873,66.75524712,1
00:38:09,3.252,3.252578,72.95973301,66.74879789,1
00:38:10,3.252,3.252577,72.95305729,66.74241424,1
00:38:11,3.252,3.252577,72.94638157,66.73607826,1
00:38:12,3.252,3.252577,72.93970585,66.72974229,1
00:38:13,3.252,3.252576,72.93303013,66.72346592,1
00:38:14,3.252,3.252576,72.92635441,66.71719551,1
00:38:15,3.252,3.252575,72.91967869,66.71094894,1
00:38:17,3.26,3.26715,72.91967869,66.70826674,1
00:38:17,3.263,3.264329,72.91967869,66.7077601,1
00:38:18,3.266,3.264366,72.91967869,66.7090416,1
00:38:19,3.266,3.265818,72.91967869,66.70927405,1
00:38:21,3.267,3.266536,72.91967869,66.70990586,1
00:38:21,3.267,3.26737,72.91967869,66.70938134,1
00:38:22,3.267,3.267782,72.91967869,66.7083621,1
00:38:23,3.267,3.267986,72.91967869,66.70726538,1
00:38:25,3.267,3.268086,72.91967869,66.70609713,1
00:38:26,3.267,3.268137,72.91967869,66.70505404,1
00:38:26,3.269,3.268161,72.91967869,66.70587063,1
00:38:27,3.271,3.269129,72.91967869,66.70824885,1
00:38:28,3.273,3.270564,72.91967869,66.71239138,1
00:38:30,3.274,3.272231,72.91967869,66.71640873,1
00:38:30,3.274,3.273534,72.91967869,66.71757698,1
00:38:31,3.274,3.274178,72.91967869,66.71718955,1
00:38:32,3.274,3.274497,72.91967869,66.7163372,1
00:38:34,3.274,3.274654,72.91967869,66.71545506,1
00:38:35,3.274,3.274732,72.91967869,66.71449542,1
00:38:35,3.275,3.274771,72.91967869,66.71475768,1
00:38:36,3.275,3.275268,72.91967869,66.71440005,1
00:38:38,3.275,3.275514,72.91967869,66.71373248,1
00:38:39,3.275,3.275635,72.91967869,66.71296954,1
00:38:39,3.275,3.275695,72.91967869,66.7121172,1
00:38:40,3.275,3.275725,72.91967869,66.71132445,1
00:38:41,3.275,3.27574,72.91967869,66.71051383,1
00:38:43,3.275,3.275748,72.91967869,66.70970321,1
00:38:43,3.275,3.275751,72.91967869,66.70889258,1
00:38:44,3.275,3.275753,72.91967869,66.7081356,1
00:38:45,3.275,3.275754,72.91967869,66.70735478,1
00:38:47,3.275,3.275754,72.91967869,66.70651436,1
00:38:48,3.275,3.275754,72.91967869,66.70575142,1
00:38:48,3.275,3.275754,72.91967869,66.70497656,1
00:38:49,3.275,3.275754,72.91967869,66.70414805,1
00:38:51,3.275,3.275754,72.91967869,66.703403,1
00:38:52,3.275,3.275754,72.91967869,66.70264602,1
00:38:52,3.275,3.275754,72.91967869,66.70183539,1
00:38:53,3.275,3.275754,72.91967869,66.70104861,1
00:38:54,3.275,3.275755,72.91967869,66.70033336,1
00:38:56,3.275,3.275755,72.91967869,66.6996,1
00:38:57,3.275,3.275755,72.91967869,66.69881344,1
00:38:57,3.275,3.275755,72.91967869,66.6980505,1
00:38:58,3.275,3.275755,72.91967869,66.69735909,1
00:39:00,3.275,3.275755,72.91967869,66.69664979,1
00:39:01,3.275,3.275755,72.91967869,66.69588089,1
00:39:01,3.275,3.275755,72.91967869,66.69514179,1
00:39:02,3.275,3.275755,72.91967869,66.69441462,1
00:39:04,3.275,3.275755,72.91967869,66.69364572,1
00:39:05,3.275,3.275755,72.91967869,66.69296622,1
00:39:05,3.275,3.275755,72.91967869,66.69228077,1
00:39:06,3.275,3.275755,72.91967869,66.69159532,1
00:39:08,3.275,3.275755,72.91967869,66.69085622,1
00:39:09,3.275,3.275755,72.91967869,66.69014692,1
00:39:10,3.275,3.275755,72.91967869,66.68945551,1
00:39:10,3.276,3.275755,72.91967869,66.68967605,1
00:39:11,3.276,3.276233,72.91967869,66.68941975,1
00:39:13,3.276,3.276469,72.91967869,66.68892503,1
00:39:14,3.276,3.276587,72.91967869,66.68827534,1
00:39:14,3.276,3.276645,72.91967869,66.68763757,1
00:39:15,3.276,3.276674,72.91967869,66.68701,1
00:39:17,3.277,3.276688,72.91967869,66.68729186,1
00:39:18,3.277,3.277172,72.91967869,66.68710709,1
00:39:19,3.253,3.248255,72.90632129,66.66731238,1
00:39:19,3.252,3.250197,72.89296389,66.64703488,1
00:39:21,3.247,3.25068,72.87960649,66.65268,1
00:39:22,3.244999,3.248542,72.86625,66.64354801,1
00:39:23,3.244999,3.246522,72.85289168,66.63316488,1
00:39:23,3.244999,3.24552,72.83953428,66.62115455,1
00:39:24,3.244999,3.245023,72.82617688,66.60787463,1
00:39:26,3.243,3.244776,72.81281948,66.59906507,1
00:39:27,3.241,3.243701,72.79946208,66.58855677,1
00:39:27,3.239,3.242213,72.78610468,66.57663584,1
00:39:28,3.238,3.24052,72.77274728,66.56329632,1
00:39:30,3.238,3.239203,72.75938988,66.54977202,1
00:39:31,3.238,3.23855,72.74603248,66.53629541,1
00:39:32,3.238,3.238227,72.73267508,66.52287841,1
00:39:33,3.237,3.238066,72.71931767,66.50923491,1
00:39:34,3.237,3.237509,72.70596027,66.49573445,1
00:39:35,3.237,3.237232,72.69260287,66.48231149,1
00:39:36,3.235,3.237095,72.67924547,66.46835804,1
00:39:36,3.235,3.236072,72.66588807,66.45469069,1
00:39:38,3.234,3.235565,72.65253067,66.4408803,1
00:39:39,3.233,3.234836,72.63917327,66.42699242,1
00:39:40,3.232,3.233997,72.62581587,66.41305685,1
00:39:41,3.230999,3.233104,72.61245847,66.39909148,1
00:39:42,3.230999,3.232184,72.59910107,66.38547778,1
00:39:43,3.230999,3.231728,72.58574367,66.37193561,1
00:39:44,3.230999,3.231502,72.57238626,66.35844111,1
00:39:45,3.230999,3.23139,72.55902886,66.34497643,1
00:39:45,3.230999,3.231334,72.54567146,66.33152366,1
00:39:47,3.230999,3.231306,72.53231406,66.31807685,1
00:39:48,3.230999,3.231292,72.51895666,66.30461812,1
00:39:49,3.230999,3.231285,72.50559926,66.29117131,1
00:39:49,3.230999,3.231281,72.49224186,66.27773046,1
00:39:51,3.23,3.231279,72.47888446,66.26399159,1
00:39:52,3.23,3.2308,72.46552706,66.25039577,1
00:39:53,3.23,3.230563,72.45216966,66.23687148,1
00:39:54,3.23,3.230445,72.43881,66.22338295,1
00:39:55,3.23,3.230387,72.42545485,66.2099123,1
00:39:56,3.23,3.230357,72.41209745,66.19645357,1
00:39:57,3.23,3.230343,72.39874005,66.18299484,1
00:39:58,3.23,3.230335,72.38538265,66.16954207,1
00:39:59,3.23,3.230331,72.37202525,66.15608931,1
00:40:00,3.23,3.230329,72.35866785,66.14263654,1
00:40:01,3.23,3.230328,72.34531045,66.12918377,1
00:40:02,3.229,3.230327,72.33195305,66.11543894,1
00:40:03,3.229,3.229848,72.31859565,66.1018312,1
00:40:04,3.228,3.229611,72.30523825,66.08800292,1
00:40:05,3.228,3.229016,72.29188085,66.0743475,1
00:40:06,3.227,3.228722,72.27852345,66.06048942,1
00:40:07,3.227,3.228097,72.26516604,66.04681015,1
00:40:08,3.227,3.227788,72.25180864,66.03322029,1
00:40:09,3.226,3.227635,72.23845124,66.01938605,1
00:40:10,3.226,3.227081,72.22509384,66.00579023,1
00:40:11,3.226,3.226807,72.21173644,65.99222422,1
00:40:12,3.225,3.226671,72.19837904,65.97841382,1
00:40:13,3.225,3.226126,72.18502164,65.96474051,1
00:40:14,3.225,3.225856,72.17166424,65.95113873,1
00:40:15,3.225,3.225722,72.15830684,65.93757272,1
00:40:16,3.225,3.225655,72.14494944,65.92402458,1
00:40:17,3.225,3.225622,72.13159204,65.91048837,1
00:40:18,3.225,3.225605,72.11823463,65.89695811,1
00:40:19,3.225,3.225607,72.10487723,65.8834219,1
00:40:20,3.225,3.225612,72.09151983,65.86988568,1
00:40:21,3.224,3.225614,72.07816243,65.85605741,1
00:40:22,3.224,3.225138,72.06480503,65.84237218,1
00:40:23,3.224,3.224901,72.05144763,65.82868695,1
00:40:24,3.224,3.224785,72.03809023,65.81507325,1
00:40:25,3.224,3.224727,72.02473283,65.80148935,1
00:40:26,3.224,3.224698,72.01138,65.78792334,1
00:40:27,3.224,3.224684,71.99801803,65.77436328,1
00:40:28,3.224,3.224677,71.98466063,65.7608,1
00:40:29,3.224,3.224673,71.97130322,65.74724913,1
00:40:30,3.224,3.224671,71.95794582,65.73369503,1
00:40:31,3.224,3.224671,71.94458842,65.72014093,1
00:40:32,3.224,3.22467,71.93123102,65.70658684,1
00:40:33,3.224,3.22467,71.91787362,65.69303274,1
00:40:34,3.224,3.22467,71.90451622,65.67947865,1
00:40:35,3.224,3.22467,71.89115882,65.66592455,1
00:40:36,3.224,3.22467,71.87780142,65.65237045,1
00:40:37,3.224,3.22467,71.86444402,65.63881636,1
00:40:38,3.224,3.22467,71.85108662,65.62526226,1
00:40:39,3.224,3.224669,71.83772922,65.61170816,1
00:40:40,3.224,3.224669,71.82437181,65.59815407,1
00:40:41,3.224,3.224669,71.81101441,65.58459997,1
00:40:42,3.224,3.224669,71.79765701,65.57104588,1
00:40:43,3.224,3.224669,71.78429961,65.55749178,1
00:40:44,3.224,3.224669,71.77094221,65.54394,1
00:40:45,3.224,3.224669,71.75758481,65.53038359,1
00:40:46,3.224,3.224669,71.74422741,65.51682949,1
00:40:47,3.224,3.224669,71.73087001,65.50327539,1
00:40:48,3.224,3.224669,71.71751261,65.4897213,1
00:40:49,3.224,3.224669,71.70415521,65.4761672,1
00:40:50,3.224,3.224669,71.69079781,65.46261311,1
00:40:51,3.224,3.224669,71.6774404,65.44905901,1
00:40:52,3.224,3.224669,71.664083,65.43550491,1
00:40:53,3.224,3.224669,71.6507256,65.4219985,1
00:40:54,3.224,3.224669,71.6373682,65.40846825,1
00:40:55,3.224,3.224669,71.6240108,65.39492607,1
00:40:56,3.224,3.224669,71.6106534,65.38137794,1
00:40:57,3.223,3.224669,71.597296,65.3675437,1
00:40:58,3.224,3.224192,71.58394,65.35411477,1
00:40:59,3.224,3.224432,71.5705812,65.34064412,1
00:41:00,3.224,3.224552,71.5572238,65.32713771,1
00:41:01,3.224,3.224611,71.5438664,65.31360745,1
00:41:02,3.223,3.22464,71.530509,65.29977918,1
00:41:03,3.224,3.224177,71.51715159,65.28635621,1
00:41:04,3.224,3.224425,71.50379419,65.27289152,1
00:41:05,3.224,3.224548,71.49043679,65.25938511,1
00:41:06,3.224,3.224609,71.47707939,65.24585485,1
00:41:07,3.224,3.224639,71.46372199,65.23231268,1
00:41:08,3.223,3.224654,71.45036459,65.21847844,1
00:41:09,3.223,3.224184,71.43700719,65.20477533,1
00:41:10,3.224,3.223951,71.42364979,65.19143581,1
00:41:11,3.224,3.224313,71.41029239,65.17800093,1
00:41:12,3.223,3.224493,71.39693499,65.16423821,1
00:41:13,3.223,3.224104,71.38357759,65.15057087,1
00:41:14,3.223,3.223911,71.37022018,65.13688564,1
00:41:15,3.223,3.223816,71.35686278,65.12326002,1
00:41:16,3.223,3.223768,71.34350538,65.1096642,1
00:41:17,3.224,3.223745,71.33014798,65.09638429,1
00:41:18,3.224,3.224211,71.31679058,65.0829792,1
00:41:19,3.223,3.224442,71.30343318,65.06925225,1
00:41:20,3.223,3.224078,71.29007578,65.05559683,1
00:41:21,3.223,3.223898,71.27671838,65.04191756,1
00:41:22,3.223,3.223809,71.26336098,65.0282979,1
00:41:23,3.223,3.223765,71.25000358,65.01470208,1
00:41:24,3.223,3.223743,71.23664618,65.00111818,1
00:41:25,3.223,3.223732,71.22328877,64.98754025,1
00:41:26,3.223,3.223727,71.20993137,64.97396827,1
00:41:27,3.223,3.223724,71.19657397,64.96039629,1
00:41:28,3.223,3.223723,71.18321657,64.94682431,1
00:41:29,3.223,3.223722,71.16985917,64.93325233,1
00:41:30,3.223,3.223722,71.1565,64.91968036,1
00:41:31,3.223,3.223722,71.14314437,64.90610838,1
00:41:32,3.223,3.223721,71.12978697,64.8925364,1
00:41:33,3.223,3.223721,71.11642957,64.87896442,1
00:41:34,3.223,3.223721,71.10307217,64.86539245,1
00:41:35,3.223,3.223721,71.08971477,64.85182047,1
00:41:36,3.223,3.223721,71.07635736,64.83824849,1
00:41:37,3.223,3.223721,71.06299996,64.82468,1
00:41:38,3.223,3.223721,71.04964256,64.81110454,1
00:41:39,3.223,3.223721,71.03628516,64.79753256,1
00:41:40,3.223,3.223721,71.02292776,64.78396058,1
00:41:41,3.223,3.223721,71.00957036,64.7703886,1
00:41:42,3.223,3.223721,70.99621296,64.75681663,1
00:41:43,3.223,3.223721,70.98285556,64.74324465,1
00:41:44,3.223,3.223721,70.96949816,64.72967267,1
00:41:45,3.223,3.223721,70.95614076,64.71610069,1
00:41:46,3.223,3.223721,70.94278336,64.70252872,1
00:41:47,3.223,3.223721,70.92942595,64.68895674,1
00:41:48,3.223,3.223721,70.91606855,64.67538476,1
00:41:49,3.223,3.223721,70.90271115,64.66181278,1
00:41:50,3.223,3.22372,70.88935375,64.6482408,1
00:41:51,3.223,3.22372,70.87599635,64.63466883,1
00:41:52,3.223,3.22372,70.86263895,64.62109685,1
00:41:53,3.223,3.22372,70.84928155,64.60752487,1
00:41:54,3.223,3.22372,70.83592415,64.59395289,1
00:41:55,3.223,3.22372,70.82256675,64.58038092,1
00:41:56,3.223,3.22372,70.80920935,64.56680894,1
00:41:57,3.223,3.22372,70.79585195,64.55323696,1
00:41:58,3.223,3.22372,70.78249454,64.53966498,1
00:41:59,3.223,3.22372,70.76913714,64.52609301,1
00:42:00,3.223,3.22372,70.75577974,64.51252103,1
00:42:01,3.223,3.22372,70.74242234,64.49894905,1
00:42:02,3.222,3.22372,70.72906,64.48508501,1
00:42:03,3.223,3.223242,70.71570754,64.47165608,1
00:42:04,3.222,3.223483,70.70235014,64.45785761,1
00:42:05,3.222,3.223124,70.68899274,64.44416642,1
00:42:06,3.222,3.222947,70.67563534,64.43052888,1
00:42:07,3.222,3.222858,70.66227794,64.41691518,1
00:42:08,3.222,3.222815,70.64892054,64.40331936,1
00:42:09,3.222,3.222793,70.63556314,64.3897295,1
00:42:10,3.222,3.222782,70.62220573,64.37613964,1
00:42:11,3.222,3.222777,70.60884833,64.36254978,1
00:42:12,3.222,3.222774,70.59549093,64.34896588,1
00:42:13,3.222,3.222773,70.58213353,64.33538198,1
00:42:14,3.222,3.222772,70.56877613,64.32179809,1
00:42:15,3.221,3.222772,70.55541873,64.30791616,1
00:42:16,3.221,3.222294,70.54206133,64.29417729,1
00:42:17,3.221,3.222056,70.52870393,64.28051,1
00:42:18,3.221,3.221939,70.51534653,64.26694393,1
00:42:19,3.221,3.22188,70.50198913,64.25336003,1
00:42:20,3.221,3.221852,70.48863173,64.23977017,1
00:42:21,3.244999,3.25072,70.48863173,64.23814893,1
00:42:22,3.244999,3.248978,70.48863173,64.23670053,1
00:42:23,3.252,3.248116,70.48863173,64.23768401,1
00:42:24,3.252,3.251039,70.48863173,64.2380178,1
00:42:25,3.253,3.252486,70.48863173,64.23818469,1
00:42:26,3.253,3.253682,70.48863173,64.23798,1
00:42:27,3.253,3.254274,70.48863173,64.23758864,1
00:42:28,3.253,3.254567,70.48863173,64.23711777,1
00:42:29,3.257,3.254713,70.48863173,64.23762441,1
00:42:30,3.258999,3.256698,70.48863173,64.23839331,1
00:42:31,3.258999,3.258639,70.48863173,64.23850656,1
00:42:32,3.26,3.2596,70.48863173,64.23863173,1
00:42:33,3.26,3.260555,70.48863173,64.23846483,1
00:42:34,3.26,3.261028,70.48863173,64.23815489,1
00:42:35,3.26,3.261262,70.48863173,64.23777938,1
00:42:36,3.26,3.261378,70.48863173,64.23736811,1
00:42:37,3.26,3.261436,70.48863173,64.23693895,1
00:42:38,3.26,3.261464,70.48863173,64.23661709,1
00:42:39,3.26,3.261478,70.48863173,64.23623562,1
00:42:40,3.26,3.261485,70.48863173,64.2357111,1
00:42:41,3.26,3.261489,70.48863173,64.2352283,1
00:42:42,3.26,3.26149,70.48863173,64.23476338,1
00:42:43,3.26,3.261491,70.48863173,64.23431039,1
00:42:44,3.26,3.261492,70.48863173,64.2339766,1
00:42:45,3.261,3.261492,70.48863173,64.23385143,1
00:42:46,3.263,3.26197,70.48863173,64.23413754,1
00:42:47,3.266,3.263165,70.48863173,64.23494816,1
00:42:48,3.266,3.265192,70.48863173,64.23524618,1
00:42:49,3.266,3.266196,70.48863173,64.23518062,1
00:42:50,3.266,3.266693,70.48863173,64.23496008,1
00:42:51,3.266,3.266939,70.48863173,64.23467398,1
00:42:52,3.266,3.267061,70.48863173,64.23435,1
00:42:53,3.267,3.267122,70.48863173,64.23432231,1
00:42:54,3.266,3.26763,70.48863173,64.23389912,1
00:42:55,3.267,3.267403,70.48863173,64.23378587,1
00:42:56,3.267,3.26777,70.48863173,64.23350573,1
00:42:57,3.267,3.267951,70.48863173,64.23318982,1
00:42:58,3.267,3.268041,70.48863173,64.232862,1
00:42:59,3.267,3.268085,70.48863173,64.23252821,1
00:43:00,3.267,3.268107,70.48863173,64.23219442,1
00:43:01,3.267,3.268118,70.48863173,64.23185468,1
00:43:02,3.267,3.268124,70.48863173,64.23160434,1
00:43:03,3.267,3.268126,70.48863173,64.23131227,1
00:43:04,3.267,3.268128,70.48863173,64.23099637,1
00:43:05,3.267,3.268128,70.48863173,64.2305851,1
00:43:06,3.267,3.268129,70.48863173,64.23020959,1
00:43:07,3.267,3.268129,70.48863173,64.22985196,1
00:43:08,3.267,3.268129,70.48863173,64.22950625,1
00:43:09,3.268,3.268129,70.48863173,64.22946453,1
00:43:10,3.269,3.268607,70.48863173,64.22958,1
00:43:11,3.269,3.269323,70.48863173,64.22948837,1
00:43:12,3.271,3.269677,70.48863173,64.22988772,1
00:43:13,3.271,3.27081,70.48863173,64.22994733,1
00:43:14,3.272,3.271371,70.48863173,64.23013806,1
00:43:15,3.273,3.272127,70.48863173,64.23040032,1
00:43:16,3.273,3.272981,70.48863173,64.23040628,1
00:43:17,3.274,3.273403,70.48863173,64.2305851,1
00:43:18,3.274,3.274091,70.48863173,64.2305553,1
00:43:19,3.274,3.274432,70.48863173,64.23042417,1
00:43:20,3.274,3.274601,70.48863173,64.23024535,1
00:43:21,3.274,3.274684,70.48863173,64.23003674,1
00:43:22,3.274,3.274725,70.48863173,64.2298162,1
00:43:23,3.274,3.274746,70.48863173,64.2295897,1
00:43:24,3.274,3.274756,70.48863173,64.2293632,1
00:43:25,3.274,3.274761,70.48863173,64.22913074,1
00:43:26,3.274,3.274764,70.48863173,64.22895789,1
00:43:27,3.274,3.274765,70.48863173,64.22875524,1
00:43:28,3.274,3.274765,70.48863173,64.22854066,1
00:43:29,3.274,3.274766,70.48863173,64.22832012,1
00:43:30,3.274,3.274766,70.48863173,64.22803402,1
00:43:31,3.274,3.274766,70.48863173,64.22777772,1
00:43:32,3.274,3.274766,70.48863173,64.22753334,1
00:43:33,3.275,3.274766,70.48863173,64.22760487,1
00:43:34,3.275,3.275245,70.48863173,64.22752738,1
00:43:35,3.275,3.275481,70.48863173,64.22737837,1
00:43:36,3.275,3.275599,70.48863173,64.22719359,1
00:43:37,3.275,3.275657,70.48863173,64.22699094,1
00:43:38,3.275,3.275686,70.48863173,64.22678232,1
00:43:39,3.274,3.2757,70.48863173,64.22626376,1
00:43:40,3.275,3.275229,70.48863173,64.22621012,1
00:43:41,3.275,3.275474,70.48863173,64.22608495,1
00:43:42,3.275,3.275595,70.48863173,64.22591805,1
00:43:43,3.275,3.275655,70.48863173,64.22572732,1
00:43:44,3.275,3.275685,70.48863173,64.22552466,1
00:43:45,3.275,3.2757,70.48863173,64.2252624,1
00:43:46,3.275,3.275707,70.48863173,64.22502398,1
00:43:47,3.275,3.275711,70.48863173,64.22479153,1
00:43:48,3.275,3.275712,70.48863173,64.22456503,1
00:43:49,3.275,3.275713,70.48863173,64.22434449,1
00:43:50,3.275,3.275714,70.48863173,64.22412395,1
00:43:51,3.275,3.275714,70.48863173,64.22390342,1
00:43:52,3.275,3.275714,70.48863173,64.22368288,1
00:43:53,3.275,3.275714,70.48863173,64.22352195,1
00:43:54,3.275,3.275714,70.48863173,64.22333121,1
00:43:55,3.275,3.275714,70.48863173,64.22312856,1
00:43:56,3.275,3.275714,70.48863173,64.22291994,1
00:43:57,3.275,3.275714,70.48863173,64.22265172,1
00:43:58,3.275,3.275714,70.48863173,64.22240734,1
00:43:59,3.275,3.275714,70.48863173,64.22217488,1
00:44:00,3.275,3.275714,70.48863173,64.22194839,1
00:44:01,3.275,3.275714,70.48863173,64.22172785,1
00:44:02,3.275,3.275714,70.48863173,64.22150731,1
00:44:03,3.275,3.275714,70.48863173,64.22128677,1
00:44:04,3.275,3.275714,70.48863173,64.22106624,1
00:44:05,3.275,3.275714,70.48863173,64.2208457,1
00:44:06,3.275,3.275714,70.48863173,64.22068477,1
00:44:07,3.275,3.275714,70.48863173,64.22049403,1
00:44:08,3.275,3.275714,70.48863173,64.22029138,1
00:44:09,3.275,3.275714,70.48863173,64.22008276,1
00:44:10,3.275,3.275714,70.48863173,64.21981454,1
00:44:11,3.275,3.275714,70.48863173,64.21957016,1
00:44:12,3.275,3.275714,70.48863173,64.2193377,1
00:44:13,3.275,3.275714,70.48863173,64.2191112,1
00:44:14,3.275,3.275714,70.48863173,64.21889067,1
00:44:15,3.275,3.275714,70.48863173,64.21867013,1
00:44:16,3.275,3.275714,70.48863173,64.21844959,1
00:44:17,3.275,3.275714,70.48863173,64.21822906,1
00:44:18,3.275,3.275714,70.48863173,64.21806216,1
00:44:19,3.275,3.275714,70.48863173,64.21787143,1
00:44:20,3.275,3.275714,70.48863173,64.21766877,1
00:44:21,3.275,3.275714,70.48863173,64.21746016,1
00:44:22,3.275,3.275714,70.48863173,64.21719,1
00:44:23,3.275,3.275714,70.48863173,64.2169416,1
00:44:24,3.275,3.275714,70.48863173,64.21670914,1
00:44:25,3.275,3.275714,70.48863173,64.21648264,1
00:44:26,3.275,3.275714,70.48863173,64.21625614,1
00:44:27,3.275,3.275714,70.48863173,64.2160356,1
00:44:28,3.275,3.275714,70.48863173,64.21581507,1
00:44:29,3.275,3.275714,70.48863173,64.21559453,1
00:44:30,3.275,3.275714,70.48863173,64.21542764,1
00:44:31,3.275,3.275714,70.48863173,64.2152369,1
00:44:32,3.275,3.275714,70.48863173,64.21503425,1
00:44:33,3.275,3.275714,70.48863173,64.21481967,1
00:44:34,3.275,3.275714,70.48863173,64.21454549,1
00:44:35,3.275,3.275714,70.48863173,64.21430111,1
00:44:36,3.275,3.275714,70.48863173,64.21406865,1
00:44:37,3.275,3.275714,70.48863173,64.21384215,1
00:44:38,3.275,3.275714,70.48863173,64.21361566,1
00:44:39,3.275,3.275714,70.48863173,64.21338916,1
00:44:40,3.275,3.275714,70.48863173,64.21316862,1
00:44:41,3.275,3.275714,70.48863173,64.21294808,1
00:44:42,3.275,3.275714,70.48863173,64.21272755,1
00:44:43,3.275,3.275714,70.48863173,64.21256065,1
00:44:44,3.275,3.275714,70.48863173,64.21236992,1
00:44:45,3.275,3.275714,70.48863173,64.2121613,1
00:44:46,3.275,3.275714,70.48863173,64.21194673,1
00:44:47,3.275,3.275714,70.48863173,64.21167254,1
00:44:48,3.275,3.275714,70.48863173,64.2114222,1
00:44:49,3.275,3.275714,70.48863173,64.21118379,1
00:44:50,3.275,3.275714,70.48863173,64.21095729,1
00:44:51,3.275,3.275714,70.48863173,64.21073079,1
00:44:52,3.276,3.275714,70.48863173,64.2108202,1
00:44:53,3.242,3.232888,70.4685986,64.19291496,1
00:44:54,3.236,3.236678,70.44856548,64.17264342,1
00:44:55,3.232,3.235686,70.42853236,64.15168047,1
00:44:56,3.23,3.233282,70.40849924,64.13046122,1
00:44:57,3.229,3.231134,70.38846612,64.10970688,1
00:44:58,3.226,3.229592,70.368433,64.08850551,1
00:44:59,3.224,3.227393,70.34839988,64.06766772,1
00:45:00,3.224,3.225347,70.32836676,64.04715776,1
00:45:01,3.223,3.224333,70.30833364,64.02667761,1
00:45:02,3.221,3.223353,70.28830051,64.00607228,1
00:45:03,3.219,3.221911,70.26826739,63.98500204,1
00:45:04,3.216,3.22024,70.24823427,63.96355033,1
00:45:05,3.216,3.217977,70.22820115,63.94287944,1
00:45:06,3.215,3.216856,70.20817,63.92225623,1
00:45:07,3.215,3.215822,70.18813491,63.90196681,1
00:45:08,3.215,3.21531,70.16810179,63.88183832,1
00:45:09,3.214,3.215056,70.14806867,63.86147738,1
00:45:10,3.212,3.214453,70.12803555,63.84068,1
00:45:11,3.211,3.213197,70.10800242,63.81995678,1
00:45:12,3.21,3.212096,70.0879693,63.79944086,1
00:45:13,3.209,3.211072,70.06793618,63.77868056,1
00:45:14,3.209,3.210086,70.04790306,63.75828981,1
00:45:15,3.209,3.209598,70.02786994,63.73806596,1
00:45:16,3.208,3.209356,70.00783682,63.71760368,1
00:45:17,3.208,3.208759,69.9878037,63.69733214,1
00:45:18,3.207,3.208462,69.96777058,63.67684007,1
00:45:19,3.206,3.207837,69.94773746,63.65623,1
00:45:20,3.206,3.207049,69.92770433,63.63587379,1
00:45:21,3.205,3.206658,69.90767121,63.6154592,1
00:45:22,3.204,3.205986,69.88763809,63.59472871,1
00:45:23,3.204,3.205175,69.86760497,63.57440352,1
00:45:24,3.204,3.204773,69.84757185,63.55409026,1
00:45:25,3.203,3.204573,69.82753873,63.53365779,1
00:45:26,3.202,3.203996,69.80750561,63.51290345,1
00:45:27,3.202,3.203232,69.78747249,63.4924531,1
00:45:28,3.202,3.202853,69.76743937,63.4721458,1
00:45:29,3.202,3.202665,69.74740624,63.45190406,1
00:45:30,3.202,3.202572,69.72737312,63.43169212,1
00:45:31,3.202,3.202526,69.70734,63.41149211,1
00:45:32,3.202,3.202504,69.68730688,63.3913,1
00:45:33,3.202,3.202492,69.66727376,63.37115765,1
00:45:34,3.201,3.202487,69.64724064,63.35060596,1
00:45:35,3.201,3.202006,69.62720752,63.3303225,1
00:45:36,3.201,3.201768,69.6071744,63.3100152,1
00:45:37,3.201,3.201649,69.58714128,63.28981519,1
00:45:38,3.201,3.201591,69.56711,63.26956749,1
00:45:39,3.201,3.201562,69.54707503,63.24939132,1
00:45:40,3.201,3.201548,69.52704191,63.2291615,1
00:45:41,3.2,3.201541,69.50700879,63.20860982,1
00:45:42,3.2,3.201059,69.48697567,63.18823695,1
00:45:43,3.2,3.20082,69.46694255,63.1680131,1
00:45:44,3.199,3.200702,69.44690943,63.14737797,1
00:45:45,3.199,3.200165,69.42687631,63.12705278,1
00:45:46,3.198,3.199898,69.40684319,63.10633421,1
00:45:47,3.198,3.199287,69.38681006,63.08597326,1
00:45:48,3.198,3.198985,69.36677694,63.06558251,1
00:45:49,3.198,3.198835,69.34674382,63.04526925,1
00:45:50,3.197,3.198761,69.3267107,63.02466989,1
00:45:51,3.197,3.198245,69.30667758,63.00424337,1
00:45:52,3.197,3.197989,69.28664446,62.98390031,1
00:45:53,3.197,3.197863,69.26661134,62.96359897,1
00:45:54,3.197,3.1978,69.24657822,62.94331551,1
00:45:55,3.197,3.197769,69.2265451,62.92304397,1
00:45:56,3.196,3.197754,69.20651197,62.90246844,1
00:45:57,3.196,3.197267,69.18647885,62.88204,1
00:45:58,3.196,3.197026,69.16644573,62.86169291,1
00:45:59,3.196,3.196906,69.14641261,62.84137964,1
00:46:00,3.196,3.196847,69.12637949,62.82108426,1
00:46:01,3.195,3.196818,69.10634637,62.80049086,1
00:46:02,3.195,3.196324,69.08631325,62.78004646,1
00:46:03,3.195,3.19608,69.06628013,62.75967956,1
00:46:04,3.195,3.195959,69.04624701,62.73943186,1
00:46:05,3.195,3.195898,69.02621388,62.71908283,1
00:46:06,3.194,3.195869,69.00618076,62.69859076,1
00:46:07,3.194,3.195375,68.98614764,62.67806292,1
00:46:08,3.194,3.19513,68.96611452,62.65774369,1
00:46:09,3.194,3.195009,68.9460814,62.63734698,1
00:46:10,3.194,3.194949,68.92605,62.61707544,1
00:46:11,3.194,3.194919,68.90601516,62.59670854,1
00:46:12,3.194,3.194904,68.88598204,62.57644892,1
00:46:13,3.194,3.194897,68.86594892,62.55609393,1
00:46:14,3.194,3.194893,68.84591579,62.53583431,1
00:46:15,3.194,3.194891,68.82588267,62.51547933,1
00:46:16,3.194,3.194891,68.80584955,62.49521971,1
00:46:17,3.194,3.19489,68.78581643,62.47486472,1
00:46:18,3.194,3.19489,68.76578331,62.45461,1
00:46:19,3.194,3.19489,68.74575019,62.43425012,1
00:46:20,3.194,3.19489,68.72571707,62.41391897,1
00:46:21,3.194,3.19489,68.70568395,62.39359975,1
00:46:22,3.194,3.19489,68.68565083,62.37328649,1
00:46:23,3.194,3.19489,68.6656177,62.35297322,1
00:46:24,3.194,3.19489,68.64558458,62.33266592,1
00:46:25,3.194,3.19489,68.62555146,62.31235862,1
00:46:26,3.194,3.19489,68.60551834,62.29205132,1
00:46:27,3.194,3.19489,68.58548522,62.27174401,1
00:46:28,3.194,3.19489,68.5654521,62.25143671,1
00:46:29,3.194,3.19489,68.54541898,62.23112941,1
00:46:30,3.194,3.19489,68.52538586,62.21082211,1
00:46:31,3.194,3.19489,68.50535274,62.1905148,1
00:46:32,3.194,3.19489,68.48531961,62.1702075,1
00:46:33,3.194,3.19489,68.46528649,62.1499002,1
00:46:34,3.194,3.194891,68.44525337,62.12959,1
00:46:35,3.194,3.19489,68.42522025,62.10928559,1
00:46:36,3.194,3.194891,68.40518713,62.08897829,1
00:46:37,3.194,3.194891,68.38515401,62.06874251,1
00:46:38,3.194,3.194891,68.36512089,62.04839945,1
00:46:39,3.194,3.194891,68.34508777,62.02815175,1
00:46:40,3.194,3.194891,68.32505465,62.00780272,1
00:46:41,3.194,3.194891,68.30502152,61.98754907,1
00:46:42,3.194,3.194891,68.28499,61.96719408,1
00:46:43,3.194,3.194891,68.26495528,61.94694042,1
00:46:44,3.194,3.194891,68.24492216,61.92658544,1
00:46:45,3.194,3.194891,68.22488904,61.90633178,1
00:46:46,3.194,3.194891,68.20485592,61.88597679,1
00:46:47,3.194,3.194891,68.1848228,61.86572313,1
00:46:48,3.194,3.194891,68.16478968,61.84536815,1
00:46:49,3.194,3.194891,68.14475656,61.82511449,1
00:46:50,3.194,3.194891,68.12472343,61.8047595,1
00:46:51,3.194,3.194891,68.10469031,61.78450584,1
00:46:52,3.194,3.194891,68.08465719,61.76415086,1
00:46:53,3.194,3.194891,68.06462407,61.74381971,1
00:46:54,3.194,3.194891,68.04459095,61.72350049,1
00:46:55,3.194,3.194891,68.02455783,61.70318723,1
00:46:56,3.193,3.194891,68.00452471,61.68256998,1
00:46:57,3.193,3.194412,67.98449159,61.66222095,1
00:46:58,3.193,3.194174,67.96445847,61.64177656,1
00:46:59,3.193,3.194057,67.94442534,61.62148714,1
00:47:00,3.193,3.193998,67.92439222,61.60109639,1
00:47:01,3.193,3.193969,67.9043591,61.58082485,1
00:47:02,3.193,3.193955,67.88432598,61.56044602,1
00:47:03,3.192,3.193948,67.86429286,61.53993011,1
00:47:04,3.192,3.193464,67.84425974,61.51937246,1
00:47:05,3.192,3.193224,67.82422662,61.49903536,1
00:47:06,3.192,3.193105,67.8041935,61.47860289,1
00:47:07,3.192,3.193047,67.78416038,61.4583075,1
00:47:08,3.192,3.193017,67.76412725,61.4379108,1
00:47:09,3.192,3.193003,67.74409413,61.41762733,1
00:47:10,3.192,3.192996,67.72406101,61.39723659,1
00:47:11,3.191,3.192992,67.70402789,61.37670875,1
00:47:12,3.192,3.192511,67.68399477,61.35649085,1
00:47:13,3.191,3.192752,67.66396165,61.33602262,1
00:47:14,3.191,3.192391,67.64393,61.31548882,1
00:47:15,3.191,3.192212,67.62389541,61.29505038,1
00:47:16,3.191,3.192124,67.60386229,61.27465963,1
00:47:17,3.191,3.19208,67.58382916,61.25428677,1
00:47:18,3.191,3.192058,67.56379604,61.23392582,1
00:47:19,3.191,3.192047,67.54376292,61.21357083,1
00:47:20,3.191,3.192042,67.5237298,61.19321585,1
00:47:21,3.191,3.192039,67.50369668,61.17287,1
00:47:22,3.191,3.192038,67.48366356,61.1525178,1
00:47:23,3.191,3.192037,67.46363044,61.13216877,1
00:47:24,3.191,3.192037,67.44359732,61.11181974,1
00:47:25,3.23,3.233235,67.44359732,61.11110449,1
00:47:26,3.230999,3.233016,67.44359732,61.11040711,1
00:47:27,3.234,3.233387,67.44359732,61.11060381,1
00:47:28,3.237,3.235012,67.44359732,61.11122966,1
00:47:29,3.238,3.237258,67.44359732,61.11139655,1
00:47:30,3.238,3.238852,67.44359732,61.11117005,1
00:47:31,3.238,3.239642,67.44359732,61.11056209,1
00:47:32,3.244,3.240034,67.44359732,61.11189723,1
00:47:33,3.244999,3.243109,67.44359732,61.11234426,1
00:47:34,3.244999,3.245112,67.44359732,61.11230254,1
00:47:35,3.244999,3.246106,67.44359732,61.11193895,1
00:47:36,3.244999,3.246598,67.44359732,61.11156344,1
00:47:37,3.244999,3.246842,67.44359732,61.11107,1
00:47:38,3.244999,3.246964,67.44359732,61.11034155,1
00:47:39,3.246,3.247024,67.44359732,61.10999584,1
00:47:40,3.25,3.247534,67.44359732,61.11079454,1
00:47:41,3.252,3.249707,67.44359732,61.11151576,1
00:47:42,3.252,3.251745,67.44359732,61.11157537,1
00:47:43,3.252,3.252755,67.44359732,61.11137271,1
00:47:44,3.253,3.253256,67.44359732,61.11130118,1
00:47:45,3.253,3.253984,67.44359732,61.11100912,1
00:47:46,3.253,3.254345,67.44359732,61.11049056,1
00:47:47,3.253,3.254524,67.44359732,61.10996604,1
00:47:48,3.253,3.254613,67.44359732,61.10944152,1
00:47:49,3.253,3.254657,67.44359732,61.108917,1
00:47:50,3.253,3.254679,67.44359732,61.10853553,1
00:47:51,3.253,3.254689,67.44359732,61.10808849,1
00:47:52,3.253,3.254695,67.44359732,61.10745668,1
00:47:53,3.255,3.254697,67.44359732,61.10755801,1
00:47:54,3.256,3.255659,67.44359732,61.10767126,1
00:47:55,3.258,3.256616,67.44359732,61.10810637,1
00:47:56,3.258999,3.25805,67.44359732,61.1084044,1
00:47:57,3.258999,3.259241,67.44359732,61.10832691,1
00:47:58,3.258999,3.259832,67.44359732,61.10807061,1
00:47:59,3.258999,3.260124,67.44359732,61.10772491,1
00:48:00,3.258999,3.260269,67.44359732,61.10733151,1
00:48:01,3.26,3.260341,67.44359732,61.10722423,1
00:48:02,3.258999,3.260858,67.44359732,61.10665202,1
00:48:03,3.26,3.260633,67.44359732,61.10645533,1
00:48:04,3.258999,3.261002,67.44359732,61.10600829,1
00:48:05,3.26,3.260704,67.44359732,61.10582,1
00:48:06,3.26,3.261037,67.44359732,61.10552549,1
00:48:07,3.26,3.261202,67.44359732,61.10506654,1
00:48:08,3.26,3.261284,67.44359732,61.1046195,1
00:48:09,3.26,3.261325,67.44359732,61.10418439,1
00:48:10,3.26,3.261345,67.44359732,61.10375524,1
00:48:11,3.26,3.261355,67.44359732,61.10344529,1
00:48:12,3.26,3.26136,67.44359732,61.1030817,1
00:48:13,3.26,3.261362,67.44359732,61.10268831,1
00:48:14,3.26,3.261364,67.44359732,61.10216379,1
00:48:15,3.26,3.261364,67.44359732,61.10169291,1
00:48:16,3.26,3.261364,67.44359732,61.10125,1
00:48:17,3.26,3.261364,67.44359732,61.10081077,1
00:48:18,3.26,3.261365,67.44359732,61.10050082,1
00:48:19,3.26,3.261364,67.44359732,61.10013723,1
00:48:20,3.26,3.261364,67.44359732,61.09962,1
00:48:21,3.26,3.261364,67.44359732,61.09915972,1
00:48:22,3.26,3.261365,67.44359732,61.09871268,1
00:48:23,3.26,3.261364,67.44359732,61.09827757,1
00:48:24,3.26,3.261365,67.44359732,61.09796762,1
00:48:25,3.26,3.261364,67.44359732,61.09760404,1
00:48:26,3.26,3.261364,67.44359732,61.09709144,1
00:48:27,3.252,3.247635,67.4369216,61.09191179,1
00:48:28,3.251,3.250104,67.43024588,61.08552814,1
00:48:29,3.247,3.250847,67.42357016,61.07795835,1
00:48:30,3.244999,3.249296,67.41689444,61.06974483,1
00:48:31,3.244999,3.247567,67.41021872,61.06243,1
00:48:32,3.244999,3.246709,67.403543,61.05512977,1
00:48:33,3.244999,3.246283,67.39686728,61.04801893,1
00:48:34,3.244999,3.246073,67.39019156,61.04108691,1
00:48:35,3.244999,3.245968,67.38351583,61.03405952,1
00:48:36,3.244999,3.245916,67.37684011,61.02715731,1
00:48:37,3.244999,3.24589,67.37016439,61.02015376,1
00:48:38,3.244999,3.245877,67.36348867,61.01318002,1
00:48:39,3.244999,3.245871,67.35681295,61.00621819,1
00:48:40,3.244999,3.245868,67.35013723,60.99926233,1
00:48:41,3.244999,3.245866,67.34346151,60.99231243,1
00:48:42,3.244999,3.245865,67.33678579,60.98536253,1
00:48:43,3.244999,3.245865,67.33011007,60.97849011,1
00:48:44,3.244999,3.245864,67.32343435,60.97150445,1
00:48:45,3.244999,3.245864,67.31675863,60.96461415,1
00:48:46,3.244999,3.245864,67.31008291,60.95762,1
00:48:47,3.244999,3.245864,67.30340719,60.95065475,1
00:48:48,3.244999,3.245864,67.29673147,60.9437,1
00:48:49,3.244999,3.245864,67.29005575,60.93674898,1
00:48:50,3.244999,3.245863,67.28338003,60.92987657,1
00:48:51,3.244999,3.245863,67.27670431,60.9228909,1
00:48:52,3.244999,3.245863,67.27002859,60.9160006,1
00:48:53,3.244999,3.245863,67.26335287,60.90900898,1
00:48:54,3.244999,3.245863,67.25667715,60.90211272,1
00:48:55,3.244999,3.245863,67.25000143,60.8951211,1
00:48:56,3.244999,3.245863,67.24332571,60.88815331,1
00:48:57,3.244999,3.245863,67.23664999,60.88119745,1
00:48:58,3.244999,3.245862,67.22997427,60.87424755,1
00:48:59,3.244,3.245863,67.22329855,60.86714268,1
00:49:00,3.244,3.245382,67.21662283,60.85997224,1
00:49:01,3.244,3.245144,67.20994711,60.85291505,1
00:49:02,3.244,3.245026,67.20327139,60.84590554,1
00:49:03,3.244,3.244967,67.19659567,60.83891988,1
00:49:04,3.243,3.244938,67.18991995,60.83180308,1
00:49:05,3.243,3.244444,67.18324423,60.8246088,1
00:49:06,3.243,3.244198,67.17656851,60.81753373,1
00:49:07,3.242,3.244077,67.16989279,60.81018,1
00:49:08,3.242,3.243536,67.16321707,60.80302,1
00:49:09,3.242,3.243268,67.15654135,60.79594493,1
00:49:10,3.241,3.243135,67.14986563,60.78859568,1
00:49:11,3.241,3.242589,67.14318991,60.78141928,1
00:49:12,3.241,3.242317,67.13651419,60.77433,1
00:49:13,3.241,3.242183,67.12983847,60.76728106,1
00:49:14,3.24,3.242116,67.12316275,60.75993776,1
00:49:15,3.24,3.241603,67.11648703,60.75289845,1
00:49:16,3.24,3.241349,67.10981131,60.74573994,1
00:49:17,3.24,3.241222,67.10313559,60.73865294,1
00:49:18,3.24,3.24116,67.09645987,60.73170304,1
00:49:19,3.239,3.241128,67.08978415,60.72426,1
00:49:20,3.239,3.240633,67.08310843,60.71702838,1
00:49:21,3.239,3.240387,67.0764327,60.71002483,1
00:49:22,3.239,3.240265,67.06975698,60.70289016,1
00:49:23,3.239,3.240204,67.06308126,60.69591045,1
00:49:24,3.239,3.240174,67.05640554,60.68879962,1
00:49:25,3.239,3.240159,67.04972982,60.68172,1
00:49:26,3.239,3.240152,67.0430541,60.67477465,1
00:49:27,3.238,3.240148,67.03637838,60.66731811,1
00:49:28,3.238,3.239666,67.02970266,60.66008,1
00:49:29,3.238,3.239427,67.02302694,60.65306067,1
00:49:30,3.238,3.239308,67.01635122,60.64590812,1
00:49:31,3.238,3.239249,67.0096755,60.63891649,1
00:49:32,3.238,3.23922,67.00299978,60.63178778,1
00:49:33,3.238,3.239205,66.99632406,60.62470078,1
00:49:34,3.238,3.239198,66.98964834,60.61773896,1
00:49:35,3.238,3.239194,66.98297262,60.61062813,1
00:49:36,3.238,3.239192,66.9762969,60.60365438,1
00:49:37,3.238,3.239191,66.96962118,60.59653759,1
00:49:38,3.238,3.23919,66.96294546,60.58945656,1
00:49:39,3.238,3.23919,66.95626974,60.58249474,1
00:49:40,3.238,3.23919,66.94959402,60.5753839,1
00:49:41,3.238,3.23919,66.9429183,60.56841016,1
00:49:42,3.238,3.239189,66.93624258,60.56129336,1
00:49:43,3.238,3.239189,66.92956686,60.55421233,1
00:49:44,3.238,3.239189,66.92289114,60.54725051,1
00:49:45,3.238,3.239189,66.91621542,60.54013968,1
00:49:46,3.238,3.239188,66.9095397,60.53316593,1
00:49:47,3.238,3.239189,66.90286398,60.52604914,1
00:49:48,3.238,3.239188,66.89618826,60.51896811,1
00:49:49,3.238,3.239188,66.88951254,60.51200628,1
00:49:50,3.238,3.239188,66.88283682,60.50489545,1
00:49:51,3.238,3.239188,66.8761611,60.49792171,1
00:49:52,3.238,3.239188,66.86948538,60.49080491,1
00:49:53,3.238,3.239187,66.86280966,60.48372388,1
00:49:54,3.238,3.239187,66.85613394,60.47676206,1
00:49:55,3.238,3.239187,66.84945822,60.46965122,1
00:49:56,3.238,3.239187,66.8427825,60.46267748,1
00:49:57,3.238,3.239187,66.83610678,60.45556068,1
00:49:58,3.238,3.239187,66.82943106,60.44847965,1
00:49:59,3.238,3.239187,66.82275534,60.44151783,1
00:50:00,3.238,3.239186,66.81607962,60.434407,1
00:50:01,3.238,3.239186,66.8094039,60.42743325,1
00:50:02,3.238,3.239186,66.80272818,60.42031646,1
00:50:03,3.238,3.239186,66.79605246,60.41322947,1
00:50:04,3.238,3.239186,66.78937674,60.40626764,1
00:50:05,3.238,3.239186,66.78270102,60.39915681,1
00:50:06,3.238,3.239185,66.7760253,60.39218307,1
00:50:07,3.238,3.239185,66.76934958,60.38506627,1
00:50:08,3.238,3.239185,66.76267385,60.37798,1
00:50:09,3.238,3.239185,66.75599813,60.37102,1
00:50:10,3.238,3.239185,66.74932241,60.36390662,1
00:50:11,3.238,3.239184,66.74264669,60.35693288,1
00:50:12,3.238,3.239184,66.73597097,60.34981608,1
00:50:13,3.238,3.239184,66.72929525,60.34272909,1
00:50:14,3.238,3.239184,66.72261953,60.33565998,1
00:50:15,3.238,3.239184,66.71594381,60.32860279,1
00:50:16,3.238,3.239183,66.70926809,60.32165289,1
00:50:17,3.238,3.239184,66.70259237,60.31454802,1
00:50:18,3.238,3.239183,66.69591665,60.30747294,1
00:50:19,3.238,3.239183,66.68924093,60.30040979,1
00:50:20,3.238,3.239183,66.68256521,60.2933526,1
00:50:21,3.238,3.239183,66.67588949,60.2864027,1
00:50:22,3.238,3.239183,66.66921377,60.27929783,1
00:50:23,3.238,3.239182,66.66253805,60.27222276,1
00:50:24,3.238,3.239182,66.65586233,60.26516,1
00:50:25,3.238,3.239182,66.64918661,60.2581,1
00:50:26,3.238,3.239182,66.64251089,60.25115252,1
00:50:27,3.238,3.239182,66.63583517,60.24404764,1
00:50:28,3.238,3.239182,66.62915945,60.23697257,1
00:50:29,3.238,3.239182,66.62248373,60.22990942,1
00:50:30,3.238,3.239181,66.61580801,60.22285223,1
00:50:31,3.238,3.239181,66.60913229,60.21590233,1
00:50:32,3.238,3.239181,66.60245657,60.2088,1
00:50:33,3.238,3.239181,66.59578085,60.20172238,1
00:50:34,3.238,3.239181,66.58910513,60.19465923,1
00:50:35,3.238,3.23918,66.58242941,60.18760204,1
00:50:36,3.238,3.23918,66.57575369,60.18065214,1
00:50:37,3.238,3.23918,66.56907797,60.17354727,1
00:50:38,3.238,3.23918,66.56240225,60.16646624,1
00:50:39,3.238,3.23918,66.55572653,60.15940309,1
00:50:40,3.238,3.23918,66.54905081,60.1523459,1
00:50:41,3.238,3.239179,66.54237509,60.14539599,1
00:50:42,3.238,3.239179,66.53569937,60.13829112,1
00:50:43,3.238,3.239179,66.52902365,60.13121009,1
00:50:44,3.238,3.239179,66.52234793,60.12414694,1
00:50:45,3.238,3.239179,66.51567221,60.11708975,1
00:50:46,3.238,3.239179,66.50899649,60.11013985,1
00:50:47,3.238,3.239178,66.50232077,60.10303,1
00:50:48,3.238,3.239178,66.49564505,60.09595394,1
00:50:49,3.238,3.239178,66.48896933,60.08889079,1
00:50:50,3.238,3.239178,66.48229361,60.0818336,1
00:50:51,3.238,3.239178,66.47561789,60.0748837,1
00:50:52,3.238,3.239178,66.46894217,60.06777883,1
00:50:53,3.238,3.239177,66.46226645,60.06069779,1
00:50:54,3.238,3.239177,66.45559072,60.05363,1
00:50:55,3.238,3.239177,66.448915,60.04658,1
00:50:56,3.238,3.239177,66.44223928,60.03962755,1
00:50:57,3.238,3.239177,66.43556356,60.03252268,1
00:50:58,3.238,3.239177,66.42888784,60.02544165,1
00:50:59,3.238,3.239177,66.42221212,60.0183785,1
00:51:00,3.238,3.239176,66.4155364,60.01132131,1
00:51:01,3.238,3.239176,66.40886068,60.0043714,1
00:51:02,3.238,3.239176,66.40218496,59.99726653,1
00:51:03,3.238,3.239176,66.39550924,59.9901855,1
00:51:04,3.238,3.239176,66.38883352,59.98312235,1
00:51:05,3.238,3.239175,66.3821578,59.97606516,1
00:51:06,3.238,3.239175,66.37548208,59.96911526,1
00:51:07,3.238,3.239175,66.36880636,59.96201038,1
00:51:08,3.238,3.239175,66.36213064,59.95493,1
00:51:09,3.238,3.239175,66.35545492,59.9478662,1
00:51:10,3.238,3.239175,66.3487792,59.94080901,1
00:51:11,3.238,3.239175,66.34210348,59.93385911,1
00:51:12,3.238,3.239174,66.33542776,59.92675424,1
00:51:13,3.238,3.239174,66.32875204,59.9196732,1
00:51:14,3.238,3.239174,66.32207632,59.91261005,1
00:51:15,3.238,3.239174,66.3154006,59.90555286,1
00:51:16,3.238,3.239174,66.30872488,59.89860296,1
00:51:17,3.238,3.239173,66.30204916,59.89149809,1
00:51:18,3.238,3.239173,66.29537344,59.88441706,1
00:51:19,3.238,3.239173,66.28869772,59.87735391,1
00:51:20,3.238,3.239173,66.282022,59.87029672,1
00:51:21,3.238,3.239173,66.27534628,59.86334682,1
00:51:22,3.238,3.239173,66.26867056,59.85624194,1
00:51:23,3.238,3.239172,66.26199484,59.84916091,1
00:51:24,3.238,3.239172,66.25531912,59.84209776,1
00:51:25,3.238,3.239172,66.2486434,59.83504057,1
00:51:26,3.238,3.239172,66.24196768,59.82809,1
00:51:27,3.238,3.239172,66.23529196,59.82098579,1
00:51:28,3.238,3.239172,66.22861624,59.81390476,1
00:51:29,3.238,3.239172,66.22194052,59.80684161,1
00:51:30,3.238,3.239172,66.2152648,59.79978442,1
00:51:31,3.238,3.239171,66.20858908,59.79283452,1
00:51:32,3.238,3.239171,66.20191336,59.78572965,1
00:51:33,3.238,3.239171,66.19523764,59.77864861,1
00:51:34,3.238,3.239171,66.18856192,59.77158546,1
00:51:35,3.238,3.239171,66.1818862,59.76452827,1
00:51:36,3.238,3.239171,66.17521048,59.75757837,1
00:51:37,3.238,3.23917,66.16853476,59.7504735,1
00:51:38,3.238,3.23917,66.16185904,59.74339247,1
00:51:39,3.238,3.23917,66.15518332,59.73632932,1
00:51:40,3.238,3.23917,66.1485076,59.72927213,1
00:51:41,3.238,3.23917,66.14183187,59.72232223,1
00:51:42,3.238,3.239169,66.13515615,59.71521735,1
00:51:43,3.238,3.239169,66.12848043,59.70813632,1
00:51:44,3.238,3.239169,66.12180471,59.70107317,1
00:51:45,3.238,3.239169,66.11512899,59.69401598,1
00:51:46,3.238,3.239169,66.10845327,59.68707204,1
00:51:47,3.238,3.239169,66.10177755,59.67996716,1
00:51:48,3.238,3.239168,66.09510183,59.67288613,1
00:51:49,3.238,3.239168,66.08842611,59.66582298,1
00:51:50,3.238,3.239168,66.08175039,59.65876579,1
00:51:51,3.238,3.239168,66.07507467,59.65182185,1
00:51:52,3.238,3.239168,66.06839895,59.64471698,1
00:51:53,3.238,3.239168,66.06172323,59.6377492,1
00:51:54,3.238,3.239167,66.05504751,59.6306324,1
00:51:55,3.238,3.239167,66.04837179,59.62354541,1
00:51:56,3.238,3.239167,66.04169607,59.61658359,1
00:51:57,3.238,3.239167,66.03502035,59.60947275,1
00:51:58,3.238,3.239167,66.02834463,59.60249901,1
00:51:59,3.238,3.239167,66.02166891,59.59538221,1
00:52:00,3.238,3.239166,66.01499319,59.58829522,1
00:52:01,3.238,3.239166,66.00831747,59.5813334,1
00:52:02,3.238,3.239166,66.00164175,59.57422,1
00:52:03,3.238,3.239166,65.99496603,59.56724882,1
00:52:04,3.238,3.239166,65.98829031,59.56013203,1
00:52:05,3.238,3.239166,65.98161459,59.55304503,1
00:52:06,3.238,3.239166,65.97493887,59.54608321,1
00:52:07,3.238,3.239166,65.96826315,59.53897238,1
00:52:08,3.238,3.239165,65.96158743,59.53199863,1
00:52:09,3.238,3.239165,65.95491171,59.52488184,1
00:52:10,3.238,3.239165,65.94823599,59.51779485,1
00:52:11,3.238,3.239165,65.94156027,59.51083302,1
00:52:12,3.237,3.239165,65.93488455,59.50334668,1
00:52:13,3.238,3.238683,65.92820883,59.49643254,1
00:52:14,3.238,3.238925,65.92153311,59.48944688,1
00:52:15,3.238,3.239046,65.91485739,59.48242545,1
00:52:16,3.238,3.239105,65.90818167,59.47549343,1
00:52:17,3.237,3.239135,65.90150595,59.46802497,1
00:52:18,3.237,3.238668,65.89483023,59.46077108,1
00:52:19,3.238,3.238436,65.88815451,59.45398808,1
00:52:20,3.238,3.238802,65.88147879,59.44701433,1
00:52:21,3.237,3.238984,65.87480307,59.43983197,1
00:52:22,3.238,3.238593,65.86812735,59.43292975,1
00:52:23,3.237,3.23888,65.86145163,59.42559242,1
00:52:24,3.238,3.238541,65.85477591,59.41878557,1
00:52:25,3.237,3.238854,65.84810019,59.41141248,1
00:52:26,3.237,3.238528,65.84142447,59.40434337,1
00:52:27,3.237,3.238366,65.83474874,59.39714313,1
00:52:28,3.237,3.238286,65.82807302,59.39001441,1
00:52:29,3.237,3.238246,65.8213973,59.38303471,1
00:52:30,3.237,3.238227,65.81472158,59.37589407,1
00:52:31,3.237,3.238216,65.80804586,59.36879516,1
00:52:32,3.237,3.238212,65.80137014,59.36170816,1
00:52:33,3.237,3.238209,65.79469442,59.35463309,1
00:52:34,3.237,3.238207,65.7880187,59.34767723,1
00:52:35,3.237,3.238207,65.78134298,59.34055448,1
00:52:36,3.237,3.238206,65.77466726,59.33346152,1
00:52:37,3.237,3.238206,65.76799154,59.32649374,1
00:52:38,3.237,3.238206,65.76131582,59.31936502,1
00:52:39,3.237,3.238205,65.7546401,59.31237936,1
00:52:40,3.237,3.238205,65.74796438,59.30524468,1
00:52:41,3.237,3.238205,65.74128866,59.29814577,1
00:52:42,3.237,3.238205,65.73461294,59.29117799,1
00:52:43,3.237,3.238205,65.72793722,59.28404927,1
00:52:44,3.237,3.238204,65.7212615,59.27706361,1
00:52:45,3.237,3.238204,65.71458578,59.26992893,1
00:52:46,3.237,3.238204,65.70791006,59.26282406,1
00:52:47,3.237,3.238204,65.70123434,59.25585628,1
00:52:48,3.237,3.238204,65.69455862,59.24872756,1
00:52:49,3.237,3.238204,65.6878829,59.2417419,1
00:52:50,3.237,3.238204,65.68120718,59.23460126,1
00:52:51,3.237,3.238204,65.67453146,59.22749639,1
00:52:52,3.237,3.238203,65.66785574,59.2205286,1
00:52:53,3.237,3.238203,65.66118002,59.21339989,1
00:52:54,3.237,3.238203,65.6545043,59.20641422,1
00:52:55,3.237,3.238203,65.64782858,59.19927359,1
00:52:56,3.237,3.238203,65.64115286,59.19216871,1
00:52:57,3.237,3.238203,65.63447714,59.18520093,1
00:52:58,3.237,3.238202,65.62780142,59.17807221,1
00:52:59,3.237,3.238202,65.6211257,59.1709733,1
00:53:00,3.237,3.238202,65.61444998,59.16389227,1
00:53:01,3.237,3.238202,65.60777426,59.1568172,1
00:53:02,3.237,3.238202,65.60109854,59.14986134,1
00:53:03,3.237,3.238201,65.59442282,59.14273858,1
00:53:04,3.237,3.238201,65.5877471,59.13564563,1
00:53:05,3.237,3.238201,65.58107138,59.1285646,1
00:53:06,3.237,3.238201,65.57439566,59.12148952,1
00:53:07,3.237,3.238201,65.56771994,59.11453366,1
00:53:08,3.237,3.2382,65.56104422,59.10741091,1
00:53:09,3.237,3.2382,65.5543685,59.10031796,1
00:53:10,3.237,3.2382,65.54769278,59.09323692,1
00:53:11,3.237,3.2382,65.54101706,59.08616185,1
00:53:12,3.237,3.2382,65.53434134,59.07920599,1
00:53:14,3.237,3.2382,65.52766562,59.07208323,1
00:53:14,3.237,3.238199,65.52098989,59.06499028,1
00:53:15,3.237,3.238199,65.51431417,59.05790925,1
00:53:16,3.237,3.238199,65.50763845,59.05083418,1
00:53:17,3.237,3.238199,65.50096273,59.04387832,1
00:53:18,3.237,3.238199,65.49428701,59.03675556,1
00:53:19,3.237,3.238199,65.48761129,59.02966261,1
00:53:20,3.237,3.238199,65.48093557,59.02258158,1
00:53:21,3.237,3.238199,65.47425985,59.01550651,1
00:53:22,3.237,3.238198,65.46758413,59.00855064,1
00:53:23,3.237,3.238198,65.46090841,59.00142789,1
00:53:24,3.237,3.238198,65.45423269,58.99433494,1
00:53:25,3.237,3.238198,65.44755697,58.98736715,1
00:53:26,3.237,3.238198,65.44088125,58.98023844,1
00:53:27,3.236,3.238197,65.43420553,58.97299647,1
00:53:28,3.236,3.237716,65.42752981,58.96565914,1
00:53:29,3.236,3.237478,65.42085409,58.9584589,1
00:53:30,3.236,3.237359,65.41417837,58.95144939,1
00:53:31,3.236,3.2373,65.40750265,58.94427896,1
00:53:32,3.236,3.237271,65.40082693,58.9371562,1
00:53:33,3.236,3.237256,65.39415121,58.9301765,1
00:53:34,3.236,3.237249,65.38747549,58.92302394,1
00:53:35,3.236,3.237245,65.38079977,58.91590714,1
00:53:36,3.236,3.237244,65.37412405,58.90880823,1
00:53:37,3.236,3.237242,65.36744833,58.90171528,1
00:53:38,3.236,3.237242,65.36077261,58.8947475,1
00:53:39,3.236,3.237241,65.35409689,58.88760686,1
00:53:40,3.235,3.237241,65.34742117,58.88014436,1
00:53:41,3.235,3.23676,65.34074545,58.87303948,1
00:53:42,3.235,3.236521,65.33406973,58.8657856,1
00:53:43,3.235,3.236403,65.32739401,58.85861516,1
00:53:44,3.235,3.236344,65.32071829,58.85161161,1
00:53:45,3.235,3.236314,65.31404257,58.84443521,1
00:53:46,3.235,3.2363,65.30736685,58.83742571,1
00:53:47,3.235,3.236292,65.30069113,58.83024931,1
00:53:48,3.235,3.236289,65.29401541,58.82311463,1
00:53:49,3.235,3.236287,65.28733969,58.81612301,1
00:53:50,3.235,3.236285,65.28066397,58.80895853,1
00:53:51,3.235,3.236285,65.27398825,58.80182981,1
00:53:52,3.235,3.236285,65.26731253,58.79471302,1
00:53:53,3.235,3.236284,65.26063681,58.78760815,1
00:53:54,3.235,3.236284,65.25396109,58.78062844,1
00:53:55,3.235,3.236284,65.24728537,58.77346992,1
00:53:56,3.235,3.236284,65.24060965,58.76634121,1
00:53:57,3.234,3.236284,65.23393393,58.75911117,1
00:53:58,3.234,3.235802,65.22725821,58.75174999,1
00:53:59,3.234,3.235563,65.22058249,58.74451995,1
00:54:00,3.234,3.235444,65.21390676,58.73749256,1
00:54:01,3.234,3.235385,65.20723104,58.73028636,1
00:54:02,3.234,3.235356,65.20055532,58.72312784,1
00:54:03,3.233,3.235341,65.1938796,58.71565342,1
00:54:04,3.234,3.234853,65.18720388,58.7086916,1
00:54:05,3.233,3.235092,65.18052816,58.70132,1
00:54:06,3.233,3.234729,65.17385244,58.69424343,1
00:54:07,3.233,3.234549,65.16717672,58.68698359,1
00:54:08,3.233,3.234459,65.160501,58.67979527,1
00:54:09,3.233,3.234415,65.15382528,58.67263675,1
00:54:10,3.233,3.234393,65.14714956,58.66549611,1
00:54:11,3.233,3.234382,65.14047384,58.65849853,1
00:54:12,3.233,3.234376,65.13379812,58.65130424,1
00:54:13,3.233,3.234373,65.1271224,58.64414573,1
00:54:14,3.232,3.234372,65.12044668,58.63689184,1
00:54:15,3.233,3.23389,65.11377096,58.62987638,1
00:54:16,3.232,3.234132,65.10709524,58.62244368,1
00:54:17,3.232,3.233771,65.10041952,58.61533284,1
00:54:18,3.232,3.233591,65.0937438,58.60804915,1
00:54:19,3.232,3.233502,65.08706808,58.60083699,1
00:54:20,3.232,3.233458,65.08039236,58.59380364,1
00:54:21,3.232,3.233436,65.07371664,58.58657956,1
00:54:22,3.232,3.233424,65.06704092,58.5793972,1
00:54:23,3.232,3.233419,65.0603652,58.57223272,1
00:54:24,3.232,3.233416,65.05368948,58.56508017,1
00:54:25,3.232,3.233415,65.04701376,58.55807066,1
00:54:26,3.232,3.233414,65.04033804,58.5508585,1
00:54:27,3.232,3.233413,65.03366232,58.54368,1
00:54:28,3.244999,3.246566,65.03366232,58.54314566,1
00:54:29,3.244999,3.246758,65.03366232,58.54255557,1
00:54:30,3.251,3.246854,65.03366232,58.54353309,1
00:54:31,3.252,3.249789,65.03366232,58.54436755,1
00:54:32,3.252,3.251727,65.03366232,58.54446292,1
00:54:33,3.252,3.252688,65.03366232,58.54423046,1
00:54:34,3.253,3.253165,65.03366232,58.54417682,1
00:54:35,3.253,3.253882,65.03366232,58.54388475,1
00:54:36,3.253,3.254238,65.03366232,58.54347348,1
00:54:37,3.253,3.254415,65.03366232,58.54300261,1
00:54:38,3.253,3.254502,65.03366232,58.54250789,1
00:54:39,3.253,3.254546,65.03366232,58.54215026,1
00:54:40,3.253,3.254567,65.03366232,58.54170918,1
00:54:41,3.253,3.254578,65.03366232,58.54107738,1
00:54:42,3.253,3.254583,65.03366232,58.54049921,1
00:54:43,3.254,3.254586,65.03366232,58.54029655,1
00:54:44,3.255,3.255068,65.03366232,58.54027271,1
00:54:45,3.256,3.255789,65.03366232,58.54034,1
00:54:46,3.258,3.256628,65.03366232,58.54080319,1
00:54:47,3.258999,3.258006,65.03366232,58.54113102,1
00:54:48,3.258999,3.259171,65.03366232,58.54107141,1
00:54:49,3.258999,3.259749,65.03366232,58.54082,1
00:54:50,3.258999,3.260036,65.03366232,58.54047537,1
00:54:51,3.258999,3.260178,65.03366232,58.54008198,1
00:54:52,3.258999,3.260248,65.03366232,58.53966475,1
00:54:53,3.258999,3.260283,65.03366232,58.53936672,1
00:54:54,3.258999,3.2603,65.03366232,58.53900313,1
00:54:55,3.258999,3.260309,65.03366232,58.53847265,1
00:54:56,3.258999,3.260313,65.03366232,58.53798985,1
00:54:57,3.258999,3.260315,65.03366232,58.5375309,1
00:54:58,3.258999,3.260317,65.03366232,58.53708386,1
00:54:59,3.26,3.260317,65.03366232,58.53701,1
00:55:00,3.26,3.260799,65.03366232,58.53677988,1
00:55:01,3.26,3.261038,65.03366232,58.53646398,1
00:55:02,3.26,3.261156,65.03366232,58.53598118,1
00:55:03,3.26,3.261215,65.03366232,58.53552818,1
00:55:04,3.26,3.261244,65.03366232,58.53508711,1
00:55:05,3.26,3.261259,65.03366232,58.53465199,1
00:55:06,3.26,3.261266,65.03366232,58.53422284,1
00:55:07,3.26,3.261269,65.03366232,58.53391886,1
00:55:08,3.26,3.261271,65.03366232,58.53356123,1
00:55:09,3.26,3.261272,65.03366232,58.53304267,1
00:55:10,3.26,3.261273,65.03366232,58.53257179,1
00:55:11,3.26,3.261273,65.03366232,58.53212476,1
00:55:12,3.26,3.261273,65.03366232,58.53168964,1
00:55:13,3.26,3.261273,65.03366232,58.53138566,1
00:55:14,3.26,3.261273,65.03366232,58.53102207,1
00:55:15,3.26,3.261273,65.03366232,58.53050351,1
00:55:16,3.26,3.261273,65.03366232,58.53003263,1
00:55:17,3.26,3.261273,65.03366232,58.5295856,1
00:55:18,3.26,3.261273,65.03366232,58.52915049,1
00:55:19,3.26,3.261273,65.03366232,58.5288465,1
00:55:20,3.26,3.261273,65.03366232,58.52848291,1
00:55:21,3.26,3.261272,65.03366232,58.52808952,1
00:55:22,3.26,3.261273,65.03366232,58.52755904,1
00:55:23,3.26,3.261273,65.03366232,58.5270822,1
00:55:24,3.26,3.261273,65.03366232,58.52662921,1
00:55:25,3.26,3.261273,65.03366232,58.52618814,1
00:55:26,3.26,3.261273,65.03366232,58.52588415,1
00:55:27,3.26,3.261272,65.03366232,58.52552056,1
00:55:28,3.26,3.261273,65.03366232,58.525002,1
00:55:29,3.26,3.261273,65.03366232,58.52453113,1
00:55:30,3.237,3.234976,65.02030492,58.51188898,1
00:55:31,3.232,3.236031,65.00694752,58.49714,1
00:55:32,3.230999,3.23415,64.99359012,58.48271251,1
00:55:33,3.23,3.232735,64.98023272,58.46870542,1
00:55:34,3.23,3.231551,64.96687531,58.45490694,1
00:55:35,3.226,3.230965,64.95351791,58.43952298,1
00:55:36,3.225,3.228749,64.94016051,58.42477083,1
00:55:37,3.224,3.227168,64.92680311,58.41029286,1
00:55:38,3.224,3.225903,64.91344571,58.39627981,1
00:55:39,3.224,3.225275,64.90008831,58.3824873,1
00:55:40,3.223,3.224963,64.88673091,58.36846828,1
00:55:41,3.223,3.224327,64.87337351,58.35479498,1
00:55:42,3.222,3.224011,64.86001611,58.34086537,1
00:55:43,3.22,3.223374,64.84665871,58.32613111,1
00:55:44,3.219,3.222095,64.83330131,58.31162333,1
00:55:45,3.217,3.220979,64.8199439,58.29725862,1
00:55:46,3.216,3.219462,64.8065865,58.28254223,1
00:55:47,3.216,3.218229,64.7932291,58.2683742,1
00:55:48,3.216,3.217617,64.7798717,58.25461149,1
00:55:49,3.216,3.217313,64.7665143,58.24087262,1
00:55:50,3.216,3.217162,64.7531569,58.22715163,1
00:55:51,3.215,3.217087,64.7398,58.21312666,1
00:55:52,3.216,3.216569,64.7264421,58.19952488,1
00:55:53,3.215,3.216793,64.7130847,58.18548799,1
00:55:54,3.215,3.216423,64.6997273,58.17162395,1
00:55:55,3.215,3.216239,64.6863699,58.15783739,1
00:55:56,3.215,3.216148,64.6730125,58.1440866,1
00:55:57,3.215,3.216102,64.65965509,58.13035369,1
00:55:58,3.215,3.21608,64.64629769,58.1166327,1
00:55:59,3.214,3.216069,64.63294029,58.10257792,1
00:56:00,3.213,3.215581,64.61958289,58.08861256,1
00:56:01,3.212,3.214858,64.60622549,58.07415843,1
00:56:02,3.212,3.214018,64.59286809,58.06007,1
00:56:03,3.211,3.213601,64.57951069,58.04581046,1
00:56:04,3.211,3.212913,64.56615329,58.0319941,1
00:56:05,3.21,3.212571,64.55279589,58.01790357,1
00:56:06,3.21,3.21192,64.53943849,58.00375938,1
00:56:07,3.209,3.211596,64.52608109,57.98943639,1
00:56:08,3.209,3.210955,64.51272368,57.97539,1
00:56:09,3.209,3.210636,64.49936628,57.96163082,1
00:56:10,3.209,3.210478,64.48600888,57.94785023,1
00:56:11,3.209,3.210399,64.47265148,57.93405771,1
00:56:12,3.209,3.21036,64.45929408,57.92012811,1
00:56:13,3.209,3.210341,64.44593668,57.90626407,1
00:56:14,3.209,3.210331,64.43257928,57.89242983,1
00:56:15,3.209,3.210326,64.41922188,57.87861347,1
00:56:16,3.209,3.210323,64.40586448,57.86480308,1
00:56:17,3.208,3.210322,64.39250708,57.85065889,1
00:56:18,3.209,3.20984,64.37914968,57.8371,1
00:56:19,3.209,3.210082,64.36579227,57.82344341,1
00:56:20,3.209,3.210202,64.35243487,57.80971646,1
00:56:21,3.209,3.210261,64.33907747,57.79595375,1
00:56:22,3.208,3.21029,64.32572007,57.78185129,1
00:56:23,3.208,3.209823,64.31236,57.76771307,1
00:56:24,3.208,3.209592,64.29900527,57.7537477,1
00:56:25,3.208,3.209476,64.28564787,57.73985982,1
00:56:26,3.208,3.209419,64.27229047,57.7260077,1
00:56:27,3.208,3.209391,64.25893307,57.71217,1
00:56:28,3.208,3.209377,64.24557567,57.69848824,1
00:56:29,3.208,3.209369,64.23221827,57.6847434,1
00:56:30,3.208,3.209365,64.21886086,57.67096877,1
00:56:31,3.208,3.209363,64.20550346,57.65717626,1
00:56:32,3.208,3.209362,64.19214606,57.64324069,1
00:56:33,3.208,3.209362,64.17878866,57.62936473,1
00:56:34,3.207,3.209361,64.16543126,57.61516094,1
00:56:35,3.207,3.208879,64.15207386,57.60115385,1
00:56:36,3.207,3.20864,64.13871646,57.58723617,1
00:56:37,3.206,3.208521,64.12535906,57.57328272,1
00:56:38,3.206,3.20798,64.11200166,57.55936503,1
00:56:39,3.206,3.207712,64.09864426,57.54531026,1
00:56:40,3.205,3.207578,64.08528686,57.53099322,1
00:56:41,3.205,3.207031,64.07192945,57.51692057,1
00:56:42,3.205,3.206758,64.05857205,57.50313401,1
00:56:43,3.205,3.206623,64.04521465,57.4893117,1
00:56:44,3.204,3.206556,64.03185725,57.47516751,1
00:56:45,3.204,3.206041,64.01849985,57.46095181,1
00:56:46,3.204,3.205785,64.00514245,57.44692087,1
00:56:47,3.204,3.205658,63.99178505,57.43297338,1
00:56:48,3.204,3.205595,63.97842765,57.41906166,1
00:56:50,3.204,3.205563,63.96507025,57.40532875,1
00:56:50,3.204,3.205548,63.95171285,57.39153028,1
00:56:51,3.204,3.205539,63.93835545,57.37769604,1
00:56:52,3.204,3.205535,63.92499804,57.36368895,1
00:56:54,3.203,3.205533,63.91164064,57.34937191,1
00:56:54,3.203,3.20505,63.89828324,57.33528,1
00:56:55,3.203,3.20481,63.88493,57.32129812,1
00:56:56,3.203,3.204691,63.87156844,57.30753541,1
00:56:57,3.203,3.204632,63.85821104,57.29371309,1
00:56:59,3.203,3.204602,63.84485364,57.27970004,1
00:56:59,3.202,3.204587,63.83149624,57.26538,1
00:57:00,3.202,3.204098,63.81813884,57.25128055,1
00:57:01,3.202,3.203855,63.80478144,57.23728538,1
00:57:03,3.202,3.203735,63.79142404,57.2235167,1
00:57:03,3.202,3.203675,63.77806664,57.20968,1
00:57:04,3.202,3.203644,63.76470923,57.19565153,1
00:57:05,3.202,3.203629,63.75135183,57.18168616,1
00:57:07,3.202,3.203622,63.73799443,57.16775656,1
00:57:08,3.202,3.203618,63.72463703,57.15384483,1
00:57:08,3.202,3.203616,63.71127963,57.13993907,1
00:57:09,3.202,3.203615,63.69792223,57.12603927,1
00:57:11,3.202,3.203614,63.68456483,57.11230636,1
00:57:12,3.202,3.203613,63.67121,57.09849596,1
00:57:12,3.202,3.203613,63.65785003,57.08464384,1
00:57:13,3.202,3.203612,63.64449263,57.07060695,1
00:57:14,3.202,3.203612,63.63113523,57.05664158,1
00:57:16,3.202,3.203612,63.61777782,57.04271197,1
00:57:16,3.202,3.203612,63.60442042,57.02880025,1
00:57:18,3.202,3.203611,63.59106302,57.01489449,1
00:57:18,3.202,3.203611,63.57770562,57.00116158,1
00:57:20,3.202,3.20361,63.56434822,56.98735118,1
00:57:21,3.202,3.20361,63.55099082,56.97349906,1
00:57:21,3.202,3.20361,63.53763342,56.95946217,1
00:57:23,3.202,3.203609,63.52427602,56.9454968,1
00:57:24,3.202,3.203609,63.51091862,56.93156719,1
00:57:25,3.202,3.203609,63.49756122,56.91765547,1
00:57:26,3.202,3.203609,63.48420382,56.9037497,1
00:57:26,3.202,3.203608,63.47084641,56.89001679,1
00:57:27,3.202,3.203608,63.45749,56.8762064,1
00:57:29,3.202,3.203607,63.44413161,56.86235,1
00:57:30,3.202,3.203607,63.43077421,56.84831738,1
00:57:30,3.202,3.203607,63.41741681,56.83435202,1
00:57:31,3.202,3.203606,63.40405941,56.82042241,1
00:57:33,3.202,3.203606,63.39070201,56.80651069,1
00:57:34,3.202,3.203606,63.37734461,56.79260492,1
00:57:34,3.202,3.203605,63.36398721,56.77887201,1
00:57:35,3.202,3.203605,63.35062981,56.76506162,1
00:57:37,3.202,3.203605,63.33727241,56.7512095,1
00:57:38,3.202,3.203604,63.323915,56.7373395,1
00:57:39,3.202,3.203604,63.3105576,56.72329664,1
00:57:39,3.202,3.203604,63.2972002,56.70933127,1
00:57:41,3.202,3.203604,63.2838428,56.69540167,1
00:57:42,3.202,3.203603,63.2704854,56.68148994,1
00:57:43,3.202,3.203603,63.257128,56.66758418,1
00:57:43,3.202,3.203603,63.24377,56.65385127,1
00:57:44,3.202,3.203602,63.2304132,56.64004087,1
00:57:46,3.202,3.203602,63.2170558,56.62619472,1
00:57:47,3.201,3.203602,63.2036984,56.61174059,1
00:57:48,3.201,3.20312,63.190341,56.59758449,1
00:57:48,3.201,3.20288,63.17698359,56.58355951,1
00:57:50,3.202,3.202761,63.16362619,56.57001734,1
00:57:51,3.201,3.203184,63.15026879,56.55603,1
00:57:52,3.202,3.202911,63.13691139,56.5424,1
00:57:52,3.202,3.203258,63.12355399,56.52863979,1
00:57:54,3.202,3.203429,63.11019659,56.51466846,1
00:57:55,3.201,3.203515,63.09683919,56.50035143,1
00:57:56,3.201,3.203075,63.08348179,56.48624897,1
00:57:56,3.201,3.202857,63.07012439,56.47224784,1
00:57:58,3.201,3.202748,63.05676699,56.45847917,1
00:57:59,3.201,3.202693,63.04340959,56.44463897,1
00:58:00,3.201,3.202667,63.03005,56.43076897,1
00:58:01,3.201,3.202653,63.01669478,56.41671419,1
00:58:01,3.201,3.202646,63.00333738,56.4027369,1
00:58:03,3.201,3.202643,62.98997998,56.38879538,1
00:58:04,3.201,3.202641,62.97662258,56.37487173,1
00:58:05,3.201,3.20264,62.96326518,56.36096001,1
00:58:05,3.201,3.202639,62.94990778,56.34722114,1
00:58:07,3.201,3.202638,62.93655038,56.33340478,1
00:58:08,3.201,3.202638,62.92319298,56.3195467,1
00:58:09,3.201,3.202637,62.90983558,56.30549788,1
00:58:10,3.201,3.202637,62.89647818,56.2915206,1
00:58:11,3.201,3.202637,62.88312078,56.27757907,1
00:58:12,3.201,3.202637,62.86976337,56.26365542,1
00:58:13,3.201,3.202636,62.85640597,56.2497437,1
00:58:14,3.201,3.202636,62.84304857,56.23600483,1
00:58:15,3.201,3.202635,62.82969117,56.22218847,1
00:58:16,3.201,3.202635,62.81633,56.20833039,1
00:58:17,3.201,3.202635,62.80297637,56.19428158,1
00:58:18,3.201,3.202635,62.78961897,56.18030429,1
00:58:19,3.201,3.202634,62.77626157,56.16636,1
00:58:20,3.201,3.202634,62.76290417,56.15244,1
00:58:21,3.201,3.202634,62.74954677,56.13852739,1
00:58:22,3.201,3.202633,62.73618937,56.12478852,1
00:58:23,3.2,3.202633,62.72283196,56.11069202,1
00:58:24,3.2,3.20215,62.70947456,56.09645247,1
00:58:25,3.2,3.201911,62.69611716,56.08238578,1
00:58:26,3.2,3.201792,62.68275976,56.06839657,1
00:58:27,3.2,3.201733,62.66940236,56.05444312,1
00:58:28,3.2,3.201703,62.65604496,56.04068637,1
00:58:29,3.2,3.201688,62.64268756,56.02685213,1
00:58:30,3.199,3.20168,62.62933016,56.01267219,1
00:58:31,3.224,3.226361,62.62933016,56.01167083,1
00:58:32,3.224,3.226542,62.62933016,56.01071119,1
00:58:33,3.23,3.226633,62.62933016,56.01190925,1
00:58:34,3.230999,3.229572,62.62933016,56.01240396,1
00:58:35,3.230999,3.231512,62.62933016,56.01223111,1
00:58:36,3.230999,3.232476,62.62933016,56.01173043,1
00:58:37,3.230999,3.232953,62.62933016,56.01107478,1
00:58:38,3.232,3.23319,62.62933016,56.0108006,1
00:58:39,3.236,3.233791,62.62933016,56.01142049,1
00:58:40,3.237,3.236018,62.62933016,56.01171851,1
00:58:41,3.238,3.237606,62.62933016,56.0118854,1
00:58:42,3.238,3.238876,62.62933016,56.01155162,1
00:58:43,3.238,3.239506,62.62933016,56.01101518,1
00:58:44,3.238,3.239819,62.62933016,56.01058006,1
00:58:45,3.238,3.239974,62.62933016,56.0098052,1
00:58:46,3.238,3.240052,62.62933016,56.00906014,1
00:58:47,3.238,3.24009,62.62933016,56.00833297,1
00:58:48,3.238,3.240108,62.62933016,56.00783229,1
00:58:49,3.239,3.240118,62.62933016,56.00739717,1
00:58:50,3.242,3.240605,62.62933016,56.00790381,1
00:58:51,3.244,3.242294,62.62933016,56.00849986,1
00:58:52,3.244999,3.244096,62.62933016,56.00871444,1
00:58:53,3.244999,3.245473,62.62933016,56.00857735,1
00:58:54,3.244999,3.246156,62.62933016,56.00821972,1
00:58:55,3.244999,3.246495,62.62933016,56.00774288,1
00:58:56,3.244999,3.246663,62.62933016,56.00702167,1
00:58:57,3.244999,3.246747,62.62933016,56.00634813,1
00:58:58,3.244999,3.246788,62.62933016,56.0057044,1
00:58:59,3.244999,3.246809,62.62933016,56.00526333,1
00:59:00,3.244999,3.246819,62.62933016,56.00454807,1
00:59:01,3.244999,3.246824,62.62933016,56.0038805,1
00:59:02,3.244999,3.246826,62.62933016,56.00323677,1
00:59:03,3.244999,3.246828,62.62933016,56.00280166,1
00:59:04,3.244999,3.246828,62.62933016,56.00227714,1
00:59:05,3.244999,3.246828,62.62933016,56.00152016,1
00:59:06,3.244999,3.246829,62.62933016,56.0008347,1
00:59:07,3.244999,3.246829,62.62933016,56.00018501,1
00:59:08,3.244999,3.246828,62.62933016,55.99974394,1
00:59:09,3.244999,3.246829,62.62933016,55.99902272,1
00:59:10,3.244999,3.246829,62.62933016,55.99835515,1
00:59:11,3.244999,3.246829,62.62933016,55.99771142,1
00:59:12,3.244999,3.246829,62.62933016,55.99728,1
00:59:13,3.244999,3.246828,62.62933016,55.99675179,1
00:59:14,3.244999,3.246829,62.62933016,55.99598885,1
00:59:15,3.244999,3.246828,62.62933016,55.99529743,1
00:59:16,3.244999,3.246829,62.62933016,55.99464178,1
00:59:17,3.244999,3.246828,62.62933016,55.99420071,1
00:59:18,3.244999,3.246828,62.62933016,55.99347949,1
00:59:19,3.246,3.246828,62.62933016,55.99318,1
00:59:20,3.247,3.247311,62.62933016,55.99306822,1
00:59:21,3.248001,3.248033,62.62933016,55.9930563,1
00:59:22,3.249,3.248874,62.62933016,55.99309802,1
00:59:23,3.249,3.249773,62.62933016,55.99283576,1
00:59:24,3.25,3.250219,62.62933016,55.99275827,1
00:59:25,3.251,3.250923,62.62933016,55.99278212,1
00:59:26,3.251,3.251755,62.62933016,55.99252582,1
00:59:27,3.252,3.252167,62.62933016,55.99248409,1
00:59:28,3.252,3.252855,62.62933016,55.99223971,1
00:59:29,3.252,3.253196,62.62933016,55.99187016,1
00:59:30,3.252,3.253365,62.62933016,55.99142909,1
00:59:31,3.252,3.253449,62.62933016,55.99079728,1
00:59:32,3.252,3.253491,62.62933016,55.99022,1
00:59:33,3.252,3.253511,62.62933016,55.98967075,1
00:59:34,3.252,3.253522,62.62933016,55.9893012,1
00:59:35,3.252,3.253527,62.62933016,55.98886013,1
00:59:36,3.252,3.253529,62.62933016,55.98822,1
00:59:37,3.252,3.253531,62.62933016,55.98763227,1
00:59:38,3.252,3.253531,62.62933016,55.98708391,1
00:59:39,3.252,3.253531,62.62933016,55.98671436,1
00:59:40,3.252,3.253531,62.62933016,55.98627329,1
00:59:41,3.252,3.253531,62.62933016,55.98562956,1
00:59:42,3.252,3.253531,62.62933016,55.98504543,1
00:59:43,3.253,3.253532,62.62933016,55.9848547,1
00:59:44,3.252,3.254014,62.62933016,55.98415136,1
00:59:45,3.252,3.253771,62.62933016,55.98372817,1
00:59:46,3.253,3.25365,62.62933016,55.98354,1
00:59:47,3.253,3.254072,62.62933016,55.98309636,1
00:59:48,3.253,3.254282,62.62933016,55.9826076,1
00:59:49,3.252,3.254386,62.62933016,55.9817493,1
00:59:50,3.253,3.253956,62.62933016,55.98141551,1
00:59:51,3.253,3.254224,62.62933016,55.98112345,1
00:59:52,3.253,3.254357,62.62933016,55.98073006,1
00:59:53,3.253,3.254423,62.62933016,55.98013401,1
00:59:54,3.253,3.254456,62.62933016,55.97957969,1
00:59:55,3.253,3.254472,62.62933016,55.97904921,1
00:59:56,3.253,3.254481,62.62933016,55.97853065,1
00:59:57,3.253,3.254484,62.62933016,55.97817302,1
00:59:58,3.253,3.254487,62.62933016,55.97758293,1
00:59:59,3.253,3.254488,62.62933016,55.97703457,1
01:00:00,3.253,3.254488,62.62933016,55.97650409,1
01:00:01,3.253,3.254488,62.62933016,55.97598553,1
01:00:02,3.253,3.254488,62.62933016,55.97563386,1
01:00:03,3.253,3.254488,62.62933016,55.97520471,1
01:00:04,3.253,3.254488,62.62933016,55.97458,1
01:00:05,3.253,3.254488,62.62933016,55.97401261,1
01:00:06,3.253,3.254488,62.62933016,55.97347617,1
01:00:07,3.253,3.254488,62.62933016,55.97311258,1
01:00:08,3.253,3.254488,62.62933016,55.97267747,1
01:00:09,3.253,3.254488,62.62933016,55.97204566,1
01:00:10,3.253,3.254488,62.62933016,55.97147346,1
01:00:11,3.253,3.254488,62.62933016,55.97093105,1
01:00:12,3.253,3.254488,62.62933016,55.97040653,1
01:00:13,3.253,3.254488,62.62933016,55.9700489,1
01:00:14,3.253,3.254488,62.62933016,55.96945882,1
01:00:15,3.253,3.254488,62.62933016,55.9689045,1
01:00:16,3.253,3.254488,62.62933016,55.96837401,1
01:00:17,3.253,3.254488,62.62933016,55.96785545,1
01:00:18,3.253,3.254488,62.62933016,55.96749783,1
01:00:19,3.253,3.254488,62.62933016,55.96706867,1
01:00:20,3.253,3.254488,62.62933016,55.96643686,1
01:00:21,3.253,3.254488,62.62933016,55.96586466,1
01:00:22,3.253,3.254488,62.62933016,55.96532226,1
01:00:23,3.253,3.254488,62.62933016,55.96495867,1
01:00:24,3.253,3.254488,62.62933016,55.96452355,1
01:00:25,3.253,3.254488,62.62933016,55.96389174,1
01:00:26,3.253,3.254488,62.62933016,55.96331954,1
01:00:27,3.253,3.254488,62.62933016,55.96277714,1
01:00:28,3.253,3.254488,62.62933016,55.96224666,1
01:00:29,3.253,3.254488,62.62933016,55.96188903,1
01:00:30,3.253,3.254488,62.62933016,55.96129298,1
01:00:31,3.253,3.254488,62.62933016,55.96073866,1
01:00:32,3.253,3.254488,62.62933016,55.96020222,1
01:00:33,3.253,3.254488,62.62933016,55.9596777,1
01:00:34,3.253,3.254488,62.62933016,55.95932,1
01:00:35,3.253,3.254488,62.62933016,55.95888495,1
01:00:36,3.253,3.254488,62.62933016,55.95825315,1
01:00:37,3.253,3.254488,62.62933016,55.95768094,1
01:00:38,3.253,3.254488,62.62933016,55.95713854,1
01:00:39,3.253,3.254488,62.62933016,55.95676899,1
01:00:40,3.253,3.254488,62.62933016,55.95633388,1
01:00:41,3.253,3.254488,62.62933016,55.9557,1
01:00:42,3.253,3.254488,62.62933016,55.95512,1
01:00:43,3.253,3.254488,62.62933016,55.9545815,1
01:00:44,3.253,3.254488,62.62933016,55.95405102,1
01:00:45,3.253,3.254488,62.62933016,55.95369,1
01:00:46,3.253,3.254488,62.62933016,55.95309734,1
01:00:47,3.253,3.254488,62.62933016,55.95254302,1
01:00:48,3.253,3.254488,62.62933016,55.95200658,1
01:00:49,3.253,3.254488,62.62933016,55.95148206,1
01:00:50,3.253,3.254488,62.62933016,55.95112443,1
01:00:51,3.253,3.254487,62.62933016,55.95068932,1
01:00:52,3.253,3.254488,62.62933016,55.95005751,1
01:00:53,3.253,3.254488,62.62933016,55.9494853,1
01:00:54,3.253,3.254488,62.62933016,55.94893694,1
01:00:55,3.253,3.254488,62.62933016,55.94856739,1
01:00:56,3.253,3.254487,62.62933016,55.94812632,1
01:00:57,3.254,3.254487,62.62933016,55.9479177,1
01:00:58,3.254,3.25497,62.62933016,55.94754219,1
01:00:59,3.254,3.255209,62.62933016,55.94709516,1
01:01:00,3.254,3.255328,62.62933016,55.94661832,1
01:01:01,3.254,3.255387,62.62933016,55.94612956,1
01:01:02,3.255,3.255416,62.62933016,55.94602823,1
01:01:03,3.256,3.255913,62.62933016,55.94605207,1
01:01:04,3.217,3.218937,62.60929704,55.92519045,1
01:01:05,3.213,3.217924,62.58926,55.90378642,1
01:01:06,3.209,3.215492,62.56923079,55.8817327,1
01:01:07,3.207,3.212356,62.54919767,55.85995,1
01:01:08,3.204,3.209836,62.52916455,55.83795905,1
01:01:09,3.202,3.207138,62.50913143,55.81561923,1
01:01:10,3.201,3.204834,62.48909831,55.79406023,1
01:01:11,3.2,3.203209,62.46906519,55.77282906,1
01:01:12,3.197,3.201919,62.44903207,55.75102568,1
01:01:13,3.195,3.199832,62.42899895,55.7292819,1
01:01:14,3.194,3.197832,62.40896583,55.70790768,1
01:01:15,3.194,3.196356,62.3889327,55.68705201,1
01:01:16,3.194,3.195624,62.36889958,55.66645265,1
01:01:17,3.192,3.19526,62.34886646,55.64528704,1
01:01:18,3.19,3.194115,62.32883334,55.6238234,1
01:01:19,3.189,3.192582,62.30880022,55.60254455,1
01:01:20,3.187,3.191338,62.2887671,55.58148026,1
01:01:21,3.187,3.189756,62.26873,55.56034446,1
01:01:22,3.187,3.18897,62.24870086,55.5395782,1
01:01:23,3.186,3.188581,62.22866774,55.51861525,1
01:01:24,3.186,3.187905,62.20863461,55.49811721,1
01:01:25,3.186,3.187569,62.18860149,55.47745228,1
01:01:26,3.184,3.187402,62.16856837,55.45651913,1
01:01:27,3.184,3.186354,62.14853525,55.43551445,1
01:01:28,3.184,3.185834,62.12850213,55.41175008,1
01:01:29,3.183,3.185578,62.10846901,55.3763628,1
01:01:30,3.182,3.184976,62.08843589,55.3253293,1
01:01:31,3.181,3.184199,62.06840277,55.25431037,1
01:01:32,3.18,3.183326,62.04836965,55.15793562,1
01:01:33,3.18,3.182426,62.02833652,55.10265827,1
01:01:34,3.18,3.181961,62.0083034,55.06669879,1
01:01:35,3.18,3.181719,61.98827028,55.03779054,1
01:01:36,3.18,3.181595,61.96823716,55.01204133,1
01:01:37,3.179,3.181531,61.9482,54.98491526,1
01:01:38,3.179,3.181017,61.92817092,54.96001244,1
01:01:39,3.179,3.18076,61.9081378,54.93606925,1
01:01:40,3.179,3.180631,61.88810468,54.9125731,1
01:01:41,3.179,3.180567,61.86807156,54.88928556,1
01:01:42,3.178,3.180534,61.84803843,54.8643291,1
01:01:43,3.177,3.180036,61.82800531,54.83794212,1
01:01:44,3.177,3.179306,61.80797219,54.81315851,1
01:01:45,3.176,3.178943,61.78793907,54.78711128,1
01:01:46,3.176,3.17828,61.76790595,54.76269126,1
01:01:47,3.176,3.17795,61.74787283,54.73881,1
01:01:48,3.175,3.177785,61.72783971,54.71321344,1
01:01:49,3.175,3.17722,61.70780659,54.68847752,1
01:01:50,3.175,3.17694,61.68777347,54.66442704,1
01:01:51,3.174,3.176799,61.66774035,54.63866591,1
01:01:52,3.174,3.176247,61.64770722,54.61406112,1
01:01:53,3.174,3.175972,61.62767,54.5902431,1
01:01:54,3.174,3.175835,61.60764098,54.56639528,1
01:01:55,3.174,3.175766,61.58760786,54.54274416,1
01:01:56,3.173,3.175732,61.56757474,54.51745391,1
01:01:57,3.173,3.175207,61.54754162,54.49306965,1
01:01:58,3.173,3.174946,61.5275085,54.46894765,1
01:01:59,3.173,3.174816,61.50747538,54.44536805,1
01:02:00,3.173,3.174751,61.48744226,54.42166924,1
01:02:01,3.173,3.174718,61.46740913,54.39810157,1
01:02:02,3.173,3.174701,61.44737601,54.37478423,1
01:02:03,3.173,3.174692,61.42734289,54.35122252,1
01:02:04,3.173,3.174688,61.40730977,54.32772636,1
01:02:05,3.173,3.174685,61.38727665,54.30426002,1
01:02:06,3.173,3.174683,61.36724353,54.28081155,1
01:02:07,3.173,3.174682,61.34721041,54.25736904,1
01:02:08,3.173,3.17468,61.32717729,54.23393,1
01:02:09,3.172,3.17468,61.30714,54.20847535,1
01:02:10,3.172,3.174195,61.28711104,54.18400168,1
01:02:11,3.172,3.173954,61.26707792,54.16001678,1
01:02:12,3.172,3.173834,61.2470448,54.13647294,1
01:02:13,3.172,3.173775,61.22701168,54.11294699,1
01:02:14,3.172,3.173744,61.20697856,54.08943295,1
01:02:15,3.172,3.173729,61.18694544,54.06593084,1
01:02:16,3.172,3.173721,61.16691232,54.04242873,1
01:02:17,3.172,3.173716,61.1468792,54.01893258,1
01:02:18,3.172,3.173714,61.12684608,53.99543643,1
01:02:19,3.172,3.173712,61.10681295,53.97194624,1
01:02:20,3.172,3.173711,61.08677983,53.94845605,1
01:02:21,3.172,3.173709,61.06674671,53.92496586,1
01:02:22,3.172,3.173708,61.04671359,53.90147567,1
01:02:23,3.172,3.173707,61.02668047,53.87799144,1
01:02:24,3.172,3.173706,61.00664735,53.85450721,1
01:02:25,3.172,3.173705,60.98661,53.83102298,1
01:02:26,3.171,3.173704,60.96658111,53.80551815,1
01:02:27,3.171,3.173219,60.94654799,53.78075,1
01:02:28,3.171,3.172978,60.92651486,53.7568152,1
01:02:29,3.171,3.172858,60.90648174,53.7330687,1
01:02:30,3.17,3.172798,60.88644862,53.70709896,1
01:02:31,3.17,3.172285,60.8664155,53.68257761,1
01:02:32,3.17,3.17203,60.84638238,53.65827084,1
01:02:33,3.17,3.171902,60.82634926,53.63451242,1
01:02:34,3.17,3.171839,60.80631614,53.61061,1
01:02:35,3.169,3.171807,60.78628302,53.58477831,1
01:02:36,3.169,3.171307,60.7662499,53.56001854,1
01:02:37,3.169,3.171059,60.74621677,53.53578329,1
01:02:38,3.169,3.170936,60.72618365,53.51202488,1
01:02:39,3.169,3.170874,60.70615053,53.48808169,1
01:02:40,3.168,3.170843,60.68611741,53.4621954,1
01:02:41,3.169,3.170343,60.66608,53.43956351,1
01:02:42,3.168,3.170579,60.64605117,53.41441631,1
01:02:43,3.168,3.170211,60.62601805,53.38970423,1
01:02:44,3.168,3.170028,60.60598493,53.36546302,1
01:02:45,3.168,3.169938,60.58595181,53.34166288,1
01:02:46,3.168,3.169892,60.56591868,53.31766009,1
01:02:47,3.168,3.169869,60.54588556,53.29397321,1
01:02:48,3.167,3.169857,60.52585244,53.26792598,1
01:02:49,3.167,3.169366,60.50581932,53.24326,1
01:02:50,3.167,3.169123,60.4857862,53.21875215,1
01:02:51,3.167,3.169002,60.46575308,53.19457054,1
01:02:52,3.167,3.168941,60.44571996,53.17054987,1
01:02:53,3.167,3.168911,60.42568684,53.14660668,1
01:02:54,3.166,3.168895,60.40565372,53.12066674,1
01:02:55,3.166,3.168403,60.38562059,53.09600234,1
01:02:56,3.166,3.168159,60.36558747,53.07145119,1
01:02:57,3.166,3.168037,60.34555,53.04720998,1
01:02:58,3.166,3.167977,60.32552123,53.02312374,1
01:02:59,3.166,3.167946,60.30548811,52.99910903,1
01:03:00,3.166,3.16793,60.28545499,52.97535062,1
01:03:01,3.165,3.167922,60.26542187,52.9491961,1
01:03:02,3.165,3.167433,60.24538875,52.92413235,1
01:03:03,3.165,3.167191,60.22535563,52.89959908,1
01:03:04,3.165,3.16707,60.2053225,52.87556052,1
01:03:05,3.165,3.16701,60.18528938,52.85153389,1
01:03:06,3.165,3.16698,60.16525626,52.82729864,1
01:03:07,3.165,3.166964,60.14522314,52.80339718,1
01:03:08,3.165,3.166955,60.12519002,52.77944803,1
01:03:09,3.165,3.166951,60.1051569,52.75547504,1
01:03:10,3.165,3.166948,60.08512378,52.73149014,1
01:03:11,3.165,3.166946,60.06509066,52.70749927,1
01:03:12,3.165,3.166945,60.04505754,52.6835084,1
01:03:13,3.165,3.166944,60.02502,52.65951753,1
01:03:14,3.165,3.166943,60.00499129,52.63531208,1
01:03:15,3.165,3.166941,59.98495817,52.6114285,1
01:03:16,3.165,3.166941,59.96492505,52.5872767,1
01:03:17,3.165,3.16694,59.94489193,52.56341696,1
01:03:18,3.164,3.166939,59.92485881,52.53748894,1
01:03:19,3.165,3.166454,59.90482569,52.51435041,1
01:03:20,3.164,3.166697,59.88479257,52.48868465,1
01:03:21,3.164,3.166333,59.86475945,52.46382952,1
01:03:22,3.164,3.166152,59.84472632,52.43937373,1
01:03:23,3.164,3.166062,59.8246932,52.41511464,1
01:03:24,3.164,3.166017,59.80466008,52.39117742,1
01:03:25,3.164,3.165994,59.78462696,52.36717463,1
01:03:26,3.164,3.165982,59.76459384,52.34292746,1
01:03:27,3.164,3.165976,59.74456072,52.31899023,1
01:03:28,3.164,3.165972,59.7245276,52.2949934,1
01:03:29,3.164,3.16597,59.70449,52.27096677,1
01:03:30,3.164,3.165968,59.68446136,52.24692822,1
01:03:31,3.164,3.165967,59.66442823,52.22266316,1
01:03:32,3.164,3.165966,59.64439511,52.19872594,1
01:03:33,3.164,3.165964,59.62436199,52.17473507,1
01:03:34,3.164,3.165963,59.60432887,52.1507144,1
01:03:35,3.202,3.203666,59.60432887,52.14731693,1
01:03:36,3.206,3.20456,59.60432887,52.15041637,1
01:03:37,3.209,3.206936,59.60432887,52.15475559,1
01:03:38,3.209,3.209565,59.60432887,52.15364695,1
01:03:39,3.21,3.21087,59.60432887,52.15180516,1
01:03:40,3.215,3.212,59.60432887,52.15805769,1
01:03:41,3.215,3.214977,59.60432887,52.15810537,1
01:03:42,3.216,3.216454,59.60432887,52.15716958,1
01:03:43,3.216,3.217671,59.60432887,52.15373635,1
01:03:44,3.216,3.218275,59.60432887,52.14906335,1
01:03:45,3.216,3.218574,59.60432887,52.14377642,1
01:03:46,3.222,3.218723,59.60432887,52.15050578,1
01:03:47,3.223,3.221695,59.60432887,52.15318799,1
01:03:48,3.223,3.223654,59.60432887,52.15184689,1
01:03:49,3.223,3.224626,59.60432887,52.14850307,1
01:03:50,3.224,3.225108,59.60432887,52.14635134,1
01:03:51,3.224,3.225831,59.60432887,52.14248896,1
01:03:52,3.224,3.226189,59.60432887,52.13817358,1
01:03:53,3.224,3.226367,59.60432887,52.13314295,1
01:03:54,3.224,3.226455,59.60432887,52.12801099,1
01:03:55,3.224,3.226499,59.60432887,52.12310553,1
01:03:56,3.225,3.226521,59.60432887,52.12005377,1
01:03:57,3.227,3.227015,59.60432887,52.12002397,1
01:03:58,3.229,3.228226,59.60432887,52.12156177,1
01:03:59,3.23,3.229794,59.60432887,52.12200284,1
01:04:00,3.23,3.231055,59.60432887,52.11979151,1
01:04:01,3.23,3.23168,59.60432887,52.1163,1
01:04:02,3.23,3.231991,59.60432887,52.11240053,1
01:04:03,3.23,3.232145,59.60432887,52.1078527,1
01:04:04,3.230999,3.232222,59.60432887,52.10529566,1
01:04:05,3.230999,3.232743,59.60432887,52.10167766,1
01:04:06,3.230999,3.233001,59.60432887,52.09753513,1
01:04:07,3.230999,3.233129,59.60432887,52.09313631,1
01:04:08,3.230999,3.233193,59.60432887,52.08860636,1
01:04:09,3.230999,3.233224,59.60432887,52.08401084,1
01:04:10,3.230999,3.23324,59.60432887,52.07938552,1
01:04:11,3.230999,3.233248,59.60432887,52.07474232,1
01:04:12,3.230999,3.233251,59.60432887,52.07034349,1
01:04:13,3.230999,3.233253,59.60432887,52.06556916,1
01:04:14,3.230999,3.233254,59.60432887,52.06084847,1
01:04:15,3.230999,3.233254,59.60432887,52.05615759,1
01:04:16,3.230999,3.233254,59.60432887,52.05173,1
01:04:17,3.230999,3.233254,59.60432887,52.04719901,1
01:04:18,3.230999,3.233254,59.60432887,52.04260349,1
01:04:19,3.230999,3.233254,59.60432887,52.03797817,1
01:04:20,3.230999,3.233254,59.60432887,52.03308463,1
01:04:21,3.230999,3.233254,59.60432887,52.02856,1
01:04:22,3.232,3.233254,59.60432887,52.02586651,1
01:04:23,3.232,3.233737,59.60432887,52.02239752,1
01:04:24,3.233,3.233977,59.60432887,52.02041268,1
01:04:25,3.235,3.234579,59.60432887,52.02132463,1
01:04:26,3.235,3.235844,59.60432887,52.0195365,1
01:04:27,3.236,3.236472,59.60432887,52.0186007,1
01:04:28,3.236,3.237267,59.60432887,52.01589465,1
01:04:29,3.237,3.237661,59.60432887,52.0144999,1
01:04:30,3.237,3.23834,59.60432887,52.01169848,1
01:04:31,3.237,3.238677,59.60432887,52.00821161,1
01:04:32,3.237,3.238844,59.60432887,52.00437903,1
01:04:33,3.237,3.238927,59.60432887,52.00037956,1
01:04:34,3.237,3.238968,59.60432887,51.99629664,1
01:04:35,3.237,3.238988,59.60432887,51.992172,1
01:04:36,3.237,3.238998,59.60432887,51.98802352,1
01:04:37,3.224,3.226414,59.59765315,51.97633505,1
01:04:38,3.224,3.225969,59.59097743,51.96557045,1
01:04:39,3.223,3.225749,59.58430171,51.9531846,1
01:04:40,3.223,3.225155,59.57762599,51.94227695,1
01:04:41,3.221,3.224861,59.57095027,51.92781091,1
01:04:42,3.218,3.223748,59.56427455,51.90937519,1
01:04:43,3.216,3.221746,59.55759883,51.8902123,1
01:04:44,3.216,3.219785,59.55092311,51.8759191,1
01:04:45,3.216,3.218812,59.54424739,51.86317563,1
01:04:46,3.216,3.218329,59.53757167,51.85183287,1
01:04:47,3.216,3.21809,59.53089595,51.84089541,1
01:04:48,3.216,3.217971,59.52422023,51.82994008,1
01:04:49,3.216,3.217911,59.51754451,51.81919932,1
01:04:50,3.216,3.217882,59.51086879,51.80856586,1
01:04:51,3.216,3.217867,59.50419307,51.79819465,1
01:04:52,3.216,3.217859,59.49751735,51.78753734,1
01:04:53,3.216,3.217855,59.49084163,51.77694559,1
01:04:54,3.216,3.217853,59.48416591,51.76659226,1
01:04:55,3.216,3.217852,59.47749019,51.75594687,1
01:04:56,3.216,3.217851,59.47081447,51.74535513,1
01:04:57,3.216,3.21785,59.46413875,51.73479319,1
01:04:58,3.215,3.21785,59.45746303,51.72248483,1
01:04:59,3.215,3.217366,59.45078731,51.71073675,1
01:05:00,3.215,3.217126,59.44411159,51.69956684,1
01:05:01,3.215,3.217007,59.43743587,51.68890953,1
01:05:02,3.215,3.216948,59.43076015,51.67804956,1
01:05:03,3.215,3.216918,59.42408442,51.66731477,1
01:05:04,3.215,3.216903,59.4174087,51.65663958,1
01:05:05,3.215,3.216895,59.41073298,51.64621472,1
01:05:06,3.215,3.216892,59.40405726,51.6356945,1
01:05:07,3.215,3.21689,59.39738154,51.62491798,1
01:05:08,3.215,3.216888,59.39070582,51.61421895,1
01:05:09,3.215,3.216887,59.3840301,51.60378218,1
01:05:10,3.215,3.216887,59.37735438,51.593256,1
01:05:11,3.215,3.216887,59.37067866,51.58247352,1
01:05:12,3.215,3.216886,59.36400294,51.57198906,1
01:05:13,3.215,3.216886,59.35732722,51.56123042,1
01:05:14,3.215,3.216885,59.3506515,51.55075788,1
01:05:15,3.214,3.216885,59.34397578,51.53784156,1
01:05:16,3.214,3.216401,59.33730006,51.5263319,1
01:05:17,3.214,3.216161,59.33062434,51.51497722,1
01:05:18,3.213,3.216042,59.32394862,51.50182843,1
01:05:19,3.213,3.215499,59.3172729,51.48988366,1
01:05:20,3.212,3.21523,59.31059718,51.47679448,1
01:05:21,3.212,3.214612,59.30392146,51.46479607,1
01:05:22,3.212,3.214306,59.29724574,51.45310163,1
01:05:23,3.211,3.214154,59.29057002,51.43969059,1
01:05:24,3.211,3.213594,59.2838943,51.42782927,1
01:05:25,3.211,3.213317,59.27721858,51.41615272,1
01:05:26,3.21,3.213179,59.27054286,51.40308142,1
01:05:27,3.21,3.212627,59.26386714,51.39101744,1
01:05:28,3.21,3.212353,59.25719142,51.37947202,1
01:05:29,3.21,3.212217,59.2505157,51.3679266,1
01:05:30,3.21,3.212148,59.24383998,51.35689,1
01:05:31,3.209,3.212115,59.23716426,51.34343505,1
01:05:32,3.209,3.211615,59.23048854,51.3314724,1
01:05:33,3.209,3.211366,59.22381282,51.31965876,1
01:05:34,3.209,3.211243,59.2171371,51.30819678,1
01:05:35,3.209,3.211181,59.21046138,51.297158,1
01:05:36,3.209,3.211151,59.20378566,51.28583312,1
01:05:37,3.209,3.211135,59.19710994,51.27460957,1
01:05:38,3.209,3.211128,59.19043422,51.26343369,1
01:05:39,3.209,3.211123,59.1837585,51.25252604,1
01:05:40,3.209,3.211121,59.17708278,51.24127269,1
01:05:41,3.209,3.21112,59.17040706,51.23032928,1
01:05:42,3.209,3.211119,59.16373134,51.21905208,1
01:05:43,3.209,3.211119,59.15705562,51.20785236,1
01:05:44,3.209,3.211118,59.1503799,51.19693279,1
01:05:45,3.209,3.211118,59.14370418,51.18567348,1
01:05:46,3.209,3.211117,59.13702846,51.17447972,1
01:05:47,3.209,3.211117,59.13035274,51.16356611,1
01:05:48,3.209,3.211117,59.12367702,51.15255117,1
01:05:49,3.209,3.211116,59.1170013,51.14124417,1
01:05:50,3.209,3.211116,59.11032557,51.13002658,1
01:05:51,3.209,3.211116,59.10364985,51.11885667,1
01:05:52,3.209,3.211115,59.09697413,51.10795498,1
01:05:53,3.209,3.211115,59.09029841,51.09670162,1
01:05:54,3.209,3.211114,59.08362269,51.08576,1
01:05:55,3.209,3.211114,59.07694697,51.07448101,1
01:05:56,3.209,3.211114,59.07027125,51.0632813,1
01:05:57,3.209,3.211113,59.06359553,51.05236173,1
01:05:58,3.209,3.211113,59.05691981,51.04110241,1
01:05:59,3.209,3.211113,59.05024409,51.03015304,1
01:06:00,3.209,3.211112,59.04356837,51.01887584,1
01:06:01,3.209,3.211112,59.03689265,51.00767612,1
01:06:02,3.209,3.211112,59.03021693,50.99675655,1
01:06:03,3.209,3.211111,59.02354121,50.98549724,1
01:06:04,3.209,3.211111,59.01686549,50.97454786,1
01:06:05,3.209,3.211111,59.01018977,50.96327066,1
01:06:06,3.209,3.21111,59.00351405,50.95207095,1
01:06:07,3.209,3.211109,58.99683833,50.94115138,1
01:06:08,3.209,3.211109,58.99016261,50.92989206,1
01:06:09,3.209,3.211109,58.98348689,50.91869831,1
01:06:10,3.209,3.211108,58.97681117,50.9077847,1
01:06:11,3.209,3.211108,58.97013545,50.89676976,1
01:06:12,3.209,3.211108,58.96345973,50.88546276,1
01:06:13,3.209,3.211107,58.95678401,50.87424517,1
01:06:14,3.209,3.211107,58.95010829,50.86308,1
01:06:15,3.209,3.211107,58.94343257,50.85217357,1
01:06:16,3.209,3.211107,58.93675685,50.84092021,1
01:06:17,3.209,3.211106,58.93008113,50.8299768,1
01:06:18,3.209,3.211106,58.92340541,50.8186996,1
01:06:19,3.209,3.211105,58.91672969,50.80749989,1
01:06:20,3.209,3.211105,58.91005397,50.79658031,1
01:06:21,3.209,3.211105,58.90337825,50.785321,1
01:06:22,3.209,3.211104,58.89670253,50.77437162,1
01:06:23,3.209,3.211104,58.89002681,50.76309443,1
01:06:24,3.209,3.211104,58.88335109,50.75189471,1
01:06:25,3.209,3.211103,58.87667537,50.74097514,1
01:06:26,3.209,3.211102,58.86999965,50.72971582,1
01:06:27,3.209,3.211102,58.86332393,50.71852207,1
01:06:28,3.209,3.211102,58.85664821,50.70760846,1
01:06:29,3.209,3.211102,58.84997249,50.69659352,1
01:06:30,3.209,3.211101,58.84329677,50.68528056,1
01:06:31,3.209,3.211101,58.83662105,50.67406297,1
01:06:32,3.209,3.211101,58.82994533,50.66289306,1
01:06:33,3.209,3.2111,58.82326961,50.65199137,1
01:06:34,3.209,3.2111,58.81659389,50.64073801,1
01:06:35,3.209,3.2111,58.80991817,50.6297946,1
01:06:36,3.209,3.211099,58.80324244,50.6185174,1
01:06:37,3.209,3.211099,58.79656672,50.60731769,1
01:06:38,3.209,3.211098,58.789891,50.59639812,1
01:06:39,3.209,3.211098,58.78321528,50.58513284,1
01:06:40,3.209,3.211097,58.77653956,50.57418346,1
01:06:41,3.209,3.211097,58.76986384,50.56290627,1
01:06:42,3.209,3.211097,58.76318812,50.55170655,1
01:06:43,3.209,3.211097,58.7565124,50.54078698,1
01:06:44,3.209,3.211096,58.74983668,50.5295217,1
01:06:45,3.209,3.211096,58.74316096,50.51832795,1
01:06:46,3.209,3.211095,58.73648524,50.50741434,1
01:06:47,3.209,3.211095,58.72980952,50.4963994,1
01:06:48,3.209,3.211095,58.7231338,50.48508644,1
01:06:49,3.209,3.211094,58.71645808,50.47386885,1
01:06:50,3.209,3.211094,58.70978236,50.46269894,1
01:06:51,3.209,3.211094,58.70310664,50.45179725,1
01:06:52,3.209,3.211093,58.69643092,50.44054389,1
01:06:53,3.209,3.211093,58.6897552,50.42960048,1
01:06:54,3.209,3.211093,58.68307948,50.41832328,1
01:06:55,3.209,3.211092,58.67640376,50.40712,1
01:06:56,3.209,3.211092,58.66972804,50.39620399,1
01:06:57,3.209,3.211092,58.66305232,50.38493872,1
01:06:58,3.209,3.211091,58.6563766,50.37398934,1
01:06:59,3.209,3.211091,58.64970088,50.36271214,1
01:07:00,3.209,3.21109,58.64302516,50.35151243,1
01:07:01,3.209,3.21109,58.63634944,50.34059286,1
01:07:02,3.208,3.21109,58.62967372,50.32713413,1
01:07:03,3.209,3.210606,58.622998,50.3171742,1
01:07:04,3.209,3.210849,58.61632228,50.30664206,1
01:07:05,3.208,3.21097,58.60964656,50.29336214,1
01:07:06,3.209,3.210546,58.60297084,50.28350353,1
01:07:07,3.208,3.210819,58.59629512,50.27059913,1
01:07:08,3.208,3.210471,58.5896194,50.25855899,1
01:07:09,3.208,3.210298,58.58294368,50.24721026,1
01:07:10,3.208,3.210212,58.57626796,50.23593307,1
01:07:11,3.208,3.210169,58.56959224,50.22469163,1
01:07:12,3.209,3.210148,58.56291652,50.21558404,1
01:07:13,3.208,3.21062,58.5562408,50.20334721,1
01:07:14,3.208,3.210371,58.54956508,50.19162893,1
01:07:15,3.208,3.210247,58.54288936,50.18017292,1
01:07:16,3.208,3.210186,58.53621364,50.16858578,1
01:07:17,3.208,3.210155,58.52953792,50.15744567,1
01:07:18,3.208,3.21014,58.5228622,50.14601946,1
01:07:19,3.208,3.210131,58.51618648,50.13495088,1
01:07:20,3.208,3.210128,58.50951076,50.12356639,1
01:07:21,3.208,3.210125,58.50283504,50.11227131,1
01:07:22,3.208,3.210124,58.49615932,50.10101795,1
01:07:23,3.208,3.210123,58.48948359,50.08978248,1
01:07:24,3.208,3.210123,58.48280787,50.07855892,1
01:07:25,3.208,3.210122,58.47613215,50.06759167,1
01:07:26,3.208,3.210122,58.46945643,50.05625486,1
01:07:27,3.208,3.210121,58.46278071,50.04498363,1
01:07:28,3.208,3.210121,58.45610499,50.03374219,1
01:07:29,3.208,3.210121,58.44942927,50.02251267,1
01:07:30,3.208,3.21012,58.44275355,50.01129508,1
01:07:31,3.208,3.21012,58.43607783,50.00032783,1
01:07:32,3.208,3.21012,58.42940211,49.98899102,1
01:07:33,3.208,3.210119,58.42272639,49.9777168,1
01:07:34,3.208,3.210119,58.41605067,49.96646941,1
01:07:35,3.208,3.210119,58.40937495,49.95523989,1
01:07:36,3.208,3.210118,58.40269923,49.94426668,1
01:07:37,3.208,3.210118,58.39602351,49.93292689,1
01:07:38,3.208,3.210117,58.38934779,49.92165267,1
01:07:39,3.208,3.210117,58.38267207,49.91040528,1
01:07:40,3.208,3.210117,58.37599635,49.89917576,1
01:07:41,3.208,3.210116,58.36932063,49.88820255,1
01:07:42,3.208,3.210116,58.36264491,49.87686276,1
01:07:43,3.208,3.210115,58.35596919,49.86558557,1
01:07:44,3.208,3.210115,58.34929347,49.85434115,1
01:07:45,3.207,3.210115,58.34261775,49.84095991,1
01:07:46,3.207,3.209631,58.33594203,49.82893765,1
01:07:47,3.207,3.209391,58.32926631,49.81699,1
01:07:48,3.207,3.209271,58.32259059,49.80563819,1
01:07:49,3.207,3.209212,58.31591487,49.79431629,1
01:07:50,3.207,3.209183,58.30923915,49.78300929,1
01:07:51,3.207,3.209167,58.30256343,49.77145195,1
01:07:52,3.206,3.209159,58.29588771,49.75819886,1
01:07:53,3.206,3.208672,58.28921199,49.7458756,1
01:07:54,3.206,3.20843,58.28253627,49.73373711,1
01:07:55,3.206,3.208309,58.27586055,49.72198308,1
01:07:56,3.206,3.20825,58.26918483,49.71041381,1
01:07:57,3.205,3.20822,58.26250911,49.69715774,1
01:07:58,3.205,3.207721,58.25583339,49.68477786,1
01:07:59,3.205,3.207474,58.24915767,49.67256188,1
01:08:00,3.205,3.20735,58.24248195,49.6607244,1
01:08:01,3.205,3.20729,58.23580623,49.64934289,1
01:08:02,3.204,3.207259,58.22913051,49.6358186,1
01:08:03,3.204,3.20676,58.22245479,49.62327778,1
01:08:04,3.204,3.206512,58.21577907,49.61093664,1
01:08:05,3.204,3.206389,58.20910335,49.59927797,1
01:08:06,3.204,3.206328,58.20242763,49.58766997,1
01:08:07,3.204,3.206298,58.19575191,49.57581758,1
01:08:08,3.204,3.206282,58.18907619,49.56411421,1
01:08:09,3.204,3.206274,58.18240047,49.55248237,1
01:08:10,3.204,3.20627,58.17572474,49.54088628,1
01:08:11,3.204,3.206268,58.16904902,49.5295763,1
01:08:12,3.204,3.206267,58.1623733,49.51814711,1
01:08:13,3.203,3.206266,58.15569758,49.504143,1
01:08:14,3.203,3.205781,58.14902186,49.49134588,1
01:08:15,3.203,3.205541,58.14234614,49.47913289,1
01:08:16,3.203,3.205421,58.13567042,49.467206,1
01:08:17,3.203,3.205362,58.1289947,49.45569932,1
01:08:18,3.203,3.205332,58.12231898,49.44384992,1
01:08:19,3.203,3.205317,58.11564326,49.43210185,1
01:08:20,3.202,3.20531,58.10896754,49.41823184,1
01:08:21,3.203,3.204823,58.10229182,49.40760434,1
01:08:22,3.202,3.205064,58.0956161,49.39466715,1
01:08:23,3.202,3.2047,58.08894038,49.38199818,1
01:08:24,3.202,3.204519,58.08226466,49.36980605,1
01:08:25,3.202,3.204429,58.07558894,49.35784638,1
01:08:26,3.202,3.204385,58.06891322,49.34628308,1
01:08:27,3.202,3.204362,58.0622375,49.33435619,1
01:08:28,3.202,3.204351,58.05556178,49.32280779,1
01:08:29,3.202,3.204345,58.04888606,49.31088984,1
01:08:30,3.202,3.204342,58.04221034,49.29934442,1
01:08:31,3.202,3.20434,58.03553462,49.28742945,1
01:08:32,3.202,3.204339,58.0288589,49.27588403,1
01:08:33,3.202,3.204339,58.02218318,49.26396906,1
01:08:34,3.202,3.204338,58.01550746,49.25242364,1
01:08:35,3.202,3.204338,58.00883174,49.24050868,1
01:08:36,3.202,3.204337,58.00215602,49.22868609,1
01:08:37,3.202,3.204337,57.9954803,49.21718538,1
01:08:38,3.202,3.204336,57.98880458,49.20529425,1
01:08:39,3.202,3.204336,57.98212886,49.19348061,1
01:08:40,3.202,3.204335,57.97545314,49.18198586,1
01:08:41,3.202,3.204335,57.96877742,49.17009771,1
01:08:42,3.202,3.204334,57.9621017,49.15829,1
01:08:43,3.202,3.204334,57.95542598,49.14651513,1
01:08:44,3.202,3.204334,57.94875026,49.1347611,1
01:08:45,3.202,3.204334,57.94207454,49.123016,1
01:08:46,3.202,3.204333,57.93539882,49.11127687,1
01:08:47,3.202,3.204333,57.9287231,49.09954,1
01:08:48,3.202,3.204332,57.92204738,49.08780456,1
01:08:49,3.202,3.204332,57.91537166,49.0760684,1
01:08:50,3.202,3.204331,57.90869594,49.06433225,1
01:08:51,3.202,3.204331,57.90202022,49.05259609,1
01:08:52,3.202,3.204331,57.8953445,49.04086292,1
01:08:53,3.202,3.204331,57.88866878,49.02912676,1
01:08:54,3.202,3.20433,57.88199306,49.01739061,1
01:08:55,3.202,3.20433,57.87531734,49.00565445,1
01:08:56,3.202,3.204329,57.86864161,48.9939183,1
01:08:57,3.202,3.204329,57.86196589,48.98218215,1
01:08:58,3.202,3.204329,57.85529017,48.97044599,1
01:08:59,3.202,3.204328,57.84861445,48.95870984,1
01:09:00,3.202,3.204328,57.84193873,48.94697666,1
01:09:01,3.202,3.204328,57.83526301,48.93524051,1
01:09:02,3.202,3.204327,57.82858729,48.92350435,1
01:09:03,3.202,3.204327,57.82191157,48.9117682,1
01:09:04,3.202,3.204326,57.81523585,48.90003,1
01:09:05,3.202,3.204326,57.80856013,48.88857603,1
01:09:06,3.202,3.204325,57.80188441,48.87670577,1
01:09:07,3.202,3.204325,57.79520869,48.86518419,1
01:09:08,3.202,3.204325,57.78853297,48.85328114,1
01:09:09,3.202,3.204324,57.78185725,48.84146452,1
01:09:10,3.202,3.204324,57.77518153,48.82968664,1
01:09:11,3.202,3.204324,57.76850581,48.81820977,1
01:09:12,3.202,3.204323,57.76183009,48.80633056,1
01:09:13,3.202,3.204322,57.75515437,48.79452586,1
01:09:14,3.202,3.204322,57.74847865,48.78275394,1
01:09:15,3.202,3.204322,57.74180293,48.77100289,1
01:09:16,3.202,3.204322,57.73512721,48.75925779,1
01:09:17,3.202,3.204321,57.72845149,48.74751866,1
01:09:18,3.202,3.204321,57.72177577,48.7357825,1
01:09:19,3.202,3.20432,57.71510005,48.72404635,1
01:09:20,3.202,3.20432,57.70842433,48.71231019,1
01:09:21,3.202,3.204319,57.70174861,48.70057702,1
01:09:22,3.202,3.204319,57.69507289,48.68884087,1
01:09:23,3.202,3.204319,57.68839717,48.67710769,1
01:09:24,3.202,3.204319,57.68172145,48.66537154,1
01:09:25,3.202,3.204318,57.67504573,48.65363836,1
01:09:26,3.202,3.204318,57.66837001,48.64190221,1
01:09:27,3.202,3.204317,57.66169429,48.63016903,1
01:09:28,3.202,3.204317,57.65501857,48.61843586,1
01:09:29,3.202,3.204316,57.64834285,48.60670269,1
01:09:30,3.202,3.204316,57.64166713,48.59496653,1
01:09:31,3.202,3.204316,57.63499141,48.58323336,1
01:09:32,3.202,3.204315,57.62831569,48.57150018,1
01:09:33,3.202,3.204315,57.62163997,48.56004417,1
01:09:34,3.202,3.204314,57.61496425,48.5481739,1
01:09:35,3.202,3.204314,57.60828853,48.53665233,1
01:09:36,3.202,3.204314,57.60161281,48.52474928,1
01:09:37,3.202,3.204313,57.59493709,48.51293266,1
01:09:38,3.202,3.204313,57.58826137,48.5014379,1
01:09:39,3.202,3.204313,57.58158565,48.48954678,1
01:09:40,3.202,3.204312,57.57490993,48.47773612,1
01:09:41,3.202,3.204312,57.56823421,48.4659642,1
01:09:42,3.202,3.204312,57.56155849,48.45421016,1
01:09:43,3.202,3.204311,57.55488276,48.44246805,1
01:09:44,3.202,3.204311,57.54820704,48.43073,1
01:09:45,3.202,3.20431,57.54153132,48.41899276,1
01:09:46,3.202,3.20431,57.5348556,48.4072566,1
01:09:47,3.202,3.204309,57.52817988,48.39552343,1
01:09:48,3.202,3.204309,57.52150416,48.38379025,1
01:09:49,3.202,3.204309,57.51482844,48.37205708,1
01:09:50,3.202,3.204309,57.50815272,48.36032391,1
01:09:51,3.202,3.204308,57.501477,48.34859073,1
01:09:52,3.202,3.204308,57.49480128,48.33685458,1
01:09:53,3.202,3.204307,57.48812556,48.3251214,1
01:09:54,3.202,3.204307,57.48144984,48.31338823,1
01:09:55,3.202,3.204306,57.47477412,48.30165505,1
01:09:56,3.202,3.204306,57.4680984,48.28992188,1
01:09:57,3.202,3.204306,57.46142268,48.27818871,1
01:09:58,3.202,3.204305,57.45474696,48.26645553,1
01:09:59,3.202,3.204305,57.44807124,48.25472236,1
01:10:00,3.202,3.204304,57.44139552,48.24326932,1
01:10:01,3.202,3.204304,57.4347198,48.23139906,1
01:10:02,3.202,3.204304,57.42804408,48.21987748,1
01:10:03,3.202,3.204304,57.42136836,48.20797443,1
01:10:04,3.202,3.204303,57.41469264,48.19615781,1
01:10:05,3.201,3.204303,57.40801692,48.18257093,1
01:10:06,3.202,3.203819,57.4013412,48.172,1
01:10:07,3.202,3.204062,57.39466548,48.16060066,1
01:10:08,3.201,3.204183,57.38798976,48.14678729,1
01:10:09,3.202,3.203758,57.38131404,48.13641906,1
01:10:10,3.201,3.204032,57.37463832,48.12323749,1
01:10:11,3.202,3.203683,57.3679626,48.11290801,1
01:10:12,3.202,3.203994,57.36128688,48.10188115,1
01:10:13,3.201,3.204148,57.35461116,48.08793366,1
01:10:14,3.201,3.20374,57.34793544,48.07507992,1
01:10:15,3.201,3.203538,57.34125972,48.0627507,1
01:10:16,3.201,3.203437,57.334584,48.05098,1
01:10:17,3.201,3.203387,57.32790828,48.03918004,1
01:10:18,3.201,3.203362,57.32123256,48.02737534,1
01:10:19,3.201,3.203349,57.31455684,48.01528156,1
01:10:20,3.201,3.203343,57.30788112,48.00361097,1
01:10:21,3.201,3.20334,57.3012054,47.99187183,1
01:10:22,3.201,3.203338,57.29452968,47.98009694,1
01:10:23,3.201,3.203336,57.28785396,47.96830416,1
01:10:24,3.201,3.203336,57.28117824,47.95650244,1
01:10:25,3.201,3.203335,57.27450252,47.94469774,1
01:10:26,3.201,3.203335,57.2678268,47.93260396,1
01:10:27,3.201,3.203334,57.26115108,47.92093337,1
01:10:28,3.201,3.203334,57.25447536,47.90919423,1
01:10:29,3.201,3.203334,57.24779963,47.89741933,1
01:10:30,3.201,3.203333,57.24112391,47.88562655,1
01:10:31,3.201,3.203333,57.23444819,47.87382483,1
01:10:32,3.201,3.203332,57.22777247,47.86202013,1
01:10:33,3.201,3.203332,57.22109675,47.84992635,1
01:10:34,3.201,3.203331,57.21442103,47.83825576,1
01:10:35,3.201,3.203331,57.20774531,47.82651663,1
01:10:36,3.201,3.203331,57.20106959,47.81445563,1
01:10:37,3.201,3.20333,57.19439387,47.80251682,1
01:10:38,3.201,3.20333,57.18771815,47.79092371,1
01:10:39,3.215,3.216467,57.18771815,47.78757989,1
01:10:40,3.215,3.217126,57.18771815,47.7830708,1
01:10:41,3.216,3.217454,57.18771815,47.77992666,1
01:10:42,3.216,3.2181,57.18771815,47.77534306,1
01:10:43,3.216,3.21842,57.18771815,47.76974,1
01:10:44,3.216,3.218579,57.18771815,47.76390195,1
01:10:45,3.216,3.218658,57.18771815,47.75795937,1
01:10:46,3.216,3.218697,57.18771815,47.75196314,1
01:10:47,3.216,3.218717,57.18771815,47.74627388,1
01:10:48,3.217,3.218726,57.18771815,47.74234891,1
01:10:49,3.219,3.219214,57.18771815,47.74186909,1
01:10:50,3.221,3.220423,57.18771815,47.74315357,1
01:10:51,3.223,3.22199,57.18771815,47.74539471,1
01:10:52,3.223,3.223734,57.18771815,47.7437675,1
01:10:53,3.223,3.2246,57.18771815,47.7404207,1
01:10:54,3.223,3.22503,57.18771815,47.73580432,1
01:10:55,3.223,3.225243,57.18771815,47.73077071,1
01:10:56,3.223,3.225349,57.18771815,47.72582352,1
01:10:57,3.224,3.225402,57.18771815,47.72279859,1
01:10:58,3.224,3.22591,57.18771815,47.71839082,1
01:10:59,3.224,3.226163,57.18771815,47.71349728,1
01:11:00,3.224,3.226289,57.18771815,47.7086544,1
01:11:01,3.224,3.226351,57.18771815,47.70356715,1
01:11:02,3.224,3.226382,57.18771815,47.69835472,1
01:11:03,3.224,3.226397,57.18771815,47.69278467,1
01:11:04,3.224,3.226404,57.18771815,47.68761992,1
01:11:05,3.224,3.226408,57.18771815,47.68207371,1
01:11:06,3.224,3.226409,57.18771815,47.67662585,1
01:11:07,3.224,3.22641,57.18771815,47.67122567,1
01:11:08,3.224,3.226411,57.18771815,47.66584933,1
01:11:09,3.224,3.226411,57.18771815,47.66048491,1
01:11:10,3.224,3.226411,57.18771815,47.65512645,1
01:11:11,3.224,3.226411,57.18771815,47.64977098,1
01:11:12,3.224,3.226411,57.18771815,47.64471352,1
01:11:13,3.224,3.22641,57.18771815,47.63921499,1
01:11:14,3.224,3.22641,57.18771815,47.63378799,1
01:11:15,3.224,3.22641,57.18771815,47.62839675,1
01:11:16,3.224,3.22641,57.18771815,47.62302339,1
01:11:17,3.224,3.22641,57.18771815,47.61765897,1
01:11:18,3.224,3.22641,57.18771815,47.61259556,1
01:11:19,3.224,3.226409,57.18771815,47.60709107,1
01:11:20,3.224,3.226409,57.18771815,47.60166109,1
01:11:21,3.224,3.226409,57.18771815,47.59626687,1
01:11:22,3.224,3.226409,57.18771815,47.59089053,1
01:11:23,3.224,3.226409,57.18771815,47.58552015,1
01:11:24,3.224,3.226409,57.18771815,47.58015573,1
01:11:25,3.224,3.226408,57.18771815,47.57508934,1
01:11:26,3.225,3.226408,57.18771815,47.57187068,1
01:11:27,3.225,3.226892,57.18771815,47.56760299,1
01:11:28,3.225,3.227132,57.18771815,47.56308794,1
01:11:29,3.225,3.227251,57.18771815,47.55820334,1
01:11:30,3.225,3.22731,57.18771815,47.5528419,1
01:11:31,3.226,3.227339,57.18771815,47.5497961,1
01:11:32,3.226,3.227837,57.18771815,47.54565954,1
01:11:33,3.227,3.228084,57.18771815,47.54323065,1
01:11:34,3.228,3.22869,57.18771815,47.5417763,1
01:11:35,3.228,3.229474,57.18771815,47.53858149,1
01:11:36,3.229,3.229864,57.18771815,47.53668308,1
01:11:37,3.228,3.23054,57.18771815,47.53075242,1
01:11:38,3.229,3.230392,57.18771815,47.52757251,1
01:11:39,3.229,3.230802,57.18771815,47.5235045,1
01:11:40,3.228,3.231006,57.18771815,47.51676023,1
01:11:41,3.202,3.204278,57.17436075,47.49858677,1
01:11:42,3.198,3.203768,57.16100335,47.47199416,1
01:11:43,3.194,3.201579,57.14764595,47.44242132,1
01:11:44,3.194,3.198557,57.13428855,47.41854668,1
01:11:45,3.194,3.197058,57.12093115,47.39824831,1
01:11:46,3.19,3.196315,57.10757375,47.37067223,1
01:11:47,3.188,3.19401,57.09421635,47.34383821,1
01:11:48,3.187,3.191899,57.08085895,47.31951654,1
01:11:49,3.187,3.190368,57.06750154,47.29863107,1
01:11:50,3.187,3.189608,57.05414414,47.27944732,1
01:11:51,3.186,3.189231,57.04079,47.25927114,1
01:11:52,3.186,3.18856,57.02742934,47.24035859,1
01:11:53,3.185,3.188227,57.01407194,47.21949995,1
01:11:54,3.184,3.187577,57.00071454,47.19843268,1
01:11:55,3.182,3.186771,56.98735714,47.17401862,1
01:11:56,3.181,3.185403,56.97399974,47.1506387,1
01:11:57,3.18,3.18424,56.96064234,47.12771475,1
01:11:58,3.18,3.183179,56.94728494,47.10761309,1
01:11:59,3.18,3.182653,56.93392754,47.08815217,1
01:12:00,3.18,3.182391,56.92057014,47.06937075,1
01:12:01,3.179,3.182262,56.90721273,47.04907238,1
01:12:02,3.18,3.181713,56.89385533,47.03198075,1
01:12:03,3.179,3.181924,56.88049793,47.01217115,1
01:12:04,3.179,3.181545,56.86714053,46.99284732,1
01:12:05,3.179,3.181356,56.85378313,46.97409272,1
01:12:06,3.179,3.181262,56.84042573,46.95589542,1
01:12:07,3.178,3.181216,56.82707,46.93550467,1
01:12:08,3.177,3.180708,56.81371093,46.91348672,1
01:12:09,3.176,3.179972,56.80035353,46.89154029,1
01:12:10,3.175,3.179123,56.78699613,46.86860144,1
01:12:11,3.174,3.178217,56.77363873,46.84562087,1
01:12:12,3.174,3.177284,56.76028132,46.825248,1
01:12:13,3.174,3.176821,56.74692392,46.80537283,1
01:12:14,3.173,3.17659,56.73356652,46.78384662,1
01:12:15,3.173,3.175992,56.72020912,46.76410556,1
01:12:16,3.173,3.175695,56.70685172,46.74452245,1
01:12:17,3.173,3.175548,56.69349432,46.72568738,1
01:12:18,3.173,3.175474,56.68013692,46.70659304,1
01:12:19,3.173,3.175437,56.66677952,46.68798,1
01:12:20,3.173,3.175419,56.65342212,46.66931331,1
01:12:21,3.173,3.175409,56.64006472,46.65031,1
01:12:22,3.173,3.175404,56.62670732,46.63144648,1
01:12:23,3.173,3.175401,56.61335,46.6129452,1
01:12:24,3.173,3.175399,56.59999251,46.59433067,1
01:12:25,3.173,3.175398,56.58663511,46.57536149,1
01:12:26,3.173,3.175397,56.57327771,46.55651152,1
01:12:27,3.172,3.175396,56.55992031,46.53587639,1
01:12:28,3.172,3.174911,56.54656291,46.51577473,1
01:12:29,3.173,3.174671,56.53320551,46.49881721,1
01:12:30,3.172,3.175035,56.51984811,46.47840858,1
01:12:31,3.172,3.174731,56.50649071,46.45915329,1
01:12:32,3.172,3.174581,56.49313331,46.43979669,1
01:12:33,3.172,3.174505,56.47977591,46.42071426,1
01:12:34,3.172,3.174468,56.4664185,46.40176594,1
01:12:35,3.172,3.174449,56.4530611,46.38288617,1
01:12:36,3.172,3.174439,56.4397037,46.36434317,1
01:12:37,3.172,3.174434,56.4263463,46.34536505,1
01:12:38,3.172,3.174431,56.4129889,46.32647038,1
01:12:39,3.172,3.174429,56.39963,46.30792141,1
01:12:40,3.171,3.174428,56.3862741,46.28705382,1
01:12:41,3.171,3.173943,56.3729167,46.26680315,1
01:12:42,3.17,3.173702,56.3595593,46.24541104,1
01:12:43,3.169,3.173098,56.3462019,46.22249305,1
01:12:44,3.169,3.172314,56.3328445,46.20195925,1
01:12:45,3.169,3.171925,56.31948709,46.18178606,1
01:12:46,3.168,3.171731,56.30612969,46.15988433,1
01:12:47,3.168,3.171151,56.29277229,46.13937438,1
01:12:48,3.168,3.170864,56.27941489,46.11990452,1
01:12:49,3.167,3.17072,56.26605749,46.09839618,1
01:12:50,3.167,3.170165,56.25270009,46.07762098,1
01:12:51,3.167,3.169889,56.23934269,46.05762661,1
01:12:52,3.166,3.169752,56.22598529,46.03620768,1
01:12:53,3.166,3.169199,56.21262789,46.0154146,1
01:12:54,3.166,3.168925,56.19927049,45.99536657,1
01:12:55,3.165,3.168788,56.18591,45.97340822,1
01:12:56,3.165,3.168237,56.17255569,45.95273137,1
01:12:57,3.165,3.167962,56.15919828,45.93305886,1
01:12:58,3.165,3.167826,56.14584088,45.91315687,1
01:12:59,3.165,3.167758,56.13248348,45.89349926,1
01:13:00,3.165,3.167724,56.11912608,45.87430358,1
01:13:01,3.165,3.167706,56.10576868,45.85466087,1
01:13:02,3.165,3.167698,56.09241128,45.83546817,1
01:13:03,3.165,3.167693,56.07905388,45.81583142,1
01:13:04,3.165,3.16769,56.06569648,45.79664171,1
01:13:05,3.165,3.167688,56.05233908,45.77700794,1
01:13:06,3.165,3.167687,56.03898168,45.7578212,1
01:13:07,3.165,3.167686,56.02562428,45.73818743,1
01:13:08,3.165,3.167686,56.01226687,45.71900368,1
01:13:09,3.165,3.167685,55.99890947,45.69937289,1
01:13:10,3.165,3.167684,55.98555207,45.67985237,1
01:13:11,3.165,3.167683,55.97219,45.66072524,1
01:13:12,3.165,3.167682,55.95883727,45.64112425,1
01:13:13,3.165,3.167681,55.94547987,45.62161863,1
01:13:14,3.165,3.167681,55.93212247,45.60250044,1
01:13:15,3.165,3.16768,55.91876507,45.58324218,1
01:13:16,3.164,3.167679,55.90540767,45.56122124,1
01:13:17,3.165,3.167195,55.89205027,45.54280341,1
01:13:18,3.164,3.167438,55.87869287,45.52159905,1
01:13:19,3.165,3.167074,55.86533546,45.50379515,1
01:13:20,3.164,3.167377,55.85197806,45.48257887,1
01:13:21,3.164,3.167043,55.83862066,45.46224177,1
01:13:22,3.164,3.166877,55.82526326,45.44233382,1
01:13:23,3.164,3.166795,55.81190586,45.42263746,1
01:13:24,3.164,3.166753,55.79854846,45.40339112,1
01:13:25,3.164,3.166732,55.78519106,45.38368285,1
01:13:26,3.164,3.166722,55.77183366,45.36408484,1
01:13:27,3.164,3.166716,55.75848,45.34454,1
01:13:28,3.164,3.166713,55.74511886,45.32537162,1
01:13:29,3.164,3.166711,55.73176146,45.30570507,1
01:13:30,3.164,3.166709,55.71840405,45.28647363,1
01:13:31,3.164,3.166708,55.70504665,45.26677728,1
01:13:32,3.164,3.166707,55.69168925,45.24753094,1
01:13:33,3.163,3.166707,55.67833185,45.22548616,1
01:13:34,3.163,3.166222,55.66497445,45.20470798,1
01:13:35,3.163,3.165981,55.65161705,45.18454373,1
01:13:36,3.163,3.165861,55.63825965,45.16504109,1
01:13:37,3.163,3.165802,55.62490225,45.14550865,1
01:13:38,3.163,3.165772,55.61154485,45.12561262,1
01:13:39,3.162,3.165756,55.59818745,45.10357082,1
01:13:40,3.162,3.165264,55.58483005,45.08274198,1
01:13:41,3.161,3.16502,55.57147264,45.0602293,1
01:13:42,3.161,3.164414,55.55811524,45.03954947,1
01:13:43,3.161,3.164113,55.54476,45.01933157,1
01:13:44,3.161,3.163964,55.53140044,44.99897957,1
01:13:45,3.16,3.163889,55.51804304,44.97662485,1
01:13:46,3.16,3.163368,55.50468564,44.95598376,1
01:13:47,3.16,3.163109,55.49132824,44.935745,1
01:13:48,3.16,3.16298,55.47797084,44.91533935,1
01:13:49,3.159,3.162916,55.46461344,44.8929131,1
01:13:50,3.159,3.1624,55.45125604,44.87176239,1
01:13:51,3.159,3.162143,55.43789864,44.85163689,1
01:13:52,3.159,3.162016,55.42454123,44.83123422,1
01:13:53,3.159,3.161952,55.41118383,44.81145442,1
01:13:54,3.158,3.16192,55.39782643,44.78889704,1
01:13:55,3.158,3.16142,55.38446903,44.76764798,1
01:13:56,3.158,3.161172,55.37111163,44.74703074,1
01:13:57,3.158,3.161048,55.35775423,44.72672641,1
01:13:58,3.158,3.160986,55.34439683,44.70695555,1
01:13:59,3.158,3.160955,55.33104,44.6870774,1
01:14:00,3.158,3.16094,55.31768203,44.66714561,1
01:14:01,3.158,3.160932,55.30432463,44.64718699,1
01:14:02,3.158,3.160927,55.29096723,44.62721646,1
01:14:03,3.158,3.160924,55.27760983,44.60687041,1
01:14:04,3.158,3.160923,55.26425242,44.5867002,1
01:14:05,3.158,3.160921,55.25089502,44.56699193,1
01:14:06,3.158,3.16092,55.23753762,44.54677701,1
01:14:07,3.158,3.16092,55.22418022,44.52667534,1
01:14:08,3.158,3.160919,55.21082282,44.50700283,1
01:14:09,3.158,3.160918,55.19746542,44.4868058,1
01:14:10,3.158,3.160917,55.18410802,44.4670856,1
01:14:11,3.158,3.160916,55.17075062,44.4468677,1
01:14:12,3.158,3.160916,55.15739322,44.42676604,1
01:14:13,3.158,3.160915,55.14403582,44.40709352,1
01:14:14,3.158,3.160914,55.13067842,44.38689947,1
01:14:15,3.158,3.160913,55.11732,44.36718225,1
01:14:16,3.158,3.160913,55.10396361,44.34733987,1
01:14:17,3.158,3.160912,55.09060621,44.32706237,1
01:14:18,3.158,3.160911,55.07724881,44.30693388,1
01:14:19,3.158,3.16091,55.06389141,44.28725243,1
01:14:20,3.157,3.16091,55.05053401,44.26470399,1
01:14:21,3.158,3.160424,55.03717661,44.24574077,1
01:14:22,3.157,3.160668,55.02381921,44.22396421,1
01:14:23,3.157,3.160304,55.01046181,44.20305192,1
01:14:24,3.157,3.160123,54.99710441,44.18296516,1
01:14:25,3.157,3.160033,54.98374701,44.16250288,1
01:14:26,3.157,3.159987,54.9703896,44.14224327,1
01:14:27,3.157,3.159965,54.9570322,44.122082,1
01:14:28,3.157,3.159953,54.9436748,44.10234988,1
01:14:29,3.157,3.159947,54.9303174,44.08245981,1
01:14:30,3.157,3.159944,54.91696,44.06249225,1
01:14:31,3.157,3.159942,54.9036,44.03608441,1
01:14:32,3.157,3.159938,54.8902452,43.92903447,1
01:14:33,3.157,3.159854,54.8768878,43.59018505,1
01:14:34,3.157,3.159353,54.8635304,43.33316684,1
01:14:35,3.157,3.159362,54.850173,43.19364727,1
01:14:36,3.157,3.159503,54.8368156,43.10499132,1
01:14:37,3.157,3.159619,54.82345819,43.04254353,1
01:14:38,3.156,3.159692,54.81010079,42.98027456,1
01:14:39,3.156,3.159246,54.79674339,42.93328524,1
01:14:40,3.155,3.159028,54.78338599,42.88359,1
01:14:41,3.155,3.158436,54.77002859,42.84149408,1
01:14:42,3.18,3.185713,54.77002859,42.79556572,1
01:14:43,3.186,3.184834,54.77002859,42.80475974,1
01:14:44,3.187,3.187301,54.77002859,42.80238152,1
01:14:45,3.187,3.189009,54.77002859,42.78688133,1
01:14:46,3.187,3.189856,54.77002859,42.76484251,1
01:14:47,3.188,3.190276,54.77002859,42.74727702,1
01:14:48,3.194,3.190968,54.77002859,42.77068377,1
01:14:49,3.194,3.194214,54.77002859,42.76903272,1
01:14:50,3.194,3.195824,54.77002859,42.75496304,1
01:14:51,3.194,3.196623,54.77002859,42.73474216,1
01:14:52,3.194,3.197019,54.77002859,42.71146655,1
01:14:53,3.194,3.197215,54.77002859,42.68667698,1
01:14:54,3.194,3.197313,54.77002859,42.66112745,1
01:14:55,3.194,3.197361,54.77002859,42.63519943,1
01:14:56,3.194,3.197385,54.77002859,42.60907769,1
01:14:57,3.197,3.197397,54.77002859,42.60601997,1
01:14:58,3.2,3.198854,54.77002859,42.61487126,1
01:14:59,3.201,3.201028,54.77002859,42.61465669,1
01:15:00,3.201,3.20259,54.77002859,42.60225594,1
01:15:01,3.201,3.203364,54.77002859,42.58412421,1
01:15:02,3.201,3.203748,54.77002859,42.56299138,1
01:15:03,3.202,3.203938,54.77002859,42.5480634,1
01:15:04,3.202,3.204517,54.77002859,42.52866805,1
01:15:05,3.202,3.204803,54.77002859,42.5070554,1
01:15:06,3.202,3.204945,54.77002859,42.48434305,1
01:15:07,3.202,3.205016,54.77002859,42.46108234,1
01:15:08,3.202,3.20505,54.77002859,42.43755043,1
01:15:09,3.202,3.205067,54.77002859,42.41387844,1
01:15:10,3.202,3.205076,54.77002859,42.39013791,1
01:15:11,3.202,3.20508,54.77002859,42.36608744,1
01:15:12,3.202,3.205082,54.77002859,42.34241545,1
01:15:13,3.202,3.205083,54.77002859,42.318663,1
01:15:14,3.202,3.205083,54.77002859,42.29487181,1
01:15:15,3.202,3.205083,54.77002859,42.27105975,1
01:15:16,3.202,3.205083,54.77002859,42.24696457,1
01:15:17,3.202,3.205083,54.77002859,42.22325683,1
01:15:19,3.202,3.205082,54.77002859,42.19947755,1
01:15:19,3.202,3.205082,54.77002859,42.1753943,1
01:15:20,3.202,3.205082,54.77002859,42.15168655,1
01:15:21,3.202,3.205081,54.77002859,42.12790132,1
01:15:23,3.203,3.205081,54.77002859,42.11162329,1
01:15:23,3.204,3.205564,54.77002859,42.09958017,1
01:15:24,3.205,3.206288,54.77002859,42.08963811,1
01:15:25,3.206,3.20713,54.77002859,42.08080471,1
01:15:26,3.207,3.20803,54.77002859,42.07287729,1
01:15:28,3.207,3.208961,54.77002859,42.05774367,1
01:15:28,3.208,3.209422,54.77002859,42.04675257,1
01:15:29,3.208,3.210134,54.77002859,42.03024805,1
01:15:30,3.208,3.210487,54.77002859,42.01100469,1
01:15:32,3.208,3.210662,54.77002859,41.99040532,1
01:15:32,3.208,3.210748,54.77002859,41.96913242,1
01:15:33,3.208,3.210791,54.77002859,41.94752574,1
01:15:34,3.208,3.210812,54.77002859,41.92575216,1
01:15:36,3.208,3.210822,54.77002859,41.90389514,1
01:15:36,3.208,3.210827,54.77002859,41.88199639,1
01:15:37,3.208,3.210829,54.77002859,41.86007679,1
01:15:38,3.209,3.21083,54.77002859,41.84573591,1
01:15:39,3.209,3.211314,54.77002859,41.82789922,1
01:15:41,3.209,3.211553,54.77002859,41.80816114,1
01:15:41,3.209,3.211672,54.77002859,41.78747237,1
01:15:42,3.209,3.21173,54.77002859,41.76608324,1
01:15:43,3.209,3.21176,54.77002859,41.74480736,1
01:15:45,3.209,3.211774,54.77002859,41.72335863,1
01:15:45,3.209,3.21178,54.77002859,41.70158505,1
01:15:46,3.209,3.211783,54.77002859,41.68012142,1
01:15:47,3.209,3.211785,54.77002859,41.65857732,1
01:15:49,3.209,3.211785,54.77002859,41.6369915,1
01:15:50,3.209,3.211785,54.77002859,41.6153878,1
01:15:50,3.209,3.211785,54.77002859,41.59353375,1
01:15:51,3.209,3.211785,54.77002859,41.5720284,1
01:15:53,3.209,3.211784,54.77002859,41.55046046,1
01:15:54,3.209,3.211784,54.77002859,41.52886271,1
01:15:54,3.209,3.211784,54.77002859,41.50725007,1
01:15:55,3.209,3.211783,54.77002859,41.48563147,1
01:15:57,3.209,3.211783,54.77002859,41.4640069,1
01:15:58,3.209,3.211782,54.77002859,41.44237936,1
01:15:59,3.209,3.211782,54.77002859,41.42051339,1
01:15:59,3.209,3.211782,54.77002859,41.39899611,1
01:16:00,3.209,3.211781,54.77002859,41.37742221,1
01:16:02,3.209,3.211781,54.77002859,41.35558009,1
01:16:03,3.209,3.21178,54.77002859,41.3338393,1
01:16:03,3.209,3.21178,54.77002859,41.31214917,1
01:16:04,3.209,3.211779,54.77002859,41.29071832,1
01:16:06,3.209,3.211779,54.77002859,41.26918614,1
01:16:07,3.209,3.211778,54.77002859,41.24760032,1
01:16:07,3.209,3.211778,54.77002859,41.22598767,1
01:16:08,3.209,3.211777,54.77002859,41.20436609,1
01:16:10,3.209,3.211777,54.77002859,41.18273556,1
01:16:11,3.209,3.211776,54.77002859,41.16110206,1
01:16:12,3.209,3.211776,54.77002859,41.13923013,1
01:16:12,3.209,3.211776,54.77002859,41.11770689,1
01:16:13,3.209,3.211775,54.77002859,41.09589159,1
01:16:15,3.209,3.211775,54.77002859,41.07439518,1
01:16:16,3.209,3.211774,54.77002859,41.05282426,1
01:16:16,3.209,3.211774,54.77002859,41.03122056,1
01:16:17,3.209,3.211773,54.77002859,41.00959897,1
01:16:19,3.209,3.211773,54.77002859,40.98797,1
01:16:20,3.209,3.211772,54.77002859,40.96633196,1
01:16:21,3.209,3.211772,54.77002859,40.94469249,1
01:16:21,3.209,3.211771,54.77002859,40.92281759,1
01:16:23,3.209,3.211771,54.77002859,40.90128839,1
01:16:24,3.209,3.211771,54.77002859,40.87970257,1
01:16:25,3.209,3.21177,54.77002859,40.85808694,1
01:16:25,3.209,3.21177,54.77002859,40.8364594,1
01:16:27,3.209,3.211769,54.77002859,40.81482589,1
01:16:28,3.209,3.211769,54.77002859,40.79318643,1
01:16:29,3.209,3.211768,54.77002859,40.77154398,1
01:16:30,3.209,3.211768,54.77002859,40.74989855,1
01:16:31,3.209,3.211767,54.77002859,40.72825611,1
01:16:32,3.21,3.211767,54.77002859,40.71443379,1
01:16:33,3.21,3.212249,54.77002859,40.69683552,1
01:16:34,3.21,3.212488,54.77002859,40.67716002,1
01:16:34,3.21,3.212606,54.77002859,40.65687358,1
01:16:36,3.211,3.212664,54.77002859,40.64388573,1
01:16:37,3.211,3.213176,54.77002859,40.62688053,1
01:16:38,3.211,3.213429,54.77002859,40.60788453,1
01:16:39,3.212,3.213555,54.77002859,40.59571922,1
01:16:40,3.212,3.214099,54.77002859,40.57929516,1
01:16:41,3.212,3.214369,54.77002859,40.56075811,1
01:16:42,3.213,3.214503,54.77002859,40.54899514,1
01:16:43,3.213,3.215051,54.77002859,40.53294063,1
01:16:44,3.214,3.215323,54.77002859,40.5225873,1
01:16:45,3.214,3.21594,54.77002859,40.507406,1
01:16:46,3.214,3.216246,54.77002859,40.48983455,1
01:16:47,3.214,3.216398,54.77002859,40.47107995,1
01:16:48,3.215,3.216472,54.77002859,40.45956135,1
01:16:49,3.215,3.216991,54.77002859,40.44398069,1
01:16:50,3.215,3.217248,54.77002859,40.42638838,1
01:16:51,3.215,3.217376,54.77002859,40.40779769,1
01:16:52,3.215,3.217439,54.77002859,40.38871825,1
01:16:53,3.215,3.217469,54.77002859,40.36939442,1
01:16:54,3.215,3.217484,54.77002859,40.34995437,1
01:16:55,3.215,3.217492,54.77002859,40.33045471,1
01:16:56,3.215,3.217495,54.77002859,40.31092823,1
01:16:57,3.215,3.217496,54.77002859,40.29138982,1
01:16:58,3.215,3.217496,54.77002859,40.27184844,1
01:16:59,3.215,3.217496,54.77002859,40.2523011,1
01:17:00,3.215,3.217496,54.77002859,40.23275971,1
01:17:01,3.215,3.217495,54.77002859,40.21300972,1
01:17:02,3.215,3.217495,54.77002859,40.19356966,1
01:17:03,3.215,3.217494,54.77002859,40.17408192,1
01:17:04,3.215,3.217494,54.77002859,40.15457332,1
01:17:05,3.215,3.217493,54.77002859,40.1350528,1
01:17:06,3.215,3.217492,54.77002859,40.11532366,1
01:17:07,3.215,3.217492,54.77002859,40.09589851,1
01:17:08,3.215,3.217491,54.77002859,40.07642567,1
01:17:09,3.215,3.217491,54.77002859,40.05692899,1
01:17:10,3.215,3.21749,54.77002859,40.03742337,1
01:17:11,3.215,3.217489,54.77002859,40.01791477,1
01:17:12,3.215,3.217489,54.77002859,39.99840319,1
01:17:13,3.215,3.217488,54.77002859,39.97889459,1
01:17:14,3.215,3.217487,54.77002859,39.95938897,1
01:17:15,3.215,3.217487,54.77002859,39.93988335,1
01:17:16,3.174,3.175315,54.74999547,39.9094224,1
01:17:17,3.169,3.175067,54.72996235,39.84202743,1
01:17:18,3.165,3.17252,54.70992923,39.76308405,1
01:17:19,3.163,3.169322,54.68989611,39.69338536,1
01:17:20,3.159,3.166774,54.66986299,39.61215019,1
01:17:21,3.158,3.163576,54.64983,39.54766989,1
01:17:22,3.157,3.161511,54.62979674,39.49215114,1
01:17:23,3.153,3.160007,54.60976362,39.41678107,1
01:17:24,3.152,3.157326,54.5897305,39.35455978,1
01:17:25,3.151,3.155517,54.56969738,39.29866552,1
01:17:26,3.15,3.154139,54.54966426,39.24571574,1
01:17:27,3.147,3.152973,54.52963114,39.17810917,1
01:17:28,3.145,3.150944,54.50959802,39.11017776,1
01:17:29,3.143,3.148974,54.4895649,39.04216588,1
01:17:30,3.143,3.147032,54.46953177,38.99010122,1
01:17:31,3.143,3.146073,54.44949865,38.94552886,1
01:17:32,3.143,3.145599,54.42946553,38.90467882,1
01:17:33,3.143,3.145364,54.40943241,38.86567652,1
01:17:34,3.142,3.145247,54.38939929,38.81928921,1
01:17:35,3.14,3.144705,54.36936617,38.76159787,1
01:17:36,3.139,3.143469,54.34933305,38.70566785,1
01:17:37,3.138,3.142374,54.3293,38.65041435,1
01:17:38,3.136,3.14135,54.30926681,38.5872215,1
01:17:39,3.136,3.139875,54.28923368,38.53586912,1
01:17:40,3.136,3.139148,54.26920056,38.49036396,1
01:17:41,3.135,3.138787,54.24916744,38.43964636,1
01:17:42,3.135,3.138126,54.22913432,38.39426,1
01:17:43,3.135,3.137798,54.2091012,38.35150898,1
01:17:44,3.134,3.137636,54.18906808,38.30192387,1
01:17:45,3.133,3.137072,54.16903496,38.24876845,1
01:17:46,3.133,3.136309,54.14900184,38.20178807,1
01:17:47,3.132,3.135932,54.12896872,38.14969659,1
01:17:48,3.132,3.135262,54.10893559,38.10304105,1
01:17:49,3.131,3.134931,54.08890247,38.05089593,1
01:17:50,3.131,3.134284,54.06886935,38.00374866,1
01:17:51,3.13,3.133964,54.04883623,37.95141876,1
01:17:52,3.129,3.133322,54.02880311,37.89570332,1
01:17:53,3.129,3.132521,54.00877,37.84666657,1
01:17:54,3.129,3.132125,53.98873687,37.80115843,1
01:17:55,3.129,3.13193,53.96870375,37.75712252,1
01:17:56,3.129,3.131833,53.94867063,37.71358728,1
01:17:57,3.128,3.131785,53.9286375,37.66255379,1
01:17:58,3.128,3.131277,53.90860438,37.61557341,1
01:17:59,3.128,3.131026,53.88857126,37.57059574,1
01:18:00,3.128,3.130902,53.86853814,37.52661,1
01:18:01,3.128,3.13084,53.84850502,37.48309612,1
01:18:02,3.128,3.130809,53.8284719,37.43982017,1
01:18:03,3.127,3.130793,53.80843878,37.38837242,1
01:18:04,3.126,3.130302,53.78840566,37.33267188,1
01:18:05,3.126,3.129576,53.76837254,37.28295565,1
01:18:06,3.125,3.129217,53.74833941,37.22788095,1
01:18:07,3.124,3.128557,53.72830629,37.1699363,1
01:18:08,3.124,3.127748,53.70827317,37.11868227,1
01:18:09,3.124,3.127349,53.68824,37.07072139,1
01:18:10,3.123,3.127152,53.66820693,37.01602817,1
01:18:11,3.123,3.126571,53.64817381,36.96614504,1
01:18:12,3.123,3.126285,53.62814069,36.91836894,1
01:18:13,3.122,3.126143,53.60810757,36.86346412,1
01:18:14,3.122,3.12559,53.58807445,36.81353331,1
01:18:15,3.122,3.125317,53.56804132,36.76575124,1
01:18:16,3.122,3.125182,53.5480082,36.71902418,1
01:18:17,3.122,3.125115,53.52797508,36.67280972,1
01:18:18,3.122,3.125082,53.50794196,36.62684262,1
01:18:19,3.122,3.125064,53.48790884,36.58098876,1
01:18:20,3.122,3.125056,53.46787572,36.53517962,1
01:18:21,3.122,3.125051,53.4478426,36.48938835,1
01:18:22,3.122,3.125048,53.42780948,36.4435941,1
01:18:23,3.122,3.125047,53.40777636,36.39779091,1
01:18:24,3.122,3.125046,53.38774323,36.35197282,1
01:18:25,3.121,3.125045,53.36771,36.29766703,1
01:18:26,3.121,3.124561,53.34767699,36.24742627,1
01:18:27,3.121,3.124322,53.32764387,36.19918227,1
01:18:28,3.121,3.124204,53.30761075,36.15190983,1
01:18:29,3.121,3.124146,53.28757763,36.10510826,1
01:18:30,3.121,3.124117,53.26754451,36.05852723,1
01:18:31,3.121,3.124102,53.24751139,36.01205051,1
01:18:32,3.121,3.124094,53.22747827,35.96561253,1
01:18:33,3.12,3.12409,53.20744514,35.91064513,1
01:18:34,3.12,3.123605,53.18741202,35.85978746,1
01:18:35,3.12,3.123366,53.1673789,35.81094146,1
01:18:36,3.119,3.123248,53.14734578,35.75417399,1
01:18:37,3.119,3.122707,53.12731266,35.70247591,1
01:18:38,3.119,3.122441,53.10727954,35.65295637,1
01:18:39,3.118,3.122309,53.08724642,35.5959177,1
01:18:40,3.118,3.121762,53.0672133,35.54352224,1
01:18:41,3.118,3.121492,53.04718,35.49340665,1
01:18:42,3.118,3.121359,53.02714705,35.44440269,1
01:18:43,3.117,3.121293,53.00711393,35.38730145,1
01:18:44,3.117,3.120778,52.98708081,35.334602,1
01:18:45,3.117,3.120525,52.96704769,35.28406024,1
01:18:46,3.117,3.120399,52.94701457,35.2345705,1
01:18:47,3.117,3.120338,52.92698145,35.18558443,1
01:18:48,3.117,3.120307,52.90694833,35.13683677,1
01:18:49,3.117,3.120291,52.88691521,35.0881964,1
01:18:50,3.116,3.120283,52.86688209,35.03088951,1
01:18:51,3.116,3.119797,52.84684896,34.97777283,1
01:18:52,3.116,3.119558,52.82681584,34.92643237,1
01:18:53,3.116,3.119439,52.80678272,34.8764956,1
01:18:54,3.115,3.119381,52.7867496,34.81824696,1
01:18:55,3.115,3.118871,52.76671648,34.7643733,1
01:18:56,3.115,3.118619,52.74668336,34.71264541,1
01:18:57,3.115,3.118495,52.72665,34.66169238,1
01:18:58,3.115,3.118433,52.70661712,34.61137414,1
01:18:59,3.115,3.118403,52.686584,34.5616132,1
01:19:00,3.114,3.118388,52.66655087,34.50308144,1
01:19:01,3.114,3.117899,52.64651775,34.44874585,1
01:19:02,3.114,3.117658,52.62648463,34.39618349,1
01:19:03,3.114,3.117539,52.60645151,34.34503376,1
01:19:04,3.114,3.117481,52.58641839,34.29429233,1
01:19:05,3.114,3.117452,52.56638527,34.24347639,1
01:19:06,3.114,3.117437,52.54635215,34.19313133,1
01:19:07,3.114,3.11743,52.52631903,34.14248526,1
01:19:08,3.114,3.117426,52.50628591,34.09219384,1
01:19:09,3.114,3.117424,52.48625278,34.04180408,1
01:19:10,3.114,3.117423,52.46621966,33.9913547,1
01:19:11,3.114,3.117422,52.44618654,33.94086063,1
01:19:12,3.114,3.117421,52.42615342,33.89033377,1
01:19:13,3.114,3.11742,52.40612,33.83977413,1
01:19:14,3.114,3.11742,52.38608718,33.78918469,1
01:19:15,3.114,3.117419,52.36605406,33.73856843,1
01:19:16,3.114,3.117419,52.34602094,33.68766308,1
01:19:17,3.114,3.117418,52.32598782,33.63711536,1
01:19:18,3.114,3.117418,52.30595469,33.58647227,1
01:19:19,3.114,3.117418,52.28592157,33.53577256,1
01:19:20,3.114,3.117417,52.26588845,33.48502815,1
01:19:21,3.114,3.117417,52.24585533,33.43399167,1
01:19:22,3.113,3.117416,52.22582221,33.37433636,1
01:19:23,3.113,3.116935,52.20578909,33.31887424,1
01:19:24,3.113,3.116699,52.18575597,33.26546848,1
01:19:25,3.114,3.116582,52.16572285,33.22210014,1
01:19:26,3.113,3.117005,52.14568973,33.16583037,1
01:19:27,3.113,3.116732,52.1256566,33.11198354,1
01:19:28,3.113,3.116598,52.10562348,33.05931389,1
01:19:29,3.113,3.116531,52.08559,33.00721049,1
01:19:30,3.113,3.116499,52.06555724,32.95536935,1
01:19:31,3.113,3.116482,52.04552412,32.90364146,1
01:19:32,3.113,3.116474,52.025491,32.85169303,1
01:19:33,3.113,3.116469,52.00545788,32.800138,1
01:19:34,3.113,3.116467,51.98542476,32.74850547,1
01:19:35,3.113,3.116466,51.96539164,32.69682,1
01:19:36,3.113,3.116465,51.94535851,32.64302909,1
01:19:37,3.113,3.116464,51.92532539,32.58505,1
01:19:38,3.113,3.116459,51.90529227,32.52438903,1
01:19:39,3.113,3.116454,51.88525915,32.46228695,1
01:19:40,3.113,3.116451,51.86522603,32.4046731,1
01:19:41,3.113,3.116452,51.84519291,32.34948218,1
01:19:42,3.112,3.116452,51.82515979,32.2856158,1
01:19:43,3.112,3.115973,51.80512667,32.22710788,1
01:19:44,3.112,3.115737,51.78509355,32.17143714,1
01:19:45,3.112,3.115621,51.76506,32.11659193,1
01:19:46,3.112,3.115564,51.7450273,32.06239939,1
01:19:47,3.151,3.159978,51.7450273,31.97641969,1
01:19:48,3.157,3.158381,51.7450273,31.9631815,1
01:19:49,3.158,3.160454,51.7450273,31.93967044,1
01:19:50,3.16,3.161955,51.7450273,31.92093372,1
01:19:51,3.164,3.16365,51.7450273,31.92428648,1
01:19:52,3.165,3.166394,51.7450273,31.910941,1
01:19:53,3.165,3.168226,51.7450273,31.88030422,1
01:19:54,3.165,3.169132,51.7450273,31.84063137,1
01:19:55,3.167,3.16958,51.7450273,31.81608915,1
01:19:56,3.172,3.170755,51.7450273,31.82806373,1
01:19:57,3.172,3.173718,51.7450273,31.81160688,1
01:19:58,3.172,3.175182,51.7450273,31.78117275,1
01:19:59,3.173,3.1759,51.7450273,31.75348639,1
01:20:00,3.173,3.176725,51.7450273,31.71800375,1
01:20:01,3.173,3.177125,51.7450273,31.67880774,1
01:20:02,3.173,3.177315,51.7450273,31.63792491,1
01:20:03,3.173,3.177401,51.7450273,31.59636557,1
01:20:04,3.174,3.177434,51.7450273,31.56403303,1
01:20:05,3.176,3.177921,51.7450273,31.54599965,1
01:20:06,3.179,3.179112,51.7450273,31.5449506,1
01:20:07,3.179,3.181131,51.7450273,31.52518868,1
01:20:08,3.179,3.182124,51.7450273,31.49593771,1
01:20:09,3.179,3.182609,51.7450273,31.4625442,1
01:20:10,3.18,3.182842,51.7450273,31.43624067,1
01:20:11,3.18,3.18343,51.7450273,31.4042896,1
01:20:12,3.18,3.183714,51.7450273,31.3698858,1
01:20:13,3.18,3.183848,51.7450273,31.33439124,1
01:20:14,3.18,3.183908,51.7450273,31.2984705,1
01:20:15,3.18,3.183931,51.7450273,31.26245737,1
01:20:16,3.18,3.183936,51.7450273,31.22650981,1
01:20:17,3.18,3.183931,51.7450273,31.19071126,1
01:20:18,3.18,3.183923,51.7450273,31.15509152,1
01:20:19,3.18,3.183912,51.7450273,31.11967146,1
01:20:20,3.18,3.1839,51.7450273,31.08445704,1
01:20:21,3.18,3.183888,51.7450273,31.04973,1
01:20:22,3.182,3.183876,51.7450273,31.03282452,1
01:20:23,3.183,3.184822,51.7450273,31.01660609,1
01:20:24,3.184,3.185764,51.7450273,31.0007602,1
01:20:25,3.185,3.186704,51.7450273,30.98551631,1
01:20:26,3.186,3.187644,51.7450273,30.97086549,1
01:20:27,3.186,3.188583,51.7450273,30.9478879,1
01:20:28,3.186,3.189044,51.7450273,30.92108965,1
01:20:29,3.186,3.189267,51.7450273,30.89228,1
01:20:30,3.186,3.189372,51.7450273,30.86231351,1
01:20:31,3.186,3.18942,51.7450273,30.83209097,1
01:20:32,3.186,3.189438,51.7450273,30.80206513,1
01:20:33,3.186,3.189442,51.7450273,30.77173829,1
01:20:34,3.186,3.189439,51.7450273,30.74158132,1
01:20:35,3.186,3.189432,51.7450273,30.71158826,1
01:20:36,3.187,3.189424,51.7450273,30.69046736,1
01:20:37,3.186,3.189894,51.7450273,30.65662,1
01:20:38,3.187,3.189644,51.7450273,30.63370287,1
01:20:39,3.187,3.189994,51.7450273,30.60801625,1
01:20:40,3.187,3.190163,51.7450273,30.58061302,1
01:20:41,3.187,3.190242,51.7450273,30.55264354,1
01:20:42,3.187,3.190276,51.7450273,30.52446544,1
01:20:43,3.187,3.190289,51.7450273,30.49625456,1
01:20:44,3.187,3.190291,51.7450273,30.46809733,1
01:20:45,3.187,3.190287,51.7450273,30.44004142,1
01:20:46,3.187,3.190281,51.7450273,30.4121,1
01:20:47,3.187,3.190274,51.7450273,30.38429022,1
01:20:48,3.187,3.190266,51.7450273,30.35660982,1
01:20:49,3.187,3.190257,51.7450273,30.32928705,1
01:20:50,3.173,3.175499,51.73835158,30.30143678,1
01:20:51,3.173,3.17554,51.73167586,30.27333021,1
01:20:52,3.173,3.175556,51.72500014,30.24515212,1
01:20:53,3.172,3.175561,51.71832442,30.20885587,1
01:20:54,3.172,3.17508,51.7116487,30.17631471,1
01:20:55,3.172,3.174838,51.70497298,30.14591336,1
01:20:56,3.171,3.174713,51.69829726,30.10829389,1
01:20:57,3.168,3.174168,51.69162154,30.05037,1
01:20:58,3.166,3.172457,51.68494582,29.99068201,1
01:20:59,3.165,3.170644,51.6782701,29.9372524,1
01:21:00,3.165,3.169261,51.67159438,29.89547253,1
01:21:01,3.165,3.168571,51.66491866,29.85949814,1
01:21:02,3.165,3.168224,51.65824294,29.82645631,1
01:21:03,3.165,3.168048,51.65156722,29.79492843,1
01:21:04,3.165,3.167956,51.6448915,29.76421118,1
01:21:05,3.165,3.167906,51.63821578,29.73395586,1
01:21:06,3.165,3.167877,51.63154006,29.70398664,1
01:21:07,3.165,3.167858,51.62486434,29.67422009,1
01:21:08,3.165,3.167845,51.61818862,29.64461148,1
01:21:09,3.165,3.167834,51.6115129,29.61513996,1
01:21:10,3.165,3.167825,51.60483718,29.58579361,1
01:21:11,3.165,3.167816,51.59816146,29.5565635,1
01:21:12,3.165,3.167808,51.59148574,29.52744961,1
01:21:13,3.165,3.167799,51.58481002,29.49844897,1
01:21:14,3.164,3.167792,51.5781343,29.4618547,1
01:21:15,3.164,3.167303,51.57145858,29.42883968,1
01:21:16,3.164,3.167058,51.56478286,29.39788997,1
01:21:17,3.164,3.166931,51.55810714,29.36802,1
01:21:18,3.164,3.166865,51.55143142,29.33873236,1
01:21:19,3.164,3.166828,51.5447557,29.30979133,1
01:21:20,3.164,3.166806,51.53807998,29.28107381,1
01:21:21,3.164,3.166791,51.53140426,29.2525202,1
01:21:22,3.164,3.16678,51.52472854,29.22409773,1
01:21:23,3.164,3.16677,51.51805282,29.19579446,1
01:21:24,3.164,3.166761,51.5113771,29.16760147,1
01:21:25,3.164,3.166753,51.50470138,29.13951278,1
01:21:26,3.164,3.166746,51.49802566,29.11152542,1
01:21:27,3.164,3.166738,51.49134994,29.0836364,1
01:21:28,3.164,3.166731,51.48467422,29.05584872,1
01:21:29,3.164,3.166723,51.4779985,29.02815938,1
01:21:30,3.164,3.166716,51.47132277,29.00057,1
01:21:31,3.163,3.166708,51.46464705,28.96538973,1
01:21:32,3.163,3.166221,51.45797133,28.93422544,1
01:21:33,3.163,3.165975,51.45129561,28.9046824,1
01:21:34,3.163,3.16585,51.44461989,28.87619138,1
01:21:35,3.163,3.165784,51.43794417,28.84827,1
01:21:36,3.163,3.165748,51.43126845,28.82067263,1
01:21:37,3.163,3.165726,51.42459273,28.79329026,1
01:21:38,3.163,3.165712,51.41791701,28.7660569,1
01:21:39,3.163,3.165701,51.41124129,28.73894274,1
01:21:40,3.162,3.165693,51.40456557,28.70438397,1
01:21:41,3.162,3.165204,51.39788985,28.67356241,1
01:21:42,3.162,3.164958,51.39121413,28.64463925,1
01:21:43,3.161,3.164833,51.38453841,28.60919237,1
01:21:44,3.161,3.164286,51.37786269,28.5779,1
01:21:45,3.161,3.164011,51.37118697,28.54871452,1
01:21:46,3.161,3.163871,51.36451125,28.52061391,1
01:21:47,3.16,3.163798,51.35783553,28.4856528,1
01:21:48,3.16,3.163278,51.35115981,28.45461667,1
01:21:49,3.16,3.163016,51.34448409,28.425771,1
01:21:50,3.16,3.162883,51.33780837,28.39766443,1
01:21:51,3.16,3.162812,51.33113265,28.37034762,1
01:21:52,3.16,3.162775,51.32445693,28.34309638,1
01:21:53,3.16,3.162752,51.31778121,28.31610143,1
01:21:54,3.159,3.162738,51.31110549,28.28192413,1
01:21:55,3.159,3.162246,51.30442977,28.25142443,1
01:21:56,3.159,3.161999,51.29775405,28.22279036,1
01:21:57,3.159,3.161873,51.29107833,28.19512188,1
01:21:58,3.159,3.161807,51.28440261,28.16797495,1
01:21:59,3.159,3.16177,51.27772689,28.14112902,1
01:22:00,3.159,3.161749,51.27105117,28.11447382,1
01:22:01,3.159,3.161735,51.26437545,28.08795273,1
01:22:02,3.159,3.161725,51.25769973,28.06154191,1
01:22:03,3.158,3.161716,51.25102401,28.0279994,1
01:22:04,3.158,3.161228,51.24434829,27.99803019,1
01:22:05,3.158,3.160982,51.23767257,27.96987593,1
01:22:06,3.158,3.160857,51.23099685,27.94266045,1
01:22:07,3.158,3.160791,51.22432113,27.91595161,1
01:22:08,3.158,3.160755,51.21764541,27.88953483,1
01:22:09,3.158,3.160734,51.21096969,27.86330283,1
01:22:10,3.158,3.16072,51.20429397,27.83719897,1
01:22:11,3.158,3.16071,51.19761825,27.81120241,1
01:22:12,3.158,3.160702,51.19094253,27.78529525,1
01:22:13,3.158,3.160695,51.18426681,27.75947154,1
01:22:14,3.158,3.160688,51.17759109,27.73372531,1
01:22:15,3.158,3.160681,51.17091537,27.70805955,1
01:22:16,3.158,3.160675,51.16423965,27.6824683,1
01:22:17,3.158,3.160668,51.15756392,27.65713,1
01:22:18,3.158,3.160662,51.1508882,27.63159871,1
01:22:19,3.158,3.160656,51.14421248,27.60618925,1
01:22:20,3.158,3.160649,51.13753676,27.58087516,1
01:22:21,3.158,3.160644,51.13086104,27.55564153,1
01:22:22,3.158,3.160637,51.12418532,27.53048837,1
01:22:23,3.158,3.160631,51.1175096,27.50540674,1
01:22:24,3.158,3.160625,51.11083388,27.48039365,1
01:22:25,3.158,3.160619,51.10415816,27.45545506,1
01:22:26,3.158,3.160613,51.09748244,27.43058801,1
01:22:27,3.158,3.160607,51.09080672,27.40578949,1
01:22:28,3.158,3.160601,51.084131,27.38105953,1
01:22:29,3.158,3.160595,51.07745528,27.35639811,1
01:22:30,3.158,3.160589,51.07077956,27.33180225,1
01:22:31,3.158,3.160583,51.06410384,27.30727792,1
01:22:32,3.158,3.160578,51.05742812,27.28281617,1
01:22:33,3.158,3.160571,51.0507524,27.25842297,1
01:22:34,3.158,3.160566,51.04407668,27.23409534,1
01:22:35,3.158,3.16056,51.03740096,27.20983326,1
01:22:36,3.158,3.160554,51.03072524,27.18563676,1
01:22:37,3.158,3.160548,51.02404952,27.16150582,1
01:22:38,3.158,3.160543,51.0173738,27.13760138,1
01:22:39,3.158,3.160537,51.01069808,27.11351812,1
01:22:40,3.158,3.160532,51.00402236,27.08953917,1
01:22:41,3.158,3.160526,50.99734664,27.06564069,1
01:22:42,3.158,3.16052,50.99067092,27.04182,1
01:22:43,3.158,3.160515,50.9839952,27.01822221,1
01:22:44,3.158,3.16051,50.97731948,26.99444592,1
01:22:45,3.158,3.160504,50.97064376,26.97077394,1
01:22:46,3.158,3.160498,50.96396804,26.9471854,1
01:22:47,3.158,3.160493,50.95729232,26.9236654,1
01:22:48,3.158,3.160487,50.9506166,26.90021098,1
01:22:49,3.158,3.160482,50.94394088,26.87697709,1
01:22:50,3.158,3.160477,50.93726516,26.85356736,1
01:22:51,3.158,3.160471,50.93058944,26.83025599,1
01:22:52,3.158,3.160466,50.92391372,26.80718303,1
01:22:53,3.158,3.160461,50.917238,26.7839402,1
01:22:54,3.158,3.160456,50.91056228,26.76079571,1
01:22:55,3.158,3.16045,50.90388656,26.7377317,1
01:22:56,3.158,3.160445,50.89721084,26.71473622,1
01:22:57,3.158,3.16044,50.89053512,26.69180334,1
01:22:58,3.158,3.160434,50.8838594,26.66908503,1
01:22:59,3.158,3.16043,50.87718368,26.64619088,1
01:23:00,3.158,3.160424,50.87050796,26.62338912,1
01:23:01,3.158,3.160419,50.86383224,26.60081685,1
01:23:02,3.158,3.160414,50.85715652,26.57808065,1
01:23:03,3.158,3.160409,50.85048079,26.5555948,1
01:23:04,3.158,3.160404,50.84380507,26.53295696,1
01:23:05,3.158,3.160399,50.83712935,26.51057,1
01:23:06,3.158,3.160394,50.83045363,26.48819089,1
01:23:07,3.158,3.160389,50.82377791,26.46568418,1
01:23:08,3.158,3.160384,50.81710219,26.44329369,1
01:23:09,3.158,3.160379,50.81042647,26.42098367,1
01:23:10,3.158,3.160374,50.80375075,26.3987422,1
01:23:11,3.158,3.160369,50.79707503,26.37671232,1
01:23:12,3.158,3.160364,50.79039931,26.35466456,1
01:23:13,3.158,3.16036,50.78372359,26.33247972,1
01:23:14,3.158,3.160355,50.77704787,26.31040215,1
01:23:15,3.158,3.16035,50.77037215,26.28840208,1
01:23:16,3.158,3.160345,50.76369643,26.26646459,1
01:23:17,3.158,3.160341,50.75702071,26.24458373,1
01:23:18,3.158,3.160336,50.75034499,26.22290552,1
01:23:19,3.158,3.160331,50.74366927,26.20106041,1
01:23:20,3.158,3.160326,50.73699355,26.17929876,1
01:23:21,3.158,3.160321,50.73031783,26.15760565,1
01:23:22,3.158,3.160317,50.72364211,26.13597,1
01:23:23,3.158,3.160312,50.71696639,26.11438632,1
01:23:24,3.158,3.160308,50.71029067,26.09285116,1
01:23:25,3.158,3.160303,50.70361495,26.0715127,1
01:23:26,3.158,3.160299,50.69693923,26.05000138,1
01:23:27,3.158,3.160294,50.69026351,26.02857351,1
01:23:28,3.158,3.160289,50.68358779,26.00721121,1
01:23:29,3.158,3.160285,50.67691207,25.98590553,1
01:23:30,3.158,3.16028,50.67023635,25.96479356,1
01:23:31,3.158,3.160276,50.66356063,25.9435147,1
01:23:32,3.158,3.160271,50.65688491,25.92231929,1
01:23:33,3.158,3.160267,50.65020919,25.90118647,1
01:23:34,3.158,3.160262,50.64353347,25.88010728,1
01:23:35,3.158,3.160258,50.63685775,25.85907876,1
01:23:36,3.158,3.160253,50.63018203,25.83809793,1
01:23:37,3.158,3.160249,50.62350631,25.81715882,1
01:23:38,3.158,3.160245,50.61683059,25.79626441,1
01:23:39,3.158,3.16024,50.61015487,25.77556074,1
01:23:40,3.158,3.160236,50.60347915,25.75468719,1
01:23:41,3.158,3.160232,50.59680343,25.73389113,1
01:23:42,3.158,3.160227,50.59012771,25.71315467,1
01:23:43,3.158,3.160223,50.58345199,25.69246888,1
01:23:44,3.158,3.160218,50.57677627,25.67197382,1
01:23:45,3.158,3.160214,50.57010055,25.65131485,1
01:23:46,3.158,3.16021,50.56342483,25.63087046,1
01:23:47,3.158,3.160206,50.55674911,25.61027706,1
01:23:48,3.158,3.160202,50.55007339,25.58977008,1
01:23:49,3.158,3.160197,50.54339767,25.56932569,1
01:23:50,3.158,3.160193,50.53672194,25.54893196,1
01:23:51,3.158,3.160189,50.53004622,25.52858591,1
01:23:52,3.158,3.160185,50.5233705,25.50828159,1
01:23:53,3.158,3.160181,50.51669478,25.48801899,1
01:23:54,3.158,3.160177,50.51001906,25.46779811,1
01:23:55,3.158,3.160173,50.50334334,25.44761598,1
01:23:56,3.158,3.160168,50.49666762,25.42747557,1
01:23:57,3.158,3.160164,50.4899919,25.40751398,1
01:23:58,3.158,3.16016,50.48331618,25.38738549,1
01:23:59,3.158,3.160156,50.47664046,25.3673315,1
01:24:00,3.158,3.160152,50.46996474,25.34733117,1
01:24:01,3.158,3.160148,50.46328902,25.32751262,1
01:24:02,3.158,3.160144,50.4566133,25.30753911,1
01:24:03,3.158,3.16014,50.44993758,25.28763711,1
01:24:04,3.158,3.160136,50.44326186,25.26779,1
01:24:05,3.158,3.160132,50.43658614,25.24799109,1
01:24:06,3.158,3.160128,50.42991042,25.22823215,1
01:24:07,3.158,3.160124,50.4232347,25.20851493,1
01:24:08,3.158,3.16012,50.41655898,25.18896759,1
01:24:09,3.158,3.160117,50.40988326,25.16925931,1
01:24:10,3.158,3.160113,50.40320754,25.14962256,1
01:24:11,3.158,3.160109,50.39653182,25.13003945,1
01:24:12,3.158,3.160105,50.3898561,25.11050403,1
01:24:13,3.158,3.160101,50.38318038,25.09100437,1
01:24:14,3.158,3.160097,50.37650466,25.07167757,1
01:24:15,3.158,3.160093,50.36982894,25.05219281,1
01:24:16,3.158,3.16009,50.36315322,25.03290474,1
01:24:17,3.158,3.160085,50.3564775,25.01347661,1
01:24:18,3.158,3.160082,50.34980178,24.99412149,1
01:24:19,3.158,3.160078,50.34312606,24.97482598,1
01:24:20,3.158,3.160074,50.33645034,24.95557666,1
01:24:21,3.158,3.16007,50.32977462,24.93636608,1
01:24:22,3.158,3.160067,50.3230989,24.91719127,1
01:24:23,3.158,3.160063,50.31642318,24.89805,1
01:24:24,3.158,3.160059,50.30974746,24.87894744,1
01:24:25,3.158,3.160056,50.30307174,24.85987842,1
01:24:26,3.158,3.160052,50.29639602,24.84084219,1
01:24:27,3.158,3.160048,50.2897203,24.82184172,1
01:24:28,3.158,3.160045,50.28304458,24.80287403,1
01:24:29,3.158,3.160041,50.27636886,24.78394061,1
01:24:30,3.157,3.160037,50.26969314,24.75922704,1
01:24:31,3.158,3.15955,50.26301742,24.74321276,1
01:24:32,3.158,3.15979,50.2563417,24.7257933,1
01:24:33,3.158,3.159907,50.24966598,24.70769435,1
01:24:34,3.157,3.159964,50.24299026,24.68328774,1
01:24:35,3.157,3.159506,50.23631454,24.66163933,1
01:24:36,3.157,3.159277,50.22963881,24.64151829,1
01:24:37,3.158,3.159162,50.22296309,24.62795675,1
01:24:38,3.157,3.159586,50.21628737,24.60576296,1
01:24:39,3.157,3.159311,50.20961165,24.5852828,1
01:24:40,3.158,3.159173,50.20293593,24.57169592,1
01:24:41,3.157,3.159587,50.19626021,24.54956621,1
01:24:42,3.157,3.159306,50.18958449,24.52916503,1
01:24:43,3.157,3.159165,50.18290877,24.50963557,1
01:24:44,3.157,3.159093,50.17623305,24.49055314,1
01:24:45,3.157,3.159056,50.16955733,24.47170913,1
01:24:46,3.157,3.159036,50.16288161,24.45299774,1
01:24:47,3.157,3.159024,50.15620589,24.4343698,1
01:24:48,3.157,3.159016,50.14953017,24.41592366,1
01:24:49,3.157,3.15901,50.14285445,24.39733595,1
01:24:50,3.158,3.159006,50.13617873,24.3847236,1
01:24:51,3.157,3.159486,50.12950301,24.36340004,1
01:24:52,3.157,3.159239,50.12282729,24.3435517,1
01:24:53,3.157,3.159114,50.11615157,24.32445288,1
01:24:54,3.157,3.159051,50.10947585,24.30574,1
01:24:55,3.157,3.159017,50.10280013,24.28723574,1
01:24:56,3.157,3.158999,50.09612441,24.2688477,1
01:24:57,3.157,3.158988,50.08944869,24.25053418,1
01:24:58,3.157,3.158981,50.08277297,24.2322728,1
01:24:59,3.157,3.158976,50.07609725,24.21405017,1
01:25:00,3.157,3.158972,50.06942153,24.1958648,1
01:25:01,3.157,3.158968,50.06274581,24.17771071,1
01:25:02,3.157,3.158965,50.05607009,24.15958494,1
01:25:03,3.157,3.158961,50.04939437,24.14149195,1
01:25:04,3.157,3.158957,50.04271865,24.12354946,1
01:25:05,3.157,3.158954,50.03604293,24.10545498,1
01:25:06,3.157,3.158951,50.02936721,24.0874216,1
01:25:07,3.157,3.158947,50.02269149,24.06955212,1
01:25:08,3.157,3.158944,50.01601577,24.0516603,1
01:25:09,3.157,3.158941,50.00934005,24.03364778,1
01:25:10,3.157,3.158938,50.00266433,24.01570976,1
01:25:11,3.157,3.158934,49.99598563,23.99782389,1
01:25:12,3.157,3.158931,49.98930693,23.97997677,1
01:25:13,3.157,3.158928,49.98262823,23.96216542,1
01:25:14,3.157,3.158925,49.97594953,23.94438386,1
01:25:15,3.157,3.158921,49.96927083,23.92663211,1
01:25:16,3.157,3.158918,49.96259212,23.90890718,1
01:25:17,3.157,3.158915,49.95591342,23.89121,1
01:25:18,3.157,3.158912,49.94923472,23.87354225,1
01:25:19,3.157,3.158908,49.94255602,23.85590225,1
01:25:20,3.157,3.158905,49.93587732,23.83828908,1
01:25:21,3.157,3.158902,49.92919862,23.82070273,1
01:25:22,3.157,3.158899,49.92251992,23.8031432,1
01:25:23,3.157,3.158896,49.91584122,23.7856105,1
01:25:24,3.156,3.158893,49.90916252,23.76238406,1
01:25:25,3.156,3.158406,49.90248382,23.74195606,1
01:25:26,3.156,3.158162,49.89580512,23.72293174,1
01:25:27,3.156,3.15804,49.88912642,23.70461673,1
01:25:28,3.156,3.157977,49.88244772,23.68666828,1
01:25:29,3.155,3.157945,49.87576902,23.66321981,1
01:25:30,3.155,3.157443,49.86909032,23.6427933,1
01:25:31,3.155,3.157192,49.86241162,23.62358868,1
01:25:32,3.155,3.157066,49.85573292,23.60527515,1
01:25:33,3.155,3.157002,49.84905422,23.58716279,1
01:25:34,3.154,3.156968,49.84237552,23.56359661,1
01:25:35,3.154,3.156466,49.83569682,23.54292572,1
01:25:36,3.154,3.156214,49.82901812,23.52370173,1
01:25:37,3.154,3.156088,49.82233942,23.50521,1
01:25:38,3.153,3.156024,49.81566072,23.4814465,1
01:25:39,3.153,3.155506,49.80898201,23.46062213,1
01:25:40,3.153,3.155247,49.8023,23.4412685,1
01:25:41,3.153,3.155117,49.79562461,23.42279404,1
01:25:42,3.153,3.155051,49.78894591,23.40450734,1
01:25:43,3.153,3.155016,49.78226721,23.38645756,1
01:25:44,3.153,3.154998,49.77558851,23.36853743,1
01:25:45,3.153,3.154987,49.76890981,23.35069329,1
01:25:46,3.152,3.154979,49.76223111,23.32728952,1
01:25:47,3.152,3.15449,49.75555241,23.30664545,1
01:25:48,3.152,3.154246,49.74887371,23.28738719,1
01:25:49,3.152,3.154123,49.74219501,23.26896042,1
01:25:50,3.152,3.15406,49.73551631,23.25070202,1
01:25:51,3.152,3.154027,49.72883761,23.23266864,1
01:25:52,3.151,3.154009,49.72215891,23.20916653,1
01:25:53,3.151,3.153514,49.71548021,23.18845391,1
01:25:54,3.151,3.153267,49.70880151,23.16913754,1
01:25:55,3.151,3.153142,49.70212281,23.15052897,1
01:25:56,3.151,3.153079,49.69544411,23.1322825,1
01:25:57,3.151,3.153045,49.68876541,23.11423123,1
01:25:58,3.151,3.153027,49.68208671,23.09629023,1
01:25:59,3.151,3.153017,49.67540801,23.07841629,1
01:26:00,3.151,3.15301,49.66872931,23.06058854,1
01:26:01,3.151,3.153005,49.6620506,23.04279804,1
01:26:02,3.151,3.153001,49.6553719,23.02503735,1
01:26:03,3.151,3.152997,49.6486932,23.00730497,1
01:26:04,3.151,3.152994,49.6420145,22.9896009,1
01:26:05,3.151,3.152991,49.6353358,22.97192216,1
01:26:06,3.151,3.152987,49.6286571,22.95427024,1
01:26:07,3.151,3.152984,49.6219784,22.93664217,1
01:26:08,3.151,3.152981,49.6152997,22.91916311,1
01:26:09,3.151,3.152978,49.608621,22.90152758,1
01:26:10,3.151,3.152975,49.6019423,22.88394868,1
01:26:11,3.151,3.152972,49.5952636,22.86640704,1
01:26:12,3.151,3.152969,49.58858,22.84889966,1
01:26:13,3.151,3.152966,49.5819062,22.8314206,1
01:26:14,3.151,3.152963,49.5752275,22.81396687,1
01:26:15,3.151,3.152959,49.5685488,22.79653996,1
01:26:16,3.151,3.152956,49.5618701,22.77913839,1
01:26:17,3.151,3.152953,49.5551914,22.76176065,1
01:26:18,3.151,3.152951,49.5485127,22.74440676,1
01:26:19,3.151,3.152947,49.541834,22.72707671,1
01:26:20,3.151,3.152944,49.5351553,22.70977199,1
01:26:21,3.151,3.152941,49.5284766,22.6924926,1
01:26:22,3.151,3.152938,49.5217979,22.67535627,1
01:26:23,3.151,3.152936,49.51511919,22.65806347,1
01:26:24,3.151,3.152932,49.50844049,22.64082432,1
01:26:25,3.151,3.152929,49.50176179,22.62362391,1
01:26:26,3.151,3.152926,49.49508309,22.60645777,1
01:26:27,3.151,3.152923,49.48840439,22.58931547,1
01:26:28,3.151,3.15292,49.48172569,22.5722,1
01:26:29,3.151,3.152918,49.47504699,22.55510688,1
01:26:30,3.151,3.152915,49.46836829,22.5380376,1
01:26:31,3.151,3.152912,49.46168959,22.52099216,1
01:26:32,3.151,3.152909,49.45501089,22.50397056,1
01:26:33,3.151,3.152906,49.44833219,22.48696983,1
01:26:34,3.151,3.152903,49.44165349,22.46999443,1
01:26:35,3.151,3.1529,49.43497479,22.45304137,1
01:26:36,3.151,3.152897,49.42829609,22.43622839,1
01:26:37,3.151,3.152894,49.42161739,22.41926342,1
01:26:38,3.151,3.152891,49.41493869,22.4023506,1
01:26:39,3.151,3.152889,49.40825999,22.38547057,1
01:26:40,3.151,3.152886,49.40158129,22.36862,1
01:26:41,3.151,3.152883,49.39490259,22.35179991,1
01:26:42,3.151,3.15288,49.38822389,22.33500183,1
01:26:43,3.151,3.152877,49.38154519,22.3182261,1
01:26:44,3.151,3.152874,49.37487,22.30147421,1
01:26:45,3.15,3.152871,49.36818779,22.27937132,1
01:26:46,3.151,3.152384,49.36150908,22.26526737,1
01:26:47,3.151,3.152625,49.35483038,22.24987298,1
01:26:48,3.15,3.152743,49.34815168,22.2286582,1
01:26:49,3.15,3.152316,49.34147298,22.20950574,1
01:26:50,3.15,3.152102,49.33479428,22.19154388,1
01:26:51,3.15,3.151994,49.32811558,22.17418253,1
01:26:52,3.164,3.166244,49.32811558,22.16217816,1
01:26:53,3.165,3.166292,49.32811558,22.15527147,1
01:26:54,3.165,3.1668,49.32811558,22.14565575,1
01:26:55,3.165,3.167052,49.32811558,22.1347034,1
01:26:56,3.167,3.167175,49.32811558,22.13378102,1
01:26:57,3.171,3.168206,49.32811558,22.1487686,1
01:26:58,3.172,3.170656,49.32811558,22.15595841,1
01:26:59,3.172,3.172358,49.32811558,22.1540466,1
01:27:00,3.172,3.173203,49.32811558,22.14762866,1
01:27:01,3.173,3.173621,49.32811558,22.14431465,1
01:27:02,3.173,3.174313,49.32811558,22.1373111,1
01:27:03,3.173,3.174655,49.32811558,22.12848216,1
01:27:04,3.173,3.174825,49.32811558,22.11886495,1
01:27:05,3.173,3.174908,49.32811558,22.10863978,1
01:27:06,3.173,3.174948,49.32811558,22.09823132,1
01:27:07,3.173,3.174967,49.32811558,22.0877409,1
01:27:08,3.173,3.174976,49.32811558,22.07721621,1
01:27:09,3.173,3.17498,49.32811558,22.06680179,1
01:27:10,3.173,3.17498,49.32811558,22.05621004,1
01:27:11,3.173,3.17498,49.32811558,22.04565555,1
01:27:12,3.173,3.174978,49.32811558,22.03512788,1
01:27:13,3.173,3.174977,49.32811558,22.02461958,1
01:27:14,3.173,3.174975,49.32811558,22.01412916,1
01:27:15,3.174,3.174974,49.32811558,22.00895846,1
01:27:16,3.174,3.175457,49.32811558,22.00122774,1
01:27:17,3.176,3.175696,49.32811558,22.00284,1
01:27:18,3.177,3.176784,49.32811558,22.00397253,1
01:27:19,3.178,3.177809,49.32811558,22.00499028,1
01:27:20,3.179,3.178802,49.32811558,22.00604081,1
01:27:21,3.179,3.17978,49.32811558,22.00189978,1
01:27:22,3.179,3.180265,49.32811558,21.99518979,1
01:27:23,3.179,3.180505,49.32811558,21.98721021,1
01:27:24,3.179,3.180623,49.32811558,21.97860777,1
01:27:25,3.179,3.180681,49.32811558,21.9697,1
01:27:26,3.179,3.180709,49.32811558,21.9606474,1
01:27:27,3.179,3.180723,49.32811558,21.95152789,1
01:27:28,3.179,3.180729,49.32811558,21.94238007,1
01:27:29,3.179,3.180731,49.32811558,21.9332248,1
01:27:30,3.18,3.180731,49.32811558,21.92936093,1
01:27:31,3.18,3.181216,49.32811558,21.92293555,1
01:27:32,3.18,3.181456,49.32811558,21.91524357,1
01:27:33,3.18,3.181574,49.32811558,21.90692872,1
01:27:34,3.18,3.181632,49.32811558,21.8983084,1
01:27:35,3.18,3.18166,49.32811558,21.88954,1
01:27:36,3.18,3.181674,49.32811558,21.88071012,1
01:27:37,3.18,3.181679,49.32811558,21.87184989,1
01:27:38,3.18,3.181682,49.32811558,21.86298221,1
01:27:39,3.18,3.181682,49.32811558,21.85411,1
01:27:40,3.18,3.181682,49.32811558,21.84525281,1
01:27:41,3.18,3.181681,49.32811558,21.83650285,1
01:27:42,3.18,3.181679,49.32811558,21.82760835,1
01:27:43,3.18,3.181678,49.32811558,21.81874961,1
01:27:44,3.18,3.181677,49.32811558,21.80991322,1
01:27:45,3.18,3.181675,49.32811558,21.80109322,1
01:27:46,3.18,3.181674,49.32811558,21.79228812,1
01:27:47,3.18,3.181673,49.32811558,21.78349,1
01:27:48,3.18,3.181671,49.32811558,21.7747122,1
01:27:49,3.18,3.18167,49.32811558,21.76593989,1
01:27:50,3.18,3.181669,49.32811558,21.75717801,1
01:27:51,3.18,3.181667,49.32811558,21.74842656,1
01:27:52,3.18,3.181666,49.32811558,21.73968554,1
01:27:53,3.18,3.181664,49.32811558,21.73095495,1
01:27:54,3.157,3.1531,49.31476116,21.73805,1
01:27:55,3.151,3.155352,49.30140674,21.70187831,1
01:27:56,3.148,3.153563,49.28805232,21.65937573,1
01:27:57,3.143,3.151218,49.2746979,21.60300612,1
01:27:58,3.143,3.147628,49.26134348,21.56546563,1
01:27:59,3.143,3.145841,49.24798906,21.53728455,1
01:28:00,3.143,3.144952,49.23463464,21.51375562,1
01:28:01,3.139,3.144508,49.22128022,21.47172093,1
01:28:02,3.136,3.142347,49.2079258,21.42535746,1
01:28:03,3.136,3.139817,49.19457138,21.39218301,1
01:28:04,3.136,3.138557,49.18121696,21.36556506,1
01:28:05,3.135,3.13793,49.16786253,21.33703381,1
01:28:06,3.135,3.137131,49.15450811,21.31356597,1
01:28:07,3.133,3.136733,49.14115369,21.28380239,1
01:28:08,3.132,3.135563,49.12779927,21.25588506,1
01:28:09,3.13,3.134495,49.11444485,21.22463733,1
01:28:10,3.129,3.132996,49.10109043,21.19614035,1
01:28:11,3.129,3.131764,49.08773601,21.17227614,1
01:28:12,3.129,3.13115,49.07438159,21.15076333,1
01:28:13,3.129,3.130843,49.06102717,21.12987936,1
01:28:14,3.129,3.130689,49.04767275,21.1089775,1
01:28:15,3.128,3.130611,49.03431833,21.08314484,1
01:28:16,3.128,3.130085,49.02096391,21.05963379,1
01:28:17,3.127,3.129823,49.00760949,21.03240937,1
01:28:18,3.125,3.129206,48.99426,20.99830657,1
01:28:19,3.124,3.127927,48.98090065,20.96579522,1
01:28:20,3.122,3.126804,48.96754622,20.92856169,1
01:28:21,3.122,3.125274,48.9541918,20.89919001,1
01:28:22,3.122,3.124511,48.94083738,20.87334991,1
01:28:23,3.122,3.124131,48.92748296,20.84944993,1
01:28:24,3.122,3.12394,48.91412854,20.82652301,1
01:28:25,3.122,3.123843,48.90077412,20.80408782,1
01:28:26,3.121,3.123793,48.8874197,20.77715993,1
01:28:27,3.121,3.123281,48.87406528,20.75252235,1
01:28:28,3.121,3.123025,48.86071086,20.72919011,1
01:28:29,3.121,3.122897,48.84735644,20.70663124,1
01:28:30,3.12,3.122831,48.83400202,20.67930251,1
01:28:31,3.118,3.122311,48.8206476,20.64475864,1
01:28:32,3.117,3.12108,48.80729318,20.61140388,1
01:28:33,3.115,3.119982,48.79393876,20.57367563,1
01:28:34,3.115,3.118462,48.78058434,20.5434069,1
01:28:35,3.114,3.117705,48.76722991,20.51197439,1
01:28:36,3.114,3.116841,48.75387549,20.48477232,1
01:28:37,3.114,3.11641,48.74052107,20.45968473,1
01:28:38,3.114,3.116193,48.72716665,20.43566108,1
01:28:39,3.114,3.116083,48.71381223,20.41217834,1
01:28:40,3.114,3.116027,48.70045781,20.38896978,1
01:28:41,3.114,3.115998,48.68710339,20.36590278,1
01:28:42,3.114,3.115982,48.67374897,20.34291029,1
01:28:43,3.113,3.115974,48.66039455,20.31509876,1
01:28:44,3.113,3.115483,48.64704013,20.28967291,1
01:28:45,3.112,3.115238,48.63368571,20.26057094,1
01:28:46,3.112,3.114629,48.62033129,20.23442835,1
01:28:47,3.111,3.114326,48.60697687,20.20489722,1
01:28:48,3.109,3.113688,48.59362245,20.16873,1
01:28:49,3.108,3.112399,48.58026803,20.13424635,1
01:28:50,3.107,3.111272,48.56691,20.09997666,1
01:28:51,3.107,3.110225,48.55355918,20.07087618,1
01:28:52,3.107,3.109705,48.54020476,20.04433721,1
01:28:53,3.107,3.109445,48.52685034,20.01922429,1
01:28:54,3.107,3.109314,48.51349592,19.99467015,1
01:28:55,3.107,3.109249,48.5001415,19.97040063,1
01:28:56,3.106,3.109215,48.48678708,19.94122118,1
01:28:57,3.106,3.108711,48.47343266,19.91459131,1
01:28:58,3.106,3.10846,48.46007824,19.88922358,1
01:28:59,3.106,3.108334,48.44672382,19.86448467,1
01:29:00,3.104,3.10827,48.4333694,19.83031332,1
01:29:01,3.102,3.107266,48.42001498,19.79161501,1
01:29:02,3.102,3.105795,48.40666056,19.75964755,1
01:29:03,3.101,3.105063,48.39330614,19.72642839,1
01:29:04,3.1,3.104213,48.37995172,19.69250739,1
01:29:05,3.1,3.103304,48.36659729,19.66303289,1
01:29:06,3.1,3.102851,48.35324287,19.63577,1
01:29:07,3.1,3.102625,48.33988845,19.60961521,1
01:29:08,3.1,3.102511,48.32653403,19.58401203,1
01:29:09,3.1,3.102454,48.31317961,19.55868751,1
01:29:10,3.099,3.102424,48.29982519,19.52883899,1
01:29:11,3.099,3.101923,48.28647077,19.50113773,1
01:29:12,3.099,3.101672,48.27311635,19.47470456,1
01:29:13,3.098,3.101547,48.25976193,19.44401562,1
01:29:14,3.097,3.100998,48.24640751,19.41138208,1
01:29:15,3.095,3.100238,48.23305309,19.37229335,1
01:29:16,3.094,3.098888,48.21969867,19.33529675,1
01:29:17,3.093,3.097731,48.20634425,19.29866523,1
01:29:18,3.092,3.09667,48.19298983,19.26241964,1
01:29:19,3.092,3.095655,48.17963541,19.23117787,1
01:29:20,3.092,3.09515,48.16628098,19.20241863,1
01:29:21,3.092,3.094898,48.15292656,19.17489618,1
01:29:22,3.092,3.094772,48.13957,19.14816201,1
01:29:23,3.091,3.094708,48.12621772,19.11657304,1
01:29:24,3.091,3.094189,48.1128633,19.08758134,1
01:29:25,3.091,3.093931,48.09950888,19.06005889,1
01:29:26,3.09,3.093801,48.08615446,19.02799457,1
01:29:27,3.088,3.093249,48.07280004,18.98920983,1
01:29:28,3.086,3.092003,48.05944562,18.94627064,1
01:29:29,3.085,3.090412,48.0460912,18.90634447,1
01:29:30,3.085,3.089135,48.03273678,18.87272447,1
01:29:31,3.085,3.088499,48.01938236,18.84223372,1
01:29:32,3.085,3.088182,48.00602794,18.81330162,1
01:29:33,3.085,3.088023,47.99267352,18.78514737,1
01:29:34,3.085,3.087944,47.9793191,18.75738353,1
01:29:35,3.084,3.087902,47.96596467,18.72516721,1
01:29:36,3.084,3.087395,47.95261025,18.69529784,1
01:29:37,3.084,3.087142,47.93925583,18.66661012,1
01:29:38,3.082,3.087015,47.92590141,18.62843782,1
01:29:39,3.081,3.08598,47.91254699,18.5908705,1
01:29:40,3.08,3.084978,47.89919257,18.55291575,1
01:29:41,3.079,3.083994,47.88583815,18.51498634,1
01:29:42,3.078,3.083019,47.87248373,18.47729534,1
01:29:43,3.078,3.082047,47.85912931,18.44396293,1
01:29:44,3.078,3.081563,47.84577489,18.41307878,1
01:29:45,3.078,3.081322,47.83242047,18.38341057,1
01:29:46,3.077,3.081201,47.81906605,18.34969968,1
01:29:47,3.077,3.080653,47.80571163,18.31853688,1
01:29:48,3.077,3.08038,47.79235721,18.28844696,1
01:29:49,3.075,3.080244,47.77900279,18.24957728,1
01:29:50,3.073,3.079203,47.76564837,18.20553392,1
01:29:51,3.072,3.077714,47.75229394,18.16402376,1
01:29:52,3.071,3.076488,47.73893952,18.12368184,1
01:29:53,3.071,3.075392,47.7255851,18.08874756,1
01:29:54,3.071,3.074846,47.71223,18.05649996,1
01:29:55,3.071,3.074574,47.69887626,18.02559346,1
01:29:56,3.071,3.074437,47.68552184,17.99536,1
01:29:57,3.07,3.074368,47.67216742,17.96054691,1
01:29:58,3.07,3.073847,47.658813,17.92829335,1
01:29:59,3.07,3.073586,47.64545858,17.89731681,1
01:30:00,3.067,3.073456,47.63210416,17.85223931,1
01:30:01,3.065,3.071933,47.61874974,17.8048104,1
01:30:02,3.064,3.070205,47.60539532,17.76095331,1
01:30:03,3.063,3.068859,47.5920409,17.71879047,1
01:30:04,3.063,3.067704,47.57868648,17.68230349,1
01:30:05,3.063,3.067129,47.56533206,17.64864028,1
01:30:06,3.063,3.066842,47.55197763,17.61638522,1
01:30:07,3.062,3.066698,47.53862321,17.5802052,1
01:30:08,3.062,3.06614,47.52526879,17.54635423,1
01:30:09,3.061,3.065861,47.51191437,17.5093025,1
01:30:10,3.059,3.065236,47.49855995,17.46501774,1
01:30:11,3.057,3.063953,47.48520553,17.41773188,1
01:30:12,3.056,3.062344,47.47185111,17.37288982,1
01:30:13,3.056,3.061058,47.45849669,17.33452678,1
01:30:14,3.056,3.060417,47.44514227,17.29936898,1
01:30:15,3.056,3.060098,47.43178785,17.26605594,1
01:30:16,3.055,3.059938,47.41843343,17.22820848,1
01:30:17,3.055,3.059371,47.40507901,17.19351,1
01:30:18,3.055,3.059089,47.39172459,17.15984195,1
01:30:19,3.053,3.058947,47.37837017,17.11705327,1
01:30:20,3.05,3.057904,47.36501575,17.0646444,1
01:30:21,3.05,3.055929,47.35166132,17.02201813,1
01:30:22,3.049,3.054946,47.3383069,16.97931588,1
01:30:23,3.049,3.053971,47.32495248,16.9414252,1
01:30:24,3.049,3.053485,47.31159806,16.90592915,1
01:30:25,3.048,3.053243,47.29824364,16.8666929,1
01:30:26,3.048,3.052636,47.28489,16.8304503,1
01:30:27,3.047,3.052333,47.2715348,16.79076403,1
01:30:28,3.045,3.051695,47.25818038,16.74434096,1
01:30:29,3.043,3.050406,47.24482596,16.69439971,1
01:30:30,3.041,3.048794,47.23147154,16.64253473,1
01:30:31,3.041,3.047021,47.21811712,16.59979373,1
01:30:32,3.041,3.046139,47.2047627,16.56088084,1
01:30:33,3.041,3.045699,47.19140828,16.524221,1
01:30:34,3.04,3.04548,47.17805386,16.48406535,1
01:30:35,3.04,3.044884,47.16469944,16.44669175,1
01:30:36,3.04,3.044586,47.15134501,16.41043276,1
01:30:37,3.037,3.044437,47.13799059,16.36010706,1
01:30:38,3.035,3.042906,47.12463617,16.30753577,1
01:30:39,3.034,3.041173,47.11128175,16.25863612,1
01:30:40,3.034,3.039825,47.09792733,16.21642411,1
01:30:41,3.034,3.039154,47.08457291,16.17753655,1
01:30:42,3.033,3.03882,47.07121849,16.13534987,1
01:30:43,3.032,3.038167,47.05786407,16.09143764,1
01:30:44,3.03,3.037356,47.04450965,16.04163051,1
01:30:45,3.028,3.03598,47.03115523,15.9892112,1
01:30:46,3.027,3.034326,47.01780081,15.93931764,1
01:30:47,3.027,3.033017,47.00444639,15.89603573,1
01:30:48,3.027,3.032365,46.99109197,15.85602909,1
01:30:49,3.027,3.03204,46.97773755,15.81764966,1
01:30:50,3.026,3.031877,46.96438313,15.77511877,1
01:30:51,3.026,3.031309,46.9510287,15.73540717,1
01:30:52,3.024,3.031026,46.93767428,15.68716913,1
01:30:53,3.022,3.029913,46.92431986,15.63500762,1
01:30:54,3.021,3.028388,46.91096544,15.58473408,1
01:30:55,3.021,3.027144,46.89761102,15.54114372,1
01:30:56,3.049,3.05499,46.89761102,15.51115662,1
01:30:57,3.056,3.054912,46.89761102,15.5165866,1
01:30:58,3.056,3.058269,46.89761102,15.50528705,1
01:30:59,3.059,3.059936,46.89761102,15.50063044,1
01:31:00,3.062,3.062218,46.89761102,15.49954712,1
01:31:01,3.063,3.064806,46.89761102,15.4905647,1
01:31:02,3.063,3.066576,46.89761102,15.47278315,1
01:31:03,3.063,3.067454,46.89761102,15.45063555,1
01:31:04,3.064,3.067889,46.89761102,15.43153375,1
01:31:05,3.069,3.06859,46.89761102,15.43358564,1
01:31:06,3.07,3.071363,46.89761102,15.42678624,1
01:31:07,3.07,3.073225,46.89761102,15.41072279,1
01:31:08,3.071,3.074149,46.89761102,15.39505124,1
01:31:09,3.071,3.075092,46.89761102,15.37469178,1
01:31:10,3.071,3.075559,46.89761102,15.35200775,1
01:31:11,3.071,3.075791,46.89761102,15.32817185,1
01:31:12,3.071,3.075905,46.89761102,15.30376673,1
01:31:13,3.071,3.075961,46.89761102,15.27908146,1
01:31:14,3.071,3.075987,46.89761102,15.2542606,1
01:31:15,3.073,3.076,46.89761102,15.23951441,1
01:31:16,3.075,3.076976,46.89761102,15.22974223,1
01:31:17,3.077,3.07843,46.89761102,15.22255838,1
01:31:18,3.077,3.080122,46.89761102,15.20694494,1
01:31:19,3.077,3.080961,46.89761102,15.18717706,1
01:31:20,3.078,3.081377,46.89761102,15.17034322,1
01:31:21,3.078,3.082068,46.89761102,15.15007168,1
01:31:22,3.078,3.082411,46.89761102,15.12809843,1
01:31:23,3.078,3.08258,46.89761102,15.10556638,1
01:31:24,3.078,3.082663,46.89761102,15.0821954,1
01:31:25,3.078,3.082704,46.89761102,15.05869031,1
01:31:26,3.078,3.082723,46.89761102,15.03512114,1
01:31:27,3.078,3.082732,46.89761102,15.01152366,1
01:31:28,3.078,3.082735,46.89761102,14.98791575,1
01:31:29,3.078,3.082736,46.89761102,14.96430337,1
01:31:30,3.078,3.082736,46.89761102,14.94069248,1
01:31:31,3.078,3.082735,46.89761102,14.91737664,1
01:31:32,3.078,3.082733,46.89761102,14.89363015,1
01:31:33,3.078,3.082732,46.89761102,14.87025172,1
01:31:34,3.078,3.08273,46.89761102,14.84648138,1
01:31:35,3.079,3.082729,46.89761102,14.8280412,1
01:31:36,3.08,3.083212,46.89761102,14.81188983,1
01:31:37,3.081,3.083937,46.89761102,14.7971794,1
01:31:38,3.082,3.084781,46.89761102,14.78327513,1
01:31:39,3.083,3.085685,46.89761102,14.76986,1
01:31:40,3.084,3.086618,46.89761102,14.7567898,1
01:31:41,3.084,3.087566,46.89761102,14.7389859,1
01:31:42,3.084,3.088036,46.89761102,14.71908689,1
01:31:43,3.084,3.088268,46.89761102,14.69764858,1
01:31:44,3.084,3.088383,46.89761102,14.67569917,1
01:31:45,3.084,3.088439,46.89761102,14.65349942,1
01:31:46,3.084,3.088466,46.89761102,14.63117898,1
01:31:47,3.084,3.088479,46.89761102,14.60880041,1
01:31:48,3.084,3.088484,46.89761102,14.58639652,1
01:31:49,3.084,3.088486,46.89761102,14.56398219,1
01:31:50,3.084,3.088486,46.89761102,14.54156488,1
01:31:51,3.085,3.088486,46.89761102,14.52414691,1
01:31:52,3.085,3.08897,46.89761102,14.50430751,1
01:31:53,3.085,3.08921,46.89761102,14.48326707,1
01:31:54,3.085,3.089328,46.89761102,14.46163356,1
01:31:55,3.085,3.089386,46.89761102,14.43970948,1
01:31:56,3.085,3.089414,46.89761102,14.41791505,1
01:31:57,3.085,3.089427,46.89761102,14.39564675,1
01:31:58,3.085,3.089433,46.89761102,14.37341273,1
01:31:59,3.085,3.089435,46.89761102,14.35147375,1
01:32:00,3.085,3.089435,46.89761102,14.32941407,1
01:32:01,3.085,3.089434,46.89761102,14.30702507,1
01:32:02,3.085,3.089433,46.89761102,14.28501457,1
01:32:03,3.085,3.089432,46.89761102,14.26265538,1
01:32:04,3.085,3.08943,46.89761102,14.24039304,1
01:32:05,3.085,3.089429,46.89761102,14.21818137,1
01:32:06,3.085,3.089427,46.89761102,14.19599652,1
01:32:07,3.085,3.089426,46.89761102,14.17410076,1
01:32:08,3.085,3.089424,46.89761102,14.15181011,1
01:32:09,3.085,3.089422,46.89761102,14.12959546,1
01:32:10,3.085,3.089421,46.89761102,14.10769373,1
01:32:11,3.085,3.08942,46.89761102,14.08540606,1
01:32:12,3.085,3.089418,46.89761102,14.06320035,1
01:32:13,3.085,3.089416,46.89761102,14.04131055,1
01:32:14,3.085,3.089415,46.89761102,14.01903778,1
01:32:15,3.085,3.089413,46.89761102,13.99711967,1
01:32:16,3.085,3.089412,46.89761102,13.97483796,1
01:32:17,3.085,3.08941,46.89761102,13.95264715,1
01:32:18,3.085,3.089409,46.89761102,13.93077523,1
01:32:19,3.085,3.089407,46.89761102,13.9085263,1
01:32:20,3.085,3.089406,46.89761102,13.88635933,1
01:32:21,3.085,3.089404,46.89761102,13.86423409,1
01:32:22,3.085,3.089402,46.89761102,13.84213418,1
01:32:23,3.085,3.089401,46.89761102,13.82004917,1
01:32:24,3.085,3.089399,46.89761102,13.7982443,1
01:32:25,3.085,3.089398,46.89761102,13.77604306,1
01:32:26,3.085,3.089396,46.89761102,13.75391,1
01:32:27,3.086,3.089395,46.89761102,13.736853,1
01:32:28,3.086,3.089879,46.89761102,13.71761113,1
01:32:29,3.087,3.090118,46.89761102,13.70205283,1
01:32:30,3.087,3.090721,46.89761102,13.68320137,1
01:32:31,3.088,3.09102,46.89761102,13.66796941,1
01:32:32,3.088,3.091652,46.89761102,13.64958733,1
01:32:33,3.089,3.091966,46.89761102,13.63467723,1
01:32:34,3.09,3.092606,46.89761102,13.6215806,1
01:32:35,3.09,3.093408,46.89761102,13.60445619,1
01:32:36,3.091,3.093806,46.89761102,13.5903582,1
01:32:37,3.091,3.094488,46.89761102,13.57283443,1
01:32:38,3.091,3.094826,46.89761102,13.55361342,1
01:32:39,3.091,3.094992,46.89761102,13.53355199,1
01:32:40,3.091,3.095075,46.89761102,13.51333,1
01:32:41,3.091,3.095115,46.89761102,13.49252313,1
01:32:42,3.091,3.095134,46.89761102,13.47168237,1
01:32:43,3.091,3.095143,46.89761102,13.4508267,1
01:32:44,3.091,3.095146,46.89761102,13.43021989,1
01:32:45,3.091,3.095147,46.89761102,13.40923,1
01:32:46,3.091,3.095147,46.89761102,13.38831335,1
01:32:47,3.091,3.095146,46.89761102,13.36742789,1
01:32:48,3.091,3.095145,46.89761102,13.34681809,1
01:32:49,3.091,3.095144,46.89761102,13.32583874,1
01:32:50,3.091,3.095142,46.89761102,13.30493242,1
01:32:51,3.091,3.095141,46.89761102,13.28406,1
01:32:52,3.091,3.09514,46.89761102,13.26321512,1
01:32:53,3.091,3.095138,46.89761102,13.24238032,1
01:32:54,3.091,3.095136,46.89761102,13.22155446,1
01:32:55,3.092,3.095135,46.89761102,13.20577115,1
01:32:56,3.092,3.095619,46.89761102,13.18755,1
01:32:57,3.092,3.095858,46.89761102,13.16812336,1
01:32:58,3.092,3.095977,46.89761102,13.14809769,1
01:32:59,3.092,3.096035,46.89761102,13.12802732,1
01:33:00,3.092,3.096062,46.89761102,13.10744435,1
01:33:01,3.092,3.096076,46.89761102,13.08685392,1
01:33:02,3.092,3.096081,46.89761102,13.06626052,1
01:33:03,3.092,3.096083,46.89761102,13.04567158,1
01:33:04,3.092,3.096084,46.89761102,13.02508414,1
01:33:05,3.092,3.096083,46.89761102,13.00450265,1
01:33:06,3.092,3.096082,46.89761102,12.98392415,1
01:33:07,3.092,3.096081,46.89761102,12.96360344,1
01:33:08,3.092,3.09608,46.89761102,12.94291168,1
01:33:09,3.092,3.096078,46.89761102,12.92229,1
01:33:10,3.092,3.096077,46.89761102,12.90169954,1
01:33:11,3.092,3.096076,46.89761102,12.88112998,1
01:33:12,3.092,3.096074,46.89761102,12.86057383,1
01:33:13,3.092,3.096073,46.89761102,12.84027696,1
01:33:14,3.092,3.096071,46.89761102,12.81961352,1
01:33:15,3.092,3.09607,46.89761102,12.79901713,1
01:33:16,3.092,3.096068,46.89761102,12.778458,1
01:33:17,3.092,3.096067,46.89761102,12.75791824,1
01:33:18,3.092,3.096065,46.89761102,12.73739189,1
01:33:19,3.092,3.096064,46.89761102,12.71687299,1
01:33:20,3.092,3.096063,46.89761102,12.69636005,1
01:33:21,3.092,3.096061,46.89761102,12.67585456,1
01:33:22,3.092,3.09606,46.89761102,12.65535,1
01:33:23,3.092,3.096058,46.89761102,12.63485849,1
01:33:24,3.092,3.096057,46.89761102,12.6143679,1
01:33:25,3.092,3.096055,46.89761102,12.59388179,1
01:33:26,3.092,3.096054,46.89761102,12.57365197,1
01:33:27,3.092,3.096052,46.89761102,12.55305409,1
01:33:28,3.05,3.053321,46.8775779,12.51619,1
01:33:29,3.043,3.052956,46.85754478,12.4457635,1
01:33:30,3.038,3.049377,46.83751166,12.36816198,1
01:33:31,3.033,3.045173,46.81747854,12.28654236,1
01:33:32,3.028,3.040659,46.79744542,12.2024484,1
01:33:33,3.026,3.03599,46.7774123,12.13184148,1
01:33:34,3.021,3.032699,46.75737917,12.05255464,1
01:33:35,3.019,3.028638,46.73734605,11.98368296,1
01:33:36,3.015,3.025649,46.71731293,11.90966442,1
01:33:37,3.012,3.022224,46.69727981,11.83778271,1
01:33:38,3.009,3.019066,46.67724669,11.76667735,1
01:33:39,3.006,3.016041,46.65721357,11.69630066,1
01:33:40,3.004,3.013082,46.63718045,11.62987351,1
01:33:41,3,3.010641,46.61714733,11.55562177,1
01:33:42,2.998,3.007487,46.59711421,11.4872992,1
01:33:43,2.997,3.00495,46.57708108,11.42730415,1
01:33:44,2.993,3.003203,46.55704796,11.35504693,1
01:33:45,2.99,3.000394,46.53701484,11.28195599,1
01:33:46,2.989,2.997542,46.51698172,11.21889129,1
01:33:47,2.986,2.99564,46.4969486,11.14943251,1
01:33:48,2.983,2.993238,46.47691548,11.07705608,1
01:33:49,2.982,2.990589,46.45688236,11.01316288,1
01:33:50,2.979,2.988787,46.43684924,10.94317064,1
01:33:52,2.976,2.986436,46.41681612,10.87051108,1
01:33:52,2.975,2.983812,46.39678299,10.80522165,1
01:33:53,2.971,2.982023,46.37674987,10.72872654,1
01:33:54,2.968,2.979193,46.35671675,10.65141931,1
01:33:56,2.968,2.976331,46.33668363,10.58876589,1
01:33:56,2.965,2.974909,46.31665051,10.51803827,1
01:33:57,2.962,2.972746,46.29661739,10.44301316,1
01:33:58,2.961,2.970216,46.27658427,10.37579998,1
01:33:59,2.959,2.968473,46.25655115,10.30783281,1
01:34:01,2.956,2.966636,46.23651803,10.23298204,1
01:34:01,2.954,2.964268,46.2164849,10.16016,1
01:34:02,2.953,2.962121,46.19645178,10.09328291,1
01:34:03,2.949,2.960568,46.17641866,10.0138478,1
01:34:05,2.947,2.957856,46.15638554,9.938064218,1
01:34:05,2.946,2.955539,46.13635242,9.404615313,1
01:34:06,2.943,2.932181,46.1163193,9.596201032,1
01:34:07,2.94,2.944114,46.09628618,9.53977555,1
01:34:09,2.939,2.943451,46.07625306,9.495746344,1
01:34:09,2.937,2.942795,46.05621994,9.452591091,1
01:34:10,2.934,2.941443,46.03618681,9.407290816,1
01:34:11,2.932,2.939212,46.01615369,9.364583343,1
01:34:12,2.931,2.937108,45.99612057,9.325935692,1
01:34:14,2.927,2.935592,45.97608745,9.279964119,1
01:34:14,2.925,2.932742,45.95605433,9.236544371,1
01:34:15,2.924,2.930352,45.93602121,9.197221696,1
01:34:16,2.921,2.928705,45.91598809,9.153633565,1
01:34:18,2.917,2.926327,45.89595497,9.104863554,1
01:34:18,2.917,2.923084,45.87592185,9.065932035,1
01:34:19,2.914,2.921428,45.85588872,9.022654593,1
01:34:20,2.91,2.918902,45.8358556,8.974610269,1
01:34:22,2.91,2.915518,45.81582248,8.937124163,1
01:34:23,2.907,2.913973,45.79578936,8.894923329,1
01:34:23,2.904,2.911577,45.77575624,8.850697428,1
01:34:24,2.903,2.908807,45.75572312,8.812041581,1
01:34:26,2.9,2.906982,45.73569,8.769516647,1
01:34:27,2.896,2.904466,45.71565688,8.722097427,1
01:34:27,2.896,2.901093,45.69562376,8.685527742,1
01:34:28,2.894,2.899561,45.67559063,8.647361398,1
01:34:30,2.89,2.897731,45.65555751,8.60202238,1
01:34:31,2.888,2.89466,45.63552439,8.560110629,1
01:34:32,2.886,2.892157,45.61549127,8.519779146,1
01:34:32,2.882,2.889903,45.59545815,8.473601937,1
01:34:33,2.88,2.886649,45.57542503,8.431500942,1
01:34:35,2.878,2.884067,45.55539191,8.391268551,1
01:34:36,2.875,2.881781,45.53535879,8.34858492,1
01:34:36,2.873,2.87907,45.51532567,8.308213949,1
01:34:37,2.87,2.876728,45.49529254,8.265567,1
01:34:39,2.866,2.873995,45.47525942,8.218577504,1
01:34:40,2.866,2.870533,45.4552263,8.183223009,1
01:34:40,2.862,2.868978,45.43519318,8.13953653,1
01:34:41,2.859,2.866033,45.41516006,8.095596731,1
01:34:43,2.856,2.863037,45.39512694,8.051573485,1
01:34:44,2.852,2.86002,45.37509382,8.004143089,1
01:34:45,2.851,2.856436,45.3550607,7.965493947,1
01:34:45,2.848,2.854275,45.33502758,7.923917472,1
01:34:46,2.845,2.851624,45.31499445,7.881081,1
01:34:48,2.844,2.848759,45.29496133,7.844633609,1
01:34:49,2.838,2.846913,45.27492821,7.793776691,1
01:34:49,2.836,2.842732,45.25489509,7.750414312,1
01:34:50,2.834,2.839756,45.23486197,7.710386068,1
01:34:52,2.83,2.837306,45.21482885,7.66492635,1
01:34:53,2.827,2.833975,45.19479573,7.620567828,1
01:34:54,2.823,2.830815,45.17476261,7.573226094,1
01:34:54,2.822,2.827173,45.15472949,7.535076886,1
01:34:56,2.817,2.824992,45.13469636,7.487008721,1
01:34:57,2.814,2.821221,45.11466324,7.441592962,1
01:34:58,2.811,2.81787,45.09463012,7.39737004,1
01:34:58,2.808,2.814703,45.074597,7.353691012,1
01:35:00,2.805,2.811617,45.05456388,7.310272008,1
01:35:01,2.801,2.808566,45.03453076,7.263442874,1
01:35:02,2.796,2.804974,45.01449764,7.211589068,1
01:35:03,2.794,2.800587,44.99446452,7.168162614,1
01:35:03,2.791,2.797527,44.9744314,7.124911994,1
01:35:05,2.786,2.794489,44.95439827,7.074629515,1
01:35:06,2.784,2.790345,44.93436515,7.03195557,1
01:35:07,2.779,2.787392,44.91433203,6.981927902,1
01:35:07,2.776,2.783284,44.89429891,6.935812533,1
01:35:09,2.772,2.77979,44.87426579,6.887850165,1
01:35:10,2.768,2.776006,44.85423267,6.83908686,1
01:35:11,2.764,2.772094,44.83419955,6.789962202,1
01:35:11,2.761,2.768128,44.81416643,6.744273752,1
01:35:13,2.756,2.764696,44.79413331,6.692899764,1
01:35:14,2.752,2.760381,44.77410018,6.642623246,1
01:35:15,2.749,2.756238,44.75406706,6.596435606,1
01:35:16,2.742,2.75273,44.73403394,6.53758,1
01:35:17,2.739,2.747265,44.71400082,6.487611681,1
01:35:18,2.735,2.74318,44.6939677,6.437918544,1
01:35:19,2.73,2.739138,44.67393458,6.384696066,1
01:35:20,2.726,2.734557,44.65390146,6.333567947,1
01:35:20,2.721,2.7303,44.63386834,6.279697269,1
01:35:22,2.715,2.725625,44.61383522,6.220961735,1
01:35:23,2.712,2.72021,44.59380209,6.170997024,1
01:35:24,2.706,2.716147,44.57376897,6.113924831,1
01:35:25,2.701,2.710999,44.55373585,6.057361141,1
01:35:26,2.697,2.705935,44.53370273,6.004652753,1
01:35:27,2.691,2.701468,44.51366961,5.946297199,1
01:35:28,2.685,2.696143,44.49363649,5.885433033,1
01:35:29,2.679,2.690444,44.47360337,5.823431537,1
01:35:30,2.676,2.684582,44.45357025,5.771903321,1
01:35:31,2.669,2.680326,44.43353713,5.71026206,1
01:35:32,2.662,2.674534,44.413504,5.644127354,1
01:35:33,2.657,2.668072,44.39347088,5.583361909,1
01:35:34,2.65,2.662436,44.37343776,5.517537147,1
01:35:35,2.645,2.656043,44.35340464,5.45681268,1
01:35:36,2.638,2.650437,44.33337152,5.390914157,1
01:35:37,2.63,2.644056,44.3133384,5.319003761,1
01:35:38,2.624,2.636778,44.29330528,5.25178127,1
01:35:39,2.617,2.630227,44.27327216,5.182868615,1
01:35:40,2.609,2.623434,44.25323904,5.109458417,1
01:35:41,2.6,2.615977,44.23320591,5.030285567,1
01:35:42,2.59,2.607669,44.21317279,4.944856092,1
01:35:43,2.582,2.598432,44.19313967,4.863976687,1
01:35:44,2.574,2.589909,44.17310655,4.785006493,1
01:35:45,2.564,2.581696,44.15307343,4.699385,1
01:35:46,2.553,2.5725,44.13304031,4.607015103,1
01:35:47,2.542,2.562315,44.11300719,4.511649534,1
01:35:48,2.531,2.551699,44.09297407,4.414826632,1
01:35:49,2.519,2.540896,44.07294095,4.313541204,1
01:35:50,2.508,2.52945,44.05290782,4.213888198,1
01:35:51,2.5,2.518285,44.0328747,4.125968739,1
01:35:52,2.5,2.50892,44.01284158,4.072802886,1
01:35:53,2.553,2.575783,44.01284158,3.988097981,1
01:35:54,2.561,2.566538,44.01284158,3.967493027,1
01:35:55,2.568,2.56663,44.01284158,3.972599655,1
01:35:56,2.575,2.570434,44.01284158,3.989642113,1
01:35:57,2.581,2.575927,44.01284158,4.008634016,1
01:35:58,2.582,2.581651,44.01284158,4.009944946,1
01:35:59,2.589,2.584781,44.01284158,4.025815427,1
01:36:00,2.589,2.589969,44.01284158,4.022160172,1
01:36:01,2.596,2.592317,44.01284158,4.03608419,1
01:36:02,2.597,2.597148,44.01284158,4.035523161,1
01:36:03,2.597,2.599874,44.01284158,4.024608061,1
01:36:04,2.603,2.601101,44.01284158,4.031839967,1
01:36:05,2.604,2.604883,44.01284158,4.028469697,1
01:36:06,2.604,2.607131,44.01284158,4.016498849,1
01:36:07,2.61,2.60814,44.01284158,4.023623094,1
01:36:08,2.611,2.611825,44.01284158,4.020457342,1
01:36:09,2.611,2.614028,44.01284158,4.008806497,1
01:36:10,2.611,2.615018,44.01284158,3.993315,1
01:36:11,2.618,2.615456,44.01284158,4.00314033,1
01:36:12,2.619,2.61942,44.01284158,4.001514241,1
01:36:13,2.619,2.621751,44.01284158,3.990843892,1
01:36:14,2.619,2.6228,44.01284158,3.976079077,1
01:36:15,2.619,2.623264,44.01284158,3.959479183,1
01:36:16,2.625,2.623464,44.01284158,3.96546945,1
01:36:17,2.626,2.62678,44.01284158,3.962421045,1
01:36:18,2.626,2.628817,44.01284158,3.951394185,1
01:36:19,2.626,2.629732,44.01284158,3.936760128,1
01:36:20,2.627,2.630137,44.01284158,3.924440593,1
01:36:21,2.632,2.630849,44.01284158,3.928967938,1
01:36:22,2.632,2.63386,44.01284158,3.921639174,1
01:36:23,2.633,2.635219,44.01284158,3.912881017,1
01:36:24,2.633,2.636365,44.01284158,3.899573907,1
01:36:25,2.633,2.636876,44.01284158,3.884222731,1
01:36:26,2.634,2.637097,44.01284158,3.871938214,1
01:36:27,2.64,2.637725,44.01284158,3.880973533,1
01:36:28,2.64,2.641239,44.01284158,3.876041993,1
01:36:29,2.64,2.642827,44.01284158,3.864771873,1
01:36:30,2.64,2.643538,44.01284158,3.850643337,1
01:36:31,2.64,2.643851,44.01284158,3.835240752,1
01:36:32,2.64,2.643983,44.01284158,3.819289431,1
01:36:33,2.641,2.644032,44.01284158,3.807129711,1
01:36:34,2.647,2.644584,44.01284158,3.816833347,1
01:36:35,2.647,2.648062,44.01284158,3.812560067,1
01:36:36,2.648,2.649635,44.01284158,3.805973753,1
01:36:37,2.648,2.650881,44.01284158,3.794350475,1
01:36:38,2.648,2.651437,44.01284158,3.780462965,1
01:36:39,2.648,2.65168,44.01284158,3.765573353,1
01:36:40,2.648,2.651781,44.01284158,3.750256449,1
01:36:41,2.648,2.651817,44.01284158,3.73477526,1
01:36:42,2.651,2.651823,44.01284158,3.731434047,1
01:36:43,2.654,2.653435,44.01284158,3.733732551,1
01:36:44,2.654,2.655777,44.01284158,3.726491332,1
01:36:45,2.655,2.656834,44.01284158,3.719011322,1
01:36:46,2.655,2.657845,44.01284158,3.707397729,1
01:36:47,2.655,2.658295,44.01284158,3.693915904,1
01:36:48,2.655,2.658491,44.01284158,3.679618612,1
01:36:49,2.655,2.65857,44.01284158,3.664979711,1
01:36:50,2.655,2.658597,44.01284158,3.650214523,1
01:36:51,2.657,2.6586,44.01284158,3.643639758,1
01:36:52,2.66,2.659671,44.01284158,3.644993529,1
01:36:53,2.661,2.661769,44.01284158,3.641826287,1
01:36:54,2.662,2.663254,44.01284158,3.636655211,1
01:36:55,2.64,2.640016,44.00616288,3.629908338,1
01:36:56,2.639,2.641171,43.99948418,3.614252061,1
01:36:57,2.633,2.64113,43.99281,3.573906049,1
01:36:58,2.626,2.637818,43.98612678,3.518248349,1
01:36:59,2.625,2.632493,43.97944808,3.4805,1
01:37:00,2.619,2.629551,43.97276938,3.430046886,1
01:37:01,2.617,2.624939,43.96609068,3.390419,1
01:37:02,2.611,2.621769,43.95941198,3.339020535,1
01:37:03,2.604,2.617055,43.95273328,3.278104216,1
01:37:04,2.604,2.611102,43.94605458,3.241912648,1
01:37:05,2.597,2.608426,43.93937588,3.187728673,1
01:37:06,2.596,2.603385,43.93269718,3.150331602,1
01:37:07,2.589,2.60057,43.92601848,3.095500544,1
01:37:08,2.588,2.595467,43.91933978,3.057732247,1
01:37:09,2.582,2.592625,43.91266108,3.006790578,1
01:37:10,2.576,2.588057,43.90598238,2.949832007,1
01:37:11,2.575,2.582716,43.89930367,2.91098915,1
01:37:12,2.568,2.579767,43.89262497,2.855224349,1
01:37:13,2.566,2.574604,43.88594627,2.812615782,1
01:37:14,2.56,2.571187,43.87926757,2.759233303,1
01:37:15,2.555,2.566361,43.87258887,2.705090679,1
01:37:16,2.552,2.561453,43.86591017,2.658898197,1
01:37:17,2.546,2.557601,43.85923147,2.603694983,1
01:37:18,2.544,2.552582,43.85255277,2.561103739,1
01:37:19,2.538,2.549229,43.84587407,2.507379837,1
01:37:20,2.531,2.544432,43.83919537,2.444444411,1
01:37:21,2.53,2.538441,43.83251667,2.402389,1
01:37:22,2.524,2.5352,43.82583797,2.348738164,1
01:37:23,2.517,2.530454,43.81915927,2.285601944,1
01:37:24,2.516,2.524485,43.81248057,2.243297175,1
01:37:25,2.509,2.521255,43.80580187,2.185132354,1
01:37:26,2.502,2.515965,43.79912317,2.119748108,1
01:37:27,2.5,2.509753,43.79244447,2.072046697,1
01:37:28,2.5,2.505866,43.78576577,2.04066541,1
01:37:29,2.517,2.531454,43.78576577,1.979807951,1
01:37:30,2.524,2.525854,43.78576577,1.971995458,1
01:37:31,2.53,2.527076,43.78576577,1.984336786,1
01:37:32,2.531,2.530862,43.78576577,1.984919421,1
01:37:33,2.531,2.533115,43.78576577,1.975980029,1
01:37:34,2.537,2.53413,43.78576577,1.988122612,1
01:37:35,2.538,2.537823,43.78576577,1.988872141,1
01:37:36,2.538,2.540034,43.78576577,1.980245858,1
01:37:37,2.542,2.541031,43.78576577,1.984360628,1
01:37:38,2.545,2.543635,43.78576577,1.990166,1
01:37:39,2.546,2.546431,43.78576577,1.988333836,1
01:37:40,2.546,2.548234,43.78576577,1.978820004,1
01:37:41,2.546,2.549045,43.78576577,1.965837181,1
01:37:42,2.552,2.549406,43.78576577,1.976906694,1
01:37:43,2.553,2.552801,43.78576577,1.977757178,1
01:37:44,2.553,2.554877,43.78576577,1.969729364,1
01:37:45,2.553,2.555813,43.78576577,1.957687177,1
01:37:46,2.553,2.55623,43.78576577,1.943846419,1
01:37:47,2.557,2.556412,43.78576577,1.946368627,1
01:37:48,2.559,2.558646,43.78576577,1.947888173,1
01:37:49,2.56,2.560735,43.78576577,1.944732293,1
01:37:50,2.56,2.562216,43.78576577,1.935202815,1
01:37:51,2.56,2.562882,43.78576577,1.92279797,1
01:37:52,2.56,2.563177,43.78576577,1.909111626,1
01:37:53,2.56,2.563303,43.78576577,1.89486891,1
01:37:54,2.561,2.563353,43.78576577,1.884718239,1
01:37:55,2.567,2.563907,43.78576577,1.898075081,1
01:37:56,2.567,2.567392,43.78576577,1.896381937,1
01:37:57,2.568,2.568969,43.78576577,1.892190427,1
01:37:58,2.568,2.570219,43.78576577,1.882583462,1
01:37:59,2.568,2.57078,43.78576577,1.870528236,1
01:38:00,2.568,2.571028,43.78576577,1.857401244,1
01:38:01,2.57,2.571133,43.78576577,1.852485351,1
01:38:02,2.574,2.572253,43.78576577,1.860073395,1
01:38:03,2.574,2.574915,43.78576577,1.85609404,1
01:38:04,2.575,2.576119,43.78576577,1.851226389,1
01:38:05,2.575,2.577199,43.78576577,1.841650344,1
01:38:06,2.575,2.577683,43.78576577,1.829955354,1
01:38:07,2.575,2.577897,43.78576577,1.817321964,1
01:38:08,2.575,2.577986,43.78576577,1.804289035,1
01:38:09,2.575,2.57802,43.78576577,1.7910989,1
01:38:10,2.578,2.578028,43.78576577,1.790976897,1
01:38:11,2.581,2.579645,43.78576577,1.796903834,1
01:38:12,2.581,2.581993,43.78576577,1.792557351,1
01:38:13,2.582,2.583055,43.78576577,1.787937,1
01:38:14,2.582,2.584071,43.78576577,1.778858341,1
01:38:15,2.582,2.584526,43.78576577,1.767776534,1
01:38:16,2.582,2.584726,43.78576577,1.755806431,1
01:38:17,2.582,2.584811,43.78576577,1.743457466,1
01:38:18,2.582,2.584842,43.78576577,1.730961725,1
01:38:19,2.582,2.58485,43.78576577,1.718424261,1
01:38:20,2.587,2.584847,43.78576577,1.727904007,1
01:38:21,2.589,2.587539,43.78576577,1.734344475,1
01:38:22,2.589,2.589837,43.78576577,1.730652899,1
01:38:23,2.589,2.590876,43.78576577,1.722379588,1
01:38:24,2.589,2.591342,43.78576577,1.712040044,1
01:38:25,2.589,2.591548,43.78576577,1.700784639,1
01:38:26,2.589,2.591635,43.78576577,1.689135842,1
01:38:27,2.589,2.591668,43.78576577,1.677333005,1
01:38:28,2.589,2.591677,43.78576577,1.66548267,1
01:38:29,2.589,2.591675,43.78576577,1.653635688,1
01:38:30,2.589,2.591668,43.78576577,1.641814224,1
01:38:31,2.589,2.591658,43.78576577,1.630027033,1
01:38:32,2.552,2.535478,43.77241,1.68997068,1
01:38:33,2.537,2.544548,43.75905693,1.643097587,1
01:38:34,2.518,2.540183,43.74570251,1.531185303,1
01:38:35,2.502,2.527689,43.73234808,1.403671317,1
01:38:36,2.497,2.513291,43.71899366,1.317916531,1
01:38:37,2.497,2.504176,43.70563924,1.272666827,1
01:38:38,2.531,2.557631,43.70563924,1.154261082,1
01:38:39,2.538,2.544797,43.70563924,1.124034449,1
01:38:40,2.545,2.542732,43.70563924,1.134126075,1
01:38:41,2.546,2.545566,43.70563924,1.136057638,1
01:38:42,2.546,2.547388,43.70563924,1.129873004,1
01:38:43,2.549,2.54821,43.70563924,1.133392192,1
01:38:44,2.552,2.550198,43.70563924,1.141425874,1
01:38:45,2.553,2.552716,43.70563924,1.142691914,1
01:38:46,2.553,2.554395,43.70563924,1.136463322,1
01:38:47,2.553,2.555152,43.70563924,1.126847975,1
01:38:48,2.554,2.55549,43.70563924,1.120187901,1
01:38:49,2.559,2.556178,43.70563924,1.132818777,1
01:38:50,2.559,2.559185,43.70563924,1.13199316,1
01:38:51,2.56,2.560546,43.70563924,1.129547507,1
01:38:52,2.56,2.561699,43.70563924,1.121933293,1
01:38:53,2.56,2.562217,43.70563924,1.11199189,1
01:38:54,2.56,2.562447,43.70563924,1.101014,1
01:38:55,2.56,2.562546,43.70563924,1.089588273,1
01:38:56,2.56,2.562584,43.70563924,1.077983063,1
01:38:57,2.562,2.562596,43.70563924,1.075306255,1
01:38:58,2.567,2.563675,43.70563924,1.09025361,1
01:38:59,2.567,2.566861,43.70563924,1.090879831,1
01:39:00,2.567,2.568304,43.70563924,1.085011009,1
01:39:01,2.568,2.568955,43.70563924,1.080711745,1
01:39:02,2.568,2.569785,43.70563924,1.072670426,1
01:39:03,2.568,2.570157,43.70563924,1.062947605,1
01:39:04,2.568,2.570321,43.70563924,1.052483451,1
01:39:05,2.568,2.570389,43.70563924,1.041704,1
01:39:06,2.572,2.570415,43.70563924,1.048862003,1
01:39:07,2.574,2.572581,43.70563924,1.05526736,1
01:39:08,2.574,2.574641,43.70563924,1.052368432,1
01:39:09,2.575,2.575572,43.70563924,1.049780659,1
01:39:10,2.575,2.576531,43.70563924,1.042854507,1
01:39:11,2.575,2.576962,43.70563924,1.033977792,1
01:39:12,2.575,2.577152,43.70563924,1.024233364,1
01:39:13,2.575,2.577234,43.70563924,1.014116313,1
01:39:14,2.575,2.577266,43.70563924,1.003850996,1
01:39:15,2.575,2.577274,43.70563924,0.993541069,1
01:39:16,2.575,2.577273,43.70563924,0.98323198,1
01:39:17,2.577,2.577267,43.70563924,0.982018188,1
01:39:18,2.58,2.57834,43.70563924,0.989553984,1
01:39:19,2.581,2.580443,43.70563924,0.992085505,1
01:39:20,2.581,2.581934,43.70563924,0.987840164,1
01:39:21,2.582,2.582608,43.70563924,0.985077675,1
01:39:22,2.582,2.583449,43.70563924,0.978486706,1
01:39:23,2.582,2.583827,43.70563924,0.970174745,1
01:39:24,2.582,2.583994,43.70563924,0.961100683,1
01:39:25,2.582,2.584065,43.70563924,0.951699354,1
01:39:26,2.582,2.584092,43.70563924,0.942169316,1
01:39:27,2.582,2.5841,43.70563924,0.932601653,1
01:39:28,2.582,2.584098,43.70563924,0.923030544,1
01:39:29,2.582,2.584093,43.70563924,0.913489982,1
01:39:30,2.585,2.584085,43.70563924,0.917663239,1
01:39:31,2.588,2.585697,43.70563924,0.928172749,1
01:39:32,2.589,2.588046,43.70563924,0.932527427,1
01:39:33,2.589,2.58965,43.70563924,0.929556228,1
01:39:34,2.589,2.590375,43.70563924,0.923270453,1
01:39:35,2.589,2.5907,43.70563924,0.915496517,1
01:39:36,2.589,2.590844,43.70563924,0.907058734,1
01:39:37,2.589,2.590904,43.70563924,0.898348074,1
01:39:38,2.589,2.590927,43.70563924,0.889528,1
01:39:39,2.589,2.590933,43.70563924,0.880676135,1
01:39:40,2.589,2.590931,43.70563924,0.871829595,1
01:39:41,2.589,2.590926,43.70563924,0.863004,1
01:39:42,2.589,2.590919,43.70563924,0.854205247,1
01:39:43,2.589,2.590912,43.70563924,0.845439639,1
01:39:44,2.589,2.590904,43.70563924,0.836705882,1
01:39:45,2.592,2.590896,43.70563924,0.841773394,1
01:39:46,2.595,2.592508,43.70563924,0.85321106,1
01:39:47,2.596,2.594858,43.70563924,0.858458597,1
01:39:48,2.596,2.596462,43.70563924,0.856334623,1
01:39:49,2.596,2.597188,43.70563924,0.850876141,1
01:39:50,2.597,2.597514,43.70563924,0.848511886,1
01:39:51,2.597,2.598198,43.70563924,0.843004789,1
01:39:52,2.597,2.598505,43.70563924,0.836081244,1
01:39:53,2.597,2.598641,43.70563924,0.828530546,1
01:39:54,2.597,2.598699,43.70563924,0.820712559,1
01:39:55,2.597,2.598721,43.70563924,0.81279,1
01:39:56,2.597,2.598727,43.70563924,0.804836955,1
01:39:57,2.597,2.598726,43.70563924,0.796887092,1
01:39:58,2.597,2.598721,43.70563924,0.788956601,1
01:39:59,2.597,2.598715,43.70563924,0.781051116,1
01:40:00,2.599,2.598708,43.70563924,0.782398041,1
01:40:01,2.601,2.599781,43.70563924,0.788020715,1
01:40:02,2.603,2.601346,43.70563924,0.795656,1
01:40:03,2.603,2.603134,43.70563924,0.795038976,1
01:40:04,2.603,2.603944,43.70563924,0.790682528,1
01:40:05,2.603,2.604308,43.70563924,0.784642063,1
01:40:06,2.604,2.60447,43.70563924,0.782468636,1
01:40:07,2.604,2.60508,43.70563924,0.777475769,1
01:40:08,2.604,2.605354,43.70563924,0.771217095,1
01:40:09,2.604,2.605475,43.70563924,0.764396554,1
01:40:10,2.604,2.605526,43.70563924,0.757338013,1
01:40:11,2.604,2.605545,43.70563924,0.750187086,1
01:40:12,2.604,2.605551,43.70563924,0.743008638,1
01:40:13,2.604,2.605549,43.70563924,0.7358348,1
01:40:14,2.604,2.605545,43.70563924,0.728678936,1
01:40:15,2.604,2.60554,43.70563924,0.721545285,1
01:40:16,2.604,2.605534,43.70563924,0.714438409,1
01:40:17,2.604,2.605527,43.70563924,0.707358355,1
01:40:18,2.605,2.605521,43.70563924,0.704942038,1
01:40:19,2.608,2.606054,43.70563924,0.71396525,1
01:40:20,2.609,2.607914,43.70563924,0.719000632,1
01:40:21,2.61,2.609297,43.70563924,0.722261844,1
01:40:22,2.61,2.610463,43.70563924,0.720112957,1
01:40:23,2.61,2.61099,43.70563924,0.715518557,1
01:40:24,2.611,2.611226,43.70563924,0.714469422,1
01:40:25,2.611,2.61187,43.70563924,0.710426224,1
01:40:26,2.611,2.61216,43.70563924,0.705039036,1
01:40:27,2.611,2.612289,43.70563924,0.699051982,1
01:40:28,2.611,2.612344,43.70563924,0.692806626,1
01:40:29,2.611,2.612366,43.70563924,0.68645631,1
01:40:30,2.611,2.612372,43.70563924,0.680075446,1
01:40:31,2.611,2.612372,43.70563924,0.673692999,1
01:40:32,2.611,2.612369,43.70563924,0.667324523,1
01:40:33,2.611,2.612364,43.70563924,0.660975603,1
01:40:34,2.611,2.612359,43.70563924,0.654650666,1
01:40:35,2.611,2.612353,43.70563924,0.648350874,1
01:40:36,2.611,2.612347,43.70563924,0.642076274,1
01:40:37,2.612,2.612342,43.70563924,0.640483666,1
01:40:38,2.614,2.612876,43.70563924,0.645720307,1
01:40:39,2.616,2.614197,43.70563924,0.654124841,1
01:40:40,2.618,2.615875,43.70563924,0.66403267,1
01:40:41,2.618,2.617715,43.70563924,0.665361062,1
01:40:42,2.618,2.618549,43.70563924,0.662799319,1
01:40:43,2.618,2.618926,43.70563924,0.658479938,1
01:40:44,2.618,2.619094,43.70563924,0.653375406,1
01:40:45,2.618,2.619168,43.70563924,0.647925958,1
01:40:46,2.619,2.619199,43.70563924,0.646997849,1
01:40:47,2.619,2.61975,43.70563924,0.643497286,1
01:40:48,2.619,2.619998,43.70563924,0.638838159,1
01:40:49,2.619,2.620107,43.70563924,0.633664709,1
01:40:50,2.619,2.620155,43.70563924,0.628269697,1
01:40:51,2.619,2.620173,43.70563924,0.622787792,1
01:40:52,2.619,2.620179,43.70563924,0.617278041,1
01:40:53,2.619,2.620178,43.70563924,0.61176829,1
01:40:54,2.619,2.620176,43.70563924,0.606269669,1
01:40:55,2.619,2.620172,43.70563924,0.60079,1
01:40:56,2.619,2.620167,43.70563924,0.595330494,1
01:40:57,2.619,2.620162,43.70563924,0.589893339,1
01:40:58,2.619,2.620157,43.70563924,0.584477419,1
01:40:59,2.619,2.620152,43.70563924,0.579083897,1
01:41:00,2.619,2.620147,43.70563924,0.573711656,1
01:41:01,2.621,2.620142,43.70563924,0.577727659,1
01:41:02,2.623,2.621218,43.70563924,0.586072588,1
01:41:03,2.625,2.622785,43.70563924,0.596452458,1
01:41:04,2.625,2.624576,43.70563924,0.598438503,1
01:41:05,2.625,2.625388,43.70563924,0.59662261,1
01:41:06,2.625,2.625755,43.70563924,0.593087031,1
01:41:07,2.626,2.625919,43.70563924,0.593465799,1
01:41:08,2.625,2.626531,43.70563924,0.586288888,1
01:41:09,2.626,2.626267,43.70563924,0.585035887,1
01:41:10,2.626,2.626685,43.70563924,0.581823988,1
01:41:11,2.57,2.536893,43.68560612,0.717058405,1
01:41:12,2.545,2.553735,43.665573,0.656053377,1
01:41:13,2.523,2.546832,43.64553988,0.524215121,1
01:41:14,2.498,2.531409,43.62550676,0.347415451,1
01:41:15,2.498,2.510622,43.60547364,0.268097385,1
01:41:16,2.546,2.593369,43.60547364,0.045744944,1
01:41:17,2.553,2.568486,43.60547364,0,1
01:41:18,2.56,2.562421,43.60547364,0,1
01:41:19,2.56,2.562594,43.60547364,0,1
01:41:24,2.565,2.562716,43.60547364,0.010746136,1
01:41:24,2.567,2.564807,43.60547364,0.021055722,1
01:41:24,2.568,2.566835,43.60547364,0.026536896,1
01:41:24,2.568,2.568294,43.60547364,0.02515529,1
01:41:25,2.568,2.568954,43.60547364,0.020667384,1
01:41:25,2.573,2.56925,43.60547364,0.03830934,1
01:41:26,2.574,2.572083,43.60547364,0.047332817,1
01:41:27,2.575,2.573907,43.60547364,0.052478333,1
01:41:28,2.575,2.575274,43.60547364,0.05118589,1
01:41:29,2.575,2.575893,43.60547364,0.046983399,1
01:41:30,2.575,2.576171,43.60547364,0.041468869,1
01:41:31,2.575,2.576294,43.60547364,0.035372912,1
01:41:32,2.575,2.576347,43.60547364,0.029027209,1
01:41:33,2.575,2.576367,43.60547364,0.02258819,1
01:41:34,2.577,2.576374,43.60547364,0.025541047,1
01:41:35,2.58,2.577453,43.60547364,0.037541488,1
01:41:36,2.581,2.579562,43.60547364,0.044315043,1
01:41:37,2.581,2.581058,43.60547364,0.044041,1
01:41:38,2.581,2.581736,43.60547364,0.040572911,1
01:41:39,2.582,2.582041,43.60547364,0.040380654,1
01:41:40,2.582,2.582717,43.60547364,0.037000835,1
01:41:41,2.582,2.583021,43.60547364,0.032185795,1
01:41:42,2.582,2.583157,43.60547364,0.026728914,1
01:41:43,2.582,2.583215,43.60547364,0.020996133,1
01:41:44,2.582,2.583239,43.60547364,0.015155999,1
01:41:45,2.582,2.583246,43.60547364,0.009271871,1
01:41:46,2.582,2.583247,43.60547364,0.003386472,1
01:41:47,2.582,2.583245,43.60547364,0,1
01:41:48,2.584,2.583376,43.60547364,0.002948685,1
01:41:49,2.588,2.584378,43.60547364,0.020045818,1
01:41:50,2.589,2.586992,43.60547364,0.029522882,1
01:41:51,2.589,2.588718,43.60547364,0.030853073,1
01:41:52,2.589,2.589501,43.60547364,0.028487545,1
01:41:53,2.589,2.589854,43.60547364,0.024453967,1
01:41:54,2.589,2.590012,43.60547364,0.019675755,1
01:41:55,2.589,2.590081,43.60547364,0.014570201,1
01:41:56,2.589,2.59011,43.60547364,0.009324773,1
01:41:57,2.589,2.59012,43.60547364,0.004031631,1
01:41:58,2.589,2.590122,43.60547364,0,1
01:41:59,2.589,2.59019,43.60547364,0,1
01:42:00,2.589,2.590456,43.60547364,0,1
01:42:01,2.589,2.590644,43.60547364,0,1
01:42:02,2.589,2.590777,43.60547364,0,1
01:42:03,2.589,2.590872,43.60547364,0,1
01:42:04,2.589,2.590939,43.60547364,0,1
01:42:05,2.589,2.590986,43.60547364,0,1
01:42:06,2.59,2.59102,43.60547364,0,1
01:42:07,2.593,2.591326,43.60547364,0.00791839,1
01:42:08,2.595,2.592822,43.60547364,0.018222617,1
01:42:09,2.596,2.59458,43.60547364,0.024934451,1
01:42:10,2.596,2.595917,43.60547364,0.025324599,1
01:42:11,2.596,2.596523,43.60547364,0.022849439,1
01:42:12,2.596,2.596796,43.60547364,0.019081651,1
01:42:13,2.596,2.596918,43.60547364,0.014733318,1
01:42:14,2.597,2.596971,43.60547364,0.014870954,1
01:42:15,2.597,2.597533,43.60547364,0.012347427,1
01:42:16,2.597,2.597786,43.60547364,0.00862803,1
01:42:17,2.597,2.597899,43.60547364,0.0043708,1
01:42:18,2.597,2.597948,43.60547364,0,1
01:42:19,2.578,2.567283,43.59879494,0.050784514,1
01:42:20,2.568,2.572894,43.59211624,0.020938876,1
01:42:21,2.56,2.569897,43.58543754,0,1
01:42:22,2.553,2.566365,43.57875884,0,1
01:42:23,2.546,2.5627,43.57208014,0,1
01:42:24,2.542,2.558127,43.56540143,0,1
01:42:25,2.534,2.553758,43.55872273,0,1
01:42:26,2.527,2.548406,43.55204403,0,1
01:42:27,2.523,2.542639,43.54536533,0,1
01:42:28,2.516,2.537425,43.53868663,0,1
01:42:29,2.508,2.531756,43.53200793,0,1
01:42:30,2.5,2.525483,43.52532923,0,1
01:42:31,2.5,2.518782,43.51865053,0,1
01:42:32,2.517,2.544723,43.51865053,0,1
01:42:33,2.523,2.537935,43.51865053,0,1
01:42:34,2.524,2.534814,43.51865053,0,1
01:42:35,2.526,2.532883,43.51865053,0,1
01:42:36,2.53,2.532078,43.51865053,0,1
01:42:37,2.531,2.532634,43.51865053,0,1
01:42:38,2.531,2.53331,43.51865053,0,1
01:42:39,2.531,2.53379,43.51865053,0,1
01:42:40,2.531,2.53413,43.51865053,0,1
01:42:41,2.536,2.534371,43.51865053,0.007727642,1
01:42:42,2.537,2.536371,43.51865053,0.010709,1
01:42:43,2.538,2.537817,43.51865053,0.011578447,1
01:42:44,2.538,2.539009,43.51865053,0.006789979,1
01:42:45,2.538,2.539547,43.51865053,0,1
01:42:46,2.538,2.539816,43.51865053,0,1
01:42:47,2.538,2.540375,43.51865053,0,1
01:42:48,2.538,2.540771,43.51865053,0,1
01:42:49,2.541,2.541052,43.51865053,0,1
01:42:50,2.545,2.542096,43.51865053,0.013784546,1
01:42:51,2.545,2.544713,43.51865053,0.015144,1
01:42:52,2.545,2.545899,43.51865053,0.010875793,1
01:42:53,2.546,2.546434,43.51865053,0.008813629,1
01:42:54,2.546,2.547213,43.51865053,0.003055071,1
01:42:55,2.546,2.547563,43.51865053,0,1
01:42:56,2.546,2.547956,43.51865053,0,1
01:42:57,2.546,2.5484,43.51865053,0,1
01:42:58,2.546,2.548715,43.51865053,0,1
01:42:59,2.546,2.548938,43.51865053,0,1
01:43:00,2.546,2.549097,43.51865053,0,1
01:43:01,2.547,2.549209,43.51865053,0,1
01:43:02,2.551,2.54957,43.51865053,0.006792382,1
01:43:03,2.552,2.551322,43.51865053,0.010011218,1
01:43:04,2.552,2.552655,43.51865053,0.006901642,1
01:43:05,2.553,2.553256,43.51865053,0.005684113,1
01:43:06,2.553,2.554066,43.51865053,0.000614852,1
01:43:07,2.553,2.55443,43.51865053,0,1
01:43:08,2.553,2.554929,43.51865053,0,1
01:43:09,2.553,2.555316,43.51865053,0,1
01:43:10,2.553,2.555591,43.51865053,0,1
01:43:11,2.553,2.555785,43.51865053,0,1
01:43:12,2.553,2.555924,43.51865053,0,1
01:43:13,2.553,2.556022,43.51865053,0,1
01:43:14,2.553,2.556092,43.51865053,0,1
01:43:15,2.554,2.556141,43.51865053,0,1
01:43:16,2.557,2.556457,43.51865053,0.002579372,1
01:43:17,2.558,2.557666,43.51865053,0.004168674,1
01:43:18,2.559,2.558752,43.51865053,0.005349814,1
01:43:19,2.559,2.559782,43.51865053,0.00163257,1
01:43:20,2.559,2.560246,43.51865053,0,1
01:43:21,2.559,2.560688,43.51865053,0,1
01:43:22,2.56,2.56109,43.51865053,0,1
01:43:23,2.56,2.561656,43.51865053,0,1
01:43:24,2.56,2.562057,43.51865053,0,1
01:43:25,2.56,2.562342,43.51865053,0,1
01:43:26,2.56,2.562545,43.51865053,0,1
01:43:27,2.56,2.562688,43.51865053,0,1
01:43:28,2.56,2.56279,43.51865053,0,1
01:43:29,2.56,2.562863,43.51865053,0,1
01:43:30,2.56,2.562914,43.51865053,0,1
01:43:31,2.56,2.562951,43.51865053,0,1
01:43:32,2.56,2.562977,43.51865053,0,1
01:43:33,2.56,2.562995,43.51865053,0,1
01:43:34,2.56,2.563008,43.51865053,0,1
01:43:35,2.524,2.501635,43.50529611,0.106401392,1
01:43:36,2.501,2.513359,43.49194169,0.034280596,1
01:43:37,2.498,2.50562,43.47858727,0,1
01:43:38,2.498,2.502169,43.46523,0,1
01:43:39,2.531,2.562356,43.46523,0,1
01:43:40,2.537,2.554413,43.46523,0,1
01:43:41,2.538,2.550457,43.46523,0,1
01:43:42,2.538,2.54793,43.46523,0,1
01:43:43,2.543,2.546136,43.46523,0,1
01:43:44,2.545,2.546267,43.46523,0,1
01:43:45,2.546,2.546921,43.46523,0,1
01:43:46,2.546,2.547666,43.46523,0,1
01:43:47,2.546,2.548195,43.46523,0,1
01:43:48,2.546,2.548571,43.46523,0,1
01:43:49,2.546,2.548837,43.46523,0,1
01:43:50,2.546,2.549027,43.46523,0,1
01:43:51,2.546,2.549161,43.46523,0,1
01:43:52,2.546,2.549257,43.46523,0,1
01:43:53,2.547,2.549325,43.46523,0,1
01:43:54,2.55,2.549654,43.46523,0.001649374,1
01:43:55,2.552,2.550819,43.46523,0.007269139,1
01:43:56,2.552,2.552425,43.46523,0.005243783,1
01:43:57,2.552,2.553152,43.46523,0,1
01:43:58,2.553,2.553491,43.46523,0,1
01:43:59,2.553,2.554296,43.46523,0,1
01:44:00,2.553,2.554868,43.46523,0,1
01:44:01,2.553,2.555274,43.46523,0,1
01:44:02,2.553,2.555562,43.46523,0,1
01:44:03,2.553,2.555766,43.46523,0,1
01:44:04,2.553,2.555912,43.46523,0,1
01:44:05,2.553,2.556015,43.46523,0,1
01:44:06,2.553,2.556088,43.46523,0,1
01:44:07,2.553,2.55614,43.46523,0,1
01:44:08,2.554,2.556177,43.46523,0,1
01:44:09,2.557,2.556484,43.46523,0.002456574,1
01:44:10,2.558,2.557678,43.46523,0.003990429,1
01:44:11,2.559,2.558757,43.46523,0.005146383,1
01:44:12,2.559,2.559784,43.46523,0.001408143,1
01:44:13,2.559,2.560247,43.46523,0,1
01:44:14,2.559,2.560701,43.46523,0,1
01:44:15,2.559,2.5611,43.46523,0,1
01:44:16,2.56,2.561383,43.46523,0,1
01:44:17,2.56,2.561865,43.46523,0,1
01:44:18,2.56,2.562207,43.46523,0,1
01:44:19,2.56,2.562449,43.46523,0,1
01:44:20,2.56,2.562622,43.46523,0,1
01:44:21,2.56,2.562744,43.46523,0,1
01:44:22,2.56,2.562831,43.46523,0,1
01:44:23,2.56,2.562893,43.46523,0,1
01:44:24,2.56,2.562937,43.46523,0,1
01:44:25,2.56,2.562968,43.46523,0,1
01:44:26,2.56,2.562991,43.46523,0,1
01:44:27,2.56,2.563007,43.46523,0,1
01:44:28,2.56,2.563018,43.46523,0,1
01:44:29,2.561,2.563026,43.46523,0,1
01:44:30,2.562,2.563312,43.46523,0,1
01:44:31,2.565,2.563796,43.46523,0.005742438,1
01:44:32,2.567,2.565294,43.46523,0.013873581,1
01:44:33,2.567,2.567052,43.46523,0.013628055,1
01:44:34,2.567,2.567847,43.46523,0.009592673,1
01:44:35,2.567,2.568206,43.46523,0.003848428,1
01:44:36,2.567,2.568365,43.46523,0,1
01:44:37,2.568,2.56858,43.46523,0,1
01:44:38,2.568,2.56922,43.46523,0,1
01:44:39,2.568,2.569674,43.46523,0,1
01:44:40,2.568,2.569998,43.46523,0,1
01:44:41,2.568,2.570227,43.46523,0,1
01:44:42,2.568,2.57039,43.46523,0,1
01:44:43,2.568,2.570506,43.46523,0,1
01:44:44,2.568,2.570588,43.46523,0,1
01:44:45,2.568,2.570647,43.46523,0,1
01:44:46,2.568,2.570688,43.46523,0,1
01:44:47,2.568,2.570718,43.46523,0,1
01:44:48,2.568,2.570739,43.46523,0,1
01:44:49,2.57,2.570754,43.46523,0,1
01:44:50,2.572,2.571325,43.46523,0.003219874,1
01:44:51,2.574,2.572467,43.46523,0.010525538,1
01:44:52,2.574,2.574063,43.46523,0.010223123,1
01:44:53,2.574,2.574786,43.46523,0.006473844,1
01:44:54,2.574,2.575111,43.46523,0.001174899,1
01:44:55,2.574,2.575256,43.46523,0,1
01:44:56,2.574,2.575581,43.46523,0,1
01:44:57,2.575,2.575876,43.46523,0,1
01:44:58,2.575,2.576365,43.46523,0,1
01:44:59,2.575,2.576713,43.46523,0,1
01:45:00,2.575,2.57696,43.46523,0,1
01:45:01,2.575,2.577136,43.46523,0,1
01:45:02,2.575,2.57726,43.46523,0,1
01:45:03,2.575,2.577349,43.46523,0,1
01:45:04,2.575,2.577412,43.46523,0,1
01:45:05,2.575,2.577457,43.46523,0,1
01:45:06,2.575,2.577489,43.46523,0,1
01:45:07,2.575,2.577511,43.46523,0,1
01:45:08,2.575,2.577527,43.46523,0,1
01:45:09,2.575,2.577539,43.46523,0,1
01:45:10,2.575,2.577547,43.46523,0,1
01:45:11,2.575,2.577553,43.46523,0,1
01:45:12,2.576,2.577557,43.46523,0,1
01:45:13,2.577,2.57784,43.46523,0,1
01:45:14,2.578,2.578321,43.46523,0,1
01:45:15,2.58,2.578943,43.46523,0.00504148,1
01:45:16,2.581,2.580221,43.46523,0.008759876,1
01:45:17,2.581,2.581339,43.46523,0.007145484,1
01:45:18,2.581,2.581844,43.46523,0.003117349,1
01:45:19,2.581,2.582071,43.46523,0,1
01:45:20,2.581,2.58228,43.46523,0,1
01:45:21,2.582,2.582597,43.46523,0,1
01:45:22,2.582,2.583102,43.46523,0,1
01:45:23,2.582,2.583461,43.46523,0,1
01:45:24,2.582,2.583716,43.46523,0,1
01:45:25,2.582,2.583898,43.46523,0,1
01:45:26,2.582,2.584027,43.46523,0,1
01:45:27,2.582,2.584118,43.46523,0,1
01:45:28,2.582,2.584183,43.46523,0,1
01:45:29,2.582,2.584229,43.46523,0,1
01:45:30,2.582,2.584262,43.46523,0,1
01:45:31,2.582,2.584285,43.46523,0,1
01:45:32,2.582,2.584302,43.46523,0,1
01:45:33,2.582,2.584314,43.46523,0,1
01:45:34,2.582,2.584322,43.46523,0,1
01:45:35,2.582,2.584328,43.46523,0,1
01:45:36,2.582,2.584333,43.46523,0,1
01:45:37,2.582,2.584336,43.46523,0,1
01:45:38,2.584,2.584338,43.46523,0,1
01:45:39,2.585,2.584899,43.46523,0.000480216,1
01:45:40,2.587,2.585605,43.46523,0.007132273,1
01:45:41,2.588,2.587003,43.46523,0.011890474,1
01:45:42,2.589,2.588177,43.46523,0.015818125,1
01:45:43,2.589,2.589248,43.46523,0.014633981,1
01:45:44,2.589,2.589733,43.46523,0.011138403,1
01:45:45,2.589,2.58995,43.46523,0.006600804,1
01:45:46,2.589,2.590047,43.46523,0.001605551,1
01:45:47,2.589,2.590088,43.46523,0,1
01:45:48,2.589,2.590299,43.46523,0,1
01:45:49,2.589,2.590537,43.46523,0,1
01:45:50,2.589,2.590705,43.46523,0,1
01:45:51,2.589,2.590825,43.46523,0,1
01:45:52,2.589,2.59091,43.46523,0,1
01:45:53,2.589,2.59097,43.46523,0,1
01:45:54,2.589,2.591013,43.46523,0,1
01:45:55,2.589,2.591044,43.46523,0,1
01:45:56,2.589,2.591066,43.46523,0,1
01:45:57,2.589,2.591081,43.46523,0,1
01:45:58,2.589,2.591092,43.46523,0,1
01:45:59,2.589,2.5911,43.46523,0,1
01:46:00,2.589,2.591105,43.46523,0,1
01:46:01,2.589,2.591109,43.46523,0,1
01:46:02,2.589,2.591112,43.46523,0,1
01:46:03,2.589,2.591114,43.46523,0,1
01:46:04,2.589,2.591115,43.46523,0,1
01:46:05,2.589,2.591117,43.46523,0,1
01:46:06,2.589,2.591117,43.46523,0,1
01:46:07,2.59,2.591118,43.46523,0,1
01:46:08,2.591,2.591398,43.46523,0,1
01:46:09,2.593,2.591877,43.46523,0.005360632,1
